# Blender 5.1.2
# www.blender.org
o planet_sphere
v 0.000000 0.500000 0.000000
v 0.000000 0.380203 -0.324724
v 0.000000 0.353553 -0.353553
v 0.000000 0.293893 -0.404509
v 0.000000 0.261249 -0.426320
v 0.000000 0.226995 -0.445503
v 0.000000 0.154509 -0.475528
v 0.000000 0.116723 -0.486185
v 0.000000 0.078217 -0.493844
v 0.000000 0.000000 -0.500000
v 0.000000 -0.039230 -0.498459
v 0.000000 -0.078217 -0.493844
v 0.000000 -0.116723 -0.486185
v 0.000000 -0.226995 -0.445503
v 0.000000 -0.261249 -0.426320
v 0.000000 -0.500000 0.000000
v 0.003078 0.498459 -0.039109
v 0.006137 0.493844 -0.077976
v 0.009158 0.486185 -0.116363
v 0.012123 0.475528 -0.154032
v 0.015012 0.461940 -0.190752
v 0.017810 0.445503 -0.226296
v 0.020497 0.426320 -0.260444
v 0.023059 0.404509 -0.292987
v 0.025478 0.380203 -0.323723
v 0.027739 0.353553 -0.352463
v 0.029830 0.324724 -0.379031
v 0.031737 0.293893 -0.403262
v 0.033449 0.261249 -0.425006
v 0.034954 0.226995 -0.444130
v 0.036243 0.191342 -0.460516
v 0.037310 0.154509 -0.474062
v 0.038146 0.116723 -0.484686
v 0.038747 0.078217 -0.492322
v 0.039109 0.039230 -0.496922
v 0.039230 0.000000 -0.498459
v 0.039109 -0.039230 -0.496922
v 0.038747 -0.078217 -0.492322
v 0.038146 -0.116723 -0.484686
v 0.037310 -0.154509 -0.474062
v 0.036243 -0.191342 -0.460516
v 0.034954 -0.226995 -0.444130
v 0.033449 -0.261249 -0.425006
v 0.031737 -0.293893 -0.403262
v 0.029830 -0.324724 -0.379031
v 0.027739 -0.353553 -0.352463
v 0.025478 -0.380203 -0.323723
v 0.023059 -0.404509 -0.292987
v 0.020497 -0.426320 -0.260444
v 0.017810 -0.445503 -0.226296
v 0.015012 -0.461940 -0.190752
v 0.012123 -0.475528 -0.154032
v 0.009158 -0.486185 -0.116363
v 0.006137 -0.493844 -0.077976
v 0.003078 -0.498459 -0.039109
v 0.006137 0.498459 -0.038747
v 0.012236 0.493844 -0.077254
v 0.018259 0.486185 -0.115286
v 0.024170 0.475528 -0.152606
v 0.029932 0.461940 -0.188986
v 0.035510 0.445503 -0.224201
v 0.040868 0.426320 -0.258033
v 0.045975 0.404509 -0.290274
v 0.050798 0.380203 -0.320726
v 0.055308 0.353553 -0.349201
v 0.059477 0.324724 -0.375522
v 0.063279 0.293893 -0.399528
v 0.066691 0.261249 -0.421071
v 0.069692 0.226995 -0.440018
v 0.072263 0.191342 -0.456252
v 0.074389 0.154509 -0.469674
v 0.076056 0.116723 -0.480199
v 0.077254 0.078217 -0.487764
v 0.077976 0.039230 -0.492322
v 0.078217 0.000000 -0.493844
v 0.077976 -0.039230 -0.492322
v 0.077254 -0.078217 -0.487764
v 0.076056 -0.116723 -0.480199
v 0.074389 -0.154509 -0.469674
v 0.072263 -0.191342 -0.456252
v 0.069692 -0.226995 -0.440018
v 0.066691 -0.261249 -0.421071
v 0.063279 -0.293893 -0.399528
v 0.059477 -0.324724 -0.375522
v 0.055308 -0.353553 -0.349201
v 0.050798 -0.380203 -0.320726
v 0.045975 -0.404509 -0.290274
v 0.040868 -0.426320 -0.258033
v 0.035510 -0.445503 -0.224201
v 0.029932 -0.461940 -0.188986
v 0.024170 -0.475528 -0.152606
v 0.018259 -0.486185 -0.115286
v 0.012236 -0.493844 -0.077254
v 0.006137 -0.498459 -0.038747
v 0.009158 0.498459 -0.038146
v 0.018259 0.493844 -0.076056
v 0.027248 0.486185 -0.113498
v 0.036069 0.475528 -0.150239
v 0.044668 0.461940 -0.186055
v 0.052991 0.445503 -0.220723
v 0.060987 0.426320 -0.254031
v 0.068608 0.404509 -0.285772
v 0.075805 0.380203 -0.315752
v 0.082535 0.353553 -0.343785
v 0.088757 0.324724 -0.369698
v 0.094431 0.293893 -0.393332
v 0.099522 0.261249 -0.414541
v 0.104001 0.226995 -0.433194
v 0.107838 0.191342 -0.449176
v 0.111010 0.154509 -0.462389
v 0.113498 0.116723 -0.472752
v 0.115286 0.078217 -0.480199
v 0.116363 0.039230 -0.484686
v 0.116723 0.000000 -0.486185
v 0.116363 -0.039230 -0.484686
v 0.115286 -0.078217 -0.480199
v 0.113498 -0.116723 -0.472752
v 0.111010 -0.154509 -0.462389
v 0.107838 -0.191342 -0.449176
v 0.104001 -0.226995 -0.433194
v 0.099522 -0.261249 -0.414541
v 0.094431 -0.293893 -0.393332
v 0.088757 -0.324724 -0.369698
v 0.082535 -0.353553 -0.343785
v 0.075805 -0.380203 -0.315752
v 0.068608 -0.404509 -0.285772
v 0.060987 -0.426320 -0.254031
v 0.052991 -0.445503 -0.220723
v 0.044668 -0.461940 -0.186055
v 0.036069 -0.475528 -0.150239
v 0.027248 -0.486185 -0.113498
v 0.018259 -0.493844 -0.076056
v 0.009158 -0.498459 -0.038146
v 0.012123 0.498459 -0.037310
v 0.024170 0.493844 -0.074389
v 0.036069 0.486185 -0.111010
v 0.047746 0.475528 -0.146946
v 0.059128 0.461940 -0.181977
v 0.070145 0.445503 -0.215885
v 0.080730 0.426320 -0.248463
v 0.090818 0.404509 -0.279508
v 0.100345 0.380203 -0.308831
v 0.109254 0.353553 -0.336249
v 0.117489 0.324724 -0.361594
v 0.125000 0.293893 -0.384710
v 0.131740 0.261249 -0.405454
v 0.137668 0.226995 -0.423699
v 0.142747 0.191342 -0.439331
v 0.146946 0.154509 -0.452254
v 0.150239 0.116723 -0.462389
v 0.152606 0.078217 -0.469674
v 0.154032 0.039230 -0.474062
v 0.154508 0.000000 -0.475528
v 0.154032 -0.039230 -0.474062
v 0.152606 -0.078217 -0.469674
v 0.150239 -0.116723 -0.462389
v 0.146946 -0.154509 -0.452254
v 0.142747 -0.191342 -0.439331
v 0.137668 -0.226995 -0.423699
v 0.131740 -0.261249 -0.405454
v 0.125000 -0.293893 -0.384710
v 0.117489 -0.324724 -0.361594
v 0.109254 -0.353553 -0.336249
v 0.100345 -0.380203 -0.308831
v 0.090818 -0.404509 -0.279508
v 0.080730 -0.426320 -0.248463
v 0.070145 -0.445503 -0.215885
v 0.059128 -0.461940 -0.181977
v 0.047746 -0.475528 -0.146946
v 0.036069 -0.486185 -0.111010
v 0.024170 -0.493844 -0.074389
v 0.012123 -0.498459 -0.037310
v 0.015012 0.498459 -0.036243
v 0.029932 0.493844 -0.072263
v 0.044668 0.486185 -0.107838
v 0.059128 0.475528 -0.142747
v 0.073223 0.461940 -0.176777
v 0.086867 0.445503 -0.209716
v 0.099976 0.426320 -0.241363
v 0.112468 0.404509 -0.271521
v 0.124266 0.380203 -0.300006
v 0.135299 0.353553 -0.326641
v 0.145497 0.324724 -0.351262
v 0.154799 0.293893 -0.373717
v 0.163146 0.261249 -0.393868
v 0.170487 0.226995 -0.411591
v 0.176777 0.191342 -0.426777
v 0.181977 0.154509 -0.439331
v 0.186055 0.116723 -0.449176
v 0.188986 0.078217 -0.456252
v 0.190752 0.039230 -0.460516
v 0.191342 0.000000 -0.461940
v 0.190752 -0.039230 -0.460516
v 0.188986 -0.078217 -0.456252
v 0.186055 -0.116723 -0.449176
v 0.181977 -0.154509 -0.439331
v 0.176777 -0.191342 -0.426777
v 0.170487 -0.226995 -0.411591
v 0.163146 -0.261249 -0.393868
v 0.154799 -0.293893 -0.373717
v 0.145497 -0.324724 -0.351262
v 0.135299 -0.353553 -0.326641
v 0.124266 -0.380203 -0.300006
v 0.112468 -0.404509 -0.271521
v 0.099976 -0.426320 -0.241363
v 0.086867 -0.445503 -0.209716
v 0.073223 -0.461940 -0.176777
v 0.059128 -0.475528 -0.142747
v 0.044668 -0.486185 -0.107838
v 0.029932 -0.493844 -0.072263
v 0.015012 -0.498459 -0.036243
v 0.017810 0.498459 -0.034954
v 0.035510 0.493844 -0.069692
v 0.052991 0.486185 -0.104001
v 0.070145 0.475528 -0.137668
v 0.086867 0.461940 -0.170487
v 0.103054 0.445503 -0.202254
v 0.118605 0.426320 -0.232775
v 0.133424 0.404509 -0.261860
v 0.147422 0.380203 -0.289331
v 0.160510 0.353553 -0.315018
v 0.172609 0.324724 -0.338763
v 0.183643 0.293893 -0.360420
v 0.193545 0.261249 -0.379854
v 0.202254 0.226995 -0.396946
v 0.209716 0.191342 -0.411591
v 0.215885 0.154509 -0.423699
v 0.220723 0.116723 -0.433194
v 0.224201 0.078217 -0.440018
v 0.226295 0.039230 -0.444130
v 0.226995 0.000000 -0.445503
v 0.226295 -0.039230 -0.444130
v 0.224201 -0.078217 -0.440018
v 0.220723 -0.116723 -0.433194
v 0.215885 -0.154509 -0.423699
v 0.209716 -0.191342 -0.411591
v 0.202254 -0.226995 -0.396946
v 0.193545 -0.261249 -0.379854
v 0.183643 -0.293893 -0.360420
v 0.172609 -0.324724 -0.338763
v 0.160510 -0.353553 -0.315018
v 0.147422 -0.380203 -0.289331
v 0.133424 -0.404509 -0.261860
v 0.118605 -0.426320 -0.232775
v 0.103054 -0.445503 -0.202254
v 0.086867 -0.461940 -0.170487
v 0.070145 -0.475528 -0.137668
v 0.052991 -0.486185 -0.104001
v 0.035510 -0.493844 -0.069692
v 0.017810 -0.498459 -0.034954
v 0.020497 0.498459 -0.033449
v 0.040868 0.493844 -0.066691
v 0.060987 0.486185 -0.099522
v 0.080730 0.475528 -0.131740
v 0.099976 0.461940 -0.163146
v 0.118605 0.445503 -0.193545
v 0.136502 0.426320 -0.222752
v 0.153558 0.404509 -0.250585
v 0.169668 0.380203 -0.276873
v 0.184731 0.353553 -0.301454
v 0.198656 0.324724 -0.324176
v 0.211355 0.293893 -0.344900
v 0.222752 0.261249 -0.363498
v 0.232775 0.226995 -0.379854
v 0.241363 0.191342 -0.393868
v 0.248463 0.154509 -0.405454
v 0.254031 0.116723 -0.414541
v 0.258033 0.078217 -0.421071
v 0.260444 0.039230 -0.425006
v 0.261249 0.000000 -0.426320
v 0.260444 -0.039230 -0.425006
v 0.258033 -0.078217 -0.421071
v 0.254031 -0.116723 -0.414541
v 0.248463 -0.154509 -0.405454
v 0.241363 -0.191342 -0.393868
v 0.232775 -0.226995 -0.379854
v 0.222752 -0.261249 -0.363498
v 0.211355 -0.293893 -0.344900
v 0.198656 -0.324724 -0.324176
v 0.184731 -0.353553 -0.301454
v 0.169668 -0.380203 -0.276873
v 0.153558 -0.404509 -0.250585
v 0.136502 -0.426320 -0.222752
v 0.118605 -0.445503 -0.193545
v 0.099976 -0.461940 -0.163146
v 0.080730 -0.475528 -0.131740
v 0.060987 -0.486185 -0.099522
v 0.040868 -0.493844 -0.066691
v 0.020497 -0.498459 -0.033449
v 0.023059 0.498459 -0.031737
v 0.045975 0.493844 -0.063279
v 0.068608 0.486185 -0.094431
v 0.090818 0.475528 -0.125000
v 0.112468 0.461940 -0.154799
v 0.133424 0.445503 -0.183643
v 0.153558 0.426320 -0.211355
v 0.172746 0.404509 -0.237764
v 0.190868 0.380203 -0.262707
v 0.207813 0.353553 -0.286031
v 0.223478 0.324724 -0.307591
v 0.237764 0.293893 -0.327254
v 0.250585 0.261249 -0.344900
v 0.261860 0.226995 -0.360420
v 0.271521 0.191342 -0.373717
v 0.279508 0.154509 -0.384710
v 0.285772 0.116723 -0.393332
v 0.290274 0.078217 -0.399528
v 0.292987 0.039230 -0.403261
v 0.293893 0.000000 -0.404508
v 0.292987 -0.039230 -0.403261
v 0.290274 -0.078217 -0.399528
v 0.285772 -0.116723 -0.393332
v 0.279508 -0.154509 -0.384710
v 0.271521 -0.191342 -0.373717
v 0.261860 -0.226995 -0.360420
v 0.250585 -0.261249 -0.344900
v 0.237764 -0.293893 -0.327254
v 0.223478 -0.324724 -0.307591
v 0.207813 -0.353553 -0.286031
v 0.190868 -0.380203 -0.262707
v 0.172746 -0.404509 -0.237764
v 0.153558 -0.426320 -0.211355
v 0.133424 -0.445503 -0.183643
v 0.112468 -0.461940 -0.154799
v 0.090818 -0.475528 -0.125000
v 0.068608 -0.486185 -0.094431
v 0.045975 -0.493844 -0.063279
v 0.023059 -0.498459 -0.031737
v 0.025478 0.498459 -0.029830
v 0.050798 0.493844 -0.059477
v 0.075805 0.486185 -0.088757
v 0.100345 0.475528 -0.117489
v 0.124266 0.461940 -0.145497
v 0.147422 0.445503 -0.172609
v 0.169668 0.426320 -0.198655
v 0.190868 0.404509 -0.223478
v 0.210891 0.380203 -0.246922
v 0.229615 0.353553 -0.268844
v 0.246922 0.324724 -0.289109
v 0.262707 0.293893 -0.307591
v 0.276873 0.261249 -0.324176
v 0.289331 0.226995 -0.338763
v 0.300006 0.191342 -0.351262
v 0.308831 0.154509 -0.361594
v 0.315752 0.116723 -0.369698
v 0.320726 0.078217 -0.375522
v 0.323723 0.039230 -0.379031
v 0.324724 0.000000 -0.380203
v 0.323723 -0.039230 -0.379031
v 0.320726 -0.078217 -0.375522
v 0.315752 -0.116723 -0.369698
v 0.308831 -0.154509 -0.361594
v 0.300006 -0.191342 -0.351262
v 0.289331 -0.226995 -0.338763
v 0.276873 -0.261249 -0.324176
v 0.262707 -0.293893 -0.307591
v 0.246922 -0.324724 -0.289109
v 0.229615 -0.353553 -0.268844
v 0.210891 -0.380203 -0.246922
v 0.190868 -0.404509 -0.223478
v 0.169668 -0.426320 -0.198655
v 0.147422 -0.445503 -0.172609
v 0.124266 -0.461940 -0.145497
v 0.100345 -0.475528 -0.117489
v 0.075805 -0.486185 -0.088757
v 0.050798 -0.493844 -0.059477
v 0.025478 -0.498459 -0.029830
v 0.027739 0.498459 -0.027739
v 0.055308 0.493844 -0.055308
v 0.082535 0.486185 -0.082535
v 0.109254 0.475528 -0.109254
v 0.135299 0.461940 -0.135299
v 0.160510 0.445503 -0.160510
v 0.184731 0.426320 -0.184731
v 0.207813 0.404509 -0.207813
v 0.229615 0.380203 -0.229614
v 0.250000 0.353553 -0.250000
v 0.268844 0.324724 -0.268844
v 0.286031 0.293893 -0.286031
v 0.301454 0.261249 -0.301454
v 0.315018 0.226995 -0.315018
v 0.326641 0.191342 -0.326641
v 0.336249 0.154509 -0.336249
v 0.343785 0.116723 -0.343785
v 0.349201 0.078217 -0.349200
v 0.352463 0.039230 -0.352463
v 0.353553 0.000000 -0.353553
v 0.352463 -0.039230 -0.352463
v 0.349201 -0.078217 -0.349200
v 0.343785 -0.116723 -0.343785
v 0.336249 -0.154509 -0.336249
v 0.326641 -0.191342 -0.326641
v 0.315018 -0.226995 -0.315018
v 0.301454 -0.261249 -0.301454
v 0.286031 -0.293893 -0.286031
v 0.268844 -0.324724 -0.268844
v 0.250000 -0.353553 -0.250000
v 0.229615 -0.380203 -0.229614
v 0.207813 -0.404509 -0.207813
v 0.184731 -0.426320 -0.184731
v 0.160510 -0.445503 -0.160510
v 0.135299 -0.461940 -0.135299
v 0.109254 -0.475528 -0.109254
v 0.082535 -0.486185 -0.082535
v 0.055308 -0.493844 -0.055308
v 0.027739 -0.498459 -0.027739
v 0.029830 0.498459 -0.025478
v 0.059477 0.493844 -0.050798
v 0.088757 0.486185 -0.075805
v 0.117489 0.475528 -0.100345
v 0.145497 0.461940 -0.124266
v 0.172609 0.445503 -0.147422
v 0.198655 0.426320 -0.169668
v 0.223478 0.404509 -0.190868
v 0.246922 0.380203 -0.210891
v 0.268844 0.353553 -0.229614
v 0.289109 0.324724 -0.246922
v 0.307591 0.293893 -0.262707
v 0.324176 0.261249 -0.276873
v 0.338763 0.226995 -0.289331
v 0.351262 0.191342 -0.300006
v 0.361594 0.154509 -0.308831
v 0.369698 0.116723 -0.315752
v 0.375522 0.078217 -0.320726
v 0.379031 0.039230 -0.323723
v 0.380203 0.000000 -0.324724
v 0.379031 -0.039230 -0.323723
v 0.375522 -0.078217 -0.320726
v 0.369698 -0.116723 -0.315752
v 0.361594 -0.154509 -0.308831
v 0.351262 -0.191342 -0.300006
v 0.338763 -0.226995 -0.289331
v 0.324176 -0.261249 -0.276873
v 0.307591 -0.293893 -0.262707
v 0.289109 -0.324724 -0.246922
v 0.268844 -0.353553 -0.229614
v 0.246922 -0.380203 -0.210891
v 0.223478 -0.404509 -0.190868
v 0.198655 -0.426320 -0.169668
v 0.172609 -0.445503 -0.147422
v 0.145497 -0.461940 -0.124266
v 0.117489 -0.475528 -0.100345
v 0.088757 -0.486185 -0.075805
v 0.059477 -0.493844 -0.050798
v 0.029830 -0.498459 -0.025478
v 0.031737 0.498459 -0.023059
v 0.063279 0.493844 -0.045975
v 0.094431 0.486185 -0.068608
v 0.125000 0.475528 -0.090818
v 0.154799 0.461940 -0.112468
v 0.183643 0.445503 -0.133424
v 0.211355 0.426320 -0.153558
v 0.237764 0.404509 -0.172746
v 0.262707 0.380203 -0.190868
v 0.286031 0.353553 -0.207813
v 0.307591 0.324724 -0.223478
v 0.327254 0.293893 -0.237764
v 0.344900 0.261249 -0.250585
v 0.360420 0.226995 -0.261860
v 0.373717 0.191342 -0.271521
v 0.384710 0.154509 -0.279508
v 0.393332 0.116723 -0.285772
v 0.399528 0.078217 -0.290274
v 0.403261 0.039230 -0.292986
v 0.404508 0.000000 -0.293892
v 0.403261 -0.039230 -0.292986
v 0.399528 -0.078217 -0.290274
v 0.393332 -0.116723 -0.285772
v 0.384710 -0.154509 -0.279508
v 0.373717 -0.191342 -0.271521
v 0.360420 -0.226995 -0.261860
v 0.344900 -0.261249 -0.250585
v 0.327254 -0.293893 -0.237764
v 0.307591 -0.324724 -0.223478
v 0.286031 -0.353553 -0.207813
v 0.262707 -0.380203 -0.190868
v 0.237764 -0.404509 -0.172746
v 0.211355 -0.426320 -0.153558
v 0.183643 -0.445503 -0.133424
v 0.154799 -0.461940 -0.112468
v 0.125000 -0.475528 -0.090818
v 0.094431 -0.486185 -0.068608
v 0.063279 -0.493844 -0.045975
v 0.031737 -0.498459 -0.023059
v 0.033449 0.498459 -0.020497
v 0.066691 0.493844 -0.040868
v 0.099522 0.486185 -0.060987
v 0.131740 0.475528 -0.080730
v 0.163146 0.461940 -0.099976
v 0.193545 0.445503 -0.118605
v 0.222752 0.426320 -0.136502
v 0.250585 0.404509 -0.153558
v 0.276873 0.380203 -0.169668
v 0.301454 0.353553 -0.184731
v 0.324176 0.324724 -0.198655
v 0.344900 0.293893 -0.211355
v 0.363498 0.261249 -0.222752
v 0.379854 0.226995 -0.232775
v 0.393868 0.191342 -0.241363
v 0.405454 0.154509 -0.248463
v 0.414541 0.116723 -0.254031
v 0.421071 0.078217 -0.258033
v 0.425006 0.039230 -0.260444
v 0.426320 0.000000 -0.261249
v 0.425006 -0.039230 -0.260444
v 0.421071 -0.078217 -0.258033
v 0.414541 -0.116723 -0.254031
v 0.405454 -0.154509 -0.248463
v 0.393868 -0.191342 -0.241363
v 0.379854 -0.226995 -0.232775
v 0.363498 -0.261249 -0.222752
v 0.344900 -0.293893 -0.211355
v 0.324176 -0.324724 -0.198655
v 0.301454 -0.353553 -0.184731
v 0.276873 -0.380203 -0.169668
v 0.250585 -0.404509 -0.153558
v 0.222752 -0.426320 -0.136502
v 0.193545 -0.445503 -0.118605
v 0.163146 -0.461940 -0.099976
v 0.131740 -0.475528 -0.080730
v 0.099522 -0.486185 -0.060987
v 0.066691 -0.493844 -0.040868
v 0.033449 -0.498459 -0.020497
v 0.034954 0.498459 -0.017810
v 0.069692 0.493844 -0.035510
v 0.104001 0.486185 -0.052991
v 0.137668 0.475528 -0.070145
v 0.170487 0.461940 -0.086867
v 0.202254 0.445503 -0.103054
v 0.232775 0.426320 -0.118605
v 0.261860 0.404509 -0.133424
v 0.289331 0.380203 -0.147422
v 0.315018 0.353553 -0.160510
v 0.338763 0.324724 -0.172608
v 0.360420 0.293893 -0.183643
v 0.379854 0.261249 -0.193545
v 0.396946 0.226995 -0.202254
v 0.411591 0.191342 -0.209716
v 0.423699 0.154509 -0.215885
v 0.433194 0.116723 -0.220723
v 0.440018 0.078217 -0.224200
v 0.444130 0.039230 -0.226295
v 0.445503 0.000000 -0.226995
v 0.444130 -0.039230 -0.226295
v 0.440018 -0.078217 -0.224200
v 0.433194 -0.116723 -0.220723
v 0.423699 -0.154509 -0.215885
v 0.411591 -0.191342 -0.209716
v 0.396946 -0.226995 -0.202254
v 0.379854 -0.261249 -0.193545
v 0.360420 -0.293893 -0.183643
v 0.338763 -0.324724 -0.172608
v 0.315018 -0.353553 -0.160510
v 0.289331 -0.380203 -0.147422
v 0.261860 -0.404509 -0.133424
v 0.232775 -0.426320 -0.118605
v 0.202254 -0.445503 -0.103054
v 0.170487 -0.461940 -0.086867
v 0.137668 -0.475528 -0.070145
v 0.104001 -0.486185 -0.052991
v 0.069692 -0.493844 -0.035510
v 0.034954 -0.498459 -0.017810
v 0.036243 0.498459 -0.015012
v 0.072263 0.493844 -0.029932
v 0.107838 0.486185 -0.044668
v 0.142747 0.475528 -0.059128
v 0.176777 0.461940 -0.073223
v 0.209716 0.445503 -0.086867
v 0.241363 0.426320 -0.099976
v 0.271521 0.404509 -0.112468
v 0.300006 0.380203 -0.124266
v 0.326641 0.353553 -0.135299
v 0.351262 0.324724 -0.145497
v 0.373717 0.293893 -0.154799
v 0.393868 0.261249 -0.163146
v 0.411591 0.226995 -0.170487
v 0.426776 0.191342 -0.176777
v 0.439331 0.154509 -0.181977
v 0.449176 0.116723 -0.186055
v 0.456252 0.078217 -0.188986
v 0.460515 0.039230 -0.190752
v 0.461940 0.000000 -0.191342
v 0.460515 -0.039230 -0.190752
v 0.456252 -0.078217 -0.188986
v 0.449176 -0.116723 -0.186055
v 0.439331 -0.154509 -0.181977
v 0.426776 -0.191342 -0.176777
v 0.411591 -0.226995 -0.170487
v 0.393868 -0.261249 -0.163146
v 0.373717 -0.293893 -0.154799
v 0.351262 -0.324724 -0.145497
v 0.326641 -0.353553 -0.135299
v 0.300006 -0.380203 -0.124266
v 0.271521 -0.404509 -0.112468
v 0.241363 -0.426320 -0.099976
v 0.209716 -0.445503 -0.086867
v 0.176777 -0.461940 -0.073223
v 0.142747 -0.475528 -0.059128
v 0.107838 -0.486185 -0.044668
v 0.072263 -0.493844 -0.029932
v 0.036243 -0.498459 -0.015012
v 0.037309 0.498459 -0.012123
v 0.074389 0.493844 -0.024170
v 0.111010 0.486185 -0.036069
v 0.146946 0.475528 -0.047746
v 0.181977 0.461940 -0.059128
v 0.215885 0.445503 -0.070145
v 0.248463 0.426320 -0.080730
v 0.279508 0.404509 -0.090818
v 0.308831 0.380203 -0.100345
v 0.336249 0.353553 -0.109254
v 0.361594 0.324724 -0.117489
v 0.384710 0.293893 -0.125000
v 0.405454 0.261249 -0.131740
v 0.423699 0.226995 -0.137668
v 0.439331 0.191342 -0.142747
v 0.452254 0.154509 -0.146946
v 0.462389 0.116723 -0.150239
v 0.469674 0.078217 -0.152606
v 0.474062 0.039230 -0.154032
v 0.475528 0.000000 -0.154508
v 0.474062 -0.039230 -0.154032
v 0.469674 -0.078217 -0.152606
v 0.462389 -0.116723 -0.150239
v 0.452254 -0.154509 -0.146946
v 0.439331 -0.191342 -0.142747
v 0.423699 -0.226995 -0.137668
v 0.405454 -0.261249 -0.131740
v 0.384710 -0.293893 -0.125000
v 0.361594 -0.324724 -0.117489
v 0.336249 -0.353553 -0.109254
v 0.308831 -0.380203 -0.100345
v 0.279508 -0.404509 -0.090818
v 0.248463 -0.426320 -0.080730
v 0.215885 -0.445503 -0.070145
v 0.181977 -0.461940 -0.059128
v 0.146946 -0.475528 -0.047746
v 0.111010 -0.486185 -0.036069
v 0.074389 -0.493844 -0.024170
v 0.037309 -0.498459 -0.012123
v 0.038146 0.498459 -0.009158
v 0.076056 0.493844 -0.018259
v 0.113498 0.486185 -0.027248
v 0.150239 0.475528 -0.036069
v 0.186055 0.461940 -0.044668
v 0.220723 0.445503 -0.052991
v 0.254031 0.426320 -0.060987
v 0.285772 0.404509 -0.068608
v 0.315752 0.380203 -0.075805
v 0.343785 0.353553 -0.082535
v 0.369698 0.324724 -0.088757
v 0.393332 0.293893 -0.094431
v 0.414541 0.261249 -0.099522
v 0.433194 0.226995 -0.104001
v 0.449176 0.191342 -0.107838
v 0.462389 0.154509 -0.111010
v 0.472751 0.116723 -0.113498
v 0.480199 0.078217 -0.115286
v 0.484686 0.039230 -0.116363
v 0.486185 0.000000 -0.116723
v 0.484686 -0.039230 -0.116363
v 0.480199 -0.078217 -0.115286
v 0.472751 -0.116723 -0.113498
v 0.462389 -0.154509 -0.111010
v 0.449176 -0.191342 -0.107838
v 0.433194 -0.226995 -0.104001
v 0.414541 -0.261249 -0.099522
v 0.393332 -0.293893 -0.094431
v 0.369698 -0.324724 -0.088757
v 0.343785 -0.353553 -0.082535
v 0.315752 -0.380203 -0.075805
v 0.285772 -0.404509 -0.068608
v 0.254031 -0.426320 -0.060987
v 0.220723 -0.445503 -0.052991
v 0.186055 -0.461940 -0.044668
v 0.150239 -0.475528 -0.036069
v 0.113498 -0.486185 -0.027248
v 0.076056 -0.493844 -0.018259
v 0.038146 -0.498459 -0.009158
v 0.038747 0.498459 -0.006137
v 0.077254 0.493844 -0.012236
v 0.115286 0.486185 -0.018259
v 0.152606 0.475528 -0.024170
v 0.188986 0.461940 -0.029932
v 0.224200 0.445503 -0.035510
v 0.258033 0.426320 -0.040868
v 0.290274 0.404509 -0.045975
v 0.320726 0.380203 -0.050798
v 0.349200 0.353553 -0.055308
v 0.375522 0.324724 -0.059477
v 0.399528 0.293893 -0.063279
v 0.421071 0.261249 -0.066691
v 0.440018 0.226995 -0.069692
v 0.456252 0.191342 -0.072263
v 0.469674 0.154509 -0.074389
v 0.480199 0.116723 -0.076056
v 0.487764 0.078217 -0.077254
v 0.492321 0.039230 -0.077976
v 0.493844 0.000000 -0.078217
v 0.492321 -0.039230 -0.077976
v 0.487764 -0.078217 -0.077254
v 0.480199 -0.116723 -0.076056
v 0.469674 -0.154509 -0.074389
v 0.456252 -0.191342 -0.072263
v 0.440018 -0.226995 -0.069692
v 0.421071 -0.261249 -0.066691
v 0.399528 -0.293893 -0.063279
v 0.375522 -0.324724 -0.059477
v 0.349200 -0.353553 -0.055308
v 0.320726 -0.380203 -0.050798
v 0.290274 -0.404509 -0.045975
v 0.258033 -0.426320 -0.040868
v 0.224200 -0.445503 -0.035510
v 0.188986 -0.461940 -0.029932
v 0.152606 -0.475528 -0.024170
v 0.115286 -0.486185 -0.018259
v 0.077254 -0.493844 -0.012236
v 0.038747 -0.498459 -0.006137
v 0.039109 0.498459 -0.003078
v 0.077976 0.493844 -0.006137
v 0.116363 0.486185 -0.009158
v 0.154032 0.475528 -0.012123
v 0.190752 0.461940 -0.015012
v 0.226295 0.445503 -0.017810
v 0.260444 0.426320 -0.020497
v 0.292986 0.404509 -0.023059
v 0.323723 0.380203 -0.025478
v 0.352463 0.353553 -0.027739
v 0.379031 0.324724 -0.029830
v 0.403261 0.293893 -0.031737
v 0.425006 0.261249 -0.033449
v 0.444130 0.226995 -0.034954
v 0.460515 0.191342 -0.036243
v 0.474062 0.154509 -0.037309
v 0.484686 0.116723 -0.038146
v 0.492322 0.078217 -0.038746
v 0.496922 0.039230 -0.039109
v 0.498458 0.000000 -0.039229
v 0.496922 -0.039230 -0.039109
v 0.492322 -0.078217 -0.038746
v 0.484686 -0.116723 -0.038146
v 0.474062 -0.154509 -0.037309
v 0.460515 -0.191342 -0.036243
v 0.444130 -0.226995 -0.034954
v 0.425006 -0.261249 -0.033449
v 0.403261 -0.293893 -0.031737
v 0.379031 -0.324724 -0.029830
v 0.352463 -0.353553 -0.027739
v 0.323723 -0.380203 -0.025478
v 0.292986 -0.404509 -0.023059
v 0.260444 -0.426320 -0.020497
v 0.226295 -0.445503 -0.017810
v 0.190752 -0.461940 -0.015012
v 0.154032 -0.475528 -0.012123
v 0.116363 -0.486185 -0.009158
v 0.077976 -0.493844 -0.006137
v 0.039109 -0.498459 -0.003078
v 0.039230 0.498459 0.000000
v 0.078217 0.493844 0.000000
v 0.116723 0.486185 0.000000
v 0.154508 0.475528 0.000000
v 0.191342 0.461940 0.000000
v 0.226995 0.445503 0.000000
v 0.261249 0.426320 0.000000
v 0.293892 0.404509 0.000000
v 0.324724 0.380203 0.000000
v 0.353553 0.353553 0.000000
v 0.380203 0.324724 0.000000
v 0.404508 0.293893 0.000000
v 0.426320 0.261249 0.000000
v 0.445503 0.226995 0.000000
v 0.461939 0.191342 0.000000
v 0.475528 0.154509 0.000000
v 0.486185 0.116723 0.000000
v 0.493844 0.078217 0.000000
v 0.498458 0.039230 0.000000
v 0.500000 0.000000 0.000000
v 0.498458 -0.039230 0.000000
v 0.493844 -0.078217 0.000000
v 0.486185 -0.116723 0.000000
v 0.475528 -0.154509 0.000000
v 0.461939 -0.191342 0.000000
v 0.445503 -0.226995 0.000000
v 0.426320 -0.261249 0.000000
v 0.404508 -0.293893 0.000000
v 0.380203 -0.324724 0.000000
v 0.353553 -0.353553 0.000000
v 0.324724 -0.380203 0.000000
v 0.293892 -0.404509 0.000000
v 0.261249 -0.426320 0.000000
v 0.226995 -0.445503 0.000000
v 0.191342 -0.461940 0.000000
v 0.154508 -0.475528 0.000000
v 0.116723 -0.486185 0.000000
v 0.078217 -0.493844 0.000000
v 0.039230 -0.498459 0.000000
v 0.039109 0.498459 0.003078
v 0.077976 0.493844 0.006137
v 0.116363 0.486185 0.009158
v 0.154032 0.475528 0.012123
v 0.190752 0.461940 0.015012
v 0.226295 0.445503 0.017810
v 0.260444 0.426320 0.020497
v 0.292986 0.404509 0.023059
v 0.323723 0.380203 0.025478
v 0.352463 0.353553 0.027739
v 0.379031 0.324724 0.029830
v 0.403261 0.293893 0.031737
v 0.425006 0.261249 0.033449
v 0.444130 0.226995 0.034954
v 0.460515 0.191342 0.036243
v 0.474062 0.154509 0.037310
v 0.484686 0.116723 0.038146
v 0.492322 0.078217 0.038747
v 0.496922 0.039230 0.039109
v 0.498458 0.000000 0.039230
v 0.496922 -0.039230 0.039109
v 0.492322 -0.078217 0.038747
v 0.484686 -0.116723 0.038146
v 0.474062 -0.154509 0.037310
v 0.460515 -0.191342 0.036243
v 0.444130 -0.226995 0.034954
v 0.425006 -0.261249 0.033449
v 0.403261 -0.293893 0.031737
v 0.379031 -0.324724 0.029830
v 0.352463 -0.353553 0.027739
v 0.323723 -0.380203 0.025478
v 0.292986 -0.404509 0.023059
v 0.260444 -0.426320 0.020497
v 0.226295 -0.445503 0.017810
v 0.190752 -0.461940 0.015012
v 0.154032 -0.475528 0.012123
v 0.116363 -0.486185 0.009158
v 0.077976 -0.493844 0.006137
v 0.039109 -0.498459 0.003078
v 0.038747 0.498459 0.006137
v 0.077254 0.493844 0.012236
v 0.115286 0.486185 0.018259
v 0.152606 0.475528 0.024170
v 0.188986 0.461940 0.029932
v 0.224200 0.445503 0.035510
v 0.258033 0.426320 0.040868
v 0.290274 0.404509 0.045975
v 0.320726 0.380203 0.050798
v 0.349200 0.353553 0.055308
v 0.375522 0.324724 0.059477
v 0.399528 0.293893 0.063279
v 0.421071 0.261249 0.066691
v 0.440018 0.226995 0.069692
v 0.456252 0.191342 0.072263
v 0.469673 0.154509 0.074389
v 0.480199 0.116723 0.076056
v 0.487764 0.078217 0.077254
v 0.492321 0.039230 0.077976
v 0.493844 0.000000 0.078217
v 0.492321 -0.039230 0.077976
v 0.487764 -0.078217 0.077254
v 0.480199 -0.116723 0.076056
v 0.469673 -0.154509 0.074389
v 0.456252 -0.191342 0.072263
v 0.440018 -0.226995 0.069692
v 0.421071 -0.261249 0.066691
v 0.399528 -0.293893 0.063279
v 0.375522 -0.324724 0.059477
v 0.349200 -0.353553 0.055308
v 0.320726 -0.380203 0.050798
v 0.290274 -0.404509 0.045975
v 0.258033 -0.426320 0.040868
v 0.224200 -0.445503 0.035510
v 0.188986 -0.461940 0.029932
v 0.152606 -0.475528 0.024170
v 0.115286 -0.486185 0.018259
v 0.077254 -0.493844 0.012236
v 0.038747 -0.498459 0.006137
v 0.038146 0.498459 0.009158
v 0.076056 0.493844 0.018259
v 0.113498 0.486185 0.027248
v 0.150239 0.475528 0.036069
v 0.186055 0.461940 0.044668
v 0.220723 0.445503 0.052991
v 0.254031 0.426320 0.060987
v 0.285772 0.404509 0.068608
v 0.315752 0.380203 0.075805
v 0.343784 0.353553 0.082535
v 0.369698 0.324724 0.088757
v 0.393332 0.293893 0.094431
v 0.414541 0.261249 0.099522
v 0.433194 0.226995 0.104001
v 0.449176 0.191342 0.107838
v 0.462389 0.154509 0.111010
v 0.472751 0.116723 0.113498
v 0.480199 0.078217 0.115286
v 0.484686 0.039230 0.116363
v 0.486185 0.000000 0.116723
v 0.484686 -0.039230 0.116363
v 0.480199 -0.078217 0.115286
v 0.472751 -0.116723 0.113498
v 0.462389 -0.154509 0.111010
v 0.449176 -0.191342 0.107838
v 0.433194 -0.226995 0.104001
v 0.414541 -0.261249 0.099522
v 0.393332 -0.293893 0.094431
v 0.369698 -0.324724 0.088757
v 0.343784 -0.353553 0.082535
v 0.315752 -0.380203 0.075805
v 0.285772 -0.404509 0.068608
v 0.254031 -0.426320 0.060987
v 0.220723 -0.445503 0.052991
v 0.186055 -0.461940 0.044668
v 0.150239 -0.475528 0.036069
v 0.113498 -0.486185 0.027248
v 0.076056 -0.493844 0.018259
v 0.038146 -0.498459 0.009158
v 0.037309 0.498459 0.012123
v 0.074389 0.493844 0.024170
v 0.111010 0.486185 0.036069
v 0.146946 0.475528 0.047746
v 0.181977 0.461940 0.059128
v 0.215885 0.445503 0.070145
v 0.248463 0.426320 0.080730
v 0.279508 0.404509 0.090818
v 0.308831 0.380203 0.100345
v 0.336249 0.353553 0.109254
v 0.361594 0.324724 0.117489
v 0.384710 0.293893 0.125000
v 0.405454 0.261249 0.131740
v 0.423698 0.226995 0.137668
v 0.439330 0.191342 0.142747
v 0.452254 0.154509 0.146946
v 0.462389 0.116723 0.150239
v 0.469673 0.078217 0.152606
v 0.474062 0.039230 0.154032
v 0.475528 0.000000 0.154508
v 0.474062 -0.039230 0.154032
v 0.469673 -0.078217 0.152606
v 0.462389 -0.116723 0.150239
v 0.452254 -0.154509 0.146946
v 0.439330 -0.191342 0.142747
v 0.423698 -0.226995 0.137668
v 0.405454 -0.261249 0.131740
v 0.384710 -0.293893 0.125000
v 0.361594 -0.324724 0.117489
v 0.336249 -0.353553 0.109254
v 0.308831 -0.380203 0.100345
v 0.279508 -0.404509 0.090818
v 0.248463 -0.426320 0.080730
v 0.215885 -0.445503 0.070145
v 0.181977 -0.461940 0.059128
v 0.146946 -0.475528 0.047746
v 0.111010 -0.486185 0.036069
v 0.074389 -0.493844 0.024170
v 0.037309 -0.498459 0.012123
v 0.036243 0.498459 0.015012
v 0.072263 0.493844 0.029932
v 0.107838 0.486185 0.044668
v 0.142747 0.475528 0.059128
v 0.176777 0.461940 0.073223
v 0.209716 0.445503 0.086867
v 0.241363 0.426320 0.099976
v 0.271521 0.404509 0.112468
v 0.300006 0.380203 0.124266
v 0.326640 0.353553 0.135299
v 0.351261 0.324724 0.145497
v 0.373717 0.293893 0.154799
v 0.393868 0.261249 0.163146
v 0.411591 0.226995 0.170487
v 0.426776 0.191342 0.176777
v 0.439331 0.154509 0.181977
v 0.449176 0.116723 0.186055
v 0.456252 0.078217 0.188986
v 0.460515 0.039230 0.190752
v 0.461939 0.000000 0.191342
v 0.460515 -0.039230 0.190752
v 0.456252 -0.078217 0.188986
v 0.449176 -0.116723 0.186055
v 0.439331 -0.154509 0.181977
v 0.426776 -0.191342 0.176777
v 0.411591 -0.226995 0.170487
v 0.393868 -0.261249 0.163146
v 0.373717 -0.293893 0.154799
v 0.351261 -0.324724 0.145497
v 0.326640 -0.353553 0.135299
v 0.300006 -0.380203 0.124266
v 0.271521 -0.404509 0.112468
v 0.241363 -0.426320 0.099976
v 0.209716 -0.445503 0.086867
v 0.176777 -0.461940 0.073223
v 0.142747 -0.475528 0.059128
v 0.107838 -0.486185 0.044668
v 0.072263 -0.493844 0.029932
v 0.036243 -0.498459 0.015012
v 0.034954 0.498459 0.017810
v 0.069692 0.493844 0.035510
v 0.104001 0.486185 0.052991
v 0.137668 0.475528 0.070145
v 0.170487 0.461940 0.086867
v 0.202254 0.445503 0.103054
v 0.232775 0.426320 0.118605
v 0.261860 0.404509 0.133424
v 0.289331 0.380203 0.147422
v 0.315018 0.353553 0.160510
v 0.338763 0.324724 0.172608
v 0.360419 0.293893 0.183643
v 0.379854 0.261249 0.193545
v 0.396946 0.226995 0.202254
v 0.411591 0.191342 0.209716
v 0.423699 0.154509 0.215885
v 0.433194 0.116723 0.220723
v 0.440018 0.078217 0.224201
v 0.444129 0.039230 0.226295
v 0.445503 0.000000 0.226995
v 0.444129 -0.039230 0.226295
v 0.440018 -0.078217 0.224201
v 0.433194 -0.116723 0.220723
v 0.423699 -0.154509 0.215885
v 0.411591 -0.191342 0.209716
v 0.396946 -0.226995 0.202254
v 0.379854 -0.261249 0.193545
v 0.360419 -0.293893 0.183643
v 0.338763 -0.324724 0.172608
v 0.315018 -0.353553 0.160510
v 0.289331 -0.380203 0.147422
v 0.261860 -0.404509 0.133424
v 0.232775 -0.426320 0.118605
v 0.202254 -0.445503 0.103054
v 0.170487 -0.461940 0.086867
v 0.137668 -0.475528 0.070145
v 0.104001 -0.486185 0.052991
v 0.069692 -0.493844 0.035510
v 0.034954 -0.498459 0.017810
v 0.033449 0.498459 0.020497
v 0.066691 0.493844 0.040868
v 0.099522 0.486185 0.060987
v 0.131740 0.475528 0.080730
v 0.163145 0.461940 0.099976
v 0.193545 0.445503 0.118605
v 0.222752 0.426320 0.136502
v 0.250584 0.404509 0.153558
v 0.276873 0.380203 0.169668
v 0.301454 0.353553 0.184731
v 0.324176 0.324724 0.198655
v 0.344900 0.293893 0.211355
v 0.363497 0.261249 0.222752
v 0.379854 0.226995 0.232775
v 0.393868 0.191342 0.241363
v 0.405454 0.154509 0.248463
v 0.414540 0.116723 0.254031
v 0.421071 0.078217 0.258033
v 0.425005 0.039230 0.260444
v 0.426320 0.000000 0.261249
v 0.425005 -0.039230 0.260444
v 0.421071 -0.078217 0.258033
v 0.414540 -0.116723 0.254031
v 0.405454 -0.154509 0.248463
v 0.393868 -0.191342 0.241363
v 0.379854 -0.226995 0.232775
v 0.363497 -0.261249 0.222752
v 0.344900 -0.293893 0.211355
v 0.324176 -0.324724 0.198655
v 0.301454 -0.353553 0.184731
v 0.276873 -0.380203 0.169668
v 0.250584 -0.404509 0.153558
v 0.222752 -0.426320 0.136502
v 0.193545 -0.445503 0.118605
v 0.163145 -0.461940 0.099976
v 0.131740 -0.475528 0.080730
v 0.099522 -0.486185 0.060987
v 0.066691 -0.493844 0.040868
v 0.033449 -0.498459 0.020497
v 0.031737 0.498459 0.023059
v 0.063279 0.493844 0.045975
v 0.094431 0.486185 0.068608
v 0.125000 0.475528 0.090818
v 0.154799 0.461940 0.112468
v 0.183643 0.445503 0.133424
v 0.211355 0.426320 0.153558
v 0.237764 0.404509 0.172746
v 0.262707 0.380203 0.190868
v 0.286030 0.353553 0.207813
v 0.307590 0.324724 0.223478
v 0.327254 0.293893 0.237764
v 0.344900 0.261249 0.250585
v 0.360419 0.226995 0.261860
v 0.373717 0.191342 0.271521
v 0.384710 0.154509 0.279508
v 0.393332 0.116723 0.285772
v 0.399528 0.078217 0.290274
v 0.403261 0.039230 0.292986
v 0.404508 0.000000 0.293892
v 0.403261 -0.039230 0.292986
v 0.399528 -0.078217 0.290274
v 0.393332 -0.116723 0.285772
v 0.384710 -0.154509 0.279508
v 0.373717 -0.191342 0.271521
v 0.360419 -0.226995 0.261860
v 0.344900 -0.261249 0.250585
v 0.327254 -0.293893 0.237764
v 0.307590 -0.324724 0.223478
v 0.286030 -0.353553 0.207813
v 0.262707 -0.380203 0.190868
v 0.237764 -0.404509 0.172746
v 0.211355 -0.426320 0.153558
v 0.183643 -0.445503 0.133424
v 0.154799 -0.461940 0.112468
v 0.125000 -0.475528 0.090818
v 0.094431 -0.486185 0.068608
v 0.063279 -0.493844 0.045975
v 0.031737 -0.498459 0.023059
v 0.029830 0.498459 0.025478
v 0.059477 0.493844 0.050798
v 0.088757 0.486185 0.075805
v 0.117489 0.475528 0.100345
v 0.145497 0.461940 0.124266
v 0.172608 0.445503 0.147422
v 0.198655 0.426320 0.169668
v 0.223477 0.404509 0.190868
v 0.246922 0.380203 0.210891
v 0.268844 0.353553 0.229614
v 0.289108 0.324724 0.246922
v 0.307590 0.293893 0.262707
v 0.324176 0.261249 0.276873
v 0.338763 0.226995 0.289331
v 0.351261 0.191342 0.300006
v 0.361594 0.154509 0.308831
v 0.369698 0.116723 0.315752
v 0.375522 0.078217 0.320726
v 0.379030 0.039230 0.323723
v 0.380203 0.000000 0.324724
v 0.379030 -0.039230 0.323723
v 0.375522 -0.078217 0.320726
v 0.369698 -0.116723 0.315752
v 0.361594 -0.154509 0.308831
v 0.351261 -0.191342 0.300006
v 0.338763 -0.226995 0.289331
v 0.324176 -0.261249 0.276873
v 0.307590 -0.293893 0.262707
v 0.289108 -0.324724 0.246922
v 0.268844 -0.353553 0.229614
v 0.246922 -0.380203 0.210891
v 0.223477 -0.404509 0.190868
v 0.198655 -0.426320 0.169668
v 0.172608 -0.445503 0.147422
v 0.145497 -0.461940 0.124266
v 0.117489 -0.475528 0.100345
v 0.088757 -0.486185 0.075805
v 0.059477 -0.493844 0.050798
v 0.029830 -0.498459 0.025478
v 0.027739 0.498459 0.027739
v 0.055308 0.493844 0.055308
v 0.082535 0.486185 0.082535
v 0.109254 0.475528 0.109254
v 0.135299 0.461940 0.135299
v 0.160510 0.445503 0.160510
v 0.184731 0.426320 0.184731
v 0.207813 0.404509 0.207813
v 0.229614 0.380203 0.229614
v 0.250000 0.353553 0.250000
v 0.268844 0.324724 0.268844
v 0.286030 0.293893 0.286030
v 0.301454 0.261249 0.301454
v 0.315018 0.226995 0.315018
v 0.326640 0.191342 0.326640
v 0.336249 0.154509 0.336249
v 0.343784 0.116723 0.343785
v 0.349200 0.078217 0.349200
v 0.352463 0.039230 0.352463
v 0.353553 0.000000 0.353553
v 0.352463 -0.039230 0.352463
v 0.349200 -0.078217 0.349200
v 0.343784 -0.116723 0.343785
v 0.336249 -0.154509 0.336249
v 0.326640 -0.191342 0.326640
v 0.315018 -0.226995 0.315018
v 0.301454 -0.261249 0.301454
v 0.286030 -0.293893 0.286030
v 0.268844 -0.324724 0.268844
v 0.250000 -0.353553 0.250000
v 0.229614 -0.380203 0.229614
v 0.207813 -0.404509 0.207813
v 0.184731 -0.426320 0.184731
v 0.160510 -0.445503 0.160510
v 0.135299 -0.461940 0.135299
v 0.109254 -0.475528 0.109254
v 0.082535 -0.486185 0.082535
v 0.055308 -0.493844 0.055308
v 0.027739 -0.498459 0.027739
v 0.025478 0.498459 0.029830
v 0.050798 0.493844 0.059477
v 0.075805 0.486185 0.088757
v 0.100345 0.475528 0.117489
v 0.124266 0.461940 0.145497
v 0.147421 0.445503 0.172608
v 0.169668 0.426320 0.198655
v 0.190868 0.404509 0.223477
v 0.210891 0.380203 0.246922
v 0.229614 0.353553 0.268844
v 0.246922 0.324724 0.289108
v 0.262707 0.293893 0.307590
v 0.276872 0.261249 0.324176
v 0.289331 0.226995 0.338763
v 0.300006 0.191342 0.351261
v 0.308831 0.154509 0.361594
v 0.315752 0.116723 0.369698
v 0.320726 0.078217 0.375522
v 0.323723 0.039230 0.379031
v 0.324724 0.000000 0.380203
v 0.323723 -0.039230 0.379031
v 0.320726 -0.078217 0.375522
v 0.315752 -0.116723 0.369698
v 0.308831 -0.154509 0.361594
v 0.300006 -0.191342 0.351261
v 0.289331 -0.226995 0.338763
v 0.276872 -0.261249 0.324176
v 0.262707 -0.293893 0.307590
v 0.246922 -0.324724 0.289108
v 0.229614 -0.353553 0.268844
v 0.210891 -0.380203 0.246922
v 0.190868 -0.404509 0.223477
v 0.169668 -0.426320 0.198655
v 0.147421 -0.445503 0.172608
v 0.124266 -0.461940 0.145497
v 0.100345 -0.475528 0.117489
v 0.075805 -0.486185 0.088757
v 0.050798 -0.493844 0.059477
v 0.025478 -0.498459 0.029830
v 0.023059 0.498459 0.031737
v 0.045975 0.493844 0.063279
v 0.068608 0.486185 0.094431
v 0.090818 0.475528 0.125000
v 0.112468 0.461940 0.154799
v 0.133424 0.445503 0.183643
v 0.153558 0.426320 0.211355
v 0.172745 0.404509 0.237764
v 0.190868 0.380203 0.262707
v 0.207813 0.353553 0.286030
v 0.223477 0.324724 0.307590
v 0.237764 0.293893 0.327254
v 0.250584 0.261249 0.344900
v 0.261860 0.226995 0.360419
v 0.271521 0.191342 0.373717
v 0.279508 0.154509 0.384710
v 0.285772 0.116723 0.393332
v 0.290274 0.078217 0.399528
v 0.292986 0.039230 0.403261
v 0.293892 0.000000 0.404508
v 0.292986 -0.039230 0.403261
v 0.290274 -0.078217 0.399528
v 0.285772 -0.116723 0.393332
v 0.279508 -0.154509 0.384710
v 0.271521 -0.191342 0.373717
v 0.261860 -0.226995 0.360419
v 0.250584 -0.261249 0.344900
v 0.237764 -0.293893 0.327254
v 0.223477 -0.324724 0.307590
v 0.207813 -0.353553 0.286030
v 0.190868 -0.380203 0.262707
v 0.172745 -0.404509 0.237764
v 0.153558 -0.426320 0.211355
v 0.133424 -0.445503 0.183643
v 0.112468 -0.461940 0.154799
v 0.090818 -0.475528 0.125000
v 0.068608 -0.486185 0.094431
v 0.045975 -0.493844 0.063279
v 0.023059 -0.498459 0.031737
v 0.020497 0.498459 0.033449
v 0.040868 0.493844 0.066691
v 0.060987 0.486185 0.099522
v 0.080730 0.475528 0.131740
v 0.099976 0.461940 0.163145
v 0.118605 0.445503 0.193545
v 0.136502 0.426320 0.222752
v 0.153558 0.404509 0.250584
v 0.169668 0.380203 0.276872
v 0.184731 0.353553 0.301454
v 0.198655 0.324724 0.324176
v 0.211355 0.293893 0.344900
v 0.222751 0.261249 0.363497
v 0.232775 0.226995 0.379854
v 0.241363 0.191342 0.393868
v 0.248463 0.154509 0.405454
v 0.254031 0.116723 0.414541
v 0.258033 0.078217 0.421071
v 0.260444 0.039230 0.425005
v 0.261249 0.000000 0.426320
v 0.260444 -0.039230 0.425005
v 0.258033 -0.078217 0.421071
v 0.254031 -0.116723 0.414541
v 0.248463 -0.154509 0.405454
v 0.241363 -0.191342 0.393868
v 0.232775 -0.226995 0.379854
v 0.222751 -0.261249 0.363497
v 0.211355 -0.293893 0.344900
v 0.198655 -0.324724 0.324176
v 0.184731 -0.353553 0.301454
v 0.169668 -0.380203 0.276872
v 0.153558 -0.404509 0.250584
v 0.136502 -0.426320 0.222752
v 0.118605 -0.445503 0.193545
v 0.099976 -0.461940 0.163145
v 0.080730 -0.475528 0.131740
v 0.060987 -0.486185 0.099522
v 0.040868 -0.493844 0.066691
v 0.020497 -0.498459 0.033449
v 0.017810 0.498459 0.034954
v 0.035510 0.493844 0.069692
v 0.052991 0.486185 0.104001
v 0.070145 0.475528 0.137668
v 0.086867 0.461940 0.170487
v 0.103054 0.445503 0.202254
v 0.118605 0.426320 0.232775
v 0.133424 0.404509 0.261860
v 0.147421 0.380203 0.289331
v 0.160510 0.353553 0.315018
v 0.172608 0.324724 0.338763
v 0.183643 0.293893 0.360419
v 0.193545 0.261249 0.379854
v 0.202254 0.226995 0.396946
v 0.209716 0.191342 0.411591
v 0.215885 0.154509 0.423698
v 0.220723 0.116723 0.433194
v 0.224200 0.078217 0.440018
v 0.226295 0.039230 0.444129
v 0.226995 0.000000 0.445503
v 0.226295 -0.039230 0.444129
v 0.224200 -0.078217 0.440018
v 0.220723 -0.116723 0.433194
v 0.215885 -0.154509 0.423698
v 0.209716 -0.191342 0.411591
v 0.202254 -0.226995 0.396946
v 0.193545 -0.261249 0.379854
v 0.183643 -0.293893 0.360419
v 0.172608 -0.324724 0.338763
v 0.160510 -0.353553 0.315018
v 0.147421 -0.380203 0.289331
v 0.133424 -0.404509 0.261860
v 0.118605 -0.426320 0.232775
v 0.103054 -0.445503 0.202254
v 0.086867 -0.461940 0.170487
v 0.070145 -0.475528 0.137668
v 0.052991 -0.486185 0.104001
v 0.035510 -0.493844 0.069692
v 0.017810 -0.498459 0.034954
v 0.015012 0.498459 0.036243
v 0.029932 0.493844 0.072263
v 0.044668 0.486185 0.107838
v 0.059128 0.475528 0.142747
v 0.073223 0.461940 0.176776
v 0.086867 0.445503 0.209716
v 0.099976 0.426320 0.241363
v 0.112468 0.404509 0.271521
v 0.124266 0.380203 0.300006
v 0.135299 0.353553 0.326640
v 0.145497 0.324724 0.351261
v 0.154798 0.293893 0.373717
v 0.163145 0.261249 0.393868
v 0.170486 0.226995 0.411591
v 0.176776 0.191342 0.426776
v 0.181977 0.154509 0.439330
v 0.186055 0.116723 0.449176
v 0.188986 0.078217 0.456252
v 0.190751 0.039230 0.460515
v 0.191341 0.000000 0.461939
v 0.190751 -0.039230 0.460515
v 0.188986 -0.078217 0.456252
v 0.186055 -0.116723 0.449176
v 0.181977 -0.154509 0.439330
v 0.176776 -0.191342 0.426776
v 0.170486 -0.226995 0.411591
v 0.163145 -0.261249 0.393868
v 0.154798 -0.293893 0.373717
v 0.145497 -0.324724 0.351261
v 0.135299 -0.353553 0.326640
v 0.124266 -0.380203 0.300006
v 0.112468 -0.404509 0.271521
v 0.099976 -0.426320 0.241363
v 0.086867 -0.445503 0.209716
v 0.073223 -0.461940 0.176776
v 0.059128 -0.475528 0.142747
v 0.044668 -0.486185 0.107838
v 0.029932 -0.493844 0.072263
v 0.015012 -0.498459 0.036243
v 0.012123 0.498459 0.037309
v 0.024170 0.493844 0.074389
v 0.036069 0.486185 0.111010
v 0.047746 0.475528 0.146946
v 0.059128 0.461940 0.181977
v 0.070145 0.445503 0.215885
v 0.080730 0.426320 0.248463
v 0.090818 0.404509 0.279508
v 0.100345 0.380203 0.308831
v 0.109254 0.353553 0.336249
v 0.117489 0.324724 0.361594
v 0.125000 0.293893 0.384710
v 0.131740 0.261249 0.405454
v 0.137668 0.226995 0.423698
v 0.142747 0.191342 0.439330
v 0.146946 0.154509 0.452254
v 0.150239 0.116723 0.462389
v 0.152606 0.078217 0.469673
v 0.154032 0.039230 0.474062
v 0.154508 0.000000 0.475528
v 0.154032 -0.039230 0.474062
v 0.152606 -0.078217 0.469673
v 0.150239 -0.116723 0.462389
v 0.146946 -0.154509 0.452254
v 0.142747 -0.191342 0.439330
v 0.137668 -0.226995 0.423698
v 0.131740 -0.261249 0.405454
v 0.125000 -0.293893 0.384710
v 0.117489 -0.324724 0.361594
v 0.109254 -0.353553 0.336249
v 0.100345 -0.380203 0.308831
v 0.090818 -0.404509 0.279508
v 0.080730 -0.426320 0.248463
v 0.070145 -0.445503 0.215885
v 0.059128 -0.461940 0.181977
v 0.047746 -0.475528 0.146946
v 0.036069 -0.486185 0.111010
v 0.024170 -0.493844 0.074389
v 0.012123 -0.498459 0.037309
v 0.009158 0.498459 0.038146
v 0.018259 0.493844 0.076056
v 0.027248 0.486185 0.113498
v 0.036069 0.475528 0.150239
v 0.044668 0.461940 0.186055
v 0.052991 0.445503 0.220723
v 0.060987 0.426320 0.254031
v 0.068608 0.404509 0.285772
v 0.075805 0.380203 0.315752
v 0.082535 0.353553 0.343784
v 0.088756 0.324724 0.369698
v 0.094430 0.293893 0.393331
v 0.099522 0.261249 0.414540
v 0.104000 0.226995 0.433194
v 0.107837 0.191342 0.449176
v 0.111010 0.154509 0.462389
v 0.113497 0.116723 0.472751
v 0.115285 0.078217 0.480199
v 0.116363 0.039230 0.484686
v 0.116722 0.000000 0.486184
v 0.116363 -0.039230 0.484686
v 0.115285 -0.078217 0.480199
v 0.113497 -0.116723 0.472751
v 0.111010 -0.154509 0.462389
v 0.107837 -0.191342 0.449176
v 0.104000 -0.226995 0.433194
v 0.099522 -0.261249 0.414540
v 0.094430 -0.293893 0.393331
v 0.088756 -0.324724 0.369698
v 0.082535 -0.353553 0.343784
v 0.075805 -0.380203 0.315752
v 0.068608 -0.404509 0.285772
v 0.060987 -0.426320 0.254031
v 0.052991 -0.445503 0.220723
v 0.044668 -0.461940 0.186055
v 0.036069 -0.475528 0.150239
v 0.027248 -0.486185 0.113498
v 0.018259 -0.493844 0.076056
v 0.009158 -0.498459 0.038146
v 0.006137 0.498459 0.038747
v 0.012236 0.493844 0.077254
v 0.018259 0.486185 0.115286
v 0.024170 0.475528 0.152606
v 0.029932 0.461940 0.188986
v 0.035510 0.445503 0.224200
v 0.040868 0.426320 0.258033
v 0.045975 0.404509 0.290274
v 0.050798 0.380203 0.320726
v 0.055308 0.353553 0.349200
v 0.059477 0.324724 0.375522
v 0.063279 0.293893 0.399528
v 0.066691 0.261249 0.421071
v 0.069692 0.226995 0.440018
v 0.072263 0.191342 0.456252
v 0.074389 0.154509 0.469673
v 0.076056 0.116723 0.480199
v 0.077254 0.078217 0.487764
v 0.077976 0.039230 0.492321
v 0.078217 0.000000 0.493843
v 0.077976 -0.039230 0.492321
v 0.077254 -0.078217 0.487764
v 0.076056 -0.116723 0.480199
v 0.074389 -0.154509 0.469673
v 0.072263 -0.191342 0.456252
v 0.069692 -0.226995 0.440018
v 0.066691 -0.261249 0.421071
v 0.063279 -0.293893 0.399528
v 0.059477 -0.324724 0.375522
v 0.055308 -0.353553 0.349200
v 0.050798 -0.380203 0.320726
v 0.045975 -0.404509 0.290274
v 0.040868 -0.426320 0.258033
v 0.035510 -0.445503 0.224200
v 0.029932 -0.461940 0.188986
v 0.024170 -0.475528 0.152606
v 0.018259 -0.486185 0.115286
v 0.012236 -0.493844 0.077254
v 0.006137 -0.498459 0.038747
v 0.003078 0.498459 0.039109
v 0.006137 0.493844 0.077976
v 0.009158 0.486185 0.116363
v 0.012123 0.475528 0.154032
v 0.015012 0.461940 0.190752
v 0.017810 0.445503 0.226295
v 0.020497 0.426320 0.260444
v 0.023058 0.404509 0.292986
v 0.025477 0.380203 0.323723
v 0.027739 0.353553 0.352463
v 0.029830 0.324724 0.379030
v 0.031737 0.293893 0.403261
v 0.033449 0.261249 0.425005
v 0.034954 0.226995 0.444129
v 0.036243 0.191342 0.460515
v 0.037309 0.154509 0.474062
v 0.038145 0.116723 0.484686
v 0.038746 0.078217 0.492321
v 0.039108 0.039230 0.496921
v 0.039229 0.000000 0.498458
v 0.039108 -0.039230 0.496921
v 0.038746 -0.078217 0.492321
v 0.038145 -0.116723 0.484686
v 0.037309 -0.154509 0.474062
v 0.036243 -0.191342 0.460515
v 0.034954 -0.226995 0.444129
v 0.033449 -0.261249 0.425005
v 0.031737 -0.293893 0.403261
v 0.029830 -0.324724 0.379030
v 0.027739 -0.353553 0.352463
v 0.025477 -0.380203 0.323723
v 0.023058 -0.404509 0.292986
v 0.020497 -0.426320 0.260444
v 0.017810 -0.445503 0.226295
v 0.015012 -0.461940 0.190752
v 0.012123 -0.475528 0.154032
v 0.009158 -0.486185 0.116363
v 0.006137 -0.493844 0.077976
v 0.003078 -0.498459 0.039109
v -0.000000 0.498459 0.039229
v -0.000000 0.493844 0.078217
v -0.000000 0.486185 0.116723
v -0.000000 0.475528 0.154508
v -0.000000 0.461940 0.191341
v -0.000000 0.445503 0.226995
v -0.000000 0.426320 0.261249
v -0.000000 0.404509 0.293892
v -0.000000 0.380203 0.324724
v -0.000000 0.353553 0.353553
v -0.000000 0.324724 0.380203
v -0.000000 0.293893 0.404508
v -0.000000 0.261249 0.426320
v -0.000000 0.226995 0.445503
v -0.000000 0.191342 0.461939
v -0.000000 0.154509 0.475528
v -0.000000 0.116723 0.486185
v -0.000000 0.078217 0.493844
v -0.000000 0.039230 0.498458
v -0.000000 0.000000 0.499999
v -0.000000 -0.039230 0.498458
v -0.000000 -0.078217 0.493844
v -0.000000 -0.116723 0.486185
v -0.000000 -0.154509 0.475528
v -0.000000 -0.191342 0.461939
v -0.000000 -0.226995 0.445503
v -0.000000 -0.261249 0.426320
v -0.000000 -0.293893 0.404508
v -0.000000 -0.324724 0.380203
v -0.000000 -0.353553 0.353553
v -0.000000 -0.380203 0.324724
v -0.000000 -0.404509 0.293892
v -0.000000 -0.426320 0.261249
v -0.000000 -0.445503 0.226995
v -0.000000 -0.461940 0.191341
v -0.000000 -0.475528 0.154508
v -0.000000 -0.486185 0.116723
v -0.000000 -0.493844 0.078217
v -0.000000 -0.498459 0.039229
v -0.003078 0.498459 0.039109
v -0.006137 0.493844 0.077976
v -0.009158 0.486185 0.116363
v -0.012123 0.475528 0.154032
v -0.015013 0.461940 0.190752
v -0.017810 0.445503 0.226295
v -0.020497 0.426320 0.260444
v -0.023059 0.404509 0.292986
v -0.025478 0.380203 0.323723
v -0.027740 0.353553 0.352463
v -0.029830 0.324724 0.379030
v -0.031737 0.293893 0.403261
v -0.033449 0.261249 0.425005
v -0.034954 0.226995 0.444129
v -0.036243 0.191342 0.460515
v -0.037310 0.154509 0.474062
v -0.038146 0.116723 0.484686
v -0.038747 0.078217 0.492321
v -0.039109 0.039230 0.496921
v -0.039230 0.000000 0.498458
v -0.039109 -0.039230 0.496921
v -0.038747 -0.078217 0.492321
v -0.038146 -0.116723 0.484686
v -0.037310 -0.154509 0.474062
v -0.036243 -0.191342 0.460515
v -0.034954 -0.226995 0.444129
v -0.033449 -0.261249 0.425005
v -0.031737 -0.293893 0.403261
v -0.029830 -0.324724 0.379030
v -0.027740 -0.353553 0.352463
v -0.025478 -0.380203 0.323723
v -0.023059 -0.404509 0.292986
v -0.020497 -0.426320 0.260444
v -0.017810 -0.445503 0.226295
v -0.015013 -0.461940 0.190752
v -0.012123 -0.475528 0.154032
v -0.009158 -0.486185 0.116363
v -0.006137 -0.493844 0.077976
v -0.003078 -0.498459 0.039109
v -0.006137 0.498459 0.038747
v -0.012236 0.493844 0.077254
v -0.018259 0.486185 0.115286
v -0.024170 0.475528 0.152606
v -0.029932 0.461940 0.188986
v -0.035510 0.445503 0.224200
v -0.040868 0.426320 0.258033
v -0.045975 0.404509 0.290274
v -0.050798 0.380203 0.320726
v -0.055308 0.353553 0.349200
v -0.059477 0.324724 0.375522
v -0.063279 0.293893 0.399528
v -0.066691 0.261249 0.421071
v -0.069692 0.226995 0.440018
v -0.072263 0.191342 0.456252
v -0.074389 0.154509 0.469673
v -0.076056 0.116723 0.480199
v -0.077254 0.078217 0.487764
v -0.077976 0.039230 0.492321
v -0.078217 0.000000 0.493843
v -0.077976 -0.039230 0.492321
v -0.077254 -0.078217 0.487764
v -0.076056 -0.116723 0.480199
v -0.074389 -0.154509 0.469673
v -0.072263 -0.191342 0.456252
v -0.069692 -0.226995 0.440018
v -0.066691 -0.261249 0.421071
v -0.063279 -0.293893 0.399528
v -0.059477 -0.324724 0.375522
v -0.055308 -0.353553 0.349200
v -0.050798 -0.380203 0.320726
v -0.045975 -0.404509 0.290274
v -0.040868 -0.426320 0.258033
v -0.035510 -0.445503 0.224200
v -0.029932 -0.461940 0.188986
v -0.024170 -0.475528 0.152606
v -0.018259 -0.486185 0.115286
v -0.012236 -0.493844 0.077254
v -0.006137 -0.498459 0.038747
v -0.009158 0.498459 0.038146
v -0.018259 0.493844 0.076056
v -0.027248 0.486185 0.113498
v -0.036069 0.475528 0.150239
v -0.044668 0.461940 0.186055
v -0.052991 0.445503 0.220723
v -0.060987 0.426320 0.254031
v -0.068608 0.404509 0.285772
v -0.075805 0.380203 0.315751
v -0.082535 0.353553 0.343784
v -0.088757 0.324724 0.369697
v -0.094431 0.293893 0.393331
v -0.099522 0.261249 0.414540
v -0.104001 0.226995 0.433193
v -0.107838 0.191342 0.449176
v -0.111010 0.154509 0.462389
v -0.113498 0.116723 0.472751
v -0.115286 0.078217 0.480199
v -0.116363 0.039230 0.484685
v -0.116723 0.000000 0.486184
v -0.116363 -0.039230 0.484685
v -0.115286 -0.078217 0.480199
v -0.113498 -0.116723 0.472751
v -0.111010 -0.154509 0.462389
v -0.107838 -0.191342 0.449176
v -0.104001 -0.226995 0.433193
v -0.099522 -0.261249 0.414540
v -0.094431 -0.293893 0.393331
v -0.088757 -0.324724 0.369697
v -0.082535 -0.353553 0.343784
v -0.075805 -0.380203 0.315751
v -0.068608 -0.404509 0.285772
v -0.060987 -0.426320 0.254031
v -0.052991 -0.445503 0.220723
v -0.044668 -0.461940 0.186055
v -0.036069 -0.475528 0.150239
v -0.027248 -0.486185 0.113498
v -0.018259 -0.493844 0.076056
v -0.009158 -0.498459 0.038146
v -0.012123 0.498459 0.037309
v -0.024170 0.493844 0.074389
v -0.036069 0.486185 0.111010
v -0.047746 0.475528 0.146946
v -0.059128 0.461940 0.181977
v -0.070145 0.445503 0.215885
v -0.080730 0.426320 0.248463
v -0.090818 0.404509 0.279508
v -0.100345 0.380203 0.308830
v -0.109254 0.353553 0.336249
v -0.117489 0.324724 0.361594
v -0.125000 0.293893 0.384710
v -0.131740 0.261249 0.405454
v -0.137668 0.226995 0.423698
v -0.142747 0.191342 0.439330
v -0.146946 0.154509 0.452254
v -0.150239 0.116723 0.462389
v -0.152606 0.078217 0.469673
v -0.154032 0.039230 0.474062
v -0.154508 0.000000 0.475527
v -0.154032 -0.039230 0.474062
v -0.152606 -0.078217 0.469673
v -0.150239 -0.116723 0.462389
v -0.146946 -0.154509 0.452254
v -0.142747 -0.191342 0.439330
v -0.137668 -0.226995 0.423698
v -0.131740 -0.261249 0.405454
v -0.125000 -0.293893 0.384710
v -0.117489 -0.324724 0.361594
v -0.109254 -0.353553 0.336249
v -0.100345 -0.380203 0.308830
v -0.090818 -0.404509 0.279508
v -0.080730 -0.426320 0.248463
v -0.070145 -0.445503 0.215885
v -0.059128 -0.461940 0.181977
v -0.047746 -0.475528 0.146946
v -0.036069 -0.486185 0.111010
v -0.024170 -0.493844 0.074389
v -0.012123 -0.498459 0.037309
v -0.015012 0.498459 0.036243
v -0.029932 0.493844 0.072263
v -0.044668 0.486185 0.107838
v -0.059128 0.475528 0.142747
v -0.073223 0.461940 0.176776
v -0.086867 0.445503 0.209716
v -0.099976 0.426320 0.241363
v -0.112468 0.404509 0.271521
v -0.124266 0.380203 0.300005
v -0.135299 0.353553 0.326640
v -0.145497 0.324724 0.351261
v -0.154799 0.293893 0.373717
v -0.163146 0.261249 0.393868
v -0.170487 0.226995 0.411591
v -0.176777 0.191342 0.426776
v -0.181977 0.154509 0.439330
v -0.186055 0.116723 0.449176
v -0.188986 0.078217 0.456252
v -0.190752 0.039230 0.460515
v -0.191342 0.000000 0.461939
v -0.190752 -0.039230 0.460515
v -0.188986 -0.078217 0.456252
v -0.186055 -0.116723 0.449176
v -0.181977 -0.154509 0.439330
v -0.176777 -0.191342 0.426776
v -0.170487 -0.226995 0.411591
v -0.163146 -0.261249 0.393868
v -0.154799 -0.293893 0.373717
v -0.145497 -0.324724 0.351261
v -0.135299 -0.353553 0.326640
v -0.124266 -0.380203 0.300005
v -0.112468 -0.404509 0.271521
v -0.099976 -0.426320 0.241363
v -0.086867 -0.445503 0.209716
v -0.073223 -0.461940 0.176776
v -0.059128 -0.475528 0.142747
v -0.044668 -0.486185 0.107838
v -0.029932 -0.493844 0.072263
v -0.015012 -0.498459 0.036243
v -0.017810 0.498459 0.034954
v -0.035510 0.493844 0.069692
v -0.052991 0.486185 0.104001
v -0.070145 0.475528 0.137668
v -0.086867 0.461940 0.170486
v -0.103054 0.445503 0.202254
v -0.118605 0.426320 0.232775
v -0.133424 0.404509 0.261860
v -0.147421 0.380203 0.289331
v -0.160510 0.353553 0.315018
v -0.172608 0.324724 0.338763
v -0.183643 0.293893 0.360419
v -0.193545 0.261249 0.379853
v -0.202254 0.226995 0.396946
v -0.209716 0.191342 0.411591
v -0.215885 0.154509 0.423698
v -0.220723 0.116723 0.433193
v -0.224200 0.078217 0.440018
v -0.226295 0.039230 0.444129
v -0.226995 0.000000 0.445502
v -0.226295 -0.039230 0.444129
v -0.224200 -0.078217 0.440018
v -0.220723 -0.116723 0.433193
v -0.215885 -0.154509 0.423698
v -0.209716 -0.191342 0.411591
v -0.202254 -0.226995 0.396946
v -0.193545 -0.261249 0.379853
v -0.183643 -0.293893 0.360419
v -0.172608 -0.324724 0.338763
v -0.160510 -0.353553 0.315018
v -0.147421 -0.380203 0.289331
v -0.133424 -0.404509 0.261860
v -0.118605 -0.426320 0.232775
v -0.103054 -0.445503 0.202254
v -0.086867 -0.461940 0.170486
v -0.070145 -0.475528 0.137668
v -0.052991 -0.486185 0.104001
v -0.035510 -0.493844 0.069692
v -0.017810 -0.498459 0.034954
v -0.020497 0.498459 0.033449
v -0.040868 0.493844 0.066691
v -0.060987 0.486185 0.099522
v -0.080730 0.475528 0.131740
v -0.099976 0.461940 0.163145
v -0.118605 0.445503 0.193545
v -0.136502 0.426320 0.222751
v -0.153558 0.404509 0.250584
v -0.169668 0.380203 0.276872
v -0.184731 0.353553 0.301453
v -0.198655 0.324724 0.324176
v -0.211355 0.293893 0.344900
v -0.222751 0.261249 0.363497
v -0.232775 0.226995 0.379853
v -0.241363 0.191342 0.393868
v -0.248463 0.154509 0.405454
v -0.254031 0.116723 0.414540
v -0.258033 0.078217 0.421071
v -0.260444 0.039230 0.425005
v -0.261249 0.000000 0.426319
v -0.260444 -0.039230 0.425005
v -0.258033 -0.078217 0.421071
v -0.254031 -0.116723 0.414540
v -0.248463 -0.154509 0.405454
v -0.241363 -0.191342 0.393868
v -0.232775 -0.226995 0.379853
v -0.222751 -0.261249 0.363497
v -0.211355 -0.293893 0.344900
v -0.198655 -0.324724 0.324176
v -0.184731 -0.353553 0.301453
v -0.169668 -0.380203 0.276872
v -0.153558 -0.404509 0.250584
v -0.136502 -0.426320 0.222751
v -0.118605 -0.445503 0.193545
v -0.099976 -0.461940 0.163145
v -0.080730 -0.475528 0.131740
v -0.060987 -0.486185 0.099522
v -0.040868 -0.493844 0.066691
v -0.020497 -0.498459 0.033449
v -0.023059 0.498459 0.031737
v -0.045975 0.493844 0.063279
v -0.068608 0.486185 0.094431
v -0.090818 0.475528 0.125000
v -0.112468 0.461940 0.154798
v -0.133424 0.445503 0.183643
v -0.153558 0.426320 0.211355
v -0.172746 0.404509 0.237764
v -0.190868 0.380203 0.262707
v -0.207813 0.353553 0.286030
v -0.223477 0.324724 0.307590
v -0.237764 0.293893 0.327254
v -0.250584 0.261249 0.344900
v -0.261860 0.226995 0.360419
v -0.271521 0.191342 0.373717
v -0.279508 0.154509 0.384710
v -0.285772 0.116723 0.393331
v -0.290274 0.078217 0.399528
v -0.292986 0.039230 0.403261
v -0.293892 0.000000 0.404508
v -0.292986 -0.039230 0.403261
v -0.290274 -0.078217 0.399528
v -0.285772 -0.116723 0.393331
v -0.279508 -0.154509 0.384710
v -0.271521 -0.191342 0.373717
v -0.261860 -0.226995 0.360419
v -0.250584 -0.261249 0.344900
v -0.237764 -0.293893 0.327254
v -0.223477 -0.324724 0.307590
v -0.207813 -0.353553 0.286030
v -0.190868 -0.380203 0.262707
v -0.172746 -0.404509 0.237764
v -0.153558 -0.426320 0.211355
v -0.133424 -0.445503 0.183643
v -0.112468 -0.461940 0.154798
v -0.090818 -0.475528 0.125000
v -0.068608 -0.486185 0.094431
v -0.045975 -0.493844 0.063279
v -0.023059 -0.498459 0.031737
v -0.025478 0.498459 0.029830
v -0.050798 0.493844 0.059477
v -0.075805 0.486185 0.088757
v -0.100345 0.475528 0.117489
v -0.124266 0.461940 0.145497
v -0.147422 0.445503 0.172608
v -0.169668 0.426320 0.198655
v -0.190868 0.404509 0.223477
v -0.210891 0.380203 0.246922
v -0.229614 0.353553 0.268844
v -0.246922 0.324724 0.289108
v -0.262707 0.293893 0.307590
v -0.276872 0.261249 0.324176
v -0.289331 0.226995 0.338763
v -0.300006 0.191342 0.351261
v -0.308831 0.154509 0.361594
v -0.315752 0.116723 0.369697
v -0.320726 0.078217 0.375521
v -0.323723 0.039230 0.379030
v -0.324724 0.000000 0.380202
v -0.323723 -0.039230 0.379030
v -0.320726 -0.078217 0.375521
v -0.315752 -0.116723 0.369697
v -0.308831 -0.154509 0.361594
v -0.300006 -0.191342 0.351261
v -0.289331 -0.226995 0.338763
v -0.276872 -0.261249 0.324176
v -0.262707 -0.293893 0.307590
v -0.246922 -0.324724 0.289108
v -0.229614 -0.353553 0.268844
v -0.210891 -0.380203 0.246922
v -0.190868 -0.404509 0.223477
v -0.169668 -0.426320 0.198655
v -0.147422 -0.445503 0.172608
v -0.124266 -0.461940 0.145497
v -0.100345 -0.475528 0.117489
v -0.075805 -0.486185 0.088757
v -0.050798 -0.493844 0.059477
v -0.025478 -0.498459 0.029830
v -0.027739 0.498459 0.027739
v -0.055308 0.493844 0.055308
v -0.082535 0.486185 0.082535
v -0.109254 0.475528 0.109254
v -0.135299 0.461940 0.135299
v -0.160510 0.445503 0.160510
v -0.184731 0.426320 0.184731
v -0.207813 0.404509 0.207813
v -0.229614 0.380203 0.229614
v -0.250000 0.353553 0.250000
v -0.268844 0.324724 0.268844
v -0.286030 0.293893 0.286030
v -0.301454 0.261249 0.301453
v -0.315018 0.226995 0.315018
v -0.326640 0.191342 0.326640
v -0.336249 0.154509 0.336249
v -0.343784 0.116723 0.343784
v -0.349200 0.078217 0.349200
v -0.352463 0.039230 0.352463
v -0.353553 0.000000 0.353553
v -0.352463 -0.039230 0.352463
v -0.349200 -0.078217 0.349200
v -0.343784 -0.116723 0.343784
v -0.336249 -0.154509 0.336249
v -0.326640 -0.191342 0.326640
v -0.315018 -0.226995 0.315018
v -0.301454 -0.261249 0.301453
v -0.286030 -0.293893 0.286030
v -0.268844 -0.324724 0.268844
v -0.250000 -0.353553 0.250000
v -0.229614 -0.380203 0.229614
v -0.207813 -0.404509 0.207813
v -0.184731 -0.426320 0.184731
v -0.160510 -0.445503 0.160510
v -0.135299 -0.461940 0.135299
v -0.109254 -0.475528 0.109254
v -0.082535 -0.486185 0.082535
v -0.055308 -0.493844 0.055308
v -0.027739 -0.498459 0.027739
v -0.029830 0.498459 0.025478
v -0.059477 0.493844 0.050798
v -0.088757 0.486185 0.075805
v -0.117489 0.475528 0.100345
v -0.145497 0.461940 0.124266
v -0.172608 0.445503 0.147421
v -0.198655 0.426320 0.169668
v -0.223477 0.404509 0.190868
v -0.246922 0.380203 0.210891
v -0.268844 0.353553 0.229614
v -0.289108 0.324724 0.246922
v -0.307590 0.293893 0.262707
v -0.324176 0.261249 0.276872
v -0.338763 0.226995 0.289331
v -0.351261 0.191342 0.300005
v -0.361594 0.154509 0.308830
v -0.369698 0.116723 0.315751
v -0.375522 0.078217 0.320726
v -0.379030 0.039230 0.323722
v -0.380202 0.000000 0.324723
v -0.379030 -0.039230 0.323722
v -0.375522 -0.078217 0.320726
v -0.369698 -0.116723 0.315751
v -0.361594 -0.154509 0.308830
v -0.351261 -0.191342 0.300005
v -0.338763 -0.226995 0.289331
v -0.324176 -0.261249 0.276872
v -0.307590 -0.293893 0.262707
v -0.289108 -0.324724 0.246922
v -0.268844 -0.353553 0.229614
v -0.246922 -0.380203 0.210891
v -0.223477 -0.404509 0.190868
v -0.198655 -0.426320 0.169668
v -0.172608 -0.445503 0.147421
v -0.145497 -0.461940 0.124266
v -0.117489 -0.475528 0.100345
v -0.088757 -0.486185 0.075805
v -0.059477 -0.493844 0.050798
v -0.029830 -0.498459 0.025478
v -0.031737 0.498459 0.023059
v -0.063279 0.493844 0.045975
v -0.094431 0.486185 0.068608
v -0.125000 0.475528 0.090818
v -0.154798 0.461940 0.112468
v -0.183643 0.445503 0.133424
v -0.211355 0.426320 0.153558
v -0.237764 0.404509 0.172745
v -0.262707 0.380203 0.190868
v -0.286030 0.353553 0.207813
v -0.307590 0.324724 0.223477
v -0.327254 0.293893 0.237764
v -0.344900 0.261249 0.250584
v -0.360419 0.226995 0.261860
v -0.373717 0.191342 0.271521
v -0.384710 0.154509 0.279508
v -0.393332 0.116723 0.285772
v -0.399528 0.078217 0.290274
v -0.403261 0.039230 0.292986
v -0.404508 0.000000 0.293892
v -0.403261 -0.039230 0.292986
v -0.399528 -0.078217 0.290274
v -0.393332 -0.116723 0.285772
v -0.384710 -0.154509 0.279508
v -0.373717 -0.191342 0.271521
v -0.360419 -0.226995 0.261860
v -0.344900 -0.261249 0.250584
v -0.327254 -0.293893 0.237764
v -0.307590 -0.324724 0.223477
v -0.286030 -0.353553 0.207813
v -0.262707 -0.380203 0.190868
v -0.237764 -0.404509 0.172745
v -0.211355 -0.426320 0.153558
v -0.183643 -0.445503 0.133424
v -0.154798 -0.461940 0.112468
v -0.125000 -0.475528 0.090818
v -0.094431 -0.486185 0.068608
v -0.063279 -0.493844 0.045975
v -0.031737 -0.498459 0.023059
v -0.033449 0.498459 0.020497
v -0.066691 0.493844 0.040868
v -0.099522 0.486185 0.060987
v -0.131740 0.475528 0.080730
v -0.163145 0.461940 0.099976
v -0.193545 0.445503 0.118604
v -0.222751 0.426320 0.136502
v -0.250584 0.404509 0.153558
v -0.276872 0.380203 0.169668
v -0.301453 0.353553 0.184731
v -0.324176 0.324724 0.198655
v -0.344900 0.293893 0.211355
v -0.363497 0.261249 0.222751
v -0.379853 0.226995 0.232774
v -0.393868 0.191342 0.241362
v -0.405454 0.154509 0.248462
v -0.414540 0.116723 0.254030
v -0.421071 0.078217 0.258032
v -0.425005 0.039230 0.260443
v -0.426319 0.000000 0.261249
v -0.425005 -0.039230 0.260443
v -0.421071 -0.078217 0.258032
v -0.414540 -0.116723 0.254030
v -0.405454 -0.154509 0.248462
v -0.393868 -0.191342 0.241362
v -0.379853 -0.226995 0.232774
v -0.363497 -0.261249 0.222751
v -0.344900 -0.293893 0.211355
v -0.324176 -0.324724 0.198655
v -0.301453 -0.353553 0.184731
v -0.276872 -0.380203 0.169668
v -0.250584 -0.404509 0.153558
v -0.222751 -0.426320 0.136502
v -0.193545 -0.445503 0.118604
v -0.163145 -0.461940 0.099976
v -0.131740 -0.475528 0.080730
v -0.099522 -0.486185 0.060987
v -0.066691 -0.493844 0.040868
v -0.033449 -0.498459 0.020497
v -0.034954 0.498459 0.017810
v -0.069692 0.493844 0.035510
v -0.104001 0.486185 0.052991
v -0.137668 0.475528 0.070145
v -0.170486 0.461940 0.086867
v -0.202254 0.445503 0.103053
v -0.232775 0.426320 0.118605
v -0.261860 0.404509 0.133424
v -0.289331 0.380203 0.147421
v -0.315018 0.353553 0.160510
v -0.338763 0.324724 0.172608
v -0.360419 0.293893 0.183643
v -0.379854 0.261249 0.193545
v -0.396946 0.226995 0.202254
v -0.411591 0.191342 0.209716
v -0.423698 0.154509 0.215885
v -0.433194 0.116723 0.220723
v -0.440018 0.078217 0.224200
v -0.444129 0.039230 0.226295
v -0.445502 0.000000 0.226995
v -0.444129 -0.039230 0.226295
v -0.440018 -0.078217 0.224200
v -0.433194 -0.116723 0.220723
v -0.423698 -0.154509 0.215885
v -0.411591 -0.191342 0.209716
v -0.396946 -0.226995 0.202254
v -0.379854 -0.261249 0.193545
v -0.360419 -0.293893 0.183643
v -0.338763 -0.324724 0.172608
v -0.315018 -0.353553 0.160510
v -0.289331 -0.380203 0.147421
v -0.261860 -0.404509 0.133424
v -0.232775 -0.426320 0.118605
v -0.202254 -0.445503 0.103053
v -0.170486 -0.461940 0.086867
v -0.137668 -0.475528 0.070145
v -0.104001 -0.486185 0.052991
v -0.069692 -0.493844 0.035510
v -0.034954 -0.498459 0.017810
v -0.036243 0.498459 0.015012
v -0.072263 0.493844 0.029932
v -0.107838 0.486185 0.044668
v -0.142747 0.475528 0.059128
v -0.176776 0.461940 0.073223
v -0.209716 0.445503 0.086867
v -0.241363 0.426320 0.099976
v -0.271521 0.404509 0.112468
v -0.300005 0.380203 0.124266
v -0.326640 0.353553 0.135299
v -0.351261 0.324724 0.145497
v -0.373717 0.293893 0.154798
v -0.393868 0.261249 0.163145
v -0.411591 0.226995 0.170486
v -0.426776 0.191342 0.176776
v -0.439330 0.154509 0.181976
v -0.449176 0.116723 0.186055
v -0.456252 0.078217 0.188986
v -0.460515 0.039230 0.190751
v -0.461939 0.000000 0.191341
v -0.460515 -0.039230 0.190751
v -0.456252 -0.078217 0.188986
v -0.449176 -0.116723 0.186055
v -0.439330 -0.154509 0.181976
v -0.426776 -0.191342 0.176776
v -0.411591 -0.226995 0.170486
v -0.393868 -0.261249 0.163145
v -0.373717 -0.293893 0.154798
v -0.351261 -0.324724 0.145497
v -0.326640 -0.353553 0.135299
v -0.300005 -0.380203 0.124266
v -0.271521 -0.404509 0.112468
v -0.241363 -0.426320 0.099976
v -0.209716 -0.445503 0.086867
v -0.176776 -0.461940 0.073223
v -0.142747 -0.475528 0.059128
v -0.107838 -0.486185 0.044668
v -0.072263 -0.493844 0.029932
v -0.036243 -0.498459 0.015012
v -0.037309 0.498459 0.012123
v -0.074389 0.493844 0.024170
v -0.111010 0.486185 0.036069
v -0.146946 0.475528 0.047746
v -0.181976 0.461940 0.059128
v -0.215885 0.445503 0.070145
v -0.248463 0.426320 0.080730
v -0.279508 0.404509 0.090818
v -0.308830 0.380203 0.100345
v -0.336249 0.353553 0.109254
v -0.361594 0.324724 0.117489
v -0.384710 0.293893 0.125000
v -0.405454 0.261249 0.131740
v -0.423698 0.226995 0.137668
v -0.439330 0.191342 0.142747
v -0.452254 0.154509 0.146946
v -0.462389 0.116723 0.150239
v -0.469673 0.078217 0.152606
v -0.474061 0.039230 0.154032
v -0.475527 0.000000 0.154508
v -0.474061 -0.039230 0.154032
v -0.469673 -0.078217 0.152606
v -0.462389 -0.116723 0.150239
v -0.452254 -0.154509 0.146946
v -0.439330 -0.191342 0.142747
v -0.423698 -0.226995 0.137668
v -0.405454 -0.261249 0.131740
v -0.384710 -0.293893 0.125000
v -0.361594 -0.324724 0.117489
v -0.336249 -0.353553 0.109254
v -0.308830 -0.380203 0.100345
v -0.279508 -0.404509 0.090818
v -0.248463 -0.426320 0.080730
v -0.215885 -0.445503 0.070145
v -0.181976 -0.461940 0.059128
v -0.146946 -0.475528 0.047746
v -0.111010 -0.486185 0.036069
v -0.074389 -0.493844 0.024170
v -0.037309 -0.498459 0.012123
v -0.038146 0.498459 0.009158
v -0.076056 0.493844 0.018259
v -0.113497 0.486185 0.027248
v -0.150239 0.475528 0.036069
v -0.186055 0.461940 0.044668
v -0.220723 0.445503 0.052991
v -0.254031 0.426320 0.060987
v -0.285772 0.404509 0.068608
v -0.315751 0.380203 0.075805
v -0.343784 0.353553 0.082535
v -0.369697 0.324724 0.088756
v -0.393331 0.293893 0.094430
v -0.414540 0.261249 0.099522
v -0.433193 0.226995 0.104000
v -0.449176 0.191342 0.107837
v -0.462389 0.154509 0.111010
v -0.472751 0.116723 0.113497
v -0.480199 0.078217 0.115285
v -0.484685 0.039230 0.116362
v -0.486184 0.000000 0.116722
v -0.484685 -0.039230 0.116362
v -0.480199 -0.078217 0.115285
v -0.472751 -0.116723 0.113497
v -0.462389 -0.154509 0.111010
v -0.449176 -0.191342 0.107837
v -0.433193 -0.226995 0.104000
v -0.414540 -0.261249 0.099522
v -0.393331 -0.293893 0.094430
v -0.369697 -0.324724 0.088756
v -0.343784 -0.353553 0.082535
v -0.315751 -0.380203 0.075805
v -0.285772 -0.404509 0.068608
v -0.254031 -0.426320 0.060987
v -0.220723 -0.445503 0.052991
v -0.186055 -0.461940 0.044668
v -0.150239 -0.475528 0.036069
v -0.113497 -0.486185 0.027248
v -0.076056 -0.493844 0.018259
v -0.038146 -0.498459 0.009158
v -0.038746 0.498459 0.006137
v -0.077254 0.493844 0.012236
v -0.115285 0.486185 0.018259
v -0.152606 0.475528 0.024170
v -0.188986 0.461940 0.029932
v -0.224200 0.445503 0.035510
v -0.258033 0.426320 0.040868
v -0.290274 0.404509 0.045975
v -0.320726 0.380203 0.050798
v -0.349200 0.353553 0.055308
v -0.375521 0.324724 0.059477
v -0.399528 0.293893 0.063279
v -0.421071 0.261249 0.066691
v -0.440018 0.226995 0.069692
v -0.456252 0.191342 0.072263
v -0.469673 0.154509 0.074389
v -0.480199 0.116723 0.076056
v -0.487763 0.078217 0.077254
v -0.492321 0.039230 0.077976
v -0.493843 0.000000 0.078217
v -0.492321 -0.039230 0.077976
v -0.487763 -0.078217 0.077254
v -0.480199 -0.116723 0.076056
v -0.469673 -0.154509 0.074389
v -0.456252 -0.191342 0.072263
v -0.440018 -0.226995 0.069692
v -0.421071 -0.261249 0.066691
v -0.399528 -0.293893 0.063279
v -0.375521 -0.324724 0.059477
v -0.349200 -0.353553 0.055308
v -0.320726 -0.380203 0.050798
v -0.290274 -0.404509 0.045975
v -0.258033 -0.426320 0.040868
v -0.224200 -0.445503 0.035510
v -0.188986 -0.461940 0.029932
v -0.152606 -0.475528 0.024170
v -0.115285 -0.486185 0.018259
v -0.077254 -0.493844 0.012236
v -0.038746 -0.498459 0.006137
v -0.039109 0.498459 0.003078
v -0.077976 0.493844 0.006137
v -0.116363 0.486185 0.009158
v -0.154032 0.475528 0.012122
v -0.190752 0.461940 0.015012
v -0.226295 0.445503 0.017810
v -0.260444 0.426320 0.020497
v -0.292986 0.404509 0.023058
v -0.323722 0.380203 0.025477
v -0.352463 0.353553 0.027739
v -0.379030 0.324724 0.029830
v -0.403261 0.293893 0.031737
v -0.425005 0.261249 0.033448
v -0.444129 0.226995 0.034954
v -0.460515 0.191342 0.036243
v -0.474062 0.154509 0.037309
v -0.484686 0.116723 0.038145
v -0.492321 0.078217 0.038746
v -0.496921 0.039230 0.039108
v -0.498458 0.000000 0.039229
v -0.496921 -0.039230 0.039108
v -0.492321 -0.078217 0.038746
v -0.484686 -0.116723 0.038145
v -0.474062 -0.154509 0.037309
v -0.460515 -0.191342 0.036243
v -0.444129 -0.226995 0.034954
v -0.425005 -0.261249 0.033448
v -0.403261 -0.293893 0.031737
v -0.379030 -0.324724 0.029830
v -0.352463 -0.353553 0.027739
v -0.323722 -0.380203 0.025477
v -0.292986 -0.404509 0.023058
v -0.260444 -0.426320 0.020497
v -0.226295 -0.445503 0.017810
v -0.190752 -0.461940 0.015012
v -0.154032 -0.475528 0.012122
v -0.116363 -0.486185 0.009158
v -0.077976 -0.493844 0.006137
v -0.039109 -0.498459 0.003078
v -0.039229 0.498459 -0.000000
v -0.078217 0.493844 -0.000000
v -0.116723 0.486185 -0.000000
v -0.154508 0.475528 -0.000000
v -0.191341 0.461940 -0.000000
v -0.226995 0.445503 -0.000000
v -0.261249 0.426320 -0.000000
v -0.293892 0.404509 -0.000000
v -0.324723 0.380203 -0.000000
v -0.353553 0.353553 -0.000000
v -0.380202 0.324724 -0.000000
v -0.404508 0.293893 -0.000000
v -0.426319 0.261249 -0.000000
v -0.445503 0.226995 -0.000000
v -0.461939 0.191342 -0.000000
v -0.475528 0.154509 -0.000000
v -0.486184 0.116723 -0.000000
v -0.493843 0.078217 -0.000000
v -0.498458 0.039230 -0.000000
v -0.499999 0.000000 -0.000000
v -0.498458 -0.039230 -0.000000
v -0.493843 -0.078217 -0.000000
v -0.486184 -0.116723 -0.000000
v -0.475528 -0.154509 -0.000000
v -0.461939 -0.191342 -0.000000
v -0.445503 -0.226995 -0.000000
v -0.426319 -0.261249 -0.000000
v -0.404508 -0.293893 -0.000000
v -0.380202 -0.324724 -0.000000
v -0.353553 -0.353553 -0.000000
v -0.324723 -0.380203 -0.000000
v -0.293892 -0.404509 -0.000000
v -0.261249 -0.426320 -0.000000
v -0.226995 -0.445503 -0.000000
v -0.191341 -0.461940 -0.000000
v -0.154508 -0.475528 -0.000000
v -0.116723 -0.486185 -0.000000
v -0.078217 -0.493844 -0.000000
v -0.039229 -0.498459 -0.000000
v -0.039109 0.498459 -0.003078
v -0.077976 0.493844 -0.006137
v -0.116363 0.486185 -0.009158
v -0.154032 0.475528 -0.012123
v -0.190752 0.461940 -0.015013
v -0.226295 0.445503 -0.017810
v -0.260444 0.426320 -0.020497
v -0.292986 0.404509 -0.023059
v -0.323722 0.380203 -0.025478
v -0.352463 0.353553 -0.027740
v -0.379030 0.324724 -0.029830
v -0.403261 0.293893 -0.031737
v -0.425005 0.261249 -0.033449
v -0.444129 0.226995 -0.034954
v -0.460515 0.191342 -0.036243
v -0.474062 0.154509 -0.037310
v -0.484686 0.116723 -0.038146
v -0.492321 0.078217 -0.038747
v -0.496921 0.039230 -0.039109
v -0.498458 0.000000 -0.039230
v -0.496921 -0.039230 -0.039109
v -0.492321 -0.078217 -0.038747
v -0.484686 -0.116723 -0.038146
v -0.474062 -0.154509 -0.037310
v -0.460515 -0.191342 -0.036243
v -0.444129 -0.226995 -0.034954
v -0.425005 -0.261249 -0.033449
v -0.403261 -0.293893 -0.031737
v -0.379030 -0.324724 -0.029830
v -0.352463 -0.353553 -0.027740
v -0.323722 -0.380203 -0.025478
v -0.292986 -0.404509 -0.023059
v -0.260444 -0.426320 -0.020497
v -0.226295 -0.445503 -0.017810
v -0.190752 -0.461940 -0.015013
v -0.154032 -0.475528 -0.012123
v -0.116363 -0.486185 -0.009158
v -0.077976 -0.493844 -0.006137
v -0.039109 -0.498459 -0.003078
v -0.038746 0.498459 -0.006137
v -0.077254 0.493844 -0.012236
v -0.115285 0.486185 -0.018259
v -0.152606 0.475528 -0.024170
v -0.188986 0.461940 -0.029932
v -0.224200 0.445503 -0.035510
v -0.258033 0.426320 -0.040868
v -0.290274 0.404509 -0.045975
v -0.320726 0.380203 -0.050798
v -0.349200 0.353553 -0.055308
v -0.375521 0.324724 -0.059477
v -0.399528 0.293893 -0.063279
v -0.421071 0.261249 -0.066691
v -0.440018 0.226995 -0.069692
v -0.456252 0.191342 -0.072263
v -0.469673 0.154509 -0.074389
v -0.480198 0.116723 -0.076056
v -0.487763 0.078217 -0.077254
v -0.492321 0.039230 -0.077976
v -0.493843 0.000000 -0.078217
v -0.492321 -0.039230 -0.077976
v -0.487763 -0.078217 -0.077254
v -0.480198 -0.116723 -0.076056
v -0.469673 -0.154509 -0.074389
v -0.456252 -0.191342 -0.072263
v -0.440018 -0.226995 -0.069692
v -0.421071 -0.261249 -0.066691
v -0.399528 -0.293893 -0.063279
v -0.375521 -0.324724 -0.059477
v -0.349200 -0.353553 -0.055308
v -0.320726 -0.380203 -0.050798
v -0.290274 -0.404509 -0.045975
v -0.258033 -0.426320 -0.040868
v -0.224200 -0.445503 -0.035510
v -0.188986 -0.461940 -0.029932
v -0.152606 -0.475528 -0.024170
v -0.115285 -0.486185 -0.018259
v -0.077254 -0.493844 -0.012236
v -0.038746 -0.498459 -0.006137
v -0.038146 0.498459 -0.009158
v -0.076056 0.493844 -0.018259
v -0.113497 0.486185 -0.027248
v -0.150239 0.475528 -0.036069
v -0.186055 0.461940 -0.044668
v -0.220723 0.445503 -0.052991
v -0.254031 0.426320 -0.060987
v -0.285772 0.404509 -0.068608
v -0.315751 0.380203 -0.075805
v -0.343784 0.353553 -0.082535
v -0.369697 0.324724 -0.088757
v -0.393331 0.293893 -0.094431
v -0.414540 0.261249 -0.099522
v -0.433193 0.226995 -0.104001
v -0.449175 0.191342 -0.107838
v -0.462389 0.154509 -0.111010
v -0.472751 0.116723 -0.113498
v -0.480198 0.078217 -0.115286
v -0.484685 0.039230 -0.116363
v -0.486184 0.000000 -0.116723
v -0.484685 -0.039230 -0.116363
v -0.480198 -0.078217 -0.115286
v -0.472751 -0.116723 -0.113498
v -0.462389 -0.154509 -0.111010
v -0.449175 -0.191342 -0.107838
v -0.433193 -0.226995 -0.104001
v -0.414540 -0.261249 -0.099522
v -0.393331 -0.293893 -0.094431
v -0.369697 -0.324724 -0.088757
v -0.343784 -0.353553 -0.082535
v -0.315751 -0.380203 -0.075805
v -0.285772 -0.404509 -0.068608
v -0.254031 -0.426320 -0.060987
v -0.220723 -0.445503 -0.052991
v -0.186055 -0.461940 -0.044668
v -0.150239 -0.475528 -0.036069
v -0.113497 -0.486185 -0.027248
v -0.076056 -0.493844 -0.018259
v -0.038146 -0.498459 -0.009158
v -0.037309 0.498459 -0.012123
v -0.074389 0.493844 -0.024170
v -0.111010 0.486185 -0.036069
v -0.146946 0.475528 -0.047746
v -0.181976 0.461940 -0.059128
v -0.215885 0.445503 -0.070145
v -0.248463 0.426320 -0.080730
v -0.279508 0.404509 -0.090818
v -0.308830 0.380203 -0.100345
v -0.336249 0.353553 -0.109254
v -0.361594 0.324724 -0.117489
v -0.384710 0.293893 -0.125000
v -0.405454 0.261249 -0.131740
v -0.423698 0.226995 -0.137668
v -0.439330 0.191342 -0.142747
v -0.452253 0.154509 -0.146946
v -0.462389 0.116723 -0.150239
v -0.469673 0.078217 -0.152606
v -0.474061 0.039230 -0.154032
v -0.475527 0.000000 -0.154508
v -0.474061 -0.039230 -0.154032
v -0.469673 -0.078217 -0.152606
v -0.462389 -0.116723 -0.150239
v -0.452253 -0.154509 -0.146946
v -0.439330 -0.191342 -0.142747
v -0.423698 -0.226995 -0.137668
v -0.405454 -0.261249 -0.131740
v -0.384710 -0.293893 -0.125000
v -0.361594 -0.324724 -0.117489
v -0.336249 -0.353553 -0.109254
v -0.308830 -0.380203 -0.100345
v -0.279508 -0.404509 -0.090818
v -0.248463 -0.426320 -0.080730
v -0.215885 -0.445503 -0.070145
v -0.181976 -0.461940 -0.059128
v -0.146946 -0.475528 -0.047746
v -0.111010 -0.486185 -0.036069
v -0.074389 -0.493844 -0.024170
v -0.037309 -0.498459 -0.012123
v -0.036243 0.498459 -0.015012
v -0.072263 0.493844 -0.029932
v -0.107838 0.486185 -0.044668
v -0.142747 0.475528 -0.059128
v -0.176776 0.461940 -0.073223
v -0.209716 0.445503 -0.086867
v -0.241363 0.426320 -0.099976
v -0.271521 0.404509 -0.112468
v -0.300005 0.380203 -0.124266
v -0.326640 0.353553 -0.135299
v -0.351261 0.324724 -0.145497
v -0.373716 0.293893 -0.154799
v -0.393868 0.261249 -0.163146
v -0.411591 0.226995 -0.170487
v -0.426776 0.191342 -0.176776
v -0.439330 0.154509 -0.181977
v -0.449176 0.116723 -0.186055
v -0.456252 0.078217 -0.188986
v -0.460515 0.039230 -0.190752
v -0.461939 0.000000 -0.191341
v -0.460515 -0.039230 -0.190752
v -0.456252 -0.078217 -0.188986
v -0.449176 -0.116723 -0.186055
v -0.439330 -0.154509 -0.181977
v -0.426776 -0.191342 -0.176776
v -0.411591 -0.226995 -0.170487
v -0.393868 -0.261249 -0.163146
v -0.373716 -0.293893 -0.154799
v -0.351261 -0.324724 -0.145497
v -0.326640 -0.353553 -0.135299
v -0.300005 -0.380203 -0.124266
v -0.271521 -0.404509 -0.112468
v -0.241363 -0.426320 -0.099976
v -0.209716 -0.445503 -0.086867
v -0.176776 -0.461940 -0.073223
v -0.142747 -0.475528 -0.059128
v -0.107838 -0.486185 -0.044668
v -0.072263 -0.493844 -0.029932
v -0.036243 -0.498459 -0.015012
v -0.034954 0.498459 -0.017810
v -0.069692 0.493844 -0.035510
v -0.104000 0.486185 -0.052991
v -0.137668 0.475528 -0.070145
v -0.170486 0.461940 -0.086867
v -0.202254 0.445503 -0.103054
v -0.232775 0.426320 -0.118605
v -0.261860 0.404509 -0.133424
v -0.289331 0.380203 -0.147421
v -0.315018 0.353553 -0.160510
v -0.338763 0.324724 -0.172608
v -0.360419 0.293893 -0.183643
v -0.379853 0.261249 -0.193545
v -0.396946 0.226995 -0.202254
v -0.411590 0.191342 -0.209716
v -0.423698 0.154509 -0.215885
v -0.433193 0.116723 -0.220723
v -0.440018 0.078217 -0.224200
v -0.444129 0.039230 -0.226295
v -0.445502 0.000000 -0.226995
v -0.444129 -0.039230 -0.226295
v -0.440018 -0.078217 -0.224200
v -0.433193 -0.116723 -0.220723
v -0.423698 -0.154509 -0.215885
v -0.411590 -0.191342 -0.209716
v -0.396946 -0.226995 -0.202254
v -0.379853 -0.261249 -0.193545
v -0.360419 -0.293893 -0.183643
v -0.338763 -0.324724 -0.172608
v -0.315018 -0.353553 -0.160510
v -0.289331 -0.380203 -0.147421
v -0.261860 -0.404509 -0.133424
v -0.232775 -0.426320 -0.118605
v -0.202254 -0.445503 -0.103054
v -0.170486 -0.461940 -0.086867
v -0.137668 -0.475528 -0.070145
v -0.104000 -0.486185 -0.052991
v -0.069692 -0.493844 -0.035510
v -0.034954 -0.498459 -0.017810
v -0.033449 0.498459 -0.020497
v -0.066691 0.493844 -0.040868
v -0.099522 0.486185 -0.060987
v -0.131740 0.475528 -0.080730
v -0.163145 0.461940 -0.099976
v -0.193545 0.445503 -0.118605
v -0.222751 0.426320 -0.136502
v -0.250584 0.404509 -0.153558
v -0.276872 0.380203 -0.169668
v -0.301453 0.353553 -0.184731
v -0.324176 0.324724 -0.198655
v -0.344899 0.293893 -0.211355
v -0.363497 0.261249 -0.222751
v -0.379853 0.226995 -0.232775
v -0.393868 0.191342 -0.241363
v -0.405454 0.154509 -0.248463
v -0.414540 0.116723 -0.254031
v -0.421071 0.078217 -0.258033
v -0.425005 0.039230 -0.260444
v -0.426319 0.000000 -0.261249
v -0.425005 -0.039230 -0.260444
v -0.421071 -0.078217 -0.258033
v -0.414540 -0.116723 -0.254031
v -0.405454 -0.154509 -0.248463
v -0.393868 -0.191342 -0.241363
v -0.379853 -0.226995 -0.232775
v -0.363497 -0.261249 -0.222751
v -0.344899 -0.293893 -0.211355
v -0.324176 -0.324724 -0.198655
v -0.301453 -0.353553 -0.184731
v -0.276872 -0.380203 -0.169668
v -0.250584 -0.404509 -0.153558
v -0.222751 -0.426320 -0.136502
v -0.193545 -0.445503 -0.118605
v -0.163145 -0.461940 -0.099976
v -0.131740 -0.475528 -0.080730
v -0.099522 -0.486185 -0.060987
v -0.066691 -0.493844 -0.040868
v -0.033449 -0.498459 -0.020497
v -0.031737 0.498459 -0.023059
v -0.063279 0.493844 -0.045975
v -0.094430 0.486185 -0.068608
v -0.125000 0.475528 -0.090818
v -0.154798 0.461940 -0.112468
v -0.183643 0.445503 -0.133424
v -0.211355 0.426320 -0.153558
v -0.237764 0.404509 -0.172745
v -0.262707 0.380203 -0.190868
v -0.286030 0.353553 -0.207813
v -0.307590 0.324724 -0.223477
v -0.327254 0.293893 -0.237764
v -0.344899 0.261249 -0.250584
v -0.360419 0.226995 -0.261860
v -0.373716 0.191342 -0.271521
v -0.384710 0.154509 -0.279508
v -0.393331 0.116723 -0.285772
v -0.399527 0.078217 -0.290274
v -0.403260 0.039230 -0.292986
v -0.404507 0.000000 -0.293892
v -0.403260 -0.039230 -0.292986
v -0.399527 -0.078217 -0.290274
v -0.393331 -0.116723 -0.285772
v -0.384710 -0.154509 -0.279508
v -0.373716 -0.191342 -0.271521
v -0.360419 -0.226995 -0.261860
v -0.344899 -0.261249 -0.250584
v -0.327254 -0.293893 -0.237764
v -0.307590 -0.324724 -0.223477
v -0.286030 -0.353553 -0.207813
v -0.262707 -0.380203 -0.190868
v -0.237764 -0.404509 -0.172745
v -0.211355 -0.426320 -0.153558
v -0.183643 -0.445503 -0.133424
v -0.154798 -0.461940 -0.112468
v -0.125000 -0.475528 -0.090818
v -0.094430 -0.486185 -0.068608
v -0.063279 -0.493844 -0.045975
v -0.031737 -0.498459 -0.023059
v -0.029830 0.498459 -0.025478
v -0.059477 0.493844 -0.050798
v -0.088756 0.486185 -0.075805
v -0.117489 0.475528 -0.100345
v -0.145497 0.461940 -0.124266
v -0.172608 0.445503 -0.147421
v -0.198655 0.426320 -0.169668
v -0.223477 0.404509 -0.190868
v -0.246922 0.380203 -0.210891
v -0.268843 0.353553 -0.229614
v -0.289108 0.324724 -0.246922
v -0.307590 0.293893 -0.262707
v -0.324176 0.261249 -0.276872
v -0.338763 0.226995 -0.289331
v -0.351261 0.191342 -0.300005
v -0.361594 0.154509 -0.308830
v -0.369697 0.116723 -0.315752
v -0.375521 0.078217 -0.320726
v -0.379030 0.039230 -0.323722
v -0.380202 0.000000 -0.324723
v -0.379030 -0.039230 -0.323722
v -0.375521 -0.078217 -0.320726
v -0.369697 -0.116723 -0.315752
v -0.361594 -0.154509 -0.308830
v -0.351261 -0.191342 -0.300005
v -0.338763 -0.226995 -0.289331
v -0.324176 -0.261249 -0.276872
v -0.307590 -0.293893 -0.262707
v -0.289108 -0.324724 -0.246922
v -0.268843 -0.353553 -0.229614
v -0.246922 -0.380203 -0.210891
v -0.223477 -0.404509 -0.190868
v -0.198655 -0.426320 -0.169668
v -0.172608 -0.445503 -0.147421
v -0.145497 -0.461940 -0.124266
v -0.117489 -0.475528 -0.100345
v -0.088756 -0.486185 -0.075805
v -0.059477 -0.493844 -0.050798
v -0.029830 -0.498459 -0.025478
v -0.027739 0.498459 -0.027739
v -0.055308 0.493844 -0.055308
v -0.082535 0.486185 -0.082535
v -0.109254 0.475528 -0.109254
v -0.135299 0.461940 -0.135299
v -0.160510 0.445503 -0.160510
v -0.184731 0.426320 -0.184731
v -0.207813 0.404509 -0.207813
v -0.229614 0.380203 -0.229614
v -0.249999 0.353553 -0.250000
v -0.268843 0.324724 -0.268844
v -0.286030 0.293893 -0.286030
v -0.301453 0.261249 -0.301453
v -0.315018 0.226995 -0.315018
v -0.326640 0.191342 -0.326640
v -0.336249 0.154509 -0.336249
v -0.343784 0.116723 -0.343784
v -0.349200 0.078217 -0.349200
v -0.352462 0.039230 -0.352463
v -0.353552 0.000000 -0.353553
v -0.352462 -0.039230 -0.352463
v -0.349200 -0.078217 -0.349200
v -0.343784 -0.116723 -0.343784
v -0.336249 -0.154509 -0.336249
v -0.326640 -0.191342 -0.326640
v -0.315018 -0.226995 -0.315018
v -0.301453 -0.261249 -0.301453
v -0.286030 -0.293893 -0.286030
v -0.268843 -0.324724 -0.268844
v -0.249999 -0.353553 -0.250000
v -0.229614 -0.380203 -0.229614
v -0.207813 -0.404509 -0.207813
v -0.184731 -0.426320 -0.184731
v -0.160510 -0.445503 -0.160510
v -0.135299 -0.461940 -0.135299
v -0.109254 -0.475528 -0.109254
v -0.082535 -0.486185 -0.082535
v -0.055308 -0.493844 -0.055308
v -0.027739 -0.498459 -0.027739
v -0.025477 0.498459 -0.029830
v -0.050798 0.493844 -0.059477
v -0.075805 0.486185 -0.088756
v -0.100345 0.475528 -0.117489
v -0.124266 0.461940 -0.145497
v -0.147421 0.445503 -0.172608
v -0.169668 0.426320 -0.198655
v -0.190867 0.404509 -0.223477
v -0.210891 0.380203 -0.246922
v -0.229614 0.353553 -0.268844
v -0.246921 0.324724 -0.289108
v -0.262707 0.293893 -0.307590
v -0.276872 0.261249 -0.324176
v -0.289331 0.226995 -0.338763
v -0.300005 0.191342 -0.351261
v -0.308830 0.154509 -0.361594
v -0.315751 0.116723 -0.369697
v -0.320725 0.078217 -0.375521
v -0.323722 0.039230 -0.379030
v -0.324723 0.000000 -0.380202
v -0.323722 -0.039230 -0.379030
v -0.320725 -0.078217 -0.375521
v -0.315751 -0.116723 -0.369697
v -0.308830 -0.154509 -0.361594
v -0.300005 -0.191342 -0.351261
v -0.289331 -0.226995 -0.338763
v -0.276872 -0.261249 -0.324176
v -0.262707 -0.293893 -0.307590
v -0.246921 -0.324724 -0.289108
v -0.229614 -0.353553 -0.268844
v -0.210891 -0.380203 -0.246922
v -0.190867 -0.404509 -0.223477
v -0.169668 -0.426320 -0.198655
v -0.147421 -0.445503 -0.172608
v -0.124266 -0.461940 -0.145497
v -0.100345 -0.475528 -0.117489
v -0.075805 -0.486185 -0.088756
v -0.050798 -0.493844 -0.059477
v -0.025477 -0.498459 -0.029830
v -0.023058 0.498459 -0.031737
v -0.045975 0.493844 -0.063279
v -0.068608 0.486185 -0.094430
v -0.090818 0.475528 -0.125000
v -0.112468 0.461940 -0.154798
v -0.133424 0.445503 -0.183643
v -0.153558 0.426320 -0.211355
v -0.172745 0.404509 -0.237764
v -0.190868 0.380203 -0.262707
v -0.207813 0.353553 -0.286030
v -0.223477 0.324724 -0.307590
v -0.237764 0.293893 -0.327254
v -0.250584 0.261249 -0.344900
v -0.261860 0.226995 -0.360419
v -0.271521 0.191342 -0.373716
v -0.279508 0.154509 -0.384710
v -0.285772 0.116723 -0.393331
v -0.290274 0.078217 -0.399528
v -0.292986 0.039230 -0.403261
v -0.293892 0.000000 -0.404508
v -0.292986 -0.039230 -0.403261
v -0.290274 -0.078217 -0.399528
v -0.285772 -0.116723 -0.393331
v -0.279508 -0.154509 -0.384710
v -0.271521 -0.191342 -0.373716
v -0.261860 -0.226995 -0.360419
v -0.250584 -0.261249 -0.344900
v -0.237764 -0.293893 -0.327254
v -0.223477 -0.324724 -0.307590
v -0.207813 -0.353553 -0.286030
v -0.190868 -0.380203 -0.262707
v -0.172745 -0.404509 -0.237764
v -0.153558 -0.426320 -0.211355
v -0.133424 -0.445503 -0.183643
v -0.112468 -0.461940 -0.154798
v -0.090818 -0.475528 -0.125000
v -0.068608 -0.486185 -0.094430
v -0.045975 -0.493844 -0.063279
v -0.023058 -0.498459 -0.031737
v -0.020497 0.498459 -0.033449
v -0.040868 0.493844 -0.066691
v -0.060987 0.486185 -0.099522
v -0.080730 0.475528 -0.131740
v -0.099975 0.461940 -0.163145
v -0.118604 0.445503 -0.193545
v -0.136502 0.426320 -0.222751
v -0.153558 0.404509 -0.250584
v -0.169667 0.380203 -0.276872
v -0.184731 0.353553 -0.301453
v -0.198655 0.324724 -0.324176
v -0.211355 0.293893 -0.344900
v -0.222751 0.261249 -0.363497
v -0.232774 0.226995 -0.379853
v -0.241362 0.191342 -0.393868
v -0.248462 0.154509 -0.405454
v -0.254030 0.116723 -0.414540
v -0.258032 0.078217 -0.421071
v -0.260443 0.039230 -0.425005
v -0.261248 0.000000 -0.426319
v -0.260443 -0.039230 -0.425005
v -0.258032 -0.078217 -0.421071
v -0.254030 -0.116723 -0.414540
v -0.248462 -0.154509 -0.405454
v -0.241362 -0.191342 -0.393868
v -0.232774 -0.226995 -0.379853
v -0.222751 -0.261249 -0.363497
v -0.211355 -0.293893 -0.344900
v -0.198655 -0.324724 -0.324176
v -0.184731 -0.353553 -0.301453
v -0.169667 -0.380203 -0.276872
v -0.153558 -0.404509 -0.250584
v -0.136502 -0.426320 -0.222751
v -0.118604 -0.445503 -0.193545
v -0.099975 -0.461940 -0.163145
v -0.080730 -0.475528 -0.131740
v -0.060987 -0.486185 -0.099522
v -0.040868 -0.493844 -0.066691
v -0.020497 -0.498459 -0.033449
v -0.017810 0.498459 -0.034954
v -0.035510 0.493844 -0.069692
v -0.052991 0.486185 -0.104001
v -0.070145 0.475528 -0.137668
v -0.086867 0.461940 -0.170486
v -0.103053 0.445503 -0.202254
v -0.118604 0.426320 -0.232775
v -0.133424 0.404509 -0.261860
v -0.147421 0.380203 -0.289331
v -0.160509 0.353553 -0.315018
v -0.172608 0.324724 -0.338763
v -0.183643 0.293893 -0.360419
v -0.193545 0.261249 -0.379853
v -0.202254 0.226995 -0.396946
v -0.209716 0.191342 -0.411591
v -0.215885 0.154509 -0.423698
v -0.220723 0.116723 -0.433193
v -0.224200 0.078217 -0.440018
v -0.226295 0.039230 -0.444129
v -0.226994 0.000000 -0.445502
v -0.226295 -0.039230 -0.444129
v -0.224200 -0.078217 -0.440018
v -0.220723 -0.116723 -0.433193
v -0.215885 -0.154509 -0.423698
v -0.209716 -0.191342 -0.411591
v -0.202254 -0.226995 -0.396946
v -0.193545 -0.261249 -0.379853
v -0.183643 -0.293893 -0.360419
v -0.172608 -0.324724 -0.338763
v -0.160509 -0.353553 -0.315018
v -0.147421 -0.380203 -0.289331
v -0.133424 -0.404509 -0.261860
v -0.118604 -0.426320 -0.232775
v -0.103053 -0.445503 -0.202254
v -0.086867 -0.461940 -0.170486
v -0.070145 -0.475528 -0.137668
v -0.052991 -0.486185 -0.104001
v -0.035510 -0.493844 -0.069692
v -0.017810 -0.498459 -0.034954
v -0.015012 0.498459 -0.036243
v -0.029932 0.493844 -0.072263
v -0.044668 0.486185 -0.107838
v -0.059128 0.475528 -0.142747
v -0.073223 0.461940 -0.176776
v -0.086867 0.445503 -0.209716
v -0.099976 0.426320 -0.241363
v -0.112467 0.404509 -0.271521
v -0.124266 0.380203 -0.300005
v -0.135299 0.353553 -0.326640
v -0.145497 0.324724 -0.351261
v -0.154798 0.293893 -0.373716
v -0.163145 0.261249 -0.393868
v -0.170486 0.226995 -0.411591
v -0.176776 0.191342 -0.426776
v -0.181976 0.154509 -0.439330
v -0.186054 0.116723 -0.449176
v -0.188985 0.078217 -0.456252
v -0.190751 0.039230 -0.460515
v -0.191341 0.000000 -0.461939
v -0.190751 -0.039230 -0.460515
v -0.188985 -0.078217 -0.456252
v -0.186054 -0.116723 -0.449176
v -0.181976 -0.154509 -0.439330
v -0.176776 -0.191342 -0.426776
v -0.170486 -0.226995 -0.411591
v -0.163145 -0.261249 -0.393868
v -0.154798 -0.293893 -0.373716
v -0.145497 -0.324724 -0.351261
v -0.135299 -0.353553 -0.326640
v -0.124266 -0.380203 -0.300005
v -0.112467 -0.404509 -0.271521
v -0.099976 -0.426320 -0.241363
v -0.086867 -0.445503 -0.209716
v -0.073223 -0.461940 -0.176776
v -0.059128 -0.475528 -0.142747
v -0.044668 -0.486185 -0.107838
v -0.029932 -0.493844 -0.072263
v -0.015012 -0.498459 -0.036243
v -0.012123 0.498459 -0.037309
v -0.024170 0.493844 -0.074389
v -0.036069 0.486185 -0.111010
v -0.047746 0.475528 -0.146946
v -0.059128 0.461940 -0.181976
v -0.070145 0.445503 -0.215885
v -0.080730 0.426320 -0.248463
v -0.090818 0.404509 -0.279508
v -0.100345 0.380203 -0.308830
v -0.109254 0.353553 -0.336249
v -0.117489 0.324724 -0.361594
v -0.125000 0.293893 -0.384710
v -0.131740 0.261249 -0.405454
v -0.137668 0.226995 -0.423698
v -0.142747 0.191342 -0.439330
v -0.146946 0.154509 -0.452253
v -0.150239 0.116723 -0.462389
v -0.152606 0.078217 -0.469673
v -0.154032 0.039230 -0.474061
v -0.154508 0.000000 -0.475527
v -0.154032 -0.039230 -0.474061
v -0.152606 -0.078217 -0.469673
v -0.150239 -0.116723 -0.462389
v -0.146946 -0.154509 -0.452253
v -0.142747 -0.191342 -0.439330
v -0.137668 -0.226995 -0.423698
v -0.131740 -0.261249 -0.405454
v -0.125000 -0.293893 -0.384710
v -0.117489 -0.324724 -0.361594
v -0.109254 -0.353553 -0.336249
v -0.100345 -0.380203 -0.308830
v -0.090818 -0.404509 -0.279508
v -0.080730 -0.426320 -0.248463
v -0.070145 -0.445503 -0.215885
v -0.059128 -0.461940 -0.181976
v -0.047746 -0.475528 -0.146946
v -0.036069 -0.486185 -0.111010
v -0.024170 -0.493844 -0.074389
v -0.012123 -0.498459 -0.037309
v -0.009158 0.498459 -0.038146
v -0.018259 0.493844 -0.076056
v -0.027248 0.486185 -0.113497
v -0.036069 0.475528 -0.150239
v -0.044668 0.461940 -0.186054
v -0.052991 0.445503 -0.220723
v -0.060987 0.426320 -0.254031
v -0.068608 0.404509 -0.285772
v -0.075805 0.380203 -0.315751
v -0.082535 0.353553 -0.343784
v -0.088756 0.324724 -0.369697
v -0.094430 0.293893 -0.393331
v -0.099522 0.261249 -0.414540
v -0.104000 0.226995 -0.433193
v -0.107837 0.191342 -0.449175
v -0.111009 0.154509 -0.462389
v -0.113497 0.116723 -0.472751
v -0.115285 0.078217 -0.480198
v -0.116362 0.039230 -0.484685
v -0.116722 0.000000 -0.486184
v -0.116362 -0.039230 -0.484685
v -0.115285 -0.078217 -0.480198
v -0.113497 -0.116723 -0.472751
v -0.111009 -0.154509 -0.462389
v -0.107837 -0.191342 -0.449175
v -0.104000 -0.226995 -0.433193
v -0.099522 -0.261249 -0.414540
v -0.094430 -0.293893 -0.393331
v -0.088756 -0.324724 -0.369697
v -0.082535 -0.353553 -0.343784
v -0.075805 -0.380203 -0.315751
v -0.068608 -0.404509 -0.285772
v -0.060987 -0.426320 -0.254031
v -0.052991 -0.445503 -0.220723
v -0.044668 -0.461940 -0.186054
v -0.036069 -0.475528 -0.150239
v -0.027248 -0.486185 -0.113497
v -0.018259 -0.493844 -0.076056
v -0.009158 -0.498459 -0.038146
v -0.006137 0.498459 -0.038746
v -0.012236 0.493844 -0.077254
v -0.018259 0.486185 -0.115285
v -0.024170 0.475528 -0.152606
v -0.029932 0.461940 -0.188986
v -0.035510 0.445503 -0.224200
v -0.040868 0.426320 -0.258033
v -0.045975 0.404509 -0.290274
v -0.050798 0.380203 -0.320725
v -0.055308 0.353553 -0.349200
v -0.059477 0.324724 -0.375521
v -0.063279 0.293893 -0.399527
v -0.066691 0.261249 -0.421071
v -0.069692 0.226995 -0.440018
v -0.072263 0.191342 -0.456252
v -0.074389 0.154509 -0.469673
v -0.076056 0.116723 -0.480198
v -0.077254 0.078217 -0.487763
v -0.077976 0.039230 -0.492321
v -0.078217 0.000000 -0.493843
v -0.077976 -0.039230 -0.492321
v -0.077254 -0.078217 -0.487763
v -0.076056 -0.116723 -0.480198
v -0.074389 -0.154509 -0.469673
v -0.072263 -0.191342 -0.456252
v -0.069692 -0.226995 -0.440018
v -0.066691 -0.261249 -0.421071
v -0.063279 -0.293893 -0.399527
v -0.059477 -0.324724 -0.375521
v -0.055308 -0.353553 -0.349200
v -0.050798 -0.380203 -0.320725
v -0.045975 -0.404509 -0.290274
v -0.040868 -0.426320 -0.258033
v -0.035510 -0.445503 -0.224200
v -0.029932 -0.461940 -0.188986
v -0.024170 -0.475528 -0.152606
v -0.018259 -0.486185 -0.115285
v -0.012236 -0.493844 -0.077254
v -0.006137 -0.498459 -0.038746
v -0.003078 0.498459 -0.039109
v -0.006137 0.493844 -0.077976
v -0.009158 0.486185 -0.116363
v -0.012122 0.475528 -0.154032
v -0.015012 0.461940 -0.190751
v -0.017810 0.445503 -0.226295
v -0.020497 0.426320 -0.260444
v -0.023058 0.404509 -0.292986
v -0.025477 0.380203 -0.323722
v -0.027739 0.353553 -0.352463
v -0.029830 0.324724 -0.379030
v -0.031737 0.293893 -0.403261
v -0.033448 0.261249 -0.425005
v -0.034954 0.226995 -0.444129
v -0.036243 0.191342 -0.460515
v -0.037309 0.154509 -0.474061
v -0.038145 0.116723 -0.484685
v -0.038746 0.078217 -0.492321
v -0.039108 0.039230 -0.496921
v -0.039229 0.000000 -0.498457
v -0.039108 -0.039230 -0.496921
v -0.038746 -0.078217 -0.492321
v -0.038145 -0.116723 -0.484685
v -0.037309 -0.154509 -0.474061
v -0.036243 -0.191342 -0.460515
v -0.034954 -0.226995 -0.444129
v -0.033448 -0.261249 -0.425005
v -0.031737 -0.293893 -0.403261
v -0.029830 -0.324724 -0.379030
v -0.027739 -0.353553 -0.352463
v -0.025477 -0.380203 -0.323722
v -0.023058 -0.404509 -0.292986
v -0.020497 -0.426320 -0.260444
v -0.017810 -0.445503 -0.226295
v -0.015012 -0.461940 -0.190751
v -0.012122 -0.475528 -0.154032
v -0.009158 -0.486185 -0.116363
v -0.006137 -0.493844 -0.077976
v -0.003078 -0.498459 -0.039109
v 0.000000 0.498459 -0.039229
v 0.000000 0.493844 -0.078217
v 0.000000 0.486185 -0.116722
v 0.000000 0.475528 -0.154508
v 0.000000 0.461940 -0.191341
v 0.000000 0.445503 -0.226995
v 0.000000 0.426320 -0.261249
v 0.000000 0.404509 -0.293892
v 0.000000 0.324724 -0.380202
v 0.000000 0.191342 -0.461939
v 0.000000 0.039230 -0.498457
v 0.000000 -0.154509 -0.475527
v 0.000000 -0.191342 -0.461939
v 0.000000 -0.293893 -0.404508
v 0.000000 -0.324724 -0.380202
v 0.000000 -0.353553 -0.353553
v 0.000000 -0.380203 -0.324723
v 0.000000 -0.404509 -0.293892
v 0.000000 -0.426320 -0.261249
v 0.000000 -0.445503 -0.226995
v 0.000000 -0.461940 -0.191341
v 0.000000 -0.475528 -0.154508
v 0.000000 -0.486185 -0.116722
v 0.000000 -0.493844 -0.078217
v 0.000000 -0.498459 -0.039229
vn -0.0000 1.0000 -0.0000
vn -0.0000 0.7599 -0.6500
vn -0.0000 0.7066 -0.7076
vn -0.0000 0.5873 -0.8094
vn -0.0000 0.5221 -0.8529
vn -0.0000 0.4536 -0.8912
vn -0.0000 0.3087 -0.9511
vn -0.0000 0.2332 -0.9724
vn -0.0000 0.1563 -0.9877
vn -0.0000 -0.0000 -1.0000
vn -0.0000 -0.0784 -0.9969
vn -0.0000 -0.1563 -0.9877
vn -0.0000 -0.2332 -0.9724
vn -0.0000 -0.4536 -0.8912
vn -0.0000 -0.5221 -0.8529
vn -0.0000 -1.0000 -0.0000
vn 0.0062 0.9968 -0.0792
vn 0.0123 0.9875 -0.1569
vn 0.0184 0.9721 -0.2336
vn 0.0243 0.9508 -0.3089
vn 0.0301 0.9235 -0.3823
vn 0.0357 0.8906 -0.4534
vn 0.0410 0.8522 -0.5216
vn 0.0462 0.8086 -0.5866
vn 0.0510 0.7599 -0.6480
vn 0.0555 0.7066 -0.7054
vn 0.0597 0.6490 -0.7585
vn 0.0635 0.5873 -0.8069
vn 0.0669 0.5221 -0.8503
vn 0.0699 0.4536 -0.8885
vn 0.0725 0.3823 -0.9212
vn 0.0746 0.3087 -0.9482
vn 0.0763 0.2332 -0.9694
vn 0.0775 0.1563 -0.9847
vn 0.0782 0.0784 -0.9939
vn 0.0785 -0.0000 -0.9969
vn 0.0782 -0.0784 -0.9939
vn 0.0775 -0.1563 -0.9847
vn 0.0763 -0.2332 -0.9694
vn 0.0746 -0.3087 -0.9482
vn 0.0725 -0.3823 -0.9212
vn 0.0699 -0.4536 -0.8885
vn 0.0669 -0.5221 -0.8503
vn 0.0635 -0.5873 -0.8069
vn 0.0597 -0.6490 -0.7585
vn 0.0555 -0.7066 -0.7054
vn 0.0510 -0.7599 -0.6480
vn 0.0462 -0.8086 -0.5866
vn 0.0410 -0.8522 -0.5216
vn 0.0357 -0.8906 -0.4534
vn 0.0301 -0.9235 -0.3823
vn 0.0243 -0.9508 -0.3089
vn 0.0184 -0.9721 -0.2336
vn 0.0123 -0.9875 -0.1569
vn 0.0062 -0.9968 -0.0792
vn 0.0124 0.9968 -0.0785
vn 0.0246 0.9875 -0.1555
vn 0.0367 0.9721 -0.2315
vn 0.0485 0.9508 -0.3061
vn 0.0600 0.9235 -0.3788
vn 0.0711 0.8906 -0.4492
vn 0.0818 0.8522 -0.5168
vn 0.0921 0.8086 -0.5812
vn 0.1017 0.7599 -0.6420
vn 0.1107 0.7066 -0.6989
vn 0.1190 0.6490 -0.7515
vn 0.1266 0.5873 -0.7994
vn 0.1334 0.5221 -0.8424
vn 0.1394 0.4536 -0.8802
vn 0.1445 0.3823 -0.9126
vn 0.1488 0.3087 -0.9394
vn 0.1521 0.2332 -0.9605
vn 0.1545 0.1563 -0.9756
vn 0.1560 0.0784 -0.9846
vn 0.1564 -0.0000 -0.9877
vn 0.1560 -0.0784 -0.9846
vn 0.1545 -0.1563 -0.9756
vn 0.1521 -0.2332 -0.9605
vn 0.1488 -0.3087 -0.9394
vn 0.1445 -0.3823 -0.9126
vn 0.1394 -0.4536 -0.8802
vn 0.1334 -0.5221 -0.8424
vn 0.1266 -0.5873 -0.7994
vn 0.1190 -0.6490 -0.7515
vn 0.1107 -0.7066 -0.6989
vn 0.1017 -0.7599 -0.6420
vn 0.0920 -0.8086 -0.5812
vn 0.0818 -0.8522 -0.5168
vn 0.0711 -0.8906 -0.4492
vn 0.0600 -0.9235 -0.3788
vn 0.0485 -0.9508 -0.3061
vn 0.0367 -0.9721 -0.2315
vn 0.0246 -0.9875 -0.1555
vn 0.0124 -0.9968 -0.0785
vn 0.0185 0.9968 -0.0772
vn 0.0368 0.9875 -0.1530
vn 0.0547 0.9721 -0.2279
vn 0.0723 0.9508 -0.3013
vn 0.0895 0.9235 -0.3729
vn 0.1062 0.8906 -0.4422
vn 0.1221 0.8522 -0.5088
vn 0.1374 0.8086 -0.5722
vn 0.1517 0.7599 -0.6321
vn 0.1652 0.7066 -0.6880
vn 0.1776 0.6490 -0.7398
vn 0.1889 0.5873 -0.7870
vn 0.1991 0.5221 -0.8293
vn 0.2080 0.4536 -0.8666
vn 0.2157 0.3823 -0.8985
vn 0.2220 0.3087 -0.9249
vn 0.2270 0.2332 -0.9456
vn 0.2306 0.1563 -0.9604
vn 0.2327 0.0784 -0.9694
vn 0.2334 -0.0000 -0.9724
vn 0.2327 -0.0784 -0.9694
vn 0.2306 -0.1563 -0.9604
vn 0.2270 -0.2332 -0.9456
vn 0.2220 -0.3087 -0.9249
vn 0.2157 -0.3823 -0.8985
vn 0.2080 -0.4536 -0.8666
vn 0.1991 -0.5221 -0.8293
vn 0.1889 -0.5873 -0.7870
vn 0.1776 -0.6490 -0.7398
vn 0.1652 -0.7066 -0.6880
vn 0.1517 -0.7599 -0.6321
vn 0.1374 -0.8086 -0.5722
vn 0.1221 -0.8522 -0.5088
vn 0.1062 -0.8906 -0.4422
vn 0.0895 -0.9235 -0.3729
vn 0.0723 -0.9508 -0.3013
vn 0.0547 -0.9721 -0.2279
vn 0.0367 -0.9875 -0.1530
vn 0.0185 -0.9968 -0.0772
vn 0.0245 0.9968 -0.0755
vn 0.0486 0.9875 -0.1497
vn 0.0724 0.9721 -0.2229
vn 0.0958 0.9508 -0.2947
vn 0.1185 0.9235 -0.3647
vn 0.1405 0.8906 -0.4325
vn 0.1617 0.8522 -0.4976
vn 0.1818 0.8086 -0.5596
vn 0.2009 0.7599 -0.6182
vn 0.2187 0.7066 -0.6730
vn 0.2351 0.6490 -0.7236
vn 0.2501 0.5873 -0.7697
vn 0.2636 0.5221 -0.8112
vn 0.2754 0.4536 -0.8476
vn 0.2855 0.3823 -0.8788
vn 0.2939 0.3087 -0.9046
vn 0.3005 0.2332 -0.9248
vn 0.3052 0.1563 -0.9394
vn 0.3081 0.0784 -0.9481
vn 0.3090 -0.0000 -0.9511
vn 0.3081 -0.0784 -0.9481
vn 0.3052 -0.1563 -0.9394
vn 0.3005 -0.2332 -0.9248
vn 0.2939 -0.3087 -0.9046
vn 0.2855 -0.3823 -0.8788
vn 0.2754 -0.4536 -0.8476
vn 0.2636 -0.5221 -0.8112
vn 0.2501 -0.5873 -0.7697
vn 0.2351 -0.6490 -0.7236
vn 0.2187 -0.7066 -0.6730
vn 0.2009 -0.7599 -0.6182
vn 0.1818 -0.8086 -0.5596
vn 0.1617 -0.8522 -0.4976
vn 0.1405 -0.8906 -0.4325
vn 0.1185 -0.9235 -0.3647
vn 0.0958 -0.9508 -0.2947
vn 0.0724 -0.9721 -0.2229
vn 0.0486 -0.9875 -0.1497
vn 0.0246 -0.9968 -0.0755
vn 0.0304 0.9968 -0.0734
vn 0.0602 0.9875 -0.1454
vn 0.0897 0.9721 -0.2165
vn 0.1186 0.9508 -0.2863
vn 0.1468 0.9235 -0.3543
vn 0.1740 0.8906 -0.4202
vn 0.2002 0.8522 -0.4834
vn 0.2252 0.8085 -0.5436
vn 0.2488 0.7599 -0.6005
vn 0.2708 0.7066 -0.6537
vn 0.2912 0.6490 -0.7029
vn 0.3097 0.5873 -0.7477
vn 0.3264 0.5221 -0.7880
vn 0.3411 0.4536 -0.8234
vn 0.3536 0.3823 -0.8537
vn 0.3640 0.3087 -0.8787
vn 0.3721 0.2332 -0.8984
vn 0.3780 0.1563 -0.9125
vn 0.3815 0.0784 -0.9210
vn 0.3827 -0.0000 -0.9239
vn 0.3815 -0.0784 -0.9210
vn 0.3780 -0.1563 -0.9125
vn 0.3721 -0.2332 -0.8984
vn 0.3640 -0.3087 -0.8787
vn 0.3536 -0.3823 -0.8537
vn 0.3411 -0.4536 -0.8234
vn 0.3264 -0.5221 -0.7880
vn 0.3097 -0.5873 -0.7477
vn 0.2912 -0.6490 -0.7029
vn 0.2708 -0.7066 -0.6537
vn 0.2488 -0.7599 -0.6005
vn 0.2252 -0.8086 -0.5436
vn 0.2002 -0.8522 -0.4834
vn 0.1740 -0.8906 -0.4202
vn 0.1468 -0.9235 -0.3543
vn 0.1186 -0.9508 -0.2863
vn 0.0897 -0.9721 -0.2165
vn 0.0602 -0.9875 -0.1454
vn 0.0304 -0.9968 -0.0734
vn 0.0361 0.9968 -0.0708
vn 0.0715 0.9875 -0.1402
vn 0.1064 0.9721 -0.2088
vn 0.1407 0.9508 -0.2761
vn 0.1741 0.9235 -0.3417
vn 0.2065 0.8906 -0.4052
vn 0.2375 0.8522 -0.4662
vn 0.2671 0.8086 -0.5243
vn 0.2951 0.7599 -0.5792
vn 0.3212 0.7066 -0.6305
vn 0.3454 0.6490 -0.6779
vn 0.3674 0.5873 -0.7211
vn 0.3872 0.5221 -0.7599
vn 0.4046 0.4536 -0.7941
vn 0.4195 0.3823 -0.8233
vn 0.4318 0.3087 -0.8475
vn 0.4415 0.2332 -0.8664
vn 0.4484 0.1563 -0.8801
vn 0.4526 0.0784 -0.8883
vn 0.4540 -0.0000 -0.8910
vn 0.4526 -0.0784 -0.8883
vn 0.4484 -0.1563 -0.8801
vn 0.4415 -0.2332 -0.8664
vn 0.4318 -0.3087 -0.8475
vn 0.4195 -0.3823 -0.8233
vn 0.4046 -0.4536 -0.7941
vn 0.3872 -0.5221 -0.7599
vn 0.3674 -0.5873 -0.7211
vn 0.3454 -0.6490 -0.6779
vn 0.3212 -0.7066 -0.6305
vn 0.2951 -0.7599 -0.5792
vn 0.2671 -0.8086 -0.5243
vn 0.2375 -0.8522 -0.4662
vn 0.2065 -0.8906 -0.4052
vn 0.1741 -0.9235 -0.3417
vn 0.1407 -0.9508 -0.2761
vn 0.1064 -0.9721 -0.2088
vn 0.0715 -0.9875 -0.1402
vn 0.0361 -0.9968 -0.0708
vn 0.0415 0.9968 -0.0677
vn 0.0822 0.9875 -0.1342
vn 0.1225 0.9721 -0.1998
vn 0.1619 0.9508 -0.2642
vn 0.2004 0.9235 -0.3270
vn 0.2376 0.8906 -0.3878
vn 0.2734 0.8522 -0.4461
vn 0.3075 0.8086 -0.5017
vn 0.3396 0.7599 -0.5542
vn 0.3697 0.7066 -0.6033
vn 0.3975 0.6490 -0.6487
vn 0.4229 0.5873 -0.6901
vn 0.4456 0.5221 -0.7272
vn 0.4657 0.4536 -0.7599
vn 0.4828 0.3823 -0.7879
vn 0.4970 0.3087 -0.8110
vn 0.5081 0.2332 -0.8291
vn 0.5161 0.1563 -0.8422
vn 0.5209 0.0784 -0.8500
vn 0.5225 -0.0000 -0.8526
vn 0.5209 -0.0784 -0.8500
vn 0.5161 -0.1563 -0.8422
vn 0.5081 -0.2332 -0.8291
vn 0.4970 -0.3087 -0.8110
vn 0.4828 -0.3823 -0.7879
vn 0.4657 -0.4536 -0.7599
vn 0.4456 -0.5221 -0.7272
vn 0.4229 -0.5873 -0.6901
vn 0.3975 -0.6490 -0.6487
vn 0.3697 -0.7066 -0.6033
vn 0.3396 -0.7599 -0.5542
vn 0.3075 -0.8086 -0.5017
vn 0.2734 -0.8522 -0.4461
vn 0.2376 -0.8906 -0.3878
vn 0.2004 -0.9235 -0.3270
vn 0.1619 -0.9508 -0.2642
vn 0.1225 -0.9721 -0.1998
vn 0.0822 -0.9875 -0.1342
vn 0.0415 -0.9968 -0.0677
vn 0.0467 0.9968 -0.0643
vn 0.0925 0.9875 -0.1273
vn 0.1378 0.9721 -0.1896
vn 0.1822 0.9508 -0.2507
vn 0.2254 0.9235 -0.3103
vn 0.2673 0.8906 -0.3679
vn 0.3075 0.8522 -0.4233
vn 0.3459 0.8086 -0.4760
vn 0.3821 0.7599 -0.5259
vn 0.4159 0.7066 -0.5725
vn 0.4472 0.6490 -0.6155
vn 0.4757 0.5873 -0.6548
vn 0.5013 0.5221 -0.6900
vn 0.5238 0.4536 -0.7210
vn 0.5431 0.3823 -0.7475
vn 0.5591 0.3087 -0.7695
vn 0.5716 0.2332 -0.7867
vn 0.5806 0.1563 -0.7991
vn 0.5860 0.0784 -0.8065
vn 0.5878 -0.0000 -0.8090
vn 0.5860 -0.0784 -0.8065
vn 0.5806 -0.1563 -0.7991
vn 0.5716 -0.2332 -0.7867
vn 0.5591 -0.3087 -0.7695
vn 0.5431 -0.3823 -0.7475
vn 0.5238 -0.4536 -0.7210
vn 0.5013 -0.5221 -0.6900
vn 0.4757 -0.5873 -0.6548
vn 0.4472 -0.6490 -0.6155
vn 0.4159 -0.7066 -0.5725
vn 0.3821 -0.7599 -0.5259
vn 0.3459 -0.8086 -0.4760
vn 0.3075 -0.8522 -0.4233
vn 0.2673 -0.8906 -0.3679
vn 0.2254 -0.9235 -0.3103
vn 0.1822 -0.9508 -0.2507
vn 0.1378 -0.9721 -0.1896
vn 0.0925 -0.9875 -0.1273
vn 0.0467 -0.9968 -0.0643
vn 0.0516 0.9968 -0.0604
vn 0.1022 0.9875 -0.1197
vn 0.1522 0.9721 -0.1782
vn 0.2013 0.9508 -0.2357
vn 0.2491 0.9235 -0.2916
vn 0.2953 0.8906 -0.3458
vn 0.3398 0.8522 -0.3979
vn 0.3822 0.8086 -0.4474
vn 0.4222 0.7599 -0.4943
vn 0.4595 0.7066 -0.5381
vn 0.4941 0.6490 -0.5785
vn 0.5256 0.5873 -0.6154
vn 0.5539 0.5221 -0.6486
vn 0.5788 0.4536 -0.6777
vn 0.6001 0.3823 -0.7026
vn 0.6177 0.3087 -0.7233
vn 0.6315 0.2332 -0.7394
vn 0.6415 0.1563 -0.7511
vn 0.6474 0.0784 -0.7581
vn 0.6494 -0.0000 -0.7604
vn 0.6474 -0.0784 -0.7581
vn 0.6415 -0.1563 -0.7511
vn 0.6315 -0.2332 -0.7394
vn 0.6177 -0.3087 -0.7233
vn 0.6001 -0.3823 -0.7026
vn 0.5788 -0.4536 -0.6777
vn 0.5539 -0.5221 -0.6486
vn 0.5256 -0.5873 -0.6154
vn 0.4941 -0.6490 -0.5785
vn 0.4595 -0.7066 -0.5381
vn 0.4222 -0.7599 -0.4943
vn 0.3822 -0.8086 -0.4474
vn 0.3398 -0.8522 -0.3979
vn 0.2953 -0.8906 -0.3458
vn 0.2491 -0.9235 -0.2916
vn 0.2013 -0.9508 -0.2357
vn 0.1522 -0.9721 -0.1782
vn 0.1022 -0.9875 -0.1197
vn 0.0516 -0.9968 -0.0604
vn 0.0562 0.9968 -0.0562
vn 0.1113 0.9875 -0.1113
vn 0.1657 0.9721 -0.1657
vn 0.2191 0.9508 -0.2191
vn 0.2712 0.9235 -0.2712
vn 0.3216 0.8906 -0.3216
vn 0.3700 0.8522 -0.3700
vn 0.4161 0.8086 -0.4161
vn 0.4596 0.7599 -0.4596
vn 0.5003 0.7066 -0.5003
vn 0.5380 0.6490 -0.5380
vn 0.5723 0.5873 -0.5723
vn 0.6031 0.5221 -0.6031
vn 0.6302 0.4536 -0.6302
vn 0.6534 0.3823 -0.6534
vn 0.6726 0.3087 -0.6726
vn 0.6876 0.2332 -0.6876
vn 0.6984 0.1563 -0.6984
vn 0.7049 0.0784 -0.7049
vn 0.7071 -0.0000 -0.7071
vn 0.7049 -0.0784 -0.7049
vn 0.6984 -0.1563 -0.6984
vn 0.6876 -0.2332 -0.6876
vn 0.6726 -0.3087 -0.6726
vn 0.6534 -0.3823 -0.6534
vn 0.6302 -0.4536 -0.6302
vn 0.6031 -0.5221 -0.6031
vn 0.5723 -0.5873 -0.5723
vn 0.5380 -0.6490 -0.5380
vn 0.5003 -0.7066 -0.5003
vn 0.4596 -0.7599 -0.4596
vn 0.4161 -0.8086 -0.4161
vn 0.3700 -0.8522 -0.3700
vn 0.3216 -0.8906 -0.3216
vn 0.2712 -0.9235 -0.2712
vn 0.2191 -0.9508 -0.2191
vn 0.1657 -0.9721 -0.1657
vn 0.1113 -0.9875 -0.1113
vn 0.0562 -0.9968 -0.0562
vn 0.0604 0.9968 -0.0516
vn 0.1197 0.9875 -0.1022
vn 0.1782 0.9721 -0.1522
vn 0.2357 0.9508 -0.2013
vn 0.2916 0.9235 -0.2491
vn 0.3458 0.8906 -0.2953
vn 0.3979 0.8522 -0.3398
vn 0.4474 0.8086 -0.3822
vn 0.4943 0.7599 -0.4221
vn 0.5381 0.7066 -0.4595
vn 0.5785 0.6490 -0.4941
vn 0.6154 0.5873 -0.5256
vn 0.6486 0.5221 -0.5539
vn 0.6777 0.4536 -0.5788
vn 0.7026 0.3823 -0.6001
vn 0.7233 0.3087 -0.6177
vn 0.7394 0.2332 -0.6315
vn 0.7511 0.1563 -0.6415
vn 0.7581 0.0784 -0.6474
vn 0.7604 -0.0000 -0.6494
vn 0.7581 -0.0784 -0.6474
vn 0.7511 -0.1563 -0.6415
vn 0.7394 -0.2332 -0.6315
vn 0.7233 -0.3087 -0.6177
vn 0.7026 -0.3823 -0.6001
vn 0.6777 -0.4536 -0.5788
vn 0.6486 -0.5221 -0.5539
vn 0.6154 -0.5873 -0.5256
vn 0.5785 -0.6490 -0.4941
vn 0.5381 -0.7066 -0.4595
vn 0.4943 -0.7599 -0.4222
vn 0.4474 -0.8086 -0.3822
vn 0.3979 -0.8522 -0.3398
vn 0.3458 -0.8906 -0.2953
vn 0.2916 -0.9235 -0.2491
vn 0.2357 -0.9508 -0.2013
vn 0.1782 -0.9721 -0.1522
vn 0.1197 -0.9875 -0.1022
vn 0.0604 -0.9968 -0.0516
vn 0.0643 0.9968 -0.0467
vn 0.1273 0.9875 -0.0925
vn 0.1896 0.9721 -0.1378
vn 0.2507 0.9508 -0.1822
vn 0.3103 0.9235 -0.2254
vn 0.3679 0.8906 -0.2673
vn 0.4233 0.8522 -0.3075
vn 0.4760 0.8086 -0.3459
vn 0.5259 0.7599 -0.3821
vn 0.5725 0.7066 -0.4159
vn 0.6155 0.6490 -0.4472
vn 0.6548 0.5873 -0.4757
vn 0.6900 0.5221 -0.5013
vn 0.7210 0.4536 -0.5238
vn 0.7476 0.3823 -0.5431
vn 0.7695 0.3087 -0.5591
vn 0.7867 0.2332 -0.5716
vn 0.7991 0.1563 -0.5806
vn 0.8065 0.0784 -0.5860
vn 0.8090 -0.0000 -0.5878
vn 0.8065 -0.0784 -0.5860
vn 0.7991 -0.1563 -0.5806
vn 0.7867 -0.2332 -0.5716
vn 0.7695 -0.3087 -0.5591
vn 0.7476 -0.3823 -0.5431
vn 0.7210 -0.4536 -0.5238
vn 0.6900 -0.5221 -0.5013
vn 0.6548 -0.5873 -0.4757
vn 0.6155 -0.6490 -0.4472
vn 0.5725 -0.7066 -0.4159
vn 0.5259 -0.7599 -0.3821
vn 0.4760 -0.8086 -0.3459
vn 0.4233 -0.8522 -0.3075
vn 0.3679 -0.8906 -0.2673
vn 0.3103 -0.9235 -0.2254
vn 0.2507 -0.9508 -0.1822
vn 0.1896 -0.9721 -0.1378
vn 0.1273 -0.9875 -0.0925
vn 0.0643 -0.9968 -0.0467
vn 0.0677 0.9968 -0.0415
vn 0.1342 0.9875 -0.0822
vn 0.1998 0.9721 -0.1225
vn 0.2642 0.9508 -0.1619
vn 0.3270 0.9235 -0.2004
vn 0.3878 0.8906 -0.2376
vn 0.4461 0.8522 -0.2734
vn 0.5017 0.8086 -0.3075
vn 0.5542 0.7599 -0.3396
vn 0.6033 0.7066 -0.3697
vn 0.6487 0.6490 -0.3975
vn 0.6901 0.5873 -0.4229
vn 0.7272 0.5221 -0.4456
vn 0.7599 0.4536 -0.4657
vn 0.7879 0.3823 -0.4828
vn 0.8110 0.3087 -0.4970
vn 0.8291 0.2332 -0.5081
vn 0.8422 0.1563 -0.5161
vn 0.8500 0.0784 -0.5209
vn 0.8526 -0.0000 -0.5225
vn 0.8500 -0.0784 -0.5209
vn 0.8422 -0.1563 -0.5161
vn 0.8291 -0.2332 -0.5081
vn 0.8110 -0.3087 -0.4970
vn 0.7879 -0.3823 -0.4828
vn 0.7599 -0.4536 -0.4657
vn 0.7272 -0.5221 -0.4456
vn 0.6901 -0.5873 -0.4229
vn 0.6487 -0.6490 -0.3975
vn 0.6033 -0.7066 -0.3697
vn 0.5542 -0.7599 -0.3396
vn 0.5017 -0.8086 -0.3075
vn 0.4461 -0.8522 -0.2734
vn 0.3878 -0.8906 -0.2376
vn 0.3270 -0.9235 -0.2004
vn 0.2642 -0.9508 -0.1619
vn 0.1998 -0.9721 -0.1225
vn 0.1342 -0.9875 -0.0822
vn 0.0677 -0.9968 -0.0415
vn 0.0708 0.9968 -0.0361
vn 0.1402 0.9875 -0.0715
vn 0.2088 0.9721 -0.1064
vn 0.2761 0.9508 -0.1407
vn 0.3417 0.9235 -0.1741
vn 0.4052 0.8906 -0.2065
vn 0.4662 0.8522 -0.2375
vn 0.5243 0.8086 -0.2671
vn 0.5792 0.7599 -0.2951
vn 0.6305 0.7066 -0.3212
vn 0.6779 0.6490 -0.3454
vn 0.7211 0.5873 -0.3674
vn 0.7599 0.5221 -0.3872
vn 0.7941 0.4536 -0.4046
vn 0.8233 0.3823 -0.4195
vn 0.8475 0.3087 -0.4318
vn 0.8664 0.2332 -0.4415
vn 0.8801 0.1563 -0.4484
vn 0.8883 0.0784 -0.4526
vn 0.8910 -0.0000 -0.4540
vn 0.8883 -0.0784 -0.4526
vn 0.8801 -0.1563 -0.4484
vn 0.8664 -0.2332 -0.4415
vn 0.8475 -0.3087 -0.4318
vn 0.8233 -0.3823 -0.4195
vn 0.7941 -0.4536 -0.4046
vn 0.7599 -0.5221 -0.3872
vn 0.7211 -0.5873 -0.3674
vn 0.6779 -0.6490 -0.3454
vn 0.6305 -0.7066 -0.3212
vn 0.5792 -0.7599 -0.2951
vn 0.5243 -0.8086 -0.2671
vn 0.4662 -0.8522 -0.2375
vn 0.4052 -0.8906 -0.2065
vn 0.3417 -0.9235 -0.1741
vn 0.2761 -0.9508 -0.1407
vn 0.2088 -0.9721 -0.1064
vn 0.1402 -0.9875 -0.0715
vn 0.0708 -0.9968 -0.0361
vn 0.0734 0.9968 -0.0304
vn 0.1454 0.9875 -0.0602
vn 0.2165 0.9721 -0.0897
vn 0.2863 0.9508 -0.1186
vn 0.3543 0.9235 -0.1468
vn 0.4202 0.8906 -0.1740
vn 0.4834 0.8522 -0.2002
vn 0.5436 0.8086 -0.2252
vn 0.6005 0.7599 -0.2487
vn 0.6537 0.7066 -0.2708
vn 0.7029 0.6490 -0.2912
vn 0.7477 0.5873 -0.3097
vn 0.7880 0.5221 -0.3264
vn 0.8234 0.4536 -0.3411
vn 0.8537 0.3823 -0.3536
vn 0.8787 0.3087 -0.3640
vn 0.8984 0.2332 -0.3721
vn 0.9125 0.1563 -0.3780
vn 0.9210 0.0784 -0.3815
vn 0.9239 -0.0000 -0.3827
vn 0.9210 -0.0784 -0.3815
vn 0.9125 -0.1563 -0.3780
vn 0.8984 -0.2332 -0.3721
vn 0.8787 -0.3087 -0.3640
vn 0.8537 -0.3823 -0.3536
vn 0.8234 -0.4536 -0.3410
vn 0.7880 -0.5221 -0.3264
vn 0.7477 -0.5873 -0.3097
vn 0.7029 -0.6490 -0.2912
vn 0.6537 -0.7066 -0.2708
vn 0.6005 -0.7599 -0.2487
vn 0.5436 -0.8086 -0.2252
vn 0.4834 -0.8522 -0.2002
vn 0.4202 -0.8906 -0.1740
vn 0.3543 -0.9235 -0.1468
vn 0.2863 -0.9508 -0.1186
vn 0.2165 -0.9721 -0.0897
vn 0.1454 -0.9875 -0.0602
vn 0.0734 -0.9968 -0.0304
vn 0.0755 0.9968 -0.0245
vn 0.1497 0.9875 -0.0486
vn 0.2229 0.9721 -0.0724
vn 0.2947 0.9508 -0.0958
vn 0.3647 0.9235 -0.1185
vn 0.4325 0.8906 -0.1405
vn 0.4976 0.8522 -0.1617
vn 0.5596 0.8085 -0.1818
vn 0.6182 0.7599 -0.2009
vn 0.6730 0.7066 -0.2187
vn 0.7236 0.6490 -0.2351
vn 0.7697 0.5873 -0.2501
vn 0.8112 0.5221 -0.2636
vn 0.8476 0.4536 -0.2754
vn 0.8788 0.3823 -0.2855
vn 0.9046 0.3087 -0.2939
vn 0.9248 0.2332 -0.3005
vn 0.9394 0.1563 -0.3052
vn 0.9481 0.0784 -0.3081
vn 0.9511 -0.0000 -0.3090
vn 0.9481 -0.0784 -0.3081
vn 0.9394 -0.1563 -0.3052
vn 0.9248 -0.2332 -0.3005
vn 0.9046 -0.3087 -0.2939
vn 0.8788 -0.3823 -0.2855
vn 0.8476 -0.4536 -0.2754
vn 0.8112 -0.5221 -0.2636
vn 0.7697 -0.5873 -0.2501
vn 0.7236 -0.6490 -0.2351
vn 0.6730 -0.7066 -0.2187
vn 0.6182 -0.7599 -0.2009
vn 0.5596 -0.8086 -0.1818
vn 0.4976 -0.8522 -0.1617
vn 0.4325 -0.8906 -0.1405
vn 0.3647 -0.9235 -0.1185
vn 0.2947 -0.9508 -0.0958
vn 0.2229 -0.9721 -0.0724
vn 0.1497 -0.9875 -0.0486
vn 0.0756 -0.9968 -0.0245
vn 0.0772 0.9968 -0.0185
vn 0.1530 0.9875 -0.0367
vn 0.2279 0.9721 -0.0547
vn 0.3013 0.9508 -0.0723
vn 0.3729 0.9235 -0.0895
vn 0.4422 0.8906 -0.1062
vn 0.5088 0.8522 -0.1221
vn 0.5722 0.8086 -0.1374
vn 0.6321 0.7599 -0.1517
vn 0.6880 0.7066 -0.1652
vn 0.7398 0.6490 -0.1776
vn 0.7870 0.5873 -0.1889
vn 0.8293 0.5221 -0.1991
vn 0.8666 0.4536 -0.2080
vn 0.8985 0.3823 -0.2157
vn 0.9249 0.3087 -0.2220
vn 0.9456 0.2332 -0.2270
vn 0.9604 0.1563 -0.2306
vn 0.9694 0.0784 -0.2327
vn 0.9724 -0.0000 -0.2334
vn 0.9694 -0.0784 -0.2327
vn 0.9604 -0.1563 -0.2306
vn 0.9456 -0.2332 -0.2270
vn 0.9249 -0.3087 -0.2220
vn 0.8985 -0.3823 -0.2157
vn 0.8666 -0.4536 -0.2080
vn 0.8293 -0.5221 -0.1991
vn 0.7870 -0.5873 -0.1889
vn 0.7398 -0.6490 -0.1776
vn 0.6880 -0.7066 -0.1652
vn 0.6321 -0.7599 -0.1517
vn 0.5722 -0.8085 -0.1374
vn 0.5088 -0.8522 -0.1221
vn 0.4422 -0.8906 -0.1062
vn 0.3729 -0.9235 -0.0895
vn 0.3013 -0.9508 -0.0723
vn 0.2279 -0.9721 -0.0547
vn 0.1530 -0.9875 -0.0367
vn 0.0772 -0.9968 -0.0185
vn 0.0785 0.9968 -0.0124
vn 0.1555 0.9875 -0.0246
vn 0.2315 0.9721 -0.0367
vn 0.3061 0.9508 -0.0485
vn 0.3788 0.9235 -0.0600
vn 0.4492 0.8906 -0.0711
vn 0.5168 0.8522 -0.0818
vn 0.5812 0.8086 -0.0921
vn 0.6420 0.7599 -0.1017
vn 0.6989 0.7066 -0.1107
vn 0.7515 0.6490 -0.1190
vn 0.7994 0.5873 -0.1266
vn 0.8424 0.5221 -0.1334
vn 0.8802 0.4536 -0.1394
vn 0.9126 0.3823 -0.1445
vn 0.9394 0.3087 -0.1488
vn 0.9605 0.2332 -0.1521
vn 0.9756 0.1563 -0.1545
vn 0.9846 0.0784 -0.1560
vn 0.9877 -0.0000 -0.1564
vn 0.9846 -0.0784 -0.1560
vn 0.9756 -0.1563 -0.1545
vn 0.9605 -0.2332 -0.1521
vn 0.9394 -0.3087 -0.1488
vn 0.9126 -0.3823 -0.1445
vn 0.8802 -0.4536 -0.1394
vn 0.8424 -0.5221 -0.1334
vn 0.7994 -0.5873 -0.1266
vn 0.7515 -0.6490 -0.1190
vn 0.6989 -0.7066 -0.1107
vn 0.6420 -0.7599 -0.1017
vn 0.5812 -0.8086 -0.0921
vn 0.5168 -0.8522 -0.0818
vn 0.4492 -0.8906 -0.0711
vn 0.3788 -0.9235 -0.0600
vn 0.3061 -0.9508 -0.0485
vn 0.2315 -0.9721 -0.0367
vn 0.1555 -0.9875 -0.0246
vn 0.0785 -0.9968 -0.0124
vn 0.0792 0.9968 -0.0062
vn 0.1569 0.9875 -0.0123
vn 0.2337 0.9721 -0.0184
vn 0.3089 0.9508 -0.0243
vn 0.3823 0.9235 -0.0301
vn 0.4534 0.8906 -0.0357
vn 0.5216 0.8522 -0.0410
vn 0.5866 0.8086 -0.0462
vn 0.6480 0.7599 -0.0510
vn 0.7054 0.7066 -0.0555
vn 0.7585 0.6490 -0.0597
vn 0.8069 0.5873 -0.0635
vn 0.8503 0.5221 -0.0669
vn 0.8885 0.4536 -0.0699
vn 0.9212 0.3823 -0.0725
vn 0.9482 0.3087 -0.0746
vn 0.9694 0.2332 -0.0763
vn 0.9847 0.1563 -0.0775
vn 0.9939 0.0784 -0.0782
vn 0.9969 -0.0000 -0.0785
vn 0.9939 -0.0784 -0.0782
vn 0.9847 -0.1563 -0.0775
vn 0.9694 -0.2332 -0.0763
vn 0.9482 -0.3087 -0.0746
vn 0.9212 -0.3823 -0.0725
vn 0.8885 -0.4536 -0.0699
vn 0.8503 -0.5221 -0.0669
vn 0.8069 -0.5873 -0.0635
vn 0.7585 -0.6490 -0.0597
vn 0.7054 -0.7066 -0.0555
vn 0.6480 -0.7599 -0.0510
vn 0.5866 -0.8086 -0.0462
vn 0.5216 -0.8522 -0.0410
vn 0.4534 -0.8906 -0.0357
vn 0.3823 -0.9235 -0.0301
vn 0.3089 -0.9508 -0.0243
vn 0.2337 -0.9721 -0.0184
vn 0.1569 -0.9875 -0.0123
vn 0.0792 -0.9968 -0.0062
vn 0.0794 0.9968 -0.0000
vn 0.1574 0.9875 -0.0000
vn 0.2344 0.9721 -0.0000
vn 0.3099 0.9508 -0.0000
vn 0.3835 0.9235 -0.0000
vn 0.4548 0.8906 -0.0000
vn 0.5232 0.8522 -0.0000
vn 0.5884 0.8085 -0.0000
vn 0.6500 0.7599 -0.0000
vn 0.7076 0.7066 -0.0000
vn 0.7608 0.6490 -0.0000
vn 0.8094 0.5873 -0.0000
vn 0.8529 0.5221 -0.0000
vn 0.8912 0.4536 -0.0000
vn 0.9240 0.3823 -0.0000
vn 0.9511 0.3087 -0.0000
vn 0.9724 0.2332 -0.0000
vn 0.9877 0.1563 -0.0000
vn 0.9969 0.0784 -0.0000
vn 1.0000 -0.0000 -0.0000
vn 0.9969 -0.0784 -0.0000
vn 0.9877 -0.1563 -0.0000
vn 0.9724 -0.2332 -0.0000
vn 0.9511 -0.3087 -0.0000
vn 0.9240 -0.3823 -0.0000
vn 0.8912 -0.4536 -0.0000
vn 0.8529 -0.5221 -0.0000
vn 0.8094 -0.5873 -0.0000
vn 0.7608 -0.6490 -0.0000
vn 0.7076 -0.7066 -0.0000
vn 0.6500 -0.7599 -0.0000
vn 0.5884 -0.8085 -0.0000
vn 0.5232 -0.8522 -0.0000
vn 0.4548 -0.8906 -0.0000
vn 0.3835 -0.9235 -0.0000
vn 0.3099 -0.9508 -0.0000
vn 0.2344 -0.9721 -0.0000
vn 0.1574 -0.9875 -0.0000
vn 0.0794 -0.9968 -0.0000
vn 0.0792 0.9968 0.0062
vn 0.1569 0.9875 0.0123
vn 0.2337 0.9721 0.0184
vn 0.3089 0.9508 0.0243
vn 0.3823 0.9235 0.0301
vn 0.4534 0.8906 0.0357
vn 0.5216 0.8522 0.0411
vn 0.5866 0.8086 0.0462
vn 0.6480 0.7599 0.0510
vn 0.7054 0.7066 0.0555
vn 0.7585 0.6490 0.0597
vn 0.8069 0.5873 0.0635
vn 0.8503 0.5221 0.0669
vn 0.8885 0.4536 0.0699
vn 0.9212 0.3823 0.0725
vn 0.9482 0.3087 0.0746
vn 0.9694 0.2332 0.0763
vn 0.9847 0.1563 0.0775
vn 0.9939 0.0784 0.0782
vn 0.9969 -0.0000 0.0785
vn 0.9939 -0.0784 0.0782
vn 0.9847 -0.1563 0.0775
vn 0.9694 -0.2332 0.0763
vn 0.9482 -0.3087 0.0746
vn 0.9212 -0.3823 0.0725
vn 0.8885 -0.4536 0.0699
vn 0.8503 -0.5221 0.0669
vn 0.8069 -0.5873 0.0635
vn 0.7585 -0.6490 0.0597
vn 0.7054 -0.7066 0.0555
vn 0.6480 -0.7599 0.0510
vn 0.5866 -0.8086 0.0462
vn 0.5216 -0.8522 0.0411
vn 0.4534 -0.8906 0.0357
vn 0.3823 -0.9235 0.0301
vn 0.3089 -0.9508 0.0243
vn 0.2337 -0.9721 0.0184
vn 0.1569 -0.9875 0.0123
vn 0.0792 -0.9968 0.0062
vn 0.0785 0.9968 0.0124
vn 0.1555 0.9875 0.0246
vn 0.2315 0.9721 0.0367
vn 0.3061 0.9508 0.0485
vn 0.3788 0.9235 0.0600
vn 0.4492 0.8906 0.0711
vn 0.5168 0.8522 0.0818
vn 0.5812 0.8085 0.0921
vn 0.6420 0.7599 0.1017
vn 0.6989 0.7066 0.1107
vn 0.7515 0.6490 0.1190
vn 0.7994 0.5873 0.1266
vn 0.8424 0.5221 0.1334
vn 0.8802 0.4536 0.1394
vn 0.9126 0.3823 0.1445
vn 0.9394 0.3087 0.1488
vn 0.9605 0.2332 0.1521
vn 0.9756 0.1563 0.1545
vn 0.9846 0.0784 0.1560
vn 0.9877 -0.0000 0.1564
vn 0.9846 -0.0784 0.1560
vn 0.9756 -0.1563 0.1545
vn 0.9605 -0.2332 0.1521
vn 0.9394 -0.3087 0.1488
vn 0.9126 -0.3823 0.1445
vn 0.8802 -0.4536 0.1394
vn 0.8424 -0.5221 0.1334
vn 0.7994 -0.5873 0.1266
vn 0.7515 -0.6490 0.1190
vn 0.6989 -0.7066 0.1107
vn 0.6420 -0.7599 0.1017
vn 0.5812 -0.8086 0.0921
vn 0.5168 -0.8522 0.0818
vn 0.4492 -0.8906 0.0711
vn 0.3788 -0.9235 0.0600
vn 0.3061 -0.9508 0.0485
vn 0.2315 -0.9721 0.0367
vn 0.1555 -0.9875 0.0246
vn 0.0785 -0.9968 0.0124
vn 0.0772 0.9968 0.0185
vn 0.1530 0.9875 0.0367
vn 0.2279 0.9721 0.0547
vn 0.3013 0.9508 0.0723
vn 0.3729 0.9235 0.0895
vn 0.4422 0.8906 0.1062
vn 0.5088 0.8522 0.1221
vn 0.5722 0.8085 0.1374
vn 0.6321 0.7599 0.1517
vn 0.6880 0.7066 0.1652
vn 0.7398 0.6490 0.1776
vn 0.7870 0.5873 0.1889
vn 0.8293 0.5221 0.1991
vn 0.8666 0.4536 0.2080
vn 0.8985 0.3823 0.2157
vn 0.9249 0.3087 0.2220
vn 0.9456 0.2332 0.2270
vn 0.9604 0.1563 0.2306
vn 0.9694 0.0784 0.2327
vn 0.9724 -0.0000 0.2334
vn 0.9694 -0.0784 0.2327
vn 0.9604 -0.1563 0.2306
vn 0.9456 -0.2332 0.2270
vn 0.9249 -0.3087 0.2220
vn 0.8985 -0.3823 0.2157
vn 0.8666 -0.4536 0.2080
vn 0.8293 -0.5221 0.1991
vn 0.7870 -0.5873 0.1889
vn 0.7398 -0.6490 0.1776
vn 0.6880 -0.7066 0.1652
vn 0.6321 -0.7599 0.1517
vn 0.5722 -0.8085 0.1374
vn 0.5088 -0.8522 0.1221
vn 0.4422 -0.8906 0.1062
vn 0.3729 -0.9235 0.0895
vn 0.3013 -0.9508 0.0723
vn 0.2279 -0.9721 0.0547
vn 0.1530 -0.9875 0.0367
vn 0.0772 -0.9968 0.0185
vn 0.0755 0.9968 0.0245
vn 0.1497 0.9875 0.0486
vn 0.2229 0.9721 0.0724
vn 0.2947 0.9508 0.0958
vn 0.3647 0.9235 0.1185
vn 0.4325 0.8906 0.1405
vn 0.4976 0.8522 0.1617
vn 0.5596 0.8085 0.1818
vn 0.6182 0.7599 0.2009
vn 0.6730 0.7066 0.2187
vn 0.7236 0.6490 0.2351
vn 0.7697 0.5873 0.2501
vn 0.8112 0.5221 0.2636
vn 0.8476 0.4536 0.2754
vn 0.8788 0.3823 0.2855
vn 0.9046 0.3087 0.2939
vn 0.9248 0.2332 0.3005
vn 0.9394 0.1563 0.3052
vn 0.9481 0.0784 0.3081
vn 0.9511 -0.0000 0.3090
vn 0.9481 -0.0784 0.3081
vn 0.9394 -0.1563 0.3052
vn 0.9248 -0.2332 0.3005
vn 0.9046 -0.3087 0.2939
vn 0.8788 -0.3823 0.2855
vn 0.8476 -0.4536 0.2754
vn 0.8112 -0.5221 0.2636
vn 0.7697 -0.5873 0.2501
vn 0.7236 -0.6490 0.2351
vn 0.6730 -0.7066 0.2187
vn 0.6182 -0.7599 0.2009
vn 0.5596 -0.8086 0.1818
vn 0.4976 -0.8522 0.1617
vn 0.4325 -0.8906 0.1405
vn 0.3647 -0.9235 0.1185
vn 0.2947 -0.9508 0.0958
vn 0.2229 -0.9721 0.0724
vn 0.1497 -0.9875 0.0486
vn 0.0755 -0.9968 0.0245
vn 0.0734 0.9968 0.0304
vn 0.1454 0.9875 0.0602
vn 0.2165 0.9721 0.0897
vn 0.2863 0.9508 0.1186
vn 0.3543 0.9235 0.1468
vn 0.4202 0.8906 0.1740
vn 0.4834 0.8522 0.2002
vn 0.5436 0.8085 0.2252
vn 0.6005 0.7599 0.2488
vn 0.6537 0.7066 0.2708
vn 0.7029 0.6490 0.2912
vn 0.7477 0.5873 0.3097
vn 0.7880 0.5221 0.3264
vn 0.8234 0.4536 0.3411
vn 0.8537 0.3823 0.3536
vn 0.8787 0.3087 0.3640
vn 0.8984 0.2332 0.3721
vn 0.9125 0.1563 0.3780
vn 0.9210 0.0784 0.3815
vn 0.9239 -0.0000 0.3827
vn 0.9210 -0.0784 0.3815
vn 0.9125 -0.1563 0.3780
vn 0.8984 -0.2332 0.3721
vn 0.8787 -0.3087 0.3640
vn 0.8537 -0.3823 0.3536
vn 0.8234 -0.4536 0.3411
vn 0.7880 -0.5221 0.3264
vn 0.7477 -0.5873 0.3097
vn 0.7029 -0.6490 0.2912
vn 0.6537 -0.7066 0.2708
vn 0.6005 -0.7599 0.2488
vn 0.5436 -0.8086 0.2252
vn 0.4834 -0.8522 0.2002
vn 0.4202 -0.8906 0.1740
vn 0.3543 -0.9235 0.1468
vn 0.2863 -0.9508 0.1186
vn 0.2165 -0.9721 0.0897
vn 0.1454 -0.9875 0.0602
vn 0.0734 -0.9968 0.0304
vn 0.0708 0.9968 0.0361
vn 0.1402 0.9875 0.0715
vn 0.2088 0.9721 0.1064
vn 0.2761 0.9508 0.1407
vn 0.3417 0.9235 0.1741
vn 0.4052 0.8906 0.2065
vn 0.4662 0.8522 0.2375
vn 0.5243 0.8085 0.2671
vn 0.5792 0.7599 0.2951
vn 0.6305 0.7066 0.3212
vn 0.6779 0.6490 0.3454
vn 0.7211 0.5873 0.3674
vn 0.7599 0.5221 0.3872
vn 0.7941 0.4536 0.4046
vn 0.8233 0.3823 0.4195
vn 0.8475 0.3087 0.4318
vn 0.8664 0.2332 0.4415
vn 0.8801 0.1563 0.4484
vn 0.8883 0.0784 0.4526
vn 0.8910 -0.0000 0.4540
vn 0.8883 -0.0784 0.4526
vn 0.8801 -0.1563 0.4484
vn 0.8664 -0.2332 0.4415
vn 0.8475 -0.3087 0.4318
vn 0.8233 -0.3823 0.4195
vn 0.7941 -0.4536 0.4046
vn 0.7599 -0.5221 0.3872
vn 0.7211 -0.5873 0.3674
vn 0.6779 -0.6490 0.3454
vn 0.6305 -0.7066 0.3212
vn 0.5792 -0.7599 0.2951
vn 0.5243 -0.8086 0.2671
vn 0.4662 -0.8522 0.2375
vn 0.4052 -0.8906 0.2065
vn 0.3417 -0.9235 0.1741
vn 0.2761 -0.9508 0.1407
vn 0.2088 -0.9721 0.1064
vn 0.1402 -0.9875 0.0715
vn 0.0708 -0.9968 0.0361
vn 0.0677 0.9968 0.0415
vn 0.1342 0.9875 0.0822
vn 0.1998 0.9721 0.1225
vn 0.2642 0.9508 0.1619
vn 0.3270 0.9235 0.2004
vn 0.3878 0.8906 0.2376
vn 0.4461 0.8522 0.2734
vn 0.5017 0.8086 0.3075
vn 0.5542 0.7599 0.3396
vn 0.6033 0.7066 0.3697
vn 0.6487 0.6490 0.3975
vn 0.6901 0.5873 0.4229
vn 0.7272 0.5221 0.4456
vn 0.7599 0.4536 0.4657
vn 0.7879 0.3823 0.4828
vn 0.8110 0.3087 0.4970
vn 0.8291 0.2332 0.5081
vn 0.8422 0.1563 0.5161
vn 0.8500 0.0784 0.5209
vn 0.8526 -0.0000 0.5225
vn 0.8500 -0.0784 0.5209
vn 0.8422 -0.1563 0.5161
vn 0.8291 -0.2332 0.5081
vn 0.8110 -0.3087 0.4970
vn 0.7879 -0.3823 0.4828
vn 0.7599 -0.4536 0.4657
vn 0.7272 -0.5221 0.4456
vn 0.6901 -0.5873 0.4229
vn 0.6487 -0.6490 0.3975
vn 0.6033 -0.7066 0.3697
vn 0.5542 -0.7599 0.3396
vn 0.5017 -0.8086 0.3075
vn 0.4461 -0.8522 0.2734
vn 0.3878 -0.8906 0.2376
vn 0.3270 -0.9235 0.2004
vn 0.2642 -0.9508 0.1619
vn 0.1998 -0.9721 0.1225
vn 0.1342 -0.9875 0.0822
vn 0.0677 -0.9968 0.0415
vn 0.0643 0.9968 0.0467
vn 0.1273 0.9875 0.0925
vn 0.1896 0.9721 0.1378
vn 0.2507 0.9508 0.1822
vn 0.3103 0.9235 0.2254
vn 0.3679 0.8906 0.2673
vn 0.4233 0.8522 0.3075
vn 0.4760 0.8085 0.3459
vn 0.5259 0.7599 0.3821
vn 0.5725 0.7066 0.4159
vn 0.6155 0.6490 0.4472
vn 0.6548 0.5873 0.4757
vn 0.6900 0.5221 0.5013
vn 0.7210 0.4536 0.5238
vn 0.7476 0.3823 0.5431
vn 0.7695 0.3087 0.5591
vn 0.7867 0.2332 0.5716
vn 0.7991 0.1563 0.5806
vn 0.8065 0.0784 0.5860
vn 0.8090 -0.0000 0.5878
vn 0.8065 -0.0784 0.5860
vn 0.7991 -0.1563 0.5806
vn 0.7867 -0.2332 0.5716
vn 0.7695 -0.3087 0.5591
vn 0.7476 -0.3823 0.5431
vn 0.7210 -0.4536 0.5238
vn 0.6900 -0.5221 0.5013
vn 0.6548 -0.5873 0.4757
vn 0.6155 -0.6490 0.4472
vn 0.5725 -0.7066 0.4159
vn 0.5259 -0.7599 0.3821
vn 0.4760 -0.8085 0.3459
vn 0.4233 -0.8522 0.3075
vn 0.3679 -0.8906 0.2673
vn 0.3103 -0.9235 0.2254
vn 0.2507 -0.9508 0.1822
vn 0.1896 -0.9721 0.1378
vn 0.1273 -0.9875 0.0925
vn 0.0643 -0.9968 0.0467
vn 0.0604 0.9968 0.0516
vn 0.1197 0.9875 0.1022
vn 0.1782 0.9721 0.1522
vn 0.2357 0.9508 0.2013
vn 0.2916 0.9235 0.2491
vn 0.3458 0.8906 0.2953
vn 0.3979 0.8522 0.3398
vn 0.4474 0.8085 0.3822
vn 0.4943 0.7599 0.4222
vn 0.5381 0.7066 0.4595
vn 0.5785 0.6490 0.4941
vn 0.6154 0.5873 0.5256
vn 0.6486 0.5221 0.5539
vn 0.6777 0.4536 0.5788
vn 0.7026 0.3823 0.6001
vn 0.7233 0.3087 0.6177
vn 0.7394 0.2332 0.6315
vn 0.7511 0.1563 0.6415
vn 0.7581 0.0784 0.6475
vn 0.7604 -0.0000 0.6494
vn 0.7581 -0.0784 0.6475
vn 0.7511 -0.1563 0.6415
vn 0.7394 -0.2332 0.6315
vn 0.7233 -0.3087 0.6177
vn 0.7026 -0.3823 0.6001
vn 0.6777 -0.4536 0.5788
vn 0.6486 -0.5221 0.5539
vn 0.6154 -0.5873 0.5256
vn 0.5785 -0.6490 0.4941
vn 0.5381 -0.7066 0.4595
vn 0.4943 -0.7599 0.4222
vn 0.4474 -0.8085 0.3822
vn 0.3979 -0.8522 0.3398
vn 0.3458 -0.8906 0.2953
vn 0.2916 -0.9235 0.2491
vn 0.2357 -0.9508 0.2013
vn 0.1782 -0.9721 0.1522
vn 0.1197 -0.9875 0.1022
vn 0.0604 -0.9968 0.0516
vn 0.0562 0.9968 0.0562
vn 0.1113 0.9875 0.1113
vn 0.1657 0.9721 0.1657
vn 0.2191 0.9508 0.2191
vn 0.2712 0.9235 0.2712
vn 0.3216 0.8906 0.3216
vn 0.3700 0.8522 0.3700
vn 0.4161 0.8085 0.4161
vn 0.4596 0.7599 0.4596
vn 0.5003 0.7066 0.5003
vn 0.5380 0.6490 0.5380
vn 0.5723 0.5873 0.5723
vn 0.6031 0.5221 0.6031
vn 0.6302 0.4536 0.6302
vn 0.6534 0.3823 0.6534
vn 0.6726 0.3087 0.6726
vn 0.6876 0.2332 0.6876
vn 0.6984 0.1563 0.6984
vn 0.7049 0.0784 0.7049
vn 0.7071 -0.0000 0.7071
vn 0.7049 -0.0784 0.7049
vn 0.6984 -0.1563 0.6984
vn 0.6876 -0.2332 0.6876
vn 0.6726 -0.3087 0.6726
vn 0.6534 -0.3823 0.6534
vn 0.6302 -0.4536 0.6302
vn 0.6031 -0.5221 0.6031
vn 0.5723 -0.5873 0.5723
vn 0.5380 -0.6490 0.5380
vn 0.5003 -0.7066 0.5003
vn 0.4596 -0.7599 0.4596
vn 0.4161 -0.8085 0.4161
vn 0.3700 -0.8522 0.3700
vn 0.3216 -0.8906 0.3216
vn 0.2712 -0.9235 0.2712
vn 0.2191 -0.9508 0.2191
vn 0.1657 -0.9721 0.1657
vn 0.1113 -0.9875 0.1113
vn 0.0562 -0.9968 0.0562
vn 0.0516 0.9968 0.0604
vn 0.1022 0.9875 0.1197
vn 0.1522 0.9721 0.1782
vn 0.2013 0.9508 0.2357
vn 0.2491 0.9235 0.2916
vn 0.2953 0.8906 0.3458
vn 0.3398 0.8522 0.3979
vn 0.3822 0.8086 0.4474
vn 0.4222 0.7599 0.4943
vn 0.4595 0.7066 0.5381
vn 0.4941 0.6490 0.5785
vn 0.5256 0.5873 0.6154
vn 0.5539 0.5221 0.6486
vn 0.5788 0.4536 0.6777
vn 0.6001 0.3823 0.7026
vn 0.6177 0.3087 0.7233
vn 0.6315 0.2332 0.7394
vn 0.6415 0.1563 0.7511
vn 0.6474 0.0784 0.7581
vn 0.6494 -0.0000 0.7604
vn 0.6474 -0.0784 0.7581
vn 0.6415 -0.1563 0.7511
vn 0.6315 -0.2332 0.7394
vn 0.6177 -0.3087 0.7233
vn 0.6001 -0.3823 0.7026
vn 0.5788 -0.4536 0.6777
vn 0.5539 -0.5221 0.6486
vn 0.5256 -0.5873 0.6154
vn 0.4941 -0.6490 0.5785
vn 0.4595 -0.7066 0.5381
vn 0.4222 -0.7599 0.4943
vn 0.3822 -0.8086 0.4474
vn 0.3398 -0.8522 0.3979
vn 0.2953 -0.8906 0.3458
vn 0.2491 -0.9235 0.2916
vn 0.2013 -0.9508 0.2357
vn 0.1522 -0.9721 0.1782
vn 0.1022 -0.9875 0.1197
vn 0.0516 -0.9968 0.0604
vn 0.0467 0.9968 0.0643
vn 0.0925 0.9875 0.1273
vn 0.1378 0.9721 0.1896
vn 0.1822 0.9508 0.2507
vn 0.2254 0.9235 0.3103
vn 0.2673 0.8906 0.3679
vn 0.3075 0.8522 0.4233
vn 0.3459 0.8086 0.4760
vn 0.3821 0.7599 0.5259
vn 0.4159 0.7066 0.5725
vn 0.4472 0.6490 0.6155
vn 0.4757 0.5873 0.6548
vn 0.5013 0.5221 0.6900
vn 0.5238 0.4536 0.7210
vn 0.5431 0.3823 0.7476
vn 0.5591 0.3087 0.7695
vn 0.5716 0.2332 0.7867
vn 0.5806 0.1563 0.7991
vn 0.5860 0.0784 0.8065
vn 0.5878 -0.0000 0.8090
vn 0.5860 -0.0784 0.8065
vn 0.5806 -0.1563 0.7991
vn 0.5716 -0.2332 0.7867
vn 0.5591 -0.3087 0.7695
vn 0.5431 -0.3823 0.7476
vn 0.5238 -0.4536 0.7210
vn 0.5013 -0.5221 0.6900
vn 0.4757 -0.5873 0.6548
vn 0.4472 -0.6490 0.6155
vn 0.4159 -0.7066 0.5725
vn 0.3821 -0.7599 0.5259
vn 0.3459 -0.8085 0.4760
vn 0.3075 -0.8522 0.4233
vn 0.2673 -0.8906 0.3679
vn 0.2254 -0.9235 0.3103
vn 0.1822 -0.9508 0.2507
vn 0.1378 -0.9721 0.1896
vn 0.0925 -0.9875 0.1273
vn 0.0467 -0.9968 0.0643
vn 0.0415 0.9968 0.0677
vn 0.0822 0.9875 0.1342
vn 0.1225 0.9721 0.1998
vn 0.1619 0.9508 0.2642
vn 0.2004 0.9235 0.3270
vn 0.2376 0.8906 0.3878
vn 0.2734 0.8522 0.4461
vn 0.3075 0.8085 0.5017
vn 0.3396 0.7599 0.5542
vn 0.3697 0.7066 0.6033
vn 0.3975 0.6490 0.6487
vn 0.4229 0.5873 0.6901
vn 0.4456 0.5221 0.7272
vn 0.4657 0.4536 0.7599
vn 0.4828 0.3823 0.7879
vn 0.4970 0.3087 0.8110
vn 0.5081 0.2332 0.8291
vn 0.5161 0.1563 0.8422
vn 0.5209 0.0784 0.8500
vn 0.5225 -0.0000 0.8526
vn 0.5209 -0.0784 0.8500
vn 0.5161 -0.1563 0.8422
vn 0.5081 -0.2332 0.8291
vn 0.4970 -0.3087 0.8110
vn 0.4828 -0.3823 0.7879
vn 0.4657 -0.4536 0.7599
vn 0.4456 -0.5221 0.7272
vn 0.4229 -0.5873 0.6901
vn 0.3975 -0.6490 0.6487
vn 0.3697 -0.7066 0.6033
vn 0.3396 -0.7599 0.5542
vn 0.3075 -0.8085 0.5017
vn 0.2734 -0.8522 0.4461
vn 0.2376 -0.8906 0.3878
vn 0.2004 -0.9235 0.3270
vn 0.1619 -0.9508 0.2642
vn 0.1225 -0.9721 0.1998
vn 0.0822 -0.9875 0.1342
vn 0.0415 -0.9968 0.0677
vn 0.0361 0.9968 0.0708
vn 0.0714 0.9875 0.1402
vn 0.1064 0.9721 0.2088
vn 0.1407 0.9508 0.2761
vn 0.1741 0.9235 0.3417
vn 0.2065 0.8906 0.4052
vn 0.2375 0.8522 0.4662
vn 0.2671 0.8085 0.5243
vn 0.2951 0.7599 0.5792
vn 0.3212 0.7066 0.6305
vn 0.3454 0.6490 0.6779
vn 0.3674 0.5873 0.7211
vn 0.3872 0.5221 0.7599
vn 0.4046 0.4536 0.7941
vn 0.4195 0.3823 0.8233
vn 0.4318 0.3087 0.8475
vn 0.4415 0.2332 0.8664
vn 0.4484 0.1563 0.8801
vn 0.4526 0.0784 0.8883
vn 0.4540 -0.0000 0.8910
vn 0.4526 -0.0784 0.8883
vn 0.4484 -0.1563 0.8801
vn 0.4415 -0.2332 0.8664
vn 0.4318 -0.3087 0.8475
vn 0.4195 -0.3823 0.8233
vn 0.4046 -0.4536 0.7941
vn 0.3872 -0.5221 0.7599
vn 0.3674 -0.5873 0.7211
vn 0.3454 -0.6490 0.6779
vn 0.3212 -0.7066 0.6305
vn 0.2951 -0.7599 0.5792
vn 0.2671 -0.8085 0.5243
vn 0.2375 -0.8522 0.4662
vn 0.2065 -0.8906 0.4052
vn 0.1741 -0.9235 0.3417
vn 0.1407 -0.9508 0.2761
vn 0.1064 -0.9721 0.2088
vn 0.0714 -0.9875 0.1402
vn 0.0361 -0.9968 0.0708
vn 0.0304 0.9968 0.0734
vn 0.0602 0.9875 0.1454
vn 0.0897 0.9721 0.2165
vn 0.1186 0.9508 0.2863
vn 0.1468 0.9235 0.3543
vn 0.1740 0.8906 0.4202
vn 0.2002 0.8522 0.4834
vn 0.2252 0.8085 0.5436
vn 0.2487 0.7599 0.6005
vn 0.2708 0.7066 0.6537
vn 0.2912 0.6490 0.7029
vn 0.3097 0.5873 0.7477
vn 0.3264 0.5221 0.7880
vn 0.3411 0.4536 0.8234
vn 0.3536 0.3823 0.8537
vn 0.3640 0.3087 0.8787
vn 0.3721 0.2332 0.8984
vn 0.3780 0.1563 0.9125
vn 0.3815 0.0784 0.9210
vn 0.3827 -0.0000 0.9239
vn 0.3815 -0.0784 0.9210
vn 0.3780 -0.1563 0.9125
vn 0.3721 -0.2332 0.8984
vn 0.3640 -0.3087 0.8787
vn 0.3536 -0.3823 0.8537
vn 0.3411 -0.4536 0.8234
vn 0.3264 -0.5221 0.7880
vn 0.3097 -0.5873 0.7477
vn 0.2912 -0.6490 0.7029
vn 0.2708 -0.7066 0.6537
vn 0.2487 -0.7599 0.6005
vn 0.2252 -0.8085 0.5436
vn 0.2002 -0.8522 0.4834
vn 0.1740 -0.8906 0.4202
vn 0.1468 -0.9235 0.3543
vn 0.1186 -0.9508 0.2863
vn 0.0897 -0.9721 0.2165
vn 0.0602 -0.9875 0.1454
vn 0.0304 -0.9968 0.0734
vn 0.0246 0.9968 0.0755
vn 0.0486 0.9875 0.1497
vn 0.0724 0.9721 0.2229
vn 0.0958 0.9508 0.2947
vn 0.1185 0.9235 0.3648
vn 0.1405 0.8906 0.4325
vn 0.1617 0.8522 0.4976
vn 0.1818 0.8085 0.5596
vn 0.2009 0.7599 0.6182
vn 0.2187 0.7066 0.6730
vn 0.2351 0.6490 0.7236
vn 0.2501 0.5873 0.7697
vn 0.2636 0.5221 0.8112
vn 0.2754 0.4536 0.8476
vn 0.2855 0.3823 0.8788
vn 0.2939 0.3087 0.9046
vn 0.3005 0.2332 0.9248
vn 0.3052 0.1563 0.9394
vn 0.3081 0.0784 0.9481
vn 0.3090 -0.0000 0.9511
vn 0.3081 -0.0784 0.9481
vn 0.3052 -0.1563 0.9394
vn 0.3005 -0.2332 0.9248
vn 0.2939 -0.3087 0.9046
vn 0.2855 -0.3823 0.8788
vn 0.2754 -0.4536 0.8476
vn 0.2636 -0.5221 0.8112
vn 0.2501 -0.5873 0.7697
vn 0.2351 -0.6490 0.7236
vn 0.2187 -0.7066 0.6730
vn 0.2009 -0.7599 0.6182
vn 0.1818 -0.8086 0.5596
vn 0.1617 -0.8522 0.4976
vn 0.1405 -0.8906 0.4325
vn 0.1185 -0.9235 0.3648
vn 0.0958 -0.9508 0.2947
vn 0.0724 -0.9721 0.2229
vn 0.0486 -0.9875 0.1497
vn 0.0245 -0.9968 0.0755
vn 0.0185 0.9968 0.0772
vn 0.0367 0.9875 0.1530
vn 0.0547 0.9721 0.2279
vn 0.0723 0.9508 0.3013
vn 0.0895 0.9235 0.3729
vn 0.1062 0.8906 0.4422
vn 0.1221 0.8522 0.5088
vn 0.1374 0.8085 0.5722
vn 0.1517 0.7599 0.6321
vn 0.1652 0.7066 0.6880
vn 0.1776 0.6490 0.7398
vn 0.1889 0.5873 0.7870
vn 0.1991 0.5221 0.8293
vn 0.2080 0.4536 0.8666
vn 0.2157 0.3823 0.8985
vn 0.2220 0.3087 0.9249
vn 0.2270 0.2332 0.9456
vn 0.2306 0.1563 0.9604
vn 0.2327 0.0784 0.9694
vn 0.2334 -0.0000 0.9724
vn 0.2327 -0.0784 0.9694
vn 0.2306 -0.1563 0.9604
vn 0.2270 -0.2332 0.9456
vn 0.2220 -0.3087 0.9249
vn 0.2157 -0.3823 0.8985
vn 0.2080 -0.4536 0.8666
vn 0.1991 -0.5221 0.8293
vn 0.1889 -0.5873 0.7870
vn 0.1776 -0.6490 0.7398
vn 0.1652 -0.7066 0.6880
vn 0.1517 -0.7599 0.6321
vn 0.1374 -0.8085 0.5722
vn 0.1221 -0.8522 0.5088
vn 0.1062 -0.8906 0.4422
vn 0.0895 -0.9235 0.3729
vn 0.0723 -0.9508 0.3013
vn 0.0547 -0.9721 0.2279
vn 0.0367 -0.9875 0.1530
vn 0.0185 -0.9968 0.0772
vn 0.0124 0.9968 0.0785
vn 0.0246 0.9875 0.1555
vn 0.0367 0.9721 0.2315
vn 0.0485 0.9508 0.3061
vn 0.0600 0.9235 0.3788
vn 0.0711 0.8906 0.4492
vn 0.0818 0.8522 0.5168
vn 0.0921 0.8085 0.5812
vn 0.1017 0.7599 0.6420
vn 0.1107 0.7066 0.6989
vn 0.1190 0.6490 0.7515
vn 0.1266 0.5873 0.7994
vn 0.1334 0.5221 0.8424
vn 0.1394 0.4536 0.8802
vn 0.1445 0.3823 0.9126
vn 0.1488 0.3087 0.9394
vn 0.1521 0.2332 0.9605
vn 0.1545 0.1563 0.9756
vn 0.1560 0.0784 0.9846
vn 0.1564 -0.0000 0.9877
vn 0.1560 -0.0784 0.9847
vn 0.1545 -0.1563 0.9756
vn 0.1521 -0.2332 0.9605
vn 0.1488 -0.3087 0.9394
vn 0.1445 -0.3823 0.9126
vn 0.1394 -0.4536 0.8802
vn 0.1334 -0.5221 0.8424
vn 0.1266 -0.5873 0.7994
vn 0.1190 -0.6490 0.7515
vn 0.1107 -0.7066 0.6989
vn 0.1017 -0.7599 0.6420
vn 0.0921 -0.8085 0.5812
vn 0.0818 -0.8522 0.5168
vn 0.0711 -0.8906 0.4492
vn 0.0600 -0.9235 0.3788
vn 0.0485 -0.9508 0.3061
vn 0.0367 -0.9721 0.2315
vn 0.0246 -0.9875 0.1555
vn 0.0124 -0.9968 0.0785
vn 0.0062 0.9968 0.0792
vn 0.0123 0.9875 0.1569
vn 0.0184 0.9721 0.2337
vn 0.0243 0.9508 0.3089
vn 0.0301 0.9235 0.3823
vn 0.0357 0.8906 0.4534
vn 0.0410 0.8522 0.5216
vn 0.0462 0.8085 0.5866
vn 0.0510 0.7599 0.6480
vn 0.0555 0.7066 0.7054
vn 0.0597 0.6490 0.7585
vn 0.0635 0.5873 0.8069
vn 0.0669 0.5221 0.8503
vn 0.0699 0.4536 0.8885
vn 0.0725 0.3823 0.9212
vn 0.0746 0.3087 0.9482
vn 0.0763 0.2332 0.9694
vn 0.0775 0.1563 0.9847
vn 0.0782 0.0784 0.9939
vn 0.0785 -0.0000 0.9969
vn 0.0782 -0.0784 0.9939
vn 0.0775 -0.1563 0.9847
vn 0.0763 -0.2332 0.9694
vn 0.0746 -0.3087 0.9482
vn 0.0725 -0.3823 0.9212
vn 0.0699 -0.4536 0.8885
vn 0.0669 -0.5221 0.8503
vn 0.0635 -0.5873 0.8069
vn 0.0597 -0.6490 0.7585
vn 0.0555 -0.7066 0.7054
vn 0.0510 -0.7599 0.6480
vn 0.0462 -0.8086 0.5866
vn 0.0410 -0.8522 0.5216
vn 0.0357 -0.8906 0.4534
vn 0.0301 -0.9235 0.3823
vn 0.0243 -0.9508 0.3089
vn 0.0184 -0.9721 0.2337
vn 0.0123 -0.9875 0.1569
vn 0.0062 -0.9968 0.0792
vn -0.0000 0.9968 0.0794
vn -0.0000 0.9875 0.1574
vn -0.0000 0.9721 0.2344
vn -0.0000 0.9508 0.3099
vn -0.0000 0.9235 0.3835
vn -0.0000 0.8906 0.4548
vn -0.0000 0.8522 0.5232
vn -0.0000 0.8085 0.5884
vn -0.0000 0.7599 0.6500
vn -0.0000 0.7066 0.7076
vn -0.0000 0.6490 0.7608
vn -0.0000 0.5873 0.8094
vn -0.0000 0.5221 0.8529
vn -0.0000 0.4536 0.8912
vn -0.0000 0.3823 0.9240
vn -0.0000 0.3087 0.9511
vn -0.0000 0.2332 0.9724
vn -0.0000 0.1563 0.9877
vn -0.0000 0.0784 0.9969
vn -0.0000 -0.0000 1.0000
vn -0.0000 -0.0784 0.9969
vn -0.0000 -0.1563 0.9877
vn -0.0000 -0.2332 0.9724
vn -0.0000 -0.3087 0.9511
vn -0.0000 -0.3823 0.9240
vn -0.0000 -0.4536 0.8912
vn -0.0000 -0.5221 0.8529
vn -0.0000 -0.5873 0.8094
vn -0.0000 -0.6490 0.7608
vn -0.0000 -0.7066 0.7076
vn -0.0000 -0.7599 0.6500
vn -0.0000 -0.8085 0.5884
vn -0.0000 -0.8522 0.5232
vn -0.0000 -0.8906 0.4548
vn -0.0000 -0.9235 0.3835
vn -0.0000 -0.9508 0.3099
vn -0.0000 -0.9721 0.2344
vn -0.0000 -0.9875 0.1574
vn -0.0000 -0.9968 0.0794
vn -0.0062 0.9968 0.0792
vn -0.0123 0.9875 0.1569
vn -0.0184 0.9721 0.2336
vn -0.0243 0.9508 0.3089
vn -0.0301 0.9235 0.3823
vn -0.0357 0.8906 0.4534
vn -0.0411 0.8522 0.5216
vn -0.0462 0.8086 0.5866
vn -0.0510 0.7599 0.6480
vn -0.0555 0.7066 0.7054
vn -0.0597 0.6490 0.7585
vn -0.0635 0.5873 0.8069
vn -0.0669 0.5221 0.8503
vn -0.0699 0.4536 0.8885
vn -0.0725 0.3823 0.9212
vn -0.0746 0.3087 0.9482
vn -0.0763 0.2332 0.9694
vn -0.0775 0.1563 0.9847
vn -0.0782 0.0784 0.9939
vn -0.0785 -0.0000 0.9969
vn -0.0782 -0.0784 0.9939
vn -0.0775 -0.1563 0.9847
vn -0.0763 -0.2332 0.9694
vn -0.0746 -0.3087 0.9482
vn -0.0725 -0.3823 0.9212
vn -0.0699 -0.4536 0.8885
vn -0.0669 -0.5221 0.8503
vn -0.0635 -0.5873 0.8069
vn -0.0597 -0.6490 0.7585
vn -0.0555 -0.7066 0.7054
vn -0.0510 -0.7599 0.6480
vn -0.0462 -0.8086 0.5866
vn -0.0411 -0.8522 0.5216
vn -0.0357 -0.8906 0.4534
vn -0.0301 -0.9235 0.3823
vn -0.0243 -0.9508 0.3089
vn -0.0184 -0.9721 0.2337
vn -0.0123 -0.9875 0.1569
vn -0.0062 -0.9968 0.0792
vn -0.0124 0.9968 0.0785
vn -0.0246 0.9875 0.1555
vn -0.0367 0.9721 0.2315
vn -0.0485 0.9508 0.3061
vn -0.0600 0.9235 0.3788
vn -0.0711 0.8906 0.4492
vn -0.0818 0.8522 0.5168
vn -0.0921 0.8086 0.5812
vn -0.1017 0.7599 0.6420
vn -0.1107 0.7066 0.6989
vn -0.1190 0.6490 0.7515
vn -0.1266 0.5873 0.7994
vn -0.1334 0.5221 0.8424
vn -0.1394 0.4536 0.8802
vn -0.1446 0.3823 0.9126
vn -0.1488 0.3087 0.9394
vn -0.1521 0.2332 0.9605
vn -0.1545 0.1563 0.9756
vn -0.1560 0.0784 0.9846
vn -0.1564 -0.0000 0.9877
vn -0.1560 -0.0784 0.9846
vn -0.1545 -0.1563 0.9756
vn -0.1521 -0.2332 0.9605
vn -0.1488 -0.3087 0.9394
vn -0.1446 -0.3823 0.9126
vn -0.1394 -0.4536 0.8802
vn -0.1334 -0.5221 0.8424
vn -0.1266 -0.5873 0.7994
vn -0.1190 -0.6490 0.7515
vn -0.1107 -0.7066 0.6989
vn -0.1017 -0.7599 0.6420
vn -0.0921 -0.8085 0.5812
vn -0.0818 -0.8522 0.5168
vn -0.0711 -0.8906 0.4492
vn -0.0600 -0.9235 0.3788
vn -0.0485 -0.9508 0.3061
vn -0.0367 -0.9721 0.2315
vn -0.0246 -0.9875 0.1555
vn -0.0124 -0.9968 0.0785
vn -0.0185 0.9968 0.0772
vn -0.0367 0.9875 0.1530
vn -0.0547 0.9721 0.2279
vn -0.0723 0.9508 0.3013
vn -0.0895 0.9235 0.3729
vn -0.1062 0.8906 0.4422
vn -0.1221 0.8522 0.5088
vn -0.1374 0.8085 0.5722
vn -0.1517 0.7599 0.6321
vn -0.1652 0.7066 0.6880
vn -0.1776 0.6490 0.7398
vn -0.1889 0.5873 0.7870
vn -0.1991 0.5221 0.8293
vn -0.2080 0.4536 0.8666
vn -0.2157 0.3823 0.8985
vn -0.2220 0.3087 0.9249
vn -0.2270 0.2332 0.9456
vn -0.2306 0.1563 0.9604
vn -0.2327 0.0784 0.9694
vn -0.2334 -0.0000 0.9724
vn -0.2327 -0.0784 0.9694
vn -0.2306 -0.1563 0.9604
vn -0.2270 -0.2332 0.9456
vn -0.2220 -0.3087 0.9249
vn -0.2157 -0.3823 0.8985
vn -0.2080 -0.4536 0.8666
vn -0.1991 -0.5221 0.8293
vn -0.1889 -0.5873 0.7870
vn -0.1776 -0.6490 0.7398
vn -0.1652 -0.7066 0.6880
vn -0.1517 -0.7599 0.6321
vn -0.1374 -0.8085 0.5722
vn -0.1221 -0.8522 0.5088
vn -0.1062 -0.8906 0.4422
vn -0.0895 -0.9235 0.3729
vn -0.0723 -0.9508 0.3013
vn -0.0547 -0.9721 0.2279
vn -0.0367 -0.9875 0.1530
vn -0.0185 -0.9968 0.0772
vn -0.0245 0.9968 0.0755
vn -0.0486 0.9875 0.1497
vn -0.0724 0.9721 0.2229
vn -0.0958 0.9508 0.2947
vn -0.1185 0.9235 0.3647
vn -0.1405 0.8906 0.4325
vn -0.1617 0.8522 0.4976
vn -0.1818 0.8085 0.5596
vn -0.2009 0.7599 0.6182
vn -0.2187 0.7066 0.6730
vn -0.2351 0.6490 0.7236
vn -0.2501 0.5873 0.7697
vn -0.2636 0.5221 0.8112
vn -0.2754 0.4536 0.8476
vn -0.2855 0.3823 0.8788
vn -0.2939 0.3087 0.9046
vn -0.3005 0.2332 0.9248
vn -0.3052 0.1563 0.9394
vn -0.3081 0.0784 0.9481
vn -0.3090 -0.0000 0.9511
vn -0.3081 -0.0784 0.9481
vn -0.3052 -0.1563 0.9394
vn -0.3005 -0.2332 0.9248
vn -0.2939 -0.3087 0.9046
vn -0.2855 -0.3823 0.8788
vn -0.2754 -0.4536 0.8476
vn -0.2636 -0.5221 0.8112
vn -0.2501 -0.5873 0.7697
vn -0.2351 -0.6490 0.7236
vn -0.2187 -0.7066 0.6730
vn -0.2009 -0.7599 0.6182
vn -0.1818 -0.8085 0.5596
vn -0.1617 -0.8522 0.4976
vn -0.1405 -0.8906 0.4325
vn -0.1185 -0.9235 0.3647
vn -0.0958 -0.9508 0.2947
vn -0.0724 -0.9721 0.2229
vn -0.0486 -0.9875 0.1497
vn -0.0246 -0.9968 0.0755
vn -0.0304 0.9968 0.0734
vn -0.0602 0.9875 0.1454
vn -0.0897 0.9721 0.2165
vn -0.1186 0.9508 0.2863
vn -0.1468 0.9235 0.3543
vn -0.1740 0.8906 0.4202
vn -0.2002 0.8522 0.4834
vn -0.2252 0.8085 0.5436
vn -0.2488 0.7599 0.6005
vn -0.2708 0.7066 0.6537
vn -0.2912 0.6490 0.7029
vn -0.3097 0.5873 0.7477
vn -0.3264 0.5221 0.7880
vn -0.3411 0.4536 0.8234
vn -0.3536 0.3823 0.8537
vn -0.3640 0.3087 0.8787
vn -0.3721 0.2332 0.8984
vn -0.3780 0.1563 0.9125
vn -0.3815 0.0784 0.9210
vn -0.3827 -0.0000 0.9239
vn -0.3815 -0.0784 0.9210
vn -0.3780 -0.1563 0.9125
vn -0.3721 -0.2332 0.8984
vn -0.3640 -0.3087 0.8787
vn -0.3536 -0.3823 0.8537
vn -0.3411 -0.4536 0.8234
vn -0.3264 -0.5221 0.7880
vn -0.3097 -0.5873 0.7477
vn -0.2912 -0.6490 0.7029
vn -0.2708 -0.7066 0.6537
vn -0.2488 -0.7599 0.6005
vn -0.2252 -0.8085 0.5436
vn -0.2002 -0.8522 0.4834
vn -0.1740 -0.8906 0.4202
vn -0.1468 -0.9235 0.3543
vn -0.1186 -0.9508 0.2863
vn -0.0897 -0.9721 0.2165
vn -0.0602 -0.9875 0.1454
vn -0.0304 -0.9968 0.0734
vn -0.0361 0.9968 0.0708
vn -0.0715 0.9875 0.1402
vn -0.1064 0.9721 0.2088
vn -0.1407 0.9508 0.2761
vn -0.1741 0.9235 0.3417
vn -0.2065 0.8906 0.4052
vn -0.2375 0.8522 0.4662
vn -0.2671 0.8085 0.5243
vn -0.2951 0.7599 0.5792
vn -0.3212 0.7066 0.6305
vn -0.3454 0.6490 0.6779
vn -0.3674 0.5873 0.7211
vn -0.3872 0.5221 0.7599
vn -0.4046 0.4536 0.7941
vn -0.4195 0.3823 0.8233
vn -0.4318 0.3087 0.8475
vn -0.4415 0.2332 0.8664
vn -0.4484 0.1563 0.8801
vn -0.4526 0.0784 0.8883
vn -0.4540 -0.0000 0.8910
vn -0.4526 -0.0784 0.8883
vn -0.4484 -0.1563 0.8801
vn -0.4415 -0.2332 0.8664
vn -0.4318 -0.3087 0.8475
vn -0.4195 -0.3823 0.8233
vn -0.4046 -0.4536 0.7941
vn -0.3872 -0.5221 0.7599
vn -0.3674 -0.5873 0.7211
vn -0.3454 -0.6490 0.6779
vn -0.3212 -0.7066 0.6305
vn -0.2951 -0.7599 0.5792
vn -0.2671 -0.8085 0.5243
vn -0.2375 -0.8522 0.4662
vn -0.2065 -0.8906 0.4052
vn -0.1741 -0.9235 0.3417
vn -0.1407 -0.9508 0.2761
vn -0.1064 -0.9721 0.2088
vn -0.0715 -0.9875 0.1402
vn -0.0361 -0.9968 0.0708
vn -0.0415 0.9968 0.0677
vn -0.0822 0.9875 0.1342
vn -0.1225 0.9721 0.1998
vn -0.1619 0.9508 0.2642
vn -0.2004 0.9235 0.3270
vn -0.2376 0.8906 0.3878
vn -0.2734 0.8522 0.4461
vn -0.3075 0.8086 0.5017
vn -0.3396 0.7599 0.5542
vn -0.3697 0.7066 0.6033
vn -0.3975 0.6490 0.6487
vn -0.4229 0.5873 0.6901
vn -0.4456 0.5221 0.7272
vn -0.4657 0.4536 0.7599
vn -0.4828 0.3823 0.7879
vn -0.4970 0.3087 0.8110
vn -0.5081 0.2332 0.8291
vn -0.5161 0.1563 0.8422
vn -0.5209 0.0784 0.8500
vn -0.5225 -0.0000 0.8526
vn -0.5209 -0.0784 0.8500
vn -0.5161 -0.1563 0.8422
vn -0.5081 -0.2332 0.8291
vn -0.4970 -0.3087 0.8110
vn -0.4828 -0.3823 0.7879
vn -0.4657 -0.4536 0.7599
vn -0.4456 -0.5221 0.7272
vn -0.4229 -0.5873 0.6901
vn -0.3975 -0.6490 0.6487
vn -0.3697 -0.7066 0.6033
vn -0.3396 -0.7599 0.5542
vn -0.3075 -0.8086 0.5017
vn -0.2734 -0.8522 0.4461
vn -0.2376 -0.8906 0.3878
vn -0.2004 -0.9235 0.3270
vn -0.1619 -0.9508 0.2642
vn -0.1225 -0.9721 0.1998
vn -0.0822 -0.9875 0.1342
vn -0.0415 -0.9968 0.0677
vn -0.0467 0.9968 0.0643
vn -0.0925 0.9875 0.1273
vn -0.1378 0.9721 0.1896
vn -0.1822 0.9508 0.2507
vn -0.2254 0.9235 0.3103
vn -0.2673 0.8906 0.3679
vn -0.3075 0.8522 0.4233
vn -0.3459 0.8085 0.4760
vn -0.3821 0.7599 0.5259
vn -0.4159 0.7066 0.5725
vn -0.4472 0.6490 0.6155
vn -0.4757 0.5873 0.6548
vn -0.5013 0.5221 0.6900
vn -0.5238 0.4536 0.7210
vn -0.5431 0.3823 0.7475
vn -0.5591 0.3087 0.7695
vn -0.5716 0.2332 0.7867
vn -0.5806 0.1563 0.7991
vn -0.5860 0.0784 0.8065
vn -0.5878 -0.0000 0.8090
vn -0.5860 -0.0784 0.8065
vn -0.5806 -0.1563 0.7991
vn -0.5716 -0.2332 0.7867
vn -0.5591 -0.3087 0.7695
vn -0.5431 -0.3823 0.7475
vn -0.5238 -0.4536 0.7210
vn -0.5013 -0.5221 0.6900
vn -0.4757 -0.5873 0.6548
vn -0.4472 -0.6490 0.6155
vn -0.4159 -0.7066 0.5725
vn -0.3821 -0.7599 0.5259
vn -0.3459 -0.8085 0.4760
vn -0.3075 -0.8522 0.4233
vn -0.2673 -0.8906 0.3679
vn -0.2254 -0.9235 0.3103
vn -0.1822 -0.9508 0.2507
vn -0.1378 -0.9721 0.1896
vn -0.0925 -0.9875 0.1273
vn -0.0467 -0.9968 0.0643
vn -0.0516 0.9968 0.0604
vn -0.1022 0.9875 0.1197
vn -0.1522 0.9721 0.1782
vn -0.2013 0.9508 0.2357
vn -0.2491 0.9235 0.2916
vn -0.2953 0.8906 0.3458
vn -0.3398 0.8522 0.3979
vn -0.3822 0.8085 0.4474
vn -0.4222 0.7599 0.4943
vn -0.4595 0.7066 0.5381
vn -0.4941 0.6490 0.5785
vn -0.5256 0.5873 0.6154
vn -0.5539 0.5221 0.6486
vn -0.5788 0.4536 0.6777
vn -0.6001 0.3823 0.7026
vn -0.6177 0.3087 0.7233
vn -0.6315 0.2332 0.7394
vn -0.6415 0.1563 0.7511
vn -0.6475 0.0784 0.7581
vn -0.6494 -0.0000 0.7604
vn -0.6475 -0.0784 0.7581
vn -0.6415 -0.1563 0.7511
vn -0.6315 -0.2332 0.7394
vn -0.6177 -0.3087 0.7233
vn -0.6001 -0.3823 0.7026
vn -0.5788 -0.4536 0.6777
vn -0.5539 -0.5221 0.6486
vn -0.5256 -0.5873 0.6154
vn -0.4941 -0.6490 0.5785
vn -0.4595 -0.7066 0.5381
vn -0.4222 -0.7599 0.4943
vn -0.3822 -0.8085 0.4474
vn -0.3398 -0.8522 0.3979
vn -0.2953 -0.8906 0.3458
vn -0.2491 -0.9235 0.2916
vn -0.2013 -0.9508 0.2357
vn -0.1522 -0.9721 0.1782
vn -0.1022 -0.9875 0.1197
vn -0.0516 -0.9968 0.0604
vn -0.0562 0.9968 0.0562
vn -0.1113 0.9875 0.1113
vn -0.1657 0.9721 0.1657
vn -0.2191 0.9508 0.2191
vn -0.2712 0.9235 0.2712
vn -0.3216 0.8906 0.3216
vn -0.3700 0.8522 0.3700
vn -0.4161 0.8085 0.4161
vn -0.4596 0.7599 0.4596
vn -0.5003 0.7066 0.5003
vn -0.5380 0.6490 0.5380
vn -0.5723 0.5873 0.5723
vn -0.6031 0.5221 0.6031
vn -0.6302 0.4536 0.6302
vn -0.6534 0.3823 0.6534
vn -0.6726 0.3087 0.6726
vn -0.6876 0.2332 0.6876
vn -0.6984 0.1563 0.6984
vn -0.7049 0.0784 0.7049
vn -0.7071 -0.0000 0.7071
vn -0.7049 -0.0784 0.7049
vn -0.6984 -0.1563 0.6984
vn -0.6876 -0.2332 0.6876
vn -0.6726 -0.3087 0.6726
vn -0.6534 -0.3823 0.6534
vn -0.6302 -0.4536 0.6302
vn -0.6031 -0.5221 0.6031
vn -0.5723 -0.5873 0.5723
vn -0.5380 -0.6490 0.5380
vn -0.5003 -0.7066 0.5003
vn -0.4596 -0.7599 0.4596
vn -0.4161 -0.8085 0.4161
vn -0.3700 -0.8522 0.3700
vn -0.3216 -0.8906 0.3216
vn -0.2712 -0.9235 0.2712
vn -0.2191 -0.9508 0.2191
vn -0.1657 -0.9721 0.1657
vn -0.1113 -0.9875 0.1113
vn -0.0562 -0.9968 0.0562
vn -0.0604 0.9968 0.0516
vn -0.1197 0.9875 0.1022
vn -0.1782 0.9721 0.1522
vn -0.2357 0.9508 0.2013
vn -0.2916 0.9235 0.2491
vn -0.3458 0.8906 0.2953
vn -0.3979 0.8522 0.3398
vn -0.4474 0.8085 0.3822
vn -0.4943 0.7599 0.4222
vn -0.5381 0.7066 0.4595
vn -0.5785 0.6490 0.4941
vn -0.6154 0.5873 0.5256
vn -0.6486 0.5221 0.5539
vn -0.6777 0.4536 0.5788
vn -0.7026 0.3823 0.6001
vn -0.7233 0.3087 0.6177
vn -0.7394 0.2332 0.6315
vn -0.7511 0.1563 0.6415
vn -0.7581 0.0784 0.6474
vn -0.7604 -0.0000 0.6494
vn -0.7581 -0.0784 0.6474
vn -0.7511 -0.1563 0.6415
vn -0.7394 -0.2332 0.6315
vn -0.7233 -0.3087 0.6177
vn -0.7026 -0.3823 0.6001
vn -0.6777 -0.4536 0.5788
vn -0.6486 -0.5221 0.5539
vn -0.6154 -0.5873 0.5256
vn -0.5785 -0.6490 0.4941
vn -0.5381 -0.7066 0.4595
vn -0.4943 -0.7599 0.4222
vn -0.4474 -0.8085 0.3822
vn -0.3979 -0.8522 0.3398
vn -0.3458 -0.8906 0.2953
vn -0.2916 -0.9235 0.2491
vn -0.2357 -0.9508 0.2013
vn -0.1782 -0.9721 0.1522
vn -0.1197 -0.9875 0.1022
vn -0.0604 -0.9968 0.0516
vn -0.0643 0.9968 0.0467
vn -0.1273 0.9875 0.0925
vn -0.1896 0.9721 0.1378
vn -0.2507 0.9508 0.1822
vn -0.3103 0.9235 0.2254
vn -0.3679 0.8906 0.2673
vn -0.4233 0.8522 0.3075
vn -0.4760 0.8085 0.3459
vn -0.5259 0.7599 0.3821
vn -0.5725 0.7066 0.4159
vn -0.6155 0.6490 0.4472
vn -0.6548 0.5873 0.4757
vn -0.6900 0.5221 0.5013
vn -0.7210 0.4536 0.5238
vn -0.7475 0.3823 0.5431
vn -0.7695 0.3087 0.5591
vn -0.7867 0.2332 0.5716
vn -0.7991 0.1563 0.5806
vn -0.8065 0.0784 0.5860
vn -0.8090 -0.0000 0.5878
vn -0.8065 -0.0784 0.5860
vn -0.7991 -0.1563 0.5806
vn -0.7867 -0.2332 0.5716
vn -0.7695 -0.3087 0.5591
vn -0.7475 -0.3823 0.5431
vn -0.7210 -0.4536 0.5238
vn -0.6900 -0.5221 0.5013
vn -0.6548 -0.5873 0.4757
vn -0.6155 -0.6490 0.4472
vn -0.5725 -0.7066 0.4159
vn -0.5259 -0.7599 0.3821
vn -0.4760 -0.8085 0.3459
vn -0.4233 -0.8522 0.3075
vn -0.3679 -0.8906 0.2673
vn -0.3103 -0.9235 0.2254
vn -0.2507 -0.9508 0.1822
vn -0.1896 -0.9721 0.1378
vn -0.1273 -0.9875 0.0925
vn -0.0643 -0.9968 0.0467
vn -0.0677 0.9968 0.0415
vn -0.1342 0.9875 0.0822
vn -0.1998 0.9721 0.1225
vn -0.2642 0.9508 0.1619
vn -0.3270 0.9235 0.2004
vn -0.3878 0.8906 0.2376
vn -0.4461 0.8522 0.2734
vn -0.5017 0.8085 0.3075
vn -0.5542 0.7599 0.3396
vn -0.6033 0.7066 0.3697
vn -0.6487 0.6490 0.3975
vn -0.6901 0.5873 0.4229
vn -0.7272 0.5221 0.4456
vn -0.7599 0.4536 0.4657
vn -0.7879 0.3823 0.4828
vn -0.8110 0.3087 0.4970
vn -0.8291 0.2332 0.5081
vn -0.8422 0.1563 0.5161
vn -0.8500 0.0784 0.5209
vn -0.8526 -0.0000 0.5225
vn -0.8500 -0.0784 0.5209
vn -0.8422 -0.1563 0.5161
vn -0.8291 -0.2332 0.5081
vn -0.8110 -0.3087 0.4970
vn -0.7879 -0.3823 0.4828
vn -0.7599 -0.4536 0.4657
vn -0.7272 -0.5221 0.4456
vn -0.6901 -0.5873 0.4229
vn -0.6487 -0.6490 0.3975
vn -0.6033 -0.7066 0.3697
vn -0.5542 -0.7599 0.3396
vn -0.5017 -0.8085 0.3075
vn -0.4461 -0.8522 0.2734
vn -0.3878 -0.8906 0.2376
vn -0.3270 -0.9235 0.2004
vn -0.2642 -0.9508 0.1619
vn -0.1998 -0.9721 0.1225
vn -0.1342 -0.9875 0.0822
vn -0.0677 -0.9968 0.0415
vn -0.0708 0.9968 0.0361
vn -0.1402 0.9875 0.0715
vn -0.2088 0.9721 0.1064
vn -0.2761 0.9508 0.1407
vn -0.3417 0.9235 0.1741
vn -0.4052 0.8906 0.2065
vn -0.4662 0.8522 0.2375
vn -0.5243 0.8085 0.2671
vn -0.5792 0.7599 0.2951
vn -0.6305 0.7066 0.3212
vn -0.6779 0.6490 0.3454
vn -0.7211 0.5873 0.3674
vn -0.7599 0.5221 0.3872
vn -0.7941 0.4536 0.4046
vn -0.8233 0.3823 0.4195
vn -0.8475 0.3087 0.4318
vn -0.8664 0.2332 0.4415
vn -0.8801 0.1563 0.4484
vn -0.8883 0.0784 0.4526
vn -0.8910 -0.0000 0.4540
vn -0.8883 -0.0784 0.4526
vn -0.8801 -0.1563 0.4484
vn -0.8664 -0.2332 0.4415
vn -0.8475 -0.3087 0.4318
vn -0.8233 -0.3823 0.4195
vn -0.7941 -0.4536 0.4046
vn -0.7599 -0.5221 0.3872
vn -0.7211 -0.5873 0.3674
vn -0.6779 -0.6490 0.3454
vn -0.6305 -0.7066 0.3212
vn -0.5792 -0.7599 0.2951
vn -0.5243 -0.8085 0.2671
vn -0.4662 -0.8522 0.2375
vn -0.4052 -0.8906 0.2065
vn -0.3417 -0.9235 0.1741
vn -0.2761 -0.9508 0.1407
vn -0.2088 -0.9721 0.1064
vn -0.1402 -0.9875 0.0715
vn -0.0708 -0.9968 0.0361
vn -0.0734 0.9968 0.0304
vn -0.1454 0.9875 0.0602
vn -0.2165 0.9721 0.0897
vn -0.2863 0.9508 0.1186
vn -0.3543 0.9235 0.1468
vn -0.4202 0.8906 0.1740
vn -0.4834 0.8522 0.2002
vn -0.5436 0.8086 0.2252
vn -0.6005 0.7599 0.2487
vn -0.6537 0.7066 0.2708
vn -0.7029 0.6490 0.2912
vn -0.7477 0.5873 0.3097
vn -0.7880 0.5221 0.3264
vn -0.8234 0.4536 0.3411
vn -0.8537 0.3823 0.3536
vn -0.8787 0.3087 0.3640
vn -0.8984 0.2332 0.3721
vn -0.9125 0.1563 0.3780
vn -0.9210 0.0784 0.3815
vn -0.9239 -0.0000 0.3827
vn -0.9210 -0.0784 0.3815
vn -0.9125 -0.1563 0.3780
vn -0.8984 -0.2332 0.3721
vn -0.8787 -0.3087 0.3640
vn -0.8537 -0.3823 0.3536
vn -0.8234 -0.4536 0.3411
vn -0.7880 -0.5221 0.3264
vn -0.7477 -0.5873 0.3097
vn -0.7029 -0.6490 0.2912
vn -0.6537 -0.7066 0.2708
vn -0.6005 -0.7599 0.2488
vn -0.5436 -0.8085 0.2252
vn -0.4834 -0.8522 0.2002
vn -0.4202 -0.8906 0.1740
vn -0.3543 -0.9235 0.1468
vn -0.2863 -0.9508 0.1186
vn -0.2165 -0.9721 0.0897
vn -0.1454 -0.9875 0.0602
vn -0.0734 -0.9968 0.0304
vn -0.0755 0.9968 0.0245
vn -0.1497 0.9875 0.0486
vn -0.2229 0.9721 0.0724
vn -0.2947 0.9508 0.0958
vn -0.3647 0.9235 0.1185
vn -0.4325 0.8906 0.1405
vn -0.4976 0.8522 0.1617
vn -0.5596 0.8085 0.1818
vn -0.6182 0.7599 0.2009
vn -0.6730 0.7066 0.2187
vn -0.7236 0.6490 0.2351
vn -0.7697 0.5873 0.2501
vn -0.8112 0.5221 0.2636
vn -0.8476 0.4536 0.2754
vn -0.8788 0.3823 0.2855
vn -0.9046 0.3087 0.2939
vn -0.9248 0.2332 0.3005
vn -0.9394 0.1563 0.3052
vn -0.9481 0.0784 0.3081
vn -0.9511 -0.0000 0.3090
vn -0.9481 -0.0784 0.3081
vn -0.9394 -0.1563 0.3052
vn -0.9248 -0.2332 0.3005
vn -0.9046 -0.3087 0.2939
vn -0.8788 -0.3823 0.2855
vn -0.8476 -0.4536 0.2754
vn -0.8112 -0.5221 0.2636
vn -0.7697 -0.5873 0.2501
vn -0.7236 -0.6490 0.2351
vn -0.6730 -0.7066 0.2187
vn -0.6182 -0.7599 0.2009
vn -0.5596 -0.8086 0.1818
vn -0.4976 -0.8522 0.1617
vn -0.4325 -0.8906 0.1405
vn -0.3647 -0.9235 0.1185
vn -0.2947 -0.9508 0.0958
vn -0.2229 -0.9721 0.0724
vn -0.1497 -0.9875 0.0486
vn -0.0755 -0.9968 0.0245
vn -0.0772 0.9968 0.0185
vn -0.1530 0.9875 0.0367
vn -0.2279 0.9721 0.0547
vn -0.3013 0.9508 0.0723
vn -0.3729 0.9235 0.0895
vn -0.4422 0.8906 0.1062
vn -0.5088 0.8522 0.1221
vn -0.5722 0.8085 0.1374
vn -0.6321 0.7599 0.1517
vn -0.6880 0.7066 0.1652
vn -0.7398 0.6490 0.1776
vn -0.7870 0.5873 0.1889
vn -0.8293 0.5221 0.1991
vn -0.8666 0.4536 0.2080
vn -0.8985 0.3823 0.2157
vn -0.9249 0.3087 0.2220
vn -0.9456 0.2332 0.2270
vn -0.9604 0.1563 0.2306
vn -0.9694 0.0784 0.2327
vn -0.9724 -0.0000 0.2334
vn -0.9694 -0.0784 0.2327
vn -0.9604 -0.1563 0.2306
vn -0.9456 -0.2332 0.2270
vn -0.9249 -0.3087 0.2220
vn -0.8985 -0.3823 0.2157
vn -0.8666 -0.4536 0.2080
vn -0.8293 -0.5221 0.1991
vn -0.7870 -0.5873 0.1889
vn -0.7398 -0.6490 0.1776
vn -0.6880 -0.7066 0.1652
vn -0.6321 -0.7599 0.1517
vn -0.5722 -0.8085 0.1374
vn -0.5088 -0.8522 0.1221
vn -0.4422 -0.8906 0.1062
vn -0.3729 -0.9235 0.0895
vn -0.3013 -0.9508 0.0723
vn -0.2279 -0.9721 0.0547
vn -0.1530 -0.9875 0.0367
vn -0.0772 -0.9968 0.0185
vn -0.0785 0.9968 0.0124
vn -0.1555 0.9875 0.0246
vn -0.2315 0.9721 0.0367
vn -0.3061 0.9508 0.0485
vn -0.3788 0.9235 0.0600
vn -0.4492 0.8906 0.0711
vn -0.5168 0.8522 0.0818
vn -0.5812 0.8085 0.0921
vn -0.6420 0.7599 0.1017
vn -0.6989 0.7066 0.1107
vn -0.7515 0.6490 0.1190
vn -0.7994 0.5873 0.1266
vn -0.8424 0.5221 0.1334
vn -0.8802 0.4536 0.1394
vn -0.9126 0.3823 0.1445
vn -0.9394 0.3087 0.1488
vn -0.9605 0.2332 0.1521
vn -0.9756 0.1563 0.1545
vn -0.9847 0.0784 0.1560
vn -0.9877 -0.0000 0.1564
vn -0.9847 -0.0784 0.1560
vn -0.9756 -0.1563 0.1545
vn -0.9605 -0.2332 0.1521
vn -0.9394 -0.3087 0.1488
vn -0.9126 -0.3823 0.1445
vn -0.8802 -0.4536 0.1394
vn -0.8424 -0.5221 0.1334
vn -0.7994 -0.5873 0.1266
vn -0.7515 -0.6490 0.1190
vn -0.6989 -0.7066 0.1107
vn -0.6420 -0.7599 0.1017
vn -0.5812 -0.8085 0.0921
vn -0.5168 -0.8522 0.0818
vn -0.4492 -0.8906 0.0711
vn -0.3788 -0.9235 0.0600
vn -0.3061 -0.9508 0.0485
vn -0.2315 -0.9721 0.0367
vn -0.1555 -0.9875 0.0246
vn -0.0785 -0.9968 0.0124
vn -0.0792 0.9968 0.0062
vn -0.1569 0.9875 0.0123
vn -0.2337 0.9721 0.0184
vn -0.3089 0.9508 0.0243
vn -0.3823 0.9235 0.0301
vn -0.4534 0.8906 0.0357
vn -0.5216 0.8522 0.0411
vn -0.5866 0.8086 0.0462
vn -0.6480 0.7599 0.0510
vn -0.7054 0.7066 0.0555
vn -0.7585 0.6490 0.0597
vn -0.8069 0.5873 0.0635
vn -0.8503 0.5221 0.0669
vn -0.8885 0.4536 0.0699
vn -0.9212 0.3823 0.0725
vn -0.9482 0.3087 0.0746
vn -0.9694 0.2332 0.0763
vn -0.9847 0.1563 0.0775
vn -0.9939 0.0784 0.0782
vn -0.9969 -0.0000 0.0785
vn -0.9939 -0.0784 0.0782
vn -0.9847 -0.1563 0.0775
vn -0.9694 -0.2332 0.0763
vn -0.9482 -0.3087 0.0746
vn -0.9212 -0.3823 0.0725
vn -0.8885 -0.4536 0.0699
vn -0.8503 -0.5221 0.0669
vn -0.8069 -0.5873 0.0635
vn -0.7585 -0.6490 0.0597
vn -0.7054 -0.7066 0.0555
vn -0.6480 -0.7599 0.0510
vn -0.5866 -0.8085 0.0462
vn -0.5216 -0.8522 0.0411
vn -0.4534 -0.8906 0.0357
vn -0.3823 -0.9235 0.0301
vn -0.3089 -0.9508 0.0243
vn -0.2337 -0.9721 0.0184
vn -0.1569 -0.9875 0.0123
vn -0.0792 -0.9968 0.0062
vn -0.0794 0.9968 -0.0000
vn -0.1574 0.9875 -0.0000
vn -0.2344 0.9721 -0.0000
vn -0.3099 0.9508 -0.0000
vn -0.3835 0.9235 -0.0000
vn -0.4548 0.8906 -0.0000
vn -0.5232 0.8522 -0.0000
vn -0.5884 0.8085 -0.0000
vn -0.6500 0.7599 -0.0000
vn -0.7076 0.7066 -0.0000
vn -0.7608 0.6490 -0.0000
vn -0.8094 0.5873 -0.0000
vn -0.8529 0.5221 -0.0000
vn -0.8912 0.4536 -0.0000
vn -0.9240 0.3823 -0.0000
vn -0.9511 0.3087 -0.0000
vn -0.9724 0.2332 -0.0000
vn -0.9877 0.1563 -0.0000
vn -0.9969 0.0784 -0.0000
vn -1.0000 -0.0000 -0.0000
vn -0.9969 -0.0784 -0.0000
vn -0.9877 -0.1563 -0.0000
vn -0.9724 -0.2332 -0.0000
vn -0.9511 -0.3087 -0.0000
vn -0.9240 -0.3823 -0.0000
vn -0.8912 -0.4536 -0.0000
vn -0.8529 -0.5221 -0.0000
vn -0.8094 -0.5873 -0.0000
vn -0.7608 -0.6490 -0.0000
vn -0.7076 -0.7066 -0.0000
vn -0.6500 -0.7599 -0.0000
vn -0.5884 -0.8085 -0.0000
vn -0.5232 -0.8522 -0.0000
vn -0.4548 -0.8906 -0.0000
vn -0.3835 -0.9235 -0.0000
vn -0.3099 -0.9508 -0.0000
vn -0.2344 -0.9721 -0.0000
vn -0.1574 -0.9875 -0.0000
vn -0.0794 -0.9968 -0.0000
vn -0.0792 0.9968 -0.0062
vn -0.1569 0.9875 -0.0123
vn -0.2337 0.9721 -0.0184
vn -0.3089 0.9508 -0.0243
vn -0.3823 0.9235 -0.0301
vn -0.4534 0.8906 -0.0357
vn -0.5216 0.8522 -0.0411
vn -0.5866 0.8086 -0.0462
vn -0.6480 0.7599 -0.0510
vn -0.7054 0.7066 -0.0555
vn -0.7585 0.6490 -0.0597
vn -0.8069 0.5873 -0.0635
vn -0.8503 0.5221 -0.0669
vn -0.8885 0.4536 -0.0699
vn -0.9212 0.3823 -0.0725
vn -0.9482 0.3087 -0.0746
vn -0.9694 0.2332 -0.0763
vn -0.9847 0.1563 -0.0775
vn -0.9939 0.0784 -0.0782
vn -0.9969 -0.0000 -0.0785
vn -0.9939 -0.0784 -0.0782
vn -0.9847 -0.1563 -0.0775
vn -0.9694 -0.2332 -0.0763
vn -0.9482 -0.3087 -0.0746
vn -0.9212 -0.3823 -0.0725
vn -0.8885 -0.4536 -0.0699
vn -0.8503 -0.5221 -0.0669
vn -0.8069 -0.5873 -0.0635
vn -0.7585 -0.6490 -0.0597
vn -0.7054 -0.7066 -0.0555
vn -0.6480 -0.7599 -0.0510
vn -0.5866 -0.8086 -0.0462
vn -0.5216 -0.8522 -0.0411
vn -0.4534 -0.8906 -0.0357
vn -0.3823 -0.9235 -0.0301
vn -0.3089 -0.9508 -0.0243
vn -0.2336 -0.9721 -0.0184
vn -0.1569 -0.9875 -0.0123
vn -0.0792 -0.9968 -0.0062
vn -0.0785 0.9968 -0.0124
vn -0.1555 0.9875 -0.0246
vn -0.2315 0.9721 -0.0367
vn -0.3061 0.9508 -0.0485
vn -0.3788 0.9235 -0.0600
vn -0.4492 0.8906 -0.0711
vn -0.5168 0.8522 -0.0818
vn -0.5812 0.8085 -0.0921
vn -0.6420 0.7599 -0.1017
vn -0.6989 0.7066 -0.1107
vn -0.7515 0.6490 -0.1190
vn -0.7994 0.5873 -0.1266
vn -0.8424 0.5221 -0.1334
vn -0.8802 0.4536 -0.1394
vn -0.9126 0.3823 -0.1445
vn -0.9394 0.3087 -0.1488
vn -0.9605 0.2332 -0.1521
vn -0.9756 0.1563 -0.1545
vn -0.9846 0.0784 -0.1560
vn -0.9877 -0.0000 -0.1564
vn -0.9846 -0.0784 -0.1560
vn -0.9756 -0.1563 -0.1545
vn -0.9605 -0.2332 -0.1521
vn -0.9394 -0.3087 -0.1488
vn -0.9126 -0.3823 -0.1445
vn -0.8802 -0.4536 -0.1394
vn -0.8424 -0.5221 -0.1334
vn -0.7994 -0.5873 -0.1266
vn -0.7515 -0.6490 -0.1190
vn -0.6989 -0.7066 -0.1107
vn -0.6420 -0.7599 -0.1017
vn -0.5812 -0.8085 -0.0921
vn -0.5168 -0.8522 -0.0818
vn -0.4492 -0.8906 -0.0711
vn -0.3788 -0.9235 -0.0600
vn -0.3061 -0.9508 -0.0485
vn -0.2315 -0.9721 -0.0367
vn -0.1555 -0.9875 -0.0246
vn -0.0785 -0.9968 -0.0124
vn -0.0772 0.9968 -0.0185
vn -0.1530 0.9875 -0.0367
vn -0.2279 0.9721 -0.0547
vn -0.3013 0.9508 -0.0723
vn -0.3729 0.9235 -0.0895
vn -0.4422 0.8906 -0.1062
vn -0.5088 0.8522 -0.1221
vn -0.5722 0.8085 -0.1374
vn -0.6321 0.7599 -0.1517
vn -0.6880 0.7066 -0.1652
vn -0.7398 0.6490 -0.1776
vn -0.7870 0.5873 -0.1889
vn -0.8293 0.5221 -0.1991
vn -0.8666 0.4536 -0.2080
vn -0.8985 0.3823 -0.2157
vn -0.9249 0.3087 -0.2220
vn -0.9456 0.2332 -0.2270
vn -0.9604 0.1563 -0.2306
vn -0.9694 0.0784 -0.2327
vn -0.9724 -0.0000 -0.2334
vn -0.9694 -0.0784 -0.2327
vn -0.9604 -0.1563 -0.2306
vn -0.9456 -0.2332 -0.2270
vn -0.9249 -0.3087 -0.2220
vn -0.8985 -0.3823 -0.2157
vn -0.8666 -0.4536 -0.2080
vn -0.8293 -0.5221 -0.1991
vn -0.7870 -0.5873 -0.1889
vn -0.7398 -0.6490 -0.1776
vn -0.6880 -0.7066 -0.1652
vn -0.6321 -0.7599 -0.1517
vn -0.5722 -0.8085 -0.1374
vn -0.5088 -0.8522 -0.1221
vn -0.4422 -0.8906 -0.1062
vn -0.3729 -0.9235 -0.0895
vn -0.3013 -0.9508 -0.0723
vn -0.2279 -0.9721 -0.0547
vn -0.1530 -0.9875 -0.0367
vn -0.0772 -0.9968 -0.0185
vn -0.0755 0.9968 -0.0245
vn -0.1497 0.9875 -0.0486
vn -0.2229 0.9721 -0.0724
vn -0.2947 0.9508 -0.0958
vn -0.3647 0.9235 -0.1185
vn -0.4325 0.8906 -0.1405
vn -0.4976 0.8522 -0.1617
vn -0.5596 0.8085 -0.1818
vn -0.6182 0.7599 -0.2009
vn -0.6730 0.7066 -0.2187
vn -0.7236 0.6490 -0.2351
vn -0.7697 0.5873 -0.2501
vn -0.8112 0.5221 -0.2636
vn -0.8476 0.4536 -0.2754
vn -0.8788 0.3823 -0.2855
vn -0.9046 0.3087 -0.2939
vn -0.9248 0.2332 -0.3005
vn -0.9394 0.1563 -0.3052
vn -0.9481 0.0784 -0.3081
vn -0.9511 -0.0000 -0.3090
vn -0.9481 -0.0784 -0.3081
vn -0.9394 -0.1563 -0.3052
vn -0.9248 -0.2332 -0.3005
vn -0.9046 -0.3087 -0.2939
vn -0.8788 -0.3823 -0.2855
vn -0.8476 -0.4536 -0.2754
vn -0.8112 -0.5221 -0.2636
vn -0.7697 -0.5873 -0.2501
vn -0.7236 -0.6490 -0.2351
vn -0.6730 -0.7066 -0.2187
vn -0.6182 -0.7599 -0.2009
vn -0.5596 -0.8085 -0.1818
vn -0.4976 -0.8522 -0.1617
vn -0.4325 -0.8906 -0.1405
vn -0.3647 -0.9235 -0.1185
vn -0.2947 -0.9508 -0.0958
vn -0.2229 -0.9721 -0.0724
vn -0.1497 -0.9875 -0.0486
vn -0.0755 -0.9968 -0.0245
vn -0.0734 0.9968 -0.0304
vn -0.1454 0.9875 -0.0602
vn -0.2165 0.9721 -0.0897
vn -0.2863 0.9508 -0.1186
vn -0.3543 0.9235 -0.1468
vn -0.4202 0.8906 -0.1740
vn -0.4834 0.8522 -0.2002
vn -0.5436 0.8085 -0.2252
vn -0.6005 0.7599 -0.2488
vn -0.6537 0.7066 -0.2708
vn -0.7029 0.6490 -0.2912
vn -0.7477 0.5873 -0.3097
vn -0.7880 0.5221 -0.3264
vn -0.8234 0.4536 -0.3411
vn -0.8537 0.3823 -0.3536
vn -0.8787 0.3087 -0.3640
vn -0.8984 0.2332 -0.3721
vn -0.9125 0.1563 -0.3780
vn -0.9210 0.0784 -0.3815
vn -0.9239 -0.0000 -0.3827
vn -0.9210 -0.0784 -0.3815
vn -0.9125 -0.1563 -0.3780
vn -0.8984 -0.2332 -0.3721
vn -0.8787 -0.3087 -0.3640
vn -0.8537 -0.3823 -0.3536
vn -0.8234 -0.4536 -0.3411
vn -0.7880 -0.5221 -0.3264
vn -0.7477 -0.5873 -0.3097
vn -0.7029 -0.6490 -0.2912
vn -0.6537 -0.7066 -0.2708
vn -0.6005 -0.7599 -0.2488
vn -0.5436 -0.8085 -0.2252
vn -0.4834 -0.8522 -0.2002
vn -0.4202 -0.8906 -0.1740
vn -0.3543 -0.9235 -0.1468
vn -0.2863 -0.9508 -0.1186
vn -0.2165 -0.9721 -0.0897
vn -0.1454 -0.9875 -0.0602
vn -0.0734 -0.9968 -0.0304
vn -0.0708 0.9968 -0.0361
vn -0.1402 0.9875 -0.0715
vn -0.2088 0.9721 -0.1064
vn -0.2761 0.9508 -0.1407
vn -0.3417 0.9235 -0.1741
vn -0.4052 0.8906 -0.2065
vn -0.4662 0.8522 -0.2375
vn -0.5243 0.8085 -0.2671
vn -0.5792 0.7599 -0.2951
vn -0.6305 0.7066 -0.3212
vn -0.6779 0.6490 -0.3454
vn -0.7211 0.5873 -0.3674
vn -0.7599 0.5221 -0.3872
vn -0.7941 0.4536 -0.4046
vn -0.8233 0.3823 -0.4195
vn -0.8475 0.3087 -0.4318
vn -0.8664 0.2332 -0.4415
vn -0.8801 0.1563 -0.4484
vn -0.8883 0.0784 -0.4526
vn -0.8910 -0.0000 -0.4540
vn -0.8883 -0.0784 -0.4526
vn -0.8801 -0.1563 -0.4484
vn -0.8664 -0.2332 -0.4415
vn -0.8475 -0.3087 -0.4318
vn -0.8233 -0.3823 -0.4195
vn -0.7941 -0.4536 -0.4046
vn -0.7599 -0.5221 -0.3872
vn -0.7211 -0.5873 -0.3674
vn -0.6779 -0.6490 -0.3454
vn -0.6305 -0.7066 -0.3212
vn -0.5792 -0.7599 -0.2951
vn -0.5243 -0.8085 -0.2671
vn -0.4662 -0.8522 -0.2375
vn -0.4052 -0.8906 -0.2065
vn -0.3417 -0.9235 -0.1741
vn -0.2761 -0.9508 -0.1407
vn -0.2088 -0.9721 -0.1064
vn -0.1402 -0.9875 -0.0715
vn -0.0708 -0.9968 -0.0361
vn -0.0677 0.9968 -0.0415
vn -0.1342 0.9875 -0.0822
vn -0.1998 0.9721 -0.1225
vn -0.2642 0.9508 -0.1619
vn -0.3270 0.9235 -0.2004
vn -0.3878 0.8906 -0.2376
vn -0.4461 0.8522 -0.2734
vn -0.5017 0.8085 -0.3075
vn -0.5542 0.7599 -0.3396
vn -0.6033 0.7066 -0.3697
vn -0.6487 0.6490 -0.3975
vn -0.6901 0.5873 -0.4229
vn -0.7272 0.5221 -0.4456
vn -0.7599 0.4536 -0.4657
vn -0.7879 0.3823 -0.4828
vn -0.8110 0.3087 -0.4970
vn -0.8291 0.2332 -0.5081
vn -0.8422 0.1563 -0.5161
vn -0.8500 0.0784 -0.5209
vn -0.8526 -0.0000 -0.5225
vn -0.8500 -0.0784 -0.5209
vn -0.8422 -0.1563 -0.5161
vn -0.8291 -0.2332 -0.5081
vn -0.8110 -0.3087 -0.4970
vn -0.7879 -0.3823 -0.4828
vn -0.7599 -0.4536 -0.4657
vn -0.7272 -0.5221 -0.4456
vn -0.6901 -0.5873 -0.4229
vn -0.6487 -0.6490 -0.3975
vn -0.6033 -0.7066 -0.3697
vn -0.5542 -0.7599 -0.3396
vn -0.5017 -0.8085 -0.3075
vn -0.4461 -0.8522 -0.2734
vn -0.3878 -0.8906 -0.2376
vn -0.3270 -0.9235 -0.2004
vn -0.2642 -0.9508 -0.1619
vn -0.1998 -0.9721 -0.1225
vn -0.1342 -0.9875 -0.0822
vn -0.0677 -0.9968 -0.0415
vn -0.0643 0.9968 -0.0467
vn -0.1273 0.9875 -0.0925
vn -0.1896 0.9721 -0.1378
vn -0.2507 0.9508 -0.1822
vn -0.3103 0.9235 -0.2254
vn -0.3679 0.8906 -0.2673
vn -0.4233 0.8522 -0.3075
vn -0.4760 0.8085 -0.3459
vn -0.5259 0.7599 -0.3821
vn -0.5725 0.7066 -0.4159
vn -0.6155 0.6490 -0.4472
vn -0.6548 0.5873 -0.4757
vn -0.6900 0.5221 -0.5013
vn -0.7210 0.4536 -0.5238
vn -0.7475 0.3823 -0.5431
vn -0.7695 0.3087 -0.5591
vn -0.7867 0.2332 -0.5716
vn -0.7991 0.1563 -0.5806
vn -0.8065 0.0784 -0.5860
vn -0.8090 -0.0000 -0.5878
vn -0.8065 -0.0784 -0.5860
vn -0.7991 -0.1563 -0.5806
vn -0.7867 -0.2332 -0.5716
vn -0.7695 -0.3087 -0.5591
vn -0.7476 -0.3823 -0.5431
vn -0.7210 -0.4536 -0.5238
vn -0.6900 -0.5221 -0.5013
vn -0.6548 -0.5873 -0.4757
vn -0.6155 -0.6490 -0.4472
vn -0.5725 -0.7066 -0.4159
vn -0.5259 -0.7599 -0.3821
vn -0.4760 -0.8085 -0.3459
vn -0.4233 -0.8522 -0.3075
vn -0.3679 -0.8906 -0.2673
vn -0.3103 -0.9235 -0.2254
vn -0.2507 -0.9508 -0.1822
vn -0.1896 -0.9721 -0.1378
vn -0.1273 -0.9875 -0.0925
vn -0.0643 -0.9968 -0.0467
vn -0.0604 0.9968 -0.0516
vn -0.1197 0.9875 -0.1022
vn -0.1782 0.9721 -0.1522
vn -0.2357 0.9508 -0.2013
vn -0.2916 0.9235 -0.2491
vn -0.3458 0.8906 -0.2953
vn -0.3979 0.8522 -0.3398
vn -0.4474 0.8085 -0.3822
vn -0.4943 0.7599 -0.4222
vn -0.5381 0.7066 -0.4595
vn -0.5785 0.6490 -0.4941
vn -0.6154 0.5873 -0.5256
vn -0.6486 0.5221 -0.5539
vn -0.6777 0.4536 -0.5788
vn -0.7026 0.3823 -0.6001
vn -0.7233 0.3087 -0.6177
vn -0.7394 0.2332 -0.6315
vn -0.7511 0.1563 -0.6415
vn -0.7581 0.0784 -0.6475
vn -0.7604 -0.0000 -0.6494
vn -0.7581 -0.0784 -0.6475
vn -0.7511 -0.1563 -0.6415
vn -0.7394 -0.2332 -0.6315
vn -0.7233 -0.3087 -0.6177
vn -0.7026 -0.3823 -0.6001
vn -0.6777 -0.4536 -0.5788
vn -0.6486 -0.5221 -0.5539
vn -0.6154 -0.5873 -0.5256
vn -0.5785 -0.6490 -0.4941
vn -0.5381 -0.7066 -0.4595
vn -0.4943 -0.7599 -0.4222
vn -0.4474 -0.8085 -0.3822
vn -0.3979 -0.8522 -0.3398
vn -0.3458 -0.8906 -0.2953
vn -0.2916 -0.9235 -0.2491
vn -0.2357 -0.9508 -0.2013
vn -0.1782 -0.9721 -0.1522
vn -0.1197 -0.9875 -0.1022
vn -0.0604 -0.9968 -0.0516
vn -0.0562 0.9968 -0.0562
vn -0.1113 0.9875 -0.1113
vn -0.1657 0.9721 -0.1657
vn -0.2191 0.9508 -0.2191
vn -0.2712 0.9235 -0.2712
vn -0.3216 0.8906 -0.3216
vn -0.3700 0.8522 -0.3700
vn -0.4161 0.8085 -0.4161
vn -0.4596 0.7599 -0.4596
vn -0.5003 0.7066 -0.5003
vn -0.5380 0.6490 -0.5380
vn -0.5723 0.5873 -0.5723
vn -0.6031 0.5221 -0.6031
vn -0.6302 0.4536 -0.6302
vn -0.6534 0.3823 -0.6534
vn -0.6726 0.3087 -0.6726
vn -0.6876 0.2332 -0.6876
vn -0.6984 0.1563 -0.6984
vn -0.7049 0.0784 -0.7049
vn -0.7071 -0.0000 -0.7071
vn -0.7049 -0.0784 -0.7049
vn -0.6984 -0.1563 -0.6984
vn -0.6876 -0.2332 -0.6876
vn -0.6726 -0.3087 -0.6726
vn -0.6534 -0.3823 -0.6534
vn -0.6302 -0.4536 -0.6302
vn -0.6031 -0.5221 -0.6031
vn -0.5723 -0.5873 -0.5723
vn -0.5380 -0.6490 -0.5380
vn -0.5003 -0.7066 -0.5003
vn -0.4596 -0.7599 -0.4596
vn -0.4161 -0.8085 -0.4161
vn -0.3700 -0.8522 -0.3700
vn -0.3216 -0.8906 -0.3216
vn -0.2712 -0.9235 -0.2712
vn -0.2191 -0.9508 -0.2191
vn -0.1657 -0.9721 -0.1657
vn -0.1113 -0.9875 -0.1113
vn -0.0562 -0.9968 -0.0562
vn -0.0516 0.9968 -0.0604
vn -0.1022 0.9875 -0.1197
vn -0.1522 0.9721 -0.1782
vn -0.2013 0.9508 -0.2357
vn -0.2491 0.9235 -0.2916
vn -0.2953 0.8906 -0.3458
vn -0.3398 0.8522 -0.3979
vn -0.3822 0.8085 -0.4474
vn -0.4222 0.7599 -0.4943
vn -0.4595 0.7066 -0.5381
vn -0.4941 0.6490 -0.5785
vn -0.5256 0.5873 -0.6154
vn -0.5539 0.5221 -0.6486
vn -0.5788 0.4536 -0.6777
vn -0.6001 0.3823 -0.7026
vn -0.6177 0.3087 -0.7233
vn -0.6315 0.2332 -0.7394
vn -0.6415 0.1563 -0.7511
vn -0.6474 0.0784 -0.7581
vn -0.6494 -0.0000 -0.7604
vn -0.6474 -0.0784 -0.7581
vn -0.6415 -0.1563 -0.7511
vn -0.6315 -0.2332 -0.7394
vn -0.6177 -0.3087 -0.7233
vn -0.6001 -0.3823 -0.7026
vn -0.5788 -0.4536 -0.6777
vn -0.5539 -0.5221 -0.6486
vn -0.5256 -0.5873 -0.6154
vn -0.4941 -0.6490 -0.5785
vn -0.4595 -0.7066 -0.5381
vn -0.4222 -0.7599 -0.4943
vn -0.3822 -0.8085 -0.4474
vn -0.3398 -0.8522 -0.3979
vn -0.2953 -0.8906 -0.3458
vn -0.2491 -0.9235 -0.2916
vn -0.2013 -0.9508 -0.2357
vn -0.1522 -0.9721 -0.1782
vn -0.1022 -0.9875 -0.1197
vn -0.0516 -0.9968 -0.0604
vn -0.0467 0.9968 -0.0643
vn -0.0925 0.9875 -0.1273
vn -0.1378 0.9721 -0.1896
vn -0.1822 0.9508 -0.2507
vn -0.2254 0.9235 -0.3103
vn -0.2673 0.8906 -0.3679
vn -0.3075 0.8522 -0.4233
vn -0.3459 0.8085 -0.4760
vn -0.3821 0.7599 -0.5259
vn -0.4159 0.7066 -0.5725
vn -0.4472 0.6490 -0.6155
vn -0.4757 0.5873 -0.6548
vn -0.5013 0.5221 -0.6900
vn -0.5238 0.4536 -0.7210
vn -0.5431 0.3823 -0.7476
vn -0.5591 0.3087 -0.7695
vn -0.5716 0.2332 -0.7867
vn -0.5806 0.1563 -0.7991
vn -0.5860 0.0784 -0.8065
vn -0.5878 -0.0000 -0.8090
vn -0.5860 -0.0784 -0.8065
vn -0.5806 -0.1563 -0.7991
vn -0.5716 -0.2332 -0.7867
vn -0.5591 -0.3087 -0.7695
vn -0.5431 -0.3823 -0.7476
vn -0.5238 -0.4536 -0.7210
vn -0.5013 -0.5221 -0.6900
vn -0.4757 -0.5873 -0.6548
vn -0.4472 -0.6490 -0.6155
vn -0.4159 -0.7066 -0.5725
vn -0.3821 -0.7599 -0.5259
vn -0.3459 -0.8085 -0.4760
vn -0.3075 -0.8522 -0.4233
vn -0.2673 -0.8906 -0.3679
vn -0.2254 -0.9235 -0.3103
vn -0.1822 -0.9508 -0.2507
vn -0.1378 -0.9721 -0.1896
vn -0.0925 -0.9875 -0.1273
vn -0.0467 -0.9968 -0.0643
vn -0.0415 0.9968 -0.0677
vn -0.0822 0.9875 -0.1342
vn -0.1225 0.9721 -0.1998
vn -0.1619 0.9508 -0.2642
vn -0.2004 0.9235 -0.3270
vn -0.2376 0.8906 -0.3878
vn -0.2734 0.8522 -0.4461
vn -0.3075 0.8085 -0.5017
vn -0.3396 0.7599 -0.5542
vn -0.3697 0.7066 -0.6033
vn -0.3975 0.6490 -0.6487
vn -0.4229 0.5873 -0.6901
vn -0.4456 0.5221 -0.7272
vn -0.4657 0.4536 -0.7599
vn -0.4828 0.3823 -0.7879
vn -0.4970 0.3087 -0.8110
vn -0.5081 0.2332 -0.8291
vn -0.5161 0.1563 -0.8422
vn -0.5209 0.0784 -0.8500
vn -0.5225 -0.0000 -0.8526
vn -0.5209 -0.0784 -0.8500
vn -0.5161 -0.1563 -0.8422
vn -0.5081 -0.2332 -0.8291
vn -0.4970 -0.3087 -0.8110
vn -0.4828 -0.3823 -0.7879
vn -0.4657 -0.4536 -0.7599
vn -0.4456 -0.5221 -0.7272
vn -0.4229 -0.5873 -0.6901
vn -0.3975 -0.6490 -0.6487
vn -0.3697 -0.7066 -0.6033
vn -0.3396 -0.7599 -0.5542
vn -0.3075 -0.8085 -0.5017
vn -0.2734 -0.8522 -0.4461
vn -0.2376 -0.8906 -0.3878
vn -0.2004 -0.9235 -0.3270
vn -0.1619 -0.9508 -0.2642
vn -0.1225 -0.9721 -0.1998
vn -0.0822 -0.9875 -0.1342
vn -0.0415 -0.9968 -0.0677
vn -0.0361 0.9968 -0.0708
vn -0.0714 0.9875 -0.1402
vn -0.1064 0.9721 -0.2088
vn -0.1407 0.9508 -0.2761
vn -0.1741 0.9235 -0.3417
vn -0.2065 0.8906 -0.4052
vn -0.2375 0.8522 -0.4662
vn -0.2671 0.8085 -0.5243
vn -0.2951 0.7599 -0.5792
vn -0.3212 0.7066 -0.6305
vn -0.3454 0.6490 -0.6779
vn -0.3674 0.5873 -0.7211
vn -0.3872 0.5221 -0.7599
vn -0.4046 0.4536 -0.7941
vn -0.4195 0.3823 -0.8233
vn -0.4318 0.3087 -0.8475
vn -0.4415 0.2332 -0.8664
vn -0.4484 0.1563 -0.8801
vn -0.4526 0.0784 -0.8883
vn -0.4540 -0.0000 -0.8910
vn -0.4526 -0.0784 -0.8883
vn -0.4484 -0.1563 -0.8801
vn -0.4415 -0.2332 -0.8664
vn -0.4318 -0.3087 -0.8475
vn -0.4195 -0.3823 -0.8233
vn -0.4046 -0.4536 -0.7941
vn -0.3872 -0.5221 -0.7599
vn -0.3674 -0.5873 -0.7211
vn -0.3454 -0.6490 -0.6779
vn -0.3212 -0.7066 -0.6305
vn -0.2951 -0.7599 -0.5792
vn -0.2671 -0.8085 -0.5243
vn -0.2375 -0.8522 -0.4662
vn -0.2065 -0.8906 -0.4052
vn -0.1741 -0.9235 -0.3417
vn -0.1407 -0.9508 -0.2761
vn -0.1064 -0.9721 -0.2088
vn -0.0715 -0.9875 -0.1402
vn -0.0361 -0.9968 -0.0708
vn -0.0304 0.9968 -0.0734
vn -0.0602 0.9875 -0.1454
vn -0.0897 0.9721 -0.2165
vn -0.1186 0.9508 -0.2863
vn -0.1468 0.9235 -0.3543
vn -0.1740 0.8906 -0.4202
vn -0.2002 0.8522 -0.4834
vn -0.2252 0.8085 -0.5436
vn -0.2487 0.7599 -0.6005
vn -0.2708 0.7066 -0.6537
vn -0.2912 0.6490 -0.7029
vn -0.3097 0.5873 -0.7477
vn -0.3264 0.5221 -0.7880
vn -0.3411 0.4536 -0.8234
vn -0.3536 0.3823 -0.8537
vn -0.3640 0.3087 -0.8787
vn -0.3721 0.2332 -0.8984
vn -0.3780 0.1563 -0.9125
vn -0.3815 0.0784 -0.9210
vn -0.3827 -0.0000 -0.9239
vn -0.3815 -0.0784 -0.9210
vn -0.3780 -0.1563 -0.9125
vn -0.3721 -0.2332 -0.8984
vn -0.3640 -0.3087 -0.8787
vn -0.3536 -0.3823 -0.8537
vn -0.3411 -0.4536 -0.8234
vn -0.3264 -0.5221 -0.7880
vn -0.3097 -0.5873 -0.7477
vn -0.2912 -0.6490 -0.7029
vn -0.2708 -0.7066 -0.6537
vn -0.2487 -0.7599 -0.6005
vn -0.2252 -0.8085 -0.5436
vn -0.2002 -0.8522 -0.4834
vn -0.1740 -0.8906 -0.4202
vn -0.1468 -0.9235 -0.3543
vn -0.1186 -0.9508 -0.2863
vn -0.0897 -0.9721 -0.2165
vn -0.0602 -0.9875 -0.1454
vn -0.0304 -0.9968 -0.0734
vn -0.0246 0.9968 -0.0755
vn -0.0486 0.9875 -0.1497
vn -0.0724 0.9721 -0.2229
vn -0.0958 0.9508 -0.2947
vn -0.1185 0.9235 -0.3647
vn -0.1405 0.8906 -0.4325
vn -0.1617 0.8522 -0.4976
vn -0.1818 0.8085 -0.5596
vn -0.2009 0.7599 -0.6182
vn -0.2187 0.7066 -0.6730
vn -0.2351 0.6490 -0.7236
vn -0.2501 0.5873 -0.7697
vn -0.2636 0.5221 -0.8112
vn -0.2754 0.4536 -0.8476
vn -0.2855 0.3823 -0.8788
vn -0.2939 0.3087 -0.9046
vn -0.3005 0.2332 -0.9248
vn -0.3052 0.1563 -0.9394
vn -0.3081 0.0784 -0.9481
vn -0.3090 -0.0000 -0.9511
vn -0.3081 -0.0784 -0.9481
vn -0.3052 -0.1563 -0.9394
vn -0.3005 -0.2332 -0.9248
vn -0.2939 -0.3087 -0.9046
vn -0.2855 -0.3823 -0.8788
vn -0.2754 -0.4536 -0.8476
vn -0.2636 -0.5221 -0.8112
vn -0.2501 -0.5873 -0.7697
vn -0.2351 -0.6490 -0.7236
vn -0.2187 -0.7066 -0.6730
vn -0.2009 -0.7599 -0.6182
vn -0.1818 -0.8085 -0.5596
vn -0.1617 -0.8522 -0.4976
vn -0.1405 -0.8906 -0.4325
vn -0.1185 -0.9235 -0.3648
vn -0.0958 -0.9508 -0.2947
vn -0.0724 -0.9721 -0.2229
vn -0.0486 -0.9875 -0.1497
vn -0.0245 -0.9968 -0.0755
vn -0.0185 0.9968 -0.0772
vn -0.0367 0.9875 -0.1530
vn -0.0547 0.9721 -0.2279
vn -0.0723 0.9508 -0.3013
vn -0.0895 0.9235 -0.3729
vn -0.1062 0.8906 -0.4422
vn -0.1221 0.8522 -0.5088
vn -0.1374 0.8085 -0.5722
vn -0.1517 0.7599 -0.6321
vn -0.1652 0.7066 -0.6880
vn -0.1776 0.6490 -0.7398
vn -0.1889 0.5873 -0.7870
vn -0.1991 0.5221 -0.8293
vn -0.2080 0.4536 -0.8666
vn -0.2157 0.3823 -0.8985
vn -0.2220 0.3087 -0.9249
vn -0.2270 0.2332 -0.9456
vn -0.2306 0.1563 -0.9604
vn -0.2327 0.0784 -0.9694
vn -0.2334 -0.0000 -0.9724
vn -0.2327 -0.0784 -0.9694
vn -0.2306 -0.1563 -0.9604
vn -0.2270 -0.2332 -0.9456
vn -0.2220 -0.3087 -0.9249
vn -0.2157 -0.3823 -0.8985
vn -0.2080 -0.4536 -0.8666
vn -0.1991 -0.5221 -0.8293
vn -0.1889 -0.5873 -0.7870
vn -0.1776 -0.6490 -0.7398
vn -0.1652 -0.7066 -0.6880
vn -0.1517 -0.7599 -0.6321
vn -0.1374 -0.8085 -0.5722
vn -0.1221 -0.8522 -0.5088
vn -0.1062 -0.8906 -0.4422
vn -0.0895 -0.9235 -0.3729
vn -0.0723 -0.9508 -0.3013
vn -0.0547 -0.9721 -0.2279
vn -0.0367 -0.9875 -0.1530
vn -0.0185 -0.9968 -0.0772
vn -0.0124 0.9968 -0.0785
vn -0.0246 0.9875 -0.1555
vn -0.0367 0.9721 -0.2315
vn -0.0485 0.9508 -0.3061
vn -0.0600 0.9235 -0.3788
vn -0.0711 0.8906 -0.4492
vn -0.0818 0.8522 -0.5168
vn -0.0920 0.8085 -0.5812
vn -0.1017 0.7599 -0.6420
vn -0.1107 0.7066 -0.6989
vn -0.1190 0.6490 -0.7515
vn -0.1266 0.5873 -0.7994
vn -0.1334 0.5221 -0.8424
vn -0.1394 0.4536 -0.8802
vn -0.1445 0.3823 -0.9126
vn -0.1488 0.3087 -0.9394
vn -0.1521 0.2332 -0.9605
vn -0.1545 0.1563 -0.9756
vn -0.1560 0.0784 -0.9846
vn -0.1564 -0.0000 -0.9877
vn -0.1560 -0.0784 -0.9846
vn -0.1545 -0.1563 -0.9756
vn -0.1521 -0.2332 -0.9605
vn -0.1488 -0.3087 -0.9394
vn -0.1445 -0.3823 -0.9126
vn -0.1394 -0.4536 -0.8802
vn -0.1334 -0.5221 -0.8424
vn -0.1266 -0.5873 -0.7994
vn -0.1190 -0.6490 -0.7515
vn -0.1107 -0.7066 -0.6989
vn -0.1017 -0.7599 -0.6420
vn -0.0920 -0.8085 -0.5812
vn -0.0818 -0.8522 -0.5168
vn -0.0711 -0.8906 -0.4492
vn -0.0600 -0.9235 -0.3788
vn -0.0485 -0.9508 -0.3061
vn -0.0367 -0.9721 -0.2315
vn -0.0246 -0.9875 -0.1555
vn -0.0124 -0.9968 -0.0785
vn -0.0062 0.9968 -0.0792
vn -0.0123 0.9875 -0.1569
vn -0.0184 0.9721 -0.2337
vn -0.0243 0.9508 -0.3089
vn -0.0301 0.9235 -0.3823
vn -0.0357 0.8906 -0.4534
vn -0.0411 0.8522 -0.5216
vn -0.0462 0.8085 -0.5866
vn -0.0510 0.7599 -0.6480
vn -0.0555 0.7066 -0.7054
vn -0.0597 0.6490 -0.7585
vn -0.0635 0.5873 -0.8069
vn -0.0669 0.5221 -0.8503
vn -0.0699 0.4536 -0.8885
vn -0.0725 0.3823 -0.9212
vn -0.0746 0.3087 -0.9482
vn -0.0763 0.2332 -0.9694
vn -0.0775 0.1563 -0.9847
vn -0.0782 0.0784 -0.9938
vn -0.0785 -0.0000 -0.9969
vn -0.0782 -0.0784 -0.9938
vn -0.0775 -0.1563 -0.9847
vn -0.0763 -0.2332 -0.9694
vn -0.0746 -0.3087 -0.9482
vn -0.0725 -0.3823 -0.9212
vn -0.0699 -0.4536 -0.8885
vn -0.0669 -0.5221 -0.8503
vn -0.0635 -0.5873 -0.8069
vn -0.0597 -0.6490 -0.7585
vn -0.0555 -0.7066 -0.7054
vn -0.0510 -0.7599 -0.6480
vn -0.0462 -0.8085 -0.5866
vn -0.0411 -0.8522 -0.5216
vn -0.0357 -0.8906 -0.4534
vn -0.0301 -0.9235 -0.3823
vn -0.0243 -0.9508 -0.3089
vn -0.0184 -0.9721 -0.2337
vn -0.0123 -0.9875 -0.1569
vn -0.0062 -0.9968 -0.0792
vn -0.0000 0.9968 -0.0794
vn -0.0000 0.9875 -0.1574
vn -0.0000 0.9721 -0.2344
vn -0.0000 0.9508 -0.3099
vn -0.0000 0.9235 -0.3835
vn -0.0000 0.8906 -0.4548
vn -0.0000 0.8522 -0.5232
vn -0.0000 0.8086 -0.5884
vn -0.0000 0.6490 -0.7608
vn -0.0000 0.3823 -0.9240
vn -0.0000 0.0784 -0.9969
vn -0.0000 -0.3087 -0.9511
vn -0.0000 -0.3823 -0.9240
vn -0.0000 -0.5873 -0.8094
vn -0.0000 -0.6490 -0.7608
vn -0.0000 -0.7066 -0.7076
vn -0.0000 -0.7599 -0.6500
vn -0.0000 -0.8085 -0.5884
vn -0.0000 -0.8522 -0.5232
vn -0.0000 -0.8906 -0.4548
vn -0.0000 -0.9235 -0.3835
vn -0.0000 -0.9508 -0.3099
vn -0.0000 -0.9721 -0.2344
vn -0.0000 -0.9875 -0.1574
vn -0.0000 -0.9968 -0.0794
vt 0.750000 0.700000
vt 0.737500 0.675000
vt 0.750000 0.675000
vt 0.743750 0.000000
vt 0.750000 0.025000
vt 0.737500 0.025000
vt 0.750000 0.350000
vt 0.737500 0.325000
vt 0.750000 0.325000
vt 0.737500 0.650000
vt 0.750000 0.650000
vt 0.750000 0.975000
vt 0.743750 1.000000
vt 0.737500 0.975000
vt 0.737500 0.300000
vt 0.750000 0.300000
vt 0.750000 0.625000
vt 0.737500 0.625000
vt 0.750000 0.950000
vt 0.737500 0.950000
vt 0.737500 0.275000
vt 0.750000 0.275000
vt 0.750000 0.600000
vt 0.737500 0.600000
vt 0.750000 0.925000
vt 0.737500 0.925000
vt 0.737500 0.250000
vt 0.750000 0.250000
vt 0.737500 0.575000
vt 0.750000 0.575000
vt 0.750000 0.900000
vt 0.737500 0.900000
vt 0.737500 0.225000
vt 0.750000 0.225000
vt 0.737500 0.550000
vt 0.750000 0.550000
vt 0.750000 0.875000
vt 0.737500 0.875000
vt 0.737500 0.200000
vt 0.750000 0.200000
vt 0.750000 0.525000
vt 0.737500 0.525000
vt 0.750000 0.850000
vt 0.737500 0.850000
vt 0.737500 0.175000
vt 0.750000 0.175000
vt 0.737500 0.500000
vt 0.750000 0.500000
vt 0.750000 0.825000
vt 0.737500 0.825000
vt 0.737500 0.150000
vt 0.750000 0.150000
vt 0.737500 0.475000
vt 0.750000 0.475000
vt 0.750000 0.800000
vt 0.737500 0.800000
vt 0.737500 0.125000
vt 0.750000 0.125000
vt 0.737500 0.450000
vt 0.750000 0.450000
vt 0.750000 0.775000
vt 0.737500 0.775000
vt 0.737500 0.100000
vt 0.750000 0.100000
vt 0.750000 0.425000
vt 0.737500 0.425000
vt 0.737500 0.750000
vt 0.750000 0.750000
vt 0.737500 0.075000
vt 0.750000 0.075000
vt 0.750000 0.400000
vt 0.737500 0.400000
vt 0.750000 0.725000
vt 0.737500 0.725000
vt 0.737500 0.050000
vt 0.750000 0.050000
vt 0.737500 0.375000
vt 0.750000 0.375000
vt 0.737500 0.700000
vt 0.737500 0.350000
vt 0.725000 0.675000
vt 0.731250 0.000000
vt 0.725000 0.025000
vt 0.725000 0.325000
vt 0.725000 0.650000
vt 0.731250 1.000000
vt 0.725000 0.975000
vt 0.725000 0.300000
vt 0.725000 0.625000
vt 0.725000 0.950000
vt 0.725000 0.275000
vt 0.725000 0.600000
vt 0.725000 0.925000
vt 0.725000 0.250000
vt 0.725000 0.575000
vt 0.725000 0.900000
vt 0.725000 0.225000
vt 0.725000 0.550000
vt 0.725000 0.875000
vt 0.725000 0.200000
vt 0.725000 0.525000
vt 0.725000 0.850000
vt 0.725000 0.175000
vt 0.725000 0.500000
vt 0.725000 0.825000
vt 0.725000 0.150000
vt 0.725000 0.475000
vt 0.725000 0.800000
vt 0.725000 0.125000
vt 0.725000 0.450000
vt 0.725000 0.775000
vt 0.725000 0.100000
vt 0.725000 0.425000
vt 0.725000 0.750000
vt 0.725000 0.075000
vt 0.725000 0.400000
vt 0.725000 0.725000
vt 0.725000 0.050000
vt 0.725000 0.375000
vt 0.725000 0.700000
vt 0.725000 0.350000
vt 0.712500 0.375000
vt 0.712500 0.350000
vt 0.712500 0.675000
vt 0.718750 0.000000
vt 0.712500 0.025000
vt 0.712500 0.325000
vt 0.712500 0.650000
vt 0.718750 1.000000
vt 0.712500 0.975000
vt 0.712500 0.300000
vt 0.712500 0.625000
vt 0.712500 0.950000
vt 0.712500 0.275000
vt 0.712500 0.600000
vt 0.712500 0.925000
vt 0.712500 0.250000
vt 0.712500 0.575000
vt 0.712500 0.900000
vt 0.712500 0.225000
vt 0.712500 0.550000
vt 0.712500 0.875000
vt 0.712500 0.200000
vt 0.712500 0.525000
vt 0.712500 0.850000
vt 0.712500 0.175000
vt 0.712500 0.500000
vt 0.712500 0.825000
vt 0.712500 0.150000
vt 0.712500 0.475000
vt 0.712500 0.800000
vt 0.712500 0.125000
vt 0.712500 0.450000
vt 0.712500 0.775000
vt 0.712500 0.100000
vt 0.712500 0.425000
vt 0.712500 0.750000
vt 0.712500 0.075000
vt 0.712500 0.400000
vt 0.712500 0.725000
vt 0.712500 0.050000
vt 0.712500 0.700000
vt 0.700000 0.700000
vt 0.700000 0.025000
vt 0.700000 0.350000
vt 0.700000 0.675000
vt 0.706250 0.000000
vt 0.700000 0.325000
vt 0.700000 0.650000
vt 0.706250 1.000000
vt 0.700000 0.975000
vt 0.700000 0.300000
vt 0.700000 0.625000
vt 0.700000 0.950000
vt 0.700000 0.275000
vt 0.700000 0.600000
vt 0.700000 0.925000
vt 0.700000 0.250000
vt 0.700000 0.575000
vt 0.700000 0.900000
vt 0.700000 0.225000
vt 0.700000 0.550000
vt 0.700000 0.875000
vt 0.700000 0.200000
vt 0.700000 0.525000
vt 0.700000 0.850000
vt 0.700000 0.175000
vt 0.700000 0.500000
vt 0.700000 0.825000
vt 0.700000 0.150000
vt 0.700000 0.475000
vt 0.700000 0.800000
vt 0.700000 0.125000
vt 0.700000 0.450000
vt 0.700000 0.775000
vt 0.700000 0.100000
vt 0.700000 0.425000
vt 0.700000 0.750000
vt 0.700000 0.075000
vt 0.700000 0.400000
vt 0.700000 0.725000
vt 0.700000 0.050000
vt 0.700000 0.375000
vt 0.687500 0.075000
vt 0.687500 0.050000
vt 0.687500 0.400000
vt 0.687500 0.375000
vt 0.687500 0.700000
vt 0.687500 0.025000
vt 0.687500 0.350000
vt 0.687500 0.675000
vt 0.693750 0.000000
vt 0.687500 0.325000
vt 0.687500 0.650000
vt 0.693750 1.000000
vt 0.687500 0.975000
vt 0.687500 0.300000
vt 0.687500 0.625000
vt 0.687500 0.950000
vt 0.687500 0.275000
vt 0.687500 0.600000
vt 0.687500 0.925000
vt 0.687500 0.250000
vt 0.687500 0.575000
vt 0.687500 0.900000
vt 0.687500 0.225000
vt 0.687500 0.550000
vt 0.687500 0.875000
vt 0.687500 0.200000
vt 0.687500 0.525000
vt 0.687500 0.850000
vt 0.687500 0.175000
vt 0.687500 0.500000
vt 0.687500 0.825000
vt 0.687500 0.150000
vt 0.687500 0.475000
vt 0.687500 0.800000
vt 0.687500 0.125000
vt 0.687500 0.450000
vt 0.687500 0.775000
vt 0.687500 0.100000
vt 0.687500 0.425000
vt 0.687500 0.750000
vt 0.687500 0.725000
vt 0.675000 0.400000
vt 0.675000 0.750000
vt 0.675000 0.725000
vt 0.675000 0.050000
vt 0.675000 0.375000
vt 0.675000 0.700000
vt 0.675000 0.025000
vt 0.675000 0.350000
vt 0.675000 0.675000
vt 0.681250 0.000000
vt 0.675000 0.325000
vt 0.675000 0.650000
vt 0.681250 1.000000
vt 0.675000 0.975000
vt 0.675000 0.300000
vt 0.675000 0.625000
vt 0.675000 0.950000
vt 0.675000 0.275000
vt 0.675000 0.600000
vt 0.675000 0.925000
vt 0.675000 0.250000
vt 0.675000 0.575000
vt 0.675000 0.900000
vt 0.675000 0.225000
vt 0.675000 0.550000
vt 0.675000 0.875000
vt 0.675000 0.200000
vt 0.675000 0.525000
vt 0.675000 0.850000
vt 0.675000 0.175000
vt 0.675000 0.500000
vt 0.675000 0.825000
vt 0.675000 0.150000
vt 0.675000 0.475000
vt 0.675000 0.800000
vt 0.675000 0.125000
vt 0.675000 0.450000
vt 0.675000 0.775000
vt 0.675000 0.100000
vt 0.675000 0.425000
vt 0.675000 0.075000
vt 0.662500 0.750000
vt 0.662500 0.075000
vt 0.662500 0.400000
vt 0.662500 0.725000
vt 0.662500 0.050000
vt 0.662500 0.375000
vt 0.662500 0.700000
vt 0.662500 0.025000
vt 0.662500 0.350000
vt 0.662500 0.675000
vt 0.668750 0.000000
vt 0.662500 0.325000
vt 0.662500 0.650000
vt 0.668750 1.000000
vt 0.662500 0.975000
vt 0.662500 0.300000
vt 0.662500 0.625000
vt 0.662500 0.950000
vt 0.662500 0.275000
vt 0.662500 0.600000
vt 0.662500 0.925000
vt 0.662500 0.250000
vt 0.662500 0.575000
vt 0.662500 0.900000
vt 0.662500 0.225000
vt 0.662500 0.550000
vt 0.662500 0.875000
vt 0.662500 0.200000
vt 0.662500 0.525000
vt 0.662500 0.850000
vt 0.662500 0.175000
vt 0.662500 0.500000
vt 0.662500 0.825000
vt 0.662500 0.150000
vt 0.662500 0.475000
vt 0.662500 0.800000
vt 0.662500 0.125000
vt 0.662500 0.450000
vt 0.662500 0.775000
vt 0.662500 0.100000
vt 0.662500 0.425000
vt 0.650000 0.450000
vt 0.650000 0.425000
vt 0.650000 0.750000
vt 0.650000 0.075000
vt 0.650000 0.400000
vt 0.650000 0.725000
vt 0.650000 0.050000
vt 0.650000 0.375000
vt 0.650000 0.700000
vt 0.650000 0.025000
vt 0.650000 0.350000
vt 0.650000 0.675000
vt 0.656250 0.000000
vt 0.650000 0.325000
vt 0.650000 0.650000
vt 0.656250 1.000000
vt 0.650000 0.975000
vt 0.650000 0.300000
vt 0.650000 0.625000
vt 0.650000 0.950000
vt 0.650000 0.275000
vt 0.650000 0.600000
vt 0.650000 0.925000
vt 0.650000 0.250000
vt 0.650000 0.575000
vt 0.650000 0.900000
vt 0.650000 0.225000
vt 0.650000 0.550000
vt 0.650000 0.875000
vt 0.650000 0.200000
vt 0.650000 0.525000
vt 0.650000 0.850000
vt 0.650000 0.175000
vt 0.650000 0.500000
vt 0.650000 0.825000
vt 0.650000 0.150000
vt 0.650000 0.475000
vt 0.650000 0.800000
vt 0.650000 0.125000
vt 0.650000 0.775000
vt 0.650000 0.100000
vt 0.637500 0.800000
vt 0.637500 0.775000
vt 0.637500 0.125000
vt 0.637500 0.100000
vt 0.637500 0.425000
vt 0.637500 0.750000
vt 0.637500 0.075000
vt 0.637500 0.400000
vt 0.637500 0.725000
vt 0.637500 0.050000
vt 0.637500 0.375000
vt 0.637500 0.700000
vt 0.637500 0.025000
vt 0.637500 0.350000
vt 0.637500 0.675000
vt 0.643750 0.000000
vt 0.637500 0.325000
vt 0.637500 0.650000
vt 0.643750 1.000000
vt 0.637500 0.975000
vt 0.637500 0.300000
vt 0.637500 0.625000
vt 0.637500 0.950000
vt 0.637500 0.275000
vt 0.637500 0.600000
vt 0.637500 0.925000
vt 0.637500 0.250000
vt 0.637500 0.575000
vt 0.637500 0.900000
vt 0.637500 0.225000
vt 0.637500 0.550000
vt 0.637500 0.875000
vt 0.637500 0.200000
vt 0.637500 0.525000
vt 0.637500 0.850000
vt 0.637500 0.175000
vt 0.637500 0.500000
vt 0.637500 0.825000
vt 0.637500 0.150000
vt 0.637500 0.475000
vt 0.637500 0.450000
vt 0.625000 0.125000
vt 0.625000 0.475000
vt 0.625000 0.450000
vt 0.625000 0.800000
vt 0.625000 0.775000
vt 0.625000 0.100000
vt 0.625000 0.425000
vt 0.625000 0.750000
vt 0.625000 0.075000
vt 0.625000 0.400000
vt 0.625000 0.725000
vt 0.625000 0.050000
vt 0.625000 0.375000
vt 0.625000 0.700000
vt 0.625000 0.025000
vt 0.625000 0.350000
vt 0.625000 0.675000
vt 0.631250 0.000000
vt 0.625000 0.325000
vt 0.625000 0.650000
vt 0.631250 1.000000
vt 0.625000 0.975000
vt 0.625000 0.300000
vt 0.625000 0.625000
vt 0.625000 0.950000
vt 0.625000 0.275000
vt 0.625000 0.600000
vt 0.625000 0.925000
vt 0.625000 0.250000
vt 0.625000 0.575000
vt 0.625000 0.900000
vt 0.625000 0.225000
vt 0.625000 0.550000
vt 0.625000 0.875000
vt 0.625000 0.200000
vt 0.625000 0.525000
vt 0.625000 0.850000
vt 0.625000 0.175000
vt 0.625000 0.500000
vt 0.625000 0.825000
vt 0.625000 0.150000
vt 0.612500 0.500000
vt 0.612500 0.475000
vt 0.612500 0.800000
vt 0.612500 0.150000
vt 0.612500 0.125000
vt 0.612500 0.450000
vt 0.612500 0.775000
vt 0.612500 0.100000
vt 0.612500 0.425000
vt 0.612500 0.750000
vt 0.612500 0.075000
vt 0.612500 0.400000
vt 0.612500 0.725000
vt 0.612500 0.050000
vt 0.612500 0.375000
vt 0.612500 0.700000
vt 0.612500 0.025000
vt 0.612500 0.350000
vt 0.612500 0.675000
vt 0.618750 0.000000
vt 0.612500 0.325000
vt 0.612500 0.650000
vt 0.618750 1.000000
vt 0.612500 0.975000
vt 0.612500 0.300000
vt 0.612500 0.625000
vt 0.612500 0.950000
vt 0.612500 0.275000
vt 0.612500 0.600000
vt 0.612500 0.925000
vt 0.612500 0.250000
vt 0.612500 0.575000
vt 0.612500 0.900000
vt 0.612500 0.225000
vt 0.612500 0.550000
vt 0.612500 0.875000
vt 0.612500 0.200000
vt 0.612500 0.525000
vt 0.612500 0.850000
vt 0.612500 0.175000
vt 0.612500 0.825000
vt 0.600000 0.825000
vt 0.600000 0.175000
vt 0.600000 0.150000
vt 0.600000 0.500000
vt 0.600000 0.475000
vt 0.600000 0.800000
vt 0.600000 0.125000
vt 0.600000 0.450000
vt 0.600000 0.775000
vt 0.600000 0.100000
vt 0.600000 0.425000
vt 0.600000 0.750000
vt 0.600000 0.075000
vt 0.600000 0.400000
vt 0.600000 0.725000
vt 0.600000 0.050000
vt 0.600000 0.375000
vt 0.600000 0.700000
vt 0.600000 0.025000
vt 0.600000 0.350000
vt 0.600000 0.675000
vt 0.606250 0.000000
vt 0.600000 0.325000
vt 0.600000 0.650000
vt 0.606250 1.000000
vt 0.600000 0.975000
vt 0.600000 0.300000
vt 0.600000 0.625000
vt 0.600000 0.950000
vt 0.600000 0.275000
vt 0.600000 0.600000
vt 0.600000 0.925000
vt 0.600000 0.250000
vt 0.600000 0.575000
vt 0.600000 0.900000
vt 0.600000 0.225000
vt 0.600000 0.550000
vt 0.600000 0.875000
vt 0.600000 0.200000
vt 0.600000 0.525000
vt 0.600000 0.850000
vt 0.587500 0.500000
vt 0.587500 0.825000
vt 0.587500 0.175000
vt 0.587500 0.150000
vt 0.587500 0.475000
vt 0.587500 0.800000
vt 0.587500 0.125000
vt 0.587500 0.450000
vt 0.587500 0.775000
vt 0.587500 0.100000
vt 0.587500 0.425000
vt 0.587500 0.750000
vt 0.587500 0.075000
vt 0.587500 0.400000
vt 0.587500 0.725000
vt 0.587500 0.050000
vt 0.587500 0.375000
vt 0.587500 0.700000
vt 0.587500 0.025000
vt 0.587500 0.350000
vt 0.587500 0.675000
vt 0.593750 0.000000
vt 0.587500 0.325000
vt 0.587500 0.650000
vt 0.593750 1.000000
vt 0.587500 0.975000
vt 0.587500 0.300000
vt 0.587500 0.625000
vt 0.587500 0.950000
vt 0.587500 0.275000
vt 0.587500 0.600000
vt 0.587500 0.925000
vt 0.587500 0.250000
vt 0.587500 0.575000
vt 0.587500 0.900000
vt 0.587500 0.225000
vt 0.587500 0.550000
vt 0.587500 0.875000
vt 0.587500 0.200000
vt 0.587500 0.525000
vt 0.587500 0.850000
vt 0.575000 0.850000
vt 0.575000 0.175000
vt 0.575000 0.500000
vt 0.575000 0.825000
vt 0.575000 0.150000
vt 0.575000 0.475000
vt 0.575000 0.800000
vt 0.575000 0.125000
vt 0.575000 0.450000
vt 0.575000 0.775000
vt 0.575000 0.100000
vt 0.575000 0.425000
vt 0.575000 0.750000
vt 0.575000 0.075000
vt 0.575000 0.400000
vt 0.575000 0.725000
vt 0.575000 0.050000
vt 0.575000 0.375000
vt 0.575000 0.700000
vt 0.575000 0.025000
vt 0.575000 0.350000
vt 0.575000 0.675000
vt 0.581250 0.000000
vt 0.575000 0.325000
vt 0.575000 0.650000
vt 0.581250 1.000000
vt 0.575000 0.975000
vt 0.575000 0.300000
vt 0.575000 0.625000
vt 0.575000 0.950000
vt 0.575000 0.275000
vt 0.575000 0.600000
vt 0.575000 0.925000
vt 0.575000 0.250000
vt 0.575000 0.575000
vt 0.575000 0.900000
vt 0.575000 0.225000
vt 0.575000 0.550000
vt 0.575000 0.875000
vt 0.575000 0.200000
vt 0.575000 0.525000
vt 0.562500 0.225000
vt 0.562500 0.200000
vt 0.562500 0.525000
vt 0.562500 0.850000
vt 0.562500 0.175000
vt 0.562500 0.500000
vt 0.562500 0.825000
vt 0.562500 0.150000
vt 0.562500 0.475000
vt 0.562500 0.800000
vt 0.562500 0.125000
vt 0.562500 0.450000
vt 0.562500 0.775000
vt 0.562500 0.100000
vt 0.562500 0.425000
vt 0.562500 0.750000
vt 0.562500 0.075000
vt 0.562500 0.400000
vt 0.562500 0.725000
vt 0.562500 0.050000
vt 0.562500 0.375000
vt 0.562500 0.700000
vt 0.562500 0.025000
vt 0.562500 0.350000
vt 0.562500 0.675000
vt 0.568750 0.000000
vt 0.562500 0.325000
vt 0.562500 0.650000
vt 0.568750 1.000000
vt 0.562500 0.975000
vt 0.562500 0.300000
vt 0.562500 0.625000
vt 0.562500 0.950000
vt 0.562500 0.275000
vt 0.562500 0.600000
vt 0.562500 0.925000
vt 0.562500 0.250000
vt 0.562500 0.575000
vt 0.562500 0.900000
vt 0.562500 0.550000
vt 0.562500 0.875000
vt 0.550000 0.550000
vt 0.550000 0.875000
vt 0.550000 0.225000
vt 0.550000 0.200000
vt 0.550000 0.525000
vt 0.550000 0.850000
vt 0.550000 0.175000
vt 0.550000 0.500000
vt 0.550000 0.825000
vt 0.550000 0.150000
vt 0.550000 0.475000
vt 0.550000 0.800000
vt 0.550000 0.125000
vt 0.550000 0.450000
vt 0.550000 0.775000
vt 0.550000 0.100000
vt 0.550000 0.425000
vt 0.550000 0.750000
vt 0.550000 0.075000
vt 0.550000 0.400000
vt 0.550000 0.725000
vt 0.550000 0.050000
vt 0.550000 0.375000
vt 0.550000 0.700000
vt 0.550000 0.025000
vt 0.550000 0.350000
vt 0.550000 0.675000
vt 0.556250 0.000000
vt 0.550000 0.325000
vt 0.550000 0.650000
vt 0.556250 1.000000
vt 0.550000 0.975000
vt 0.550000 0.300000
vt 0.550000 0.625000
vt 0.550000 0.950000
vt 0.550000 0.275000
vt 0.550000 0.600000
vt 0.550000 0.925000
vt 0.550000 0.250000
vt 0.550000 0.575000
vt 0.550000 0.900000
vt 0.537500 0.900000
vt 0.537500 0.250000
vt 0.537500 0.225000
vt 0.537500 0.550000
vt 0.537500 0.875000
vt 0.537500 0.200000
vt 0.537500 0.525000
vt 0.537500 0.850000
vt 0.537500 0.175000
vt 0.537500 0.500000
vt 0.537500 0.825000
vt 0.537500 0.150000
vt 0.537500 0.475000
vt 0.537500 0.800000
vt 0.537500 0.125000
vt 0.537500 0.450000
vt 0.537500 0.775000
vt 0.537500 0.100000
vt 0.537500 0.425000
vt 0.537500 0.750000
vt 0.537500 0.075000
vt 0.537500 0.400000
vt 0.537500 0.725000
vt 0.537500 0.050000
vt 0.537500 0.375000
vt 0.537500 0.700000
vt 0.537500 0.025000
vt 0.537500 0.350000
vt 0.537500 0.675000
vt 0.543750 0.000000
vt 0.537500 0.325000
vt 0.537500 0.650000
vt 0.543750 1.000000
vt 0.537500 0.975000
vt 0.537500 0.300000
vt 0.537500 0.625000
vt 0.537500 0.950000
vt 0.537500 0.275000
vt 0.537500 0.600000
vt 0.537500 0.925000
vt 0.537500 0.575000
vt 0.525000 0.575000
vt 0.525000 0.900000
vt 0.525000 0.225000
vt 0.525000 0.550000
vt 0.525000 0.875000
vt 0.525000 0.200000
vt 0.525000 0.525000
vt 0.525000 0.850000
vt 0.525000 0.175000
vt 0.525000 0.500000
vt 0.525000 0.825000
vt 0.525000 0.150000
vt 0.525000 0.475000
vt 0.525000 0.800000
vt 0.525000 0.125000
vt 0.525000 0.450000
vt 0.525000 0.775000
vt 0.525000 0.100000
vt 0.525000 0.425000
vt 0.525000 0.750000
vt 0.525000 0.075000
vt 0.525000 0.400000
vt 0.525000 0.725000
vt 0.525000 0.050000
vt 0.525000 0.375000
vt 0.525000 0.700000
vt 0.525000 0.025000
vt 0.525000 0.350000
vt 0.525000 0.675000
vt 0.531250 0.000000
vt 0.525000 0.325000
vt 0.525000 0.650000
vt 0.531250 1.000000
vt 0.525000 0.975000
vt 0.525000 0.300000
vt 0.525000 0.625000
vt 0.525000 0.950000
vt 0.525000 0.275000
vt 0.525000 0.600000
vt 0.525000 0.925000
vt 0.525000 0.250000
vt 0.512500 0.925000
vt 0.512500 0.275000
vt 0.512500 0.250000
vt 0.512500 0.575000
vt 0.512500 0.900000
vt 0.512500 0.225000
vt 0.512500 0.550000
vt 0.512500 0.875000
vt 0.512500 0.200000
vt 0.512500 0.525000
vt 0.512500 0.850000
vt 0.512500 0.175000
vt 0.512500 0.500000
vt 0.512500 0.825000
vt 0.512500 0.150000
vt 0.512500 0.475000
vt 0.512500 0.800000
vt 0.512500 0.125000
vt 0.512500 0.450000
vt 0.512500 0.775000
vt 0.512500 0.100000
vt 0.512500 0.425000
vt 0.512500 0.750000
vt 0.512500 0.075000
vt 0.512500 0.400000
vt 0.512500 0.725000
vt 0.512500 0.050000
vt 0.512500 0.375000
vt 0.512500 0.700000
vt 0.512500 0.025000
vt 0.512500 0.350000
vt 0.512500 0.675000
vt 0.518750 0.000000
vt 0.512500 0.325000
vt 0.512500 0.650000
vt 0.518750 1.000000
vt 0.512500 0.975000
vt 0.512500 0.300000
vt 0.512500 0.625000
vt 0.512500 0.950000
vt 0.512500 0.600000
vt 0.500000 0.275000
vt 0.500000 0.625000
vt 0.500000 0.600000
vt 0.500000 0.925000
vt 0.500000 0.250000
vt 0.500000 0.575000
vt 0.500000 0.900000
vt 0.500000 0.225000
vt 0.500000 0.550000
vt 0.500000 0.875000
vt 0.500000 0.200000
vt 0.500000 0.525000
vt 0.500000 0.850000
vt 0.500000 0.175000
vt 0.500000 0.500000
vt 0.500000 0.825000
vt 0.500000 0.150000
vt 0.500000 0.475000
vt 0.500000 0.800000
vt 0.500000 0.125000
vt 0.500000 0.450000
vt 0.500000 0.775000
vt 0.500000 0.100000
vt 0.500000 0.425000
vt 0.500000 0.750000
vt 0.500000 0.075000
vt 0.500000 0.400000
vt 0.500000 0.725000
vt 0.500000 0.050000
vt 0.500000 0.375000
vt 0.500000 0.700000
vt 0.500000 0.025000
vt 0.500000 0.350000
vt 0.500000 0.675000
vt 0.506250 0.000000
vt 0.500000 0.325000
vt 0.500000 0.650000
vt 0.506250 1.000000
vt 0.500000 0.975000
vt 0.500000 0.300000
vt 0.500000 0.950000
vt 0.487500 0.650000
vt 0.487500 0.625000
vt 0.487500 0.950000
vt 0.487500 0.275000
vt 0.487500 0.600000
vt 0.487500 0.925000
vt 0.487500 0.250000
vt 0.487500 0.575000
vt 0.487500 0.900000
vt 0.487500 0.225000
vt 0.487500 0.550000
vt 0.487500 0.875000
vt 0.487500 0.200000
vt 0.487500 0.525000
vt 0.487500 0.850000
vt 0.487500 0.175000
vt 0.487500 0.500000
vt 0.487500 0.825000
vt 0.487500 0.150000
vt 0.487500 0.475000
vt 0.487500 0.800000
vt 0.487500 0.125000
vt 0.487500 0.450000
vt 0.487500 0.775000
vt 0.487500 0.100000
vt 0.487500 0.425000
vt 0.487500 0.750000
vt 0.487500 0.075000
vt 0.487500 0.400000
vt 0.487500 0.725000
vt 0.487500 0.050000
vt 0.487500 0.375000
vt 0.487500 0.700000
vt 0.487500 0.025000
vt 0.487500 0.350000
vt 0.487500 0.675000
vt 0.493750 0.000000
vt 0.487500 0.325000
vt 0.493750 1.000000
vt 0.487500 0.975000
vt 0.487500 0.300000
vt 0.475000 0.475000
vt 0.475000 0.800000
vt 0.475000 0.125000
vt 0.475000 0.450000
vt 0.475000 0.775000
vt 0.475000 0.100000
vt 0.475000 0.425000
vt 0.475000 0.750000
vt 0.475000 0.075000
vt 0.475000 0.400000
vt 0.475000 0.725000
vt 0.475000 0.050000
vt 0.475000 0.375000
vt 0.475000 0.700000
vt 0.475000 0.025000
vt 0.475000 0.350000
vt 0.475000 0.675000
vt 0.481250 0.000000
vt 0.475000 0.325000
vt 0.475000 0.650000
vt 0.481250 1.000000
vt 0.475000 0.975000
vt 0.475000 0.300000
vt 0.475000 0.625000
vt 0.475000 0.950000
vt 0.475000 0.275000
vt 0.475000 0.600000
vt 0.475000 0.925000
vt 0.475000 0.250000
vt 0.475000 0.575000
vt 0.475000 0.900000
vt 0.475000 0.225000
vt 0.475000 0.550000
vt 0.475000 0.875000
vt 0.475000 0.200000
vt 0.475000 0.525000
vt 0.475000 0.850000
vt 0.475000 0.175000
vt 0.475000 0.500000
vt 0.475000 0.825000
vt 0.475000 0.150000
vt 0.462500 0.825000
vt 0.462500 0.175000
vt 0.462500 0.150000
vt 0.462500 0.475000
vt 0.462500 0.800000
vt 0.462500 0.125000
vt 0.462500 0.450000
vt 0.462500 0.775000
vt 0.462500 0.100000
vt 0.462500 0.425000
vt 0.462500 0.750000
vt 0.462500 0.075000
vt 0.462500 0.400000
vt 0.462500 0.725000
vt 0.462500 0.050000
vt 0.462500 0.375000
vt 0.462500 0.700000
vt 0.462500 0.025000
vt 0.462500 0.350000
vt 0.462500 0.675000
vt 0.468750 0.000000
vt 0.462500 0.325000
vt 0.462500 0.650000
vt 0.468750 1.000000
vt 0.462500 0.975000
vt 0.462500 0.300000
vt 0.462500 0.625000
vt 0.462500 0.950000
vt 0.462500 0.275000
vt 0.462500 0.600000
vt 0.462500 0.925000
vt 0.462500 0.250000
vt 0.462500 0.575000
vt 0.462500 0.900000
vt 0.462500 0.225000
vt 0.462500 0.550000
vt 0.462500 0.875000
vt 0.462500 0.200000
vt 0.462500 0.525000
vt 0.462500 0.850000
vt 0.462500 0.500000
vt 0.450000 0.175000
vt 0.450000 0.500000
vt 0.450000 0.825000
vt 0.450000 0.150000
vt 0.450000 0.475000
vt 0.450000 0.800000
vt 0.450000 0.125000
vt 0.450000 0.450000
vt 0.450000 0.775000
vt 0.450000 0.100000
vt 0.450000 0.425000
vt 0.450000 0.750000
vt 0.450000 0.075000
vt 0.450000 0.400000
vt 0.450000 0.725000
vt 0.450000 0.050000
vt 0.450000 0.375000
vt 0.450000 0.700000
vt 0.450000 0.025000
vt 0.450000 0.350000
vt 0.450000 0.675000
vt 0.456250 0.000000
vt 0.450000 0.325000
vt 0.450000 0.650000
vt 0.456250 1.000000
vt 0.450000 0.975000
vt 0.450000 0.300000
vt 0.450000 0.625000
vt 0.450000 0.950000
vt 0.450000 0.275000
vt 0.450000 0.600000
vt 0.450000 0.925000
vt 0.450000 0.250000
vt 0.450000 0.575000
vt 0.450000 0.900000
vt 0.450000 0.225000
vt 0.450000 0.550000
vt 0.450000 0.875000
vt 0.450000 0.200000
vt 0.450000 0.525000
vt 0.450000 0.850000
vt 0.437500 0.525000
vt 0.437500 0.850000
vt 0.437500 0.175000
vt 0.437500 0.500000
vt 0.437500 0.825000
vt 0.437500 0.150000
vt 0.437500 0.475000
vt 0.437500 0.800000
vt 0.437500 0.125000
vt 0.437500 0.450000
vt 0.437500 0.775000
vt 0.437500 0.100000
vt 0.437500 0.425000
vt 0.437500 0.750000
vt 0.437500 0.075000
vt 0.437500 0.400000
vt 0.437500 0.725000
vt 0.437500 0.050000
vt 0.437500 0.375000
vt 0.437500 0.700000
vt 0.437500 0.025000
vt 0.437500 0.350000
vt 0.437500 0.675000
vt 0.443750 0.000000
vt 0.437500 0.325000
vt 0.437500 0.650000
vt 0.443750 1.000000
vt 0.437500 0.975000
vt 0.437500 0.300000
vt 0.437500 0.625000
vt 0.437500 0.950000
vt 0.437500 0.275000
vt 0.437500 0.600000
vt 0.437500 0.925000
vt 0.437500 0.250000
vt 0.437500 0.575000
vt 0.437500 0.900000
vt 0.437500 0.225000
vt 0.437500 0.550000
vt 0.437500 0.875000
vt 0.437500 0.200000
vt 0.425000 0.875000
vt 0.425000 0.225000
vt 0.425000 0.200000
vt 0.425000 0.525000
vt 0.425000 0.850000
vt 0.425000 0.175000
vt 0.425000 0.500000
vt 0.425000 0.825000
vt 0.425000 0.150000
vt 0.425000 0.475000
vt 0.425000 0.800000
vt 0.425000 0.125000
vt 0.425000 0.450000
vt 0.425000 0.775000
vt 0.425000 0.100000
vt 0.425000 0.425000
vt 0.425000 0.750000
vt 0.425000 0.075000
vt 0.425000 0.400000
vt 0.425000 0.725000
vt 0.425000 0.050000
vt 0.425000 0.375000
vt 0.425000 0.700000
vt 0.425000 0.025000
vt 0.425000 0.350000
vt 0.425000 0.675000
vt 0.431250 0.000000
vt 0.425000 0.325000
vt 0.425000 0.650000
vt 0.431250 1.000000
vt 0.425000 0.975000
vt 0.425000 0.300000
vt 0.425000 0.625000
vt 0.425000 0.950000
vt 0.425000 0.275000
vt 0.425000 0.600000
vt 0.425000 0.925000
vt 0.425000 0.250000
vt 0.425000 0.575000
vt 0.425000 0.900000
vt 0.425000 0.550000
vt 0.412500 0.550000
vt 0.412500 0.875000
vt 0.412500 0.225000
vt 0.412500 0.200000
vt 0.412500 0.525000
vt 0.412500 0.850000
vt 0.412500 0.175000
vt 0.412500 0.500000
vt 0.412500 0.825000
vt 0.412500 0.150000
vt 0.412500 0.475000
vt 0.412500 0.800000
vt 0.412500 0.125000
vt 0.412500 0.450000
vt 0.412500 0.775000
vt 0.412500 0.100000
vt 0.412500 0.425000
vt 0.412500 0.750000
vt 0.412500 0.075000
vt 0.412500 0.400000
vt 0.412500 0.725000
vt 0.412500 0.050000
vt 0.412500 0.375000
vt 0.412500 0.700000
vt 0.412500 0.025000
vt 0.412500 0.350000
vt 0.412500 0.675000
vt 0.418750 0.000000
vt 0.412500 0.325000
vt 0.412500 0.650000
vt 0.418750 1.000000
vt 0.412500 0.975000
vt 0.412500 0.300000
vt 0.412500 0.625000
vt 0.412500 0.950000
vt 0.412500 0.275000
vt 0.412500 0.600000
vt 0.412500 0.925000
vt 0.412500 0.250000
vt 0.412500 0.575000
vt 0.412500 0.900000
vt 0.400000 0.900000
vt 0.400000 0.225000
vt 0.400000 0.550000
vt 0.400000 0.875000
vt 0.400000 0.200000
vt 0.400000 0.525000
vt 0.400000 0.850000
vt 0.400000 0.175000
vt 0.400000 0.500000
vt 0.400000 0.825000
vt 0.400000 0.150000
vt 0.400000 0.475000
vt 0.400000 0.800000
vt 0.400000 0.125000
vt 0.400000 0.450000
vt 0.400000 0.775000
vt 0.400000 0.100000
vt 0.400000 0.425000
vt 0.400000 0.750000
vt 0.400000 0.075000
vt 0.400000 0.400000
vt 0.400000 0.725000
vt 0.400000 0.050000
vt 0.400000 0.375000
vt 0.400000 0.700000
vt 0.400000 0.025000
vt 0.400000 0.350000
vt 0.400000 0.675000
vt 0.406250 0.000000
vt 0.400000 0.325000
vt 0.400000 0.650000
vt 0.406250 1.000000
vt 0.400000 0.975000
vt 0.400000 0.300000
vt 0.400000 0.625000
vt 0.400000 0.950000
vt 0.400000 0.275000
vt 0.400000 0.600000
vt 0.400000 0.925000
vt 0.400000 0.250000
vt 0.400000 0.575000
vt 0.387500 0.250000
vt 0.387500 0.600000
vt 0.387500 0.575000
vt 0.387500 0.925000
vt 0.387500 0.900000
vt 0.387500 0.225000
vt 0.387500 0.550000
vt 0.387500 0.875000
vt 0.387500 0.200000
vt 0.387500 0.525000
vt 0.387500 0.850000
vt 0.387500 0.175000
vt 0.387500 0.500000
vt 0.387500 0.825000
vt 0.387500 0.150000
vt 0.387500 0.475000
vt 0.387500 0.800000
vt 0.387500 0.125000
vt 0.387500 0.450000
vt 0.387500 0.775000
vt 0.387500 0.100000
vt 0.387500 0.425000
vt 0.387500 0.750000
vt 0.387500 0.075000
vt 0.387500 0.400000
vt 0.387500 0.725000
vt 0.387500 0.050000
vt 0.387500 0.375000
vt 0.387500 0.700000
vt 0.387500 0.025000
vt 0.387500 0.350000
vt 0.387500 0.675000
vt 0.393750 0.000000
vt 0.387500 0.325000
vt 0.387500 0.650000
vt 0.393750 1.000000
vt 0.387500 0.975000
vt 0.387500 0.300000
vt 0.387500 0.625000
vt 0.387500 0.950000
vt 0.387500 0.275000
vt 0.375000 0.600000
vt 0.375000 0.925000
vt 0.375000 0.250000
vt 0.375000 0.575000
vt 0.375000 0.900000
vt 0.375000 0.225000
vt 0.375000 0.550000
vt 0.375000 0.875000
vt 0.375000 0.200000
vt 0.375000 0.525000
vt 0.375000 0.850000
vt 0.375000 0.175000
vt 0.375000 0.500000
vt 0.375000 0.825000
vt 0.375000 0.150000
vt 0.375000 0.475000
vt 0.375000 0.800000
vt 0.375000 0.125000
vt 0.375000 0.450000
vt 0.375000 0.775000
vt 0.375000 0.100000
vt 0.375000 0.425000
vt 0.375000 0.750000
vt 0.375000 0.075000
vt 0.375000 0.400000
vt 0.375000 0.725000
vt 0.375000 0.050000
vt 0.375000 0.375000
vt 0.375000 0.700000
vt 0.375000 0.025000
vt 0.375000 0.350000
vt 0.375000 0.675000
vt 0.381250 0.000000
vt 0.375000 0.325000
vt 0.375000 0.650000
vt 0.381250 1.000000
vt 0.375000 0.975000
vt 0.375000 0.300000
vt 0.375000 0.625000
vt 0.375000 0.950000
vt 0.375000 0.275000
vt 0.362500 0.950000
vt 0.362500 0.275000
vt 0.362500 0.600000
vt 0.362500 0.925000
vt 0.362500 0.250000
vt 0.362500 0.575000
vt 0.362500 0.900000
vt 0.362500 0.225000
vt 0.362500 0.550000
vt 0.362500 0.875000
vt 0.362500 0.200000
vt 0.362500 0.525000
vt 0.362500 0.850000
vt 0.362500 0.175000
vt 0.362500 0.500000
vt 0.362500 0.825000
vt 0.362500 0.150000
vt 0.362500 0.475000
vt 0.362500 0.800000
vt 0.362500 0.125000
vt 0.362500 0.450000
vt 0.362500 0.775000
vt 0.362500 0.100000
vt 0.362500 0.425000
vt 0.362500 0.750000
vt 0.362500 0.075000
vt 0.362500 0.400000
vt 0.362500 0.725000
vt 0.362500 0.050000
vt 0.362500 0.375000
vt 0.362500 0.700000
vt 0.362500 0.025000
vt 0.362500 0.350000
vt 0.362500 0.675000
vt 0.368750 0.000000
vt 0.362500 0.325000
vt 0.362500 0.650000
vt 0.368750 1.000000
vt 0.362500 0.975000
vt 0.362500 0.300000
vt 0.362500 0.625000
vt 0.350000 0.625000
vt 0.350000 0.975000
vt 0.350000 0.950000
vt 0.350000 0.300000
vt 0.350000 0.275000
vt 0.350000 0.600000
vt 0.350000 0.925000
vt 0.350000 0.250000
vt 0.350000 0.575000
vt 0.350000 0.900000
vt 0.350000 0.225000
vt 0.350000 0.550000
vt 0.350000 0.875000
vt 0.350000 0.200000
vt 0.350000 0.525000
vt 0.350000 0.850000
vt 0.350000 0.175000
vt 0.350000 0.500000
vt 0.350000 0.825000
vt 0.350000 0.150000
vt 0.350000 0.475000
vt 0.350000 0.800000
vt 0.350000 0.125000
vt 0.350000 0.450000
vt 0.350000 0.775000
vt 0.350000 0.100000
vt 0.350000 0.425000
vt 0.350000 0.750000
vt 0.350000 0.075000
vt 0.350000 0.400000
vt 0.350000 0.725000
vt 0.350000 0.050000
vt 0.350000 0.375000
vt 0.350000 0.700000
vt 0.350000 0.025000
vt 0.350000 0.350000
vt 0.350000 0.675000
vt 0.356250 0.000000
vt 0.350000 0.325000
vt 0.350000 0.650000
vt 0.356250 1.000000
vt 0.343750 1.000000
vt 0.337500 0.975000
vt 0.337500 0.300000
vt 0.337500 0.625000
vt 0.337500 0.950000
vt 0.337500 0.275000
vt 0.337500 0.600000
vt 0.337500 0.925000
vt 0.337500 0.250000
vt 0.337500 0.575000
vt 0.337500 0.900000
vt 0.337500 0.225000
vt 0.337500 0.550000
vt 0.337500 0.875000
vt 0.337500 0.200000
vt 0.337500 0.525000
vt 0.337500 0.850000
vt 0.337500 0.175000
vt 0.337500 0.500000
vt 0.337500 0.825000
vt 0.337500 0.150000
vt 0.337500 0.475000
vt 0.337500 0.800000
vt 0.337500 0.125000
vt 0.337500 0.450000
vt 0.337500 0.775000
vt 0.337500 0.100000
vt 0.337500 0.425000
vt 0.337500 0.750000
vt 0.337500 0.075000
vt 0.337500 0.400000
vt 0.337500 0.725000
vt 0.337500 0.050000
vt 0.337500 0.375000
vt 0.337500 0.700000
vt 0.337500 0.025000
vt 0.337500 0.350000
vt 0.337500 0.675000
vt 0.343750 0.000000
vt 0.337500 0.325000
vt 0.337500 0.650000
vt 0.325000 0.350000
vt 0.325000 0.325000
vt 0.325000 0.650000
vt 0.331250 1.000000
vt 0.325000 0.975000
vt 0.325000 0.300000
vt 0.325000 0.625000
vt 0.325000 0.950000
vt 0.325000 0.275000
vt 0.325000 0.600000
vt 0.325000 0.925000
vt 0.325000 0.250000
vt 0.325000 0.575000
vt 0.325000 0.900000
vt 0.325000 0.225000
vt 0.325000 0.550000
vt 0.325000 0.875000
vt 0.325000 0.200000
vt 0.325000 0.525000
vt 0.325000 0.850000
vt 0.325000 0.175000
vt 0.325000 0.500000
vt 0.325000 0.825000
vt 0.325000 0.150000
vt 0.325000 0.475000
vt 0.325000 0.800000
vt 0.325000 0.125000
vt 0.325000 0.450000
vt 0.325000 0.775000
vt 0.325000 0.100000
vt 0.325000 0.425000
vt 0.325000 0.750000
vt 0.325000 0.075000
vt 0.325000 0.400000
vt 0.325000 0.725000
vt 0.325000 0.050000
vt 0.325000 0.375000
vt 0.325000 0.700000
vt 0.325000 0.025000
vt 0.325000 0.675000
vt 0.331250 0.000000
vt 0.312500 0.675000
vt 0.318750 0.000000
vt 0.312500 0.025000
vt 0.312500 0.350000
vt 0.312500 0.325000
vt 0.312500 0.650000
vt 0.318750 1.000000
vt 0.312500 0.975000
vt 0.312500 0.300000
vt 0.312500 0.625000
vt 0.312500 0.950000
vt 0.312500 0.275000
vt 0.312500 0.600000
vt 0.312500 0.925000
vt 0.312500 0.250000
vt 0.312500 0.575000
vt 0.312500 0.900000
vt 0.312500 0.225000
vt 0.312500 0.550000
vt 0.312500 0.875000
vt 0.312500 0.200000
vt 0.312500 0.525000
vt 0.312500 0.850000
vt 0.312500 0.175000
vt 0.312500 0.500000
vt 0.312500 0.825000
vt 0.312500 0.150000
vt 0.312500 0.475000
vt 0.312500 0.800000
vt 0.312500 0.125000
vt 0.312500 0.450000
vt 0.312500 0.775000
vt 0.312500 0.100000
vt 0.312500 0.425000
vt 0.312500 0.750000
vt 0.312500 0.075000
vt 0.312500 0.400000
vt 0.312500 0.725000
vt 0.312500 0.050000
vt 0.312500 0.375000
vt 0.312500 0.700000
vt 0.300000 0.350000
vt 0.300000 0.700000
vt 0.300000 0.675000
vt 0.306250 0.000000
vt 0.300000 0.025000
vt 0.300000 0.325000
vt 0.300000 0.650000
vt 0.306250 1.000000
vt 0.300000 0.975000
vt 0.300000 0.300000
vt 0.300000 0.625000
vt 0.300000 0.950000
vt 0.300000 0.275000
vt 0.300000 0.600000
vt 0.300000 0.925000
vt 0.300000 0.250000
vt 0.300000 0.575000
vt 0.300000 0.900000
vt 0.300000 0.225000
vt 0.300000 0.550000
vt 0.300000 0.875000
vt 0.300000 0.200000
vt 0.300000 0.525000
vt 0.300000 0.850000
vt 0.300000 0.175000
vt 0.300000 0.500000
vt 0.300000 0.825000
vt 0.300000 0.150000
vt 0.300000 0.475000
vt 0.300000 0.800000
vt 0.300000 0.125000
vt 0.300000 0.450000
vt 0.300000 0.775000
vt 0.300000 0.100000
vt 0.300000 0.425000
vt 0.300000 0.750000
vt 0.300000 0.075000
vt 0.300000 0.400000
vt 0.300000 0.725000
vt 0.300000 0.050000
vt 0.300000 0.375000
vt 0.287500 0.725000
vt 0.287500 0.700000
vt 0.287500 0.025000
vt 0.287500 0.350000
vt 0.287500 0.675000
vt 0.293750 0.000000
vt 0.287500 0.325000
vt 0.287500 0.650000
vt 0.293750 1.000000
vt 0.287500 0.975000
vt 0.287500 0.300000
vt 0.287500 0.625000
vt 0.287500 0.950000
vt 0.287500 0.275000
vt 0.287500 0.600000
vt 0.287500 0.925000
vt 0.287500 0.250000
vt 0.287500 0.575000
vt 0.287500 0.900000
vt 0.287500 0.225000
vt 0.287500 0.550000
vt 0.287500 0.875000
vt 0.287500 0.200000
vt 0.287500 0.525000
vt 0.287500 0.850000
vt 0.287500 0.175000
vt 0.287500 0.500000
vt 0.287500 0.825000
vt 0.287500 0.150000
vt 0.287500 0.475000
vt 0.287500 0.800000
vt 0.287500 0.125000
vt 0.287500 0.450000
vt 0.287500 0.775000
vt 0.287500 0.100000
vt 0.287500 0.425000
vt 0.287500 0.750000
vt 0.287500 0.075000
vt 0.287500 0.400000
vt 0.287500 0.050000
vt 0.287500 0.375000
vt 0.275000 0.050000
vt 0.275000 0.400000
vt 0.275000 0.375000
vt 0.275000 0.725000
vt 0.275000 0.700000
vt 0.275000 0.025000
vt 0.275000 0.350000
vt 0.275000 0.675000
vt 0.281250 0.000000
vt 0.275000 0.325000
vt 0.275000 0.650000
vt 0.281250 1.000000
vt 0.275000 0.975000
vt 0.275000 0.300000
vt 0.275000 0.625000
vt 0.275000 0.950000
vt 0.275000 0.275000
vt 0.275000 0.600000
vt 0.275000 0.925000
vt 0.275000 0.250000
vt 0.275000 0.575000
vt 0.275000 0.900000
vt 0.275000 0.225000
vt 0.275000 0.550000
vt 0.275000 0.875000
vt 0.275000 0.200000
vt 0.275000 0.525000
vt 0.275000 0.850000
vt 0.275000 0.175000
vt 0.275000 0.500000
vt 0.275000 0.825000
vt 0.275000 0.150000
vt 0.275000 0.475000
vt 0.275000 0.800000
vt 0.275000 0.125000
vt 0.275000 0.450000
vt 0.275000 0.775000
vt 0.275000 0.100000
vt 0.275000 0.425000
vt 0.275000 0.750000
vt 0.275000 0.075000
vt 0.262500 0.400000
vt 0.262500 0.725000
vt 0.262500 0.075000
vt 0.262500 0.050000
vt 0.262500 0.375000
vt 0.262500 0.700000
vt 0.262500 0.025000
vt 0.262500 0.350000
vt 0.262500 0.675000
vt 0.268750 0.000000
vt 0.262500 0.325000
vt 0.262500 0.650000
vt 0.268750 1.000000
vt 0.262500 0.975000
vt 0.262500 0.300000
vt 0.262500 0.625000
vt 0.262500 0.950000
vt 0.262500 0.275000
vt 0.262500 0.600000
vt 0.262500 0.925000
vt 0.262500 0.250000
vt 0.262500 0.575000
vt 0.262500 0.900000
vt 0.262500 0.225000
vt 0.262500 0.550000
vt 0.262500 0.875000
vt 0.262500 0.200000
vt 0.262500 0.525000
vt 0.262500 0.850000
vt 0.262500 0.175000
vt 0.262500 0.500000
vt 0.262500 0.825000
vt 0.262500 0.150000
vt 0.262500 0.475000
vt 0.262500 0.800000
vt 0.262500 0.125000
vt 0.262500 0.450000
vt 0.262500 0.775000
vt 0.262500 0.100000
vt 0.262500 0.425000
vt 0.262500 0.750000
vt 0.250000 0.750000
vt 0.250000 0.075000
vt 0.250000 0.400000
vt 0.250000 0.725000
vt 0.250000 0.050000
vt 0.250000 0.375000
vt 0.250000 0.700000
vt 0.250000 0.025000
vt 0.250000 0.350000
vt 0.250000 0.675000
vt 0.256250 0.000000
vt 0.250000 0.325000
vt 0.250000 0.650000
vt 0.256250 1.000000
vt 0.250000 0.975000
vt 0.250000 0.300000
vt 0.250000 0.625000
vt 0.250000 0.950000
vt 0.250000 0.275000
vt 0.250000 0.600000
vt 0.250000 0.925000
vt 0.250000 0.250000
vt 0.250000 0.575000
vt 0.250000 0.900000
vt 0.250000 0.225000
vt 0.250000 0.550000
vt 0.250000 0.875000
vt 0.250000 0.200000
vt 0.250000 0.525000
vt 0.250000 0.850000
vt 0.250000 0.175000
vt 0.250000 0.500000
vt 0.250000 0.825000
vt 0.250000 0.150000
vt 0.250000 0.475000
vt 0.250000 0.800000
vt 0.250000 0.125000
vt 0.250000 0.450000
vt 0.250000 0.775000
vt 0.250000 0.100000
vt 0.250000 0.425000
vt 0.237500 0.425000
vt 0.237500 0.750000
vt 0.237500 0.075000
vt 0.237500 0.400000
vt 0.237500 0.725000
vt 0.237500 0.050000
vt 0.237500 0.375000
vt 0.237500 0.700000
vt 0.237500 0.025000
vt 0.237500 0.350000
vt 0.237500 0.675000
vt 0.243750 0.000000
vt 0.237500 0.325000
vt 0.237500 0.650000
vt 0.243750 1.000000
vt 0.237500 0.975000
vt 0.237500 0.300000
vt 0.237500 0.625000
vt 0.237500 0.950000
vt 0.237500 0.275000
vt 0.237500 0.600000
vt 0.237500 0.925000
vt 0.237500 0.250000
vt 0.237500 0.575000
vt 0.237500 0.900000
vt 0.237500 0.225000
vt 0.237500 0.550000
vt 0.237500 0.875000
vt 0.237500 0.200000
vt 0.237500 0.525000
vt 0.237500 0.850000
vt 0.237500 0.175000
vt 0.237500 0.500000
vt 0.237500 0.825000
vt 0.237500 0.150000
vt 0.237500 0.475000
vt 0.237500 0.800000
vt 0.237500 0.125000
vt 0.237500 0.450000
vt 0.237500 0.775000
vt 0.237500 0.100000
vt 0.225000 0.350000
vt 0.225000 0.700000
vt 0.225000 0.675000
vt 0.231250 0.000000
vt 0.225000 0.025000
vt 0.225000 0.325000
vt 0.225000 0.650000
vt 0.231250 1.000000
vt 0.225000 0.975000
vt 0.225000 0.300000
vt 0.225000 0.625000
vt 0.225000 0.950000
vt 0.225000 0.275000
vt 0.225000 0.600000
vt 0.225000 0.925000
vt 0.225000 0.250000
vt 0.225000 0.575000
vt 0.225000 0.900000
vt 0.225000 0.225000
vt 0.225000 0.550000
vt 0.225000 0.875000
vt 0.225000 0.200000
vt 0.225000 0.525000
vt 0.225000 0.850000
vt 0.225000 0.175000
vt 0.225000 0.500000
vt 0.225000 0.825000
vt 0.225000 0.150000
vt 0.225000 0.475000
vt 0.225000 0.800000
vt 0.225000 0.125000
vt 0.225000 0.450000
vt 0.225000 0.775000
vt 0.225000 0.100000
vt 0.225000 0.425000
vt 0.225000 0.750000
vt 0.225000 0.075000
vt 0.225000 0.400000
vt 0.225000 0.725000
vt 0.225000 0.050000
vt 0.225000 0.375000
vt 0.212500 0.725000
vt 0.212500 0.700000
vt 0.212500 0.025000
vt 0.212500 0.350000
vt 0.212500 0.675000
vt 0.218750 0.000000
vt 0.212500 0.325000
vt 0.212500 0.650000
vt 0.218750 1.000000
vt 0.212500 0.975000
vt 0.212500 0.300000
vt 0.212500 0.625000
vt 0.212500 0.950000
vt 0.212500 0.275000
vt 0.212500 0.600000
vt 0.212500 0.925000
vt 0.212500 0.250000
vt 0.212500 0.575000
vt 0.212500 0.900000
vt 0.212500 0.225000
vt 0.212500 0.550000
vt 0.212500 0.875000
vt 0.212500 0.200000
vt 0.212500 0.525000
vt 0.212500 0.850000
vt 0.212500 0.175000
vt 0.212500 0.500000
vt 0.212500 0.825000
vt 0.212500 0.150000
vt 0.212500 0.475000
vt 0.212500 0.800000
vt 0.212500 0.125000
vt 0.212500 0.450000
vt 0.212500 0.775000
vt 0.212500 0.100000
vt 0.212500 0.425000
vt 0.212500 0.750000
vt 0.212500 0.075000
vt 0.212500 0.400000
vt 0.212500 0.050000
vt 0.212500 0.375000
vt 0.200000 0.400000
vt 0.200000 0.375000
vt 0.200000 0.725000
vt 0.200000 0.700000
vt 0.200000 0.025000
vt 0.200000 0.350000
vt 0.200000 0.675000
vt 0.206250 0.000000
vt 0.200000 0.325000
vt 0.200000 0.650000
vt 0.206250 1.000000
vt 0.200000 0.975000
vt 0.200000 0.300000
vt 0.200000 0.625000
vt 0.200000 0.950000
vt 0.200000 0.275000
vt 0.200000 0.600000
vt 0.200000 0.925000
vt 0.200000 0.250000
vt 0.200000 0.575000
vt 0.200000 0.900000
vt 0.200000 0.225000
vt 0.200000 0.550000
vt 0.200000 0.875000
vt 0.200000 0.200000
vt 0.200000 0.525000
vt 0.200000 0.850000
vt 0.200000 0.175000
vt 0.200000 0.500000
vt 0.200000 0.825000
vt 0.200000 0.150000
vt 0.200000 0.475000
vt 0.200000 0.800000
vt 0.200000 0.125000
vt 0.200000 0.450000
vt 0.200000 0.775000
vt 0.200000 0.100000
vt 0.200000 0.425000
vt 0.200000 0.750000
vt 0.200000 0.075000
vt 0.200000 0.050000
vt 0.187500 0.725000
vt 0.187500 0.075000
vt 0.187500 0.050000
vt 0.187500 0.400000
vt 0.187500 0.375000
vt 0.187500 0.700000
vt 0.187500 0.025000
vt 0.187500 0.350000
vt 0.187500 0.675000
vt 0.193750 0.000000
vt 0.187500 0.325000
vt 0.187500 0.650000
vt 0.193750 1.000000
vt 0.187500 0.975000
vt 0.187500 0.300000
vt 0.187500 0.625000
vt 0.187500 0.950000
vt 0.187500 0.275000
vt 0.187500 0.600000
vt 0.187500 0.925000
vt 0.187500 0.250000
vt 0.187500 0.575000
vt 0.187500 0.900000
vt 0.187500 0.225000
vt 0.187500 0.550000
vt 0.187500 0.875000
vt 0.187500 0.200000
vt 0.187500 0.525000
vt 0.187500 0.850000
vt 0.187500 0.175000
vt 0.187500 0.500000
vt 0.187500 0.825000
vt 0.187500 0.150000
vt 0.187500 0.475000
vt 0.187500 0.800000
vt 0.187500 0.125000
vt 0.187500 0.450000
vt 0.187500 0.775000
vt 0.187500 0.100000
vt 0.187500 0.425000
vt 0.187500 0.750000
vt 0.175000 0.075000
vt 0.175000 0.400000
vt 0.175000 0.725000
vt 0.175000 0.050000
vt 0.175000 0.375000
vt 0.175000 0.700000
vt 0.175000 0.025000
vt 0.175000 0.350000
vt 0.175000 0.675000
vt 0.181250 0.000000
vt 0.175000 0.325000
vt 0.175000 0.650000
vt 0.181250 1.000000
vt 0.175000 0.975000
vt 0.175000 0.300000
vt 0.175000 0.625000
vt 0.175000 0.950000
vt 0.175000 0.275000
vt 0.175000 0.600000
vt 0.175000 0.925000
vt 0.175000 0.250000
vt 0.175000 0.575000
vt 0.175000 0.900000
vt 0.175000 0.225000
vt 0.175000 0.550000
vt 0.175000 0.875000
vt 0.175000 0.200000
vt 0.175000 0.525000
vt 0.175000 0.850000
vt 0.175000 0.175000
vt 0.175000 0.500000
vt 0.175000 0.825000
vt 0.175000 0.150000
vt 0.175000 0.475000
vt 0.175000 0.800000
vt 0.175000 0.125000
vt 0.175000 0.450000
vt 0.175000 0.775000
vt 0.175000 0.100000
vt 0.175000 0.425000
vt 0.175000 0.750000
vt 0.162500 0.450000
vt 0.162500 0.425000
vt 0.162500 0.750000
vt 0.162500 0.075000
vt 0.162500 0.400000
vt 0.162500 0.725000
vt 0.162500 0.050000
vt 0.162500 0.375000
vt 0.162500 0.700000
vt 0.162500 0.025000
vt 0.162500 0.350000
vt 0.162500 0.675000
vt 0.168750 0.000000
vt 0.162500 0.325000
vt 0.162500 0.650000
vt 0.168750 1.000000
vt 0.162500 0.975000
vt 0.162500 0.300000
vt 0.162500 0.625000
vt 0.162500 0.950000
vt 0.162500 0.275000
vt 0.162500 0.600000
vt 0.162500 0.925000
vt 0.162500 0.250000
vt 0.162500 0.575000
vt 0.162500 0.900000
vt 0.162500 0.225000
vt 0.162500 0.550000
vt 0.162500 0.875000
vt 0.162500 0.200000
vt 0.162500 0.525000
vt 0.162500 0.850000
vt 0.162500 0.175000
vt 0.162500 0.500000
vt 0.162500 0.825000
vt 0.162500 0.150000
vt 0.162500 0.475000
vt 0.162500 0.800000
vt 0.162500 0.125000
vt 0.162500 0.775000
vt 0.162500 0.100000
vt 0.150000 0.775000
vt 0.150000 0.125000
vt 0.150000 0.100000
vt 0.150000 0.450000
vt 0.150000 0.425000
vt 0.150000 0.750000
vt 0.150000 0.075000
vt 0.150000 0.400000
vt 0.150000 0.725000
vt 0.150000 0.050000
vt 0.150000 0.375000
vt 0.150000 0.700000
vt 0.150000 0.025000
vt 0.150000 0.350000
vt 0.150000 0.675000
vt 0.156250 0.000000
vt 0.150000 0.325000
vt 0.150000 0.650000
vt 0.156250 1.000000
vt 0.150000 0.975000
vt 0.150000 0.300000
vt 0.150000 0.625000
vt 0.150000 0.950000
vt 0.150000 0.275000
vt 0.150000 0.600000
vt 0.150000 0.925000
vt 0.150000 0.250000
vt 0.150000 0.575000
vt 0.150000 0.900000
vt 0.150000 0.225000
vt 0.150000 0.550000
vt 0.150000 0.875000
vt 0.150000 0.200000
vt 0.150000 0.525000
vt 0.150000 0.850000
vt 0.150000 0.175000
vt 0.150000 0.500000
vt 0.150000 0.825000
vt 0.150000 0.150000
vt 0.150000 0.475000
vt 0.150000 0.800000
vt 0.137500 0.450000
vt 0.137500 0.775000
vt 0.137500 0.125000
vt 0.137500 0.100000
vt 0.137500 0.425000
vt 0.137500 0.750000
vt 0.137500 0.075000
vt 0.137500 0.400000
vt 0.137500 0.725000
vt 0.137500 0.050000
vt 0.137500 0.375000
vt 0.137500 0.700000
vt 0.137500 0.025000
vt 0.137500 0.350000
vt 0.137500 0.675000
vt 0.143750 0.000000
vt 0.137500 0.325000
vt 0.137500 0.650000
vt 0.143750 1.000000
vt 0.137500 0.975000
vt 0.137500 0.300000
vt 0.137500 0.625000
vt 0.137500 0.950000
vt 0.137500 0.275000
vt 0.137500 0.600000
vt 0.137500 0.925000
vt 0.137500 0.250000
vt 0.137500 0.575000
vt 0.137500 0.900000
vt 0.137500 0.225000
vt 0.137500 0.550000
vt 0.137500 0.875000
vt 0.137500 0.200000
vt 0.137500 0.525000
vt 0.137500 0.850000
vt 0.137500 0.175000
vt 0.137500 0.500000
vt 0.137500 0.825000
vt 0.137500 0.150000
vt 0.137500 0.475000
vt 0.137500 0.800000
vt 0.125000 0.825000
vt 0.125000 0.800000
vt 0.125000 0.125000
vt 0.125000 0.475000
vt 0.125000 0.450000
vt 0.125000 0.775000
vt 0.125000 0.100000
vt 0.125000 0.425000
vt 0.125000 0.750000
vt 0.125000 0.075000
vt 0.125000 0.400000
vt 0.125000 0.725000
vt 0.125000 0.050000
vt 0.125000 0.375000
vt 0.125000 0.700000
vt 0.125000 0.025000
vt 0.125000 0.350000
vt 0.125000 0.675000
vt 0.131250 0.000000
vt 0.125000 0.325000
vt 0.125000 0.650000
vt 0.131250 1.000000
vt 0.125000 0.975000
vt 0.125000 0.300000
vt 0.125000 0.625000
vt 0.125000 0.950000
vt 0.125000 0.275000
vt 0.125000 0.600000
vt 0.125000 0.925000
vt 0.125000 0.250000
vt 0.125000 0.575000
vt 0.125000 0.900000
vt 0.125000 0.225000
vt 0.125000 0.550000
vt 0.125000 0.875000
vt 0.125000 0.200000
vt 0.125000 0.525000
vt 0.125000 0.850000
vt 0.125000 0.175000
vt 0.125000 0.500000
vt 0.125000 0.150000
vt 0.112500 0.175000
vt 0.112500 0.150000
vt 0.112500 0.500000
vt 0.112500 0.475000
vt 0.112500 0.800000
vt 0.112500 0.125000
vt 0.112500 0.450000
vt 0.112500 0.775000
vt 0.112500 0.100000
vt 0.112500 0.425000
vt 0.112500 0.750000
vt 0.112500 0.075000
vt 0.112500 0.400000
vt 0.112500 0.725000
vt 0.112500 0.050000
vt 0.112500 0.375000
vt 0.112500 0.700000
vt 0.112500 0.025000
vt 0.112500 0.350000
vt 0.112500 0.675000
vt 0.118750 0.000000
vt 0.112500 0.325000
vt 0.112500 0.650000
vt 0.118750 1.000000
vt 0.112500 0.975000
vt 0.112500 0.300000
vt 0.112500 0.625000
vt 0.112500 0.950000
vt 0.112500 0.275000
vt 0.112500 0.600000
vt 0.112500 0.925000
vt 0.112500 0.250000
vt 0.112500 0.575000
vt 0.112500 0.900000
vt 0.112500 0.225000
vt 0.112500 0.550000
vt 0.112500 0.875000
vt 0.112500 0.200000
vt 0.112500 0.525000
vt 0.112500 0.850000
vt 0.112500 0.825000
vt 0.100000 0.500000
vt 0.100000 0.825000
vt 0.100000 0.175000
vt 0.100000 0.150000
vt 0.100000 0.475000
vt 0.100000 0.800000
vt 0.100000 0.125000
vt 0.100000 0.450000
vt 0.100000 0.775000
vt 0.100000 0.100000
vt 0.100000 0.425000
vt 0.100000 0.750000
vt 0.100000 0.075000
vt 0.100000 0.400000
vt 0.100000 0.725000
vt 0.100000 0.050000
vt 0.100000 0.375000
vt 0.100000 0.700000
vt 0.100000 0.025000
vt 0.100000 0.350000
vt 0.100000 0.675000
vt 0.106250 0.000000
vt 0.100000 0.325000
vt 0.100000 0.650000
vt 0.106250 1.000000
vt 0.100000 0.975000
vt 0.100000 0.300000
vt 0.100000 0.625000
vt 0.100000 0.950000
vt 0.100000 0.275000
vt 0.100000 0.600000
vt 0.100000 0.925000
vt 0.100000 0.250000
vt 0.100000 0.575000
vt 0.100000 0.900000
vt 0.100000 0.225000
vt 0.100000 0.550000
vt 0.100000 0.875000
vt 0.100000 0.200000
vt 0.100000 0.525000
vt 0.100000 0.850000
vt 0.087500 0.875000
vt 0.087500 0.850000
vt 0.087500 0.175000
vt 0.087500 0.500000
vt 0.087500 0.825000
vt 0.087500 0.150000
vt 0.087500 0.475000
vt 0.087500 0.800000
vt 0.087500 0.125000
vt 0.087500 0.450000
vt 0.087500 0.775000
vt 0.087500 0.100000
vt 0.087500 0.425000
vt 0.087500 0.750000
vt 0.087500 0.075000
vt 0.087500 0.400000
vt 0.087500 0.725000
vt 0.087500 0.050000
vt 0.087500 0.375000
vt 0.087500 0.700000
vt 0.087500 0.025000
vt 0.087500 0.350000
vt 0.087500 0.675000
vt 0.093750 0.000000
vt 0.087500 0.325000
vt 0.087500 0.650000
vt 0.093750 1.000000
vt 0.087500 0.975000
vt 0.087500 0.300000
vt 0.087500 0.625000
vt 0.087500 0.950000
vt 0.087500 0.275000
vt 0.087500 0.600000
vt 0.087500 0.925000
vt 0.087500 0.250000
vt 0.087500 0.575000
vt 0.087500 0.900000
vt 0.087500 0.225000
vt 0.087500 0.550000
vt 0.087500 0.200000
vt 0.087500 0.525000
vt 0.075000 0.550000
vt 0.075000 0.525000
vt 0.075000 0.850000
vt 0.075000 0.175000
vt 0.075000 0.500000
vt 0.075000 0.825000
vt 0.075000 0.150000
vt 0.075000 0.475000
vt 0.075000 0.800000
vt 0.075000 0.125000
vt 0.075000 0.450000
vt 0.075000 0.775000
vt 0.075000 0.100000
vt 0.075000 0.425000
vt 0.075000 0.750000
vt 0.075000 0.075000
vt 0.075000 0.400000
vt 0.075000 0.725000
vt 0.075000 0.050000
vt 0.075000 0.375000
vt 0.075000 0.700000
vt 0.075000 0.025000
vt 0.075000 0.350000
vt 0.075000 0.675000
vt 0.081250 0.000000
vt 0.075000 0.325000
vt 0.075000 0.650000
vt 0.081250 1.000000
vt 0.075000 0.975000
vt 0.075000 0.300000
vt 0.075000 0.625000
vt 0.075000 0.950000
vt 0.075000 0.275000
vt 0.075000 0.600000
vt 0.075000 0.925000
vt 0.075000 0.250000
vt 0.075000 0.575000
vt 0.075000 0.900000
vt 0.075000 0.225000
vt 0.075000 0.875000
vt 0.075000 0.200000
vt 0.062500 0.875000
vt 0.062500 0.200000
vt 0.062500 0.550000
vt 0.062500 0.525000
vt 0.062500 0.850000
vt 0.062500 0.175000
vt 0.062500 0.500000
vt 0.062500 0.825000
vt 0.062500 0.150000
vt 0.062500 0.475000
vt 0.062500 0.800000
vt 0.062500 0.125000
vt 0.062500 0.450000
vt 0.062500 0.775000
vt 0.062500 0.100000
vt 0.062500 0.425000
vt 0.062500 0.750000
vt 0.062500 0.075000
vt 0.062500 0.400000
vt 0.062500 0.725000
vt 0.062500 0.050000
vt 0.062500 0.375000
vt 0.062500 0.700000
vt 0.062500 0.025000
vt 0.062500 0.350000
vt 0.062500 0.675000
vt 0.068750 0.000000
vt 0.062500 0.325000
vt 0.062500 0.650000
vt 0.068750 1.000000
vt 0.062500 0.975000
vt 0.062500 0.300000
vt 0.062500 0.625000
vt 0.062500 0.950000
vt 0.062500 0.275000
vt 0.062500 0.600000
vt 0.062500 0.925000
vt 0.062500 0.250000
vt 0.062500 0.575000
vt 0.062500 0.900000
vt 0.062500 0.225000
vt 0.050000 0.225000
vt 0.050000 0.550000
vt 0.050000 0.875000
vt 0.050000 0.200000
vt 0.050000 0.525000
vt 0.050000 0.850000
vt 0.050000 0.175000
vt 0.050000 0.500000
vt 0.050000 0.825000
vt 0.050000 0.150000
vt 0.050000 0.475000
vt 0.050000 0.800000
vt 0.050000 0.125000
vt 0.050000 0.450000
vt 0.050000 0.775000
vt 0.050000 0.100000
vt 0.050000 0.425000
vt 0.050000 0.750000
vt 0.050000 0.075000
vt 0.050000 0.400000
vt 0.050000 0.725000
vt 0.050000 0.050000
vt 0.050000 0.375000
vt 0.050000 0.700000
vt 0.050000 0.025000
vt 0.050000 0.350000
vt 0.050000 0.675000
vt 0.056250 0.000000
vt 0.050000 0.325000
vt 0.050000 0.650000
vt 0.056250 1.000000
vt 0.050000 0.975000
vt 0.050000 0.300000
vt 0.050000 0.625000
vt 0.050000 0.950000
vt 0.050000 0.275000
vt 0.050000 0.600000
vt 0.050000 0.925000
vt 0.050000 0.250000
vt 0.050000 0.575000
vt 0.050000 0.900000
vt 0.037500 0.600000
vt 0.037500 0.575000
vt 0.037500 0.925000
vt 0.037500 0.900000
vt 0.037500 0.250000
vt 0.037500 0.225000
vt 0.037500 0.550000
vt 0.037500 0.875000
vt 0.037500 0.200000
vt 0.037500 0.525000
vt 0.037500 0.850000
vt 0.037500 0.175000
vt 0.037500 0.500000
vt 0.037500 0.825000
vt 0.037500 0.150000
vt 0.037500 0.475000
vt 0.037500 0.800000
vt 0.037500 0.125000
vt 0.037500 0.450000
vt 0.037500 0.775000
vt 0.037500 0.100000
vt 0.037500 0.425000
vt 0.037500 0.750000
vt 0.037500 0.075000
vt 0.037500 0.400000
vt 0.037500 0.725000
vt 0.037500 0.050000
vt 0.037500 0.375000
vt 0.037500 0.700000
vt 0.037500 0.025000
vt 0.037500 0.350000
vt 0.037500 0.675000
vt 0.043750 0.000000
vt 0.037500 0.325000
vt 0.037500 0.650000
vt 0.043750 1.000000
vt 0.037500 0.975000
vt 0.037500 0.300000
vt 0.037500 0.625000
vt 0.037500 0.950000
vt 0.037500 0.275000
vt 0.025000 0.925000
vt 0.025000 0.275000
vt 0.025000 0.250000
vt 0.025000 0.600000
vt 0.025000 0.575000
vt 0.025000 0.900000
vt 0.025000 0.225000
vt 0.025000 0.550000
vt 0.025000 0.875000
vt 0.025000 0.200000
vt 0.025000 0.525000
vt 0.025000 0.850000
vt 0.025000 0.175000
vt 0.025000 0.500000
vt 0.025000 0.825000
vt 0.025000 0.150000
vt 0.025000 0.475000
vt 0.025000 0.800000
vt 0.025000 0.125000
vt 0.025000 0.450000
vt 0.025000 0.775000
vt 0.025000 0.100000
vt 0.025000 0.425000
vt 0.025000 0.750000
vt 0.025000 0.075000
vt 0.025000 0.400000
vt 0.025000 0.725000
vt 0.025000 0.050000
vt 0.025000 0.375000
vt 0.025000 0.700000
vt 0.025000 0.025000
vt 0.025000 0.350000
vt 0.025000 0.675000
vt 0.031250 0.000000
vt 0.025000 0.325000
vt 0.025000 0.650000
vt 0.031250 1.000000
vt 0.025000 0.975000
vt 0.025000 0.300000
vt 0.025000 0.625000
vt 0.025000 0.950000
vt 0.012500 0.625000
vt 0.012500 0.600000
vt 0.012500 0.925000
vt 0.012500 0.275000
vt 0.012500 0.250000
vt 0.012500 0.575000
vt 0.012500 0.900000
vt 0.012500 0.225000
vt 0.012500 0.550000
vt 0.012500 0.875000
vt 0.012500 0.200000
vt 0.012500 0.525000
vt 0.012500 0.850000
vt 0.012500 0.175000
vt 0.012500 0.500000
vt 0.012500 0.825000
vt 0.012500 0.150000
vt 0.012500 0.475000
vt 0.012500 0.800000
vt 0.012500 0.125000
vt 0.012500 0.450000
vt 0.012500 0.775000
vt 0.012500 0.100000
vt 0.012500 0.425000
vt 0.012500 0.750000
vt 0.012500 0.075000
vt 0.012500 0.400000
vt 0.012500 0.725000
vt 0.012500 0.050000
vt 0.012500 0.375000
vt 0.012500 0.700000
vt 0.012500 0.025000
vt 0.012500 0.350000
vt 0.012500 0.675000
vt 0.018750 0.000000
vt 0.012500 0.325000
vt 0.012500 0.650000
vt 0.018750 1.000000
vt 0.012500 0.975000
vt 0.012500 0.300000
vt 0.012500 0.950000
vt 1.012500 0.975000
vt 1.000000 0.950000
vt 1.012500 0.950000
vt 1.012500 0.300000
vt 1.000000 0.275000
vt 1.012500 0.275000
vt 1.012500 0.600000
vt 1.000000 0.625000
vt 1.000000 0.600000
vt 1.000000 0.925000
vt 1.012500 0.925000
vt 1.012500 0.250000
vt 1.000000 0.250000
vt 1.012500 0.575000
vt 1.000000 0.575000
vt 1.000000 0.900000
vt 1.012500 0.900000
vt 1.000000 0.225000
vt 1.012500 0.225000
vt 1.000000 0.550000
vt 1.012500 0.550000
vt 1.000000 0.875000
vt 1.012500 0.875000
vt 1.000000 0.200000
vt 1.012500 0.200000
vt 1.012500 0.525000
vt 1.000000 0.525000
vt 1.012500 0.850000
vt 1.000000 0.850000
vt 1.000000 0.175000
vt 1.012500 0.175000
vt 1.000000 0.500000
vt 1.012500 0.500000
vt 1.000000 0.825000
vt 1.012500 0.825000
vt 1.012500 0.150000
vt 1.000000 0.150000
vt 1.012500 0.475000
vt 1.000000 0.475000
vt 1.000000 0.800000
vt 1.012500 0.800000
vt 1.000000 0.125000
vt 1.012500 0.125000
vt 1.000000 0.450000
vt 1.012500 0.450000
vt 1.012500 0.775000
vt 1.000000 0.775000
vt 1.012500 0.100000
vt 1.000000 0.100000
vt 1.012500 0.425000
vt 1.000000 0.425000
vt 1.012500 0.750000
vt 1.000000 0.750000
vt 1.000000 0.075000
vt 1.012500 0.075000
vt 1.000000 0.400000
vt 1.012500 0.400000
vt 1.000000 0.725000
vt 1.012500 0.725000
vt 1.012500 0.050000
vt 1.000000 0.050000
vt 1.000000 0.375000
vt 1.012500 0.375000
vt 1.012500 0.700000
vt 1.000000 0.700000
vt 1.000000 0.025000
vt 1.012500 0.025000
vt 1.012500 0.350000
vt 1.000000 0.350000
vt 1.012500 0.675000
vt 1.000000 0.675000
vt 1.006250 0.000000
vt 1.000000 0.325000
vt 1.012500 0.325000
vt 1.000000 0.650000
vt 1.012500 0.650000
vt 1.006250 1.000000
vt 1.000000 0.975000
vt 1.000000 0.300000
vt 1.012500 0.625000
vt 0.987500 0.300000
vt 0.987500 0.625000
vt 0.987500 0.950000
vt 0.987500 0.275000
vt 0.987500 0.600000
vt 0.987500 0.925000
vt 0.987500 0.250000
vt 0.987500 0.575000
vt 0.987500 0.900000
vt 0.987500 0.225000
vt 0.987500 0.550000
vt 0.987500 0.875000
vt 0.987500 0.200000
vt 0.987500 0.525000
vt 0.987500 0.850000
vt 0.987500 0.175000
vt 0.987500 0.500000
vt 0.987500 0.825000
vt 0.987500 0.150000
vt 0.987500 0.475000
vt 0.987500 0.800000
vt 0.987500 0.125000
vt 0.987500 0.450000
vt 0.987500 0.775000
vt 0.987500 0.100000
vt 0.987500 0.425000
vt 0.987500 0.750000
vt 0.987500 0.075000
vt 0.987500 0.400000
vt 0.987500 0.725000
vt 0.987500 0.050000
vt 0.987500 0.375000
vt 0.987500 0.700000
vt 0.987500 0.025000
vt 0.987500 0.350000
vt 0.987500 0.675000
vt 0.993750 0.000000
vt 0.987500 0.325000
vt 0.987500 0.650000
vt 0.993750 1.000000
vt 0.987500 0.975000
vt 0.975000 0.200000
vt 0.975000 0.175000
vt 0.975000 0.650000
vt 0.975000 0.500000
vt 0.981250 1.000000
vt 0.975000 0.975000
vt 0.975000 0.150000
vt 0.975000 0.475000
vt 0.975000 0.950000
vt 0.975000 0.125000
vt 0.975000 0.450000
vt 0.975000 0.925000
vt 0.975000 0.100000
vt 0.975000 0.425000
vt 0.975000 0.900000
vt 0.975000 0.075000
vt 0.975000 0.875000
vt 0.975000 0.400000
vt 0.975000 0.050000
vt 0.975000 0.850000
vt 0.975000 0.375000
vt 0.975000 0.025000
vt 0.975000 0.825000
vt 0.975000 0.350000
vt 0.981250 0.000000
vt 0.975000 0.800000
vt 0.975000 0.325000
vt 0.975000 0.300000
vt 0.975000 0.775000
vt 0.975000 0.625000
vt 0.975000 0.275000
vt 0.975000 0.750000
vt 0.975000 0.600000
vt 0.975000 0.250000
vt 0.975000 0.725000
vt 0.975000 0.575000
vt 0.975000 0.225000
vt 0.975000 0.700000
vt 0.975000 0.550000
vt 0.975000 0.675000
vt 0.975000 0.525000
vt 0.962500 0.550000
vt 0.962500 0.525000
vt 0.962500 0.875000
vt 0.962500 0.850000
vt 0.962500 0.175000
vt 0.962500 0.500000
vt 0.962500 0.825000
vt 0.962500 0.150000
vt 0.962500 0.475000
vt 0.962500 0.800000
vt 0.962500 0.125000
vt 0.962500 0.450000
vt 0.962500 0.775000
vt 0.962500 0.100000
vt 0.962500 0.425000
vt 0.962500 0.750000
vt 0.962500 0.075000
vt 0.962500 0.400000
vt 0.962500 0.725000
vt 0.962500 0.050000
vt 0.962500 0.375000
vt 0.962500 0.700000
vt 0.962500 0.025000
vt 0.962500 0.350000
vt 0.962500 0.675000
vt 0.968750 0.000000
vt 0.962500 0.325000
vt 0.962500 0.650000
vt 0.968750 1.000000
vt 0.962500 0.975000
vt 0.962500 0.300000
vt 0.962500 0.625000
vt 0.962500 0.950000
vt 0.962500 0.275000
vt 0.962500 0.600000
vt 0.962500 0.925000
vt 0.962500 0.250000
vt 0.962500 0.575000
vt 0.962500 0.900000
vt 0.962500 0.225000
vt 0.962500 0.200000
vt 0.950000 0.875000
vt 0.950000 0.225000
vt 0.950000 0.200000
vt 0.950000 0.550000
vt 0.950000 0.525000
vt 0.950000 0.850000
vt 0.950000 0.175000
vt 0.950000 0.500000
vt 0.950000 0.825000
vt 0.950000 0.150000
vt 0.950000 0.475000
vt 0.950000 0.800000
vt 0.950000 0.125000
vt 0.950000 0.450000
vt 0.950000 0.775000
vt 0.950000 0.100000
vt 0.950000 0.425000
vt 0.950000 0.750000
vt 0.950000 0.075000
vt 0.950000 0.400000
vt 0.950000 0.725000
vt 0.950000 0.050000
vt 0.950000 0.375000
vt 0.950000 0.700000
vt 0.950000 0.025000
vt 0.950000 0.350000
vt 0.950000 0.675000
vt 0.956250 0.000000
vt 0.950000 0.325000
vt 0.950000 0.650000
vt 0.956250 1.000000
vt 0.950000 0.975000
vt 0.950000 0.300000
vt 0.950000 0.625000
vt 0.950000 0.950000
vt 0.950000 0.275000
vt 0.950000 0.600000
vt 0.950000 0.925000
vt 0.950000 0.250000
vt 0.950000 0.575000
vt 0.950000 0.900000
vt 0.937500 0.550000
vt 0.937500 0.875000
vt 0.937500 0.200000
vt 0.937500 0.525000
vt 0.937500 0.850000
vt 0.937500 0.175000
vt 0.937500 0.500000
vt 0.937500 0.825000
vt 0.937500 0.150000
vt 0.937500 0.475000
vt 0.937500 0.800000
vt 0.937500 0.125000
vt 0.937500 0.450000
vt 0.937500 0.775000
vt 0.937500 0.100000
vt 0.937500 0.425000
vt 0.937500 0.750000
vt 0.937500 0.075000
vt 0.937500 0.400000
vt 0.937500 0.725000
vt 0.937500 0.050000
vt 0.937500 0.375000
vt 0.937500 0.700000
vt 0.937500 0.025000
vt 0.937500 0.350000
vt 0.937500 0.675000
vt 0.943750 0.000000
vt 0.937500 0.325000
vt 0.937500 0.650000
vt 0.943750 1.000000
vt 0.937500 0.975000
vt 0.937500 0.300000
vt 0.937500 0.625000
vt 0.937500 0.950000
vt 0.937500 0.275000
vt 0.937500 0.600000
vt 0.937500 0.925000
vt 0.937500 0.250000
vt 0.937500 0.575000
vt 0.937500 0.900000
vt 0.937500 0.225000
vt 0.925000 0.900000
vt 0.925000 0.225000
vt 0.925000 0.550000
vt 0.925000 0.875000
vt 0.925000 0.200000
vt 0.925000 0.525000
vt 0.925000 0.850000
vt 0.925000 0.175000
vt 0.925000 0.500000
vt 0.925000 0.825000
vt 0.925000 0.150000
vt 0.925000 0.475000
vt 0.925000 0.800000
vt 0.925000 0.125000
vt 0.925000 0.450000
vt 0.925000 0.775000
vt 0.925000 0.100000
vt 0.925000 0.425000
vt 0.925000 0.750000
vt 0.925000 0.075000
vt 0.925000 0.400000
vt 0.925000 0.725000
vt 0.925000 0.050000
vt 0.925000 0.375000
vt 0.925000 0.700000
vt 0.925000 0.025000
vt 0.925000 0.350000
vt 0.925000 0.675000
vt 0.931250 0.000000
vt 0.925000 0.325000
vt 0.925000 0.650000
vt 0.931250 1.000000
vt 0.925000 0.975000
vt 0.925000 0.300000
vt 0.925000 0.625000
vt 0.925000 0.950000
vt 0.925000 0.275000
vt 0.925000 0.600000
vt 0.925000 0.925000
vt 0.925000 0.250000
vt 0.925000 0.575000
vt 0.912500 0.275000
vt 0.912500 0.250000
vt 0.912500 0.600000
vt 0.912500 0.575000
vt 0.912500 0.925000
vt 0.912500 0.900000
vt 0.912500 0.225000
vt 0.912500 0.550000
vt 0.912500 0.875000
vt 0.912500 0.200000
vt 0.912500 0.525000
vt 0.912500 0.850000
vt 0.912500 0.175000
vt 0.912500 0.500000
vt 0.912500 0.825000
vt 0.912500 0.150000
vt 0.912500 0.475000
vt 0.912500 0.800000
vt 0.912500 0.125000
vt 0.912500 0.450000
vt 0.912500 0.775000
vt 0.912500 0.100000
vt 0.912500 0.425000
vt 0.912500 0.750000
vt 0.912500 0.075000
vt 0.912500 0.400000
vt 0.912500 0.725000
vt 0.912500 0.050000
vt 0.912500 0.375000
vt 0.912500 0.700000
vt 0.912500 0.025000
vt 0.912500 0.350000
vt 0.912500 0.675000
vt 0.918750 0.000000
vt 0.912500 0.325000
vt 0.912500 0.650000
vt 0.918750 1.000000
vt 0.912500 0.975000
vt 0.912500 0.300000
vt 0.912500 0.625000
vt 0.912500 0.950000
vt 0.900000 0.600000
vt 0.900000 0.925000
vt 0.900000 0.275000
vt 0.900000 0.250000
vt 0.900000 0.575000
vt 0.900000 0.900000
vt 0.900000 0.225000
vt 0.900000 0.550000
vt 0.900000 0.875000
vt 0.900000 0.200000
vt 0.900000 0.525000
vt 0.900000 0.850000
vt 0.900000 0.175000
vt 0.900000 0.500000
vt 0.900000 0.825000
vt 0.900000 0.150000
vt 0.900000 0.475000
vt 0.900000 0.800000
vt 0.900000 0.125000
vt 0.900000 0.450000
vt 0.900000 0.775000
vt 0.900000 0.100000
vt 0.900000 0.425000
vt 0.900000 0.750000
vt 0.900000 0.075000
vt 0.900000 0.400000
vt 0.900000 0.725000
vt 0.900000 0.050000
vt 0.900000 0.375000
vt 0.900000 0.700000
vt 0.900000 0.025000
vt 0.900000 0.350000
vt 0.900000 0.675000
vt 0.906250 0.000000
vt 0.900000 0.325000
vt 0.900000 0.650000
vt 0.906250 1.000000
vt 0.900000 0.975000
vt 0.900000 0.300000
vt 0.900000 0.625000
vt 0.900000 0.950000
vt 0.887500 0.950000
vt 0.887500 0.300000
vt 0.887500 0.275000
vt 0.887500 0.625000
vt 0.887500 0.600000
vt 0.887500 0.925000
vt 0.887500 0.250000
vt 0.887500 0.575000
vt 0.887500 0.900000
vt 0.887500 0.225000
vt 0.887500 0.550000
vt 0.887500 0.875000
vt 0.887500 0.200000
vt 0.887500 0.525000
vt 0.887500 0.850000
vt 0.887500 0.175000
vt 0.887500 0.500000
vt 0.887500 0.825000
vt 0.887500 0.150000
vt 0.887500 0.475000
vt 0.887500 0.800000
vt 0.887500 0.125000
vt 0.887500 0.450000
vt 0.887500 0.775000
vt 0.887500 0.100000
vt 0.887500 0.425000
vt 0.887500 0.750000
vt 0.887500 0.075000
vt 0.887500 0.400000
vt 0.887500 0.725000
vt 0.887500 0.050000
vt 0.887500 0.375000
vt 0.887500 0.700000
vt 0.887500 0.025000
vt 0.887500 0.350000
vt 0.887500 0.675000
vt 0.893750 0.000000
vt 0.887500 0.325000
vt 0.887500 0.650000
vt 0.893750 1.000000
vt 0.887500 0.975000
vt 0.875000 0.625000
vt 0.875000 0.950000
vt 0.875000 0.300000
vt 0.875000 0.275000
vt 0.875000 0.600000
vt 0.875000 0.925000
vt 0.875000 0.250000
vt 0.875000 0.575000
vt 0.875000 0.900000
vt 0.875000 0.225000
vt 0.875000 0.550000
vt 0.875000 0.875000
vt 0.875000 0.200000
vt 0.875000 0.525000
vt 0.875000 0.850000
vt 0.875000 0.175000
vt 0.875000 0.500000
vt 0.875000 0.825000
vt 0.875000 0.150000
vt 0.875000 0.475000
vt 0.875000 0.800000
vt 0.875000 0.125000
vt 0.875000 0.450000
vt 0.875000 0.775000
vt 0.875000 0.100000
vt 0.875000 0.425000
vt 0.875000 0.750000
vt 0.875000 0.075000
vt 0.875000 0.400000
vt 0.875000 0.725000
vt 0.875000 0.050000
vt 0.875000 0.375000
vt 0.875000 0.700000
vt 0.875000 0.025000
vt 0.875000 0.350000
vt 0.875000 0.675000
vt 0.881250 0.000000
vt 0.875000 0.325000
vt 0.875000 0.650000
vt 0.881250 1.000000
vt 0.875000 0.975000
vt 0.868750 1.000000
vt 0.862500 0.975000
vt 0.862500 0.300000
vt 0.862500 0.625000
vt 0.862500 0.950000
vt 0.862500 0.275000
vt 0.862500 0.600000
vt 0.862500 0.925000
vt 0.862500 0.250000
vt 0.862500 0.575000
vt 0.862500 0.900000
vt 0.862500 0.225000
vt 0.862500 0.550000
vt 0.862500 0.875000
vt 0.862500 0.200000
vt 0.862500 0.525000
vt 0.862500 0.850000
vt 0.862500 0.175000
vt 0.862500 0.500000
vt 0.862500 0.825000
vt 0.862500 0.150000
vt 0.862500 0.475000
vt 0.862500 0.800000
vt 0.862500 0.125000
vt 0.862500 0.450000
vt 0.862500 0.775000
vt 0.862500 0.100000
vt 0.862500 0.425000
vt 0.862500 0.750000
vt 0.862500 0.075000
vt 0.862500 0.400000
vt 0.862500 0.725000
vt 0.862500 0.050000
vt 0.862500 0.375000
vt 0.862500 0.700000
vt 0.862500 0.025000
vt 0.862500 0.350000
vt 0.862500 0.675000
vt 0.868750 0.000000
vt 0.862500 0.325000
vt 0.862500 0.650000
vt 0.850000 0.350000
vt 0.850000 0.325000
vt 0.850000 0.650000
vt 0.856250 1.000000
vt 0.850000 0.975000
vt 0.850000 0.300000
vt 0.850000 0.625000
vt 0.850000 0.950000
vt 0.850000 0.275000
vt 0.850000 0.600000
vt 0.850000 0.925000
vt 0.850000 0.250000
vt 0.850000 0.575000
vt 0.850000 0.900000
vt 0.850000 0.225000
vt 0.850000 0.550000
vt 0.850000 0.875000
vt 0.850000 0.200000
vt 0.850000 0.525000
vt 0.850000 0.850000
vt 0.850000 0.175000
vt 0.850000 0.500000
vt 0.850000 0.825000
vt 0.850000 0.150000
vt 0.850000 0.475000
vt 0.850000 0.800000
vt 0.850000 0.125000
vt 0.850000 0.450000
vt 0.850000 0.775000
vt 0.850000 0.100000
vt 0.850000 0.425000
vt 0.850000 0.750000
vt 0.850000 0.075000
vt 0.850000 0.400000
vt 0.850000 0.725000
vt 0.850000 0.050000
vt 0.850000 0.375000
vt 0.850000 0.700000
vt 0.850000 0.025000
vt 0.850000 0.675000
vt 0.856250 0.000000
vt 0.837500 0.700000
vt 0.837500 0.675000
vt 0.843750 0.000000
vt 0.837500 0.025000
vt 0.837500 0.325000
vt 0.837500 0.650000
vt 0.843750 1.000000
vt 0.837500 0.975000
vt 0.837500 0.300000
vt 0.837500 0.625000
vt 0.837500 0.950000
vt 0.837500 0.275000
vt 0.837500 0.600000
vt 0.837500 0.925000
vt 0.837500 0.250000
vt 0.837500 0.575000
vt 0.837500 0.900000
vt 0.837500 0.225000
vt 0.837500 0.550000
vt 0.837500 0.875000
vt 0.837500 0.200000
vt 0.837500 0.525000
vt 0.837500 0.850000
vt 0.837500 0.175000
vt 0.837500 0.500000
vt 0.837500 0.825000
vt 0.837500 0.150000
vt 0.837500 0.475000
vt 0.837500 0.800000
vt 0.837500 0.125000
vt 0.837500 0.450000
vt 0.837500 0.775000
vt 0.837500 0.100000
vt 0.837500 0.425000
vt 0.837500 0.750000
vt 0.837500 0.075000
vt 0.837500 0.400000
vt 0.837500 0.725000
vt 0.837500 0.050000
vt 0.837500 0.375000
vt 0.837500 0.350000
vt 0.825000 0.375000
vt 0.825000 0.350000
vt 0.825000 0.700000
vt 0.825000 0.675000
vt 0.831250 0.000000
vt 0.825000 0.025000
vt 0.825000 0.325000
vt 0.825000 0.650000
vt 0.831250 1.000000
vt 0.825000 0.975000
vt 0.825000 0.300000
vt 0.825000 0.625000
vt 0.825000 0.950000
vt 0.825000 0.275000
vt 0.825000 0.600000
vt 0.825000 0.925000
vt 0.825000 0.250000
vt 0.825000 0.575000
vt 0.825000 0.900000
vt 0.825000 0.225000
vt 0.825000 0.550000
vt 0.825000 0.875000
vt 0.825000 0.200000
vt 0.825000 0.525000
vt 0.825000 0.850000
vt 0.825000 0.175000
vt 0.825000 0.500000
vt 0.825000 0.825000
vt 0.825000 0.150000
vt 0.825000 0.475000
vt 0.825000 0.800000
vt 0.825000 0.125000
vt 0.825000 0.450000
vt 0.825000 0.775000
vt 0.825000 0.100000
vt 0.825000 0.425000
vt 0.825000 0.750000
vt 0.825000 0.075000
vt 0.825000 0.400000
vt 0.825000 0.725000
vt 0.825000 0.050000
vt 0.812500 0.700000
vt 0.812500 0.025000
vt 0.812500 0.375000
vt 0.812500 0.350000
vt 0.812500 0.675000
vt 0.818750 0.000000
vt 0.812500 0.325000
vt 0.812500 0.650000
vt 0.818750 1.000000
vt 0.812500 0.975000
vt 0.812500 0.300000
vt 0.812500 0.625000
vt 0.812500 0.950000
vt 0.812500 0.275000
vt 0.812500 0.600000
vt 0.812500 0.925000
vt 0.812500 0.250000
vt 0.812500 0.575000
vt 0.812500 0.900000
vt 0.812500 0.225000
vt 0.812500 0.550000
vt 0.812500 0.875000
vt 0.812500 0.200000
vt 0.812500 0.525000
vt 0.812500 0.850000
vt 0.812500 0.175000
vt 0.812500 0.500000
vt 0.812500 0.825000
vt 0.812500 0.150000
vt 0.812500 0.475000
vt 0.812500 0.800000
vt 0.812500 0.125000
vt 0.812500 0.450000
vt 0.812500 0.775000
vt 0.812500 0.100000
vt 0.812500 0.425000
vt 0.812500 0.750000
vt 0.812500 0.075000
vt 0.812500 0.400000
vt 0.812500 0.725000
vt 0.812500 0.050000
vt 0.800000 0.075000
vt 0.800000 0.050000
vt 0.800000 0.375000
vt 0.800000 0.700000
vt 0.800000 0.025000
vt 0.800000 0.350000
vt 0.800000 0.675000
vt 0.806250 0.000000
vt 0.800000 0.325000
vt 0.800000 0.650000
vt 0.806250 1.000000
vt 0.800000 0.975000
vt 0.800000 0.300000
vt 0.800000 0.625000
vt 0.800000 0.950000
vt 0.800000 0.275000
vt 0.800000 0.600000
vt 0.800000 0.925000
vt 0.800000 0.250000
vt 0.800000 0.575000
vt 0.800000 0.900000
vt 0.800000 0.225000
vt 0.800000 0.550000
vt 0.800000 0.875000
vt 0.800000 0.200000
vt 0.800000 0.525000
vt 0.800000 0.850000
vt 0.800000 0.175000
vt 0.800000 0.500000
vt 0.800000 0.825000
vt 0.800000 0.150000
vt 0.800000 0.475000
vt 0.800000 0.800000
vt 0.800000 0.125000
vt 0.800000 0.450000
vt 0.800000 0.775000
vt 0.800000 0.100000
vt 0.800000 0.425000
vt 0.800000 0.750000
vt 0.800000 0.400000
vt 0.800000 0.725000
vt 0.787500 0.400000
vt 0.787500 0.725000
vt 0.787500 0.050000
vt 0.787500 0.375000
vt 0.787500 0.700000
vt 0.787500 0.025000
vt 0.787500 0.350000
vt 0.787500 0.675000
vt 0.793750 0.000000
vt 0.787500 0.325000
vt 0.787500 0.650000
vt 0.793750 1.000000
vt 0.787500 0.975000
vt 0.787500 0.300000
vt 0.787500 0.625000
vt 0.787500 0.950000
vt 0.787500 0.275000
vt 0.787500 0.600000
vt 0.787500 0.925000
vt 0.787500 0.250000
vt 0.787500 0.575000
vt 0.787500 0.900000
vt 0.787500 0.225000
vt 0.787500 0.550000
vt 0.787500 0.875000
vt 0.787500 0.200000
vt 0.787500 0.525000
vt 0.787500 0.850000
vt 0.787500 0.175000
vt 0.787500 0.500000
vt 0.787500 0.825000
vt 0.787500 0.150000
vt 0.787500 0.475000
vt 0.787500 0.800000
vt 0.787500 0.125000
vt 0.787500 0.450000
vt 0.787500 0.775000
vt 0.787500 0.100000
vt 0.787500 0.425000
vt 0.787500 0.750000
vt 0.787500 0.075000
vt 0.775000 0.775000
vt 0.775000 0.750000
vt 0.775000 0.075000
vt 0.775000 0.400000
vt 0.775000 0.725000
vt 0.775000 0.050000
vt 0.775000 0.375000
vt 0.775000 0.700000
vt 0.775000 0.025000
vt 0.775000 0.350000
vt 0.775000 0.675000
vt 0.781250 0.000000
vt 0.775000 0.325000
vt 0.775000 0.650000
vt 0.781250 1.000000
vt 0.775000 0.975000
vt 0.775000 0.300000
vt 0.775000 0.625000
vt 0.775000 0.950000
vt 0.775000 0.275000
vt 0.775000 0.600000
vt 0.775000 0.925000
vt 0.775000 0.250000
vt 0.775000 0.575000
vt 0.775000 0.900000
vt 0.775000 0.225000
vt 0.775000 0.550000
vt 0.775000 0.875000
vt 0.775000 0.200000
vt 0.775000 0.525000
vt 0.775000 0.850000
vt 0.775000 0.175000
vt 0.775000 0.500000
vt 0.775000 0.825000
vt 0.775000 0.150000
vt 0.775000 0.475000
vt 0.775000 0.800000
vt 0.775000 0.125000
vt 0.775000 0.450000
vt 0.775000 0.100000
vt 0.775000 0.425000
vt 0.762500 0.425000
vt 0.762500 0.775000
vt 0.762500 0.750000
vt 0.762500 0.075000
vt 0.762500 0.400000
vt 0.762500 0.725000
vt 0.762500 0.050000
vt 0.762500 0.375000
vt 0.762500 0.700000
vt 0.762500 0.025000
vt 0.762500 0.350000
vt 0.762500 0.675000
vt 0.768750 0.000000
vt 0.762500 0.325000
vt 0.762500 0.650000
vt 0.768750 1.000000
vt 0.762500 0.975000
vt 0.762500 0.300000
vt 0.762500 0.625000
vt 0.762500 0.950000
vt 0.762500 0.275000
vt 0.762500 0.600000
vt 0.762500 0.925000
vt 0.762500 0.250000
vt 0.762500 0.575000
vt 0.762500 0.900000
vt 0.762500 0.225000
vt 0.762500 0.550000
vt 0.762500 0.875000
vt 0.762500 0.200000
vt 0.762500 0.525000
vt 0.762500 0.850000
vt 0.762500 0.175000
vt 0.762500 0.500000
vt 0.762500 0.825000
vt 0.762500 0.150000
vt 0.762500 0.475000
vt 0.762500 0.800000
vt 0.762500 0.125000
vt 0.762500 0.450000
vt 0.762500 0.100000
vt 0.756250 0.000000
vt 0.756250 1.000000
s 1
f 4/1/4 29/2/29 5/3/5
f 16/4/16 3122/5/3122 55/6/55
f 14/7/14 43/8/43 15/9/15
f 5/3/5 30/10/30 6/11/6
f 3098/12/3098 1/13/1 17/14/17
f 15/9/15 44/15/44 3111/16/3111
f 3107/17/3107 30/10/30 31/18/31
f 3099/19/3099 17/14/17 18/20/18
f 3111/16/3111 45/21/45 3112/22/3112
f 7/23/7 31/18/31 32/24/32
f 3100/25/3100 18/20/18 19/26/19
f 3112/22/3112 46/27/46 3113/28/3113
f 7/23/7 33/29/33 8/30/8
f 3101/31/3101 19/26/19 20/32/20
f 3113/28/3113 47/33/47 3114/34/3114
f 8/30/8 34/35/34 9/36/9
f 3102/37/3102 20/32/20 21/38/21
f 3114/34/3114 48/39/48 3115/40/3115
f 3108/41/3108 34/35/34 35/42/35
f 3103/43/3103 21/38/21 22/44/22
f 3115/40/3115 49/45/49 3116/46/3116
f 3108/41/3108 36/47/36 10/48/10
f 3104/49/3104 22/44/22 23/50/23
f 3116/46/3116 50/51/50 3117/52/3117
f 10/48/10 37/53/37 11/54/11
f 3105/55/3105 23/50/23 24/56/24
f 3117/52/3117 51/57/51 3118/58/3118
f 11/54/11 38/59/38 12/60/12
f 2/61/2 24/56/24 25/62/25
f 3118/58/3118 52/63/52 3119/64/3119
f 13/65/13 38/59/38 39/66/39
f 2/61/2 26/67/26 3/68/3
f 3119/64/3119 53/69/53 3120/70/3120
f 3109/71/3109 39/66/39 40/72/40
f 3106/73/3106 26/67/26 27/74/27
f 3120/70/3120 54/75/54 3121/76/3121
f 3109/71/3109 41/77/41 3110/78/3110
f 4/1/4 27/74/27 28/79/28
f 3121/76/3121 55/6/55 3122/5/3122
f 3110/78/3110 42/80/42 14/7/14
f 28/79/28 68/81/68 29/2/29
f 16/82/16 55/6/55 94/83/94
f 42/80/42 82/84/82 43/8/43
f 29/2/29 69/85/69 30/10/30
f 17/14/17 1/86/1 56/87/56
f 44/15/44 82/84/82 83/88/83
f 30/10/30 70/89/70 31/18/31
f 17/14/17 57/90/57 18/20/18
f 44/15/44 84/91/84 45/21/45
f 31/18/31 71/92/71 32/24/32
f 18/20/18 58/93/58 19/26/19
f 45/21/45 85/94/85 46/27/46
f 32/24/32 72/95/72 33/29/33
f 19/26/19 59/96/59 20/32/20
f 46/27/46 86/97/86 47/33/47
f 33/29/33 73/98/73 34/35/34
f 21/38/21 59/96/59 60/99/60
f 47/33/47 87/100/87 48/39/48
f 34/35/34 74/101/74 35/42/35
f 22/44/22 60/99/60 61/102/61
f 48/39/48 88/103/88 49/45/49
f 35/42/35 75/104/75 36/47/36
f 22/44/22 62/105/62 23/50/23
f 50/51/50 88/103/88 89/106/89
f 36/47/36 76/107/76 37/53/37
f 23/50/23 63/108/63 24/56/24
f 50/51/50 90/109/90 51/57/51
f 37/53/37 77/110/77 38/59/38
f 24/56/24 64/111/64 25/62/25
f 51/57/51 91/112/91 52/63/52
f 38/59/38 78/113/78 39/66/39
f 25/62/25 65/114/65 26/67/26
f 53/69/53 91/112/91 92/115/92
f 39/66/39 79/116/79 40/72/40
f 27/74/27 65/114/65 66/117/66
f 54/75/54 92/115/92 93/118/93
f 40/72/40 80/119/80 41/77/41
f 27/74/27 67/120/67 28/79/28
f 54/75/54 94/83/94 55/6/55
f 42/80/42 80/119/80 81/121/81
f 81/121/81 119/122/119 120/123/120
f 67/120/67 107/124/107 68/81/68
f 16/125/16 94/83/94 133/126/133
f 81/121/81 121/127/121 82/84/82
f 68/81/68 108/128/108 69/85/69
f 56/87/56 1/129/1 95/130/95
f 82/84/82 122/131/122 83/88/83
f 69/85/69 109/132/109 70/89/70
f 56/87/56 96/133/96 57/90/57
f 83/88/83 123/134/123 84/91/84
f 70/89/70 110/135/110 71/92/71
f 58/93/58 96/133/96 97/136/97
f 84/91/84 124/137/124 85/94/85
f 71/92/71 111/138/111 72/95/72
f 58/93/58 98/139/98 59/96/59
f 86/97/86 124/137/124 125/140/125
f 72/95/72 112/141/112 73/98/73
f 59/96/59 99/142/99 60/99/60
f 86/97/86 126/143/126 87/100/87
f 74/101/74 112/141/112 113/144/113
f 60/99/60 100/145/100 61/102/61
f 87/100/87 127/146/127 88/103/88
f 74/101/74 114/147/114 75/104/75
f 62/105/62 100/145/100 101/148/101
f 88/103/88 128/149/128 89/106/89
f 75/104/75 115/150/115 76/107/76
f 62/105/62 102/151/102 63/108/63
f 90/109/90 128/149/128 129/152/129
f 76/107/76 116/153/116 77/110/77
f 64/111/64 102/151/102 103/154/103
f 91/112/91 129/152/129 130/155/130
f 78/113/78 116/153/116 117/156/117
f 64/111/64 104/157/104 65/114/65
f 92/115/92 130/155/130 131/158/131
f 78/113/78 118/159/118 79/116/79
f 65/114/65 105/160/105 66/117/66
f 93/118/93 131/158/131 132/161/132
f 80/119/80 118/159/118 119/122/119
f 66/117/66 106/162/106 67/120/67
f 93/118/93 133/126/133 94/83/94
f 105/160/105 145/163/145 106/162/106
f 132/161/132 172/164/172 133/126/133
f 119/122/119 159/165/159 120/123/120
f 106/162/106 146/166/146 107/124/107
f 16/167/16 133/126/133 172/164/172
f 121/127/121 159/165/159 160/168/160
f 107/124/107 147/169/147 108/128/108
f 95/130/95 1/170/1 134/171/134
f 121/127/121 161/172/161 122/131/122
f 108/128/108 148/173/148 109/132/109
f 95/130/95 135/174/135 96/133/96
f 123/134/123 161/172/161 162/175/162
f 110/135/110 148/173/148 149/176/149
f 96/133/96 136/177/136 97/136/97
f 123/134/123 163/178/163 124/137/124
f 110/135/110 150/179/150 111/138/111
f 97/136/97 137/180/137 98/139/98
f 125/140/125 163/178/163 164/181/164
f 111/138/111 151/182/151 112/141/112
f 98/139/98 138/183/138 99/142/99
f 126/143/126 164/181/164 165/184/165
f 112/141/112 152/185/152 113/144/113
f 99/142/99 139/186/139 100/145/100
f 127/146/127 165/184/165 166/187/166
f 113/144/113 153/188/153 114/147/114
f 101/148/101 139/186/139 140/189/140
f 127/146/127 167/190/167 128/149/128
f 115/150/115 153/188/153 154/191/154
f 101/148/101 141/192/141 102/151/102
f 129/152/129 167/190/167 168/193/168
f 115/150/115 155/194/155 116/153/116
f 102/151/102 142/195/142 103/154/103
f 130/155/130 168/193/168 169/196/169
f 117/156/117 155/194/155 156/197/156
f 103/154/103 143/198/143 104/157/104
f 131/158/131 169/196/169 170/199/170
f 117/156/117 157/200/157 118/159/118
f 104/157/104 144/201/144 105/160/105
f 131/158/131 171/202/171 132/161/132
f 118/159/118 158/203/158 119/122/119
f 171/202/171 209/204/209 210/205/210
f 158/203/158 196/206/196 197/207/197
f 144/201/144 184/208/184 145/163/145
f 172/164/172 210/205/210 211/209/211
f 159/165/159 197/207/197 198/210/198
f 145/163/145 185/211/185 146/166/146
f 16/212/16 172/164/172 211/209/211
f 159/165/159 199/213/199 160/168/160
f 146/166/146 186/214/186 147/169/147
f 134/171/134 1/215/1 173/216/173
f 160/168/160 200/217/200 161/172/161
f 147/169/147 187/218/187 148/173/148
f 134/171/134 174/219/174 135/174/135
f 162/175/162 200/217/200 201/220/201
f 148/173/148 188/221/188 149/176/149
f 136/177/136 174/219/174 175/222/175
f 163/178/163 201/220/201 202/223/202
f 150/179/150 188/221/188 189/224/189
f 136/177/136 176/225/176 137/180/137
f 164/181/164 202/223/202 203/226/203
f 150/179/150 190/227/190 151/182/151
f 137/180/137 177/228/177 138/183/138
f 165/184/165 203/226/203 204/229/204
f 152/185/152 190/227/190 191/230/191
f 138/183/138 178/231/178 139/186/139
f 166/187/166 204/229/204 205/232/205
f 152/185/152 192/233/192 153/188/153
f 139/186/139 179/234/179 140/189/140
f 167/190/167 205/232/205 206/235/206
f 153/188/153 193/236/193 154/191/154
f 140/189/140 180/237/180 141/192/141
f 167/190/167 207/238/207 168/193/168
f 154/191/154 194/239/194 155/194/155
f 141/192/141 181/240/181 142/195/142
f 169/196/169 207/238/207 208/241/208
f 156/197/156 194/239/194 195/242/195
f 142/195/142 182/243/182 143/198/143
f 170/199/170 208/241/208 209/204/209
f 156/197/156 196/206/196 157/200/157
f 143/198/143 183/244/183 144/201/144
f 195/242/195 235/245/235 196/206/196
f 183/244/183 221/246/221 222/247/222
f 209/204/209 249/248/249 210/205/210
f 197/207/197 235/245/235 236/249/236
f 183/244/183 223/250/223 184/208/184
f 210/205/210 250/251/250 211/209/211
f 198/210/198 236/249/236 237/252/237
f 184/208/184 224/253/224 185/211/185
f 16/254/16 211/209/211 250/251/250
f 198/210/198 238/255/238 199/213/199
f 186/214/186 224/253/224 225/256/225
f 173/216/173 1/257/1 212/258/212
f 200/217/200 238/255/238 239/259/239
f 186/214/186 226/260/226 187/218/187
f 173/216/173 213/261/213 174/219/174
f 201/220/201 239/259/239 240/262/240
f 187/218/187 227/263/227 188/221/188
f 174/219/174 214/264/214 175/222/175
f 201/220/201 241/265/241 202/223/202
f 189/224/189 227/263/227 228/266/228
f 175/222/175 215/267/215 176/225/176
f 203/226/203 241/265/241 242/268/242
f 189/224/189 229/269/229 190/227/190
f 176/225/176 216/270/216 177/228/177
f 203/226/203 243/271/243 204/229/204
f 191/230/191 229/269/229 230/272/230
f 177/228/177 217/273/217 178/231/178
f 204/229/204 244/274/244 205/232/205
f 191/230/191 231/275/231 192/233/192
f 178/231/178 218/276/218 179/234/179
f 206/235/206 244/274/244 245/277/245
f 193/236/193 231/275/231 232/278/232
f 180/237/180 218/276/218 219/279/219
f 207/238/207 245/277/245 246/280/246
f 193/236/193 233/281/233 194/239/194
f 180/237/180 220/282/220 181/240/181
f 208/241/208 246/280/246 247/283/247
f 195/242/195 233/281/233 234/284/234
f 182/243/182 220/282/220 221/246/221
f 208/241/208 248/285/248 209/204/209
f 220/282/220 260/286/260 221/246/221
f 247/283/247 287/287/287 248/285/248
f 234/284/234 274/288/274 235/245/235
f 222/247/222 260/286/260 261/289/261
f 248/285/248 288/290/288 249/248/249
f 236/249/236 274/288/274 275/291/275
f 222/247/222 262/292/262 223/250/223
f 249/248/249 289/293/289 250/251/250
f 236/249/236 276/294/276 237/252/237
f 223/250/223 263/295/263 224/253/224
f 16/296/16 250/251/250 289/293/289
f 237/252/237 277/297/277 238/255/238
f 225/256/225 263/295/263 264/298/264
f 212/258/212 1/299/1 251/300/251
f 239/259/239 277/297/277 278/301/278
f 225/256/225 265/302/265 226/260/226
f 212/258/212 252/303/252 213/261/213
f 240/262/240 278/301/278 279/304/279
f 226/260/226 266/305/266 227/263/227
f 213/261/213 253/306/253 214/264/214
f 241/265/241 279/304/279 280/307/280
f 228/266/228 266/305/266 267/308/267
f 214/264/214 254/309/254 215/267/215
f 241/265/241 281/310/281 242/268/242
f 228/266/228 268/311/268 229/269/229
f 215/267/215 255/312/255 216/270/216
f 243/271/243 281/310/281 282/313/282
f 230/272/230 268/311/268 269/314/269
f 216/270/216 256/315/256 217/273/217
f 243/271/243 283/316/283 244/274/244
f 230/272/230 270/317/270 231/275/231
f 217/273/217 257/318/257 218/276/218
f 245/277/245 283/316/283 284/319/284
f 232/278/232 270/317/270 271/320/271
f 219/279/219 257/318/257 258/321/258
f 246/280/246 284/319/284 285/322/285
f 232/278/232 272/323/272 233/281/233
f 219/279/219 259/324/259 220/282/220
f 247/283/247 285/322/285 286/325/286
f 234/284/234 272/323/272 273/326/273
f 273/326/273 311/327/311 312/328/312
f 259/324/259 299/329/299 260/286/260
f 286/325/286 326/330/326 287/287/287
f 273/326/273 313/331/313 274/288/274
f 261/289/261 299/329/299 300/332/300
f 288/290/288 326/330/326 327/333/327
f 275/291/275 313/331/313 314/334/314
f 262/292/262 300/332/300 301/335/301
f 288/290/288 328/336/328 289/293/289
f 275/291/275 315/337/315 276/294/276
f 262/292/262 302/338/302 263/295/263
f 16/339/16 289/293/289 328/336/328
f 276/294/276 316/340/316 277/297/277
f 264/298/264 302/338/302 303/341/303
f 251/300/251 1/342/1 290/343/290
f 278/301/278 316/340/316 317/344/317
f 265/302/265 303/341/303 304/345/304
f 251/300/251 291/346/291 252/303/252
f 278/301/278 318/347/318 279/304/279
f 265/302/265 305/348/305 266/305/266
f 252/303/252 292/349/292 253/306/253
f 279/304/279 319/350/319 280/307/280
f 267/308/267 305/348/305 306/351/306
f 254/309/254 292/349/292 293/352/293
f 281/310/281 319/350/319 320/353/320
f 267/308/267 307/354/307 268/311/268
f 255/312/255 293/352/293 294/355/294
f 281/310/281 321/356/321 282/313/282
f 268/311/268 308/357/308 269/314/269
f 255/312/255 295/358/295 256/315/256
f 282/313/282 322/359/322 283/316/283
f 270/317/270 308/357/308 309/360/309
f 256/315/256 296/361/296 257/318/257
f 283/316/283 323/362/323 284/319/284
f 270/317/270 310/363/310 271/320/271
f 257/318/257 297/364/297 258/321/258
f 285/322/285 323/362/323 324/365/324
f 271/320/271 311/327/311 272/323/272
f 258/321/258 298/366/298 259/324/259
f 285/322/285 325/367/325 286/325/286
f 298/366/298 336/368/336 337/369/337
f 325/367/325 363/370/363 364/371/364
f 311/327/311 351/372/351 312/328/312
f 298/366/298 338/373/338 299/329/299
f 325/367/325 365/374/365 326/330/326
f 312/328/312 352/375/352 313/331/313
f 300/332/300 338/373/338 339/376/339
f 326/330/326 366/377/366 327/333/327
f 314/334/314 352/375/352 353/378/353
f 300/332/300 340/379/340 301/335/301
f 328/336/328 366/377/366 367/380/367
f 315/337/315 353/378/353 354/381/354
f 301/335/301 341/382/341 302/338/302
f 16/383/16 328/336/328 367/380/367
f 315/337/315 355/384/355 316/340/316
f 303/341/303 341/382/341 342/385/342
f 290/343/290 1/386/1 329/387/329
f 317/344/317 355/384/355 356/388/356
f 303/341/303 343/389/343 304/345/304
f 290/343/290 330/390/330 291/346/291
f 318/347/318 356/388/356 357/391/357
f 304/345/304 344/392/344 305/348/305
f 291/346/291 331/393/331 292/349/292
f 318/347/318 358/394/358 319/350/319
f 306/351/306 344/392/344 345/395/345
f 292/349/292 332/396/332 293/352/293
f 320/353/320 358/394/358 359/397/359
f 306/351/306 346/398/346 307/354/307
f 294/355/294 332/396/332 333/399/333
f 320/353/320 360/400/360 321/356/321
f 307/354/307 347/401/347 308/357/308
f 294/355/294 334/402/334 295/358/295
f 322/359/322 360/400/360 361/403/361
f 309/360/309 347/401/347 348/404/348
f 296/361/296 334/402/334 335/405/335
f 322/359/322 362/406/362 323/362/323
f 309/360/309 349/407/349 310/363/310
f 296/361/296 336/368/336 297/364/297
f 324/365/324 362/406/362 363/370/363
f 311/327/311 349/407/349 350/408/350
f 362/406/362 402/409/402 363/370/363
f 350/408/350 388/410/388 389/411/389
f 337/369/337 375/412/375 376/413/376
f 363/370/363 403/414/403 364/371/364
f 350/408/350 390/415/390 351/372/351
f 337/369/337 377/416/377 338/373/338
f 364/371/364 404/417/404 365/374/365
f 351/372/351 391/418/391 352/375/352
f 339/376/339 377/416/377 378/419/378
f 366/377/366 404/417/404 405/420/405
f 353/378/353 391/418/391 392/421/392
f 339/376/339 379/422/379 340/379/340
f 366/377/366 406/423/406 367/380/367
f 353/378/353 393/424/393 354/381/354
f 340/379/340 380/425/380 341/382/341
f 16/426/16 367/380/367 406/423/406
f 354/381/354 394/427/394 355/384/355
f 341/382/341 381/428/381 342/385/342
f 329/387/329 1/429/1 368/430/368
f 356/388/356 394/427/394 395/431/395
f 342/385/342 382/432/382 343/389/343
f 329/387/329 369/433/369 330/390/330
f 356/388/356 396/434/396 357/391/357
f 343/389/343 383/435/383 344/392/344
f 330/390/330 370/436/370 331/393/331
f 357/391/357 397/437/397 358/394/358
f 345/395/345 383/435/383 384/438/384
f 331/393/331 371/439/371 332/396/332
f 359/397/359 397/437/397 398/440/398
f 345/395/345 385/441/385 346/398/346
f 332/396/332 372/442/372 333/399/333
f 359/397/359 399/443/399 360/400/360
f 346/398/346 386/444/386 347/401/347
f 333/399/333 373/445/373 334/402/334
f 360/400/360 400/446/400 361/403/361
f 347/401/347 387/447/387 348/404/348
f 334/402/334 374/448/374 335/405/335
f 362/406/362 400/446/400 401/449/401
f 349/407/349 387/447/387 388/410/388
f 336/368/336 374/448/374 375/412/375
f 388/410/388 426/450/426 427/451/427
f 374/448/374 414/452/414 375/412/375
f 402/409/402 440/453/440 441/454/441
f 389/411/389 427/451/427 428/455/428
f 375/412/375 415/456/415 376/413/376
f 403/414/403 441/454/441 442/457/442
f 389/411/389 429/458/429 390/415/390
f 376/413/376 416/459/416 377/416/377
f 404/417/404 442/457/442 443/460/443
f 390/415/390 430/461/430 391/418/391
f 378/419/378 416/459/416 417/462/417
f 405/420/405 443/460/443 444/463/444
f 392/421/392 430/461/430 431/464/431
f 378/419/378 418/465/418 379/422/379
f 406/423/406 444/463/444 445/466/445
f 392/421/392 432/467/432 393/424/393
f 379/422/379 419/468/419 380/425/380
f 16/469/16 406/423/406 445/466/445
f 393/424/393 433/470/433 394/427/394
f 380/425/380 420/471/420 381/428/381
f 368/430/368 1/472/1 407/473/407
f 395/431/395 433/470/433 434/474/434
f 381/428/381 421/475/421 382/432/382
f 368/430/368 408/476/408 369/433/369
f 395/431/395 435/477/435 396/434/396
f 382/432/382 422/478/422 383/435/383
f 369/433/369 409/479/409 370/436/370
f 396/434/396 436/480/436 397/437/397
f 384/438/384 422/478/422 423/481/423
f 371/439/371 409/479/409 410/482/410
f 398/440/398 436/480/436 437/483/437
f 385/441/385 423/481/423 424/484/424
f 371/439/371 411/485/411 372/442/372
f 399/443/399 437/483/437 438/486/438
f 385/441/385 425/487/425 386/444/386
f 372/442/372 412/488/412 373/445/373
f 399/443/399 439/489/439 400/446/400
f 386/444/386 426/450/426 387/447/387
f 373/445/373 413/490/413 374/448/374
f 400/446/400 440/453/440 401/449/401
f 412/488/412 452/491/452 413/490/413
f 440/453/440 478/492/478 479/493/479
f 427/451/427 465/494/465 466/495/466
f 413/490/413 453/496/453 414/452/414
f 441/454/441 479/493/479 480/497/480
f 428/455/428 466/495/466 467/498/467
f 414/452/414 454/499/454 415/456/415
f 442/457/442 480/497/480 481/500/481
f 428/455/428 468/501/468 429/458/429
f 415/456/415 455/502/455 416/459/416
f 442/457/442 482/503/482 443/460/443
f 429/458/429 469/504/469 430/461/430
f 417/462/417 455/502/455 456/505/456
f 444/463/444 482/503/482 483/506/483
f 431/464/431 469/504/469 470/507/470
f 417/462/417 457/508/457 418/465/418
f 445/466/445 483/506/483 484/509/484
f 431/464/431 471/510/471 432/467/432
f 418/465/418 458/511/458 419/468/419
f 16/512/16 445/466/445 484/509/484
f 432/467/432 472/513/472 433/470/433
f 419/468/419 459/514/459 420/471/420
f 407/473/407 1/515/1 446/516/446
f 434/474/434 472/513/472 473/517/473
f 421/475/421 459/514/459 460/518/460
f 407/473/407 447/519/447 408/476/408
f 434/474/434 474/520/474 435/477/435
f 421/475/421 461/521/461 422/478/422
f 408/476/408 448/522/448 409/479/409
f 435/477/435 475/523/475 436/480/436
f 423/481/423 461/521/461 462/524/462
f 409/479/409 449/525/449 410/482/410
f 437/483/437 475/523/475 476/526/476
f 423/481/423 463/527/463 424/484/424
f 410/482/410 450/528/450 411/485/411
f 437/483/437 477/529/477 438/486/438
f 424/484/424 464/530/464 425/487/425
f 411/485/411 451/531/451 412/488/412
f 438/486/438 478/492/478 439/489/439
f 425/487/425 465/494/465 426/450/426
f 464/530/464 504/532/504 465/494/465
f 451/531/451 491/533/491 452/491/452
f 479/493/479 517/534/517 518/535/518
f 465/494/465 505/536/505 466/495/466
f 452/491/452 492/537/492 453/496/453
f 479/493/479 519/538/519 480/497/480
f 467/498/467 505/536/505 506/539/506
f 453/496/453 493/540/493 454/499/454
f 481/500/481 519/538/519 520/541/520
f 468/501/468 506/539/506 507/542/507
f 454/499/454 494/543/494 455/502/455
f 482/503/482 520/541/520 521/544/521
f 468/501/468 508/545/508 469/504/469
f 455/502/455 495/546/495 456/505/456
f 483/506/483 521/544/521 522/547/522
f 470/507/470 508/545/508 509/548/509
f 457/508/457 495/546/495 496/549/496
f 484/509/484 522/547/522 523/550/523
f 471/510/471 509/548/509 510/551/510
f 457/508/457 497/552/497 458/511/458
f 16/553/16 484/509/484 523/550/523
f 471/510/471 511/554/511 472/513/472
f 459/514/459 497/552/497 498/555/498
f 446/516/446 1/556/1 485/557/485
f 473/517/473 511/554/511 512/558/512
f 459/514/459 499/559/499 460/518/460
f 446/516/446 486/560/486 447/519/447
f 473/517/473 513/561/513 474/520/474
f 460/518/460 500/562/500 461/521/461
f 447/519/447 487/563/487 448/522/448
f 475/523/475 513/561/513 514/564/514
f 462/524/462 500/562/500 501/565/501
f 448/522/448 488/566/488 449/525/449
f 475/523/475 515/567/515 476/526/476
f 462/524/462 502/568/502 463/527/463
f 449/525/449 489/569/489 450/528/450
f 477/529/477 515/567/515 516/570/516
f 463/527/463 503/571/503 464/530/464
f 451/531/451 489/569/489 490/572/490
f 478/492/478 516/570/516 517/534/517
f 489/569/489 529/573/529 490/572/490
f 516/570/516 556/574/556 517/534/517
f 503/571/503 543/575/543 504/532/504
f 490/572/490 530/576/530 491/533/491
f 518/535/518 556/574/556 557/577/557
f 504/532/504 544/578/544 505/536/505
f 492/537/492 530/576/530 531/579/531
f 519/538/519 557/577/557 558/580/558
f 506/539/506 544/578/544 545/581/545
f 492/537/492 532/582/532 493/540/493
f 520/541/520 558/580/558 559/583/559
f 507/542/507 545/581/545 546/584/546
f 493/540/493 533/585/533 494/543/494
f 520/541/520 560/586/560 521/544/521
f 507/542/507 547/587/547 508/545/508
f 494/543/494 534/588/534 495/546/495
f 521/544/521 561/589/561 522/547/522
f 508/545/508 548/590/548 509/548/509
f 496/549/496 534/588/534 535/591/535
f 522/547/522 562/592/562 523/550/523
f 509/548/509 549/593/549 510/551/510
f 496/549/496 536/594/536 497/552/497
f 16/595/16 523/550/523 562/592/562
f 510/551/510 550/596/550 511/554/511
f 497/552/497 537/597/537 498/555/498
f 485/557/485 1/598/1 524/599/524
f 512/558/512 550/596/550 551/600/551
f 499/559/499 537/597/537 538/601/538
f 485/557/485 525/602/525 486/560/486
f 512/558/512 552/603/552 513/561/513
f 500/562/500 538/601/538 539/604/539
f 486/560/486 526/605/526 487/563/487
f 514/564/514 552/603/552 553/606/553
f 501/565/501 539/604/539 540/607/540
f 487/563/487 527/608/527 488/566/488
f 515/567/515 553/606/553 554/609/554
f 501/565/501 541/610/541 502/568/502
f 488/566/488 528/611/528 489/569/489
f 515/567/515 555/612/555 516/570/516
f 502/568/502 542/613/542 503/571/503
f 555/612/555 593/614/593 594/615/594
f 541/610/541 581/616/581 542/613/542
f 528/611/528 568/617/568 529/573/529
f 555/612/555 595/618/595 556/574/556
f 542/613/542 582/619/582 543/575/543
f 529/573/529 569/620/569 530/576/530
f 557/577/557 595/618/595 596/621/596
f 543/575/543 583/622/583 544/578/544
f 531/579/531 569/620/569 570/623/570
f 558/580/558 596/621/596 597/624/597
f 544/578/544 584/625/584 545/581/545
f 531/579/531 571/626/571 532/582/532
f 559/583/559 597/624/597 598/627/598
f 546/584/546 584/625/584 585/628/585
f 532/582/532 572/629/572 533/585/533
f 559/583/559 599/630/599 560/586/560
f 546/584/546 586/631/586 547/587/547
f 533/585/533 573/632/573 534/588/534
f 561/589/561 599/630/599 600/633/600
f 547/587/547 587/634/587 548/590/548
f 535/591/535 573/632/573 574/635/574
f 561/589/561 601/636/601 562/592/562
f 549/593/549 587/634/587 588/637/588
f 535/591/535 575/638/575 536/594/536
f 16/639/16 562/592/562 601/636/601
f 549/593/549 589/640/589 550/596/550
f 536/594/536 576/641/576 537/597/537
f 524/599/524 1/642/1 563/643/563
f 551/600/551 589/640/589 590/644/590
f 537/597/537 577/645/577 538/601/538
f 524/599/524 564/646/564 525/602/525
f 551/600/551 591/647/591 552/603/552
f 539/604/539 577/645/577 578/648/578
f 525/602/525 565/649/565 526/605/526
f 553/606/553 591/647/591 592/650/592
f 540/607/540 578/648/578 579/651/579
f 526/605/526 566/652/566 527/608/527
f 554/609/554 592/650/592 593/614/593
f 540/607/540 580/653/580 541/610/541
f 527/608/527 567/654/567 528/611/528
f 579/651/579 619/655/619 580/653/580
f 566/652/566 606/656/606 567/654/567
f 594/615/594 632/657/632 633/658/633
f 580/653/580 620/659/620 581/616/581
f 568/617/568 606/656/606 607/660/607
f 595/618/595 633/658/633 634/661/634
f 582/619/582 620/659/620 621/662/621
f 568/617/568 608/663/608 569/620/569
f 596/621/596 634/661/634 635/664/635
f 583/622/583 621/662/621 622/665/622
f 569/620/569 609/666/609 570/623/570
f 596/621/596 636/667/636 597/624/597
f 584/625/584 622/665/622 623/668/623
f 570/623/570 610/669/610 571/626/571
f 597/624/597 637/670/637 598/627/598
f 585/628/585 623/668/623 624/671/624
f 571/626/571 611/672/611 572/629/572
f 598/627/598 638/673/638 599/630/599
f 586/631/586 624/671/624 625/674/625
f 573/632/573 611/672/611 612/675/612
f 600/633/600 638/673/638 639/676/639
f 586/631/586 626/677/626 587/634/587
f 574/635/574 612/675/612 613/678/613
f 601/636/601 639/676/639 640/679/640
f 588/637/588 626/677/626 627/680/627
f 574/635/574 614/681/614 575/638/575
f 16/682/16 601/636/601 640/679/640
f 588/637/588 628/683/628 589/640/589
f 575/638/575 615/684/615 576/641/576
f 563/643/563 1/685/1 602/686/602
f 590/644/590 628/683/628 629/687/629
f 576/641/576 616/688/616 577/645/577
f 564/646/564 602/686/602 603/689/603
f 590/644/590 630/690/630 591/647/591
f 577/645/577 617/691/617 578/648/578
f 564/646/564 604/692/604 565/649/565
f 591/647/591 631/693/631 592/650/592
f 579/651/579 617/691/617 618/694/618
f 565/649/565 605/695/605 566/652/566
f 592/650/592 632/657/632 593/614/593
f 604/692/604 644/696/644 605/695/605
f 632/657/632 670/697/670 671/698/671
f 618/694/618 658/699/658 619/655/619
f 605/695/605 645/700/645 606/656/606
f 633/658/633 671/698/671 672/701/672
f 619/655/619 659/702/659 620/659/620
f 606/656/606 646/703/646 607/660/607
f 634/661/634 672/701/672 673/704/673
f 620/659/620 660/705/660 621/662/621
f 607/660/607 647/706/647 608/663/608
f 635/664/635 673/704/673 674/707/674
f 622/665/622 660/705/660 661/708/661
f 609/666/609 647/706/647 648/709/648
f 635/664/635 675/710/675 636/667/636
f 622/665/622 662/711/662 623/668/623
f 609/666/609 649/712/649 610/669/610
f 637/670/637 675/710/675 676/713/676
f 624/671/624 662/711/662 663/714/663
f 610/669/610 650/715/650 611/672/611
f 637/670/637 677/716/677 638/673/638
f 624/671/624 664/717/664 625/674/625
f 611/672/611 651/718/651 612/675/612
f 639/676/639 677/716/677 678/719/678
f 625/674/625 665/720/665 626/677/626
f 612/675/612 652/721/652 613/678/613
f 640/679/640 678/719/678 679/722/679
f 627/680/627 665/720/665 666/723/666
f 613/678/613 653/724/653 614/681/614
f 16/725/16 640/679/640 679/722/679
f 628/683/628 666/723/666 667/726/667
f 614/681/614 654/727/654 615/684/615
f 602/686/602 1/728/1 641/729/641
f 629/687/629 667/726/667 668/730/668
f 615/684/615 655/731/655 616/688/616
f 602/686/602 642/732/642 603/689/603
f 629/687/629 669/733/669 630/690/630
f 617/691/617 655/731/655 656/734/656
f 603/689/603 643/735/643 604/692/604
f 630/690/630 670/697/670 631/693/631
f 618/694/618 656/734/656 657/736/657
f 656/734/656 696/737/696 657/736/657
f 643/735/643 683/738/683 644/696/644
f 670/697/670 710/739/710 671/698/671
f 658/699/658 696/737/696 697/740/697
f 644/696/644 684/741/684 645/700/645
f 672/701/672 710/739/710 711/742/711
f 658/699/658 698/743/698 659/702/659
f 646/703/646 684/741/684 685/744/685
f 672/701/672 712/745/712 673/704/673
f 659/702/659 699/746/699 660/705/660
f 646/703/646 686/747/686 647/706/647
f 674/707/674 712/745/712 713/748/713
f 661/708/661 699/746/699 700/749/700
f 648/709/648 686/747/686 687/750/687
f 674/707/674 714/751/714 675/710/675
f 662/711/662 700/749/700 701/752/701
f 648/709/648 688/753/688 649/712/649
f 676/713/676 714/751/714 715/754/715
f 662/711/662 702/755/702 663/714/663
f 650/715/650 688/753/688 689/756/689
f 676/713/676 716/757/716 677/716/677
f 664/717/664 702/755/702 703/758/703
f 650/715/650 690/759/690 651/718/651
f 677/716/677 717/760/717 678/719/678
f 664/717/664 704/761/704 665/720/665
f 652/721/652 690/759/690 691/762/691
f 678/719/678 718/763/718 679/722/679
f 666/723/666 704/761/704 705/764/705
f 652/721/652 692/765/692 653/724/653
f 16/766/16 679/722/679 718/763/718
f 667/726/667 705/764/705 706/767/706
f 653/724/653 693/768/693 654/727/654
f 641/729/641 1/769/1 680/770/680
f 668/730/668 706/767/706 707/771/707
f 654/727/654 694/772/694 655/731/655
f 641/729/641 681/773/681 642/732/642
f 668/730/668 708/774/708 669/733/669
f 656/734/656 694/772/694 695/775/695
f 643/735/643 681/773/681 682/776/682
f 670/697/670 708/774/708 709/777/709
f 681/773/681 721/778/721 682/776/682
f 709/777/709 747/779/747 748/780/748
f 695/775/695 735/781/735 696/737/696
f 682/776/682 722/782/722 683/738/683
f 710/739/710 748/780/748 749/783/749
f 697/740/697 735/781/735 736/784/736
f 683/738/683 723/785/723 684/741/684
f 711/742/711 749/783/749 750/786/750
f 697/740/697 737/787/737 698/743/698
f 684/741/684 724/788/724 685/744/685
f 711/742/711 751/789/751 712/745/712
f 698/743/698 738/790/738 699/746/699
f 685/744/685 725/791/725 686/747/686
f 713/748/713 751/789/751 752/792/752
f 700/749/700 738/790/738 739/793/739
f 687/750/687 725/791/725 726/794/726
f 713/748/713 753/795/753 714/751/714
f 701/752/701 739/793/739 740/796/740
f 688/753/688 726/794/726 727/797/727
f 715/754/715 753/795/753 754/798/754
f 701/752/701 741/799/741 702/755/702
f 688/753/688 728/800/728 689/756/689
f 715/754/715 755/801/755 716/757/716
f 702/755/702 742/802/742 703/758/703
f 689/756/689 729/803/729 690/759/690
f 717/760/717 755/801/755 756/804/756
f 703/758/703 743/805/743 704/761/704
f 691/762/691 729/803/729 730/806/730
f 717/760/717 757/807/757 718/763/718
f 705/764/705 743/805/743 744/808/744
f 691/762/691 731/809/731 692/765/692
f 16/810/16 718/763/718 757/807/757
f 706/767/706 744/808/744 745/811/745
f 692/765/692 732/812/732 693/768/693
f 680/770/680 1/813/1 719/814/719
f 707/771/707 745/811/745 746/815/746
f 693/768/693 733/816/733 694/772/694
f 680/770/680 720/817/720 681/773/681
f 707/771/707 747/779/747 708/774/708
f 695/775/695 733/816/733 734/818/734
f 746/815/746 786/819/786 747/779/747
f 734/818/734 772/820/772 773/821/773
f 720/817/720 760/822/760 721/778/721
f 748/780/748 786/819/786 787/823/787
f 734/818/734 774/824/774 735/781/735
f 721/778/721 761/825/761 722/782/722
f 748/780/748 788/826/788 749/783/749
f 735/781/735 775/827/775 736/784/736
f 722/782/722 762/828/762 723/785/723
f 750/786/750 788/826/788 789/829/789
f 736/784/736 776/830/776 737/787/737
f 723/785/723 763/831/763 724/788/724
f 751/789/751 789/829/789 790/832/790
f 737/787/737 777/833/777 738/790/738
f 724/788/724 764/834/764 725/791/725
f 752/792/752 790/832/790 791/835/791
f 738/790/738 778/836/778 739/793/739
f 725/791/725 765/837/765 726/794/726
f 752/792/752 792/838/792 753/795/753
f 740/796/740 778/836/778 779/839/779
f 726/794/726 766/840/766 727/797/727
f 754/798/754 792/838/792 793/841/793
f 740/796/740 780/842/780 741/799/741
f 727/797/727 767/843/767 728/800/728
f 754/798/754 794/844/794 755/801/755
f 742/802/742 780/842/780 781/845/781
f 728/800/728 768/846/768 729/803/729
f 756/804/756 794/844/794 795/847/795
f 742/802/742 782/848/782 743/805/743
f 730/806/730 768/846/768 769/849/769
f 757/807/757 795/847/795 796/850/796
f 744/808/744 782/848/782 783/851/783
f 730/806/730 770/852/770 731/809/731
f 16/853/16 757/807/757 796/850/796
f 745/811/745 783/851/783 784/854/784
f 731/809/731 771/855/771 732/812/732
f 719/814/719 1/856/1 758/857/758
f 746/815/746 784/854/784 785/858/785
f 732/812/732 772/820/772 733/816/733
f 719/814/719 759/859/759 720/817/720
f 772/820/772 810/860/810 811/861/811
f 758/857/758 798/862/798 759/859/759
f 785/858/785 825/863/825 786/819/786
f 773/821/773 811/861/811 812/864/812
f 759/859/759 799/865/799 760/822/760
f 786/819/786 826/866/826 787/823/787
f 773/821/773 813/867/813 774/824/774
f 760/822/760 800/868/800 761/825/761
f 788/826/788 826/866/826 827/869/827
f 774/824/774 814/870/814 775/827/775
f 761/825/761 801/871/801 762/828/762
f 789/829/789 827/869/827 828/872/828
f 775/827/775 815/873/815 776/830/776
f 763/831/763 801/871/801 802/874/802
f 789/829/789 829/875/829 790/832/790
f 776/830/776 816/876/816 777/833/777
f 763/831/763 803/877/803 764/834/764
f 791/835/791 829/875/829 830/878/830
f 777/833/777 817/879/817 778/836/778
f 764/834/764 804/880/804 765/837/765
f 791/835/791 831/881/831 792/838/792
f 779/839/779 817/879/817 818/882/818
f 765/837/765 805/883/805 766/840/766
f 792/838/792 832/884/832 793/841/793
f 779/839/779 819/885/819 780/842/780
f 766/840/766 806/886/806 767/843/767
f 794/844/794 832/884/832 833/887/833
f 781/845/781 819/885/819 820/888/820
f 767/843/767 807/889/807 768/846/768
f 795/847/795 833/887/833 834/890/834
f 781/845/781 821/891/821 782/848/782
f 769/849/769 807/889/807 808/892/808
f 795/847/795 835/893/835 796/850/796
f 782/848/782 822/894/822 783/851/783
f 769/849/769 809/895/809 770/852/770
f 16/896/16 796/850/796 835/893/835
f 784/854/784 822/894/822 823/897/823
f 770/852/770 810/860/810 771/855/771
f 758/857/758 1/898/1 797/899/797
f 785/858/785 823/897/823 824/900/824
f 816/876/816 856/901/856 817/879/817
f 803/877/803 843/902/843 804/880/804
f 830/878/830 870/903/870 831/881/831
f 818/882/818 856/901/856 857/904/857
f 804/880/804 844/905/844 805/883/805
f 832/884/832 870/903/870 871/906/871
f 818/882/818 858/907/858 819/885/819
f 806/886/806 844/905/844 845/908/845
f 833/887/833 871/906/871 872/909/872
f 819/885/819 859/910/859 820/888/820
f 807/889/807 845/908/845 846/911/846
f 833/887/833 873/912/873 834/890/834
f 820/888/820 860/913/860 821/891/821
f 808/892/808 846/911/846 847/914/847
f 835/893/835 873/912/873 874/915/874
f 822/894/822 860/913/860 861/916/861
f 808/892/808 848/917/848 809/895/809
f 16/918/16 835/893/835 874/915/874
f 823/897/823 861/916/861 862/919/862
f 809/895/809 849/920/849 810/860/810
f 797/899/797 1/921/1 836/922/836
f 824/900/824 862/919/862 863/923/863
f 810/860/810 850/924/850 811/861/811
f 797/899/797 837/925/837 798/862/798
f 824/900/824 864/926/864 825/863/825
f 812/864/812 850/924/850 851/927/851
f 799/865/799 837/925/837 838/928/838
f 825/863/825 865/929/865 826/866/826
f 812/864/812 852/930/852 813/867/813
f 799/865/799 839/931/839 800/868/800
f 826/866/826 866/932/866 827/869/827
f 813/867/813 853/933/853 814/870/814
f 800/868/800 840/934/840 801/871/801
f 827/869/827 867/935/867 828/872/828
f 814/870/814 854/936/854 815/873/815
f 802/874/802 840/934/840 841/937/841
f 828/872/828 868/938/868 829/875/829
f 815/873/815 855/939/855 816/876/816
f 802/874/802 842/940/842 803/877/803
f 830/878/830 868/938/868 869/941/869
f 841/937/841 881/942/881 842/940/842
f 869/941/869 907/943/907 908/944/908
f 855/939/855 895/945/895 856/901/856
f 843/902/843 881/942/881 882/946/882
f 869/941/869 909/947/909 870/903/870
f 857/904/857 895/945/895 896/948/896
f 843/902/843 883/949/883 844/905/844
f 871/906/871 909/947/909 910/950/910
f 857/904/857 897/951/897 858/907/858
f 845/908/845 883/949/883 884/952/884
f 872/909/872 910/950/910 911/953/911
f 859/910/859 897/951/897 898/954/898
f 845/908/845 885/955/885 846/911/846
f 873/912/873 911/953/911 912/956/912
f 859/910/859 899/957/899 860/913/860
f 847/914/847 885/955/885 886/958/886
f 873/912/873 913/959/913 874/915/874
f 861/916/861 899/957/899 900/960/900
f 847/914/847 887/961/887 848/917/848
f 16/962/16 874/915/874 913/959/913
f 862/919/862 900/960/900 901/963/901
f 848/917/848 888/964/888 849/920/849
f 836/922/836 1/965/1 875/966/875
f 863/923/863 901/963/901 902/967/902
f 849/920/849 889/968/889 850/924/850
f 836/922/836 876/969/876 837/925/837
f 863/923/863 903/970/903 864/926/864
f 851/927/851 889/968/889 890/971/890
f 837/925/837 877/972/877 838/928/838
f 865/929/865 903/970/903 904/973/904
f 851/927/851 891/974/891 852/930/852
f 838/928/838 878/975/878 839/931/839
f 865/929/865 905/976/905 866/932/866
f 853/933/853 891/974/891 892/977/892
f 839/931/839 879/978/879 840/934/840
f 866/932/866 906/979/906 867/935/867
f 853/933/853 893/980/893 854/936/854
f 841/937/841 879/978/879 880/981/880
f 867/935/867 907/943/907 868/938/868
f 854/936/854 894/982/894 855/939/855
f 906/979/906 946/983/946 907/943/907
f 893/980/893 933/984/933 894/982/894
f 880/981/880 920/985/920 881/942/881
f 908/944/908 946/983/946 947/986/947
f 894/982/894 934/987/934 895/945/895
f 882/946/882 920/985/920 921/988/921
f 908/944/908 948/989/948 909/947/909
f 896/948/896 934/987/934 935/990/935
f 882/946/882 922/991/922 883/949/883
f 910/950/910 948/989/948 949/992/949
f 896/948/896 936/993/936 897/951/897
f 883/949/883 923/994/923 884/952/884
f 911/953/911 949/992/949 950/995/950
f 897/951/897 937/996/937 898/954/898
f 884/952/884 924/997/924 885/955/885
f 911/953/911 951/998/951 912/956/912
f 898/954/898 938/999/938 899/957/899
f 886/958/886 924/997/924 925/1000/925
f 912/956/912 952/1001/952 913/959/913
f 900/960/900 938/999/938 939/1002/939
f 887/961/887 925/1000/925 926/1003/926
f 16/1004/16 913/959/913 952/1001/952
f 901/963/901 939/1002/939 940/1005/940
f 887/961/887 927/1006/927 888/964/888
f 875/966/875 1/1007/1 914/1008/914
f 901/963/901 941/1009/941 902/967/902
f 888/964/888 928/1010/928 889/968/889
f 876/969/876 914/1008/914 915/1011/915
f 902/967/902 942/1012/942 903/970/903
f 890/971/890 928/1010/928 929/1013/929
f 876/969/876 916/1014/916 877/972/877
f 904/973/904 942/1012/942 943/1015/943
f 890/971/890 930/1016/930 891/974/891
f 877/972/877 917/1017/917 878/975/878
f 904/973/904 944/1018/944 905/976/905
f 892/977/892 930/1016/930 931/1019/931
f 878/975/878 918/1020/918 879/978/879
f 906/979/906 944/1018/944 945/1021/945
f 892/977/892 932/1022/932 893/980/893
f 880/981/880 918/1020/918 919/1023/919
f 931/1019/931 971/1024/971 932/1022/932
f 918/1020/918 958/1025/958 919/1023/919
f 945/1021/945 985/1026/985 946/983/946
f 932/1022/932 972/1027/972 933/984/933
f 919/1023/919 959/1028/959 920/985/920
f 947/986/947 985/1026/985 986/1029/986
f 934/987/934 972/1027/972 973/1030/973
f 921/988/921 959/1028/959 960/1031/960
f 947/986/947 987/1032/987 948/989/948
f 934/987/934 974/1033/974 935/990/935
f 921/988/921 961/1034/961 922/991/922
f 949/992/949 987/1032/987 988/1035/988
f 935/990/935 975/1036/975 936/993/936
f 922/991/922 962/1037/962 923/994/923
f 949/992/949 989/1038/989 950/995/950
f 936/993/936 976/1039/976 937/996/937
f 923/994/923 963/1040/963 924/997/924
f 950/995/950 990/1041/990 951/998/951
f 937/996/937 977/1042/977 938/999/938
f 924/997/924 964/1043/964 925/1000/925
f 951/998/951 991/1044/991 952/1001/952
f 939/1002/939 977/1042/977 978/1045/978
f 926/1003/926 964/1043/964 965/1046/965
f 16/1047/16 952/1001/952 991/1044/991
f 940/1005/940 978/1045/978 979/1048/979
f 926/1003/926 966/1049/966 927/1006/927
f 914/1008/914 1/1050/1 953/1051/953
f 941/1009/941 979/1048/979 980/1052/980
f 927/1006/927 967/1053/967 928/1010/928
f 915/1011/915 953/1051/953 954/1054/954
f 941/1009/941 981/1055/981 942/1012/942
f 929/1013/929 967/1053/967 968/1056/968
f 915/1011/915 955/1057/955 916/1014/916
f 942/1012/942 982/1058/982 943/1015/943
f 929/1013/929 969/1059/969 930/1016/930
f 916/1014/916 956/1060/956 917/1017/917
f 943/1015/943 983/1061/983 944/1018/944
f 931/1019/931 969/1059/969 970/1062/970
f 917/1017/917 957/1063/957 918/1020/918
f 945/1021/945 983/1061/983 984/1064/984
f 956/1060/956 996/1065/996 957/1063/957
f 984/1064/984 1022/1066/1022 1023/1067/1023
f 970/1062/970 1010/1068/1010 971/1024/971
f 957/1063/957 997/1069/997 958/1025/958
f 984/1064/984 1024/1070/1024 985/1026/985
f 971/1024/971 1011/1071/1011 972/1027/972
f 958/1025/958 998/1072/998 959/1028/959
f 986/1029/986 1024/1070/1024 1025/1073/1025
f 973/1030/973 1011/1071/1011 1012/1074/1012
f 960/1031/960 998/1072/998 999/1075/999
f 986/1029/986 1026/1076/1026 987/1032/987
f 973/1030/973 1013/1077/1013 974/1033/974
f 960/1031/960 1000/1078/1000 961/1034/961
f 988/1035/988 1026/1076/1026 1027/1079/1027
f 975/1036/975 1013/1077/1013 1014/1080/1014
f 962/1037/962 1000/1078/1000 1001/1081/1001
f 989/1038/989 1027/1079/1027 1028/1082/1028
f 975/1036/975 1015/1083/1015 976/1039/976
f 962/1037/962 1002/1084/1002 963/1040/963
f 989/1038/989 1029/1085/1029 990/1041/990
f 976/1039/976 1016/1086/1016 977/1042/977
f 963/1040/963 1003/1087/1003 964/1043/964
f 991/1044/991 1029/1085/1029 1030/1088/1030
f 978/1045/978 1016/1086/1016 1017/1089/1017
f 964/1043/964 1004/1090/1004 965/1046/965
f 16/1091/16 991/1044/991 1030/1088/1030
f 978/1045/978 1018/1092/1018 979/1048/979
f 965/1046/965 1005/1093/1005 966/1049/966
f 953/1051/953 1/1094/1 992/1095/992
f 980/1052/980 1018/1092/1018 1019/1096/1019
f 966/1049/966 1006/1097/1006 967/1053/967
f 953/1051/953 993/1098/993 954/1054/954
f 980/1052/980 1020/1099/1020 981/1055/981
f 968/1056/968 1006/1097/1006 1007/1100/1007
f 954/1054/954 994/1101/994 955/1057/955
f 982/1058/982 1020/1099/1020 1021/1102/1021
f 969/1059/969 1007/1100/1007 1008/1103/1008
f 955/1057/955 995/1104/995 956/1060/956
f 982/1058/982 1022/1066/1022 983/1061/983
f 969/1059/969 1009/1105/1009 970/1062/970
f 1008/1103/1008 1048/1106/1048 1009/1105/1009
f 995/1104/995 1035/1107/1035 996/1065/996
f 1023/1067/1023 1061/1108/1061 1062/1109/1062
f 1009/1105/1009 1049/1110/1049 1010/1068/1010
f 996/1065/996 1036/1111/1036 997/1069/997
f 1023/1067/1023 1063/1112/1063 1024/1070/1024
f 1010/1068/1010 1050/1113/1050 1011/1071/1011
f 997/1069/997 1037/1114/1037 998/1072/998
f 1025/1073/1025 1063/1112/1063 1064/1115/1064
f 1012/1074/1012 1050/1113/1050 1051/1116/1051
f 999/1075/999 1037/1114/1037 1038/1117/1038
f 1026/1076/1026 1064/1115/1064 1065/1118/1065
f 1013/1077/1013 1051/1116/1051 1052/1119/1052
f 999/1075/999 1039/1120/1039 1000/1078/1000
f 1027/1079/1027 1065/1118/1065 1066/1121/1066
f 1014/1080/1014 1052/1119/1052 1053/1122/1053
f 1001/1081/1001 1039/1120/1039 1040/1123/1040
f 1028/1082/1028 1066/1121/1066 1067/1124/1067
f 1014/1080/1014 1054/1125/1054 1015/1083/1015
f 1001/1081/1001 1041/1126/1041 1002/1084/1002
f 1028/1082/1028 1068/1127/1068 1029/1085/1029
f 1015/1083/1015 1055/1128/1055 1016/1086/1016
f 1002/1084/1002 1042/1129/1042 1003/1087/1003
f 1029/1085/1029 1069/1130/1069 1030/1088/1030
f 1017/1089/1017 1055/1128/1055 1056/1131/1056
f 1003/1087/1003 1043/1132/1043 1004/1090/1004
f 16/1133/16 1030/1088/1030 1069/1130/1069
f 1018/1092/1018 1056/1131/1056 1057/1134/1057
f 1004/1090/1004 1044/1135/1044 1005/1093/1005
f 992/1095/992 1/1136/1 1031/1137/1031
f 1019/1096/1019 1057/1134/1057 1058/1138/1058
f 1005/1093/1005 1045/1139/1045 1006/1097/1006
f 992/1095/992 1032/1140/1032 993/1098/993
f 1019/1096/1019 1059/1141/1059 1020/1099/1020
f 1007/1100/1007 1045/1139/1045 1046/1142/1046
f 994/1101/994 1032/1140/1032 1033/1143/1033
f 1021/1102/1021 1059/1141/1059 1060/1144/1060
f 1008/1103/1008 1046/1142/1046 1047/1145/1047
f 995/1104/995 1033/1143/1033 1034/1146/1034
f 1021/1102/1021 1061/1108/1061 1022/1066/1022
f 1033/1143/1033 1073/1147/1073 1034/1146/1034
f 1060/1144/1060 1100/1148/1100 1061/1108/1061
f 1047/1145/1047 1087/1149/1087 1048/1106/1048
f 1034/1146/1034 1074/1150/1074 1035/1107/1035
f 1062/1109/1062 1100/1148/1100 1101/1151/1101
f 1048/1106/1048 1088/1152/1088 1049/1110/1049
f 1036/1111/1036 1074/1150/1074 1075/1153/1075
f 1062/1109/1062 1102/1154/1102 1063/1112/1063
f 1049/1110/1049 1089/1155/1089 1050/1113/1050
f 1036/1111/1036 1076/1156/1076 1037/1114/1037
f 1064/1115/1064 1102/1154/1102 1103/1157/1103
f 1051/1116/1051 1089/1155/1089 1090/1158/1090
f 1037/1114/1037 1077/1159/1077 1038/1117/1038
f 1064/1115/1064 1104/1160/1104 1065/1118/1065
f 1052/1119/1052 1090/1158/1090 1091/1161/1091
f 1038/1117/1038 1078/1162/1078 1039/1120/1039
f 1066/1121/1066 1104/1160/1104 1105/1163/1105
f 1052/1119/1052 1092/1164/1092 1053/1122/1053
f 1040/1123/1040 1078/1162/1078 1079/1165/1079
f 1067/1124/1067 1105/1163/1105 1106/1166/1106
f 1053/1122/1053 1093/1167/1093 1054/1125/1054
f 1041/1126/1041 1079/1165/1079 1080/1168/1080
f 1068/1127/1068 1106/1166/1106 1107/1169/1107
f 1054/1125/1054 1094/1170/1094 1055/1128/1055
f 1042/1129/1042 1080/1168/1080 1081/1171/1081
f 1069/1130/1069 1107/1169/1107 1108/1172/1108
f 1056/1131/1056 1094/1170/1094 1095/1173/1095
f 1042/1129/1042 1082/1174/1082 1043/1132/1043
f 16/1175/16 1069/1130/1069 1108/1172/1108
f 1057/1134/1057 1095/1173/1095 1096/1176/1096
f 1043/1132/1043 1083/1177/1083 1044/1135/1044
f 1031/1137/1031 1/1178/1 1070/1179/1070
f 1058/1138/1058 1096/1176/1096 1097/1180/1097
f 1044/1135/1044 1084/1181/1084 1045/1139/1045
f 1031/1137/1031 1071/1182/1071 1032/1140/1032
f 1058/1138/1058 1098/1183/1098 1059/1141/1059
f 1046/1142/1046 1084/1181/1084 1085/1184/1085
f 1032/1140/1032 1072/1185/1072 1033/1143/1033
f 1059/1141/1059 1099/1186/1099 1060/1144/1060
f 1047/1145/1047 1085/1184/1085 1086/1187/1086
f 1098/1183/1098 1138/1188/1138 1099/1186/1099
f 1086/1187/1086 1124/1189/1124 1125/1190/1125
f 1073/1147/1073 1111/1191/1111 1112/1192/1112
f 1099/1186/1099 1139/1193/1139 1100/1148/1100
f 1087/1149/1087 1125/1190/1125 1126/1194/1126
f 1073/1147/1073 1113/1195/1113 1074/1150/1074
f 1101/1151/1101 1139/1193/1139 1140/1196/1140
f 1088/1152/1088 1126/1194/1126 1127/1197/1127
f 1074/1150/1074 1114/1198/1114 1075/1153/1075
f 1101/1151/1101 1141/1199/1141 1102/1154/1102
f 1088/1152/1088 1128/1200/1128 1089/1155/1089
f 1075/1153/1075 1115/1201/1115 1076/1156/1076
f 1103/1157/1103 1141/1199/1141 1142/1202/1142
f 1089/1155/1089 1129/1203/1129 1090/1158/1090
f 1077/1159/1077 1115/1201/1115 1116/1204/1116
f 1103/1157/1103 1143/1205/1143 1104/1160/1104
f 1090/1158/1090 1130/1206/1130 1091/1161/1091
f 1077/1159/1077 1117/1207/1117 1078/1162/1078
f 1105/1163/1105 1143/1205/1143 1144/1208/1144
f 1091/1161/1091 1131/1209/1131 1092/1164/1092
f 1078/1162/1078 1118/1210/1118 1079/1165/1079
f 1105/1163/1105 1145/1211/1145 1106/1166/1106
f 1092/1164/1092 1132/1212/1132 1093/1167/1093
f 1079/1165/1079 1119/1213/1119 1080/1168/1080
f 1107/1169/1107 1145/1211/1145 1146/1214/1146
f 1093/1167/1093 1133/1215/1133 1094/1170/1094
f 1081/1171/1081 1119/1213/1119 1120/1216/1120
f 1107/1169/1107 1147/1217/1147 1108/1172/1108
f 1095/1173/1095 1133/1215/1133 1134/1218/1134
f 1081/1171/1081 1121/1219/1121 1082/1174/1082
f 16/1220/16 1108/1172/1108 1147/1217/1147
f 1096/1176/1096 1134/1218/1134 1135/1221/1135
f 1082/1174/1082 1122/1222/1122 1083/1177/1083
f 1070/1179/1070 1/1223/1 1109/1224/1109
f 1097/1180/1097 1135/1221/1135 1136/1225/1136
f 1083/1177/1083 1123/1226/1123 1084/1181/1084
f 1070/1179/1070 1110/1227/1110 1071/1182/1071
f 1097/1180/1097 1137/1228/1137 1098/1183/1098
f 1085/1184/1085 1123/1226/1123 1124/1189/1124
f 1071/1182/1071 1111/1191/1111 1072/1185/1072
f 1123/1226/1123 1163/1229/1163 1124/1189/1124
f 1110/1227/1110 1150/1230/1150 1111/1191/1111
f 1137/1228/1137 1177/1231/1177 1138/1188/1138
f 1125/1190/1125 1163/1229/1163 1164/1232/1164
f 1111/1191/1111 1151/1233/1151 1112/1192/1112
f 1138/1188/1138 1178/1234/1178 1139/1193/1139
f 1125/1190/1125 1165/1235/1165 1126/1194/1126
f 1112/1192/1112 1152/1236/1152 1113/1195/1113
f 1140/1196/1140 1178/1234/1178 1179/1237/1179
f 1127/1197/1127 1165/1235/1165 1166/1238/1166
f 1114/1198/1114 1152/1236/1152 1153/1239/1153
f 1140/1196/1140 1180/1240/1180 1141/1199/1141
f 1127/1197/1127 1167/1241/1167 1128/1200/1128
f 1114/1198/1114 1154/1242/1154 1115/1201/1115
f 1142/1202/1142 1180/1240/1180 1181/1243/1181
f 1129/1203/1129 1167/1241/1167 1168/1244/1168
f 1116/1204/1116 1154/1242/1154 1155/1245/1155
f 1142/1202/1142 1182/1246/1182 1143/1205/1143
f 1129/1203/1129 1169/1247/1169 1130/1206/1130
f 1116/1204/1116 1156/1248/1156 1117/1207/1117
f 1144/1208/1144 1182/1246/1182 1183/1249/1183
f 1131/1209/1131 1169/1247/1169 1170/1250/1170
f 1117/1207/1117 1157/1251/1157 1118/1210/1118
f 1145/1211/1145 1183/1249/1183 1184/1252/1184
f 1131/1209/1131 1171/1253/1171 1132/1212/1132
f 1118/1210/1118 1158/1254/1158 1119/1213/1119
f 1146/1214/1146 1184/1252/1184 1185/1255/1185
f 1132/1212/1132 1172/1256/1172 1133/1215/1133
f 1120/1216/1120 1158/1254/1158 1159/1257/1159
f 1146/1214/1146 1186/1258/1186 1147/1217/1147
f 1134/1218/1134 1172/1256/1172 1173/1259/1173
f 1120/1216/1120 1160/1260/1160 1121/1219/1121
f 16/1261/16 1147/1217/1147 1186/1258/1186
f 1135/1221/1135 1173/1259/1173 1174/1262/1174
f 1121/1219/1121 1161/1263/1161 1122/1222/1122
f 1109/1224/1109 1/1264/1 1148/1265/1148
f 1136/1225/1136 1174/1262/1174 1175/1266/1175
f 1122/1222/1122 1162/1267/1162 1123/1226/1123
f 1109/1224/1109 1149/1268/1149 1110/1227/1110
f 1136/1225/1136 1176/1269/1176 1137/1228/1137
f 1148/1265/1148 1188/1270/1188 1149/1268/1149
f 1175/1266/1175 1215/1271/1215 1176/1269/1176
f 1162/1267/1162 1202/1272/1202 1163/1229/1163
f 1149/1268/1149 1189/1273/1189 1150/1230/1150
f 1176/1269/1176 1216/1274/1216 1177/1231/1177
f 1164/1232/1164 1202/1272/1202 1203/1275/1203
f 1150/1230/1150 1190/1276/1190 1151/1233/1151
f 1177/1231/1177 1217/1277/1217 1178/1234/1178
f 1164/1232/1164 1204/1278/1204 1165/1235/1165
f 1151/1233/1151 1191/1279/1191 1152/1236/1152
f 1179/1237/1179 1217/1277/1217 1218/1280/1218
f 1166/1238/1166 1204/1278/1204 1205/1281/1205
f 1153/1239/1153 1191/1279/1191 1192/1282/1192
f 1179/1237/1179 1219/1283/1219 1180/1240/1180
f 1166/1238/1166 1206/1284/1206 1167/1241/1167
f 1153/1239/1153 1193/1285/1193 1154/1242/1154
f 1181/1243/1181 1219/1283/1219 1220/1286/1220
f 1168/1244/1168 1206/1284/1206 1207/1287/1207
f 1155/1245/1155 1193/1285/1193 1194/1288/1194
f 1181/1243/1181 1221/1289/1221 1182/1246/1182
f 1168/1244/1168 1208/1290/1208 1169/1247/1169
f 1155/1245/1155 1195/1291/1195 1156/1248/1156
f 1183/1249/1183 1221/1289/1221 1222/1292/1222
f 1170/1250/1170 1208/1290/1208 1209/1293/1209
f 1156/1248/1156 1196/1294/1196 1157/1251/1157
f 1183/1249/1183 1223/1295/1223 1184/1252/1184
f 1170/1250/1170 1210/1296/1210 1171/1253/1171
f 1158/1254/1158 1196/1294/1196 1197/1297/1197
f 1185/1255/1185 1223/1295/1223 1224/1298/1224
f 1171/1253/1171 1211/1299/1211 1172/1256/1172
f 1159/1257/1159 1197/1297/1197 1198/1300/1198
f 1186/1258/1186 1224/1298/1224 1225/1301/1225
f 1173/1259/1173 1211/1299/1211 1212/1302/1212
f 1159/1257/1159 1199/1303/1199 1160/1260/1160
f 16/1304/16 1186/1258/1186 1225/1301/1225
f 1174/1262/1174 1212/1302/1212 1213/1305/1213
f 1160/1260/1160 1200/1306/1200 1161/1263/1161
f 1148/1265/1148 1/1307/1 1187/1308/1187
f 1175/1266/1175 1213/1305/1213 1214/1309/1214
f 1161/1263/1161 1201/1310/1201 1162/1267/1162
f 1200/1306/1200 1240/1311/1240 1201/1310/1201
f 1188/1270/1188 1226/1312/1226 1227/1313/1227
f 1215/1271/1215 1253/1314/1253 1254/1315/1254
f 1201/1310/1201 1241/1316/1241 1202/1272/1202
f 1188/1270/1188 1228/1317/1228 1189/1273/1189
f 1216/1274/1216 1254/1315/1254 1255/1318/1255
f 1203/1275/1203 1241/1316/1241 1242/1319/1242
f 1189/1273/1189 1229/1320/1229 1190/1276/1190
f 1217/1277/1217 1255/1318/1255 1256/1321/1256
f 1203/1275/1203 1243/1322/1243 1204/1278/1204
f 1190/1276/1190 1230/1323/1230 1191/1279/1191
f 1218/1280/1218 1256/1321/1256 1257/1324/1257
f 1205/1281/1205 1243/1322/1243 1244/1325/1244
f 1192/1282/1192 1230/1323/1230 1231/1326/1231
f 1218/1280/1218 1258/1327/1258 1219/1283/1219
f 1205/1281/1205 1245/1328/1245 1206/1284/1206
f 1192/1282/1192 1232/1329/1232 1193/1285/1193
f 1220/1286/1220 1258/1327/1258 1259/1330/1259
f 1206/1284/1206 1246/1331/1246 1207/1287/1207
f 1194/1288/1194 1232/1329/1232 1233/1332/1233
f 1220/1286/1220 1260/1333/1260 1221/1289/1221
f 1207/1287/1207 1247/1334/1247 1208/1290/1208
f 1194/1288/1194 1234/1335/1234 1195/1291/1195
f 1222/1292/1222 1260/1333/1260 1261/1336/1261
f 1208/1290/1208 1248/1337/1248 1209/1293/1209
f 1195/1291/1195 1235/1338/1235 1196/1294/1196
f 1223/1295/1223 1261/1336/1261 1262/1339/1262
f 1209/1293/1209 1249/1340/1249 1210/1296/1210
f 1196/1294/1196 1236/1341/1236 1197/1297/1197
f 1224/1298/1224 1262/1339/1262 1263/1342/1263
f 1210/1296/1210 1250/1343/1250 1211/1299/1211
f 1197/1297/1197 1237/1344/1237 1198/1300/1198
f 1224/1298/1224 1264/1345/1264 1225/1301/1225
f 1212/1302/1212 1250/1343/1250 1251/1346/1251
f 1198/1300/1198 1238/1347/1238 1199/1303/1199
f 16/1348/16 1225/1301/1225 1264/1345/1264
f 1213/1305/1213 1251/1346/1251 1252/1349/1252
f 1199/1303/1199 1239/1350/1239 1200/1306/1200
f 1187/1308/1187 1/1351/1 1226/1312/1226
f 1214/1309/1214 1252/1349/1252 1253/1314/1253
f 1226/1312/1226 1/1352/1 1265/1353/1265
f 1252/1349/1252 1292/1354/1292 1253/1314/1253
f 1239/1350/1239 1279/1355/1279 1240/1311/1240
f 1226/1312/1226 1266/1356/1266 1227/1313/1227
f 1253/1314/1253 1293/1357/1293 1254/1315/1254
f 1240/1311/1240 1280/1358/1280 1241/1316/1241
f 1227/1313/1227 1267/1359/1267 1228/1317/1228
f 1254/1315/1254 1294/1360/1294 1255/1318/1255
f 1242/1319/1242 1280/1358/1280 1281/1361/1281
f 1228/1317/1228 1268/1362/1268 1229/1320/1229
f 1255/1318/1255 1295/1363/1295 1256/1321/1256
f 1242/1319/1242 1282/1364/1282 1243/1322/1243
f 1229/1320/1229 1269/1365/1269 1230/1323/1230
f 1257/1324/1257 1295/1363/1295 1296/1366/1296
f 1244/1325/1244 1282/1364/1282 1283/1367/1283
f 1231/1326/1231 1269/1365/1269 1270/1368/1270
f 1257/1324/1257 1297/1369/1297 1258/1327/1258
f 1244/1325/1244 1284/1370/1284 1245/1328/1245
f 1231/1326/1231 1271/1371/1271 1232/1329/1232
f 1259/1330/1259 1297/1369/1297 1298/1372/1298
f 1245/1328/1245 1285/1373/1285 1246/1331/1246
f 1232/1329/1232 1272/1374/1272 1233/1332/1233
f 1259/1330/1259 1299/1375/1299 1260/1333/1260
f 1246/1331/1246 1286/1376/1286 1247/1334/1247
f 1233/1332/1233 1273/1377/1273 1234/1335/1234
f 1260/1333/1260 1300/1378/1300 1261/1336/1261
f 1248/1337/1248 1286/1376/1286 1287/1379/1287
f 1234/1335/1234 1274/1380/1274 1235/1338/1235
f 1262/1339/1262 1300/1378/1300 1301/1381/1301
f 1248/1337/1248 1288/1382/1288 1249/1340/1249
f 1236/1341/1236 1274/1380/1274 1275/1383/1275
f 1263/1342/1263 1301/1381/1301 1302/1384/1302
f 1250/1343/1250 1288/1382/1288 1289/1385/1289
f 1237/1344/1237 1275/1383/1275 1276/1386/1276
f 1263/1342/1263 1303/1387/1303 1264/1345/1264
f 1250/1343/1250 1290/1388/1290 1251/1346/1251
f 1237/1344/1237 1277/1389/1277 1238/1347/1238
f 16/1390/16 1264/1345/1264 1303/1387/1303
f 1252/1349/1252 1290/1388/1290 1291/1391/1291
f 1238/1347/1238 1278/1392/1278 1239/1350/1239
f 1291/1391/1291 1329/1393/1329 1330/1394/1330
f 1277/1389/1277 1317/1395/1317 1278/1392/1278
f 1265/1353/1265 1/1396/1 1304/1397/1304
f 1292/1354/1292 1330/1394/1330 1331/1398/1331
f 1278/1392/1278 1318/1399/1318 1279/1355/1279
f 1265/1353/1265 1305/1400/1305 1266/1356/1266
f 1292/1354/1292 1332/1401/1332 1293/1357/1293
f 1279/1355/1279 1319/1402/1319 1280/1358/1280
f 1266/1356/1266 1306/1403/1306 1267/1359/1267
f 1293/1357/1293 1333/1404/1333 1294/1360/1294
f 1281/1361/1281 1319/1402/1319 1320/1405/1320
f 1267/1359/1267 1307/1406/1307 1268/1362/1268
f 1294/1360/1294 1334/1407/1334 1295/1363/1295
f 1281/1361/1281 1321/1408/1321 1282/1364/1282
f 1269/1365/1269 1307/1406/1307 1308/1409/1308
f 1296/1366/1296 1334/1407/1334 1335/1410/1335
f 1283/1367/1283 1321/1408/1321 1322/1411/1322
f 1270/1368/1270 1308/1409/1308 1309/1412/1309
f 1296/1366/1296 1336/1413/1336 1297/1369/1297
f 1283/1367/1283 1323/1414/1323 1284/1370/1284
f 1270/1368/1270 1310/1415/1310 1271/1371/1271
f 1298/1372/1298 1336/1413/1336 1337/1416/1337
f 1285/1373/1285 1323/1414/1323 1324/1417/1324
f 1272/1374/1272 1310/1415/1310 1311/1418/1311
f 1298/1372/1298 1338/1419/1338 1299/1375/1299
f 1285/1373/1285 1325/1420/1325 1286/1376/1286
f 1272/1374/1272 1312/1421/1312 1273/1377/1273
f 1300/1378/1300 1338/1419/1338 1339/1422/1339
f 1287/1379/1287 1325/1420/1325 1326/1423/1326
f 1273/1377/1273 1313/1424/1313 1274/1380/1274
f 1300/1378/1300 1340/1425/1340 1301/1381/1301
f 1287/1379/1287 1327/1426/1327 1288/1382/1288
f 1275/1383/1275 1313/1424/1313 1314/1427/1314
f 1302/1384/1302 1340/1425/1340 1341/1428/1341
f 1289/1385/1289 1327/1426/1327 1328/1429/1328
f 1276/1386/1276 1314/1427/1314 1315/1430/1315
f 1302/1384/1302 1342/1431/1342 1303/1387/1303
f 1290/1388/1290 1328/1429/1328 1329/1393/1329
f 1276/1386/1276 1316/1432/1316 1277/1389/1277
f 16/1433/16 1303/1387/1303 1342/1431/1342
f 1315/1430/1315 1355/1434/1355 1316/1432/1316
f 16/1435/16 1342/1431/1342 1381/1436/1381
f 1330/1394/1330 1368/1437/1368 1369/1438/1369
f 1316/1432/1316 1356/1439/1356 1317/1395/1317
f 1304/1397/1304 1/1440/1 1343/1441/1343
f 1331/1398/1331 1369/1438/1369 1370/1442/1370
f 1318/1399/1318 1356/1439/1356 1357/1443/1357
f 1305/1400/1305 1343/1441/1343 1344/1444/1344
f 1331/1398/1331 1371/1445/1371 1332/1401/1332
f 1318/1399/1318 1358/1446/1358 1319/1402/1319
f 1305/1400/1305 1345/1447/1345 1306/1403/1306
f 1333/1404/1333 1371/1445/1371 1372/1448/1372
f 1320/1405/1320 1358/1446/1358 1359/1449/1359
f 1307/1406/1307 1345/1447/1345 1346/1450/1346
f 1333/1404/1333 1373/1451/1373 1334/1407/1334
f 1320/1405/1320 1360/1452/1360 1321/1408/1321
f 1307/1406/1307 1347/1453/1347 1308/1409/1308
f 1335/1410/1335 1373/1451/1373 1374/1454/1374
f 1322/1411/1322 1360/1452/1360 1361/1455/1361
f 1309/1412/1309 1347/1453/1347 1348/1456/1348
f 1336/1413/1336 1374/1454/1374 1375/1457/1375
f 1322/1411/1322 1362/1458/1362 1323/1414/1323
f 1309/1412/1309 1349/1459/1349 1310/1415/1310
f 1337/1416/1337 1375/1457/1375 1376/1460/1376
f 1324/1417/1324 1362/1458/1362 1363/1461/1363
f 1310/1415/1310 1350/1462/1350 1311/1418/1311
f 1337/1416/1337 1377/1463/1377 1338/1419/1338
f 1324/1417/1324 1364/1464/1364 1325/1420/1325
f 1311/1418/1311 1351/1465/1351 1312/1421/1312
f 1339/1422/1339 1377/1463/1377 1378/1466/1378
f 1326/1423/1326 1364/1464/1364 1365/1467/1365
f 1312/1421/1312 1352/1468/1352 1313/1424/1313
f 1339/1422/1339 1379/1469/1379 1340/1425/1340
f 1326/1423/1326 1366/1470/1366 1327/1426/1327
f 1313/1424/1313 1353/1471/1353 1314/1427/1314
f 1341/1428/1341 1379/1469/1379 1380/1472/1380
f 1328/1429/1328 1366/1470/1366 1367/1473/1367
f 1314/1427/1314 1354/1474/1354 1315/1430/1315
f 1341/1428/1341 1381/1436/1381 1342/1431/1342
f 1329/1393/1329 1367/1473/1367 1368/1437/1368
f 1367/1473/1367 1407/1475/1407 1368/1437/1368
f 1355/1434/1355 1393/1476/1393 1394/1477/1394
f 16/1478/16 1381/1436/1381 1420/1479/1420
f 1369/1438/1369 1407/1475/1407 1408/1480/1408
f 1355/1434/1355 1395/1481/1395 1356/1439/1356
f 1343/1441/1343 1/1482/1 1382/1483/1382
f 1369/1438/1369 1409/1484/1409 1370/1442/1370
f 1356/1439/1356 1396/1485/1396 1357/1443/1357
f 1343/1441/1343 1383/1486/1383 1344/1444/1344
f 1371/1445/1371 1409/1484/1409 1410/1487/1410
f 1357/1443/1357 1397/1488/1397 1358/1446/1358
f 1344/1444/1344 1384/1489/1384 1345/1447/1345
f 1372/1448/1372 1410/1487/1410 1411/1490/1411
f 1359/1449/1359 1397/1488/1397 1398/1491/1398
f 1345/1447/1345 1385/1492/1385 1346/1450/1346
f 1373/1451/1373 1411/1490/1411 1412/1493/1412
f 1359/1449/1359 1399/1494/1399 1360/1452/1360
f 1346/1450/1346 1386/1495/1386 1347/1453/1347
f 1374/1454/1374 1412/1493/1412 1413/1496/1413
f 1361/1455/1361 1399/1494/1399 1400/1497/1400
f 1348/1456/1348 1386/1495/1386 1387/1498/1387
f 1374/1454/1374 1414/1499/1414 1375/1457/1375
f 1361/1455/1361 1401/1500/1401 1362/1458/1362
f 1348/1456/1348 1388/1501/1388 1349/1459/1349
f 1376/1460/1376 1414/1499/1414 1415/1502/1415
f 1363/1461/1363 1401/1500/1401 1402/1503/1402
f 1349/1459/1349 1389/1504/1389 1350/1462/1350
f 1376/1460/1376 1416/1505/1416 1377/1463/1377
f 1363/1461/1363 1403/1506/1403 1364/1464/1364
f 1350/1462/1350 1390/1507/1390 1351/1465/1351
f 1378/1466/1378 1416/1505/1416 1417/1508/1417
f 1365/1467/1365 1403/1506/1403 1404/1509/1404
f 1352/1468/1352 1390/1507/1390 1391/1510/1391
f 1378/1466/1378 1418/1511/1418 1379/1469/1379
f 1365/1467/1365 1405/1512/1405 1366/1470/1366
f 1352/1468/1352 1392/1513/1392 1353/1471/1353
f 1380/1472/1380 1418/1511/1418 1419/1514/1419
f 1367/1473/1367 1405/1512/1405 1406/1515/1406
f 1353/1471/1353 1393/1476/1393 1354/1474/1354
f 1380/1472/1380 1420/1479/1420 1381/1436/1381
f 1393/1476/1393 1431/1516/1431 1432/1517/1432
f 1419/1514/1419 1459/1518/1459 1420/1479/1420
f 1406/1515/1406 1446/1519/1446 1407/1475/1407
f 1394/1477/1394 1432/1517/1432 1433/1520/1433
f 16/1521/16 1420/1479/1420 1459/1518/1459
f 1408/1480/1408 1446/1519/1446 1447/1522/1447
f 1394/1477/1394 1434/1523/1434 1395/1481/1395
f 1382/1483/1382 1/1524/1 1421/1525/1421
f 1408/1480/1408 1448/1526/1448 1409/1484/1409
f 1396/1485/1396 1434/1523/1434 1435/1527/1435
f 1382/1483/1382 1422/1528/1422 1383/1486/1383
f 1410/1487/1410 1448/1526/1448 1449/1529/1449
f 1396/1485/1396 1436/1530/1436 1397/1488/1397
f 1383/1486/1383 1423/1531/1423 1384/1489/1384
f 1411/1490/1411 1449/1529/1449 1450/1532/1450
f 1398/1491/1398 1436/1530/1436 1437/1533/1437
f 1384/1489/1384 1424/1534/1424 1385/1492/1385
f 1411/1490/1411 1451/1535/1451 1412/1493/1412
f 1398/1491/1398 1438/1536/1438 1399/1494/1399
f 1385/1492/1385 1425/1537/1425 1386/1495/1386
f 1413/1496/1413 1451/1535/1451 1452/1538/1452
f 1400/1497/1400 1438/1536/1438 1439/1539/1439
f 1387/1498/1387 1425/1537/1425 1426/1540/1426
f 1414/1499/1414 1452/1538/1452 1453/1541/1453
f 1400/1497/1400 1440/1542/1440 1401/1500/1401
f 1387/1498/1387 1427/1543/1427 1388/1501/1388
f 1415/1502/1415 1453/1541/1453 1454/1544/1454
f 1402/1503/1402 1440/1542/1440 1441/1545/1441
f 1388/1501/1388 1428/1546/1428 1389/1504/1389
f 1415/1502/1415 1455/1547/1455 1416/1505/1416
f 1402/1503/1402 1442/1548/1442 1403/1506/1403
f 1389/1504/1389 1429/1549/1429 1390/1507/1390
f 1417/1508/1417 1455/1547/1455 1456/1550/1456
f 1403/1506/1403 1443/1551/1443 1404/1509/1404
f 1390/1507/1390 1430/1552/1430 1391/1510/1391
f 1417/1508/1417 1457/1553/1457 1418/1511/1418
f 1404/1509/1404 1444/1554/1444 1405/1512/1405
f 1391/1510/1391 1431/1516/1431 1392/1513/1392
f 1419/1514/1419 1457/1553/1457 1458/1555/1458
f 1406/1515/1406 1444/1554/1444 1445/1556/1445
f 1457/1553/1457 1497/1557/1497 1458/1555/1458
f 1445/1556/1445 1483/1558/1483 1484/1559/1484
f 1432/1517/1432 1470/1560/1470 1471/1561/1471
f 1458/1555/1458 1498/1562/1498 1459/1518/1459
f 1445/1556/1445 1485/1563/1485 1446/1519/1446
f 1433/1520/1433 1471/1561/1471 1472/1564/1472
f 16/1565/16 1459/1518/1459 1498/1562/1498
f 1447/1522/1447 1485/1563/1485 1486/1566/1486
f 1433/1520/1433 1473/1567/1473 1434/1523/1434
f 1421/1525/1421 1/1568/1 1460/1569/1460
f 1448/1526/1448 1486/1566/1486 1487/1570/1487
f 1435/1527/1435 1473/1567/1473 1474/1571/1474
f 1421/1525/1421 1461/1572/1461 1422/1528/1422
f 1448/1526/1448 1488/1573/1488 1449/1529/1449
f 1435/1527/1435 1475/1574/1475 1436/1530/1436
f 1422/1528/1422 1462/1575/1462 1423/1531/1423
f 1450/1532/1450 1488/1573/1488 1489/1576/1489
f 1437/1533/1437 1475/1574/1475 1476/1577/1476
f 1423/1531/1423 1463/1578/1463 1424/1534/1424
f 1451/1535/1451 1489/1576/1489 1490/1579/1490
f 1437/1533/1437 1477/1580/1477 1438/1536/1438
f 1424/1534/1424 1464/1581/1464 1425/1537/1425
f 1452/1538/1452 1490/1579/1490 1491/1582/1491
f 1439/1539/1439 1477/1580/1477 1478/1583/1478
f 1426/1540/1426 1464/1581/1464 1465/1584/1465
f 1453/1541/1453 1491/1582/1491 1492/1585/1492
f 1439/1539/1439 1479/1586/1479 1440/1542/1440
f 1426/1540/1426 1466/1587/1466 1427/1543/1427
f 1454/1544/1454 1492/1585/1492 1493/1588/1493
f 1441/1545/1441 1479/1586/1479 1480/1589/1480
f 1427/1543/1427 1467/1590/1467 1428/1546/1428
f 1454/1544/1454 1494/1591/1494 1455/1547/1455
f 1441/1545/1441 1481/1592/1481 1442/1548/1442
f 1428/1546/1428 1468/1593/1468 1429/1549/1429
f 1455/1547/1455 1495/1594/1495 1456/1550/1456
f 1442/1548/1442 1482/1595/1482 1443/1551/1443
f 1429/1549/1429 1469/1596/1469 1430/1552/1430
f 1457/1553/1457 1495/1594/1495 1496/1597/1496
f 1443/1551/1443 1483/1558/1483 1444/1554/1444
f 1430/1552/1430 1470/1560/1470 1431/1516/1431
f 1482/1595/1482 1522/1598/1522 1483/1558/1483
f 1469/1596/1469 1509/1599/1509 1470/1560/1470
f 1497/1557/1497 1535/1600/1535 1536/1601/1536
f 1484/1559/1484 1522/1598/1522 1523/1602/1523
f 1471/1561/1471 1509/1599/1509 1510/1603/1510
f 1498/1562/1498 1536/1601/1536 1537/1604/1537
f 1484/1559/1484 1524/1605/1524 1485/1563/1485
f 1471/1561/1471 1511/1606/1511 1472/1564/1472
f 16/1607/16 1498/1562/1498 1537/1604/1537
f 1486/1566/1486 1524/1605/1524 1525/1608/1525
f 1472/1564/1472 1512/1609/1512 1473/1567/1473
f 1460/1569/1460 1/1610/1 1499/1611/1499
f 1486/1566/1486 1526/1612/1526 1487/1570/1487
f 1474/1571/1474 1512/1609/1512 1513/1613/1513
f 1460/1569/1460 1500/1614/1500 1461/1572/1461
f 1487/1570/1487 1527/1615/1527 1488/1573/1488
f 1474/1571/1474 1514/1616/1514 1475/1574/1475
f 1461/1572/1461 1501/1617/1501 1462/1575/1462
f 1489/1576/1489 1527/1615/1527 1528/1618/1528
f 1476/1577/1476 1514/1616/1514 1515/1619/1515
f 1462/1575/1462 1502/1620/1502 1463/1578/1463
f 1490/1579/1490 1528/1618/1528 1529/1621/1529
f 1476/1577/1476 1516/1622/1516 1477/1580/1477
f 1463/1578/1463 1503/1623/1503 1464/1581/1464
f 1490/1579/1490 1530/1624/1530 1491/1582/1491
f 1477/1580/1477 1517/1625/1517 1478/1583/1478
f 1465/1584/1465 1503/1623/1503 1504/1626/1504
f 1491/1582/1491 1531/1627/1531 1492/1585/1492
f 1478/1583/1478 1518/1628/1518 1479/1586/1479
f 1465/1584/1465 1505/1629/1505 1466/1587/1466
f 1493/1588/1493 1531/1627/1531 1532/1630/1532
f 1480/1589/1480 1518/1628/1518 1519/1631/1519
f 1467/1590/1467 1505/1629/1505 1506/1632/1506
f 1493/1588/1493 1533/1633/1533 1494/1591/1494
f 1480/1589/1480 1520/1634/1520 1481/1592/1481
f 1468/1593/1468 1506/1632/1506 1507/1635/1507
f 1495/1594/1495 1533/1633/1533 1534/1636/1534
f 1481/1592/1481 1521/1637/1521 1482/1595/1482
f 1468/1593/1468 1508/1638/1508 1469/1596/1469
f 1495/1594/1495 1535/1600/1535 1496/1597/1496
f 1507/1635/1507 1547/1639/1547 1508/1638/1508
f 1534/1636/1534 1574/1640/1574 1535/1600/1535
f 1521/1637/1521 1561/1641/1561 1522/1598/1522
f 1509/1599/1509 1547/1639/1547 1548/1642/1548
f 1535/1600/1535 1575/1643/1575 1536/1601/1536
f 1523/1602/1523 1561/1641/1561 1562/1644/1562
f 1510/1603/1510 1548/1642/1548 1549/1645/1549
f 1536/1601/1536 1576/1646/1576 1537/1604/1537
f 1523/1602/1523 1563/1647/1563 1524/1605/1524
f 1510/1603/1510 1550/1648/1550 1511/1606/1511
f 16/1649/16 1537/1604/1537 1576/1646/1576
f 1525/1608/1525 1563/1647/1563 1564/1650/1564
f 1511/1606/1511 1551/1651/1551 1512/1609/1512
f 1499/1611/1499 1/1652/1 1538/1653/1538
f 1525/1608/1525 1565/1654/1565 1526/1612/1526
f 1513/1613/1513 1551/1651/1551 1552/1655/1552
f 1499/1611/1499 1539/1656/1539 1500/1614/1500
f 1526/1612/1526 1566/1657/1566 1527/1615/1527
f 1513/1613/1513 1553/1658/1553 1514/1616/1514
f 1500/1614/1500 1540/1659/1540 1501/1617/1501
f 1528/1618/1528 1566/1657/1566 1567/1660/1567
f 1515/1619/1515 1553/1658/1553 1554/1661/1554
f 1502/1620/1502 1540/1659/1540 1541/1662/1541
f 1528/1618/1528 1568/1663/1568 1529/1621/1529
f 1515/1619/1515 1555/1664/1555 1516/1622/1516
f 1502/1620/1502 1542/1665/1542 1503/1623/1503
f 1530/1624/1530 1568/1663/1568 1569/1666/1569
f 1516/1622/1516 1556/1667/1556 1517/1625/1517
f 1504/1626/1504 1542/1665/1542 1543/1668/1543
f 1531/1627/1531 1569/1666/1569 1570/1669/1570
f 1517/1625/1517 1557/1670/1557 1518/1628/1518
f 1504/1626/1504 1544/1671/1544 1505/1629/1505
f 1532/1630/1532 1570/1669/1570 1571/1672/1571
f 1519/1631/1519 1557/1670/1557 1558/1673/1558
f 1505/1629/1505 1545/1674/1545 1506/1632/1506
f 1532/1630/1532 1572/1675/1572 1533/1633/1533
f 1520/1634/1520 1558/1673/1558 1559/1676/1559
f 1506/1632/1506 1546/1677/1546 1507/1635/1507
f 1534/1636/1534 1572/1675/1572 1573/1678/1573
f 1520/1634/1520 1560/1679/1560 1521/1637/1521
f 1559/1676/1559 1599/1680/1599 1560/1679/1560
f 1546/1677/1546 1586/1681/1586 1547/1639/1547
f 1573/1678/1573 1613/1682/1613 1574/1640/1574
f 1560/1679/1560 1600/1683/1600 1561/1641/1561
f 1547/1639/1547 1587/1684/1587 1548/1642/1548
f 1575/1643/1575 1613/1682/1613 1614/1685/1614
f 1562/1644/1562 1600/1683/1600 1601/1686/1601
f 1549/1645/1549 1587/1684/1587 1588/1687/1588
f 1576/1646/1576 1614/1685/1614 1615/1688/1615
f 1562/1644/1562 1602/1689/1602 1563/1647/1563
f 1550/1648/1550 1588/1687/1588 1589/1690/1589
f 16/1691/16 1576/1646/1576 1615/1688/1615
f 1564/1650/1564 1602/1689/1602 1603/1692/1603
f 1550/1648/1550 1590/1693/1590 1551/1651/1551
f 1538/1653/1538 1/1694/1 1577/1695/1577
f 1564/1650/1564 1604/1696/1604 1565/1654/1565
f 1552/1655/1552 1590/1693/1590 1591/1697/1591
f 1538/1653/1538 1578/1698/1578 1539/1656/1539
f 1565/1654/1565 1605/1699/1605 1566/1657/1566
f 1552/1655/1552 1592/1700/1592 1553/1658/1553
f 1540/1659/1540 1578/1698/1578 1579/1701/1579
f 1567/1660/1567 1605/1699/1605 1606/1702/1606
f 1554/1661/1554 1592/1700/1592 1593/1703/1593
f 1541/1662/1541 1579/1701/1579 1580/1704/1580
f 1567/1660/1567 1607/1705/1607 1568/1663/1568
f 1555/1664/1555 1593/1703/1593 1594/1706/1594
f 1541/1662/1541 1581/1707/1581 1542/1665/1542
f 1569/1666/1569 1607/1705/1607 1608/1708/1608
f 1555/1664/1555 1595/1709/1595 1556/1667/1556
f 1543/1668/1543 1581/1707/1581 1582/1710/1582
f 1569/1666/1569 1609/1711/1609 1570/1669/1570
f 1556/1667/1556 1596/1712/1596 1557/1670/1557
f 1543/1668/1543 1583/1713/1583 1544/1671/1544
f 1571/1672/1571 1609/1711/1609 1610/1714/1610
f 1558/1673/1558 1596/1712/1596 1597/1715/1597
f 1545/1674/1545 1583/1713/1583 1584/1716/1584
f 1571/1672/1571 1611/1717/1611 1572/1675/1572
f 1558/1673/1558 1598/1718/1598 1559/1676/1559
f 1545/1674/1545 1585/1719/1585 1546/1677/1546
f 1572/1675/1572 1612/1720/1612 1573/1678/1573
f 1601/1686/1601 1641/1721/1641 1602/1689/1602
f 1589/1690/1589 1627/1722/1627 1628/1723/1628
f 16/1724/16 1615/1688/1615 1654/1725/1654
f 1603/1692/1603 1641/1721/1641 1642/1726/1642
f 1589/1690/1589 1629/1727/1629 1590/1693/1590
f 1577/1695/1577 1/1728/1 1616/1729/1616
f 1603/1692/1603 1643/1730/1643 1604/1696/1604
f 1591/1697/1591 1629/1727/1629 1630/1731/1630
f 1577/1695/1577 1617/1732/1617 1578/1698/1578
f 1604/1696/1604 1644/1733/1644 1605/1699/1605
f 1591/1697/1591 1631/1734/1631 1592/1700/1592
f 1578/1698/1578 1618/1735/1618 1579/1701/1579
f 1605/1699/1605 1645/1736/1645 1606/1702/1606
f 1593/1703/1593 1631/1734/1631 1632/1737/1632
f 1579/1701/1579 1619/1738/1619 1580/1704/1580
f 1607/1705/1607 1645/1736/1645 1646/1739/1646
f 1594/1706/1594 1632/1737/1632 1633/1740/1633
f 1580/1704/1580 1620/1741/1620 1581/1707/1581
f 1608/1708/1608 1646/1739/1646 1647/1742/1647
f 1594/1706/1594 1634/1743/1634 1595/1709/1595
f 1582/1710/1582 1620/1741/1620 1621/1744/1621
f 1609/1711/1609 1647/1742/1647 1648/1745/1648
f 1595/1709/1595 1635/1746/1635 1596/1712/1596
f 1582/1710/1582 1622/1747/1622 1583/1713/1583
f 1610/1714/1610 1648/1745/1648 1649/1748/1649
f 1597/1715/1597 1635/1746/1635 1636/1749/1636
f 1584/1716/1584 1622/1747/1622 1623/1750/1623
f 1610/1714/1610 1650/1751/1650 1611/1717/1611
f 1598/1718/1598 1636/1749/1636 1637/1752/1637
f 1584/1716/1584 1624/1753/1624 1585/1719/1585
f 1612/1720/1612 1650/1751/1650 1651/1754/1651
f 1598/1718/1598 1638/1755/1638 1599/1680/1599
f 1585/1719/1585 1625/1756/1625 1586/1681/1586
f 1612/1720/1612 1652/1757/1652 1613/1682/1613
f 1599/1680/1599 1639/1758/1639 1600/1683/1600
f 1586/1681/1586 1626/1759/1626 1587/1684/1587
f 1614/1685/1614 1652/1757/1652 1653/1760/1653
f 1601/1686/1601 1639/1758/1639 1640/1761/1640
f 1588/1687/1588 1626/1759/1626 1627/1722/1627
f 1615/1688/1615 1653/1760/1653 1654/1725/1654
f 1627/1722/1627 1665/1762/1665 1666/1763/1666
f 1653/1760/1653 1693/1764/1693 1654/1725/1654
f 1640/1761/1640 1680/1765/1680 1641/1721/1641
f 1628/1723/1628 1666/1763/1666 1667/1766/1667
f 16/1767/16 1654/1725/1654 1693/1764/1693
f 1642/1726/1642 1680/1765/1680 1681/1768/1681
f 1628/1723/1628 1668/1769/1668 1629/1727/1629
f 1616/1729/1616 1/1770/1 1655/1771/1655
f 1642/1726/1642 1682/1772/1682 1643/1730/1643
f 1630/1731/1630 1668/1769/1668 1669/1773/1669
f 1617/1732/1617 1655/1771/1655 1656/1774/1656
f 1643/1730/1643 1683/1775/1683 1644/1733/1644
f 1630/1731/1630 1670/1776/1670 1631/1734/1631
f 1617/1732/1617 1657/1777/1657 1618/1735/1618
f 1645/1736/1645 1683/1775/1683 1684/1778/1684
f 1632/1737/1632 1670/1776/1670 1671/1779/1671
f 1618/1735/1618 1658/1780/1658 1619/1738/1619
f 1646/1739/1646 1684/1778/1684 1685/1781/1685
f 1633/1740/1633 1671/1779/1671 1672/1782/1672
f 1619/1738/1619 1659/1783/1659 1620/1741/1620
f 1646/1739/1646 1686/1784/1686 1647/1742/1647
f 1633/1740/1633 1673/1785/1673 1634/1743/1634
f 1621/1744/1621 1659/1783/1659 1660/1786/1660
f 1647/1742/1647 1687/1787/1687 1648/1745/1648
f 1634/1743/1634 1674/1788/1674 1635/1746/1635
f 1621/1744/1621 1661/1789/1661 1622/1747/1622
f 1649/1748/1649 1687/1787/1687 1688/1790/1688
f 1636/1749/1636 1674/1788/1674 1675/1791/1675
f 1622/1747/1622 1662/1792/1662 1623/1750/1623
f 1649/1748/1649 1689/1793/1689 1650/1751/1650
f 1637/1752/1637 1675/1791/1675 1676/1794/1676
f 1623/1750/1623 1663/1795/1663 1624/1753/1624
f 1651/1754/1651 1689/1793/1689 1690/1796/1690
f 1637/1752/1637 1677/1797/1677 1638/1755/1638
f 1624/1753/1624 1664/1798/1664 1625/1756/1625
f 1651/1754/1651 1691/1799/1691 1652/1757/1652
f 1638/1755/1638 1678/1800/1678 1639/1758/1639
f 1625/1756/1625 1665/1762/1665 1626/1759/1626
f 1652/1757/1652 1692/1801/1692 1653/1760/1653
f 1640/1761/1640 1678/1800/1678 1679/1802/1679
f 1679/1802/1679 1717/1803/1717 1718/1804/1718
f 1666/1763/1666 1704/1805/1704 1705/1806/1705
f 1692/1801/1692 1732/1807/1732 1693/1764/1693
f 1679/1802/1679 1719/1808/1719 1680/1765/1680
f 1667/1766/1667 1705/1806/1705 1706/1809/1706
f 16/1810/16 1693/1764/1693 1732/1807/1732
f 1681/1768/1681 1719/1808/1719 1720/1811/1720
f 1667/1766/1667 1707/1812/1707 1668/1769/1668
f 1655/1771/1655 1/1813/1 1694/1814/1694
f 1681/1768/1681 1721/1815/1721 1682/1772/1682
f 1668/1769/1668 1708/1816/1708 1669/1773/1669
f 1655/1771/1655 1695/1817/1695 1656/1774/1656
f 1682/1772/1682 1722/1818/1722 1683/1775/1683
f 1669/1773/1669 1709/1819/1709 1670/1776/1670
f 1656/1774/1656 1696/1820/1696 1657/1777/1657
f 1684/1778/1684 1722/1818/1722 1723/1821/1723
f 1671/1779/1671 1709/1819/1709 1710/1822/1710
f 1657/1777/1657 1697/1823/1697 1658/1780/1658
f 1685/1781/1685 1723/1821/1723 1724/1824/1724
f 1671/1779/1671 1711/1825/1711 1672/1782/1672
f 1658/1780/1658 1698/1826/1698 1659/1783/1659
f 1686/1784/1686 1724/1824/1724 1725/1827/1725
f 1672/1782/1672 1712/1828/1712 1673/1785/1673
f 1660/1786/1660 1698/1826/1698 1699/1829/1699
f 1687/1787/1687 1725/1827/1725 1726/1830/1726
f 1673/1785/1673 1713/1831/1713 1674/1788/1674
f 1660/1786/1660 1700/1832/1700 1661/1789/1661
f 1688/1790/1688 1726/1830/1726 1727/1833/1727
f 1675/1791/1675 1713/1831/1713 1714/1834/1714
f 1661/1789/1661 1701/1835/1701 1662/1792/1662
f 1688/1790/1688 1728/1836/1728 1689/1793/1689
f 1676/1794/1676 1714/1834/1714 1715/1837/1715
f 1662/1792/1662 1702/1838/1702 1663/1795/1663
f 1690/1796/1690 1728/1836/1728 1729/1839/1729
f 1676/1794/1676 1716/1840/1716 1677/1797/1677
f 1663/1795/1663 1703/1841/1703 1664/1798/1664
f 1690/1796/1690 1730/1842/1730 1691/1799/1691
f 1677/1797/1677 1717/1803/1717 1678/1800/1678
f 1664/1798/1664 1704/1805/1704 1665/1762/1665
f 1692/1801/1692 1730/1842/1730 1731/1843/1731
f 1703/1841/1703 1743/1844/1743 1704/1805/1704
f 1731/1843/1731 1769/1845/1769 1770/1846/1770
f 1718/1804/1718 1756/1847/1756 1757/1848/1757
f 1705/1806/1705 1743/1844/1743 1744/1849/1744
f 1732/1807/1732 1770/1846/1770 1771/1850/1771
f 1718/1804/1718 1758/1851/1758 1719/1808/1719
f 1705/1806/1705 1745/1852/1745 1706/1809/1706
f 16/1853/16 1732/1807/1732 1771/1850/1771
f 1720/1811/1720 1758/1851/1758 1759/1854/1759
f 1706/1809/1706 1746/1855/1746 1707/1812/1707
f 1694/1814/1694 1/1856/1 1733/1857/1733
f 1720/1811/1720 1760/1858/1760 1721/1815/1721
f 1708/1816/1708 1746/1855/1746 1747/1859/1747
f 1694/1814/1694 1734/1860/1734 1695/1817/1695
f 1721/1815/1721 1761/1861/1761 1722/1818/1722
f 1708/1816/1708 1748/1862/1748 1709/1819/1709
f 1695/1817/1695 1735/1863/1735 1696/1820/1696
f 1722/1818/1722 1762/1864/1762 1723/1821/1723
f 1710/1822/1710 1748/1862/1748 1749/1865/1749
f 1696/1820/1696 1736/1866/1736 1697/1823/1697
f 1724/1824/1724 1762/1864/1762 1763/1867/1763
f 1711/1825/1711 1749/1865/1749 1750/1868/1750
f 1697/1823/1697 1737/1869/1737 1698/1826/1698
f 1725/1827/1725 1763/1867/1763 1764/1870/1764
f 1711/1825/1711 1751/1871/1751 1712/1828/1712
f 1699/1829/1699 1737/1869/1737 1738/1872/1738
f 1725/1827/1725 1765/1873/1765 1726/1830/1726
f 1712/1828/1712 1752/1874/1752 1713/1831/1713
f 1699/1829/1699 1739/1875/1739 1700/1832/1700
f 1727/1833/1727 1765/1873/1765 1766/1876/1766
f 1714/1834/1714 1752/1874/1752 1753/1877/1753
f 1700/1832/1700 1740/1878/1740 1701/1835/1701
f 1727/1833/1727 1767/1879/1767 1728/1836/1728
f 1714/1834/1714 1754/1880/1754 1715/1837/1715
f 1701/1835/1701 1741/1881/1741 1702/1838/1702
f 1729/1839/1729 1767/1879/1767 1768/1882/1768
f 1715/1837/1715 1755/1883/1755 1716/1840/1716
f 1702/1838/1702 1742/1884/1742 1703/1841/1703
f 1730/1842/1730 1768/1882/1768 1769/1845/1769
f 1716/1840/1716 1756/1847/1756 1717/1803/1717
f 1768/1882/1768 1808/1885/1808 1769/1845/1769
f 1755/1883/1755 1795/1886/1795 1756/1847/1756
f 1742/1884/1742 1782/1887/1782 1743/1844/1743
f 1770/1846/1770 1808/1885/1808 1809/1888/1809
f 1757/1848/1757 1795/1886/1795 1796/1889/1796
f 1744/1849/1744 1782/1887/1782 1783/1890/1783
f 1771/1850/1771 1809/1888/1809 1810/1891/1810
f 1757/1848/1757 1797/1892/1797 1758/1851/1758
f 1744/1849/1744 1784/1893/1784 1745/1852/1745
f 16/1894/16 1771/1850/1771 1810/1891/1810
f 1759/1854/1759 1797/1892/1797 1798/1895/1798
f 1745/1852/1745 1785/1896/1785 1746/1855/1746
f 1733/1857/1733 1/1897/1 1772/1898/1772
f 1759/1854/1759 1799/1899/1799 1760/1858/1760
f 1747/1859/1747 1785/1896/1785 1786/1900/1786
f 1733/1857/1733 1773/1901/1773 1734/1860/1734
f 1760/1858/1760 1800/1902/1800 1761/1861/1761
f 1747/1859/1747 1787/1903/1787 1748/1862/1748
f 1734/1860/1734 1774/1904/1774 1735/1863/1735
f 1761/1861/1761 1801/1905/1801 1762/1864/1762
f 1749/1865/1749 1787/1903/1787 1788/1906/1788
f 1736/1866/1736 1774/1904/1774 1775/1907/1775
f 1763/1867/1763 1801/1905/1801 1802/1908/1802
f 1749/1865/1749 1789/1909/1789 1750/1868/1750
f 1736/1866/1736 1776/1910/1776 1737/1869/1737
f 1764/1870/1764 1802/1908/1802 1803/1911/1803
f 1750/1868/1750 1790/1912/1790 1751/1871/1751
f 1738/1872/1738 1776/1910/1776 1777/1913/1777
f 1764/1870/1764 1804/1914/1804 1765/1873/1765
f 1751/1871/1751 1791/1915/1791 1752/1874/1752
f 1738/1872/1738 1778/1916/1778 1739/1875/1739
f 1766/1876/1766 1804/1914/1804 1805/1917/1805
f 1753/1877/1753 1791/1915/1791 1792/1918/1792
f 1740/1878/1740 1778/1916/1778 1779/1919/1779
f 1766/1876/1766 1806/1920/1806 1767/1879/1767
f 1754/1880/1754 1792/1918/1792 1793/1921/1793
f 1740/1878/1740 1780/1922/1780 1741/1881/1741
f 1768/1882/1768 1806/1920/1806 1807/1923/1807
f 1755/1883/1755 1793/1921/1793 1794/1924/1794
f 1741/1881/1741 1781/1925/1781 1742/1884/1742
f 1794/1924/1794 1832/1926/1832 1833/1927/1833
f 1780/1922/1780 1820/1928/1820 1781/1925/1781
f 1807/1923/1807 1847/1929/1847 1808/1885/1808
f 1794/1924/1794 1834/1930/1834 1795/1886/1795
f 1781/1925/1781 1821/1931/1821 1782/1887/1782
f 1809/1888/1809 1847/1929/1847 1848/1932/1848
f 1796/1889/1796 1834/1930/1834 1835/1933/1835
f 1783/1890/1783 1821/1931/1821 1822/1934/1822
f 1809/1888/1809 1849/1935/1849 1810/1891/1810
f 1796/1889/1796 1836/1936/1836 1797/1892/1797
f 1784/1893/1784 1822/1934/1822 1823/1937/1823
f 16/1938/16 1810/1891/1810 1849/1935/1849
f 1798/1895/1798 1836/1936/1836 1837/1939/1837
f 1784/1893/1784 1824/1940/1824 1785/1896/1785
f 1772/1898/1772 1/1941/1 1811/1942/1811
f 1798/1895/1798 1838/1943/1838 1799/1899/1799
f 1786/1900/1786 1824/1940/1824 1825/1944/1825
f 1772/1898/1772 1812/1945/1812 1773/1901/1773
f 1799/1899/1799 1839/1946/1839 1800/1902/1800
f 1786/1900/1786 1826/1947/1826 1787/1903/1787
f 1773/1901/1773 1813/1948/1813 1774/1904/1774
f 1801/1905/1801 1839/1946/1839 1840/1949/1840
f 1788/1906/1788 1826/1947/1826 1827/1950/1827
f 1774/1904/1774 1814/1951/1814 1775/1907/1775
f 1802/1908/1802 1840/1949/1840 1841/1952/1841
f 1788/1906/1788 1828/1953/1828 1789/1909/1789
f 1775/1907/1775 1815/1954/1815 1776/1910/1776
f 1803/1911/1803 1841/1952/1841 1842/1955/1842
f 1790/1912/1790 1828/1953/1828 1829/1956/1829
f 1777/1913/1777 1815/1954/1815 1816/1957/1816
f 1803/1911/1803 1843/1958/1843 1804/1914/1804
f 1790/1912/1790 1830/1959/1830 1791/1915/1791
f 1777/1913/1777 1817/1960/1817 1778/1916/1778
f 1805/1917/1805 1843/1958/1843 1844/1961/1844
f 1792/1918/1792 1830/1959/1830 1831/1962/1831
f 1779/1919/1779 1817/1960/1817 1818/1963/1818
f 1805/1917/1805 1845/1964/1845 1806/1920/1806
f 1792/1918/1792 1832/1926/1832 1793/1921/1793
f 1779/1919/1779 1819/1965/1819 1780/1922/1780
f 1807/1923/1807 1845/1964/1845 1846/1966/1846
f 1818/1963/1818 1858/1967/1858 1819/1965/1819
f 1846/1966/1846 1884/1968/1884 1885/1969/1885
f 1833/1927/1833 1871/1970/1871 1872/1971/1872
f 1819/1965/1819 1859/1972/1859 1820/1928/1820
f 1846/1966/1846 1886/1973/1886 1847/1929/1847
f 1833/1927/1833 1873/1974/1873 1834/1930/1834
f 1820/1928/1820 1860/1975/1860 1821/1931/1821
f 1847/1929/1847 1887/1976/1887 1848/1932/1848
f 1835/1933/1835 1873/1974/1873 1874/1977/1874
f 1822/1934/1822 1860/1975/1860 1861/1978/1861
f 1848/1932/1848 1888/1979/1888 1849/1935/1849
f 1835/1933/1835 1875/1980/1875 1836/1936/1836
f 1822/1934/1822 1862/1981/1862 1823/1937/1823
f 16/1982/16 1849/1935/1849 1888/1979/1888
f 1837/1939/1837 1875/1980/1875 1876/1983/1876
f 1823/1937/1823 1863/1984/1863 1824/1940/1824
f 1811/1942/1811 1/1985/1 1850/1986/1850
f 1837/1939/1837 1877/1987/1877 1838/1943/1838
f 1825/1944/1825 1863/1984/1863 1864/1988/1864
f 1811/1942/1811 1851/1989/1851 1812/1945/1812
f 1838/1943/1838 1878/1990/1878 1839/1946/1839
f 1825/1944/1825 1865/1991/1865 1826/1947/1826
f 1812/1945/1812 1852/1992/1852 1813/1948/1813
f 1840/1949/1840 1878/1990/1878 1879/1993/1879
f 1827/1950/1827 1865/1991/1865 1866/1994/1866
f 1813/1948/1813 1853/1995/1853 1814/1951/1814
f 1841/1952/1841 1879/1993/1879 1880/1996/1880
f 1827/1950/1827 1867/1997/1867 1828/1953/1828
f 1814/1951/1814 1854/1998/1854 1815/1954/1815
f 1842/1955/1842 1880/1996/1880 1881/1999/1881
f 1829/1956/1829 1867/1997/1867 1868/2000/1868
f 1815/1954/1815 1855/2001/1855 1816/1957/1816
f 1843/1958/1843 1881/1999/1881 1882/2002/1882
f 1829/1956/1829 1869/2003/1869 1830/1959/1830
f 1816/1957/1816 1856/2004/1856 1817/1960/1817
f 1844/1961/1844 1882/2002/1882 1883/2005/1883
f 1831/1962/1831 1869/2003/1869 1870/2006/1870
f 1817/1960/1817 1857/2007/1857 1818/1963/1818
f 1844/1961/1844 1884/1968/1884 1845/1964/1845
f 1831/1962/1831 1871/1970/1871 1832/1926/1832
f 1870/2006/1870 1910/2008/1910 1871/1970/1871
f 1857/2007/1857 1897/2009/1897 1858/1967/1858
f 1885/1969/1885 1923/2010/1923 1924/2011/1924
f 1872/1971/1872 1910/2008/1910 1911/2012/1911
f 1858/1967/1858 1898/2013/1898 1859/1972/1859
f 1885/1969/1885 1925/2014/1925 1886/1973/1886
f 1872/1971/1872 1912/2015/1912 1873/1974/1873
f 1859/1972/1859 1899/2016/1899 1860/1975/1860
f 1887/1976/1887 1925/2014/1925 1926/2017/1926
f 1873/1974/1873 1913/2018/1913 1874/1977/1874
f 1861/1978/1861 1899/2016/1899 1900/2019/1900
f 1887/1976/1887 1927/2020/1927 1888/1979/1888
f 1875/1980/1875 1913/2018/1913 1914/2021/1914
f 1861/1978/1861 1901/2022/1901 1862/1981/1862
f 16/2023/16 1888/1979/1888 1927/2020/1927
f 1876/1983/1876 1914/2021/1914 1915/2024/1915
f 1862/1981/1862 1902/2025/1902 1863/1984/1863
f 1850/1986/1850 1/2026/1 1889/2027/1889
f 1876/1983/1876 1916/2028/1916 1877/1987/1877
f 1863/1984/1863 1903/2029/1903 1864/1988/1864
f 1850/1986/1850 1890/2030/1890 1851/1989/1851
f 1877/1987/1877 1917/2031/1917 1878/1990/1878
f 1864/1988/1864 1904/2032/1904 1865/1991/1865
f 1851/1989/1851 1891/2033/1891 1852/1992/1852
f 1879/1993/1879 1917/2031/1917 1918/2034/1918
f 1866/1994/1866 1904/2032/1904 1905/2035/1905
f 1853/1995/1853 1891/2033/1891 1892/2036/1892
f 1879/1993/1879 1919/2037/1919 1880/1996/1880
f 1867/1997/1867 1905/2035/1905 1906/2038/1906
f 1853/1995/1853 1893/2039/1893 1854/1998/1854
f 1881/1999/1881 1919/2037/1919 1920/2040/1920
f 1868/2000/1868 1906/2038/1906 1907/2041/1907
f 1855/2001/1855 1893/2039/1893 1894/2042/1894
f 1881/1999/1881 1921/2043/1921 1882/2002/1882
f 1868/2000/1868 1908/2044/1908 1869/2003/1869
f 1855/2001/1855 1895/2045/1895 1856/2004/1856
f 1883/2005/1883 1921/2043/1921 1922/2046/1922
f 1870/2006/1870 1908/2044/1908 1909/2047/1909
f 1857/2007/1857 1895/2045/1895 1896/2048/1896
f 1883/2005/1883 1923/2010/1923 1884/1968/1884
f 1896/2048/1896 1934/2049/1934 1935/2050/1935
f 1922/2046/1922 1962/2051/1962 1923/2010/1923
f 1910/2008/1910 1948/2052/1948 1949/2053/1949
f 1897/2009/1897 1935/2050/1935 1936/2054/1936
f 1924/2011/1924 1962/2051/1962 1963/2055/1963
f 1910/2008/1910 1950/2056/1950 1911/2012/1911
f 1897/2009/1897 1937/2057/1937 1898/2013/1898
f 1924/2011/1924 1964/2058/1964 1925/2014/1925
f 1911/2012/1911 1951/2059/1951 1912/2015/1912
f 1898/2013/1898 1938/2060/1938 1899/2016/1899
f 1926/2017/1926 1964/2058/1964 1965/2061/1965
f 1913/2018/1913 1951/2059/1951 1952/2062/1952
f 1899/2016/1899 1939/2063/1939 1900/2019/1900
f 1926/2017/1926 1966/2064/1966 1927/2020/1927
f 1914/2021/1914 1952/2062/1952 1953/2065/1953
f 1901/2022/1901 1939/2063/1939 1940/2066/1940
f 16/2067/16 1927/2020/1927 1966/2064/1966
f 1914/2021/1914 1954/2068/1954 1915/2024/1915
f 1901/2022/1901 1941/2069/1941 1902/2025/1902
f 1889/2027/1889 1/2070/1 1928/2071/1928
f 1915/2024/1915 1955/2072/1955 1916/2028/1916
f 1902/2025/1902 1942/2073/1942 1903/2029/1903
f 1890/2030/1890 1928/2071/1928 1929/2074/1929
f 1916/2028/1916 1956/2075/1956 1917/2031/1917
f 1903/2029/1903 1943/2076/1943 1904/2032/1904
f 1890/2030/1890 1930/2077/1930 1891/2033/1891
f 1918/2034/1918 1956/2075/1956 1957/2078/1957
f 1905/2035/1905 1943/2076/1943 1944/2079/1944
f 1892/2036/1892 1930/2077/1930 1931/2080/1931
f 1919/2037/1919 1957/2078/1957 1958/2081/1958
f 1906/2038/1906 1944/2079/1944 1945/2082/1945
f 1892/2036/1892 1932/2083/1932 1893/2039/1893
f 1919/2037/1919 1959/2084/1959 1920/2040/1920
f 1906/2038/1906 1946/2085/1946 1907/2041/1907
f 1894/2042/1894 1932/2083/1932 1933/2086/1933
f 1920/2040/1920 1960/2087/1960 1921/2043/1921
f 1907/2041/1907 1947/2088/1947 1908/2044/1908
f 1894/2042/1894 1934/2049/1934 1895/2045/1895
f 1922/2046/1922 1960/2087/1960 1961/2089/1961
f 1909/2047/1909 1947/2088/1947 1948/2052/1948
f 1961/2089/1961 1999/2090/1999 2000/2091/2000
f 1948/2052/1948 1986/2092/1986 1987/2093/1987
f 1934/2049/1934 1974/2094/1974 1935/2050/1935
f 1961/2089/1961 2001/2095/2001 1962/2051/1962
f 1949/2053/1949 1987/2093/1987 1988/2096/1988
f 1936/2054/1936 1974/2094/1974 1975/2097/1975
f 1962/2051/1962 2002/2098/2002 1963/2055/1963
f 1949/2053/1949 1989/2099/1989 1950/2056/1950
f 1936/2054/1936 1976/2100/1976 1937/2057/1937
f 1963/2055/1963 2003/2101/2003 1964/2058/1964
f 1950/2056/1950 1990/2102/1990 1951/2059/1951
f 1937/2057/1937 1977/2103/1977 1938/2060/1938
f 1965/2061/1965 2003/2101/2003 2004/2104/2004
f 1951/2059/1951 1991/2105/1991 1952/2062/1952
f 1939/2063/1939 1977/2103/1977 1978/2106/1978
f 1965/2061/1965 2005/2107/2005 1966/2064/1966
f 1953/2065/1953 1991/2105/1991 1992/2108/1992
f 1940/2066/1940 1978/2106/1978 1979/2109/1979
f 16/2110/16 1966/2064/1966 2005/2107/2005
f 1954/2068/1954 1992/2108/1992 1993/2111/1993
f 1940/2066/1940 1980/2112/1980 1941/2069/1941
f 1928/2071/1928 1/2113/1 1967/2114/1967
f 1954/2068/1954 1994/2115/1994 1955/2072/1955
f 1941/2069/1941 1981/2116/1981 1942/2073/1942
f 1928/2071/1928 1968/2117/1968 1929/2074/1929
f 1956/2075/1956 1994/2115/1994 1995/2118/1995
f 1942/2073/1942 1982/2119/1982 1943/2076/1943
f 1929/2074/1929 1969/2120/1969 1930/2077/1930
f 1957/2078/1957 1995/2118/1995 1996/2121/1996
f 1944/2079/1944 1982/2119/1982 1983/2122/1983
f 1931/2080/1931 1969/2120/1969 1970/2123/1970
f 1958/2081/1958 1996/2121/1996 1997/2124/1997
f 1945/2082/1945 1983/2122/1983 1984/2125/1984
f 1931/2080/1931 1971/2126/1971 1932/2083/1932
f 1959/2084/1959 1997/2124/1997 1998/2127/1998
f 1945/2082/1945 1985/2128/1985 1946/2085/1946
f 1932/2083/1932 1972/2129/1972 1933/2086/1933
f 1960/2087/1960 1998/2127/1998 1999/2090/1999
f 1946/2085/1946 1986/2092/1986 1947/2088/1947
f 1933/2086/1933 1973/2130/1973 1934/2049/1934
f 1985/2128/1985 2025/2131/2025 1986/2092/1986
f 1972/2129/1972 2012/2132/2012 1973/2130/1973
f 2000/2091/2000 2038/2133/2038 2039/2134/2039
f 1986/2092/1986 2026/2135/2026 1987/2093/1987
f 1973/2130/1973 2013/2136/2013 1974/2094/1974
f 2001/2095/2001 2039/2134/2039 2040/2137/2040
f 1987/2093/1987 2027/2138/2027 1988/2096/1988
f 1974/2094/1974 2014/2139/2014 1975/2097/1975
f 2002/2098/2002 2040/2137/2040 2041/2140/2041
f 1989/2099/1989 2027/2138/2027 2028/2141/2028
f 1976/2100/1976 2014/2139/2014 2015/2142/2015
f 2002/2098/2002 2042/2143/2042 2003/2101/2003
f 1989/2099/1989 2029/2144/2029 1990/2102/1990
f 1976/2100/1976 2016/2145/2016 1977/2103/1977
f 2004/2104/2004 2042/2143/2042 2043/2146/2043
f 1990/2102/1990 2030/2147/2030 1991/2105/1991
f 1977/2103/1977 2017/2148/2017 1978/2106/1978
f 2005/2107/2005 2043/2146/2043 2044/2149/2044
f 1992/2108/1992 2030/2147/2030 2031/2150/2031
f 1979/2109/1979 2017/2148/2017 2018/2151/2018
f 16/2152/16 2005/2107/2005 2044/2149/2044
f 1993/2111/1993 2031/2150/2031 2032/2153/2032
f 1979/2109/1979 2019/2154/2019 1980/2112/1980
f 1967/2114/1967 1/2155/1 2006/2156/2006
f 1993/2111/1993 2033/2157/2033 1994/2115/1994
f 1980/2112/1980 2020/2158/2020 1981/2116/1981
f 1967/2114/1967 2007/2159/2007 1968/2117/1968
f 1994/2115/1994 2034/2160/2034 1995/2118/1995
f 1981/2116/1981 2021/2161/2021 1982/2119/1982
f 1968/2117/1968 2008/2162/2008 1969/2120/1969
f 1996/2121/1996 2034/2160/2034 2035/2163/2035
f 1983/2122/1983 2021/2161/2021 2022/2164/2022
f 1969/2120/1969 2009/2165/2009 1970/2123/1970
f 1996/2121/1996 2036/2166/2036 1997/2124/1997
f 1983/2122/1983 2023/2167/2023 1984/2125/1984
f 1970/2123/1970 2010/2168/2010 1971/2126/1971
f 1997/2124/1997 2037/2169/2037 1998/2127/1998
f 1984/2125/1984 2024/2170/2024 1985/2128/1985
f 1971/2126/1971 2011/2171/2011 1972/2129/1972
f 1998/2127/1998 2038/2133/2038 1999/2090/1999
f 2011/2171/2011 2049/2172/2049 2050/2173/2050
f 2037/2169/2037 2077/2174/2077 2038/2133/2038
f 2024/2170/2024 2064/2175/2064 2025/2131/2025
f 2011/2171/2011 2051/2176/2051 2012/2132/2012
f 2039/2134/2039 2077/2174/2077 2078/2177/2078
f 2026/2135/2026 2064/2175/2064 2065/2178/2065
f 2013/2136/2013 2051/2176/2051 2052/2179/2052
f 2039/2134/2039 2079/2180/2079 2040/2137/2040
f 2026/2135/2026 2066/2181/2066 2027/2138/2027
f 2013/2136/2013 2053/2182/2053 2014/2139/2014
f 2041/2140/2041 2079/2180/2079 2080/2183/2080
f 2028/2141/2028 2066/2181/2066 2067/2184/2067
f 2015/2142/2015 2053/2182/2053 2054/2185/2054
f 2042/2143/2042 2080/2183/2080 2081/2186/2081
f 2028/2141/2028 2068/2187/2068 2029/2144/2029
f 2015/2142/2015 2055/2188/2055 2016/2145/2016
f 2043/2146/2043 2081/2186/2081 2082/2189/2082
f 2029/2144/2029 2069/2190/2069 2030/2147/2030
f 2017/2148/2017 2055/2188/2055 2056/2191/2056
f 2044/2149/2044 2082/2189/2082 2083/2192/2083
f 2031/2150/2031 2069/2190/2069 2070/2193/2070
f 2018/2151/2018 2056/2191/2056 2057/2194/2057
f 16/2195/16 2044/2149/2044 2083/2192/2083
f 2032/2153/2032 2070/2193/2070 2071/2196/2071
f 2018/2151/2018 2058/2197/2058 2019/2154/2019
f 2006/2156/2006 1/2198/1 2045/2199/2045
f 2032/2153/2032 2072/2200/2072 2033/2157/2033
f 2019/2154/2019 2059/2201/2059 2020/2158/2020
f 2006/2156/2006 2046/2202/2046 2007/2159/2007
f 2033/2157/2033 2073/2203/2073 2034/2160/2034
f 2021/2161/2021 2059/2201/2059 2060/2204/2060
f 2007/2159/2007 2047/2205/2047 2008/2162/2008
f 2035/2163/2035 2073/2203/2073 2074/2206/2074
f 2022/2164/2022 2060/2204/2060 2061/2207/2061
f 2008/2162/2008 2048/2208/2048 2009/2165/2009
f 2035/2163/2035 2075/2209/2075 2036/2166/2036
f 2022/2164/2022 2062/2210/2062 2023/2167/2023
f 2009/2165/2009 2049/2172/2049 2010/2168/2010
f 2036/2166/2036 2076/2211/2076 2037/2169/2037
f 2024/2170/2024 2062/2210/2062 2063/2212/2063
f 2063/2212/2063 2101/2213/2101 2102/2214/2102
f 2049/2172/2049 2089/2215/2089 2050/2173/2050
f 2076/2211/2076 2116/2216/2116 2077/2174/2077
f 2063/2212/2063 2103/2217/2103 2064/2175/2064
f 2050/2173/2050 2090/2218/2090 2051/2176/2051
f 2078/2177/2078 2116/2216/2116 2117/2219/2117
f 2065/2178/2065 2103/2217/2103 2104/2220/2104
f 2052/2179/2052 2090/2218/2090 2091/2221/2091
f 2078/2177/2078 2118/2222/2118 2079/2180/2079
f 2065/2178/2065 2105/2223/2105 2066/2181/2066
f 2052/2179/2052 2092/2224/2092 2053/2182/2053
f 2080/2183/2080 2118/2222/2118 2119/2225/2119
f 2067/2184/2067 2105/2223/2105 2106/2226/2106
f 2053/2182/2053 2093/2227/2093 2054/2185/2054
f 2080/2183/2080 2120/2228/2120 2081/2186/2081
f 2067/2184/2067 2107/2229/2107 2068/2187/2068
f 2054/2185/2054 2094/2230/2094 2055/2188/2055
f 2082/2189/2082 2120/2228/2120 2121/2231/2121
f 2068/2187/2068 2108/2232/2108 2069/2190/2069
f 2056/2191/2056 2094/2230/2094 2095/2233/2095
f 2082/2189/2082 2122/2234/2122 2083/2192/2083
f 2070/2193/2070 2108/2232/2108 2109/2235/2109
f 2057/2194/2057 2095/2233/2095 2096/2236/2096
f 16/2237/16 2083/2192/2083 2122/2234/2122
f 2070/2193/2070 2110/2238/2110 2071/2196/2071
f 2057/2194/2057 2097/2239/2097 2058/2197/2058
f 2045/2199/2045 1/2240/1 2084/2241/2084
f 2071/2196/2071 2111/2242/2111 2072/2200/2072
f 2058/2197/2058 2098/2243/2098 2059/2201/2059
f 2045/2199/2045 2085/2244/2085 2046/2202/2046
f 2072/2200/2072 2112/2245/2112 2073/2203/2073
f 2059/2201/2059 2099/2246/2099 2060/2204/2060
f 2046/2202/2046 2086/2247/2086 2047/2205/2047
f 2074/2206/2074 2112/2245/2112 2113/2248/2113
f 2061/2207/2061 2099/2246/2099 2100/2249/2100
f 2047/2205/2047 2087/2250/2087 2048/2208/2048
f 2075/2209/2075 2113/2248/2113 2114/2251/2114
f 2061/2207/2061 2101/2213/2101 2062/2210/2062
f 2048/2208/2048 2088/2252/2088 2049/2172/2049
f 2075/2209/2075 2115/2253/2115 2076/2211/2076
f 2087/2250/2087 2127/2254/2127 2088/2252/2088
f 2114/2251/2114 2154/2255/2154 2115/2253/2115
f 2102/2214/2102 2140/2256/2140 2141/2257/2141
f 2088/2252/2088 2128/2258/2128 2089/2215/2089
f 2115/2253/2115 2155/2259/2155 2116/2216/2116
f 2102/2214/2102 2142/2260/2142 2103/2217/2103
f 2089/2215/2089 2129/2261/2129 2090/2218/2090
f 2117/2219/2117 2155/2259/2155 2156/2262/2156
f 2104/2220/2104 2142/2260/2142 2143/2263/2143
f 2091/2221/2091 2129/2261/2129 2130/2264/2130
f 2118/2222/2118 2156/2262/2156 2157/2265/2157
f 2104/2220/2104 2144/2266/2144 2105/2223/2105
f 2091/2221/2091 2131/2267/2131 2092/2224/2092
f 2119/2225/2119 2157/2265/2157 2158/2268/2158
f 2106/2226/2106 2144/2266/2144 2145/2269/2145
f 2093/2227/2093 2131/2267/2131 2132/2270/2132
f 2119/2225/2119 2159/2271/2159 2120/2228/2120
f 2106/2226/2106 2146/2272/2146 2107/2229/2107
f 2093/2227/2093 2133/2273/2133 2094/2230/2094
f 2120/2228/2120 2160/2274/2160 2121/2231/2121
f 2107/2229/2107 2147/2275/2147 2108/2232/2108
f 2095/2233/2095 2133/2273/2133 2134/2276/2134
f 2121/2231/2121 2161/2277/2161 2122/2234/2122
f 2109/2235/2109 2147/2275/2147 2148/2278/2148
f 2096/2236/2096 2134/2276/2134 2135/2279/2135
f 16/2280/16 2122/2234/2122 2161/2277/2161
f 2110/2238/2110 2148/2278/2148 2149/2281/2149
f 2096/2236/2096 2136/2282/2136 2097/2239/2097
f 2084/2241/2084 1/2283/1 2123/2284/2123
f 2110/2238/2110 2150/2285/2150 2111/2242/2111
f 2097/2239/2097 2137/2286/2137 2098/2243/2098
f 2084/2241/2084 2124/2287/2124 2085/2244/2085
f 2111/2242/2111 2151/2288/2151 2112/2245/2112
f 2099/2246/2099 2137/2286/2137 2138/2289/2138
f 2085/2244/2085 2125/2290/2125 2086/2247/2086
f 2113/2248/2113 2151/2288/2151 2152/2291/2152
f 2100/2249/2100 2138/2289/2138 2139/2292/2139
f 2086/2247/2086 2126/2293/2126 2087/2250/2087
f 2113/2248/2113 2153/2294/2153 2114/2251/2114
f 2100/2249/2100 2140/2256/2140 2101/2213/2101
f 2152/2291/2152 2192/2295/2192 2153/2294/2153
f 2139/2292/2139 2179/2296/2179 2140/2256/2140
f 2126/2293/2126 2166/2297/2166 2127/2254/2127
f 2153/2294/2153 2193/2298/2193 2154/2255/2154
f 2141/2257/2141 2179/2296/2179 2180/2299/2180
f 2127/2254/2127 2167/2300/2167 2128/2258/2128
f 2154/2255/2154 2194/2301/2194 2155/2259/2155
f 2141/2257/2141 2181/2302/2181 2142/2260/2142
f 2128/2258/2128 2168/2303/2168 2129/2261/2129
f 2156/2262/2156 2194/2301/2194 2195/2304/2195
f 2143/2263/2143 2181/2302/2181 2182/2305/2182
f 2129/2261/2129 2169/2306/2169 2130/2264/2130
f 2156/2262/2156 2196/2307/2196 2157/2265/2157
f 2143/2263/2143 2183/2308/2183 2144/2266/2144
f 2130/2264/2130 2170/2309/2170 2131/2267/2131
f 2158/2268/2158 2196/2307/2196 2197/2310/2197
f 2145/2269/2145 2183/2308/2183 2184/2311/2184
f 2132/2270/2132 2170/2309/2170 2171/2312/2171
f 2159/2271/2159 2197/2310/2197 2198/2313/2198
f 2145/2269/2145 2185/2314/2185 2146/2272/2146
f 2132/2270/2132 2172/2315/2172 2133/2273/2133
f 2160/2274/2160 2198/2313/2198 2199/2316/2199
f 2146/2272/2146 2186/2317/2186 2147/2275/2147
f 2134/2276/2134 2172/2315/2172 2173/2318/2173
f 2161/2277/2161 2199/2316/2199 2200/2319/2200
f 2148/2278/2148 2186/2317/2186 2187/2320/2187
f 2135/2279/2135 2173/2318/2173 2174/2321/2174
f 16/2322/16 2161/2277/2161 2200/2319/2200
f 2149/2281/2149 2187/2320/2187 2188/2323/2188
f 2135/2279/2135 2175/2324/2175 2136/2282/2136
f 2123/2284/2123 1/2325/1 2162/2326/2162
f 2149/2281/2149 2189/2327/2189 2150/2285/2150
f 2136/2282/2136 2176/2328/2176 2137/2286/2137
f 2123/2284/2123 2163/2329/2163 2124/2287/2124
f 2150/2285/2150 2190/2330/2190 2151/2288/2151
f 2138/2289/2138 2176/2328/2176 2177/2331/2177
f 2124/2287/2124 2164/2332/2164 2125/2290/2125
f 2152/2291/2152 2190/2330/2190 2191/2333/2191
f 2139/2292/2139 2177/2331/2177 2178/2334/2178
f 2126/2293/2126 2164/2332/2164 2165/2335/2165
f 2178/2334/2178 2216/2336/2216 2217/2337/2217
f 2165/2335/2165 2203/2338/2203 2204/2339/2204
f 2192/2295/2192 2230/2340/2230 2231/2341/2231
f 2178/2334/2178 2218/2342/2218 2179/2296/2179
f 2165/2335/2165 2205/2343/2205 2166/2297/2166
f 2192/2295/2192 2232/2344/2232 2193/2298/2193
f 2180/2299/2180 2218/2342/2218 2219/2345/2219
f 2166/2297/2166 2206/2346/2206 2167/2300/2167
f 2193/2298/2193 2233/2347/2233 2194/2301/2194
f 2180/2299/2180 2220/2348/2220 2181/2302/2181
f 2167/2300/2167 2207/2349/2207 2168/2303/2168
f 2195/2304/2195 2233/2347/2233 2234/2350/2234
f 2182/2305/2182 2220/2348/2220 2221/2351/2221
f 2168/2303/2168 2208/2352/2208 2169/2306/2169
f 2195/2304/2195 2235/2353/2235 2196/2307/2196
f 2182/2305/2182 2222/2354/2222 2183/2308/2183
f 2169/2306/2169 2209/2355/2209 2170/2309/2170
f 2197/2310/2197 2235/2353/2235 2236/2356/2236
f 2184/2311/2184 2222/2354/2222 2223/2357/2223
f 2170/2309/2170 2210/2358/2210 2171/2312/2171
f 2197/2310/2197 2237/2359/2237 2198/2313/2198
f 2184/2311/2184 2224/2360/2224 2185/2314/2185
f 2171/2312/2171 2211/2361/2211 2172/2315/2172
f 2199/2316/2199 2237/2359/2237 2238/2362/2238
f 2185/2314/2185 2225/2363/2225 2186/2317/2186
f 2173/2318/2173 2211/2361/2211 2212/2364/2212
f 2200/2319/2200 2238/2362/2238 2239/2365/2239
f 2187/2320/2187 2225/2363/2225 2226/2366/2226
f 2174/2321/2174 2212/2364/2212 2213/2367/2213
f 16/2368/16 2200/2319/2200 2239/2365/2239
f 2188/2323/2188 2226/2366/2226 2227/2369/2227
f 2174/2321/2174 2214/2370/2214 2175/2324/2175
f 2162/2326/2162 1/2371/1 2201/2372/2201
f 2188/2323/2188 2228/2373/2228 2189/2327/2189
f 2175/2324/2175 2215/2374/2215 2176/2328/2176
f 2163/2329/2163 2201/2372/2201 2202/2375/2202
f 2189/2327/2189 2229/2376/2229 2190/2330/2190
f 2177/2331/2177 2215/2374/2215 2216/2336/2216
f 2163/2329/2163 2203/2338/2203 2164/2332/2164
f 2191/2333/2191 2229/2376/2229 2230/2340/2230
f 2202/2375/2202 2242/2377/2242 2203/2338/2203
f 2230/2340/2230 2268/2378/2268 2269/2379/2269
f 2217/2337/2217 2255/2380/2255 2256/2381/2256
f 2203/2338/2203 2243/2382/2243 2204/2339/2204
f 2231/2341/2231 2269/2379/2269 2270/2383/2270
f 2217/2337/2217 2257/2384/2257 2218/2342/2218
f 2204/2339/2204 2244/2385/2244 2205/2343/2205
f 2231/2341/2231 2271/2386/2271 2232/2344/2232
f 2219/2345/2219 2257/2384/2257 2258/2387/2258
f 2206/2346/2206 2244/2385/2244 2245/2388/2245
f 2232/2344/2232 2272/2389/2272 2233/2347/2233
f 2219/2345/2219 2259/2390/2259 2220/2348/2220
f 2206/2346/2206 2246/2391/2246 2207/2349/2207
f 2234/2350/2234 2272/2389/2272 2273/2392/2273
f 2221/2351/2221 2259/2390/2259 2260/2393/2260
f 2207/2349/2207 2247/2394/2247 2208/2352/2208
f 2234/2350/2234 2274/2395/2274 2235/2353/2235
f 2221/2351/2221 2261/2396/2261 2222/2354/2222
f 2208/2352/2208 2248/2397/2248 2209/2355/2209
f 2236/2356/2236 2274/2395/2274 2275/2398/2275
f 2223/2357/2223 2261/2396/2261 2262/2399/2262
f 2209/2355/2209 2249/2400/2249 2210/2358/2210
f 2237/2359/2237 2275/2398/2275 2276/2401/2276
f 2223/2357/2223 2263/2402/2263 2224/2360/2224
f 2210/2358/2210 2250/2403/2250 2211/2361/2211
f 2237/2359/2237 2277/2404/2277 2238/2362/2238
f 2224/2360/2224 2264/2405/2264 2225/2363/2225
f 2212/2364/2212 2250/2403/2250 2251/2406/2251
f 2239/2365/2239 2277/2404/2277 2278/2407/2278
f 2226/2366/2226 2264/2405/2264 2265/2408/2265
f 2213/2367/2213 2251/2406/2251 2252/2409/2252
f 16/2410/16 2239/2365/2239 2278/2407/2278
f 2227/2369/2227 2265/2408/2265 2266/2411/2266
f 2213/2367/2213 2253/2412/2253 2214/2370/2214
f 2201/2372/2201 1/2413/1 2240/2414/2240
f 2227/2369/2227 2267/2415/2267 2228/2373/2228
f 2214/2370/2214 2254/2416/2254 2215/2374/2215
f 2201/2372/2201 2241/2417/2241 2202/2375/2202
f 2228/2373/2228 2268/2378/2268 2229/2376/2229
f 2216/2336/2216 2254/2416/2254 2255/2380/2255
f 2255/2380/2255 2293/2418/2293 2294/2419/2294
f 2241/2417/2241 2281/2420/2281 2242/2377/2242
f 2269/2379/2269 2307/2421/2307 2308/2422/2308
f 2256/2381/2256 2294/2419/2294 2295/2423/2295
f 2243/2382/2243 2281/2420/2281 2282/2424/2282
f 2269/2379/2269 2309/2425/2309 2270/2383/2270
f 2256/2381/2256 2296/2426/2296 2257/2384/2257
f 2243/2382/2243 2283/2427/2283 2244/2385/2244
f 2270/2383/2270 2310/2428/2310 2271/2386/2271
f 2258/2387/2258 2296/2426/2296 2297/2429/2297
f 2244/2385/2244 2284/2430/2284 2245/2388/2245
f 2271/2386/2271 2311/2431/2311 2272/2389/2272
f 2258/2387/2258 2298/2432/2298 2259/2390/2259
f 2245/2388/2245 2285/2433/2285 2246/2391/2246
f 2273/2392/2273 2311/2431/2311 2312/2434/2312
f 2260/2393/2260 2298/2432/2298 2299/2435/2299
f 2247/2394/2247 2285/2433/2285 2286/2436/2286
f 2273/2392/2273 2313/2437/2313 2274/2395/2274
f 2260/2393/2260 2300/2438/2300 2261/2396/2261
f 2248/2397/2248 2286/2436/2286 2287/2439/2287
f 2275/2398/2275 2313/2437/2313 2314/2440/2314
f 2262/2399/2262 2300/2438/2300 2301/2441/2301
f 2248/2397/2248 2288/2442/2288 2249/2400/2249
f 2275/2398/2275 2315/2443/2315 2276/2401/2276
f 2262/2399/2262 2302/2444/2302 2263/2402/2263
f 2249/2400/2249 2289/2445/2289 2250/2403/2250
f 2277/2404/2277 2315/2443/2315 2316/2446/2316
f 2263/2402/2263 2303/2447/2303 2264/2405/2264
f 2251/2406/2251 2289/2445/2289 2290/2448/2290
f 2277/2404/2277 2317/2449/2317 2278/2407/2278
f 2265/2408/2265 2303/2447/2303 2304/2450/2304
f 2252/2409/2252 2290/2448/2290 2291/2451/2291
f 16/2452/16 2278/2407/2278 2317/2449/2317
f 2266/2411/2266 2304/2450/2304 2305/2453/2305
f 2252/2409/2252 2292/2454/2292 2253/2412/2253
f 2240/2414/2240 1/2455/1 2279/2456/2279
f 2266/2411/2266 2306/2457/2306 2267/2415/2267
f 2253/2412/2253 2293/2418/2293 2254/2416/2254
f 2240/2414/2240 2280/2458/2280 2241/2417/2241
f 2267/2415/2267 2307/2421/2307 2268/2378/2268
f 2279/2459/2279 2319/2460/2319 2280/2461/2280
f 2306/2462/2306 2346/2463/2346 2307/2464/2307
f 2294/2465/2294 2332/2466/2332 2333/2467/2333
f 2280/2461/2280 2320/2468/2320 2281/2469/2281
f 2308/2470/2308 2346/2463/2346 2347/2471/2347
f 2295/2472/2295 2333/2467/2333 2334/2473/2334
f 2281/2469/2281 2321/2474/2321 2282/2475/2282
f 2308/2470/2308 2348/2476/2348 2309/2477/2309
f 2295/2472/2295 2335/2478/2335 2296/2479/2296
f 2282/2475/2282 2322/2480/2322 2283/2481/2283
f 2309/2477/2309 2349/2482/2349 2310/2483/2310
f 2297/2484/2297 2335/2478/2335 2336/2485/2336
f 2284/2486/2284 2322/2480/2322 2323/2487/2323
f 2310/2483/2310 2350/2488/2350 2311/2489/2311
f 2297/2484/2297 2337/2490/2337 2298/2491/2298
f 2284/2486/2284 2324/2492/2324 2285/2493/2285
f 2312/2494/2312 2350/2488/2350 2351/2495/2351
f 2299/2496/2299 2337/2490/2337 2338/2497/2338
f 2285/2493/2285 2325/2498/2325 2286/2499/2286
f 2312/2494/2312 2352/2500/2352 2313/2501/2313
f 2299/2496/2299 2339/2502/2339 2300/2503/2300
f 2287/2504/2287 2325/2498/2325 2326/2505/2326
f 2314/2506/2314 2352/2500/2352 2353/2507/2353
f 2301/2508/2301 2339/2502/2339 2340/2509/2340
f 2288/2510/2288 2326/2505/2326 2327/2511/2327
f 2314/2506/2314 2354/2512/2354 2315/2513/2315
f 2301/2508/2301 2341/2514/2341 2302/2515/2302
f 2288/2510/2288 2328/2516/2328 2289/2517/2289
f 2316/2518/2316 2354/2512/2354 2355/2519/2355
f 2302/2515/2302 2342/2520/2342 2303/2521/2303
f 2290/2522/2290 2328/2516/2328 2329/2523/2329
f 2316/2518/2316 2356/2524/2356 2317/2525/2317
f 2304/2526/2304 2342/2520/2342 2343/2527/2343
f 2291/2528/2291 2329/2523/2329 2330/2529/2330
f 16/2530/16 2317/2525/2317 2356/2524/2356
f 2304/2526/2304 2344/2531/2344 2305/2532/2305
f 2291/2528/2291 2331/2533/2331 2292/2534/2292
f 2279/2459/2279 1/2535/1 2318/2536/2318
f 2305/2532/2305 2345/2537/2345 2306/2462/2306
f 2292/2534/2292 2332/2466/2332 2293/2538/2293
f 2344/2531/2344 2384/2539/2384 2345/2537/2345
f 2331/2533/2331 2371/2540/2371 2332/2466/2332
f 2318/2536/2318 2358/2541/2358 2319/2460/2319
f 2345/2537/2345 2385/2542/2385 2346/2463/2346
f 2333/2467/2333 2371/2540/2371 2372/2543/2372
f 2319/2460/2319 2359/2544/2359 2320/2468/2320
f 2347/2471/2347 2385/2542/2385 2386/2545/2386
f 2334/2473/2334 2372/2543/2372 2373/2546/2373
f 2321/2474/2321 2359/2544/2359 2360/2547/2360
f 2347/2471/2347 2387/2548/2387 2348/2476/2348
f 2334/2473/2334 2374/2549/2374 2335/2478/2335
f 2321/2474/2321 2361/2550/2361 2322/2480/2322
f 2348/2476/2348 2388/2551/2388 2349/2482/2349
f 2336/2485/2336 2374/2549/2374 2375/2552/2375
f 2322/2480/2322 2362/2553/2362 2323/2487/2323
f 2349/2482/2349 2389/2554/2389 2350/2488/2350
f 2336/2485/2336 2376/2555/2376 2337/2490/2337
f 2323/2487/2323 2363/2556/2363 2324/2492/2324
f 2351/2495/2351 2389/2554/2389 2390/2557/2390
f 2338/2497/2338 2376/2555/2376 2377/2558/2377
f 2325/2498/2325 2363/2556/2363 2364/2559/2364
f 2351/2495/2351 2391/2560/2391 2352/2500/2352
f 2338/2497/2338 2378/2561/2378 2339/2502/2339
f 2326/2505/2326 2364/2559/2364 2365/2562/2365
f 2353/2507/2353 2391/2560/2391 2392/2563/2392
f 2340/2509/2340 2378/2561/2378 2379/2564/2379
f 2327/2511/2327 2365/2562/2365 2366/2565/2366
f 2353/2507/2353 2393/2566/2393 2354/2512/2354
f 2340/2509/2340 2380/2567/2380 2341/2514/2341
f 2327/2511/2327 2367/2568/2367 2328/2516/2328
f 2354/2512/2354 2394/2569/2394 2355/2519/2355
f 2341/2514/2341 2381/2570/2381 2342/2520/2342
f 2329/2523/2329 2367/2568/2367 2368/2571/2368
f 2355/2519/2355 2395/2572/2395 2356/2524/2356
f 2343/2527/2343 2381/2570/2381 2382/2573/2382
f 2330/2529/2330 2368/2571/2368 2369/2574/2369
f 16/2575/16 2356/2524/2356 2395/2572/2395
f 2344/2531/2344 2382/2573/2382 2383/2576/2383
f 2330/2529/2330 2370/2577/2370 2331/2533/2331
f 2318/2536/2318 1/2578/1 2357/2579/2357
f 2389/2554/2389 2427/2580/2427 2428/2581/2428
f 2369/2574/2369 2409/2582/2409 2370/2577/2370
f 2375/2552/2375 2415/2583/2415 2376/2555/2376
f 2357/2579/2357 1/2584/1 2396/2585/2396
f 2390/2557/2390 2428/2581/2428 2429/2586/2429
f 2377/2558/2377 2415/2583/2415 2416/2587/2416
f 2357/2579/2357 2397/2588/2397 2358/2541/2358
f 2390/2557/2390 2430/2589/2430 2391/2560/2391
f 2377/2558/2377 2417/2590/2417 2378/2561/2378
f 2358/2541/2358 2398/2591/2398 2359/2544/2359
f 2391/2560/2391 2431/2592/2431 2392/2563/2392
f 2379/2564/2379 2417/2590/2417 2418/2593/2418
f 2360/2547/2360 2398/2591/2398 2399/2594/2399
f 2392/2563/2392 2432/2595/2432 2393/2566/2393
f 2360/2547/2360 2400/2596/2400 2361/2550/2361
f 2379/2564/2379 2419/2597/2419 2380/2567/2380
f 2394/2569/2394 2432/2595/2432 2433/2598/2433
f 2362/2553/2362 2400/2596/2400 2401/2599/2401
f 2380/2567/2380 2420/2600/2420 2381/2570/2381
f 2394/2569/2394 2434/2601/2434 2395/2572/2395
f 2362/2553/2362 2402/2602/2402 2363/2556/2363
f 2382/2573/2382 2420/2600/2420 2421/2603/2421
f 16/2604/16 2395/2572/2395 2434/2601/2434
f 2363/2556/2363 2403/2605/2403 2364/2559/2364
f 2383/2576/2383 2421/2603/2421 2422/2606/2422
f 2383/2576/2383 2423/2607/2423 2384/2539/2384
f 2365/2562/2365 2403/2605/2403 2404/2608/2404
f 2370/2577/2370 2410/2609/2410 2371/2540/2371
f 2384/2539/2384 2424/2610/2424 2385/2542/2385
f 2365/2562/2365 2405/2611/2405 2366/2565/2366
f 2372/2543/2372 2410/2609/2410 2411/2612/2411
f 2386/2545/2386 2424/2610/2424 2425/2613/2425
f 2366/2565/2366 2406/2614/2406 2367/2568/2367
f 2373/2546/2373 2411/2612/2411 2412/2615/2412
f 2386/2545/2386 2426/2616/2426 2387/2548/2387
f 2368/2571/2368 2406/2614/2406 2407/2617/2407
f 2373/2546/2373 2413/2618/2413 2374/2549/2374
f 2387/2548/2387 2427/2580/2427 2388/2551/2388
f 2369/2574/2369 2407/2617/2407 2408/2619/2408
f 2375/2552/2375 2413/2618/2413 2414/2620/2414
f 2414/2620/2414 2452/2621/2452 2453/2622/2453
f 2401/2599/2401 2439/2623/2439 2440/2624/2440
f 2427/2580/2427 2467/2625/2467 2428/2581/2428
f 2414/2620/2414 2454/2626/2454 2415/2583/2415
f 2401/2599/2401 2441/2627/2441 2402/2602/2402
f 2429/2586/2429 2467/2625/2467 2468/2628/2468
f 2416/2587/2416 2454/2626/2454 2455/2629/2455
f 2403/2605/2403 2441/2627/2441 2442/2630/2442
f 2429/2586/2429 2469/2631/2469 2430/2589/2430
f 2416/2587/2416 2456/2632/2456 2417/2590/2417
f 2404/2608/2404 2442/2630/2442 2443/2633/2443
f 2431/2592/2431 2469/2631/2469 2470/2634/2470
f 2418/2593/2418 2456/2632/2456 2457/2635/2457
f 2404/2608/2404 2444/2636/2444 2405/2611/2405
f 2431/2592/2431 2471/2637/2471 2432/2595/2432
f 2418/2593/2418 2458/2638/2458 2419/2597/2419
f 2405/2611/2405 2445/2639/2445 2406/2614/2406
f 2433/2598/2433 2471/2637/2471 2472/2640/2472
f 2419/2597/2419 2459/2641/2459 2420/2600/2420
f 2407/2617/2407 2445/2639/2445 2446/2642/2446
f 2433/2598/2433 2473/2643/2473 2434/2601/2434
f 2421/2603/2421 2459/2641/2459 2460/2644/2460
f 2408/2619/2408 2446/2642/2446 2447/2645/2447
f 16/2646/16 2434/2601/2434 2473/2643/2473
f 2422/2606/2422 2460/2644/2460 2461/2647/2461
f 2408/2619/2408 2448/2648/2448 2409/2582/2409
f 2396/2585/2396 1/2649/1 2435/2650/2435
f 2422/2606/2422 2462/2651/2462 2423/2607/2423
f 2409/2582/2409 2449/2652/2449 2410/2609/2410
f 2397/2588/2397 2435/2650/2435 2436/2653/2436
f 2423/2607/2423 2463/2654/2463 2424/2610/2424
f 2411/2612/2411 2449/2652/2449 2450/2655/2450
f 2397/2588/2397 2437/2656/2437 2398/2591/2398
f 2425/2613/2425 2463/2654/2463 2464/2657/2464
f 2412/2615/2412 2450/2655/2450 2451/2658/2451
f 2399/2594/2399 2437/2656/2437 2438/2659/2438
f 2425/2613/2425 2465/2660/2465 2426/2616/2426
f 2412/2615/2412 2452/2621/2452 2413/2618/2413
f 2399/2594/2399 2439/2623/2439 2400/2596/2400
f 2426/2616/2426 2466/2661/2466 2427/2580/2427
f 2438/2659/2438 2478/2662/2478 2439/2623/2439
f 2466/2661/2466 2504/2663/2504 2505/2664/2505
f 2453/2622/2453 2491/2665/2491 2492/2666/2492
f 2440/2624/2440 2478/2662/2478 2479/2667/2479
f 2467/2625/2467 2505/2664/2505 2506/2668/2506
f 2453/2622/2453 2493/2669/2493 2454/2626/2454
f 2440/2624/2440 2480/2670/2480 2441/2627/2441
f 2468/2628/2468 2506/2668/2506 2507/2671/2507
f 2455/2629/2455 2493/2669/2493 2494/2672/2494
f 2442/2630/2442 2480/2670/2480 2481/2673/2481
f 2468/2628/2468 2508/2674/2508 2469/2631/2469
f 2455/2629/2455 2495/2675/2495 2456/2632/2456
f 2442/2630/2442 2482/2676/2482 2443/2633/2443
f 2470/2634/2470 2508/2674/2508 2509/2677/2509
f 2457/2635/2457 2495/2675/2495 2496/2678/2496
f 2444/2636/2444 2482/2676/2482 2483/2679/2483
f 2470/2634/2470 2510/2680/2510 2471/2637/2471
f 2457/2635/2457 2497/2681/2497 2458/2638/2458
f 2444/2636/2444 2484/2682/2484 2445/2639/2445
f 2472/2640/2472 2510/2680/2510 2511/2683/2511
f 2458/2638/2458 2498/2684/2498 2459/2641/2459
f 2446/2642/2446 2484/2682/2484 2485/2685/2485
f 2472/2640/2472 2512/2686/2512 2473/2643/2473
f 2460/2644/2460 2498/2684/2498 2499/2687/2499
f 2447/2645/2447 2485/2685/2485 2486/2688/2486
f 16/2689/16 2473/2643/2473 2512/2686/2512
f 2461/2647/2461 2499/2687/2499 2500/2690/2500
f 2447/2645/2447 2487/2691/2487 2448/2648/2448
f 2435/2650/2435 1/2692/1 2474/2693/2474
f 2461/2647/2461 2501/2694/2501 2462/2651/2462
f 2448/2648/2448 2488/2695/2488 2449/2652/2449
f 2435/2650/2435 2475/2696/2475 2436/2653/2436
f 2462/2651/2462 2502/2697/2502 2463/2654/2463
f 2450/2655/2450 2488/2695/2488 2489/2698/2489
f 2436/2653/2436 2476/2699/2476 2437/2656/2437
f 2464/2657/2464 2502/2697/2502 2503/2700/2503
f 2451/2658/2451 2489/2698/2489 2490/2701/2490
f 2437/2656/2437 2477/2702/2477 2438/2659/2438
f 2464/2657/2464 2504/2663/2504 2465/2660/2465
f 2451/2658/2451 2491/2665/2491 2452/2621/2452
f 2490/2701/2490 2530/2703/2530 2491/2665/2491
f 2477/2702/2477 2517/2704/2517 2478/2662/2478
f 2504/2663/2504 2544/2705/2544 2505/2664/2505
f 2492/2666/2492 2530/2703/2530 2531/2706/2531
f 2479/2667/2479 2517/2704/2517 2518/2707/2518
f 2506/2668/2506 2544/2705/2544 2545/2708/2545
f 2492/2666/2492 2532/2709/2532 2493/2669/2493
f 2479/2667/2479 2519/2710/2519 2480/2670/2480
f 2507/2671/2507 2545/2708/2545 2546/2711/2546
f 2494/2672/2494 2532/2709/2532 2533/2712/2533
f 2480/2670/2480 2520/2713/2520 2481/2673/2481
f 2507/2671/2507 2547/2714/2547 2508/2674/2508
f 2494/2672/2494 2534/2715/2534 2495/2675/2495
f 2481/2673/2481 2521/2716/2521 2482/2676/2482
f 2509/2677/2509 2547/2714/2547 2548/2717/2548
f 2496/2678/2496 2534/2715/2534 2535/2718/2535
f 2483/2679/2483 2521/2716/2521 2522/2719/2522
f 2509/2677/2509 2549/2720/2549 2510/2680/2510
f 2496/2678/2496 2536/2721/2536 2497/2681/2497
f 2483/2679/2483 2523/2722/2523 2484/2682/2484
f 2510/2680/2510 2550/2723/2550 2511/2683/2511
f 2497/2681/2497 2537/2724/2537 2498/2684/2498
f 2485/2685/2485 2523/2722/2523 2524/2725/2524
f 2511/2683/2511 2551/2726/2551 2512/2686/2512
f 2499/2687/2499 2537/2724/2537 2538/2727/2538
f 2486/2688/2486 2524/2725/2524 2525/2728/2525
f 16/2729/16 2512/2686/2512 2551/2726/2551
f 2500/2690/2500 2538/2727/2538 2539/2730/2539
f 2486/2688/2486 2526/2731/2526 2487/2691/2487
f 2474/2693/2474 1/2732/1 2513/2733/2513
f 2500/2690/2500 2540/2734/2540 2501/2694/2501
f 2487/2691/2487 2527/2735/2527 2488/2695/2488
f 2474/2693/2474 2514/2736/2514 2475/2696/2475
f 2501/2694/2501 2541/2737/2541 2502/2697/2502
f 2489/2698/2489 2527/2735/2527 2528/2738/2528
f 2475/2696/2475 2515/2739/2515 2476/2699/2476
f 2503/2700/2503 2541/2737/2541 2542/2740/2542
f 2490/2701/2490 2528/2738/2528 2529/2741/2529
f 2477/2702/2477 2515/2739/2515 2516/2742/2516
f 2503/2700/2503 2543/2743/2543 2504/2663/2504
f 2515/2739/2515 2555/2744/2555 2516/2742/2516
f 2542/2740/2542 2582/2745/2582 2543/2743/2543
f 2529/2741/2529 2569/2746/2569 2530/2703/2530
f 2516/2742/2516 2556/2747/2556 2517/2704/2517
f 2543/2743/2543 2583/2748/2583 2544/2705/2544
f 2531/2706/2531 2569/2746/2569 2570/2749/2570
f 2517/2704/2517 2557/2750/2557 2518/2707/2518
f 2544/2705/2544 2584/2751/2584 2545/2708/2545
f 2531/2706/2531 2571/2752/2571 2532/2709/2532
f 2518/2707/2518 2558/2753/2558 2519/2710/2519
f 2546/2711/2546 2584/2751/2584 2585/2754/2585
f 2533/2712/2533 2571/2752/2571 2572/2755/2572
f 2520/2713/2520 2558/2753/2558 2559/2756/2559
f 2547/2714/2547 2585/2754/2585 2586/2757/2586
f 2533/2712/2533 2573/2758/2573 2534/2715/2534
f 2520/2713/2520 2560/2759/2560 2521/2716/2521
f 2548/2717/2548 2586/2757/2586 2587/2760/2587
f 2535/2718/2535 2573/2758/2573 2574/2761/2574
f 2522/2719/2522 2560/2759/2560 2561/2762/2561
f 2548/2717/2548 2588/2763/2588 2549/2720/2549
f 2535/2718/2535 2575/2764/2575 2536/2721/2536
f 2522/2719/2522 2562/2765/2562 2523/2722/2523
f 2549/2720/2549 2589/2766/2589 2550/2723/2550
f 2536/2721/2536 2576/2767/2576 2537/2724/2537
f 2524/2725/2524 2562/2765/2562 2563/2768/2563
f 2550/2723/2550 2590/2769/2590 2551/2726/2551
f 2538/2727/2538 2576/2767/2576 2577/2770/2577
f 2525/2728/2525 2563/2768/2563 2564/2771/2564
f 16/2772/16 2551/2726/2551 2590/2769/2590
f 2539/2730/2539 2577/2770/2577 2578/2773/2578
f 2525/2728/2525 2565/2774/2565 2526/2731/2526
f 2513/2733/2513 1/2775/1 2552/2776/2552
f 2539/2730/2539 2579/2777/2579 2540/2734/2540
f 2526/2731/2526 2566/2778/2566 2527/2735/2527
f 2514/2736/2514 2552/2776/2552 2553/2779/2553
f 2540/2734/2540 2580/2780/2580 2541/2737/2541
f 2528/2738/2528 2566/2778/2566 2567/2781/2567
f 2514/2736/2514 2554/2782/2554 2515/2739/2515
f 2542/2740/2542 2580/2780/2580 2581/2783/2581
f 2529/2741/2529 2567/2781/2567 2568/2784/2568
f 2581/2783/2581 2619/2785/2619 2620/2786/2620
f 2568/2784/2568 2606/2787/2606 2607/2788/2607
f 2555/2744/2555 2593/2789/2593 2594/2790/2594
f 2581/2783/2581 2621/2791/2621 2582/2745/2582
f 2568/2784/2568 2608/2792/2608 2569/2746/2569
f 2555/2744/2555 2595/2793/2595 2556/2747/2556
f 2582/2745/2582 2622/2794/2622 2583/2748/2583
f 2570/2749/2570 2608/2792/2608 2609/2795/2609
f 2557/2750/2557 2595/2793/2595 2596/2796/2596
f 2583/2748/2583 2623/2797/2623 2584/2751/2584
f 2570/2749/2570 2610/2798/2610 2571/2752/2571
f 2557/2750/2557 2597/2799/2597 2558/2753/2558
f 2585/2754/2585 2623/2797/2623 2624/2800/2624
f 2571/2752/2571 2611/2801/2611 2572/2755/2572
f 2559/2756/2559 2597/2799/2597 2598/2802/2598
f 2585/2754/2585 2625/2803/2625 2586/2757/2586
f 2572/2755/2572 2612/2804/2612 2573/2758/2573
f 2560/2759/2560 2598/2802/2598 2599/2805/2599
f 2587/2760/2587 2625/2803/2625 2626/2806/2626
f 2574/2761/2574 2612/2804/2612 2613/2807/2613
f 2561/2762/2561 2599/2805/2599 2600/2808/2600
f 2587/2760/2587 2627/2809/2627 2588/2763/2588
f 2574/2761/2574 2614/2810/2614 2575/2764/2575
f 2561/2762/2561 2601/2811/2601 2562/2765/2562
f 2589/2766/2589 2627/2809/2627 2628/2812/2628
f 2576/2767/2576 2614/2810/2614 2615/2813/2615
f 2563/2768/2563 2601/2811/2601 2602/2814/2602
f 2589/2766/2589 2629/2815/2629 2590/2769/2590
f 2577/2770/2577 2615/2813/2615 2616/2816/2616
f 2564/2771/2564 2602/2814/2602 2603/2817/2603
f 16/2818/16 2590/2769/2590 2629/2815/2629
f 2577/2770/2577 2617/2819/2617 2578/2773/2578
f 2564/2771/2564 2604/2820/2604 2565/2774/2565
f 2552/2776/2552 1/2821/1 2591/2822/2591
f 2578/2773/2578 2618/2823/2618 2579/2777/2579
f 2565/2774/2565 2605/2824/2605 2566/2778/2566
f 2553/2779/2553 2591/2822/2591 2592/2825/2592
f 2579/2777/2579 2619/2785/2619 2580/2780/2580
f 2566/2778/2566 2606/2787/2606 2567/2781/2567
f 2553/2779/2553 2593/2789/2593 2554/2782/2554
f 2605/2824/2605 2645/2826/2645 2606/2787/2606
f 2592/2825/2592 2632/2827/2632 2593/2789/2593
f 2620/2786/2620 2658/2828/2658 2659/2829/2659
f 2607/2788/2607 2645/2826/2645 2646/2830/2646
f 2594/2790/2594 2632/2827/2632 2633/2831/2633
f 2620/2786/2620 2660/2832/2660 2621/2791/2621
f 2607/2788/2607 2647/2833/2647 2608/2792/2608
f 2594/2790/2594 2634/2834/2634 2595/2793/2595
f 2621/2791/2621 2661/2835/2661 2622/2794/2622
f 2609/2795/2609 2647/2833/2647 2648/2836/2648
f 2595/2793/2595 2635/2837/2635 2596/2796/2596
f 2623/2797/2623 2661/2835/2661 2662/2838/2662
f 2609/2795/2609 2649/2839/2649 2610/2798/2610
f 2596/2796/2596 2636/2840/2636 2597/2799/2597
f 2624/2800/2624 2662/2838/2662 2663/2841/2663
f 2611/2801/2611 2649/2839/2649 2650/2842/2650
f 2597/2799/2597 2637/2843/2637 2598/2802/2598
f 2625/2803/2625 2663/2841/2663 2664/2844/2664
f 2611/2801/2611 2651/2845/2651 2612/2804/2612
f 2599/2805/2599 2637/2843/2637 2638/2846/2638
f 2626/2806/2626 2664/2844/2664 2665/2847/2665
f 2613/2807/2613 2651/2845/2651 2652/2848/2652
f 2600/2808/2600 2638/2846/2638 2639/2849/2639
f 2626/2806/2626 2666/2850/2666 2627/2809/2627
f 2613/2807/2613 2653/2851/2653 2614/2810/2614
f 2600/2808/2600 2640/2852/2640 2601/2811/2601
f 2628/2812/2628 2666/2850/2666 2667/2853/2667
f 2614/2810/2614 2654/2854/2654 2615/2813/2615
f 2601/2811/2601 2641/2855/2641 2602/2814/2602
f 2628/2812/2628 2668/2856/2668 2629/2815/2629
f 2616/2816/2616 2654/2854/2654 2655/2857/2655
f 2603/2817/2603 2641/2855/2641 2642/2858/2642
f 16/2859/16 2629/2815/2629 2668/2856/2668
f 2617/2819/2617 2655/2857/2655 2656/2860/2656
f 2603/2817/2603 2643/2861/2643 2604/2820/2604
f 2591/2822/2591 1/2862/1 2630/2863/2630
f 2617/2819/2617 2657/2864/2657 2618/2823/2618
f 2604/2820/2604 2644/2865/2644 2605/2824/2605
f 2591/2822/2591 2631/2866/2631 2592/2825/2592
f 2618/2823/2618 2658/2828/2658 2619/2785/2619
f 2630/2863/2630 2670/2867/2670 2631/2866/2631
f 2658/2828/2658 2696/2868/2696 2697/2869/2697
f 2645/2826/2645 2683/2870/2683 2684/2871/2684
f 2631/2866/2631 2671/2872/2671 2632/2827/2632
f 2659/2829/2659 2697/2869/2697 2698/2873/2698
f 2646/2830/2646 2684/2871/2684 2685/2874/2685
f 2633/2831/2633 2671/2872/2671 2672/2875/2672
f 2659/2829/2659 2699/2876/2699 2660/2832/2660
f 2646/2830/2646 2686/2877/2686 2647/2833/2647
f 2633/2831/2633 2673/2878/2673 2634/2834/2634
f 2660/2832/2660 2700/2879/2700 2661/2835/2661
f 2648/2836/2648 2686/2877/2686 2687/2880/2687
f 2634/2834/2634 2674/2881/2674 2635/2837/2635
f 2662/2838/2662 2700/2879/2700 2701/2882/2701
f 2648/2836/2648 2688/2883/2688 2649/2839/2649
f 2635/2837/2635 2675/2884/2675 2636/2840/2636
f 2663/2841/2663 2701/2882/2701 2702/2885/2702
f 2650/2842/2650 2688/2883/2688 2689/2886/2689
f 2636/2840/2636 2676/2887/2676 2637/2843/2637
f 2663/2841/2663 2703/2888/2703 2664/2844/2664
f 2650/2842/2650 2690/2889/2690 2651/2845/2651
f 2637/2843/2637 2677/2890/2677 2638/2846/2638
f 2665/2847/2665 2703/2888/2703 2704/2891/2704
f 2652/2848/2652 2690/2889/2690 2691/2892/2691
f 2639/2849/2639 2677/2890/2677 2678/2893/2678
f 2665/2847/2665 2705/2894/2705 2666/2850/2666
f 2652/2848/2652 2692/2895/2692 2653/2851/2653
f 2639/2849/2639 2679/2896/2679 2640/2852/2640
f 2666/2850/2666 2706/2897/2706 2667/2853/2667
f 2653/2851/2653 2693/2898/2693 2654/2854/2654
f 2640/2852/2640 2680/2899/2680 2641/2855/2641
f 2667/2853/2667 2707/2900/2707 2668/2856/2668
f 2655/2857/2655 2693/2898/2693 2694/2901/2694
f 2642/2858/2642 2680/2899/2680 2681/2902/2681
f 16/2903/16 2668/2856/2668 2707/2900/2707
f 2656/2860/2656 2694/2901/2694 2695/2904/2695
f 2642/2858/2642 2682/2905/2682 2643/2861/2643
f 2630/2863/2630 1/2906/1 2669/2907/2669
f 2656/2860/2656 2696/2868/2696 2657/2864/2657
f 2643/2861/2643 2683/2870/2683 2644/2865/2644
f 2682/2905/2682 2722/2908/2722 2683/2870/2683
f 2669/2907/2669 2709/2909/2709 2670/2867/2670
f 2697/2869/2697 2735/2910/2735 2736/2911/2736
f 2684/2871/2684 2722/2908/2722 2723/2912/2723
f 2670/2867/2670 2710/2913/2710 2671/2872/2671
f 2698/2873/2698 2736/2911/2736 2737/2914/2737
f 2685/2874/2685 2723/2912/2723 2724/2915/2724
f 2671/2872/2671 2711/2916/2711 2672/2875/2672
f 2698/2873/2698 2738/2917/2738 2699/2876/2699
f 2685/2874/2685 2725/2918/2725 2686/2877/2686
f 2672/2875/2672 2712/2919/2712 2673/2878/2673
f 2699/2876/2699 2739/2920/2739 2700/2879/2700
f 2686/2877/2686 2726/2921/2726 2687/2880/2687
f 2673/2878/2673 2713/2922/2713 2674/2881/2674
f 2701/2882/2701 2739/2920/2739 2740/2923/2740
f 2687/2880/2687 2727/2924/2727 2688/2883/2688
f 2674/2881/2674 2714/2925/2714 2675/2884/2675
f 2702/2885/2702 2740/2923/2740 2741/2926/2741
f 2689/2886/2689 2727/2924/2727 2728/2927/2728
f 2675/2884/2675 2715/2928/2715 2676/2887/2676
f 2703/2888/2703 2741/2926/2741 2742/2929/2742
f 2689/2886/2689 2729/2930/2729 2690/2889/2690
f 2677/2890/2677 2715/2928/2715 2716/2931/2716
f 2704/2891/2704 2742/2929/2742 2743/2932/2743
f 2690/2889/2690 2730/2933/2730 2691/2892/2691
f 2678/2893/2678 2716/2931/2716 2717/2934/2717
f 2704/2891/2704 2744/2935/2744 2705/2894/2705
f 2691/2892/2691 2731/2936/2731 2692/2895/2692
f 2678/2893/2678 2718/2937/2718 2679/2896/2679
f 2706/2897/2706 2744/2935/2744 2745/2938/2745
f 2692/2895/2692 2732/2939/2732 2693/2898/2693
f 2679/2896/2679 2719/2940/2719 2680/2899/2680
f 2706/2897/2706 2746/2941/2746 2707/2900/2707
f 2694/2901/2694 2732/2939/2732 2733/2942/2733
f 2681/2902/2681 2719/2940/2719 2720/2943/2720
f 16/2944/16 2707/2900/2707 2746/2941/2746
f 2695/2904/2695 2733/2942/2733 2734/2945/2734
f 2681/2902/2681 2721/2946/2721 2682/2905/2682
f 2669/2907/2669 1/2947/1 2708/2948/2708
f 2695/2904/2695 2735/2910/2735 2696/2868/2696
f 2708/2948/2708 1/2949/1 2747/2950/2747
f 2734/2945/2734 2774/2951/2774 2735/2910/2735
f 2721/2946/2721 2761/2952/2761 2722/2908/2722
f 2708/2948/2708 2748/2953/2748 2709/2909/2709
f 2736/2911/2736 2774/2951/2774 2775/2954/2775
f 2723/2912/2723 2761/2952/2761 2762/2955/2762
f 2709/2909/2709 2749/2956/2749 2710/2913/2710
f 2737/2914/2737 2775/2954/2775 2776/2957/2776
f 2724/2915/2724 2762/2955/2762 2763/2958/2763
f 2710/2913/2710 2750/2959/2750 2711/2916/2711
f 2737/2914/2737 2777/2960/2777 2738/2917/2738
f 2724/2915/2724 2764/2961/2764 2725/2918/2725
f 2711/2916/2711 2751/2962/2751 2712/2919/2712
f 2738/2917/2738 2778/2963/2778 2739/2920/2739
f 2726/2921/2726 2764/2961/2764 2765/2964/2765
f 2712/2919/2712 2752/2965/2752 2713/2922/2713
f 2739/2920/2739 2779/2966/2779 2740/2923/2740
f 2726/2921/2726 2766/2967/2766 2727/2924/2727
f 2713/2922/2713 2753/2968/2753 2714/2925/2714
f 2741/2926/2741 2779/2966/2779 2780/2969/2780
f 2728/2927/2728 2766/2967/2766 2767/2970/2767
f 2714/2925/2714 2754/2971/2754 2715/2928/2715
f 2742/2929/2742 2780/2969/2780 2781/2972/2781
f 2728/2927/2728 2768/2973/2768 2729/2930/2729
f 2716/2931/2716 2754/2971/2754 2755/2974/2755
f 2743/2932/2743 2781/2972/2781 2782/2975/2782
f 2729/2930/2729 2769/2976/2769 2730/2933/2730
f 2717/2934/2717 2755/2974/2755 2756/2977/2756
f 2743/2932/2743 2783/2978/2783 2744/2935/2744
f 2730/2933/2730 2770/2979/2770 2731/2936/2731
f 2717/2934/2717 2757/2980/2757 2718/2937/2718
f 2744/2935/2744 2784/2981/2784 2745/2938/2745
f 2731/2936/2731 2771/2982/2771 2732/2939/2732
f 2718/2937/2718 2758/2983/2758 2719/2940/2719
f 2745/2938/2745 2785/2984/2785 2746/2941/2746
f 2733/2942/2733 2771/2982/2771 2772/2985/2772
f 2720/2943/2720 2758/2983/2758 2759/2986/2759
f 16/2987/16 2746/2941/2746 2785/2984/2785
f 2734/2945/2734 2772/2985/2772 2773/2988/2773
f 2720/2943/2720 2760/2989/2760 2721/2946/2721
f 2773/2988/2773 2811/2990/2811 2812/2991/2812
f 2759/2986/2759 2799/2992/2799 2760/2989/2760
f 2747/2950/2747 1/2993/1 2786/2994/2786
f 2773/2988/2773 2813/2995/2813 2774/2951/2774
f 2760/2989/2760 2800/2996/2800 2761/2952/2761
f 2747/2950/2747 2787/2997/2787 2748/2953/2748
f 2775/2954/2775 2813/2995/2813 2814/2998/2814
f 2762/2955/2762 2800/2996/2800 2801/2999/2801
f 2748/2953/2748 2788/3000/2788 2749/2956/2749
f 2776/2957/2776 2814/2998/2814 2815/3001/2815
f 2763/2958/2763 2801/2999/2801 2802/3002/2802
f 2749/2956/2749 2789/3003/2789 2750/2959/2750
f 2776/2957/2776 2816/3004/2816 2777/2960/2777
f 2763/2958/2763 2803/3005/2803 2764/2961/2764
f 2750/2959/2750 2790/3006/2790 2751/2962/2751
f 2777/2960/2777 2817/3007/2817 2778/2963/2778
f 2764/2961/2764 2804/3008/2804 2765/2964/2765
f 2751/2962/2751 2791/3009/2791 2752/2965/2752
f 2778/2963/2778 2818/3010/2818 2779/2966/2779
f 2765/2964/2765 2805/3011/2805 2766/2967/2766
f 2752/2965/2752 2792/3012/2792 2753/2968/2753
f 2780/2969/2780 2818/3010/2818 2819/3013/2819
f 2767/2970/2767 2805/3011/2805 2806/3014/2806
f 2753/2968/2753 2793/3015/2793 2754/2971/2754
f 2781/2972/2781 2819/3013/2819 2820/3016/2820
f 2768/2973/2768 2806/3014/2806 2807/3017/2807
f 2754/2971/2754 2794/3018/2794 2755/2974/2755
f 2782/2975/2782 2820/3016/2820 2821/3019/2821
f 2768/2973/2768 2808/3020/2808 2769/2976/2769
f 2756/2977/2756 2794/3018/2794 2795/3021/2795
f 2782/2975/2782 2822/3022/2822 2783/2978/2783
f 2769/2976/2769 2809/3023/2809 2770/2979/2770
f 2756/2977/2756 2796/3024/2796 2757/2980/2757
f 2783/2978/2783 2823/3025/2823 2784/2981/2784
f 2770/2979/2770 2810/3026/2810 2771/2982/2771
f 2757/2980/2757 2797/3027/2797 2758/2983/2758
f 2785/2984/2785 2823/3025/2823 2824/3028/2824
f 2772/2985/2772 2810/3026/2810 2811/2990/2811
f 2759/2986/2759 2797/3027/2797 2798/3029/2798
f 16/3030/16 2785/2984/2785 2824/3028/2824
f 2798/3029/2798 2836/3031/2836 2837/3032/2837
f 16/3033/16 2824/3028/2824 2863/3034/2863
f 2811/2990/2811 2851/3035/2851 2812/2991/2812
f 2798/3029/2798 2838/3036/2838 2799/2992/2799
f 2786/2994/2786 1/3037/1 2825/3038/2825
f 2812/2991/2812 2852/3039/2852 2813/2995/2813
f 2799/2992/2799 2839/3040/2839 2800/2996/2800
f 2786/2994/2786 2826/3041/2826 2787/2997/2787
f 2814/2998/2814 2852/3039/2852 2853/3042/2853
f 2801/2999/2801 2839/3040/2839 2840/3043/2840
f 2787/2997/2787 2827/3044/2827 2788/3000/2788
f 2815/3001/2815 2853/3042/2853 2854/3045/2854
f 2802/3002/2802 2840/3043/2840 2841/3046/2841
f 2788/3000/2788 2828/3047/2828 2789/3003/2789
f 2815/3001/2815 2855/3048/2855 2816/3004/2816
f 2803/3005/2803 2841/3046/2841 2842/3049/2842
f 2789/3003/2789 2829/3050/2829 2790/3006/2790
f 2817/3007/2817 2855/3048/2855 2856/3051/2856
f 2803/3005/2803 2843/3052/2843 2804/3008/2804
f 2790/3006/2790 2830/3053/2830 2791/3009/2791
f 2818/3010/2818 2856/3051/2856 2857/3054/2857
f 2804/3008/2804 2844/3055/2844 2805/3011/2805
f 2791/3009/2791 2831/3056/2831 2792/3012/2792
f 2819/3013/2819 2857/3054/2857 2858/3057/2858
f 2805/3011/2805 2845/3058/2845 2806/3014/2806
f 2792/3012/2792 2832/3059/2832 2793/3015/2793
f 2820/3016/2820 2858/3057/2858 2859/3060/2859
f 2807/3017/2807 2845/3058/2845 2846/3061/2846
f 2793/3015/2793 2833/3062/2833 2794/3018/2794
f 2821/3019/2821 2859/3060/2859 2860/3063/2860
f 2807/3017/2807 2847/3064/2847 2808/3020/2808
f 2795/3021/2795 2833/3062/2833 2834/3065/2834
f 2821/3019/2821 2861/3066/2861 2822/3022/2822
f 2808/3020/2808 2848/3067/2848 2809/3023/2809
f 2795/3021/2795 2835/3068/2835 2796/3024/2796
f 2822/3022/2822 2862/3069/2862 2823/3025/2823
f 2809/3023/2809 2849/3070/2849 2810/3026/2810
f 2796/3024/2796 2836/3031/2836 2797/3027/2797
f 2824/3028/2824 2862/3069/2862 2863/3034/2863
f 2811/2990/2811 2849/3070/2849 2850/3071/2850
f 2850/3071/2850 2888/3072/2888 2889/3073/2889
f 2837/3032/2837 2875/3074/2875 2876/3075/2876
f 16/3076/16 2863/3034/2863 2902/3077/2902
f 2851/3035/2851 2889/3073/2889 2890/3078/2890
f 2837/3032/2837 2877/3079/2877 2838/3036/2838
f 2825/3038/2825 1/3080/1 2864/3081/2864
f 2851/3035/2851 2891/3082/2891 2852/3039/2852
f 2838/3036/2838 2878/3083/2878 2839/3040/2839
f 2825/3038/2825 2865/3084/2865 2826/3041/2826
f 2853/3042/2853 2891/3082/2891 2892/3085/2892
f 2840/3043/2840 2878/3083/2878 2879/3086/2879
f 2826/3041/2826 2866/3087/2866 2827/3044/2827
f 2854/3045/2854 2892/3085/2892 2893/3088/2893
f 2841/3046/2841 2879/3086/2879 2880/3089/2880
f 2827/3044/2827 2867/3090/2867 2828/3047/2828
f 2854/3045/2854 2894/3091/2894 2855/3048/2855
f 2841/3046/2841 2881/3092/2881 2842/3049/2842
f 2828/3047/2828 2868/3093/2868 2829/3050/2829
f 2855/3048/2855 2895/3094/2895 2856/3051/2856
f 2842/3049/2842 2882/3095/2882 2843/3052/2843
f 2829/3050/2829 2869/3096/2869 2830/3053/2830
f 2857/3054/2857 2895/3094/2895 2896/3097/2896
f 2843/3052/2843 2883/3098/2883 2844/3055/2844
f 2830/3053/2830 2870/3099/2870 2831/3056/2831
f 2858/3057/2858 2896/3097/2896 2897/3100/2897
f 2844/3055/2844 2884/3101/2884 2845/3058/2845
f 2831/3056/2831 2871/3102/2871 2832/3059/2832
f 2859/3060/2859 2897/3100/2897 2898/3103/2898
f 2846/3061/2846 2884/3101/2884 2885/3104/2885
f 2833/3062/2833 2871/3102/2871 2872/3105/2872
f 2860/3063/2860 2898/3103/2898 2899/3106/2899
f 2846/3061/2846 2886/3107/2886 2847/3064/2847
f 2834/3065/2834 2872/3105/2872 2873/3108/2873
f 2860/3063/2860 2900/3109/2900 2861/3066/2861
f 2847/3064/2847 2887/3110/2887 2848/3067/2848
f 2834/3065/2834 2874/3111/2874 2835/3068/2835
f 2862/3069/2862 2900/3109/2900 2901/3112/2901
f 2848/3067/2848 2888/3072/2888 2849/3070/2849
f 2835/3068/2835 2875/3074/2875 2836/3031/2836
f 2862/3069/2862 2902/3077/2902 2863/3034/2863
f 2874/3111/2874 2914/3113/2914 2875/3074/2875
f 2901/3112/2901 2941/3114/2941 2902/3077/2902
f 2889/3073/2889 2927/3115/2927 2928/3116/2928
f 2876/3075/2876 2914/3113/2914 2915/3117/2915
f 16/3118/16 2902/3077/2902 2941/3114/2941
f 2890/3078/2890 2928/3116/2928 2929/3119/2929
f 2876/3075/2876 2916/3120/2916 2877/3079/2877
f 2864/3081/2864 1/3121/1 2903/3122/2903
f 2890/3078/2890 2930/3123/2930 2891/3082/2891
f 2877/3079/2877 2917/3124/2917 2878/3083/2878
f 2864/3081/2864 2904/3125/2904 2865/3084/2865
f 2892/3085/2892 2930/3123/2930 2931/3126/2931
f 2879/3086/2879 2917/3124/2917 2918/3127/2918
f 2865/3084/2865 2905/3128/2905 2866/3087/2866
f 2893/3088/2893 2931/3126/2931 2932/3129/2932
f 2880/3089/2880 2918/3127/2918 2919/3130/2919
f 2867/3090/2867 2905/3128/2905 2906/3131/2906
f 2893/3088/2893 2933/3132/2933 2894/3091/2894
f 2880/3089/2880 2920/3133/2920 2881/3092/2881
f 2867/3090/2867 2907/3134/2907 2868/3093/2868
f 2894/3091/2894 2934/3135/2934 2895/3094/2895
f 2881/3092/2881 2921/3136/2921 2882/3095/2882
f 2868/3093/2868 2908/3137/2908 2869/3096/2869
f 2896/3097/2896 2934/3135/2934 2935/3138/2935
f 2882/3095/2882 2922/3139/2922 2883/3098/2883
f 2869/3096/2869 2909/3140/2909 2870/3099/2870
f 2897/3100/2897 2935/3138/2935 2936/3141/2936
f 2884/3101/2884 2922/3139/2922 2923/3142/2923
f 2870/3099/2870 2910/3143/2910 2871/3102/2871
f 2898/3103/2898 2936/3141/2936 2937/3144/2937
f 2884/3101/2884 2924/3145/2924 2885/3104/2885
f 2872/3105/2872 2910/3143/2910 2911/3146/2911
f 2899/3106/2899 2937/3144/2937 2938/3147/2938
f 2885/3104/2885 2925/3148/2925 2886/3107/2886
f 2873/3108/2873 2911/3146/2911 2912/3149/2912
f 2899/3106/2899 2939/3150/2939 2900/3109/2900
f 2886/3107/2886 2926/3151/2926 2887/3110/2887
f 2873/3108/2873 2913/3152/2913 2874/3111/2874
f 2900/3109/2900 2940/3153/2940 2901/3112/2901
f 2887/3110/2887 2927/3115/2927 2888/3072/2888
f 2940/3153/2940 2978/3154/2978 2979/3155/2979
f 2926/3151/2926 2966/3156/2966 2927/3115/2927
f 2913/3152/2913 2953/3157/2953 2914/3113/2914
f 2941/3114/2941 2979/3155/2979 2980/3158/2980
f 2928/3116/2928 2966/3156/2966 2967/3159/2967
f 2915/3117/2915 2953/3157/2953 2954/3160/2954
f 16/3161/16 2941/3114/2941 2980/3158/2980
f 2929/3119/2929 2967/3159/2967 2968/3162/2968
f 2915/3117/2915 2955/3163/2955 2916/3120/2916
f 2903/3122/2903 1/3164/1 2942/3165/2942
f 2929/3119/2929 2969/3166/2969 2930/3123/2930
f 2916/3120/2916 2956/3167/2956 2917/3124/2917
f 2903/3122/2903 2943/3168/2943 2904/3125/2904
f 2930/3123/2930 2970/3169/2970 2931/3126/2931
f 2918/3127/2918 2956/3167/2956 2957/3170/2957
f 2904/3125/2904 2944/3171/2944 2905/3128/2905
f 2932/3129/2932 2970/3169/2970 2971/3172/2971
f 2919/3130/2919 2957/3170/2957 2958/3173/2958
f 2906/3131/2906 2944/3171/2944 2945/3174/2945
f 2932/3129/2932 2972/3175/2972 2933/3132/2933
f 2919/3130/2919 2959/3176/2959 2920/3133/2920
f 2906/3131/2906 2946/3177/2946 2907/3134/2907
f 2933/3132/2933 2973/3178/2973 2934/3135/2934
f 2920/3133/2920 2960/3179/2960 2921/3136/2921
f 2907/3134/2907 2947/3180/2947 2908/3137/2908
f 2935/3138/2935 2973/3178/2973 2974/3181/2974
f 2921/3136/2921 2961/3182/2961 2922/3139/2922
f 2908/3137/2908 2948/3183/2948 2909/3140/2909
f 2936/3141/2936 2974/3181/2974 2975/3184/2975
f 2922/3139/2922 2962/3185/2962 2923/3142/2923
f 2909/3140/2909 2949/3186/2949 2910/3143/2910
f 2937/3144/2937 2975/3184/2975 2976/3187/2976
f 2924/3145/2924 2962/3185/2962 2963/3188/2963
f 2911/3146/2911 2949/3186/2949 2950/3189/2950
f 2938/3147/2938 2976/3187/2976 2977/3190/2977
f 2924/3145/2924 2964/3191/2964 2925/3148/2925
f 2912/3149/2912 2950/3189/2950 2951/3192/2951
f 2938/3147/2938 2978/3154/2978 2939/3150/2939
f 2925/3148/2925 2965/3193/2965 2926/3151/2926
f 2912/3149/2912 2952/3194/2952 2913/3152/2913
f 2964/3191/2964 3004/3195/3004 2965/3193/2965
f 2951/3192/2951 2991/3196/2991 2952/3194/2952
f 2978/3154/2978 3018/3197/3018 2979/3155/2979
f 2965/3193/2965 3005/3198/3005 2966/3156/2966
f 2952/3194/2952 2992/3199/2992 2953/3157/2953
f 2979/3155/2979 3019/3200/3019 2980/3158/2980
f 2967/3159/2967 3005/3198/3005 3006/3201/3006
f 2954/3160/2954 2992/3199/2992 2993/3202/2993
f 16/3203/16 2980/3158/2980 3019/3200/3019
f 2967/3159/2967 3007/3204/3007 2968/3162/2968
f 2955/3163/2955 2993/3202/2993 2994/3205/2994
f 2942/3165/2942 1/3206/1 2981/3207/2981
f 2968/3162/2968 3008/3208/3008 2969/3166/2969
f 2955/3163/2955 2995/3209/2995 2956/3167/2956
f 2942/3165/2942 2982/3210/2982 2943/3168/2943
f 2970/3169/2970 3008/3208/3008 3009/3211/3009
f 2957/3170/2957 2995/3209/2995 2996/3212/2996
f 2943/3168/2943 2983/3213/2983 2944/3171/2944
f 2971/3172/2971 3009/3211/3009 3010/3214/3010
f 2957/3170/2957 2997/3215/2997 2958/3173/2958
f 2945/3174/2945 2983/3213/2983 2984/3216/2984
f 2971/3172/2971 3011/3217/3011 2972/3175/2972
f 2958/3173/2958 2998/3218/2998 2959/3176/2959
f 2945/3174/2945 2985/3219/2985 2946/3177/2946
f 2972/3175/2972 3012/3220/3012 2973/3178/2973
f 2959/3176/2959 2999/3221/2999 2960/3179/2960
f 2946/3177/2946 2986/3222/2986 2947/3180/2947
f 2974/3181/2974 3012/3220/3012 3013/3223/3013
f 2961/3182/2961 2999/3221/2999 3000/3224/3000
f 2947/3180/2947 2987/3225/2987 2948/3183/2948
f 2975/3184/2975 3013/3223/3013 3014/3226/3014
f 2961/3182/2961 3001/3227/3001 2962/3185/2962
f 2948/3183/2948 2988/3228/2988 2949/3186/2949
f 2975/3184/2975 3015/3229/3015 2976/3187/2976
f 2963/3188/2963 3001/3227/3001 3002/3230/3002
f 2950/3189/2950 2988/3228/2988 2989/3231/2989
f 2977/3190/2977 3015/3229/3015 3016/3232/3016
f 2963/3188/2963 3003/3233/3003 2964/3191/2964
f 2951/3192/2951 2989/3231/2989 2990/3234/2990
f 2977/3190/2977 3017/3235/3017 2978/3154/2978
f 2990/3234/2990 3028/3236/3028 3029/3237/3029
f 3016/3232/3016 3056/3238/3056 3017/3235/3017
f 3003/3233/3003 3043/3239/3043 3004/3195/3004
f 2990/3234/2990 3030/3240/3030 2991/3196/2991
f 3017/3235/3017 3057/3241/3057 3018/3197/3018
f 3004/3195/3004 3044/3242/3044 3005/3198/3005
f 2991/3196/2991 3031/3243/3031 2992/3199/2992
f 3019/3200/3019 3057/3241/3057 3058/3244/3058
f 3006/3201/3006 3044/3242/3044 3045/3245/3045
f 2993/3202/2993 3031/3243/3031 3032/3246/3032
f 16/3247/16 3019/3200/3019 3058/3244/3058
f 3007/3204/3007 3045/3245/3045 3046/3248/3046
f 2993/3202/2993 3033/3249/3033 2994/3205/2994
f 2981/3207/2981 1/3250/1 3020/3251/3020
f 3007/3204/3007 3047/3252/3047 3008/3208/3008
f 2994/3205/2994 3034/3253/3034 2995/3209/2995
f 2981/3207/2981 3021/3254/3021 2982/3210/2982
f 3009/3211/3009 3047/3252/3047 3048/3255/3048
f 2996/3212/2996 3034/3253/3034 3035/3256/3035
f 2982/3210/2982 3022/3257/3022 2983/3213/2983
f 3010/3214/3010 3048/3255/3048 3049/3258/3049
f 2997/3215/2997 3035/3256/3035 3036/3259/3036
f 2983/3213/2983 3023/3260/3023 2984/3216/2984
f 3010/3214/3010 3050/3261/3050 3011/3217/3011
f 2997/3215/2997 3037/3262/3037 2998/3218/2998
f 2984/3216/2984 3024/3263/3024 2985/3219/2985
f 3012/3220/3012 3050/3261/3050 3051/3264/3051
f 2998/3218/2998 3038/3265/3038 2999/3221/2999
f 2985/3219/2985 3025/3266/3025 2986/3222/2986
f 3013/3223/3013 3051/3264/3051 3052/3267/3052
f 3000/3224/3000 3038/3265/3038 3039/3268/3039
f 2986/3222/2986 3026/3269/3026 2987/3225/2987
f 3014/3226/3014 3052/3267/3052 3053/3270/3053
f 3000/3224/3000 3040/3271/3040 3001/3227/3001
f 2987/3225/2987 3027/3272/3027 2988/3228/2988
f 3014/3226/3014 3054/3273/3054 3015/3229/3015
f 3002/3230/3002 3040/3271/3040 3041/3274/3041
f 2988/3228/2988 3028/3236/3028 2989/3231/2989
f 3016/3232/3016 3054/3273/3054 3055/3275/3055
f 3003/3233/3003 3041/3274/3041 3042/3276/3042
f 3041/3274/3041 3081/3277/3081 3042/3276/3042
f 3029/3237/3029 3067/3278/3067 3068/3279/3068
f 3055/3275/3055 3095/3280/3095 3056/3238/3056
f 3042/3276/3042 3082/3281/3082 3043/3239/3043
f 3029/3237/3029 3069/3282/3069 3030/3240/3030
f 3057/3241/3057 3095/3280/3095 3096/3283/3096
f 3043/3239/3043 3083/3284/3083 3044/3242/3044
f 3030/3240/3030 3070/3285/3070 3031/3243/3031
f 3058/3244/3058 3096/3283/3096 3097/3286/3097
f 3045/3245/3045 3083/3284/3083 3084/3287/3084
f 3032/3246/3032 3070/3285/3070 3071/3288/3071
f 16/3289/16 3058/3244/3058 3097/3286/3097
f 3046/3248/3046 3084/3287/3084 3085/3290/3085
f 3032/3246/3032 3072/3291/3072 3033/3249/3033
f 3020/3251/3020 1/3292/1 3059/3293/3059
f 3046/3248/3046 3086/3294/3086 3047/3252/3047
f 3033/3249/3033 3073/3295/3073 3034/3253/3034
f 3020/3251/3020 3060/3296/3060 3021/3254/3021
f 3048/3255/3048 3086/3294/3086 3087/3297/3087
f 3035/3256/3035 3073/3295/3073 3074/3298/3074
f 3021/3254/3021 3061/3299/3061 3022/3257/3022
f 3049/3258/3049 3087/3297/3087 3088/3300/3088
f 3035/3256/3035 3075/3301/3075 3036/3259/3036
f 3023/3260/3023 3061/3299/3061 3062/3302/3062
f 3049/3258/3049 3089/3303/3089 3050/3261/3050
f 3037/3262/3037 3075/3301/3075 3076/3304/3076
f 3023/3260/3023 3063/3305/3063 3024/3263/3024
f 3050/3261/3050 3090/3306/3090 3051/3264/3051
f 3037/3262/3037 3077/3307/3077 3038/3265/3038
f 3024/3263/3024 3064/3308/3064 3025/3266/3025
f 3052/3267/3052 3090/3306/3090 3091/3309/3091
f 3039/3268/3039 3077/3307/3077 3078/3310/3078
f 3025/3266/3025 3065/3311/3065 3026/3269/3026
f 3053/3270/3053 3091/3309/3091 3092/3312/3092
f 3039/3268/3039 3079/3313/3079 3040/3271/3040
f 3026/3269/3026 3066/3314/3066 3027/3272/3027
f 3054/3273/3054 3092/3312/3092 3093/3315/3093
f 3041/3274/3041 3079/3313/3079 3080/3316/3080
f 3028/3236/3028 3066/3314/3066 3067/3278/3067
f 3055/3275/3055 3093/3315/3093 3094/3317/3094
f 3067/3278/3067 3105/55/3105 2/61/2
f 3094/3317/3094 3118/58/3118 3119/64/3119
f 3080/3316/3080 13/65/13 3081/3277/3081
f 3068/3279/3068 2/61/2 3/68/3
f 3094/3317/3094 3120/70/3120 3095/3280/3095
f 3081/3277/3081 3109/71/3109 3082/3281/3082
f 3069/3282/3069 3/68/3 3106/73/3106
f 3095/3280/3095 3121/76/3121 3096/3283/3096
f 3082/3281/3082 3110/78/3110 3083/3284/3083
f 3070/3285/3070 3106/73/3106 4/1/4
f 3097/3286/3097 3121/76/3121 3122/5/3122
f 3083/3284/3083 14/7/14 3084/3287/3084
f 3071/3288/3071 4/1/4 5/3/5
f 16/3318/16 3097/3286/3097 3122/5/3122
f 3084/3287/3084 15/9/15 3085/3290/3085
f 3072/3291/3072 5/3/5 6/11/6
f 3059/3293/3059 1/3319/1 3098/12/3098
f 3085/3290/3085 3111/16/3111 3086/3294/3086
f 3073/3295/3073 6/11/6 3107/17/3107
f 3059/3293/3059 3099/19/3099 3060/3296/3060
f 3087/3297/3087 3111/16/3111 3112/22/3112
f 3074/3298/3074 3107/17/3107 7/23/7
f 3060/3296/3060 3100/25/3100 3061/3299/3061
f 3088/3300/3088 3112/22/3112 3113/28/3113
f 3075/3301/3075 7/23/7 8/30/8
f 3062/3302/3062 3100/25/3100 3101/31/3101
f 3088/3300/3088 3114/34/3114 3089/3303/3089
f 3076/3304/3076 8/30/8 9/36/9
f 3062/3302/3062 3102/37/3102 3063/3305/3063
f 3089/3303/3089 3115/40/3115 3090/3306/3090
f 3077/3307/3077 9/36/9 3108/41/3108
f 3063/3305/3063 3103/43/3103 3064/3308/3064
f 3091/3309/3091 3115/40/3115 3116/46/3116
f 3077/3307/3077 10/48/10 3078/3310/3078
f 3064/3308/3064 3104/49/3104 3065/3311/3065
f 3092/3312/3092 3116/46/3116 3117/52/3117
f 3078/3310/3078 11/54/11 3079/3313/3079
f 3065/3311/3065 3105/55/3105 3066/3314/3066
f 3092/3312/3092 3118/58/3118 3093/3315/3093
f 3079/3313/3079 12/60/12 3080/3316/3080
f 4/1/4 28/79/28 29/2/29
f 14/7/14 42/80/42 43/8/43
f 5/3/5 29/2/29 30/10/30
f 15/9/15 43/8/43 44/15/44
f 3107/17/3107 6/11/6 30/10/30
f 3099/19/3099 3098/12/3098 17/14/17
f 3111/16/3111 44/15/44 45/21/45
f 7/23/7 3107/17/3107 31/18/31
f 3100/25/3100 3099/19/3099 18/20/18
f 3112/22/3112 45/21/45 46/27/46
f 7/23/7 32/24/32 33/29/33
f 3101/31/3101 3100/25/3100 19/26/19
f 3113/28/3113 46/27/46 47/33/47
f 8/30/8 33/29/33 34/35/34
f 3102/37/3102 3101/31/3101 20/32/20
f 3114/34/3114 47/33/47 48/39/48
f 3108/41/3108 9/36/9 34/35/34
f 3103/43/3103 3102/37/3102 21/38/21
f 3115/40/3115 48/39/48 49/45/49
f 3108/41/3108 35/42/35 36/47/36
f 3104/49/3104 3103/43/3103 22/44/22
f 3116/46/3116 49/45/49 50/51/50
f 10/48/10 36/47/36 37/53/37
f 3105/55/3105 3104/49/3104 23/50/23
f 3117/52/3117 50/51/50 51/57/51
f 11/54/11 37/53/37 38/59/38
f 2/61/2 3105/55/3105 24/56/24
f 3118/58/3118 51/57/51 52/63/52
f 13/65/13 12/60/12 38/59/38
f 2/61/2 25/62/25 26/67/26
f 3119/64/3119 52/63/52 53/69/53
f 3109/71/3109 13/65/13 39/66/39
f 3106/73/3106 3/68/3 26/67/26
f 3120/70/3120 53/69/53 54/75/54
f 3109/71/3109 40/72/40 41/77/41
f 4/1/4 3106/73/3106 27/74/27
f 3121/76/3121 54/75/54 55/6/55
f 3110/78/3110 41/77/41 42/80/42
f 28/79/28 67/120/67 68/81/68
f 42/80/42 81/121/81 82/84/82
f 29/2/29 68/81/68 69/85/69
f 44/15/44 43/8/43 82/84/82
f 30/10/30 69/85/69 70/89/70
f 17/14/17 56/87/56 57/90/57
f 44/15/44 83/88/83 84/91/84
f 31/18/31 70/89/70 71/92/71
f 18/20/18 57/90/57 58/93/58
f 45/21/45 84/91/84 85/94/85
f 32/24/32 71/92/71 72/95/72
f 19/26/19 58/93/58 59/96/59
f 46/27/46 85/94/85 86/97/86
f 33/29/33 72/95/72 73/98/73
f 21/38/21 20/32/20 59/96/59
f 47/33/47 86/97/86 87/100/87
f 34/35/34 73/98/73 74/101/74
f 22/44/22 21/38/21 60/99/60
f 48/39/48 87/100/87 88/103/88
f 35/42/35 74/101/74 75/104/75
f 22/44/22 61/102/61 62/105/62
f 50/51/50 49/45/49 88/103/88
f 36/47/36 75/104/75 76/107/76
f 23/50/23 62/105/62 63/108/63
f 50/51/50 89/106/89 90/109/90
f 37/53/37 76/107/76 77/110/77
f 24/56/24 63/108/63 64/111/64
f 51/57/51 90/109/90 91/112/91
f 38/59/38 77/110/77 78/113/78
f 25/62/25 64/111/64 65/114/65
f 53/69/53 52/63/52 91/112/91
f 39/66/39 78/113/78 79/116/79
f 27/74/27 26/67/26 65/114/65
f 54/75/54 53/69/53 92/115/92
f 40/72/40 79/116/79 80/119/80
f 27/74/27 66/117/66 67/120/67
f 54/75/54 93/118/93 94/83/94
f 42/80/42 41/77/41 80/119/80
f 81/121/81 80/119/80 119/122/119
f 67/120/67 106/162/106 107/124/107
f 81/121/81 120/123/120 121/127/121
f 68/81/68 107/124/107 108/128/108
f 82/84/82 121/127/121 122/131/122
f 69/85/69 108/128/108 109/132/109
f 56/87/56 95/130/95 96/133/96
f 83/88/83 122/131/122 123/134/123
f 70/89/70 109/132/109 110/135/110
f 58/93/58 57/90/57 96/133/96
f 84/91/84 123/134/123 124/137/124
f 71/92/71 110/135/110 111/138/111
f 58/93/58 97/136/97 98/139/98
f 86/97/86 85/94/85 124/137/124
f 72/95/72 111/138/111 112/141/112
f 59/96/59 98/139/98 99/142/99
f 86/97/86 125/140/125 126/143/126
f 74/101/74 73/98/73 112/141/112
f 60/99/60 99/142/99 100/145/100
f 87/100/87 126/143/126 127/146/127
f 74/101/74 113/144/113 114/147/114
f 62/105/62 61/102/61 100/145/100
f 88/103/88 127/146/127 128/149/128
f 75/104/75 114/147/114 115/150/115
f 62/105/62 101/148/101 102/151/102
f 90/109/90 89/106/89 128/149/128
f 76/107/76 115/150/115 116/153/116
f 64/111/64 63/108/63 102/151/102
f 91/112/91 90/109/90 129/152/129
f 78/113/78 77/110/77 116/153/116
f 64/111/64 103/154/103 104/157/104
f 92/115/92 91/112/91 130/155/130
f 78/113/78 117/156/117 118/159/118
f 65/114/65 104/157/104 105/160/105
f 93/118/93 92/115/92 131/158/131
f 80/119/80 79/116/79 118/159/118
f 66/117/66 105/160/105 106/162/106
f 93/118/93 132/161/132 133/126/133
f 105/160/105 144/201/144 145/163/145
f 132/161/132 171/202/171 172/164/172
f 119/122/119 158/203/158 159/165/159
f 106/162/106 145/163/145 146/166/146
f 121/127/121 120/123/120 159/165/159
f 107/124/107 146/166/146 147/169/147
f 121/127/121 160/168/160 161/172/161
f 108/128/108 147/169/147 148/173/148
f 95/130/95 134/171/134 135/174/135
f 123/134/123 122/131/122 161/172/161
f 110/135/110 109/132/109 148/173/148
f 96/133/96 135/174/135 136/177/136
f 123/134/123 162/175/162 163/178/163
f 110/135/110 149/176/149 150/179/150
f 97/136/97 136/177/136 137/180/137
f 125/140/125 124/137/124 163/178/163
f 111/138/111 150/179/150 151/182/151
f 98/139/98 137/180/137 138/183/138
f 126/143/126 125/140/125 164/181/164
f 112/141/112 151/182/151 152/185/152
f 99/142/99 138/183/138 139/186/139
f 127/146/127 126/143/126 165/184/165
f 113/144/113 152/185/152 153/188/153
f 101/148/101 100/145/100 139/186/139
f 127/146/127 166/187/166 167/190/167
f 115/150/115 114/147/114 153/188/153
f 101/148/101 140/189/140 141/192/141
f 129/152/129 128/149/128 167/190/167
f 115/150/115 154/191/154 155/194/155
f 102/151/102 141/192/141 142/195/142
f 130/155/130 129/152/129 168/193/168
f 117/156/117 116/153/116 155/194/155
f 103/154/103 142/195/142 143/198/143
f 131/158/131 130/155/130 169/196/169
f 117/156/117 156/197/156 157/200/157
f 104/157/104 143/198/143 144/201/144
f 131/158/131 170/199/170 171/202/171
f 118/159/118 157/200/157 158/203/158
f 171/202/171 170/199/170 209/204/209
f 158/203/158 157/200/157 196/206/196
f 144/201/144 183/244/183 184/208/184
f 172/164/172 171/202/171 210/205/210
f 159/165/159 158/203/158 197/207/197
f 145/163/145 184/208/184 185/211/185
f 159/165/159 198/210/198 199/213/199
f 146/166/146 185/211/185 186/214/186
f 160/168/160 199/213/199 200/217/200
f 147/169/147 186/214/186 187/218/187
f 134/171/134 173/216/173 174/219/174
f 162/175/162 161/172/161 200/217/200
f 148/173/148 187/218/187 188/221/188
f 136/177/136 135/174/135 174/219/174
f 163/178/163 162/175/162 201/220/201
f 150/179/150 149/176/149 188/221/188
f 136/177/136 175/222/175 176/225/176
f 164/181/164 163/178/163 202/223/202
f 150/179/150 189/224/189 190/227/190
f 137/180/137 176/225/176 177/228/177
f 165/184/165 164/181/164 203/226/203
f 152/185/152 151/182/151 190/227/190
f 138/183/138 177/228/177 178/231/178
f 166/187/166 165/184/165 204/229/204
f 152/185/152 191/230/191 192/233/192
f 139/186/139 178/231/178 179/234/179
f 167/190/167 166/187/166 205/232/205
f 153/188/153 192/233/192 193/236/193
f 140/189/140 179/234/179 180/237/180
f 167/190/167 206/235/206 207/238/207
f 154/191/154 193/236/193 194/239/194
f 141/192/141 180/237/180 181/240/181
f 169/196/169 168/193/168 207/238/207
f 156/197/156 155/194/155 194/239/194
f 142/195/142 181/240/181 182/243/182
f 170/199/170 169/196/169 208/241/208
f 156/197/156 195/242/195 196/206/196
f 143/198/143 182/243/182 183/244/183
f 195/242/195 234/284/234 235/245/235
f 183/244/183 182/243/182 221/246/221
f 209/204/209 248/285/248 249/248/249
f 197/207/197 196/206/196 235/245/235
f 183/244/183 222/247/222 223/250/223
f 210/205/210 249/248/249 250/251/250
f 198/210/198 197/207/197 236/249/236
f 184/208/184 223/250/223 224/253/224
f 198/210/198 237/252/237 238/255/238
f 186/214/186 185/211/185 224/253/224
f 200/217/200 199/213/199 238/255/238
f 186/214/186 225/256/225 226/260/226
f 173/216/173 212/258/212 213/261/213
f 201/220/201 200/217/200 239/259/239
f 187/218/187 226/260/226 227/263/227
f 174/219/174 213/261/213 214/264/214
f 201/220/201 240/262/240 241/265/241
f 189/224/189 188/221/188 227/263/227
f 175/222/175 214/264/214 215/267/215
f 203/226/203 202/223/202 241/265/241
f 189/224/189 228/266/228 229/269/229
f 176/225/176 215/267/215 216/270/216
f 203/226/203 242/268/242 243/271/243
f 191/230/191 190/227/190 229/269/229
f 177/228/177 216/270/216 217/273/217
f 204/229/204 243/271/243 244/274/244
f 191/230/191 230/272/230 231/275/231
f 178/231/178 217/273/217 218/276/218
f 206/235/206 205/232/205 244/274/244
f 193/236/193 192/233/192 231/275/231
f 180/237/180 179/234/179 218/276/218
f 207/238/207 206/235/206 245/277/245
f 193/236/193 232/278/232 233/281/233
f 180/237/180 219/279/219 220/282/220
f 208/241/208 207/238/207 246/280/246
f 195/242/195 194/239/194 233/281/233
f 182/243/182 181/240/181 220/282/220
f 208/241/208 247/283/247 248/285/248
f 220/282/220 259/324/259 260/286/260
f 247/283/247 286/325/286 287/287/287
f 234/284/234 273/326/273 274/288/274
f 222/247/222 221/246/221 260/286/260
f 248/285/248 287/287/287 288/290/288
f 236/249/236 235/245/235 274/288/274
f 222/247/222 261/289/261 262/292/262
f 249/248/249 288/290/288 289/293/289
f 236/249/236 275/291/275 276/294/276
f 223/250/223 262/292/262 263/295/263
f 237/252/237 276/294/276 277/297/277
f 225/256/225 224/253/224 263/295/263
f 239/259/239 238/255/238 277/297/277
f 225/256/225 264/298/264 265/302/265
f 212/258/212 251/300/251 252/303/252
f 240/262/240 239/259/239 278/301/278
f 226/260/226 265/302/265 266/305/266
f 213/261/213 252/303/252 253/306/253
f 241/265/241 240/262/240 279/304/279
f 228/266/228 227/263/227 266/305/266
f 214/264/214 253/306/253 254/309/254
f 241/265/241 280/307/280 281/310/281
f 228/266/228 267/308/267 268/311/268
f 215/267/215 254/309/254 255/312/255
f 243/271/243 242/268/242 281/310/281
f 230/272/230 229/269/229 268/311/268
f 216/270/216 255/312/255 256/315/256
f 243/271/243 282/313/282 283/316/283
f 230/272/230 269/314/269 270/317/270
f 217/273/217 256/315/256 257/318/257
f 245/277/245 244/274/244 283/316/283
f 232/278/232 231/275/231 270/317/270
f 219/279/219 218/276/218 257/318/257
f 246/280/246 245/277/245 284/319/284
f 232/278/232 271/320/271 272/323/272
f 219/279/219 258/321/258 259/324/259
f 247/283/247 246/280/246 285/322/285
f 234/284/234 233/281/233 272/323/272
f 273/326/273 272/323/272 311/327/311
f 259/324/259 298/366/298 299/329/299
f 286/325/286 325/367/325 326/330/326
f 273/326/273 312/328/312 313/331/313
f 261/289/261 260/286/260 299/329/299
f 288/290/288 287/287/287 326/330/326
f 275/291/275 274/288/274 313/331/313
f 262/292/262 261/289/261 300/332/300
f 288/290/288 327/333/327 328/336/328
f 275/291/275 314/334/314 315/337/315
f 262/292/262 301/335/301 302/338/302
f 276/294/276 315/337/315 316/340/316
f 264/298/264 263/295/263 302/338/302
f 278/301/278 277/297/277 316/340/316
f 265/302/265 264/298/264 303/341/303
f 251/300/251 290/343/290 291/346/291
f 278/301/278 317/344/317 318/347/318
f 265/302/265 304/345/304 305/348/305
f 252/303/252 291/346/291 292/349/292
f 279/304/279 318/347/318 319/350/319
f 267/308/267 266/305/266 305/348/305
f 254/309/254 253/306/253 292/349/292
f 281/310/281 280/307/280 319/350/319
f 267/308/267 306/351/306 307/354/307
f 255/312/255 254/309/254 293/352/293
f 281/310/281 320/353/320 321/356/321
f 268/311/268 307/354/307 308/357/308
f 255/312/255 294/355/294 295/358/295
f 282/313/282 321/356/321 322/359/322
f 270/317/270 269/314/269 308/357/308
f 256/315/256 295/358/295 296/361/296
f 283/316/283 322/359/322 323/362/323
f 270/317/270 309/360/309 310/363/310
f 257/318/257 296/361/296 297/364/297
f 285/322/285 284/319/284 323/362/323
f 271/320/271 310/363/310 311/327/311
f 258/321/258 297/364/297 298/366/298
f 285/322/285 324/365/324 325/367/325
f 298/366/298 297/364/297 336/368/336
f 325/367/325 324/365/324 363/370/363
f 311/327/311 350/408/350 351/372/351
f 298/366/298 337/369/337 338/373/338
f 325/367/325 364/371/364 365/374/365
f 312/328/312 351/372/351 352/375/352
f 300/332/300 299/329/299 338/373/338
f 326/330/326 365/374/365 366/377/366
f 314/334/314 313/331/313 352/375/352
f 300/332/300 339/376/339 340/379/340
f 328/336/328 327/333/327 366/377/366
f 315/337/315 314/334/314 353/378/353
f 301/335/301 340/379/340 341/382/341
f 315/337/315 354/381/354 355/384/355
f 303/341/303 302/338/302 341/382/341
f 317/344/317 316/340/316 355/384/355
f 303/341/303 342/385/342 343/389/343
f 290/343/290 329/387/329 330/390/330
f 318/347/318 317/344/317 356/388/356
f 304/345/304 343/389/343 344/392/344
f 291/346/291 330/390/330 331/393/331
f 318/347/318 357/391/357 358/394/358
f 306/351/306 305/348/305 344/392/344
f 292/349/292 331/393/331 332/396/332
f 320/353/320 319/350/319 358/394/358
f 306/351/306 345/395/345 346/398/346
f 294/355/294 293/352/293 332/396/332
f 320/353/320 359/397/359 360/400/360
f 307/354/307 346/398/346 347/401/347
f 294/355/294 333/399/333 334/402/334
f 322/359/322 321/356/321 360/400/360
f 309/360/309 308/357/308 347/401/347
f 296/361/296 295/358/295 334/402/334
f 322/359/322 361/403/361 362/406/362
f 309/360/309 348/404/348 349/407/349
f 296/361/296 335/405/335 336/368/336
f 324/365/324 323/362/323 362/406/362
f 311/327/311 310/363/310 349/407/349
f 362/406/362 401/449/401 402/409/402
f 350/408/350 349/407/349 388/410/388
f 337/369/337 336/368/336 375/412/375
f 363/370/363 402/409/402 403/414/403
f 350/408/350 389/411/389 390/415/390
f 337/369/337 376/413/376 377/416/377
f 364/371/364 403/414/403 404/417/404
f 351/372/351 390/415/390 391/418/391
f 339/376/339 338/373/338 377/416/377
f 366/377/366 365/374/365 404/417/404
f 353/378/353 352/375/352 391/418/391
f 339/376/339 378/419/378 379/422/379
f 366/377/366 405/420/405 406/423/406
f 353/378/353 392/421/392 393/424/393
f 340/379/340 379/422/379 380/425/380
f 354/381/354 393/424/393 394/427/394
f 341/382/341 380/425/380 381/428/381
f 356/388/356 355/384/355 394/427/394
f 342/385/342 381/428/381 382/432/382
f 329/387/329 368/430/368 369/433/369
f 356/388/356 395/431/395 396/434/396
f 343/389/343 382/432/382 383/435/383
f 330/390/330 369/433/369 370/436/370
f 357/391/357 396/434/396 397/437/397
f 345/395/345 344/392/344 383/435/383
f 331/393/331 370/436/370 371/439/371
f 359/397/359 358/394/358 397/437/397
f 345/395/345 384/438/384 385/441/385
f 332/396/332 371/439/371 372/442/372
f 359/397/359 398/440/398 399/443/399
f 346/398/346 385/441/385 386/444/386
f 333/399/333 372/442/372 373/445/373
f 360/400/360 399/443/399 400/446/400
f 347/401/347 386/444/386 387/447/387
f 334/402/334 373/445/373 374/448/374
f 362/406/362 361/403/361 400/446/400
f 349/407/349 348/404/348 387/447/387
f 336/368/336 335/405/335 374/448/374
f 388/410/388 387/447/387 426/450/426
f 374/448/374 413/490/413 414/452/414
f 402/409/402 401/449/401 440/453/440
f 389/411/389 388/410/388 427/451/427
f 375/412/375 414/452/414 415/456/415
f 403/414/403 402/409/402 441/454/441
f 389/411/389 428/455/428 429/458/429
f 376/413/376 415/456/415 416/459/416
f 404/417/404 403/414/403 442/457/442
f 390/415/390 429/458/429 430/461/430
f 378/419/378 377/416/377 416/459/416
f 405/420/405 404/417/404 443/460/443
f 392/421/392 391/418/391 430/461/430
f 378/419/378 417/462/417 418/465/418
f 406/423/406 405/420/405 444/463/444
f 392/421/392 431/464/431 432/467/432
f 379/422/379 418/465/418 419/468/419
f 393/424/393 432/467/432 433/470/433
f 380/425/380 419/468/419 420/471/420
f 395/431/395 394/427/394 433/470/433
f 381/428/381 420/471/420 421/475/421
f 368/430/368 407/473/407 408/476/408
f 395/431/395 434/474/434 435/477/435
f 382/432/382 421/475/421 422/478/422
f 369/433/369 408/476/408 409/479/409
f 396/434/396 435/477/435 436/480/436
f 384/438/384 383/435/383 422/478/422
f 371/439/371 370/436/370 409/479/409
f 398/440/398 397/437/397 436/480/436
f 385/441/385 384/438/384 423/481/423
f 371/439/371 410/482/410 411/485/411
f 399/443/399 398/440/398 437/483/437
f 385/441/385 424/484/424 425/487/425
f 372/442/372 411/485/411 412/488/412
f 399/443/399 438/486/438 439/489/439
f 386/444/386 425/487/425 426/450/426
f 373/445/373 412/488/412 413/490/413
f 400/446/400 439/489/439 440/453/440
f 412/488/412 451/531/451 452/491/452
f 440/453/440 439/489/439 478/492/478
f 427/451/427 426/450/426 465/494/465
f 413/490/413 452/491/452 453/496/453
f 441/454/441 440/453/440 479/493/479
f 428/455/428 427/451/427 466/495/466
f 414/452/414 453/496/453 454/499/454
f 442/457/442 441/454/441 480/497/480
f 428/455/428 467/498/467 468/501/468
f 415/456/415 454/499/454 455/502/455
f 442/457/442 481/500/481 482/503/482
f 429/458/429 468/501/468 469/504/469
f 417/462/417 416/459/416 455/502/455
f 444/463/444 443/460/443 482/503/482
f 431/464/431 430/461/430 469/504/469
f 417/462/417 456/505/456 457/508/457
f 445/466/445 444/463/444 483/506/483
f 431/464/431 470/507/470 471/510/471
f 418/465/418 457/508/457 458/511/458
f 432/467/432 471/510/471 472/513/472
f 419/468/419 458/511/458 459/514/459
f 434/474/434 433/470/433 472/513/472
f 421/475/421 420/471/420 459/514/459
f 407/473/407 446/516/446 447/519/447
f 434/474/434 473/517/473 474/520/474
f 421/475/421 460/518/460 461/521/461
f 408/476/408 447/519/447 448/522/448
f 435/477/435 474/520/474 475/523/475
f 423/481/423 422/478/422 461/521/461
f 409/479/409 448/522/448 449/525/449
f 437/483/437 436/480/436 475/523/475
f 423/481/423 462/524/462 463/527/463
f 410/482/410 449/525/449 450/528/450
f 437/483/437 476/526/476 477/529/477
f 424/484/424 463/527/463 464/530/464
f 411/485/411 450/528/450 451/531/451
f 438/486/438 477/529/477 478/492/478
f 425/487/425 464/530/464 465/494/465
f 464/530/464 503/571/503 504/532/504
f 451/531/451 490/572/490 491/533/491
f 479/493/479 478/492/478 517/534/517
f 465/494/465 504/532/504 505/536/505
f 452/491/452 491/533/491 492/537/492
f 479/493/479 518/535/518 519/538/519
f 467/498/467 466/495/466 505/536/505
f 453/496/453 492/537/492 493/540/493
f 481/500/481 480/497/480 519/538/519
f 468/501/468 467/498/467 506/539/506
f 454/499/454 493/540/493 494/543/494
f 482/503/482 481/500/481 520/541/520
f 468/501/468 507/542/507 508/545/508
f 455/502/455 494/543/494 495/546/495
f 483/506/483 482/503/482 521/544/521
f 470/507/470 469/504/469 508/545/508
f 457/508/457 456/505/456 495/546/495
f 484/509/484 483/506/483 522/547/522
f 471/510/471 470/507/470 509/548/509
f 457/508/457 496/549/496 497/552/497
f 471/510/471 510/551/510 511/554/511
f 459/514/459 458/511/458 497/552/497
f 473/517/473 472/513/472 511/554/511
f 459/514/459 498/555/498 499/559/499
f 446/516/446 485/557/485 486/560/486
f 473/517/473 512/558/512 513/561/513
f 460/518/460 499/559/499 500/562/500
f 447/519/447 486/560/486 487/563/487
f 475/523/475 474/520/474 513/561/513
f 462/524/462 461/521/461 500/562/500
f 448/522/448 487/563/487 488/566/488
f 475/523/475 514/564/514 515/567/515
f 462/524/462 501/565/501 502/568/502
f 449/525/449 488/566/488 489/569/489
f 477/529/477 476/526/476 515/567/515
f 463/527/463 502/568/502 503/571/503
f 451/531/451 450/528/450 489/569/489
f 478/492/478 477/529/477 516/570/516
f 489/569/489 528/611/528 529/573/529
f 516/570/516 555/612/555 556/574/556
f 503/571/503 542/613/542 543/575/543
f 490/572/490 529/573/529 530/576/530
f 518/535/518 517/534/517 556/574/556
f 504/532/504 543/575/543 544/578/544
f 492/537/492 491/533/491 530/576/530
f 519/538/519 518/535/518 557/577/557
f 506/539/506 505/536/505 544/578/544
f 492/537/492 531/579/531 532/582/532
f 520/541/520 519/538/519 558/580/558
f 507/542/507 506/539/506 545/581/545
f 493/540/493 532/582/532 533/585/533
f 520/541/520 559/583/559 560/586/560
f 507/542/507 546/584/546 547/587/547
f 494/543/494 533/585/533 534/588/534
f 521/544/521 560/586/560 561/589/561
f 508/545/508 547/587/547 548/590/548
f 496/549/496 495/546/495 534/588/534
f 522/547/522 561/589/561 562/592/562
f 509/548/509 548/590/548 549/593/549
f 496/549/496 535/591/535 536/594/536
f 510/551/510 549/593/549 550/596/550
f 497/552/497 536/594/536 537/597/537
f 512/558/512 511/554/511 550/596/550
f 499/559/499 498/555/498 537/597/537
f 485/557/485 524/599/524 525/602/525
f 512/558/512 551/600/551 552/603/552
f 500/562/500 499/559/499 538/601/538
f 486/560/486 525/602/525 526/605/526
f 514/564/514 513/561/513 552/603/552
f 501/565/501 500/562/500 539/604/539
f 487/563/487 526/605/526 527/608/527
f 515/567/515 514/564/514 553/606/553
f 501/565/501 540/607/540 541/610/541
f 488/566/488 527/608/527 528/611/528
f 515/567/515 554/609/554 555/612/555
f 502/568/502 541/610/541 542/613/542
f 555/612/555 554/609/554 593/614/593
f 541/610/541 580/653/580 581/616/581
f 528/611/528 567/654/567 568/617/568
f 555/612/555 594/615/594 595/618/595
f 542/613/542 581/616/581 582/619/582
f 529/573/529 568/617/568 569/620/569
f 557/577/557 556/574/556 595/618/595
f 543/575/543 582/619/582 583/622/583
f 531/579/531 530/576/530 569/620/569
f 558/580/558 557/577/557 596/621/596
f 544/578/544 583/622/583 584/625/584
f 531/579/531 570/623/570 571/626/571
f 559/583/559 558/580/558 597/624/597
f 546/584/546 545/581/545 584/625/584
f 532/582/532 571/626/571 572/629/572
f 559/583/559 598/627/598 599/630/599
f 546/584/546 585/628/585 586/631/586
f 533/585/533 572/629/572 573/632/573
f 561/589/561 560/586/560 599/630/599
f 547/587/547 586/631/586 587/634/587
f 535/591/535 534/588/534 573/632/573
f 561/589/561 600/633/600 601/636/601
f 549/593/549 548/590/548 587/634/587
f 535/591/535 574/635/574 575/638/575
f 549/593/549 588/637/588 589/640/589
f 536/594/536 575/638/575 576/641/576
f 551/600/551 550/596/550 589/640/589
f 537/597/537 576/641/576 577/645/577
f 524/599/524 563/643/563 564/646/564
f 551/600/551 590/644/590 591/647/591
f 539/604/539 538/601/538 577/645/577
f 525/602/525 564/646/564 565/649/565
f 553/606/553 552/603/552 591/647/591
f 540/607/540 539/604/539 578/648/578
f 526/605/526 565/649/565 566/652/566
f 554/609/554 553/606/553 592/650/592
f 540/607/540 579/651/579 580/653/580
f 527/608/527 566/652/566 567/654/567
f 579/651/579 618/694/618 619/655/619
f 566/652/566 605/695/605 606/656/606
f 594/615/594 593/614/593 632/657/632
f 580/653/580 619/655/619 620/659/620
f 568/617/568 567/654/567 606/656/606
f 595/618/595 594/615/594 633/658/633
f 582/619/582 581/616/581 620/659/620
f 568/617/568 607/660/607 608/663/608
f 596/621/596 595/618/595 634/661/634
f 583/622/583 582/619/582 621/662/621
f 569/620/569 608/663/608 609/666/609
f 596/621/596 635/664/635 636/667/636
f 584/625/584 583/622/583 622/665/622
f 570/623/570 609/666/609 610/669/610
f 597/624/597 636/667/636 637/670/637
f 585/628/585 584/625/584 623/668/623
f 571/626/571 610/669/610 611/672/611
f 598/627/598 637/670/637 638/673/638
f 586/631/586 585/628/585 624/671/624
f 573/632/573 572/629/572 611/672/611
f 600/633/600 599/630/599 638/673/638
f 586/631/586 625/674/625 626/677/626
f 574/635/574 573/632/573 612/675/612
f 601/636/601 600/633/600 639/676/639
f 588/637/588 587/634/587 626/677/626
f 574/635/574 613/678/613 614/681/614
f 588/637/588 627/680/627 628/683/628
f 575/638/575 614/681/614 615/684/615
f 590/644/590 589/640/589 628/683/628
f 576/641/576 615/684/615 616/688/616
f 564/646/564 563/643/563 602/686/602
f 590/644/590 629/687/629 630/690/630
f 577/645/577 616/688/616 617/691/617
f 564/646/564 603/689/603 604/692/604
f 591/647/591 630/690/630 631/693/631
f 579/651/579 578/648/578 617/691/617
f 565/649/565 604/692/604 605/695/605
f 592/650/592 631/693/631 632/657/632
f 604/692/604 643/735/643 644/696/644
f 632/657/632 631/693/631 670/697/670
f 618/694/618 657/736/657 658/699/658
f 605/695/605 644/696/644 645/700/645
f 633/658/633 632/657/632 671/698/671
f 619/655/619 658/699/658 659/702/659
f 606/656/606 645/700/645 646/703/646
f 634/661/634 633/658/633 672/701/672
f 620/659/620 659/702/659 660/705/660
f 607/660/607 646/703/646 647/706/647
f 635/664/635 634/661/634 673/704/673
f 622/665/622 621/662/621 660/705/660
f 609/666/609 608/663/608 647/706/647
f 635/664/635 674/707/674 675/710/675
f 622/665/622 661/708/661 662/711/662
f 609/666/609 648/709/648 649/712/649
f 637/670/637 636/667/636 675/710/675
f 624/671/624 623/668/623 662/711/662
f 610/669/610 649/712/649 650/715/650
f 637/670/637 676/713/676 677/716/677
f 624/671/624 663/714/663 664/717/664
f 611/672/611 650/715/650 651/718/651
f 639/676/639 638/673/638 677/716/677
f 625/674/625 664/717/664 665/720/665
f 612/675/612 651/718/651 652/721/652
f 640/679/640 639/676/639 678/719/678
f 627/680/627 626/677/626 665/720/665
f 613/678/613 652/721/652 653/724/653
f 628/683/628 627/680/627 666/723/666
f 614/681/614 653/724/653 654/727/654
f 629/687/629 628/683/628 667/726/667
f 615/684/615 654/727/654 655/731/655
f 602/686/602 641/729/641 642/732/642
f 629/687/629 668/730/668 669/733/669
f 617/691/617 616/688/616 655/731/655
f 603/689/603 642/732/642 643/735/643
f 630/690/630 669/733/669 670/697/670
f 618/694/618 617/691/617 656/734/656
f 656/734/656 695/775/695 696/737/696
f 643/735/643 682/776/682 683/738/683
f 670/697/670 709/777/709 710/739/710
f 658/699/658 657/736/657 696/737/696
f 644/696/644 683/738/683 684/741/684
f 672/701/672 671/698/671 710/739/710
f 658/699/658 697/740/697 698/743/698
f 646/703/646 645/700/645 684/741/684
f 672/701/672 711/742/711 712/745/712
f 659/702/659 698/743/698 699/746/699
f 646/703/646 685/744/685 686/747/686
f 674/707/674 673/704/673 712/745/712
f 661/708/661 660/705/660 699/746/699
f 648/709/648 647/706/647 686/747/686
f 674/707/674 713/748/713 714/751/714
f 662/711/662 661/708/661 700/749/700
f 648/709/648 687/750/687 688/753/688
f 676/713/676 675/710/675 714/751/714
f 662/711/662 701/752/701 702/755/702
f 650/715/650 649/712/649 688/753/688
f 676/713/676 715/754/715 716/757/716
f 664/717/664 663/714/663 702/755/702
f 650/715/650 689/756/689 690/759/690
f 677/716/677 716/757/716 717/760/717
f 664/717/664 703/758/703 704/761/704
f 652/721/652 651/718/651 690/759/690
f 678/719/678 717/760/717 718/763/718
f 666/723/666 665/720/665 704/761/704
f 652/721/652 691/762/691 692/765/692
f 667/726/667 666/723/666 705/764/705
f 653/724/653 692/765/692 693/768/693
f 668/730/668 667/726/667 706/767/706
f 654/727/654 693/768/693 694/772/694
f 641/729/641 680/770/680 681/773/681
f 668/730/668 707/771/707 708/774/708
f 656/734/656 655/731/655 694/772/694
f 643/735/643 642/732/642 681/773/681
f 670/697/670 669/733/669 708/774/708
f 681/773/681 720/817/720 721/778/721
f 709/777/709 708/774/708 747/779/747
f 695/775/695 734/818/734 735/781/735
f 682/776/682 721/778/721 722/782/722
f 710/739/710 709/777/709 748/780/748
f 697/740/697 696/737/696 735/781/735
f 683/738/683 722/782/722 723/785/723
f 711/742/711 710/739/710 749/783/749
f 697/740/697 736/784/736 737/787/737
f 684/741/684 723/785/723 724/788/724
f 711/742/711 750/786/750 751/789/751
f 698/743/698 737/787/737 738/790/738
f 685/744/685 724/788/724 725/791/725
f 713/748/713 712/745/712 751/789/751
f 700/749/700 699/746/699 738/790/738
f 687/750/687 686/747/686 725/791/725
f 713/748/713 752/792/752 753/795/753
f 701/752/701 700/749/700 739/793/739
f 688/753/688 687/750/687 726/794/726
f 715/754/715 714/751/714 753/795/753
f 701/752/701 740/796/740 741/799/741
f 688/753/688 727/797/727 728/800/728
f 715/754/715 754/798/754 755/801/755
f 702/755/702 741/799/741 742/802/742
f 689/756/689 728/800/728 729/803/729
f 717/760/717 716/757/716 755/801/755
f 703/758/703 742/802/742 743/805/743
f 691/762/691 690/759/690 729/803/729
f 717/760/717 756/804/756 757/807/757
f 705/764/705 704/761/704 743/805/743
f 691/762/691 730/806/730 731/809/731
f 706/767/706 705/764/705 744/808/744
f 692/765/692 731/809/731 732/812/732
f 707/771/707 706/767/706 745/811/745
f 693/768/693 732/812/732 733/816/733
f 680/770/680 719/814/719 720/817/720
f 707/771/707 746/815/746 747/779/747
f 695/775/695 694/772/694 733/816/733
f 746/815/746 785/858/785 786/819/786
f 734/818/734 733/816/733 772/820/772
f 720/817/720 759/859/759 760/822/760
f 748/780/748 747/779/747 786/819/786
f 734/818/734 773/821/773 774/824/774
f 721/778/721 760/822/760 761/825/761
f 748/780/748 787/823/787 788/826/788
f 735/781/735 774/824/774 775/827/775
f 722/782/722 761/825/761 762/828/762
f 750/786/750 749/783/749 788/826/788
f 736/784/736 775/827/775 776/830/776
f 723/785/723 762/828/762 763/831/763
f 751/789/751 750/786/750 789/829/789
f 737/787/737 776/830/776 777/833/777
f 724/788/724 763/831/763 764/834/764
f 752/792/752 751/789/751 790/832/790
f 738/790/738 777/833/777 778/836/778
f 725/791/725 764/834/764 765/837/765
f 752/792/752 791/835/791 792/838/792
f 740/796/740 739/793/739 778/836/778
f 726/794/726 765/837/765 766/840/766
f 754/798/754 753/795/753 792/838/792
f 740/796/740 779/839/779 780/842/780
f 727/797/727 766/840/766 767/843/767
f 754/798/754 793/841/793 794/844/794
f 742/802/742 741/799/741 780/842/780
f 728/800/728 767/843/767 768/846/768
f 756/804/756 755/801/755 794/844/794
f 742/802/742 781/845/781 782/848/782
f 730/806/730 729/803/729 768/846/768
f 757/807/757 756/804/756 795/847/795
f 744/808/744 743/805/743 782/848/782
f 730/806/730 769/849/769 770/852/770
f 745/811/745 744/808/744 783/851/783
f 731/809/731 770/852/770 771/855/771
f 746/815/746 745/811/745 784/854/784
f 732/812/732 771/855/771 772/820/772
f 719/814/719 758/857/758 759/859/759
f 772/820/772 771/855/771 810/860/810
f 758/857/758 797/899/797 798/862/798
f 785/858/785 824/900/824 825/863/825
f 773/821/773 772/820/772 811/861/811
f 759/859/759 798/862/798 799/865/799
f 786/819/786 825/863/825 826/866/826
f 773/821/773 812/864/812 813/867/813
f 760/822/760 799/865/799 800/868/800
f 788/826/788 787/823/787 826/866/826
f 774/824/774 813/867/813 814/870/814
f 761/825/761 800/868/800 801/871/801
f 789/829/789 788/826/788 827/869/827
f 775/827/775 814/870/814 815/873/815
f 763/831/763 762/828/762 801/871/801
f 789/829/789 828/872/828 829/875/829
f 776/830/776 815/873/815 816/876/816
f 763/831/763 802/874/802 803/877/803
f 791/835/791 790/832/790 829/875/829
f 777/833/777 816/876/816 817/879/817
f 764/834/764 803/877/803 804/880/804
f 791/835/791 830/878/830 831/881/831
f 779/839/779 778/836/778 817/879/817
f 765/837/765 804/880/804 805/883/805
f 792/838/792 831/881/831 832/884/832
f 779/839/779 818/882/818 819/885/819
f 766/840/766 805/883/805 806/886/806
f 794/844/794 793/841/793 832/884/832
f 781/845/781 780/842/780 819/885/819
f 767/843/767 806/886/806 807/889/807
f 795/847/795 794/844/794 833/887/833
f 781/845/781 820/888/820 821/891/821
f 769/849/769 768/846/768 807/889/807
f 795/847/795 834/890/834 835/893/835
f 782/848/782 821/891/821 822/894/822
f 769/849/769 808/892/808 809/895/809
f 784/854/784 783/851/783 822/894/822
f 770/852/770 809/895/809 810/860/810
f 785/858/785 784/854/784 823/897/823
f 816/876/816 855/939/855 856/901/856
f 803/877/803 842/940/842 843/902/843
f 830/878/830 869/941/869 870/903/870
f 818/882/818 817/879/817 856/901/856
f 804/880/804 843/902/843 844/905/844
f 832/884/832 831/881/831 870/903/870
f 818/882/818 857/904/857 858/907/858
f 806/886/806 805/883/805 844/905/844
f 833/887/833 832/884/832 871/906/871
f 819/885/819 858/907/858 859/910/859
f 807/889/807 806/886/806 845/908/845
f 833/887/833 872/909/872 873/912/873
f 820/888/820 859/910/859 860/913/860
f 808/892/808 807/889/807 846/911/846
f 835/893/835 834/890/834 873/912/873
f 822/894/822 821/891/821 860/913/860
f 808/892/808 847/914/847 848/917/848
f 823/897/823 822/894/822 861/916/861
f 809/895/809 848/917/848 849/920/849
f 824/900/824 823/897/823 862/919/862
f 810/860/810 849/920/849 850/924/850
f 797/899/797 836/922/836 837/925/837
f 824/900/824 863/923/863 864/926/864
f 812/864/812 811/861/811 850/924/850
f 799/865/799 798/862/798 837/925/837
f 825/863/825 864/926/864 865/929/865
f 812/864/812 851/927/851 852/930/852
f 799/865/799 838/928/838 839/931/839
f 826/866/826 865/929/865 866/932/866
f 813/867/813 852/930/852 853/933/853
f 800/868/800 839/931/839 840/934/840
f 827/869/827 866/932/866 867/935/867
f 814/870/814 853/933/853 854/936/854
f 802/874/802 801/871/801 840/934/840
f 828/872/828 867/935/867 868/938/868
f 815/873/815 854/936/854 855/939/855
f 802/874/802 841/937/841 842/940/842
f 830/878/830 829/875/829 868/938/868
f 841/937/841 880/981/880 881/942/881
f 869/941/869 868/938/868 907/943/907
f 855/939/855 894/982/894 895/945/895
f 843/902/843 842/940/842 881/942/881
f 869/941/869 908/944/908 909/947/909
f 857/904/857 856/901/856 895/945/895
f 843/902/843 882/946/882 883/949/883
f 871/906/871 870/903/870 909/947/909
f 857/904/857 896/948/896 897/951/897
f 845/908/845 844/905/844 883/949/883
f 872/909/872 871/906/871 910/950/910
f 859/910/859 858/907/858 897/951/897
f 845/908/845 884/952/884 885/955/885
f 873/912/873 872/909/872 911/953/911
f 859/910/859 898/954/898 899/957/899
f 847/914/847 846/911/846 885/955/885
f 873/912/873 912/956/912 913/959/913
f 861/916/861 860/913/860 899/957/899
f 847/914/847 886/958/886 887/961/887
f 862/919/862 861/916/861 900/960/900
f 848/917/848 887/961/887 888/964/888
f 863/923/863 862/919/862 901/963/901
f 849/920/849 888/964/888 889/968/889
f 836/922/836 875/966/875 876/969/876
f 863/923/863 902/967/902 903/970/903
f 851/927/851 850/924/850 889/968/889
f 837/925/837 876/969/876 877/972/877
f 865/929/865 864/926/864 903/970/903
f 851/927/851 890/971/890 891/974/891
f 838/928/838 877/972/877 878/975/878
f 865/929/865 904/973/904 905/976/905
f 853/933/853 852/930/852 891/974/891
f 839/931/839 878/975/878 879/978/879
f 866/932/866 905/976/905 906/979/906
f 853/933/853 892/977/892 893/980/893
f 841/937/841 840/934/840 879/978/879
f 867/935/867 906/979/906 907/943/907
f 854/936/854 893/980/893 894/982/894
f 906/979/906 945/1021/945 946/983/946
f 893/980/893 932/1022/932 933/984/933
f 880/981/880 919/1023/919 920/985/920
f 908/944/908 907/943/907 946/983/946
f 894/982/894 933/984/933 934/987/934
f 882/946/882 881/942/881 920/985/920
f 908/944/908 947/986/947 948/989/948
f 896/948/896 895/945/895 934/987/934
f 882/946/882 921/988/921 922/991/922
f 910/950/910 909/947/909 948/989/948
f 896/948/896 935/990/935 936/993/936
f 883/949/883 922/991/922 923/994/923
f 911/953/911 910/950/910 949/992/949
f 897/951/897 936/993/936 937/996/937
f 884/952/884 923/994/923 924/997/924
f 911/953/911 950/995/950 951/998/951
f 898/954/898 937/996/937 938/999/938
f 886/958/886 885/955/885 924/997/924
f 912/956/912 951/998/951 952/1001/952
f 900/960/900 899/957/899 938/999/938
f 887/961/887 886/958/886 925/1000/925
f 901/963/901 900/960/900 939/1002/939
f 887/961/887 926/1003/926 927/1006/927
f 901/963/901 940/1005/940 941/1009/941
f 888/964/888 927/1006/927 928/1010/928
f 876/969/876 875/966/875 914/1008/914
f 902/967/902 941/1009/941 942/1012/942
f 890/971/890 889/968/889 928/1010/928
f 876/969/876 915/1011/915 916/1014/916
f 904/973/904 903/970/903 942/1012/942
f 890/971/890 929/1013/929 930/1016/930
f 877/972/877 916/1014/916 917/1017/917
f 904/973/904 943/1015/943 944/1018/944
f 892/977/892 891/974/891 930/1016/930
f 878/975/878 917/1017/917 918/1020/918
f 906/979/906 905/976/905 944/1018/944
f 892/977/892 931/1019/931 932/1022/932
f 880/981/880 879/978/879 918/1020/918
f 931/1019/931 970/1062/970 971/1024/971
f 918/1020/918 957/1063/957 958/1025/958
f 945/1021/945 984/1064/984 985/1026/985
f 932/1022/932 971/1024/971 972/1027/972
f 919/1023/919 958/1025/958 959/1028/959
f 947/986/947 946/983/946 985/1026/985
f 934/987/934 933/984/933 972/1027/972
f 921/988/921 920/985/920 959/1028/959
f 947/986/947 986/1029/986 987/1032/987
f 934/987/934 973/1030/973 974/1033/974
f 921/988/921 960/1031/960 961/1034/961
f 949/992/949 948/989/948 987/1032/987
f 935/990/935 974/1033/974 975/1036/975
f 922/991/922 961/1034/961 962/1037/962
f 949/992/949 988/1035/988 989/1038/989
f 936/993/936 975/1036/975 976/1039/976
f 923/994/923 962/1037/962 963/1040/963
f 950/995/950 989/1038/989 990/1041/990
f 937/996/937 976/1039/976 977/1042/977
f 924/997/924 963/1040/963 964/1043/964
f 951/998/951 990/1041/990 991/1044/991
f 939/1002/939 938/999/938 977/1042/977
f 926/1003/926 925/1000/925 964/1043/964
f 940/1005/940 939/1002/939 978/1045/978
f 926/1003/926 965/1046/965 966/1049/966
f 941/1009/941 940/1005/940 979/1048/979
f 927/1006/927 966/1049/966 967/1053/967
f 915/1011/915 914/1008/914 953/1051/953
f 941/1009/941 980/1052/980 981/1055/981
f 929/1013/929 928/1010/928 967/1053/967
f 915/1011/915 954/1054/954 955/1057/955
f 942/1012/942 981/1055/981 982/1058/982
f 929/1013/929 968/1056/968 969/1059/969
f 916/1014/916 955/1057/955 956/1060/956
f 943/1015/943 982/1058/982 983/1061/983
f 931/1019/931 930/1016/930 969/1059/969
f 917/1017/917 956/1060/956 957/1063/957
f 945/1021/945 944/1018/944 983/1061/983
f 956/1060/956 995/1104/995 996/1065/996
f 984/1064/984 983/1061/983 1022/1066/1022
f 970/1062/970 1009/1105/1009 1010/1068/1010
f 957/1063/957 996/1065/996 997/1069/997
f 984/1064/984 1023/1067/1023 1024/1070/1024
f 971/1024/971 1010/1068/1010 1011/1071/1011
f 958/1025/958 997/1069/997 998/1072/998
f 986/1029/986 985/1026/985 1024/1070/1024
f 973/1030/973 972/1027/972 1011/1071/1011
f 960/1031/960 959/1028/959 998/1072/998
f 986/1029/986 1025/1073/1025 1026/1076/1026
f 973/1030/973 1012/1074/1012 1013/1077/1013
f 960/1031/960 999/1075/999 1000/1078/1000
f 988/1035/988 987/1032/987 1026/1076/1026
f 975/1036/975 974/1033/974 1013/1077/1013
f 962/1037/962 961/1034/961 1000/1078/1000
f 989/1038/989 988/1035/988 1027/1079/1027
f 975/1036/975 1014/1080/1014 1015/1083/1015
f 962/1037/962 1001/1081/1001 1002/1084/1002
f 989/1038/989 1028/1082/1028 1029/1085/1029
f 976/1039/976 1015/1083/1015 1016/1086/1016
f 963/1040/963 1002/1084/1002 1003/1087/1003
f 991/1044/991 990/1041/990 1029/1085/1029
f 978/1045/978 977/1042/977 1016/1086/1016
f 964/1043/964 1003/1087/1003 1004/1090/1004
f 978/1045/978 1017/1089/1017 1018/1092/1018
f 965/1046/965 1004/1090/1004 1005/1093/1005
f 980/1052/980 979/1048/979 1018/1092/1018
f 966/1049/966 1005/1093/1005 1006/1097/1006
f 953/1051/953 992/1095/992 993/1098/993
f 980/1052/980 1019/1096/1019 1020/1099/1020
f 968/1056/968 967/1053/967 1006/1097/1006
f 954/1054/954 993/1098/993 994/1101/994
f 982/1058/982 981/1055/981 1020/1099/1020
f 969/1059/969 968/1056/968 1007/1100/1007
f 955/1057/955 994/1101/994 995/1104/995
f 982/1058/982 1021/1102/1021 1022/1066/1022
f 969/1059/969 1008/1103/1008 1009/1105/1009
f 1008/1103/1008 1047/1145/1047 1048/1106/1048
f 995/1104/995 1034/1146/1034 1035/1107/1035
f 1023/1067/1023 1022/1066/1022 1061/1108/1061
f 1009/1105/1009 1048/1106/1048 1049/1110/1049
f 996/1065/996 1035/1107/1035 1036/1111/1036
f 1023/1067/1023 1062/1109/1062 1063/1112/1063
f 1010/1068/1010 1049/1110/1049 1050/1113/1050
f 997/1069/997 1036/1111/1036 1037/1114/1037
f 1025/1073/1025 1024/1070/1024 1063/1112/1063
f 1012/1074/1012 1011/1071/1011 1050/1113/1050
f 999/1075/999 998/1072/998 1037/1114/1037
f 1026/1076/1026 1025/1073/1025 1064/1115/1064
f 1013/1077/1013 1012/1074/1012 1051/1116/1051
f 999/1075/999 1038/1117/1038 1039/1120/1039
f 1027/1079/1027 1026/1076/1026 1065/1118/1065
f 1014/1080/1014 1013/1077/1013 1052/1119/1052
f 1001/1081/1001 1000/1078/1000 1039/1120/1039
f 1028/1082/1028 1027/1079/1027 1066/1121/1066
f 1014/1080/1014 1053/1122/1053 1054/1125/1054
f 1001/1081/1001 1040/1123/1040 1041/1126/1041
f 1028/1082/1028 1067/1124/1067 1068/1127/1068
f 1015/1083/1015 1054/1125/1054 1055/1128/1055
f 1002/1084/1002 1041/1126/1041 1042/1129/1042
f 1029/1085/1029 1068/1127/1068 1069/1130/1069
f 1017/1089/1017 1016/1086/1016 1055/1128/1055
f 1003/1087/1003 1042/1129/1042 1043/1132/1043
f 1018/1092/1018 1017/1089/1017 1056/1131/1056
f 1004/1090/1004 1043/1132/1043 1044/1135/1044
f 1019/1096/1019 1018/1092/1018 1057/1134/1057
f 1005/1093/1005 1044/1135/1044 1045/1139/1045
f 992/1095/992 1031/1137/1031 1032/1140/1032
f 1019/1096/1019 1058/1138/1058 1059/1141/1059
f 1007/1100/1007 1006/1097/1006 1045/1139/1045
f 994/1101/994 993/1098/993 1032/1140/1032
f 1021/1102/1021 1020/1099/1020 1059/1141/1059
f 1008/1103/1008 1007/1100/1007 1046/1142/1046
f 995/1104/995 994/1101/994 1033/1143/1033
f 1021/1102/1021 1060/1144/1060 1061/1108/1061
f 1033/1143/1033 1072/1185/1072 1073/1147/1073
f 1060/1144/1060 1099/1186/1099 1100/1148/1100
f 1047/1145/1047 1086/1187/1086 1087/1149/1087
f 1034/1146/1034 1073/1147/1073 1074/1150/1074
f 1062/1109/1062 1061/1108/1061 1100/1148/1100
f 1048/1106/1048 1087/1149/1087 1088/1152/1088
f 1036/1111/1036 1035/1107/1035 1074/1150/1074
f 1062/1109/1062 1101/1151/1101 1102/1154/1102
f 1049/1110/1049 1088/1152/1088 1089/1155/1089
f 1036/1111/1036 1075/1153/1075 1076/1156/1076
f 1064/1115/1064 1063/1112/1063 1102/1154/1102
f 1051/1116/1051 1050/1113/1050 1089/1155/1089
f 1037/1114/1037 1076/1156/1076 1077/1159/1077
f 1064/1115/1064 1103/1157/1103 1104/1160/1104
f 1052/1119/1052 1051/1116/1051 1090/1158/1090
f 1038/1117/1038 1077/1159/1077 1078/1162/1078
f 1066/1121/1066 1065/1118/1065 1104/1160/1104
f 1052/1119/1052 1091/1161/1091 1092/1164/1092
f 1040/1123/1040 1039/1120/1039 1078/1162/1078
f 1067/1124/1067 1066/1121/1066 1105/1163/1105
f 1053/1122/1053 1092/1164/1092 1093/1167/1093
f 1041/1126/1041 1040/1123/1040 1079/1165/1079
f 1068/1127/1068 1067/1124/1067 1106/1166/1106
f 1054/1125/1054 1093/1167/1093 1094/1170/1094
f 1042/1129/1042 1041/1126/1041 1080/1168/1080
f 1069/1130/1069 1068/1127/1068 1107/1169/1107
f 1056/1131/1056 1055/1128/1055 1094/1170/1094
f 1042/1129/1042 1081/1171/1081 1082/1174/1082
f 1057/1134/1057 1056/1131/1056 1095/1173/1095
f 1043/1132/1043 1082/1174/1082 1083/1177/1083
f 1058/1138/1058 1057/1134/1057 1096/1176/1096
f 1044/1135/1044 1083/1177/1083 1084/1181/1084
f 1031/1137/1031 1070/1179/1070 1071/1182/1071
f 1058/1138/1058 1097/1180/1097 1098/1183/1098
f 1046/1142/1046 1045/1139/1045 1084/1181/1084
f 1032/1140/1032 1071/1182/1071 1072/1185/1072
f 1059/1141/1059 1098/1183/1098 1099/1186/1099
f 1047/1145/1047 1046/1142/1046 1085/1184/1085
f 1098/1183/1098 1137/1228/1137 1138/1188/1138
f 1086/1187/1086 1085/1184/1085 1124/1189/1124
f 1073/1147/1073 1072/1185/1072 1111/1191/1111
f 1099/1186/1099 1138/1188/1138 1139/1193/1139
f 1087/1149/1087 1086/1187/1086 1125/1190/1125
f 1073/1147/1073 1112/1192/1112 1113/1195/1113
f 1101/1151/1101 1100/1148/1100 1139/1193/1139
f 1088/1152/1088 1087/1149/1087 1126/1194/1126
f 1074/1150/1074 1113/1195/1113 1114/1198/1114
f 1101/1151/1101 1140/1196/1140 1141/1199/1141
f 1088/1152/1088 1127/1197/1127 1128/1200/1128
f 1075/1153/1075 1114/1198/1114 1115/1201/1115
f 1103/1157/1103 1102/1154/1102 1141/1199/1141
f 1089/1155/1089 1128/1200/1128 1129/1203/1129
f 1077/1159/1077 1076/1156/1076 1115/1201/1115
f 1103/1157/1103 1142/1202/1142 1143/1205/1143
f 1090/1158/1090 1129/1203/1129 1130/1206/1130
f 1077/1159/1077 1116/1204/1116 1117/1207/1117
f 1105/1163/1105 1104/1160/1104 1143/1205/1143
f 1091/1161/1091 1130/1206/1130 1131/1209/1131
f 1078/1162/1078 1117/1207/1117 1118/1210/1118
f 1105/1163/1105 1144/1208/1144 1145/1211/1145
f 1092/1164/1092 1131/1209/1131 1132/1212/1132
f 1079/1165/1079 1118/1210/1118 1119/1213/1119
f 1107/1169/1107 1106/1166/1106 1145/1211/1145
f 1093/1167/1093 1132/1212/1132 1133/1215/1133
f 1081/1171/1081 1080/1168/1080 1119/1213/1119
f 1107/1169/1107 1146/1214/1146 1147/1217/1147
f 1095/1173/1095 1094/1170/1094 1133/1215/1133
f 1081/1171/1081 1120/1216/1120 1121/1219/1121
f 1096/1176/1096 1095/1173/1095 1134/1218/1134
f 1082/1174/1082 1121/1219/1121 1122/1222/1122
f 1097/1180/1097 1096/1176/1096 1135/1221/1135
f 1083/1177/1083 1122/1222/1122 1123/1226/1123
f 1070/1179/1070 1109/1224/1109 1110/1227/1110
f 1097/1180/1097 1136/1225/1136 1137/1228/1137
f 1085/1184/1085 1084/1181/1084 1123/1226/1123
f 1071/1182/1071 1110/1227/1110 1111/1191/1111
f 1123/1226/1123 1162/1267/1162 1163/1229/1163
f 1110/1227/1110 1149/1268/1149 1150/1230/1150
f 1137/1228/1137 1176/1269/1176 1177/1231/1177
f 1125/1190/1125 1124/1189/1124 1163/1229/1163
f 1111/1191/1111 1150/1230/1150 1151/1233/1151
f 1138/1188/1138 1177/1231/1177 1178/1234/1178
f 1125/1190/1125 1164/1232/1164 1165/1235/1165
f 1112/1192/1112 1151/1233/1151 1152/1236/1152
f 1140/1196/1140 1139/1193/1139 1178/1234/1178
f 1127/1197/1127 1126/1194/1126 1165/1235/1165
f 1114/1198/1114 1113/1195/1113 1152/1236/1152
f 1140/1196/1140 1179/1237/1179 1180/1240/1180
f 1127/1197/1127 1166/1238/1166 1167/1241/1167
f 1114/1198/1114 1153/1239/1153 1154/1242/1154
f 1142/1202/1142 1141/1199/1141 1180/1240/1180
f 1129/1203/1129 1128/1200/1128 1167/1241/1167
f 1116/1204/1116 1115/1201/1115 1154/1242/1154
f 1142/1202/1142 1181/1243/1181 1182/1246/1182
f 1129/1203/1129 1168/1244/1168 1169/1247/1169
f 1116/1204/1116 1155/1245/1155 1156/1248/1156
f 1144/1208/1144 1143/1205/1143 1182/1246/1182
f 1131/1209/1131 1130/1206/1130 1169/1247/1169
f 1117/1207/1117 1156/1248/1156 1157/1251/1157
f 1145/1211/1145 1144/1208/1144 1183/1249/1183
f 1131/1209/1131 1170/1250/1170 1171/1253/1171
f 1118/1210/1118 1157/1251/1157 1158/1254/1158
f 1146/1214/1146 1145/1211/1145 1184/1252/1184
f 1132/1212/1132 1171/1253/1171 1172/1256/1172
f 1120/1216/1120 1119/1213/1119 1158/1254/1158
f 1146/1214/1146 1185/1255/1185 1186/1258/1186
f 1134/1218/1134 1133/1215/1133 1172/1256/1172
f 1120/1216/1120 1159/1257/1159 1160/1260/1160
f 1135/1221/1135 1134/1218/1134 1173/1259/1173
f 1121/1219/1121 1160/1260/1160 1161/1263/1161
f 1136/1225/1136 1135/1221/1135 1174/1262/1174
f 1122/1222/1122 1161/1263/1161 1162/1267/1162
f 1109/1224/1109 1148/1265/1148 1149/1268/1149
f 1136/1225/1136 1175/1266/1175 1176/1269/1176
f 1148/1265/1148 1187/1308/1187 1188/1270/1188
f 1175/1266/1175 1214/1309/1214 1215/1271/1215
f 1162/1267/1162 1201/1310/1201 1202/1272/1202
f 1149/1268/1149 1188/1270/1188 1189/1273/1189
f 1176/1269/1176 1215/1271/1215 1216/1274/1216
f 1164/1232/1164 1163/1229/1163 1202/1272/1202
f 1150/1230/1150 1189/1273/1189 1190/1276/1190
f 1177/1231/1177 1216/1274/1216 1217/1277/1217
f 1164/1232/1164 1203/1275/1203 1204/1278/1204
f 1151/1233/1151 1190/1276/1190 1191/1279/1191
f 1179/1237/1179 1178/1234/1178 1217/1277/1217
f 1166/1238/1166 1165/1235/1165 1204/1278/1204
f 1153/1239/1153 1152/1236/1152 1191/1279/1191
f 1179/1237/1179 1218/1280/1218 1219/1283/1219
f 1166/1238/1166 1205/1281/1205 1206/1284/1206
f 1153/1239/1153 1192/1282/1192 1193/1285/1193
f 1181/1243/1181 1180/1240/1180 1219/1283/1219
f 1168/1244/1168 1167/1241/1167 1206/1284/1206
f 1155/1245/1155 1154/1242/1154 1193/1285/1193
f 1181/1243/1181 1220/1286/1220 1221/1289/1221
f 1168/1244/1168 1207/1287/1207 1208/1290/1208
f 1155/1245/1155 1194/1288/1194 1195/1291/1195
f 1183/1249/1183 1182/1246/1182 1221/1289/1221
f 1170/1250/1170 1169/1247/1169 1208/1290/1208
f 1156/1248/1156 1195/1291/1195 1196/1294/1196
f 1183/1249/1183 1222/1292/1222 1223/1295/1223
f 1170/1250/1170 1209/1293/1209 1210/1296/1210
f 1158/1254/1158 1157/1251/1157 1196/1294/1196
f 1185/1255/1185 1184/1252/1184 1223/1295/1223
f 1171/1253/1171 1210/1296/1210 1211/1299/1211
f 1159/1257/1159 1158/1254/1158 1197/1297/1197
f 1186/1258/1186 1185/1255/1185 1224/1298/1224
f 1173/1259/1173 1172/1256/1172 1211/1299/1211
f 1159/1257/1159 1198/1300/1198 1199/1303/1199
f 1174/1262/1174 1173/1259/1173 1212/1302/1212
f 1160/1260/1160 1199/1303/1199 1200/1306/1200
f 1175/1266/1175 1174/1262/1174 1213/1305/1213
f 1161/1263/1161 1200/1306/1200 1201/1310/1201
f 1200/1306/1200 1239/1350/1239 1240/1311/1240
f 1188/1270/1188 1187/1308/1187 1226/1312/1226
f 1215/1271/1215 1214/1309/1214 1253/1314/1253
f 1201/1310/1201 1240/1311/1240 1241/1316/1241
f 1188/1270/1188 1227/1313/1227 1228/1317/1228
f 1216/1274/1216 1215/1271/1215 1254/1315/1254
f 1203/1275/1203 1202/1272/1202 1241/1316/1241
f 1189/1273/1189 1228/1317/1228 1229/1320/1229
f 1217/1277/1217 1216/1274/1216 1255/1318/1255
f 1203/1275/1203 1242/1319/1242 1243/1322/1243
f 1190/1276/1190 1229/1320/1229 1230/1323/1230
f 1218/1280/1218 1217/1277/1217 1256/1321/1256
f 1205/1281/1205 1204/1278/1204 1243/1322/1243
f 1192/1282/1192 1191/1279/1191 1230/1323/1230
f 1218/1280/1218 1257/1324/1257 1258/1327/1258
f 1205/1281/1205 1244/1325/1244 1245/1328/1245
f 1192/1282/1192 1231/1326/1231 1232/1329/1232
f 1220/1286/1220 1219/1283/1219 1258/1327/1258
f 1206/1284/1206 1245/1328/1245 1246/1331/1246
f 1194/1288/1194 1193/1285/1193 1232/1329/1232
f 1220/1286/1220 1259/1330/1259 1260/1333/1260
f 1207/1287/1207 1246/1331/1246 1247/1334/1247
f 1194/1288/1194 1233/1332/1233 1234/1335/1234
f 1222/1292/1222 1221/1289/1221 1260/1333/1260
f 1208/1290/1208 1247/1334/1247 1248/1337/1248
f 1195/1291/1195 1234/1335/1234 1235/1338/1235
f 1223/1295/1223 1222/1292/1222 1261/1336/1261
f 1209/1293/1209 1248/1337/1248 1249/1340/1249
f 1196/1294/1196 1235/1338/1235 1236/1341/1236
f 1224/1298/1224 1223/1295/1223 1262/1339/1262
f 1210/1296/1210 1249/1340/1249 1250/1343/1250
f 1197/1297/1197 1236/1341/1236 1237/1344/1237
f 1224/1298/1224 1263/1342/1263 1264/1345/1264
f 1212/1302/1212 1211/1299/1211 1250/1343/1250
f 1198/1300/1198 1237/1344/1237 1238/1347/1238
f 1213/1305/1213 1212/1302/1212 1251/1346/1251
f 1199/1303/1199 1238/1347/1238 1239/1350/1239
f 1214/1309/1214 1213/1305/1213 1252/1349/1252
f 1252/1349/1252 1291/1391/1291 1292/1354/1292
f 1239/1350/1239 1278/1392/1278 1279/1355/1279
f 1226/1312/1226 1265/1353/1265 1266/1356/1266
f 1253/1314/1253 1292/1354/1292 1293/1357/1293
f 1240/1311/1240 1279/1355/1279 1280/1358/1280
f 1227/1313/1227 1266/1356/1266 1267/1359/1267
f 1254/1315/1254 1293/1357/1293 1294/1360/1294
f 1242/1319/1242 1241/1316/1241 1280/1358/1280
f 1228/1317/1228 1267/1359/1267 1268/1362/1268
f 1255/1318/1255 1294/1360/1294 1295/1363/1295
f 1242/1319/1242 1281/1361/1281 1282/1364/1282
f 1229/1320/1229 1268/1362/1268 1269/1365/1269
f 1257/1324/1257 1256/1321/1256 1295/1363/1295
f 1244/1325/1244 1243/1322/1243 1282/1364/1282
f 1231/1326/1231 1230/1323/1230 1269/1365/1269
f 1257/1324/1257 1296/1366/1296 1297/1369/1297
f 1244/1325/1244 1283/1367/1283 1284/1370/1284
f 1231/1326/1231 1270/1368/1270 1271/1371/1271
f 1259/1330/1259 1258/1327/1258 1297/1369/1297
f 1245/1328/1245 1284/1370/1284 1285/1373/1285
f 1232/1329/1232 1271/1371/1271 1272/1374/1272
f 1259/1330/1259 1298/1372/1298 1299/1375/1299
f 1246/1331/1246 1285/1373/1285 1286/1376/1286
f 1233/1332/1233 1272/1374/1272 1273/1377/1273
f 1260/1333/1260 1299/1375/1299 1300/1378/1300
f 1248/1337/1248 1247/1334/1247 1286/1376/1286
f 1234/1335/1234 1273/1377/1273 1274/1380/1274
f 1262/1339/1262 1261/1336/1261 1300/1378/1300
f 1248/1337/1248 1287/1379/1287 1288/1382/1288
f 1236/1341/1236 1235/1338/1235 1274/1380/1274
f 1263/1342/1263 1262/1339/1262 1301/1381/1301
f 1250/1343/1250 1249/1340/1249 1288/1382/1288
f 1237/1344/1237 1236/1341/1236 1275/1383/1275
f 1263/1342/1263 1302/1384/1302 1303/1387/1303
f 1250/1343/1250 1289/1385/1289 1290/1388/1290
f 1237/1344/1237 1276/1386/1276 1277/1389/1277
f 1252/1349/1252 1251/1346/1251 1290/1388/1290
f 1238/1347/1238 1277/1389/1277 1278/1392/1278
f 1291/1391/1291 1290/1388/1290 1329/1393/1329
f 1277/1389/1277 1316/1432/1316 1317/1395/1317
f 1292/1354/1292 1291/1391/1291 1330/1394/1330
f 1278/1392/1278 1317/1395/1317 1318/1399/1318
f 1265/1353/1265 1304/1397/1304 1305/1400/1305
f 1292/1354/1292 1331/1398/1331 1332/1401/1332
f 1279/1355/1279 1318/1399/1318 1319/1402/1319
f 1266/1356/1266 1305/1400/1305 1306/1403/1306
f 1293/1357/1293 1332/1401/1332 1333/1404/1333
f 1281/1361/1281 1280/1358/1280 1319/1402/1319
f 1267/1359/1267 1306/1403/1306 1307/1406/1307
f 1294/1360/1294 1333/1404/1333 1334/1407/1334
f 1281/1361/1281 1320/1405/1320 1321/1408/1321
f 1269/1365/1269 1268/1362/1268 1307/1406/1307
f 1296/1366/1296 1295/1363/1295 1334/1407/1334
f 1283/1367/1283 1282/1364/1282 1321/1408/1321
f 1270/1368/1270 1269/1365/1269 1308/1409/1308
f 1296/1366/1296 1335/1410/1335 1336/1413/1336
f 1283/1367/1283 1322/1411/1322 1323/1414/1323
f 1270/1368/1270 1309/1412/1309 1310/1415/1310
f 1298/1372/1298 1297/1369/1297 1336/1413/1336
f 1285/1373/1285 1284/1370/1284 1323/1414/1323
f 1272/1374/1272 1271/1371/1271 1310/1415/1310
f 1298/1372/1298 1337/1416/1337 1338/1419/1338
f 1285/1373/1285 1324/1417/1324 1325/1420/1325
f 1272/1374/1272 1311/1418/1311 1312/1421/1312
f 1300/1378/1300 1299/1375/1299 1338/1419/1338
f 1287/1379/1287 1286/1376/1286 1325/1420/1325
f 1273/1377/1273 1312/1421/1312 1313/1424/1313
f 1300/1378/1300 1339/1422/1339 1340/1425/1340
f 1287/1379/1287 1326/1423/1326 1327/1426/1327
f 1275/1383/1275 1274/1380/1274 1313/1424/1313
f 1302/1384/1302 1301/1381/1301 1340/1425/1340
f 1289/1385/1289 1288/1382/1288 1327/1426/1327
f 1276/1386/1276 1275/1383/1275 1314/1427/1314
f 1302/1384/1302 1341/1428/1341 1342/1431/1342
f 1290/1388/1290 1289/1385/1289 1328/1429/1328
f 1276/1386/1276 1315/1430/1315 1316/1432/1316
f 1315/1430/1315 1354/1474/1354 1355/1434/1355
f 1330/1394/1330 1329/1393/1329 1368/1437/1368
f 1316/1432/1316 1355/1434/1355 1356/1439/1356
f 1331/1398/1331 1330/1394/1330 1369/1438/1369
f 1318/1399/1318 1317/1395/1317 1356/1439/1356
f 1305/1400/1305 1304/1397/1304 1343/1441/1343
f 1331/1398/1331 1370/1442/1370 1371/1445/1371
f 1318/1399/1318 1357/1443/1357 1358/1446/1358
f 1305/1400/1305 1344/1444/1344 1345/1447/1345
f 1333/1404/1333 1332/1401/1332 1371/1445/1371
f 1320/1405/1320 1319/1402/1319 1358/1446/1358
f 1307/1406/1307 1306/1403/1306 1345/1447/1345
f 1333/1404/1333 1372/1448/1372 1373/1451/1373
f 1320/1405/1320 1359/1449/1359 1360/1452/1360
f 1307/1406/1307 1346/1450/1346 1347/1453/1347
f 1335/1410/1335 1334/1407/1334 1373/1451/1373
f 1322/1411/1322 1321/1408/1321 1360/1452/1360
f 1309/1412/1309 1308/1409/1308 1347/1453/1347
f 1336/1413/1336 1335/1410/1335 1374/1454/1374
f 1322/1411/1322 1361/1455/1361 1362/1458/1362
f 1309/1412/1309 1348/1456/1348 1349/1459/1349
f 1337/1416/1337 1336/1413/1336 1375/1457/1375
f 1324/1417/1324 1323/1414/1323 1362/1458/1362
f 1310/1415/1310 1349/1459/1349 1350/1462/1350
f 1337/1416/1337 1376/1460/1376 1377/1463/1377
f 1324/1417/1324 1363/1461/1363 1364/1464/1364
f 1311/1418/1311 1350/1462/1350 1351/1465/1351
f 1339/1422/1339 1338/1419/1338 1377/1463/1377
f 1326/1423/1326 1325/1420/1325 1364/1464/1364
f 1312/1421/1312 1351/1465/1351 1352/1468/1352
f 1339/1422/1339 1378/1466/1378 1379/1469/1379
f 1326/1423/1326 1365/1467/1365 1366/1470/1366
f 1313/1424/1313 1352/1468/1352 1353/1471/1353
f 1341/1428/1341 1340/1425/1340 1379/1469/1379
f 1328/1429/1328 1327/1426/1327 1366/1470/1366
f 1314/1427/1314 1353/1471/1353 1354/1474/1354
f 1341/1428/1341 1380/1472/1380 1381/1436/1381
f 1329/1393/1329 1328/1429/1328 1367/1473/1367
f 1367/1473/1367 1406/1515/1406 1407/1475/1407
f 1355/1434/1355 1354/1474/1354 1393/1476/1393
f 1369/1438/1369 1368/1437/1368 1407/1475/1407
f 1355/1434/1355 1394/1477/1394 1395/1481/1395
f 1369/1438/1369 1408/1480/1408 1409/1484/1409
f 1356/1439/1356 1395/1481/1395 1396/1485/1396
f 1343/1441/1343 1382/1483/1382 1383/1486/1383
f 1371/1445/1371 1370/1442/1370 1409/1484/1409
f 1357/1443/1357 1396/1485/1396 1397/1488/1397
f 1344/1444/1344 1383/1486/1383 1384/1489/1384
f 1372/1448/1372 1371/1445/1371 1410/1487/1410
f 1359/1449/1359 1358/1446/1358 1397/1488/1397
f 1345/1447/1345 1384/1489/1384 1385/1492/1385
f 1373/1451/1373 1372/1448/1372 1411/1490/1411
f 1359/1449/1359 1398/1491/1398 1399/1494/1399
f 1346/1450/1346 1385/1492/1385 1386/1495/1386
f 1374/1454/1374 1373/1451/1373 1412/1493/1412
f 1361/1455/1361 1360/1452/1360 1399/1494/1399
f 1348/1456/1348 1347/1453/1347 1386/1495/1386
f 1374/1454/1374 1413/1496/1413 1414/1499/1414
f 1361/1455/1361 1400/1497/1400 1401/1500/1401
f 1348/1456/1348 1387/1498/1387 1388/1501/1388
f 1376/1460/1376 1375/1457/1375 1414/1499/1414
f 1363/1461/1363 1362/1458/1362 1401/1500/1401
f 1349/1459/1349 1388/1501/1388 1389/1504/1389
f 1376/1460/1376 1415/1502/1415 1416/1505/1416
f 1363/1461/1363 1402/1503/1402 1403/1506/1403
f 1350/1462/1350 1389/1504/1389 1390/1507/1390
f 1378/1466/1378 1377/1463/1377 1416/1505/1416
f 1365/1467/1365 1364/1464/1364 1403/1506/1403
f 1352/1468/1352 1351/1465/1351 1390/1507/1390
f 1378/1466/1378 1417/1508/1417 1418/1511/1418
f 1365/1467/1365 1404/1509/1404 1405/1512/1405
f 1352/1468/1352 1391/1510/1391 1392/1513/1392
f 1380/1472/1380 1379/1469/1379 1418/1511/1418
f 1367/1473/1367 1366/1470/1366 1405/1512/1405
f 1353/1471/1353 1392/1513/1392 1393/1476/1393
f 1380/1472/1380 1419/1514/1419 1420/1479/1420
f 1393/1476/1393 1392/1513/1392 1431/1516/1431
f 1419/1514/1419 1458/1555/1458 1459/1518/1459
f 1406/1515/1406 1445/1556/1445 1446/1519/1446
f 1394/1477/1394 1393/1476/1393 1432/1517/1432
f 1408/1480/1408 1407/1475/1407 1446/1519/1446
f 1394/1477/1394 1433/1520/1433 1434/1523/1434
f 1408/1480/1408 1447/1522/1447 1448/1526/1448
f 1396/1485/1396 1395/1481/1395 1434/1523/1434
f 1382/1483/1382 1421/1525/1421 1422/1528/1422
f 1410/1487/1410 1409/1484/1409 1448/1526/1448
f 1396/1485/1396 1435/1527/1435 1436/1530/1436
f 1383/1486/1383 1422/1528/1422 1423/1531/1423
f 1411/1490/1411 1410/1487/1410 1449/1529/1449
f 1398/1491/1398 1397/1488/1397 1436/1530/1436
f 1384/1489/1384 1423/1531/1423 1424/1534/1424
f 1411/1490/1411 1450/1532/1450 1451/1535/1451
f 1398/1491/1398 1437/1533/1437 1438/1536/1438
f 1385/1492/1385 1424/1534/1424 1425/1537/1425
f 1413/1496/1413 1412/1493/1412 1451/1535/1451
f 1400/1497/1400 1399/1494/1399 1438/1536/1438
f 1387/1498/1387 1386/1495/1386 1425/1537/1425
f 1414/1499/1414 1413/1496/1413 1452/1538/1452
f 1400/1497/1400 1439/1539/1439 1440/1542/1440
f 1387/1498/1387 1426/1540/1426 1427/1543/1427
f 1415/1502/1415 1414/1499/1414 1453/1541/1453
f 1402/1503/1402 1401/1500/1401 1440/1542/1440
f 1388/1501/1388 1427/1543/1427 1428/1546/1428
f 1415/1502/1415 1454/1544/1454 1455/1547/1455
f 1402/1503/1402 1441/1545/1441 1442/1548/1442
f 1389/1504/1389 1428/1546/1428 1429/1549/1429
f 1417/1508/1417 1416/1505/1416 1455/1547/1455
f 1403/1506/1403 1442/1548/1442 1443/1551/1443
f 1390/1507/1390 1429/1549/1429 1430/1552/1430
f 1417/1508/1417 1456/1550/1456 1457/1553/1457
f 1404/1509/1404 1443/1551/1443 1444/1554/1444
f 1391/1510/1391 1430/1552/1430 1431/1516/1431
f 1419/1514/1419 1418/1511/1418 1457/1553/1457
f 1406/1515/1406 1405/1512/1405 1444/1554/1444
f 1457/1553/1457 1496/1597/1496 1497/1557/1497
f 1445/1556/1445 1444/1554/1444 1483/1558/1483
f 1432/1517/1432 1431/1516/1431 1470/1560/1470
f 1458/1555/1458 1497/1557/1497 1498/1562/1498
f 1445/1556/1445 1484/1559/1484 1485/1563/1485
f 1433/1520/1433 1432/1517/1432 1471/1561/1471
f 1447/1522/1447 1446/1519/1446 1485/1563/1485
f 1433/1520/1433 1472/1564/1472 1473/1567/1473
f 1448/1526/1448 1447/1522/1447 1486/1566/1486
f 1435/1527/1435 1434/1523/1434 1473/1567/1473
f 1421/1525/1421 1460/1569/1460 1461/1572/1461
f 1448/1526/1448 1487/1570/1487 1488/1573/1488
f 1435/1527/1435 1474/1571/1474 1475/1574/1475
f 1422/1528/1422 1461/1572/1461 1462/1575/1462
f 1450/1532/1450 1449/1529/1449 1488/1573/1488
f 1437/1533/1437 1436/1530/1436 1475/1574/1475
f 1423/1531/1423 1462/1575/1462 1463/1578/1463
f 1451/1535/1451 1450/1532/1450 1489/1576/1489
f 1437/1533/1437 1476/1577/1476 1477/1580/1477
f 1424/1534/1424 1463/1578/1463 1464/1581/1464
f 1452/1538/1452 1451/1535/1451 1490/1579/1490
f 1439/1539/1439 1438/1536/1438 1477/1580/1477
f 1426/1540/1426 1425/1537/1425 1464/1581/1464
f 1453/1541/1453 1452/1538/1452 1491/1582/1491
f 1439/1539/1439 1478/1583/1478 1479/1586/1479
f 1426/1540/1426 1465/1584/1465 1466/1587/1466
f 1454/1544/1454 1453/1541/1453 1492/1585/1492
f 1441/1545/1441 1440/1542/1440 1479/1586/1479
f 1427/1543/1427 1466/1587/1466 1467/1590/1467
f 1454/1544/1454 1493/1588/1493 1494/1591/1494
f 1441/1545/1441 1480/1589/1480 1481/1592/1481
f 1428/1546/1428 1467/1590/1467 1468/1593/1468
f 1455/1547/1455 1494/1591/1494 1495/1594/1495
f 1442/1548/1442 1481/1592/1481 1482/1595/1482
f 1429/1549/1429 1468/1593/1468 1469/1596/1469
f 1457/1553/1457 1456/1550/1456 1495/1594/1495
f 1443/1551/1443 1482/1595/1482 1483/1558/1483
f 1430/1552/1430 1469/1596/1469 1470/1560/1470
f 1482/1595/1482 1521/1637/1521 1522/1598/1522
f 1469/1596/1469 1508/1638/1508 1509/1599/1509
f 1497/1557/1497 1496/1597/1496 1535/1600/1535
f 1484/1559/1484 1483/1558/1483 1522/1598/1522
f 1471/1561/1471 1470/1560/1470 1509/1599/1509
f 1498/1562/1498 1497/1557/1497 1536/1601/1536
f 1484/1559/1484 1523/1602/1523 1524/1605/1524
f 1471/1561/1471 1510/1603/1510 1511/1606/1511
f 1486/1566/1486 1485/1563/1485 1524/1605/1524
f 1472/1564/1472 1511/1606/1511 1512/1609/1512
f 1486/1566/1486 1525/1608/1525 1526/1612/1526
f 1474/1571/1474 1473/1567/1473 1512/1609/1512
f 1460/1569/1460 1499/1611/1499 1500/1614/1500
f 1487/1570/1487 1526/1612/1526 1527/1615/1527
f 1474/1571/1474 1513/1613/1513 1514/1616/1514
f 1461/1572/1461 1500/1614/1500 1501/1617/1501
f 1489/1576/1489 1488/1573/1488 1527/1615/1527
f 1476/1577/1476 1475/1574/1475 1514/1616/1514
f 1462/1575/1462 1501/1617/1501 1502/1620/1502
f 1490/1579/1490 1489/1576/1489 1528/1618/1528
f 1476/1577/1476 1515/1619/1515 1516/1622/1516
f 1463/1578/1463 1502/1620/1502 1503/1623/1503
f 1490/1579/1490 1529/1621/1529 1530/1624/1530
f 1477/1580/1477 1516/1622/1516 1517/1625/1517
f 1465/1584/1465 1464/1581/1464 1503/1623/1503
f 1491/1582/1491 1530/1624/1530 1531/1627/1531
f 1478/1583/1478 1517/1625/1517 1518/1628/1518
f 1465/1584/1465 1504/1626/1504 1505/1629/1505
f 1493/1588/1493 1492/1585/1492 1531/1627/1531
f 1480/1589/1480 1479/1586/1479 1518/1628/1518
f 1467/1590/1467 1466/1587/1466 1505/1629/1505
f 1493/1588/1493 1532/1630/1532 1533/1633/1533
f 1480/1589/1480 1519/1631/1519 1520/1634/1520
f 1468/1593/1468 1467/1590/1467 1506/1632/1506
f 1495/1594/1495 1494/1591/1494 1533/1633/1533
f 1481/1592/1481 1520/1634/1520 1521/1637/1521
f 1468/1593/1468 1507/1635/1507 1508/1638/1508
f 1495/1594/1495 1534/1636/1534 1535/1600/1535
f 1507/1635/1507 1546/1677/1546 1547/1639/1547
f 1534/1636/1534 1573/1678/1573 1574/1640/1574
f 1521/1637/1521 1560/1679/1560 1561/1641/1561
f 1509/1599/1509 1508/1638/1508 1547/1639/1547
f 1535/1600/1535 1574/1640/1574 1575/1643/1575
f 1523/1602/1523 1522/1598/1522 1561/1641/1561
f 1510/1603/1510 1509/1599/1509 1548/1642/1548
f 1536/1601/1536 1575/1643/1575 1576/1646/1576
f 1523/1602/1523 1562/1644/1562 1563/1647/1563
f 1510/1603/1510 1549/1645/1549 1550/1648/1550
f 1525/1608/1525 1524/1605/1524 1563/1647/1563
f 1511/1606/1511 1550/1648/1550 1551/1651/1551
f 1525/1608/1525 1564/1650/1564 1565/1654/1565
f 1513/1613/1513 1512/1609/1512 1551/1651/1551
f 1499/1611/1499 1538/1653/1538 1539/1656/1539
f 1526/1612/1526 1565/1654/1565 1566/1657/1566
f 1513/1613/1513 1552/1655/1552 1553/1658/1553
f 1500/1614/1500 1539/1656/1539 1540/1659/1540
f 1528/1618/1528 1527/1615/1527 1566/1657/1566
f 1515/1619/1515 1514/1616/1514 1553/1658/1553
f 1502/1620/1502 1501/1617/1501 1540/1659/1540
f 1528/1618/1528 1567/1660/1567 1568/1663/1568
f 1515/1619/1515 1554/1661/1554 1555/1664/1555
f 1502/1620/1502 1541/1662/1541 1542/1665/1542
f 1530/1624/1530 1529/1621/1529 1568/1663/1568
f 1516/1622/1516 1555/1664/1555 1556/1667/1556
f 1504/1626/1504 1503/1623/1503 1542/1665/1542
f 1531/1627/1531 1530/1624/1530 1569/1666/1569
f 1517/1625/1517 1556/1667/1556 1557/1670/1557
f 1504/1626/1504 1543/1668/1543 1544/1671/1544
f 1532/1630/1532 1531/1627/1531 1570/1669/1570
f 1519/1631/1519 1518/1628/1518 1557/1670/1557
f 1505/1629/1505 1544/1671/1544 1545/1674/1545
f 1532/1630/1532 1571/1672/1571 1572/1675/1572
f 1520/1634/1520 1519/1631/1519 1558/1673/1558
f 1506/1632/1506 1545/1674/1545 1546/1677/1546
f 1534/1636/1534 1533/1633/1533 1572/1675/1572
f 1520/1634/1520 1559/1676/1559 1560/1679/1560
f 1559/1676/1559 1598/1718/1598 1599/1680/1599
f 1546/1677/1546 1585/1719/1585 1586/1681/1586
f 1573/1678/1573 1612/1720/1612 1613/1682/1613
f 1560/1679/1560 1599/1680/1599 1600/1683/1600
f 1547/1639/1547 1586/1681/1586 1587/1684/1587
f 1575/1643/1575 1574/1640/1574 1613/1682/1613
f 1562/1644/1562 1561/1641/1561 1600/1683/1600
f 1549/1645/1549 1548/1642/1548 1587/1684/1587
f 1576/1646/1576 1575/1643/1575 1614/1685/1614
f 1562/1644/1562 1601/1686/1601 1602/1689/1602
f 1550/1648/1550 1549/1645/1549 1588/1687/1588
f 1564/1650/1564 1563/1647/1563 1602/1689/1602
f 1550/1648/1550 1589/1690/1589 1590/1693/1590
f 1564/1650/1564 1603/1692/1603 1604/1696/1604
f 1552/1655/1552 1551/1651/1551 1590/1693/1590
f 1538/1653/1538 1577/1695/1577 1578/1698/1578
f 1565/1654/1565 1604/1696/1604 1605/1699/1605
f 1552/1655/1552 1591/1697/1591 1592/1700/1592
f 1540/1659/1540 1539/1656/1539 1578/1698/1578
f 1567/1660/1567 1566/1657/1566 1605/1699/1605
f 1554/1661/1554 1553/1658/1553 1592/1700/1592
f 1541/1662/1541 1540/1659/1540 1579/1701/1579
f 1567/1660/1567 1606/1702/1606 1607/1705/1607
f 1555/1664/1555 1554/1661/1554 1593/1703/1593
f 1541/1662/1541 1580/1704/1580 1581/1707/1581
f 1569/1666/1569 1568/1663/1568 1607/1705/1607
f 1555/1664/1555 1594/1706/1594 1595/1709/1595
f 1543/1668/1543 1542/1665/1542 1581/1707/1581
f 1569/1666/1569 1608/1708/1608 1609/1711/1609
f 1556/1667/1556 1595/1709/1595 1596/1712/1596
f 1543/1668/1543 1582/1710/1582 1583/1713/1583
f 1571/1672/1571 1570/1669/1570 1609/1711/1609
f 1558/1673/1558 1557/1670/1557 1596/1712/1596
f 1545/1674/1545 1544/1671/1544 1583/1713/1583
f 1571/1672/1571 1610/1714/1610 1611/1717/1611
f 1558/1673/1558 1597/1715/1597 1598/1718/1598
f 1545/1674/1545 1584/1716/1584 1585/1719/1585
f 1572/1675/1572 1611/1717/1611 1612/1720/1612
f 1601/1686/1601 1640/1761/1640 1641/1721/1641
f 1589/1690/1589 1588/1687/1588 1627/1722/1627
f 1603/1692/1603 1602/1689/1602 1641/1721/1641
f 1589/1690/1589 1628/1723/1628 1629/1727/1629
f 1603/1692/1603 1642/1726/1642 1643/1730/1643
f 1591/1697/1591 1590/1693/1590 1629/1727/1629
f 1577/1695/1577 1616/1729/1616 1617/1732/1617
f 1604/1696/1604 1643/1730/1643 1644/1733/1644
f 1591/1697/1591 1630/1731/1630 1631/1734/1631
f 1578/1698/1578 1617/1732/1617 1618/1735/1618
f 1605/1699/1605 1644/1733/1644 1645/1736/1645
f 1593/1703/1593 1592/1700/1592 1631/1734/1631
f 1579/1701/1579 1618/1735/1618 1619/1738/1619
f 1607/1705/1607 1606/1702/1606 1645/1736/1645
f 1594/1706/1594 1593/1703/1593 1632/1737/1632
f 1580/1704/1580 1619/1738/1619 1620/1741/1620
f 1608/1708/1608 1607/1705/1607 1646/1739/1646
f 1594/1706/1594 1633/1740/1633 1634/1743/1634
f 1582/1710/1582 1581/1707/1581 1620/1741/1620
f 1609/1711/1609 1608/1708/1608 1647/1742/1647
f 1595/1709/1595 1634/1743/1634 1635/1746/1635
f 1582/1710/1582 1621/1744/1621 1622/1747/1622
f 1610/1714/1610 1609/1711/1609 1648/1745/1648
f 1597/1715/1597 1596/1712/1596 1635/1746/1635
f 1584/1716/1584 1583/1713/1583 1622/1747/1622
f 1610/1714/1610 1649/1748/1649 1650/1751/1650
f 1598/1718/1598 1597/1715/1597 1636/1749/1636
f 1584/1716/1584 1623/1750/1623 1624/1753/1624
f 1612/1720/1612 1611/1717/1611 1650/1751/1650
f 1598/1718/1598 1637/1752/1637 1638/1755/1638
f 1585/1719/1585 1624/1753/1624 1625/1756/1625
f 1612/1720/1612 1651/1754/1651 1652/1757/1652
f 1599/1680/1599 1638/1755/1638 1639/1758/1639
f 1586/1681/1586 1625/1756/1625 1626/1759/1626
f 1614/1685/1614 1613/1682/1613 1652/1757/1652
f 1601/1686/1601 1600/1683/1600 1639/1758/1639
f 1588/1687/1588 1587/1684/1587 1626/1759/1626
f 1615/1688/1615 1614/1685/1614 1653/1760/1653
f 1627/1722/1627 1626/1759/1626 1665/1762/1665
f 1653/1760/1653 1692/1801/1692 1693/1764/1693
f 1640/1761/1640 1679/1802/1679 1680/1765/1680
f 1628/1723/1628 1627/1722/1627 1666/1763/1666
f 1642/1726/1642 1641/1721/1641 1680/1765/1680
f 1628/1723/1628 1667/1766/1667 1668/1769/1668
f 1642/1726/1642 1681/1768/1681 1682/1772/1682
f 1630/1731/1630 1629/1727/1629 1668/1769/1668
f 1617/1732/1617 1616/1729/1616 1655/1771/1655
f 1643/1730/1643 1682/1772/1682 1683/1775/1683
f 1630/1731/1630 1669/1773/1669 1670/1776/1670
f 1617/1732/1617 1656/1774/1656 1657/1777/1657
f 1645/1736/1645 1644/1733/1644 1683/1775/1683
f 1632/1737/1632 1631/1734/1631 1670/1776/1670
f 1618/1735/1618 1657/1777/1657 1658/1780/1658
f 1646/1739/1646 1645/1736/1645 1684/1778/1684
f 1633/1740/1633 1632/1737/1632 1671/1779/1671
f 1619/1738/1619 1658/1780/1658 1659/1783/1659
f 1646/1739/1646 1685/1781/1685 1686/1784/1686
f 1633/1740/1633 1672/1782/1672 1673/1785/1673
f 1621/1744/1621 1620/1741/1620 1659/1783/1659
f 1647/1742/1647 1686/1784/1686 1687/1787/1687
f 1634/1743/1634 1673/1785/1673 1674/1788/1674
f 1621/1744/1621 1660/1786/1660 1661/1789/1661
f 1649/1748/1649 1648/1745/1648 1687/1787/1687
f 1636/1749/1636 1635/1746/1635 1674/1788/1674
f 1622/1747/1622 1661/1789/1661 1662/1792/1662
f 1649/1748/1649 1688/1790/1688 1689/1793/1689
f 1637/1752/1637 1636/1749/1636 1675/1791/1675
f 1623/1750/1623 1662/1792/1662 1663/1795/1663
f 1651/1754/1651 1650/1751/1650 1689/1793/1689
f 1637/1752/1637 1676/1794/1676 1677/1797/1677
f 1624/1753/1624 1663/1795/1663 1664/1798/1664
f 1651/1754/1651 1690/1796/1690 1691/1799/1691
f 1638/1755/1638 1677/1797/1677 1678/1800/1678
f 1625/1756/1625 1664/1798/1664 1665/1762/1665
f 1652/1757/1652 1691/1799/1691 1692/1801/1692
f 1640/1761/1640 1639/1758/1639 1678/1800/1678
f 1679/1802/1679 1678/1800/1678 1717/1803/1717
f 1666/1763/1666 1665/1762/1665 1704/1805/1704
f 1692/1801/1692 1731/1843/1731 1732/1807/1732
f 1679/1802/1679 1718/1804/1718 1719/1808/1719
f 1667/1766/1667 1666/1763/1666 1705/1806/1705
f 1681/1768/1681 1680/1765/1680 1719/1808/1719
f 1667/1766/1667 1706/1809/1706 1707/1812/1707
f 1681/1768/1681 1720/1811/1720 1721/1815/1721
f 1668/1769/1668 1707/1812/1707 1708/1816/1708
f 1655/1771/1655 1694/1814/1694 1695/1817/1695
f 1682/1772/1682 1721/1815/1721 1722/1818/1722
f 1669/1773/1669 1708/1816/1708 1709/1819/1709
f 1656/1774/1656 1695/1817/1695 1696/1820/1696
f 1684/1778/1684 1683/1775/1683 1722/1818/1722
f 1671/1779/1671 1670/1776/1670 1709/1819/1709
f 1657/1777/1657 1696/1820/1696 1697/1823/1697
f 1685/1781/1685 1684/1778/1684 1723/1821/1723
f 1671/1779/1671 1710/1822/1710 1711/1825/1711
f 1658/1780/1658 1697/1823/1697 1698/1826/1698
f 1686/1784/1686 1685/1781/1685 1724/1824/1724
f 1672/1782/1672 1711/1825/1711 1712/1828/1712
f 1660/1786/1660 1659/1783/1659 1698/1826/1698
f 1687/1787/1687 1686/1784/1686 1725/1827/1725
f 1673/1785/1673 1712/1828/1712 1713/1831/1713
f 1660/1786/1660 1699/1829/1699 1700/1832/1700
f 1688/1790/1688 1687/1787/1687 1726/1830/1726
f 1675/1791/1675 1674/1788/1674 1713/1831/1713
f 1661/1789/1661 1700/1832/1700 1701/1835/1701
f 1688/1790/1688 1727/1833/1727 1728/1836/1728
f 1676/1794/1676 1675/1791/1675 1714/1834/1714
f 1662/1792/1662 1701/1835/1701 1702/1838/1702
f 1690/1796/1690 1689/1793/1689 1728/1836/1728
f 1676/1794/1676 1715/1837/1715 1716/1840/1716
f 1663/1795/1663 1702/1838/1702 1703/1841/1703
f 1690/1796/1690 1729/1839/1729 1730/1842/1730
f 1677/1797/1677 1716/1840/1716 1717/1803/1717
f 1664/1798/1664 1703/1841/1703 1704/1805/1704
f 1692/1801/1692 1691/1799/1691 1730/1842/1730
f 1703/1841/1703 1742/1884/1742 1743/1844/1743
f 1731/1843/1731 1730/1842/1730 1769/1845/1769
f 1718/1804/1718 1717/1803/1717 1756/1847/1756
f 1705/1806/1705 1704/1805/1704 1743/1844/1743
f 1732/1807/1732 1731/1843/1731 1770/1846/1770
f 1718/1804/1718 1757/1848/1757 1758/1851/1758
f 1705/1806/1705 1744/1849/1744 1745/1852/1745
f 1720/1811/1720 1719/1808/1719 1758/1851/1758
f 1706/1809/1706 1745/1852/1745 1746/1855/1746
f 1720/1811/1720 1759/1854/1759 1760/1858/1760
f 1708/1816/1708 1707/1812/1707 1746/1855/1746
f 1694/1814/1694 1733/1857/1733 1734/1860/1734
f 1721/1815/1721 1760/1858/1760 1761/1861/1761
f 1708/1816/1708 1747/1859/1747 1748/1862/1748
f 1695/1817/1695 1734/1860/1734 1735/1863/1735
f 1722/1818/1722 1761/1861/1761 1762/1864/1762
f 1710/1822/1710 1709/1819/1709 1748/1862/1748
f 1696/1820/1696 1735/1863/1735 1736/1866/1736
f 1724/1824/1724 1723/1821/1723 1762/1864/1762
f 1711/1825/1711 1710/1822/1710 1749/1865/1749
f 1697/1823/1697 1736/1866/1736 1737/1869/1737
f 1725/1827/1725 1724/1824/1724 1763/1867/1763
f 1711/1825/1711 1750/1868/1750 1751/1871/1751
f 1699/1829/1699 1698/1826/1698 1737/1869/1737
f 1725/1827/1725 1764/1870/1764 1765/1873/1765
f 1712/1828/1712 1751/1871/1751 1752/1874/1752
f 1699/1829/1699 1738/1872/1738 1739/1875/1739
f 1727/1833/1727 1726/1830/1726 1765/1873/1765
f 1714/1834/1714 1713/1831/1713 1752/1874/1752
f 1700/1832/1700 1739/1875/1739 1740/1878/1740
f 1727/1833/1727 1766/1876/1766 1767/1879/1767
f 1714/1834/1714 1753/1877/1753 1754/1880/1754
f 1701/1835/1701 1740/1878/1740 1741/1881/1741
f 1729/1839/1729 1728/1836/1728 1767/1879/1767
f 1715/1837/1715 1754/1880/1754 1755/1883/1755
f 1702/1838/1702 1741/1881/1741 1742/1884/1742
f 1730/1842/1730 1729/1839/1729 1768/1882/1768
f 1716/1840/1716 1755/1883/1755 1756/1847/1756
f 1768/1882/1768 1807/1923/1807 1808/1885/1808
f 1755/1883/1755 1794/1924/1794 1795/1886/1795
f 1742/1884/1742 1781/1925/1781 1782/1887/1782
f 1770/1846/1770 1769/1845/1769 1808/1885/1808
f 1757/1848/1757 1756/1847/1756 1795/1886/1795
f 1744/1849/1744 1743/1844/1743 1782/1887/1782
f 1771/1850/1771 1770/1846/1770 1809/1888/1809
f 1757/1848/1757 1796/1889/1796 1797/1892/1797
f 1744/1849/1744 1783/1890/1783 1784/1893/1784
f 1759/1854/1759 1758/1851/1758 1797/1892/1797
f 1745/1852/1745 1784/1893/1784 1785/1896/1785
f 1759/1854/1759 1798/1895/1798 1799/1899/1799
f 1747/1859/1747 1746/1855/1746 1785/1896/1785
f 1733/1857/1733 1772/1898/1772 1773/1901/1773
f 1760/1858/1760 1799/1899/1799 1800/1902/1800
f 1747/1859/1747 1786/1900/1786 1787/1903/1787
f 1734/1860/1734 1773/1901/1773 1774/1904/1774
f 1761/1861/1761 1800/1902/1800 1801/1905/1801
f 1749/1865/1749 1748/1862/1748 1787/1903/1787
f 1736/1866/1736 1735/1863/1735 1774/1904/1774
f 1763/1867/1763 1762/1864/1762 1801/1905/1801
f 1749/1865/1749 1788/1906/1788 1789/1909/1789
f 1736/1866/1736 1775/1907/1775 1776/1910/1776
f 1764/1870/1764 1763/1867/1763 1802/1908/1802
f 1750/1868/1750 1789/1909/1789 1790/1912/1790
f 1738/1872/1738 1737/1869/1737 1776/1910/1776
f 1764/1870/1764 1803/1911/1803 1804/1914/1804
f 1751/1871/1751 1790/1912/1790 1791/1915/1791
f 1738/1872/1738 1777/1913/1777 1778/1916/1778
f 1766/1876/1766 1765/1873/1765 1804/1914/1804
f 1753/1877/1753 1752/1874/1752 1791/1915/1791
f 1740/1878/1740 1739/1875/1739 1778/1916/1778
f 1766/1876/1766 1805/1917/1805 1806/1920/1806
f 1754/1880/1754 1753/1877/1753 1792/1918/1792
f 1740/1878/1740 1779/1919/1779 1780/1922/1780
f 1768/1882/1768 1767/1879/1767 1806/1920/1806
f 1755/1883/1755 1754/1880/1754 1793/1921/1793
f 1741/1881/1741 1780/1922/1780 1781/1925/1781
f 1794/1924/1794 1793/1921/1793 1832/1926/1832
f 1780/1922/1780 1819/1965/1819 1820/1928/1820
f 1807/1923/1807 1846/1966/1846 1847/1929/1847
f 1794/1924/1794 1833/1927/1833 1834/1930/1834
f 1781/1925/1781 1820/1928/1820 1821/1931/1821
f 1809/1888/1809 1808/1885/1808 1847/1929/1847
f 1796/1889/1796 1795/1886/1795 1834/1930/1834
f 1783/1890/1783 1782/1887/1782 1821/1931/1821
f 1809/1888/1809 1848/1932/1848 1849/1935/1849
f 1796/1889/1796 1835/1933/1835 1836/1936/1836
f 1784/1893/1784 1783/1890/1783 1822/1934/1822
f 1798/1895/1798 1797/1892/1797 1836/1936/1836
f 1784/1893/1784 1823/1937/1823 1824/1940/1824
f 1798/1895/1798 1837/1939/1837 1838/1943/1838
f 1786/1900/1786 1785/1896/1785 1824/1940/1824
f 1772/1898/1772 1811/1942/1811 1812/1945/1812
f 1799/1899/1799 1838/1943/1838 1839/1946/1839
f 1786/1900/1786 1825/1944/1825 1826/1947/1826
f 1773/1901/1773 1812/1945/1812 1813/1948/1813
f 1801/1905/1801 1800/1902/1800 1839/1946/1839
f 1788/1906/1788 1787/1903/1787 1826/1947/1826
f 1774/1904/1774 1813/1948/1813 1814/1951/1814
f 1802/1908/1802 1801/1905/1801 1840/1949/1840
f 1788/1906/1788 1827/1950/1827 1828/1953/1828
f 1775/1907/1775 1814/1951/1814 1815/1954/1815
f 1803/1911/1803 1802/1908/1802 1841/1952/1841
f 1790/1912/1790 1789/1909/1789 1828/1953/1828
f 1777/1913/1777 1776/1910/1776 1815/1954/1815
f 1803/1911/1803 1842/1955/1842 1843/1958/1843
f 1790/1912/1790 1829/1956/1829 1830/1959/1830
f 1777/1913/1777 1816/1957/1816 1817/1960/1817
f 1805/1917/1805 1804/1914/1804 1843/1958/1843
f 1792/1918/1792 1791/1915/1791 1830/1959/1830
f 1779/1919/1779 1778/1916/1778 1817/1960/1817
f 1805/1917/1805 1844/1961/1844 1845/1964/1845
f 1792/1918/1792 1831/1962/1831 1832/1926/1832
f 1779/1919/1779 1818/1963/1818 1819/1965/1819
f 1807/1923/1807 1806/1920/1806 1845/1964/1845
f 1818/1963/1818 1857/2007/1857 1858/1967/1858
f 1846/1966/1846 1845/1964/1845 1884/1968/1884
f 1833/1927/1833 1832/1926/1832 1871/1970/1871
f 1819/1965/1819 1858/1967/1858 1859/1972/1859
f 1846/1966/1846 1885/1969/1885 1886/1973/1886
f 1833/1927/1833 1872/1971/1872 1873/1974/1873
f 1820/1928/1820 1859/1972/1859 1860/1975/1860
f 1847/1929/1847 1886/1973/1886 1887/1976/1887
f 1835/1933/1835 1834/1930/1834 1873/1974/1873
f 1822/1934/1822 1821/1931/1821 1860/1975/1860
f 1848/1932/1848 1887/1976/1887 1888/1979/1888
f 1835/1933/1835 1874/1977/1874 1875/1980/1875
f 1822/1934/1822 1861/1978/1861 1862/1981/1862
f 1837/1939/1837 1836/1936/1836 1875/1980/1875
f 1823/1937/1823 1862/1981/1862 1863/1984/1863
f 1837/1939/1837 1876/1983/1876 1877/1987/1877
f 1825/1944/1825 1824/1940/1824 1863/1984/1863
f 1811/1942/1811 1850/1986/1850 1851/1989/1851
f 1838/1943/1838 1877/1987/1877 1878/1990/1878
f 1825/1944/1825 1864/1988/1864 1865/1991/1865
f 1812/1945/1812 1851/1989/1851 1852/1992/1852
f 1840/1949/1840 1839/1946/1839 1878/1990/1878
f 1827/1950/1827 1826/1947/1826 1865/1991/1865
f 1813/1948/1813 1852/1992/1852 1853/1995/1853
f 1841/1952/1841 1840/1949/1840 1879/1993/1879
f 1827/1950/1827 1866/1994/1866 1867/1997/1867
f 1814/1951/1814 1853/1995/1853 1854/1998/1854
f 1842/1955/1842 1841/1952/1841 1880/1996/1880
f 1829/1956/1829 1828/1953/1828 1867/1997/1867
f 1815/1954/1815 1854/1998/1854 1855/2001/1855
f 1843/1958/1843 1842/1955/1842 1881/1999/1881
f 1829/1956/1829 1868/2000/1868 1869/2003/1869
f 1816/1957/1816 1855/2001/1855 1856/2004/1856
f 1844/1961/1844 1843/1958/1843 1882/2002/1882
f 1831/1962/1831 1830/1959/1830 1869/2003/1869
f 1817/1960/1817 1856/2004/1856 1857/2007/1857
f 1844/1961/1844 1883/2005/1883 1884/1968/1884
f 1831/1962/1831 1870/2006/1870 1871/1970/1871
f 1870/2006/1870 1909/2047/1909 1910/2008/1910
f 1857/2007/1857 1896/2048/1896 1897/2009/1897
f 1885/1969/1885 1884/1968/1884 1923/2010/1923
f 1872/1971/1872 1871/1970/1871 1910/2008/1910
f 1858/1967/1858 1897/2009/1897 1898/2013/1898
f 1885/1969/1885 1924/2011/1924 1925/2014/1925
f 1872/1971/1872 1911/2012/1911 1912/2015/1912
f 1859/1972/1859 1898/2013/1898 1899/2016/1899
f 1887/1976/1887 1886/1973/1886 1925/2014/1925
f 1873/1974/1873 1912/2015/1912 1913/2018/1913
f 1861/1978/1861 1860/1975/1860 1899/2016/1899
f 1887/1976/1887 1926/2017/1926 1927/2020/1927
f 1875/1980/1875 1874/1977/1874 1913/2018/1913
f 1861/1978/1861 1900/2019/1900 1901/2022/1901
f 1876/1983/1876 1875/1980/1875 1914/2021/1914
f 1862/1981/1862 1901/2022/1901 1902/2025/1902
f 1876/1983/1876 1915/2024/1915 1916/2028/1916
f 1863/1984/1863 1902/2025/1902 1903/2029/1903
f 1850/1986/1850 1889/2027/1889 1890/2030/1890
f 1877/1987/1877 1916/2028/1916 1917/2031/1917
f 1864/1988/1864 1903/2029/1903 1904/2032/1904
f 1851/1989/1851 1890/2030/1890 1891/2033/1891
f 1879/1993/1879 1878/1990/1878 1917/2031/1917
f 1866/1994/1866 1865/1991/1865 1904/2032/1904
f 1853/1995/1853 1852/1992/1852 1891/2033/1891
f 1879/1993/1879 1918/2034/1918 1919/2037/1919
f 1867/1997/1867 1866/1994/1866 1905/2035/1905
f 1853/1995/1853 1892/2036/1892 1893/2039/1893
f 1881/1999/1881 1880/1996/1880 1919/2037/1919
f 1868/2000/1868 1867/1997/1867 1906/2038/1906
f 1855/2001/1855 1854/1998/1854 1893/2039/1893
f 1881/1999/1881 1920/2040/1920 1921/2043/1921
f 1868/2000/1868 1907/2041/1907 1908/2044/1908
f 1855/2001/1855 1894/2042/1894 1895/2045/1895
f 1883/2005/1883 1882/2002/1882 1921/2043/1921
f 1870/2006/1870 1869/2003/1869 1908/2044/1908
f 1857/2007/1857 1856/2004/1856 1895/2045/1895
f 1883/2005/1883 1922/2046/1922 1923/2010/1923
f 1896/2048/1896 1895/2045/1895 1934/2049/1934
f 1922/2046/1922 1961/2089/1961 1962/2051/1962
f 1910/2008/1910 1909/2047/1909 1948/2052/1948
f 1897/2009/1897 1896/2048/1896 1935/2050/1935
f 1924/2011/1924 1923/2010/1923 1962/2051/1962
f 1910/2008/1910 1949/2053/1949 1950/2056/1950
f 1897/2009/1897 1936/2054/1936 1937/2057/1937
f 1924/2011/1924 1963/2055/1963 1964/2058/1964
f 1911/2012/1911 1950/2056/1950 1951/2059/1951
f 1898/2013/1898 1937/2057/1937 1938/2060/1938
f 1926/2017/1926 1925/2014/1925 1964/2058/1964
f 1913/2018/1913 1912/2015/1912 1951/2059/1951
f 1899/2016/1899 1938/2060/1938 1939/2063/1939
f 1926/2017/1926 1965/2061/1965 1966/2064/1966
f 1914/2021/1914 1913/2018/1913 1952/2062/1952
f 1901/2022/1901 1900/2019/1900 1939/2063/1939
f 1914/2021/1914 1953/2065/1953 1954/2068/1954
f 1901/2022/1901 1940/2066/1940 1941/2069/1941
f 1915/2024/1915 1954/2068/1954 1955/2072/1955
f 1902/2025/1902 1941/2069/1941 1942/2073/1942
f 1890/2030/1890 1889/2027/1889 1928/2071/1928
f 1916/2028/1916 1955/2072/1955 1956/2075/1956
f 1903/2029/1903 1942/2073/1942 1943/2076/1943
f 1890/2030/1890 1929/2074/1929 1930/2077/1930
f 1918/2034/1918 1917/2031/1917 1956/2075/1956
f 1905/2035/1905 1904/2032/1904 1943/2076/1943
f 1892/2036/1892 1891/2033/1891 1930/2077/1930
f 1919/2037/1919 1918/2034/1918 1957/2078/1957
f 1906/2038/1906 1905/2035/1905 1944/2079/1944
f 1892/2036/1892 1931/2080/1931 1932/2083/1932
f 1919/2037/1919 1958/2081/1958 1959/2084/1959
f 1906/2038/1906 1945/2082/1945 1946/2085/1946
f 1894/2042/1894 1893/2039/1893 1932/2083/1932
f 1920/2040/1920 1959/2084/1959 1960/2087/1960
f 1907/2041/1907 1946/2085/1946 1947/2088/1947
f 1894/2042/1894 1933/2086/1933 1934/2049/1934
f 1922/2046/1922 1921/2043/1921 1960/2087/1960
f 1909/2047/1909 1908/2044/1908 1947/2088/1947
f 1961/2089/1961 1960/2087/1960 1999/2090/1999
f 1948/2052/1948 1947/2088/1947 1986/2092/1986
f 1934/2049/1934 1973/2130/1973 1974/2094/1974
f 1961/2089/1961 2000/2091/2000 2001/2095/2001
f 1949/2053/1949 1948/2052/1948 1987/2093/1987
f 1936/2054/1936 1935/2050/1935 1974/2094/1974
f 1962/2051/1962 2001/2095/2001 2002/2098/2002
f 1949/2053/1949 1988/2096/1988 1989/2099/1989
f 1936/2054/1936 1975/2097/1975 1976/2100/1976
f 1963/2055/1963 2002/2098/2002 2003/2101/2003
f 1950/2056/1950 1989/2099/1989 1990/2102/1990
f 1937/2057/1937 1976/2100/1976 1977/2103/1977
f 1965/2061/1965 1964/2058/1964 2003/2101/2003
f 1951/2059/1951 1990/2102/1990 1991/2105/1991
f 1939/2063/1939 1938/2060/1938 1977/2103/1977
f 1965/2061/1965 2004/2104/2004 2005/2107/2005
f 1953/2065/1953 1952/2062/1952 1991/2105/1991
f 1940/2066/1940 1939/2063/1939 1978/2106/1978
f 1954/2068/1954 1953/2065/1953 1992/2108/1992
f 1940/2066/1940 1979/2109/1979 1980/2112/1980
f 1954/2068/1954 1993/2111/1993 1994/2115/1994
f 1941/2069/1941 1980/2112/1980 1981/2116/1981
f 1928/2071/1928 1967/2114/1967 1968/2117/1968
f 1956/2075/1956 1955/2072/1955 1994/2115/1994
f 1942/2073/1942 1981/2116/1981 1982/2119/1982
f 1929/2074/1929 1968/2117/1968 1969/2120/1969
f 1957/2078/1957 1956/2075/1956 1995/2118/1995
f 1944/2079/1944 1943/2076/1943 1982/2119/1982
f 1931/2080/1931 1930/2077/1930 1969/2120/1969
f 1958/2081/1958 1957/2078/1957 1996/2121/1996
f 1945/2082/1945 1944/2079/1944 1983/2122/1983
f 1931/2080/1931 1970/2123/1970 1971/2126/1971
f 1959/2084/1959 1958/2081/1958 1997/2124/1997
f 1945/2082/1945 1984/2125/1984 1985/2128/1985
f 1932/2083/1932 1971/2126/1971 1972/2129/1972
f 1960/2087/1960 1959/2084/1959 1998/2127/1998
f 1946/2085/1946 1985/2128/1985 1986/2092/1986
f 1933/2086/1933 1972/2129/1972 1973/2130/1973
f 1985/2128/1985 2024/2170/2024 2025/2131/2025
f 1972/2129/1972 2011/2171/2011 2012/2132/2012
f 2000/2091/2000 1999/2090/1999 2038/2133/2038
f 1986/2092/1986 2025/2131/2025 2026/2135/2026
f 1973/2130/1973 2012/2132/2012 2013/2136/2013
f 2001/2095/2001 2000/2091/2000 2039/2134/2039
f 1987/2093/1987 2026/2135/2026 2027/2138/2027
f 1974/2094/1974 2013/2136/2013 2014/2139/2014
f 2002/2098/2002 2001/2095/2001 2040/2137/2040
f 1989/2099/1989 1988/2096/1988 2027/2138/2027
f 1976/2100/1976 1975/2097/1975 2014/2139/2014
f 2002/2098/2002 2041/2140/2041 2042/2143/2042
f 1989/2099/1989 2028/2141/2028 2029/2144/2029
f 1976/2100/1976 2015/2142/2015 2016/2145/2016
f 2004/2104/2004 2003/2101/2003 2042/2143/2042
f 1990/2102/1990 2029/2144/2029 2030/2147/2030
f 1977/2103/1977 2016/2145/2016 2017/2148/2017
f 2005/2107/2005 2004/2104/2004 2043/2146/2043
f 1992/2108/1992 1991/2105/1991 2030/2147/2030
f 1979/2109/1979 1978/2106/1978 2017/2148/2017
f 1993/2111/1993 1992/2108/1992 2031/2150/2031
f 1979/2109/1979 2018/2151/2018 2019/2154/2019
f 1993/2111/1993 2032/2153/2032 2033/2157/2033
f 1980/2112/1980 2019/2154/2019 2020/2158/2020
f 1967/2114/1967 2006/2156/2006 2007/2159/2007
f 1994/2115/1994 2033/2157/2033 2034/2160/2034
f 1981/2116/1981 2020/2158/2020 2021/2161/2021
f 1968/2117/1968 2007/2159/2007 2008/2162/2008
f 1996/2121/1996 1995/2118/1995 2034/2160/2034
f 1983/2122/1983 1982/2119/1982 2021/2161/2021
f 1969/2120/1969 2008/2162/2008 2009/2165/2009
f 1996/2121/1996 2035/2163/2035 2036/2166/2036
f 1983/2122/1983 2022/2164/2022 2023/2167/2023
f 1970/2123/1970 2009/2165/2009 2010/2168/2010
f 1997/2124/1997 2036/2166/2036 2037/2169/2037
f 1984/2125/1984 2023/2167/2023 2024/2170/2024
f 1971/2126/1971 2010/2168/2010 2011/2171/2011
f 1998/2127/1998 2037/2169/2037 2038/2133/2038
f 2011/2171/2011 2010/2168/2010 2049/2172/2049
f 2037/2169/2037 2076/2211/2076 2077/2174/2077
f 2024/2170/2024 2063/2212/2063 2064/2175/2064
f 2011/2171/2011 2050/2173/2050 2051/2176/2051
f 2039/2134/2039 2038/2133/2038 2077/2174/2077
f 2026/2135/2026 2025/2131/2025 2064/2175/2064
f 2013/2136/2013 2012/2132/2012 2051/2176/2051
f 2039/2134/2039 2078/2177/2078 2079/2180/2079
f 2026/2135/2026 2065/2178/2065 2066/2181/2066
f 2013/2136/2013 2052/2179/2052 2053/2182/2053
f 2041/2140/2041 2040/2137/2040 2079/2180/2079
f 2028/2141/2028 2027/2138/2027 2066/2181/2066
f 2015/2142/2015 2014/2139/2014 2053/2182/2053
f 2042/2143/2042 2041/2140/2041 2080/2183/2080
f 2028/2141/2028 2067/2184/2067 2068/2187/2068
f 2015/2142/2015 2054/2185/2054 2055/2188/2055
f 2043/2146/2043 2042/2143/2042 2081/2186/2081
f 2029/2144/2029 2068/2187/2068 2069/2190/2069
f 2017/2148/2017 2016/2145/2016 2055/2188/2055
f 2044/2149/2044 2043/2146/2043 2082/2189/2082
f 2031/2150/2031 2030/2147/2030 2069/2190/2069
f 2018/2151/2018 2017/2148/2017 2056/2191/2056
f 2032/2153/2032 2031/2150/2031 2070/2193/2070
f 2018/2151/2018 2057/2194/2057 2058/2197/2058
f 2032/2153/2032 2071/2196/2071 2072/2200/2072
f 2019/2154/2019 2058/2197/2058 2059/2201/2059
f 2006/2156/2006 2045/2199/2045 2046/2202/2046
f 2033/2157/2033 2072/2200/2072 2073/2203/2073
f 2021/2161/2021 2020/2158/2020 2059/2201/2059
f 2007/2159/2007 2046/2202/2046 2047/2205/2047
f 2035/2163/2035 2034/2160/2034 2073/2203/2073
f 2022/2164/2022 2021/2161/2021 2060/2204/2060
f 2008/2162/2008 2047/2205/2047 2048/2208/2048
f 2035/2163/2035 2074/2206/2074 2075/2209/2075
f 2022/2164/2022 2061/2207/2061 2062/2210/2062
f 2009/2165/2009 2048/2208/2048 2049/2172/2049
f 2036/2166/2036 2075/2209/2075 2076/2211/2076
f 2024/2170/2024 2023/2167/2023 2062/2210/2062
f 2063/2212/2063 2062/2210/2062 2101/2213/2101
f 2049/2172/2049 2088/2252/2088 2089/2215/2089
f 2076/2211/2076 2115/2253/2115 2116/2216/2116
f 2063/2212/2063 2102/2214/2102 2103/2217/2103
f 2050/2173/2050 2089/2215/2089 2090/2218/2090
f 2078/2177/2078 2077/2174/2077 2116/2216/2116
f 2065/2178/2065 2064/2175/2064 2103/2217/2103
f 2052/2179/2052 2051/2176/2051 2090/2218/2090
f 2078/2177/2078 2117/2219/2117 2118/2222/2118
f 2065/2178/2065 2104/2220/2104 2105/2223/2105
f 2052/2179/2052 2091/2221/2091 2092/2224/2092
f 2080/2183/2080 2079/2180/2079 2118/2222/2118
f 2067/2184/2067 2066/2181/2066 2105/2223/2105
f 2053/2182/2053 2092/2224/2092 2093/2227/2093
f 2080/2183/2080 2119/2225/2119 2120/2228/2120
f 2067/2184/2067 2106/2226/2106 2107/2229/2107
f 2054/2185/2054 2093/2227/2093 2094/2230/2094
f 2082/2189/2082 2081/2186/2081 2120/2228/2120
f 2068/2187/2068 2107/2229/2107 2108/2232/2108
f 2056/2191/2056 2055/2188/2055 2094/2230/2094
f 2082/2189/2082 2121/2231/2121 2122/2234/2122
f 2070/2193/2070 2069/2190/2069 2108/2232/2108
f 2057/2194/2057 2056/2191/2056 2095/2233/2095
f 2070/2193/2070 2109/2235/2109 2110/2238/2110
f 2057/2194/2057 2096/2236/2096 2097/2239/2097
f 2071/2196/2071 2110/2238/2110 2111/2242/2111
f 2058/2197/2058 2097/2239/2097 2098/2243/2098
f 2045/2199/2045 2084/2241/2084 2085/2244/2085
f 2072/2200/2072 2111/2242/2111 2112/2245/2112
f 2059/2201/2059 2098/2243/2098 2099/2246/2099
f 2046/2202/2046 2085/2244/2085 2086/2247/2086
f 2074/2206/2074 2073/2203/2073 2112/2245/2112
f 2061/2207/2061 2060/2204/2060 2099/2246/2099
f 2047/2205/2047 2086/2247/2086 2087/2250/2087
f 2075/2209/2075 2074/2206/2074 2113/2248/2113
f 2061/2207/2061 2100/2249/2100 2101/2213/2101
f 2048/2208/2048 2087/2250/2087 2088/2252/2088
f 2075/2209/2075 2114/2251/2114 2115/2253/2115
f 2087/2250/2087 2126/2293/2126 2127/2254/2127
f 2114/2251/2114 2153/2294/2153 2154/2255/2154
f 2102/2214/2102 2101/2213/2101 2140/2256/2140
f 2088/2252/2088 2127/2254/2127 2128/2258/2128
f 2115/2253/2115 2154/2255/2154 2155/2259/2155
f 2102/2214/2102 2141/2257/2141 2142/2260/2142
f 2089/2215/2089 2128/2258/2128 2129/2261/2129
f 2117/2219/2117 2116/2216/2116 2155/2259/2155
f 2104/2220/2104 2103/2217/2103 2142/2260/2142
f 2091/2221/2091 2090/2218/2090 2129/2261/2129
f 2118/2222/2118 2117/2219/2117 2156/2262/2156
f 2104/2220/2104 2143/2263/2143 2144/2266/2144
f 2091/2221/2091 2130/2264/2130 2131/2267/2131
f 2119/2225/2119 2118/2222/2118 2157/2265/2157
f 2106/2226/2106 2105/2223/2105 2144/2266/2144
f 2093/2227/2093 2092/2224/2092 2131/2267/2131
f 2119/2225/2119 2158/2268/2158 2159/2271/2159
f 2106/2226/2106 2145/2269/2145 2146/2272/2146
f 2093/2227/2093 2132/2270/2132 2133/2273/2133
f 2120/2228/2120 2159/2271/2159 2160/2274/2160
f 2107/2229/2107 2146/2272/2146 2147/2275/2147
f 2095/2233/2095 2094/2230/2094 2133/2273/2133
f 2121/2231/2121 2160/2274/2160 2161/2277/2161
f 2109/2235/2109 2108/2232/2108 2147/2275/2147
f 2096/2236/2096 2095/2233/2095 2134/2276/2134
f 2110/2238/2110 2109/2235/2109 2148/2278/2148
f 2096/2236/2096 2135/2279/2135 2136/2282/2136
f 2110/2238/2110 2149/2281/2149 2150/2285/2150
f 2097/2239/2097 2136/2282/2136 2137/2286/2137
f 2084/2241/2084 2123/2284/2123 2124/2287/2124
f 2111/2242/2111 2150/2285/2150 2151/2288/2151
f 2099/2246/2099 2098/2243/2098 2137/2286/2137
f 2085/2244/2085 2124/2287/2124 2125/2290/2125
f 2113/2248/2113 2112/2245/2112 2151/2288/2151
f 2100/2249/2100 2099/2246/2099 2138/2289/2138
f 2086/2247/2086 2125/2290/2125 2126/2293/2126
f 2113/2248/2113 2152/2291/2152 2153/2294/2153
f 2100/2249/2100 2139/2292/2139 2140/2256/2140
f 2152/2291/2152 2191/2333/2191 2192/2295/2192
f 2139/2292/2139 2178/2334/2178 2179/2296/2179
f 2126/2293/2126 2165/2335/2165 2166/2297/2166
f 2153/2294/2153 2192/2295/2192 2193/2298/2193
f 2141/2257/2141 2140/2256/2140 2179/2296/2179
f 2127/2254/2127 2166/2297/2166 2167/2300/2167
f 2154/2255/2154 2193/2298/2193 2194/2301/2194
f 2141/2257/2141 2180/2299/2180 2181/2302/2181
f 2128/2258/2128 2167/2300/2167 2168/2303/2168
f 2156/2262/2156 2155/2259/2155 2194/2301/2194
f 2143/2263/2143 2142/2260/2142 2181/2302/2181
f 2129/2261/2129 2168/2303/2168 2169/2306/2169
f 2156/2262/2156 2195/2304/2195 2196/2307/2196
f 2143/2263/2143 2182/2305/2182 2183/2308/2183
f 2130/2264/2130 2169/2306/2169 2170/2309/2170
f 2158/2268/2158 2157/2265/2157 2196/2307/2196
f 2145/2269/2145 2144/2266/2144 2183/2308/2183
f 2132/2270/2132 2131/2267/2131 2170/2309/2170
f 2159/2271/2159 2158/2268/2158 2197/2310/2197
f 2145/2269/2145 2184/2311/2184 2185/2314/2185
f 2132/2270/2132 2171/2312/2171 2172/2315/2172
f 2160/2274/2160 2159/2271/2159 2198/2313/2198
f 2146/2272/2146 2185/2314/2185 2186/2317/2186
f 2134/2276/2134 2133/2273/2133 2172/2315/2172
f 2161/2277/2161 2160/2274/2160 2199/2316/2199
f 2148/2278/2148 2147/2275/2147 2186/2317/2186
f 2135/2279/2135 2134/2276/2134 2173/2318/2173
f 2149/2281/2149 2148/2278/2148 2187/2320/2187
f 2135/2279/2135 2174/2321/2174 2175/2324/2175
f 2149/2281/2149 2188/2323/2188 2189/2327/2189
f 2136/2282/2136 2175/2324/2175 2176/2328/2176
f 2123/2284/2123 2162/2326/2162 2163/2329/2163
f 2150/2285/2150 2189/2327/2189 2190/2330/2190
f 2138/2289/2138 2137/2286/2137 2176/2328/2176
f 2124/2287/2124 2163/2329/2163 2164/2332/2164
f 2152/2291/2152 2151/2288/2151 2190/2330/2190
f 2139/2292/2139 2138/2289/2138 2177/2331/2177
f 2126/2293/2126 2125/2290/2125 2164/2332/2164
f 2178/2334/2178 2177/2331/2177 2216/2336/2216
f 2165/2335/2165 2164/2332/2164 2203/2338/2203
f 2192/2295/2192 2191/2333/2191 2230/2340/2230
f 2178/2334/2178 2217/2337/2217 2218/2342/2218
f 2165/2335/2165 2204/2339/2204 2205/2343/2205
f 2192/2295/2192 2231/2341/2231 2232/2344/2232
f 2180/2299/2180 2179/2296/2179 2218/2342/2218
f 2166/2297/2166 2205/2343/2205 2206/2346/2206
f 2193/2298/2193 2232/2344/2232 2233/2347/2233
f 2180/2299/2180 2219/2345/2219 2220/2348/2220
f 2167/2300/2167 2206/2346/2206 2207/2349/2207
f 2195/2304/2195 2194/2301/2194 2233/2347/2233
f 2182/2305/2182 2181/2302/2181 2220/2348/2220
f 2168/2303/2168 2207/2349/2207 2208/2352/2208
f 2195/2304/2195 2234/2350/2234 2235/2353/2235
f 2182/2305/2182 2221/2351/2221 2222/2354/2222
f 2169/2306/2169 2208/2352/2208 2209/2355/2209
f 2197/2310/2197 2196/2307/2196 2235/2353/2235
f 2184/2311/2184 2183/2308/2183 2222/2354/2222
f 2170/2309/2170 2209/2355/2209 2210/2358/2210
f 2197/2310/2197 2236/2356/2236 2237/2359/2237
f 2184/2311/2184 2223/2357/2223 2224/2360/2224
f 2171/2312/2171 2210/2358/2210 2211/2361/2211
f 2199/2316/2199 2198/2313/2198 2237/2359/2237
f 2185/2314/2185 2224/2360/2224 2225/2363/2225
f 2173/2318/2173 2172/2315/2172 2211/2361/2211
f 2200/2319/2200 2199/2316/2199 2238/2362/2238
f 2187/2320/2187 2186/2317/2186 2225/2363/2225
f 2174/2321/2174 2173/2318/2173 2212/2364/2212
f 2188/2323/2188 2187/2320/2187 2226/2366/2226
f 2174/2321/2174 2213/2367/2213 2214/2370/2214
f 2188/2323/2188 2227/2369/2227 2228/2373/2228
f 2175/2324/2175 2214/2370/2214 2215/2374/2215
f 2163/2329/2163 2162/2326/2162 2201/2372/2201
f 2189/2327/2189 2228/2373/2228 2229/2376/2229
f 2177/2331/2177 2176/2328/2176 2215/2374/2215
f 2163/2329/2163 2202/2375/2202 2203/2338/2203
f 2191/2333/2191 2190/2330/2190 2229/2376/2229
f 2202/2375/2202 2241/2417/2241 2242/2377/2242
f 2230/2340/2230 2229/2376/2229 2268/2378/2268
f 2217/2337/2217 2216/2336/2216 2255/2380/2255
f 2203/2338/2203 2242/2377/2242 2243/2382/2243
f 2231/2341/2231 2230/2340/2230 2269/2379/2269
f 2217/2337/2217 2256/2381/2256 2257/2384/2257
f 2204/2339/2204 2243/2382/2243 2244/2385/2244
f 2231/2341/2231 2270/2383/2270 2271/2386/2271
f 2219/2345/2219 2218/2342/2218 2257/2384/2257
f 2206/2346/2206 2205/2343/2205 2244/2385/2244
f 2232/2344/2232 2271/2386/2271 2272/2389/2272
f 2219/2345/2219 2258/2387/2258 2259/2390/2259
f 2206/2346/2206 2245/2388/2245 2246/2391/2246
f 2234/2350/2234 2233/2347/2233 2272/2389/2272
f 2221/2351/2221 2220/2348/2220 2259/2390/2259
f 2207/2349/2207 2246/2391/2246 2247/2394/2247
f 2234/2350/2234 2273/2392/2273 2274/2395/2274
f 2221/2351/2221 2260/2393/2260 2261/2396/2261
f 2208/2352/2208 2247/2394/2247 2248/2397/2248
f 2236/2356/2236 2235/2353/2235 2274/2395/2274
f 2223/2357/2223 2222/2354/2222 2261/2396/2261
f 2209/2355/2209 2248/2397/2248 2249/2400/2249
f 2237/2359/2237 2236/2356/2236 2275/2398/2275
f 2223/2357/2223 2262/2399/2262 2263/2402/2263
f 2210/2358/2210 2249/2400/2249 2250/2403/2250
f 2237/2359/2237 2276/2401/2276 2277/2404/2277
f 2224/2360/2224 2263/2402/2263 2264/2405/2264
f 2212/2364/2212 2211/2361/2211 2250/2403/2250
f 2239/2365/2239 2238/2362/2238 2277/2404/2277
f 2226/2366/2226 2225/2363/2225 2264/2405/2264
f 2213/2367/2213 2212/2364/2212 2251/2406/2251
f 2227/2369/2227 2226/2366/2226 2265/2408/2265
f 2213/2367/2213 2252/2409/2252 2253/2412/2253
f 2227/2369/2227 2266/2411/2266 2267/2415/2267
f 2214/2370/2214 2253/2412/2253 2254/2416/2254
f 2201/2372/2201 2240/2414/2240 2241/2417/2241
f 2228/2373/2228 2267/2415/2267 2268/2378/2268
f 2216/2336/2216 2215/2374/2215 2254/2416/2254
f 2255/2380/2255 2254/2416/2254 2293/2418/2293
f 2241/2417/2241 2280/2458/2280 2281/2420/2281
f 2269/2379/2269 2268/2378/2268 2307/2421/2307
f 2256/2381/2256 2255/2380/2255 2294/2419/2294
f 2243/2382/2243 2242/2377/2242 2281/2420/2281
f 2269/2379/2269 2308/2422/2308 2309/2425/2309
f 2256/2381/2256 2295/2423/2295 2296/2426/2296
f 2243/2382/2243 2282/2424/2282 2283/2427/2283
f 2270/2383/2270 2309/2425/2309 2310/2428/2310
f 2258/2387/2258 2257/2384/2257 2296/2426/2296
f 2244/2385/2244 2283/2427/2283 2284/2430/2284
f 2271/2386/2271 2310/2428/2310 2311/2431/2311
f 2258/2387/2258 2297/2429/2297 2298/2432/2298
f 2245/2388/2245 2284/2430/2284 2285/2433/2285
f 2273/2392/2273 2272/2389/2272 2311/2431/2311
f 2260/2393/2260 2259/2390/2259 2298/2432/2298
f 2247/2394/2247 2246/2391/2246 2285/2433/2285
f 2273/2392/2273 2312/2434/2312 2313/2437/2313
f 2260/2393/2260 2299/2435/2299 2300/2438/2300
f 2248/2397/2248 2247/2394/2247 2286/2436/2286
f 2275/2398/2275 2274/2395/2274 2313/2437/2313
f 2262/2399/2262 2261/2396/2261 2300/2438/2300
f 2248/2397/2248 2287/2439/2287 2288/2442/2288
f 2275/2398/2275 2314/2440/2314 2315/2443/2315
f 2262/2399/2262 2301/2441/2301 2302/2444/2302
f 2249/2400/2249 2288/2442/2288 2289/2445/2289
f 2277/2404/2277 2276/2401/2276 2315/2443/2315
f 2263/2402/2263 2302/2444/2302 2303/2447/2303
f 2251/2406/2251 2250/2403/2250 2289/2445/2289
f 2277/2404/2277 2316/2446/2316 2317/2449/2317
f 2265/2408/2265 2264/2405/2264 2303/2447/2303
f 2252/2409/2252 2251/2406/2251 2290/2448/2290
f 2266/2411/2266 2265/2408/2265 2304/2450/2304
f 2252/2409/2252 2291/2451/2291 2292/2454/2292
f 2266/2411/2266 2305/2453/2305 2306/2457/2306
f 2253/2412/2253 2292/2454/2292 2293/2418/2293
f 2240/2414/2240 2279/2456/2279 2280/2458/2280
f 2267/2415/2267 2306/2457/2306 2307/2421/2307
f 2279/2459/2279 2318/2536/2318 2319/2460/2319
f 2306/2462/2306 2345/2537/2345 2346/2463/2346
f 2294/2465/2294 2293/2538/2293 2332/2466/2332
f 2280/2461/2280 2319/2460/2319 2320/2468/2320
f 2308/2470/2308 2307/2464/2307 2346/2463/2346
f 2295/2472/2295 2294/2465/2294 2333/2467/2333
f 2281/2469/2281 2320/2468/2320 2321/2474/2321
f 2308/2470/2308 2347/2471/2347 2348/2476/2348
f 2295/2472/2295 2334/2473/2334 2335/2478/2335
f 2282/2475/2282 2321/2474/2321 2322/2480/2322
f 2309/2477/2309 2348/2476/2348 2349/2482/2349
f 2297/2484/2297 2296/2479/2296 2335/2478/2335
f 2284/2486/2284 2283/2481/2283 2322/2480/2322
f 2310/2483/2310 2349/2482/2349 2350/2488/2350
f 2297/2484/2297 2336/2485/2336 2337/2490/2337
f 2284/2486/2284 2323/2487/2323 2324/2492/2324
f 2312/2494/2312 2311/2489/2311 2350/2488/2350
f 2299/2496/2299 2298/2491/2298 2337/2490/2337
f 2285/2493/2285 2324/2492/2324 2325/2498/2325
f 2312/2494/2312 2351/2495/2351 2352/2500/2352
f 2299/2496/2299 2338/2497/2338 2339/2502/2339
f 2287/2504/2287 2286/2499/2286 2325/2498/2325
f 2314/2506/2314 2313/2501/2313 2352/2500/2352
f 2301/2508/2301 2300/2503/2300 2339/2502/2339
f 2288/2510/2288 2287/2504/2287 2326/2505/2326
f 2314/2506/2314 2353/2507/2353 2354/2512/2354
f 2301/2508/2301 2340/2509/2340 2341/2514/2341
f 2288/2510/2288 2327/2511/2327 2328/2516/2328
f 2316/2518/2316 2315/2513/2315 2354/2512/2354
f 2302/2515/2302 2341/2514/2341 2342/2520/2342
f 2290/2522/2290 2289/2517/2289 2328/2516/2328
f 2316/2518/2316 2355/2519/2355 2356/2524/2356
f 2304/2526/2304 2303/2521/2303 2342/2520/2342
f 2291/2528/2291 2290/2522/2290 2329/2523/2329
f 2304/2526/2304 2343/2527/2343 2344/2531/2344
f 2291/2528/2291 2330/2529/2330 2331/2533/2331
f 2305/2532/2305 2344/2531/2344 2345/2537/2345
f 2292/2534/2292 2331/2533/2331 2332/2466/2332
f 2344/2531/2344 2383/2576/2383 2384/2539/2384
f 2331/2533/2331 2370/2577/2370 2371/2540/2371
f 2318/2536/2318 2357/2579/2357 2358/2541/2358
f 2345/2537/2345 2384/2539/2384 2385/2542/2385
f 2333/2467/2333 2332/2466/2332 2371/2540/2371
f 2319/2460/2319 2358/2541/2358 2359/2544/2359
f 2347/2471/2347 2346/2463/2346 2385/2542/2385
f 2334/2473/2334 2333/2467/2333 2372/2543/2372
f 2321/2474/2321 2320/2468/2320 2359/2544/2359
f 2347/2471/2347 2386/2545/2386 2387/2548/2387
f 2334/2473/2334 2373/2546/2373 2374/2549/2374
f 2321/2474/2321 2360/2547/2360 2361/2550/2361
f 2348/2476/2348 2387/2548/2387 2388/2551/2388
f 2336/2485/2336 2335/2478/2335 2374/2549/2374
f 2322/2480/2322 2361/2550/2361 2362/2553/2362
f 2349/2482/2349 2388/2551/2388 2389/2554/2389
f 2336/2485/2336 2375/2552/2375 2376/2555/2376
f 2323/2487/2323 2362/2553/2362 2363/2556/2363
f 2351/2495/2351 2350/2488/2350 2389/2554/2389
f 2338/2497/2338 2337/2490/2337 2376/2555/2376
f 2325/2498/2325 2324/2492/2324 2363/2556/2363
f 2351/2495/2351 2390/2557/2390 2391/2560/2391
f 2338/2497/2338 2377/2558/2377 2378/2561/2378
f 2326/2505/2326 2325/2498/2325 2364/2559/2364
f 2353/2507/2353 2352/2500/2352 2391/2560/2391
f 2340/2509/2340 2339/2502/2339 2378/2561/2378
f 2327/2511/2327 2326/2505/2326 2365/2562/2365
f 2353/2507/2353 2392/2563/2392 2393/2566/2393
f 2340/2509/2340 2379/2564/2379 2380/2567/2380
f 2327/2511/2327 2366/2565/2366 2367/2568/2367
f 2354/2512/2354 2393/2566/2393 2394/2569/2394
f 2341/2514/2341 2380/2567/2380 2381/2570/2381
f 2329/2523/2329 2328/2516/2328 2367/2568/2367
f 2355/2519/2355 2394/2569/2394 2395/2572/2395
f 2343/2527/2343 2342/2520/2342 2381/2570/2381
f 2330/2529/2330 2329/2523/2329 2368/2571/2368
f 2344/2531/2344 2343/2527/2343 2382/2573/2382
f 2330/2529/2330 2369/2574/2369 2370/2577/2370
f 2389/2554/2389 2388/2551/2388 2427/2580/2427
f 2369/2574/2369 2408/2619/2408 2409/2582/2409
f 2375/2552/2375 2414/2620/2414 2415/2583/2415
f 2390/2557/2390 2389/2554/2389 2428/2581/2428
f 2377/2558/2377 2376/2555/2376 2415/2583/2415
f 2357/2579/2357 2396/2585/2396 2397/2588/2397
f 2390/2557/2390 2429/2586/2429 2430/2589/2430
f 2377/2558/2377 2416/2587/2416 2417/2590/2417
f 2358/2541/2358 2397/2588/2397 2398/2591/2398
f 2391/2560/2391 2430/2589/2430 2431/2592/2431
f 2379/2564/2379 2378/2561/2378 2417/2590/2417
f 2360/2547/2360 2359/2544/2359 2398/2591/2398
f 2392/2563/2392 2431/2592/2431 2432/2595/2432
f 2360/2547/2360 2399/2594/2399 2400/2596/2400
f 2379/2564/2379 2418/2593/2418 2419/2597/2419
f 2394/2569/2394 2393/2566/2393 2432/2595/2432
f 2362/2553/2362 2361/2550/2361 2400/2596/2400
f 2380/2567/2380 2419/2597/2419 2420/2600/2420
f 2394/2569/2394 2433/2598/2433 2434/2601/2434
f 2362/2553/2362 2401/2599/2401 2402/2602/2402
f 2382/2573/2382 2381/2570/2381 2420/2600/2420
f 2363/2556/2363 2402/2602/2402 2403/2605/2403
f 2383/2576/2383 2382/2573/2382 2421/2603/2421
f 2383/2576/2383 2422/2606/2422 2423/2607/2423
f 2365/2562/2365 2364/2559/2364 2403/2605/2403
f 2370/2577/2370 2409/2582/2409 2410/2609/2410
f 2384/2539/2384 2423/2607/2423 2424/2610/2424
f 2365/2562/2365 2404/2608/2404 2405/2611/2405
f 2372/2543/2372 2371/2540/2371 2410/2609/2410
f 2386/2545/2386 2385/2542/2385 2424/2610/2424
f 2366/2565/2366 2405/2611/2405 2406/2614/2406
f 2373/2546/2373 2372/2543/2372 2411/2612/2411
f 2386/2545/2386 2425/2613/2425 2426/2616/2426
f 2368/2571/2368 2367/2568/2367 2406/2614/2406
f 2373/2546/2373 2412/2615/2412 2413/2618/2413
f 2387/2548/2387 2426/2616/2426 2427/2580/2427
f 2369/2574/2369 2368/2571/2368 2407/2617/2407
f 2375/2552/2375 2374/2549/2374 2413/2618/2413
f 2414/2620/2414 2413/2618/2413 2452/2621/2452
f 2401/2599/2401 2400/2596/2400 2439/2623/2439
f 2427/2580/2427 2466/2661/2466 2467/2625/2467
f 2414/2620/2414 2453/2622/2453 2454/2626/2454
f 2401/2599/2401 2440/2624/2440 2441/2627/2441
f 2429/2586/2429 2428/2581/2428 2467/2625/2467
f 2416/2587/2416 2415/2583/2415 2454/2626/2454
f 2403/2605/2403 2402/2602/2402 2441/2627/2441
f 2429/2586/2429 2468/2628/2468 2469/2631/2469
f 2416/2587/2416 2455/2629/2455 2456/2632/2456
f 2404/2608/2404 2403/2605/2403 2442/2630/2442
f 2431/2592/2431 2430/2589/2430 2469/2631/2469
f 2418/2593/2418 2417/2590/2417 2456/2632/2456
f 2404/2608/2404 2443/2633/2443 2444/2636/2444
f 2431/2592/2431 2470/2634/2470 2471/2637/2471
f 2418/2593/2418 2457/2635/2457 2458/2638/2458
f 2405/2611/2405 2444/2636/2444 2445/2639/2445
f 2433/2598/2433 2432/2595/2432 2471/2637/2471
f 2419/2597/2419 2458/2638/2458 2459/2641/2459
f 2407/2617/2407 2406/2614/2406 2445/2639/2445
f 2433/2598/2433 2472/2640/2472 2473/2643/2473
f 2421/2603/2421 2420/2600/2420 2459/2641/2459
f 2408/2619/2408 2407/2617/2407 2446/2642/2446
f 2422/2606/2422 2421/2603/2421 2460/2644/2460
f 2408/2619/2408 2447/2645/2447 2448/2648/2448
f 2422/2606/2422 2461/2647/2461 2462/2651/2462
f 2409/2582/2409 2448/2648/2448 2449/2652/2449
f 2397/2588/2397 2396/2585/2396 2435/2650/2435
f 2423/2607/2423 2462/2651/2462 2463/2654/2463
f 2411/2612/2411 2410/2609/2410 2449/2652/2449
f 2397/2588/2397 2436/2653/2436 2437/2656/2437
f 2425/2613/2425 2424/2610/2424 2463/2654/2463
f 2412/2615/2412 2411/2612/2411 2450/2655/2450
f 2399/2594/2399 2398/2591/2398 2437/2656/2437
f 2425/2613/2425 2464/2657/2464 2465/2660/2465
f 2412/2615/2412 2451/2658/2451 2452/2621/2452
f 2399/2594/2399 2438/2659/2438 2439/2623/2439
f 2426/2616/2426 2465/2660/2465 2466/2661/2466
f 2438/2659/2438 2477/2702/2477 2478/2662/2478
f 2466/2661/2466 2465/2660/2465 2504/2663/2504
f 2453/2622/2453 2452/2621/2452 2491/2665/2491
f 2440/2624/2440 2439/2623/2439 2478/2662/2478
f 2467/2625/2467 2466/2661/2466 2505/2664/2505
f 2453/2622/2453 2492/2666/2492 2493/2669/2493
f 2440/2624/2440 2479/2667/2479 2480/2670/2480
f 2468/2628/2468 2467/2625/2467 2506/2668/2506
f 2455/2629/2455 2454/2626/2454 2493/2669/2493
f 2442/2630/2442 2441/2627/2441 2480/2670/2480
f 2468/2628/2468 2507/2671/2507 2508/2674/2508
f 2455/2629/2455 2494/2672/2494 2495/2675/2495
f 2442/2630/2442 2481/2673/2481 2482/2676/2482
f 2470/2634/2470 2469/2631/2469 2508/2674/2508
f 2457/2635/2457 2456/2632/2456 2495/2675/2495
f 2444/2636/2444 2443/2633/2443 2482/2676/2482
f 2470/2634/2470 2509/2677/2509 2510/2680/2510
f 2457/2635/2457 2496/2678/2496 2497/2681/2497
f 2444/2636/2444 2483/2679/2483 2484/2682/2484
f 2472/2640/2472 2471/2637/2471 2510/2680/2510
f 2458/2638/2458 2497/2681/2497 2498/2684/2498
f 2446/2642/2446 2445/2639/2445 2484/2682/2484
f 2472/2640/2472 2511/2683/2511 2512/2686/2512
f 2460/2644/2460 2459/2641/2459 2498/2684/2498
f 2447/2645/2447 2446/2642/2446 2485/2685/2485
f 2461/2647/2461 2460/2644/2460 2499/2687/2499
f 2447/2645/2447 2486/2688/2486 2487/2691/2487
f 2461/2647/2461 2500/2690/2500 2501/2694/2501
f 2448/2648/2448 2487/2691/2487 2488/2695/2488
f 2435/2650/2435 2474/2693/2474 2475/2696/2475
f 2462/2651/2462 2501/2694/2501 2502/2697/2502
f 2450/2655/2450 2449/2652/2449 2488/2695/2488
f 2436/2653/2436 2475/2696/2475 2476/2699/2476
f 2464/2657/2464 2463/2654/2463 2502/2697/2502
f 2451/2658/2451 2450/2655/2450 2489/2698/2489
f 2437/2656/2437 2476/2699/2476 2477/2702/2477
f 2464/2657/2464 2503/2700/2503 2504/2663/2504
f 2451/2658/2451 2490/2701/2490 2491/2665/2491
f 2490/2701/2490 2529/2741/2529 2530/2703/2530
f 2477/2702/2477 2516/2742/2516 2517/2704/2517
f 2504/2663/2504 2543/2743/2543 2544/2705/2544
f 2492/2666/2492 2491/2665/2491 2530/2703/2530
f 2479/2667/2479 2478/2662/2478 2517/2704/2517
f 2506/2668/2506 2505/2664/2505 2544/2705/2544
f 2492/2666/2492 2531/2706/2531 2532/2709/2532
f 2479/2667/2479 2518/2707/2518 2519/2710/2519
f 2507/2671/2507 2506/2668/2506 2545/2708/2545
f 2494/2672/2494 2493/2669/2493 2532/2709/2532
f 2480/2670/2480 2519/2710/2519 2520/2713/2520
f 2507/2671/2507 2546/2711/2546 2547/2714/2547
f 2494/2672/2494 2533/2712/2533 2534/2715/2534
f 2481/2673/2481 2520/2713/2520 2521/2716/2521
f 2509/2677/2509 2508/2674/2508 2547/2714/2547
f 2496/2678/2496 2495/2675/2495 2534/2715/2534
f 2483/2679/2483 2482/2676/2482 2521/2716/2521
f 2509/2677/2509 2548/2717/2548 2549/2720/2549
f 2496/2678/2496 2535/2718/2535 2536/2721/2536
f 2483/2679/2483 2522/2719/2522 2523/2722/2523
f 2510/2680/2510 2549/2720/2549 2550/2723/2550
f 2497/2681/2497 2536/2721/2536 2537/2724/2537
f 2485/2685/2485 2484/2682/2484 2523/2722/2523
f 2511/2683/2511 2550/2723/2550 2551/2726/2551
f 2499/2687/2499 2498/2684/2498 2537/2724/2537
f 2486/2688/2486 2485/2685/2485 2524/2725/2524
f 2500/2690/2500 2499/2687/2499 2538/2727/2538
f 2486/2688/2486 2525/2728/2525 2526/2731/2526
f 2500/2690/2500 2539/2730/2539 2540/2734/2540
f 2487/2691/2487 2526/2731/2526 2527/2735/2527
f 2474/2693/2474 2513/2733/2513 2514/2736/2514
f 2501/2694/2501 2540/2734/2540 2541/2737/2541
f 2489/2698/2489 2488/2695/2488 2527/2735/2527
f 2475/2696/2475 2514/2736/2514 2515/2739/2515
f 2503/2700/2503 2502/2697/2502 2541/2737/2541
f 2490/2701/2490 2489/2698/2489 2528/2738/2528
f 2477/2702/2477 2476/2699/2476 2515/2739/2515
f 2503/2700/2503 2542/2740/2542 2543/2743/2543
f 2515/2739/2515 2554/2782/2554 2555/2744/2555
f 2542/2740/2542 2581/2783/2581 2582/2745/2582
f 2529/2741/2529 2568/2784/2568 2569/2746/2569
f 2516/2742/2516 2555/2744/2555 2556/2747/2556
f 2543/2743/2543 2582/2745/2582 2583/2748/2583
f 2531/2706/2531 2530/2703/2530 2569/2746/2569
f 2517/2704/2517 2556/2747/2556 2557/2750/2557
f 2544/2705/2544 2583/2748/2583 2584/2751/2584
f 2531/2706/2531 2570/2749/2570 2571/2752/2571
f 2518/2707/2518 2557/2750/2557 2558/2753/2558
f 2546/2711/2546 2545/2708/2545 2584/2751/2584
f 2533/2712/2533 2532/2709/2532 2571/2752/2571
f 2520/2713/2520 2519/2710/2519 2558/2753/2558
f 2547/2714/2547 2546/2711/2546 2585/2754/2585
f 2533/2712/2533 2572/2755/2572 2573/2758/2573
f 2520/2713/2520 2559/2756/2559 2560/2759/2560
f 2548/2717/2548 2547/2714/2547 2586/2757/2586
f 2535/2718/2535 2534/2715/2534 2573/2758/2573
f 2522/2719/2522 2521/2716/2521 2560/2759/2560
f 2548/2717/2548 2587/2760/2587 2588/2763/2588
f 2535/2718/2535 2574/2761/2574 2575/2764/2575
f 2522/2719/2522 2561/2762/2561 2562/2765/2562
f 2549/2720/2549 2588/2763/2588 2589/2766/2589
f 2536/2721/2536 2575/2764/2575 2576/2767/2576
f 2524/2725/2524 2523/2722/2523 2562/2765/2562
f 2550/2723/2550 2589/2766/2589 2590/2769/2590
f 2538/2727/2538 2537/2724/2537 2576/2767/2576
f 2525/2728/2525 2524/2725/2524 2563/2768/2563
f 2539/2730/2539 2538/2727/2538 2577/2770/2577
f 2525/2728/2525 2564/2771/2564 2565/2774/2565
f 2539/2730/2539 2578/2773/2578 2579/2777/2579
f 2526/2731/2526 2565/2774/2565 2566/2778/2566
f 2514/2736/2514 2513/2733/2513 2552/2776/2552
f 2540/2734/2540 2579/2777/2579 2580/2780/2580
f 2528/2738/2528 2527/2735/2527 2566/2778/2566
f 2514/2736/2514 2553/2779/2553 2554/2782/2554
f 2542/2740/2542 2541/2737/2541 2580/2780/2580
f 2529/2741/2529 2528/2738/2528 2567/2781/2567
f 2581/2783/2581 2580/2780/2580 2619/2785/2619
f 2568/2784/2568 2567/2781/2567 2606/2787/2606
f 2555/2744/2555 2554/2782/2554 2593/2789/2593
f 2581/2783/2581 2620/2786/2620 2621/2791/2621
f 2568/2784/2568 2607/2788/2607 2608/2792/2608
f 2555/2744/2555 2594/2790/2594 2595/2793/2595
f 2582/2745/2582 2621/2791/2621 2622/2794/2622
f 2570/2749/2570 2569/2746/2569 2608/2792/2608
f 2557/2750/2557 2556/2747/2556 2595/2793/2595
f 2583/2748/2583 2622/2794/2622 2623/2797/2623
f 2570/2749/2570 2609/2795/2609 2610/2798/2610
f 2557/2750/2557 2596/2796/2596 2597/2799/2597
f 2585/2754/2585 2584/2751/2584 2623/2797/2623
f 2571/2752/2571 2610/2798/2610 2611/2801/2611
f 2559/2756/2559 2558/2753/2558 2597/2799/2597
f 2585/2754/2585 2624/2800/2624 2625/2803/2625
f 2572/2755/2572 2611/2801/2611 2612/2804/2612
f 2560/2759/2560 2559/2756/2559 2598/2802/2598
f 2587/2760/2587 2586/2757/2586 2625/2803/2625
f 2574/2761/2574 2573/2758/2573 2612/2804/2612
f 2561/2762/2561 2560/2759/2560 2599/2805/2599
f 2587/2760/2587 2626/2806/2626 2627/2809/2627
f 2574/2761/2574 2613/2807/2613 2614/2810/2614
f 2561/2762/2561 2600/2808/2600 2601/2811/2601
f 2589/2766/2589 2588/2763/2588 2627/2809/2627
f 2576/2767/2576 2575/2764/2575 2614/2810/2614
f 2563/2768/2563 2562/2765/2562 2601/2811/2601
f 2589/2766/2589 2628/2812/2628 2629/2815/2629
f 2577/2770/2577 2576/2767/2576 2615/2813/2615
f 2564/2771/2564 2563/2768/2563 2602/2814/2602
f 2577/2770/2577 2616/2816/2616 2617/2819/2617
f 2564/2771/2564 2603/2817/2603 2604/2820/2604
f 2578/2773/2578 2617/2819/2617 2618/2823/2618
f 2565/2774/2565 2604/2820/2604 2605/2824/2605
f 2553/2779/2553 2552/2776/2552 2591/2822/2591
f 2579/2777/2579 2618/2823/2618 2619/2785/2619
f 2566/2778/2566 2605/2824/2605 2606/2787/2606
f 2553/2779/2553 2592/2825/2592 2593/2789/2593
f 2605/2824/2605 2644/2865/2644 2645/2826/2645
f 2592/2825/2592 2631/2866/2631 2632/2827/2632
f 2620/2786/2620 2619/2785/2619 2658/2828/2658
f 2607/2788/2607 2606/2787/2606 2645/2826/2645
f 2594/2790/2594 2593/2789/2593 2632/2827/2632
f 2620/2786/2620 2659/2829/2659 2660/2832/2660
f 2607/2788/2607 2646/2830/2646 2647/2833/2647
f 2594/2790/2594 2633/2831/2633 2634/2834/2634
f 2621/2791/2621 2660/2832/2660 2661/2835/2661
f 2609/2795/2609 2608/2792/2608 2647/2833/2647
f 2595/2793/2595 2634/2834/2634 2635/2837/2635
f 2623/2797/2623 2622/2794/2622 2661/2835/2661
f 2609/2795/2609 2648/2836/2648 2649/2839/2649
f 2596/2796/2596 2635/2837/2635 2636/2840/2636
f 2624/2800/2624 2623/2797/2623 2662/2838/2662
f 2611/2801/2611 2610/2798/2610 2649/2839/2649
f 2597/2799/2597 2636/2840/2636 2637/2843/2637
f 2625/2803/2625 2624/2800/2624 2663/2841/2663
f 2611/2801/2611 2650/2842/2650 2651/2845/2651
f 2599/2805/2599 2598/2802/2598 2637/2843/2637
f 2626/2806/2626 2625/2803/2625 2664/2844/2664
f 2613/2807/2613 2612/2804/2612 2651/2845/2651
f 2600/2808/2600 2599/2805/2599 2638/2846/2638
f 2626/2806/2626 2665/2847/2665 2666/2850/2666
f 2613/2807/2613 2652/2848/2652 2653/2851/2653
f 2600/2808/2600 2639/2849/2639 2640/2852/2640
f 2628/2812/2628 2627/2809/2627 2666/2850/2666
f 2614/2810/2614 2653/2851/2653 2654/2854/2654
f 2601/2811/2601 2640/2852/2640 2641/2855/2641
f 2628/2812/2628 2667/2853/2667 2668/2856/2668
f 2616/2816/2616 2615/2813/2615 2654/2854/2654
f 2603/2817/2603 2602/2814/2602 2641/2855/2641
f 2617/2819/2617 2616/2816/2616 2655/2857/2655
f 2603/2817/2603 2642/2858/2642 2643/2861/2643
f 2617/2819/2617 2656/2860/2656 2657/2864/2657
f 2604/2820/2604 2643/2861/2643 2644/2865/2644
f 2591/2822/2591 2630/2863/2630 2631/2866/2631
f 2618/2823/2618 2657/2864/2657 2658/2828/2658
f 2630/2863/2630 2669/2907/2669 2670/2867/2670
f 2658/2828/2658 2657/2864/2657 2696/2868/2696
f 2645/2826/2645 2644/2865/2644 2683/2870/2683
f 2631/2866/2631 2670/2867/2670 2671/2872/2671
f 2659/2829/2659 2658/2828/2658 2697/2869/2697
f 2646/2830/2646 2645/2826/2645 2684/2871/2684
f 2633/2831/2633 2632/2827/2632 2671/2872/2671
f 2659/2829/2659 2698/2873/2698 2699/2876/2699
f 2646/2830/2646 2685/2874/2685 2686/2877/2686
f 2633/2831/2633 2672/2875/2672 2673/2878/2673
f 2660/2832/2660 2699/2876/2699 2700/2879/2700
f 2648/2836/2648 2647/2833/2647 2686/2877/2686
f 2634/2834/2634 2673/2878/2673 2674/2881/2674
f 2662/2838/2662 2661/2835/2661 2700/2879/2700
f 2648/2836/2648 2687/2880/2687 2688/2883/2688
f 2635/2837/2635 2674/2881/2674 2675/2884/2675
f 2663/2841/2663 2662/2838/2662 2701/2882/2701
f 2650/2842/2650 2649/2839/2649 2688/2883/2688
f 2636/2840/2636 2675/2884/2675 2676/2887/2676
f 2663/2841/2663 2702/2885/2702 2703/2888/2703
f 2650/2842/2650 2689/2886/2689 2690/2889/2690
f 2637/2843/2637 2676/2887/2676 2677/2890/2677
f 2665/2847/2665 2664/2844/2664 2703/2888/2703
f 2652/2848/2652 2651/2845/2651 2690/2889/2690
f 2639/2849/2639 2638/2846/2638 2677/2890/2677
f 2665/2847/2665 2704/2891/2704 2705/2894/2705
f 2652/2848/2652 2691/2892/2691 2692/2895/2692
f 2639/2849/2639 2678/2893/2678 2679/2896/2679
f 2666/2850/2666 2705/2894/2705 2706/2897/2706
f 2653/2851/2653 2692/2895/2692 2693/2898/2693
f 2640/2852/2640 2679/2896/2679 2680/2899/2680
f 2667/2853/2667 2706/2897/2706 2707/2900/2707
f 2655/2857/2655 2654/2854/2654 2693/2898/2693
f 2642/2858/2642 2641/2855/2641 2680/2899/2680
f 2656/2860/2656 2655/2857/2655 2694/2901/2694
f 2642/2858/2642 2681/2902/2681 2682/2905/2682
f 2656/2860/2656 2695/2904/2695 2696/2868/2696
f 2643/2861/2643 2682/2905/2682 2683/2870/2683
f 2682/2905/2682 2721/2946/2721 2722/2908/2722
f 2669/2907/2669 2708/2948/2708 2709/2909/2709
f 2697/2869/2697 2696/2868/2696 2735/2910/2735
f 2684/2871/2684 2683/2870/2683 2722/2908/2722
f 2670/2867/2670 2709/2909/2709 2710/2913/2710
f 2698/2873/2698 2697/2869/2697 2736/2911/2736
f 2685/2874/2685 2684/2871/2684 2723/2912/2723
f 2671/2872/2671 2710/2913/2710 2711/2916/2711
f 2698/2873/2698 2737/2914/2737 2738/2917/2738
f 2685/2874/2685 2724/2915/2724 2725/2918/2725
f 2672/2875/2672 2711/2916/2711 2712/2919/2712
f 2699/2876/2699 2738/2917/2738 2739/2920/2739
f 2686/2877/2686 2725/2918/2725 2726/2921/2726
f 2673/2878/2673 2712/2919/2712 2713/2922/2713
f 2701/2882/2701 2700/2879/2700 2739/2920/2739
f 2687/2880/2687 2726/2921/2726 2727/2924/2727
f 2674/2881/2674 2713/2922/2713 2714/2925/2714
f 2702/2885/2702 2701/2882/2701 2740/2923/2740
f 2689/2886/2689 2688/2883/2688 2727/2924/2727
f 2675/2884/2675 2714/2925/2714 2715/2928/2715
f 2703/2888/2703 2702/2885/2702 2741/2926/2741
f 2689/2886/2689 2728/2927/2728 2729/2930/2729
f 2677/2890/2677 2676/2887/2676 2715/2928/2715
f 2704/2891/2704 2703/2888/2703 2742/2929/2742
f 2690/2889/2690 2729/2930/2729 2730/2933/2730
f 2678/2893/2678 2677/2890/2677 2716/2931/2716
f 2704/2891/2704 2743/2932/2743 2744/2935/2744
f 2691/2892/2691 2730/2933/2730 2731/2936/2731
f 2678/2893/2678 2717/2934/2717 2718/2937/2718
f 2706/2897/2706 2705/2894/2705 2744/2935/2744
f 2692/2895/2692 2731/2936/2731 2732/2939/2732
f 2679/2896/2679 2718/2937/2718 2719/2940/2719
f 2706/2897/2706 2745/2938/2745 2746/2941/2746
f 2694/2901/2694 2693/2898/2693 2732/2939/2732
f 2681/2902/2681 2680/2899/2680 2719/2940/2719
f 2695/2904/2695 2694/2901/2694 2733/2942/2733
f 2681/2902/2681 2720/2943/2720 2721/2946/2721
f 2695/2904/2695 2734/2945/2734 2735/2910/2735
f 2734/2945/2734 2773/2988/2773 2774/2951/2774
f 2721/2946/2721 2760/2989/2760 2761/2952/2761
f 2708/2948/2708 2747/2950/2747 2748/2953/2748
f 2736/2911/2736 2735/2910/2735 2774/2951/2774
f 2723/2912/2723 2722/2908/2722 2761/2952/2761
f 2709/2909/2709 2748/2953/2748 2749/2956/2749
f 2737/2914/2737 2736/2911/2736 2775/2954/2775
f 2724/2915/2724 2723/2912/2723 2762/2955/2762
f 2710/2913/2710 2749/2956/2749 2750/2959/2750
f 2737/2914/2737 2776/2957/2776 2777/2960/2777
f 2724/2915/2724 2763/2958/2763 2764/2961/2764
f 2711/2916/2711 2750/2959/2750 2751/2962/2751
f 2738/2917/2738 2777/2960/2777 2778/2963/2778
f 2726/2921/2726 2725/2918/2725 2764/2961/2764
f 2712/2919/2712 2751/2962/2751 2752/2965/2752
f 2739/2920/2739 2778/2963/2778 2779/2966/2779
f 2726/2921/2726 2765/2964/2765 2766/2967/2766
f 2713/2922/2713 2752/2965/2752 2753/2968/2753
f 2741/2926/2741 2740/2923/2740 2779/2966/2779
f 2728/2927/2728 2727/2924/2727 2766/2967/2766
f 2714/2925/2714 2753/2968/2753 2754/2971/2754
f 2742/2929/2742 2741/2926/2741 2780/2969/2780
f 2728/2927/2728 2767/2970/2767 2768/2973/2768
f 2716/2931/2716 2715/2928/2715 2754/2971/2754
f 2743/2932/2743 2742/2929/2742 2781/2972/2781
f 2729/2930/2729 2768/2973/2768 2769/2976/2769
f 2717/2934/2717 2716/2931/2716 2755/2974/2755
f 2743/2932/2743 2782/2975/2782 2783/2978/2783
f 2730/2933/2730 2769/2976/2769 2770/2979/2770
f 2717/2934/2717 2756/2977/2756 2757/2980/2757
f 2744/2935/2744 2783/2978/2783 2784/2981/2784
f 2731/2936/2731 2770/2979/2770 2771/2982/2771
f 2718/2937/2718 2757/2980/2757 2758/2983/2758
f 2745/2938/2745 2784/2981/2784 2785/2984/2785
f 2733/2942/2733 2732/2939/2732 2771/2982/2771
f 2720/2943/2720 2719/2940/2719 2758/2983/2758
f 2734/2945/2734 2733/2942/2733 2772/2985/2772
f 2720/2943/2720 2759/2986/2759 2760/2989/2760
f 2773/2988/2773 2772/2985/2772 2811/2990/2811
f 2759/2986/2759 2798/3029/2798 2799/2992/2799
f 2773/2988/2773 2812/2991/2812 2813/2995/2813
f 2760/2989/2760 2799/2992/2799 2800/2996/2800
f 2747/2950/2747 2786/2994/2786 2787/2997/2787
f 2775/2954/2775 2774/2951/2774 2813/2995/2813
f 2762/2955/2762 2761/2952/2761 2800/2996/2800
f 2748/2953/2748 2787/2997/2787 2788/3000/2788
f 2776/2957/2776 2775/2954/2775 2814/2998/2814
f 2763/2958/2763 2762/2955/2762 2801/2999/2801
f 2749/2956/2749 2788/3000/2788 2789/3003/2789
f 2776/2957/2776 2815/3001/2815 2816/3004/2816
f 2763/2958/2763 2802/3002/2802 2803/3005/2803
f 2750/2959/2750 2789/3003/2789 2790/3006/2790
f 2777/2960/2777 2816/3004/2816 2817/3007/2817
f 2764/2961/2764 2803/3005/2803 2804/3008/2804
f 2751/2962/2751 2790/3006/2790 2791/3009/2791
f 2778/2963/2778 2817/3007/2817 2818/3010/2818
f 2765/2964/2765 2804/3008/2804 2805/3011/2805
f 2752/2965/2752 2791/3009/2791 2792/3012/2792
f 2780/2969/2780 2779/2966/2779 2818/3010/2818
f 2767/2970/2767 2766/2967/2766 2805/3011/2805
f 2753/2968/2753 2792/3012/2792 2793/3015/2793
f 2781/2972/2781 2780/2969/2780 2819/3013/2819
f 2768/2973/2768 2767/2970/2767 2806/3014/2806
f 2754/2971/2754 2793/3015/2793 2794/3018/2794
f 2782/2975/2782 2781/2972/2781 2820/3016/2820
f 2768/2973/2768 2807/3017/2807 2808/3020/2808
f 2756/2977/2756 2755/2974/2755 2794/3018/2794
f 2782/2975/2782 2821/3019/2821 2822/3022/2822
f 2769/2976/2769 2808/3020/2808 2809/3023/2809
f 2756/2977/2756 2795/3021/2795 2796/3024/2796
f 2783/2978/2783 2822/3022/2822 2823/3025/2823
f 2770/2979/2770 2809/3023/2809 2810/3026/2810
f 2757/2980/2757 2796/3024/2796 2797/3027/2797
f 2785/2984/2785 2784/2981/2784 2823/3025/2823
f 2772/2985/2772 2771/2982/2771 2810/3026/2810
f 2759/2986/2759 2758/2983/2758 2797/3027/2797
f 2798/3029/2798 2797/3027/2797 2836/3031/2836
f 2811/2990/2811 2850/3071/2850 2851/3035/2851
f 2798/3029/2798 2837/3032/2837 2838/3036/2838
f 2812/2991/2812 2851/3035/2851 2852/3039/2852
f 2799/2992/2799 2838/3036/2838 2839/3040/2839
f 2786/2994/2786 2825/3038/2825 2826/3041/2826
f 2814/2998/2814 2813/2995/2813 2852/3039/2852
f 2801/2999/2801 2800/2996/2800 2839/3040/2839
f 2787/2997/2787 2826/3041/2826 2827/3044/2827
f 2815/3001/2815 2814/2998/2814 2853/3042/2853
f 2802/3002/2802 2801/2999/2801 2840/3043/2840
f 2788/3000/2788 2827/3044/2827 2828/3047/2828
f 2815/3001/2815 2854/3045/2854 2855/3048/2855
f 2803/3005/2803 2802/3002/2802 2841/3046/2841
f 2789/3003/2789 2828/3047/2828 2829/3050/2829
f 2817/3007/2817 2816/3004/2816 2855/3048/2855
f 2803/3005/2803 2842/3049/2842 2843/3052/2843
f 2790/3006/2790 2829/3050/2829 2830/3053/2830
f 2818/3010/2818 2817/3007/2817 2856/3051/2856
f 2804/3008/2804 2843/3052/2843 2844/3055/2844
f 2791/3009/2791 2830/3053/2830 2831/3056/2831
f 2819/3013/2819 2818/3010/2818 2857/3054/2857
f 2805/3011/2805 2844/3055/2844 2845/3058/2845
f 2792/3012/2792 2831/3056/2831 2832/3059/2832
f 2820/3016/2820 2819/3013/2819 2858/3057/2858
f 2807/3017/2807 2806/3014/2806 2845/3058/2845
f 2793/3015/2793 2832/3059/2832 2833/3062/2833
f 2821/3019/2821 2820/3016/2820 2859/3060/2859
f 2807/3017/2807 2846/3061/2846 2847/3064/2847
f 2795/3021/2795 2794/3018/2794 2833/3062/2833
f 2821/3019/2821 2860/3063/2860 2861/3066/2861
f 2808/3020/2808 2847/3064/2847 2848/3067/2848
f 2795/3021/2795 2834/3065/2834 2835/3068/2835
f 2822/3022/2822 2861/3066/2861 2862/3069/2862
f 2809/3023/2809 2848/3067/2848 2849/3070/2849
f 2796/3024/2796 2835/3068/2835 2836/3031/2836
f 2824/3028/2824 2823/3025/2823 2862/3069/2862
f 2811/2990/2811 2810/3026/2810 2849/3070/2849
f 2850/3071/2850 2849/3070/2849 2888/3072/2888
f 2837/3032/2837 2836/3031/2836 2875/3074/2875
f 2851/3035/2851 2850/3071/2850 2889/3073/2889
f 2837/3032/2837 2876/3075/2876 2877/3079/2877
f 2851/3035/2851 2890/3078/2890 2891/3082/2891
f 2838/3036/2838 2877/3079/2877 2878/3083/2878
f 2825/3038/2825 2864/3081/2864 2865/3084/2865
f 2853/3042/2853 2852/3039/2852 2891/3082/2891
f 2840/3043/2840 2839/3040/2839 2878/3083/2878
f 2826/3041/2826 2865/3084/2865 2866/3087/2866
f 2854/3045/2854 2853/3042/2853 2892/3085/2892
f 2841/3046/2841 2840/3043/2840 2879/3086/2879
f 2827/3044/2827 2866/3087/2866 2867/3090/2867
f 2854/3045/2854 2893/3088/2893 2894/3091/2894
f 2841/3046/2841 2880/3089/2880 2881/3092/2881
f 2828/3047/2828 2867/3090/2867 2868/3093/2868
f 2855/3048/2855 2894/3091/2894 2895/3094/2895
f 2842/3049/2842 2881/3092/2881 2882/3095/2882
f 2829/3050/2829 2868/3093/2868 2869/3096/2869
f 2857/3054/2857 2856/3051/2856 2895/3094/2895
f 2843/3052/2843 2882/3095/2882 2883/3098/2883
f 2830/3053/2830 2869/3096/2869 2870/3099/2870
f 2858/3057/2858 2857/3054/2857 2896/3097/2896
f 2844/3055/2844 2883/3098/2883 2884/3101/2884
f 2831/3056/2831 2870/3099/2870 2871/3102/2871
f 2859/3060/2859 2858/3057/2858 2897/3100/2897
f 2846/3061/2846 2845/3058/2845 2884/3101/2884
f 2833/3062/2833 2832/3059/2832 2871/3102/2871
f 2860/3063/2860 2859/3060/2859 2898/3103/2898
f 2846/3061/2846 2885/3104/2885 2886/3107/2886
f 2834/3065/2834 2833/3062/2833 2872/3105/2872
f 2860/3063/2860 2899/3106/2899 2900/3109/2900
f 2847/3064/2847 2886/3107/2886 2887/3110/2887
f 2834/3065/2834 2873/3108/2873 2874/3111/2874
f 2862/3069/2862 2861/3066/2861 2900/3109/2900
f 2848/3067/2848 2887/3110/2887 2888/3072/2888
f 2835/3068/2835 2874/3111/2874 2875/3074/2875
f 2862/3069/2862 2901/3112/2901 2902/3077/2902
f 2874/3111/2874 2913/3152/2913 2914/3113/2914
f 2901/3112/2901 2940/3153/2940 2941/3114/2941
f 2889/3073/2889 2888/3072/2888 2927/3115/2927
f 2876/3075/2876 2875/3074/2875 2914/3113/2914
f 2890/3078/2890 2889/3073/2889 2928/3116/2928
f 2876/3075/2876 2915/3117/2915 2916/3120/2916
f 2890/3078/2890 2929/3119/2929 2930/3123/2930
f 2877/3079/2877 2916/3120/2916 2917/3124/2917
f 2864/3081/2864 2903/3122/2903 2904/3125/2904
f 2892/3085/2892 2891/3082/2891 2930/3123/2930
f 2879/3086/2879 2878/3083/2878 2917/3124/2917
f 2865/3084/2865 2904/3125/2904 2905/3128/2905
f 2893/3088/2893 2892/3085/2892 2931/3126/2931
f 2880/3089/2880 2879/3086/2879 2918/3127/2918
f 2867/3090/2867 2866/3087/2866 2905/3128/2905
f 2893/3088/2893 2932/3129/2932 2933/3132/2933
f 2880/3089/2880 2919/3130/2919 2920/3133/2920
f 2867/3090/2867 2906/3131/2906 2907/3134/2907
f 2894/3091/2894 2933/3132/2933 2934/3135/2934
f 2881/3092/2881 2920/3133/2920 2921/3136/2921
f 2868/3093/2868 2907/3134/2907 2908/3137/2908
f 2896/3097/2896 2895/3094/2895 2934/3135/2934
f 2882/3095/2882 2921/3136/2921 2922/3139/2922
f 2869/3096/2869 2908/3137/2908 2909/3140/2909
f 2897/3100/2897 2896/3097/2896 2935/3138/2935
f 2884/3101/2884 2883/3098/2883 2922/3139/2922
f 2870/3099/2870 2909/3140/2909 2910/3143/2910
f 2898/3103/2898 2897/3100/2897 2936/3141/2936
f 2884/3101/2884 2923/3142/2923 2924/3145/2924
f 2872/3105/2872 2871/3102/2871 2910/3143/2910
f 2899/3106/2899 2898/3103/2898 2937/3144/2937
f 2885/3104/2885 2924/3145/2924 2925/3148/2925
f 2873/3108/2873 2872/3105/2872 2911/3146/2911
f 2899/3106/2899 2938/3147/2938 2939/3150/2939
f 2886/3107/2886 2925/3148/2925 2926/3151/2926
f 2873/3108/2873 2912/3149/2912 2913/3152/2913
f 2900/3109/2900 2939/3150/2939 2940/3153/2940
f 2887/3110/2887 2926/3151/2926 2927/3115/2927
f 2940/3153/2940 2939/3150/2939 2978/3154/2978
f 2926/3151/2926 2965/3193/2965 2966/3156/2966
f 2913/3152/2913 2952/3194/2952 2953/3157/2953
f 2941/3114/2941 2940/3153/2940 2979/3155/2979
f 2928/3116/2928 2927/3115/2927 2966/3156/2966
f 2915/3117/2915 2914/3113/2914 2953/3157/2953
f 2929/3119/2929 2928/3116/2928 2967/3159/2967
f 2915/3117/2915 2954/3160/2954 2955/3163/2955
f 2929/3119/2929 2968/3162/2968 2969/3166/2969
f 2916/3120/2916 2955/3163/2955 2956/3167/2956
f 2903/3122/2903 2942/3165/2942 2943/3168/2943
f 2930/3123/2930 2969/3166/2969 2970/3169/2970
f 2918/3127/2918 2917/3124/2917 2956/3167/2956
f 2904/3125/2904 2943/3168/2943 2944/3171/2944
f 2932/3129/2932 2931/3126/2931 2970/3169/2970
f 2919/3130/2919 2918/3127/2918 2957/3170/2957
f 2906/3131/2906 2905/3128/2905 2944/3171/2944
f 2932/3129/2932 2971/3172/2971 2972/3175/2972
f 2919/3130/2919 2958/3173/2958 2959/3176/2959
f 2906/3131/2906 2945/3174/2945 2946/3177/2946
f 2933/3132/2933 2972/3175/2972 2973/3178/2973
f 2920/3133/2920 2959/3176/2959 2960/3179/2960
f 2907/3134/2907 2946/3177/2946 2947/3180/2947
f 2935/3138/2935 2934/3135/2934 2973/3178/2973
f 2921/3136/2921 2960/3179/2960 2961/3182/2961
f 2908/3137/2908 2947/3180/2947 2948/3183/2948
f 2936/3141/2936 2935/3138/2935 2974/3181/2974
f 2922/3139/2922 2961/3182/2961 2962/3185/2962
f 2909/3140/2909 2948/3183/2948 2949/3186/2949
f 2937/3144/2937 2936/3141/2936 2975/3184/2975
f 2924/3145/2924 2923/3142/2923 2962/3185/2962
f 2911/3146/2911 2910/3143/2910 2949/3186/2949
f 2938/3147/2938 2937/3144/2937 2976/3187/2976
f 2924/3145/2924 2963/3188/2963 2964/3191/2964
f 2912/3149/2912 2911/3146/2911 2950/3189/2950
f 2938/3147/2938 2977/3190/2977 2978/3154/2978
f 2925/3148/2925 2964/3191/2964 2965/3193/2965
f 2912/3149/2912 2951/3192/2951 2952/3194/2952
f 2964/3191/2964 3003/3233/3003 3004/3195/3004
f 2951/3192/2951 2990/3234/2990 2991/3196/2991
f 2978/3154/2978 3017/3235/3017 3018/3197/3018
f 2965/3193/2965 3004/3195/3004 3005/3198/3005
f 2952/3194/2952 2991/3196/2991 2992/3199/2992
f 2979/3155/2979 3018/3197/3018 3019/3200/3019
f 2967/3159/2967 2966/3156/2966 3005/3198/3005
f 2954/3160/2954 2953/3157/2953 2992/3199/2992
f 2967/3159/2967 3006/3201/3006 3007/3204/3007
f 2955/3163/2955 2954/3160/2954 2993/3202/2993
f 2968/3162/2968 3007/3204/3007 3008/3208/3008
f 2955/3163/2955 2994/3205/2994 2995/3209/2995
f 2942/3165/2942 2981/3207/2981 2982/3210/2982
f 2970/3169/2970 2969/3166/2969 3008/3208/3008
f 2957/3170/2957 2956/3167/2956 2995/3209/2995
f 2943/3168/2943 2982/3210/2982 2983/3213/2983
f 2971/3172/2971 2970/3169/2970 3009/3211/3009
f 2957/3170/2957 2996/3212/2996 2997/3215/2997
f 2945/3174/2945 2944/3171/2944 2983/3213/2983
f 2971/3172/2971 3010/3214/3010 3011/3217/3011
f 2958/3173/2958 2997/3215/2997 2998/3218/2998
f 2945/3174/2945 2984/3216/2984 2985/3219/2985
f 2972/3175/2972 3011/3217/3011 3012/3220/3012
f 2959/3176/2959 2998/3218/2998 2999/3221/2999
f 2946/3177/2946 2985/3219/2985 2986/3222/2986
f 2974/3181/2974 2973/3178/2973 3012/3220/3012
f 2961/3182/2961 2960/3179/2960 2999/3221/2999
f 2947/3180/2947 2986/3222/2986 2987/3225/2987
f 2975/3184/2975 2974/3181/2974 3013/3223/3013
f 2961/3182/2961 3000/3224/3000 3001/3227/3001
f 2948/3183/2948 2987/3225/2987 2988/3228/2988
f 2975/3184/2975 3014/3226/3014 3015/3229/3015
f 2963/3188/2963 2962/3185/2962 3001/3227/3001
f 2950/3189/2950 2949/3186/2949 2988/3228/2988
f 2977/3190/2977 2976/3187/2976 3015/3229/3015
f 2963/3188/2963 3002/3230/3002 3003/3233/3003
f 2951/3192/2951 2950/3189/2950 2989/3231/2989
f 2977/3190/2977 3016/3232/3016 3017/3235/3017
f 2990/3234/2990 2989/3231/2989 3028/3236/3028
f 3016/3232/3016 3055/3275/3055 3056/3238/3056
f 3003/3233/3003 3042/3276/3042 3043/3239/3043
f 2990/3234/2990 3029/3237/3029 3030/3240/3030
f 3017/3235/3017 3056/3238/3056 3057/3241/3057
f 3004/3195/3004 3043/3239/3043 3044/3242/3044
f 2991/3196/2991 3030/3240/3030 3031/3243/3031
f 3019/3200/3019 3018/3197/3018 3057/3241/3057
f 3006/3201/3006 3005/3198/3005 3044/3242/3044
f 2993/3202/2993 2992/3199/2992 3031/3243/3031
f 3007/3204/3007 3006/3201/3006 3045/3245/3045
f 2993/3202/2993 3032/3246/3032 3033/3249/3033
f 3007/3204/3007 3046/3248/3046 3047/3252/3047
f 2994/3205/2994 3033/3249/3033 3034/3253/3034
f 2981/3207/2981 3020/3251/3020 3021/3254/3021
f 3009/3211/3009 3008/3208/3008 3047/3252/3047
f 2996/3212/2996 2995/3209/2995 3034/3253/3034
f 2982/3210/2982 3021/3254/3021 3022/3257/3022
f 3010/3214/3010 3009/3211/3009 3048/3255/3048
f 2997/3215/2997 2996/3212/2996 3035/3256/3035
f 2983/3213/2983 3022/3257/3022 3023/3260/3023
f 3010/3214/3010 3049/3258/3049 3050/3261/3050
f 2997/3215/2997 3036/3259/3036 3037/3262/3037
f 2984/3216/2984 3023/3260/3023 3024/3263/3024
f 3012/3220/3012 3011/3217/3011 3050/3261/3050
f 2998/3218/2998 3037/3262/3037 3038/3265/3038
f 2985/3219/2985 3024/3263/3024 3025/3266/3025
f 3013/3223/3013 3012/3220/3012 3051/3264/3051
f 3000/3224/3000 2999/3221/2999 3038/3265/3038
f 2986/3222/2986 3025/3266/3025 3026/3269/3026
f 3014/3226/3014 3013/3223/3013 3052/3267/3052
f 3000/3224/3000 3039/3268/3039 3040/3271/3040
f 2987/3225/2987 3026/3269/3026 3027/3272/3027
f 3014/3226/3014 3053/3270/3053 3054/3273/3054
f 3002/3230/3002 3001/3227/3001 3040/3271/3040
f 2988/3228/2988 3027/3272/3027 3028/3236/3028
f 3016/3232/3016 3015/3229/3015 3054/3273/3054
f 3003/3233/3003 3002/3230/3002 3041/3274/3041
f 3041/3274/3041 3080/3316/3080 3081/3277/3081
f 3029/3237/3029 3028/3236/3028 3067/3278/3067
f 3055/3275/3055 3094/3317/3094 3095/3280/3095
f 3042/3276/3042 3081/3277/3081 3082/3281/3082
f 3029/3237/3029 3068/3279/3068 3069/3282/3069
f 3057/3241/3057 3056/3238/3056 3095/3280/3095
f 3043/3239/3043 3082/3281/3082 3083/3284/3083
f 3030/3240/3030 3069/3282/3069 3070/3285/3070
f 3058/3244/3058 3057/3241/3057 3096/3283/3096
f 3045/3245/3045 3044/3242/3044 3083/3284/3083
f 3032/3246/3032 3031/3243/3031 3070/3285/3070
f 3046/3248/3046 3045/3245/3045 3084/3287/3084
f 3032/3246/3032 3071/3288/3071 3072/3291/3072
f 3046/3248/3046 3085/3290/3085 3086/3294/3086
f 3033/3249/3033 3072/3291/3072 3073/3295/3073
f 3020/3251/3020 3059/3293/3059 3060/3296/3060
f 3048/3255/3048 3047/3252/3047 3086/3294/3086
f 3035/3256/3035 3034/3253/3034 3073/3295/3073
f 3021/3254/3021 3060/3296/3060 3061/3299/3061
f 3049/3258/3049 3048/3255/3048 3087/3297/3087
f 3035/3256/3035 3074/3298/3074 3075/3301/3075
f 3023/3260/3023 3022/3257/3022 3061/3299/3061
f 3049/3258/3049 3088/3300/3088 3089/3303/3089
f 3037/3262/3037 3036/3259/3036 3075/3301/3075
f 3023/3260/3023 3062/3302/3062 3063/3305/3063
f 3050/3261/3050 3089/3303/3089 3090/3306/3090
f 3037/3262/3037 3076/3304/3076 3077/3307/3077
f 3024/3263/3024 3063/3305/3063 3064/3308/3064
f 3052/3267/3052 3051/3264/3051 3090/3306/3090
f 3039/3268/3039 3038/3265/3038 3077/3307/3077
f 3025/3266/3025 3064/3308/3064 3065/3311/3065
f 3053/3270/3053 3052/3267/3052 3091/3309/3091
f 3039/3268/3039 3078/3310/3078 3079/3313/3079
f 3026/3269/3026 3065/3311/3065 3066/3314/3066
f 3054/3273/3054 3053/3270/3053 3092/3312/3092
f 3041/3274/3041 3040/3271/3040 3079/3313/3079
f 3028/3236/3028 3027/3272/3027 3066/3314/3066
f 3055/3275/3055 3054/3273/3054 3093/3315/3093
f 3067/3278/3067 3066/3314/3066 3105/55/3105
f 3094/3317/3094 3093/3315/3093 3118/58/3118
f 3080/3316/3080 12/60/12 13/65/13
f 3068/3279/3068 3067/3278/3067 2/61/2
f 3094/3317/3094 3119/64/3119 3120/70/3120
f 3081/3277/3081 13/65/13 3109/71/3109
f 3069/3282/3069 3068/3279/3068 3/68/3
f 3095/3280/3095 3120/70/3120 3121/76/3121
f 3082/3281/3082 3109/71/3109 3110/78/3110
f 3070/3285/3070 3069/3282/3069 3106/73/3106
f 3097/3286/3097 3096/3283/3096 3121/76/3121
f 3083/3284/3083 3110/78/3110 14/7/14
f 3071/3288/3071 3070/3285/3070 4/1/4
f 3084/3287/3084 14/7/14 15/9/15
f 3072/3291/3072 3071/3288/3071 5/3/5
f 3085/3290/3085 15/9/15 3111/16/3111
f 3073/3295/3073 3072/3291/3072 6/11/6
f 3059/3293/3059 3098/12/3098 3099/19/3099
f 3087/3297/3087 3086/3294/3086 3111/16/3111
f 3074/3298/3074 3073/3295/3073 3107/17/3107
f 3060/3296/3060 3099/19/3099 3100/25/3100
f 3088/3300/3088 3087/3297/3087 3112/22/3112
f 3075/3301/3075 3074/3298/3074 7/23/7
f 3062/3302/3062 3061/3299/3061 3100/25/3100
f 3088/3300/3088 3113/28/3113 3114/34/3114
f 3076/3304/3076 3075/3301/3075 8/30/8
f 3062/3302/3062 3101/31/3101 3102/37/3102
f 3089/3303/3089 3114/34/3114 3115/40/3115
f 3077/3307/3077 3076/3304/3076 9/36/9
f 3063/3305/3063 3102/37/3102 3103/43/3103
f 3091/3309/3091 3090/3306/3090 3115/40/3115
f 3077/3307/3077 3108/41/3108 10/48/10
f 3064/3308/3064 3103/43/3103 3104/49/3104
f 3092/3312/3092 3091/3309/3091 3116/46/3116
f 3078/3310/3078 10/48/10 11/54/11
f 3065/3311/3065 3104/49/3104 3105/55/3105
f 3092/3312/3092 3117/52/3117 3118/58/3118
f 3079/3313/3079 11/54/11 12/60/12
