# Blender 5.1.2
# www.blender.org
o st_chrono_runes
v 0.646739 0.000000 0.050000
v 0.646544 0.015872 0.050000
v 0.657411 0.016139 0.050000
v 0.657609 0.000000 0.050000
v 0.657411 0.016139 0.020000
v 0.646544 0.015872 0.020000
v 0.646739 0.000000 0.020000
v 0.645960 0.031734 0.050000
v 0.656817 0.032267 0.050000
v 0.656817 0.032267 0.020000
v 0.645960 0.031734 0.020000
v 0.644987 0.047577 0.050000
v 0.655827 0.048377 0.050000
v 0.655827 0.048377 0.020000
v 0.644987 0.047577 0.020000
v 0.643625 0.063392 0.050000
v 0.654442 0.064457 0.050000
v 0.654442 0.064457 0.020000
v 0.643625 0.063392 0.020000
v 0.641875 0.079168 0.050000
v 0.652663 0.080498 0.050000
v 0.652663 0.080498 0.020000
v 0.641875 0.079168 0.020000
v 0.639739 0.094896 0.050000
v 0.650491 0.096491 0.050000
v 0.650491 0.096491 0.020000
v 0.639739 0.094896 0.020000
v 0.637218 0.110568 0.050000
v 0.647927 0.112426 0.050000
v 0.647927 0.112426 0.020000
v 0.637218 0.110568 0.020000
v 0.634312 0.126173 0.050000
v 0.644973 0.128293 0.050000
v 0.644973 0.128293 0.020000
v 0.634312 0.126173 0.020000
v 0.631025 0.141701 0.050000
v 0.641630 0.144083 0.050000
v 0.641630 0.144083 0.020000
v 0.631025 0.141701 0.020000
v 0.627357 0.157145 0.050000
v 0.637901 0.159786 0.050000
v 0.637901 0.159786 0.020000
v 0.627357 0.157145 0.020000
v 0.623312 0.172494 0.050000
v 0.633788 0.175393 0.050000
v 0.633788 0.175393 0.020000
v 0.623312 0.172494 0.020000
v 0.618891 0.187738 0.050000
v 0.629292 0.190894 0.050000
v 0.629292 0.190894 0.020000
v 0.618891 0.187738 0.020000
v 0.614097 0.202870 0.050000
v 0.624418 0.206280 0.050000
v 0.624418 0.206280 0.020000
v 0.614097 0.202870 0.020000
v 0.608933 0.217880 0.050000
v 0.619168 0.221542 0.050000
v 0.619168 0.221542 0.020000
v 0.608933 0.217880 0.020000
v 0.603403 0.232758 0.050000
v 0.613544 0.236670 0.050000
v 0.613544 0.236670 0.020000
v 0.603403 0.232758 0.020000
v 0.597509 0.247496 0.050000
v 0.607551 0.251656 0.050000
v 0.607551 0.251656 0.020000
v 0.597509 0.247496 0.020000
v 0.591255 0.262085 0.050000
v 0.601192 0.266490 0.050000
v 0.601192 0.266490 0.020000
v 0.591255 0.262085 0.020000
v 0.584645 0.276517 0.050000
v 0.594471 0.281164 0.050000
v 0.594471 0.281164 0.020000
v 0.584645 0.276517 0.020000
v 0.577683 0.290781 0.050000
v 0.587392 0.295668 0.050000
v 0.587392 0.295668 0.020000
v 0.577683 0.290781 0.020000
v 0.570373 0.304871 0.050000
v 0.579959 0.309995 0.050000
v 0.579959 0.309995 0.020000
v 0.570373 0.304871 0.020000
v 0.562719 0.318777 0.050000
v 0.572177 0.324134 0.050000
v 0.572177 0.324134 0.020000
v 0.562719 0.318777 0.020000
v 0.554727 0.332490 0.050000
v 0.564050 0.338078 0.050000
v 0.564050 0.338078 0.020000
v 0.554727 0.332490 0.020000
v 0.546400 0.346004 0.050000
v 0.555583 0.351819 0.050000
v 0.555583 0.351819 0.020000
v 0.546400 0.346004 0.020000
v 0.537744 0.359309 0.050000
v 0.546782 0.365348 0.050000
v 0.546782 0.365348 0.020000
v 0.537744 0.359309 0.020000
v 0.528764 0.372398 0.050000
v 0.537651 0.378656 0.050000
v 0.537651 0.378656 0.020000
v 0.528764 0.372398 0.020000
v 0.519466 0.385262 0.050000
v 0.528196 0.391737 0.050000
v 0.528196 0.391737 0.020000
v 0.519466 0.385262 0.020000
v 0.509854 0.397894 0.050000
v 0.518423 0.404582 0.050000
v 0.518423 0.404582 0.020000
v 0.509854 0.397894 0.020000
v 0.499936 0.410287 0.050000
v 0.508338 0.417183 0.050000
v 0.508338 0.417183 0.020000
v 0.499936 0.410287 0.020000
v 0.489717 0.422432 0.050000
v 0.497947 0.429532 0.050000
v 0.497947 0.429532 0.020000
v 0.489717 0.422432 0.020000
v 0.479202 0.434323 0.050000
v 0.487256 0.441623 0.050000
v 0.487256 0.441623 0.020000
v 0.479202 0.434323 0.020000
v 0.468399 0.445953 0.050000
v 0.476271 0.453448 0.050000
v 0.476271 0.453448 0.020000
v 0.468399 0.445953 0.020000
v 0.457314 0.457314 0.050000
v 0.465000 0.465000 0.050000
v 0.465000 0.465000 0.020000
v 0.457314 0.457314 0.020000
v 0.445953 0.468399 0.050000
v 0.453448 0.476271 0.050000
v 0.453448 0.476271 0.020000
v 0.445953 0.468399 0.020000
v 0.434323 0.479202 0.050000
v 0.441623 0.487256 0.050000
v 0.441623 0.487256 0.020000
v 0.434323 0.479202 0.020000
v 0.422432 0.489717 0.050000
v 0.429532 0.497947 0.050000
v 0.429532 0.497947 0.020000
v 0.422432 0.489717 0.020000
v 0.410287 0.499936 0.050000
v 0.417183 0.508338 0.050000
v 0.417183 0.508338 0.020000
v 0.410287 0.499936 0.020000
v 0.397894 0.509854 0.050000
v 0.404582 0.518423 0.050000
v 0.404582 0.518423 0.020000
v 0.397894 0.509854 0.020000
v 0.385262 0.519466 0.050000
v 0.391737 0.528196 0.050000
v 0.391737 0.528196 0.020000
v 0.385262 0.519466 0.020000
v 0.372398 0.528764 0.050000
v 0.378656 0.537651 0.050000
v 0.378656 0.537651 0.020000
v 0.372398 0.528764 0.020000
v 0.359309 0.537744 0.050000
v 0.365348 0.546782 0.050000
v 0.365348 0.546782 0.020000
v 0.359309 0.537744 0.020000
v 0.346004 0.546400 0.050000
v 0.351819 0.555583 0.050000
v 0.351819 0.555583 0.020000
v 0.346004 0.546400 0.020000
v 0.332490 0.554727 0.050000
v 0.338078 0.564050 0.050000
v 0.338078 0.564050 0.020000
v 0.332490 0.554727 0.020000
v 0.318777 0.562719 0.050000
v 0.324134 0.572177 0.050000
v 0.324134 0.572177 0.020000
v 0.318777 0.562719 0.020000
v 0.304871 0.570373 0.050000
v 0.309995 0.579959 0.050000
v 0.309995 0.579959 0.020000
v 0.304871 0.570373 0.020000
v 0.290781 0.577683 0.050000
v 0.295668 0.587392 0.050000
v 0.295668 0.587392 0.020000
v 0.290781 0.577683 0.020000
v 0.276517 0.584645 0.050000
v 0.281164 0.594471 0.050000
v 0.281164 0.594471 0.020000
v 0.276517 0.584645 0.020000
v 0.262085 0.591255 0.050000
v 0.266490 0.601192 0.050000
v 0.266490 0.601192 0.020000
v 0.262085 0.591255 0.020000
v 0.247496 0.597509 0.050000
v 0.251656 0.607551 0.050000
v 0.251656 0.607551 0.020000
v 0.247496 0.597509 0.020000
v 0.232758 0.603403 0.050000
v 0.236670 0.613544 0.050000
v 0.236670 0.613544 0.020000
v 0.232758 0.603403 0.020000
v 0.217880 0.608933 0.050000
v 0.221542 0.619168 0.050000
v 0.221542 0.619168 0.020000
v 0.217880 0.608933 0.020000
v 0.202870 0.614097 0.050000
v 0.206280 0.624418 0.050000
v 0.206280 0.624418 0.020000
v 0.202870 0.614097 0.020000
v 0.187738 0.618891 0.050000
v 0.190894 0.629292 0.050000
v 0.190894 0.629292 0.020000
v 0.187738 0.618891 0.020000
v 0.172494 0.623312 0.050000
v 0.175393 0.633788 0.050000
v 0.175393 0.633788 0.020000
v 0.172494 0.623312 0.020000
v 0.157145 0.627357 0.050000
v 0.159786 0.637901 0.050000
v 0.159786 0.637901 0.020000
v 0.157145 0.627357 0.020000
v 0.141701 0.631025 0.050000
v 0.144083 0.641630 0.050000
v 0.144083 0.641630 0.020000
v 0.141701 0.631025 0.020000
v 0.126173 0.634312 0.050000
v 0.128293 0.644973 0.050000
v 0.128293 0.644973 0.020000
v 0.126173 0.634312 0.020000
v 0.110568 0.637218 0.050000
v 0.112426 0.647927 0.050000
v 0.112426 0.647927 0.020000
v 0.110568 0.637218 0.020000
v 0.094896 0.639739 0.050000
v 0.096491 0.650491 0.050000
v 0.096491 0.650491 0.020000
v 0.094896 0.639739 0.020000
v 0.079168 0.641875 0.050000
v 0.080498 0.652663 0.050000
v 0.080498 0.652663 0.020000
v 0.079168 0.641875 0.020000
v 0.063392 0.643625 0.050000
v 0.064457 0.654442 0.050000
v 0.064457 0.654442 0.020000
v 0.063392 0.643625 0.020000
v 0.047577 0.644987 0.050000
v 0.048377 0.655827 0.050000
v 0.048377 0.655827 0.020000
v 0.047577 0.644987 0.020000
v 0.031734 0.645960 0.050000
v 0.032267 0.656817 0.050000
v 0.032267 0.656817 0.020000
v 0.031734 0.645960 0.020000
v 0.015872 0.646544 0.050000
v 0.016139 0.657411 0.050000
v 0.016139 0.657411 0.020000
v 0.015872 0.646544 0.020000
v 0.000000 0.646739 0.050000
v 0.000000 0.657609 0.050000
v 0.000000 0.657609 0.020000
v 0.000000 0.646739 0.020000
v -0.015872 0.646544 0.050000
v -0.016139 0.657411 0.050000
v -0.016139 0.657411 0.020000
v -0.015872 0.646544 0.020000
v -0.031734 0.645960 0.050000
v -0.032267 0.656817 0.050000
v -0.032267 0.656817 0.020000
v -0.031734 0.645960 0.020000
v -0.047577 0.644987 0.050000
v -0.048377 0.655827 0.050000
v -0.048377 0.655827 0.020000
v -0.047577 0.644987 0.020000
v -0.063392 0.643625 0.050000
v -0.064457 0.654442 0.050000
v -0.064457 0.654442 0.020000
v -0.063392 0.643625 0.020000
v -0.079168 0.641875 0.050000
v -0.080498 0.652663 0.050000
v -0.080498 0.652663 0.020000
v -0.079168 0.641875 0.020000
v -0.094896 0.639739 0.050000
v -0.096491 0.650491 0.050000
v -0.096491 0.650491 0.020000
v -0.094896 0.639739 0.020000
v -0.110568 0.637218 0.050000
v -0.112426 0.647927 0.050000
v -0.112426 0.647927 0.020000
v -0.110568 0.637218 0.020000
v -0.126173 0.634312 0.050000
v -0.128293 0.644973 0.050000
v -0.128293 0.644973 0.020000
v -0.126173 0.634312 0.020000
v -0.141701 0.631025 0.050000
v -0.144083 0.641630 0.050000
v -0.144083 0.641630 0.020000
v -0.141701 0.631025 0.020000
v -0.157145 0.627357 0.050000
v -0.159786 0.637901 0.050000
v -0.159786 0.637901 0.020000
v -0.157145 0.627357 0.020000
v -0.172494 0.623312 0.050000
v -0.175393 0.633788 0.050000
v -0.175393 0.633788 0.020000
v -0.172494 0.623312 0.020000
v -0.187738 0.618891 0.050000
v -0.190894 0.629292 0.050000
v -0.190894 0.629292 0.020000
v -0.187738 0.618891 0.020000
v -0.202870 0.614097 0.050000
v -0.206280 0.624418 0.050000
v -0.206280 0.624418 0.020000
v -0.202870 0.614097 0.020000
v -0.217880 0.608933 0.050000
v -0.221542 0.619168 0.050000
v -0.221542 0.619168 0.020000
v -0.217880 0.608933 0.020000
v -0.232758 0.603403 0.050000
v -0.236670 0.613544 0.050000
v -0.236670 0.613544 0.020000
v -0.232758 0.603403 0.020000
v -0.247496 0.597509 0.050000
v -0.251656 0.607551 0.050000
v -0.251656 0.607551 0.020000
v -0.247496 0.597509 0.020000
v -0.262085 0.591255 0.050000
v -0.266490 0.601192 0.050000
v -0.266490 0.601192 0.020000
v -0.262085 0.591255 0.020000
v -0.276517 0.584645 0.050000
v -0.281164 0.594471 0.050000
v -0.281164 0.594471 0.020000
v -0.276517 0.584645 0.020000
v -0.290781 0.577683 0.050000
v -0.295668 0.587392 0.050000
v -0.295668 0.587392 0.020000
v -0.290781 0.577683 0.020000
v -0.304871 0.570373 0.050000
v -0.309995 0.579959 0.050000
v -0.309995 0.579959 0.020000
v -0.304871 0.570373 0.020000
v -0.318777 0.562719 0.050000
v -0.324134 0.572177 0.050000
v -0.324134 0.572177 0.020000
v -0.318777 0.562719 0.020000
v -0.332490 0.554727 0.050000
v -0.338078 0.564050 0.050000
v -0.338078 0.564050 0.020000
v -0.332490 0.554727 0.020000
v -0.346004 0.546400 0.050000
v -0.351819 0.555583 0.050000
v -0.351819 0.555583 0.020000
v -0.346004 0.546400 0.020000
v -0.359309 0.537744 0.050000
v -0.365348 0.546782 0.050000
v -0.365348 0.546782 0.020000
v -0.359309 0.537744 0.020000
v -0.372398 0.528764 0.050000
v -0.378656 0.537651 0.050000
v -0.378656 0.537651 0.020000
v -0.372398 0.528764 0.020000
v -0.385262 0.519466 0.050000
v -0.391737 0.528196 0.050000
v -0.391737 0.528196 0.020000
v -0.385262 0.519466 0.020000
v -0.397894 0.509854 0.050000
v -0.404582 0.518423 0.050000
v -0.404582 0.518423 0.020000
v -0.397894 0.509854 0.020000
v -0.410287 0.499936 0.050000
v -0.417183 0.508338 0.050000
v -0.417183 0.508338 0.020000
v -0.410287 0.499936 0.020000
v -0.422432 0.489717 0.050000
v -0.429532 0.497947 0.050000
v -0.429532 0.497947 0.020000
v -0.422432 0.489717 0.020000
v -0.434323 0.479202 0.050000
v -0.441623 0.487256 0.050000
v -0.441623 0.487256 0.020000
v -0.434323 0.479202 0.020000
v -0.445953 0.468399 0.050000
v -0.453448 0.476271 0.050000
v -0.453448 0.476271 0.020000
v -0.445953 0.468399 0.020000
v -0.457314 0.457314 0.050000
v -0.465000 0.465000 0.050000
v -0.465000 0.465000 0.020000
v -0.457314 0.457314 0.020000
v -0.468399 0.445953 0.050000
v -0.476271 0.453448 0.050000
v -0.476271 0.453448 0.020000
v -0.468399 0.445953 0.020000
v -0.479202 0.434323 0.050000
v -0.487256 0.441623 0.050000
v -0.487256 0.441623 0.020000
v -0.479202 0.434323 0.020000
v -0.489717 0.422432 0.050000
v -0.497947 0.429532 0.050000
v -0.497947 0.429532 0.020000
v -0.489717 0.422432 0.020000
v -0.499936 0.410287 0.050000
v -0.508338 0.417183 0.050000
v -0.508338 0.417183 0.020000
v -0.499936 0.410287 0.020000
v -0.509854 0.397894 0.050000
v -0.518423 0.404582 0.050000
v -0.518423 0.404582 0.020000
v -0.509854 0.397894 0.020000
v -0.519466 0.385262 0.050000
v -0.528196 0.391737 0.050000
v -0.528196 0.391737 0.020000
v -0.519466 0.385262 0.020000
v -0.528764 0.372398 0.050000
v -0.537651 0.378656 0.050000
v -0.537651 0.378656 0.020000
v -0.528764 0.372398 0.020000
v -0.537744 0.359309 0.050000
v -0.546782 0.365348 0.050000
v -0.546782 0.365348 0.020000
v -0.537744 0.359309 0.020000
v -0.546400 0.346004 0.050000
v -0.555583 0.351819 0.050000
v -0.555583 0.351819 0.020000
v -0.546400 0.346004 0.020000
v -0.554727 0.332490 0.050000
v -0.564050 0.338078 0.050000
v -0.564050 0.338078 0.020000
v -0.554727 0.332490 0.020000
v -0.562719 0.318777 0.050000
v -0.572177 0.324134 0.050000
v -0.572177 0.324134 0.020000
v -0.562719 0.318777 0.020000
v -0.570373 0.304871 0.050000
v -0.579959 0.309995 0.050000
v -0.579959 0.309995 0.020000
v -0.570373 0.304871 0.020000
v -0.577683 0.290781 0.050000
v -0.587392 0.295668 0.050000
v -0.587392 0.295668 0.020000
v -0.577683 0.290781 0.020000
v -0.584645 0.276517 0.050000
v -0.594471 0.281164 0.050000
v -0.594471 0.281164 0.020000
v -0.584645 0.276517 0.020000
v -0.591255 0.262085 0.050000
v -0.601192 0.266490 0.050000
v -0.601192 0.266490 0.020000
v -0.591255 0.262085 0.020000
v -0.597509 0.247496 0.050000
v -0.607551 0.251656 0.050000
v -0.607551 0.251656 0.020000
v -0.597509 0.247496 0.020000
v -0.603403 0.232758 0.050000
v -0.613544 0.236670 0.050000
v -0.613544 0.236670 0.020000
v -0.603403 0.232758 0.020000
v -0.608933 0.217880 0.050000
v -0.619168 0.221542 0.050000
v -0.619168 0.221542 0.020000
v -0.608933 0.217880 0.020000
v -0.614097 0.202870 0.050000
v -0.624418 0.206280 0.050000
v -0.624418 0.206280 0.020000
v -0.614097 0.202870 0.020000
v -0.618891 0.187738 0.050000
v -0.629292 0.190894 0.050000
v -0.629292 0.190894 0.020000
v -0.618891 0.187738 0.020000
v -0.623312 0.172494 0.050000
v -0.633788 0.175393 0.050000
v -0.633788 0.175393 0.020000
v -0.623312 0.172494 0.020000
v -0.627357 0.157145 0.050000
v -0.637901 0.159786 0.050000
v -0.637901 0.159786 0.020000
v -0.627357 0.157145 0.020000
v -0.631025 0.141701 0.050000
v -0.641630 0.144083 0.050000
v -0.641630 0.144083 0.020000
v -0.631025 0.141701 0.020000
v -0.634312 0.126173 0.050000
v -0.644973 0.128293 0.050000
v -0.644973 0.128293 0.020000
v -0.634312 0.126173 0.020000
v -0.637218 0.110568 0.050000
v -0.647927 0.112426 0.050000
v -0.647927 0.112426 0.020000
v -0.637218 0.110568 0.020000
v -0.639739 0.094896 0.050000
v -0.650491 0.096491 0.050000
v -0.650491 0.096491 0.020000
v -0.639739 0.094896 0.020000
v -0.641875 0.079168 0.050000
v -0.652663 0.080498 0.050000
v -0.652663 0.080498 0.020000
v -0.641875 0.079168 0.020000
v -0.643625 0.063392 0.050000
v -0.654442 0.064457 0.050000
v -0.654442 0.064457 0.020000
v -0.643625 0.063392 0.020000
v -0.644987 0.047577 0.050000
v -0.655827 0.048377 0.050000
v -0.655827 0.048377 0.020000
v -0.644987 0.047577 0.020000
v -0.645960 0.031734 0.050000
v -0.656817 0.032267 0.050000
v -0.656817 0.032267 0.020000
v -0.645960 0.031734 0.020000
v -0.646544 0.015872 0.050000
v -0.657411 0.016139 0.050000
v -0.657411 0.016139 0.020000
v -0.646544 0.015872 0.020000
v -0.646739 0.000000 0.050000
v -0.657609 0.000000 0.050000
v -0.657609 0.000000 0.020000
v -0.646739 0.000000 0.020000
v -0.646544 -0.015872 0.050000
v -0.657411 -0.016139 0.050000
v -0.657411 -0.016139 0.020000
v -0.646544 -0.015872 0.020000
v -0.645960 -0.031734 0.050000
v -0.656817 -0.032267 0.050000
v -0.656817 -0.032267 0.020000
v -0.645960 -0.031734 0.020000
v -0.644987 -0.047577 0.050000
v -0.655827 -0.048377 0.050000
v -0.655827 -0.048377 0.020000
v -0.644987 -0.047577 0.020000
v -0.643625 -0.063392 0.050000
v -0.654442 -0.064457 0.050000
v -0.654442 -0.064457 0.020000
v -0.643625 -0.063392 0.020000
v -0.641875 -0.079168 0.050000
v -0.652663 -0.080498 0.050000
v -0.652663 -0.080498 0.020000
v -0.641875 -0.079168 0.020000
v -0.639739 -0.094896 0.050000
v -0.650491 -0.096491 0.050000
v -0.650491 -0.096491 0.020000
v -0.639739 -0.094896 0.020000
v -0.637218 -0.110568 0.050000
v -0.647927 -0.112426 0.050000
v -0.647927 -0.112426 0.020000
v -0.637218 -0.110568 0.020000
v -0.634312 -0.126173 0.050000
v -0.644973 -0.128293 0.050000
v -0.644973 -0.128293 0.020000
v -0.634312 -0.126173 0.020000
v -0.631025 -0.141701 0.050000
v -0.641630 -0.144083 0.050000
v -0.641630 -0.144083 0.020000
v -0.631025 -0.141701 0.020000
v -0.627357 -0.157145 0.050000
v -0.637901 -0.159786 0.050000
v -0.637901 -0.159786 0.020000
v -0.627357 -0.157145 0.020000
v -0.623312 -0.172494 0.050000
v -0.633788 -0.175393 0.050000
v -0.633788 -0.175393 0.020000
v -0.623312 -0.172494 0.020000
v -0.618891 -0.187738 0.050000
v -0.629292 -0.190894 0.050000
v -0.629292 -0.190894 0.020000
v -0.618891 -0.187738 0.020000
v -0.614097 -0.202870 0.050000
v -0.624418 -0.206280 0.050000
v -0.624418 -0.206280 0.020000
v -0.614097 -0.202870 0.020000
v -0.608933 -0.217880 0.050000
v -0.619168 -0.221542 0.050000
v -0.619168 -0.221542 0.020000
v -0.608933 -0.217880 0.020000
v -0.603403 -0.232758 0.050000
v -0.613544 -0.236670 0.050000
v -0.613544 -0.236670 0.020000
v -0.603403 -0.232758 0.020000
v -0.597509 -0.247496 0.050000
v -0.607551 -0.251656 0.050000
v -0.607551 -0.251656 0.020000
v -0.597509 -0.247496 0.020000
v -0.591255 -0.262085 0.050000
v -0.601192 -0.266490 0.050000
v -0.601192 -0.266490 0.020000
v -0.591255 -0.262085 0.020000
v -0.584645 -0.276517 0.050000
v -0.594471 -0.281164 0.050000
v -0.594471 -0.281164 0.020000
v -0.584645 -0.276517 0.020000
v -0.577683 -0.290781 0.050000
v -0.587392 -0.295668 0.050000
v -0.587392 -0.295668 0.020000
v -0.577683 -0.290781 0.020000
v -0.570373 -0.304871 0.050000
v -0.579959 -0.309995 0.050000
v -0.579959 -0.309995 0.020000
v -0.570373 -0.304871 0.020000
v -0.562719 -0.318777 0.050000
v -0.572177 -0.324134 0.050000
v -0.572177 -0.324134 0.020000
v -0.562719 -0.318777 0.020000
v -0.554727 -0.332490 0.050000
v -0.564050 -0.338078 0.050000
v -0.564050 -0.338078 0.020000
v -0.554727 -0.332490 0.020000
v -0.546400 -0.346004 0.050000
v -0.555583 -0.351819 0.050000
v -0.555583 -0.351819 0.020000
v -0.546400 -0.346004 0.020000
v -0.537744 -0.359309 0.050000
v -0.546782 -0.365348 0.050000
v -0.546782 -0.365348 0.020000
v -0.537744 -0.359309 0.020000
v -0.528764 -0.372398 0.050000
v -0.537651 -0.378656 0.050000
v -0.537651 -0.378656 0.020000
v -0.528764 -0.372398 0.020000
v -0.519466 -0.385262 0.050000
v -0.528196 -0.391737 0.050000
v -0.528196 -0.391737 0.020000
v -0.519466 -0.385262 0.020000
v -0.509854 -0.397894 0.050000
v -0.518423 -0.404582 0.050000
v -0.518423 -0.404582 0.020000
v -0.509854 -0.397894 0.020000
v -0.499936 -0.410287 0.050000
v -0.508338 -0.417183 0.050000
v -0.508338 -0.417183 0.020000
v -0.499936 -0.410287 0.020000
v -0.489717 -0.422432 0.050000
v -0.497947 -0.429532 0.050000
v -0.497947 -0.429532 0.020000
v -0.489717 -0.422432 0.020000
v -0.479202 -0.434323 0.050000
v -0.487256 -0.441623 0.050000
v -0.487256 -0.441623 0.020000
v -0.479202 -0.434323 0.020000
v -0.468399 -0.445953 0.050000
v -0.476271 -0.453448 0.050000
v -0.476271 -0.453448 0.020000
v -0.468399 -0.445953 0.020000
v -0.457314 -0.457314 0.050000
v -0.465000 -0.465000 0.050000
v -0.465000 -0.465000 0.020000
v -0.457314 -0.457314 0.020000
v -0.445953 -0.468399 0.050000
v -0.453448 -0.476271 0.050000
v -0.453448 -0.476271 0.020000
v -0.445953 -0.468399 0.020000
v -0.434323 -0.479202 0.050000
v -0.441623 -0.487256 0.050000
v -0.441623 -0.487256 0.020000
v -0.434323 -0.479202 0.020000
v -0.422432 -0.489717 0.050000
v -0.429532 -0.497947 0.050000
v -0.429532 -0.497947 0.020000
v -0.422432 -0.489717 0.020000
v -0.410287 -0.499936 0.050000
v -0.417183 -0.508338 0.050000
v -0.417183 -0.508338 0.020000
v -0.410287 -0.499936 0.020000
v -0.397894 -0.509854 0.050000
v -0.404582 -0.518423 0.050000
v -0.404582 -0.518423 0.020000
v -0.397894 -0.509854 0.020000
v -0.385262 -0.519466 0.050000
v -0.391737 -0.528196 0.050000
v -0.391737 -0.528196 0.020000
v -0.385262 -0.519466 0.020000
v -0.372398 -0.528764 0.050000
v -0.378656 -0.537651 0.050000
v -0.378656 -0.537651 0.020000
v -0.372398 -0.528764 0.020000
v -0.359309 -0.537744 0.050000
v -0.365348 -0.546782 0.050000
v -0.365348 -0.546782 0.020000
v -0.359309 -0.537744 0.020000
v -0.346004 -0.546400 0.050000
v -0.351819 -0.555583 0.050000
v -0.351819 -0.555583 0.020000
v -0.346004 -0.546400 0.020000
v -0.332490 -0.554727 0.050000
v -0.338078 -0.564050 0.050000
v -0.338078 -0.564050 0.020000
v -0.332490 -0.554727 0.020000
v -0.318777 -0.562719 0.050000
v -0.324134 -0.572177 0.050000
v -0.324134 -0.572177 0.020000
v -0.318777 -0.562719 0.020000
v -0.304871 -0.570373 0.050000
v -0.309995 -0.579959 0.050000
v -0.309995 -0.579959 0.020000
v -0.304871 -0.570373 0.020000
v -0.290781 -0.577683 0.050000
v -0.295668 -0.587392 0.050000
v -0.295668 -0.587392 0.020000
v -0.290781 -0.577683 0.020000
v -0.276517 -0.584645 0.050000
v -0.281164 -0.594471 0.050000
v -0.281164 -0.594471 0.020000
v -0.276517 -0.584645 0.020000
v -0.262085 -0.591255 0.050000
v -0.266490 -0.601192 0.050000
v -0.266490 -0.601192 0.020000
v -0.262085 -0.591255 0.020000
v -0.247496 -0.597509 0.050000
v -0.251656 -0.607551 0.050000
v -0.251656 -0.607551 0.020000
v -0.247496 -0.597509 0.020000
v -0.232758 -0.603403 0.050000
v -0.236670 -0.613544 0.050000
v -0.236670 -0.613544 0.020000
v -0.232758 -0.603403 0.020000
v -0.217880 -0.608933 0.050000
v -0.221542 -0.619168 0.050000
v -0.221542 -0.619168 0.020000
v -0.217880 -0.608933 0.020000
v -0.202870 -0.614097 0.050000
v -0.206280 -0.624418 0.050000
v -0.206280 -0.624418 0.020000
v -0.202870 -0.614097 0.020000
v -0.187738 -0.618891 0.050000
v -0.190894 -0.629292 0.050000
v -0.190894 -0.629292 0.020000
v -0.187738 -0.618891 0.020000
v -0.172494 -0.623312 0.050000
v -0.175393 -0.633788 0.050000
v -0.175393 -0.633788 0.020000
v -0.172494 -0.623312 0.020000
v -0.157145 -0.627357 0.050000
v -0.159786 -0.637901 0.050000
v -0.159786 -0.637901 0.020000
v -0.157145 -0.627357 0.020000
v -0.141701 -0.631025 0.050000
v -0.144083 -0.641630 0.050000
v -0.144083 -0.641630 0.020000
v -0.141701 -0.631025 0.020000
v -0.126173 -0.634312 0.050000
v -0.128293 -0.644973 0.050000
v -0.128293 -0.644973 0.020000
v -0.126173 -0.634312 0.020000
v -0.110568 -0.637218 0.050000
v -0.112426 -0.647927 0.050000
v -0.112426 -0.647927 0.020000
v -0.110568 -0.637218 0.020000
v -0.094896 -0.639739 0.050000
v -0.096491 -0.650491 0.050000
v -0.096491 -0.650491 0.020000
v -0.094896 -0.639739 0.020000
v -0.079168 -0.641875 0.050000
v -0.080498 -0.652663 0.050000
v -0.080498 -0.652663 0.020000
v -0.079168 -0.641875 0.020000
v -0.063392 -0.643625 0.050000
v -0.064457 -0.654442 0.050000
v -0.064457 -0.654442 0.020000
v -0.063392 -0.643625 0.020000
v -0.047577 -0.644987 0.050000
v -0.048377 -0.655827 0.050000
v -0.048377 -0.655827 0.020000
v -0.047577 -0.644987 0.020000
v -0.031734 -0.645960 0.050000
v -0.032267 -0.656817 0.050000
v -0.032267 -0.656817 0.020000
v -0.031734 -0.645960 0.020000
v -0.015872 -0.646544 0.050000
v -0.016139 -0.657411 0.050000
v -0.016139 -0.657411 0.020000
v -0.015872 -0.646544 0.020000
v -0.000000 -0.646739 0.050000
v -0.000000 -0.657609 0.050000
v -0.000000 -0.657609 0.020000
v -0.000000 -0.646739 0.020000
v 0.015872 -0.646544 0.050000
v 0.016139 -0.657411 0.050000
v 0.016139 -0.657411 0.020000
v 0.015872 -0.646544 0.020000
v 0.031734 -0.645960 0.050000
v 0.032267 -0.656817 0.050000
v 0.032267 -0.656817 0.020000
v 0.031734 -0.645960 0.020000
v 0.047577 -0.644987 0.050000
v 0.048377 -0.655827 0.050000
v 0.048377 -0.655827 0.020000
v 0.047577 -0.644987 0.020000
v 0.063392 -0.643625 0.050000
v 0.064457 -0.654442 0.050000
v 0.064457 -0.654442 0.020000
v 0.063392 -0.643625 0.020000
v 0.079168 -0.641875 0.050000
v 0.080498 -0.652663 0.050000
v 0.080498 -0.652663 0.020000
v 0.079168 -0.641875 0.020000
v 0.094896 -0.639739 0.050000
v 0.096491 -0.650491 0.050000
v 0.096491 -0.650491 0.020000
v 0.094896 -0.639739 0.020000
v 0.110568 -0.637218 0.050000
v 0.112426 -0.647927 0.050000
v 0.112426 -0.647927 0.020000
v 0.110568 -0.637218 0.020000
v 0.126173 -0.634312 0.050000
v 0.128293 -0.644973 0.050000
v 0.128293 -0.644973 0.020000
v 0.126173 -0.634312 0.020000
v 0.141701 -0.631025 0.050000
v 0.144083 -0.641630 0.050000
v 0.144083 -0.641630 0.020000
v 0.141701 -0.631025 0.020000
v 0.157145 -0.627357 0.050000
v 0.159786 -0.637901 0.050000
v 0.159786 -0.637901 0.020000
v 0.157145 -0.627357 0.020000
v 0.172494 -0.623312 0.050000
v 0.175393 -0.633788 0.050000
v 0.175393 -0.633788 0.020000
v 0.172494 -0.623312 0.020000
v 0.187738 -0.618891 0.050000
v 0.190894 -0.629292 0.050000
v 0.190894 -0.629292 0.020000
v 0.187738 -0.618891 0.020000
v 0.202870 -0.614097 0.050000
v 0.206280 -0.624418 0.050000
v 0.206280 -0.624418 0.020000
v 0.202870 -0.614097 0.020000
v 0.217880 -0.608933 0.050000
v 0.221542 -0.619168 0.050000
v 0.221542 -0.619168 0.020000
v 0.217880 -0.608933 0.020000
v 0.232758 -0.603403 0.050000
v 0.236670 -0.613544 0.050000
v 0.236670 -0.613544 0.020000
v 0.232758 -0.603403 0.020000
v 0.247496 -0.597509 0.050000
v 0.251656 -0.607551 0.050000
v 0.251656 -0.607551 0.020000
v 0.247496 -0.597509 0.020000
v 0.262085 -0.591255 0.050000
v 0.266490 -0.601192 0.050000
v 0.266490 -0.601192 0.020000
v 0.262085 -0.591255 0.020000
v 0.276517 -0.584645 0.050000
v 0.281164 -0.594471 0.050000
v 0.281164 -0.594471 0.020000
v 0.276517 -0.584645 0.020000
v 0.290781 -0.577683 0.050000
v 0.295668 -0.587392 0.050000
v 0.295668 -0.587392 0.020000
v 0.290781 -0.577683 0.020000
v 0.304871 -0.570373 0.050000
v 0.309995 -0.579959 0.050000
v 0.309995 -0.579959 0.020000
v 0.304871 -0.570373 0.020000
v 0.318777 -0.562719 0.050000
v 0.324134 -0.572177 0.050000
v 0.324134 -0.572177 0.020000
v 0.318777 -0.562719 0.020000
v 0.332490 -0.554727 0.050000
v 0.338078 -0.564050 0.050000
v 0.338078 -0.564050 0.020000
v 0.332490 -0.554727 0.020000
v 0.346004 -0.546400 0.050000
v 0.351819 -0.555583 0.050000
v 0.351819 -0.555583 0.020000
v 0.346004 -0.546400 0.020000
v 0.359309 -0.537744 0.050000
v 0.365348 -0.546782 0.050000
v 0.365348 -0.546782 0.020000
v 0.359309 -0.537744 0.020000
v 0.372398 -0.528764 0.050000
v 0.378656 -0.537651 0.050000
v 0.378656 -0.537651 0.020000
v 0.372398 -0.528764 0.020000
v 0.385262 -0.519466 0.050000
v 0.391737 -0.528196 0.050000
v 0.391737 -0.528196 0.020000
v 0.385262 -0.519466 0.020000
v 0.397894 -0.509854 0.050000
v 0.404582 -0.518423 0.050000
v 0.404582 -0.518423 0.020000
v 0.397894 -0.509854 0.020000
v 0.410287 -0.499936 0.050000
v 0.417183 -0.508338 0.050000
v 0.417183 -0.508338 0.020000
v 0.410287 -0.499936 0.020000
v 0.422432 -0.489717 0.050000
v 0.429532 -0.497947 0.050000
v 0.429532 -0.497947 0.020000
v 0.422432 -0.489717 0.020000
v 0.434323 -0.479202 0.050000
v 0.441623 -0.487256 0.050000
v 0.441623 -0.487256 0.020000
v 0.434323 -0.479202 0.020000
v 0.445953 -0.468399 0.050000
v 0.453448 -0.476271 0.050000
v 0.453448 -0.476271 0.020000
v 0.445953 -0.468399 0.020000
v 0.457314 -0.457314 0.050000
v 0.465000 -0.465000 0.050000
v 0.465000 -0.465000 0.020000
v 0.457314 -0.457314 0.020000
v 0.468399 -0.445953 0.050000
v 0.476271 -0.453448 0.050000
v 0.476271 -0.453448 0.020000
v 0.468399 -0.445953 0.020000
v 0.479202 -0.434323 0.050000
v 0.487256 -0.441623 0.050000
v 0.487256 -0.441623 0.020000
v 0.479202 -0.434323 0.020000
v 0.489717 -0.422432 0.050000
v 0.497947 -0.429532 0.050000
v 0.497947 -0.429532 0.020000
v 0.489717 -0.422432 0.020000
v 0.499936 -0.410287 0.050000
v 0.508338 -0.417183 0.050000
v 0.508338 -0.417183 0.020000
v 0.499936 -0.410287 0.020000
v 0.509854 -0.397894 0.050000
v 0.518423 -0.404582 0.050000
v 0.518423 -0.404582 0.020000
v 0.509854 -0.397894 0.020000
v 0.519466 -0.385262 0.050000
v 0.528196 -0.391737 0.050000
v 0.528196 -0.391737 0.020000
v 0.519466 -0.385262 0.020000
v 0.528764 -0.372398 0.050000
v 0.537651 -0.378656 0.050000
v 0.537651 -0.378656 0.020000
v 0.528764 -0.372398 0.020000
v 0.537744 -0.359309 0.050000
v 0.546782 -0.365348 0.050000
v 0.546782 -0.365348 0.020000
v 0.537744 -0.359309 0.020000
v 0.546400 -0.346004 0.050000
v 0.555583 -0.351819 0.050000
v 0.555583 -0.351819 0.020000
v 0.546400 -0.346004 0.020000
v 0.554727 -0.332490 0.050000
v 0.564050 -0.338078 0.050000
v 0.564050 -0.338078 0.020000
v 0.554727 -0.332490 0.020000
v 0.562719 -0.318777 0.050000
v 0.572177 -0.324134 0.050000
v 0.572177 -0.324134 0.020000
v 0.562719 -0.318777 0.020000
v 0.570373 -0.304871 0.050000
v 0.579959 -0.309995 0.050000
v 0.579959 -0.309995 0.020000
v 0.570373 -0.304871 0.020000
v 0.577683 -0.290781 0.050000
v 0.587392 -0.295668 0.050000
v 0.587392 -0.295668 0.020000
v 0.577683 -0.290781 0.020000
v 0.584645 -0.276517 0.050000
v 0.594471 -0.281164 0.050000
v 0.594471 -0.281164 0.020000
v 0.584645 -0.276517 0.020000
v 0.591255 -0.262085 0.050000
v 0.601192 -0.266490 0.050000
v 0.601192 -0.266490 0.020000
v 0.591255 -0.262085 0.020000
v 0.597509 -0.247496 0.050000
v 0.607551 -0.251656 0.050000
v 0.607551 -0.251656 0.020000
v 0.597509 -0.247496 0.020000
v 0.603403 -0.232758 0.050000
v 0.613544 -0.236670 0.050000
v 0.613544 -0.236670 0.020000
v 0.603403 -0.232758 0.020000
v 0.608933 -0.217880 0.050000
v 0.619168 -0.221542 0.050000
v 0.619168 -0.221542 0.020000
v 0.608933 -0.217880 0.020000
v 0.614097 -0.202870 0.050000
v 0.624418 -0.206280 0.050000
v 0.624418 -0.206280 0.020000
v 0.614097 -0.202870 0.020000
v 0.618891 -0.187738 0.050000
v 0.629292 -0.190894 0.050000
v 0.629292 -0.190894 0.020000
v 0.618891 -0.187738 0.020000
v 0.623312 -0.172494 0.050000
v 0.633788 -0.175393 0.050000
v 0.633788 -0.175393 0.020000
v 0.623312 -0.172494 0.020000
v 0.627357 -0.157145 0.050000
v 0.637901 -0.159786 0.050000
v 0.637901 -0.159786 0.020000
v 0.627357 -0.157145 0.020000
v 0.631025 -0.141701 0.050000
v 0.641630 -0.144083 0.050000
v 0.641630 -0.144083 0.020000
v 0.631025 -0.141701 0.020000
v 0.634312 -0.126173 0.050000
v 0.644973 -0.128293 0.050000
v 0.644973 -0.128293 0.020000
v 0.634312 -0.126173 0.020000
v 0.637218 -0.110568 0.050000
v 0.647927 -0.112426 0.050000
v 0.647927 -0.112426 0.020000
v 0.637218 -0.110568 0.020000
v 0.639739 -0.094896 0.050000
v 0.650491 -0.096491 0.050000
v 0.650491 -0.096491 0.020000
v 0.639739 -0.094896 0.020000
v 0.641875 -0.079168 0.050000
v 0.652663 -0.080498 0.050000
v 0.652663 -0.080498 0.020000
v 0.641875 -0.079168 0.020000
v 0.643625 -0.063392 0.050000
v 0.654442 -0.064457 0.050000
v 0.654442 -0.064457 0.020000
v 0.643625 -0.063392 0.020000
v 0.644987 -0.047577 0.050000
v 0.655827 -0.048377 0.050000
v 0.655827 -0.048377 0.020000
v 0.644987 -0.047577 0.020000
v 0.645960 -0.031734 0.050000
v 0.656817 -0.032267 0.050000
v 0.656817 -0.032267 0.020000
v 0.645960 -0.031734 0.020000
v 0.646544 -0.015872 0.050000
v 0.657411 -0.016139 0.050000
v 0.657411 -0.016139 0.020000
v 0.646544 -0.015872 0.020000
v 0.657609 -0.000000 0.020000
v 0.498763 0.012244 0.050000
v 0.509629 0.012511 0.050000
v 0.509629 0.012511 0.020000
v 0.498763 0.012244 0.020000
v 0.498312 0.024481 0.050000
v 0.509169 0.025014 0.050000
v 0.509169 0.025014 0.020000
v 0.498312 0.024481 0.020000
v 0.497561 0.036702 0.050000
v 0.508401 0.037502 0.050000
v 0.508401 0.037502 0.020000
v 0.497561 0.036702 0.020000
v 0.496511 0.048902 0.050000
v 0.507328 0.049967 0.050000
v 0.507328 0.049967 0.020000
v 0.496511 0.048902 0.020000
v 0.495161 0.061072 0.050000
v 0.505949 0.062403 0.050000
v 0.505949 0.062403 0.020000
v 0.495161 0.061072 0.020000
v 0.493513 0.073206 0.050000
v 0.504265 0.074801 0.050000
v 0.504265 0.074801 0.020000
v 0.493513 0.073206 0.020000
v 0.491568 0.085295 0.050000
v 0.502277 0.087153 0.050000
v 0.502277 0.087153 0.020000
v 0.491568 0.085295 0.020000
v 0.489327 0.097333 0.050000
v 0.499987 0.099454 0.050000
v 0.499987 0.099454 0.020000
v 0.489327 0.097333 0.020000
v 0.486791 0.109312 0.050000
v 0.497396 0.111694 0.050000
v 0.497396 0.111694 0.020000
v 0.486791 0.109312 0.020000
v 0.483961 0.121226 0.050000
v 0.494505 0.123867 0.050000
v 0.494505 0.123867 0.020000
v 0.483961 0.121226 0.020000
v 0.480840 0.133066 0.050000
v 0.491316 0.135966 0.050000
v 0.491316 0.135966 0.020000
v 0.480840 0.133066 0.020000
v 0.477430 0.144827 0.050000
v 0.487832 0.147982 0.050000
v 0.487832 0.147982 0.020000
v 0.477430 0.144827 0.020000
v 0.473732 0.156500 0.050000
v 0.484053 0.159910 0.050000
v 0.484053 0.159910 0.020000
v 0.473732 0.156500 0.020000
v 0.469749 0.168079 0.050000
v 0.479983 0.171741 0.050000
v 0.479983 0.171741 0.020000
v 0.469749 0.168079 0.020000
v 0.465482 0.179556 0.050000
v 0.475623 0.183468 0.050000
v 0.475623 0.183468 0.020000
v 0.465482 0.179556 0.020000
v 0.460936 0.190926 0.050000
v 0.470978 0.195085 0.050000
v 0.470978 0.195085 0.020000
v 0.460936 0.190926 0.020000
v 0.456111 0.202180 0.050000
v 0.466048 0.206585 0.050000
v 0.466048 0.206585 0.020000
v 0.456111 0.202180 0.020000
v 0.451012 0.213313 0.050000
v 0.460838 0.217960 0.050000
v 0.460838 0.217960 0.020000
v 0.451012 0.213313 0.020000
v 0.445641 0.224317 0.050000
v 0.455350 0.229204 0.050000
v 0.455350 0.229204 0.020000
v 0.445641 0.224317 0.020000
v 0.440002 0.235186 0.050000
v 0.449588 0.240310 0.050000
v 0.449588 0.240310 0.020000
v 0.440002 0.235186 0.020000
v 0.434098 0.245913 0.050000
v 0.443555 0.251271 0.050000
v 0.443555 0.251271 0.020000
v 0.434098 0.245913 0.020000
v 0.427932 0.256493 0.050000
v 0.437255 0.262081 0.050000
v 0.437255 0.262081 0.020000
v 0.427932 0.256493 0.020000
v 0.421508 0.266917 0.050000
v 0.430692 0.272732 0.050000
v 0.430692 0.272732 0.020000
v 0.421508 0.266917 0.020000
v 0.414831 0.277181 0.050000
v 0.423869 0.283220 0.050000
v 0.423869 0.283220 0.020000
v 0.414831 0.277181 0.020000
v 0.407904 0.287278 0.050000
v 0.416791 0.293537 0.050000
v 0.416791 0.293537 0.020000
v 0.407904 0.287278 0.020000
v 0.400731 0.297202 0.050000
v 0.409461 0.303677 0.050000
v 0.409461 0.303677 0.020000
v 0.400731 0.297202 0.020000
v 0.393316 0.306947 0.050000
v 0.401885 0.313634 0.050000
v 0.401885 0.313634 0.020000
v 0.393316 0.306947 0.020000
v 0.385665 0.316507 0.050000
v 0.394067 0.323403 0.050000
v 0.394067 0.323403 0.020000
v 0.385665 0.316507 0.020000
v 0.377781 0.325876 0.050000
v 0.386012 0.332976 0.050000
v 0.386012 0.332976 0.020000
v 0.377781 0.325876 0.020000
v 0.369670 0.335050 0.050000
v 0.377724 0.342349 0.050000
v 0.377724 0.342349 0.020000
v 0.369670 0.335050 0.020000
v 0.361336 0.344021 0.050000
v 0.369209 0.351516 0.050000
v 0.369209 0.351516 0.020000
v 0.361336 0.344021 0.020000
v 0.352785 0.352785 0.050000
v 0.360471 0.360471 0.050000
v 0.360471 0.360471 0.020000
v 0.352785 0.352785 0.020000
v 0.344021 0.361336 0.050000
v 0.351516 0.369209 0.050000
v 0.351516 0.369209 0.020000
v 0.344021 0.361336 0.020000
v 0.335050 0.369670 0.050000
v 0.342349 0.377724 0.050000
v 0.342349 0.377724 0.020000
v 0.335050 0.369670 0.020000
v 0.325876 0.377781 0.050000
v 0.332976 0.386012 0.050000
v 0.332976 0.386012 0.020000
v 0.325876 0.377781 0.020000
v 0.316507 0.385665 0.050000
v 0.323403 0.394067 0.050000
v 0.323403 0.394067 0.020000
v 0.316507 0.385665 0.020000
v 0.306947 0.393316 0.050000
v 0.313634 0.401885 0.050000
v 0.313634 0.401885 0.020000
v 0.306947 0.393316 0.020000
v 0.297202 0.400731 0.050000
v 0.303677 0.409461 0.050000
v 0.303677 0.409461 0.020000
v 0.297202 0.400731 0.020000
v 0.287278 0.407904 0.050000
v 0.293537 0.416791 0.050000
v 0.293537 0.416791 0.020000
v 0.287278 0.407904 0.020000
v 0.277181 0.414831 0.050000
v 0.283220 0.423869 0.050000
v 0.283220 0.423869 0.020000
v 0.277181 0.414831 0.020000
v 0.266917 0.421508 0.050000
v 0.272732 0.430692 0.050000
v 0.272732 0.430692 0.020000
v 0.266917 0.421508 0.020000
v 0.256493 0.427932 0.050000
v 0.262081 0.437255 0.050000
v 0.262081 0.437255 0.020000
v 0.256493 0.427932 0.020000
v 0.245913 0.434098 0.050000
v 0.251271 0.443555 0.050000
v 0.251271 0.443555 0.020000
v 0.245913 0.434098 0.020000
v 0.235186 0.440002 0.050000
v 0.240310 0.449588 0.050000
v 0.240310 0.449588 0.020000
v 0.235186 0.440002 0.020000
v 0.224317 0.445641 0.050000
v 0.229204 0.455350 0.050000
v 0.229204 0.455350 0.020000
v 0.224317 0.445641 0.020000
v 0.213313 0.451012 0.050000
v 0.217960 0.460838 0.050000
v 0.217960 0.460838 0.020000
v 0.213313 0.451012 0.020000
v 0.202180 0.456111 0.050000
v 0.206585 0.466048 0.050000
v 0.206585 0.466048 0.020000
v 0.202180 0.456111 0.020000
v 0.190926 0.460936 0.050000
v 0.195085 0.470978 0.050000
v 0.195085 0.470978 0.020000
v 0.190926 0.460936 0.020000
v 0.179556 0.465482 0.050000
v 0.183468 0.475623 0.050000
v 0.183468 0.475623 0.020000
v 0.179556 0.465482 0.020000
v 0.168079 0.469749 0.050000
v 0.171741 0.479983 0.050000
v 0.171741 0.479983 0.020000
v 0.168079 0.469749 0.020000
v 0.156500 0.473732 0.050000
v 0.159910 0.484053 0.050000
v 0.159910 0.484053 0.020000
v 0.156500 0.473732 0.020000
v 0.144827 0.477430 0.050000
v 0.147982 0.487832 0.050000
v 0.147982 0.487832 0.020000
v 0.144827 0.477430 0.020000
v 0.133066 0.480840 0.050000
v 0.135966 0.491316 0.050000
v 0.135966 0.491316 0.020000
v 0.133066 0.480840 0.020000
v 0.121226 0.483961 0.050000
v 0.123867 0.494505 0.050000
v 0.123867 0.494505 0.020000
v 0.121226 0.483961 0.020000
v 0.109312 0.486791 0.050000
v 0.111694 0.497396 0.050000
v 0.111694 0.497396 0.020000
v 0.109312 0.486791 0.020000
v 0.097333 0.489327 0.050000
v 0.099454 0.499987 0.050000
v 0.099454 0.499987 0.020000
v 0.097333 0.489327 0.020000
v 0.085295 0.491568 0.050000
v 0.087153 0.502277 0.050000
v 0.087153 0.502277 0.020000
v 0.085295 0.491568 0.020000
v 0.073206 0.493513 0.050000
v 0.074801 0.504265 0.050000
v 0.074801 0.504265 0.020000
v 0.073206 0.493513 0.020000
v 0.061072 0.495161 0.050000
v 0.062403 0.505949 0.050000
v 0.062403 0.505949 0.020000
v 0.061072 0.495161 0.020000
v 0.048902 0.496511 0.050000
v 0.049967 0.507328 0.050000
v 0.049967 0.507328 0.020000
v 0.048902 0.496511 0.020000
v 0.036702 0.497561 0.050000
v 0.037502 0.508401 0.050000
v 0.037502 0.508401 0.020000
v 0.036702 0.497561 0.020000
v 0.024481 0.498312 0.050000
v 0.025014 0.509169 0.050000
v 0.025014 0.509169 0.020000
v 0.024481 0.498312 0.020000
v 0.012244 0.498763 0.050000
v 0.012511 0.509629 0.050000
v 0.012511 0.509629 0.020000
v 0.012244 0.498763 0.020000
v 0.000000 0.498913 0.050000
v 0.000000 0.509783 0.050000
v 0.000000 0.509783 0.020000
v 0.000000 0.498913 0.020000
v -0.012244 0.498763 0.050000
v -0.012511 0.509629 0.050000
v -0.012511 0.509629 0.020000
v -0.012244 0.498763 0.020000
v -0.024481 0.498312 0.050000
v -0.025014 0.509169 0.050000
v -0.025014 0.509169 0.020000
v -0.024481 0.498312 0.020000
v -0.036702 0.497561 0.050000
v -0.037502 0.508401 0.050000
v -0.037502 0.508401 0.020000
v -0.036702 0.497561 0.020000
v -0.048902 0.496511 0.050000
v -0.049967 0.507328 0.050000
v -0.049967 0.507328 0.020000
v -0.048902 0.496511 0.020000
v -0.061072 0.495161 0.050000
v -0.062403 0.505949 0.050000
v -0.062403 0.505949 0.020000
v -0.061072 0.495161 0.020000
v -0.073206 0.493513 0.050000
v -0.074801 0.504265 0.050000
v -0.074801 0.504265 0.020000
v -0.073206 0.493513 0.020000
v -0.085295 0.491568 0.050000
v -0.087153 0.502277 0.050000
v -0.087153 0.502277 0.020000
v -0.085295 0.491568 0.020000
v -0.097333 0.489327 0.050000
v -0.099454 0.499987 0.050000
v -0.099454 0.499987 0.020000
v -0.097333 0.489327 0.020000
v -0.109312 0.486791 0.050000
v -0.111694 0.497396 0.050000
v -0.111694 0.497396 0.020000
v -0.109312 0.486791 0.020000
v -0.121226 0.483961 0.050000
v -0.123867 0.494505 0.050000
v -0.123867 0.494505 0.020000
v -0.121226 0.483961 0.020000
v -0.133066 0.480840 0.050000
v -0.135966 0.491316 0.050000
v -0.135966 0.491316 0.020000
v -0.133066 0.480840 0.020000
v -0.144827 0.477430 0.050000
v -0.147982 0.487832 0.050000
v -0.147982 0.487832 0.020000
v -0.144827 0.477430 0.020000
v -0.156500 0.473732 0.050000
v -0.159910 0.484053 0.050000
v -0.159910 0.484053 0.020000
v -0.156500 0.473732 0.020000
v -0.168079 0.469749 0.050000
v -0.171741 0.479983 0.050000
v -0.171741 0.479983 0.020000
v -0.168079 0.469749 0.020000
v -0.179556 0.465482 0.050000
v -0.183468 0.475623 0.050000
v -0.183468 0.475623 0.020000
v -0.179556 0.465482 0.020000
v -0.190926 0.460936 0.050000
v -0.195085 0.470978 0.050000
v -0.195085 0.470978 0.020000
v -0.190926 0.460936 0.020000
v -0.202180 0.456111 0.050000
v -0.206585 0.466048 0.050000
v -0.206585 0.466048 0.020000
v -0.202180 0.456111 0.020000
v -0.213313 0.451012 0.050000
v -0.217960 0.460838 0.050000
v -0.217960 0.460838 0.020000
v -0.213313 0.451012 0.020000
v -0.224317 0.445641 0.050000
v -0.229204 0.455350 0.050000
v -0.229204 0.455350 0.020000
v -0.224317 0.445641 0.020000
v -0.235186 0.440002 0.050000
v -0.240310 0.449588 0.050000
v -0.240310 0.449588 0.020000
v -0.235186 0.440002 0.020000
v -0.245913 0.434098 0.050000
v -0.251271 0.443555 0.050000
v -0.251271 0.443555 0.020000
v -0.245913 0.434098 0.020000
v -0.256493 0.427932 0.050000
v -0.262081 0.437255 0.050000
v -0.262081 0.437255 0.020000
v -0.256493 0.427932 0.020000
v -0.266917 0.421508 0.050000
v -0.272732 0.430692 0.050000
v -0.272732 0.430692 0.020000
v -0.266917 0.421508 0.020000
v -0.277181 0.414831 0.050000
v -0.283220 0.423869 0.050000
v -0.283220 0.423869 0.020000
v -0.277181 0.414831 0.020000
v -0.287278 0.407904 0.050000
v -0.293537 0.416791 0.050000
v -0.293537 0.416791 0.020000
v -0.287278 0.407904 0.020000
v -0.297202 0.400731 0.050000
v -0.303677 0.409461 0.050000
v -0.303677 0.409461 0.020000
v -0.297202 0.400731 0.020000
v -0.306947 0.393316 0.050000
v -0.313634 0.401885 0.050000
v -0.313634 0.401885 0.020000
v -0.306947 0.393316 0.020000
v -0.316507 0.385665 0.050000
v -0.323403 0.394067 0.050000
v -0.323403 0.394067 0.020000
v -0.316507 0.385665 0.020000
v -0.325876 0.377781 0.050000
v -0.332976 0.386012 0.050000
v -0.332976 0.386012 0.020000
v -0.325876 0.377781 0.020000
v -0.335050 0.369670 0.050000
v -0.342349 0.377724 0.050000
v -0.342349 0.377724 0.020000
v -0.335050 0.369670 0.020000
v -0.344021 0.361336 0.050000
v -0.351516 0.369209 0.050000
v -0.351516 0.369209 0.020000
v -0.344021 0.361336 0.020000
v -0.352785 0.352785 0.050000
v -0.360471 0.360471 0.050000
v -0.360471 0.360471 0.020000
v -0.352785 0.352785 0.020000
v -0.361336 0.344021 0.050000
v -0.369209 0.351516 0.050000
v -0.369209 0.351516 0.020000
v -0.361336 0.344021 0.020000
v -0.369670 0.335050 0.050000
v -0.377724 0.342349 0.050000
v -0.377724 0.342349 0.020000
v -0.369670 0.335050 0.020000
v -0.377781 0.325876 0.050000
v -0.386012 0.332976 0.050000
v -0.386012 0.332976 0.020000
v -0.377781 0.325876 0.020000
v -0.385665 0.316507 0.050000
v -0.394067 0.323403 0.050000
v -0.394067 0.323403 0.020000
v -0.385665 0.316507 0.020000
v -0.393316 0.306947 0.050000
v -0.401885 0.313634 0.050000
v -0.401885 0.313634 0.020000
v -0.393316 0.306947 0.020000
v -0.400731 0.297202 0.050000
v -0.409461 0.303677 0.050000
v -0.409461 0.303677 0.020000
v -0.400731 0.297202 0.020000
v -0.407904 0.287278 0.050000
v -0.416791 0.293537 0.050000
v -0.416791 0.293537 0.020000
v -0.407904 0.287278 0.020000
v -0.414831 0.277181 0.050000
v -0.423869 0.283220 0.050000
v -0.423869 0.283220 0.020000
v -0.414831 0.277181 0.020000
v -0.421508 0.266917 0.050000
v -0.430692 0.272732 0.050000
v -0.430692 0.272732 0.020000
v -0.421508 0.266917 0.020000
v -0.427932 0.256493 0.050000
v -0.437255 0.262081 0.050000
v -0.437255 0.262081 0.020000
v -0.427932 0.256493 0.020000
v -0.434098 0.245913 0.050000
v -0.443555 0.251271 0.050000
v -0.443555 0.251271 0.020000
v -0.434098 0.245913 0.020000
v -0.440002 0.235186 0.050000
v -0.449588 0.240310 0.050000
v -0.449588 0.240310 0.020000
v -0.440002 0.235186 0.020000
v -0.445641 0.224317 0.050000
v -0.455350 0.229204 0.050000
v -0.455350 0.229204 0.020000
v -0.445641 0.224317 0.020000
v -0.451012 0.213313 0.050000
v -0.460838 0.217960 0.050000
v -0.460838 0.217960 0.020000
v -0.451012 0.213313 0.020000
v -0.456111 0.202180 0.050000
v -0.466048 0.206585 0.050000
v -0.466048 0.206585 0.020000
v -0.456111 0.202180 0.020000
v -0.460936 0.190926 0.050000
v -0.470978 0.195085 0.050000
v -0.470978 0.195085 0.020000
v -0.460936 0.190926 0.020000
v -0.465482 0.179556 0.050000
v -0.475623 0.183468 0.050000
v -0.475623 0.183468 0.020000
v -0.465482 0.179556 0.020000
v -0.469749 0.168079 0.050000
v -0.479983 0.171741 0.050000
v -0.479983 0.171741 0.020000
v -0.469749 0.168079 0.020000
v -0.473732 0.156500 0.050000
v -0.484053 0.159910 0.050000
v -0.484053 0.159910 0.020000
v -0.473732 0.156500 0.020000
v -0.477430 0.144827 0.050000
v -0.487832 0.147982 0.050000
v -0.487832 0.147982 0.020000
v -0.477430 0.144827 0.020000
v -0.480840 0.133066 0.050000
v -0.491316 0.135966 0.050000
v -0.491316 0.135966 0.020000
v -0.480840 0.133066 0.020000
v -0.483961 0.121226 0.050000
v -0.494505 0.123867 0.050000
v -0.494505 0.123867 0.020000
v -0.483961 0.121226 0.020000
v -0.486791 0.109312 0.050000
v -0.497396 0.111694 0.050000
v -0.497396 0.111694 0.020000
v -0.486791 0.109312 0.020000
v -0.489327 0.097333 0.050000
v -0.499987 0.099454 0.050000
v -0.499987 0.099454 0.020000
v -0.489327 0.097333 0.020000
v -0.491568 0.085295 0.050000
v -0.502277 0.087153 0.050000
v -0.502277 0.087153 0.020000
v -0.491568 0.085295 0.020000
v -0.493513 0.073206 0.050000
v -0.504265 0.074801 0.050000
v -0.504265 0.074801 0.020000
v -0.493513 0.073206 0.020000
v -0.495161 0.061072 0.050000
v -0.505949 0.062403 0.050000
v -0.505949 0.062403 0.020000
v -0.495161 0.061072 0.020000
v -0.496511 0.048902 0.050000
v -0.507328 0.049967 0.050000
v -0.507328 0.049967 0.020000
v -0.496511 0.048902 0.020000
v -0.497561 0.036702 0.050000
v -0.508401 0.037502 0.050000
v -0.508401 0.037502 0.020000
v -0.497561 0.036702 0.020000
v -0.498312 0.024481 0.050000
v -0.509169 0.025014 0.050000
v -0.509169 0.025014 0.020000
v -0.498312 0.024481 0.020000
v -0.498763 0.012244 0.050000
v -0.509629 0.012511 0.050000
v -0.509629 0.012511 0.020000
v -0.498763 0.012244 0.020000
v -0.498913 0.000000 0.050000
v -0.509783 0.000000 0.050000
v -0.509783 0.000000 0.020000
v -0.498913 0.000000 0.020000
v -0.498763 -0.012244 0.050000
v -0.509629 -0.012511 0.050000
v -0.509629 -0.012511 0.020000
v -0.498763 -0.012244 0.020000
v -0.498312 -0.024481 0.050000
v -0.509169 -0.025014 0.050000
v -0.509169 -0.025014 0.020000
v -0.498312 -0.024481 0.020000
v -0.497561 -0.036702 0.050000
v -0.508401 -0.037502 0.050000
v -0.508401 -0.037502 0.020000
v -0.497561 -0.036702 0.020000
v -0.496511 -0.048902 0.050000
v -0.507328 -0.049967 0.050000
v -0.507328 -0.049967 0.020000
v -0.496511 -0.048902 0.020000
v -0.495161 -0.061072 0.050000
v -0.505949 -0.062403 0.050000
v -0.505949 -0.062403 0.020000
v -0.495161 -0.061072 0.020000
v -0.493513 -0.073206 0.050000
v -0.504265 -0.074801 0.050000
v -0.504265 -0.074801 0.020000
v -0.493513 -0.073206 0.020000
v -0.491568 -0.085295 0.050000
v -0.502277 -0.087153 0.050000
v -0.502277 -0.087153 0.020000
v -0.491568 -0.085295 0.020000
v -0.489327 -0.097333 0.050000
v -0.499987 -0.099454 0.050000
v -0.499987 -0.099454 0.020000
v -0.489327 -0.097333 0.020000
v -0.486791 -0.109312 0.050000
v -0.497396 -0.111694 0.050000
v -0.497396 -0.111694 0.020000
v -0.486791 -0.109312 0.020000
v -0.483961 -0.121226 0.050000
v -0.494505 -0.123867 0.050000
v -0.494505 -0.123867 0.020000
v -0.483961 -0.121226 0.020000
v -0.480840 -0.133066 0.050000
v -0.491316 -0.135966 0.050000
v -0.491316 -0.135966 0.020000
v -0.480840 -0.133066 0.020000
v -0.477430 -0.144827 0.050000
v -0.487832 -0.147982 0.050000
v -0.487832 -0.147982 0.020000
v -0.477430 -0.144827 0.020000
v -0.473732 -0.156500 0.050000
v -0.484053 -0.159910 0.050000
v -0.484053 -0.159910 0.020000
v -0.473732 -0.156500 0.020000
v -0.469749 -0.168079 0.050000
v -0.479983 -0.171741 0.050000
v -0.479983 -0.171741 0.020000
v -0.469749 -0.168079 0.020000
v -0.465482 -0.179556 0.050000
v -0.475623 -0.183468 0.050000
v -0.475623 -0.183468 0.020000
v -0.465482 -0.179556 0.020000
v -0.460936 -0.190926 0.050000
v -0.470978 -0.195085 0.050000
v -0.470978 -0.195085 0.020000
v -0.460936 -0.190926 0.020000
v -0.456111 -0.202180 0.050000
v -0.466048 -0.206585 0.050000
v -0.466048 -0.206585 0.020000
v -0.456111 -0.202180 0.020000
v -0.451012 -0.213313 0.050000
v -0.460838 -0.217960 0.050000
v -0.460838 -0.217960 0.020000
v -0.451012 -0.213313 0.020000
v -0.445641 -0.224317 0.050000
v -0.455350 -0.229204 0.050000
v -0.455350 -0.229204 0.020000
v -0.445641 -0.224317 0.020000
v -0.440002 -0.235186 0.050000
v -0.449588 -0.240310 0.050000
v -0.449588 -0.240310 0.020000
v -0.440002 -0.235186 0.020000
v -0.434098 -0.245913 0.050000
v -0.443555 -0.251271 0.050000
v -0.443555 -0.251271 0.020000
v -0.434098 -0.245913 0.020000
v -0.427932 -0.256493 0.050000
v -0.437255 -0.262081 0.050000
v -0.437255 -0.262081 0.020000
v -0.427932 -0.256493 0.020000
v -0.421508 -0.266917 0.050000
v -0.430692 -0.272732 0.050000
v -0.430692 -0.272732 0.020000
v -0.421508 -0.266917 0.020000
v -0.414831 -0.277181 0.050000
v -0.423869 -0.283220 0.050000
v -0.423869 -0.283220 0.020000
v -0.414831 -0.277181 0.020000
v -0.407904 -0.287278 0.050000
v -0.416791 -0.293537 0.050000
v -0.416791 -0.293537 0.020000
v -0.407904 -0.287278 0.020000
v -0.400731 -0.297202 0.050000
v -0.409461 -0.303677 0.050000
v -0.409461 -0.303677 0.020000
v -0.400731 -0.297202 0.020000
v -0.393316 -0.306947 0.050000
v -0.401885 -0.313634 0.050000
v -0.401885 -0.313634 0.020000
v -0.393316 -0.306947 0.020000
v -0.385665 -0.316507 0.050000
v -0.394067 -0.323403 0.050000
v -0.394067 -0.323403 0.020000
v -0.385665 -0.316507 0.020000
v -0.377781 -0.325876 0.050000
v -0.386012 -0.332976 0.050000
v -0.386012 -0.332976 0.020000
v -0.377781 -0.325876 0.020000
v -0.369670 -0.335050 0.050000
v -0.377724 -0.342349 0.050000
v -0.377724 -0.342349 0.020000
v -0.369670 -0.335050 0.020000
v -0.361336 -0.344021 0.050000
v -0.369209 -0.351516 0.050000
v -0.369209 -0.351516 0.020000
v -0.361336 -0.344021 0.020000
v -0.352785 -0.352785 0.050000
v -0.360471 -0.360471 0.050000
v -0.360471 -0.360471 0.020000
v -0.352785 -0.352785 0.020000
v -0.344021 -0.361336 0.050000
v -0.351516 -0.369209 0.050000
v -0.351516 -0.369209 0.020000
v -0.344021 -0.361336 0.020000
v -0.335050 -0.369670 0.050000
v -0.342349 -0.377724 0.050000
v -0.342349 -0.377724 0.020000
v -0.335050 -0.369670 0.020000
v -0.325876 -0.377781 0.050000
v -0.332976 -0.386012 0.050000
v -0.332976 -0.386012 0.020000
v -0.325876 -0.377781 0.020000
v -0.316507 -0.385665 0.050000
v -0.323403 -0.394067 0.050000
v -0.323403 -0.394067 0.020000
v -0.316507 -0.385665 0.020000
v -0.306947 -0.393316 0.050000
v -0.313634 -0.401885 0.050000
v -0.313634 -0.401885 0.020000
v -0.306947 -0.393316 0.020000
v -0.297202 -0.400731 0.050000
v -0.303677 -0.409461 0.050000
v -0.303677 -0.409461 0.020000
v -0.297202 -0.400731 0.020000
v -0.287278 -0.407904 0.050000
v -0.293537 -0.416791 0.050000
v -0.293537 -0.416791 0.020000
v -0.287278 -0.407904 0.020000
v -0.277181 -0.414831 0.050000
v -0.283220 -0.423869 0.050000
v -0.283220 -0.423869 0.020000
v -0.277181 -0.414831 0.020000
v -0.266917 -0.421508 0.050000
v -0.272732 -0.430692 0.050000
v -0.272732 -0.430692 0.020000
v -0.266917 -0.421508 0.020000
v -0.256493 -0.427932 0.050000
v -0.262081 -0.437255 0.050000
v -0.262081 -0.437255 0.020000
v -0.256493 -0.427932 0.020000
v -0.245913 -0.434098 0.050000
v -0.251271 -0.443555 0.050000
v -0.251271 -0.443555 0.020000
v -0.245913 -0.434098 0.020000
v -0.235186 -0.440002 0.050000
v -0.240310 -0.449588 0.050000
v -0.240310 -0.449588 0.020000
v -0.235186 -0.440002 0.020000
v -0.224317 -0.445641 0.050000
v -0.229204 -0.455350 0.050000
v -0.229204 -0.455350 0.020000
v -0.224317 -0.445641 0.020000
v -0.213313 -0.451012 0.050000
v -0.217960 -0.460838 0.050000
v -0.217960 -0.460838 0.020000
v -0.213313 -0.451012 0.020000
v -0.202180 -0.456111 0.050000
v -0.206585 -0.466048 0.050000
v -0.206585 -0.466048 0.020000
v -0.202180 -0.456111 0.020000
v -0.190926 -0.460936 0.050000
v -0.195085 -0.470978 0.050000
v -0.195085 -0.470978 0.020000
v -0.190926 -0.460936 0.020000
v -0.179556 -0.465482 0.050000
v -0.183468 -0.475623 0.050000
v -0.183468 -0.475623 0.020000
v -0.179556 -0.465482 0.020000
v -0.168079 -0.469749 0.050000
v -0.171741 -0.479983 0.050000
v -0.171741 -0.479983 0.020000
v -0.168079 -0.469749 0.020000
v -0.156500 -0.473732 0.050000
v -0.159910 -0.484053 0.050000
v -0.159910 -0.484053 0.020000
v -0.156500 -0.473732 0.020000
v -0.144827 -0.477430 0.050000
v -0.147982 -0.487832 0.050000
v -0.147982 -0.487832 0.020000
v -0.144827 -0.477430 0.020000
v -0.133066 -0.480840 0.050000
v -0.135966 -0.491316 0.050000
v -0.135966 -0.491316 0.020000
v -0.133066 -0.480840 0.020000
v -0.121226 -0.483961 0.050000
v -0.123867 -0.494505 0.050000
v -0.123867 -0.494505 0.020000
v -0.121226 -0.483961 0.020000
v -0.109312 -0.486791 0.050000
v -0.111694 -0.497396 0.050000
v -0.111694 -0.497396 0.020000
v -0.109312 -0.486791 0.020000
v -0.097333 -0.489327 0.050000
v -0.099454 -0.499987 0.050000
v -0.099454 -0.499987 0.020000
v -0.097333 -0.489327 0.020000
v -0.085295 -0.491568 0.050000
v -0.087153 -0.502277 0.050000
v -0.087153 -0.502277 0.020000
v -0.085295 -0.491568 0.020000
v -0.073206 -0.493513 0.050000
v -0.074801 -0.504265 0.050000
v -0.074801 -0.504265 0.020000
v -0.073206 -0.493513 0.020000
v -0.061072 -0.495161 0.050000
v -0.062403 -0.505949 0.050000
v -0.062403 -0.505949 0.020000
v -0.061072 -0.495161 0.020000
v -0.048902 -0.496511 0.050000
v -0.049967 -0.507328 0.050000
v -0.049967 -0.507328 0.020000
v -0.048902 -0.496511 0.020000
v -0.036702 -0.497561 0.050000
v -0.037502 -0.508401 0.050000
v -0.037502 -0.508401 0.020000
v -0.036702 -0.497561 0.020000
v -0.024481 -0.498312 0.050000
v -0.025014 -0.509169 0.050000
v -0.025014 -0.509169 0.020000
v -0.024481 -0.498312 0.020000
v -0.012244 -0.498763 0.050000
v -0.012511 -0.509629 0.050000
v -0.012511 -0.509629 0.020000
v -0.012244 -0.498763 0.020000
v -0.000000 -0.498913 0.050000
v -0.000000 -0.509783 0.050000
v -0.000000 -0.509783 0.020000
v -0.000000 -0.498913 0.020000
v 0.012244 -0.498763 0.050000
v 0.012511 -0.509629 0.050000
v 0.012511 -0.509629 0.020000
v 0.012244 -0.498763 0.020000
v 0.024481 -0.498312 0.050000
v 0.025014 -0.509169 0.050000
v 0.025014 -0.509169 0.020000
v 0.024481 -0.498312 0.020000
v 0.036702 -0.497561 0.050000
v 0.037502 -0.508401 0.050000
v 0.037502 -0.508401 0.020000
v 0.036702 -0.497561 0.020000
v 0.048902 -0.496511 0.050000
v 0.049967 -0.507328 0.050000
v 0.049967 -0.507328 0.020000
v 0.048902 -0.496511 0.020000
v 0.061072 -0.495161 0.050000
v 0.062403 -0.505949 0.050000
v 0.062403 -0.505949 0.020000
v 0.061072 -0.495161 0.020000
v 0.073206 -0.493513 0.050000
v 0.074801 -0.504265 0.050000
v 0.074801 -0.504265 0.020000
v 0.073206 -0.493513 0.020000
v 0.085295 -0.491568 0.050000
v 0.087153 -0.502277 0.050000
v 0.087153 -0.502277 0.020000
v 0.085295 -0.491568 0.020000
v 0.097333 -0.489327 0.050000
v 0.099454 -0.499987 0.050000
v 0.099454 -0.499987 0.020000
v 0.097333 -0.489327 0.020000
v 0.109312 -0.486791 0.050000
v 0.111694 -0.497396 0.050000
v 0.111694 -0.497396 0.020000
v 0.109312 -0.486791 0.020000
v 0.121226 -0.483961 0.050000
v 0.123867 -0.494505 0.050000
v 0.123867 -0.494505 0.020000
v 0.121226 -0.483961 0.020000
v 0.133066 -0.480840 0.050000
v 0.135966 -0.491316 0.050000
v 0.135966 -0.491316 0.020000
v 0.133066 -0.480840 0.020000
v 0.144827 -0.477430 0.050000
v 0.147982 -0.487832 0.050000
v 0.147982 -0.487832 0.020000
v 0.144827 -0.477430 0.020000
v 0.156500 -0.473732 0.050000
v 0.159910 -0.484053 0.050000
v 0.159910 -0.484053 0.020000
v 0.156500 -0.473732 0.020000
v 0.168079 -0.469749 0.050000
v 0.171741 -0.479983 0.050000
v 0.171741 -0.479983 0.020000
v 0.168079 -0.469749 0.020000
v 0.179556 -0.465482 0.050000
v 0.183468 -0.475623 0.050000
v 0.183468 -0.475623 0.020000
v 0.179556 -0.465482 0.020000
v 0.190926 -0.460936 0.050000
v 0.195085 -0.470978 0.050000
v 0.195085 -0.470978 0.020000
v 0.190926 -0.460936 0.020000
v 0.202180 -0.456111 0.050000
v 0.206585 -0.466048 0.050000
v 0.206585 -0.466048 0.020000
v 0.202180 -0.456111 0.020000
v 0.213313 -0.451012 0.050000
v 0.217960 -0.460838 0.050000
v 0.217960 -0.460838 0.020000
v 0.213313 -0.451012 0.020000
v 0.224317 -0.445641 0.050000
v 0.229204 -0.455350 0.050000
v 0.229204 -0.455350 0.020000
v 0.224317 -0.445641 0.020000
v 0.235186 -0.440002 0.050000
v 0.240310 -0.449588 0.050000
v 0.240310 -0.449588 0.020000
v 0.235186 -0.440002 0.020000
v 0.245913 -0.434098 0.050000
v 0.251271 -0.443555 0.050000
v 0.251271 -0.443555 0.020000
v 0.245913 -0.434098 0.020000
v 0.256493 -0.427932 0.050000
v 0.262081 -0.437255 0.050000
v 0.262081 -0.437255 0.020000
v 0.256493 -0.427932 0.020000
v 0.266917 -0.421508 0.050000
v 0.272732 -0.430692 0.050000
v 0.272732 -0.430692 0.020000
v 0.266917 -0.421508 0.020000
v 0.277181 -0.414831 0.050000
v 0.283220 -0.423869 0.050000
v 0.283220 -0.423869 0.020000
v 0.277181 -0.414831 0.020000
v 0.287278 -0.407904 0.050000
v 0.293537 -0.416791 0.050000
v 0.293537 -0.416791 0.020000
v 0.287278 -0.407904 0.020000
v 0.297202 -0.400731 0.050000
v 0.303677 -0.409461 0.050000
v 0.303677 -0.409461 0.020000
v 0.297202 -0.400731 0.020000
v 0.306947 -0.393316 0.050000
v 0.313634 -0.401885 0.050000
v 0.313634 -0.401885 0.020000
v 0.306947 -0.393316 0.020000
v 0.316507 -0.385665 0.050000
v 0.323403 -0.394067 0.050000
v 0.323403 -0.394067 0.020000
v 0.316507 -0.385665 0.020000
v 0.325876 -0.377781 0.050000
v 0.332976 -0.386012 0.050000
v 0.332976 -0.386012 0.020000
v 0.325876 -0.377781 0.020000
v 0.335050 -0.369670 0.050000
v 0.342349 -0.377724 0.050000
v 0.342349 -0.377724 0.020000
v 0.335050 -0.369670 0.020000
v 0.344021 -0.361336 0.050000
v 0.351516 -0.369209 0.050000
v 0.351516 -0.369209 0.020000
v 0.344021 -0.361336 0.020000
v 0.352785 -0.352785 0.050000
v 0.360471 -0.360471 0.050000
v 0.360471 -0.360471 0.020000
v 0.352785 -0.352785 0.020000
v 0.361336 -0.344021 0.050000
v 0.369209 -0.351516 0.050000
v 0.369209 -0.351516 0.020000
v 0.361336 -0.344021 0.020000
v 0.369670 -0.335050 0.050000
v 0.377724 -0.342349 0.050000
v 0.377724 -0.342349 0.020000
v 0.369670 -0.335050 0.020000
v 0.377781 -0.325876 0.050000
v 0.386012 -0.332976 0.050000
v 0.386012 -0.332976 0.020000
v 0.377781 -0.325876 0.020000
v 0.385665 -0.316507 0.050000
v 0.394067 -0.323403 0.050000
v 0.394067 -0.323403 0.020000
v 0.385665 -0.316507 0.020000
v 0.393316 -0.306947 0.050000
v 0.401885 -0.313634 0.050000
v 0.401885 -0.313634 0.020000
v 0.393316 -0.306947 0.020000
v 0.400731 -0.297202 0.050000
v 0.409461 -0.303677 0.050000
v 0.409461 -0.303677 0.020000
v 0.400731 -0.297202 0.020000
v 0.407904 -0.287278 0.050000
v 0.416791 -0.293537 0.050000
v 0.416791 -0.293537 0.020000
v 0.407904 -0.287278 0.020000
v 0.414831 -0.277181 0.050000
v 0.423869 -0.283220 0.050000
v 0.423869 -0.283220 0.020000
v 0.414831 -0.277181 0.020000
v 0.421508 -0.266917 0.050000
v 0.430692 -0.272732 0.050000
v 0.430692 -0.272732 0.020000
v 0.421508 -0.266917 0.020000
v 0.427932 -0.256493 0.050000
v 0.437255 -0.262081 0.050000
v 0.437255 -0.262081 0.020000
v 0.427932 -0.256493 0.020000
v 0.434098 -0.245913 0.050000
v 0.443555 -0.251271 0.050000
v 0.443555 -0.251271 0.020000
v 0.434098 -0.245913 0.020000
v 0.440002 -0.235186 0.050000
v 0.449588 -0.240310 0.050000
v 0.449588 -0.240310 0.020000
v 0.440002 -0.235186 0.020000
v 0.445641 -0.224317 0.050000
v 0.455350 -0.229204 0.050000
v 0.455350 -0.229204 0.020000
v 0.445641 -0.224317 0.020000
v 0.451012 -0.213313 0.050000
v 0.460838 -0.217960 0.050000
v 0.460838 -0.217960 0.020000
v 0.451012 -0.213313 0.020000
v 0.456111 -0.202180 0.050000
v 0.466048 -0.206585 0.050000
v 0.466048 -0.206585 0.020000
v 0.456111 -0.202180 0.020000
v 0.460936 -0.190926 0.050000
v 0.470978 -0.195085 0.050000
v 0.470978 -0.195085 0.020000
v 0.460936 -0.190926 0.020000
v 0.465482 -0.179556 0.050000
v 0.475623 -0.183468 0.050000
v 0.475623 -0.183468 0.020000
v 0.465482 -0.179556 0.020000
v 0.469749 -0.168079 0.050000
v 0.479983 -0.171741 0.050000
v 0.479983 -0.171741 0.020000
v 0.469749 -0.168079 0.020000
v 0.473732 -0.156500 0.050000
v 0.484053 -0.159910 0.050000
v 0.484053 -0.159910 0.020000
v 0.473732 -0.156500 0.020000
v 0.477430 -0.144827 0.050000
v 0.487832 -0.147982 0.050000
v 0.487832 -0.147982 0.020000
v 0.477430 -0.144827 0.020000
v 0.480840 -0.133066 0.050000
v 0.491316 -0.135966 0.050000
v 0.491316 -0.135966 0.020000
v 0.480840 -0.133066 0.020000
v 0.483961 -0.121226 0.050000
v 0.494505 -0.123867 0.050000
v 0.494505 -0.123867 0.020000
v 0.483961 -0.121226 0.020000
v 0.486791 -0.109312 0.050000
v 0.497396 -0.111694 0.050000
v 0.497396 -0.111694 0.020000
v 0.486791 -0.109312 0.020000
v 0.489327 -0.097333 0.050000
v 0.499987 -0.099454 0.050000
v 0.499987 -0.099454 0.020000
v 0.489327 -0.097333 0.020000
v 0.491568 -0.085295 0.050000
v 0.502277 -0.087153 0.050000
v 0.502277 -0.087153 0.020000
v 0.491568 -0.085295 0.020000
v 0.493513 -0.073206 0.050000
v 0.504265 -0.074801 0.050000
v 0.504265 -0.074801 0.020000
v 0.493513 -0.073206 0.020000
v 0.495161 -0.061072 0.050000
v 0.505949 -0.062403 0.050000
v 0.505949 -0.062403 0.020000
v 0.495161 -0.061072 0.020000
v 0.496511 -0.048902 0.050000
v 0.507328 -0.049967 0.050000
v 0.507328 -0.049967 0.020000
v 0.496511 -0.048902 0.020000
v 0.497561 -0.036702 0.050000
v 0.508401 -0.037502 0.050000
v 0.508401 -0.037502 0.020000
v 0.497561 -0.036702 0.020000
v 0.498312 -0.024481 0.050000
v 0.509169 -0.025014 0.050000
v 0.509169 -0.025014 0.020000
v 0.498312 -0.024481 0.020000
v 0.498763 -0.012244 0.050000
v 0.509629 -0.012511 0.050000
v 0.509629 -0.012511 0.020000
v 0.498763 -0.012244 0.020000
v 0.498913 -0.000000 0.050000
v 0.509783 -0.000000 0.050000
v 0.509783 -0.000000 0.020000
v 0.498913 -0.000000 0.020000
v -0.007065 0.628804 0.050000
v -0.007065 0.527717 0.050000
v 0.007065 0.527717 0.050000
v 0.007065 0.628804 0.050000
v -0.007065 0.628804 0.020000
v -0.007065 0.527717 0.020000
v 0.007065 0.527717 0.020000
v 0.007065 0.628804 0.020000
v -0.022804 0.558326 0.050000
v 0.017370 0.541587 0.050000
v 0.022804 0.554630 0.050000
v -0.017370 0.571370 0.050000
v -0.022804 0.558326 0.020000
v 0.017370 0.541587 0.020000
v 0.022804 0.554630 0.020000
v -0.017370 0.571370 0.020000
v 0.009736 0.568550 0.050000
v -0.036637 0.597540 0.050000
v -0.044127 0.585559 0.050000
v 0.002246 0.556568 0.050000
v 0.009736 0.568550 0.020000
v -0.036637 0.597540 0.020000
v -0.044127 0.585559 0.020000
v 0.002246 0.556568 0.020000
v -0.036641 0.578069 0.050000
v 0.009735 0.607033 0.050000
v 0.002250 0.619018 0.050000
v -0.044126 0.590054 0.050000
v -0.036641 0.578069 0.020000
v 0.009735 0.607033 0.020000
v 0.002250 0.619018 0.020000
v -0.044126 0.590054 0.020000
v -0.009891 0.619259 0.050000
v 0.033806 0.586500 0.050000
v 0.042282 0.597807 0.050000
v -0.001415 0.630565 0.050000
v -0.009891 0.619259 0.020000
v 0.033806 0.586500 0.020000
v 0.042282 0.597807 0.020000
v -0.001415 0.630565 0.020000
v 0.123815 0.616538 0.050000
v 0.102798 0.517660 0.050000
v 0.116620 0.514723 0.050000
v 0.137637 0.613600 0.050000
v 0.123815 0.616538 0.020000
v 0.102798 0.517660 0.020000
v 0.116620 0.514723 0.020000
v 0.137637 0.613600 0.020000
v 0.124072 0.576968 0.050000
v 0.077920 0.555574 0.050000
v 0.083862 0.542754 0.050000
v 0.130015 0.564148 0.050000
v 0.124072 0.576968 0.020000
v 0.077920 0.555574 0.020000
v 0.083862 0.542754 0.020000
v 0.130015 0.564148 0.020000
v 0.129588 0.602909 0.050000
v 0.085064 0.582284 0.050000
v 0.091004 0.569462 0.050000
v 0.135528 0.590088 0.050000
v 0.129588 0.602909 0.020000
v 0.085064 0.582284 0.020000
v 0.091004 0.569462 0.020000
v 0.135528 0.590088 0.020000
v 0.249299 0.577308 0.050000
v 0.208183 0.484961 0.050000
v 0.221092 0.479213 0.050000
v 0.262208 0.571561 0.050000
v 0.249299 0.577308 0.020000
v 0.208183 0.484961 0.020000
v 0.221092 0.479213 0.020000
v 0.262208 0.571561 0.020000
v 0.221445 0.553225 0.050000
v 0.251219 0.521748 0.050000
v 0.261484 0.531458 0.050000
v 0.231711 0.562935 0.050000
v 0.221445 0.553225 0.020000
v 0.251219 0.521748 0.020000
v 0.261484 0.531458 0.020000
v 0.231711 0.562935 0.020000
v 0.201827 0.539954 0.050000
v 0.250220 0.488732 0.050000
v 0.260491 0.498436 0.050000
v 0.212098 0.549658 0.050000
v 0.201827 0.539954 0.020000
v 0.250220 0.488732 0.020000
v 0.260491 0.498436 0.020000
v 0.212098 0.549658 0.020000
v 0.363884 0.512869 0.050000
v 0.304467 0.431088 0.050000
v 0.315898 0.422783 0.050000
v 0.375316 0.504564 0.050000
v 0.363884 0.512869 0.020000
v 0.304467 0.431088 0.020000
v 0.315898 0.422783 0.020000
v 0.375316 0.504564 0.020000
v 0.308356 0.483968 0.050000
v 0.344769 0.424243 0.050000
v 0.356834 0.431599 0.050000
v 0.320421 0.491324 0.050000
v 0.308356 0.483968 0.020000
v 0.344769 0.424243 0.020000
v 0.356834 0.431599 0.020000
v 0.320421 0.491324 0.020000
v 0.320033 0.499263 0.050000
v 0.355940 0.440393 0.050000
v 0.368004 0.447751 0.050000
v 0.332097 0.506621 0.050000
v 0.320033 0.499263 0.020000
v 0.355940 0.440393 0.020000
v 0.368004 0.447751 0.020000
v 0.332097 0.506621 0.020000
v 0.335482 0.465578 0.050000
v 0.372775 0.462978 0.050000
v 0.373758 0.477074 0.050000
v 0.336465 0.479675 0.050000
v 0.335482 0.465578 0.020000
v 0.372775 0.462978 0.020000
v 0.373758 0.477074 0.020000
v 0.336465 0.479675 0.020000
v 0.375415 0.466612 0.050000
v 0.361418 0.501276 0.050000
v 0.348315 0.495985 0.050000
v 0.362313 0.461321 0.050000
v 0.375415 0.466612 0.020000
v 0.361418 0.501276 0.020000
v 0.348315 0.495985 0.020000
v 0.362313 0.461321 0.020000
v 0.462573 0.426005 0.050000
v 0.387450 0.358365 0.050000
v 0.396906 0.347864 0.050000
v 0.472028 0.415504 0.050000
v 0.462573 0.426005 0.020000
v 0.387450 0.358365 0.020000
v 0.396906 0.347864 0.020000
v 0.472028 0.415504 0.020000
v 0.457308 0.409858 0.050000
v 0.405338 0.420076 0.050000
v 0.402612 0.406211 0.050000
v 0.454582 0.395993 0.050000
v 0.457308 0.409858 0.020000
v 0.405338 0.420076 0.020000
v 0.402612 0.406211 0.020000
v 0.454582 0.395993 0.020000
v 0.397624 0.391221 0.050000
v 0.413402 0.346338 0.050000
v 0.426733 0.351025 0.050000
v 0.410955 0.395907 0.050000
v 0.397624 0.391221 0.020000
v 0.413402 0.346338 0.020000
v 0.426733 0.351025 0.020000
v 0.410955 0.395907 0.020000
v 0.435583 0.379097 0.050000
v 0.427071 0.427286 0.050000
v 0.413156 0.424828 0.050000
v 0.421668 0.376639 0.050000
v 0.435583 0.379097 0.020000
v 0.427071 0.427286 0.020000
v 0.413156 0.424828 0.020000
v 0.421668 0.376639 0.020000
v 0.412605 0.414254 0.050000
v 0.459658 0.400773 0.050000
v 0.463550 0.414357 0.050000
v 0.416496 0.427838 0.050000
v 0.412605 0.414254 0.020000
v 0.459658 0.400773 0.020000
v 0.463550 0.414357 0.020000
v 0.416496 0.427838 0.020000
v 0.541022 0.320521 0.050000
v 0.453478 0.269977 0.050000
v 0.460543 0.257740 0.050000
v 0.548087 0.308284 0.050000
v 0.541022 0.320521 0.020000
v 0.453478 0.269977 0.020000
v 0.460543 0.257740 0.020000
v 0.548087 0.308284 0.020000
v 0.513990 0.299348 0.050000
v 0.561267 0.274226 0.050000
v 0.567897 0.286705 0.050000
v 0.520620 0.311826 0.050000
v 0.513990 0.299348 0.020000
v 0.561267 0.274226 0.020000
v 0.567897 0.286705 0.020000
v 0.520620 0.311826 0.020000
v 0.565155 0.276472 0.050000
v 0.567038 0.329975 0.050000
v 0.552916 0.330472 0.050000
v 0.551034 0.276968 0.050000
v 0.565155 0.276472 0.020000
v 0.567038 0.329975 0.020000
v 0.552916 0.330472 0.020000
v 0.551034 0.276968 0.020000
v 0.595843 0.201034 0.050000
v 0.499704 0.169796 0.050000
v 0.504070 0.156357 0.050000
v 0.600209 0.187595 0.050000
v 0.595843 0.201034 0.020000
v 0.499704 0.169796 0.020000
v 0.504070 0.156357 0.020000
v 0.600209 0.187595 0.020000
v 0.567471 0.182900 0.050000
v 0.524296 0.213285 0.050000
v 0.516163 0.201729 0.050000
v 0.559339 0.171344 0.050000
v 0.567471 0.182900 0.020000
v 0.524296 0.213285 0.020000
v 0.516163 0.201729 0.020000
v 0.559339 0.171344 0.020000
v 0.548707 0.201836 0.050000
v 0.545248 0.159342 0.050000
v 0.559332 0.158196 0.050000
v 0.562791 0.200689 0.050000
v 0.548707 0.201836 0.020000
v 0.545248 0.159342 0.020000
v 0.559332 0.158196 0.020000
v 0.562791 0.200689 0.020000
v 0.624615 0.072745 0.050000
v 0.524082 0.062178 0.050000
v 0.525559 0.048125 0.050000
v 0.626092 0.058692 0.050000
v 0.624615 0.072745 0.020000
v 0.524082 0.062178 0.020000
v 0.525559 0.048125 0.020000
v 0.626092 0.058692 0.020000
v 0.623707 0.064123 0.050000
v 0.587201 0.103458 0.050000
v 0.576843 0.093846 0.050000
v 0.613349 0.054511 0.050000
v 0.623707 0.064123 0.020000
v 0.587201 0.103458 0.020000
v 0.576843 0.093846 0.020000
v 0.613349 0.054511 0.020000
v 0.555981 0.060686 0.050000
v 0.582234 0.027089 0.050000
v 0.593369 0.035790 0.050000
v 0.567115 0.069386 0.050000
v 0.555981 0.060686 0.020000
v 0.582234 0.027089 0.020000
v 0.593369 0.035790 0.020000
v 0.567115 0.069386 0.020000
v 0.586703 0.027559 0.050000
v 0.605398 0.065880 0.050000
v 0.592698 0.072075 0.050000
v 0.574004 0.033755 0.050000
v 0.586703 0.027559 0.020000
v 0.605398 0.065880 0.020000
v 0.592698 0.072075 0.020000
v 0.574004 0.033755 0.020000
v 0.588196 0.052023 0.050000
v 0.607902 0.092393 0.050000
v 0.595203 0.098592 0.050000
v 0.575497 0.058221 0.050000
v 0.588196 0.052023 0.020000
v 0.607902 0.092393 0.020000
v 0.595203 0.098592 0.020000
v 0.575497 0.058221 0.020000
v 0.588536 0.090364 0.050000
v 0.616177 0.054965 0.050000
v 0.627314 0.063661 0.050000
v 0.599674 0.099060 0.050000
v 0.588536 0.090364 0.020000
v 0.616177 0.054965 0.020000
v 0.627314 0.063661 0.020000
v 0.599674 0.099060 0.020000
v 0.626092 -0.058692 0.050000
v 0.525559 -0.048125 0.050000
v 0.524082 -0.062178 0.050000
v 0.624615 -0.072745 0.050000
v 0.626092 -0.058692 0.020000
v 0.525559 -0.048125 0.020000
v 0.524082 -0.062178 0.020000
v 0.624615 -0.072745 0.020000
v 0.582225 -0.062606 0.050000
v 0.552946 -0.013625 0.050000
v 0.540817 -0.020875 0.050000
v 0.570097 -0.069856 0.050000
v 0.582225 -0.062606 0.020000
v 0.552946 -0.013625 0.020000
v 0.540817 -0.020875 0.020000
v 0.570097 -0.069856 0.020000
v 0.600209 -0.187595 0.050000
v 0.504070 -0.156357 0.050000
v 0.499704 -0.169796 0.050000
v 0.595843 -0.201034 0.050000
v 0.600209 -0.187595 0.020000
v 0.504070 -0.156357 0.020000
v 0.499704 -0.169796 0.020000
v 0.595843 -0.201034 0.020000
v 0.586673 -0.192111 0.050000
v 0.572189 -0.149736 0.050000
v 0.558818 -0.154306 0.050000
v 0.573302 -0.196681 0.050000
v 0.586673 -0.192111 0.020000
v 0.572189 -0.149736 0.020000
v 0.558818 -0.154306 0.020000
v 0.573302 -0.196681 0.020000
v 0.548087 -0.308284 0.050000
v 0.460543 -0.257740 0.050000
v 0.453478 -0.269977 0.050000
v 0.541022 -0.320521 0.050000
v 0.548087 -0.308284 0.020000
v 0.460543 -0.257740 0.020000
v 0.453478 -0.269977 0.020000
v 0.541022 -0.320521 0.020000
v 0.530545 -0.303718 0.050000
v 0.532147 -0.349657 0.050000
v 0.546269 -0.349165 0.050000
v 0.544667 -0.303225 0.050000
v 0.530545 -0.303718 0.020000
v 0.532147 -0.349657 0.020000
v 0.546269 -0.349165 0.020000
v 0.544667 -0.303225 0.020000
v 0.536035 -0.351904 0.050000
v 0.576644 -0.330339 0.050000
v 0.570016 -0.317859 0.050000
v 0.529408 -0.339424 0.050000
v 0.536035 -0.351904 0.020000
v 0.576644 -0.330339 0.020000
v 0.570016 -0.317859 0.020000
v 0.529408 -0.339424 0.020000
v 0.524932 -0.314315 0.050000
v 0.572320 -0.289132 0.050000
v 0.565688 -0.276654 0.050000
v 0.518301 -0.301838 0.050000
v 0.524932 -0.314315 0.020000
v 0.572320 -0.289132 0.020000
v 0.565688 -0.276654 0.020000
v 0.518301 -0.301838 0.020000
v 0.555456 -0.279396 0.050000
v 0.557340 -0.333026 0.050000
v 0.571462 -0.332530 0.050000
v 0.569578 -0.278900 0.050000
v 0.555456 -0.279396 0.020000
v 0.557340 -0.333026 0.020000
v 0.571462 -0.332530 0.020000
v 0.569578 -0.278900 0.020000
v 0.536278 -0.311258 0.050000
v 0.529784 -0.257252 0.050000
v 0.515754 -0.258939 0.050000
v 0.522249 -0.312945 0.050000
v 0.536278 -0.311258 0.020000
v 0.529784 -0.257252 0.020000
v 0.515754 -0.258939 0.020000
v 0.522249 -0.312945 0.020000
v 0.472028 -0.415504 0.050000
v 0.396906 -0.347864 0.050000
v 0.387450 -0.358365 0.050000
v 0.462573 -0.426005 0.050000
v 0.472028 -0.415504 0.020000
v 0.396906 -0.347864 0.020000
v 0.387450 -0.358365 0.020000
v 0.462573 -0.426005 0.020000
v 0.414359 -0.386188 0.050000
v 0.464052 -0.371954 0.050000
v 0.460161 -0.358370 0.050000
v 0.410468 -0.372604 0.050000
v 0.414359 -0.386188 0.020000
v 0.464052 -0.371954 0.020000
v 0.460161 -0.358370 0.020000
v 0.410468 -0.372604 0.020000
v 0.449585 -0.358921 0.050000
v 0.440600 -0.409814 0.050000
v 0.454516 -0.412271 0.050000
v 0.463500 -0.361378 0.050000
v 0.449585 -0.358921 0.020000
v 0.440600 -0.409814 0.020000
v 0.454516 -0.412271 0.020000
v 0.463500 -0.361378 0.020000
v 0.443899 -0.367889 0.050000
v 0.402974 -0.387325 0.050000
v 0.409036 -0.400090 0.050000
v 0.449961 -0.380653 0.050000
v 0.443899 -0.367889 0.020000
v 0.402974 -0.387325 0.020000
v 0.409036 -0.400090 0.020000
v 0.449961 -0.380653 0.020000
v 0.375316 -0.504564 0.050000
v 0.315898 -0.422783 0.050000
v 0.304467 -0.431088 0.050000
v 0.363884 -0.512869 0.050000
v 0.375316 -0.504564 0.020000
v 0.315898 -0.422783 0.020000
v 0.304467 -0.431088 0.020000
v 0.363884 -0.512869 0.020000
v 0.374611 -0.470569 0.050000
v 0.324538 -0.482503 0.050000
v 0.327814 -0.496248 0.050000
v 0.377887 -0.484314 0.050000
v 0.374611 -0.470569 0.020000
v 0.324538 -0.482503 0.020000
v 0.327814 -0.496248 0.020000
v 0.377887 -0.484314 0.020000
v 0.262208 -0.571561 0.050000
v 0.221092 -0.479213 0.050000
v 0.208183 -0.484961 0.050000
v 0.249299 -0.577308 0.050000
v 0.262208 -0.571561 0.020000
v 0.221092 -0.479213 0.020000
v 0.208183 -0.484961 0.020000
v 0.249299 -0.577308 0.020000
v 0.234032 -0.549585 0.050000
v 0.284049 -0.556622 0.050000
v 0.286017 -0.542629 0.050000
v 0.236001 -0.535592 0.050000
v 0.234032 -0.549585 0.020000
v 0.284049 -0.556622 0.020000
v 0.286017 -0.542629 0.020000
v 0.236001 -0.535592 0.020000
v 0.276129 -0.538833 0.050000
v 0.247891 -0.580712 0.050000
v 0.259607 -0.588612 0.050000
v 0.287845 -0.546733 0.050000
v 0.276129 -0.538833 0.020000
v 0.247891 -0.580712 0.020000
v 0.259607 -0.588612 0.020000
v 0.287845 -0.546733 0.020000
v 0.137637 -0.613600 0.050000
v 0.116620 -0.514723 0.050000
v 0.102798 -0.517660 0.050000
v 0.123815 -0.616538 0.050000
v 0.137637 -0.613600 0.020000
v 0.116620 -0.514723 0.020000
v 0.102798 -0.517660 0.020000
v 0.123815 -0.616538 0.020000
v 0.119923 -0.571049 0.050000
v 0.155084 -0.530795 0.050000
v 0.144442 -0.521499 0.050000
v 0.109281 -0.561753 0.050000
v 0.119923 -0.571049 0.020000
v 0.155084 -0.530795 0.020000
v 0.144442 -0.521499 0.020000
v 0.109281 -0.561753 0.020000
v 0.125963 -0.599436 0.050000
v 0.152248 -0.569307 0.050000
v 0.141600 -0.560018 0.050000
v 0.115315 -0.590147 0.050000
v 0.125963 -0.599436 0.020000
v 0.152248 -0.569307 0.020000
v 0.141600 -0.560018 0.020000
v 0.115315 -0.590147 0.020000
v 0.007065 -0.628804 0.050000
v 0.007065 -0.527717 0.050000
v -0.007065 -0.527717 0.050000
v -0.007065 -0.628804 0.050000
v 0.007065 -0.628804 0.020000
v 0.007065 -0.527717 0.020000
v -0.007065 -0.527717 0.020000
v -0.007065 -0.628804 0.020000
v -0.001409 -0.580740 0.050000
v 0.028544 -0.558257 0.050000
v 0.020062 -0.546956 0.050000
v -0.009892 -0.569438 0.050000
v -0.001409 -0.580740 0.020000
v 0.028544 -0.558257 0.020000
v 0.020062 -0.546956 0.020000
v -0.009892 -0.569438 0.020000
v 0.022652 -0.578434 0.050000
v -0.017218 -0.561827 0.050000
v -0.022652 -0.574871 0.050000
v 0.017218 -0.591478 0.050000
v 0.022652 -0.578434 0.020000
v -0.017218 -0.561827 0.020000
v -0.022652 -0.574871 0.020000
v 0.017218 -0.591478 0.020000
v -0.123815 -0.616538 0.050000
v -0.102798 -0.517660 0.050000
v -0.116620 -0.514723 0.050000
v -0.137637 -0.613600 0.050000
v -0.123815 -0.616538 0.020000
v -0.102798 -0.517660 0.020000
v -0.116620 -0.514723 0.020000
v -0.137637 -0.613600 0.020000
v -0.110583 -0.567881 0.050000
v -0.142716 -0.531067 0.050000
v -0.153362 -0.540359 0.050000
v -0.121229 -0.577173 0.050000
v -0.110583 -0.567881 0.020000
v -0.142716 -0.531067 0.020000
v -0.153362 -0.540359 0.020000
v -0.121229 -0.577173 0.020000
v -0.116237 -0.594480 0.050000
v -0.148983 -0.556983 0.050000
v -0.159626 -0.566277 0.050000
v -0.126880 -0.603774 0.050000
v -0.116237 -0.594480 0.020000
v -0.148983 -0.556983 0.020000
v -0.159626 -0.566277 0.020000
v -0.126880 -0.603774 0.020000
v -0.249299 -0.577308 0.050000
v -0.208183 -0.484961 0.050000
v -0.221092 -0.479213 0.050000
v -0.262208 -0.571561 0.050000
v -0.249299 -0.577308 0.020000
v -0.208183 -0.484961 0.020000
v -0.221092 -0.479213 0.020000
v -0.262208 -0.571561 0.020000
v -0.245184 -0.547230 0.050000
v -0.199852 -0.536854 0.050000
v -0.203005 -0.523079 0.050000
v -0.248337 -0.533456 0.050000
v -0.245184 -0.547230 0.020000
v -0.199852 -0.536854 0.020000
v -0.203005 -0.523079 0.020000
v -0.248337 -0.533456 0.020000
v -0.363884 -0.512869 0.050000
v -0.304467 -0.431088 0.050000
v -0.315898 -0.422783 0.050000
v -0.375316 -0.504564 0.050000
v -0.363884 -0.512869 0.020000
v -0.304467 -0.431088 0.020000
v -0.315898 -0.422783 0.020000
v -0.375316 -0.504564 0.020000
v -0.340002 -0.465569 0.050000
v -0.297241 -0.464933 0.050000
v -0.297451 -0.450804 0.050000
v -0.340212 -0.451440 0.050000
v -0.340002 -0.465569 0.020000
v -0.297241 -0.464933 0.020000
v -0.297451 -0.450804 0.020000
v -0.340212 -0.451440 0.020000
v -0.367436 -0.503329 0.050000
v -0.320328 -0.502626 0.050000
v -0.320539 -0.488497 0.050000
v -0.367646 -0.489200 0.050000
v -0.367436 -0.503329 0.020000
v -0.320328 -0.502626 0.020000
v -0.320539 -0.488497 0.020000
v -0.367646 -0.489200 0.020000
v -0.462573 -0.426005 0.050000
v -0.387450 -0.358365 0.050000
v -0.396906 -0.347864 0.050000
v -0.472028 -0.415504 0.050000
v -0.462573 -0.426005 0.020000
v -0.387450 -0.358365 0.020000
v -0.396906 -0.347864 0.020000
v -0.472028 -0.415504 0.020000
v -0.413516 -0.417814 0.050000
v -0.435881 -0.354287 0.050000
v -0.449209 -0.358979 0.050000
v -0.426845 -0.422507 0.050000
v -0.413516 -0.417814 0.020000
v -0.435881 -0.354287 0.020000
v -0.449209 -0.358979 0.020000
v -0.426845 -0.422507 0.020000
v -0.460993 -0.413172 0.050000
v -0.411463 -0.422928 0.050000
v -0.408732 -0.409065 0.050000
v -0.458262 -0.399308 0.050000
v -0.460993 -0.413172 0.020000
v -0.411463 -0.422928 0.020000
v -0.408732 -0.409065 0.020000
v -0.458262 -0.399308 0.020000
v -0.541022 -0.320521 0.050000
v -0.453478 -0.269977 0.050000
v -0.460543 -0.257740 0.050000
v -0.548087 -0.308284 0.050000
v -0.541022 -0.320521 0.020000
v -0.453478 -0.269977 0.020000
v -0.460543 -0.257740 0.020000
v -0.548087 -0.308284 0.020000
v -0.488317 -0.308945 0.050000
v -0.494057 -0.264516 0.050000
v -0.508071 -0.266327 0.050000
v -0.502331 -0.310755 0.050000
v -0.488317 -0.308945 0.020000
v -0.494057 -0.264516 0.020000
v -0.508071 -0.266327 0.020000
v -0.502331 -0.310755 0.020000
v -0.595843 -0.201034 0.050000
v -0.499704 -0.169796 0.050000
v -0.504070 -0.156357 0.050000
v -0.600209 -0.187595 0.050000
v -0.595843 -0.201034 0.020000
v -0.499704 -0.169796 0.020000
v -0.504070 -0.156357 0.020000
v -0.600209 -0.187595 0.020000
v -0.561239 -0.172124 0.050000
v -0.574172 -0.223895 0.050000
v -0.560463 -0.227320 0.050000
v -0.547530 -0.175549 0.050000
v -0.561239 -0.172124 0.020000
v -0.574172 -0.223895 0.020000
v -0.560463 -0.227320 0.020000
v -0.547530 -0.175549 0.020000
v -0.555651 -0.217882 0.050000
v -0.596519 -0.183588 0.050000
v -0.605602 -0.194412 0.050000
v -0.564734 -0.228706 0.050000
v -0.555651 -0.217882 0.020000
v -0.596519 -0.183588 0.020000
v -0.605602 -0.194412 0.020000
v -0.564734 -0.228706 0.020000
v -0.589573 -0.190081 0.050000
v -0.548442 -0.219028 0.050000
v -0.540310 -0.207472 0.050000
v -0.581440 -0.178525 0.050000
v -0.589573 -0.190081 0.020000
v -0.548442 -0.219028 0.020000
v -0.540310 -0.207472 0.020000
v -0.581440 -0.178525 0.020000
v -0.579112 -0.198569 0.050000
v -0.561218 -0.146217 0.050000
v -0.574589 -0.141646 0.050000
v -0.592483 -0.193999 0.050000
v -0.579112 -0.198569 0.020000
v -0.561218 -0.146217 0.020000
v -0.574589 -0.141646 0.020000
v -0.592483 -0.193999 0.020000
v -0.624615 -0.072745 0.050000
v -0.524082 -0.062178 0.050000
v -0.525559 -0.048125 0.050000
v -0.626092 -0.058692 0.050000
v -0.624615 -0.072745 0.020000
v -0.524082 -0.062178 0.020000
v -0.525559 -0.048125 0.020000
v -0.626092 -0.058692 0.020000
v -0.601499 -0.053422 0.050000
v -0.624662 -0.100960 0.050000
v -0.611959 -0.107149 0.050000
v -0.588796 -0.059612 0.050000
v -0.601499 -0.053422 0.020000
v -0.624662 -0.100960 0.020000
v -0.611959 -0.107149 0.020000
v -0.588796 -0.059612 0.020000
v -0.605298 -0.098920 0.050000
v -0.637865 -0.057244 0.050000
v -0.649000 -0.065944 0.050000
v -0.616432 -0.107620 0.050000
v -0.605298 -0.098920 0.020000
v -0.637865 -0.057244 0.020000
v -0.649000 -0.065944 0.020000
v -0.616432 -0.107620 0.020000
v -0.626092 0.058692 0.050000
v -0.525559 0.048125 0.050000
v -0.524082 0.062178 0.050000
v -0.624615 0.072745 0.050000
v -0.626092 0.058692 0.020000
v -0.525559 0.048125 0.020000
v -0.524082 0.062178 0.020000
v -0.624615 0.072745 0.020000
v -0.589170 0.038371 0.050000
v -0.567672 0.077729 0.050000
v -0.580073 0.084502 0.050000
v -0.601571 0.045145 0.050000
v -0.589170 0.038371 0.020000
v -0.567672 0.077729 0.020000
v -0.580073 0.084502 0.020000
v -0.601571 0.045145 0.020000
v -0.595780 0.034520 0.050000
v -0.569600 0.082480 0.050000
v -0.582002 0.089251 0.050000
v -0.608183 0.041291 0.050000
v -0.595780 0.034520 0.020000
v -0.569600 0.082480 0.020000
v -0.582002 0.089251 0.020000
v -0.608183 0.041291 0.020000
v -0.583062 0.026977 0.050000
v -0.550492 0.086683 0.050000
v -0.562896 0.093450 0.050000
v -0.595466 0.033744 0.050000
v -0.583062 0.026977 0.020000
v -0.550492 0.086683 0.020000
v -0.562896 0.093450 0.020000
v -0.595466 0.033744 0.020000
v -0.600209 0.187595 0.050000
v -0.504070 0.156357 0.050000
v -0.499704 0.169796 0.050000
v -0.595843 0.201034 0.050000
v -0.600209 0.187595 0.020000
v -0.504070 0.156357 0.020000
v -0.499704 0.169796 0.020000
v -0.595843 0.201034 0.020000
v -0.576540 0.160131 0.050000
v -0.543869 0.198201 0.050000
v -0.554592 0.207404 0.050000
v -0.587264 0.169334 0.050000
v -0.576540 0.160131 0.020000
v -0.543869 0.198201 0.020000
v -0.554592 0.207404 0.020000
v -0.587264 0.169334 0.020000
v -0.545345 0.178679 0.050000
v -0.528741 0.130155 0.050000
v -0.515371 0.134729 0.050000
v -0.531976 0.183254 0.050000
v -0.545345 0.178679 0.020000
v -0.528741 0.130155 0.020000
v -0.515371 0.134729 0.020000
v -0.531976 0.183254 0.020000
v -0.548087 0.308284 0.050000
v -0.460543 0.257740 0.050000
v -0.453478 0.269977 0.050000
v -0.541022 0.320521 0.050000
v -0.548087 0.308284 0.020000
v -0.460543 0.257740 0.020000
v -0.453478 0.269977 0.020000
v -0.541022 0.320521 0.020000
v -0.502279 0.291626 0.050000
v -0.497091 0.248568 0.050000
v -0.483062 0.250258 0.050000
v -0.488250 0.293316 0.050000
v -0.502279 0.291626 0.020000
v -0.497091 0.248568 0.020000
v -0.483062 0.250258 0.020000
v -0.488250 0.293316 0.020000
v -0.472028 0.415504 0.050000
v -0.396906 0.347864 0.050000
v -0.387450 0.358365 0.050000
v -0.462573 0.426005 0.050000
v -0.472028 0.415504 0.020000
v -0.396906 0.347864 0.020000
v -0.387450 0.358365 0.020000
v -0.462573 0.426005 0.020000
v -0.455422 0.423163 0.050000
v -0.495442 0.411720 0.050000
v -0.491557 0.398134 0.050000
v -0.451537 0.409577 0.050000
v -0.455422 0.423163 0.020000
v -0.495442 0.411720 0.020000
v -0.491557 0.398134 0.020000
v -0.451537 0.409577 0.020000
v -0.480975 0.398685 0.050000
v -0.473753 0.439666 0.050000
v -0.487669 0.442118 0.050000
v -0.494891 0.401138 0.050000
v -0.480975 0.398685 0.020000
v -0.473753 0.439666 0.020000
v -0.487669 0.442118 0.020000
v -0.494891 0.401138 0.020000
v -0.446950 0.415531 0.050000
v -0.495290 0.401652 0.050000
v -0.491390 0.388070 0.050000
v -0.443050 0.401949 0.050000
v -0.446950 0.415531 0.020000
v -0.495290 0.401652 0.020000
v -0.491390 0.388070 0.020000
v -0.443050 0.401949 0.020000
v -0.480817 0.388627 0.050000
v -0.472089 0.438168 0.050000
v -0.486005 0.440619 0.050000
v -0.494733 0.391078 0.050000
v -0.480817 0.388627 0.020000
v -0.472089 0.438168 0.020000
v -0.486005 0.440619 0.020000
v -0.494733 0.391078 0.020000
v -0.457102 0.365705 0.050000
v -0.395704 0.394847 0.050000
v -0.401763 0.407612 0.050000
v -0.463161 0.378470 0.050000
v -0.457102 0.365705 0.020000
v -0.395704 0.394847 0.020000
v -0.401763 0.407612 0.020000
v -0.463161 0.378470 0.020000
v -0.375316 0.504564 0.050000
v -0.315898 0.422783 0.050000
v -0.304467 0.431088 0.050000
v -0.363884 0.512869 0.050000
v -0.375316 0.504564 0.020000
v -0.315898 0.422783 0.020000
v -0.304467 0.431088 0.020000
v -0.363884 0.512869 0.020000
v -0.367860 0.508719 0.050000
v -0.381539 0.464272 0.050000
v -0.368034 0.460115 0.050000
v -0.354355 0.504562 0.050000
v -0.367860 0.508719 0.020000
v -0.381539 0.464272 0.020000
v -0.368034 0.460115 0.020000
v -0.354355 0.504562 0.020000
v -0.345522 0.492141 0.050000
v -0.381696 0.489634 0.050000
v -0.380719 0.475537 0.050000
v -0.344545 0.478045 0.050000
v -0.345522 0.492141 0.020000
v -0.381696 0.489634 0.020000
v -0.380719 0.475537 0.020000
v -0.344545 0.478045 0.020000
v -0.370257 0.473876 0.050000
v -0.356671 0.507483 0.050000
v -0.369771 0.512779 0.050000
v -0.383358 0.479172 0.050000
v -0.370257 0.473876 0.020000
v -0.356671 0.507483 0.020000
v -0.369771 0.512779 0.020000
v -0.383358 0.479172 0.020000
v -0.326693 0.445845 0.050000
v -0.308954 0.489816 0.050000
v -0.322058 0.495102 0.050000
v -0.339797 0.451131 0.050000
v -0.326693 0.445845 0.020000
v -0.308954 0.489816 0.020000
v -0.322058 0.495102 0.020000
v -0.339797 0.451131 0.020000
v -0.311594 0.493448 0.050000
v -0.358882 0.490139 0.050000
v -0.357895 0.476043 0.050000
v -0.310608 0.479352 0.050000
v -0.311594 0.493448 0.020000
v -0.358882 0.490139 0.020000
v -0.357895 0.476043 0.020000
v -0.310608 0.479352 0.020000
v -0.262208 0.571561 0.050000
v -0.221092 0.479213 0.050000
v -0.208183 0.484961 0.050000
v -0.249299 0.577308 0.050000
v -0.262208 0.571561 0.020000
v -0.221092 0.479213 0.020000
v -0.208183 0.484961 0.020000
v -0.249299 0.577308 0.020000
v -0.240108 0.514978 0.050000
v -0.198789 0.505564 0.050000
v -0.195650 0.519341 0.050000
v -0.236969 0.528755 0.050000
v -0.240108 0.514978 0.020000
v -0.198789 0.505564 0.020000
v -0.195650 0.519341 0.020000
v -0.236969 0.528755 0.020000
v -0.234403 0.529969 0.050000
v -0.252791 0.497017 0.050000
v -0.240451 0.490132 0.050000
v -0.222064 0.523084 0.050000
v -0.234403 0.529969 0.020000
v -0.252791 0.497017 0.020000
v -0.240451 0.490132 0.020000
v -0.222064 0.523084 0.020000
v -0.137637 0.613600 0.050000
v -0.116620 0.514723 0.050000
v -0.102798 0.517660 0.050000
v -0.123815 0.616538 0.050000
v -0.137637 0.613600 0.020000
v -0.116620 0.514723 0.020000
v -0.102798 0.517660 0.020000
v -0.123815 0.616538 0.020000
v -0.150007 0.547164 0.050000
v -0.085565 0.535081 0.050000
v -0.082961 0.548969 0.050000
v -0.147403 0.561052 0.050000
v -0.150007 0.547164 0.020000
v -0.085565 0.535081 0.020000
v -0.082961 0.548969 0.020000
v -0.147403 0.561052 0.020000
v -0.120280 0.555130 0.050000
v -0.084970 0.589253 0.050000
v -0.094789 0.599414 0.050000
v -0.130099 0.565291 0.050000
v -0.120280 0.555130 0.020000
v -0.084970 0.589253 0.020000
v -0.094789 0.599414 0.020000
v -0.130099 0.565291 0.020000
v -0.085905 0.593648 0.050000
v -0.132039 0.610430 0.050000
v -0.136870 0.597151 0.050000
v -0.090736 0.580369 0.050000
v -0.085905 0.593648 0.020000
v -0.132039 0.610430 0.020000
v -0.136870 0.597151 0.020000
v -0.090736 0.580369 0.020000
vn -0.0000 -0.0000 1.0000
vn 0.9999 0.0123 -0.0000
vn -0.9999 -0.0123 -0.0000
vn 0.9993 0.0368 -0.0000
vn -0.9993 -0.0368 -0.0000
vn 0.9981 0.0613 -0.0000
vn -0.9981 -0.0613 -0.0000
vn 0.9963 0.0858 -0.0000
vn -0.9963 -0.0858 -0.0000
vn 0.9939 0.1102 -0.0000
vn -0.9939 -0.1102 -0.0000
vn 0.9909 0.1346 -0.0000
vn -0.9909 -0.1346 -0.0000
vn 0.9873 0.1589 -0.0000
vn -0.9873 -0.1589 -0.0000
vn 0.9831 0.1830 -0.0000
vn -0.9831 -0.1830 -0.0000
vn 0.9783 0.2071 -0.0000
vn -0.9783 -0.2071 -0.0000
vn 0.9729 0.2311 -0.0000
vn -0.9729 -0.2311 -0.0000
vn 0.9670 0.2549 -0.0000
vn -0.9670 -0.2549 -0.0000
vn 0.9604 0.2785 -0.0000
vn -0.9604 -0.2785 -0.0000
vn 0.9533 0.3020 -0.0000
vn -0.9533 -0.3020 -0.0000
vn 0.9456 0.3253 -0.0000
vn -0.9456 -0.3253 -0.0000
vn 0.9373 0.3484 -0.0000
vn -0.9373 -0.3484 -0.0000
vn 0.9285 0.3713 -0.0000
vn -0.9285 -0.3713 -0.0000
vn 0.9191 0.3940 -0.0000
vn -0.9191 -0.3940 -0.0000
vn 0.9092 0.4164 -0.0000
vn -0.9092 -0.4164 -0.0000
vn 0.8987 0.4386 -0.0000
vn -0.8987 -0.4386 -0.0000
vn 0.8876 0.4605 -0.0000
vn -0.8876 -0.4605 -0.0000
vn 0.8761 0.4822 -0.0000
vn -0.8761 -0.4822 -0.0000
vn 0.8640 0.5035 -0.0000
vn -0.8640 -0.5035 -0.0000
vn 0.8514 0.5246 -0.0000
vn -0.8514 -0.5246 -0.0000
vn 0.8382 0.5453 -0.0000
vn -0.8382 -0.5453 -0.0000
vn 0.8246 0.5657 -0.0000
vn -0.8246 -0.5657 -0.0000
vn 0.8105 0.5858 -0.0000
vn -0.8105 -0.5858 -0.0000
vn 0.7958 0.6055 -0.0000
vn -0.7958 -0.6055 -0.0000
vn 0.7807 0.6249 -0.0000
vn -0.7807 -0.6249 -0.0000
vn 0.7652 0.6438 -0.0000
vn -0.7652 -0.6438 -0.0000
vn 0.7491 0.6624 -0.0000
vn -0.7491 -0.6624 -0.0000
vn 0.7327 0.6806 -0.0000
vn -0.7327 -0.6806 -0.0000
vn 0.7157 0.6984 -0.0000
vn -0.7157 -0.6984 -0.0000
vn 0.6984 0.7157 -0.0000
vn -0.6984 -0.7157 -0.0000
vn 0.6806 0.7327 -0.0000
vn -0.6806 -0.7327 -0.0000
vn 0.6624 0.7491 -0.0000
vn -0.6624 -0.7491 -0.0000
vn 0.6438 0.7652 -0.0000
vn -0.6438 -0.7652 -0.0000
vn 0.6249 0.7807 -0.0000
vn -0.6249 -0.7807 -0.0000
vn 0.6055 0.7958 -0.0000
vn -0.6055 -0.7958 -0.0000
vn 0.5858 0.8105 -0.0000
vn -0.5858 -0.8105 -0.0000
vn 0.5657 0.8246 -0.0000
vn -0.5657 -0.8246 -0.0000
vn 0.5453 0.8382 -0.0000
vn -0.5453 -0.8382 -0.0000
vn 0.5246 0.8514 -0.0000
vn -0.5246 -0.8514 -0.0000
vn 0.5035 0.8640 -0.0000
vn -0.5035 -0.8640 -0.0000
vn 0.4822 0.8761 -0.0000
vn -0.4822 -0.8761 -0.0000
vn 0.4605 0.8876 -0.0000
vn -0.4605 -0.8876 -0.0000
vn 0.4386 0.8987 -0.0000
vn -0.4386 -0.8987 -0.0000
vn 0.4164 0.9092 -0.0000
vn -0.4164 -0.9092 -0.0000
vn 0.3940 0.9191 -0.0000
vn -0.3940 -0.9191 -0.0000
vn 0.3713 0.9285 -0.0000
vn -0.3713 -0.9285 -0.0000
vn 0.3484 0.9373 -0.0000
vn -0.3484 -0.9373 -0.0000
vn 0.3253 0.9456 -0.0000
vn -0.3253 -0.9456 -0.0000
vn 0.3020 0.9533 -0.0000
vn -0.3020 -0.9533 -0.0000
vn 0.2785 0.9604 -0.0000
vn -0.2785 -0.9604 -0.0000
vn 0.2549 0.9670 -0.0000
vn -0.2549 -0.9670 -0.0000
vn 0.2311 0.9729 -0.0000
vn -0.2311 -0.9729 -0.0000
vn 0.2071 0.9783 -0.0000
vn -0.2071 -0.9783 -0.0000
vn 0.1830 0.9831 -0.0000
vn -0.1830 -0.9831 -0.0000
vn 0.1589 0.9873 -0.0000
vn -0.1589 -0.9873 -0.0000
vn 0.1346 0.9909 -0.0000
vn -0.1346 -0.9909 -0.0000
vn 0.1102 0.9939 -0.0000
vn -0.1102 -0.9939 -0.0000
vn 0.0858 0.9963 -0.0000
vn -0.0858 -0.9963 -0.0000
vn 0.0613 0.9981 -0.0000
vn -0.0613 -0.9981 -0.0000
vn 0.0368 0.9993 -0.0000
vn -0.0368 -0.9993 -0.0000
vn 0.0123 0.9999 -0.0000
vn -0.0123 -0.9999 -0.0000
vn -0.0123 0.9999 -0.0000
vn 0.0123 -0.9999 -0.0000
vn -0.0368 0.9993 -0.0000
vn 0.0368 -0.9993 -0.0000
vn -0.0613 0.9981 -0.0000
vn 0.0613 -0.9981 -0.0000
vn -0.0858 0.9963 -0.0000
vn 0.0858 -0.9963 -0.0000
vn -0.1102 0.9939 -0.0000
vn 0.1102 -0.9939 -0.0000
vn -0.1346 0.9909 -0.0000
vn 0.1346 -0.9909 -0.0000
vn -0.1588 0.9873 -0.0000
vn 0.1589 -0.9873 -0.0000
vn -0.1830 0.9831 -0.0000
vn 0.1830 -0.9831 -0.0000
vn -0.2071 0.9783 -0.0000
vn 0.2071 -0.9783 -0.0000
vn -0.2311 0.9729 -0.0000
vn 0.2311 -0.9729 -0.0000
vn -0.2549 0.9670 -0.0000
vn 0.2549 -0.9670 -0.0000
vn -0.2785 0.9604 -0.0000
vn 0.2785 -0.9604 -0.0000
vn -0.3020 0.9533 -0.0000
vn 0.3020 -0.9533 -0.0000
vn -0.3253 0.9456 -0.0000
vn 0.3253 -0.9456 -0.0000
vn -0.3484 0.9373 -0.0000
vn 0.3484 -0.9373 -0.0000
vn -0.3713 0.9285 -0.0000
vn 0.3713 -0.9285 -0.0000
vn -0.3940 0.9191 -0.0000
vn 0.3940 -0.9191 -0.0000
vn -0.4164 0.9092 -0.0000
vn 0.4164 -0.9092 -0.0000
vn -0.4386 0.8987 -0.0000
vn 0.4386 -0.8987 -0.0000
vn -0.4605 0.8876 -0.0000
vn 0.4605 -0.8876 -0.0000
vn -0.4822 0.8761 -0.0000
vn 0.4822 -0.8761 -0.0000
vn -0.5035 0.8640 -0.0000
vn 0.5035 -0.8640 -0.0000
vn -0.5246 0.8514 -0.0000
vn 0.5246 -0.8514 -0.0000
vn -0.5453 0.8382 -0.0000
vn 0.5453 -0.8382 -0.0000
vn -0.5657 0.8246 -0.0000
vn 0.5657 -0.8246 -0.0000
vn -0.5858 0.8105 -0.0000
vn 0.5858 -0.8105 -0.0000
vn -0.6055 0.7958 -0.0000
vn 0.6055 -0.7958 -0.0000
vn -0.6249 0.7807 -0.0000
vn 0.6249 -0.7807 -0.0000
vn -0.6438 0.7652 -0.0000
vn 0.6438 -0.7652 -0.0000
vn -0.6624 0.7491 -0.0000
vn 0.6624 -0.7491 -0.0000
vn -0.6806 0.7327 -0.0000
vn 0.6806 -0.7327 -0.0000
vn -0.6984 0.7157 -0.0000
vn 0.6984 -0.7157 -0.0000
vn -0.7157 0.6984 -0.0000
vn 0.7157 -0.6984 -0.0000
vn -0.7327 0.6806 -0.0000
vn 0.7327 -0.6806 -0.0000
vn -0.7491 0.6624 -0.0000
vn 0.7491 -0.6624 -0.0000
vn -0.7652 0.6438 -0.0000
vn 0.7652 -0.6438 -0.0000
vn -0.7807 0.6249 -0.0000
vn 0.7807 -0.6249 -0.0000
vn -0.7958 0.6055 -0.0000
vn 0.7958 -0.6055 -0.0000
vn -0.8105 0.5858 -0.0000
vn 0.8105 -0.5858 -0.0000
vn -0.8246 0.5657 -0.0000
vn 0.8246 -0.5657 -0.0000
vn -0.8382 0.5453 -0.0000
vn 0.8382 -0.5453 -0.0000
vn -0.8514 0.5246 -0.0000
vn 0.8514 -0.5246 -0.0000
vn -0.8640 0.5035 -0.0000
vn 0.8640 -0.5035 -0.0000
vn -0.8761 0.4822 -0.0000
vn 0.8761 -0.4822 -0.0000
vn -0.8876 0.4605 -0.0000
vn 0.8876 -0.4605 -0.0000
vn -0.8987 0.4386 -0.0000
vn 0.8987 -0.4386 -0.0000
vn -0.9092 0.4164 -0.0000
vn 0.9092 -0.4164 -0.0000
vn -0.9191 0.3940 -0.0000
vn 0.9191 -0.3940 -0.0000
vn -0.9285 0.3713 -0.0000
vn 0.9285 -0.3713 -0.0000
vn -0.9373 0.3484 -0.0000
vn 0.9373 -0.3484 -0.0000
vn -0.9456 0.3253 -0.0000
vn 0.9456 -0.3253 -0.0000
vn -0.9533 0.3020 -0.0000
vn 0.9533 -0.3020 -0.0000
vn -0.9604 0.2785 -0.0000
vn 0.9604 -0.2785 -0.0000
vn -0.9670 0.2549 -0.0000
vn 0.9670 -0.2549 -0.0000
vn -0.9729 0.2311 -0.0000
vn 0.9729 -0.2311 -0.0000
vn -0.9783 0.2071 -0.0000
vn 0.9783 -0.2071 -0.0000
vn -0.9831 0.1830 -0.0000
vn 0.9831 -0.1830 -0.0000
vn -0.9873 0.1589 -0.0000
vn 0.9873 -0.1589 -0.0000
vn -0.9909 0.1346 -0.0000
vn 0.9909 -0.1346 -0.0000
vn -0.9939 0.1102 -0.0000
vn 0.9939 -0.1102 -0.0000
vn -0.9963 0.0858 -0.0000
vn 0.9963 -0.0858 -0.0000
vn -0.9981 0.0613 -0.0000
vn 0.9981 -0.0613 -0.0000
vn -0.9993 0.0368 -0.0000
vn 0.9993 -0.0368 -0.0000
vn -0.9999 0.0123 -0.0000
vn 0.9999 -0.0123 -0.0000
vn 0.1588 -0.9873 -0.0000
vn -0.1589 0.9873 -0.0000
vn -1.0000 -0.0000 -0.0000
vn -0.0000 -1.0000 -0.0000
vn 1.0000 -0.0000 -0.0000
vn -0.0000 1.0000 -0.0000
vn -0.3846 -0.9231 -0.0000
vn 0.9231 -0.3846 -0.0000
vn 0.3846 0.9231 -0.0000
vn -0.9231 0.3846 -0.0000
vn 0.5301 0.8479 -0.0000
vn -0.8479 0.5301 -0.0000
vn -0.5301 -0.8479 -0.0000
vn 0.8479 -0.5301 -0.0000
vn 0.5297 -0.8482 -0.0000
vn 0.8482 0.5297 -0.0000
vn -0.5297 0.8482 -0.0000
vn -0.8482 -0.5297 -0.0000
vn -0.5998 -0.8001 -0.0000
vn 0.8001 -0.5998 -0.0000
vn 0.5998 0.8001 -0.0000
vn -0.8001 0.5998 -0.0000
vn -0.9781 0.2079 -0.0000
vn -0.2079 -0.9781 -0.0000
vn 0.9781 -0.2079 -0.0000
vn 0.2079 0.9781 -0.0000
vn -0.4206 0.9073 -0.0000
vn -0.9073 -0.4206 -0.0000
vn 0.4206 -0.9073 -0.0000
vn 0.9073 0.4206 -0.0000
vn -0.4203 0.9074 -0.0000
vn -0.9074 -0.4203 -0.0000
vn 0.4203 -0.9074 -0.0000
vn 0.9074 0.4203 -0.0000
vn -0.9135 0.4067 -0.0000
vn -0.4067 -0.9135 -0.0000
vn 0.9135 -0.4067 -0.0000
vn 0.4067 0.9135 -0.0000
vn -0.7265 -0.6872 -0.0000
vn 0.6872 -0.7265 -0.0000
vn 0.7265 0.6872 -0.0000
vn -0.6872 0.7265 -0.0000
vn -0.7269 -0.6867 -0.0000
vn 0.6867 -0.7269 -0.0000
vn 0.7269 0.6867 -0.0000
vn -0.6868 0.7269 -0.0000
vn -0.8090 0.5878 -0.0000
vn -0.5878 -0.8090 -0.0000
vn 0.8090 -0.5878 -0.0000
vn 0.5878 0.8090 -0.0000
vn -0.8538 -0.5206 -0.0000
vn 0.5206 -0.8538 -0.0000
vn 0.8538 0.5206 -0.0000
vn -0.5206 0.8538 -0.0000
vn -0.8537 -0.5207 -0.0000
vn 0.5207 -0.8537 -0.0000
vn 0.8537 0.5207 -0.0000
vn -0.5207 0.8537 -0.0000
vn -0.0696 -0.9976 -0.0000
vn 0.9976 -0.0696 -0.0000
vn 0.0696 0.9976 -0.0000
vn -0.9976 0.0696 -0.0000
vn 0.9273 0.3744 -0.0000
vn -0.3744 0.9273 -0.0000
vn -0.9273 -0.3744 -0.0000
vn 0.3744 -0.9273 -0.0000
vn -0.6691 0.7431 -0.0000
vn -0.7431 -0.6691 -0.0000
vn 0.6691 -0.7431 -0.0000
vn 0.7431 0.6691 -0.0000
vn 0.1929 0.9812 -0.0000
vn -0.9812 0.1929 -0.0000
vn -0.1929 -0.9812 -0.0000
vn 0.9812 -0.1929 -0.0000
vn -0.9434 -0.3316 -0.0000
vn 0.3316 -0.9434 -0.0000
vn 0.9434 0.3316 -0.0000
vn -0.3316 0.9434 -0.0000
vn 0.9848 0.1739 -0.0000
vn -0.1739 0.9848 -0.0000
vn -0.9848 -0.1739 -0.0000
vn 0.1739 -0.9848 -0.0000
vn -0.2754 -0.9613 -0.0000
vn 0.9613 -0.2754 -0.0000
vn 0.2754 0.9613 -0.0000
vn -0.9613 0.2754 -0.0000
vn -0.5000 0.8660 -0.0000
vn -0.8660 -0.5000 -0.0000
vn 0.5000 -0.8660 -0.0000
vn 0.8660 0.5000 -0.0000
vn -0.4692 -0.8831 -0.0000
vn 0.8831 -0.4692 -0.0000
vn 0.4692 0.8831 -0.0000
vn -0.8831 0.4692 -0.0000
vn 0.9994 -0.0352 -0.0000
vn 0.0352 0.9994 -0.0000
vn -0.9994 0.0352 -0.0000
vn -0.0352 -0.9994 -0.0000
vn -0.3090 0.9511 -0.0000
vn -0.9511 -0.3090 -0.0000
vn 0.3090 -0.9511 -0.0000
vn 0.9511 0.3090 -0.0000
vn 0.5755 0.8178 -0.0000
vn -0.8178 0.5755 -0.0000
vn -0.5755 -0.8178 -0.0000
vn 0.8178 -0.5755 -0.0000
vn -0.9967 0.0811 -0.0000
vn -0.0811 -0.9967 -0.0000
vn 0.9967 -0.0811 -0.0000
vn 0.0811 0.9967 -0.0000
vn -0.1045 0.9945 -0.0000
vn -0.9945 -0.1045 -0.0000
vn 0.1045 -0.9945 -0.0000
vn 0.9945 0.1045 -0.0000
vn 0.7330 0.6803 -0.0000
vn -0.6803 0.7330 -0.0000
vn -0.7330 -0.6803 -0.0000
vn 0.6803 -0.7330 -0.0000
vn -0.7880 -0.6157 -0.0000
vn 0.6157 -0.7880 -0.0000
vn 0.7880 0.6157 -0.0000
vn -0.6157 0.7880 -0.0000
vn 0.8988 -0.4385 -0.0000
vn 0.4385 0.8988 -0.0000
vn -0.8988 0.4385 -0.0000
vn -0.4385 -0.8988 -0.0000
vn 0.8987 -0.4387 -0.0000
vn 0.4387 0.8987 -0.0000
vn -0.8987 0.4387 -0.0000
vn -0.4387 -0.8987 -0.0000
vn -0.7882 -0.6154 -0.0000
vn 0.6154 -0.7882 -0.0000
vn 0.7882 0.6154 -0.0000
vn -0.6154 0.7882 -0.0000
vn 0.1045 0.9945 -0.0000
vn -0.9945 0.1045 -0.0000
vn -0.1045 -0.9945 -0.0000
vn 0.9945 -0.1045 -0.0000
vn 0.8583 0.5131 -0.0000
vn -0.5131 0.8583 -0.0000
vn -0.8583 -0.5131 -0.0000
vn 0.5131 -0.8583 -0.0000
vn 0.3090 0.9511 -0.0000
vn -0.9511 0.3090 -0.0000
vn -0.3090 -0.9511 -0.0000
vn 0.9511 -0.3090 -0.0000
vn 0.9463 0.3234 -0.0000
vn -0.3234 0.9463 -0.0000
vn -0.9463 -0.3234 -0.0000
vn 0.3234 -0.9463 -0.0000
vn 0.5000 0.8660 -0.0000
vn -0.8660 0.5000 -0.0000
vn -0.5000 -0.8660 -0.0000
vn 0.8660 -0.5000 -0.0000
vn -0.9994 -0.0348 -0.0000
vn 0.0348 -0.9994 -0.0000
vn 0.9994 0.0348 -0.0000
vn -0.0348 0.9994 -0.0000
vn 0.4690 -0.8832 -0.0000
vn 0.8832 0.4690 -0.0000
vn -0.4690 0.8832 -0.0000
vn -0.8832 -0.4690 -0.0000
vn 0.4693 -0.8830 -0.0000
vn 0.8830 0.4693 -0.0000
vn -0.4693 0.8830 -0.0000
vn -0.8830 -0.4693 -0.0000
vn -0.9994 -0.0351 -0.0000
vn 0.0351 -0.9994 -0.0000
vn 0.9994 0.0351 -0.0000
vn -0.0351 0.9994 -0.0000
vn 0.9928 0.1194 -0.0000
vn -0.1194 0.9928 -0.0000
vn -0.9928 -0.1194 -0.0000
vn 0.1194 -0.9928 -0.0000
vn 0.6691 0.7431 -0.0000
vn -0.7431 0.6691 -0.0000
vn -0.6691 -0.7431 -0.0000
vn 0.7431 -0.6691 -0.0000
vn 0.2754 -0.9613 -0.0000
vn 0.9613 0.2754 -0.0000
vn -0.2754 0.9613 -0.0000
vn -0.9613 -0.2754 -0.0000
vn -0.9848 0.1739 -0.0000
vn -0.1739 -0.9848 -0.0000
vn 0.9848 -0.1739 -0.0000
vn 0.1739 0.9848 -0.0000
vn -0.4290 0.9033 -0.0000
vn -0.9033 -0.4290 -0.0000
vn 0.4290 -0.9033 -0.0000
vn 0.9033 0.4290 -0.0000
vn 0.8090 0.5878 -0.0000
vn -0.5878 0.8090 -0.0000
vn -0.8090 -0.5878 -0.0000
vn 0.5878 -0.8090 -0.0000
vn -0.2318 0.9728 -0.0000
vn -0.9728 -0.2318 -0.0000
vn 0.2318 -0.9728 -0.0000
vn 0.9728 0.2318 -0.0000
vn 0.9135 0.4067 -0.0000
vn -0.4067 0.9135 -0.0000
vn -0.9135 -0.4067 -0.0000
vn 0.4067 -0.9135 -0.0000
vn -0.1393 -0.9902 -0.0000
vn 0.9902 -0.1393 -0.0000
vn 0.1393 0.9902 -0.0000
vn -0.9902 0.1393 -0.0000
vn -0.8291 0.5591 -0.0000
vn -0.5591 -0.8291 -0.0000
vn 0.8291 -0.5591 -0.0000
vn 0.5591 0.8291 -0.0000
vn 0.9781 0.2079 -0.0000
vn -0.2079 0.9781 -0.0000
vn -0.9781 -0.2079 -0.0000
vn 0.2079 -0.9781 -0.0000
vn 0.7531 -0.6579 -0.0000
vn 0.6579 0.7531 -0.0000
vn -0.7531 0.6579 -0.0000
vn -0.6579 -0.7531 -0.0000
vn 0.7535 -0.6574 -0.0000
vn 0.6574 0.7535 -0.0000
vn -0.7535 0.6574 -0.0000
vn -0.6574 -0.7535 -0.0000
vn 0.6003 -0.7998 -0.0000
vn 0.7998 0.6003 -0.0000
vn -0.6003 0.7998 -0.0000
vn -0.7998 -0.6003 -0.0000
vn 0.3845 0.9231 -0.0000
vn -0.9231 0.3845 -0.0000
vn -0.3845 -0.9231 -0.0000
vn 0.9231 -0.3845 -0.0000
vn 0.7534 0.6576 -0.0000
vn -0.6576 0.7534 -0.0000
vn -0.7534 -0.6576 -0.0000
vn 0.6576 -0.7534 -0.0000
vn 0.7532 0.6578 -0.0000
vn -0.6578 0.7532 -0.0000
vn -0.7532 -0.6578 -0.0000
vn 0.6578 -0.7532 -0.0000
vn 0.2231 -0.9748 -0.0000
vn 0.9748 0.2231 -0.0000
vn -0.2231 0.9748 -0.0000
vn -0.9748 -0.2231 -0.0000
vn 0.0149 -0.9999 -0.0000
vn 0.9999 0.0149 -0.0000
vn -0.0149 0.9999 -0.0000
vn -0.9999 -0.0149 -0.0000
vn 0.9433 0.3321 -0.0000
vn -0.3321 0.9433 -0.0000
vn -0.9433 -0.3321 -0.0000
vn 0.3321 -0.9433 -0.0000
vn -0.1933 -0.9811 -0.0000
vn 0.9811 -0.1933 -0.0000
vn 0.1933 0.9811 -0.0000
vn -0.9811 0.1933 -0.0000
vn 0.9918 0.1281 -0.0000
vn -0.1281 0.9918 -0.0000
vn -0.9918 -0.1281 -0.0000
vn 0.1281 -0.9918 -0.0000
vn -0.9702 0.2424 -0.0000
vn -0.2424 -0.9702 -0.0000
vn 0.9702 -0.2424 -0.0000
vn 0.2424 0.9702 -0.0000
vn 0.6428 0.7660 -0.0000
vn -0.7660 0.6428 -0.0000
vn -0.6428 -0.7660 -0.0000
vn 0.7660 -0.6428 -0.0000
vn 0.9463 -0.3234 -0.0000
vn 0.3234 0.9463 -0.0000
vn -0.9463 0.3234 -0.0000
vn -0.3234 -0.9463 -0.0000
vn -0.8990 0.4380 -0.0000
vn -0.4380 -0.8990 -0.0000
vn 0.8990 -0.4380 -0.0000
vn 0.4380 0.8990 -0.0000
vn 0.8776 -0.4794 -0.0000
vn 0.4794 0.8776 -0.0000
vn -0.8776 0.4794 -0.0000
vn -0.4794 -0.8776 -0.0000
vn 0.8777 -0.4791 -0.0000
vn 0.4791 0.8777 -0.0000
vn -0.8777 0.4791 -0.0000
vn -0.4791 -0.8777 -0.0000
vn 0.8779 -0.4789 -0.0000
vn 0.4789 0.8779 -0.0000
vn -0.8779 0.4789 -0.0000
vn -0.4789 -0.8779 -0.0000
vn 0.7589 -0.6512 -0.0000
vn 0.6512 0.7589 -0.0000
vn -0.7589 0.6512 -0.0000
vn -0.6512 -0.7589 -0.0000
vn -0.9461 -0.3238 -0.0000
vn 0.3238 -0.9461 -0.0000
vn 0.9461 0.3238 -0.0000
vn -0.3238 0.9461 -0.0000
vn -0.9928 -0.1196 -0.0000
vn 0.1196 -0.9928 -0.0000
vn 0.9928 0.1196 -0.0000
vn -0.1196 0.9928 -0.0000
vn -0.2749 0.9615 -0.0000
vn -0.9615 -0.2749 -0.0000
vn 0.2749 -0.9615 -0.0000
vn 0.9615 0.2749 -0.0000
vn 0.9848 -0.1736 -0.0000
vn 0.1736 0.9848 -0.0000
vn -0.9848 0.1736 -0.0000
vn -0.1736 -0.9848 -0.0000
vn -0.2760 0.9612 -0.0000
vn -0.9612 -0.2760 -0.0000
vn 0.2760 -0.9612 -0.0000
vn 0.9612 0.2760 -0.0000
vn 0.9848 -0.1735 -0.0000
vn 0.1735 0.9848 -0.0000
vn -0.9848 0.1735 -0.0000
vn -0.1735 -0.9848 -0.0000
vn 0.4288 -0.9034 -0.0000
vn 0.9034 0.4288 -0.0000
vn -0.4288 0.9034 -0.0000
vn -0.9034 -0.4288 -0.0000
vn -0.9558 0.2942 -0.0000
vn -0.2942 -0.9558 -0.0000
vn 0.9558 -0.2942 -0.0000
vn 0.2942 0.9558 -0.0000
vn -0.0691 0.9976 -0.0000
vn -0.9976 -0.0691 -0.0000
vn 0.0691 -0.9976 -0.0000
vn 0.9976 0.0691 -0.0000
vn 0.9271 -0.3748 -0.0000
vn 0.3748 0.9271 -0.0000
vn -0.9271 0.3748 -0.0000
vn -0.3748 -0.9271 -0.0000
vn 0.9274 -0.3741 -0.0000
vn 0.3741 0.9274 -0.0000
vn -0.9274 0.3741 -0.0000
vn -0.3741 -0.9274 -0.0000
vn -0.0698 0.9976 -0.0000
vn -0.9976 -0.0698 -0.0000
vn 0.0698 -0.9976 -0.0000
vn 0.9976 0.0698 -0.0000
vn -0.2221 -0.9750 -0.0000
vn 0.9750 -0.2221 -0.0000
vn 0.2221 0.9750 -0.0000
vn -0.9750 0.2221 -0.0000
vn -0.8732 0.4873 -0.0000
vn -0.4873 -0.8732 -0.0000
vn 0.8732 -0.4873 -0.0000
vn 0.4873 0.8733 -0.0000
vn -0.1843 -0.9829 -0.0000
vn 0.9829 -0.1843 -0.0000
vn 0.1843 0.9829 -0.0000
vn -0.9829 0.1843 -0.0000
vn 0.6949 -0.7191 -0.0000
vn 0.7191 0.6949 -0.0000
vn -0.6949 0.7191 -0.0000
vn -0.7191 -0.6949 -0.0000
vn 0.3419 0.9398 -0.0000
vn -0.9398 0.3419 -0.0000
vn -0.3419 -0.9398 -0.0000
vn 0.9398 -0.3419 -0.0000
vn 0.1588 0.9873 -0.0000
vn -0.1588 -0.9873 -0.0000
vn 0.6868 -0.7269 -0.0000
vn -0.6867 0.7269 -0.0000
vn 0.4873 0.8732 -0.0000
vt 0.100000 0.900000
vt 0.900000 0.100000
vt 0.100000 0.100000
vt 0.900000 0.900000
vt 2.500000 2.500000
vt 2.900000 2.100000
vt 2.100000 2.900000
vt 2.100000 2.100000
vt 2.900000 2.900000
s 0
f 4/1/1 2/2/1 1/3/1
f 5/1/2 4/2/2 1024/3/2
f 7/1/3 2/2/3 6/3/3
f 3/1/1 8/2/1 2/3/1
f 10/1/4 3/2/4 5/3/4
f 6/1/5 8/2/5 11/3/5
f 8/3/1 13/4/1 12/2/1
f 14/1/6 9/2/6 10/3/6
f 11/1/7 12/2/7 15/3/7
f 13/1/1 16/2/1 12/3/1
f 18/1/8 13/2/8 14/3/8
f 15/1/9 16/2/9 19/3/9
f 16/3/1 21/4/1 20/2/1
f 22/1/10 17/2/10 18/3/10
f 19/1/11 20/2/11 23/3/11
f 21/1/1 24/2/1 20/3/1
f 26/1/12 21/2/12 22/3/12
f 23/1/13 24/2/13 27/3/13
f 25/1/1 28/2/1 24/3/1
f 30/1/14 25/2/14 26/3/14
f 27/1/15 28/2/15 31/3/15
f 29/1/1 32/2/1 28/3/1
f 34/1/16 29/2/16 30/3/16
f 31/1/17 32/2/17 35/3/17
f 33/1/1 36/2/1 32/3/1
f 38/1/18 33/2/18 34/3/18
f 35/1/19 36/2/19 39/3/19
f 37/1/1 40/2/1 36/3/1
f 42/1/20 37/2/20 38/3/20
f 39/1/21 40/2/21 43/3/21
f 40/3/1 45/4/1 44/2/1
f 46/1/22 41/2/22 42/3/22
f 43/1/23 44/2/23 47/3/23
f 45/1/1 48/2/1 44/3/1
f 50/1/24 45/2/24 46/3/24
f 47/1/25 48/2/25 51/3/25
f 49/1/1 52/2/1 48/3/1
f 54/1/26 49/2/26 50/3/26
f 51/1/27 52/2/27 55/3/27
f 53/1/1 56/2/1 52/3/1
f 58/1/28 53/2/28 54/3/28
f 55/1/29 56/2/29 59/3/29
f 57/1/1 60/2/1 56/3/1
f 62/1/30 57/2/30 58/3/30
f 59/1/31 60/2/31 63/3/31
f 60/3/1 65/4/1 64/2/1
f 66/1/32 61/2/32 62/3/32
f 63/1/33 64/2/33 67/3/33
f 65/1/1 68/2/1 64/3/1
f 70/1/34 65/2/34 66/3/34
f 67/1/35 68/2/35 71/3/35
f 69/1/1 72/2/1 68/3/1
f 74/1/36 69/2/36 70/3/36
f 71/1/37 72/2/37 75/3/37
f 73/1/1 76/2/1 72/3/1
f 78/1/38 73/2/38 74/3/38
f 75/1/39 76/2/39 79/3/39
f 76/3/1 81/4/1 80/2/1
f 82/1/40 77/2/40 78/3/40
f 79/1/41 80/2/41 83/3/41
f 80/3/1 85/4/1 84/2/1
f 86/1/42 81/2/42 82/3/42
f 83/1/43 84/2/43 87/3/43
f 85/1/1 88/2/1 84/3/1
f 90/1/44 85/2/44 86/3/44
f 87/1/45 88/2/45 91/3/45
f 89/1/1 92/2/1 88/3/1
f 94/1/46 89/2/46 90/3/46
f 91/1/47 92/2/47 95/3/47
f 92/3/1 97/4/1 96/2/1
f 98/1/48 93/2/48 94/3/48
f 95/1/49 96/2/49 99/3/49
f 96/3/1 101/4/1 100/2/1
f 102/1/50 97/2/50 98/3/50
f 99/1/51 100/2/51 103/3/51
f 101/1/1 104/2/1 100/3/1
f 106/1/52 101/2/52 102/3/52
f 103/1/53 104/2/53 107/3/53
f 104/3/1 109/4/1 108/2/1
f 110/1/54 105/2/54 106/3/54
f 107/1/55 108/2/55 111/3/55
f 109/1/1 112/2/1 108/3/1
f 114/1/56 109/2/56 110/3/56
f 111/1/57 112/2/57 115/3/57
f 113/1/1 116/2/1 112/3/1
f 118/1/58 113/2/58 114/3/58
f 115/1/59 116/2/59 119/3/59
f 117/1/1 120/2/1 116/3/1
f 122/1/60 117/2/60 118/3/60
f 119/1/61 120/2/61 123/3/61
f 120/3/1 125/4/1 124/2/1
f 126/1/62 121/2/62 122/3/62
f 123/1/63 124/2/63 127/3/63
f 124/3/1 129/4/1 128/2/1
f 130/1/64 125/2/64 126/3/64
f 127/1/65 128/2/65 131/3/65
f 129/1/1 132/2/1 128/3/1
f 134/1/66 129/2/66 130/3/66
f 131/1/67 132/2/67 135/3/67
f 133/1/1 136/2/1 132/3/1
f 138/1/68 133/2/68 134/3/68
f 135/1/69 136/2/69 139/3/69
f 136/3/1 141/4/1 140/2/1
f 142/1/70 137/2/70 138/3/70
f 139/1/71 140/2/71 143/3/71
f 140/3/1 145/4/1 144/2/1
f 146/1/72 141/2/72 142/3/72
f 143/1/73 144/2/73 147/3/73
f 144/3/1 149/4/1 148/2/1
f 150/1/74 145/2/74 146/3/74
f 147/1/75 148/2/75 151/3/75
f 149/1/1 152/2/1 148/3/1
f 154/1/76 149/2/76 150/3/76
f 151/1/77 152/2/77 155/3/77
f 152/3/1 157/4/1 156/2/1
f 158/1/78 153/2/78 154/3/78
f 155/1/79 156/2/79 159/3/79
f 157/1/1 160/2/1 156/3/1
f 162/1/80 157/2/80 158/3/80
f 159/1/81 160/2/81 163/3/81
f 161/1/1 164/2/1 160/3/1
f 166/1/82 161/2/82 162/3/82
f 163/1/83 164/2/83 167/3/83
f 164/3/1 169/4/1 168/2/1
f 170/1/84 165/2/84 166/3/84
f 167/1/85 168/2/85 171/3/85
f 168/3/1 173/4/1 172/2/1
f 174/1/86 169/2/86 170/3/86
f 171/1/87 172/2/87 175/3/87
f 173/1/1 176/2/1 172/3/1
f 178/1/88 173/2/88 174/3/88
f 175/1/89 176/2/89 179/3/89
f 177/1/1 180/2/1 176/3/1
f 182/1/90 177/2/90 178/3/90
f 179/1/91 180/2/91 183/3/91
f 180/3/1 185/4/1 184/2/1
f 186/1/92 181/2/92 182/3/92
f 183/1/93 184/2/93 187/3/93
f 184/3/1 189/4/1 188/2/1
f 190/1/94 185/2/94 186/3/94
f 187/1/95 188/2/95 191/3/95
f 188/3/1 193/4/1 192/2/1
f 194/1/96 189/2/96 190/3/96
f 191/1/97 192/2/97 195/3/97
f 193/1/1 196/2/1 192/3/1
f 198/1/98 193/2/98 194/3/98
f 195/1/99 196/2/99 199/3/99
f 196/3/1 201/4/1 200/2/1
f 202/1/100 197/2/100 198/3/100
f 199/1/101 200/2/101 203/3/101
f 200/3/1 205/4/1 204/2/1
f 206/1/102 201/2/102 202/3/102
f 203/1/103 204/2/103 207/3/103
f 205/1/1 208/2/1 204/3/1
f 210/1/104 205/2/104 206/3/104
f 207/1/105 208/2/105 211/3/105
f 208/3/1 213/4/1 212/2/1
f 214/1/106 209/2/106 210/3/106
f 211/1/107 212/2/107 215/3/107
f 213/1/1 216/2/1 212/3/1
f 218/1/108 213/2/108 214/3/108
f 215/1/109 216/2/109 219/3/109
f 216/3/1 221/4/1 220/2/1
f 222/1/110 217/2/110 218/3/110
f 219/1/111 220/2/111 223/3/111
f 220/3/1 225/4/1 224/2/1
f 226/1/112 221/2/112 222/3/112
f 223/1/113 224/2/113 227/3/113
f 225/1/1 228/2/1 224/3/1
f 230/1/114 225/2/114 226/3/114
f 227/1/115 228/2/115 231/3/115
f 228/3/1 233/4/1 232/2/1
f 234/1/116 229/2/116 230/3/116
f 231/1/117 232/2/117 235/3/117
f 233/1/1 236/2/1 232/3/1
f 238/1/118 233/2/118 234/3/118
f 235/1/119 236/2/119 239/3/119
f 237/1/1 240/2/1 236/3/1
f 242/1/120 237/2/120 238/3/120
f 239/1/121 240/2/121 243/3/121
f 240/3/1 245/4/1 244/2/1
f 246/1/122 241/2/122 242/3/122
f 243/1/123 244/2/123 247/3/123
f 245/1/1 248/2/1 244/3/1
f 250/1/124 245/2/124 246/3/124
f 247/1/125 248/2/125 251/3/125
f 248/3/1 253/4/1 252/2/1
f 254/1/126 249/2/126 250/3/126
f 251/1/127 252/2/127 255/3/127
f 253/1/1 256/2/1 252/3/1
f 258/1/128 253/2/128 254/3/128
f 255/1/129 256/2/129 259/3/129
f 257/1/1 260/2/1 256/3/1
f 262/1/130 257/2/130 258/3/130
f 259/1/131 260/2/131 263/3/131
f 261/1/1 264/2/1 260/3/1
f 266/1/132 261/2/132 262/3/132
f 263/1/133 264/2/133 267/3/133
f 264/3/1 269/4/1 268/2/1
f 270/1/134 265/2/134 266/3/134
f 267/1/135 268/2/135 271/3/135
f 269/1/1 272/2/1 268/3/1
f 274/1/136 269/2/136 270/3/136
f 271/1/137 272/2/137 275/3/137
f 272/3/1 277/4/1 276/2/1
f 278/1/138 273/2/138 274/3/138
f 275/1/139 276/2/139 279/3/139
f 277/1/1 280/2/1 276/3/1
f 282/1/140 277/2/140 278/3/140
f 279/1/141 280/2/141 283/3/141
f 281/1/1 284/2/1 280/3/1
f 286/1/142 281/2/142 282/3/142
f 283/1/143 284/2/143 287/3/143
f 285/1/1 288/2/1 284/3/1
f 290/1/144 285/2/144 286/3/144
f 287/1/145 288/2/145 291/3/145
f 289/1/1 292/2/1 288/3/1
f 294/1/146 289/2/146 290/3/146
f 291/1/147 292/2/147 295/3/147
f 293/1/1 296/2/1 292/3/1
f 298/1/148 293/2/148 294/3/148
f 295/1/149 296/2/149 299/3/149
f 296/3/1 301/4/1 300/2/1
f 302/1/150 297/2/150 298/3/150
f 299/1/151 300/2/151 303/3/151
f 301/1/1 304/2/1 300/3/1
f 306/1/152 301/2/152 302/3/152
f 303/1/153 304/2/153 307/3/153
f 305/1/1 308/2/1 304/3/1
f 310/1/154 305/2/154 306/3/154
f 307/1/155 308/2/155 311/3/155
f 309/1/1 312/2/1 308/3/1
f 314/1/156 309/2/156 310/3/156
f 311/1/157 312/2/157 315/3/157
f 313/1/1 316/2/1 312/3/1
f 318/1/158 313/2/158 314/3/158
f 315/1/159 316/2/159 319/3/159
f 316/3/1 321/4/1 320/2/1
f 322/1/160 317/2/160 318/3/160
f 319/1/161 320/2/161 323/3/161
f 321/1/1 324/2/1 320/3/1
f 326/1/162 321/2/162 322/3/162
f 323/1/163 324/2/163 327/3/163
f 325/1/1 328/2/1 324/3/1
f 330/1/164 325/2/164 326/3/164
f 327/1/165 328/2/165 331/3/165
f 329/1/1 332/2/1 328/3/1
f 334/1/166 329/2/166 330/3/166
f 331/1/167 332/2/167 335/3/167
f 332/3/1 337/4/1 336/2/1
f 338/1/168 333/2/168 334/3/168
f 335/1/169 336/2/169 339/3/169
f 336/3/1 341/4/1 340/2/1
f 342/1/170 337/2/170 338/3/170
f 339/1/171 340/2/171 343/3/171
f 341/1/1 344/2/1 340/3/1
f 346/1/172 341/2/172 342/3/172
f 343/1/173 344/2/173 347/3/173
f 345/1/1 348/2/1 344/3/1
f 350/1/174 345/2/174 346/3/174
f 347/1/175 348/2/175 351/3/175
f 348/3/1 353/4/1 352/2/1
f 354/1/176 349/2/176 350/3/176
f 351/1/177 352/2/177 355/3/177
f 352/3/1 357/4/1 356/2/1
f 358/1/178 353/2/178 354/3/178
f 355/1/179 356/2/179 359/3/179
f 357/1/1 360/2/1 356/3/1
f 362/1/180 357/2/180 358/3/180
f 359/1/181 360/2/181 363/3/181
f 360/3/1 365/4/1 364/2/1
f 366/1/182 361/2/182 362/3/182
f 363/1/183 364/2/183 367/3/183
f 365/1/1 368/2/1 364/3/1
f 370/1/184 365/2/184 366/3/184
f 367/1/185 368/2/185 371/3/185
f 369/1/1 372/2/1 368/3/1
f 374/1/186 369/2/186 370/3/186
f 371/1/187 372/2/187 375/3/187
f 373/1/1 376/2/1 372/3/1
f 378/1/188 373/2/188 374/3/188
f 375/1/189 376/2/189 379/3/189
f 376/3/1 381/4/1 380/2/1
f 382/1/190 377/2/190 378/3/190
f 379/1/191 380/2/191 383/3/191
f 380/3/1 385/4/1 384/2/1
f 386/1/192 381/2/192 382/3/192
f 383/1/193 384/2/193 387/3/193
f 385/1/1 388/2/1 384/3/1
f 390/1/194 385/2/194 386/3/194
f 387/1/195 388/2/195 391/3/195
f 389/1/1 392/2/1 388/3/1
f 394/1/196 389/2/196 390/3/196
f 391/1/197 392/2/197 395/3/197
f 392/3/1 397/4/1 396/2/1
f 398/1/198 393/2/198 394/3/198
f 395/1/199 396/2/199 399/3/199
f 396/3/1 401/4/1 400/2/1
f 402/1/200 397/2/200 398/3/200
f 399/1/201 400/2/201 403/3/201
f 400/3/1 405/4/1 404/2/1
f 406/1/202 401/2/202 402/3/202
f 403/1/203 404/2/203 407/3/203
f 405/1/1 408/2/1 404/3/1
f 410/1/204 405/2/204 406/3/204
f 407/1/205 408/2/205 411/3/205
f 408/3/1 413/4/1 412/2/1
f 414/1/206 409/2/206 410/3/206
f 411/1/207 412/2/207 415/3/207
f 413/1/1 416/2/1 412/3/1
f 418/1/208 413/2/208 414/3/208
f 415/1/209 416/2/209 419/3/209
f 417/1/1 420/2/1 416/3/1
f 422/1/210 417/2/210 418/3/210
f 419/1/211 420/2/211 423/3/211
f 420/3/1 425/4/1 424/2/1
f 426/1/212 421/2/212 422/3/212
f 423/1/213 424/2/213 427/3/213
f 424/3/1 429/4/1 428/2/1
f 430/1/214 425/2/214 426/3/214
f 427/1/215 428/2/215 431/3/215
f 429/1/1 432/2/1 428/3/1
f 434/1/216 429/2/216 430/3/216
f 431/1/217 432/2/217 435/3/217
f 433/1/1 436/2/1 432/3/1
f 438/1/218 433/2/218 434/3/218
f 435/1/219 436/2/219 439/3/219
f 436/3/1 441/4/1 440/2/1
f 442/1/220 437/2/220 438/3/220
f 439/1/221 440/2/221 443/3/221
f 440/3/1 445/4/1 444/2/1
f 446/1/222 441/2/222 442/3/222
f 443/1/223 444/2/223 447/3/223
f 444/3/1 449/4/1 448/2/1
f 450/1/224 445/2/224 446/3/224
f 447/1/225 448/2/225 451/3/225
f 449/1/1 452/2/1 448/3/1
f 454/1/226 449/2/226 450/3/226
f 451/1/227 452/2/227 455/3/227
f 452/3/1 457/4/1 456/2/1
f 458/1/228 453/2/228 454/3/228
f 455/1/229 456/2/229 459/3/229
f 456/3/1 461/4/1 460/2/1
f 462/1/230 457/2/230 458/3/230
f 459/1/231 460/2/231 463/3/231
f 461/1/1 464/2/1 460/3/1
f 466/1/232 461/2/232 462/3/232
f 463/1/233 464/2/233 467/3/233
f 464/3/1 469/4/1 468/2/1
f 470/1/234 465/2/234 466/3/234
f 467/1/235 468/2/235 471/3/235
f 469/1/1 472/2/1 468/3/1
f 474/1/236 469/2/236 470/3/236
f 471/1/237 472/2/237 475/3/237
f 472/3/1 477/4/1 476/2/1
f 478/1/238 473/2/238 474/3/238
f 475/1/239 476/2/239 479/3/239
f 476/3/1 481/4/1 480/2/1
f 482/1/240 477/2/240 478/3/240
f 479/1/241 480/2/241 483/3/241
f 481/1/1 484/2/1 480/3/1
f 486/1/242 481/2/242 482/3/242
f 483/1/243 484/2/243 487/3/243
f 484/3/1 489/4/1 488/2/1
f 490/1/244 485/2/244 486/3/244
f 487/1/245 488/2/245 491/3/245
f 489/1/1 492/2/1 488/3/1
f 494/1/246 489/2/246 490/3/246
f 491/1/247 492/2/247 495/3/247
f 493/1/1 496/2/1 492/3/1
f 498/1/248 493/2/248 494/3/248
f 495/1/249 496/2/249 499/3/249
f 496/3/1 501/4/1 500/2/1
f 502/1/250 497/2/250 498/3/250
f 499/1/251 500/2/251 503/3/251
f 501/1/1 504/2/1 500/3/1
f 506/1/252 501/2/252 502/3/252
f 503/1/253 504/2/253 507/3/253
f 504/3/1 509/4/1 508/2/1
f 510/1/254 505/2/254 506/3/254
f 507/1/255 508/2/255 511/3/255
f 509/1/1 512/2/1 508/3/1
f 514/1/256 509/2/256 510/3/256
f 511/1/257 512/2/257 515/3/257
f 513/1/1 516/2/1 512/3/1
f 518/1/3 513/2/3 514/3/3
f 515/1/2 516/2/2 519/3/2
f 517/1/1 520/2/1 516/3/1
f 522/1/5 517/2/5 518/3/5
f 519/1/4 520/2/4 523/3/4
f 520/3/1 525/4/1 524/2/1
f 526/1/7 521/2/7 522/3/7
f 523/1/6 524/2/6 527/3/6
f 525/1/1 528/2/1 524/3/1
f 530/1/9 525/2/9 526/3/9
f 527/1/8 528/2/8 531/3/8
f 528/3/1 533/4/1 532/2/1
f 534/1/11 529/2/11 530/3/11
f 531/1/10 532/2/10 535/3/10
f 533/1/1 536/2/1 532/3/1
f 538/1/13 533/2/13 534/3/13
f 535/1/12 536/2/12 539/3/12
f 537/1/1 540/2/1 536/3/1
f 542/1/15 537/2/15 538/3/15
f 539/1/14 540/2/14 543/3/14
f 541/1/1 544/2/1 540/3/1
f 546/1/17 541/2/17 542/3/17
f 543/1/16 544/2/16 547/3/16
f 545/1/1 548/2/1 544/3/1
f 550/1/19 545/2/19 546/3/19
f 547/1/18 548/2/18 551/3/18
f 549/1/1 552/2/1 548/3/1
f 554/1/21 549/2/21 550/3/21
f 551/1/20 552/2/20 555/3/20
f 552/3/1 557/4/1 556/2/1
f 558/1/23 553/2/23 554/3/23
f 555/1/22 556/2/22 559/3/22
f 557/1/1 560/2/1 556/3/1
f 562/1/25 557/2/25 558/3/25
f 559/1/24 560/2/24 563/3/24
f 561/1/1 564/2/1 560/3/1
f 566/1/27 561/2/27 562/3/27
f 563/1/26 564/2/26 567/3/26
f 565/1/1 568/2/1 564/3/1
f 570/1/29 565/2/29 566/3/29
f 567/1/28 568/2/28 571/3/28
f 569/1/1 572/2/1 568/3/1
f 574/1/31 569/2/31 570/3/31
f 571/1/30 572/2/30 575/3/30
f 572/3/1 577/4/1 576/2/1
f 578/1/33 573/2/33 574/3/33
f 575/1/32 576/2/32 579/3/32
f 577/1/1 580/2/1 576/3/1
f 582/1/35 577/2/35 578/3/35
f 579/1/34 580/2/34 583/3/34
f 581/1/1 584/2/1 580/3/1
f 586/1/37 581/2/37 582/3/37
f 583/1/36 584/2/36 587/3/36
f 585/1/1 588/2/1 584/3/1
f 590/1/39 585/2/39 586/3/39
f 587/1/38 588/2/38 591/3/38
f 588/3/1 593/4/1 592/2/1
f 594/1/41 589/2/41 590/3/41
f 591/1/40 592/2/40 595/3/40
f 592/3/1 597/4/1 596/2/1
f 598/1/43 593/2/43 594/3/43
f 595/1/42 596/2/42 599/3/42
f 597/1/1 600/2/1 596/3/1
f 602/1/45 597/2/45 598/3/45
f 599/1/44 600/2/44 603/3/44
f 601/1/1 604/2/1 600/3/1
f 606/1/47 601/2/47 602/3/47
f 603/1/46 604/2/46 607/3/46
f 604/3/1 609/4/1 608/2/1
f 610/1/49 605/2/49 606/3/49
f 607/1/48 608/2/48 611/3/48
f 608/3/1 613/4/1 612/2/1
f 614/1/51 609/2/51 610/3/51
f 611/1/50 612/2/50 615/3/50
f 613/1/1 616/2/1 612/3/1
f 618/1/53 613/2/53 614/3/53
f 615/1/52 616/2/52 619/3/52
f 616/3/1 621/4/1 620/2/1
f 622/1/55 617/2/55 618/3/55
f 619/1/54 620/2/54 623/3/54
f 621/1/1 624/2/1 620/3/1
f 626/1/57 621/2/57 622/3/57
f 623/1/56 624/2/56 627/3/56
f 625/1/1 628/2/1 624/3/1
f 630/1/59 625/2/59 626/3/59
f 627/1/58 628/2/58 631/3/58
f 629/1/1 632/2/1 628/3/1
f 634/1/61 629/2/61 630/3/61
f 631/1/60 632/2/60 635/3/60
f 632/3/1 637/4/1 636/2/1
f 638/1/63 633/2/63 634/3/63
f 635/1/62 636/2/62 639/3/62
f 636/3/1 641/4/1 640/2/1
f 642/1/65 637/2/65 638/3/65
f 639/1/64 640/2/64 643/3/64
f 641/1/1 644/2/1 640/3/1
f 646/1/67 641/2/67 642/3/67
f 643/1/66 644/2/66 647/3/66
f 645/1/1 648/2/1 644/3/1
f 650/1/69 645/2/69 646/3/69
f 647/1/68 648/2/68 651/3/68
f 648/3/1 653/4/1 652/2/1
f 654/1/71 649/2/71 650/3/71
f 651/1/70 652/2/70 655/3/70
f 652/3/1 657/4/1 656/2/1
f 658/1/73 653/2/73 654/3/73
f 655/1/72 656/2/72 659/3/72
f 656/3/1 661/4/1 660/2/1
f 662/1/75 657/2/75 658/3/75
f 659/1/74 660/2/74 663/3/74
f 661/1/1 664/2/1 660/3/1
f 666/1/77 661/2/77 662/3/77
f 663/1/76 664/2/76 667/3/76
f 664/3/1 669/4/1 668/2/1
f 670/1/79 665/2/79 666/3/79
f 667/1/78 668/2/78 671/3/78
f 669/1/1 672/2/1 668/3/1
f 674/1/81 669/2/81 670/3/81
f 671/1/80 672/2/80 675/3/80
f 673/1/1 676/2/1 672/3/1
f 678/1/83 673/2/83 674/3/83
f 675/1/82 676/2/82 679/3/82
f 676/3/1 681/4/1 680/2/1
f 682/1/85 677/2/85 678/3/85
f 679/1/84 680/2/84 683/3/84
f 680/3/1 685/4/1 684/2/1
f 686/1/87 681/2/87 682/3/87
f 683/1/86 684/2/86 687/3/86
f 685/1/1 688/2/1 684/3/1
f 690/1/89 685/2/89 686/3/89
f 687/1/88 688/2/88 691/3/88
f 689/1/1 692/2/1 688/3/1
f 694/1/91 689/2/91 690/3/91
f 691/1/90 692/2/90 695/3/90
f 692/3/1 697/4/1 696/2/1
f 698/1/93 693/2/93 694/3/93
f 695/1/92 696/2/92 699/3/92
f 696/3/1 701/4/1 700/2/1
f 702/1/95 697/2/95 698/3/95
f 699/1/94 700/2/94 703/3/94
f 700/3/1 705/4/1 704/2/1
f 706/1/97 701/2/97 702/3/97
f 703/1/96 704/2/96 707/3/96
f 705/1/1 708/2/1 704/3/1
f 710/1/99 705/2/99 706/3/99
f 707/1/98 708/2/98 711/3/98
f 708/3/1 713/4/1 712/2/1
f 714/1/101 709/2/101 710/3/101
f 711/1/100 712/2/100 715/3/100
f 712/3/1 717/4/1 716/2/1
f 718/1/103 713/2/103 714/3/103
f 715/1/102 716/2/102 719/3/102
f 717/1/1 720/2/1 716/3/1
f 722/1/105 717/2/105 718/3/105
f 719/1/104 720/2/104 723/3/104
f 720/3/1 725/4/1 724/2/1
f 726/1/107 721/2/107 722/3/107
f 723/1/106 724/2/106 727/3/106
f 725/1/1 728/2/1 724/3/1
f 730/1/109 725/2/109 726/3/109
f 727/1/108 728/2/108 731/3/108
f 728/3/1 733/4/1 732/2/1
f 734/1/111 729/2/111 730/3/111
f 731/1/110 732/2/110 735/3/110
f 732/3/1 737/4/1 736/2/1
f 738/1/113 733/2/113 734/3/113
f 735/1/112 736/2/112 739/3/112
f 737/1/1 740/2/1 736/3/1
f 742/1/115 737/2/115 738/3/115
f 739/1/114 740/2/114 743/3/114
f 740/3/1 745/4/1 744/2/1
f 746/1/117 741/2/117 742/3/117
f 743/1/116 744/2/116 747/3/116
f 745/1/1 748/2/1 744/3/1
f 750/1/119 745/2/119 746/3/119
f 747/1/118 748/2/118 751/3/118
f 749/1/1 752/2/1 748/3/1
f 754/1/121 749/2/121 750/3/121
f 751/1/120 752/2/120 755/3/120
f 752/3/1 757/4/1 756/2/1
f 758/1/123 753/2/123 754/3/123
f 755/1/122 756/2/122 759/3/122
f 757/1/1 760/2/1 756/3/1
f 762/1/125 757/2/125 758/3/125
f 759/1/124 760/2/124 763/3/124
f 760/3/1 765/4/1 764/2/1
f 766/1/127 761/2/127 762/3/127
f 763/1/126 764/2/126 767/3/126
f 765/1/1 768/2/1 764/3/1
f 770/1/129 765/2/129 766/3/129
f 767/1/128 768/2/128 771/3/128
f 769/1/1 772/2/1 768/3/1
f 774/1/131 769/2/131 770/3/131
f 771/1/130 772/2/130 775/3/130
f 773/1/1 776/2/1 772/3/1
f 778/1/133 773/2/133 774/3/133
f 775/1/132 776/2/132 779/3/132
f 776/3/1 781/4/1 780/2/1
f 782/1/135 777/2/135 778/3/135
f 779/1/134 780/2/134 783/3/134
f 781/1/1 784/2/1 780/3/1
f 786/1/137 781/2/137 782/3/137
f 783/1/136 784/2/136 787/3/136
f 784/3/1 789/4/1 788/2/1
f 790/1/139 785/2/139 786/3/139
f 787/1/138 788/2/138 791/3/138
f 789/1/1 792/2/1 788/3/1
f 794/1/141 789/2/141 790/3/141
f 791/1/140 792/2/140 795/3/140
f 793/1/1 796/2/1 792/3/1
f 798/1/258 793/2/258 794/3/258
f 795/1/259 796/2/259 799/3/259
f 797/1/1 800/2/1 796/3/1
f 802/1/145 797/2/145 798/3/145
f 799/1/144 800/2/144 803/3/144
f 801/1/1 804/2/1 800/3/1
f 806/1/147 801/2/147 802/3/147
f 803/1/146 804/2/146 807/3/146
f 805/1/1 808/2/1 804/3/1
f 810/1/149 805/2/149 806/3/149
f 807/1/148 808/2/148 811/3/148
f 808/3/1 813/4/1 812/2/1
f 814/1/151 809/2/151 810/3/151
f 811/1/150 812/2/150 815/3/150
f 813/1/1 816/2/1 812/3/1
f 818/1/153 813/2/153 814/3/153
f 815/1/152 816/2/152 819/3/152
f 817/1/1 820/2/1 816/3/1
f 822/1/155 817/2/155 818/3/155
f 819/1/154 820/2/154 823/3/154
f 821/1/1 824/2/1 820/3/1
f 826/1/157 821/2/157 822/3/157
f 823/1/156 824/2/156 827/3/156
f 825/1/1 828/2/1 824/3/1
f 830/1/159 825/2/159 826/3/159
f 827/1/158 828/2/158 831/3/158
f 828/3/1 833/4/1 832/2/1
f 834/1/161 829/2/161 830/3/161
f 831/1/160 832/2/160 835/3/160
f 833/1/1 836/2/1 832/3/1
f 838/1/163 833/2/163 834/3/163
f 835/1/162 836/2/162 839/3/162
f 837/1/1 840/2/1 836/3/1
f 842/1/165 837/2/165 838/3/165
f 839/1/164 840/2/164 843/3/164
f 841/1/1 844/2/1 840/3/1
f 846/1/167 841/2/167 842/3/167
f 843/1/166 844/2/166 847/3/166
f 844/3/1 849/4/1 848/2/1
f 850/1/169 845/2/169 846/3/169
f 847/1/168 848/2/168 851/3/168
f 848/3/1 853/4/1 852/2/1
f 854/1/171 849/2/171 850/3/171
f 851/1/170 852/2/170 855/3/170
f 853/1/1 856/2/1 852/3/1
f 858/1/173 853/2/173 854/3/173
f 855/1/172 856/2/172 859/3/172
f 857/1/1 860/2/1 856/3/1
f 862/1/175 857/2/175 858/3/175
f 859/1/174 860/2/174 863/3/174
f 860/3/1 865/4/1 864/2/1
f 866/1/177 861/2/177 862/3/177
f 863/1/176 864/2/176 867/3/176
f 864/3/1 869/4/1 868/2/1
f 870/1/179 865/2/179 866/3/179
f 867/1/178 868/2/178 871/3/178
f 869/1/1 872/2/1 868/3/1
f 874/1/181 869/2/181 870/3/181
f 871/1/180 872/2/180 875/3/180
f 872/3/1 877/4/1 876/2/1
f 878/1/183 873/2/183 874/3/183
f 875/1/182 876/2/182 879/3/182
f 877/1/1 880/2/1 876/3/1
f 882/1/185 877/2/185 878/3/185
f 879/1/184 880/2/184 883/3/184
f 881/1/1 884/2/1 880/3/1
f 886/1/187 881/2/187 882/3/187
f 883/1/186 884/2/186 887/3/186
f 885/1/1 888/2/1 884/3/1
f 890/1/189 885/2/189 886/3/189
f 887/1/188 888/2/188 891/3/188
f 888/3/1 893/4/1 892/2/1
f 894/1/191 889/2/191 890/3/191
f 891/1/190 892/2/190 895/3/190
f 892/3/1 897/4/1 896/2/1
f 898/1/193 893/2/193 894/3/193
f 895/1/192 896/2/192 899/3/192
f 897/1/1 900/2/1 896/3/1
f 902/1/195 897/2/195 898/3/195
f 899/1/194 900/2/194 903/3/194
f 901/1/1 904/2/1 900/3/1
f 906/1/197 901/2/197 902/3/197
f 903/1/196 904/2/196 907/3/196
f 904/3/1 909/4/1 908/2/1
f 910/1/199 905/2/199 906/3/199
f 907/1/198 908/2/198 911/3/198
f 908/3/1 913/4/1 912/2/1
f 914/1/201 909/2/201 910/3/201
f 911/1/200 912/2/200 915/3/200
f 912/3/1 917/4/1 916/2/1
f 918/1/203 913/2/203 914/3/203
f 915/1/202 916/2/202 919/3/202
f 917/1/1 920/2/1 916/3/1
f 922/1/205 917/2/205 918/3/205
f 919/1/204 920/2/204 923/3/204
f 920/3/1 925/4/1 924/2/1
f 926/1/207 921/2/207 922/3/207
f 923/1/206 924/2/206 927/3/206
f 925/1/1 928/2/1 924/3/1
f 930/1/209 925/2/209 926/3/209
f 927/1/208 928/2/208 931/3/208
f 929/1/1 932/2/1 928/3/1
f 934/1/211 929/2/211 930/3/211
f 931/1/210 932/2/210 935/3/210
f 932/3/1 937/4/1 936/2/1
f 938/1/213 933/2/213 934/3/213
f 935/1/212 936/2/212 939/3/212
f 936/3/1 941/4/1 940/2/1
f 942/1/215 937/2/215 938/3/215
f 939/1/214 940/2/214 943/3/214
f 941/1/1 944/2/1 940/3/1
f 946/1/217 941/2/217 942/3/217
f 943/1/216 944/2/216 947/3/216
f 945/1/1 948/2/1 944/3/1
f 950/1/219 945/2/219 946/3/219
f 947/1/218 948/2/218 951/3/218
f 948/3/1 953/4/1 952/2/1
f 954/1/221 949/2/221 950/3/221
f 951/1/220 952/2/220 955/3/220
f 952/3/1 957/4/1 956/2/1
f 958/1/223 953/2/223 954/3/223
f 955/1/222 956/2/222 959/3/222
f 956/3/1 961/4/1 960/2/1
f 962/1/225 957/2/225 958/3/225
f 959/1/224 960/2/224 963/3/224
f 961/1/1 964/2/1 960/3/1
f 966/1/227 961/2/227 962/3/227
f 963/1/226 964/2/226 967/3/226
f 964/3/1 969/4/1 968/2/1
f 970/1/229 965/2/229 966/3/229
f 967/1/228 968/2/228 971/3/228
f 968/3/1 973/4/1 972/2/1
f 974/1/231 969/2/231 970/3/231
f 971/1/230 972/2/230 975/3/230
f 973/1/1 976/2/1 972/3/1
f 978/1/233 973/2/233 974/3/233
f 975/1/232 976/2/232 979/3/232
f 976/3/1 981/4/1 980/2/1
f 982/1/235 977/2/235 978/3/235
f 979/1/234 980/2/234 983/3/234
f 981/1/1 984/2/1 980/3/1
f 986/1/237 981/2/237 982/3/237
f 983/1/236 984/2/236 987/3/236
f 984/3/1 989/4/1 988/2/1
f 990/1/239 985/2/239 986/3/239
f 987/1/238 988/2/238 991/3/238
f 988/3/1 993/4/1 992/2/1
f 994/1/241 989/2/241 990/3/241
f 991/1/240 992/2/240 995/3/240
f 993/1/1 996/2/1 992/3/1
f 998/1/243 993/2/243 994/3/243
f 995/1/242 996/2/242 999/3/242
f 996/3/1 1001/4/1 1000/2/1
f 1002/1/245 997/2/245 998/3/245
f 999/1/244 1000/2/244 1003/3/244
f 1001/1/1 1004/2/1 1000/3/1
f 1006/1/247 1001/2/247 1002/3/247
f 1003/1/246 1004/2/246 1007/3/246
f 1005/1/1 1008/2/1 1004/3/1
f 1010/1/249 1005/2/249 1006/3/249
f 1007/1/248 1008/2/248 1011/3/248
f 1008/3/1 1013/4/1 1012/2/1
f 1014/1/251 1009/2/251 1010/3/251
f 1011/1/250 1012/2/250 1015/3/250
f 1013/1/1 1016/2/1 1012/3/1
f 1018/1/253 1013/2/253 1014/3/253
f 1015/1/252 1016/2/252 1019/3/252
f 1016/3/1 1021/4/1 1020/2/1
f 1022/1/255 1017/2/255 1018/3/255
f 1019/1/254 1020/2/254 1023/3/254
f 1021/1/1 1/2/1 1020/3/1
f 1024/1/257 1021/2/257 1022/3/257
f 1023/1/256 1/2/256 7/3/256
f 2045/3/1 1026/4/1 1025/2/1
f 1027/1/2 2046/2/2 2047/3/2
f 2048/1/3 1025/2/3 1028/3/3
f 1026/1/1 1029/2/1 1025/3/1
f 1031/1/4 1026/2/4 1027/3/4
f 1028/1/5 1029/2/5 1032/3/5
f 1029/3/1 1034/4/1 1033/2/1
f 1035/1/6 1030/2/6 1031/3/6
f 1032/1/7 1033/2/7 1036/3/7
f 1034/1/1 1037/2/1 1033/3/1
f 1039/1/8 1034/2/8 1035/3/8
f 1036/1/9 1037/2/9 1040/3/9
f 1037/3/1 1042/4/1 1041/2/1
f 1043/1/10 1038/2/10 1039/3/10
f 1040/1/11 1041/2/11 1044/3/11
f 1042/1/1 1045/2/1 1041/3/1
f 1047/1/12 1042/2/12 1043/3/12
f 1044/1/13 1045/2/13 1048/3/13
f 1045/3/1 1050/4/1 1049/2/1
f 1051/1/14 1046/2/14 1047/3/14
f 1048/1/15 1049/2/15 1052/3/15
f 1049/3/1 1054/4/1 1053/2/1
f 1055/1/16 1050/2/16 1051/3/16
f 1052/1/17 1053/2/17 1056/3/17
f 1053/3/1 1058/4/1 1057/2/1
f 1059/1/18 1054/2/18 1055/3/18
f 1056/1/19 1057/2/19 1060/3/19
f 1058/1/1 1061/2/1 1057/3/1
f 1063/1/20 1058/2/20 1059/3/20
f 1060/1/21 1061/2/21 1064/3/21
f 1061/3/1 1066/4/1 1065/2/1
f 1067/1/22 1062/2/22 1063/3/22
f 1064/1/23 1065/2/23 1068/3/23
f 1065/3/1 1070/4/1 1069/2/1
f 1071/1/24 1066/2/24 1067/3/24
f 1068/1/25 1069/2/25 1072/3/25
f 1070/1/1 1073/2/1 1069/3/1
f 1075/1/26 1070/2/26 1071/3/26
f 1072/1/27 1073/2/27 1076/3/27
f 1074/1/1 1077/2/1 1073/3/1
f 1079/1/28 1074/2/28 1075/3/28
f 1076/1/29 1077/2/29 1080/3/29
f 1077/3/1 1082/4/1 1081/2/1
f 1083/1/30 1078/2/30 1079/3/30
f 1080/1/31 1081/2/31 1084/3/31
f 1082/1/1 1085/2/1 1081/3/1
f 1087/1/32 1082/2/32 1083/3/32
f 1084/1/33 1085/2/33 1088/3/33
f 1085/3/1 1090/4/1 1089/2/1
f 1091/1/34 1086/2/34 1087/3/34
f 1088/1/35 1089/2/35 1092/3/35
f 1089/3/1 1094/4/1 1093/2/1
f 1095/1/36 1090/2/36 1091/3/36
f 1092/1/37 1093/2/37 1096/3/37
f 1093/3/1 1098/4/1 1097/2/1
f 1099/1/38 1094/2/38 1095/3/38
f 1096/1/39 1097/2/39 1100/3/39
f 1098/1/1 1101/2/1 1097/3/1
f 1103/1/40 1098/2/40 1099/3/40
f 1100/1/41 1101/2/41 1104/3/41
f 1101/3/1 1106/4/1 1105/2/1
f 1107/1/42 1102/2/42 1103/3/42
f 1104/1/43 1105/2/43 1108/3/43
f 1106/1/1 1109/2/1 1105/3/1
f 1111/1/44 1106/2/44 1107/3/44
f 1108/1/45 1109/2/45 1112/3/45
f 1110/1/1 1113/2/1 1109/3/1
f 1115/1/46 1110/2/46 1111/3/46
f 1112/1/47 1113/2/47 1116/3/47
f 1114/1/1 1117/2/1 1113/3/1
f 1119/1/48 1114/2/48 1115/3/48
f 1116/1/49 1117/2/49 1120/3/49
f 1117/3/1 1122/4/1 1121/2/1
f 1123/1/50 1118/2/50 1119/3/50
f 1120/1/51 1121/2/51 1124/3/51
f 1122/1/1 1125/2/1 1121/3/1
f 1127/1/52 1122/2/52 1123/3/52
f 1124/1/53 1125/2/53 1128/3/53
f 1126/1/1 1129/2/1 1125/3/1
f 1131/1/54 1126/2/54 1127/3/54
f 1128/1/55 1129/2/55 1132/3/55
f 1130/1/1 1133/2/1 1129/3/1
f 1135/1/56 1130/2/56 1131/3/56
f 1132/1/57 1133/2/57 1136/3/57
f 1134/1/1 1137/2/1 1133/3/1
f 1139/1/58 1134/2/58 1135/3/58
f 1136/1/59 1137/2/59 1140/3/59
f 1138/1/1 1141/2/1 1137/3/1
f 1143/1/60 1138/2/60 1139/3/60
f 1140/1/61 1141/2/61 1144/3/61
f 1142/1/1 1145/2/1 1141/3/1
f 1147/1/62 1142/2/62 1143/3/62
f 1144/1/63 1145/2/63 1148/3/63
f 1145/3/1 1150/4/1 1149/2/1
f 1151/1/64 1146/2/64 1147/3/64
f 1148/1/65 1149/2/65 1152/3/65
f 1150/1/1 1153/2/1 1149/3/1
f 1155/1/66 1150/2/66 1151/3/66
f 1152/1/67 1153/2/67 1156/3/67
f 1153/3/1 1158/4/1 1157/2/1
f 1159/1/68 1154/2/68 1155/3/68
f 1156/1/69 1157/2/69 1160/3/69
f 1157/3/1 1162/4/1 1161/2/1
f 1163/1/70 1158/2/70 1159/3/70
f 1160/1/71 1161/2/71 1164/3/71
f 1161/3/1 1166/4/1 1165/2/1
f 1167/1/72 1162/2/72 1163/3/72
f 1164/1/73 1165/2/73 1168/3/73
f 1165/3/1 1170/4/1 1169/2/1
f 1171/1/74 1166/2/74 1167/3/74
f 1168/1/75 1169/2/75 1172/3/75
f 1169/3/1 1174/4/1 1173/2/1
f 1175/1/76 1170/2/76 1171/3/76
f 1172/1/77 1173/2/77 1176/3/77
f 1174/1/1 1177/2/1 1173/3/1
f 1179/1/78 1174/2/78 1175/3/78
f 1176/1/79 1177/2/79 1180/3/79
f 1178/1/1 1181/2/1 1177/3/1
f 1183/1/80 1178/2/80 1179/3/80
f 1180/1/81 1181/2/81 1184/3/81
f 1181/3/1 1186/4/1 1185/2/1
f 1187/1/82 1182/2/82 1183/3/82
f 1184/1/83 1185/2/83 1188/3/83
f 1185/3/1 1190/4/1 1189/2/1
f 1191/1/84 1186/2/84 1187/3/84
f 1188/1/85 1189/2/85 1192/3/85
f 1189/3/1 1194/4/1 1193/2/1
f 1195/1/86 1190/2/86 1191/3/86
f 1192/1/87 1193/2/87 1196/3/87
f 1194/1/1 1197/2/1 1193/3/1
f 1199/1/88 1194/2/88 1195/3/88
f 1196/1/89 1197/2/89 1200/3/89
f 1197/3/1 1202/4/1 1201/2/1
f 1203/1/90 1198/2/90 1199/3/90
f 1200/1/91 1201/2/91 1204/3/91
f 1201/3/1 1206/4/1 1205/2/1
f 1207/1/92 1202/2/92 1203/3/92
f 1204/1/93 1205/2/93 1208/3/93
f 1206/1/1 1209/2/1 1205/3/1
f 1211/1/94 1206/2/94 1207/3/94
f 1208/1/95 1209/2/95 1212/3/95
f 1210/1/1 1213/2/1 1209/3/1
f 1215/1/96 1210/2/96 1211/3/96
f 1212/1/97 1213/2/97 1216/3/97
f 1213/3/1 1218/4/1 1217/2/1
f 1219/1/98 1214/2/98 1215/3/98
f 1216/1/99 1217/2/99 1220/3/99
f 1218/1/1 1221/2/1 1217/3/1
f 1223/1/100 1218/2/100 1219/3/100
f 1220/1/101 1221/2/101 1224/3/101
f 1221/3/1 1226/4/1 1225/2/1
f 1227/1/102 1222/2/102 1223/3/102
f 1224/1/103 1225/2/103 1228/3/103
f 1225/3/1 1230/4/1 1229/2/1
f 1231/1/104 1226/2/104 1227/3/104
f 1228/1/105 1229/2/105 1232/3/105
f 1230/1/1 1233/2/1 1229/3/1
f 1235/1/106 1230/2/106 1231/3/106
f 1232/1/107 1233/2/107 1236/3/107
f 1234/1/1 1237/2/1 1233/3/1
f 1239/1/108 1234/2/108 1235/3/108
f 1236/1/109 1237/2/109 1240/3/109
f 1237/3/1 1242/4/1 1241/2/1
f 1243/1/110 1238/2/110 1239/3/110
f 1240/1/111 1241/2/111 1244/3/111
f 1242/1/1 1245/2/1 1241/3/1
f 1247/1/112 1242/2/112 1243/3/112
f 1244/1/113 1245/2/113 1248/3/113
f 1246/1/1 1249/2/1 1245/3/1
f 1251/1/114 1246/2/114 1247/3/114
f 1248/1/115 1249/2/115 1252/3/115
f 1250/1/1 1253/2/1 1249/3/1
f 1255/1/116 1250/2/116 1251/3/116
f 1252/1/117 1253/2/117 1256/3/117
f 1253/3/1 1258/4/1 1257/2/1
f 1259/1/118 1254/2/118 1255/3/118
f 1256/1/119 1257/2/119 1260/3/119
f 1258/1/1 1261/2/1 1257/3/1
f 1263/1/120 1258/2/120 1259/3/120
f 1260/1/121 1261/2/121 1264/3/121
f 1262/1/1 1265/2/1 1261/3/1
f 1267/1/122 1262/2/122 1263/3/122
f 1264/1/123 1265/2/123 1268/3/123
f 1266/1/1 1269/2/1 1265/3/1
f 1271/1/124 1266/2/124 1267/3/124
f 1268/1/125 1269/2/125 1272/3/125
f 1269/3/1 1274/4/1 1273/2/1
f 1275/1/126 1270/2/126 1271/3/126
f 1272/1/127 1273/2/127 1276/3/127
f 1274/1/1 1277/2/1 1273/3/1
f 1279/1/128 1274/2/128 1275/3/128
f 1276/1/129 1277/2/129 1280/3/129
f 1277/3/1 1282/4/1 1281/2/1
f 1283/1/130 1278/2/130 1279/3/130
f 1280/1/131 1281/2/131 1284/3/131
f 1282/1/1 1285/2/1 1281/3/1
f 1287/1/132 1282/2/132 1283/3/132
f 1284/1/133 1285/2/133 1288/3/133
f 1285/3/1 1290/4/1 1289/2/1
f 1291/1/134 1286/2/134 1287/3/134
f 1288/1/135 1289/2/135 1292/3/135
f 1290/1/1 1293/2/1 1289/3/1
f 1295/1/136 1290/2/136 1291/3/136
f 1292/1/137 1293/2/137 1296/3/137
f 1293/3/1 1298/4/1 1297/2/1
f 1299/1/138 1294/2/138 1295/3/138
f 1296/1/139 1297/2/139 1300/3/139
f 1298/1/1 1301/2/1 1297/3/1
f 1303/1/140 1298/2/140 1299/3/140
f 1300/1/141 1301/2/141 1304/3/141
f 1301/3/1 1306/4/1 1305/2/1
f 1307/1/259 1302/2/259 1303/3/259
f 1304/1/143 1305/2/143 1308/3/143
f 1305/3/1 1310/4/1 1309/2/1
f 1311/1/144 1306/2/144 1307/3/144
f 1308/1/145 1309/2/145 1312/3/145
f 1309/3/1 1314/4/1 1313/2/1
f 1315/1/146 1310/2/146 1311/3/146
f 1312/1/147 1313/2/147 1316/3/147
f 1314/1/1 1317/2/1 1313/3/1
f 1319/1/148 1314/2/148 1315/3/148
f 1316/1/149 1317/2/149 1320/3/149
f 1317/3/1 1322/4/1 1321/2/1
f 1323/1/150 1318/2/150 1319/3/150
f 1320/1/151 1321/2/151 1324/3/151
f 1321/3/1 1326/4/1 1325/2/1
f 1327/1/152 1322/2/152 1323/3/152
f 1324/1/153 1325/2/153 1328/3/153
f 1326/1/1 1329/2/1 1325/3/1
f 1331/1/154 1326/2/154 1327/3/154
f 1328/1/155 1329/2/155 1332/3/155
f 1330/1/1 1333/2/1 1329/3/1
f 1335/1/156 1330/2/156 1331/3/156
f 1332/1/157 1333/2/157 1336/3/157
f 1333/3/1 1338/4/1 1337/2/1
f 1339/1/158 1334/2/158 1335/3/158
f 1336/1/159 1337/2/159 1340/3/159
f 1338/1/1 1341/2/1 1337/3/1
f 1343/1/160 1338/2/160 1339/3/160
f 1340/1/161 1341/2/161 1344/3/161
f 1341/3/1 1346/4/1 1345/2/1
f 1347/1/162 1342/2/162 1343/3/162
f 1344/1/163 1345/2/163 1348/3/163
f 1345/3/1 1350/4/1 1349/2/1
f 1351/1/164 1346/2/164 1347/3/164
f 1348/1/165 1349/2/165 1352/3/165
f 1349/3/1 1354/4/1 1353/2/1
f 1355/1/166 1350/2/166 1351/3/166
f 1352/1/167 1353/2/167 1356/3/167
f 1354/1/1 1357/2/1 1353/3/1
f 1359/1/168 1354/2/168 1355/3/168
f 1356/1/169 1357/2/169 1360/3/169
f 1357/3/1 1362/4/1 1361/2/1
f 1363/1/170 1358/2/170 1359/3/170
f 1360/1/171 1361/2/171 1364/3/171
f 1362/1/1 1365/2/1 1361/3/1
f 1367/1/172 1362/2/172 1363/3/172
f 1364/1/173 1365/2/173 1368/3/173
f 1366/1/1 1369/2/1 1365/3/1
f 1371/1/174 1366/2/174 1367/3/174
f 1368/1/175 1369/2/175 1372/3/175
f 1370/1/1 1373/2/1 1369/3/1
f 1375/1/176 1370/2/176 1371/3/176
f 1372/1/177 1373/2/177 1376/3/177
f 1373/3/1 1378/4/1 1377/2/1
f 1379/1/178 1374/2/178 1375/3/178
f 1376/1/179 1377/2/179 1380/3/179
f 1378/1/1 1381/2/1 1377/3/1
f 1383/1/180 1378/2/180 1379/3/180
f 1380/1/181 1381/2/181 1384/3/181
f 1382/1/1 1385/2/1 1381/3/1
f 1387/1/182 1382/2/182 1383/3/182
f 1384/1/183 1385/2/183 1388/3/183
f 1386/1/1 1389/2/1 1385/3/1
f 1391/1/184 1386/2/184 1387/3/184
f 1388/1/185 1389/2/185 1392/3/185
f 1390/1/1 1393/2/1 1389/3/1
f 1395/1/186 1390/2/186 1391/3/186
f 1392/1/187 1393/2/187 1396/3/187
f 1394/1/1 1397/2/1 1393/3/1
f 1399/1/188 1394/2/188 1395/3/188
f 1396/1/189 1397/2/189 1400/3/189
f 1398/1/1 1401/2/1 1397/3/1
f 1403/1/190 1398/2/190 1399/3/190
f 1400/1/191 1401/2/191 1404/3/191
f 1401/3/1 1406/4/1 1405/2/1
f 1407/1/192 1402/2/192 1403/3/192
f 1404/1/193 1405/2/193 1408/3/193
f 1406/1/1 1409/2/1 1405/3/1
f 1411/1/194 1406/2/194 1407/3/194
f 1408/1/195 1409/2/195 1412/3/195
f 1409/3/1 1414/4/1 1413/2/1
f 1415/1/196 1410/2/196 1411/3/196
f 1412/1/197 1413/2/197 1416/3/197
f 1413/3/1 1418/4/1 1417/2/1
f 1419/1/198 1414/2/198 1415/3/198
f 1416/1/199 1417/2/199 1420/3/199
f 1417/3/1 1422/4/1 1421/2/1
f 1423/1/200 1418/2/200 1419/3/200
f 1420/1/201 1421/2/201 1424/3/201
f 1421/3/1 1426/4/1 1425/2/1
f 1427/1/202 1422/2/202 1423/3/202
f 1424/1/203 1425/2/203 1428/3/203
f 1425/3/1 1430/4/1 1429/2/1
f 1431/1/204 1426/2/204 1427/3/204
f 1428/1/205 1429/2/205 1432/3/205
f 1430/1/1 1433/2/1 1429/3/1
f 1435/1/206 1430/2/206 1431/3/206
f 1432/1/207 1433/2/207 1436/3/207
f 1434/1/1 1437/2/1 1433/3/1
f 1439/1/208 1434/2/208 1435/3/208
f 1436/1/209 1437/2/209 1440/3/209
f 1437/3/1 1442/4/1 1441/2/1
f 1443/1/210 1438/2/210 1439/3/210
f 1440/1/211 1441/2/211 1444/3/211
f 1441/3/1 1446/4/1 1445/2/1
f 1447/1/212 1442/2/212 1443/3/212
f 1444/1/213 1445/2/213 1448/3/213
f 1445/3/1 1450/4/1 1449/2/1
f 1451/1/214 1446/2/214 1447/3/214
f 1448/1/215 1449/2/215 1452/3/215
f 1450/1/1 1453/2/1 1449/3/1
f 1455/1/216 1450/2/216 1451/3/216
f 1452/1/217 1453/2/217 1456/3/217
f 1453/3/1 1458/4/1 1457/2/1
f 1459/1/218 1454/2/218 1455/3/218
f 1456/1/219 1457/2/219 1460/3/219
f 1457/3/1 1462/4/1 1461/2/1
f 1463/1/220 1458/2/220 1459/3/220
f 1460/1/221 1461/2/221 1464/3/221
f 1462/1/1 1465/2/1 1461/3/1
f 1467/1/222 1462/2/222 1463/3/222
f 1464/1/223 1465/2/223 1468/3/223
f 1466/1/1 1469/2/1 1465/3/1
f 1471/1/224 1466/2/224 1467/3/224
f 1468/1/225 1469/2/225 1472/3/225
f 1469/3/1 1474/4/1 1473/2/1
f 1475/1/226 1470/2/226 1471/3/226
f 1472/1/227 1473/2/227 1476/3/227
f 1474/1/1 1477/2/1 1473/3/1
f 1479/1/228 1474/2/228 1475/3/228
f 1476/1/229 1477/2/229 1480/3/229
f 1477/3/1 1482/4/1 1481/2/1
f 1483/1/230 1478/2/230 1479/3/230
f 1480/1/231 1481/2/231 1484/3/231
f 1481/3/1 1486/4/1 1485/2/1
f 1487/1/232 1482/2/232 1483/3/232
f 1484/1/233 1485/2/233 1488/3/233
f 1486/1/1 1489/2/1 1485/3/1
f 1491/1/234 1486/2/234 1487/3/234
f 1488/1/235 1489/2/235 1492/3/235
f 1490/1/1 1493/2/1 1489/3/1
f 1495/1/236 1490/2/236 1491/3/236
f 1492/1/237 1493/2/237 1496/3/237
f 1493/3/1 1498/4/1 1497/2/1
f 1499/1/238 1494/2/238 1495/3/238
f 1496/1/239 1497/2/239 1500/3/239
f 1498/1/1 1501/2/1 1497/3/1
f 1503/1/240 1498/2/240 1499/3/240
f 1500/1/241 1501/2/241 1504/3/241
f 1502/1/1 1505/2/1 1501/3/1
f 1507/1/242 1502/2/242 1503/3/242
f 1504/1/243 1505/2/243 1508/3/243
f 1506/1/1 1509/2/1 1505/3/1
f 1511/1/244 1506/2/244 1507/3/244
f 1508/1/245 1509/2/245 1512/3/245
f 1509/3/1 1514/4/1 1513/2/1
f 1515/1/246 1510/2/246 1511/3/246
f 1512/1/247 1513/2/247 1516/3/247
f 1514/1/1 1517/2/1 1513/3/1
f 1519/1/248 1514/2/248 1515/3/248
f 1516/1/249 1517/2/249 1520/3/249
f 1518/1/1 1521/2/1 1517/3/1
f 1523/1/250 1518/2/250 1519/3/250
f 1520/1/251 1521/2/251 1524/3/251
f 1522/1/1 1525/2/1 1521/3/1
f 1527/1/252 1522/2/252 1523/3/252
f 1524/1/253 1525/2/253 1528/3/253
f 1525/3/1 1530/4/1 1529/2/1
f 1531/1/254 1526/2/254 1527/3/254
f 1528/1/255 1529/2/255 1532/3/255
f 1530/1/1 1533/2/1 1529/3/1
f 1535/1/256 1530/2/256 1531/3/256
f 1532/1/257 1533/2/257 1536/3/257
f 1533/3/1 1538/4/1 1537/2/1
f 1539/1/3 1534/2/3 1535/3/3
f 1536/1/2 1537/2/2 1540/3/2
f 1538/1/1 1541/2/1 1537/3/1
f 1543/1/5 1538/2/5 1539/3/5
f 1540/1/4 1541/2/4 1544/3/4
f 1541/3/1 1546/4/1 1545/2/1
f 1547/1/7 1542/2/7 1543/3/7
f 1544/1/6 1545/2/6 1548/3/6
f 1546/1/1 1549/2/1 1545/3/1
f 1551/1/9 1546/2/9 1547/3/9
f 1548/1/8 1549/2/8 1552/3/8
f 1549/3/1 1554/4/1 1553/2/1
f 1555/1/11 1550/2/11 1551/3/11
f 1552/1/10 1553/2/10 1556/3/10
f 1554/1/1 1557/2/1 1553/3/1
f 1559/1/13 1554/2/13 1555/3/13
f 1556/1/12 1557/2/12 1560/3/12
f 1557/3/1 1562/4/1 1561/2/1
f 1563/1/15 1558/2/15 1559/3/15
f 1560/1/14 1561/2/14 1564/3/14
f 1561/3/1 1566/4/1 1565/2/1
f 1567/1/17 1562/2/17 1563/3/17
f 1564/1/16 1565/2/16 1568/3/16
f 1565/3/1 1570/4/1 1569/2/1
f 1571/1/19 1566/2/19 1567/3/19
f 1568/1/18 1569/2/18 1572/3/18
f 1570/1/1 1573/2/1 1569/3/1
f 1575/1/21 1570/2/21 1571/3/21
f 1572/1/20 1573/2/20 1576/3/20
f 1573/3/1 1578/4/1 1577/2/1
f 1579/1/23 1574/2/23 1575/3/23
f 1576/1/22 1577/2/22 1580/3/22
f 1577/3/1 1582/4/1 1581/2/1
f 1583/1/25 1578/2/25 1579/3/25
f 1580/1/24 1581/2/24 1584/3/24
f 1582/1/1 1585/2/1 1581/3/1
f 1587/1/27 1582/2/27 1583/3/27
f 1584/1/26 1585/2/26 1588/3/26
f 1586/1/1 1589/2/1 1585/3/1
f 1591/1/29 1586/2/29 1587/3/29
f 1588/1/28 1589/2/28 1592/3/28
f 1589/3/1 1594/4/1 1593/2/1
f 1595/1/31 1590/2/31 1591/3/31
f 1592/1/30 1593/2/30 1596/3/30
f 1594/1/1 1597/2/1 1593/3/1
f 1599/1/33 1594/2/33 1595/3/33
f 1596/1/32 1597/2/32 1600/3/32
f 1597/3/1 1602/4/1 1601/2/1
f 1603/1/35 1598/2/35 1599/3/35
f 1600/1/34 1601/2/34 1604/3/34
f 1601/3/1 1606/4/1 1605/2/1
f 1607/1/37 1602/2/37 1603/3/37
f 1604/1/36 1605/2/36 1608/3/36
f 1605/3/1 1610/4/1 1609/2/1
f 1611/1/39 1606/2/39 1607/3/39
f 1608/1/38 1609/2/38 1612/3/38
f 1610/1/1 1613/2/1 1609/3/1
f 1615/1/41 1610/2/41 1611/3/41
f 1612/1/40 1613/2/40 1616/3/40
f 1613/3/1 1618/4/1 1617/2/1
f 1619/1/43 1614/2/43 1615/3/43
f 1616/1/42 1617/2/42 1620/3/42
f 1618/1/1 1621/2/1 1617/3/1
f 1623/1/45 1618/2/45 1619/3/45
f 1620/1/44 1621/2/44 1624/3/44
f 1622/1/1 1625/2/1 1621/3/1
f 1627/1/47 1622/2/47 1623/3/47
f 1624/1/46 1625/2/46 1628/3/46
f 1626/1/1 1629/2/1 1625/3/1
f 1631/1/49 1626/2/49 1627/3/49
f 1628/1/48 1629/2/48 1632/3/48
f 1629/3/1 1634/4/1 1633/2/1
f 1635/1/51 1630/2/51 1631/3/51
f 1632/1/50 1633/2/50 1636/3/50
f 1634/1/1 1637/2/1 1633/3/1
f 1639/1/53 1634/2/53 1635/3/53
f 1636/1/52 1637/2/52 1640/3/52
f 1638/1/1 1641/2/1 1637/3/1
f 1643/1/55 1638/2/55 1639/3/55
f 1640/1/54 1641/2/54 1644/3/54
f 1642/1/1 1645/2/1 1641/3/1
f 1647/1/57 1642/2/57 1643/3/57
f 1644/1/56 1645/2/56 1648/3/56
f 1646/1/1 1649/2/1 1645/3/1
f 1651/1/59 1646/2/59 1647/3/59
f 1648/1/58 1649/2/58 1652/3/58
f 1650/1/1 1653/2/1 1649/3/1
f 1655/1/61 1650/2/61 1651/3/61
f 1652/1/60 1653/2/60 1656/3/60
f 1654/1/1 1657/2/1 1653/3/1
f 1659/1/63 1654/2/63 1655/3/63
f 1656/1/62 1657/2/62 1660/3/62
f 1657/3/1 1662/4/1 1661/2/1
f 1663/1/65 1658/2/65 1659/3/65
f 1660/1/64 1661/2/64 1664/3/64
f 1662/1/1 1665/2/1 1661/3/1
f 1667/1/67 1662/2/67 1663/3/67
f 1664/1/66 1665/2/66 1668/3/66
f 1665/3/1 1670/4/1 1669/2/1
f 1671/1/69 1666/2/69 1667/3/69
f 1668/1/68 1669/2/68 1672/3/68
f 1669/3/1 1674/4/1 1673/2/1
f 1675/1/71 1670/2/71 1671/3/71
f 1672/1/70 1673/2/70 1676/3/70
f 1673/3/1 1678/4/1 1677/2/1
f 1679/1/73 1674/2/73 1675/3/73
f 1676/1/72 1677/2/72 1680/3/72
f 1677/3/1 1682/4/1 1681/2/1
f 1683/1/75 1678/2/75 1679/3/75
f 1680/1/74 1681/2/74 1684/3/74
f 1681/3/1 1686/4/1 1685/2/1
f 1687/1/77 1682/2/77 1683/3/77
f 1684/1/76 1685/2/76 1688/3/76
f 1686/1/1 1689/2/1 1685/3/1
f 1691/1/79 1686/2/79 1687/3/79
f 1688/1/78 1689/2/78 1692/3/78
f 1690/1/1 1693/2/1 1689/3/1
f 1695/1/81 1690/2/81 1691/3/81
f 1692/1/80 1693/2/80 1696/3/80
f 1693/3/1 1698/4/1 1697/2/1
f 1699/1/83 1694/2/83 1695/3/83
f 1696/1/82 1697/2/82 1700/3/82
f 1697/3/1 1702/4/1 1701/2/1
f 1703/1/85 1698/2/85 1699/3/85
f 1700/1/84 1701/2/84 1704/3/84
f 1701/3/1 1706/4/1 1705/2/1
f 1707/1/87 1702/2/87 1703/3/87
f 1704/1/86 1705/2/86 1708/3/86
f 1706/1/1 1709/2/1 1705/3/1
f 1711/1/89 1706/2/89 1707/3/89
f 1708/1/88 1709/2/88 1712/3/88
f 1709/3/1 1714/4/1 1713/2/1
f 1715/1/91 1710/2/91 1711/3/91
f 1712/1/90 1713/2/90 1716/3/90
f 1713/3/1 1718/4/1 1717/2/1
f 1719/1/93 1714/2/93 1715/3/93
f 1716/1/92 1717/2/92 1720/3/92
f 1718/1/1 1721/2/1 1717/3/1
f 1723/1/95 1718/2/95 1719/3/95
f 1720/1/94 1721/2/94 1724/3/94
f 1722/1/1 1725/2/1 1721/3/1
f 1727/1/97 1722/2/97 1723/3/97
f 1724/1/96 1725/2/96 1728/3/96
f 1725/3/1 1730/4/1 1729/2/1
f 1731/1/99 1726/2/99 1727/3/99
f 1728/1/98 1729/2/98 1732/3/98
f 1730/1/1 1733/2/1 1729/3/1
f 1735/1/101 1730/2/101 1731/3/101
f 1732/1/100 1733/2/100 1736/3/100
f 1733/3/1 1738/4/1 1737/2/1
f 1739/1/103 1734/2/103 1735/3/103
f 1736/1/102 1737/2/102 1740/3/102
f 1737/3/1 1742/4/1 1741/2/1
f 1743/1/105 1738/2/105 1739/3/105
f 1740/1/104 1741/2/104 1744/3/104
f 1742/1/1 1745/2/1 1741/3/1
f 1747/1/107 1742/2/107 1743/3/107
f 1744/1/106 1745/2/106 1748/3/106
f 1746/1/1 1749/2/1 1745/3/1
f 1751/1/109 1746/2/109 1747/3/109
f 1748/1/108 1749/2/108 1752/3/108
f 1749/3/1 1754/4/1 1753/2/1
f 1755/1/111 1750/2/111 1751/3/111
f 1752/1/110 1753/2/110 1756/3/110
f 1754/1/1 1757/2/1 1753/3/1
f 1759/1/113 1754/2/113 1755/3/113
f 1756/1/112 1757/2/112 1760/3/112
f 1758/1/1 1761/2/1 1757/3/1
f 1763/1/115 1758/2/115 1759/3/115
f 1760/1/114 1761/2/114 1764/3/114
f 1762/1/1 1765/2/1 1761/3/1
f 1767/1/117 1762/2/117 1763/3/117
f 1764/1/116 1765/2/116 1768/3/116
f 1765/3/1 1770/4/1 1769/2/1
f 1771/1/119 1766/2/119 1767/3/119
f 1768/1/118 1769/2/118 1772/3/118
f 1770/1/1 1773/2/1 1769/3/1
f 1775/1/121 1770/2/121 1771/3/121
f 1772/1/120 1773/2/120 1776/3/120
f 1774/1/1 1777/2/1 1773/3/1
f 1779/1/123 1774/2/123 1775/3/123
f 1776/1/122 1777/2/122 1780/3/122
f 1778/1/1 1781/2/1 1777/3/1
f 1783/1/125 1778/2/125 1779/3/125
f 1780/1/124 1781/2/124 1784/3/124
f 1781/3/1 1786/4/1 1785/2/1
f 1787/1/127 1782/2/127 1783/3/127
f 1784/1/126 1785/2/126 1788/3/126
f 1786/1/1 1789/2/1 1785/3/1
f 1791/1/129 1786/2/129 1787/3/129
f 1788/1/128 1789/2/128 1792/3/128
f 1789/3/1 1794/4/1 1793/2/1
f 1795/1/131 1790/2/131 1791/3/131
f 1792/1/130 1793/2/130 1796/3/130
f 1794/1/1 1797/2/1 1793/3/1
f 1799/1/133 1794/2/133 1795/3/133
f 1796/1/132 1797/2/132 1800/3/132
f 1797/3/1 1802/4/1 1801/2/1
f 1803/1/135 1798/2/135 1799/3/135
f 1800/1/134 1801/2/134 1804/3/134
f 1802/1/1 1805/2/1 1801/3/1
f 1807/1/137 1802/2/137 1803/3/137
f 1804/1/136 1805/2/136 1808/3/136
f 1805/3/1 1810/4/1 1809/2/1
f 1811/1/139 1806/2/139 1807/3/139
f 1808/1/138 1809/2/138 1812/3/138
f 1810/1/1 1813/2/1 1809/3/1
f 1815/1/141 1810/2/141 1811/3/141
f 1812/1/140 1813/2/140 1816/3/140
f 1813/3/1 1818/4/1 1817/2/1
f 1819/1/143 1814/2/143 1815/3/143
f 1816/1/259 1817/2/259 1820/3/259
f 1817/3/1 1822/4/1 1821/2/1
f 1823/1/145 1818/2/145 1819/3/145
f 1820/1/144 1821/2/144 1824/3/144
f 1821/3/1 1826/4/1 1825/2/1
f 1827/1/147 1822/2/147 1823/3/147
f 1824/1/146 1825/2/146 1828/3/146
f 1826/1/1 1829/2/1 1825/3/1
f 1831/1/149 1826/2/149 1827/3/149
f 1828/1/148 1829/2/148 1832/3/148
f 1829/3/1 1834/4/1 1833/2/1
f 1835/1/151 1830/2/151 1831/3/151
f 1832/1/150 1833/2/150 1836/3/150
f 1833/3/1 1838/4/1 1837/2/1
f 1839/1/153 1834/2/153 1835/3/153
f 1836/1/152 1837/2/152 1840/3/152
f 1838/1/1 1841/2/1 1837/3/1
f 1843/1/155 1838/2/155 1839/3/155
f 1840/1/154 1841/2/154 1844/3/154
f 1842/1/1 1845/2/1 1841/3/1
f 1847/1/157 1842/2/157 1843/3/157
f 1844/1/156 1845/2/156 1848/3/156
f 1845/3/1 1850/4/1 1849/2/1
f 1851/1/159 1846/2/159 1847/3/159
f 1848/1/158 1849/2/158 1852/3/158
f 1850/1/1 1853/2/1 1849/3/1
f 1855/1/161 1850/2/161 1851/3/161
f 1852/1/160 1853/2/160 1856/3/160
f 1853/3/1 1858/4/1 1857/2/1
f 1859/1/163 1854/2/163 1855/3/163
f 1856/1/162 1857/2/162 1860/3/162
f 1857/3/1 1862/4/1 1861/2/1
f 1863/1/165 1858/2/165 1859/3/165
f 1860/1/164 1861/2/164 1864/3/164
f 1861/3/1 1866/4/1 1865/2/1
f 1867/1/167 1862/2/167 1863/3/167
f 1864/1/166 1865/2/166 1868/3/166
f 1866/1/1 1869/2/1 1865/3/1
f 1871/1/169 1866/2/169 1867/3/169
f 1868/1/168 1869/2/168 1872/3/168
f 1869/3/1 1874/4/1 1873/2/1
f 1875/1/171 1870/2/171 1871/3/171
f 1872/1/170 1873/2/170 1876/3/170
f 1874/1/1 1877/2/1 1873/3/1
f 1879/1/173 1874/2/173 1875/3/173
f 1876/1/172 1877/2/172 1880/3/172
f 1878/1/1 1881/2/1 1877/3/1
f 1883/1/175 1878/2/175 1879/3/175
f 1880/1/174 1881/2/174 1884/3/174
f 1882/1/1 1885/2/1 1881/3/1
f 1887/1/177 1882/2/177 1883/3/177
f 1884/1/176 1885/2/176 1888/3/176
f 1885/3/1 1890/4/1 1889/2/1
f 1891/1/179 1886/2/179 1887/3/179
f 1888/1/178 1889/2/178 1892/3/178
f 1890/1/1 1893/2/1 1889/3/1
f 1895/1/181 1890/2/181 1891/3/181
f 1892/1/180 1893/2/180 1896/3/180
f 1894/1/1 1897/2/1 1893/3/1
f 1899/1/183 1894/2/183 1895/3/183
f 1896/1/182 1897/2/182 1900/3/182
f 1898/1/1 1901/2/1 1897/3/1
f 1903/1/185 1898/2/185 1899/3/185
f 1900/1/184 1901/2/184 1904/3/184
f 1902/1/1 1905/2/1 1901/3/1
f 1907/1/187 1902/2/187 1903/3/187
f 1904/1/186 1905/2/186 1908/3/186
f 1906/1/1 1909/2/1 1905/3/1
f 1911/1/189 1906/2/189 1907/3/189
f 1908/1/188 1909/2/188 1912/3/188
f 1910/1/1 1913/2/1 1909/3/1
f 1915/1/191 1910/2/191 1911/3/191
f 1912/1/190 1913/2/190 1916/3/190
f 1913/3/1 1918/4/1 1917/2/1
f 1919/1/193 1914/2/193 1915/3/193
f 1916/1/192 1917/2/192 1920/3/192
f 1918/1/1 1921/2/1 1917/3/1
f 1923/1/195 1918/2/195 1919/3/195
f 1920/1/194 1921/2/194 1924/3/194
f 1921/3/1 1926/4/1 1925/2/1
f 1927/1/197 1922/2/197 1923/3/197
f 1924/1/196 1925/2/196 1928/3/196
f 1925/3/1 1930/4/1 1929/2/1
f 1931/1/199 1926/2/199 1927/3/199
f 1928/1/198 1929/2/198 1932/3/198
f 1929/3/1 1934/4/1 1933/2/1
f 1935/1/201 1930/2/201 1931/3/201
f 1932/1/200 1933/2/200 1936/3/200
f 1933/3/1 1938/4/1 1937/2/1
f 1939/1/203 1934/2/203 1935/3/203
f 1936/1/202 1937/2/202 1940/3/202
f 1937/3/1 1942/4/1 1941/2/1
f 1943/1/205 1938/2/205 1939/3/205
f 1940/1/204 1941/2/204 1944/3/204
f 1942/1/1 1945/2/1 1941/3/1
f 1947/1/207 1942/2/207 1943/3/207
f 1944/1/206 1945/2/206 1948/3/206
f 1946/1/1 1949/2/1 1945/3/1
f 1951/1/209 1946/2/209 1947/3/209
f 1948/1/208 1949/2/208 1952/3/208
f 1949/3/1 1954/4/1 1953/2/1
f 1955/1/211 1950/2/211 1951/3/211
f 1952/1/210 1953/2/210 1956/3/210
f 1953/3/1 1958/4/1 1957/2/1
f 1959/1/213 1954/2/213 1955/3/213
f 1956/1/212 1957/2/212 1960/3/212
f 1957/3/1 1962/4/1 1961/2/1
f 1963/1/215 1958/2/215 1959/3/215
f 1960/1/214 1961/2/214 1964/3/214
f 1962/1/1 1965/2/1 1961/3/1
f 1967/1/217 1962/2/217 1963/3/217
f 1964/1/216 1965/2/216 1968/3/216
f 1965/3/1 1970/4/1 1969/2/1
f 1971/1/219 1966/2/219 1967/3/219
f 1968/1/218 1969/2/218 1972/3/218
f 1969/3/1 1974/4/1 1973/2/1
f 1975/1/221 1970/2/221 1971/3/221
f 1972/1/220 1973/2/220 1976/3/220
f 1974/1/1 1977/2/1 1973/3/1
f 1979/1/223 1974/2/223 1975/3/223
f 1976/1/222 1977/2/222 1980/3/222
f 1978/1/1 1981/2/1 1977/3/1
f 1983/1/225 1978/2/225 1979/3/225
f 1980/1/224 1981/2/224 1984/3/224
f 1981/3/1 1986/4/1 1985/2/1
f 1987/1/227 1982/2/227 1983/3/227
f 1984/1/226 1985/2/226 1988/3/226
f 1986/1/1 1989/2/1 1985/3/1
f 1991/1/229 1986/2/229 1987/3/229
f 1988/1/228 1989/2/228 1992/3/228
f 1989/3/1 1994/4/1 1993/2/1
f 1995/1/231 1990/2/231 1991/3/231
f 1992/1/230 1993/2/230 1996/3/230
f 1993/3/1 1998/4/1 1997/2/1
f 1999/1/233 1994/2/233 1995/3/233
f 1996/1/232 1997/2/232 2000/3/232
f 1998/1/1 2001/2/1 1997/3/1
f 2003/1/235 1998/2/235 1999/3/235
f 2000/1/234 2001/2/234 2004/3/234
f 2002/1/1 2005/2/1 2001/3/1
f 2007/1/237 2002/2/237 2003/3/237
f 2004/1/236 2005/2/236 2008/3/236
f 2005/3/1 2010/4/1 2009/2/1
f 2011/1/239 2006/2/239 2007/3/239
f 2008/1/238 2009/2/238 2012/3/238
f 2010/1/1 2013/2/1 2009/3/1
f 2015/1/241 2010/2/241 2011/3/241
f 2012/1/240 2013/2/240 2016/3/240
f 2014/1/1 2017/2/1 2013/3/1
f 2019/1/243 2014/2/243 2015/3/243
f 2016/1/242 2017/2/242 2020/3/242
f 2018/1/1 2021/2/1 2017/3/1
f 2023/1/245 2018/2/245 2019/3/245
f 2020/1/244 2021/2/244 2024/3/244
f 2021/3/1 2026/4/1 2025/2/1
f 2027/1/247 2022/2/247 2023/3/247
f 2024/1/246 2025/2/246 2028/3/246
f 2026/1/1 2029/2/1 2025/3/1
f 2031/1/249 2026/2/249 2027/3/249
f 2028/1/248 2029/2/248 2032/3/248
f 2030/1/1 2033/2/1 2029/3/1
f 2035/1/251 2030/2/251 2031/3/251
f 2032/1/250 2033/2/250 2036/3/250
f 2034/1/1 2037/2/1 2033/3/1
f 2039/1/253 2034/2/253 2035/3/253
f 2036/1/252 2037/2/252 2040/3/252
f 2037/3/1 2042/4/1 2041/2/1
f 2043/1/255 2038/2/255 2039/3/255
f 2040/1/254 2041/2/254 2044/3/254
f 2042/1/1 2045/2/1 2041/3/1
f 2047/1/257 2042/2/257 2043/3/257
f 2044/1/256 2045/2/256 2048/3/256
f 2049/5/1 2050/5/1 2051/5/1
f 2049/5/1 2051/5/1 2052/5/1
f 2054/6/260 2049/7/260 2053/8/260
f 2055/6/261 2050/7/261 2054/8/261
f 2056/6/262 2051/7/262 2055/8/262
f 2053/6/263 2052/7/263 2056/8/263
f 2057/5/1 2058/5/1 2059/5/1
f 2057/5/1 2059/5/1 2060/5/1
f 2062/6/264 2057/7/264 2061/8/264
f 2063/6/265 2058/7/265 2062/8/265
f 2064/6/266 2059/7/266 2063/8/266
f 2061/6/267 2060/7/267 2064/8/267
f 2065/5/1 2067/5/1 2068/5/1
f 2066/5/1 2067/5/1 2065/5/1
f 2070/6/268 2065/7/268 2069/8/268
f 2071/6/269 2066/7/269 2070/8/269
f 2072/6/270 2067/7/270 2071/8/270
f 2069/6/271 2068/7/271 2072/8/271
f 2076/5/1 2073/5/1 2074/5/1
f 2075/5/1 2076/5/1 2074/5/1
f 2078/6/272 2073/7/272 2077/8/272
f 2079/6/273 2074/7/273 2078/8/273
f 2080/6/274 2075/7/274 2079/8/274
f 2077/6/275 2076/7/275 2080/8/275
f 2083/5/1 2084/5/1 2082/5/1
f 2086/6/276 2081/7/276 2085/8/276
f 2084/5/1 2081/5/1 2082/5/1
f 2087/6/277 2082/7/277 2086/8/277
f 2088/6/278 2083/7/278 2087/8/278
f 2085/6/279 2084/7/279 2088/8/279
f 2090/5/1 2091/5/1 2092/5/1
f 2089/5/1 2090/5/1 2092/5/1
f 2094/6/280 2089/7/280 2093/8/280
f 2095/6/281 2090/7/281 2094/8/281
f 2096/6/282 2091/7/282 2095/8/282
f 2093/6/283 2092/7/283 2096/8/283
f 2100/5/1 2097/5/1 2099/5/1
f 2102/6/284 2097/7/284 2101/8/284
f 2097/5/1 2098/5/1 2099/5/1
f 2103/6/285 2098/7/285 2102/8/285
f 2104/6/286 2099/7/286 2103/8/286
f 2101/6/287 2100/7/287 2104/8/287
f 2106/5/1 2107/5/1 2108/5/1
f 2105/5/1 2106/5/1 2108/5/1
f 2110/6/288 2105/7/288 2109/8/288
f 2111/6/289 2106/7/289 2110/8/289
f 2112/6/290 2107/7/290 2111/8/290
f 2109/6/291 2108/7/291 2112/8/291
f 2114/5/1 2115/5/1 2113/5/1
f 2118/6/292 2113/7/292 2117/8/292
f 2113/5/1 2115/5/1 2116/5/1
f 2119/6/293 2114/7/293 2118/8/293
f 2120/6/294 2115/7/294 2119/8/294
f 2117/6/295 2116/7/295 2120/8/295
f 2123/5/1 2124/5/1 2122/5/1
f 2126/6/296 2121/7/296 2125/8/296
f 2124/5/1 2121/5/1 2122/5/1
f 2127/6/297 2122/7/297 2126/8/297
f 2128/6/298 2123/7/298 2127/8/298
f 2125/6/299 2124/7/299 2128/8/299
f 2129/5/1 2130/5/1 2131/5/1
f 2129/5/1 2131/5/1 2132/5/1
f 2134/6/300 2129/7/300 2133/8/300
f 2135/6/301 2130/7/301 2134/8/301
f 2136/6/302 2131/7/302 2135/8/302
f 2133/6/303 2132/7/303 2136/8/303
f 2138/5/1 2139/5/1 2140/5/1
f 2137/5/1 2138/5/1 2140/5/1
f 2142/6/304 2137/7/304 2141/8/304
f 2143/6/305 2138/7/305 2142/8/305
f 2144/6/306 2139/7/306 2143/8/306
f 2141/6/307 2140/7/307 2144/8/307
f 2145/5/1 2146/5/1 2147/5/1
f 2145/5/1 2147/5/1 2148/5/1
f 2150/6/308 2145/7/308 2149/8/308
f 2151/6/309 2146/7/309 2150/8/309
f 2152/6/310 2147/7/310 2151/8/310
f 2149/6/311 2148/7/311 2152/8/311
f 2153/5/1 2154/5/1 2155/5/1
f 2153/5/1 2155/5/1 2156/5/1
f 2158/6/312 2153/7/312 2157/8/312
f 2159/6/313 2154/7/313 2158/8/313
f 2160/6/314 2155/7/314 2159/8/314
f 2157/6/315 2156/7/315 2160/8/315
f 2163/5/1 2161/5/1 2162/5/1
f 2163/5/1 2164/5/1 2161/5/1
f 2166/6/316 2161/7/316 2165/8/316
f 2167/6/317 2162/7/317 2166/8/317
f 2168/6/318 2163/7/318 2167/8/318
f 2165/6/319 2164/7/319 2168/8/319
f 2171/5/1 2172/5/1 2169/5/1
f 2171/5/1 2169/5/1 2170/5/1
f 2174/6/320 2169/7/320 2173/8/320
f 2175/6/321 2170/7/321 2174/8/321
f 2176/6/322 2171/7/322 2175/8/322
f 2173/6/323 2172/7/323 2176/8/323
f 2178/5/1 2179/5/1 2180/5/1
f 2177/5/1 2178/5/1 2180/5/1
f 2182/6/324 2177/7/324 2181/8/324
f 2183/6/325 2178/7/325 2182/8/325
f 2184/6/326 2179/7/326 2183/8/326
f 2181/6/327 2180/7/327 2184/8/327
f 2187/5/1 2188/5/1 2185/5/1
f 2186/5/1 2187/5/1 2185/5/1
f 2190/6/328 2185/7/328 2189/8/328
f 2191/6/329 2186/7/329 2190/8/329
f 2192/6/330 2187/7/330 2191/8/330
f 2189/6/331 2188/7/331 2192/8/331
f 2193/5/1 2194/5/1 2195/5/1
f 2193/5/1 2195/5/1 2196/5/1
f 2198/6/332 2193/7/332 2197/8/332
f 2199/6/333 2194/7/333 2198/8/333
f 2200/6/334 2195/7/334 2199/8/334
f 2197/6/335 2196/7/335 2200/8/335
f 2201/5/1 2202/5/1 2204/5/1
f 2206/6/336 2201/7/336 2205/8/336
f 2202/5/1 2203/5/1 2204/5/1
f 2207/6/337 2202/7/337 2206/8/337
f 2208/6/338 2203/7/338 2207/8/338
f 2205/6/339 2204/7/339 2208/8/339
f 2211/5/1 2212/5/1 2210/5/1
f 2214/6/340 2209/7/340 2213/8/340
f 2212/5/1 2209/5/1 2210/5/1
f 2215/6/341 2210/7/341 2214/8/341
f 2216/6/342 2211/7/342 2215/8/342
f 2213/6/343 2212/7/343 2216/8/343
f 2218/5/1 2219/5/1 2220/5/1
f 2217/5/1 2218/5/1 2220/5/1
f 2222/6/344 2217/7/344 2221/8/344
f 2223/6/345 2218/7/345 2222/8/345
f 2224/6/346 2219/7/346 2223/8/346
f 2221/6/347 2220/7/347 2224/8/347
f 2227/5/1 2228/5/1 2226/5/1
f 2230/6/348 2225/7/348 2229/8/348
f 2228/5/1 2225/5/1 2226/5/1
f 2231/6/349 2226/7/349 2230/8/349
f 2232/6/350 2227/7/350 2231/8/350
f 2229/6/351 2228/7/351 2232/8/351
f 2234/5/1 2235/5/1 2233/5/1
f 2238/6/352 2233/7/352 2237/8/352
f 2235/5/1 2236/5/1 2233/5/1
f 2239/6/353 2234/7/353 2238/8/353
f 2240/6/354 2235/7/354 2239/8/354
f 2237/6/355 2236/7/355 2240/8/355
f 2242/5/1 2243/5/1 2244/5/1
f 2241/5/1 2242/5/1 2244/5/1
f 2246/6/356 2241/7/356 2245/8/356
f 2247/6/357 2242/7/357 2246/8/357
f 2248/6/358 2243/7/358 2247/8/358
f 2245/6/359 2244/7/359 2248/8/359
f 2249/5/1 2250/5/1 2252/5/1
f 2254/6/360 2249/7/360 2253/8/360
f 2250/5/1 2251/5/1 2252/5/1
f 2255/6/361 2250/7/361 2254/8/361
f 2256/6/362 2251/7/362 2255/8/362
f 2253/6/363 2252/7/363 2256/8/363
f 2260/5/1 2257/5/1 2259/5/1
f 2262/6/364 2257/7/364 2261/8/364
f 2257/5/1 2258/5/1 2259/5/1
f 2263/6/365 2258/7/365 2262/8/365
f 2264/6/366 2259/7/366 2263/8/366
f 2261/6/367 2260/7/367 2264/8/367
f 2266/5/1 2267/5/1 2268/5/1
f 2266/5/1 2268/5/1 2265/5/1
f 2270/6/368 2265/7/368 2269/8/368
f 2271/6/369 2266/7/369 2270/8/369
f 2272/6/370 2267/7/370 2271/8/370
f 2269/6/371 2268/7/371 2272/8/371
f 2275/5/1 2276/5/1 2273/5/1
f 2275/5/1 2273/5/1 2274/5/1
f 2278/6/372 2273/7/372 2277/8/372
f 2279/6/373 2274/7/373 2278/8/373
f 2280/6/374 2275/7/374 2279/8/374
f 2277/6/375 2276/7/375 2280/8/375
f 2283/5/1 2284/5/1 2282/5/1
f 2286/6/376 2281/7/376 2285/8/376
f 2284/5/1 2281/5/1 2282/5/1
f 2287/6/377 2282/7/377 2286/8/377
f 2288/6/378 2283/7/378 2287/8/378
f 2285/6/379 2284/7/379 2288/8/379
f 2292/5/1 2289/5/1 2290/5/1
f 2291/5/1 2292/5/1 2290/5/1
f 2294/6/380 2289/7/380 2293/8/380
f 2295/6/381 2290/7/381 2294/8/381
f 2296/6/382 2291/7/382 2295/8/382
f 2293/6/383 2292/7/383 2296/8/383
f 2298/5/1 2299/5/1 2297/5/1
f 2302/6/384 2297/7/384 2301/8/384
f 2299/5/1 2300/5/1 2297/5/1
f 2303/6/385 2298/7/385 2302/8/385
f 2304/6/386 2299/7/386 2303/8/386
f 2301/6/387 2300/7/387 2304/8/387
f 2305/5/1 2306/5/1 2307/5/1
f 2305/5/1 2307/5/1 2308/5/1
f 2310/6/388 2305/7/388 2309/8/388
f 2311/6/389 2306/7/389 2310/8/389
f 2312/6/390 2307/7/390 2311/8/390
f 2309/6/391 2308/7/391 2312/8/391
f 2315/5/1 2316/5/1 2313/5/1
f 2314/5/1 2315/5/1 2313/5/1
f 2318/6/392 2313/7/392 2317/8/392
f 2319/6/393 2314/7/393 2318/8/393
f 2320/6/394 2315/7/394 2319/8/394
f 2317/6/395 2316/7/395 2320/8/395
f 2323/5/1 2324/5/1 2321/5/1
f 2323/5/1 2321/5/1 2322/5/1
f 2326/6/396 2321/7/396 2325/8/396
f 2327/6/397 2322/7/397 2326/8/397
f 2328/6/398 2323/7/398 2327/8/398
f 2325/6/399 2324/7/399 2328/8/399
f 2331/5/1 2332/5/1 2329/5/1
f 2331/5/1 2329/5/1 2330/5/1
f 2334/6/400 2329/7/400 2333/8/400
f 2335/6/401 2330/7/401 2334/8/401
f 2336/6/402 2331/7/402 2335/8/402
f 2333/6/403 2332/7/403 2336/8/403
f 2337/5/1 2338/5/1 2340/5/1
f 2342/6/404 2337/7/404 2341/8/404
f 2338/5/1 2339/5/1 2340/5/1
f 2343/6/405 2338/7/405 2342/8/405
f 2344/6/406 2339/7/406 2343/8/406
f 2341/6/407 2340/7/407 2344/8/407
f 2345/5/1 2347/5/1 2348/5/1
f 2346/5/1 2347/5/1 2345/5/1
f 2350/6/408 2345/7/408 2349/8/408
f 2351/6/409 2346/7/409 2350/8/409
f 2352/6/410 2347/7/410 2351/8/410
f 2349/6/411 2348/7/411 2352/8/411
f 2355/5/1 2356/5/1 2354/5/1
f 2358/6/412 2353/7/412 2357/8/412
f 2356/5/1 2353/5/1 2354/5/1
f 2359/6/413 2354/7/413 2358/8/413
f 2360/6/414 2355/7/414 2359/8/414
f 2357/6/415 2356/7/415 2360/8/415
f 2364/5/1 2361/5/1 2362/5/1
f 2363/5/1 2364/5/1 2362/5/1
f 2366/6/416 2361/7/416 2365/8/416
f 2367/6/417 2362/7/417 2366/8/417
f 2368/6/418 2363/7/418 2367/8/418
f 2365/6/419 2364/7/419 2368/8/419
f 2370/5/1 2371/5/1 2369/5/1
f 2374/6/420 2369/7/420 2373/8/420
f 2371/5/1 2372/5/1 2369/5/1
f 2375/6/421 2370/7/421 2374/8/421
f 2376/6/422 2371/7/422 2375/8/422
f 2373/6/423 2372/7/423 2376/8/423
f 2379/5/1 2380/5/1 2378/5/1
f 2382/6/424 2377/7/424 2381/8/424
f 2380/5/1 2377/5/1 2378/5/1
f 2383/6/425 2378/7/425 2382/8/425
f 2384/6/426 2379/7/426 2383/8/426
f 2381/6/427 2380/7/427 2384/8/427
f 2385/5/1 2386/5/1 2388/5/1
f 2390/6/428 2385/7/428 2389/8/428
f 2386/5/1 2387/5/1 2388/5/1
f 2391/6/429 2386/7/429 2390/8/429
f 2392/6/430 2387/7/430 2391/8/430
f 2389/6/431 2388/7/431 2392/8/431
f 2395/5/1 2396/5/1 2393/5/1
f 2395/5/1 2393/5/1 2394/5/1
f 2398/6/432 2393/7/432 2397/8/432
f 2399/6/433 2394/7/433 2398/8/433
f 2400/6/434 2395/7/434 2399/8/434
f 2397/6/435 2396/7/435 2400/8/435
f 2404/5/1 2401/5/1 2402/5/1
f 2403/5/1 2404/5/1 2402/5/1
f 2406/6/436 2401/7/436 2405/8/436
f 2407/6/437 2402/7/437 2406/8/437
f 2408/6/438 2403/7/438 2407/8/438
f 2405/6/439 2404/7/439 2408/8/439
f 2412/5/1 2409/5/1 2411/5/1
f 2414/6/440 2409/7/440 2413/8/440
f 2409/5/1 2410/5/1 2411/5/1
f 2415/6/441 2410/7/441 2414/8/441
f 2416/6/442 2411/7/442 2415/8/442
f 2413/6/443 2412/7/443 2416/8/443
f 2418/5/1 2419/5/1 2420/5/1
f 2417/5/1 2418/5/1 2420/5/1
f 2422/6/444 2417/7/444 2421/8/444
f 2423/6/445 2418/7/445 2422/8/445
f 2424/6/446 2419/7/446 2423/8/446
f 2421/6/447 2420/7/447 2424/8/447
f 2427/5/1 2428/5/1 2425/5/1
f 2427/5/1 2425/5/1 2426/5/1
f 2430/6/448 2425/7/448 2429/8/448
f 2431/6/449 2426/7/449 2430/8/449
f 2432/6/450 2427/7/450 2431/8/450
f 2429/6/451 2428/7/451 2432/8/451
f 2436/5/1 2433/5/1 2435/5/1
f 2438/6/452 2433/7/452 2437/8/452
f 2433/5/1 2434/5/1 2435/5/1
f 2439/6/453 2434/7/453 2438/8/453
f 2440/6/454 2435/7/454 2439/8/454
f 2437/6/455 2436/7/455 2440/8/455
f 2441/5/1 2442/5/1 2444/5/1
f 2446/6/456 2441/7/456 2445/8/456
f 2442/5/1 2443/5/1 2444/5/1
f 2447/6/457 2442/7/457 2446/8/457
f 2448/6/458 2443/7/458 2447/8/458
f 2445/6/459 2444/7/459 2448/8/459
f 2449/5/1 2450/5/1 2452/5/1
f 2454/6/460 2449/7/460 2453/8/460
f 2452/5/1 2450/5/1 2451/5/1
f 2455/6/461 2450/7/461 2454/8/461
f 2456/6/462 2451/7/462 2455/8/462
f 2453/6/463 2452/7/463 2456/8/463
f 2460/5/1 2457/5/1 2459/5/1
f 2462/6/464 2457/7/464 2461/8/464
f 2457/5/1 2458/5/1 2459/5/1
f 2463/6/465 2458/7/465 2462/8/465
f 2464/6/466 2459/7/466 2463/8/466
f 2461/6/467 2460/7/467 2464/8/467
f 2467/5/1 2468/5/1 2465/5/1
f 2467/5/1 2465/5/1 2466/5/1
f 2470/6/468 2465/7/468 2469/8/468
f 2471/6/469 2466/7/469 2470/8/469
f 2472/6/470 2467/7/470 2471/8/470
f 2469/6/471 2468/7/471 2472/8/471
f 2476/5/1 2473/5/1 2474/5/1
f 2475/5/1 2476/5/1 2474/5/1
f 2478/6/472 2473/7/472 2477/8/472
f 2479/6/473 2474/7/473 2478/8/473
f 2480/6/474 2475/7/474 2479/8/474
f 2477/6/475 2476/7/475 2480/8/475
f 2484/5/1 2481/5/1 2482/5/1
f 2483/5/1 2484/5/1 2482/5/1
f 2486/6/476 2481/7/476 2485/8/476
f 2487/6/477 2482/7/477 2486/8/477
f 2488/6/478 2483/7/478 2487/8/478
f 2485/6/479 2484/7/479 2488/8/479
f 2491/5/1 2492/5/1 2489/5/1
f 2491/5/1 2489/5/1 2490/5/1
f 2494/6/262 2489/7/262 2493/8/262
f 2495/6/263 2490/7/263 2494/8/263
f 2496/6/260 2491/7/260 2495/8/260
f 2493/6/261 2492/7/261 2496/8/261
f 2498/5/1 2499/5/1 2497/5/1
f 2502/6/480 2497/7/480 2501/8/480
f 2499/5/1 2500/5/1 2497/5/1
f 2503/6/481 2498/7/481 2502/8/481
f 2504/6/482 2499/7/482 2503/8/482
f 2501/6/483 2500/7/483 2504/8/483
f 2507/5/1 2508/5/1 2505/5/1
f 2507/5/1 2505/5/1 2506/5/1
f 2510/6/484 2505/7/484 2509/8/484
f 2511/6/485 2506/7/485 2510/8/485
f 2512/6/486 2507/7/486 2511/8/486
f 2509/6/487 2508/7/487 2512/8/487
f 2516/5/1 2513/5/1 2514/5/1
f 2515/5/1 2516/5/1 2514/5/1
f 2518/6/282 2513/7/282 2517/8/282
f 2519/6/283 2514/7/283 2518/8/283
f 2520/6/280 2515/7/280 2519/8/280
f 2517/6/281 2516/7/281 2520/8/281
f 2521/5/1 2522/5/1 2524/5/1
f 2526/6/488 2521/7/488 2525/8/488
f 2522/5/1 2523/5/1 2524/5/1
f 2527/6/489 2522/7/489 2526/8/489
f 2528/6/490 2523/7/490 2527/8/490
f 2525/6/491 2524/7/491 2528/8/491
f 2529/5/1 2531/5/1 2532/5/1
f 2530/5/1 2531/5/1 2529/5/1
f 2534/6/492 2529/7/492 2533/8/492
f 2535/6/493 2530/7/493 2534/8/493
f 2536/6/494 2531/7/494 2535/8/494
f 2533/6/495 2532/7/495 2536/8/495
f 2540/5/1 2537/5/1 2539/5/1
f 2542/6/294 2537/7/294 2541/8/294
f 2539/5/1 2537/5/1 2538/5/1
f 2543/6/295 2538/7/295 2542/8/295
f 2544/6/292 2539/7/292 2543/8/292
f 2541/6/293 2540/7/293 2544/8/293
f 2548/5/1 2545/5/1 2546/5/1
f 2548/5/1 2546/5/1 2547/5/1
f 2550/6/496 2545/7/496 2549/8/496
f 2551/6/497 2546/7/497 2550/8/497
f 2552/6/498 2547/7/498 2551/8/498
f 2549/6/499 2548/7/499 2552/8/499
f 2556/5/1 2553/5/1 2554/5/1
f 2555/5/1 2556/5/1 2554/5/1
f 2558/6/306 2553/7/306 2557/8/306
f 2559/6/307 2554/7/307 2558/8/307
f 2560/6/304 2555/7/304 2559/8/304
f 2557/6/305 2556/7/305 2560/8/305
f 2564/5/1 2561/5/1 2562/5/1
f 2564/5/1 2562/5/1 2563/5/1
f 2566/6/500 2561/7/500 2565/8/500
f 2567/6/501 2562/7/501 2566/8/501
f 2568/6/502 2563/7/502 2567/8/502
f 2565/6/503 2564/7/503 2568/8/503
f 2572/5/1 2569/5/1 2571/5/1
f 2574/6/500 2569/7/500 2573/8/500
f 2571/5/1 2569/5/1 2570/5/1
f 2575/6/501 2570/7/501 2574/8/501
f 2576/6/502 2571/7/502 2575/8/502
f 2573/6/503 2572/7/503 2576/8/503
f 2580/5/1 2577/5/1 2578/5/1
f 2579/5/1 2580/5/1 2578/5/1
f 2582/6/326 2577/7/326 2581/8/326
f 2583/6/327 2578/7/327 2582/8/327
f 2584/6/324 2579/7/324 2583/8/324
f 2581/6/325 2580/7/325 2584/8/325
f 2587/5/1 2588/5/1 2585/5/1
f 2587/5/1 2585/5/1 2586/5/1
f 2590/6/504 2585/7/504 2589/8/504
f 2591/6/505 2586/7/505 2590/8/505
f 2592/6/506 2587/7/506 2591/8/506
f 2589/6/507 2588/7/507 2592/8/507
f 2595/5/1 2596/5/1 2594/5/1
f 2598/6/508 2593/7/508 2597/8/508
f 2596/5/1 2593/5/1 2594/5/1
f 2599/6/509 2594/7/509 2598/8/509
f 2600/6/510 2595/7/510 2599/8/510
f 2597/6/511 2596/7/511 2600/8/511
f 2604/5/1 2601/5/1 2602/5/1
f 2603/5/1 2604/5/1 2602/5/1
f 2606/6/346 2601/7/346 2605/8/346
f 2607/6/347 2602/7/347 2606/8/347
f 2608/6/344 2603/7/344 2607/8/344
f 2605/6/345 2604/7/345 2608/8/345
f 2611/5/1 2612/5/1 2610/5/1
f 2614/6/512 2609/7/512 2613/8/512
f 2610/5/1 2612/5/1 2609/5/1
f 2615/6/513 2610/7/513 2614/8/513
f 2616/6/514 2611/7/514 2615/8/514
f 2613/6/515 2612/7/515 2616/8/515
f 2620/5/1 2617/5/1 2618/5/1
f 2619/5/1 2620/5/1 2618/5/1
f 2622/6/358 2617/7/358 2621/8/358
f 2623/6/359 2618/7/359 2622/8/359
f 2624/6/356 2619/7/356 2623/8/356
f 2621/6/357 2620/7/357 2624/8/357
f 2628/5/1 2625/5/1 2627/5/1
f 2630/6/516 2625/7/516 2629/8/516
f 2625/5/1 2626/5/1 2627/5/1
f 2631/6/517 2626/7/517 2630/8/517
f 2632/6/518 2627/7/518 2631/8/518
f 2629/6/519 2628/7/519 2632/8/519
f 2633/5/1 2634/5/1 2636/5/1
f 2638/6/520 2633/7/520 2637/8/520
f 2634/5/1 2635/5/1 2636/5/1
f 2639/6/521 2634/7/521 2638/8/521
f 2640/6/522 2635/7/522 2639/8/522
f 2637/6/523 2636/7/523 2640/8/523
f 2643/5/1 2644/5/1 2642/5/1
f 2646/6/362 2641/7/362 2645/8/362
f 2644/5/1 2641/5/1 2642/5/1
f 2647/6/363 2642/7/363 2646/8/363
f 2648/6/360 2643/7/360 2647/8/360
f 2645/6/361 2644/7/361 2648/8/361
f 2650/5/1 2651/5/1 2649/5/1
f 2654/6/524 2649/7/524 2653/8/524
f 2651/5/1 2652/5/1 2649/5/1
f 2655/6/525 2650/7/525 2654/8/525
f 2656/6/526 2651/7/526 2655/8/526
f 2653/6/527 2652/7/527 2656/8/527
f 2660/5/1 2657/5/1 2658/5/1
f 2660/5/1 2658/5/1 2659/5/1
f 2662/6/370 2657/7/370 2661/8/370
f 2663/6/371 2658/7/371 2662/8/371
f 2664/6/368 2659/7/368 2663/8/368
f 2661/6/369 2660/7/369 2664/8/369
f 2668/5/1 2666/5/1 2667/5/1
f 2668/5/1 2665/5/1 2666/5/1
f 2670/6/528 2665/7/528 2669/8/528
f 2671/6/529 2666/7/529 2670/8/529
f 2672/6/530 2667/7/530 2671/8/530
f 2669/6/531 2668/7/531 2672/8/531
f 2673/5/1 2674/5/1 2676/5/1
f 2678/6/378 2673/7/378 2677/8/378
f 2674/5/1 2675/5/1 2676/5/1
f 2679/6/379 2674/7/379 2678/8/379
f 2680/6/376 2675/7/376 2679/8/376
f 2677/6/377 2676/7/377 2680/8/377
f 2681/5/1 2682/5/1 2683/5/1
f 2684/5/1 2681/5/1 2683/5/1
f 2686/6/394 2681/7/394 2685/8/394
f 2687/6/395 2682/7/395 2686/8/395
f 2688/6/392 2683/7/392 2687/8/392
f 2685/6/393 2684/7/393 2688/8/393
f 2690/5/1 2691/5/1 2689/5/1
f 2694/6/532 2689/7/532 2693/8/532
f 2691/5/1 2692/5/1 2689/5/1
f 2695/6/533 2690/7/533 2694/8/533
f 2696/6/534 2691/7/534 2695/8/534
f 2693/6/535 2692/7/535 2696/8/535
f 2698/5/1 2700/5/1 2697/5/1
f 2698/5/1 2699/5/1 2700/5/1
f 2702/6/536 2697/7/536 2701/8/536
f 2703/6/537 2698/7/537 2702/8/537
f 2704/6/538 2699/7/538 2703/8/538
f 2701/6/539 2700/7/539 2704/8/539
f 2708/5/1 2705/5/1 2707/5/1
f 2710/6/540 2705/7/540 2709/8/540
f 2707/5/1 2705/5/1 2706/5/1
f 2711/6/541 2706/7/541 2710/8/541
f 2712/6/542 2707/7/542 2711/8/542
f 2709/6/543 2708/7/543 2712/8/543
f 2713/5/1 2714/5/1 2715/5/1
f 2713/5/1 2715/5/1 2716/5/1
f 2718/6/402 2713/7/402 2717/8/402
f 2719/6/403 2714/7/403 2718/8/403
f 2720/6/400 2715/7/400 2719/8/400
f 2717/6/401 2716/7/401 2720/8/401
f 2722/5/1 2723/5/1 2721/5/1
f 2726/6/544 2721/7/544 2725/8/544
f 2723/5/1 2724/5/1 2721/5/1
f 2727/6/545 2722/7/545 2726/8/545
f 2728/6/546 2723/7/546 2727/8/546
f 2725/6/547 2724/7/547 2728/8/547
f 2731/5/1 2732/5/1 2730/5/1
f 2734/6/548 2729/7/548 2733/8/548
f 2732/5/1 2729/5/1 2730/5/1
f 2735/6/549 2730/7/549 2734/8/549
f 2736/6/550 2731/7/550 2735/8/550
f 2733/6/551 2732/7/551 2736/8/551
f 2739/5/1 2737/5/1 2738/5/1
f 2740/5/1 2737/5/1 2739/5/1
f 2742/6/410 2737/7/410 2741/8/410
f 2743/6/411 2738/7/411 2742/8/411
f 2744/6/408 2739/7/408 2743/8/408
f 2741/6/409 2740/7/409 2744/8/409
f 2745/5/1 2746/5/1 2748/5/1
f 2750/6/552 2745/7/552 2749/8/552
f 2748/5/1 2746/5/1 2747/5/1
f 2751/6/553 2746/7/553 2750/8/553
f 2752/6/554 2747/7/554 2751/8/554
f 2749/6/555 2748/7/555 2752/8/555
f 2753/5/1 2754/5/1 2755/5/1
f 2753/5/1 2755/5/1 2756/5/1
f 2758/6/434 2753/7/434 2757/8/434
f 2759/6/435 2754/7/435 2758/8/435
f 2760/6/432 2755/7/432 2759/8/432
f 2757/6/433 2756/7/433 2760/8/433
f 2762/5/1 2763/5/1 2764/5/1
f 2762/5/1 2764/5/1 2761/5/1
f 2766/6/556 2761/7/556 2765/8/556
f 2767/6/557 2762/7/557 2766/8/557
f 2768/6/558 2763/7/558 2767/8/558
f 2765/6/559 2764/7/559 2768/8/559
f 2772/5/1 2769/5/1 2770/5/1
f 2771/5/1 2772/5/1 2770/5/1
f 2774/6/560 2769/7/560 2773/8/560
f 2775/6/561 2770/7/561 2774/8/561
f 2776/6/562 2771/7/562 2775/8/562
f 2773/6/563 2772/7/563 2776/8/563
f 2778/5/1 2779/5/1 2780/5/1
f 2777/5/1 2778/5/1 2780/5/1
f 2782/6/564 2777/7/564 2781/8/564
f 2783/6/565 2778/7/565 2782/8/565
f 2784/6/566 2779/7/566 2783/8/566
f 2781/6/567 2780/7/567 2784/8/567
f 2788/5/1 2785/5/1 2786/5/1
f 2787/5/1 2788/5/1 2786/5/1
f 2790/6/568 2785/7/568 2789/8/568
f 2791/6/569 2786/7/569 2790/8/569
f 2792/6/570 2787/7/570 2791/8/570
f 2789/6/571 2788/7/571 2792/8/571
f 2796/5/1 2793/5/1 2794/5/1
f 2795/5/1 2796/5/1 2794/5/1
f 2798/6/572 2793/7/572 2797/8/572
f 2799/6/573 2794/7/573 2798/8/573
f 2800/6/574 2795/7/574 2799/8/574
f 2797/6/575 2796/7/575 2800/8/575
f 2801/5/1 2802/5/1 2803/5/1
f 2801/5/1 2803/5/1 2804/5/1
f 2806/6/450 2801/7/450 2805/8/450
f 2807/6/451 2802/7/451 2806/8/451
f 2808/6/448 2803/7/448 2807/8/448
f 2805/6/449 2804/7/449 2808/8/449
f 2810/5/1 2811/5/1 2809/5/1
f 2814/6/576 2809/7/576 2813/8/576
f 2809/5/1 2811/5/1 2812/5/1
f 2815/6/577 2810/7/577 2814/8/577
f 2816/6/578 2811/7/578 2815/8/578
f 2813/6/579 2812/7/579 2816/8/579
f 2820/5/1 2817/5/1 2819/5/1
f 2822/6/580 2817/7/580 2821/8/580
f 2817/5/1 2818/5/1 2819/5/1
f 2823/6/581 2818/7/581 2822/8/581
f 2824/6/582 2819/7/582 2823/8/582
f 2821/6/583 2820/7/583 2824/8/583
f 2828/5/1 2825/5/1 2826/5/1
f 2827/5/1 2828/5/1 2826/5/1
f 2830/6/584 2825/7/584 2829/8/584
f 2831/6/585 2826/7/585 2830/8/585
f 2832/6/586 2827/7/586 2831/8/586
f 2829/6/587 2828/7/587 2832/8/587
f 2836/5/1 2833/5/1 2834/5/1
f 2835/5/1 2836/5/1 2834/5/1
f 2838/6/588 2833/7/588 2837/8/588
f 2839/6/589 2834/7/589 2838/8/589
f 2840/6/590 2835/7/590 2839/8/590
f 2837/6/591 2836/7/591 2840/8/591
f 2844/5/1 2841/5/1 2843/5/1
f 2846/6/592 2841/7/592 2845/8/592
f 2841/5/1 2842/5/1 2843/5/1
f 2847/6/593 2842/7/593 2846/8/593
f 2848/6/594 2843/7/594 2847/8/594
f 2845/6/595 2844/7/595 2848/8/595
f 2851/5/1 2852/5/1 2850/5/1
f 2854/6/458 2849/7/458 2853/8/458
f 2852/5/1 2849/5/1 2850/5/1
f 2855/6/459 2850/7/459 2854/8/459
f 2856/6/456 2851/7/456 2855/8/456
f 2853/6/457 2852/7/457 2856/8/457
f 2859/5/1 2860/5/1 2858/5/1
f 2862/6/596 2857/7/596 2861/8/596
f 2860/5/1 2857/5/1 2858/5/1
f 2863/6/597 2858/7/597 2862/8/597
f 2864/6/598 2859/7/598 2863/8/598
f 2861/6/599 2860/7/599 2864/8/599
f 2866/5/1 2867/5/1 2865/5/1
f 2870/6/600 2865/7/600 2869/8/600
f 2865/5/1 2867/5/1 2868/5/1
f 2871/6/601 2866/7/601 2870/8/601
f 2872/6/602 2867/7/602 2871/8/602
f 2869/6/603 2868/7/603 2872/8/603
f 2873/5/1 2874/5/1 2875/5/1
f 2873/5/1 2875/5/1 2876/5/1
f 2878/6/470 2873/7/470 2877/8/470
f 2879/6/471 2874/7/471 2878/8/471
f 2880/6/468 2875/7/468 2879/8/468
f 2877/6/469 2876/7/469 2880/8/469
f 2881/5/1 2882/5/1 2883/5/1
f 2884/5/1 2881/5/1 2883/5/1
f 2886/6/604 2881/7/604 2885/8/604
f 2887/6/605 2882/7/605 2886/8/605
f 2888/6/606 2883/7/606 2887/8/606
f 2885/6/607 2884/7/607 2888/8/607
f 2890/5/1 2891/5/1 2889/5/1
f 2894/6/608 2889/7/608 2893/8/608
f 2891/5/1 2892/5/1 2889/5/1
f 2895/6/609 2890/7/609 2894/8/609
f 2896/6/610 2891/7/610 2895/8/610
f 2893/6/611 2892/7/611 2896/8/611
f 2897/5/1 2898/5/1 2900/5/1
f 2902/6/612 2897/7/612 2901/8/612
f 2898/5/1 2899/5/1 2900/5/1
f 2903/6/613 2898/7/613 2902/8/613
f 2904/6/614 2899/7/614 2903/8/614
f 2901/6/615 2900/7/615 2904/8/615
f 4/1/1 3/4/1 2/2/1
f 5/1/2 3/4/2 4/2/2
f 7/1/3 1/4/3 2/2/3
f 3/1/1 9/4/1 8/2/1
f 10/1/4 9/4/4 3/2/4
f 6/1/5 2/4/5 8/2/5
f 8/3/1 9/1/1 13/4/1
f 14/1/6 13/4/6 9/2/6
f 11/1/7 8/4/7 12/2/7
f 13/1/1 17/4/1 16/2/1
f 18/1/8 17/4/8 13/2/8
f 15/1/9 12/4/9 16/2/9
f 16/3/1 17/1/1 21/4/1
f 22/1/10 21/4/10 17/2/10
f 19/1/11 16/4/11 20/2/11
f 21/1/1 25/4/1 24/2/1
f 26/1/12 25/4/12 21/2/12
f 23/1/13 20/4/13 24/2/13
f 25/1/1 29/4/1 28/2/1
f 30/1/14 29/4/14 25/2/14
f 27/1/15 24/4/15 28/2/15
f 29/1/1 33/4/1 32/2/1
f 34/1/16 33/4/16 29/2/16
f 31/1/17 28/4/17 32/2/17
f 33/1/1 37/4/1 36/2/1
f 38/1/18 37/4/18 33/2/18
f 35/1/19 32/4/19 36/2/19
f 37/1/1 41/4/1 40/2/1
f 42/1/20 41/4/20 37/2/20
f 39/1/21 36/4/21 40/2/21
f 40/3/1 41/1/1 45/4/1
f 46/1/22 45/4/22 41/2/22
f 43/1/23 40/4/23 44/2/23
f 45/1/1 49/4/1 48/2/1
f 50/1/24 49/4/24 45/2/24
f 47/1/25 44/4/25 48/2/25
f 49/1/1 53/4/1 52/2/1
f 54/1/26 53/4/26 49/2/26
f 51/1/27 48/4/27 52/2/27
f 53/1/1 57/4/1 56/2/1
f 58/1/28 57/4/28 53/2/28
f 55/1/29 52/4/29 56/2/29
f 57/1/1 61/4/1 60/2/1
f 62/1/30 61/4/30 57/2/30
f 59/1/31 56/4/31 60/2/31
f 60/3/1 61/1/1 65/4/1
f 66/1/32 65/4/32 61/2/32
f 63/1/33 60/4/33 64/2/33
f 65/1/1 69/4/1 68/2/1
f 70/1/34 69/4/34 65/2/34
f 67/1/35 64/4/35 68/2/35
f 69/1/1 73/4/1 72/2/1
f 74/1/36 73/4/36 69/2/36
f 71/1/37 68/4/37 72/2/37
f 73/1/1 77/4/1 76/2/1
f 78/1/38 77/4/38 73/2/38
f 75/1/39 72/4/39 76/2/39
f 76/3/1 77/1/1 81/4/1
f 82/1/40 81/4/40 77/2/40
f 79/1/41 76/4/41 80/2/41
f 80/3/1 81/1/1 85/4/1
f 86/1/42 85/4/42 81/2/42
f 83/1/43 80/4/43 84/2/43
f 85/1/1 89/4/1 88/2/1
f 90/1/44 89/4/44 85/2/44
f 87/1/45 84/4/45 88/2/45
f 89/1/1 93/4/1 92/2/1
f 94/1/46 93/4/46 89/2/46
f 91/1/47 88/4/47 92/2/47
f 92/3/1 93/1/1 97/4/1
f 98/1/48 97/4/48 93/2/48
f 95/1/49 92/4/49 96/2/49
f 96/3/1 97/1/1 101/4/1
f 102/1/50 101/4/50 97/2/50
f 99/1/51 96/4/51 100/2/51
f 101/1/1 105/4/1 104/2/1
f 106/1/52 105/4/52 101/2/52
f 103/1/53 100/4/53 104/2/53
f 104/3/1 105/1/1 109/4/1
f 110/1/54 109/4/54 105/2/54
f 107/1/55 104/4/55 108/2/55
f 109/1/1 113/4/1 112/2/1
f 114/1/56 113/4/56 109/2/56
f 111/1/57 108/4/57 112/2/57
f 113/1/1 117/4/1 116/2/1
f 118/1/58 117/4/58 113/2/58
f 115/1/59 112/4/59 116/2/59
f 117/1/1 121/4/1 120/2/1
f 122/1/60 121/4/60 117/2/60
f 119/1/61 116/4/61 120/2/61
f 120/3/1 121/1/1 125/4/1
f 126/1/62 125/4/62 121/2/62
f 123/1/63 120/4/63 124/2/63
f 124/3/1 125/1/1 129/4/1
f 130/1/64 129/4/64 125/2/64
f 127/1/65 124/4/65 128/2/65
f 129/1/1 133/4/1 132/2/1
f 134/1/66 133/4/66 129/2/66
f 131/1/67 128/4/67 132/2/67
f 133/1/1 137/4/1 136/2/1
f 138/1/68 137/4/68 133/2/68
f 135/1/69 132/4/69 136/2/69
f 136/3/1 137/1/1 141/4/1
f 142/1/70 141/4/70 137/2/70
f 139/1/71 136/4/71 140/2/71
f 140/3/1 141/1/1 145/4/1
f 146/1/72 145/4/72 141/2/72
f 143/1/73 140/4/73 144/2/73
f 144/3/1 145/1/1 149/4/1
f 150/1/74 149/4/74 145/2/74
f 147/1/75 144/4/75 148/2/75
f 149/1/1 153/4/1 152/2/1
f 154/1/76 153/4/76 149/2/76
f 151/1/77 148/4/77 152/2/77
f 152/3/1 153/1/1 157/4/1
f 158/1/78 157/4/78 153/2/78
f 155/1/79 152/4/79 156/2/79
f 157/1/1 161/4/1 160/2/1
f 162/1/80 161/4/80 157/2/80
f 159/1/81 156/4/81 160/2/81
f 161/1/1 165/4/1 164/2/1
f 166/1/82 165/4/82 161/2/82
f 163/1/83 160/4/83 164/2/83
f 164/3/1 165/1/1 169/4/1
f 170/1/84 169/4/84 165/2/84
f 167/1/85 164/4/85 168/2/85
f 168/3/1 169/1/1 173/4/1
f 174/1/86 173/4/86 169/2/86
f 171/1/87 168/4/87 172/2/87
f 173/1/1 177/4/1 176/2/1
f 178/1/88 177/4/88 173/2/88
f 175/1/89 172/4/89 176/2/89
f 177/1/1 181/4/1 180/2/1
f 182/1/90 181/4/90 177/2/90
f 179/1/91 176/4/91 180/2/91
f 180/3/1 181/1/1 185/4/1
f 186/1/92 185/4/92 181/2/92
f 183/1/93 180/4/93 184/2/93
f 184/3/1 185/1/1 189/4/1
f 190/1/94 189/4/94 185/2/94
f 187/1/95 184/4/95 188/2/95
f 188/3/1 189/1/1 193/4/1
f 194/1/96 193/4/96 189/2/96
f 191/1/97 188/4/97 192/2/97
f 193/1/1 197/4/1 196/2/1
f 198/1/98 197/4/98 193/2/98
f 195/1/99 192/4/99 196/2/99
f 196/3/1 197/1/1 201/4/1
f 202/1/100 201/4/100 197/2/100
f 199/1/101 196/4/101 200/2/101
f 200/3/1 201/1/1 205/4/1
f 206/1/102 205/4/102 201/2/102
f 203/1/103 200/4/103 204/2/103
f 205/1/1 209/4/1 208/2/1
f 210/1/104 209/4/104 205/2/104
f 207/1/105 204/4/105 208/2/105
f 208/3/1 209/1/1 213/4/1
f 214/1/106 213/4/106 209/2/106
f 211/1/107 208/4/107 212/2/107
f 213/1/1 217/4/1 216/2/1
f 218/1/108 217/4/108 213/2/108
f 215/1/109 212/4/109 216/2/109
f 216/3/1 217/1/1 221/4/1
f 222/1/110 221/4/110 217/2/110
f 219/1/111 216/4/111 220/2/111
f 220/3/1 221/1/1 225/4/1
f 226/1/112 225/4/112 221/2/112
f 223/1/113 220/4/113 224/2/113
f 225/1/1 229/4/1 228/2/1
f 230/1/114 229/4/114 225/2/114
f 227/1/115 224/4/115 228/2/115
f 228/3/1 229/1/1 233/4/1
f 234/1/616 233/4/616 229/2/616
f 231/1/117 228/4/117 232/2/117
f 233/1/1 237/4/1 236/2/1
f 238/1/118 237/4/118 233/2/118
f 235/1/119 232/4/119 236/2/119
f 237/1/1 241/4/1 240/2/1
f 242/1/120 241/4/120 237/2/120
f 239/1/121 236/4/121 240/2/121
f 240/3/1 241/1/1 245/4/1
f 246/1/122 245/4/122 241/2/122
f 243/1/123 240/4/123 244/2/123
f 245/1/1 249/4/1 248/2/1
f 250/1/124 249/4/124 245/2/124
f 247/1/125 244/4/125 248/2/125
f 248/3/1 249/1/1 253/4/1
f 254/1/126 253/4/126 249/2/126
f 251/1/127 248/4/127 252/2/127
f 253/1/1 257/4/1 256/2/1
f 258/1/128 257/4/128 253/2/128
f 255/1/129 252/4/129 256/2/129
f 257/1/1 261/4/1 260/2/1
f 262/1/130 261/4/130 257/2/130
f 259/1/131 256/4/131 260/2/131
f 261/1/1 265/4/1 264/2/1
f 266/1/132 265/4/132 261/2/132
f 263/1/133 260/4/133 264/2/133
f 264/3/1 265/1/1 269/4/1
f 270/1/134 269/4/134 265/2/134
f 267/1/135 264/4/135 268/2/135
f 269/1/1 273/4/1 272/2/1
f 274/1/136 273/4/136 269/2/136
f 271/1/137 268/4/137 272/2/137
f 272/3/1 273/1/1 277/4/1
f 278/1/138 277/4/138 273/2/138
f 275/1/139 272/4/139 276/2/139
f 277/1/1 281/4/1 280/2/1
f 282/1/140 281/4/140 277/2/140
f 279/1/141 276/4/141 280/2/141
f 281/1/1 285/4/1 284/2/1
f 286/1/259 285/4/259 281/2/259
f 283/1/143 280/4/143 284/2/143
f 285/1/1 289/4/1 288/2/1
f 290/1/144 289/4/144 285/2/144
f 287/1/145 284/4/145 288/2/145
f 289/1/1 293/4/1 292/2/1
f 294/1/146 293/4/146 289/2/146
f 291/1/147 288/4/147 292/2/147
f 293/1/1 297/4/1 296/2/1
f 298/1/148 297/4/148 293/2/148
f 295/1/149 292/4/149 296/2/149
f 296/3/1 297/1/1 301/4/1
f 302/1/150 301/4/150 297/2/150
f 299/1/151 296/4/151 300/2/151
f 301/1/1 305/4/1 304/2/1
f 306/1/152 305/4/152 301/2/152
f 303/1/153 300/4/153 304/2/153
f 305/1/1 309/4/1 308/2/1
f 310/1/154 309/4/154 305/2/154
f 307/1/155 304/4/155 308/2/155
f 309/1/1 313/4/1 312/2/1
f 314/1/156 313/4/156 309/2/156
f 311/1/157 308/4/157 312/2/157
f 313/1/1 317/4/1 316/2/1
f 318/1/158 317/4/158 313/2/158
f 315/1/159 312/4/159 316/2/159
f 316/3/1 317/1/1 321/4/1
f 322/1/160 321/4/160 317/2/160
f 319/1/161 316/4/161 320/2/161
f 321/1/1 325/4/1 324/2/1
f 326/1/162 325/4/162 321/2/162
f 323/1/163 320/4/163 324/2/163
f 325/1/1 329/4/1 328/2/1
f 330/1/164 329/4/164 325/2/164
f 327/1/165 324/4/165 328/2/165
f 329/1/1 333/4/1 332/2/1
f 334/1/166 333/4/166 329/2/166
f 331/1/167 328/4/167 332/2/167
f 332/3/1 333/1/1 337/4/1
f 338/1/168 337/4/168 333/2/168
f 335/1/169 332/4/169 336/2/169
f 336/3/1 337/1/1 341/4/1
f 342/1/170 341/4/170 337/2/170
f 339/1/171 336/4/171 340/2/171
f 341/1/1 345/4/1 344/2/1
f 346/1/172 345/4/172 341/2/172
f 343/1/173 340/4/173 344/2/173
f 345/1/1 349/4/1 348/2/1
f 350/1/174 349/4/174 345/2/174
f 347/1/175 344/4/175 348/2/175
f 348/3/1 349/1/1 353/4/1
f 354/1/176 353/4/176 349/2/176
f 351/1/177 348/4/177 352/2/177
f 352/3/1 353/1/1 357/4/1
f 358/1/178 357/4/178 353/2/178
f 355/1/179 352/4/179 356/2/179
f 357/1/1 361/4/1 360/2/1
f 362/1/180 361/4/180 357/2/180
f 359/1/181 356/4/181 360/2/181
f 360/3/1 361/1/1 365/4/1
f 366/1/182 365/4/182 361/2/182
f 363/1/183 360/4/183 364/2/183
f 365/1/1 369/4/1 368/2/1
f 370/1/184 369/4/184 365/2/184
f 367/1/185 364/4/185 368/2/185
f 369/1/1 373/4/1 372/2/1
f 374/1/186 373/4/186 369/2/186
f 371/1/187 368/4/187 372/2/187
f 373/1/1 377/4/1 376/2/1
f 378/1/188 377/4/188 373/2/188
f 375/1/189 372/4/189 376/2/189
f 376/3/1 377/1/1 381/4/1
f 382/1/190 381/4/190 377/2/190
f 379/1/191 376/4/191 380/2/191
f 380/3/1 381/1/1 385/4/1
f 386/1/192 385/4/192 381/2/192
f 383/1/193 380/4/193 384/2/193
f 385/1/1 389/4/1 388/2/1
f 390/1/194 389/4/194 385/2/194
f 387/1/195 384/4/195 388/2/195
f 389/1/1 393/4/1 392/2/1
f 394/1/196 393/4/196 389/2/196
f 391/1/197 388/4/197 392/2/197
f 392/3/1 393/1/1 397/4/1
f 398/1/198 397/4/198 393/2/198
f 395/1/199 392/4/199 396/2/199
f 396/3/1 397/1/1 401/4/1
f 402/1/200 401/4/200 397/2/200
f 399/1/201 396/4/201 400/2/201
f 400/3/1 401/1/1 405/4/1
f 406/1/202 405/4/202 401/2/202
f 403/1/203 400/4/203 404/2/203
f 405/1/1 409/4/1 408/2/1
f 410/1/204 409/4/204 405/2/204
f 407/1/205 404/4/205 408/2/205
f 408/3/1 409/1/1 413/4/1
f 414/1/206 413/4/206 409/2/206
f 411/1/207 408/4/207 412/2/207
f 413/1/1 417/4/1 416/2/1
f 418/1/208 417/4/208 413/2/208
f 415/1/209 412/4/209 416/2/209
f 417/1/1 421/4/1 420/2/1
f 422/1/210 421/4/210 417/2/210
f 419/1/211 416/4/211 420/2/211
f 420/3/1 421/1/1 425/4/1
f 426/1/212 425/4/212 421/2/212
f 423/1/213 420/4/213 424/2/213
f 424/3/1 425/1/1 429/4/1
f 430/1/214 429/4/214 425/2/214
f 427/1/215 424/4/215 428/2/215
f 429/1/1 433/4/1 432/2/1
f 434/1/216 433/4/216 429/2/216
f 431/1/217 428/4/217 432/2/217
f 433/1/1 437/4/1 436/2/1
f 438/1/218 437/4/218 433/2/218
f 435/1/219 432/4/219 436/2/219
f 436/3/1 437/1/1 441/4/1
f 442/1/220 441/4/220 437/2/220
f 439/1/221 436/4/221 440/2/221
f 440/3/1 441/1/1 445/4/1
f 446/1/222 445/4/222 441/2/222
f 443/1/223 440/4/223 444/2/223
f 444/3/1 445/1/1 449/4/1
f 450/1/224 449/4/224 445/2/224
f 447/1/225 444/4/225 448/2/225
f 449/1/1 453/4/1 452/2/1
f 454/1/226 453/4/226 449/2/226
f 451/1/227 448/4/227 452/2/227
f 452/3/1 453/1/1 457/4/1
f 458/1/228 457/4/228 453/2/228
f 455/1/229 452/4/229 456/2/229
f 456/3/1 457/1/1 461/4/1
f 462/1/230 461/4/230 457/2/230
f 459/1/231 456/4/231 460/2/231
f 461/1/1 465/4/1 464/2/1
f 466/1/232 465/4/232 461/2/232
f 463/1/233 460/4/233 464/2/233
f 464/3/1 465/1/1 469/4/1
f 470/1/234 469/4/234 465/2/234
f 467/1/235 464/4/235 468/2/235
f 469/1/1 473/4/1 472/2/1
f 474/1/236 473/4/236 469/2/236
f 471/1/237 468/4/237 472/2/237
f 472/3/1 473/1/1 477/4/1
f 478/1/238 477/4/238 473/2/238
f 475/1/239 472/4/239 476/2/239
f 476/3/1 477/1/1 481/4/1
f 482/1/240 481/4/240 477/2/240
f 479/1/241 476/4/241 480/2/241
f 481/1/1 485/4/1 484/2/1
f 486/1/242 485/4/242 481/2/242
f 483/1/243 480/4/243 484/2/243
f 484/3/1 485/1/1 489/4/1
f 490/1/244 489/4/244 485/2/244
f 487/1/245 484/4/245 488/2/245
f 489/1/1 493/4/1 492/2/1
f 494/1/246 493/4/246 489/2/246
f 491/1/247 488/4/247 492/2/247
f 493/1/1 497/4/1 496/2/1
f 498/1/248 497/4/248 493/2/248
f 495/1/249 492/4/249 496/2/249
f 496/3/1 497/1/1 501/4/1
f 502/1/250 501/4/250 497/2/250
f 499/1/251 496/4/251 500/2/251
f 501/1/1 505/4/1 504/2/1
f 506/1/252 505/4/252 501/2/252
f 503/1/253 500/4/253 504/2/253
f 504/3/1 505/1/1 509/4/1
f 510/1/254 509/4/254 505/2/254
f 507/1/255 504/4/255 508/2/255
f 509/1/1 513/4/1 512/2/1
f 514/1/256 513/4/256 509/2/256
f 511/1/257 508/4/257 512/2/257
f 513/1/1 517/4/1 516/2/1
f 518/1/3 517/4/3 513/2/3
f 515/1/2 512/4/2 516/2/2
f 517/1/1 521/4/1 520/2/1
f 522/1/5 521/4/5 517/2/5
f 519/1/4 516/4/4 520/2/4
f 520/3/1 521/1/1 525/4/1
f 526/1/7 525/4/7 521/2/7
f 523/1/6 520/4/6 524/2/6
f 525/1/1 529/4/1 528/2/1
f 530/1/9 529/4/9 525/2/9
f 527/1/8 524/4/8 528/2/8
f 528/3/1 529/1/1 533/4/1
f 534/1/11 533/4/11 529/2/11
f 531/1/10 528/4/10 532/2/10
f 533/1/1 537/4/1 536/2/1
f 538/1/13 537/4/13 533/2/13
f 535/1/12 532/4/12 536/2/12
f 537/1/1 541/4/1 540/2/1
f 542/1/15 541/4/15 537/2/15
f 539/1/14 536/4/14 540/2/14
f 541/1/1 545/4/1 544/2/1
f 546/1/17 545/4/17 541/2/17
f 543/1/16 540/4/16 544/2/16
f 545/1/1 549/4/1 548/2/1
f 550/1/19 549/4/19 545/2/19
f 547/1/18 544/4/18 548/2/18
f 549/1/1 553/4/1 552/2/1
f 554/1/21 553/4/21 549/2/21
f 551/1/20 548/4/20 552/2/20
f 552/3/1 553/1/1 557/4/1
f 558/1/23 557/4/23 553/2/23
f 555/1/22 552/4/22 556/2/22
f 557/1/1 561/4/1 560/2/1
f 562/1/25 561/4/25 557/2/25
f 559/1/24 556/4/24 560/2/24
f 561/1/1 565/4/1 564/2/1
f 566/1/27 565/4/27 561/2/27
f 563/1/26 560/4/26 564/2/26
f 565/1/1 569/4/1 568/2/1
f 570/1/29 569/4/29 565/2/29
f 567/1/28 564/4/28 568/2/28
f 569/1/1 573/4/1 572/2/1
f 574/1/31 573/4/31 569/2/31
f 571/1/30 568/4/30 572/2/30
f 572/3/1 573/1/1 577/4/1
f 578/1/33 577/4/33 573/2/33
f 575/1/32 572/4/32 576/2/32
f 577/1/1 581/4/1 580/2/1
f 582/1/35 581/4/35 577/2/35
f 579/1/34 576/4/34 580/2/34
f 581/1/1 585/4/1 584/2/1
f 586/1/37 585/4/37 581/2/37
f 583/1/36 580/4/36 584/2/36
f 585/1/1 589/4/1 588/2/1
f 590/1/39 589/4/39 585/2/39
f 587/1/38 584/4/38 588/2/38
f 588/3/1 589/1/1 593/4/1
f 594/1/41 593/4/41 589/2/41
f 591/1/40 588/4/40 592/2/40
f 592/3/1 593/1/1 597/4/1
f 598/1/43 597/4/43 593/2/43
f 595/1/42 592/4/42 596/2/42
f 597/1/1 601/4/1 600/2/1
f 602/1/45 601/4/45 597/2/45
f 599/1/44 596/4/44 600/2/44
f 601/1/1 605/4/1 604/2/1
f 606/1/47 605/4/47 601/2/47
f 603/1/46 600/4/46 604/2/46
f 604/3/1 605/1/1 609/4/1
f 610/1/49 609/4/49 605/2/49
f 607/1/48 604/4/48 608/2/48
f 608/3/1 609/1/1 613/4/1
f 614/1/51 613/4/51 609/2/51
f 611/1/50 608/4/50 612/2/50
f 613/1/1 617/4/1 616/2/1
f 618/1/53 617/4/53 613/2/53
f 615/1/52 612/4/52 616/2/52
f 616/3/1 617/1/1 621/4/1
f 622/1/55 621/4/55 617/2/55
f 619/1/54 616/4/54 620/2/54
f 621/1/1 625/4/1 624/2/1
f 626/1/57 625/4/57 621/2/57
f 623/1/56 620/4/56 624/2/56
f 625/1/1 629/4/1 628/2/1
f 630/1/59 629/4/59 625/2/59
f 627/1/58 624/4/58 628/2/58
f 629/1/1 633/4/1 632/2/1
f 634/1/61 633/4/61 629/2/61
f 631/1/60 628/4/60 632/2/60
f 632/3/1 633/1/1 637/4/1
f 638/1/63 637/4/63 633/2/63
f 635/1/62 632/4/62 636/2/62
f 636/3/1 637/1/1 641/4/1
f 642/1/65 641/4/65 637/2/65
f 639/1/64 636/4/64 640/2/64
f 641/1/1 645/4/1 644/2/1
f 646/1/67 645/4/67 641/2/67
f 643/1/66 640/4/66 644/2/66
f 645/1/1 649/4/1 648/2/1
f 650/1/69 649/4/69 645/2/69
f 647/1/68 644/4/68 648/2/68
f 648/3/1 649/1/1 653/4/1
f 654/1/71 653/4/71 649/2/71
f 651/1/70 648/4/70 652/2/70
f 652/3/1 653/1/1 657/4/1
f 658/1/73 657/4/73 653/2/73
f 655/1/72 652/4/72 656/2/72
f 656/3/1 657/1/1 661/4/1
f 662/1/75 661/4/75 657/2/75
f 659/1/74 656/4/74 660/2/74
f 661/1/1 665/4/1 664/2/1
f 666/1/77 665/4/77 661/2/77
f 663/1/76 660/4/76 664/2/76
f 664/3/1 665/1/1 669/4/1
f 670/1/79 669/4/79 665/2/79
f 667/1/78 664/4/78 668/2/78
f 669/1/1 673/4/1 672/2/1
f 674/1/81 673/4/81 669/2/81
f 671/1/80 668/4/80 672/2/80
f 673/1/1 677/4/1 676/2/1
f 678/1/83 677/4/83 673/2/83
f 675/1/82 672/4/82 676/2/82
f 676/3/1 677/1/1 681/4/1
f 682/1/85 681/4/85 677/2/85
f 679/1/84 676/4/84 680/2/84
f 680/3/1 681/1/1 685/4/1
f 686/1/87 685/4/87 681/2/87
f 683/1/86 680/4/86 684/2/86
f 685/1/1 689/4/1 688/2/1
f 690/1/89 689/4/89 685/2/89
f 687/1/88 684/4/88 688/2/88
f 689/1/1 693/4/1 692/2/1
f 694/1/91 693/4/91 689/2/91
f 691/1/90 688/4/90 692/2/90
f 692/3/1 693/1/1 697/4/1
f 698/1/93 697/4/93 693/2/93
f 695/1/92 692/4/92 696/2/92
f 696/3/1 697/1/1 701/4/1
f 702/1/95 701/4/95 697/2/95
f 699/1/94 696/4/94 700/2/94
f 700/3/1 701/1/1 705/4/1
f 706/1/97 705/4/97 701/2/97
f 703/1/96 700/4/96 704/2/96
f 705/1/1 709/4/1 708/2/1
f 710/1/99 709/4/99 705/2/99
f 707/1/98 704/4/98 708/2/98
f 708/3/1 709/1/1 713/4/1
f 714/1/101 713/4/101 709/2/101
f 711/1/100 708/4/100 712/2/100
f 712/3/1 713/1/1 717/4/1
f 718/1/103 717/4/103 713/2/103
f 715/1/102 712/4/102 716/2/102
f 717/1/1 721/4/1 720/2/1
f 722/1/105 721/4/105 717/2/105
f 719/1/104 716/4/104 720/2/104
f 720/3/1 721/1/1 725/4/1
f 726/1/107 725/4/107 721/2/107
f 723/1/106 720/4/106 724/2/106
f 725/1/1 729/4/1 728/2/1
f 730/1/109 729/4/109 725/2/109
f 727/1/108 724/4/108 728/2/108
f 728/3/1 729/1/1 733/4/1
f 734/1/111 733/4/111 729/2/111
f 731/1/110 728/4/110 732/2/110
f 732/3/1 733/1/1 737/4/1
f 738/1/113 737/4/113 733/2/113
f 735/1/112 732/4/112 736/2/112
f 737/1/1 741/4/1 740/2/1
f 742/1/115 741/4/115 737/2/115
f 739/1/114 736/4/114 740/2/114
f 740/3/1 741/1/1 745/4/1
f 746/1/617 745/4/617 741/2/617
f 743/1/116 740/4/116 744/2/116
f 745/1/1 749/4/1 748/2/1
f 750/1/119 749/4/119 745/2/119
f 747/1/118 744/4/118 748/2/118
f 749/1/1 753/4/1 752/2/1
f 754/1/121 753/4/121 749/2/121
f 751/1/120 748/4/120 752/2/120
f 752/3/1 753/1/1 757/4/1
f 758/1/123 757/4/123 753/2/123
f 755/1/122 752/4/122 756/2/122
f 757/1/1 761/4/1 760/2/1
f 762/1/125 761/4/125 757/2/125
f 759/1/124 756/4/124 760/2/124
f 760/3/1 761/1/1 765/4/1
f 766/1/127 765/4/127 761/2/127
f 763/1/126 760/4/126 764/2/126
f 765/1/1 769/4/1 768/2/1
f 770/1/129 769/4/129 765/2/129
f 767/1/128 764/4/128 768/2/128
f 769/1/1 773/4/1 772/2/1
f 774/1/131 773/4/131 769/2/131
f 771/1/130 768/4/130 772/2/130
f 773/1/1 777/4/1 776/2/1
f 778/1/133 777/4/133 773/2/133
f 775/1/132 772/4/132 776/2/132
f 776/3/1 777/1/1 781/4/1
f 782/1/135 781/4/135 777/2/135
f 779/1/134 776/4/134 780/2/134
f 781/1/1 785/4/1 784/2/1
f 786/1/137 785/4/137 781/2/137
f 783/1/136 780/4/136 784/2/136
f 784/3/1 785/1/1 789/4/1
f 790/1/139 789/4/139 785/2/139
f 787/1/138 784/4/138 788/2/138
f 789/1/1 793/4/1 792/2/1
f 794/1/141 793/4/141 789/2/141
f 791/1/140 788/4/140 792/2/140
f 793/1/1 797/4/1 796/2/1
f 798/1/143 797/4/143 793/2/143
f 795/1/259 792/4/259 796/2/259
f 797/1/1 801/4/1 800/2/1
f 802/1/145 801/4/145 797/2/145
f 799/1/144 796/4/144 800/2/144
f 801/1/1 805/4/1 804/2/1
f 806/1/147 805/4/147 801/2/147
f 803/1/146 800/4/146 804/2/146
f 805/1/1 809/4/1 808/2/1
f 810/1/149 809/4/149 805/2/149
f 807/1/148 804/4/148 808/2/148
f 808/3/1 809/1/1 813/4/1
f 814/1/151 813/4/151 809/2/151
f 811/1/150 808/4/150 812/2/150
f 813/1/1 817/4/1 816/2/1
f 818/1/153 817/4/153 813/2/153
f 815/1/152 812/4/152 816/2/152
f 817/1/1 821/4/1 820/2/1
f 822/1/155 821/4/155 817/2/155
f 819/1/154 816/4/154 820/2/154
f 821/1/1 825/4/1 824/2/1
f 826/1/157 825/4/157 821/2/157
f 823/1/156 820/4/156 824/2/156
f 825/1/1 829/4/1 828/2/1
f 830/1/159 829/4/159 825/2/159
f 827/1/158 824/4/158 828/2/158
f 828/3/1 829/1/1 833/4/1
f 834/1/161 833/4/161 829/2/161
f 831/1/160 828/4/160 832/2/160
f 833/1/1 837/4/1 836/2/1
f 838/1/163 837/4/163 833/2/163
f 835/1/162 832/4/162 836/2/162
f 837/1/1 841/4/1 840/2/1
f 842/1/165 841/4/165 837/2/165
f 839/1/164 836/4/164 840/2/164
f 841/1/1 845/4/1 844/2/1
f 846/1/167 845/4/167 841/2/167
f 843/1/166 840/4/166 844/2/166
f 844/3/1 845/1/1 849/4/1
f 850/1/169 849/4/169 845/2/169
f 847/1/168 844/4/168 848/2/168
f 848/3/1 849/1/1 853/4/1
f 854/1/171 853/4/171 849/2/171
f 851/1/170 848/4/170 852/2/170
f 853/1/1 857/4/1 856/2/1
f 858/1/173 857/4/173 853/2/173
f 855/1/172 852/4/172 856/2/172
f 857/1/1 861/4/1 860/2/1
f 862/1/175 861/4/175 857/2/175
f 859/1/174 856/4/174 860/2/174
f 860/3/1 861/1/1 865/4/1
f 866/1/177 865/4/177 861/2/177
f 863/1/176 860/4/176 864/2/176
f 864/3/1 865/1/1 869/4/1
f 870/1/179 869/4/179 865/2/179
f 867/1/178 864/4/178 868/2/178
f 869/1/1 873/4/1 872/2/1
f 874/1/181 873/4/181 869/2/181
f 871/1/180 868/4/180 872/2/180
f 872/3/1 873/1/1 877/4/1
f 878/1/183 877/4/183 873/2/183
f 875/1/182 872/4/182 876/2/182
f 877/1/1 881/4/1 880/2/1
f 882/1/185 881/4/185 877/2/185
f 879/1/184 876/4/184 880/2/184
f 881/1/1 885/4/1 884/2/1
f 886/1/187 885/4/187 881/2/187
f 883/1/186 880/4/186 884/2/186
f 885/1/1 889/4/1 888/2/1
f 890/1/189 889/4/189 885/2/189
f 887/1/188 884/4/188 888/2/188
f 888/3/1 889/1/1 893/4/1
f 894/1/191 893/4/191 889/2/191
f 891/1/190 888/4/190 892/2/190
f 892/3/1 893/1/1 897/4/1
f 898/1/193 897/4/193 893/2/193
f 895/1/192 892/4/192 896/2/192
f 897/1/1 901/4/1 900/2/1
f 902/1/195 901/4/195 897/2/195
f 899/1/194 896/4/194 900/2/194
f 901/1/1 905/4/1 904/2/1
f 906/1/197 905/4/197 901/2/197
f 903/1/196 900/4/196 904/2/196
f 904/3/1 905/1/1 909/4/1
f 910/1/199 909/4/199 905/2/199
f 907/1/198 904/4/198 908/2/198
f 908/3/1 909/1/1 913/4/1
f 914/1/201 913/4/201 909/2/201
f 911/1/200 908/4/200 912/2/200
f 912/3/1 913/1/1 917/4/1
f 918/1/203 917/4/203 913/2/203
f 915/1/202 912/4/202 916/2/202
f 917/1/1 921/4/1 920/2/1
f 922/1/205 921/4/205 917/2/205
f 919/1/204 916/4/204 920/2/204
f 920/3/1 921/1/1 925/4/1
f 926/1/207 925/4/207 921/2/207
f 923/1/206 920/4/206 924/2/206
f 925/1/1 929/4/1 928/2/1
f 930/1/209 929/4/209 925/2/209
f 927/1/208 924/4/208 928/2/208
f 929/1/1 933/4/1 932/2/1
f 934/1/211 933/4/211 929/2/211
f 931/1/210 928/4/210 932/2/210
f 932/3/1 933/1/1 937/4/1
f 938/1/213 937/4/213 933/2/213
f 935/1/212 932/4/212 936/2/212
f 936/3/1 937/1/1 941/4/1
f 942/1/215 941/4/215 937/2/215
f 939/1/214 936/4/214 940/2/214
f 941/1/1 945/4/1 944/2/1
f 946/1/217 945/4/217 941/2/217
f 943/1/216 940/4/216 944/2/216
f 945/1/1 949/4/1 948/2/1
f 950/1/219 949/4/219 945/2/219
f 947/1/218 944/4/218 948/2/218
f 948/3/1 949/1/1 953/4/1
f 954/1/221 953/4/221 949/2/221
f 951/1/220 948/4/220 952/2/220
f 952/3/1 953/1/1 957/4/1
f 958/1/223 957/4/223 953/2/223
f 955/1/222 952/4/222 956/2/222
f 956/3/1 957/1/1 961/4/1
f 962/1/225 961/4/225 957/2/225
f 959/1/224 956/4/224 960/2/224
f 961/1/1 965/4/1 964/2/1
f 966/1/227 965/4/227 961/2/227
f 963/1/226 960/4/226 964/2/226
f 964/3/1 965/1/1 969/4/1
f 970/1/229 969/4/229 965/2/229
f 967/1/228 964/4/228 968/2/228
f 968/3/1 969/1/1 973/4/1
f 974/1/231 973/4/231 969/2/231
f 971/1/230 968/4/230 972/2/230
f 973/1/1 977/4/1 976/2/1
f 978/1/233 977/4/233 973/2/233
f 975/1/232 972/4/232 976/2/232
f 976/3/1 977/1/1 981/4/1
f 982/1/235 981/4/235 977/2/235
f 979/1/234 976/4/234 980/2/234
f 981/1/1 985/4/1 984/2/1
f 986/1/237 985/4/237 981/2/237
f 983/1/236 980/4/236 984/2/236
f 984/3/1 985/1/1 989/4/1
f 990/1/239 989/4/239 985/2/239
f 987/1/238 984/4/238 988/2/238
f 988/3/1 989/1/1 993/4/1
f 994/1/241 993/4/241 989/2/241
f 991/1/240 988/4/240 992/2/240
f 993/1/1 997/4/1 996/2/1
f 998/1/243 997/4/243 993/2/243
f 995/1/242 992/4/242 996/2/242
f 996/3/1 997/1/1 1001/4/1
f 1002/1/245 1001/4/245 997/2/245
f 999/1/244 996/4/244 1000/2/244
f 1001/1/1 1005/4/1 1004/2/1
f 1006/1/247 1005/4/247 1001/2/247
f 1003/1/246 1000/4/246 1004/2/246
f 1005/1/1 1009/4/1 1008/2/1
f 1010/1/249 1009/4/249 1005/2/249
f 1007/1/248 1004/4/248 1008/2/248
f 1008/3/1 1009/1/1 1013/4/1
f 1014/1/251 1013/4/251 1009/2/251
f 1011/1/250 1008/4/250 1012/2/250
f 1013/1/1 1017/4/1 1016/2/1
f 1018/1/253 1017/4/253 1013/2/253
f 1015/1/252 1012/4/252 1016/2/252
f 1016/3/1 1017/1/1 1021/4/1
f 1022/1/255 1021/4/255 1017/2/255
f 1019/1/254 1016/4/254 1020/2/254
f 1021/1/1 4/4/1 1/2/1
f 1024/1/257 4/4/257 1021/2/257
f 1023/1/256 1020/4/256 1/2/256
f 2045/3/1 2046/1/1 1026/4/1
f 1027/1/2 1026/4/2 2046/2/2
f 2048/1/3 2045/4/3 1025/2/3
f 1026/1/1 1030/4/1 1029/2/1
f 1031/1/4 1030/4/4 1026/2/4
f 1028/1/5 1025/4/5 1029/2/5
f 1029/3/1 1030/1/1 1034/4/1
f 1035/1/6 1034/4/6 1030/2/6
f 1032/1/7 1029/4/7 1033/2/7
f 1034/1/1 1038/4/1 1037/2/1
f 1039/1/8 1038/4/8 1034/2/8
f 1036/1/9 1033/4/9 1037/2/9
f 1037/3/1 1038/1/1 1042/4/1
f 1043/1/10 1042/4/10 1038/2/10
f 1040/1/11 1037/4/11 1041/2/11
f 1042/1/1 1046/4/1 1045/2/1
f 1047/1/12 1046/4/12 1042/2/12
f 1044/1/13 1041/4/13 1045/2/13
f 1045/3/1 1046/1/1 1050/4/1
f 1051/1/14 1050/4/14 1046/2/14
f 1048/1/15 1045/4/15 1049/2/15
f 1049/3/1 1050/1/1 1054/4/1
f 1055/1/16 1054/4/16 1050/2/16
f 1052/1/17 1049/4/17 1053/2/17
f 1053/3/1 1054/1/1 1058/4/1
f 1059/1/18 1058/4/18 1054/2/18
f 1056/1/19 1053/4/19 1057/2/19
f 1058/1/1 1062/4/1 1061/2/1
f 1063/1/20 1062/4/20 1058/2/20
f 1060/1/21 1057/4/21 1061/2/21
f 1061/3/1 1062/1/1 1066/4/1
f 1067/1/22 1066/4/22 1062/2/22
f 1064/1/23 1061/4/23 1065/2/23
f 1065/3/1 1066/1/1 1070/4/1
f 1071/1/24 1070/4/24 1066/2/24
f 1068/1/25 1065/4/25 1069/2/25
f 1070/1/1 1074/4/1 1073/2/1
f 1075/1/26 1074/4/26 1070/2/26
f 1072/1/27 1069/4/27 1073/2/27
f 1074/1/1 1078/4/1 1077/2/1
f 1079/1/28 1078/4/28 1074/2/28
f 1076/1/29 1073/4/29 1077/2/29
f 1077/3/1 1078/1/1 1082/4/1
f 1083/1/30 1082/4/30 1078/2/30
f 1080/1/31 1077/4/31 1081/2/31
f 1082/1/1 1086/4/1 1085/2/1
f 1087/1/32 1086/4/32 1082/2/32
f 1084/1/33 1081/4/33 1085/2/33
f 1085/3/1 1086/1/1 1090/4/1
f 1091/1/34 1090/4/34 1086/2/34
f 1088/1/35 1085/4/35 1089/2/35
f 1089/3/1 1090/1/1 1094/4/1
f 1095/1/36 1094/4/36 1090/2/36
f 1092/1/37 1089/4/37 1093/2/37
f 1093/3/1 1094/1/1 1098/4/1
f 1099/1/38 1098/4/38 1094/2/38
f 1096/1/39 1093/4/39 1097/2/39
f 1098/1/1 1102/4/1 1101/2/1
f 1103/1/40 1102/4/40 1098/2/40
f 1100/1/41 1097/4/41 1101/2/41
f 1101/3/1 1102/1/1 1106/4/1
f 1107/1/42 1106/4/42 1102/2/42
f 1104/1/43 1101/4/43 1105/2/43
f 1106/1/1 1110/4/1 1109/2/1
f 1111/1/44 1110/4/44 1106/2/44
f 1108/1/45 1105/4/45 1109/2/45
f 1110/1/1 1114/4/1 1113/2/1
f 1115/1/46 1114/4/46 1110/2/46
f 1112/1/47 1109/4/47 1113/2/47
f 1114/1/1 1118/4/1 1117/2/1
f 1119/1/48 1118/4/48 1114/2/48
f 1116/1/49 1113/4/49 1117/2/49
f 1117/3/1 1118/1/1 1122/4/1
f 1123/1/50 1122/4/50 1118/2/50
f 1120/1/51 1117/4/51 1121/2/51
f 1122/1/1 1126/4/1 1125/2/1
f 1127/1/52 1126/4/52 1122/2/52
f 1124/1/53 1121/4/53 1125/2/53
f 1126/1/1 1130/4/1 1129/2/1
f 1131/1/54 1130/4/54 1126/2/54
f 1128/1/55 1125/4/55 1129/2/55
f 1130/1/1 1134/4/1 1133/2/1
f 1135/1/56 1134/4/56 1130/2/56
f 1132/1/57 1129/4/57 1133/2/57
f 1134/1/1 1138/4/1 1137/2/1
f 1139/1/58 1138/4/58 1134/2/58
f 1136/1/59 1133/4/59 1137/2/59
f 1138/1/1 1142/4/1 1141/2/1
f 1143/1/60 1142/4/60 1138/2/60
f 1140/1/61 1137/4/61 1141/2/61
f 1142/1/1 1146/4/1 1145/2/1
f 1147/1/62 1146/4/62 1142/2/62
f 1144/1/63 1141/4/63 1145/2/63
f 1145/3/1 1146/1/1 1150/4/1
f 1151/1/64 1150/4/64 1146/2/64
f 1148/1/65 1145/4/65 1149/2/65
f 1150/1/1 1154/4/1 1153/2/1
f 1155/1/66 1154/4/66 1150/2/66
f 1152/1/67 1149/4/67 1153/2/67
f 1153/3/1 1154/1/1 1158/4/1
f 1159/1/68 1158/4/68 1154/2/68
f 1156/1/69 1153/4/69 1157/2/69
f 1157/3/1 1158/1/1 1162/4/1
f 1163/1/70 1162/4/70 1158/2/70
f 1160/1/71 1157/4/71 1161/2/71
f 1161/3/1 1162/1/1 1166/4/1
f 1167/1/72 1166/4/72 1162/2/72
f 1164/1/73 1161/4/73 1165/2/73
f 1165/3/1 1166/1/1 1170/4/1
f 1171/1/74 1170/4/74 1166/2/74
f 1168/1/75 1165/4/75 1169/2/75
f 1169/3/1 1170/1/1 1174/4/1
f 1175/1/76 1174/4/76 1170/2/76
f 1172/1/77 1169/4/77 1173/2/77
f 1174/1/1 1178/4/1 1177/2/1
f 1179/1/78 1178/4/78 1174/2/78
f 1176/1/79 1173/4/79 1177/2/79
f 1178/1/1 1182/4/1 1181/2/1
f 1183/1/80 1182/4/80 1178/2/80
f 1180/1/81 1177/4/81 1181/2/81
f 1181/3/1 1182/1/1 1186/4/1
f 1187/1/82 1186/4/82 1182/2/82
f 1184/1/83 1181/4/83 1185/2/83
f 1185/3/1 1186/1/1 1190/4/1
f 1191/1/84 1190/4/84 1186/2/84
f 1188/1/85 1185/4/85 1189/2/85
f 1189/3/1 1190/1/1 1194/4/1
f 1195/1/86 1194/4/86 1190/2/86
f 1192/1/87 1189/4/87 1193/2/87
f 1194/1/1 1198/4/1 1197/2/1
f 1199/1/88 1198/4/88 1194/2/88
f 1196/1/89 1193/4/89 1197/2/89
f 1197/3/1 1198/1/1 1202/4/1
f 1203/1/90 1202/4/90 1198/2/90
f 1200/1/91 1197/4/91 1201/2/91
f 1201/3/1 1202/1/1 1206/4/1
f 1207/1/92 1206/4/92 1202/2/92
f 1204/1/93 1201/4/93 1205/2/93
f 1206/1/1 1210/4/1 1209/2/1
f 1211/1/94 1210/4/94 1206/2/94
f 1208/1/95 1205/4/95 1209/2/95
f 1210/1/1 1214/4/1 1213/2/1
f 1215/1/96 1214/4/96 1210/2/96
f 1212/1/97 1209/4/97 1213/2/97
f 1213/3/1 1214/1/1 1218/4/1
f 1219/1/98 1218/4/98 1214/2/98
f 1216/1/99 1213/4/99 1217/2/99
f 1218/1/1 1222/4/1 1221/2/1
f 1223/1/100 1222/4/100 1218/2/100
f 1220/1/101 1217/4/101 1221/2/101
f 1221/3/1 1222/1/1 1226/4/1
f 1227/1/102 1226/4/102 1222/2/102
f 1224/1/103 1221/4/103 1225/2/103
f 1225/3/1 1226/1/1 1230/4/1
f 1231/1/104 1230/4/104 1226/2/104
f 1228/1/105 1225/4/105 1229/2/105
f 1230/1/1 1234/4/1 1233/2/1
f 1235/1/106 1234/4/106 1230/2/106
f 1232/1/107 1229/4/107 1233/2/107
f 1234/1/1 1238/4/1 1237/2/1
f 1239/1/108 1238/4/108 1234/2/108
f 1236/1/109 1233/4/109 1237/2/109
f 1237/3/1 1238/1/1 1242/4/1
f 1243/1/110 1242/4/110 1238/2/110
f 1240/1/111 1237/4/111 1241/2/111
f 1242/1/1 1246/4/1 1245/2/1
f 1247/1/112 1246/4/112 1242/2/112
f 1244/1/113 1241/4/113 1245/2/113
f 1246/1/1 1250/4/1 1249/2/1
f 1251/1/114 1250/4/114 1246/2/114
f 1248/1/115 1245/4/115 1249/2/115
f 1250/1/1 1254/4/1 1253/2/1
f 1255/1/116 1254/4/116 1250/2/116
f 1252/1/117 1249/4/117 1253/2/117
f 1253/3/1 1254/1/1 1258/4/1
f 1259/1/118 1258/4/118 1254/2/118
f 1256/1/119 1253/4/119 1257/2/119
f 1258/1/1 1262/4/1 1261/2/1
f 1263/1/120 1262/4/120 1258/2/120
f 1260/1/121 1257/4/121 1261/2/121
f 1262/1/1 1266/4/1 1265/2/1
f 1267/1/122 1266/4/122 1262/2/122
f 1264/1/123 1261/4/123 1265/2/123
f 1266/1/1 1270/4/1 1269/2/1
f 1271/1/124 1270/4/124 1266/2/124
f 1268/1/125 1265/4/125 1269/2/125
f 1269/3/1 1270/1/1 1274/4/1
f 1275/1/126 1274/4/126 1270/2/126
f 1272/1/127 1269/4/127 1273/2/127
f 1274/1/1 1278/4/1 1277/2/1
f 1279/1/128 1278/4/128 1274/2/128
f 1276/1/129 1273/4/129 1277/2/129
f 1277/3/1 1278/1/1 1282/4/1
f 1283/1/130 1282/4/130 1278/2/130
f 1280/1/131 1277/4/131 1281/2/131
f 1282/1/1 1286/4/1 1285/2/1
f 1287/1/132 1286/4/132 1282/2/132
f 1284/1/133 1281/4/133 1285/2/133
f 1285/3/1 1286/1/1 1290/4/1
f 1291/1/134 1290/4/134 1286/2/134
f 1288/1/135 1285/4/135 1289/2/135
f 1290/1/1 1294/4/1 1293/2/1
f 1295/1/136 1294/4/136 1290/2/136
f 1292/1/137 1289/4/137 1293/2/137
f 1293/3/1 1294/1/1 1298/4/1
f 1299/1/138 1298/4/138 1294/2/138
f 1296/1/139 1293/4/139 1297/2/139
f 1298/1/1 1302/4/1 1301/2/1
f 1303/1/140 1302/4/140 1298/2/140
f 1300/1/141 1297/4/141 1301/2/141
f 1301/3/1 1302/1/1 1306/4/1
f 1307/1/259 1306/4/259 1302/2/259
f 1304/1/143 1301/4/143 1305/2/143
f 1305/3/1 1306/1/1 1310/4/1
f 1311/1/144 1310/4/144 1306/2/144
f 1308/1/145 1305/4/145 1309/2/145
f 1309/3/1 1310/1/1 1314/4/1
f 1315/1/146 1314/4/146 1310/2/146
f 1312/1/147 1309/4/147 1313/2/147
f 1314/1/1 1318/4/1 1317/2/1
f 1319/1/148 1318/4/148 1314/2/148
f 1316/1/149 1313/4/149 1317/2/149
f 1317/3/1 1318/1/1 1322/4/1
f 1323/1/150 1322/4/150 1318/2/150
f 1320/1/151 1317/4/151 1321/2/151
f 1321/3/1 1322/1/1 1326/4/1
f 1327/1/152 1326/4/152 1322/2/152
f 1324/1/153 1321/4/153 1325/2/153
f 1326/1/1 1330/4/1 1329/2/1
f 1331/1/154 1330/4/154 1326/2/154
f 1328/1/155 1325/4/155 1329/2/155
f 1330/1/1 1334/4/1 1333/2/1
f 1335/1/156 1334/4/156 1330/2/156
f 1332/1/157 1329/4/157 1333/2/157
f 1333/3/1 1334/1/1 1338/4/1
f 1339/1/158 1338/4/158 1334/2/158
f 1336/1/159 1333/4/159 1337/2/159
f 1338/1/1 1342/4/1 1341/2/1
f 1343/1/160 1342/4/160 1338/2/160
f 1340/1/161 1337/4/161 1341/2/161
f 1341/3/1 1342/1/1 1346/4/1
f 1347/1/162 1346/4/162 1342/2/162
f 1344/1/163 1341/4/163 1345/2/163
f 1345/3/1 1346/1/1 1350/4/1
f 1351/1/164 1350/4/164 1346/2/164
f 1348/1/165 1345/4/165 1349/2/165
f 1349/3/1 1350/1/1 1354/4/1
f 1355/1/166 1354/4/166 1350/2/166
f 1352/1/167 1349/4/167 1353/2/167
f 1354/1/1 1358/4/1 1357/2/1
f 1359/1/168 1358/4/168 1354/2/168
f 1356/1/169 1353/4/169 1357/2/169
f 1357/3/1 1358/1/1 1362/4/1
f 1363/1/170 1362/4/170 1358/2/170
f 1360/1/171 1357/4/171 1361/2/171
f 1362/1/1 1366/4/1 1365/2/1
f 1367/1/172 1366/4/172 1362/2/172
f 1364/1/173 1361/4/173 1365/2/173
f 1366/1/1 1370/4/1 1369/2/1
f 1371/1/174 1370/4/174 1366/2/174
f 1368/1/175 1365/4/175 1369/2/175
f 1370/1/1 1374/4/1 1373/2/1
f 1375/1/176 1374/4/176 1370/2/176
f 1372/1/177 1369/4/177 1373/2/177
f 1373/3/1 1374/1/1 1378/4/1
f 1379/1/178 1378/4/178 1374/2/178
f 1376/1/179 1373/4/179 1377/2/179
f 1378/1/1 1382/4/1 1381/2/1
f 1383/1/180 1382/4/180 1378/2/180
f 1380/1/181 1377/4/181 1381/2/181
f 1382/1/1 1386/4/1 1385/2/1
f 1387/1/182 1386/4/182 1382/2/182
f 1384/1/183 1381/4/183 1385/2/183
f 1386/1/1 1390/4/1 1389/2/1
f 1391/1/184 1390/4/184 1386/2/184
f 1388/1/185 1385/4/185 1389/2/185
f 1390/1/1 1394/4/1 1393/2/1
f 1395/1/186 1394/4/186 1390/2/186
f 1392/1/187 1389/4/187 1393/2/187
f 1394/1/1 1398/4/1 1397/2/1
f 1399/1/188 1398/4/188 1394/2/188
f 1396/1/189 1393/4/189 1397/2/189
f 1398/1/1 1402/4/1 1401/2/1
f 1403/1/190 1402/4/190 1398/2/190
f 1400/1/191 1397/4/191 1401/2/191
f 1401/3/1 1402/1/1 1406/4/1
f 1407/1/192 1406/4/192 1402/2/192
f 1404/1/193 1401/4/193 1405/2/193
f 1406/1/1 1410/4/1 1409/2/1
f 1411/1/194 1410/4/194 1406/2/194
f 1408/1/195 1405/4/195 1409/2/195
f 1409/3/1 1410/1/1 1414/4/1
f 1415/1/196 1414/4/196 1410/2/196
f 1412/1/197 1409/4/197 1413/2/197
f 1413/3/1 1414/1/1 1418/4/1
f 1419/1/198 1418/4/198 1414/2/198
f 1416/1/199 1413/4/199 1417/2/199
f 1417/3/1 1418/1/1 1422/4/1
f 1423/1/200 1422/4/200 1418/2/200
f 1420/1/201 1417/4/201 1421/2/201
f 1421/3/1 1422/1/1 1426/4/1
f 1427/1/202 1426/4/202 1422/2/202
f 1424/1/203 1421/4/203 1425/2/203
f 1425/3/1 1426/1/1 1430/4/1
f 1431/1/204 1430/4/204 1426/2/204
f 1428/1/205 1425/4/205 1429/2/205
f 1430/1/1 1434/4/1 1433/2/1
f 1435/1/206 1434/4/206 1430/2/206
f 1432/1/207 1429/4/207 1433/2/207
f 1434/1/1 1438/4/1 1437/2/1
f 1439/1/208 1438/4/208 1434/2/208
f 1436/1/209 1433/4/209 1437/2/209
f 1437/3/1 1438/1/1 1442/4/1
f 1443/1/210 1442/4/210 1438/2/210
f 1440/1/211 1437/4/211 1441/2/211
f 1441/3/1 1442/1/1 1446/4/1
f 1447/1/212 1446/4/212 1442/2/212
f 1444/1/213 1441/4/213 1445/2/213
f 1445/3/1 1446/1/1 1450/4/1
f 1451/1/214 1450/4/214 1446/2/214
f 1448/1/215 1445/4/215 1449/2/215
f 1450/1/1 1454/4/1 1453/2/1
f 1455/1/216 1454/4/216 1450/2/216
f 1452/1/217 1449/4/217 1453/2/217
f 1453/3/1 1454/1/1 1458/4/1
f 1459/1/218 1458/4/218 1454/2/218
f 1456/1/219 1453/4/219 1457/2/219
f 1457/3/1 1458/1/1 1462/4/1
f 1463/1/220 1462/4/220 1458/2/220
f 1460/1/221 1457/4/221 1461/2/221
f 1462/1/1 1466/4/1 1465/2/1
f 1467/1/222 1466/4/222 1462/2/222
f 1464/1/223 1461/4/223 1465/2/223
f 1466/1/1 1470/4/1 1469/2/1
f 1471/1/224 1470/4/224 1466/2/224
f 1468/1/225 1465/4/225 1469/2/225
f 1469/3/1 1470/1/1 1474/4/1
f 1475/1/226 1474/4/226 1470/2/226
f 1472/1/227 1469/4/227 1473/2/227
f 1474/1/1 1478/4/1 1477/2/1
f 1479/1/228 1478/4/228 1474/2/228
f 1476/1/229 1473/4/229 1477/2/229
f 1477/3/1 1478/1/1 1482/4/1
f 1483/1/230 1482/4/230 1478/2/230
f 1480/1/231 1477/4/231 1481/2/231
f 1481/3/1 1482/1/1 1486/4/1
f 1487/1/232 1486/4/232 1482/2/232
f 1484/1/233 1481/4/233 1485/2/233
f 1486/1/1 1490/4/1 1489/2/1
f 1491/1/234 1490/4/234 1486/2/234
f 1488/1/235 1485/4/235 1489/2/235
f 1490/1/1 1494/4/1 1493/2/1
f 1495/1/236 1494/4/236 1490/2/236
f 1492/1/237 1489/4/237 1493/2/237
f 1493/3/1 1494/1/1 1498/4/1
f 1499/1/238 1498/4/238 1494/2/238
f 1496/1/239 1493/4/239 1497/2/239
f 1498/1/1 1502/4/1 1501/2/1
f 1503/1/240 1502/4/240 1498/2/240
f 1500/1/241 1497/4/241 1501/2/241
f 1502/1/1 1506/4/1 1505/2/1
f 1507/1/242 1506/4/242 1502/2/242
f 1504/1/243 1501/4/243 1505/2/243
f 1506/1/1 1510/4/1 1509/2/1
f 1511/1/244 1510/4/244 1506/2/244
f 1508/1/245 1505/4/245 1509/2/245
f 1509/3/1 1510/1/1 1514/4/1
f 1515/1/246 1514/4/246 1510/2/246
f 1512/1/247 1509/4/247 1513/2/247
f 1514/1/1 1518/4/1 1517/2/1
f 1519/1/248 1518/4/248 1514/2/248
f 1516/1/249 1513/4/249 1517/2/249
f 1518/1/1 1522/4/1 1521/2/1
f 1523/1/250 1522/4/250 1518/2/250
f 1520/1/251 1517/4/251 1521/2/251
f 1522/1/1 1526/4/1 1525/2/1
f 1527/1/252 1526/4/252 1522/2/252
f 1524/1/253 1521/4/253 1525/2/253
f 1525/3/1 1526/1/1 1530/4/1
f 1531/1/254 1530/4/254 1526/2/254
f 1528/1/255 1525/4/255 1529/2/255
f 1530/1/1 1534/4/1 1533/2/1
f 1535/1/256 1534/4/256 1530/2/256
f 1532/1/257 1529/4/257 1533/2/257
f 1533/3/1 1534/1/1 1538/4/1
f 1539/1/3 1538/4/3 1534/2/3
f 1536/1/2 1533/4/2 1537/2/2
f 1538/1/1 1542/4/1 1541/2/1
f 1543/1/5 1542/4/5 1538/2/5
f 1540/1/4 1537/4/4 1541/2/4
f 1541/3/1 1542/1/1 1546/4/1
f 1547/1/7 1546/4/7 1542/2/7
f 1544/1/6 1541/4/6 1545/2/6
f 1546/1/1 1550/4/1 1549/2/1
f 1551/1/9 1550/4/9 1546/2/9
f 1548/1/8 1545/4/8 1549/2/8
f 1549/3/1 1550/1/1 1554/4/1
f 1555/1/11 1554/4/11 1550/2/11
f 1552/1/10 1549/4/10 1553/2/10
f 1554/1/1 1558/4/1 1557/2/1
f 1559/1/13 1558/4/13 1554/2/13
f 1556/1/12 1553/4/12 1557/2/12
f 1557/3/1 1558/1/1 1562/4/1
f 1563/1/15 1562/4/15 1558/2/15
f 1560/1/14 1557/4/14 1561/2/14
f 1561/3/1 1562/1/1 1566/4/1
f 1567/1/17 1566/4/17 1562/2/17
f 1564/1/16 1561/4/16 1565/2/16
f 1565/3/1 1566/1/1 1570/4/1
f 1571/1/19 1570/4/19 1566/2/19
f 1568/1/18 1565/4/18 1569/2/18
f 1570/1/1 1574/4/1 1573/2/1
f 1575/1/21 1574/4/21 1570/2/21
f 1572/1/20 1569/4/20 1573/2/20
f 1573/3/1 1574/1/1 1578/4/1
f 1579/1/23 1578/4/23 1574/2/23
f 1576/1/22 1573/4/22 1577/2/22
f 1577/3/1 1578/1/1 1582/4/1
f 1583/1/25 1582/4/25 1578/2/25
f 1580/1/24 1577/4/24 1581/2/24
f 1582/1/1 1586/4/1 1585/2/1
f 1587/1/27 1586/4/27 1582/2/27
f 1584/1/26 1581/4/26 1585/2/26
f 1586/1/1 1590/4/1 1589/2/1
f 1591/1/29 1590/4/29 1586/2/29
f 1588/1/28 1585/4/28 1589/2/28
f 1589/3/1 1590/1/1 1594/4/1
f 1595/1/31 1594/4/31 1590/2/31
f 1592/1/30 1589/4/30 1593/2/30
f 1594/1/1 1598/4/1 1597/2/1
f 1599/1/33 1598/4/33 1594/2/33
f 1596/1/32 1593/4/32 1597/2/32
f 1597/3/1 1598/1/1 1602/4/1
f 1603/1/35 1602/4/35 1598/2/35
f 1600/1/34 1597/4/34 1601/2/34
f 1601/3/1 1602/1/1 1606/4/1
f 1607/1/37 1606/4/37 1602/2/37
f 1604/1/36 1601/4/36 1605/2/36
f 1605/3/1 1606/1/1 1610/4/1
f 1611/1/39 1610/4/39 1606/2/39
f 1608/1/38 1605/4/38 1609/2/38
f 1610/1/1 1614/4/1 1613/2/1
f 1615/1/41 1614/4/41 1610/2/41
f 1612/1/40 1609/4/40 1613/2/40
f 1613/3/1 1614/1/1 1618/4/1
f 1619/1/43 1618/4/43 1614/2/43
f 1616/1/42 1613/4/42 1617/2/42
f 1618/1/1 1622/4/1 1621/2/1
f 1623/1/45 1622/4/45 1618/2/45
f 1620/1/44 1617/4/44 1621/2/44
f 1622/1/1 1626/4/1 1625/2/1
f 1627/1/47 1626/4/47 1622/2/47
f 1624/1/46 1621/4/46 1625/2/46
f 1626/1/1 1630/4/1 1629/2/1
f 1631/1/49 1630/4/49 1626/2/49
f 1628/1/48 1625/4/48 1629/2/48
f 1629/3/1 1630/1/1 1634/4/1
f 1635/1/51 1634/4/51 1630/2/51
f 1632/1/50 1629/4/50 1633/2/50
f 1634/1/1 1638/4/1 1637/2/1
f 1639/1/53 1638/4/53 1634/2/53
f 1636/1/52 1633/4/52 1637/2/52
f 1638/1/1 1642/4/1 1641/2/1
f 1643/1/55 1642/4/55 1638/2/55
f 1640/1/54 1637/4/54 1641/2/54
f 1642/1/1 1646/4/1 1645/2/1
f 1647/1/57 1646/4/57 1642/2/57
f 1644/1/56 1641/4/56 1645/2/56
f 1646/1/1 1650/4/1 1649/2/1
f 1651/1/59 1650/4/59 1646/2/59
f 1648/1/58 1645/4/58 1649/2/58
f 1650/1/1 1654/4/1 1653/2/1
f 1655/1/61 1654/4/61 1650/2/61
f 1652/1/60 1649/4/60 1653/2/60
f 1654/1/1 1658/4/1 1657/2/1
f 1659/1/63 1658/4/63 1654/2/63
f 1656/1/62 1653/4/62 1657/2/62
f 1657/3/1 1658/1/1 1662/4/1
f 1663/1/65 1662/4/65 1658/2/65
f 1660/1/64 1657/4/64 1661/2/64
f 1662/1/1 1666/4/1 1665/2/1
f 1667/1/67 1666/4/67 1662/2/67
f 1664/1/66 1661/4/66 1665/2/66
f 1665/3/1 1666/1/1 1670/4/1
f 1671/1/69 1670/4/69 1666/2/69
f 1668/1/68 1665/4/68 1669/2/68
f 1669/3/1 1670/1/1 1674/4/1
f 1675/1/71 1674/4/71 1670/2/71
f 1672/1/70 1669/4/70 1673/2/70
f 1673/3/1 1674/1/1 1678/4/1
f 1679/1/73 1678/4/73 1674/2/73
f 1676/1/72 1673/4/72 1677/2/72
f 1677/3/1 1678/1/1 1682/4/1
f 1683/1/75 1682/4/75 1678/2/75
f 1680/1/74 1677/4/74 1681/2/74
f 1681/3/1 1682/1/1 1686/4/1
f 1687/1/77 1686/4/77 1682/2/77
f 1684/1/76 1681/4/76 1685/2/76
f 1686/1/1 1690/4/1 1689/2/1
f 1691/1/79 1690/4/79 1686/2/79
f 1688/1/78 1685/4/78 1689/2/78
f 1690/1/1 1694/4/1 1693/2/1
f 1695/1/81 1694/4/81 1690/2/81
f 1692/1/80 1689/4/80 1693/2/80
f 1693/3/1 1694/1/1 1698/4/1
f 1699/1/83 1698/4/83 1694/2/83
f 1696/1/82 1693/4/82 1697/2/82
f 1697/3/1 1698/1/1 1702/4/1
f 1703/1/85 1702/4/85 1698/2/85
f 1700/1/84 1697/4/84 1701/2/84
f 1701/3/1 1702/1/1 1706/4/1
f 1707/1/87 1706/4/87 1702/2/87
f 1704/1/86 1701/4/86 1705/2/86
f 1706/1/1 1710/4/1 1709/2/1
f 1711/1/89 1710/4/89 1706/2/89
f 1708/1/88 1705/4/88 1709/2/88
f 1709/3/1 1710/1/1 1714/4/1
f 1715/1/91 1714/4/91 1710/2/91
f 1712/1/90 1709/4/90 1713/2/90
f 1713/3/1 1714/1/1 1718/4/1
f 1719/1/93 1718/4/93 1714/2/93
f 1716/1/92 1713/4/92 1717/2/92
f 1718/1/1 1722/4/1 1721/2/1
f 1723/1/95 1722/4/95 1718/2/95
f 1720/1/94 1717/4/94 1721/2/94
f 1722/1/1 1726/4/1 1725/2/1
f 1727/1/97 1726/4/97 1722/2/97
f 1724/1/96 1721/4/96 1725/2/96
f 1725/3/1 1726/1/1 1730/4/1
f 1731/1/99 1730/4/99 1726/2/99
f 1728/1/98 1725/4/98 1729/2/98
f 1730/1/1 1734/4/1 1733/2/1
f 1735/1/101 1734/4/101 1730/2/101
f 1732/1/100 1729/4/100 1733/2/100
f 1733/3/1 1734/1/1 1738/4/1
f 1739/1/103 1738/4/103 1734/2/103
f 1736/1/102 1733/4/102 1737/2/102
f 1737/3/1 1738/1/1 1742/4/1
f 1743/1/105 1742/4/105 1738/2/105
f 1740/1/104 1737/4/104 1741/2/104
f 1742/1/1 1746/4/1 1745/2/1
f 1747/1/107 1746/4/107 1742/2/107
f 1744/1/106 1741/4/106 1745/2/106
f 1746/1/1 1750/4/1 1749/2/1
f 1751/1/109 1750/4/109 1746/2/109
f 1748/1/108 1745/4/108 1749/2/108
f 1749/3/1 1750/1/1 1754/4/1
f 1755/1/111 1754/4/111 1750/2/111
f 1752/1/110 1749/4/110 1753/2/110
f 1754/1/1 1758/4/1 1757/2/1
f 1759/1/113 1758/4/113 1754/2/113
f 1756/1/112 1753/4/112 1757/2/112
f 1758/1/1 1762/4/1 1761/2/1
f 1763/1/115 1762/4/115 1758/2/115
f 1760/1/114 1757/4/114 1761/2/114
f 1762/1/1 1766/4/1 1765/2/1
f 1767/1/117 1766/4/117 1762/2/117
f 1764/1/116 1761/4/116 1765/2/116
f 1765/3/1 1766/1/1 1770/4/1
f 1771/1/119 1770/4/119 1766/2/119
f 1768/1/118 1765/4/118 1769/2/118
f 1770/1/1 1774/4/1 1773/2/1
f 1775/1/121 1774/4/121 1770/2/121
f 1772/1/120 1769/4/120 1773/2/120
f 1774/1/1 1778/4/1 1777/2/1
f 1779/1/123 1778/4/123 1774/2/123
f 1776/1/122 1773/4/122 1777/2/122
f 1778/1/1 1782/4/1 1781/2/1
f 1783/1/125 1782/4/125 1778/2/125
f 1780/1/124 1777/4/124 1781/2/124
f 1781/3/1 1782/1/1 1786/4/1
f 1787/1/127 1786/4/127 1782/2/127
f 1784/1/126 1781/4/126 1785/2/126
f 1786/1/1 1790/4/1 1789/2/1
f 1791/1/129 1790/4/129 1786/2/129
f 1788/1/128 1785/4/128 1789/2/128
f 1789/3/1 1790/1/1 1794/4/1
f 1795/1/131 1794/4/131 1790/2/131
f 1792/1/130 1789/4/130 1793/2/130
f 1794/1/1 1798/4/1 1797/2/1
f 1799/1/133 1798/4/133 1794/2/133
f 1796/1/132 1793/4/132 1797/2/132
f 1797/3/1 1798/1/1 1802/4/1
f 1803/1/135 1802/4/135 1798/2/135
f 1800/1/134 1797/4/134 1801/2/134
f 1802/1/1 1806/4/1 1805/2/1
f 1807/1/137 1806/4/137 1802/2/137
f 1804/1/136 1801/4/136 1805/2/136
f 1805/3/1 1806/1/1 1810/4/1
f 1811/1/139 1810/4/139 1806/2/139
f 1808/1/138 1805/4/138 1809/2/138
f 1810/1/1 1814/4/1 1813/2/1
f 1815/1/141 1814/4/141 1810/2/141
f 1812/1/140 1809/4/140 1813/2/140
f 1813/3/1 1814/1/1 1818/4/1
f 1819/1/143 1818/4/143 1814/2/143
f 1816/1/259 1813/4/259 1817/2/259
f 1817/3/1 1818/1/1 1822/4/1
f 1823/1/145 1822/4/145 1818/2/145
f 1820/1/144 1817/4/144 1821/2/144
f 1821/3/1 1822/1/1 1826/4/1
f 1827/1/147 1826/4/147 1822/2/147
f 1824/1/146 1821/4/146 1825/2/146
f 1826/1/1 1830/4/1 1829/2/1
f 1831/1/149 1830/4/149 1826/2/149
f 1828/1/148 1825/4/148 1829/2/148
f 1829/3/1 1830/1/1 1834/4/1
f 1835/1/151 1834/4/151 1830/2/151
f 1832/1/150 1829/4/150 1833/2/150
f 1833/3/1 1834/1/1 1838/4/1
f 1839/1/153 1838/4/153 1834/2/153
f 1836/1/152 1833/4/152 1837/2/152
f 1838/1/1 1842/4/1 1841/2/1
f 1843/1/155 1842/4/155 1838/2/155
f 1840/1/154 1837/4/154 1841/2/154
f 1842/1/1 1846/4/1 1845/2/1
f 1847/1/157 1846/4/157 1842/2/157
f 1844/1/156 1841/4/156 1845/2/156
f 1845/3/1 1846/1/1 1850/4/1
f 1851/1/159 1850/4/159 1846/2/159
f 1848/1/158 1845/4/158 1849/2/158
f 1850/1/1 1854/4/1 1853/2/1
f 1855/1/161 1854/4/161 1850/2/161
f 1852/1/160 1849/4/160 1853/2/160
f 1853/3/1 1854/1/1 1858/4/1
f 1859/1/163 1858/4/163 1854/2/163
f 1856/1/162 1853/4/162 1857/2/162
f 1857/3/1 1858/1/1 1862/4/1
f 1863/1/165 1862/4/165 1858/2/165
f 1860/1/164 1857/4/164 1861/2/164
f 1861/3/1 1862/1/1 1866/4/1
f 1867/1/167 1866/4/167 1862/2/167
f 1864/1/166 1861/4/166 1865/2/166
f 1866/1/1 1870/4/1 1869/2/1
f 1871/1/169 1870/4/169 1866/2/169
f 1868/1/168 1865/4/168 1869/2/168
f 1869/3/1 1870/1/1 1874/4/1
f 1875/1/171 1874/4/171 1870/2/171
f 1872/1/170 1869/4/170 1873/2/170
f 1874/1/1 1878/4/1 1877/2/1
f 1879/1/173 1878/4/173 1874/2/173
f 1876/1/172 1873/4/172 1877/2/172
f 1878/1/1 1882/4/1 1881/2/1
f 1883/1/175 1882/4/175 1878/2/175
f 1880/1/174 1877/4/174 1881/2/174
f 1882/1/1 1886/4/1 1885/2/1
f 1887/1/177 1886/4/177 1882/2/177
f 1884/1/176 1881/4/176 1885/2/176
f 1885/3/1 1886/1/1 1890/4/1
f 1891/1/179 1890/4/179 1886/2/179
f 1888/1/178 1885/4/178 1889/2/178
f 1890/1/1 1894/4/1 1893/2/1
f 1895/1/181 1894/4/181 1890/2/181
f 1892/1/180 1889/4/180 1893/2/180
f 1894/1/1 1898/4/1 1897/2/1
f 1899/1/183 1898/4/183 1894/2/183
f 1896/1/182 1893/4/182 1897/2/182
f 1898/1/1 1902/4/1 1901/2/1
f 1903/1/185 1902/4/185 1898/2/185
f 1900/1/184 1897/4/184 1901/2/184
f 1902/1/1 1906/4/1 1905/2/1
f 1907/1/187 1906/4/187 1902/2/187
f 1904/1/186 1901/4/186 1905/2/186
f 1906/1/1 1910/4/1 1909/2/1
f 1911/1/189 1910/4/189 1906/2/189
f 1908/1/188 1905/4/188 1909/2/188
f 1910/1/1 1914/4/1 1913/2/1
f 1915/1/191 1914/4/191 1910/2/191
f 1912/1/190 1909/4/190 1913/2/190
f 1913/3/1 1914/1/1 1918/4/1
f 1919/1/193 1918/4/193 1914/2/193
f 1916/1/192 1913/4/192 1917/2/192
f 1918/1/1 1922/4/1 1921/2/1
f 1923/1/195 1922/4/195 1918/2/195
f 1920/1/194 1917/4/194 1921/2/194
f 1921/3/1 1922/1/1 1926/4/1
f 1927/1/197 1926/4/197 1922/2/197
f 1924/1/196 1921/4/196 1925/2/196
f 1925/3/1 1926/1/1 1930/4/1
f 1931/1/199 1930/4/199 1926/2/199
f 1928/1/198 1925/4/198 1929/2/198
f 1929/3/1 1930/1/1 1934/4/1
f 1935/1/201 1934/4/201 1930/2/201
f 1932/1/200 1929/4/200 1933/2/200
f 1933/3/1 1934/1/1 1938/4/1
f 1939/1/203 1938/4/203 1934/2/203
f 1936/1/202 1933/4/202 1937/2/202
f 1937/3/1 1938/1/1 1942/4/1
f 1943/1/205 1942/4/205 1938/2/205
f 1940/1/204 1937/4/204 1941/2/204
f 1942/1/1 1946/4/1 1945/2/1
f 1947/1/207 1946/4/207 1942/2/207
f 1944/1/206 1941/4/206 1945/2/206
f 1946/1/1 1950/4/1 1949/2/1
f 1951/1/209 1950/4/209 1946/2/209
f 1948/1/208 1945/4/208 1949/2/208
f 1949/3/1 1950/1/1 1954/4/1
f 1955/1/211 1954/4/211 1950/2/211
f 1952/1/210 1949/4/210 1953/2/210
f 1953/3/1 1954/1/1 1958/4/1
f 1959/1/213 1958/4/213 1954/2/213
f 1956/1/212 1953/4/212 1957/2/212
f 1957/3/1 1958/1/1 1962/4/1
f 1963/1/215 1962/4/215 1958/2/215
f 1960/1/214 1957/4/214 1961/2/214
f 1962/1/1 1966/4/1 1965/2/1
f 1967/1/217 1966/4/217 1962/2/217
f 1964/1/216 1961/4/216 1965/2/216
f 1965/3/1 1966/1/1 1970/4/1
f 1971/1/219 1970/4/219 1966/2/219
f 1968/1/218 1965/4/218 1969/2/218
f 1969/3/1 1970/1/1 1974/4/1
f 1975/1/221 1974/4/221 1970/2/221
f 1972/1/220 1969/4/220 1973/2/220
f 1974/1/1 1978/4/1 1977/2/1
f 1979/1/223 1978/4/223 1974/2/223
f 1976/1/222 1973/4/222 1977/2/222
f 1978/1/1 1982/4/1 1981/2/1
f 1983/1/225 1982/4/225 1978/2/225
f 1980/1/224 1977/4/224 1981/2/224
f 1981/3/1 1982/1/1 1986/4/1
f 1987/1/227 1986/4/227 1982/2/227
f 1984/1/226 1981/4/226 1985/2/226
f 1986/1/1 1990/4/1 1989/2/1
f 1991/1/229 1990/4/229 1986/2/229
f 1988/1/228 1985/4/228 1989/2/228
f 1989/3/1 1990/1/1 1994/4/1
f 1995/1/231 1994/4/231 1990/2/231
f 1992/1/230 1989/4/230 1993/2/230
f 1993/3/1 1994/1/1 1998/4/1
f 1999/1/233 1998/4/233 1994/2/233
f 1996/1/232 1993/4/232 1997/2/232
f 1998/1/1 2002/4/1 2001/2/1
f 2003/1/235 2002/4/235 1998/2/235
f 2000/1/234 1997/4/234 2001/2/234
f 2002/1/1 2006/4/1 2005/2/1
f 2007/1/237 2006/4/237 2002/2/237
f 2004/1/236 2001/4/236 2005/2/236
f 2005/3/1 2006/1/1 2010/4/1
f 2011/1/239 2010/4/239 2006/2/239
f 2008/1/238 2005/4/238 2009/2/238
f 2010/1/1 2014/4/1 2013/2/1
f 2015/1/241 2014/4/241 2010/2/241
f 2012/1/240 2009/4/240 2013/2/240
f 2014/1/1 2018/4/1 2017/2/1
f 2019/1/243 2018/4/243 2014/2/243
f 2016/1/242 2013/4/242 2017/2/242
f 2018/1/1 2022/4/1 2021/2/1
f 2023/1/245 2022/4/245 2018/2/245
f 2020/1/244 2017/4/244 2021/2/244
f 2021/3/1 2022/1/1 2026/4/1
f 2027/1/247 2026/4/247 2022/2/247
f 2024/1/246 2021/4/246 2025/2/246
f 2026/1/1 2030/4/1 2029/2/1
f 2031/1/249 2030/4/249 2026/2/249
f 2028/1/248 2025/4/248 2029/2/248
f 2030/1/1 2034/4/1 2033/2/1
f 2035/1/251 2034/4/251 2030/2/251
f 2032/1/250 2029/4/250 2033/2/250
f 2034/1/1 2038/4/1 2037/2/1
f 2039/1/253 2038/4/253 2034/2/253
f 2036/1/252 2033/4/252 2037/2/252
f 2037/3/1 2038/1/1 2042/4/1
f 2043/1/255 2042/4/255 2038/2/255
f 2040/1/254 2037/4/254 2041/2/254
f 2042/1/1 2046/4/1 2045/2/1
f 2047/1/257 2046/4/257 2042/2/257
f 2044/1/256 2041/4/256 2045/2/256
f 2054/6/260 2050/9/260 2049/7/260
f 2055/6/261 2051/9/261 2050/7/261
f 2056/6/262 2052/9/262 2051/7/262
f 2053/6/263 2049/9/263 2052/7/263
f 2062/6/264 2058/9/264 2057/7/264
f 2063/6/265 2059/9/265 2058/7/265
f 2064/6/266 2060/9/266 2059/7/266
f 2061/6/267 2057/9/267 2060/7/267
f 2070/6/268 2066/9/268 2065/7/268
f 2071/6/269 2067/9/269 2066/7/269
f 2072/6/270 2068/9/270 2067/7/270
f 2069/6/271 2065/9/271 2068/7/271
f 2078/6/272 2074/9/272 2073/7/272
f 2079/6/273 2075/9/273 2074/7/273
f 2080/6/274 2076/9/274 2075/7/274
f 2077/6/275 2073/9/275 2076/7/275
f 2086/6/276 2082/9/276 2081/7/276
f 2087/6/277 2083/9/277 2082/7/277
f 2088/6/278 2084/9/278 2083/7/278
f 2085/6/279 2081/9/279 2084/7/279
f 2094/6/280 2090/9/280 2089/7/280
f 2095/6/281 2091/9/281 2090/7/281
f 2096/6/282 2092/9/282 2091/7/282
f 2093/6/283 2089/9/283 2092/7/283
f 2102/6/284 2098/9/284 2097/7/284
f 2103/6/285 2099/9/285 2098/7/285
f 2104/6/286 2100/9/286 2099/7/286
f 2101/6/287 2097/9/287 2100/7/287
f 2110/6/288 2106/9/288 2105/7/288
f 2111/6/289 2107/9/289 2106/7/289
f 2112/6/290 2108/9/290 2107/7/290
f 2109/6/291 2105/9/291 2108/7/291
f 2118/6/292 2114/9/292 2113/7/292
f 2119/6/293 2115/9/293 2114/7/293
f 2120/6/294 2116/9/294 2115/7/294
f 2117/6/295 2113/9/295 2116/7/295
f 2126/6/296 2122/9/296 2121/7/296
f 2127/6/297 2123/9/297 2122/7/297
f 2128/6/298 2124/9/298 2123/7/298
f 2125/6/299 2121/9/299 2124/7/299
f 2134/6/300 2130/9/300 2129/7/300
f 2135/6/618 2131/9/618 2130/7/618
f 2136/6/302 2132/9/302 2131/7/302
f 2133/6/619 2129/9/619 2132/7/619
f 2142/6/304 2138/9/304 2137/7/304
f 2143/6/305 2139/9/305 2138/7/305
f 2144/6/306 2140/9/306 2139/7/306
f 2141/6/307 2137/9/307 2140/7/307
f 2150/6/308 2146/9/308 2145/7/308
f 2151/6/309 2147/9/309 2146/7/309
f 2152/6/310 2148/9/310 2147/7/310
f 2149/6/311 2145/9/311 2148/7/311
f 2158/6/312 2154/9/312 2153/7/312
f 2159/6/313 2155/9/313 2154/7/313
f 2160/6/314 2156/9/314 2155/7/314
f 2157/6/315 2153/9/315 2156/7/315
f 2166/6/316 2162/9/316 2161/7/316
f 2167/6/317 2163/9/317 2162/7/317
f 2168/6/318 2164/9/318 2163/7/318
f 2165/6/319 2161/9/319 2164/7/319
f 2174/6/320 2170/9/320 2169/7/320
f 2175/6/321 2171/9/321 2170/7/321
f 2176/6/322 2172/9/322 2171/7/322
f 2173/6/323 2169/9/323 2172/7/323
f 2182/6/324 2178/9/324 2177/7/324
f 2183/6/325 2179/9/325 2178/7/325
f 2184/6/326 2180/9/326 2179/7/326
f 2181/6/327 2177/9/327 2180/7/327
f 2190/6/328 2186/9/328 2185/7/328
f 2191/6/329 2187/9/329 2186/7/329
f 2192/6/330 2188/9/330 2187/7/330
f 2189/6/331 2185/9/331 2188/7/331
f 2198/6/332 2194/9/332 2193/7/332
f 2199/6/333 2195/9/333 2194/7/333
f 2200/6/334 2196/9/334 2195/7/334
f 2197/6/335 2193/9/335 2196/7/335
f 2206/6/336 2202/9/336 2201/7/336
f 2207/6/337 2203/9/337 2202/7/337
f 2208/6/338 2204/9/338 2203/7/338
f 2205/6/339 2201/9/339 2204/7/339
f 2214/6/340 2210/9/340 2209/7/340
f 2215/6/341 2211/9/341 2210/7/341
f 2216/6/342 2212/9/342 2211/7/342
f 2213/6/343 2209/9/343 2212/7/343
f 2222/6/344 2218/9/344 2217/7/344
f 2223/6/345 2219/9/345 2218/7/345
f 2224/6/346 2220/9/346 2219/7/346
f 2221/6/347 2217/9/347 2220/7/347
f 2230/6/348 2226/9/348 2225/7/348
f 2231/6/349 2227/9/349 2226/7/349
f 2232/6/350 2228/9/350 2227/7/350
f 2229/6/351 2225/9/351 2228/7/351
f 2238/6/352 2234/9/352 2233/7/352
f 2239/6/353 2235/9/353 2234/7/353
f 2240/6/354 2236/9/354 2235/7/354
f 2237/6/355 2233/9/355 2236/7/355
f 2246/6/356 2242/9/356 2241/7/356
f 2247/6/357 2243/9/357 2242/7/357
f 2248/6/358 2244/9/358 2243/7/358
f 2245/6/359 2241/9/359 2244/7/359
f 2254/6/360 2250/9/360 2249/7/360
f 2255/6/361 2251/9/361 2250/7/361
f 2256/6/362 2252/9/362 2251/7/362
f 2253/6/363 2249/9/363 2252/7/363
f 2262/6/364 2258/9/364 2257/7/364
f 2263/6/365 2259/9/365 2258/7/365
f 2264/6/366 2260/9/366 2259/7/366
f 2261/6/367 2257/9/367 2260/7/367
f 2270/6/368 2266/9/368 2265/7/368
f 2271/6/369 2267/9/369 2266/7/369
f 2272/6/370 2268/9/370 2267/7/370
f 2269/6/371 2265/9/371 2268/7/371
f 2278/6/372 2274/9/372 2273/7/372
f 2279/6/373 2275/9/373 2274/7/373
f 2280/6/374 2276/9/374 2275/7/374
f 2277/6/375 2273/9/375 2276/7/375
f 2286/6/376 2282/9/376 2281/7/376
f 2287/6/377 2283/9/377 2282/7/377
f 2288/6/378 2284/9/378 2283/7/378
f 2285/6/379 2281/9/379 2284/7/379
f 2294/6/380 2290/9/380 2289/7/380
f 2295/6/381 2291/9/381 2290/7/381
f 2296/6/382 2292/9/382 2291/7/382
f 2293/6/383 2289/9/383 2292/7/383
f 2302/6/384 2298/9/384 2297/7/384
f 2303/6/385 2299/9/385 2298/7/385
f 2304/6/386 2300/9/386 2299/7/386
f 2301/6/387 2297/9/387 2300/7/387
f 2310/6/388 2306/9/388 2305/7/388
f 2311/6/389 2307/9/389 2306/7/389
f 2312/6/390 2308/9/390 2307/7/390
f 2309/6/391 2305/9/391 2308/7/391
f 2318/6/392 2314/9/392 2313/7/392
f 2319/6/393 2315/9/393 2314/7/393
f 2320/6/394 2316/9/394 2315/7/394
f 2317/6/395 2313/9/395 2316/7/395
f 2326/6/396 2322/9/396 2321/7/396
f 2327/6/397 2323/9/397 2322/7/397
f 2328/6/398 2324/9/398 2323/7/398
f 2325/6/399 2321/9/399 2324/7/399
f 2334/6/400 2330/9/400 2329/7/400
f 2335/6/401 2331/9/401 2330/7/401
f 2336/6/402 2332/9/402 2331/7/402
f 2333/6/403 2329/9/403 2332/7/403
f 2342/6/404 2338/9/404 2337/7/404
f 2343/6/405 2339/9/405 2338/7/405
f 2344/6/406 2340/9/406 2339/7/406
f 2341/6/407 2337/9/407 2340/7/407
f 2350/6/408 2346/9/408 2345/7/408
f 2351/6/409 2347/9/409 2346/7/409
f 2352/6/410 2348/9/410 2347/7/410
f 2349/6/411 2345/9/411 2348/7/411
f 2358/6/412 2354/9/412 2353/7/412
f 2359/6/413 2355/9/413 2354/7/413
f 2360/6/414 2356/9/414 2355/7/414
f 2357/6/415 2353/9/415 2356/7/415
f 2366/6/416 2362/9/416 2361/7/416
f 2367/6/417 2363/9/417 2362/7/417
f 2368/6/418 2364/9/418 2363/7/418
f 2365/6/419 2361/9/419 2364/7/419
f 2374/6/420 2370/9/420 2369/7/420
f 2375/6/421 2371/9/421 2370/7/421
f 2376/6/422 2372/9/422 2371/7/422
f 2373/6/423 2369/9/423 2372/7/423
f 2382/6/424 2378/9/424 2377/7/424
f 2383/6/425 2379/9/425 2378/7/425
f 2384/6/426 2380/9/426 2379/7/426
f 2381/6/427 2377/9/427 2380/7/427
f 2390/6/428 2386/9/428 2385/7/428
f 2391/6/429 2387/9/429 2386/7/429
f 2392/6/430 2388/9/430 2387/7/430
f 2389/6/431 2385/9/431 2388/7/431
f 2398/6/432 2394/9/432 2393/7/432
f 2399/6/433 2395/9/433 2394/7/433
f 2400/6/434 2396/9/434 2395/7/434
f 2397/6/435 2393/9/435 2396/7/435
f 2406/6/436 2402/9/436 2401/7/436
f 2407/6/437 2403/9/437 2402/7/437
f 2408/6/438 2404/9/438 2403/7/438
f 2405/6/439 2401/9/439 2404/7/439
f 2414/6/440 2410/9/440 2409/7/440
f 2415/6/441 2411/9/441 2410/7/441
f 2416/6/442 2412/9/442 2411/7/442
f 2413/6/443 2409/9/443 2412/7/443
f 2422/6/444 2418/9/444 2417/7/444
f 2423/6/445 2419/9/445 2418/7/445
f 2424/6/446 2420/9/446 2419/7/446
f 2421/6/447 2417/9/447 2420/7/447
f 2430/6/448 2426/9/448 2425/7/448
f 2431/6/449 2427/9/449 2426/7/449
f 2432/6/450 2428/9/450 2427/7/450
f 2429/6/451 2425/9/451 2428/7/451
f 2438/6/452 2434/9/452 2433/7/452
f 2439/6/453 2435/9/453 2434/7/453
f 2440/6/454 2436/9/454 2435/7/454
f 2437/6/455 2433/9/455 2436/7/455
f 2446/6/456 2442/9/456 2441/7/456
f 2447/6/457 2443/9/457 2442/7/457
f 2448/6/458 2444/9/458 2443/7/458
f 2445/6/459 2441/9/459 2444/7/459
f 2454/6/460 2450/9/460 2449/7/460
f 2455/6/461 2451/9/461 2450/7/461
f 2456/6/462 2452/9/462 2451/7/462
f 2453/6/463 2449/9/463 2452/7/463
f 2462/6/464 2458/9/464 2457/7/464
f 2463/6/465 2459/9/465 2458/7/465
f 2464/6/466 2460/9/466 2459/7/466
f 2461/6/467 2457/9/467 2460/7/467
f 2470/6/468 2466/9/468 2465/7/468
f 2471/6/469 2467/9/469 2466/7/469
f 2472/6/470 2468/9/470 2467/7/470
f 2469/6/471 2465/9/471 2468/7/471
f 2478/6/472 2474/9/472 2473/7/472
f 2479/6/473 2475/9/473 2474/7/473
f 2480/6/474 2476/9/474 2475/7/474
f 2477/6/475 2473/9/475 2476/7/475
f 2486/6/476 2482/9/476 2481/7/476
f 2487/6/477 2483/9/477 2482/7/477
f 2488/6/478 2484/9/478 2483/7/478
f 2485/6/479 2481/9/479 2484/7/479
f 2494/6/262 2490/9/262 2489/7/262
f 2495/6/263 2491/9/263 2490/7/263
f 2496/6/260 2492/9/260 2491/7/260
f 2493/6/261 2489/9/261 2492/7/261
f 2502/6/480 2498/9/480 2497/7/480
f 2503/6/481 2499/9/481 2498/7/481
f 2504/6/482 2500/9/482 2499/7/482
f 2501/6/483 2497/9/483 2500/7/483
f 2510/6/484 2506/9/484 2505/7/484
f 2511/6/485 2507/9/485 2506/7/485
f 2512/6/486 2508/9/486 2507/7/486
f 2509/6/487 2505/9/487 2508/7/487
f 2518/6/282 2514/9/282 2513/7/282
f 2519/6/283 2515/9/283 2514/7/283
f 2520/6/280 2516/9/280 2515/7/280
f 2517/6/281 2513/9/281 2516/7/281
f 2526/6/488 2522/9/488 2521/7/488
f 2527/6/489 2523/9/489 2522/7/489
f 2528/6/490 2524/9/490 2523/7/490
f 2525/6/491 2521/9/491 2524/7/491
f 2534/6/492 2530/9/492 2529/7/492
f 2535/6/493 2531/9/493 2530/7/493
f 2536/6/494 2532/9/494 2531/7/494
f 2533/6/495 2529/9/495 2532/7/495
f 2542/6/294 2538/9/294 2537/7/294
f 2543/6/295 2539/9/295 2538/7/295
f 2544/6/292 2540/9/292 2539/7/292
f 2541/6/293 2537/9/293 2540/7/293
f 2550/6/496 2546/9/496 2545/7/496
f 2551/6/497 2547/9/497 2546/7/497
f 2552/6/498 2548/9/498 2547/7/498
f 2549/6/499 2545/9/499 2548/7/499
f 2558/6/306 2554/9/306 2553/7/306
f 2559/6/307 2555/9/307 2554/7/307
f 2560/6/304 2556/9/304 2555/7/304
f 2557/6/305 2553/9/305 2556/7/305
f 2566/6/500 2562/9/500 2561/7/500
f 2567/6/501 2563/9/501 2562/7/501
f 2568/6/502 2564/9/502 2563/7/502
f 2565/6/503 2561/9/503 2564/7/503
f 2574/6/500 2570/9/500 2569/7/500
f 2575/6/501 2571/9/501 2570/7/501
f 2576/6/502 2572/9/502 2571/7/502
f 2573/6/503 2569/9/503 2572/7/503
f 2582/6/326 2578/9/326 2577/7/326
f 2583/6/327 2579/9/327 2578/7/327
f 2584/6/324 2580/9/324 2579/7/324
f 2581/6/325 2577/9/325 2580/7/325
f 2590/6/504 2586/9/504 2585/7/504
f 2591/6/505 2587/9/505 2586/7/505
f 2592/6/506 2588/9/506 2587/7/506
f 2589/6/507 2585/9/507 2588/7/507
f 2598/6/508 2594/9/508 2593/7/508
f 2599/6/509 2595/9/509 2594/7/509
f 2600/6/510 2596/9/510 2595/7/510
f 2597/6/511 2593/9/511 2596/7/511
f 2606/6/346 2602/9/346 2601/7/346
f 2607/6/347 2603/9/347 2602/7/347
f 2608/6/344 2604/9/344 2603/7/344
f 2605/6/345 2601/9/345 2604/7/345
f 2614/6/512 2610/9/512 2609/7/512
f 2615/6/513 2611/9/513 2610/7/513
f 2616/6/514 2612/9/514 2611/7/514
f 2613/6/515 2609/9/515 2612/7/515
f 2622/6/358 2618/9/358 2617/7/358
f 2623/6/359 2619/9/359 2618/7/359
f 2624/6/356 2620/9/356 2619/7/356
f 2621/6/357 2617/9/357 2620/7/357
f 2630/6/516 2626/9/516 2625/7/516
f 2631/6/517 2627/9/517 2626/7/517
f 2632/6/518 2628/9/518 2627/7/518
f 2629/6/519 2625/9/519 2628/7/519
f 2638/6/520 2634/9/520 2633/7/520
f 2639/6/521 2635/9/521 2634/7/521
f 2640/6/522 2636/9/522 2635/7/522
f 2637/6/523 2633/9/523 2636/7/523
f 2646/6/362 2642/9/362 2641/7/362
f 2647/6/363 2643/9/363 2642/7/363
f 2648/6/360 2644/9/360 2643/7/360
f 2645/6/361 2641/9/361 2644/7/361
f 2654/6/524 2650/9/524 2649/7/524
f 2655/6/525 2651/9/525 2650/7/525
f 2656/6/526 2652/9/526 2651/7/526
f 2653/6/527 2649/9/527 2652/7/527
f 2662/6/370 2658/9/370 2657/7/370
f 2663/6/371 2659/9/371 2658/7/371
f 2664/6/368 2660/9/368 2659/7/368
f 2661/6/369 2657/9/369 2660/7/369
f 2670/6/528 2666/9/528 2665/7/528
f 2671/6/529 2667/9/529 2666/7/529
f 2672/6/530 2668/9/530 2667/7/530
f 2669/6/531 2665/9/531 2668/7/531
f 2678/6/378 2674/9/378 2673/7/378
f 2679/6/379 2675/9/379 2674/7/379
f 2680/6/376 2676/9/376 2675/7/376
f 2677/6/377 2673/9/377 2676/7/377
f 2686/6/394 2682/9/394 2681/7/394
f 2687/6/395 2683/9/395 2682/7/395
f 2688/6/392 2684/9/392 2683/7/392
f 2685/6/393 2681/9/393 2684/7/393
f 2694/6/532 2690/9/532 2689/7/532
f 2695/6/533 2691/9/533 2690/7/533
f 2696/6/534 2692/9/534 2691/7/534
f 2693/6/535 2689/9/535 2692/7/535
f 2702/6/536 2698/9/536 2697/7/536
f 2703/6/537 2699/9/537 2698/7/537
f 2704/6/538 2700/9/538 2699/7/538
f 2701/6/539 2697/9/539 2700/7/539
f 2710/6/540 2706/9/540 2705/7/540
f 2711/6/541 2707/9/541 2706/7/541
f 2712/6/542 2708/9/542 2707/7/542
f 2709/6/543 2705/9/543 2708/7/543
f 2718/6/402 2714/9/402 2713/7/402
f 2719/6/403 2715/9/403 2714/7/403
f 2720/6/400 2716/9/400 2715/7/400
f 2717/6/401 2713/9/401 2716/7/401
f 2726/6/544 2722/9/544 2721/7/544
f 2727/6/545 2723/9/545 2722/7/545
f 2728/6/546 2724/9/546 2723/7/546
f 2725/6/547 2721/9/547 2724/7/547
f 2734/6/548 2730/9/548 2729/7/548
f 2735/6/549 2731/9/549 2730/7/549
f 2736/6/550 2732/9/550 2731/7/550
f 2733/6/551 2729/9/551 2732/7/551
f 2742/6/410 2738/9/410 2737/7/410
f 2743/6/411 2739/9/411 2738/7/411
f 2744/6/408 2740/9/408 2739/7/408
f 2741/6/409 2737/9/409 2740/7/409
f 2750/6/552 2746/9/552 2745/7/552
f 2751/6/553 2747/9/553 2746/7/553
f 2752/6/554 2748/9/554 2747/7/554
f 2749/6/555 2745/9/555 2748/7/555
f 2758/6/434 2754/9/434 2753/7/434
f 2759/6/435 2755/9/435 2754/7/435
f 2760/6/432 2756/9/432 2755/7/432
f 2757/6/433 2753/9/433 2756/7/433
f 2766/6/556 2762/9/556 2761/7/556
f 2767/6/557 2763/9/557 2762/7/557
f 2768/6/558 2764/9/558 2763/7/558
f 2765/6/559 2761/9/559 2764/7/559
f 2774/6/560 2770/9/560 2769/7/560
f 2775/6/561 2771/9/561 2770/7/561
f 2776/6/562 2772/9/562 2771/7/562
f 2773/6/563 2769/9/563 2772/7/563
f 2782/6/564 2778/9/564 2777/7/564
f 2783/6/565 2779/9/565 2778/7/565
f 2784/6/566 2780/9/566 2779/7/566
f 2781/6/567 2777/9/567 2780/7/567
f 2790/6/568 2786/9/568 2785/7/568
f 2791/6/569 2787/9/569 2786/7/569
f 2792/6/570 2788/9/570 2787/7/570
f 2789/6/571 2785/9/571 2788/7/571
f 2798/6/572 2794/9/572 2793/7/572
f 2799/6/573 2795/9/573 2794/7/573
f 2800/6/574 2796/9/574 2795/7/574
f 2797/6/575 2793/9/575 2796/7/575
f 2806/6/450 2802/9/450 2801/7/450
f 2807/6/451 2803/9/451 2802/7/451
f 2808/6/448 2804/9/448 2803/7/448
f 2805/6/449 2801/9/449 2804/7/449
f 2814/6/576 2810/9/576 2809/7/576
f 2815/6/577 2811/9/577 2810/7/577
f 2816/6/578 2812/9/578 2811/7/578
f 2813/6/579 2809/9/579 2812/7/579
f 2822/6/580 2818/9/580 2817/7/580
f 2823/6/581 2819/9/581 2818/7/581
f 2824/6/582 2820/9/582 2819/7/582
f 2821/6/583 2817/9/583 2820/7/583
f 2830/6/584 2826/9/584 2825/7/584
f 2831/6/585 2827/9/585 2826/7/585
f 2832/6/586 2828/9/586 2827/7/586
f 2829/6/587 2825/9/587 2828/7/587
f 2838/6/588 2834/9/588 2833/7/588
f 2839/6/589 2835/9/589 2834/7/589
f 2840/6/590 2836/9/590 2835/7/590
f 2837/6/591 2833/9/591 2836/7/591
f 2846/6/592 2842/9/592 2841/7/592
f 2847/6/593 2843/9/593 2842/7/593
f 2848/6/594 2844/9/594 2843/7/594
f 2845/6/595 2841/9/595 2844/7/595
f 2854/6/458 2850/9/458 2849/7/458
f 2855/6/459 2851/9/459 2850/7/459
f 2856/6/456 2852/9/456 2851/7/456
f 2853/6/457 2849/9/457 2852/7/457
f 2862/6/596 2858/9/596 2857/7/596
f 2863/6/597 2859/9/597 2858/7/597
f 2864/6/598 2860/9/598 2859/7/598
f 2861/6/599 2857/9/599 2860/7/599
f 2870/6/600 2866/9/600 2865/7/600
f 2871/6/601 2867/9/601 2866/7/601
f 2872/6/602 2868/9/602 2867/7/602
f 2869/6/620 2865/9/620 2868/7/620
f 2878/6/470 2874/9/470 2873/7/470
f 2879/6/471 2875/9/471 2874/7/471
f 2880/6/468 2876/9/468 2875/7/468
f 2877/6/469 2873/9/469 2876/7/469
f 2886/6/604 2882/9/604 2881/7/604
f 2887/6/605 2883/9/605 2882/7/605
f 2888/6/606 2884/9/606 2883/7/606
f 2885/6/607 2881/9/607 2884/7/607
f 2894/6/608 2890/9/608 2889/7/608
f 2895/6/609 2891/9/609 2890/7/609
f 2896/6/610 2892/9/610 2891/7/610
f 2893/6/611 2889/9/611 2892/7/611
f 2902/6/612 2898/9/612 2897/7/612
f 2903/6/613 2899/9/613 2898/7/613
f 2904/6/614 2900/9/614 2899/7/614
f 2901/6/615 2897/9/615 2900/7/615
