# Blender 5.1.2
# www.blender.org
o st_isle_08_crystal
v 5.282004 0.258760 1.926082
v 5.593260 0.259141 1.361039
v 4.093512 4.501495 0.537758
v 3.782256 4.501115 1.102802
v 3.782256 4.501115 1.102802
v 4.093512 4.501495 0.537758
v 3.061110 5.488916 0.337971
v 5.593260 0.259141 1.361039
v 5.295119 0.050381 0.828416
v 3.795371 4.292735 0.005135
v 4.093512 4.501495 0.537758
v 4.093512 4.501495 0.537758
v 3.795371 4.292735 0.005135
v 3.061110 5.488916 0.337971
v 5.295119 0.050381 0.828416
v 4.685723 -0.158760 0.860836
v 3.185975 4.083594 0.037555
v 3.795371 4.292735 0.005135
v 3.795371 4.292735 0.005135
v 3.185975 4.083594 0.037555
v 3.061110 5.488916 0.337971
v 4.685723 -0.158760 0.860836
v 4.374468 -0.159141 1.425879
v 2.874720 4.083214 0.602599
v 3.185975 4.083594 0.037555
v 3.185975 4.083594 0.037555
v 2.874720 4.083214 0.602599
v 3.061110 5.488916 0.337971
v 4.374468 -0.159141 1.425879
v 4.672608 0.049619 1.958503
v 3.172860 4.291974 1.135222
v 2.874720 4.083214 0.602599
v 2.874720 4.083214 0.602599
v 3.172860 4.291974 1.135222
v 3.061110 5.488916 0.337971
v 4.672608 0.049619 1.958503
v 5.282004 0.258760 1.926082
v 3.782256 4.501115 1.102802
v 3.172860 4.291974 1.135222
v 3.172860 4.291974 1.135222
v 3.782256 4.501115 1.102802
v 3.061110 5.488916 0.337971
v 5.200144 0.009507 1.712533
v 5.366879 -0.000811 1.362795
v 5.717550 2.587797 1.453620
v 5.550810 2.598113 1.803357
v 5.550810 2.598113 1.803357
v 5.717550 2.587797 1.453620
v 5.433435 3.368725 1.509902
v 5.366879 -0.000811 1.362795
v 5.150599 0.039682 1.043721
v 5.501270 2.628289 1.134546
v 5.717550 2.587797 1.453620
v 5.717550 2.587797 1.453620
v 5.501270 2.628289 1.134546
v 5.433435 3.368725 1.509902
v 5.150599 0.039682 1.043721
v 4.767583 0.090493 1.074385
v 5.118253 2.679101 1.165216
v 5.501270 2.628289 1.134546
v 5.501270 2.628289 1.134546
v 5.118253 2.679101 1.165216
v 5.433435 3.368725 1.509902
v 4.767583 0.090493 1.074385
v 4.600848 0.100811 1.424124
v 4.951512 2.689418 1.514953
v 5.118253 2.679101 1.165216
v 5.118253 2.679101 1.165216
v 4.951512 2.689418 1.514953
v 5.433435 3.368725 1.509902
v 4.600848 0.100811 1.424124
v 4.817129 0.060318 1.743197
v 5.167794 2.648924 1.834021
v 4.951512 2.689418 1.514953
v 4.951512 2.689418 1.514953
v 5.167794 2.648924 1.834021
v 5.433435 3.368725 1.509902
v 4.817129 0.060318 1.743197
v 5.200144 0.009507 1.712533
v 5.550810 2.598113 1.803357
v 5.167794 2.648924 1.834021
v 5.167794 2.648924 1.834021
v 5.550810 2.598113 1.803357
v 5.433435 3.368725 1.509902
v 5.191625 0.102525 1.732024
v 5.384442 0.051444 1.384521
v 5.369428 2.204630 1.059693
v 5.176605 2.255709 1.407194
v 5.176605 2.255709 1.407194
v 5.369428 2.204630 1.059693
v 4.964609 2.810495 0.977014
v 5.384442 0.051444 1.384521
v 5.176687 -0.001079 1.045958
v 5.161672 2.152108 0.721129
v 5.369428 2.204630 1.059693
v 5.369428 2.204630 1.059693
v 5.161672 2.152108 0.721129
v 4.964609 2.810495 0.977014
v 5.176687 -0.001079 1.045958
v 4.776103 -0.002525 1.054894
v 4.761087 2.150662 0.730071
v 5.161672 2.152108 0.721129
v 5.161672 2.152108 0.721129
v 4.761087 2.150662 0.730071
v 4.964609 2.810495 0.977014
v 4.776103 -0.002525 1.054894
v 4.583285 0.048556 1.402397
v 4.568264 2.201741 1.077572
v 4.761087 2.150662 0.730071
v 4.761087 2.150662 0.730071
v 4.568264 2.201741 1.077572
v 4.964609 2.810495 0.977014
v 4.583285 0.048556 1.402397
v 4.791041 0.101079 1.740960
v 4.776026 2.254265 1.416132
v 4.568264 2.201741 1.077572
v 4.568264 2.201741 1.077572
v 4.776026 2.254265 1.416132
v 4.964609 2.810495 0.977014
v 4.791041 0.101079 1.740960
v 5.191625 0.102525 1.732024
v 5.176605 2.255709 1.407194
v 4.776026 2.254265 1.416132
v 4.776026 2.254265 1.416132
v 5.176605 2.255709 1.407194
v 4.964609 2.810495 0.977014
v 5.117512 0.381194 1.715546
v 5.382740 0.308717 1.320970
v 3.823420 2.315840 -0.095850
v 3.558190 2.388317 0.298732
v 3.558190 2.388317 0.298732
v 3.823420 2.315840 -0.095850
v 2.984735 2.623235 -0.422972
v 5.382740 0.308717 1.320970
v 5.249094 -0.022477 0.998878
v 3.689772 1.984646 -0.417937
v 3.823420 2.315840 -0.095850
v 3.823420 2.315840 -0.095850
v 3.689772 1.984646 -0.417937
v 2.984735 2.623235 -0.422972
v 5.249094 -0.022477 0.998878
v 4.850216 -0.281194 1.071372
v 3.290895 1.725929 -0.345448
v 3.689772 1.984646 -0.417937
v 3.689772 1.984646 -0.417937
v 3.290895 1.725929 -0.345448
v 2.984735 2.623235 -0.422972
v 4.850216 -0.281194 1.071372
v 4.584988 -0.208717 1.465948
v 3.025666 1.798406 0.049134
v 3.290895 1.725929 -0.345448
v 3.290895 1.725929 -0.345448
v 3.025666 1.798406 0.049134
v 2.984735 2.623235 -0.422972
v 4.584988 -0.208717 1.465948
v 4.718634 0.122477 1.788041
v 3.159314 2.129600 0.371221
v 3.025666 1.798406 0.049134
v 3.025666 1.798406 0.049134
v 3.159314 2.129600 0.371221
v 2.984735 2.623235 -0.422972
v 4.718634 0.122477 1.788041
v 5.117512 0.381194 1.715546
v 3.558190 2.388317 0.298732
v 3.159314 2.129600 0.371221
v 3.159314 2.129600 0.371221
v 3.558190 2.388317 0.298732
v 2.984735 2.623235 -0.422972
v 5.130022 0.149484 1.653566
v 5.297380 0.034797 1.413250
v 5.441168 1.944164 0.602169
v 5.273808 2.058852 0.842490
v 5.273808 2.058852 0.842490
v 5.441168 1.944164 0.602169
v 5.168209 2.497906 0.353619
v 5.297380 0.034797 1.413250
v 5.151225 -0.064688 1.153138
v 5.295011 1.844680 0.342062
v 5.441168 1.944164 0.602169
v 5.441168 1.944164 0.602169
v 5.295011 1.844680 0.342062
v 5.168209 2.497906 0.353619
v 5.151225 -0.064688 1.153138
v 4.837706 -0.049484 1.133352
v 4.981492 1.859884 0.322276
v 5.295011 1.844680 0.342062
v 5.295011 1.844680 0.342062
v 4.981492 1.859884 0.322276
v 5.168209 2.497906 0.353619
v 4.837706 -0.049484 1.133352
v 4.670347 0.065203 1.373668
v 4.814133 1.974571 0.562591
v 4.981492 1.859884 0.322276
v 4.981492 1.859884 0.322276
v 4.814133 1.974571 0.562591
v 5.168209 2.497906 0.353619
v 4.670347 0.065203 1.373668
v 4.816503 0.164688 1.633780
v 4.960289 2.074056 0.822704
v 4.814133 1.974571 0.562591
v 4.814133 1.974571 0.562591
v 4.960289 2.074056 0.822704
v 5.168209 2.497906 0.353619
v 4.816503 0.164688 1.633780
v 5.130022 0.149484 1.653566
v 5.273808 2.058852 0.842490
v 4.960289 2.074056 0.822704
v 4.960289 2.074056 0.822704
v 5.273808 2.058852 0.842490
v 5.168209 2.497906 0.353619
v -1.397382 0.189756 4.315193
v -1.921626 -0.084612 4.748542
v -3.406679 4.738320 6.005567
v -2.882434 5.012689 5.572218
v -2.882434 5.012689 5.572218
v -3.406679 4.738320 6.005567
v -3.157948 6.233248 6.632330
v -1.921626 -0.084612 4.748542
v -1.778279 -0.224369 5.454108
v -3.263331 4.598564 6.711133
v -3.406679 4.738320 6.005567
v -3.406679 4.738320 6.005567
v -3.263331 4.598564 6.711133
v -3.157948 6.233248 6.632330
v -1.778279 -0.224369 5.454108
v -1.110686 -0.089756 5.726326
v -2.595739 4.733177 6.983351
v -3.263331 4.598564 6.711133
v -3.263331 4.598564 6.711133
v -2.595739 4.733177 6.983351
v -3.157948 6.233248 6.632330
v -1.110686 -0.089756 5.726326
v -0.586442 0.184612 5.292976
v -2.071495 5.007545 6.550002
v -2.595739 4.733177 6.983351
v -2.595739 4.733177 6.983351
v -2.071495 5.007545 6.550002
v -3.157948 6.233248 6.632330
v -0.586442 0.184612 5.292976
v -0.729789 0.324369 4.587410
v -2.214842 5.147302 5.844435
v -2.071495 5.007545 6.550002
v -2.071495 5.007545 6.550002
v -2.214842 5.147302 5.844435
v -3.157948 6.233248 6.632330
v -0.729789 0.324369 4.587410
v -1.397382 0.189756 4.315193
v -2.882434 5.012689 5.572218
v -2.214842 5.147302 5.844435
v -2.214842 5.147302 5.844435
v -2.882434 5.012689 5.572218
v -3.157948 6.233248 6.632330
v -1.326447 0.105866 4.626939
v -1.615635 -0.044158 4.866363
v -2.651353 2.929336 5.478624
v -2.362171 3.079364 5.239207
v -2.362171 3.079364 5.239207
v -2.651353 2.929336 5.478624
v -2.581887 3.862174 5.805715
v -1.615635 -0.044158 4.866363
v -1.543216 -0.100028 5.260177
v -2.578940 2.873471 5.872445
v -2.651353 2.929336 5.478624
v -2.651353 2.929336 5.478624
v -2.578940 2.873471 5.872445
v -2.581887 3.862174 5.805715
v -1.543216 -0.100028 5.260177
v -1.181621 -0.005866 5.414579
v -2.217339 2.967629 6.026841
v -2.578940 2.873471 5.872445
v -2.578940 2.873471 5.872445
v -2.217339 2.967629 6.026841
v -2.581887 3.862174 5.805715
v -1.181621 -0.005866 5.414579
v -0.892433 0.144158 5.175155
v -1.928162 3.117656 5.787419
v -2.217339 2.967629 6.026841
v -2.217339 2.967629 6.026841
v -1.928162 3.117656 5.787419
v -2.581887 3.862174 5.805715
v -0.892433 0.144158 5.175155
v -0.964852 0.200028 4.781342
v -2.000573 3.173520 5.393608
v -1.928162 3.117656 5.787419
v -1.928162 3.117656 5.787419
v -2.000573 3.173520 5.393608
v -2.581887 3.862174 5.805715
v -0.964852 0.200028 4.781342
v -1.326447 0.105866 4.626939
v -2.362171 3.079364 5.239207
v -2.000573 3.173520 5.393608
v -2.000573 3.173520 5.393608
v -2.362171 3.079364 5.239207
v -2.581887 3.862174 5.805715
v -1.263480 -0.057226 4.678728
v -1.543887 -0.118511 4.893637
v -2.787145 2.648460 4.060548
v -2.506736 2.709747 3.845634
v -2.506736 2.709747 3.845634
v -2.787145 2.648460 4.060548
v -2.847955 3.597396 3.952690
v -1.543887 -0.118511 4.893637
v -1.534440 -0.011285 5.235668
v -2.777699 2.755682 4.402568
v -2.787145 2.648460 4.060548
v -2.787145 2.648460 4.060548
v -2.777699 2.755682 4.402568
v -2.847955 3.597396 3.952690
v -1.534440 -0.011285 5.235668
v -1.244588 0.157226 5.362790
v -2.487846 2.924193 4.529691
v -2.777699 2.755682 4.402568
v -2.777699 2.755682 4.402568
v -2.487846 2.924193 4.529691
v -2.847955 3.597396 3.952690
v -1.244588 0.157226 5.362790
v -0.964181 0.218511 5.147881
v -2.207440 2.985478 4.314782
v -2.487846 2.924193 4.529691
v -2.487846 2.924193 4.529691
v -2.207440 2.985478 4.314782
v -2.847955 3.597396 3.952690
v -0.964181 0.218511 5.147881
v -0.973628 0.111285 4.805850
v -2.216888 2.878258 3.972753
v -2.207440 2.985478 4.314782
v -2.207440 2.985478 4.314782
v -2.216888 2.878258 3.972753
v -2.847955 3.597396 3.952690
v -0.973628 0.111285 4.805850
v -1.263480 -0.057226 4.678728
v -2.506736 2.709747 3.845634
v -2.216888 2.878258 3.972753
v -2.216888 2.878258 3.972753
v -2.506736 2.709747 3.845634
v -2.847955 3.597396 3.952690
v -1.347245 0.200836 4.714155
v -1.596123 0.104841 4.947163
v -1.423200 3.070848 6.353710
v -1.174328 3.166842 6.120699
v -1.174328 3.166842 6.120699
v -1.423200 3.070848 6.353710
v -1.032340 3.852573 6.824021
v -1.596123 0.104841 4.947163
v -1.502909 -0.045988 5.253772
v -1.329991 2.920019 6.660316
v -1.423200 3.070848 6.353710
v -1.423200 3.070848 6.353710
v -1.329991 2.920019 6.660316
v -1.032340 3.852573 6.824021
v -1.502909 -0.045988 5.253772
v -1.160823 -0.100836 5.327363
v -0.987900 2.865171 6.733911
v -1.329991 2.920019 6.660316
v -1.329991 2.920019 6.660316
v -0.987900 2.865171 6.733911
v -1.032340 3.852573 6.824021
v -1.160823 -0.100836 5.327363
v -0.911945 -0.004841 5.094356
v -0.739027 2.961165 6.500899
v -0.987900 2.865171 6.733911
v -0.987900 2.865171 6.733911
v -0.739027 2.961165 6.500899
v -1.032340 3.852573 6.824021
v -0.911945 -0.004841 5.094356
v -1.005159 0.145988 4.787746
v -0.832236 3.111995 6.194293
v -0.739027 2.961165 6.500899
v -0.739027 2.961165 6.500899
v -0.832236 3.111995 6.194293
v -1.032340 3.852573 6.824021
v -1.005159 0.145988 4.787746
v -1.347245 0.200836 4.714155
v -1.174328 3.166842 6.120699
v -0.832236 3.111995 6.194293
v -0.832236 3.111995 6.194293
v -1.174328 3.166842 6.120699
v -1.032340 3.852573 6.824021
v -1.320024 0.113142 4.692921
v -1.576079 0.063863 4.911612
v -1.614713 1.682849 5.231221
v -1.358652 1.732129 5.012534
v -1.358652 1.732129 5.012534
v -1.614713 1.682849 5.231221
v -1.303560 2.125624 5.430521
v -1.576079 0.063863 4.911612
v -1.510089 0.000720 5.239450
v -1.548723 1.619707 5.559059
v -1.614713 1.682849 5.231221
v -1.614713 1.682849 5.231221
v -1.548723 1.619707 5.559059
v -1.303560 2.125624 5.430521
v -1.510089 0.000720 5.239450
v -1.188044 -0.013142 5.348597
v -1.226671 1.605838 5.668208
v -1.548723 1.619707 5.559059
v -1.548723 1.619707 5.559059
v -1.226671 1.605838 5.668208
v -1.303560 2.125624 5.430521
v -1.188044 -0.013142 5.348597
v -0.931989 0.036137 5.129906
v -0.970617 1.655124 5.449519
v -1.226671 1.605838 5.668208
v -1.226671 1.605838 5.668208
v -0.970617 1.655124 5.449519
v -1.303560 2.125624 5.430521
v -0.931989 0.036137 5.129906
v -0.997979 0.099280 4.802068
v -1.036607 1.718267 5.121681
v -0.970617 1.655124 5.449519
v -0.970617 1.655124 5.449519
v -1.036607 1.718267 5.121681
v -1.303560 2.125624 5.430521
v -0.997979 0.099280 4.802068
v -1.320024 0.113142 4.692921
v -1.358652 1.732129 5.012534
v -1.036607 1.718267 5.121681
v -1.036607 1.718267 5.121681
v -1.358652 1.732129 5.012534
v -1.303560 2.125624 5.430521
v -1.263574 -0.063349 4.662499
v -1.570665 -0.092937 4.877223
v -2.528539 2.979556 3.930598
v -2.221447 3.009144 3.715873
v -2.221447 3.009144 3.715873
v -2.528539 2.979556 3.930598
v -2.482075 3.989092 3.807136
v -1.570665 -0.092937 4.877223
v -1.561127 0.020418 5.235486
v -2.519001 3.092911 4.288860
v -2.528539 2.979556 3.930598
v -2.528539 2.979556 3.930598
v -2.519001 3.092911 4.288860
v -2.482075 3.989092 3.807136
v -1.561127 0.020418 5.235486
v -1.244495 0.163349 5.379019
v -2.202368 3.235842 4.432394
v -2.519001 3.092911 4.288860
v -2.519001 3.092911 4.288860
v -2.202368 3.235842 4.432394
v -2.482075 3.989092 3.807136
v -1.244495 0.163349 5.379019
v -0.937403 0.192937 5.164295
v -1.895277 3.265430 4.217669
v -2.202368 3.235842 4.432394
v -2.202368 3.235842 4.432394
v -1.895277 3.265430 4.217669
v -2.482075 3.989092 3.807136
v -0.937403 0.192937 5.164295
v -0.946941 0.079582 4.806033
v -1.904809 3.152076 3.859411
v -1.895277 3.265430 4.217669
v -1.895277 3.265430 4.217669
v -1.904809 3.152076 3.859411
v -2.482075 3.989092 3.807136
v -0.946941 0.079582 4.806033
v -1.263574 -0.063349 4.662499
v -2.221447 3.009144 3.715873
v -1.904809 3.152076 3.859411
v -1.904809 3.152076 3.859411
v -2.221447 3.009144 3.715873
v -2.482075 3.989092 3.807136
v -1.309496 0.011119 4.511840
v -1.683828 -0.150308 4.823936
v -2.743120 2.184363 4.761014
v -2.368789 2.345796 4.448920
v -2.368789 2.345796 4.448920
v -2.743120 2.184363 4.761014
v -2.612100 3.043168 4.940094
v -1.683828 -0.150308 4.823936
v -1.628364 -0.111433 5.332854
v -2.687658 2.223243 5.269934
v -2.743120 2.184363 4.761014
v -2.743120 2.184363 4.761014
v -2.687658 2.223243 5.269934
v -2.612100 3.043168 4.940094
v -1.628364 -0.111433 5.332854
v -1.198572 0.088881 5.529678
v -2.257864 2.423552 5.466757
v -2.687658 2.223243 5.269934
v -2.687658 2.223243 5.269934
v -2.257864 2.423552 5.466757
v -2.612100 3.043168 4.940094
v -1.198572 0.088881 5.529678
v -0.824240 0.250308 5.217582
v -1.883533 2.584985 5.154662
v -2.257864 2.423552 5.466757
v -2.257864 2.423552 5.466757
v -1.883533 2.584985 5.154662
v -2.612100 3.043168 4.940094
v -0.824240 0.250308 5.217582
v -0.879704 0.211433 4.708664
v -1.938999 2.546102 4.645748
v -1.883533 2.584985 5.154662
v -1.883533 2.584985 5.154662
v -1.938999 2.546102 4.645748
v -2.612100 3.043168 4.940094
v -0.879704 0.211433 4.708664
v -1.309496 0.011119 4.511840
v -2.368789 2.345796 4.448920
v -1.938999 2.546102 4.645748
v -1.938999 2.546102 4.645748
v -2.368789 2.345796 4.448920
v -2.612100 3.043168 4.940094
v -1.372152 0.291352 4.759678
v -1.618909 0.073938 4.939148
v -1.990864 2.442540 7.297023
v -1.744114 2.659945 7.117553
v -1.744114 2.659945 7.117553
v -1.990864 2.442540 7.297023
v -1.730904 3.086664 8.043675
v -1.618909 0.073938 4.939148
v -1.500793 -0.167407 5.200231
v -1.872747 2.201189 7.558105
v -1.990864 2.442540 7.297023
v -1.990864 2.442540 7.297023
v -1.872747 2.201189 7.558105
v -1.730904 3.086664 8.043675
v -1.500793 -0.167407 5.200231
v -1.135916 -0.191352 5.281840
v -1.507881 2.177247 7.639717
v -1.872747 2.201189 7.558105
v -1.872747 2.201189 7.558105
v -1.507881 2.177247 7.639717
v -1.730904 3.086664 8.043675
v -1.135916 -0.191352 5.281840
v -0.889160 0.026062 5.102370
v -1.261122 2.394654 7.460245
v -1.507881 2.177247 7.639717
v -1.507881 2.177247 7.639717
v -1.261122 2.394654 7.460245
v -1.730904 3.086664 8.043675
v -0.889160 0.026062 5.102370
v -1.007275 0.267407 4.841288
v -1.379240 2.636006 7.199164
v -1.261122 2.394654 7.460245
v -1.261122 2.394654 7.460245
v -1.379240 2.636006 7.199164
v -1.730904 3.086664 8.043675
v -1.007275 0.267407 4.841288
v -1.372152 0.291352 4.759678
v -1.744114 2.659945 7.117553
v -1.379240 2.636006 7.199164
v -1.379240 2.636006 7.199164
v -1.744114 2.659945 7.117553
v -1.730904 3.086664 8.043675
v -5.187789 -0.115799 0.106862
v -5.756772 -0.229304 0.582733
v -7.518579 4.704636 -0.346955
v -6.949597 4.818140 -0.822826
v -6.949597 4.818140 -0.822826
v -7.518579 4.704636 -0.346955
v -7.366039 6.375564 -0.357644
v -5.756772 -0.229304 0.582733
v -5.676294 -0.063505 1.310136
v -7.438102 4.870435 0.380447
v -7.518579 4.704636 -0.346955
v -7.518579 4.704636 -0.346955
v -7.438102 4.870435 0.380447
v -7.366039 6.375564 -0.357644
v -5.676294 -0.063505 1.310136
v -5.026834 0.215799 1.561667
v -6.788641 5.149739 0.631978
v -7.438102 4.870435 0.380447
v -7.438102 4.870435 0.380447
v -6.788641 5.149739 0.631978
v -7.366039 6.375564 -0.357644
v -5.026834 0.215799 1.561667
v -4.457850 0.329304 1.085796
v -6.219659 5.263244 0.156107
v -6.788641 5.149739 0.631978
v -6.788641 5.149739 0.631978
v -6.219659 5.263244 0.156107
v -7.366039 6.375564 -0.357644
v -4.457850 0.329304 1.085796
v -4.538329 0.163505 0.358394
v -6.300137 5.097445 -0.571295
v -6.219659 5.263244 0.156107
v -6.219659 5.263244 0.156107
v -6.300137 5.097445 -0.571295
v -7.366039 6.375564 -0.357644
v -4.538329 0.163505 0.358394
v -5.187789 -0.115799 0.106862
v -6.949597 4.818140 -0.822826
v -6.300137 5.097445 -0.571295
v -6.300137 5.097445 -0.571295
v -6.949597 4.818140 -0.822826
v -7.366039 6.375564 -0.357644
v -5.192040 0.126455 0.507953
v -5.419719 -0.034192 0.712543
v -6.312748 2.190713 1.465734
v -6.085064 2.351361 1.261138
v -6.085064 2.351361 1.261138
v -6.312748 2.190713 1.465734
v -6.252216 2.902442 1.799886
v -5.419719 -0.034192 0.712543
v -5.334991 -0.110648 1.038855
v -6.228019 2.114258 1.792046
v -6.312748 2.190713 1.465734
v -6.312748 2.190713 1.465734
v -6.228019 2.114258 1.792046
v -6.252216 2.902442 1.799886
v -5.334991 -0.110648 1.038855
v -5.022583 -0.026455 1.160577
v -5.915607 2.198451 1.913762
v -6.228019 2.114258 1.792046
v -6.228019 2.114258 1.792046
v -5.915607 2.198451 1.913762
v -6.252216 2.902442 1.799886
v -5.022583 -0.026455 1.160577
v -4.794903 0.134192 0.955986
v -5.687926 2.359092 1.709173
v -5.915607 2.198451 1.913762
v -5.915607 2.198451 1.913762
v -5.687926 2.359092 1.709173
v -6.252216 2.902442 1.799886
v -4.794903 0.134192 0.955986
v -4.879632 0.210648 0.629674
v -5.772655 2.435547 1.382861
v -5.687926 2.359092 1.709173
v -5.687926 2.359092 1.709173
v -5.772655 2.435547 1.382861
v -6.252216 2.902442 1.799886
v -4.879632 0.210648 0.629674
v -5.192040 0.126455 0.507953
v -6.085064 2.351361 1.261138
v -5.772655 2.435547 1.382861
v -5.772655 2.435547 1.382861
v -6.085064 2.351361 1.261138
v -6.252216 2.902442 1.799886
v -5.097089 -0.255553 0.354775
v -5.478687 -0.374089 0.759384
v -7.095093 1.227724 -0.295839
v -6.713495 1.346260 -0.700448
v -6.713495 1.346260 -0.700448
v -7.095093 1.227724 -0.295839
v -7.179626 2.103609 -0.518589
v -5.478687 -0.374089 0.759384
v -5.488911 -0.068530 1.238873
v -7.105318 1.533283 0.183650
v -7.095093 1.227724 -0.295839
v -7.095093 1.227724 -0.295839
v -7.105318 1.533283 0.183650
v -7.179626 2.103609 -0.518589
v -5.488911 -0.068530 1.238873
v -5.117534 0.355553 1.313754
v -6.733940 1.957366 0.258531
v -7.105318 1.533283 0.183650
v -7.105318 1.533283 0.183650
v -6.733940 1.957366 0.258531
v -7.179626 2.103609 -0.518589
v -5.117534 0.355553 1.313754
v -4.735936 0.474090 0.909145
v -6.352342 2.075903 -0.146079
v -6.733940 1.957366 0.258531
v -6.733940 1.957366 0.258531
v -6.352342 2.075903 -0.146079
v -7.179626 2.103609 -0.518589
v -4.735936 0.474090 0.909145
v -4.725711 0.168530 0.429656
v -6.342117 1.770343 -0.625567
v -6.352342 2.075903 -0.146079
v -6.352342 2.075903 -0.146079
v -6.342117 1.770343 -0.625567
v -7.179626 2.103609 -0.518589
v -4.725711 0.168530 0.429656
v -5.097089 -0.255553 0.354775
v -6.713495 1.346260 -0.700448
v -6.342117 1.770343 -0.625567
v -6.342117 1.770343 -0.625567
v -6.713495 1.346260 -0.700448
v -7.179626 2.103609 -0.518589
v -5.159174 -0.044552 0.387026
v -5.507085 0.139742 0.625030
v -4.976191 1.627738 0.248879
v -4.628280 1.443445 0.010875
v -4.628280 1.443445 0.010875
v -4.976191 1.627738 0.248879
v -4.426683 1.957685 0.352022
v -5.507085 0.139742 0.625030
v -5.455222 0.234294 1.072268
v -4.924327 1.722290 0.696118
v -4.976191 1.627738 0.248879
v -4.976191 1.627738 0.248879
v -4.924327 1.722290 0.696118
v -4.426683 1.957685 0.352022
v -5.455222 0.234294 1.072268
v -5.055448 0.144552 1.281503
v -4.524553 1.632548 0.905352
v -4.924327 1.722290 0.696118
v -4.924327 1.722290 0.696118
v -4.524553 1.632548 0.905352
v -4.426683 1.957685 0.352022
v -5.055448 0.144552 1.281503
v -4.707538 -0.039742 1.043499
v -4.176643 1.448255 0.667349
v -4.524553 1.632548 0.905352
v -4.524553 1.632548 0.905352
v -4.176643 1.448255 0.667349
v -4.426683 1.957685 0.352022
v -4.707538 -0.039742 1.043499
v -4.759401 -0.134294 0.596261
v -4.228507 1.353703 0.220110
v -4.176643 1.448255 0.667349
v -4.176643 1.448255 0.667349
v -4.228507 1.353703 0.220110
v -4.426683 1.957685 0.352022
v -4.759401 -0.134294 0.596261
v -5.159174 -0.044552 0.387026
v -4.628280 1.443445 0.010875
v -4.228507 1.353703 0.220110
v -4.228507 1.353703 0.220110
v -4.628280 1.443445 0.010875
v -4.426683 1.957685 0.352022
v -5.102769 -0.220574 0.385169
v -5.558914 -0.076013 0.599534
v -5.463179 2.744722 -1.098963
v -5.007036 2.600159 -1.313338
v -5.007036 2.600159 -1.313338
v -5.463179 2.744722 -1.098963
v -4.984578 3.666331 -1.343310
v -5.558914 -0.076013 0.599534
v -5.563451 0.194563 1.048633
v -5.467723 3.015302 -0.649869
v -5.463179 2.744722 -1.098963
v -5.463179 2.744722 -1.098963
v -5.467723 3.015302 -0.649869
v -4.984578 3.666331 -1.343310
v -5.563451 0.194563 1.048633
v -5.111853 0.320574 1.283360
v -5.016121 3.141313 -0.415147
v -5.467723 3.015302 -0.649869
v -5.467723 3.015302 -0.649869
v -5.016121 3.141313 -0.415147
v -4.984578 3.666331 -1.343310
v -5.111853 0.320574 1.283360
v -4.655708 0.176013 1.068995
v -4.559977 2.996753 -0.629512
v -5.016121 3.141313 -0.415147
v -5.016121 3.141313 -0.415147
v -4.559977 2.996753 -0.629512
v -4.984578 3.666331 -1.343310
v -4.655708 0.176013 1.068995
v -4.651172 -0.094563 0.619896
v -4.555438 2.726170 -1.078611
v -4.559977 2.996753 -0.629512
v -4.559977 2.996753 -0.629512
v -4.555438 2.726170 -1.078611
v -4.984578 3.666331 -1.343310
v -4.651172 -0.094563 0.619896
v -5.102769 -0.220574 0.385169
v -5.007036 2.600159 -1.313338
v -4.555438 2.726170 -1.078611
v -4.555438 2.726170 -1.078611
v -5.007036 2.600159 -1.313338
v -4.984578 3.666331 -1.343310
v -5.194229 0.108200 0.464098
v -5.419746 -0.114705 0.681863
v -7.036471 2.255929 1.434225
v -6.810957 2.478838 1.216449
v -6.810957 2.478838 1.216449
v -7.036471 2.255929 1.434225
v -7.180040 3.089281 1.798825
v -5.419746 -0.114705 0.681863
v -5.332821 -0.172908 1.052035
v -6.949553 2.197730 1.804391
v -7.036471 2.255929 1.434225
v -7.036471 2.255929 1.434225
v -6.949553 2.197730 1.804391
v -7.180040 3.089281 1.798825
v -5.332821 -0.172908 1.052035
v -5.020393 -0.008200 1.204431
v -6.637124 2.362432 1.956789
v -6.949553 2.197730 1.804391
v -6.949553 2.197730 1.804391
v -6.637124 2.362432 1.956789
v -7.180040 3.089281 1.798825
v -5.020393 -0.008200 1.204431
v -4.794876 0.214705 0.986666
v -6.411608 2.585343 1.739023
v -6.637124 2.362432 1.956789
v -6.637124 2.362432 1.956789
v -6.411608 2.585343 1.739023
v -7.180040 3.089281 1.798825
v -4.794876 0.214705 0.986666
v -4.881801 0.272908 0.616494
v -6.498525 2.643549 1.368849
v -6.411608 2.585343 1.739023
v -6.411608 2.585343 1.739023
v -6.498525 2.643549 1.368849
v -7.180040 3.089281 1.798825
v -4.881801 0.272908 0.616494
v -5.194229 0.108200 0.464098
v -6.810957 2.478838 1.216449
v -6.498525 2.643549 1.368849
v -6.498525 2.643549 1.368849
v -6.810957 2.478838 1.216449
v -7.180040 3.089281 1.798825
v -0.624951 0.080212 -5.024151
v -0.835751 0.031912 -4.779388
v -1.030725 2.352507 -4.489390
v -0.819923 2.400806 -4.734158
v -0.819923 2.400806 -4.734158
v -1.030725 2.352507 -4.489390
v -0.765538 3.026231 -4.345978
v -0.835751 0.031912 -4.779388
v -0.726372 0.002816 -4.473005
v -0.921346 2.323408 -4.183006
v -1.030725 2.352507 -4.489390
v -1.030725 2.352507 -4.489390
v -0.921346 2.323408 -4.183006
v -0.765538 3.026231 -4.345978
v -0.726372 0.002816 -4.473005
v -0.406191 0.022019 -4.411389
v -0.601165 2.342611 -4.121390
v -0.921346 2.323408 -4.183006
v -0.921346 2.323408 -4.183006
v -0.601165 2.342611 -4.121390
v -0.765538 3.026231 -4.345978
v -0.406191 0.022019 -4.411389
v -0.195389 0.070318 -4.656157
v -0.390363 2.390910 -4.366158
v -0.601165 2.342611 -4.121390
v -0.601165 2.342611 -4.121390
v -0.390363 2.390910 -4.366158
v -0.765538 3.026231 -4.345978
v -0.195389 0.070318 -4.656157
v -0.304766 0.099415 -4.962534
v -0.499743 2.420005 -4.672541
v -0.390363 2.390910 -4.366158
v -0.390363 2.390910 -4.366158
v -0.499743 2.420005 -4.672541
v -0.765538 3.026231 -4.345978
v -0.304766 0.099415 -4.962534
v -0.624951 0.080212 -5.024151
v -0.819923 2.400806 -4.734158
v -0.499743 2.420005 -4.672541
v -0.499743 2.420005 -4.672541
v -0.819923 2.400806 -4.734158
v -0.765538 3.026231 -4.345978
v 0.007292 -0.158372 -5.261415
v -0.096269 -0.028100 -5.100836
v 1.386227 1.945493 -5.745885
v 1.489785 1.815219 -5.906468
v 1.489785 1.815219 -5.906468
v 1.386227 1.945493 -5.745885
v 1.992249 2.378881 -5.873177
v -0.096269 -0.028100 -5.100836
v -0.011943 -0.021098 -4.885610
v 1.470550 1.952499 -5.530662
v 1.386227 1.945493 -5.745885
v 1.386227 1.945493 -5.745885
v 1.470550 1.952499 -5.530662
v 1.992249 2.378881 -5.873177
v -0.011943 -0.021098 -4.885610
v 0.175940 -0.144368 -4.830964
v 1.658433 1.829229 -5.476016
v 1.470550 1.952499 -5.530662
v 1.470550 1.952499 -5.530662
v 1.658433 1.829229 -5.476016
v 1.992249 2.378881 -5.873177
v 0.175940 -0.144368 -4.830964
v 0.279497 -0.274640 -4.991544
v 1.761993 1.698953 -5.636592
v 1.658433 1.829229 -5.476016
v 1.658433 1.829229 -5.476016
v 1.761993 1.698953 -5.636592
v 1.992249 2.378881 -5.873177
v 0.279497 -0.274640 -4.991544
v 0.195175 -0.281642 -5.206768
v 1.677667 1.691951 -5.851819
v 1.761993 1.698953 -5.636592
v 1.761993 1.698953 -5.636592
v 1.677667 1.691951 -5.851819
v 1.992249 2.378881 -5.873177
v 0.195175 -0.281642 -5.206768
v 0.007292 -0.158372 -5.261415
v 1.489785 1.815219 -5.906468
v 1.677667 1.691951 -5.851819
v 1.677667 1.691951 -5.851819
v 1.489785 1.815219 -5.906468
v 1.992249 2.378881 -5.873177
v -0.026636 -0.118892 -5.367780
v -0.155671 0.087482 -5.116263
v 0.798240 0.999361 -5.375080
v 0.927275 0.792986 -5.626596
v 0.927275 0.792986 -5.626596
v 0.798240 0.999361 -5.375080
v 1.313907 1.020367 -5.371285
v -0.155671 0.087482 -5.116263
v -0.038091 0.057663 -4.787955
v 0.915817 0.969545 -5.046774
v 0.798240 0.999361 -5.375080
v 0.798240 0.999361 -5.375080
v 0.915817 0.969545 -5.046774
v 1.313907 1.020367 -5.371285
v -0.038091 0.057663 -4.787955
v 0.208524 -0.178521 -4.711163
v 1.162435 0.733357 -4.969979
v 0.915817 0.969545 -5.046774
v 0.915817 0.969545 -5.046774
v 1.162435 0.733357 -4.969979
v 1.313907 1.020367 -5.371285
v 0.208524 -0.178521 -4.711163
v 0.337559 -0.384895 -4.962679
v 1.291470 0.526983 -5.221496
v 1.162435 0.733357 -4.969979
v 1.162435 0.733357 -4.969979
v 1.291470 0.526983 -5.221496
v 1.313907 1.020367 -5.371285
v 0.337559 -0.384895 -4.962679
v 0.219984 -0.355078 -5.290990
v 1.173889 0.556802 -5.549804
v 1.291470 0.526983 -5.221496
v 1.291470 0.526983 -5.221496
v 1.173889 0.556802 -5.549804
v 1.313907 1.020367 -5.371285
v 0.219984 -0.355078 -5.290990
v -0.026636 -0.118892 -5.367780
v 0.927275 0.792986 -5.626596
v 1.173889 0.556802 -5.549804
v 1.173889 0.556802 -5.549804
v 0.927275 0.792986 -5.626596
v 1.313907 1.020367 -5.371285
v -0.164286 -0.045083 -5.065622
v -0.343705 0.048442 -4.833196
v 0.295615 2.162431 -5.190301
v 0.475037 2.068908 -5.422722
v 0.475037 2.068908 -5.422722
v 0.295615 2.162431 -5.190301
v 0.768768 2.679205 -5.237266
v -0.343705 0.048442 -4.833196
v -0.230294 0.062485 -4.547019
v 0.409029 2.176476 -4.904119
v 0.295615 2.162431 -5.190301
v 0.295615 2.162431 -5.190301
v 0.409029 2.176476 -4.904119
v 0.768768 2.679205 -5.237266
v -0.230294 0.062485 -4.547019
v 0.062540 -0.016996 -4.493263
v 0.701863 2.096994 -4.850363
v 0.409029 2.176476 -4.904119
v 0.409029 2.176476 -4.904119
v 0.701863 2.096994 -4.850363
v 0.768768 2.679205 -5.237266
v 0.062540 -0.016996 -4.493263
v 0.241962 -0.110520 -4.725683
v 0.881281 2.003471 -5.082785
v 0.701863 2.096994 -4.850363
v 0.701863 2.096994 -4.850363
v 0.881281 2.003471 -5.082785
v 0.768768 2.679205 -5.237266
v 0.241962 -0.110520 -4.725683
v 0.128546 -0.124562 -5.011862
v 0.767871 1.989427 -5.368966
v 0.881281 2.003471 -5.082785
v 0.881281 2.003471 -5.082785
v 0.767871 1.989427 -5.368966
v 0.768768 2.679205 -5.237266
v 0.128546 -0.124562 -5.011862
v -0.164286 -0.045083 -5.065622
v 0.475037 2.068908 -5.422722
v 0.767871 1.989427 -5.368966
v 0.767871 1.989427 -5.368966
v 0.475037 2.068908 -5.422722
v 0.768768 2.679205 -5.237266
v -0.573301 0.008031 -5.017376
v -0.787738 0.069433 -4.742227
v -0.631088 2.123535 -5.078531
v -0.416653 2.062131 -5.353685
v -0.416653 2.062131 -5.353685
v -0.631088 2.123535 -5.078531
v -0.236625 2.684231 -5.124224
v -0.787738 0.069433 -4.742227
v -0.651894 0.112172 -4.417912
v -0.495243 2.166274 -4.754215
v -0.631088 2.123535 -5.078531
v -0.631088 2.123535 -5.078531
v -0.495243 2.166274 -4.754215
v -0.236625 2.684231 -5.124224
v -0.651894 0.112172 -4.417912
v -0.301611 0.093510 -4.368745
v -0.144965 2.147612 -4.705051
v -0.495243 2.166274 -4.754215
v -0.495243 2.166274 -4.754215
v -0.144965 2.147612 -4.705051
v -0.236625 2.684231 -5.124224
v -0.301611 0.093510 -4.368745
v -0.087178 0.032108 -4.643896
v 0.069470 2.086208 -4.980206
v -0.144965 2.147612 -4.705051
v -0.144965 2.147612 -4.705051
v 0.069470 2.086208 -4.980206
v -0.236625 2.684231 -5.124224
v -0.087178 0.032108 -4.643896
v -0.223022 -0.010631 -4.968212
v -0.066374 2.043469 -5.304521
v 0.069470 2.086208 -4.980206
v 0.069470 2.086208 -4.980206
v -0.066374 2.043469 -5.304521
v -0.236625 2.684231 -5.124224
v -0.223022 -0.010631 -4.968212
v -0.573301 0.008031 -5.017376
v -0.416653 2.062131 -5.353685
v -0.066374 2.043469 -5.304521
v -0.066374 2.043469 -5.304521
v -0.416653 2.062131 -5.353685
v -0.236625 2.684231 -5.124224
v -0.100817 -0.343331 -5.534887
v -0.209763 -0.183724 -5.416496
v 0.699166 1.304073 -6.585827
v 0.808108 1.144466 -6.704220
v 0.808108 1.144466 -6.704220
v 0.699166 1.304073 -6.585827
v 1.159659 1.652064 -6.848121
v -0.209763 -0.183724 -5.416496
v -0.114576 -0.095759 -5.230587
v 0.794352 1.392034 -6.399917
v 0.699166 1.304073 -6.585827
v 0.699166 1.304073 -6.585827
v 0.794352 1.392034 -6.399917
v 1.159659 1.652064 -6.848121
v -0.114576 -0.095759 -5.230587
v 0.089553 -0.167401 -5.163071
v 0.998481 1.320392 -6.332400
v 0.794352 1.392034 -6.399917
v 0.794352 1.392034 -6.399917
v 0.998481 1.320392 -6.332400
v 1.159659 1.652064 -6.848121
v 0.089553 -0.167401 -5.163071
v 0.198494 -0.327009 -5.281464
v 1.107423 1.160785 -6.450793
v 0.998481 1.320392 -6.332400
v 0.998481 1.320392 -6.332400
v 1.107423 1.160785 -6.450793
v 1.159659 1.652064 -6.848121
v 0.198494 -0.327009 -5.281464
v 0.103312 -0.414974 -5.467371
v 1.012236 1.072824 -6.636703
v 1.107423 1.160785 -6.450793
v 1.107423 1.160785 -6.450793
v 1.012236 1.072824 -6.636703
v 1.159659 1.652064 -6.848121
v 0.103312 -0.414974 -5.467371
v -0.100817 -0.343331 -5.534887
v 0.808108 1.144466 -6.704220
v 1.012236 1.072824 -6.636703
v 1.012236 1.072824 -6.636703
v 0.808108 1.144466 -6.704220
v 1.159659 1.652064 -6.848121
v -0.527680 0.055795 -4.908532
v -0.672051 0.057839 -4.732309
v -0.619465 1.932730 -4.710993
v -0.475090 1.930686 -4.887215
v -0.475090 1.930686 -4.887215
v -0.619465 1.932730 -4.710993
v -0.379922 2.454823 -4.668067
v -0.672051 0.057839 -4.732309
v -0.591718 0.053163 -4.519173
v -0.539132 1.928054 -4.497857
v -0.619465 1.932730 -4.710993
v -0.619465 1.932730 -4.710993
v -0.539132 1.928054 -4.497857
v -0.379922 2.454823 -4.668067
v -0.591718 0.053163 -4.519173
v -0.367008 0.046441 -4.482262
v -0.314422 1.921332 -4.460946
v -0.539132 1.928054 -4.497857
v -0.539132 1.928054 -4.497857
v -0.314422 1.921332 -4.460946
v -0.379922 2.454823 -4.668067
v -0.367008 0.046441 -4.482262
v -0.222633 0.044397 -4.658483
v -0.170048 1.919284 -4.637165
v -0.314422 1.921332 -4.460946
v -0.314422 1.921332 -4.460946
v -0.170048 1.919284 -4.637165
v -0.379922 2.454823 -4.668067
v -0.222633 0.044397 -4.658483
v -0.302970 0.049073 -4.871621
v -0.250381 1.923960 -4.850301
v -0.170048 1.919284 -4.637165
v -0.170048 1.919284 -4.637165
v -0.250381 1.923960 -4.850301
v -0.379922 2.454823 -4.668067
v -0.302970 0.049073 -4.871621
v -0.527680 0.055795 -4.908532
v -0.475090 1.930686 -4.887215
v -0.250381 1.923960 -4.850301
v -0.250381 1.923960 -4.850301
v -0.475090 1.930686 -4.887215
v -0.379922 2.454823 -4.668067
v -0.713075 0.044638 -5.074190
v -0.922912 -0.003363 -4.811810
v -1.150357 1.446647 -4.728431
v -0.940520 1.494648 -4.990811
v -0.940520 1.494648 -4.990811
v -1.150357 1.446647 -4.728431
v -0.883109 1.904471 -4.650431
v -0.922912 -0.003363 -4.811810
v -0.801351 -0.002514 -4.494948
v -1.028797 1.447491 -4.411568
v -1.150357 1.446647 -4.728431
v -1.150357 1.446647 -4.728431
v -1.028797 1.447491 -4.411568
v -0.883109 1.904471 -4.650431
v -0.801351 -0.002514 -4.494948
v -0.469948 0.046336 -4.440464
v -0.697398 1.496342 -4.357085
v -1.028797 1.447491 -4.411568
v -1.028797 1.447491 -4.411568
v -0.697398 1.496342 -4.357085
v -0.883109 1.904471 -4.650431
v -0.469948 0.046336 -4.440464
v -0.260111 0.094338 -4.702844
v -0.487560 1.544347 -4.619467
v -0.697398 1.496342 -4.357085
v -0.697398 1.496342 -4.357085
v -0.487560 1.544347 -4.619467
v -0.883109 1.904471 -4.650431
v -0.260111 0.094338 -4.702844
v -0.381676 0.093489 -5.019708
v -0.609122 1.543499 -4.936329
v -0.487560 1.544347 -4.619467
v -0.487560 1.544347 -4.619467
v -0.609122 1.543499 -4.936329
v -0.883109 1.904471 -4.650431
v -0.381676 0.093489 -5.019708
v -0.713075 0.044638 -5.074190
v -0.940520 1.494648 -4.990811
v -0.609122 1.543499 -4.936329
v -0.609122 1.543499 -4.936329
v -0.940520 1.494648 -4.990811
v -0.883109 1.904471 -4.650431
v -0.159330 -0.411861 -5.604472
v -0.288138 -0.164404 -5.497042
v 0.897041 1.103333 -6.996219
v 1.025844 0.855872 -7.103649
v 1.025844 0.855872 -7.103649
v 0.897041 1.103333 -6.996219
v 1.487247 1.362007 -7.300364
v -0.288138 -0.164404 -5.497042
v -0.161014 -0.015831 -5.270911
v 1.024165 1.251902 -6.770086
v 0.897041 1.103333 -6.996219
v 0.897041 1.103333 -6.996219
v 1.024165 1.251902 -6.770086
v 1.487247 1.362007 -7.300364
v -0.161014 -0.015831 -5.270911
v 0.094913 -0.114724 -5.152208
v 1.280094 1.153012 -6.651389
v 1.024165 1.251902 -6.770086
v 1.024165 1.251902 -6.770086
v 1.280094 1.153012 -6.651389
v 1.487247 1.362007 -7.300364
v 0.094913 -0.114724 -5.152208
v 0.223721 -0.362182 -5.259638
v 1.408897 0.905550 -6.758819
v 1.280094 1.153012 -6.651389
v 1.280094 1.153012 -6.651389
v 1.408897 0.905550 -6.758819
v 1.487247 1.362007 -7.300364
v 0.223721 -0.362182 -5.259638
v 0.096597 -0.510755 -5.485769
v 1.281772 0.756983 -6.984948
v 1.408897 0.905550 -6.758819
v 1.408897 0.905550 -6.758819
v 1.281772 0.756983 -6.984948
v 1.487247 1.362007 -7.300364
v 0.096597 -0.510755 -5.485769
v -0.159330 -0.411861 -5.604472
v 1.025844 0.855872 -7.103649
v 1.281772 0.756983 -6.984948
v 1.281772 0.756983 -6.984948
v 1.025844 0.855872 -7.103649
v 1.487247 1.362007 -7.300364
v -0.019902 -0.115887 -5.184205
v -0.148756 -0.002550 -5.001868
v 0.552613 1.265198 -5.294235
v 0.681468 1.151860 -5.476575
v 0.681468 1.151860 -5.476575
v 0.552613 1.265198 -5.294235
v 0.969726 1.513235 -5.325578
v -0.148756 -0.002550 -5.001868
v -0.058320 0.001261 -4.768404
v 0.643050 1.269007 -5.060775
v 0.552613 1.265198 -5.294235
v 0.552613 1.265198 -5.294235
v 0.643050 1.269007 -5.060775
v 0.969726 1.513235 -5.325578
v -0.058320 0.001261 -4.768404
v 0.160966 -0.108268 -4.717283
v 0.862336 1.159474 -5.009652
v 0.643050 1.269007 -5.060775
v 0.643050 1.269007 -5.060775
v 0.862336 1.159474 -5.009652
v 0.969726 1.513235 -5.325578
v 0.160966 -0.108268 -4.717283
v 0.289821 -0.221606 -4.899623
v 0.991191 1.046136 -5.191992
v 0.862336 1.159474 -5.009652
v 0.862336 1.159474 -5.009652
v 0.991191 1.046136 -5.191992
v 0.969726 1.513235 -5.325578
v 0.289821 -0.221606 -4.899623
v 0.199386 -0.225417 -5.133088
v 0.900756 1.042325 -5.425456
v 0.991191 1.046136 -5.191992
v 0.991191 1.046136 -5.191992
v 0.900756 1.042325 -5.425456
v 0.969726 1.513235 -5.325578
v 0.199386 -0.225417 -5.133088
v -0.019902 -0.115887 -5.184205
v 0.681468 1.151860 -5.476575
v 0.900756 1.042325 -5.425456
v 0.900756 1.042325 -5.425456
v 0.681468 1.151860 -5.476575
v 0.969726 1.513235 -5.325578
v -0.594137 0.102750 -5.015693
v -0.811404 0.040850 -4.777121
v -0.993341 2.477600 -4.310566
v -0.776074 2.539500 -4.549138
v -0.776074 2.539500 -4.549138
v -0.993341 2.477600 -4.310566
v -0.723588 3.175662 -4.110033
v -0.811404 0.040850 -4.777121
v -0.707602 -0.010277 -4.469604
v -0.889537 2.426476 -4.003055
v -0.993341 2.477600 -4.310566
v -0.993341 2.477600 -4.310566
v -0.889537 2.426476 -4.003055
v -0.723588 3.175662 -4.110033
v -0.707602 -0.010277 -4.469604
v -0.386536 0.000493 -4.400666
v -0.568472 2.437248 -3.934113
v -0.889537 2.426476 -4.003055
v -0.889537 2.426476 -4.003055
v -0.568472 2.437248 -3.934113
v -0.723588 3.175662 -4.110033
v -0.386536 0.000493 -4.400666
v -0.169269 0.062393 -4.639238
v -0.351205 2.499148 -4.172685
v -0.568472 2.437248 -3.934113
v -0.568472 2.437248 -3.934113
v -0.351205 2.499148 -4.172685
v -0.723588 3.175662 -4.110033
v -0.169269 0.062393 -4.639238
v -0.273068 0.113522 -4.946749
v -0.455007 2.550271 -4.480200
v -0.351205 2.499148 -4.172685
v -0.351205 2.499148 -4.172685
v -0.455007 2.550271 -4.480200
v -0.723588 3.175662 -4.110033
v -0.273068 0.113522 -4.946749
v -0.594137 0.102750 -5.015693
v -0.776074 2.539500 -4.549138
v -0.455007 2.550271 -4.480200
v -0.455007 2.550271 -4.480200
v -0.776074 2.539500 -4.549138
v -0.723588 3.175662 -4.110033
v -5.027031 -0.632576 5.153027
v -5.117690 -0.620150 4.862524
v -4.741641 -2.736681 4.654637
v -4.650982 -2.749107 4.945140
v -4.650982 -2.749107 4.945140
v -4.741641 -2.736681 4.654637
v -4.342657 -3.288501 4.666183
v -5.117690 -0.620150 4.862524
v -4.915430 -0.562574 4.642202
v -4.539381 -2.679105 4.434315
v -4.741641 -2.736681 4.654637
v -4.741641 -2.736681 4.654637
v -4.539381 -2.679105 4.434315
v -4.342657 -3.288501 4.666183
v -4.915430 -0.562574 4.642202
v -4.622510 -0.517424 4.712384
v -4.246461 -2.633954 4.504497
v -4.539381 -2.679105 4.434315
v -4.539381 -2.679105 4.434315
v -4.246461 -2.633954 4.504497
v -4.342657 -3.288501 4.666183
v -4.622510 -0.517424 4.712384
v -4.531852 -0.529850 5.002887
v -4.155803 -2.646380 4.795000
v -4.246461 -2.633954 4.504497
v -4.246461 -2.633954 4.504497
v -4.155803 -2.646380 4.795000
v -4.342657 -3.288501 4.666183
v -4.531852 -0.529850 5.002887
v -4.734112 -0.587426 5.223208
v -4.358063 -2.703956 5.015322
v -4.155803 -2.646380 4.795000
v -4.155803 -2.646380 4.795000
v -4.358063 -2.703956 5.015322
v -4.342657 -3.288501 4.666183
v -4.734112 -0.587426 5.223208
v -5.027031 -0.632576 5.153027
v -4.650982 -2.749107 4.945140
v -4.358063 -2.703956 5.015322
v -4.358063 -2.703956 5.015322
v -4.650982 -2.749107 4.945140
v -4.342657 -3.288501 4.666183
v -4.937734 -0.597450 5.054874
v -4.987503 -0.591114 4.894647
v -4.833471 -1.910482 4.794620
v -4.783701 -1.916820 4.954845
v -4.783701 -1.916820 4.954845
v -4.833471 -1.910482 4.794620
v -4.627296 -2.266499 4.804462
v -4.987503 -0.591114 4.894647
v -4.874541 -0.568662 4.772480
v -4.720509 -1.888032 4.672451
v -4.833471 -1.910482 4.794620
v -4.833471 -1.910482 4.794620
v -4.720509 -1.888032 4.672451
v -4.627296 -2.266499 4.804462
v -4.874541 -0.568662 4.772480
v -4.711808 -0.552550 4.810536
v -4.557776 -1.871918 4.710510
v -4.720509 -1.888032 4.672451
v -4.720509 -1.888032 4.672451
v -4.557776 -1.871918 4.710510
v -4.627296 -2.266499 4.804462
v -4.711808 -0.552550 4.810536
v -4.662039 -0.558886 4.970764
v -4.508009 -1.878257 4.870735
v -4.557776 -1.871918 4.710510
v -4.557776 -1.871918 4.710510
v -4.508009 -1.878257 4.870735
v -4.627296 -2.266499 4.804462
v -4.662039 -0.558886 4.970764
v -4.775001 -0.581338 5.092930
v -4.620969 -1.900706 4.992901
v -4.508009 -1.878257 4.870735
v -4.508009 -1.878257 4.870735
v -4.620969 -1.900706 4.992901
v -4.627296 -2.266499 4.804462
v -4.775001 -0.581338 5.092930
v -4.937734 -0.597450 5.054874
v -4.783701 -1.916820 4.954845
v -4.620969 -1.900706 4.992901
v -4.620969 -1.900706 4.992901
v -4.783701 -1.916820 4.954845
v -4.627296 -2.266499 4.804462
v -4.923361 -0.526354 5.033139
v -4.966430 -0.552095 4.892942
v -5.254529 -1.786714 5.208117
v -5.211460 -1.760973 5.348318
v -5.211460 -1.760973 5.348318
v -5.254529 -1.786714 5.208117
v -5.194130 -2.157843 5.336779
v -4.966430 -0.552095 4.892942
v -4.867840 -0.600740 4.792508
v -5.155942 -1.835357 5.107687
v -5.254529 -1.786714 5.208117
v -5.254529 -1.786714 5.208117
v -5.155942 -1.835357 5.107687
v -5.194130 -2.157843 5.336779
v -4.867840 -0.600740 4.792508
v -4.726181 -0.623646 4.832272
v -5.014283 -1.858262 5.147451
v -5.155942 -1.835357 5.107687
v -5.155942 -1.835357 5.107687
v -5.014283 -1.858262 5.147451
v -5.194130 -2.157843 5.336779
v -4.726181 -0.623646 4.832272
v -4.683112 -0.597905 4.972469
v -4.971214 -1.832522 5.287648
v -5.014283 -1.858262 5.147451
v -5.014283 -1.858262 5.147451
v -4.971214 -1.832522 5.287648
v -5.194130 -2.157843 5.336779
v -4.683112 -0.597905 4.972469
v -4.781702 -0.549260 5.072903
v -5.069803 -1.783879 5.388082
v -4.971214 -1.832522 5.287648
v -4.971214 -1.832522 5.287648
v -5.069803 -1.783879 5.388082
v -5.194130 -2.157843 5.336779
v -4.781702 -0.549260 5.072903
v -4.923361 -0.526354 5.033139
v -5.211460 -1.760973 5.348318
v -5.069803 -1.783879 5.388082
v -5.069803 -1.783879 5.388082
v -5.211460 -1.760973 5.348318
v -5.194130 -2.157843 5.336779
v -4.912384 -0.639443 5.031726
v -4.944926 -0.647415 4.888506
v -4.214945 -1.796431 4.786623
v -4.182406 -1.788460 4.929843
v -4.182406 -1.788460 4.929843
v -4.214945 -1.796431 4.786623
v -3.888900 -2.048098 4.802086
v -4.944926 -0.647415 4.888506
v -4.857310 -0.582974 4.789485
v -4.127331 -1.731991 4.687602
v -4.214945 -1.796431 4.786623
v -4.214945 -1.796431 4.786623
v -4.127331 -1.731991 4.687602
v -3.888900 -2.048098 4.802086
v -4.857310 -0.582974 4.789485
v -4.737158 -0.510557 4.833684
v -4.007176 -1.659573 4.731801
v -4.127331 -1.731991 4.687602
v -4.127331 -1.731991 4.687602
v -4.007176 -1.659573 4.731801
v -3.888900 -2.048098 4.802086
v -4.737158 -0.510557 4.833684
v -4.704616 -0.502585 4.976904
v -3.974638 -1.651602 4.875021
v -4.007176 -1.659573 4.731801
v -4.007176 -1.659573 4.731801
v -3.974638 -1.651602 4.875021
v -3.888900 -2.048098 4.802086
v -4.704616 -0.502585 4.976904
v -4.792232 -0.567026 5.075926
v -4.062251 -1.716043 4.974042
v -3.974638 -1.651602 4.875021
v -3.974638 -1.651602 4.875021
v -4.062251 -1.716043 4.974042
v -3.888900 -2.048098 4.802086
v -4.792232 -0.567026 5.075926
v -4.912384 -0.639443 5.031726
v -4.182406 -1.788460 4.929843
v -4.062251 -1.716043 4.974042
v -4.062251 -1.716043 4.974042
v -4.182406 -1.788460 4.929843
v -3.888900 -2.048098 4.802086
v -4.918756 -0.600967 5.035011
v -4.951851 -0.627625 4.900223
v -4.705066 -1.263824 4.965450
v -4.671968 -1.237166 5.100238
v -4.671968 -1.237166 5.100238
v -4.705066 -1.263824 4.965450
v -4.508377 -1.390639 5.016328
v -4.951851 -0.627625 4.900223
v -4.857866 -0.601658 4.797917
v -4.611081 -1.237857 4.863143
v -4.705066 -1.263824 4.965450
v -4.705066 -1.263824 4.965450
v -4.611081 -1.237857 4.863143
v -4.508377 -1.390639 5.016328
v -4.857866 -0.601658 4.797917
v -4.730786 -0.549033 4.830400
v -4.483999 -1.185229 4.895626
v -4.611081 -1.237857 4.863143
v -4.611081 -1.237857 4.863143
v -4.483999 -1.185229 4.895626
v -4.508377 -1.390639 5.016328
v -4.730786 -0.549033 4.830400
v -4.697691 -0.522375 4.965188
v -4.450903 -1.158573 5.030414
v -4.483999 -1.185229 4.895626
v -4.483999 -1.185229 4.895626
v -4.450903 -1.158573 5.030414
v -4.508377 -1.390639 5.016328
v -4.697691 -0.522375 4.965188
v -4.791676 -0.548342 5.067494
v -4.544888 -1.184541 5.132720
v -4.450903 -1.158573 5.030414
v -4.450903 -1.158573 5.030414
v -4.544888 -1.184541 5.132720
v -4.508377 -1.390639 5.016328
v -4.791676 -0.548342 5.067494
v -4.918756 -0.600967 5.035011
v -4.671968 -1.237166 5.100238
v -4.544888 -1.184541 5.132720
v -4.544888 -1.184541 5.132720
v -4.671968 -1.237166 5.100238
v -4.508377 -1.390639 5.016328
v -4.928042 -0.523593 5.037867
v -4.976062 -0.565659 4.895422
v -5.167446 -1.870218 5.345212
v -5.119425 -1.828153 5.487658
v -5.119425 -1.828153 5.487658
v -5.167446 -1.870218 5.345212
v -5.070134 -2.247511 5.509361
v -4.976062 -0.565659 4.895422
v -4.872791 -0.617068 4.790260
v -5.064174 -1.921628 5.240051
v -5.167446 -1.870218 5.345212
v -5.167446 -1.870218 5.345212
v -5.064174 -1.921628 5.240051
v -5.070134 -2.247511 5.509361
v -4.872791 -0.617068 4.790260
v -4.721500 -0.626407 4.827544
v -4.912884 -1.930966 5.277335
v -5.064174 -1.921628 5.240051
v -5.064174 -1.921628 5.240051
v -4.912884 -1.930966 5.277335
v -5.070134 -2.247511 5.509361
v -4.721500 -0.626407 4.827544
v -4.673480 -0.584341 4.969989
v -4.864863 -1.888900 5.419780
v -4.912884 -1.930966 5.277335
v -4.912884 -1.930966 5.277335
v -4.864863 -1.888900 5.419780
v -5.070134 -2.247511 5.509361
v -4.673480 -0.584341 4.969989
v -4.776751 -0.532932 5.075151
v -4.968132 -1.837490 5.524942
v -4.864863 -1.888900 5.419780
v -4.864863 -1.888900 5.419780
v -4.968132 -1.837490 5.524942
v -5.070134 -2.247511 5.509361
v -4.776751 -0.532932 5.075151
v -4.928042 -0.523593 5.037867
v -5.119425 -1.828153 5.487658
v -4.968132 -1.837490 5.524942
v -4.968132 -1.837490 5.524942
v -5.119425 -1.828153 5.487658
v -5.070134 -2.247511 5.509361
v -4.971092 -0.555413 5.086536
v -5.031322 -0.559854 4.882061
v -5.121192 -1.619895 4.931551
v -5.060962 -1.615456 5.136026
v -5.060962 -1.615456 5.136026
v -5.121192 -1.619895 4.931551
v -4.939988 -1.934027 4.996153
v -5.031322 -0.559854 4.882061
v -4.885001 -0.579439 4.728230
v -4.974871 -1.639483 4.777719
v -5.121192 -1.619895 4.931551
v -5.121192 -1.619895 4.931551
v -4.974871 -1.639483 4.777719
v -4.939988 -1.934027 4.996153
v -4.885001 -0.579439 4.728230
v -4.678450 -0.594587 4.778874
v -4.768320 -1.654628 4.828364
v -4.974871 -1.639483 4.777719
v -4.974871 -1.639483 4.777719
v -4.768320 -1.654628 4.828364
v -4.939988 -1.934027 4.996153
v -4.678450 -0.594587 4.778874
v -4.618220 -0.590146 4.983350
v -4.708090 -1.650189 5.032840
v -4.768320 -1.654628 4.828364
v -4.768320 -1.654628 4.828364
v -4.708090 -1.650189 5.032840
v -4.939988 -1.934027 4.996153
v -4.618220 -0.590146 4.983350
v -4.764541 -0.570561 5.137181
v -4.854412 -1.630602 5.186668
v -4.708090 -1.650189 5.032840
v -4.708090 -1.650189 5.032840
v -4.854412 -1.630602 5.186668
v -4.939988 -1.934027 4.996153
v -4.764541 -0.570561 5.137181
v -4.971092 -0.555413 5.086536
v -5.060962 -1.615456 5.136026
v -4.854412 -1.630602 5.186668
v -4.854412 -1.630602 5.186668
v -5.060962 -1.615456 5.136026
v -4.939988 -1.934027 4.996153
v -4.899026 -0.679277 5.021134
v -4.957551 -0.638884 4.882748
v -4.234215 -1.668140 4.276442
v -4.175694 -1.708530 4.414825
v -4.175694 -1.708530 4.414825
v -4.234215 -1.668140 4.276442
v -3.897419 -1.894557 4.155388
v -4.957551 -0.638884 4.882748
v -4.883295 -0.534610 4.794319
v -4.159959 -1.563863 4.188013
v -4.234215 -1.668140 4.276442
v -4.234215 -1.668140 4.276442
v -4.159959 -1.563863 4.188013
v -3.897419 -1.894557 4.155388
v -4.883295 -0.534610 4.794319
v -4.750515 -0.470723 4.844276
v -4.027183 -1.499979 4.237967
v -4.159959 -1.563863 4.188013
v -4.159959 -1.563863 4.188013
v -4.027183 -1.499979 4.237967
v -3.897419 -1.894557 4.155388
v -4.750515 -0.470723 4.844276
v -4.691991 -0.511116 4.982663
v -3.968658 -1.540369 4.376353
v -4.027183 -1.499979 4.237967
v -4.027183 -1.499979 4.237967
v -3.968658 -1.540369 4.376353
v -3.897419 -1.894557 4.155388
v -4.691991 -0.511116 4.982663
v -4.766247 -0.615390 5.071092
v -4.042913 -1.644646 4.464783
v -3.968658 -1.540369 4.376353
v -3.968658 -1.540369 4.376353
v -4.042913 -1.644646 4.464783
v -3.897419 -1.894557 4.155388
v -4.766247 -0.615390 5.071092
v -4.899026 -0.679277 5.021134
v -4.175694 -1.708530 4.414825
v -4.042913 -1.644646 4.464783
v -4.042913 -1.644646 4.464783
v -4.175694 -1.708530 4.414825
v -3.897419 -1.894557 4.155388
v -1.875677 -0.544399 -6.449408
v -1.959108 -0.459453 -6.290877
v -2.341585 -1.742636 -5.804608
v -2.258151 -1.827581 -5.963141
v -2.258151 -1.827581 -5.963141
v -2.341585 -1.742636 -5.804608
v -2.556528 -2.134831 -5.831558
v -1.959108 -0.459453 -6.290877
v -2.149607 -0.404784 -6.296448
v -2.532084 -1.687964 -5.810179
v -2.341585 -1.742636 -5.804608
v -2.341585 -1.742636 -5.804608
v -2.532084 -1.687964 -5.810179
v -2.556528 -2.134831 -5.831558
v -2.149607 -0.404784 -6.296448
v -2.256672 -0.435061 -6.460551
v -2.639149 -1.718240 -5.974282
v -2.532084 -1.687964 -5.810179
v -2.532084 -1.687964 -5.810179
v -2.639149 -1.718240 -5.974282
v -2.556528 -2.134831 -5.831558
v -2.256672 -0.435061 -6.460551
v -2.173238 -0.520006 -6.619084
v -2.555715 -1.803186 -6.132815
v -2.639149 -1.718240 -5.974282
v -2.639149 -1.718240 -5.974282
v -2.555715 -1.803186 -6.132815
v -2.556528 -2.134831 -5.831558
v -2.173238 -0.520006 -6.619084
v -1.982744 -0.574676 -6.613513
v -2.365217 -1.857855 -6.127244
v -2.555715 -1.803186 -6.132815
v -2.555715 -1.803186 -6.132815
v -2.365217 -1.857855 -6.127244
v -2.556528 -2.134831 -5.831558
v -1.982744 -0.574676 -6.613513
v -1.875677 -0.544399 -6.449408
v -2.258151 -1.827581 -5.963141
v -2.365217 -1.857855 -6.127244
v -2.365217 -1.857855 -6.127244
v -2.258151 -1.827581 -5.963141
v -2.556528 -2.134831 -5.831558
v -1.856771 -0.499609 -6.881433
v -1.937676 -0.540917 -6.774407
v -2.133468 -1.918595 -7.454161
v -2.052558 -1.877286 -7.561186
v -2.052558 -1.877286 -7.561186
v -2.133468 -1.918595 -7.454161
v -2.246392 -2.244046 -7.757206
v -1.937676 -0.540917 -6.774407
v -2.076285 -0.519098 -6.778704
v -2.272074 -1.896778 -7.458456
v -2.133468 -1.918595 -7.454161
v -2.133468 -1.918595 -7.454161
v -2.272074 -1.896778 -7.458456
v -2.246392 -2.244046 -7.757206
v -2.076285 -0.519098 -6.778704
v -2.133986 -0.455972 -6.890026
v -2.329776 -1.833652 -7.569777
v -2.272074 -1.896778 -7.458456
v -2.272074 -1.896778 -7.458456
v -2.329776 -1.833652 -7.569777
v -2.246392 -2.244046 -7.757206
v -2.133986 -0.455972 -6.890026
v -2.053079 -0.414664 -6.997049
v -2.248871 -1.792342 -7.676803
v -2.329776 -1.833652 -7.569777
v -2.329776 -1.833652 -7.569777
v -2.248871 -1.792342 -7.676803
v -2.246392 -2.244046 -7.757206
v -2.053079 -0.414664 -6.997049
v -1.914472 -0.436483 -6.992754
v -2.110262 -1.814160 -7.672505
v -2.248871 -1.792342 -7.676803
v -2.248871 -1.792342 -7.676803
v -2.110262 -1.814160 -7.672505
v -2.246392 -2.244046 -7.757206
v -1.914472 -0.436483 -6.992754
v -1.856771 -0.499609 -6.881433
v -2.052558 -1.877286 -7.561186
v -2.110262 -1.814160 -7.672505
v -2.110262 -1.814160 -7.672505
v -2.052558 -1.877286 -7.561186
v -2.246392 -2.244046 -7.757206
v -1.794885 -0.535988 -6.877691
v -1.929206 -0.605013 -6.728251
v -2.100817 -1.259580 -7.184831
v -1.966497 -1.190554 -7.334271
v -1.966497 -1.190554 -7.334271
v -2.100817 -1.259580 -7.184831
v -2.219270 -1.317418 -7.469039
v -1.929206 -0.605013 -6.728251
v -2.133574 -0.547253 -6.734241
v -2.305184 -1.201822 -7.190819
v -2.100817 -1.259580 -7.184831
v -2.100817 -1.259580 -7.184831
v -2.305184 -1.201822 -7.190819
v -2.219270 -1.317418 -7.469039
v -2.133574 -0.547253 -6.734241
v -2.203624 -0.420474 -6.889670
v -2.375236 -1.075040 -7.346250
v -2.305184 -1.201822 -7.190819
v -2.305184 -1.201822 -7.190819
v -2.375236 -1.075040 -7.346250
v -2.219270 -1.317418 -7.469039
v -2.203624 -0.420474 -6.889670
v -2.069303 -0.351448 -7.039110
v -2.240915 -1.006015 -7.495689
v -2.375236 -1.075040 -7.346250
v -2.375236 -1.075040 -7.346250
v -2.240915 -1.006015 -7.495689
v -2.219270 -1.317418 -7.469039
v -2.069303 -0.351448 -7.039110
v -1.864934 -0.409208 -7.033123
v -2.036546 -1.063775 -7.489699
v -2.240915 -1.006015 -7.495689
v -2.240915 -1.006015 -7.495689
v -2.036546 -1.063775 -7.489699
v -2.219270 -1.317418 -7.469039
v -1.864934 -0.409208 -7.033123
v -1.794885 -0.535988 -6.877691
v -1.966497 -1.190554 -7.334271
v -2.036546 -1.063775 -7.489699
v -2.036546 -1.063775 -7.489699
v -1.966497 -1.190554 -7.334271
v -2.219270 -1.317418 -7.469039
v -1.940205 -0.519497 -6.731949
v -2.039935 -0.521528 -6.573708
v -2.224871 -1.860265 -6.707434
v -2.125145 -1.858234 -6.865675
v -2.125145 -1.858234 -6.865675
v -2.224871 -1.860265 -6.707434
v -2.362434 -2.209675 -6.909169
v -2.039935 -0.521528 -6.573708
v -2.225062 -0.495376 -6.579485
v -2.410001 -1.834113 -6.713211
v -2.224871 -1.860265 -6.707434
v -2.224871 -1.860265 -6.707434
v -2.410001 -1.834113 -6.713211
v -2.362434 -2.209675 -6.909169
v -2.225062 -0.495376 -6.579485
v -2.310463 -0.467193 -6.743504
v -2.495402 -1.805931 -6.877231
v -2.410001 -1.834113 -6.713211
v -2.410001 -1.834113 -6.713211
v -2.495402 -1.805931 -6.877231
v -2.362434 -2.209675 -6.909169
v -2.310463 -0.467193 -6.743504
v -2.210737 -0.465163 -6.901746
v -2.395675 -1.803900 -7.035470
v -2.495402 -1.805931 -6.877231
v -2.495402 -1.805931 -6.877231
v -2.395675 -1.803900 -7.035470
v -2.362434 -2.209675 -6.909169
v -2.210737 -0.465163 -6.901746
v -2.025609 -0.491314 -6.895967
v -2.210546 -1.830051 -7.029695
v -2.395675 -1.803900 -7.035470
v -2.395675 -1.803900 -7.035470
v -2.210546 -1.830051 -7.029695
v -2.362434 -2.209675 -6.909169
v -2.025609 -0.491314 -6.895967
v -1.940205 -0.519497 -6.731949
v -2.125145 -1.858234 -6.865675
v -2.210546 -1.830051 -7.029695
v -2.210546 -1.830051 -7.029695
v -2.125145 -1.858234 -6.865675
v -2.362434 -2.209675 -6.909169
v -1.882600 -0.506120 -6.486911
v -1.994580 -0.479744 -6.305268
v -2.077534 -1.737233 -6.173809
v -1.965550 -1.763609 -6.355451
v -1.965550 -1.763609 -6.355451
v -2.077534 -1.737233 -6.173809
v -2.203427 -2.104860 -6.325294
v -1.994580 -0.479744 -6.305268
v -2.209059 -0.466320 -6.312190
v -2.292013 -1.723809 -6.180729
v -2.077534 -1.737233 -6.173809
v -2.077534 -1.737233 -6.173809
v -2.292013 -1.723809 -6.180729
v -2.203427 -2.104860 -6.325294
v -2.209059 -0.466320 -6.312190
v -2.311558 -0.479272 -6.500754
v -2.394510 -1.736761 -6.369292
v -2.292013 -1.723809 -6.180729
v -2.292013 -1.723809 -6.180729
v -2.394510 -1.736761 -6.369292
v -2.203427 -2.104860 -6.325294
v -2.311558 -0.479272 -6.500754
v -2.199577 -0.505648 -6.682395
v -2.282527 -1.763137 -6.550935
v -2.394510 -1.736761 -6.369292
v -2.394510 -1.736761 -6.369292
v -2.282527 -1.763137 -6.550935
v -2.203427 -2.104860 -6.325294
v -2.199577 -0.505648 -6.682395
v -1.985098 -0.519072 -6.675474
v -2.068048 -1.776561 -6.544014
v -2.282527 -1.763137 -6.550935
v -2.282527 -1.763137 -6.550935
v -2.068048 -1.776561 -6.544014
v -2.203427 -2.104860 -6.325294
v -1.985098 -0.519072 -6.675474
v -1.882600 -0.506120 -6.486911
v -1.965550 -1.763609 -6.355451
v -2.068048 -1.776561 -6.544014
v -2.068048 -1.776561 -6.544014
v -1.965550 -1.763609 -6.355451
v -2.203427 -2.104860 -6.325294
v -1.660333 -0.425147 -6.899798
v -1.720039 -0.489538 -6.793901
v -1.443305 -1.615525 -7.322540
v -1.383598 -1.551133 -7.428434
v -1.383598 -1.551133 -7.428434
v -1.443305 -1.615525 -7.322540
v -1.439566 -1.899379 -7.582388
v -1.720039 -0.489538 -6.793901
v -1.854059 -0.520199 -6.798753
v -1.577326 -1.646183 -7.327392
v -1.443305 -1.615525 -7.322540
v -1.443305 -1.615525 -7.322540
v -1.577326 -1.646183 -7.327392
v -1.439566 -1.899379 -7.582388
v -1.854059 -0.520199 -6.798753
v -1.928372 -0.486470 -6.909499
v -1.651639 -1.612453 -7.438137
v -1.577326 -1.646183 -7.327392
v -1.577326 -1.646183 -7.327392
v -1.651639 -1.612453 -7.438137
v -1.439566 -1.899379 -7.582388
v -1.928372 -0.486470 -6.909499
v -1.868665 -0.422078 -7.015393
v -1.591932 -1.548062 -7.544031
v -1.651639 -1.612453 -7.438137
v -1.651639 -1.612453 -7.438137
v -1.591932 -1.548062 -7.544031
v -1.439566 -1.899379 -7.582388
v -1.868665 -0.422078 -7.015393
v -1.734646 -0.391417 -7.010543
v -1.457911 -1.517403 -7.539180
v -1.591932 -1.548062 -7.544031
v -1.591932 -1.548062 -7.544031
v -1.457911 -1.517403 -7.539180
v -1.439566 -1.899379 -7.582388
v -1.734646 -0.391417 -7.010543
v -1.660333 -0.425147 -6.899798
v -1.383598 -1.551133 -7.428434
v -1.457911 -1.517403 -7.539180
v -1.457911 -1.517403 -7.539180
v -1.383598 -1.551133 -7.428434
v -1.439566 -1.899379 -7.582388
v -1.958404 -0.520998 -6.484627
v -2.024312 -0.481855 -6.369524
v -2.261827 -1.570519 -6.135307
v -2.195921 -1.609663 -6.250412
v -2.195921 -1.609663 -6.250412
v -2.261827 -1.570519 -6.135307
v -2.398147 -1.888097 -6.188443
v -2.024312 -0.481855 -6.369524
v -2.159548 -0.453231 -6.373614
v -2.397063 -1.541895 -6.139398
v -2.261827 -1.570519 -6.135307
v -2.261827 -1.570519 -6.135307
v -2.397063 -1.541895 -6.139398
v -2.398147 -1.888097 -6.188443
v -2.159548 -0.453231 -6.373614
v -2.228876 -0.463749 -6.492811
v -2.466390 -1.552414 -6.258594
v -2.397063 -1.541895 -6.139398
v -2.397063 -1.541895 -6.139398
v -2.466390 -1.552414 -6.258594
v -2.398147 -1.888097 -6.188443
v -2.228876 -0.463749 -6.492811
v -2.162970 -0.502893 -6.607915
v -2.400485 -1.591555 -6.373698
v -2.466390 -1.552414 -6.258594
v -2.466390 -1.552414 -6.258594
v -2.400485 -1.591555 -6.373698
v -2.398147 -1.888097 -6.188443
v -2.162970 -0.502893 -6.607915
v -2.027732 -0.531517 -6.603823
v -2.265249 -1.620179 -6.369608
v -2.400485 -1.591555 -6.373698
v -2.400485 -1.591555 -6.373698
v -2.265249 -1.620179 -6.369608
v -2.398147 -1.888097 -6.188443
v -2.027732 -0.531517 -6.603823
v -1.958404 -0.520998 -6.484627
v -2.195921 -1.609663 -6.250412
v -2.265249 -1.620179 -6.369608
v -2.265249 -1.620179 -6.369608
v -2.195921 -1.609663 -6.250412
v -2.398147 -1.888097 -6.188443
v -1.824434 -0.523642 -6.414858
v -1.917866 -0.436218 -6.253402
v -2.079348 -1.243735 -5.909604
v -1.985915 -1.331158 -6.071060
v -1.985915 -1.331158 -6.071060
v -2.079348 -1.243735 -5.909604
v -2.233874 -1.521077 -5.980285
v -1.917866 -0.436218 -6.253402
v -2.120279 -0.398379 -6.259594
v -2.281761 -1.205892 -5.915796
v -2.079348 -1.243735 -5.909604
v -2.079348 -1.243735 -5.909604
v -2.281761 -1.205892 -5.915796
v -2.233874 -1.521077 -5.980285
v -2.120279 -0.398379 -6.259594
v -2.229260 -0.447962 -6.427244
v -2.390740 -1.255476 -6.083445
v -2.281761 -1.205892 -5.915796
v -2.281761 -1.205892 -5.915796
v -2.390740 -1.255476 -6.083445
v -2.233874 -1.521077 -5.980285
v -2.229260 -0.447962 -6.427244
v -2.135827 -0.535386 -6.588701
v -2.297307 -1.342902 -6.244901
v -2.390740 -1.255476 -6.083445
v -2.390740 -1.255476 -6.083445
v -2.297307 -1.342902 -6.244901
v -2.233874 -1.521077 -5.980285
v -2.135827 -0.535386 -6.588701
v -1.933413 -0.573225 -6.582507
v -2.094894 -1.380742 -6.238709
v -2.297307 -1.342902 -6.244901
v -2.297307 -1.342902 -6.244901
v -2.094894 -1.380742 -6.238709
v -2.233874 -1.521077 -5.980285
v -1.933413 -0.573225 -6.582507
v -1.824434 -0.523642 -6.414858
v -1.985915 -1.331158 -6.071060
v -2.094894 -1.380742 -6.238709
v -2.094894 -1.380742 -6.238709
v -1.985915 -1.331158 -6.071060
v -2.233874 -1.521077 -5.980285
v -1.601048 -0.390970 -6.890133
v -1.660326 -0.506228 -6.763123
v -1.236868 -1.580627 -7.540487
v -1.177588 -1.465366 -7.667495
v -1.177588 -1.465366 -7.667495
v -1.236868 -1.580627 -7.540487
v -1.228420 -1.830822 -7.893232
v -1.660326 -0.506228 -6.763123
v -1.830597 -0.568651 -6.769603
v -1.407139 -1.643047 -7.546968
v -1.236868 -1.580627 -7.540487
v -1.236868 -1.580627 -7.540487
v -1.407139 -1.643047 -7.546968
v -1.228420 -1.830822 -7.893232
v -1.830597 -0.568651 -6.769603
v -1.941587 -0.515810 -6.903092
v -1.518128 -1.590209 -7.680458
v -1.407139 -1.643047 -7.546968
v -1.407139 -1.643047 -7.546968
v -1.518128 -1.590209 -7.680458
v -1.228420 -1.830822 -7.893232
v -1.941587 -0.515810 -6.903092
v -1.882309 -0.400552 -7.030102
v -1.458848 -1.474947 -7.807467
v -1.518128 -1.590209 -7.680458
v -1.518128 -1.590209 -7.680458
v -1.458848 -1.474947 -7.807467
v -1.228420 -1.830822 -7.893232
v -1.882309 -0.400552 -7.030102
v -1.712038 -0.338129 -7.023622
v -1.288579 -1.412528 -7.800984
v -1.458848 -1.474947 -7.807467
v -1.458848 -1.474947 -7.807467
v -1.288579 -1.412528 -7.800984
v -1.228420 -1.830822 -7.893232
v -1.712038 -0.338129 -7.023622
v -1.601048 -0.390970 -6.890133
v -1.177588 -1.465366 -7.667495
v -1.288579 -1.412528 -7.800984
v -1.288579 -1.412528 -7.800984
v -1.177588 -1.465366 -7.667495
v -1.228420 -1.830822 -7.893232
v -1.898365 -0.509811 -6.845376
v -1.983796 -0.535649 -6.722350
v -2.121659 -1.379151 -6.995232
v -2.036227 -1.353313 -7.118261
v -2.036227 -1.353313 -7.118261
v -2.121659 -1.379151 -6.995232
v -2.224802 -1.565266 -7.199836
v -1.983796 -0.535649 -6.722350
v -2.133489 -0.509693 -6.726956
v -2.271350 -1.353195 -6.999841
v -2.121659 -1.379151 -6.995232
v -2.121659 -1.379151 -6.995232
v -2.271350 -1.353195 -6.999841
v -2.224802 -1.565266 -7.199836
v -2.133489 -0.509693 -6.726956
v -2.197747 -0.457900 -6.854590
v -2.335609 -1.301399 -7.127474
v -2.271350 -1.353195 -6.999841
v -2.271350 -1.353195 -6.999841
v -2.335609 -1.301399 -7.127474
v -2.224802 -1.565266 -7.199836
v -2.197747 -0.457900 -6.854590
v -2.112314 -0.432062 -6.977619
v -2.250176 -1.275561 -7.250504
v -2.335609 -1.301399 -7.127474
v -2.335609 -1.301399 -7.127474
v -2.250176 -1.275561 -7.250504
v -2.224802 -1.565266 -7.199836
v -2.112314 -0.432062 -6.977619
v -1.962621 -0.458017 -6.973012
v -2.100483 -1.301516 -7.245897
v -2.250176 -1.275561 -7.250504
v -2.250176 -1.275561 -7.250504
v -2.100483 -1.301516 -7.245897
v -2.224802 -1.565266 -7.199836
v -1.962621 -0.458017 -6.973012
v -1.898365 -0.509811 -6.845376
v -2.036227 -1.353313 -7.118261
v -2.100483 -1.301516 -7.245897
v -2.100483 -1.301516 -7.245897
v -2.036227 -1.353313 -7.118261
v -2.224802 -1.565266 -7.199836
v -1.889743 -0.558918 -6.461847
v -1.966765 -0.466468 -6.302791
v -2.463149 -1.790745 -5.773432
v -2.386127 -1.883195 -5.932488
v -2.386127 -1.883195 -5.932488
v -2.463149 -1.790745 -5.773432
v -2.713509 -2.188588 -5.788469
v -1.966765 -0.466468 -6.302791
v -2.154142 -0.398346 -6.308076
v -2.650524 -1.722626 -5.778720
v -2.463149 -1.790745 -5.773432
v -2.463149 -1.790745 -5.773432
v -2.650524 -1.722626 -5.778720
v -2.713509 -2.188588 -5.788469
v -2.154142 -0.398346 -6.308076
v -2.264495 -0.422674 -6.472419
v -2.760879 -1.746954 -5.943060
v -2.650524 -1.722626 -5.778720
v -2.650524 -1.722626 -5.778720
v -2.760879 -1.746954 -5.943060
v -2.713509 -2.188588 -5.788469
v -2.264495 -0.422674 -6.472419
v -2.187473 -0.515125 -6.631475
v -2.683857 -1.839404 -6.102117
v -2.760879 -1.746954 -5.943060
v -2.760879 -1.746954 -5.943060
v -2.683857 -1.839404 -6.102117
v -2.713509 -2.188588 -5.788469
v -2.187473 -0.515125 -6.631475
v -2.000099 -0.583247 -6.626189
v -2.496480 -1.907523 -6.096830
v -2.683857 -1.839404 -6.102117
v -2.683857 -1.839404 -6.102117
v -2.496480 -1.907523 -6.096830
v -2.713509 -2.188588 -5.788469
v -2.000099 -0.583247 -6.626189
v -1.889743 -0.558918 -6.461847
v -2.386127 -1.883195 -5.932488
v -2.496480 -1.907523 -6.096830
v -2.496480 -1.907523 -6.096830
v -2.386127 -1.883195 -5.932488
v -2.713509 -2.188588 -5.788469
v 6.690357 0.033783 1.709109
v 7.620808 -0.246024 1.754999
v 7.076174 -0.209156 0.684735
v 5.970870 -0.235868 1.135480
v 5.916029 -0.229239 2.216605
v 6.941618 -0.228197 2.640651
v 7.577385 -0.699511 1.125871
v 6.440619 -0.656344 0.822795
v 5.752254 -0.647653 1.667913
v 6.353190 -0.649436 2.584806
v 7.496725 -0.686775 2.365151
v 6.680524 -0.943837 1.713786
v 6.890285 -0.038996 1.179439
v 7.237746 -0.052830 1.735697
v 7.420084 -0.213196 1.229958
v 7.393796 -0.199828 2.276334
v 6.837772 -0.036353 2.252168
v 6.208524 0.005383 1.323000
v 6.438717 -0.185448 0.796200
v 6.242627 -0.052065 2.002673
v 5.880499 -0.214346 1.671758
v 6.348382 -0.172367 2.607931
v 7.648334 -0.454995 2.075922
v 7.160185 -0.448368 2.434962
v 7.514695 -0.460340 0.677645
v 7.860451 -0.460406 1.390753
v 6.177480 -0.445650 0.936979
v 6.730525 -0.452018 0.768549
v 5.539057 -0.434027 2.024297
v 5.720901 -0.439100 1.346212
v 6.623724 -0.440240 3.006088
v 6.093307 -0.437566 2.449746
v 7.726131 -0.747865 1.762666
v 7.037555 -0.733880 0.775281
v 5.967847 -0.697560 1.138989
v 5.871805 -0.706112 2.244739
v 6.940544 -0.717371 2.657096
v 7.113418 -0.828672 1.430008
v 7.145470 -0.883321 2.085938
v 6.559686 -0.786499 1.264475
v 6.125749 -0.846667 1.686791
v 6.463447 -0.889607 2.288346
v 6.848079 -0.614525 2.385981
v 6.550591 -0.672937 2.265529
v 6.608647 -1.346900 2.448985
v 6.906136 -1.288488 2.569435
v 6.906136 -1.288488 2.569435
v 6.608647 -1.346900 2.448985
v 6.887310 -1.566580 2.309031
v 6.550591 -0.672937 2.265529
v 6.515394 -0.760936 1.953380
v 6.573449 -1.434901 2.136837
v 6.608647 -1.346900 2.448985
v 6.608647 -1.346900 2.448985
v 6.573449 -1.434901 2.136837
v 6.887310 -1.566580 2.309031
v 6.515394 -0.760936 1.953380
v 6.777683 -0.790523 1.761683
v 6.835740 -1.464489 1.945138
v 6.573449 -1.434901 2.136837
v 6.573449 -1.434901 2.136837
v 6.835740 -1.464489 1.945138
v 6.887310 -1.566580 2.309031
v 6.777683 -0.790523 1.761683
v 7.075172 -0.732112 1.882133
v 7.133227 -1.406075 2.065589
v 6.835740 -1.464489 1.945138
v 6.835740 -1.464489 1.945138
v 7.133227 -1.406075 2.065589
v 6.887310 -1.566580 2.309031
v 7.075172 -0.732112 1.882133
v 7.110371 -0.644112 2.194282
v 7.168426 -1.318076 2.377738
v 7.133227 -1.406075 2.065589
v 7.133227 -1.406075 2.065589
v 7.168426 -1.318076 2.377738
v 6.887310 -1.566580 2.309031
v 7.110371 -0.644112 2.194282
v 6.848079 -0.614525 2.385981
v 6.906136 -1.288488 2.569435
v 7.168426 -1.318076 2.377738
v 7.168426 -1.318076 2.377738
v 6.906136 -1.288488 2.569435
v 6.887310 -1.566580 2.309031
v 6.608453 -0.775641 1.662193
v 6.310029 -0.725561 1.536728
v 6.237878 -1.675760 1.329073
v 6.536303 -1.725839 1.454538
v 6.536303 -1.725839 1.454538
v 6.237878 -1.675760 1.329073
v 6.481834 -1.921815 1.078237
v 6.310029 -0.725561 1.536728
v 6.275913 -0.653534 1.218995
v 6.203761 -1.603733 1.011341
v 6.237878 -1.675760 1.329073
v 6.237878 -1.675760 1.329073
v 6.203761 -1.603733 1.011341
v 6.481834 -1.921815 1.078237
v 6.275913 -0.653534 1.218995
v 6.540220 -0.631587 1.026728
v 6.468066 -1.581783 0.819073
v 6.203761 -1.603733 1.011341
v 6.203761 -1.603733 1.011341
v 6.468066 -1.581783 0.819073
v 6.481834 -1.921815 1.078237
v 6.540220 -0.631587 1.026728
v 6.838641 -0.681666 1.152194
v 6.766490 -1.631862 0.944538
v 6.468066 -1.581783 0.819073
v 6.468066 -1.581783 0.819073
v 6.766490 -1.631862 0.944538
v 6.481834 -1.921815 1.078237
v 6.838641 -0.681666 1.152194
v 6.872760 -0.753693 1.469926
v 6.800608 -1.703892 1.262269
v 6.766490 -1.631862 0.944538
v 6.766490 -1.631862 0.944538
v 6.800608 -1.703892 1.262269
v 6.481834 -1.921815 1.078237
v 6.872760 -0.753693 1.469926
v 6.608453 -0.775641 1.662193
v 6.536303 -1.725839 1.454538
v 6.800608 -1.703892 1.262269
v 6.800608 -1.703892 1.262269
v 6.536303 -1.725839 1.454538
v 6.481834 -1.921815 1.078237
v 7.111533 -0.696246 2.102122
v 6.763131 -0.850477 1.935115
v 7.190672 -1.791621 1.912350
v 7.539074 -1.637388 2.079357
v 7.539074 -1.637388 2.079357
v 7.190672 -1.791621 1.912350
v 7.614171 -1.913507 1.659557
v 6.763131 -0.850477 1.935115
v 6.717638 -0.861144 1.521737
v 7.145180 -1.802288 1.498973
v 7.190672 -1.791621 1.912350
v 7.190672 -1.791621 1.912350
v 7.145180 -1.802288 1.498973
v 7.614171 -1.913507 1.659557
v 6.717638 -0.861144 1.521737
v 7.020549 -0.717579 1.275370
v 7.448090 -1.658721 1.252602
v 7.145180 -1.802288 1.498973
v 7.145180 -1.802288 1.498973
v 7.448090 -1.658721 1.252602
v 7.614171 -1.913507 1.659557
v 7.020549 -0.717579 1.275370
v 7.368951 -0.563348 1.442378
v 7.796494 -1.504490 1.419611
v 7.448090 -1.658721 1.252602
v 7.448090 -1.658721 1.252602
v 7.796494 -1.504490 1.419611
v 7.614171 -1.913507 1.659557
v 7.368951 -0.563348 1.442378
v 7.414445 -0.552681 1.855753
v 7.841984 -1.493823 1.832987
v 7.796494 -1.504490 1.419611
v 7.796494 -1.504490 1.419611
v 7.841984 -1.493823 1.832987
v 7.614171 -1.913507 1.659557
v 7.414445 -0.552681 1.855753
v 7.111533 -0.696246 2.102122
v 7.539074 -1.637388 2.079357
v 7.841984 -1.493823 1.832987
v 7.841984 -1.493823 1.832987
v 7.539074 -1.637388 2.079357
v 7.614171 -1.913507 1.659557
v 6.631624 -0.574845 2.405340
v 6.317982 -0.599295 2.264457
v 6.200709 -1.727094 2.721273
v 6.514349 -1.702644 2.862154
v 6.514349 -1.702644 2.862154
v 6.200709 -1.727094 2.721273
v 6.444924 -2.146173 2.671997
v 6.317982 -0.599295 2.264457
v 6.281635 -0.724726 1.945454
v 6.164362 -1.852525 2.402270
v 6.200709 -1.727094 2.721273
v 6.200709 -1.727094 2.721273
v 6.164362 -1.852525 2.402270
v 6.444924 -2.146173 2.671997
v 6.281635 -0.724726 1.945454
v 6.558929 -0.825706 1.767336
v 6.441656 -1.953509 2.224152
v 6.164362 -1.852525 2.402270
v 6.164362 -1.852525 2.402270
v 6.441656 -1.953509 2.224152
v 6.444924 -2.146173 2.671997
v 6.558929 -0.825706 1.767336
v 6.872572 -0.801257 1.908217
v 6.755296 -1.929059 2.365033
v 6.441656 -1.953509 2.224152
v 6.441656 -1.953509 2.224152
v 6.755296 -1.929059 2.365033
v 6.444924 -2.146173 2.671997
v 6.872572 -0.801257 1.908217
v 6.908919 -0.675826 2.227220
v 6.791644 -1.803625 2.684034
v 6.755296 -1.929059 2.365033
v 6.755296 -1.929059 2.365033
v 6.791644 -1.803625 2.684034
v 6.444924 -2.146173 2.671997
v 6.908919 -0.675826 2.227220
v 6.631624 -0.574845 2.405340
v 6.514349 -1.702644 2.862154
v 6.791644 -1.803625 2.684034
v 6.791644 -1.803625 2.684034
v 6.514349 -1.702644 2.862154
v 6.444924 -2.146173 2.671997
v 6.727193 -0.569940 2.462137
v 6.370002 -0.621112 2.312341
v 6.364370 -1.365556 2.580084
v 6.721563 -1.314384 2.729881
v 6.721563 -1.314384 2.729881
v 6.364370 -1.365556 2.580084
v 6.678447 -1.655551 2.439738
v 6.370002 -0.621112 2.312341
v 6.328471 -0.752308 1.946684
v 6.322842 -1.496753 2.214426
v 6.364370 -1.365556 2.580084
v 6.364370 -1.365556 2.580084
v 6.322842 -1.496753 2.214426
v 6.678447 -1.655551 2.439738
v 6.328471 -0.752308 1.946684
v 6.644135 -0.832333 1.730821
v 6.638505 -1.576777 1.998562
v 6.322842 -1.496753 2.214426
v 6.322842 -1.496753 2.214426
v 6.638505 -1.576777 1.998562
v 6.678447 -1.655551 2.439738
v 6.644135 -0.832333 1.730821
v 7.001327 -0.781161 1.880616
v 6.995696 -1.525602 2.148357
v 6.638505 -1.576777 1.998562
v 6.638505 -1.576777 1.998562
v 6.995696 -1.525602 2.148357
v 6.678447 -1.655551 2.439738
v 7.001327 -0.781161 1.880616
v 7.042858 -0.649964 2.246274
v 7.037226 -1.394406 2.514016
v 6.995696 -1.525602 2.148357
v 6.995696 -1.525602 2.148357
v 7.037226 -1.394406 2.514016
v 6.678447 -1.655551 2.439738
v 7.042858 -0.649964 2.246274
v 6.727193 -0.569940 2.462137
v 6.721563 -1.314384 2.729881
v 7.037226 -1.394406 2.514016
v 7.037226 -1.394406 2.514016
v 6.721563 -1.314384 2.729881
v 6.678447 -1.655551 2.439738
v 6.463969 -0.687636 2.455854
v 6.030063 -0.678699 2.264787
v 5.999463 -1.613765 2.290545
v 6.433369 -1.622702 2.481613
v 6.433369 -1.622702 2.481613
v 5.999463 -1.613765 2.290545
v 6.372890 -1.897725 2.017661
v 6.030063 -0.678699 2.264787
v 5.978214 -0.689983 1.793569
v 5.947615 -1.625051 1.819327
v 5.999463 -1.613765 2.290545
v 5.999463 -1.613765 2.290545
v 5.947615 -1.625051 1.819327
v 6.372890 -1.897725 2.017661
v 5.978214 -0.689983 1.793569
v 6.360272 -0.710204 1.513418
v 6.329672 -1.645272 1.539176
v 5.947615 -1.625051 1.819327
v 5.947615 -1.625051 1.819327
v 6.329672 -1.645272 1.539176
v 6.372890 -1.897725 2.017661
v 6.360272 -0.710204 1.513418
v 6.794180 -0.719141 1.704486
v 6.763580 -1.654207 1.730245
v 6.329672 -1.645272 1.539176
v 6.329672 -1.645272 1.539176
v 6.763580 -1.654207 1.730245
v 6.372890 -1.897725 2.017661
v 6.794180 -0.719141 1.704486
v 6.846029 -0.707857 2.175705
v 6.815429 -1.642923 2.201463
v 6.763580 -1.654207 1.730245
v 6.763580 -1.654207 1.730245
v 6.815429 -1.642923 2.201463
v 6.372890 -1.897725 2.017661
v 6.846029 -0.707857 2.175705
v 6.463969 -0.687636 2.455854
v 6.433369 -1.622702 2.481613
v 6.815429 -1.642923 2.201463
v 6.815429 -1.642923 2.201463
v 6.433369 -1.622702 2.481613
v 6.372890 -1.897725 2.017661
v 6.499277 -0.742539 1.719074
v 6.202007 -0.700170 1.591210
v 6.134332 -1.427463 1.507559
v 6.431602 -1.469831 1.635423
v 6.431602 -1.469831 1.635423
v 6.134332 -1.427463 1.507559
v 6.377593 -1.634683 1.289848
v 6.202007 -0.700170 1.591210
v 6.167088 -0.659887 1.269231
v 6.099410 -1.387180 1.185578
v 6.134332 -1.427463 1.507559
v 6.134332 -1.427463 1.507559
v 6.099410 -1.387180 1.185578
v 6.377593 -1.634683 1.289848
v 6.167088 -0.659887 1.269231
v 6.429437 -0.661973 1.075112
v 6.361762 -1.389265 0.991461
v 6.099410 -1.387180 1.185578
v 6.099410 -1.387180 1.185578
v 6.361762 -1.389265 0.991461
v 6.377593 -1.634683 1.289848
v 6.429437 -0.661973 1.075112
v 6.726708 -0.704341 1.202974
v 6.659031 -1.431634 1.119325
v 6.361762 -1.389265 0.991461
v 6.361762 -1.389265 0.991461
v 6.659031 -1.431634 1.119325
v 6.377593 -1.634683 1.289848
v 6.726708 -0.704341 1.202974
v 6.761628 -0.744625 1.524957
v 6.693951 -1.471917 1.441304
v 6.659031 -1.431634 1.119325
v 6.659031 -1.431634 1.119325
v 6.693951 -1.471917 1.441304
v 6.377593 -1.634683 1.289848
v 6.761628 -0.744625 1.524957
v 6.499277 -0.742539 1.719074
v 6.431602 -1.469831 1.635423
v 6.693951 -1.471917 1.441304
v 6.693951 -1.471917 1.441304
v 6.431602 -1.469831 1.635423
v 6.377593 -1.634683 1.289848
v 7.041105 -0.563997 2.326099
v 6.684680 -0.751458 2.210048
v 7.105167 -1.741911 2.518530
v 7.461589 -1.554448 2.634584
v 7.461589 -1.554448 2.634584
v 7.105167 -1.741911 2.518530
v 7.535647 -1.974849 2.329455
v 6.684680 -0.751458 2.210048
v 6.640140 -0.892501 1.817911
v 7.060627 -1.882952 2.126394
v 7.105167 -1.741911 2.518530
v 7.105167 -1.741911 2.518530
v 7.060627 -1.882952 2.126394
v 7.535647 -1.974849 2.329455
v 6.640140 -0.892501 1.817911
v 6.952026 -0.846084 1.541828
v 7.372509 -1.836535 1.850311
v 7.060627 -1.882952 2.126394
v 7.060627 -1.882952 2.126394
v 7.372509 -1.836535 1.850311
v 7.535647 -1.974849 2.329455
v 6.952026 -0.846084 1.541828
v 7.308449 -0.658624 1.657881
v 7.728931 -1.649074 1.966365
v 7.372509 -1.836535 1.850311
v 7.372509 -1.836535 1.850311
v 7.728931 -1.649074 1.966365
v 7.535647 -1.974849 2.329455
v 7.308449 -0.658624 1.657881
v 7.352987 -0.517580 2.050016
v 7.773472 -1.508031 2.358501
v 7.728931 -1.649074 1.966365
v 7.728931 -1.649074 1.966365
v 7.773472 -1.508031 2.358501
v 7.535647 -1.974849 2.329455
v 7.352987 -0.517580 2.050016
v 7.041105 -0.563997 2.326099
v 7.461589 -1.554448 2.634584
v 7.773472 -1.508031 2.358501
v 7.773472 -1.508031 2.358501
v 7.461589 -1.554448 2.634584
v 7.535647 -1.974849 2.329455
vn 0.8122 0.3740 0.4477
vn -0.6151 -0.7117 -0.3393
vn 0.8240 0.1875 -0.5347
vn -0.6258 -0.5406 0.5622
vn 0.0117 -0.1865 -0.9824
vn 0.1195 -0.1974 0.9730
vn -0.8122 -0.3740 -0.4477
vn 0.8756 -0.0253 0.4823
vn -0.8240 -0.1875 0.5347
vn 0.8864 -0.1964 -0.4192
vn -0.0117 0.1865 0.9824
vn 0.1411 -0.5397 -0.8300
vn 0.8927 -0.1360 0.4296
vn 0.8681 0.2866 0.4054
vn 0.8189 -0.0911 -0.5666
vn -0.8009 -0.3275 0.5013
vn 0.0738 -0.0450 0.9963
vn -0.0116 0.4513 -0.8923
vn -0.8927 0.1360 -0.4296
vn -0.7569 0.5341 -0.3766
vn -0.8189 0.0911 0.5666
vn -0.8189 0.0911 0.5667
vn -0.6897 0.4932 0.5301
vn 0.1228 0.3695 0.9211
vn 0.8766 0.0778 0.4750
vn 0.8766 0.0778 0.4749
vn -0.7598 -0.5541 -0.3402
vn -0.8550 0.0715 0.5136
vn -0.7411 -0.4241 0.5205
vn 0.0215 0.1493 0.9886
vn 0.0221 -0.3564 0.9341
vn -0.8766 -0.0778 -0.4750
vn -0.7666 0.4187 -0.4869
vn 0.8550 -0.0715 -0.5136
vn 0.7478 -0.5486 -0.3738
vn -0.0215 -0.1493 -0.9886
vn 0.0153 0.6164 0.7873
vn -0.6393 -0.7082 -0.2996
vn -0.3276 -0.9437 -0.0469
vn -0.7973 -0.2236 0.5607
vn -0.4684 -0.5115 0.7204
vn 0.1580 -0.4846 -0.8604
vn 0.1016 0.1200 0.9876
vn 0.6393 0.7082 0.2996
vn -0.8126 -0.3194 -0.4875
vn 0.9534 -0.1128 -0.2797
vn -0.1580 0.4846 0.8604
vn 0.3834 -0.7443 -0.5469
vn -0.8438 -0.1547 -0.5138
vn 0.7945 0.5271 0.3017
vn -0.8828 0.2384 0.4048
vn 0.8298 0.1705 -0.5315
vn -0.0389 0.3932 0.9186
vn 0.0644 0.0302 -0.9975
vn 0.8438 0.1547 0.5138
vn -0.7362 0.2464 -0.6303
vn -0.7715 0.6030 0.2029
vn -0.0062 0.7433 0.6689
vn -0.8766 -0.0778 -0.4749
vn -0.6384 0.0040 -0.7697
vn 0.6993 -0.3722 0.6103
vn -0.9382 -0.3220 0.1268
vn 0.9744 -0.0731 -0.2124
vn -0.2998 -0.3260 0.8966
vn 0.3886 -0.0693 -0.9188
vn 0.6384 -0.0040 0.7697
vn -0.4723 -0.3648 -0.8024
vn 0.9382 0.3220 -0.1268
vn -0.7475 -0.6639 0.0204
vn 0.2998 0.3260 -0.8966
vn -0.1617 -0.6677 0.7267
vn 0.6198 0.0547 0.7829
vn 0.6945 -0.2836 0.6612
vn 0.9293 0.3487 -0.1214
vn 0.9832 -0.0094 -0.1821
vn 0.3096 0.2940 -0.9043
vn 0.3095 0.2940 -0.9043
vn -0.4052 0.0604 0.9122
vn -0.6198 -0.0547 -0.7829
vn -0.4615 -0.3856 -0.7990
vn -0.7502 -0.6598 0.0443
vn 0.1722 0.6088 -0.7744
vn -0.4819 -0.4440 -0.7554
vn -0.5854 -0.1285 -0.8005
vn 0.9182 0.3700 -0.1414
vn 0.9972 0.0587 -0.0459
vn -0.4363 0.0740 0.8968
vn -0.5424 0.3604 0.7589
vn -0.3243 -0.7096 -0.6255
vn -0.7361 -0.6398 0.2209
vn -0.2812 -0.2207 0.9339
vn 0.7096 -0.3353 0.6198
vn -0.6571 0.6017 -0.4540
vn 0.9633 0.0671 -0.2599
vn -0.8980 0.2197 0.3811
vn -0.2537 -0.4023 0.8796
vn -0.2244 -0.0986 0.9695
vn -0.6902 0.0349 -0.7228
vn -0.9311 -0.3471 0.1123
vn 0.2537 0.4023 -0.8796
vn 0.2574 0.6654 -0.7007
vn -0.6583 0.1306 -0.7413
vn 0.5687 -0.6350 0.5228
vn -0.9807 -0.0601 0.1858
vn -0.8412 0.4738 0.2606
vn -0.3224 -0.1907 0.9272
vn -0.3225 -0.1907 0.9272
vn -0.2850 0.3634 0.8870
vn 0.5437 0.4142 0.7299
vn 0.9807 0.0601 -0.1858
vn 0.8161 0.5754 -0.0535
vn -0.2599 -0.6858 0.6798
vn -0.5010 -0.3937 -0.7707
vn 0.5666 0.0743 0.8206
vn -0.9580 -0.2650 0.1093
vn 0.9988 -0.0474 -0.0116
vn 0.4570 -0.1287 -0.8801
vn 0.5251 -0.4196 -0.7404
vn 0.5010 0.3937 0.7707
vn -0.3808 -0.6702 -0.6370
vn -0.8130 -0.5485 0.1952
vn -0.4570 0.1287 0.8801
vn 0.3393 0.1763 -0.9240
vn -0.5457 -0.2690 -0.7936
vn 0.6812 -0.2476 0.6890
vn 0.9043 0.4068 -0.1296
vn -0.9867 0.1302 0.0976
vn -0.3586 -0.1378 0.9233
vn -0.5218 0.3593 0.7737
vn 0.2486 0.7059 0.6633
vn -0.9043 -0.4068 0.1296
vn -0.5541 -0.8233 0.1233
vn 0.3586 0.1378 -0.9233
vn 0.0892 0.5941 -0.7994
vn -0.7443 0.4088 -0.5281
vn -0.7400 0.6148 -0.2727
vn -0.9425 -0.2981 0.1508
vn 0.9276 0.0541 -0.3696
vn -0.1982 -0.7070 0.6789
vn 0.2234 0.4409 -0.8693
vn 0.6684 -0.1588 0.7266
vn 0.9425 0.2981 -0.1508
vn 0.8560 0.5101 0.0843
vn 0.1518 0.8969 -0.4154
vn -0.5616 -0.3425 -0.7532
vn 0.6469 -0.0542 0.7606
vn -0.9375 -0.3022 0.1726
vn 0.9919 -0.0911 -0.0890
vn -0.3759 0.0402 0.9258
vn 0.4765 -0.4054 -0.7801
vn 0.5616 0.3425 0.7532
vn -0.3838 -0.6827 -0.6217
vn 0.9375 0.3022 -0.1726
vn -0.7287 -0.6458 0.2278
vn 0.3759 -0.0402 -0.9258
vn -0.2133 -0.3315 0.9190
vn -0.6633 -0.0129 -0.7483
vn 0.7493 -0.3326 0.5727
vn 0.9020 0.4089 -0.1384
vn -0.9692 -0.0322 0.2441
vn 0.2388 0.3960 -0.8867
vn 0.2387 0.3960 -0.8867
vn -0.3582 -0.0203 0.9334
vn 0.6633 0.0129 0.7483
vn -0.4727 -0.3564 -0.8059
vn -0.6927 -0.7212 0.0109
vn 0.0817 0.7093 -0.7002
vn -0.3667 -0.7408 -0.5628
vn 0.6691 0.2432 0.7023
vn 0.7645 0.5509 -0.3348
vn -0.9956 -0.0873 0.0344
vn 0.3978 -0.1899 -0.8976
vn -0.6946 0.5207 0.4964
vn 0.3667 0.7408 0.5628
vn 0.0672 -0.9728 -0.2216
vn -0.2593 -0.8170 0.5151
vn 0.0416 -0.2090 0.9770
vn 0.5668 0.0060 0.8238
vn 0.2131 -0.5968 0.7736
vn -0.9383 0.3439 0.0361
vn -0.4934 0.8608 -0.1248
vn 0.3715 -0.3499 -0.8599
vn -0.0658 0.8653 0.4968
vn -0.5668 -0.0060 -0.8238
vn -0.6422 -0.6059 -0.4696
vn 0.9383 -0.3439 -0.0361
vn 0.9225 0.3418 -0.1792
vn -0.3715 0.3499 0.8599
vn 0.4949 0.3373 -0.8008
vn -0.4923 -0.4367 -0.7530
vn -0.4295 -0.0163 -0.9029
vn -0.9995 0.0204 -0.0224
vn 0.8853 -0.3944 0.2466
vn -0.5073 0.4571 0.7306
vn -0.4430 0.7867 0.4299
vn 0.4923 0.4367 0.7530
vn -0.4550 -0.7684 -0.4501
vn -0.9108 -0.3577 0.2063
vn -0.4685 0.0347 0.8828
vn -0.5994 -0.1598 -0.7843
vn -0.5994 -0.1599 -0.7843
vn 0.7585 -0.1471 0.6349
vn -0.8074 -0.5818 0.0981
vn 0.9517 0.2449 -0.1850
vn 0.2080 0.4219 -0.8824
vn 0.3949 0.0964 -0.9137
vn -0.3553 -0.4441 -0.8225
vn 0.8074 0.5818 -0.0981
vn 0.5485 0.8361 0.0027
vn 0.0083 -0.6876 0.7260
vn 0.7593 -0.0175 0.6505
vn 0.7309 -0.4047 0.5496
vn -0.9386 -0.1193 0.3237
vn 0.8957 -0.2789 -0.3463
vn -0.1793 -0.1368 0.9742
vn 0.1975 -0.2628 -0.9444
vn 0.6656 0.3725 0.6467
vn 0.9386 0.1193 -0.3237
vn -0.8304 -0.4983 0.2491
vn -0.1322 -0.5144 0.8473
vn -0.6796 0.2903 -0.6737
vn 0.4989 -0.4871 0.7169
vn 0.7276 -0.6330 -0.2645
vn 0.5451 -0.8172 -0.1870
vn 0.0480 -0.3427 -0.9382
vn -0.1095 -0.5376 -0.8361
vn -0.6796 0.2903 -0.6738
vn 0.8105 -0.0722 0.5813
vn 0.8568 -0.4024 -0.3226
vn -0.0480 0.3427 0.9382
vn -0.2021 0.1228 0.9716
vn -0.6008 0.4388 -0.6682
vn 0.0265 -0.7661 0.6422
vn 0.6197 -0.7300 -0.2882
vn -0.0412 0.9936 0.1050
vn -0.0189 0.2912 0.9565
vn 0.4281 0.6508 0.6270
vn -0.9121 -0.0805 -0.4019
vn -0.6197 0.7300 0.2882
vn 0.9269 -0.1470 -0.3453
vn -0.4576 -0.1958 0.8673
vn -0.7611 0.1226 -0.6369
vn -0.5897 0.4810 -0.6488
vn 0.8848 -0.3241 -0.3347
vn 0.7036 -0.6666 -0.2461
vn 0.1237 -0.2015 -0.9716
vn 0.0026 -0.5537 -0.8327
vn 0.7611 -0.1226 0.6369
vn -0.8123 -0.2551 -0.5244
vn -0.8848 0.3241 0.3347
vn -0.8848 0.3241 0.3348
vn 0.9262 0.0695 -0.3705
vn -0.1237 0.2015 0.9716
vn -0.2252 -0.1824 0.9571
vn -0.7924 -0.0392 -0.6088
vn -0.6680 0.4199 -0.6143
vn -0.9205 0.1305 0.3684
vn 0.7816 -0.5705 -0.2522
vn -0.1281 0.1697 0.9771
vn -0.0789 0.6053 0.7921
vn 0.7924 0.0392 0.6088
vn 0.7374 0.4895 0.4654
vn -0.8510 -0.3390 0.4011
vn -0.1281 0.1698 0.9771
vn 0.1483 0.3042 -0.9410
vn 0.7625 0.0416 0.6456
vn 0.5876 -0.1835 0.7881
vn 0.7976 -0.5891 -0.1296
vn 0.6208 -0.7822 0.0522
vn 0.0351 -0.6307 -0.7752
vn -0.1030 -0.8217 -0.5606
vn -0.7625 -0.0416 -0.6456
vn -0.8600 -0.2624 -0.4376
vn -0.7976 0.5891 0.1296
vn -0.8933 0.3362 0.2983
vn -0.0351 0.6307 0.7752
vn -0.0350 0.6307 0.7752
vn 0.1695 -0.3757 -0.9111
vn 0.7731 -0.0289 0.6337
vn -0.7145 0.3763 -0.5898
vn -0.9353 0.0222 0.3530
vn -0.8666 0.3701 0.3347
vn 0.1623 0.0067 -0.9867
vn 0.1423 -0.3430 -0.9285
vn -0.7341 -0.3222 -0.5977
vn -0.8862 -0.3284 0.3268
vn 0.1619 0.3555 -0.9206
vn 0.7706 0.0845 0.6317
vn -0.7181 0.5014 -0.4826
vn 0.9207 0.1648 -0.3537
vn 0.8406 -0.4360 -0.3213
vn 0.1502 0.0802 -0.9854
vn 0.2120 -0.5049 -0.8367
vn -0.7706 -0.0845 -0.6317
vn 0.5392 0.6394 0.5482
vn -0.9207 -0.1648 0.3537
vn -0.6617 -0.7048 0.2557
vn -0.1502 -0.0802 0.9854
vn 0.0330 0.6358 -0.7711
vn 0.7398 0.0959 0.6660
vn 0.7398 0.0960 0.6660
vn -0.4948 0.1163 -0.8612
vn 0.7430 -0.6689 0.0218
vn -0.4978 0.8264 -0.2631
vn -0.0032 0.7648 0.6442
vn -0.1890 -0.9155 -0.3552
vn 0.8789 0.2945 0.3754
vn -0.7430 0.6689 -0.0218
vn -0.8819 0.4156 0.2227
vn -0.1951 0.5047 0.8410
vn -0.7141 0.2438 -0.6562
vn -0.4146 0.6121 -0.6734
vn 0.8027 -0.5139 -0.3026
vn -0.4932 0.8517 0.1771
vn 0.0886 -0.2701 -0.9587
vn -0.1404 -0.6354 -0.7593
vn 0.8525 0.1796 0.4909
vn -0.8027 0.5139 0.3026
vn -0.9311 0.0601 0.3597
vn -0.2976 -0.1562 0.9418
vn -0.7466 0.0709 -0.6615
vn -0.7193 0.4338 -0.5425
vn -0.9460 -0.1277 0.2981
vn 0.9041 -0.2498 -0.3467
vn 0.1994 0.1986 -0.9596
vn -0.2123 0.1841 0.9597
vn 0.7466 -0.0709 0.6615
vn 0.6644 0.3024 0.6835
vn -0.8491 -0.4865 0.2058
vn 0.1573 0.5522 -0.8188
vn -0.9387 -0.1947 0.2846
vn 0.7922 0.5681 -0.2229
vn -0.7271 -0.0620 -0.6837
vn 0.5981 0.4463 0.6657
vn 0.2116 0.1327 -0.9683
vn 0.2115 0.1327 -0.9683
vn -0.2633 0.2676 0.9268
vn 0.9387 0.1947 -0.2846
vn -0.9306 0.2107 0.2994
vn 0.7271 0.0620 0.6837
vn -0.7364 0.3325 -0.5892
vn -0.2115 -0.1327 0.9683
vn 0.1249 0.5112 -0.8503
vn 0.9480 0.1326 -0.2892
vn 0.8424 0.4811 -0.2426
vn 0.7307 0.0336 0.6818
vn 0.7307 0.0336 0.6819
vn 0.6397 0.3888 0.6630
vn -0.2173 -0.0990 0.9711
vn 0.2444 -0.2651 -0.9327
vn -0.9480 -0.1326 0.2892
vn -0.9259 0.2338 0.2968
vn -0.7232 0.3261 -0.6088
vn -0.1609 -0.4498 0.8785
vn -0.9315 0.2774 0.2352
vn -0.9521 -0.0503 0.3017
vn 0.7162 0.0110 0.6978
vn 0.7489 0.3226 0.5789
vn 0.2153 -0.2884 -0.9330
vn 0.1303 -0.5844 -0.8009
vn -0.8064 0.5740 0.1423
vn -0.6032 0.3018 -0.7383
vn 0.2760 0.0400 -0.9603
vn 0.8155 0.5372 -0.2152
vn -0.6063 -0.7744 0.1809
vn 0.5994 0.3155 0.7357
vn -0.4011 -0.5640 -0.7219
vn 0.2162 0.2217 -0.9509
vn 0.3732 -0.0539 -0.9262
vn -0.9422 -0.2456 0.2277
vn -0.7370 -0.0352 -0.6750
vn -0.2162 -0.2217 0.9509
vn -0.0373 -0.4748 0.8793
vn -0.9031 -0.3211 0.2852
vn -0.9031 -0.3211 0.2853
vn 0.5705 0.7677 -0.2919
vn -0.6543 -0.3239 -0.6833
vn -0.3603 -0.7701 -0.5265
vn 0.2487 -0.0028 -0.9686
vn 0.4027 -0.4988 -0.7675
vn 0.9556 -0.2251 -0.1901
vn 0.6543 0.3239 0.6833
vn 0.7454 -0.2227 0.6283
vn 0.0176 0.4940 -0.8693
vn -0.9415 0.2247 0.2511
vn 0.9350 0.0922 -0.3424
vn -0.7372 -0.1210 -0.6648
vn -0.7372 -0.1211 -0.6648
vn 0.7418 0.4191 0.5236
vn -0.2044 0.3457 0.9158
vn -0.2043 0.3457 0.9158
vn -0.1485 0.6316 0.7610
vn 0.9415 -0.2247 -0.2511
vn -0.8456 0.5171 0.1324
vn -0.6524 0.1902 -0.7336
vn 0.2044 -0.3457 -0.9158
vn 0.2043 -0.3457 -0.9158
vn -0.2379 0.0223 0.9710
vn -0.9556 0.0941 0.2794
vn 0.8582 0.4411 -0.2624
vn 0.7224 -0.0290 0.6908
vn -0.6596 -0.4965 -0.5642
vn 0.2331 -0.0651 -0.9703
vn 0.1544 -0.5767 -0.8023
vn -0.9555 0.0941 0.2794
vn 0.7699 -0.6014 -0.2137
vn -0.7224 0.0290 -0.6909
vn -0.7224 0.0290 -0.6908
vn -0.5712 0.5459 -0.6129
vn -0.2331 0.0651 0.9703
vn -0.2428 -0.4658 0.8509
vn -0.7683 -0.6240 0.1428
vn -0.5593 -0.8290 -0.0054
vn -0.7099 -0.0872 -0.6989
vn 0.5040 0.3210 0.8018
vn 0.0584 0.5368 -0.8417
vn -0.2229 -0.2694 0.9369
vn 0.8946 0.3519 -0.2756
vn 0.7099 0.0872 0.6989
vn 0.8393 -0.1561 0.5208
vn 0.1124 -0.7465 0.6558
vn -0.8665 0.0710 -0.4941
vn -0.6913 0.4193 -0.5885
vn 0.0688 0.3355 0.9395
vn 0.0422 0.0454 -0.9981
vn -0.7977 0.4066 0.4454
vn 0.8390 -0.0199 -0.5437
vn -0.9023 -0.2887 -0.3202
vn -0.0688 -0.3355 -0.9395
vn 0.1688 0.6625 0.7298
vn -0.6280 0.7278 0.2755
vn 0.8074 -0.3494 0.4755
vn -0.7439 0.5751 -0.3404
vn 0.0954 0.4295 -0.8980
vn 0.1258 0.6523 -0.7474
vn 0.9028 0.0802 -0.4225
vn 0.9037 0.3157 -0.2893
vn -0.8117 0.0980 -0.5758
vn 0.0955 0.4295 -0.8980
vn 0.0581 0.1753 -0.9828
vn -0.9028 -0.0802 0.4225
vn -0.8358 0.1613 0.5247
vn 0.7457 -0.5015 0.4386
vn -0.4513 0.8923 0.0065
vn 0.1747 0.5321 -0.8285
vn -0.2677 -0.9163 0.2980
vn -0.9204 -0.0306 0.3898
vn -0.8502 -0.5245 -0.0446
vn 0.7138 0.1088 0.6918
vn -0.1747 -0.5321 0.8285
vn 0.0052 -0.0849 -0.9964
vn -0.5878 0.4767 0.6537
vn 0.8350 -0.1677 0.5241
vn 0.7160 -0.5384 0.4443
vn 0.0442 0.0932 -0.9947
vn 0.0938 0.4699 -0.8777
vn 0.8792 -0.0745 -0.4706
vn 0.8628 0.3154 -0.3951
vn -0.8350 0.1677 -0.5241
vn 0.8221 0.2295 0.5211
vn -0.0442 -0.0933 0.9947
vn -0.0442 -0.0932 0.9947
vn -0.0123 -0.2981 -0.9545
vn -0.8792 0.0745 0.4706
vn -0.8792 0.0744 0.4706
vn -0.7567 0.4525 0.4718
vn 0.8512 -0.0013 0.5249
vn 0.8511 -0.0013 0.5249
vn 0.7246 -0.4597 0.5135
vn -0.0255 0.1056 0.9941
vn 0.0528 0.3649 -0.9295
vn -0.8766 0.1069 0.4692
vn -0.8077 -0.3638 0.4640
vn -0.8512 0.0013 -0.5249
vn -0.7851 -0.4575 -0.4176
vn 0.0077 0.5522 0.8337
vn 0.7472 -0.5534 -0.3681
vn -0.8743 0.0129 -0.4852
vn -0.8743 0.0129 -0.4851
vn -0.8983 0.2902 -0.3300
vn -0.0613 0.4118 -0.9092
vn -0.1265 0.6689 -0.7325
vn 0.8130 0.3989 -0.4241
vn 0.7034 0.6567 -0.2720
vn 0.8743 -0.0129 0.4852
vn 0.8743 -0.0129 0.4851
vn 0.7616 0.2658 0.5910
vn 0.0613 -0.4118 0.9092
vn -0.0101 -0.1129 0.9936
vn -0.8130 -0.3989 0.4241
vn 0.8401 0.1006 -0.5331
vn -0.8540 0.0756 -0.5147
vn 0.7273 -0.4049 0.5541
vn 0.0143 0.2073 0.9782
vn -0.0595 -0.1398 0.9884
vn 0.8397 -0.2829 -0.4635
vn 0.8597 0.0690 -0.5061
vn 0.8731 0.2633 0.4104
vn 0.0863 0.5283 0.8446
vn 0.7139 -0.5992 -0.3624
vn -0.8727 -0.0329 -0.4872
vn 0.6073 -0.4964 0.6203
vn -0.0436 -0.3840 -0.9223
vn 0.0691 0.2100 -0.9752
vn 0.8291 -0.3511 -0.4351
vn 0.7811 0.2369 -0.5778
vn 0.8727 0.0329 0.4872
vn -0.8166 -0.5501 -0.1747
vn 0.0436 0.3840 0.9223
vn 0.1402 0.8365 0.5297
vn -0.8291 0.3511 0.4351
vn 0.5718 -0.8097 -0.1322
vn -0.8948 -0.0305 -0.4453
vn -0.8949 -0.0305 -0.4453
vn 0.9438 -0.2585 0.2059
vn -0.1645 0.5348 -0.8288
vn 0.2658 -0.7833 0.5620
vn -0.7303 -0.5653 0.3835
vn 0.5650 0.8116 -0.1485
vn -0.7177 -0.3151 -0.6209
vn 0.1645 -0.5348 0.8288
vn 0.0397 -0.2097 0.9770
vn -0.7911 -0.2380 0.5635
vn 0.8127 -0.2953 0.5023
vn 0.6501 -0.6959 0.3053
vn 0.0804 0.2949 -0.9521
vn -0.1423 -0.6955 0.7043
vn 0.8931 -0.0004 -0.4498
vn 0.8632 0.4335 -0.2587
vn -0.7919 -0.1718 -0.5860
vn -0.0804 -0.2949 0.9521
vn -0.0005 0.1722 0.9851
vn 0.8931 -0.0005 -0.4498
vn -0.7214 0.4342 0.5394
vn 0.8619 -0.1268 0.4910
vn 0.6752 -0.4470 0.5868
vn 0.0965 0.3380 0.9362
vn 0.0965 0.3381 0.9362
vn 0.0341 0.0163 -0.9993
vn 0.7654 -0.4648 -0.4451
vn -0.8328 0.1012 0.5442
vn -0.8619 0.1268 -0.4910
vn -0.9222 -0.2121 -0.3233
vn 0.2129 0.6428 0.7358
vn 0.5857 -0.7603 -0.2808
vn 0.1746 0.5321 -0.8285
vn 0.1594 0.9844 -0.0751
vn 0.4428 0.8893 0.1140
vn 0.0390 0.9918 -0.1216
vn -0.1303 0.9874 0.0900
vn -0.0895 0.9844 0.1514
vn 0.7819 0.5509 0.2917
vn 0.4719 0.8321 -0.2915
vn -0.5906 0.1657 -0.7898
vn -0.4986 0.8650 0.0562
vn 0.0500 0.8443 0.5335
vn 0.8297 0.4977 0.2529
vn -0.1152 -0.1735 -0.9781
vn -0.6663 0.0479 -0.7441
vn -0.5693 0.3488 0.7445
vn 0.7269 0.0849 0.6815
vn 0.1931 -0.9739 -0.1191
vn -0.1440 -0.9591 -0.2438
vn -0.4634 -0.8798 -0.1059
vn -0.2858 -0.7938 0.5368
vn 0.2323 -0.9085 0.3473
vn 0.0416 -0.9931 0.1095
vn 0.1010 -0.9451 0.3108
vn -0.1638 -0.7954 0.5835
vn -0.1737 -0.9844 0.0273
vn -0.3015 -0.9480 0.1016
vn -0.4706 -0.8823 0.0081
vn -0.1514 -0.9449 -0.2902
vn -0.0953 -0.9671 -0.2358
vn -0.0895 -0.9617 -0.2592
vn 0.0292 -0.9409 -0.3373
vn -0.0337 -0.9897 -0.1394
vn 0.1659 -0.9731 -0.1601
vn 0.1999 -0.9756 -0.0910
vn 0.1783 -0.9798 -0.0903
vn 0.3366 -0.9154 0.2210
vn 0.4206 0.3484 0.8377
vn 0.7284 -0.0294 0.6846
vn -0.1610 -0.8389 0.5200
vn -0.5564 -0.1631 0.8148
vn -0.6061 -0.1022 0.7888
vn -0.6552 -0.7531 0.0595
vn -0.7954 -0.5410 -0.2732
vn -0.6672 -0.0412 -0.7437
vn -0.5296 -0.2169 -0.8201
vn -0.0951 -0.1272 -0.9873
vn -0.1154 -0.1492 -0.9820
vn 0.3613 -0.8007 -0.4778
vn 0.7418 -0.6330 -0.2213
vn 0.9532 -0.0630 0.2956
vn 0.9195 -0.1461 0.3649
vn -0.6610 -0.4103 0.6282
vn -0.6957 0.2727 0.6646
vn -0.6702 0.2222 0.7082
vn -0.8511 -0.4745 -0.2247
vn -0.6580 0.7307 -0.1819
vn -0.6950 0.7041 -0.1454
vn -0.2862 0.1550 -0.9456
vn -0.2867 -0.2170 -0.9331
vn -0.1748 -0.0896 -0.9805
vn 0.7777 -0.5029 -0.3771
vn 0.5436 0.7969 -0.2635
vn 0.5247 0.8383 -0.1482
vn 0.5106 0.5203 0.6846
vn 0.5916 -0.0422 0.8051
vn 0.6281 -0.0977 0.7720
vn 0.0612 0.9013 0.4288
vn -0.1149 0.9703 0.2129
vn -0.3368 0.9105 0.2398
vn -0.4488 0.8920 0.0536
vn -0.4800 0.8718 0.0978
vn -0.6491 0.7478 -0.1394
vn -0.4218 0.7777 -0.4660
vn -0.0116 0.9385 -0.3450
vn -0.0232 0.9427 -0.3329
vn 0.2464 0.8935 0.3754
vn 0.2703 0.9459 0.1792
vn 0.1516 0.9847 0.0860
vn 0.3231 0.9256 -0.1970
vn 0.3227 0.9295 -0.1784
vn 0.4519 0.8843 -0.1175
vn -0.4019 0.2081 0.8917
vn -0.1626 -0.6685 0.7257
vn -0.9907 -0.0510 0.1261
vn 0.5001 0.8171 -0.2868
vn -0.5888 -0.2591 -0.7656
vn 0.2697 0.9364 0.2245
vn -0.2983 0.9072 0.2968
vn 0.9907 0.0510 -0.1261
vn -0.6359 0.7586 -0.1422
vn -0.4054 0.6393 -0.6534
vn 0.4057 0.1656 -0.8989
vn -0.3355 -0.8147 0.4729
vn 0.9918 -0.0496 -0.1177
vn -0.7435 -0.6649 -0.0709
vn 0.5861 -0.2152 0.7811
vn -0.4611 -0.5496 -0.6966
vn 0.2293 -0.5841 -0.7786
vn -0.9918 0.0496 0.1177
vn 0.6373 -0.7340 -0.2348
vn -0.5861 0.2152 -0.7811
vn 0.3549 -0.8493 0.3909
vn -0.3573 -0.1844 0.9156
vn -0.0966 0.8235 -0.5590
vn 0.9039 0.4133 -0.1101
vn 0.2473 0.9675 -0.0522
vn 0.5467 0.2288 0.8055
vn 0.5467 0.2289 0.8055
vn -0.0225 -0.8515 -0.5239
vn -0.5462 0.5915 0.5932
vn -0.9039 -0.4133 0.1101
vn -0.8901 0.4475 0.0864
vn 0.6653 -0.5635 0.4897
vn 0.4036 -0.3792 -0.8327
vn -0.3679 -0.3172 0.8741
vn 0.9898 -0.1282 -0.0624
vn 0.8111 0.5070 -0.2918
vn 0.5862 0.2510 0.7703
vn -0.5060 -0.7937 -0.3377
vn -0.4036 0.3792 0.8327
vn -0.2423 0.8906 0.3849
vn -0.9898 0.1282 0.0624
vn 0.6855 -0.7008 0.1974
vn 0.3804 -0.4141 0.8269
vn 0.4051 -0.3121 -0.8593
vn 0.2290 0.6137 -0.7556
vn -0.9943 0.0426 0.0976
vn -0.5534 -0.7621 0.3363
vn -0.5892 -0.2695 -0.7617
vn -0.3303 -0.9339 -0.1368
vn -0.4051 0.3121 0.8593
vn -0.2171 0.9574 0.1906
vn 0.5415 -0.8090 0.2288
vn 0.5892 0.2695 0.7617
vn -0.3185 0.6371 -0.7019
vn 0.4020 -0.0384 -0.9148
vn 0.2449 0.8197 -0.5178
vn 0.9935 -0.0355 -0.1085
vn 0.5647 0.8212 -0.0818
vn 0.5914 0.0029 0.8064
vn 0.3473 0.8420 0.4129
vn -0.1899 0.8612 0.4715
vn -0.9935 0.0355 0.1085
vn -0.5097 0.8596 0.0355
vn -0.5914 -0.0029 -0.8064
vn -0.2923 0.8389 -0.4592
vn -0.4023 -0.0676 0.9130
vn 0.3122 0.8376 -0.4483
vn -0.9900 0.0786 0.1172
vn 0.6598 0.7511 0.0224
vn -0.5877 0.1462 -0.7958
vn 0.4218 0.7111 0.5625
vn 0.1638 -0.7576 -0.6318
vn 0.9900 -0.0786 -0.1172
vn -0.5114 0.8441 0.1611
vn 0.5877 -0.1462 0.7958
vn -0.2734 0.8841 -0.3790
vn -0.3683 0.1304 0.9205
vn -0.0417 0.5821 -0.8121
vn -0.9206 -0.3222 0.2205
vn -0.3208 -0.8791 0.3526
vn -0.5524 -0.4525 -0.7001
vn -0.0791 -0.9646 -0.2515
vn -0.5251 0.7532 0.3962
vn 0.9206 0.3222 -0.2205
vn 0.8876 -0.4562 0.0632
vn 0.5524 0.4525 0.7001
vn 0.6459 -0.3706 0.6674
vt 0.166667 0.947287
vt 0.000000 0.947287
vt 0.083333 0.947287
vt 2.333333 2.947287
vt 2.166667 2.947287
vt 0.250000 0.947287
vt 0.333333 0.947287
vt 0.500000 0.947287
vt 0.416667 0.947287
vt 2.666667 2.947287
vt 2.500000 2.947287
vt 0.583333 0.947287
vt 0.666667 0.947287
vt 0.833333 0.947287
vt 0.750000 0.947287
vt 3.000000 2.947287
vt 2.833333 2.947287
vt 0.916667 0.947287
vt 1.000000 0.947287
vt 0.166667 0.323406
vt 0.000000 0.323406
vt 0.083333 0.323406
vt 2.333333 2.323406
vt 2.166667 2.323406
vt 0.250000 0.323406
vt 0.333333 0.323406
vt 0.500000 0.323406
vt 0.416667 0.323406
vt 2.666667 2.323406
vt 2.500000 2.323406
vt 0.583333 0.323406
vt 0.666667 0.323406
vt 0.833333 0.323406
vt 0.750000 0.323406
vt 3.000000 2.323406
vt 2.833333 2.323406
vt 0.916667 0.323406
vt 1.000000 0.323406
vt 0.166667 0.435785
vt 0.000000 0.435785
vt 0.083333 0.435785
vt 2.333333 2.435785
vt 2.166667 2.435785
vt 0.250000 0.435785
vt 0.333333 0.435785
vt 0.500000 0.435785
vt 0.416667 0.435785
vt 2.666667 2.435785
vt 2.500000 2.435785
vt 0.583333 0.435785
vt 0.666667 0.435785
vt 0.833333 0.435785
vt 0.750000 0.435785
vt 3.000000 2.435785
vt 2.833333 2.435785
vt 0.916667 0.435785
vt 1.000000 0.435785
vt 0.000000 0.900863
vt 0.166667 0.900863
vt 0.083333 0.900863
vt 2.333333 2.900863
vt 2.166667 2.900863
vt 0.250000 0.900863
vt 0.333333 0.900863
vt 0.500000 0.900863
vt 0.416667 0.900863
vt 2.666667 2.900863
vt 2.500000 2.900863
vt 0.666667 0.900863
vt 0.583333 0.900863
vt 0.833333 0.900863
vt 0.750000 0.900863
vt 2.833333 2.900863
vt 3.000000 2.900863
vt 0.916667 0.900863
vt 1.000000 0.900863
vt 0.166667 0.807190
vt 0.000000 0.807190
vt 0.083333 0.807190
vt 2.333333 2.807190
vt 2.166667 2.807190
vt 0.250000 0.807190
vt 0.333333 0.807190
vt 0.500000 0.807190
vt 0.416667 0.807190
vt 2.666667 2.807190
vt 2.500000 2.807190
vt 0.583333 0.807190
vt 0.666667 0.807190
vt 0.833333 0.807190
vt 0.750000 0.807190
vt 3.000000 2.807190
vt 2.833333 2.807190
vt 0.916667 0.807190
vt 1.000000 0.807190
vt 0.000000 0.162864
vt 0.166667 0.162864
vt 0.083333 0.162864
vt 2.333333 2.162864
vt 2.166667 2.162864
vt 0.250000 0.162864
vt 0.333333 0.162864
vt 0.500000 0.162864
vt 0.416667 0.162864
vt 2.666667 2.162864
vt 2.500000 2.162864
vt 0.666667 0.162864
vt 0.583333 0.162864
vt 0.833333 0.162864
vt 0.750000 0.162864
vt 2.833333 2.162864
vt 3.000000 2.162864
vt 0.916667 0.162864
vt 1.000000 0.162864
vt 0.500000 0.271806
vt 0.586758 0.271806
vt 0.465784 0.271806
vt 0.647682 0.271806
vt 0.676777 0.271806
vt 0.379389 0.271806
vt 0.467734 0.271806
vt 0.588925 0.271806
vt 0.691310 0.271806
vt 0.433795 0.271806
vt 0.552870 0.271806
vt 0.320472 0.271806
vt 0.350248 0.271806
vt 0.327891 0.271806
vt 0.444281 0.271806
vt 0.372241 0.271806
vt 0.363512 0.271806
vt 0.652429 0.271806
vt 0.557962 0.271806
vt 0.648857 0.271806
vt 0.639877 0.271806
vt 0.391593 0.271806
vt 0.308331 0.271806
vt 0.660801 0.271806
vt 0.564580 0.271806
vt 0.665147 0.271806
vt 0.531173 0.271806
vt 0.354236 0.271806
vt 0.439477 0.271806
vt 0.426503 0.271806
vt 0.352637 0.271806
vt 0.320878 0.271806
vt 0.412056 0.271806
vt 0.556321 0.271806
vt 0.441433 0.271806
vt 0.537108 0.271806
vt 0.703784 0.271806
vt 0.654739 0.271806
vt 0.616301 0.271806
vt 0.166667 0.271806
vt 0.000000 0.271806
vt 0.083333 0.271806
vt 2.166667 2.271806
vt 2.333333 2.271806
vt 0.250000 0.271806
vt 0.333333 0.271806
vt 0.416667 0.271806
vt 2.500000 2.271806
vt 2.666667 2.271806
vt 0.583333 0.271806
vt 0.666667 0.271806
vt 0.833333 0.271806
vt 0.750000 0.271806
vt 2.833333 2.271806
vt 3.000000 2.271806
vt 0.916667 0.271806
vt 1.000000 0.271806
s 1
f 2/1/1 4/2/1 1/2/1
f 5/2/2 7/3/2 6/1/2
f 9/4/3 11/5/3 8/5/3
f 12/1/4 14/6/4 13/7/4
f 16/8/5 18/7/5 15/7/5
f 19/7/6 21/9/6 20/8/6
f 23/10/7 25/11/7 22/11/7
f 26/8/8 28/12/8 27/13/8
f 30/14/9 32/13/9 29/13/9
f 33/13/10 35/15/10 34/14/10
f 37/16/11 39/17/11 36/17/11
f 40/14/12 42/18/12 41/19/12
f 44/1/13 46/2/13 43/2/13
f 47/2/14 48/1/14 49/3/14
f 50/5/15 52/4/15 53/5/15
f 54/1/16 56/6/16 55/7/16
f 60/7/17 58/8/17 57/7/17
f 61/7/18 62/8/18 63/9/18
f 64/11/19 66/10/19 67/11/19
f 68/8/20 69/13/20 70/12/20
f 72/14/21 74/13/22 71/13/21
f 75/13/23 76/14/23 77/15/23
f 78/17/17 80/16/17 81/17/17
f 82/14/24 83/19/24 84/18/24
f 86/1/25 88/2/25 85/2/26
f 89/2/27 91/3/27 90/1/27
f 95/5/28 93/4/28 92/5/28
f 96/1/29 98/6/29 97/7/29
f 102/7/30 100/8/30 99/7/30
f 103/7/31 105/9/31 104/8/31
f 106/11/32 108/10/32 109/11/32
f 110/8/33 111/13/33 112/12/33
f 116/13/34 114/14/34 113/13/34
f 117/13/35 119/15/35 118/14/35
f 123/17/36 121/16/36 120/17/36
f 124/14/37 125/19/37 126/18/37
f 130/2/38 128/1/38 127/2/38
f 131/2/39 133/3/39 132/1/39
f 137/5/40 135/4/40 134/5/40
f 138/1/41 140/6/41 139/7/41
f 142/8/42 144/7/42 141/7/42
f 145/7/43 147/9/43 146/8/43
f 148/11/44 150/10/44 149/10/44
f 152/8/45 153/13/45 154/12/45
f 155/13/40 157/14/40 158/13/40
f 159/13/46 161/15/46 160/14/46
f 163/16/47 165/17/47 162/17/47
f 166/14/48 168/18/48 167/19/48
f 172/2/49 170/1/49 169/2/49
f 173/2/50 174/1/50 175/3/50
f 176/5/51 178/4/51 177/4/51
f 180/1/52 181/7/52 182/6/52
f 186/7/53 184/8/53 183/7/53
f 187/7/54 188/8/54 189/9/54
f 193/11/55 191/10/55 190/11/55
f 194/8/56 195/13/56 196/12/56
f 198/14/51 200/13/51 197/13/51
f 201/13/57 202/14/57 203/15/57
f 205/16/53 207/17/53 204/17/53
f 208/14/58 209/19/58 210/18/58
f 2/1/1 3/1/1 4/2/1
f 9/4/3 10/4/3 11/5/3
f 16/8/5 17/8/5 18/7/5
f 23/10/7 24/10/7 25/11/7
f 30/14/9 31/14/9 32/13/9
f 37/16/11 38/16/11 39/17/11
f 44/1/13 45/1/13 46/2/13
f 50/5/15 51/4/15 52/4/15
f 60/7/17 59/8/17 58/8/17
f 64/11/19 65/10/19 66/10/19
f 72/14/21 73/14/22 74/13/22
f 78/17/17 79/16/17 80/16/17
f 86/1/25 87/1/25 88/2/25
f 95/5/28 94/4/28 93/4/28
f 102/7/30 101/8/30 100/8/30
f 106/11/32 107/10/59 108/10/32
f 116/13/34 115/14/34 114/14/34
f 123/17/36 122/16/36 121/16/36
f 130/2/38 129/1/38 128/1/38
f 137/5/40 136/4/40 135/4/40
f 142/8/42 143/8/42 144/7/42
f 148/11/44 151/11/44 150/10/44
f 155/13/40 156/14/40 157/14/40
f 163/16/47 164/16/47 165/17/47
f 172/2/49 171/1/49 170/1/49
f 176/5/51 179/5/51 178/4/51
f 186/7/53 185/8/53 184/8/53
f 193/11/55 192/10/55 191/10/55
f 198/14/51 199/14/51 200/13/51
f 205/16/53 206/16/53 207/17/53
f 212/20/60 214/21/60 211/21/60
f 215/21/61 217/22/61 216/20/61
f 219/23/62 221/24/62 218/24/62
f 222/20/63 224/25/63 223/26/63
f 226/27/64 228/26/64 225/26/64
f 229/26/65 231/28/65 230/27/65
f 233/29/66 235/30/66 232/30/66
f 236/27/67 238/31/67 237/32/67
f 240/33/68 242/32/68 239/32/68
f 243/32/69 245/34/69 244/33/69
f 247/35/70 249/36/70 246/36/70
f 250/33/71 252/37/71 251/38/71
f 256/21/72 254/20/72 253/21/72
f 257/21/73 259/22/73 258/20/73
f 263/24/74 261/23/74 260/24/74
f 264/20/75 266/25/75 265/26/75
f 267/26/76 269/27/77 268/27/76
f 271/26/78 272/27/78 273/28/78
f 277/30/79 275/29/79 274/30/79
f 278/27/80 280/31/80 279/32/80
f 282/33/74 284/32/74 281/32/74
f 285/32/81 287/34/81 286/33/81
f 289/35/76 291/36/76 288/36/76
f 292/33/82 293/38/82 294/37/82
f 296/20/83 298/21/83 295/21/83
f 299/21/84 300/20/84 301/22/84
f 305/24/85 303/23/85 302/24/85
f 306/20/86 308/25/86 307/26/86
f 310/27/87 312/26/87 309/26/87
f 313/26/88 314/27/88 315/28/88
f 319/30/83 317/29/83 316/30/83
f 320/27/89 322/31/89 321/32/89
f 323/32/85 325/33/85 326/32/85
f 327/32/90 329/34/90 328/33/90
f 330/36/87 332/35/87 331/35/87
f 334/33/91 336/37/91 335/38/91
f 337/21/92 339/20/92 338/20/92
f 341/21/93 342/20/93 343/22/93
f 344/24/94 346/23/94 345/23/94
f 348/20/95 349/26/95 350/25/95
f 352/27/96 354/26/96 351/26/96
f 355/26/97 356/27/97 357/28/97
f 359/29/92 361/30/92 358/30/92
f 362/27/98 364/31/98 363/32/98
f 366/33/94 368/32/94 365/32/94
f 369/32/99 371/34/99 370/33/99
f 372/36/100 374/35/100 375/36/100
f 376/33/101 377/38/101 378/37/101
f 380/20/102 382/21/102 379/21/102
f 383/21/103 385/22/103 384/20/103
f 387/23/104 389/24/104 386/24/104
f 390/20/105 391/26/105 392/25/105
f 394/27/106 396/26/107 393/26/106
f 397/26/108 398/27/108 399/28/108
f 403/30/102 401/29/102 400/30/102
f 404/27/109 405/32/109 406/31/109
f 408/33/110 410/32/110 407/32/110
f 411/32/111 412/33/111 413/34/111
f 414/36/106 416/35/106 415/35/106
f 418/33/112 420/37/112 419/38/112
f 421/21/113 423/20/113 424/21/113
f 425/21/114 427/22/114 426/20/114
f 429/23/115 431/24/115 428/24/115
f 432/20/116 434/25/116 433/26/116
f 435/26/117 437/27/117 436/27/117
f 439/26/118 441/28/118 440/27/118
f 442/30/119 444/29/119 445/30/119
f 446/27/120 448/31/120 447/32/120
f 449/32/115 451/33/115 450/33/115
f 453/32/121 455/34/121 454/33/121
f 459/36/122 457/35/122 456/36/122
f 460/33/123 461/38/123 462/37/123
f 464/20/124 466/21/124 463/21/124
f 467/21/125 469/22/125 468/20/125
f 473/24/126 471/23/126 470/24/126
f 474/20/127 475/26/127 476/25/127
f 478/27/128 480/26/128 477/26/128
f 481/26/129 482/27/129 483/28/129
f 484/30/124 486/29/124 485/29/124
f 488/27/130 489/32/130 490/31/130
f 494/32/131 492/33/131 491/32/131
f 495/32/132 497/34/132 496/33/132
f 499/35/133 501/36/133 498/36/133
f 502/33/134 503/38/134 504/37/134
f 505/21/135 507/20/135 508/21/135
f 509/21/136 510/20/136 511/22/136
f 512/24/137 514/23/137 515/24/137
f 516/20/138 518/25/138 517/26/138
f 520/27/139 522/26/139 519/26/139
f 523/26/140 525/28/140 524/27/140
f 529/30/135 527/29/135 526/30/135
f 530/27/141 531/32/141 532/31/141
f 533/32/142 535/33/142 536/32/142
f 537/32/143 538/33/143 539/34/143
f 540/36/139 542/35/139 541/35/139
f 544/33/144 545/38/144 546/37/144
f 212/20/60 213/20/60 214/21/60
f 219/23/62 220/23/62 221/24/62
f 226/27/64 227/27/64 228/26/64
f 233/29/66 234/29/66 235/30/66
f 240/33/68 241/33/68 242/32/68
f 247/35/70 248/35/70 249/36/70
f 256/21/72 255/20/72 254/20/72
f 263/24/74 262/23/74 261/23/74
f 267/26/76 270/26/77 269/27/77
f 277/30/79 276/29/79 275/29/79
f 282/33/74 283/33/74 284/32/74
f 289/35/76 290/35/76 291/36/76
f 296/20/83 297/20/83 298/21/83
f 305/24/85 304/23/85 303/23/85
f 310/27/87 311/27/87 312/26/87
f 319/30/83 318/29/83 317/29/83
f 323/32/85 324/33/85 325/33/85
f 330/36/87 333/36/87 332/35/87
f 337/21/92 340/21/92 339/20/92
f 344/24/94 347/24/94 346/23/94
f 352/27/96 353/27/96 354/26/96
f 359/29/92 360/29/92 361/30/92
f 366/33/94 367/33/94 368/32/94
f 372/36/100 373/35/100 374/35/100
f 380/20/102 381/20/102 382/21/102
f 387/23/104 388/23/104 389/24/104
f 394/27/106 395/27/107 396/26/107
f 403/30/102 402/29/102 401/29/102
f 408/33/110 409/33/110 410/32/110
f 414/36/106 417/36/106 416/35/106
f 421/21/113 422/20/113 423/20/113
f 429/23/115 430/23/115 431/24/115
f 435/26/117 438/26/117 437/27/117
f 442/30/119 443/29/119 444/29/119
f 449/32/115 452/32/115 451/33/115
f 459/36/122 458/35/122 457/35/122
f 464/20/124 465/20/124 466/21/124
f 473/24/126 472/23/126 471/23/126
f 478/27/128 479/27/128 480/26/128
f 484/30/124 487/30/124 486/29/124
f 494/32/131 493/33/131 492/33/131
f 499/35/133 500/35/133 501/36/133
f 505/21/135 506/20/135 507/20/135
f 512/24/137 513/23/137 514/23/137
f 520/27/139 521/27/139 522/26/139
f 529/30/135 528/29/135 527/29/135
f 533/32/142 534/33/142 535/33/142
f 540/36/139 543/36/139 542/35/139
f 548/39/145 550/40/145 547/40/145
f 551/40/146 553/41/146 552/39/146
f 555/42/147 557/43/147 554/43/147
f 558/39/148 560/44/148 559/45/148
f 562/46/149 564/45/149 561/45/149
f 565/45/150 567/47/150 566/46/150
f 569/48/151 571/49/151 568/49/151
f 572/46/152 574/50/152 573/51/152
f 576/52/153 578/51/153 575/51/153
f 579/51/154 581/53/154 580/52/154
f 583/54/155 585/55/155 582/55/155
f 586/52/156 588/56/156 587/57/156
f 590/39/157 592/40/157 589/40/157
f 593/40/158 595/41/158 594/39/158
f 599/43/159 597/42/159 596/43/159
f 600/39/160 601/45/160 602/44/160
f 603/45/161 605/46/162 604/46/161
f 607/45/163 608/46/163 609/47/163
f 611/48/164 613/49/164 610/49/164
f 614/46/165 616/50/165 615/51/165
f 617/51/159 619/52/159 620/51/159
f 621/51/166 623/53/166 622/52/166
f 625/54/161 627/55/161 624/55/161
f 628/52/167 629/57/167 630/56/167
f 632/39/168 634/40/168 631/40/168
f 635/40/169 637/41/169 636/39/169
f 638/43/170 640/42/170 639/42/170
f 642/39/171 643/45/171 644/44/171
f 648/45/172 646/46/172 645/45/172
f 649/45/173 650/46/173 651/47/173
f 653/48/174 655/49/174 652/49/174
f 656/46/175 658/50/175 657/51/175
f 659/51/170 661/52/170 662/51/170
f 663/51/176 665/53/176 664/52/176
f 667/54/172 669/55/172 666/55/172
f 670/52/177 672/56/177 671/57/177
f 676/40/178 674/39/178 673/40/178
f 677/40/179 679/41/179 678/39/179
f 681/42/180 683/43/180 680/43/180
f 684/39/181 685/45/181 686/44/181
f 690/45/182 688/46/182 687/45/182
f 691/45/183 692/46/183 693/47/183
f 697/49/184 695/48/184 694/49/184
f 698/46/185 700/50/185 699/51/185
f 702/52/186 704/51/186 701/51/186
f 705/51/187 706/52/187 707/53/187
f 711/55/188 709/54/188 708/55/188
f 712/52/189 713/57/189 714/56/189
f 716/39/190 718/40/190 715/40/190
f 719/40/191 720/39/191 721/41/191
f 723/42/192 725/43/192 722/43/192
f 726/39/193 728/44/193 727/45/193
f 730/46/194 732/45/194 729/45/194
f 733/45/195 734/46/195 735/47/195
f 737/48/196 739/49/196 736/49/196
f 740/46/197 742/50/197 741/51/197
f 743/51/192 745/52/192 744/52/192
f 747/51/198 749/53/198 748/52/198
f 753/55/194 751/54/194 750/55/194
f 754/52/199 756/56/199 755/57/199
f 758/39/200 760/40/201 757/40/200
f 761/40/202 763/41/202 762/39/202
f 764/43/203 766/42/203 767/43/203
f 768/39/204 770/44/204 769/45/204
f 771/45/205 773/46/205 772/46/205
f 775/45/206 777/47/206 776/46/206
f 781/49/200 779/48/200 778/49/200
f 782/46/207 784/50/207 783/51/207
f 785/51/208 787/52/208 788/51/208
f 789/51/209 790/52/209 791/53/209
f 793/54/205 795/55/205 792/55/205
f 796/52/210 798/56/210 797/57/210
f 548/39/145 549/39/145 550/40/145
f 555/42/147 556/42/147 557/43/147
f 562/46/149 563/46/149 564/45/149
f 569/48/151 570/48/151 571/49/151
f 576/52/153 577/52/153 578/51/153
f 583/54/155 584/54/155 585/55/155
f 590/39/157 591/39/157 592/40/157
f 599/43/159 598/42/159 597/42/159
f 603/45/161 606/45/162 605/46/162
f 611/48/164 612/48/164 613/49/164
f 617/51/159 618/52/159 619/52/159
f 625/54/161 626/54/161 627/55/161
f 632/39/168 633/39/168 634/40/168
f 638/43/170 641/43/170 640/42/170
f 648/45/172 647/46/172 646/46/172
f 653/48/174 654/48/174 655/49/174
f 659/51/170 660/52/170 661/52/170
f 667/54/172 668/54/172 669/55/172
f 676/40/178 675/39/178 674/39/178
f 681/42/180 682/42/180 683/43/180
f 690/45/182 689/46/182 688/46/182
f 697/49/184 696/48/184 695/48/184
f 702/52/186 703/52/186 704/51/186
f 711/55/188 710/54/188 709/54/188
f 716/39/190 717/39/190 718/40/190
f 723/42/192 724/42/192 725/43/192
f 730/46/194 731/46/194 732/45/194
f 737/48/196 738/48/196 739/49/196
f 743/51/192 746/51/192 745/52/192
f 753/55/194 752/54/194 751/54/194
f 758/39/200 759/39/201 760/40/201
f 764/43/203 765/42/203 766/42/203
f 771/45/205 774/45/205 773/46/205
f 781/49/200 780/48/200 779/48/200
f 785/51/208 786/52/208 787/52/208
f 793/54/205 794/54/205 795/55/205
f 799/58/211 801/59/211 800/59/211
f 803/58/212 805/60/212 804/59/212
f 807/61/213 809/62/213 806/62/213
f 810/59/214 812/63/214 811/64/214
f 814/65/215 816/64/215 813/64/215
f 817/64/216 819/66/216 818/65/216
f 821/67/211 823/68/211 820/68/211
f 824/65/217 825/69/217 826/70/217
f 828/71/218 830/69/218 827/69/218
f 831/69/219 833/72/219 832/71/219
f 837/73/215 835/74/215 834/73/215
f 838/71/220 840/75/220 839/76/220
f 841/58/221 843/59/221 844/58/221
f 845/58/222 847/60/222 846/59/222
f 851/62/223 849/61/223 848/62/223
f 852/59/224 854/63/224 853/64/224
f 858/64/225 856/65/225 855/64/225
f 859/64/226 861/66/226 860/65/226
f 865/68/227 863/67/221 862/68/221
f 866/65/228 867/69/228 868/70/228
f 869/69/223 871/71/223 872/69/223
f 873/69/229 874/71/229 875/72/229
f 876/73/230 878/74/230 877/74/230
f 880/71/231 882/75/231 881/76/231
f 883/58/232 885/59/232 886/58/232
f 887/58/233 889/60/233 888/59/233
f 893/62/234 891/61/234 890/62/234
f 894/59/235 895/64/235 896/63/235
f 898/65/236 900/64/236 897/64/236
f 901/64/237 902/65/237 903/66/237
f 907/68/232 905/67/232 904/68/232
f 908/65/238 910/70/238 909/69/238
f 914/69/239 912/71/239 911/69/239
f 915/69/240 916/71/240 917/72/240
f 918/73/236 920/74/236 919/74/236
f 922/71/241 924/75/241 923/76/241
f 925/58/242 927/59/242 928/58/242
f 929/58/243 930/59/243 931/60/243
f 935/62/244 933/61/244 932/62/244
f 936/59/245 938/63/245 937/64/245
f 939/64/246 941/65/246 940/65/246
f 943/64/247 945/66/247 944/65/247
f 947/67/248 949/68/248 946/68/248
f 950/65/249 952/70/249 951/69/249
f 956/69/250 954/71/251 953/69/251
f 957/69/252 958/71/252 959/72/252
f 963/73/253 961/74/253 960/73/253
f 964/71/254 966/75/254 965/76/254
f 968/59/255 970/58/255 967/58/255
f 971/58/256 972/59/256 973/60/256
f 975/61/257 977/62/257 974/62/257
f 978/59/258 980/63/258 979/64/258
f 982/65/259 984/64/259 981/64/259
f 985/64/260 986/65/260 987/66/260
f 988/68/261 990/67/261 991/68/261
f 992/65/262 993/69/262 994/70/262
f 998/69/257 996/71/257 995/69/257
f 999/69/263 1001/72/263 1000/71/263
f 1005/73/264 1003/74/264 1002/73/264
f 1006/71/265 1007/76/265 1008/75/265
f 1012/58/266 1010/59/266 1009/58/266
f 1013/58/267 1015/60/267 1014/59/267
f 1019/62/268 1017/61/268 1016/62/268
f 1020/59/269 1022/63/269 1021/64/269
f 1023/64/270 1025/65/270 1024/65/270
f 1027/64/271 1029/66/271 1028/65/271
f 1033/68/272 1031/67/272 1030/68/272
f 1034/65/273 1036/70/273 1035/69/273
f 1040/69/274 1038/71/274 1037/69/274
f 1041/69/275 1043/72/275 1042/71/275
f 1047/73/276 1045/74/276 1044/73/277
f 1048/71/278 1049/76/278 1050/75/278
f 1054/58/279 1052/59/279 1051/58/279
f 1055/58/280 1056/59/280 1057/60/280
f 1059/61/281 1061/62/281 1058/62/281
f 1062/59/282 1063/64/282 1064/63/282
f 1065/64/283 1067/65/283 1066/65/283
f 1069/64/284 1071/66/284 1070/65/284
f 1073/67/279 1075/68/279 1072/68/279
f 1076/65/285 1078/70/285 1077/69/285
f 1082/69/281 1080/71/281 1079/69/281
f 1083/69/286 1085/72/286 1084/71/286
f 1086/73/283 1088/74/283 1089/73/283
f 1090/71/287 1091/76/287 1092/75/287
f 1096/58/288 1094/59/288 1093/58/288
f 1097/58/289 1098/59/289 1099/60/289
f 1100/62/290 1102/61/290 1101/61/290
f 1104/59/291 1106/63/291 1105/64/291
f 1110/64/292 1108/65/292 1107/64/292
f 1111/64/293 1113/66/293 1112/65/293
f 1117/68/294 1115/67/294 1114/68/294
f 1118/65/295 1119/69/295 1120/70/295
f 1121/69/296 1123/71/296 1122/71/296
f 1125/69/297 1127/72/297 1126/71/297
f 1131/73/298 1129/74/298 1128/73/298
f 1132/71/299 1133/76/299 1134/75/299
f 1138/58/300 1136/59/301 1135/58/301
f 1139/58/302 1140/59/302 1141/60/302
f 1145/62/303 1143/61/303 1142/62/303
f 1146/59/304 1147/64/304 1148/63/304
f 1149/64/305 1151/65/305 1152/64/305
f 1153/64/306 1155/66/306 1154/65/306
f 1157/67/301 1159/68/300 1156/68/301
f 1160/65/307 1161/69/307 1162/70/307
f 1166/69/308 1164/71/308 1163/69/308
f 1167/69/309 1169/72/309 1168/71/309
f 1173/73/305 1171/74/305 1170/73/305
f 1174/71/310 1176/75/310 1175/76/310
f 1178/59/311 1180/58/311 1177/58/311
f 1181/58/312 1182/59/312 1183/60/312
f 1184/62/313 1186/61/313 1185/61/313
f 1188/59/314 1189/64/314 1190/63/314
f 1194/64/315 1192/65/315 1191/64/315
f 1195/64/316 1197/66/316 1196/65/316
f 1201/68/311 1199/67/311 1198/68/311
f 1202/65/317 1203/69/317 1204/70/317
f 1205/69/318 1207/71/318 1206/71/318
f 1209/69/319 1211/72/319 1210/71/319
f 1213/74/315 1215/73/315 1212/73/315
f 1216/71/320 1218/75/320 1217/76/320
f 1219/58/321 1221/59/321 1222/58/321
f 1223/58/322 1224/59/322 1225/60/322
f 1226/62/323 1228/61/323 1229/62/323
f 1230/59/324 1232/63/324 1231/64/324
f 1236/64/325 1234/65/325 1233/64/325
f 1237/64/326 1238/65/326 1239/66/326
f 1240/68/327 1242/67/327 1243/68/327
f 1244/65/328 1245/69/328 1246/70/328
f 1250/69/323 1248/71/323 1247/69/323
f 1251/69/329 1253/72/329 1252/71/329
f 1255/74/325 1257/73/325 1254/73/325
f 1258/71/330 1259/76/330 1260/75/330
f 799/58/211 802/58/211 801/59/211
f 807/61/213 808/61/213 809/62/213
f 814/65/215 815/65/215 816/64/215
f 821/67/211 822/67/211 823/68/211
f 828/71/218 829/71/218 830/69/218
f 837/73/215 836/74/215 835/74/215
f 841/58/221 842/59/227 843/59/221
f 851/62/223 850/61/223 849/61/223
f 858/64/225 857/65/225 856/65/225
f 865/68/227 864/67/227 863/67/221
f 869/69/223 870/71/223 871/71/223
f 876/73/230 879/73/230 878/74/230
f 883/58/232 884/59/232 885/59/232
f 893/62/234 892/61/234 891/61/234
f 898/65/236 899/65/236 900/64/236
f 907/68/232 906/67/232 905/67/232
f 914/69/239 913/71/239 912/71/239
f 918/73/236 921/73/236 920/74/236
f 925/58/242 926/59/242 927/59/242
f 935/62/244 934/61/244 933/61/244
f 939/64/246 942/64/246 941/65/246
f 947/67/248 948/67/248 949/68/248
f 956/69/250 955/71/250 954/71/251
f 963/73/253 962/74/253 961/74/253
f 968/59/255 969/59/255 970/58/255
f 975/61/257 976/61/257 977/62/257
f 982/65/259 983/65/259 984/64/259
f 988/68/261 989/67/261 990/67/261
f 998/69/257 997/71/257 996/71/257
f 1005/73/264 1004/74/264 1003/74/264
f 1012/58/266 1011/59/266 1010/59/266
f 1019/62/268 1018/61/268 1017/61/268
f 1023/64/270 1026/64/270 1025/65/270
f 1033/68/272 1032/67/272 1031/67/272
f 1040/69/274 1039/71/274 1038/71/274
f 1047/73/276 1046/74/276 1045/74/276
f 1054/58/279 1053/59/279 1052/59/279
f 1059/61/281 1060/61/281 1061/62/281
f 1065/64/283 1068/64/283 1067/65/283
f 1073/67/279 1074/67/279 1075/68/279
f 1082/69/281 1081/71/281 1080/71/281
f 1086/73/283 1087/74/283 1088/74/283
f 1096/58/288 1095/59/288 1094/59/288
f 1100/62/290 1103/62/290 1102/61/290
f 1110/64/292 1109/65/292 1108/65/292
f 1117/68/294 1116/67/294 1115/67/294
f 1121/69/296 1124/69/296 1123/71/296
f 1131/73/298 1130/74/298 1129/74/298
f 1138/58/300 1137/59/300 1136/59/301
f 1145/62/303 1144/61/303 1143/61/303
f 1149/64/305 1150/65/305 1151/65/305
f 1157/67/301 1158/67/300 1159/68/300
f 1166/69/308 1165/71/308 1164/71/308
f 1173/73/305 1172/74/305 1171/74/305
f 1178/59/311 1179/59/311 1180/58/311
f 1184/62/313 1187/62/313 1186/61/313
f 1194/64/315 1193/65/315 1192/65/315
f 1201/68/311 1200/67/311 1199/67/311
f 1205/69/318 1208/69/318 1207/71/318
f 1213/74/315 1214/74/315 1215/73/315
f 1219/58/321 1220/59/321 1221/59/321
f 1226/62/323 1227/61/323 1228/61/323
f 1236/64/325 1235/65/325 1234/65/325
f 1240/68/327 1241/67/327 1242/67/327
f 1250/69/323 1249/71/323 1248/71/323
f 1255/74/325 1256/74/325 1257/73/325
f 1262/77/331 1264/78/331 1261/78/331
f 1265/78/332 1267/79/332 1266/77/332
f 1269/80/333 1271/81/333 1268/81/333
f 1272/77/334 1274/82/334 1273/83/334
f 1276/84/335 1278/83/336 1275/83/335
f 1279/83/337 1281/85/337 1280/84/337
f 1283/86/338 1285/87/338 1282/87/338
f 1286/84/339 1288/88/339 1287/89/339
f 1290/90/340 1292/89/340 1289/89/340
f 1293/89/341 1295/91/341 1294/90/341
f 1297/92/342 1299/93/342 1296/93/342
f 1300/90/343 1302/94/343 1301/95/343
f 1306/78/344 1304/77/344 1303/78/344
f 1307/78/345 1309/79/345 1308/77/345
f 1313/81/346 1311/80/346 1310/81/347
f 1314/77/348 1316/82/348 1315/83/348
f 1317/83/349 1319/84/349 1318/84/349
f 1321/83/350 1322/84/350 1323/85/350
f 1327/87/351 1325/86/351 1324/87/351
f 1328/84/352 1330/88/352 1329/89/352
f 1332/90/346 1334/89/346 1331/89/346
f 1335/89/353 1337/91/353 1336/90/353
f 1339/92/349 1341/93/349 1338/93/349
f 1342/90/354 1343/95/354 1344/94/354
f 1346/77/355 1348/78/355 1345/78/355
f 1349/78/356 1350/77/356 1351/79/356
f 1355/81/357 1353/80/357 1352/81/357
f 1356/77/358 1358/82/358 1357/83/358
f 1360/84/359 1362/83/359 1359/83/359
f 1363/83/360 1364/84/360 1365/85/360
f 1369/87/355 1367/86/355 1366/87/355
f 1370/84/361 1372/88/361 1371/89/361
f 1373/89/357 1375/90/357 1376/89/357
f 1377/89/362 1379/91/362 1378/90/362
f 1380/93/359 1382/92/359 1381/92/359
f 1384/90/363 1386/94/363 1385/95/363
f 1387/78/364 1389/77/364 1388/77/364
f 1391/78/365 1392/77/365 1393/79/365
f 1394/81/366 1396/80/366 1395/80/366
f 1398/77/367 1399/83/367 1400/82/367
f 1402/84/368 1404/83/368 1401/83/368
f 1405/83/369 1406/84/369 1407/85/369
f 1409/86/364 1411/87/364 1408/87/364
f 1412/84/370 1414/88/370 1413/89/370
f 1416/90/366 1418/89/366 1415/89/366
f 1419/89/371 1421/91/371 1420/90/371
f 1422/93/372 1424/92/372 1425/93/372
f 1426/90/373 1427/95/373 1428/94/373
f 1430/77/374 1432/78/375 1429/78/374
f 1433/78/376 1435/79/376 1434/77/376
f 1437/80/377 1439/81/377 1436/81/377
f 1440/77/378 1441/83/378 1442/82/378
f 1444/84/379 1446/83/379 1443/83/379
f 1447/83/380 1448/84/380 1449/85/380
f 1453/87/374 1451/86/374 1450/87/374
f 1454/84/381 1455/89/381 1456/88/381
f 1458/90/382 1460/89/382 1457/89/382
f 1461/89/383 1462/90/383 1463/91/383
f 1464/93/379 1466/92/379 1465/92/379
f 1468/90/384 1470/94/384 1469/95/384
f 1471/78/385 1473/77/385 1474/78/385
f 1475/78/386 1477/79/386 1476/77/386
f 1479/80/387 1481/81/388 1478/81/387
f 1482/77/389 1484/82/389 1483/83/389
f 1485/83/390 1487/84/391 1486/84/390
f 1489/83/392 1491/85/392 1490/84/392
f 1492/87/393 1494/86/393 1495/87/393
f 1496/84/394 1498/88/394 1497/89/394
f 1499/89/388 1501/90/387 1500/90/388
f 1503/89/395 1505/91/395 1504/90/395
f 1509/93/396 1507/92/397 1506/93/397
f 1510/90/398 1511/95/398 1512/94/398
f 1514/77/399 1516/78/399 1513/78/399
f 1517/78/400 1519/79/400 1518/77/400
f 1523/81/401 1521/80/401 1520/81/401
f 1524/77/402 1525/83/402 1526/82/402
f 1528/84/403 1530/83/403 1527/83/403
f 1531/83/404 1532/84/404 1533/85/404
f 1534/87/399 1536/86/405 1535/86/399
f 1538/84/406 1539/89/406 1540/88/406
f 1544/89/407 1542/90/408 1541/89/408
f 1545/89/409 1547/91/409 1546/90/409
f 1549/92/410 1551/93/410 1548/93/410
f 1552/90/411 1553/95/411 1554/94/411
f 1555/78/412 1557/77/412 1558/78/412
f 1559/78/413 1560/77/413 1561/79/413
f 1562/81/414 1564/80/414 1565/81/414
f 1566/77/415 1568/82/415 1567/83/415
f 1570/84/416 1572/83/416 1569/83/416
f 1573/83/417 1575/85/417 1574/84/417
f 1579/87/412 1577/86/412 1576/87/412
f 1580/84/418 1581/89/418 1582/88/418
f 1583/89/419 1585/90/419 1586/89/419
f 1587/89/420 1588/90/420 1589/91/420
f 1590/93/416 1592/92/416 1591/92/416
f 1594/90/421 1595/95/421 1596/94/421
f 1262/77/331 1263/77/331 1264/78/331
f 1269/80/333 1270/80/333 1271/81/333
f 1276/84/335 1277/84/336 1278/83/336
f 1283/86/338 1284/86/338 1285/87/338
f 1290/90/340 1291/90/340 1292/89/340
f 1297/92/342 1298/92/342 1299/93/342
f 1306/78/344 1305/77/344 1304/77/344
f 1313/81/346 1312/80/346 1311/80/346
f 1317/83/349 1320/83/349 1319/84/349
f 1327/87/351 1326/86/351 1325/86/351
f 1332/90/346 1333/90/346 1334/89/346
f 1339/92/349 1340/92/349 1341/93/349
f 1346/77/355 1347/77/355 1348/78/355
f 1355/81/357 1354/80/357 1353/80/357
f 1360/84/359 1361/84/359 1362/83/359
f 1369/87/355 1368/86/355 1367/86/355
f 1373/89/357 1374/90/357 1375/90/357
f 1380/93/359 1383/93/359 1382/92/359
f 1387/78/364 1390/78/364 1389/77/364
f 1394/81/366 1397/81/366 1396/80/366
f 1402/84/368 1403/84/368 1404/83/368
f 1409/86/364 1410/86/364 1411/87/364
f 1416/90/366 1417/90/366 1418/89/366
f 1422/93/372 1423/92/372 1424/92/372
f 1430/77/374 1431/77/375 1432/78/375
f 1437/80/377 1438/80/377 1439/81/377
f 1444/84/379 1445/84/379 1446/83/379
f 1453/87/374 1452/86/374 1451/86/374
f 1458/90/382 1459/90/382 1460/89/382
f 1464/93/379 1467/93/379 1466/92/379
f 1471/78/385 1472/77/385 1473/77/385
f 1479/80/387 1480/80/388 1481/81/388
f 1485/83/390 1488/83/391 1487/84/391
f 1492/87/393 1493/86/393 1494/86/393
f 1499/89/388 1502/89/387 1501/90/387
f 1509/93/396 1508/92/396 1507/92/397
f 1514/77/399 1515/77/399 1516/78/399
f 1523/81/401 1522/80/401 1521/80/401
f 1528/84/403 1529/84/403 1530/83/403
f 1534/87/399 1537/87/405 1536/86/405
f 1544/89/407 1543/90/407 1542/90/408
f 1549/92/410 1550/92/410 1551/93/410
f 1555/78/412 1556/77/412 1557/77/412
f 1562/81/414 1563/80/414 1564/80/414
f 1570/84/416 1571/84/416 1572/83/416
f 1579/87/412 1578/86/412 1577/86/412
f 1583/89/419 1584/90/419 1585/90/419
f 1590/93/416 1593/93/416 1592/92/416
f 1597/96/422 1599/97/422 1598/97/422
f 1601/96/423 1603/98/423 1602/97/423
f 1605/99/424 1607/100/424 1604/100/424
f 1608/97/425 1610/101/425 1609/102/425
f 1612/103/426 1614/102/426 1611/102/426
f 1615/102/427 1617/104/427 1616/103/427
f 1619/105/422 1621/106/422 1618/106/422
f 1622/103/428 1623/107/428 1624/108/428
f 1626/109/429 1628/107/429 1625/107/429
f 1629/107/430 1631/110/430 1630/109/430
f 1635/111/426 1633/112/426 1632/111/426
f 1636/109/431 1638/113/431 1637/114/431
f 1639/96/432 1641/97/432 1642/96/432
f 1643/96/433 1645/98/433 1644/97/433
f 1649/100/434 1647/99/434 1646/100/434
f 1650/97/435 1652/101/435 1651/102/435
f 1656/102/436 1654/103/436 1653/102/436
f 1657/102/437 1659/104/437 1658/103/437
f 1663/106/432 1661/105/432 1660/106/432
f 1664/103/438 1665/107/438 1666/108/438
f 1667/107/434 1669/109/439 1670/107/439
f 1671/107/440 1672/109/440 1673/110/440
f 1674/111/441 1676/112/441 1675/112/441
f 1678/109/442 1680/113/442 1679/114/442
f 1681/96/443 1683/97/443 1684/96/443
f 1685/96/444 1687/98/444 1686/97/444
f 1691/100/445 1689/99/445 1688/100/445
f 1692/97/446 1693/102/446 1694/101/446
f 1696/103/447 1698/102/447 1695/102/447
f 1699/102/448 1700/103/448 1701/104/448
f 1705/106/443 1703/105/443 1702/106/443
f 1706/103/449 1708/108/449 1707/107/449
f 1712/107/450 1710/109/450 1709/107/450
f 1713/107/451 1714/109/451 1715/110/451
f 1716/111/447 1718/112/447 1717/112/447
f 1720/109/452 1722/113/452 1721/114/452
f 1723/96/453 1725/97/453 1726/96/453
f 1727/96/454 1728/97/454 1729/98/454
f 1733/100/455 1731/99/455 1730/100/455
f 1734/97/456 1736/101/456 1735/102/456
f 1737/102/457 1739/103/457 1738/103/457
f 1741/102/458 1743/104/458 1742/103/458
f 1745/105/459 1747/106/459 1744/106/459
f 1748/103/460 1750/108/460 1749/107/460
f 1754/107/461 1752/109/462 1751/107/462
f 1755/107/463 1756/109/463 1757/110/463
f 1761/111/464 1759/112/465 1758/111/465
f 1762/109/466 1764/113/466 1763/114/466
f 1766/97/467 1768/96/468 1765/96/467
f 1769/96/469 1770/97/469 1771/98/469
f 1773/99/470 1775/100/470 1772/100/470
f 1776/97/471 1778/101/471 1777/102/471
f 1780/103/472 1782/102/472 1779/102/472
f 1783/102/473 1784/103/473 1785/104/473
f 1786/106/474 1788/105/474 1789/106/474
f 1790/103/475 1791/107/475 1792/108/475
f 1796/107/470 1794/109/470 1793/107/470
f 1797/107/476 1799/110/476 1798/109/476
f 1803/111/472 1801/112/472 1800/111/472
f 1804/109/477 1805/114/477 1806/113/477
f 1810/96/478 1808/97/479 1807/96/479
f 1811/96/480 1813/98/480 1812/97/480
f 1817/100/481 1815/99/481 1814/100/481
f 1818/97/482 1820/101/482 1819/102/482
f 1821/102/483 1823/103/483 1822/103/483
f 1825/102/484 1827/104/484 1826/103/484
f 1831/106/485 1829/105/486 1828/106/486
f 1832/103/487 1834/108/487 1833/107/487
f 1838/107/488 1836/109/488 1835/107/488
f 1839/107/489 1841/110/489 1840/109/489
f 1845/111/490 1843/112/490 1842/111/490
f 1846/109/491 1847/114/491 1848/113/491
f 1852/96/492 1850/97/492 1849/96/492
f 1853/96/493 1854/97/493 1855/98/493
f 1857/99/494 1859/100/494 1856/100/494
f 1860/97/495 1861/102/495 1862/101/495
f 1863/102/496 1865/103/496 1864/103/496
f 1867/102/497 1869/104/497 1868/103/497
f 1871/105/492 1873/106/492 1870/106/492
f 1874/103/498 1876/108/498 1875/107/498
f 1880/107/494 1878/109/494 1877/107/494
f 1881/107/499 1883/110/499 1882/109/499
f 1884/111/496 1886/112/496 1887/111/496
f 1888/109/500 1889/114/500 1890/113/500
f 1894/96/501 1892/97/501 1891/96/501
f 1895/96/502 1896/97/502 1897/98/502
f 1898/100/503 1900/99/503 1899/99/503
f 1902/97/504 1904/101/504 1903/102/504
f 1908/102/505 1906/103/505 1905/102/505
f 1909/102/506 1911/104/506 1910/103/506
f 1915/106/507 1913/105/507 1912/106/507
f 1916/103/508 1917/107/508 1918/108/508
f 1919/107/509 1921/109/509 1920/109/509
f 1923/107/510 1925/110/510 1924/109/510
f 1929/111/511 1927/112/511 1926/111/511
f 1930/109/512 1931/114/512 1932/113/512
f 1936/96/513 1934/97/514 1933/96/514
f 1937/96/515 1938/97/515 1939/98/515
f 1943/100/516 1941/99/516 1940/100/516
f 1944/97/517 1945/102/517 1946/101/517
f 1947/102/518 1949/103/518 1950/102/518
f 1951/102/519 1953/104/519 1952/103/519
f 1955/105/514 1957/106/513 1954/106/514
f 1958/103/520 1959/107/520 1960/108/520
f 1964/107/521 1962/109/521 1961/107/521
f 1965/107/522 1967/110/522 1966/109/522
f 1971/111/518 1969/112/518 1968/111/518
f 1972/109/523 1974/113/523 1973/114/523
f 1976/97/524 1978/96/524 1975/96/524
f 1979/96/525 1980/97/525 1981/98/525
f 1982/100/526 1984/99/526 1983/99/526
f 1986/97/527 1987/102/527 1988/101/527
f 1992/102/528 1990/103/528 1989/102/528
f 1993/102/529 1995/104/529 1994/103/529
f 1999/106/524 1997/105/524 1996/106/524
f 2000/103/530 2001/107/530 2002/108/530
f 2003/107/531 2005/109/531 2004/109/531
f 2007/107/532 2009/110/532 2008/109/532
f 2011/112/533 2013/111/533 2010/111/533
f 2014/109/534 2016/113/534 2015/114/534
f 2017/96/535 2019/97/535 2020/96/535
f 2021/96/536 2022/97/536 2023/98/536
f 2024/100/537 2026/99/538 2027/100/538
f 2028/97/539 2030/101/539 2029/102/539
f 2034/102/540 2032/103/540 2031/102/540
f 2035/102/541 2036/103/541 2037/104/541
f 2038/106/542 2040/105/542 2041/106/542
f 2042/103/543 2043/107/543 2044/108/543
f 2048/107/538 2046/109/537 2045/107/537
f 2049/107/544 2051/110/544 2050/109/544
f 2053/112/540 2055/111/540 2052/111/540
f 2056/109/545 2057/114/545 2058/113/545
f 1597/96/422 1600/96/422 1599/97/422
f 1605/99/424 1606/99/424 1607/100/424
f 1612/103/426 1613/103/426 1614/102/426
f 1619/105/422 1620/105/422 1621/106/422
f 1626/109/429 1627/109/429 1628/107/429
f 1635/111/426 1634/112/426 1633/112/426
f 1639/96/432 1640/97/432 1641/97/432
f 1649/100/434 1648/99/434 1647/99/434
f 1656/102/436 1655/103/436 1654/103/436
f 1663/106/432 1662/105/432 1661/105/432
f 1667/107/434 1668/109/434 1669/109/439
f 1674/111/441 1677/111/441 1676/112/441
f 1681/96/443 1682/97/443 1683/97/443
f 1691/100/445 1690/99/546 1689/99/445
f 1696/103/447 1697/103/447 1698/102/447
f 1705/106/443 1704/105/443 1703/105/443
f 1712/107/450 1711/109/450 1710/109/450
f 1716/111/447 1719/111/447 1718/112/447
f 1723/96/453 1724/97/453 1725/97/453
f 1733/100/455 1732/99/455 1731/99/455
f 1737/102/457 1740/102/457 1739/103/457
f 1745/105/459 1746/105/459 1747/106/459
f 1754/107/461 1753/109/461 1752/109/462
f 1761/111/464 1760/112/464 1759/112/465
f 1766/97/467 1767/97/468 1768/96/468
f 1773/99/470 1774/99/470 1775/100/470
f 1780/103/472 1781/103/472 1782/102/472
f 1786/106/474 1787/105/474 1788/105/474
f 1796/107/470 1795/109/470 1794/109/470
f 1803/111/472 1802/112/472 1801/112/472
f 1810/96/478 1809/97/478 1808/97/479
f 1817/100/481 1816/99/481 1815/99/481
f 1821/102/483 1824/102/483 1823/103/483
f 1831/106/485 1830/105/485 1829/105/486
f 1838/107/488 1837/109/488 1836/109/488
f 1845/111/490 1844/112/490 1843/112/490
f 1852/96/492 1851/97/492 1850/97/492
f 1857/99/494 1858/99/494 1859/100/494
f 1863/102/496 1866/102/496 1865/103/496
f 1871/105/492 1872/105/492 1873/106/492
f 1880/107/494 1879/109/494 1878/109/494
f 1884/111/496 1885/112/496 1886/112/496
f 1894/96/501 1893/97/501 1892/97/501
f 1898/100/503 1901/100/503 1900/99/503
f 1908/102/505 1907/103/505 1906/103/505
f 1915/106/507 1914/105/507 1913/105/507
f 1919/107/509 1922/107/509 1921/109/509
f 1929/111/511 1928/112/511 1927/112/511
f 1936/96/513 1935/97/513 1934/97/514
f 1943/100/516 1942/99/516 1941/99/516
f 1947/102/518 1948/103/518 1949/103/518
f 1955/105/514 1956/105/513 1957/106/513
f 1964/107/521 1963/109/521 1962/109/521
f 1971/111/518 1970/112/518 1969/112/518
f 1976/97/524 1977/97/524 1978/96/524
f 1982/100/526 1985/100/526 1984/99/526
f 1992/102/528 1991/103/528 1990/103/528
f 1999/106/524 1998/105/524 1997/105/524
f 2003/107/531 2006/107/531 2005/109/531
f 2011/112/533 2012/112/533 2013/111/533
f 2017/96/535 2018/97/535 2019/97/535
f 2024/100/537 2025/99/537 2026/99/538
f 2034/102/540 2033/103/540 2032/103/540
f 2038/106/542 2039/105/542 2040/105/542
f 2048/107/538 2047/109/538 2046/109/537
f 2053/112/540 2054/112/540 2055/111/540
f 2059/115/547 2072/116/547 2071/117/547
f 2060/118/548 2072/116/548 2074/119/548
f 2059/115/549 2071/117/549 2076/120/549
f 2059/115/550 2076/120/550 2078/121/550
f 2059/115/551 2078/121/551 2075/122/551
f 2060/118/552 2074/119/552 2081/123/552
f 2061/124/553 2073/125/553 2083/115/553
f 2062/126/554 2077/127/554 2085/128/554
f 2063/129/555 2079/130/555 2087/131/555
f 2064/132/556 2080/133/556 2089/134/556
f 2060/118/557 2081/123/557 2084/135/557
f 2061/124/558 2083/115/558 2086/136/558
f 2062/126/559 2085/128/559 2088/137/559
f 2063/129/560 2087/131/560 2090/115/560
f 2064/132/561 2089/134/561 2082/138/561
f 2065/139/562 2091/140/562 2096/141/562
f 2066/142/563 2092/143/563 2098/144/563
f 2067/145/564 2093/146/564 2099/147/564
f 2068/148/565 2094/149/565 2100/150/565
f 2069/151/566 2095/152/566 2097/153/566
f 2097/153/567 2100/150/567 2070/115/567
f 2097/153/568 2095/152/568 2100/150/568
f 2095/152/569 2068/148/569 2100/150/569
f 2100/150/570 2099/147/570 2070/115/570
f 2100/150/571 2094/149/571 2099/147/571
f 2094/149/572 2067/145/572 2099/147/572
f 2099/147/573 2098/144/573 2070/115/573
f 2099/147/574 2093/146/574 2098/144/574
f 2093/146/575 2066/142/575 2098/144/575
f 2098/144/576 2096/141/576 2070/115/576
f 2098/144/577 2092/143/577 2096/141/577
f 2092/143/578 2065/139/578 2096/141/578
f 2096/141/579 2097/153/579 2070/115/579
f 2096/141/580 2091/140/580 2097/153/580
f 2091/140/581 2069/151/581 2097/153/581
f 2082/138/582 2095/152/582 2069/151/582
f 2082/138/583 2089/134/583 2095/152/583
f 2089/134/584 2068/148/584 2095/152/584
f 2090/115/585 2094/149/585 2068/148/585
f 2090/115/586 2087/131/586 2094/149/586
f 2087/131/587 2067/145/587 2094/149/587
f 2088/137/588 2093/146/588 2067/145/588
f 2088/137/589 2085/128/589 2093/146/589
f 2085/128/590 2066/142/590 2093/146/590
f 2086/136/591 2092/143/591 2066/142/591
f 2086/136/592 2083/115/592 2092/143/592
f 2083/115/593 2065/139/593 2092/143/593
f 2084/135/594 2091/140/594 2065/139/594
f 2084/135/595 2081/123/595 2091/140/595
f 2081/123/596 2069/151/596 2091/140/596
f 2089/134/597 2090/115/597 2068/148/597
f 2089/134/598 2080/133/598 2090/115/598
f 2080/133/599 2063/129/599 2090/115/599
f 2087/131/600 2088/137/600 2067/145/600
f 2087/131/601 2079/130/601 2088/137/601
f 2079/130/602 2062/126/602 2088/137/602
f 2085/128/603 2086/136/603 2066/142/603
f 2085/128/604 2077/127/604 2086/136/604
f 2077/127/605 2061/124/605 2086/136/605
f 2083/115/606 2084/135/606 2065/139/606
f 2083/115/607 2073/125/607 2084/135/607
f 2073/125/608 2060/118/608 2084/135/608
f 2081/123/609 2082/138/609 2069/151/609
f 2081/123/610 2074/119/610 2082/138/610
f 2074/119/611 2064/132/611 2082/138/611
f 2075/122/612 2080/133/612 2064/132/612
f 2075/122/613 2078/121/613 2080/133/613
f 2078/121/614 2063/129/614 2080/133/614
f 2078/121/615 2079/130/615 2063/129/615
f 2078/121/616 2076/120/616 2079/130/616
f 2076/120/617 2062/126/617 2079/130/617
f 2076/120/618 2077/127/618 2062/126/618
f 2076/120/619 2071/117/619 2077/127/619
f 2071/117/620 2061/124/620 2077/127/620
f 2074/119/621 2075/122/621 2064/132/621
f 2074/119/622 2072/116/622 2075/122/622
f 2072/116/623 2059/115/623 2075/122/623
f 2071/117/624 2073/125/624 2061/124/624
f 2071/117/625 2072/116/625 2073/125/625
f 2072/116/626 2060/118/626 2073/125/626
f 2102/154/627 2104/155/627 2101/155/627
f 2105/155/628 2106/154/628 2107/156/628
f 2108/157/629 2110/158/629 2111/157/629
f 2112/154/630 2114/159/630 2113/160/630
f 2116/115/631 2118/160/631 2115/160/631
f 2119/160/632 2121/161/632 2120/115/632
f 2122/162/627 2124/163/627 2123/163/627
f 2126/115/633 2128/164/633 2127/165/633
f 2130/166/634 2132/165/634 2129/165/634
f 2133/165/635 2135/167/635 2134/166/635
f 2139/168/631 2137/169/631 2136/168/631
f 2140/166/636 2142/170/636 2141/171/636
f 2146/155/637 2144/154/637 2143/155/637
f 2147/155/638 2148/154/638 2149/156/638
f 2153/157/639 2151/158/639 2150/157/639
f 2154/154/640 2155/160/640 2156/159/640
f 2160/160/641 2158/115/641 2157/160/641
f 2161/160/642 2162/115/642 2163/161/642
f 2164/162/637 2166/163/637 2167/162/637
f 2168/115/643 2169/165/643 2170/164/643
f 2174/165/644 2172/166/644 2171/165/644
f 2175/165/645 2176/166/645 2177/167/645
f 2181/168/646 2179/169/646 2178/168/646
f 2182/166/647 2183/171/647 2184/170/647
f 2185/155/648 2187/154/648 2188/155/648
f 2189/155/649 2191/156/649 2190/154/649
f 2192/157/650 2194/158/650 2193/158/650
f 2196/154/651 2198/159/651 2197/160/651
f 2199/160/652 2201/115/653 2200/115/652
f 2203/160/654 2204/115/654 2205/161/654
f 2209/162/648 2207/163/648 2206/162/648
f 2210/115/655 2212/164/655 2211/165/655
f 2213/165/656 2215/166/656 2214/166/656
f 2217/165/657 2219/167/657 2218/166/657
f 2221/169/653 2223/168/653 2220/168/653
f 2224/166/658 2225/171/658 2226/170/658
f 2227/155/659 2229/154/659 2228/154/659
f 2231/155/660 2232/154/660 2233/156/660
f 2237/157/661 2235/158/661 2234/157/661
f 2238/154/662 2240/159/662 2239/160/662
f 2244/160/663 2242/115/663 2241/160/663
f 2245/160/664 2246/115/664 2247/161/664
f 2251/162/665 2249/163/665 2248/162/665
f 2252/115/666 2254/164/666 2253/165/666
f 2258/165/667 2256/166/667 2255/165/667
f 2259/165/668 2260/166/668 2261/167/668
f 2262/168/663 2264/169/663 2265/168/663
f 2266/166/669 2267/171/669 2268/170/669
f 2272/155/670 2270/154/670 2269/155/670
f 2273/155/671 2275/156/671 2274/154/671
f 2276/157/672 2278/158/672 2279/157/672
f 2280/154/673 2281/160/673 2282/159/673
f 2284/115/674 2286/160/674 2283/160/674
f 2287/160/675 2288/115/675 2289/161/675
f 2290/162/676 2292/163/676 2291/163/676
f 2294/115/677 2296/164/677 2295/165/677
f 2297/165/672 2299/166/672 2298/166/672
f 2301/165/678 2302/166/678 2303/167/678
f 2305/169/679 2307/168/679 2304/168/679
f 2308/166/680 2310/170/680 2309/171/680
f 2314/155/681 2312/154/681 2311/155/681
f 2315/155/682 2317/156/682 2316/154/682
f 2321/157/683 2319/158/683 2318/157/683
f 2322/154/684 2324/159/684 2323/160/684
f 2328/160/685 2326/115/685 2325/160/685
f 2329/160/686 2331/161/686 2330/115/686
f 2332/162/681 2334/163/681 2335/162/681
f 2336/115/687 2338/164/687 2337/165/687
f 2342/165/688 2340/166/688 2339/165/688
f 2343/165/689 2345/167/689 2344/166/689
f 2346/168/690 2348/169/690 2347/169/690
f 2350/166/691 2352/170/691 2351/171/691
f 2354/154/692 2356/155/692 2353/155/692
f 2357/155/693 2359/156/693 2358/154/693
f 2360/157/694 2362/158/694 2363/157/694
f 2364/154/695 2366/159/695 2365/160/695
f 2368/115/696 2370/160/696 2367/160/696
f 2371/160/697 2373/161/697 2372/115/697
f 2377/162/692 2375/163/692 2374/162/692
f 2378/115/698 2379/165/698 2380/164/698
f 2382/166/699 2384/165/699 2381/165/699
f 2385/165/700 2387/167/700 2386/166/700
f 2389/169/701 2391/168/701 2388/168/701
f 2392/166/702 2394/170/702 2393/171/702
f 2396/154/703 2398/155/703 2395/155/703
f 2399/155/704 2401/156/704 2400/154/704
f 2403/158/705 2405/157/705 2402/157/705
f 2406/154/706 2407/160/706 2408/159/706
f 2409/160/707 2411/115/707 2412/160/707
f 2413/160/708 2414/115/708 2415/161/708
f 2416/162/703 2418/163/703 2417/163/703
f 2420/115/709 2422/164/709 2421/165/709
f 2423/165/710 2425/166/710 2426/165/710
f 2427/165/711 2428/166/711 2429/167/711
f 2430/168/712 2432/169/712 2433/168/712
f 2434/166/713 2435/171/713 2436/170/713
f 2102/154/627 2103/154/627 2104/155/627
f 2108/157/629 2109/158/629 2110/158/629
f 2116/115/631 2117/115/631 2118/160/631
f 2122/162/627 2125/162/627 2124/163/627
f 2130/166/634 2131/166/634 2132/165/634
f 2139/168/631 2138/169/631 2137/169/631
f 2146/155/637 2145/154/637 2144/154/637
f 2153/157/639 2152/158/639 2151/158/639
f 2160/160/641 2159/115/641 2158/115/641
f 2164/162/637 2165/163/637 2166/163/637
f 2174/165/644 2173/166/644 2172/166/644
f 2181/168/646 2180/169/646 2179/169/646
f 2185/155/648 2186/154/648 2187/154/648
f 2192/157/650 2195/157/650 2194/158/650
f 2199/160/652 2202/160/653 2201/115/653
f 2209/162/648 2208/163/648 2207/163/648
f 2213/165/656 2216/165/656 2215/166/656
f 2221/169/653 2222/169/653 2223/168/653
f 2227/155/659 2230/155/659 2229/154/659
f 2237/157/661 2236/158/661 2235/158/661
f 2244/160/663 2243/115/663 2242/115/663
f 2251/162/665 2250/163/665 2249/163/665
f 2258/165/667 2257/166/667 2256/166/667
f 2262/168/663 2263/169/663 2264/169/663
f 2272/155/670 2271/154/670 2270/154/670
f 2276/157/672 2277/158/672 2278/158/672
f 2284/115/674 2285/115/674 2286/160/674
f 2290/162/676 2293/162/676 2292/163/676
f 2297/165/672 2300/165/672 2299/166/672
f 2305/169/679 2306/169/679 2307/168/679
f 2314/155/681 2313/154/681 2312/154/681
f 2321/157/683 2320/158/683 2319/158/683
f 2328/160/685 2327/115/685 2326/115/685
f 2332/162/681 2333/163/681 2334/163/681
f 2342/165/688 2341/166/688 2340/166/688
f 2346/168/690 2349/168/690 2348/169/690
f 2354/154/692 2355/154/692 2356/155/692
f 2360/157/694 2361/158/694 2362/158/694
f 2368/115/696 2369/115/696 2370/160/696
f 2377/162/692 2376/163/692 2375/163/692
f 2382/166/699 2383/166/699 2384/165/699
f 2389/169/701 2390/169/701 2391/168/701
f 2396/154/703 2397/154/703 2398/155/703
f 2403/158/705 2404/158/705 2405/157/705
f 2409/160/707 2410/115/707 2411/115/707
f 2416/162/703 2419/162/703 2418/163/703
f 2423/165/710 2424/166/710 2425/166/710
f 2430/168/712 2431/169/712 2432/169/712
