# Blender 5.1.2
# www.blender.org
o st_isle_01_stone
v 0.000000 -19.000492 0.000000
v -1.603103 -0.551782 -4.385544
v 3.935292 -1.078632 -5.042026
v 3.923554 -0.780879 1.809693
v -1.045459 -0.862956 5.115769
v -3.740414 -0.878367 1.390941
v 1.176420 -0.025619 -5.756597
v 4.817074 -0.017358 -1.791315
v 1.623981 0.000110 4.442653
v -3.853249 0.063993 4.936913
v -3.796388 0.141262 -1.751040
v 0.000000 -0.008828 0.000000
v 3.672572 -1.378965 -4.705425
v 3.314978 -1.789535 -4.247264
v 2.857460 -2.449574 -3.661074
v 2.313088 -2.789270 -2.963608
v 1.714470 -3.327335 -2.196634
v 1.104987 -4.086357 -1.415743
v 0.524649 -10.353436 -0.672196
v -0.213722 -9.828962 -0.584675
v -0.450133 -4.566897 -1.231413
v -0.698418 -5.327124 -1.910630
v -0.942272 -5.490232 -2.577737
v -1.164032 -1.735476 -3.184393
v -1.350408 -0.720159 -3.694257
v -1.496080 -0.655226 -4.092769
v -0.992369 -0.749227 -4.437159
v -0.353839 -1.006902 -4.348505
v 0.282477 -1.399987 -4.608371
v 1.118370 -1.228310 -5.472752
v 1.997205 -0.925309 -5.742423
v 2.884051 -1.409215 -5.866221
v 3.250815 -1.076724 -5.112388
v -3.790025 -0.678089 0.823742
v -3.744601 -0.789795 0.126308
v -3.570709 -1.081405 -0.671432
v -3.610568 -1.121989 -1.665332
v -2.870919 -1.327420 -2.314260
v -2.914423 -1.160934 -3.657875
v -2.386651 -0.802637 -4.448120
v -0.498670 -10.232134 0.185440
v -1.050268 -6.635436 0.390560
v -1.629569 -6.031993 0.605986
v -2.198545 -3.703650 0.817568
v -2.715959 -2.378134 1.009977
v -3.150819 -1.086371 1.171687
v -3.490706 -0.985474 1.298081
v 3.661625 -1.041293 1.688882
v 3.305099 -1.568518 1.524438
v 2.848950 -1.882364 1.314045
v 2.306205 -2.725762 1.063710
v 1.709370 -4.639129 0.788427
v 1.101698 -8.220828 0.508145
v 0.523088 -15.023051 0.241268
v 4.247779 -0.769598 -4.443933
v 4.022414 -0.964260 -3.283823
v 4.093809 -1.010245 -2.422177
v 4.581306 -0.962692 -1.703661
v 4.653815 -0.858644 -0.729873
v 3.804302 -0.571214 0.203919
v 3.581734 -0.603845 0.929742
v -0.975669 -1.310177 4.774246
v -0.880665 -1.520794 4.309381
v -0.759123 -2.095192 3.714620
v -0.614503 -2.213898 3.006950
v -0.455473 -4.253343 2.228763
v -0.293551 -5.989868 1.436452
v -0.139379 -13.217281 0.682032
v 3.277387 -0.809298 2.292318
v 2.715938 -0.831743 2.857372
v 2.060153 -1.023786 3.353349
v 1.544482 -1.096117 4.225225
v 0.878405 -1.299381 5.050406
v 0.109056 -0.687957 4.996111
v -0.487488 -0.871750 4.786933
v -1.558733 -0.869457 5.075912
v -2.163935 -0.785571 5.014604
v -2.743136 -0.885346 4.685989
v -3.665136 -0.902583 4.695816
v -3.811392 -1.033681 3.678782
v -4.333421 -0.882409 3.128370
v -3.848203 -1.089401 2.035055
v -3.529978 0.029211 -2.096652
v -3.291927 -0.058526 -2.464206
v -3.308610 -0.072253 -3.080142
v -3.352936 -0.000006 -3.853689
v -3.276691 -0.099963 -4.638480
v -2.812162 -0.215721 -4.913851
v -2.110234 -0.383554 -4.583826
v -3.952910 -0.462655 1.115458
v -4.163819 -0.253698 0.786450
v -4.243310 -0.091173 0.389167
v -4.368371 0.054879 -0.041715
v -4.255409 -0.003625 -0.490114
v -4.047035 0.079134 -0.912403
v -4.059872 0.106029 -1.383157
v 1.620157 -0.026939 -6.142616
v 2.097647 0.008926 -6.430500
v 2.683958 0.072419 -6.847857
v 3.209236 -0.000006 -6.957869
v 3.405756 -0.102702 -6.373151
v 3.497702 -0.285610 -5.717704
v 3.681815 -0.653917 -5.308053
v -1.321984 -0.476438 -4.714524
v -0.966035 -0.357423 -4.832893
v -0.592019 -0.112541 -4.789072
v -0.270958 -0.096321 -5.284411
v 0.095704 -0.034408 -5.487098
v 0.430692 -0.070427 -5.201816
v 0.791888 -0.139937 -5.460185
v 5.311767 0.035866 -1.498911
v 5.401638 -0.013365 -1.020245
v 5.003254 -0.099121 -0.458863
v 4.549872 -0.000006 0.043444
v 4.213769 -0.071698 0.485317
v 3.918869 -0.208060 0.883506
v 4.011250 -0.467032 1.366594
v 4.403276 -0.578435 -5.017461
v 4.687668 -0.256949 -4.722348
v 4.695951 -0.084376 -4.151309
v 4.678164 -0.037648 -3.595239
v 4.809371 -0.012788 -3.174927
v 4.628901 -0.106546 -2.584288
v 4.686577 -0.099346 -2.166916
v 1.415646 0.101679 5.048544
v 1.127199 0.044346 5.639174
v 0.748091 0.007595 6.051556
v 0.305528 0.000000 5.958693
v -0.096294 -0.071632 5.520945
v -0.434794 -0.315167 5.251352
v -0.756846 -0.603130 5.218568
v 3.714056 -0.457303 2.205989
v 3.522384 -0.239910 2.636715
v 3.319365 -0.077572 3.090154
v 2.929655 -0.026378 3.367194
v 2.537361 0.020185 3.591886
v 2.244204 0.021263 3.921425
v 1.925182 -0.090085 4.181857
v -4.203320 0.090943 4.789621
v -4.273285 0.136801 4.304897
v -4.666583 0.110511 4.125352
v -5.024736 0.000000 3.861589
v -4.786999 -0.109015 3.160158
v -4.293833 -0.378015 2.397222
v -4.058626 -0.654753 1.876571
v -1.377963 -0.520350 5.224371
v -1.853223 -0.301411 5.681191
v -2.274797 -0.081295 5.803918
v -2.707110 0.092769 5.869222
v -3.041641 -0.032422 5.691785
v -3.168147 -0.074162 5.178984
v -3.448108 -0.077908 4.971111
v -3.055837 0.011094 -2.137357
v -2.880520 0.043895 -3.030526
v -2.632789 0.168740 -4.285432
v -1.524629 -0.020774 -4.170908
v -0.729550 -0.194205 -4.194563
v -0.103330 -0.111947 -4.733625
v 0.487763 -0.126423 -4.789671
v 1.778329 0.031603 -5.791022
v 2.618626 0.243061 -6.068286
v 3.022298 0.131065 -5.162872
v 3.742712 0.108906 -4.795210
v 4.127319 -0.101370 -3.983718
v 4.124166 -0.155859 -2.977306
v 4.233230 -0.119680 -2.238672
v 4.967833 0.024541 -1.079729
v 4.103813 -0.136372 -0.138425
v 3.487347 -0.147884 0.655756
v 3.731511 0.012215 1.721116
v 3.027244 0.046717 2.440276
v 2.365193 -0.096552 2.968541
v 1.961950 -0.129377 3.656583
v 1.125350 0.084959 5.031757
v 0.428992 -0.054373 5.272071
v -0.284636 -0.132192 4.643624
v -0.994252 -0.111694 4.865382
v -1.757819 -0.003036 5.054121
v -2.503731 0.007881 5.092634
v -2.941310 -0.020229 4.625649
v -3.879929 0.132627 4.059096
v -4.268013 0.039303 3.484330
v -3.879784 -0.000528 2.295548
v -3.557344 -0.109038 1.322875
v -3.646862 -0.105809 0.571947
v -3.789997 -0.111782 -0.203153
v -3.706490 -0.074019 -0.962130
v 0.156838 -0.021197 -0.767460
v 0.330324 -0.046733 -1.616387
v 0.512526 0.041938 -2.507949
v 0.691477 0.058174 -3.383615
v 0.854211 0.060879 -4.179931
v 0.990984 0.034325 -4.849197
v 1.097883 -0.031592 -5.372288
v -3.542944 0.041827 -1.634142
v -3.197980 0.017770 -1.475031
v -2.756610 -0.068645 -1.271454
v -2.231459 -0.146069 -1.029235
v -1.653968 -0.078710 -0.762873
v -1.065993 -0.031311 -0.491677
v -0.506137 0.007205 -0.233450
v 0.642208 -0.024942 -0.238815
v 1.352577 0.046024 -0.502980
v 2.098629 0.049148 -0.780413
v 2.831384 0.029348 -1.052903
v 3.497731 0.155397 -1.300692
v 4.057767 0.055165 -1.508953
v 4.495489 0.040337 -1.671730
v 0.216509 -0.044500 0.592290
v 0.455995 0.015367 1.247449
v 0.707512 0.057211 1.935509
v 0.954546 0.060676 2.611308
v 1.179194 -0.081032 3.225862
v 1.367993 0.002546 3.742368
v 1.515566 0.001744 4.146068
v -0.513711 -0.011693 0.658186
v -1.081950 -0.054780 1.386230
v -1.678728 0.067045 2.150843
v -2.264869 0.039529 2.901822
v -2.797889 0.093076 3.584748
v -3.245869 0.118888 4.158717
v -3.596011 0.069212 4.607325
v -0.859101 0.068761 0.319475
v -1.423136 0.020377 0.122651
v -1.611214 0.020416 1.073101
v -2.058490 -0.041987 -0.110339
v -1.870195 0.033638 0.695476
v -2.318108 0.075383 1.892465
v -2.556165 -0.156756 -0.348964
v -2.466644 -0.000649 0.492017
v -2.524939 -0.069635 1.381961
v -2.783034 0.055715 2.526115
v -2.997387 -0.111007 -0.573715
v -2.956815 -0.162778 0.254836
v -2.843071 -0.160342 1.057270
v -3.347587 -0.016143 2.229562
v -3.195777 0.024579 3.096725
v -3.389858 -0.160358 -0.781091
v -3.437073 -0.127561 0.020839
v -3.330667 -0.118921 0.827417
v -3.382558 -0.115352 1.680733
v -3.972221 0.073353 2.985797
v -3.574755 0.078722 3.621352
v -0.240112 -0.043489 1.174987
v -0.768100 0.002392 1.941117
v -0.025412 0.021863 1.855296
v -1.359861 0.004703 2.765989
v -0.522707 -0.067034 2.557862
v 0.233000 0.064493 2.863450
v -1.870599 -0.063228 3.405529
v -1.066758 -0.104687 3.343245
v -0.279342 0.005484 3.108039
v 0.503785 -0.003476 3.641946
v -2.308142 -0.019745 3.927087
v -1.595871 -0.110693 4.033025
v -0.794614 -0.069987 3.888466
v -0.052800 -0.083215 3.854713
v 0.746479 0.057321 4.234957
v -2.659067 -0.013013 4.321990
v -2.076808 0.070098 4.610005
v -1.257582 -0.085069 4.392936
v -0.523389 -0.163553 4.270521
v 0.189054 -0.020025 4.651064
v 0.957543 0.024662 4.708905
v 0.901160 -0.037097 0.415650
v 1.106652 0.031163 1.042555
v 1.416195 -0.018111 0.154598
v 1.284623 0.062007 1.612321
v 1.961764 0.031251 0.904841
v 2.228930 0.080063 -0.075187
v 1.515546 -0.009251 2.235565
v 2.102416 0.135663 1.534928
v 2.320002 -0.059922 0.552256
v 3.111622 0.023023 -0.345932
v 1.724138 -0.085536 2.824416
v 2.299267 -0.047834 2.166097
v 2.982269 0.020949 1.375537
v 2.942401 -0.100804 0.321209
v 3.919728 0.091229 -0.626191
v 1.867771 -0.138638 3.294518
v 2.372638 -0.120131 2.642058
v 2.979589 0.019388 1.930228
v 3.232752 -0.055182 0.962870
v 3.542825 -0.117601 0.089469
v 4.532046 0.138144 -0.875013
v 0.903862 -0.022704 -1.158042
v 1.569229 -0.018469 -1.376799
v 1.138616 -0.073359 -2.147471
v 2.239981 -0.086933 -1.617081
v 1.967646 -0.073463 -2.520973
v 1.422269 0.000044 -3.295901
v 2.914297 0.049307 -1.863945
v 2.772053 0.013772 -2.832097
v 2.085778 0.075020 -3.360719
v 1.559509 0.082082 -4.117851
v 3.436048 -0.017342 -2.022489
v 3.260355 0.048961 -2.860552
v 2.991218 0.078524 -3.832387
v 2.365687 0.115230 -4.461755
v 1.665988 0.099616 -4.817310
v 3.876895 -0.070185 -2.147567
v 3.676097 -0.066275 -2.887654
v 3.723354 0.139882 -4.058390
v 2.955030 0.081257 -4.456634
v 2.572574 0.226935 -5.449622
v 1.737697 0.156992 -5.373482
v -0.368198 -0.065895 -1.007277
v -0.191976 -0.086531 -1.606708
v -1.101888 -0.092972 -1.541816
v -0.056118 -0.066280 -2.571002
v -0.801629 -0.111293 -2.193011
v -1.564520 -0.095458 -1.645994
v 0.101275 -0.050347 -3.312155
v -0.599344 -0.062216 -2.872599
v -1.624320 -0.071599 -2.906690
v -2.012279 -0.037444 -1.795905
v 0.244631 -0.122205 -3.866607
v -0.398862 -0.141537 -3.338225
v -1.218631 -0.032703 -3.333814
v -2.289358 0.075581 -3.203395
v -2.412986 -0.097025 -1.932217
v 0.372964 -0.136130 -4.356789
v -0.254032 -0.202895 -4.098220
v -0.987086 -0.167607 -3.942518
v -1.935125 0.085508 -3.876708
v -2.652720 0.091476 -3.146785
v -2.762254 -0.077908 -2.047420
v -3.916360 -0.019894 -0.557568
v -4.222446 0.027841 -0.128246
v -3.948458 0.004092 0.237300
v -4.252184 0.080839 0.326359
v -4.114008 0.058844 0.694005
v -3.887779 -0.049929 1.037451
v -4.292749 0.000000 0.769743
v -4.208977 0.086278 1.147003
v -4.014502 0.041630 1.492876
v -3.969750 -0.122639 1.897601
v -4.204173 -0.090491 1.167068
v -4.181925 0.097295 1.555132
v -4.306711 -0.045238 2.033764
v -4.322939 -0.181742 2.504237
v -4.535715 -0.070427 3.146625
v -4.044847 -0.333311 1.504156
v -4.309811 -0.124905 2.012868
v -4.464539 -0.197269 2.536901
v -4.842652 -0.114274 3.273754
v -4.812850 0.046458 3.807383
v -4.254222 0.166496 3.889129
v -2.883328 0.055820 5.210470
v -2.700995 0.078232 5.679265
v -2.200480 0.056182 5.321777
v -2.321441 0.080086 5.772877
v -1.928586 -0.026268 5.675697
v -1.403037 -0.064608 5.121087
v -1.959157 0.000000 5.889710
v -1.499073 0.014773 5.548062
v -1.122042 -0.012622 5.490641
v -0.682070 -0.046354 5.058851
v -1.480425 -0.104626 5.548577
v -1.168846 -0.000006 5.719624
v -0.762932 0.032599 5.504679
v -0.361164 -0.065439 5.214551
v 0.020546 -0.090277 5.202412
v -1.130544 -0.317256 5.532146
v -0.784265 -0.118844 5.523815
v -0.414331 -0.000006 5.424211
v -0.040745 -0.059521 5.562804
v 0.380924 -0.069696 5.816894
v 0.794283 -0.012265 5.579374
v 2.317772 -0.015224 3.457545
v 2.729830 -0.003916 3.271563
v 2.979228 -0.003003 2.966564
v 3.271837 -0.019184 3.145082
v 3.437947 0.087158 2.697145
v 3.564722 0.067067 2.203512
v 3.610248 0.035140 2.763576
v 3.893203 0.027830 2.371573
v 4.211053 0.046161 1.942299
v 3.861631 -0.115566 1.239825
v 3.920491 -0.074443 2.356783
v 4.386670 0.016715 2.023300
v 4.213428 -0.005077 1.383178
v 3.903172 -0.190443 0.787509
v 3.968226 -0.199474 0.322337
v 4.242887 -0.276463 1.956982
v 4.238704 -0.075608 1.419064
v 4.051600 -0.088490 0.867732
v 4.246338 -0.089518 0.420365
v 4.470109 -0.178321 -0.049632
v 4.812977 -0.065906 -0.560460
v 4.471881 -0.135872 -2.835297
v 4.547898 -0.086488 -3.393770
v 4.289457 -0.119724 -3.631517
v 4.662343 -0.066600 -4.038327
v 4.649717 -0.078975 -4.559715
v 4.339122 0.044682 -4.845685
v 4.842528 0.000000 -4.816593
v 4.695051 -0.031224 -5.282363
v 4.223690 -0.023331 -5.411463
v 3.537521 0.031762 -5.205214
v 4.687478 -0.102173 -5.309199
v 4.399822 0.000000 -5.637155
v 3.862560 -0.154264 -5.640737
v 3.424138 0.015108 -5.754464
v 3.106825 0.206344 -6.082386
v 4.255596 -0.356158 -5.452392
v 3.887512 -0.092405 -5.638895
v 3.588442 0.000000 -5.943298
v 3.382289 0.091591 -6.465476
v 3.017582 0.124949 -6.750093
v 2.366579 0.020454 -6.308537
v 0.173247 -0.022831 -5.075754
v -0.193174 -0.046855 -5.191406
v -0.451065 -0.072974 -4.497363
v -0.541019 -0.044159 -4.809364
v -0.870937 -0.011242 -4.747837
v -1.232613 -0.086713 -4.622910
v -0.954355 -0.000006 -4.969272
v -1.361471 0.001623 -5.011086
v -1.720562 0.111122 -4.706918
v -2.155159 0.060324 -4.510914
v -1.384384 -0.111523 -5.011139
v -1.792318 0.000000 -4.903211
v -2.300805 0.106183 -4.881879
v -2.903939 0.036988 -4.851599
v -3.079640 0.071131 -4.081088
v -1.733576 -0.276188 -4.742485
v -2.269880 -0.068931 -4.875889
v -2.963063 0.000000 -5.068200
v -3.304577 -0.028925 -4.533518
v -3.219962 -0.018024 -3.548920
v -3.092638 -0.061743 -2.728375
v -4.166875 -0.032604 5.338724
v -4.456839 -0.029282 5.047970
v -3.627606 -0.099495 5.261894
v -4.421315 0.000000 4.397635
v -4.308625 0.000000 5.520311
v -3.254483 -0.100562 5.390183
v -4.726337 -0.105814 4.093751
v -4.447079 -0.131857 5.003369
v -3.588972 -0.098824 5.241204
v -3.004106 -0.064834 5.742550
v -4.851795 -0.341088 3.620543
v -4.263549 -0.344075 4.181019
v -4.136140 -0.451028 5.299297
v -3.108684 -0.212151 5.224321
v -2.513983 -0.204243 5.623585
v -4.361196 -0.762157 2.765116
v -4.438835 -0.652933 3.757983
v -4.091598 -0.734767 4.569265
v -3.273472 -0.587279 4.816684
v -2.738165 -0.440687 5.360646
v -2.044207 -0.529821 5.449192
v 1.756153 0.041866 4.804248
v 1.486963 0.054598 5.382463
v 2.054265 0.001545 4.412725
v 1.124087 0.000000 5.853047
v 1.815657 0.000000 4.967064
v 2.347218 0.064906 4.014820
v 0.682837 -0.097856 6.070053
v 1.468186 -0.121495 5.403881
v 2.063779 -0.131274 4.378968
v 2.570896 -0.134937 3.526992
v 0.210686 -0.228173 5.662172
v 1.036895 -0.396468 5.652573
v 1.742960 -0.418731 4.768218
v 2.285560 -0.436639 3.818485
v 2.922684 -0.327641 3.221273
v -0.173735 -0.512721 5.089878
v 0.563903 -0.592746 5.622530
v 1.335078 -0.759753 5.007271
v 1.913869 -0.768999 4.005903
v 2.422970 -0.795674 3.210886
v 3.164182 -0.437646 2.791500
v 5.209134 -0.054456 -1.937116
v 5.639935 0.002062 -1.565636
v 4.957455 -0.108377 -2.315352
v 5.547538 -0.000006 -0.994749
v 5.385667 -0.110660 -2.002776
v 4.780643 -0.052608 -2.716524
v 4.918826 -0.073535 -0.377534
v 5.636002 -0.105122 -1.535900
v 4.933505 -0.104643 -2.329767
v 4.798933 -0.118107 -3.244205
v 4.310958 -0.231275 0.130931
v 5.289527 -0.223933 -0.892321
v 5.169383 -0.309793 -1.922356
v 4.595925 -0.372344 -2.662392
v 4.487002 -0.349685 -3.549615
v 3.869728 -0.396374 0.550923
v 4.474455 -0.447794 -0.268926
v 5.193910 -0.575658 -1.386011
v 4.528174 -0.556463 -2.164557
v 4.422160 -0.703769 -3.067858
v 4.421905 -0.495512 -4.042426
v 1.272157 -0.037790 -6.225127
v 1.738624 -0.032554 -6.516308
v 0.817978 -0.168801 -5.761302
v 2.217631 0.000000 -6.666748
v 1.314758 -0.025845 -6.433640
v 0.410162 -0.087554 -5.369684
v 2.769119 -0.099352 -6.886153
v 1.758227 -0.103092 -6.507201
v 0.792844 -0.119416 -5.720534
v 0.040225 -0.096250 -5.492197
v 3.157333 -0.362653 -6.638792
v 2.185610 -0.249359 -6.432114
v 1.262104 -0.395736 -6.176070
v 0.357780 -0.381755 -5.165731
v -0.325882 -0.344811 -4.976327
v 3.207267 -0.709973 -5.795868
v 2.650149 -0.645128 -6.409284
v 1.641860 -0.632473 -5.992814
v 0.705872 -0.844173 -5.235393
v -0.020047 -0.665434 -5.074843
v -0.635856 -0.685471 -4.466510
v -4.105368 0.029617 -1.893553
v -3.721377 -0.069426 -2.237089
v -4.300693 0.130113 -1.439818
v -3.384427 -0.000006 -2.590716
v -4.244495 -0.010181 -1.957724
v -4.175972 0.085789 -0.894377
v -3.302026 -0.140838 -3.174100
v -3.691278 -0.145794 -2.248572
v -4.288135 -0.125455 -1.407703
v -4.286791 -0.125807 -0.424372
v -3.243061 -0.381007 -3.886644
v -3.240352 -0.510400 -2.542130
v -4.074568 -0.473352 -1.879347
v -4.012216 -0.400416 -0.809512
v -4.194622 -0.313687 0.046565
v -2.994666 -0.570790 -4.467298
v -3.053161 -0.901747 -3.040186
v -3.374187 -0.809452 -2.085733
v -3.942014 -0.801773 -1.265636
v -3.997906 -0.661820 -0.324749
v -3.939105 -0.404619 0.458698
v -3.584615 -1.212442 1.985665
v -3.250107 -1.384212 1.913045
v -3.947927 -0.954839 3.101186
v -2.853101 -2.777313 1.824807
v -3.265104 -1.690887 2.864715
v -3.460934 -1.451466 3.772366
v -2.353635 -3.360352 1.699134
v -2.525174 -2.963631 2.579873
v -2.929215 -2.292686 3.752955
v -2.702094 -1.258229 4.075165
v -1.571513 -4.809288 1.378810
v -1.926863 -4.004643 2.468731
v -1.887101 -3.107291 3.040606
v -2.108906 -2.057902 3.977469
v -2.192799 -1.337705 4.645123
v -0.885130 -6.270616 1.134042
v -1.015028 -4.614737 1.914388
v -1.175315 -3.361209 2.723625
v -1.341591 -2.586155 3.542449
v -1.467276 -1.552051 4.242735
v -1.534735 -1.410486 4.745859
v -0.376266 -1.151986 4.395387
v -0.246607 -1.845134 3.897930
v 0.294291 -1.349211 4.747544
v -0.101532 -2.354115 3.320710
v 0.504260 -2.562885 4.220249
v 1.085706 -1.852439 4.336359
v 0.059235 -3.039113 2.713564
v 0.691818 -2.656098 3.315785
v 1.234371 -1.810677 3.376852
v 1.665492 -1.329059 3.336510
v 0.242707 -6.411097 2.031234
v 0.811980 -4.091533 2.221322
v 1.308874 -1.724101 2.342194
v 1.775331 -1.650929 2.484120
v 2.252846 -1.566202 2.672419
v 0.372996 -11.430737 1.020392
v 0.854477 -8.376868 1.195626
v 1.475131 -3.410792 1.551949
v 2.050313 -1.870368 1.829844
v 2.547528 -1.885026 2.039948
v 2.958820 -1.272045 2.193110
v 3.279799 -0.752141 0.755736
v 2.924026 -1.242340 0.559678
v 3.641259 -0.911768 -0.022068
v 2.527668 -2.164778 0.345076
v 3.460669 -1.733023 -0.298256
v 4.416719 -1.372162 -1.097204
v 2.066264 -2.979823 0.110751
v 3.213089 -1.949492 -0.640913
v 3.660964 -2.236295 -1.361416
v 3.804963 -1.679595 -1.890604
v 1.665646 -5.556089 -0.143556
v 2.408215 -2.778562 -0.895557
v 2.743026 -2.207991 -1.501325
v 3.347175 -2.412905 -2.229286
v 3.714262 -1.582476 -2.791887
v 1.106245 -6.167524 -0.411386
v 1.611024 -3.732283 -1.072977
v 2.184724 -2.847048 -1.783577
v 2.873433 -3.014902 -2.608161
v 3.466926 -2.173650 -3.359468
v 3.923129 -1.119344 -3.974259
v -3.487055 -0.889422 0.673251
v -3.454908 -1.383057 -0.087253
v -3.065330 -1.528560 0.489698
v -3.324272 -1.566983 -0.990128
v -2.971607 -2.115152 -0.324401
v -2.566646 -2.591721 0.285344
v -2.799884 -1.754313 -1.813811
v -2.885611 -2.127141 -1.330961
v -2.399732 -2.960122 -0.571236
v -2.033828 -3.995035 0.068599
v -2.638797 -1.878090 -2.938434
v -2.302478 -2.874723 -2.169128
v -1.961093 -3.405814 -1.431762
v -1.898184 -2.888628 -0.875521
v -1.430256 -5.351351 -0.156141
v -2.331988 -1.353451 -4.113341
v -2.201459 -2.002671 -3.606347
v -1.959163 -4.896232 -2.889942
v -1.582933 -6.376326 -1.986736
v -1.108199 -4.572700 -1.044019
v -0.871956 -6.113063 -0.402185
v 2.936448 -1.582086 -4.772844
v 2.542191 -1.999536 -4.325306
v 2.486393 -1.498525 -5.519183
v 2.083735 -1.646700 -3.793563
v 1.890857 -1.543465 -4.778510
v 1.459657 -1.417680 -5.098817
v 1.566427 -2.780525 -3.186157
v 1.209408 -2.140545 -3.790338
v 0.893812 -1.937155 -4.373891
v 0.534320 -1.758218 -4.359735
v 0.910079 -4.173158 -2.299931
v 0.587957 -3.211868 -2.877185
v 0.277323 -2.322507 -3.085645
v 0.052374 -1.802691 -3.823704
v -0.172007 -1.502616 -4.231565
v 0.270084 -5.657152 -1.321675
v 0.025206 -4.290974 -1.840377
v -0.192186 -2.652804 -2.361839
v -0.401907 -1.397567 -2.905445
v -0.621780 -1.048432 -3.527487
v -0.824103 -0.834834 -4.052677
v -5.257401 -0.165334 1.437205
v -5.246157 -0.190031 1.288062
v -2.176182 -0.069994 1.505821
v -2.187120 -0.045972 1.650896
v -5.246157 -0.190031 1.288062
v -5.242520 -0.082193 1.181582
v -2.172644 0.034902 1.402245
v -2.176182 -0.069994 1.505821
v -5.242520 -0.082193 1.181582
v -5.235476 -0.014315 1.046220
v -2.165792 0.100929 1.270574
v -2.172644 0.034902 1.402245
v -5.235476 -0.014315 1.046220
v -5.239117 0.135474 1.023195
v -2.169333 0.246633 1.248178
v -2.165792 0.100929 1.270574
v -5.239117 0.135474 1.023195
v -5.238962 0.270000 0.953318
v -2.169183 0.377490 1.180206
v -2.169333 0.246633 1.248178
v -5.238962 0.270000 0.953318
v -5.248489 0.404526 1.022543
v -2.178451 0.508347 1.247543
v -2.169183 0.377490 1.180206
v -5.248489 0.404526 1.022543
v -5.255284 0.554315 1.044841
v -2.185061 0.654050 1.269233
v -2.178451 0.508347 1.247543
v -5.255284 0.554315 1.044841
v -5.267059 0.622193 1.179874
v -2.196514 0.720078 1.400583
v -2.185061 0.654050 1.269233
v -5.267059 0.622193 1.179874
v -5.278208 0.730031 1.285831
v -2.207359 0.824975 1.503651
v -2.196514 0.720078 1.400583
v -5.278208 0.730031 1.285831
v -5.287732 0.705334 1.435094
v -2.216624 0.800952 1.648843
v -2.207359 0.824975 1.503651
v -5.287732 0.705334 1.435094
v -5.298977 0.730031 1.584237
v -2.227561 0.824975 1.793919
v -2.216624 0.800952 1.648843
v -5.298977 0.730031 1.584237
v -5.302613 0.622193 1.690717
v -2.231099 0.720078 1.897495
v -2.227561 0.824975 1.793919
v -5.302613 0.622193 1.690717
v -5.309658 0.554315 1.826079
v -2.237952 0.654050 2.029165
v -2.231099 0.720078 1.897495
v -5.309658 0.554315 1.826079
v -5.306017 0.404526 1.849104
v -2.234410 0.508347 2.051562
v -2.237952 0.654050 2.029165
v -5.306017 0.404526 1.849104
v -5.306172 0.270000 1.918982
v -2.234560 0.377490 2.119534
v -2.234410 0.508347 2.051562
v -5.306172 0.270000 1.918982
v -5.296645 0.135474 1.849756
v -2.225293 0.246633 2.052197
v -2.234560 0.377490 2.119534
v -5.296645 0.135474 1.849756
v -5.289850 -0.014315 1.827458
v -2.218683 0.100929 2.030506
v -2.225293 0.246633 2.052197
v -5.289850 -0.014315 1.827458
v -5.278075 -0.082193 1.692425
v -2.207229 0.034902 1.899156
v -2.218683 0.100929 2.030506
v -5.278075 -0.082193 1.692425
v -5.266926 -0.190031 1.586468
v -2.196384 -0.069994 1.796089
v -2.207229 0.034902 1.899156
v -5.266926 -0.190031 1.586468
v -5.257401 -0.165334 1.437205
v -2.187120 -0.045972 1.650896
v -2.196384 -0.069994 1.796089
v -2.187120 -0.045972 1.650896
v -2.176182 -0.069994 1.505821
v 0.769009 0.045674 1.714894
v 0.837332 0.071787 1.861398
v -2.176182 -0.069994 1.505821
v -2.172644 0.034902 1.402245
v 0.889555 0.151729 1.622373
v 0.769009 0.045674 1.714894
v -2.172644 0.034902 1.402245
v -2.165792 0.100929 1.270574
v 0.785283 0.212021 1.486673
v 0.889555 0.151729 1.622373
v -2.165792 0.100929 1.270574
v -2.169333 0.246633 1.248178
v 0.969249 0.360200 1.477949
v 0.785283 0.212021 1.486673
v -2.169333 0.246633 1.248178
v -2.169183 0.377490 1.180206
v 0.834424 0.482663 1.402488
v 0.969249 0.360200 1.477949
v -2.169183 0.377490 1.180206
v -2.178451 0.508347 1.247543
v 0.988693 0.615567 1.479302
v 0.834424 0.482663 1.402488
v -2.178451 0.508347 1.247543
v -2.185061 0.654050 1.269233
v 1.002149 0.757882 1.501767
v 0.988693 0.615567 1.479302
v -2.185061 0.654050 1.269233
v -2.196514 0.720078 1.400583
v 0.870670 0.817845 1.621059
v 1.002149 0.757882 1.501767
v -2.196514 0.720078 1.400583
v -2.207359 0.824975 1.503651
v 0.954641 0.923110 1.727814
v 0.870670 0.817845 1.621059
v -2.207359 0.824975 1.503651
v -2.216624 0.800952 1.648843
v 0.691645 0.890869 1.851258
v 0.954641 0.923110 1.727814
v -2.216624 0.800952 1.648843
v -2.227561 0.824975 1.793919
v 0.984472 0.924841 2.013387
v 0.691645 0.890869 1.851258
v -2.227561 0.824975 1.793919
v -2.231099 0.720078 1.897495
v 0.675950 0.812206 2.092825
v 0.984472 0.924841 2.013387
v -2.231099 0.720078 1.897495
v -2.237952 0.654050 2.029165
v 0.953153 0.757966 2.240561
v 0.675950 0.812206 2.092825
v -2.237952 0.654050 2.029165
v -2.234410 0.508347 2.051562
v 0.842941 0.612369 2.254418
v 0.953153 0.757966 2.240561
v -2.234410 0.508347 2.051562
v -2.234560 0.377490 2.119534
v 1.026948 0.491627 2.333302
v 0.842941 0.612369 2.254418
v -2.234560 0.377490 2.119534
v -2.225293 0.246633 2.052197
v 0.962779 0.361878 2.262759
v 1.026948 0.491627 2.333302
v -2.225293 0.246633 2.052197
v -2.218683 0.100929 2.030506
v 1.108778 0.225145 2.251392
v 0.962779 0.361878 2.262759
v -2.218683 0.100929 2.030506
v -2.207229 0.034902 1.899156
v 1.055355 0.158709 2.119232
v 1.108778 0.225145 2.251392
v -2.207229 0.034902 1.899156
v -2.196384 -0.069994 1.796089
v 0.986165 0.053963 2.013505
v 1.055355 0.158709 2.119232
v -2.196384 -0.069994 1.796089
v -2.187120 -0.045972 1.650896
v 0.837332 0.071787 1.861398
v 0.986165 0.053963 2.013505
v 0.837332 0.071787 1.861398
v 0.769009 0.045674 1.714894
v 1.014741 0.490088 1.873746
v 0.769009 0.045674 1.714894
v 0.889555 0.151729 1.622373
v 1.014741 0.490088 1.873746
v 0.889555 0.151729 1.622373
v 0.785283 0.212021 1.486673
v 1.014741 0.490088 1.873746
v 0.785283 0.212021 1.486673
v 0.969249 0.360200 1.477949
v 1.014741 0.490088 1.873746
v 0.969249 0.360200 1.477949
v 0.834424 0.482663 1.402488
v 1.014741 0.490088 1.873746
v 0.834424 0.482663 1.402488
v 0.988693 0.615567 1.479302
v 1.014741 0.490088 1.873746
v 0.988693 0.615567 1.479302
v 1.002149 0.757882 1.501767
v 1.014741 0.490088 1.873746
v 1.002149 0.757882 1.501767
v 0.870670 0.817845 1.621059
v 1.014741 0.490088 1.873746
v 0.870670 0.817845 1.621059
v 0.954641 0.923110 1.727814
v 1.014741 0.490088 1.873746
v 0.954641 0.923110 1.727814
v 0.691645 0.890869 1.851258
v 1.014741 0.490088 1.873746
v 0.691645 0.890869 1.851258
v 0.984472 0.924841 2.013387
v 1.014741 0.490088 1.873746
v 0.984472 0.924841 2.013387
v 0.675950 0.812206 2.092825
v 1.014741 0.490088 1.873746
v 0.675950 0.812206 2.092825
v 0.953153 0.757966 2.240561
v 1.014741 0.490088 1.873746
v 0.953153 0.757966 2.240561
v 0.842941 0.612369 2.254418
v 1.014741 0.490088 1.873746
v 0.842941 0.612369 2.254418
v 1.026948 0.491627 2.333302
v 1.014741 0.490088 1.873746
v 1.026948 0.491627 2.333302
v 0.962779 0.361878 2.262759
v 1.014741 0.490088 1.873746
v 0.962779 0.361878 2.262759
v 1.108778 0.225145 2.251392
v 1.014741 0.490088 1.873746
v 1.108778 0.225145 2.251392
v 1.055355 0.158709 2.119232
v 1.014741 0.490088 1.873746
v 1.055355 0.158709 2.119232
v 0.986165 0.053963 2.013505
v 1.014741 0.490088 1.873746
v 0.986165 0.053963 2.013505
v 0.837332 0.071787 1.861398
v 1.014741 0.490088 1.873746
v 0.340877 0.050000 1.046317
v 0.317725 0.050000 0.766889
v 0.597152 0.050000 0.743735
v 0.620306 0.050000 1.023164
v 0.340877 0.218231 1.046317
v 0.620306 0.218231 1.023164
v 0.597152 0.218231 0.743735
v 0.317725 0.218231 0.766889
v 0.340877 0.050000 1.046317
v 0.620306 0.050000 1.023164
v 0.620306 0.218231 1.023164
v 0.340877 0.218231 1.046317
v 0.317725 0.050000 0.766889
v 0.317725 0.218231 0.766889
v 0.597152 0.218231 0.743735
v 0.597152 0.050000 0.743735
v 0.340877 0.050000 1.046317
v 0.340877 0.218231 1.046317
v 0.317725 0.218231 0.766889
v 0.317725 0.050000 0.766889
v 0.620306 0.050000 1.023164
v 0.597152 0.050000 0.743735
v 0.597152 0.218231 0.743735
v 0.620306 0.218231 1.023164
v 0.410519 0.050000 1.262545
v 0.074815 0.050000 0.911884
v 0.425476 0.050000 0.576178
v 0.761182 0.050000 0.926839
v 0.410519 0.341269 1.262545
v 0.761182 0.341269 0.926839
v 0.425476 0.341269 0.576178
v 0.074815 0.341269 0.911884
v 0.410519 0.050000 1.262545
v 0.761182 0.050000 0.926839
v 0.761182 0.341269 0.926839
v 0.410519 0.341269 1.262545
v 0.074815 0.050000 0.911884
v 0.074815 0.341269 0.911884
v 0.425476 0.341269 0.576178
v 0.425476 0.050000 0.576178
v 0.410519 0.050000 1.262545
v 0.410519 0.341269 1.262545
v 0.074815 0.341269 0.911884
v 0.074815 0.050000 0.911884
v 0.761182 0.050000 0.926839
v 0.425476 0.050000 0.576178
v 0.425476 0.341269 0.576178
v 0.761182 0.341269 0.926839
v -3.708410 0.050000 0.979388
v -3.691421 0.050000 0.598467
v -3.310499 0.050000 0.615457
v -3.327489 0.050000 0.996378
v -3.708410 0.278780 0.979388
v -3.327489 0.278780 0.996378
v -3.310499 0.278780 0.615457
v -3.691421 0.278780 0.598467
v -3.708410 0.050000 0.979388
v -3.327489 0.050000 0.996378
v -3.327489 0.278780 0.996378
v -3.708410 0.278780 0.979388
v -3.691421 0.050000 0.598467
v -3.691421 0.278780 0.598467
v -3.310499 0.278780 0.615457
v -3.310499 0.050000 0.615457
v -3.708410 0.050000 0.979388
v -3.708410 0.278780 0.979388
v -3.691421 0.278780 0.598467
v -3.691421 0.050000 0.598467
v -3.327489 0.050000 0.996378
v -3.310499 0.050000 0.615457
v -3.310499 0.278780 0.615457
v -3.327489 0.278780 0.996378
v 0.057125 0.050000 2.594501
v -0.064743 0.050000 2.976245
v -0.446488 0.050000 2.854377
v -0.324619 0.050000 2.472632
v 0.057125 0.290435 2.594501
v -0.324619 0.290435 2.472632
v -0.446488 0.290435 2.854377
v -0.064743 0.290435 2.976245
v 0.057125 0.050000 2.594501
v -0.324619 0.050000 2.472632
v -0.324619 0.290435 2.472632
v 0.057125 0.290435 2.594501
v -0.064743 0.050000 2.976245
v -0.064743 0.290435 2.976245
v -0.446488 0.290435 2.854377
v -0.446488 0.050000 2.854377
v 0.057125 0.050000 2.594501
v 0.057125 0.290435 2.594501
v -0.064743 0.290435 2.976245
v -0.064743 0.050000 2.976245
v -0.324619 0.050000 2.472632
v -0.446488 0.050000 2.854377
v -0.446488 0.290435 2.854377
v -0.324619 0.290435 2.472632
v 0.381540 0.050000 3.006693
v 0.255383 0.050000 2.659139
v 0.602937 0.050000 2.532983
v 0.729094 0.050000 2.880536
v 0.381540 0.271845 3.006693
v 0.729094 0.271845 2.880536
v 0.602937 0.271845 2.532983
v 0.255383 0.271845 2.659139
v 0.381540 0.050000 3.006693
v 0.729094 0.050000 2.880536
v 0.729094 0.271845 2.880536
v 0.381540 0.271845 3.006693
v 0.255383 0.050000 2.659139
v 0.255383 0.271845 2.659139
v 0.602937 0.271845 2.532983
v 0.602937 0.050000 2.532983
v 0.381540 0.050000 3.006693
v 0.381540 0.271845 3.006693
v 0.255383 0.271845 2.659139
v 0.255383 0.050000 2.659139
v 0.729094 0.050000 2.880536
v 0.602937 0.050000 2.532983
v 0.602937 0.271845 2.532983
v 0.729094 0.271845 2.880536
v 3.154429 0.031756 -1.569040
v 2.393630 0.034864 -0.970543
v 1.795570 0.068244 -1.730960
v 2.556370 0.065136 -2.329457
v 3.162822 0.383545 -1.560198
v 2.564762 0.416925 -2.320615
v 1.803963 0.420032 -1.722118
v 2.402023 0.386653 -0.961701
v 3.154429 0.031756 -1.569040
v 2.556370 0.065136 -2.329457
v 2.564762 0.416925 -2.320615
v 3.162822 0.383545 -1.560198
v 2.393630 0.034864 -0.970543
v 2.402023 0.386653 -0.961701
v 1.803963 0.420032 -1.722118
v 1.795570 0.068244 -1.730960
v 3.154429 0.031756 -1.569040
v 3.162822 0.383545 -1.560198
v 2.402023 0.386653 -0.961701
v 2.393630 0.034864 -0.970543
v 2.556370 0.065136 -2.329457
v 1.795570 0.068244 -1.730960
v 1.803963 0.420032 -1.722118
v 2.564762 0.416925 -2.320615
v 3.060908 0.386282 -1.572342
v 2.414228 0.388923 -1.063620
v 1.905877 0.417296 -1.709974
v 2.552557 0.414654 -2.218697
v 3.065104 0.562176 -1.567921
v 2.556753 0.590549 -2.214276
v 1.910073 0.593190 -1.705553
v 2.418424 0.564818 -1.059199
v 3.060908 0.386282 -1.572342
v 2.552557 0.414654 -2.218697
v 2.556753 0.590549 -2.214276
v 3.065104 0.562176 -1.567921
v 2.414228 0.388923 -1.063620
v 2.418424 0.564818 -1.059199
v 1.910073 0.593190 -1.705553
v 1.905877 0.417296 -1.709974
v 3.060908 0.386282 -1.572342
v 3.065104 0.562176 -1.567921
v 2.418424 0.564818 -1.059199
v 2.414228 0.388923 -1.063620
v 2.552557 0.414654 -2.218697
v 1.905877 0.417296 -1.709974
v 1.910073 0.593190 -1.705553
v 2.556753 0.590549 -2.214276
v 2.291860 0.588608 -1.885601
v 2.180796 0.589330 -1.808919
v 2.265373 3.491006 -1.727365
v 2.370884 3.490319 -1.800214
v 2.180796 0.589330 -1.808919
v 2.173126 0.586127 -1.674208
v 2.258086 3.487963 -1.599391
v 2.265373 3.491006 -1.727365
v 2.173126 0.586127 -1.674208
v 2.148769 0.583372 -1.541486
v 2.234947 3.485346 -1.473305
v 2.258086 3.487963 -1.599391
v 2.148769 0.583372 -1.541486
v 2.238600 0.578700 -1.440866
v 2.320287 3.480907 -1.377715
v 2.234947 3.485346 -1.473305
v 2.238600 0.578700 -1.440866
v 2.315217 0.574082 -1.329851
v 2.393074 3.476520 -1.272251
v 2.320287 3.480907 -1.377715
v 2.315217 0.574082 -1.329851
v 2.449928 0.570678 -1.322262
v 2.521049 3.473286 -1.265041
v 2.393074 3.476520 -1.272251
v 2.449928 0.570678 -1.322262
v 2.582640 0.566902 -1.297985
v 2.647124 3.469699 -1.241978
v 2.521049 3.473286 -1.265041
v 2.582640 0.566902 -1.297985
v 2.683317 0.566759 -1.387874
v 2.742769 3.469563 -1.327373
v 2.647124 3.469699 -1.241978
v 2.683317 0.566759 -1.387874
v 2.794381 0.566037 -1.464556
v 2.848279 3.468877 -1.400221
v 2.742769 3.469563 -1.327373
v 2.794381 0.566037 -1.464556
v 2.802051 0.569240 -1.599267
v 2.855567 3.471920 -1.528196
v 2.848279 3.468877 -1.400221
v 2.802051 0.569240 -1.599267
v 2.826408 0.571994 -1.731989
v 2.878705 3.474537 -1.654281
v 2.855567 3.471920 -1.528196
v 2.826408 0.571994 -1.731989
v 2.736578 0.576666 -1.832609
v 2.793365 3.478975 -1.749871
v 2.878705 3.474537 -1.654281
v 2.736578 0.576666 -1.832609
v 2.659960 0.581284 -1.943624
v 2.720578 3.483362 -1.855335
v 2.793365 3.478975 -1.749871
v 2.659960 0.581284 -1.943624
v 2.525249 0.584689 -1.951212
v 2.592604 3.486597 -1.862545
v 2.720578 3.483362 -1.855335
v 2.525249 0.584689 -1.951212
v 2.392537 0.588465 -1.975489
v 2.466528 3.490184 -1.885608
v 2.592604 3.486597 -1.862545
v 2.392537 0.588465 -1.975489
v 2.291860 0.588608 -1.885601
v 2.370884 3.490319 -1.800214
v 2.466528 3.490184 -1.885608
v 2.370884 3.490319 -1.800214
v 2.265373 3.491006 -1.727365
v 2.350434 6.412971 -1.645302
v 2.446818 6.262526 -1.718081
v 2.265373 3.491006 -1.727365
v 2.258086 3.487963 -1.599391
v 2.339416 6.237587 -1.528398
v 2.350434 6.412971 -1.645302
v 2.258086 3.487963 -1.599391
v 2.234947 3.485346 -1.473305
v 2.314557 6.111980 -1.412043
v 2.339416 6.237587 -1.528398
v 2.234947 3.485346 -1.473305
v 2.320287 3.480907 -1.377715
v 2.391075 5.926284 -1.326046
v 2.314557 6.111980 -1.412043
v 2.320287 3.480907 -1.377715
v 2.393074 3.476520 -1.272251
v 2.459384 5.894992 -1.226815
v 2.391075 5.926284 -1.326046
v 2.393074 3.476520 -1.272251
v 2.521049 3.473286 -1.265041
v 2.583264 6.002630 -1.217202
v 2.459384 5.894992 -1.226815
v 2.521049 3.473286 -1.265041
v 2.647124 3.469699 -1.241978
v 2.708895 6.258716 -1.188831
v 2.583264 6.002630 -1.217202
v 2.647124 3.469699 -1.241978
v 2.742769 3.469563 -1.327373
v 2.799017 6.238131 -1.270245
v 2.708895 6.258716 -1.188831
v 2.742769 3.469563 -1.327373
v 2.848279 3.468877 -1.400221
v 2.902888 6.401489 -1.335137
v 2.799017 6.238131 -1.270245
v 2.848279 3.468877 -1.400221
v 2.855567 3.471920 -1.528196
v 2.904232 6.171366 -1.462233
v 2.902888 6.401489 -1.335137
v 2.855567 3.471920 -1.528196
v 2.878705 3.474537 -1.654281
v 2.928819 6.285601 -1.578874
v 2.904232 6.171366 -1.462233
v 2.878705 3.474537 -1.654281
v 2.793365 3.478975 -1.749871
v 2.840072 5.958694 -1.677755
v 2.928819 6.285601 -1.578874
v 2.793365 3.478975 -1.749871
v 2.720578 3.483362 -1.855335
v 2.772013 6.000463 -1.776723
v 2.840072 5.958694 -1.677755
v 2.720578 3.483362 -1.855335
v 2.592604 3.486597 -1.862545
v 2.646329 5.817220 -1.788236
v 2.772013 6.000463 -1.776723
v 2.592604 3.486597 -1.862545
v 2.466528 3.490184 -1.885608
v 2.534749 6.150075 -1.801804
v 2.646329 5.817220 -1.788236
v 2.466528 3.490184 -1.885608
v 2.370884 3.490319 -1.800214
v 2.446818 6.262526 -1.718081
v 2.534749 6.150075 -1.801804
v 2.446818 6.262526 -1.718081
v 2.350434 6.412971 -1.645302
v 2.622641 6.238707 -1.494455
v 2.350434 6.412971 -1.645302
v 2.339416 6.237587 -1.528398
v 2.622641 6.238707 -1.494455
v 2.339416 6.237587 -1.528398
v 2.314557 6.111980 -1.412043
v 2.622641 6.238707 -1.494455
v 2.314557 6.111980 -1.412043
v 2.391075 5.926284 -1.326046
v 2.622641 6.238707 -1.494455
v 2.391075 5.926284 -1.326046
v 2.459384 5.894992 -1.226815
v 2.622641 6.238707 -1.494455
v 2.459384 5.894992 -1.226815
v 2.583264 6.002630 -1.217202
v 2.622641 6.238707 -1.494455
v 2.583264 6.002630 -1.217202
v 2.708895 6.258716 -1.188831
v 2.622641 6.238707 -1.494455
v 2.708895 6.258716 -1.188831
v 2.799017 6.238131 -1.270245
v 2.622641 6.238707 -1.494455
v 2.799017 6.238131 -1.270245
v 2.902888 6.401489 -1.335137
v 2.622641 6.238707 -1.494455
v 2.902888 6.401489 -1.335137
v 2.904232 6.171366 -1.462233
v 2.622641 6.238707 -1.494455
v 2.904232 6.171366 -1.462233
v 2.928819 6.285601 -1.578874
v 2.622641 6.238707 -1.494455
v 2.928819 6.285601 -1.578874
v 2.840072 5.958694 -1.677755
v 2.622641 6.238707 -1.494455
v 2.840072 5.958694 -1.677755
v 2.772013 6.000463 -1.776723
v 2.622641 6.238707 -1.494455
v 2.772013 6.000463 -1.776723
v 2.646329 5.817220 -1.788236
v 2.622641 6.238707 -1.494455
v 2.646329 5.817220 -1.788236
v 2.534749 6.150075 -1.801804
v 2.622641 6.238707 -1.494455
v 2.534749 6.150075 -1.801804
v 2.446818 6.262526 -1.718081
v 2.622641 6.238707 -1.494455
v 2.314018 3.844828 -1.837641
v 2.227770 3.844073 -1.725721
v 2.230917 3.975993 -1.722406
v 2.317166 3.976748 -1.834325
v 2.320313 4.108670 -1.831010
v 2.234064 4.107914 -1.719090
v 2.236162 4.195861 -1.716880
v 2.322411 4.196617 -1.828799
v 2.206248 3.843289 -1.674088
v 2.186931 3.840799 -1.556692
v 2.190078 3.972719 -1.553376
v 2.209395 3.975209 -1.670772
v 2.212543 4.107130 -1.667456
v 2.193226 4.104640 -1.550061
v 2.195324 4.192587 -1.547850
v 2.214641 4.195077 -1.665246
v 2.194664 3.838652 -1.478611
v 2.232047 3.835171 -1.375587
v 2.235194 3.967091 -1.372272
v 2.197811 3.970572 -1.475295
v 2.200958 4.102494 -1.471980
v 2.238342 4.099012 -1.368956
v 2.240440 4.186959 -1.366746
v 2.203056 4.190441 -1.469769
v 2.282370 3.832160 -1.303590
v 2.386483 3.827612 -1.221450
v 2.389630 3.959533 -1.218135
v 2.285517 3.964081 -1.300274
v 2.288664 4.096002 -1.296958
v 2.392777 4.091454 -1.214819
v 2.394875 4.179401 -1.212608
v 2.290762 4.183949 -1.294748
v 2.445863 3.825554 -1.195921
v 2.583931 3.821788 -1.177145
v 2.587079 3.953709 -1.173830
v 2.449011 3.957474 -1.192605
v 2.452158 4.089396 -1.189290
v 2.590226 4.085630 -1.170514
v 2.592324 4.173577 -1.168303
v 2.454256 4.177342 -1.187079
v 2.641339 3.820602 -1.184454
v 2.732498 3.819215 -1.215765
v 2.735646 3.951135 -1.212449
v 2.644487 3.952523 -1.181138
v 2.647634 4.084444 -1.177823
v 2.738793 4.083056 -1.209133
v 2.740891 4.171003 -1.206923
v 2.649732 4.172391 -1.175612
v 2.816419 3.818633 -1.272262
v 2.898601 3.819289 -1.376379
v 2.901748 3.951209 -1.373063
v 2.819566 3.950553 -1.268946
v 2.822713 4.082474 -1.265630
v 2.904895 4.083130 -1.369747
v 2.906993 4.171077 -1.367537
v 2.824811 4.170421 -1.263420
v 2.924189 3.820172 -1.435815
v 2.942209 3.821954 -1.523820
v 2.945357 3.953875 -1.520505
v 2.927336 3.952092 -1.432499
v 2.930483 4.084014 -1.429184
v 2.948504 4.085796 -1.517189
v 2.950602 4.173743 -1.514979
v 2.932581 4.171961 -1.426973
v 2.935773 3.824809 -1.631292
v 2.892869 3.828671 -1.744221
v 2.896016 3.960591 -1.740905
v 2.938920 3.956729 -1.627976
v 2.942068 4.088650 -1.624660
v 2.899163 4.092512 -1.737590
v 2.901261 4.180459 -1.735379
v 2.944166 4.176597 -1.622450
v 2.848068 3.831300 -1.806313
v 2.746226 3.835763 -1.887226
v 2.749373 3.967684 -1.883910
v 2.851215 3.963221 -1.802997
v 2.854362 4.095142 -1.799682
v 2.752520 4.099605 -1.880595
v 2.754618 4.187552 -1.878384
v 2.856460 4.183089 -1.797471
v 2.684574 3.837907 -1.913982
v 2.589959 3.840628 -1.932437
v 2.593107 3.972548 -1.929121
v 2.687721 3.969827 -1.910666
v 2.690868 4.101748 -1.907351
v 2.596254 4.104469 -1.925806
v 2.598352 4.192416 -1.923595
v 2.692966 4.189695 -1.905140
v 2.489098 3.842858 -1.925449
v 2.379287 3.844443 -1.884275
v 2.382434 3.976364 -1.880960
v 2.492245 3.974779 -1.922133
v 2.495392 4.106700 -1.918817
v 2.385581 4.108284 -1.877644
v 2.387679 4.196231 -1.875434
v 2.497490 4.194647 -1.916607
v 3.167591 3.692350 -1.485918
v 2.489788 3.695119 -0.952712
v 1.956971 3.724857 -1.630174
v 2.634774 3.722089 -2.163380
v 3.169270 3.762708 -1.484150
v 2.636453 3.792447 -2.161612
v 1.958650 3.795215 -1.628406
v 2.491467 3.765477 -0.950943
v 3.167591 3.692350 -1.485918
v 2.634774 3.722089 -2.163380
v 2.636453 3.792447 -2.161612
v 3.169270 3.762708 -1.484150
v 2.489788 3.695119 -0.952712
v 2.491467 3.765477 -0.950943
v 1.958650 3.795215 -1.628406
v 1.956971 3.724857 -1.630174
v 3.167591 3.692350 -1.485918
v 3.169270 3.762708 -1.484150
v 2.491467 3.765477 -0.950943
v 2.489788 3.695119 -0.952712
v 2.634774 3.722089 -2.163380
v 1.956971 3.724857 -1.630174
v 1.958650 3.795215 -1.628406
v 2.636453 3.792447 -2.161612
v 3.180180 4.220034 -1.472655
v 2.502377 4.222803 -0.939449
v 1.969560 4.252541 -1.616911
v 2.647363 4.249773 -2.150118
v 3.181859 4.290392 -1.470887
v 2.649041 4.320130 -2.148350
v 1.971238 4.322899 -1.615143
v 2.504056 4.293160 -0.937681
v 3.180180 4.220034 -1.472655
v 2.647363 4.249773 -2.150118
v 2.649041 4.320130 -2.148350
v 3.181859 4.290392 -1.470887
v 2.502377 4.222803 -0.939449
v 2.504056 4.293160 -0.937681
v 1.971238 4.322899 -1.615143
v 1.969560 4.252541 -1.616911
v 3.180180 4.220034 -1.472655
v 3.181859 4.290392 -1.470887
v 2.504056 4.293160 -0.937681
v 2.502377 4.222803 -0.939449
v 2.647363 4.249773 -2.150118
v 1.969560 4.252541 -1.616911
v 1.971238 4.322899 -1.615143
v 2.649041 4.320130 -2.148350
vn -0.1639 -0.0666 -0.9842
vn 0.3073 -0.8564 -0.4149
vn 0.8866 -0.0891 -0.4538
vn 0.3436 -0.1018 0.9336
vn -0.9454 -0.0605 0.3201
vn 0.2055 -0.4215 -0.8832
vn 0.0878 -0.4906 -0.8669
vn 0.6060 -0.7007 -0.3764
vn 0.3704 -0.6671 0.6463
vn -0.8110 -0.5021 -0.3002
vn -0.1671 -0.9204 -0.3536
vn 0.3828 -0.3155 -0.8683
vn 0.9243 0.2005 0.3249
vn -0.0356 -0.3332 0.9422
vn -0.7837 -0.5677 -0.2521
vn -0.1720 0.9849 -0.0199
vn -0.1732 0.9847 -0.0212
vn -0.1753 0.9842 -0.0234
vn 0.0605 0.9530 -0.2970
vn 0.0598 0.9531 -0.2967
vn 0.0576 0.9535 -0.2958
vn 0.2087 0.9754 -0.0709
vn 0.2070 0.9757 -0.0725
vn 0.2048 0.9758 -0.0762
vn 0.1312 0.9843 0.1180
vn 0.2638 0.9378 0.2259
vn 0.0218 0.9995 0.0214
vn -0.0134 0.9928 -0.1191
vn -0.0328 0.9942 -0.1027
vn -0.0700 0.9926 -0.0993
vn -0.0691 0.9927 -0.0986
vn -0.0637 0.9934 -0.0953
vn 0.1139 0.9910 0.0699
vn 0.1424 0.9838 0.1089
vn -0.0419 0.9705 0.2375
vn 0.2058 0.9783 0.0225
vn 0.0977 0.9861 0.1346
vn -0.0466 0.9928 -0.1106
vn -0.0800 0.9967 -0.0159
vn 0.0648 0.9896 0.1281
vn 0.1595 0.9867 -0.0327
vn -0.0628 0.9935 -0.0948
vn -0.0693 0.9946 -0.0771
vn 0.0396 0.9992 0.0078
vn 0.0658 0.9978 -0.0102
vn 0.0297 0.9987 -0.0413
vn 0.0049 0.9994 0.0354
vn -0.0010 0.9994 0.0358
vn -0.0013 0.9994 0.0356
vn -0.1897 0.9790 -0.0752
vn -0.1456 0.9754 -0.1656
vn -0.0276 0.9958 -0.0870
vn -0.0816 0.9941 0.0717
vn -0.3013 0.9423 -0.1456
vn -0.2631 0.9508 -0.1635
vn 0.0057 0.9994 0.0352
vn 0.0561 0.9978 -0.0344
vn 0.0616 0.9948 0.0816
vn 0.0734 0.9956 0.0586
vn -0.2433 0.9580 -0.1519
vn -0.3330 0.9419 0.0443
vn -0.3313 0.9424 0.0456
vn -0.3245 0.9445 0.0508
vn -0.3227 0.9451 0.0521
vn -0.1132 0.9791 -0.1691
vn -0.1090 0.9799 -0.1673
vn -0.1086 0.9799 -0.1673
vn -0.0618 0.9906 -0.1225
vn -0.1123 0.9933 -0.0270
vn -0.1256 0.9914 -0.0368
vn -0.0594 0.9941 -0.0911
vn -0.2185 0.9580 0.1855
vn -0.1004 0.9939 -0.0466
vn 0.0438 0.9972 0.0602
vn 0.0836 0.9963 -0.0217
vn 0.0848 0.9962 -0.0209
vn 0.0909 0.9957 -0.0168
vn 0.0922 0.9956 -0.0161
vn 0.0842 0.9964 0.0010
vn -0.1144 0.9788 -0.1696
vn -0.0689 0.9825 -0.1732
vn 0.0710 0.9957 -0.0592
vn 0.0699 0.9962 -0.0525
vn 0.0700 0.9962 -0.0522
vn 0.0212 0.9959 -0.0874
vn -0.1320 0.9912 0.0067
vn 0.1479 0.9680 0.2029
vn 0.2233 0.9720 0.0729
vn 0.0679 0.9970 -0.0368
vn 0.0561 0.9983 -0.0181
vn 0.0560 0.9983 -0.0181
vn 0.0420 0.9991 -0.0007
vn 0.0415 0.9991 -0.0009
vn 0.0402 0.9992 -0.0015
vn 0.0397 0.9992 -0.0018
vn 0.1554 0.9861 -0.0585
vn 0.1168 0.9890 -0.0902
vn -0.3527 0.9242 -0.1462
vn -0.0628 0.9975 0.0309
vn -0.0283 0.9895 -0.1416
vn 0.1928 0.9811 0.0136
vn 0.0764 0.9942 0.0754
vn 0.0486 0.9979 0.0418
vn 0.0423 0.9983 0.0389
vn 0.0480 0.9979 0.0426
vn 0.0018 0.9982 0.0605
vn 0.0415 0.9912 -0.1256
vn 0.0496 0.9959 0.0752
vn 0.1775 0.9822 0.0617
vn 0.1785 0.9816 0.0673
vn 0.1774 0.9822 0.0615
vn 0.1664 0.9823 0.0857
vn 0.1533 0.9619 0.2262
vn 0.0481 0.9982 0.0360
vn -0.0777 0.9950 -0.0628
vn -0.0769 0.9945 -0.0711
vn -0.0776 0.9950 -0.0626
vn -0.0342 0.9959 -0.0832
vn -0.0357 0.9958 -0.0842
vn -0.0351 0.9959 -0.0839
vn -0.0359 0.9958 -0.0843
vn -0.0767 0.9945 -0.0713
vn -0.0432 0.9981 -0.0449
vn -0.0348 0.9984 -0.0449
vn -0.0429 0.9981 -0.0451
vn 0.0838 0.9948 0.0574
vn 0.1026 0.9922 0.0709
vn -0.0125 0.9931 0.1168
vn -0.1725 0.9850 0.0026
vn -0.0448 0.9985 -0.0307
vn 0.0031 1.0000 -0.0063
vn -0.0073 1.0000 -0.0025
vn 0.0013 1.0000 -0.0057
vn 0.0610 0.9863 0.1535
vn 0.0627 0.9859 0.1548
vn 0.0611 0.9862 0.1536
vn 0.0629 0.9859 0.1549
vn 0.1161 0.9850 0.1277
vn -0.1561 0.9859 -0.0609
vn -0.1561 0.9858 -0.0614
vn -0.1460 0.9871 -0.0657
vn -0.1452 0.9872 -0.0659
vn -0.0625 0.9921 0.1084
vn 0.0318 0.9966 0.0759
vn 0.2029 0.9678 0.1490
vn 0.1786 0.9816 0.0680
vn 0.1236 0.9921 0.0209
vn 0.0554 0.9972 0.0512
vn -0.0570 0.9978 -0.0350
vn -0.1370 0.9906 0.0053
vn 0.0228 0.9935 0.1111
vn -0.0864 0.9859 0.1433
vn -0.1575 0.9869 -0.0336
vn -0.1561 0.9871 -0.0368
vn -0.1557 0.9871 -0.0375
vn 0.0409 0.9921 -0.1185
vn -0.0307 0.9884 -0.1487
vn 0.1791 0.9734 0.1426
vn -0.0924 0.9908 -0.0990
vn 0.1508 0.9722 -0.1790
vn 0.1327 0.9720 -0.1939
vn -0.0543 0.9983 -0.0200
vn 0.1295 0.9804 0.1482
vn 0.0274 0.9752 0.2194
vn -0.1865 0.9822 -0.0213
vn -0.1593 0.9868 -0.0299
vn -0.0651 0.9931 0.0974
vn 0.1049 0.9942 0.0218
vn 0.0315 0.9995 -0.0095
vn 0.1300 0.9810 0.1441
vn -0.0449 0.9988 -0.0180
vn -0.1422 0.9898 0.0018
vn 0.0221 0.9889 0.1470
vn 0.1921 0.9811 0.0236
vn 0.1360 0.9905 -0.0200
vn 0.1058 0.9944 -0.0029
vn 0.0022 0.9964 -0.0851
vn -0.2309 0.9707 0.0662
vn -0.2302 0.9627 0.1422
vn -0.0638 0.9948 0.0797
vn -0.2184 0.9735 -0.0683
vn -0.0953 0.9863 -0.1347
vn 0.1224 0.9917 -0.0393
vn 0.0417 0.9981 0.0449
vn -0.0313 0.9963 -0.0796
vn -0.0333 0.9985 -0.0435
vn -0.0093 1.0000 -0.0017
vn 0.2165 0.9657 0.1435
vn -0.0864 0.9880 -0.1283
vn 0.2082 0.9752 -0.0746
vn 0.2088 0.9751 -0.0744
vn -0.0055 0.9998 0.0207
vn -0.0807 0.9955 0.0504
vn -0.0528 0.9945 -0.0910
vn -0.0784 0.9935 -0.0825
vn 0.0119 0.9953 0.0959
vn 0.0308 0.9951 0.0941
vn -0.0328 0.9985 -0.0438
vn -0.0084 0.9986 -0.0514
vn -0.0086 0.9986 -0.0523
vn -0.0097 0.9983 -0.0582
vn -0.0096 0.9982 -0.0587
vn -0.1148 0.9932 0.0182
vn -0.1256 0.9919 -0.0203
vn 0.0100 0.9989 -0.0456
vn 0.1589 0.9858 0.0538
vn -0.0756 0.9871 0.1409
vn -0.1020 0.9848 -0.1404
vn 0.0735 0.9811 -0.1790
vn 0.3789 0.9134 0.1488
vn 0.1238 0.9722 0.1989
vn 0.0599 0.9981 -0.0148
vn -0.1595 0.9846 0.0720
vn 0.0816 0.9917 0.0996
vn 0.0584 0.9924 0.1079
vn 0.0703 0.9635 0.2582
vn 0.1663 0.9596 0.2271
vn 0.0963 0.9801 -0.1737
vn 0.0223 0.9931 -0.1155
vn 0.1435 0.9659 0.2157
vn -0.0216 0.9839 0.1771
vn -0.0419 0.9918 0.1206
vn 0.1713 0.9851 -0.0135
vn 0.2884 0.9573 0.0200
vn 0.0778 0.9930 0.0884
vn 0.0908 0.9866 0.1359
vn -0.0432 0.9867 0.1565
vn -0.0975 0.9952 0.0023
vn 0.2970 0.9549 0.0041
vn 0.1057 0.9874 -0.1180
vn 0.0005 0.9975 -0.0711
vn 0.1625 0.9209 0.3543
vn 0.0508 0.9512 0.3043
vn -0.0989 0.9935 -0.0561
vn -0.0115 0.9925 -0.1213
vn -0.0863 0.9963 -0.0030
vn -0.1324 0.9884 -0.0744
vn -0.2681 0.9604 -0.0755
vn -0.2550 0.9665 -0.0280
vn -0.0052 0.9986 -0.0530
vn -0.0128 0.9967 -0.0802
vn 0.1395 0.9740 -0.1783
vn 0.4354 0.8957 0.0905
vn 0.0573 0.9966 0.0589
vn 0.2105 0.8697 0.4465
vn 0.4373 0.7294 0.5261
vn 0.1933 0.9727 -0.1283
vn 0.1439 0.9856 -0.0885
vn 0.0207 0.9997 -0.0119
vn -0.1100 0.9935 -0.0289
vn -0.0347 0.9960 -0.0821
vn -0.0339 0.9961 -0.0819
vn -0.0340 0.9961 -0.0819
vn -0.0352 0.9855 -0.1662
vn -0.1839 0.9829 0.0054
vn -0.1886 0.9820 0.0056
vn -0.1960 0.9806 0.0038
vn 0.0844 0.9674 -0.2387
vn -0.0348 0.9825 -0.1830
vn 0.0039 1.0000 0.0035
vn -0.0153 0.9993 -0.0332
vn -0.0332 0.9961 -0.0818
vn -0.0253 0.9981 -0.0570
vn -0.0254 0.9981 -0.0569
vn -0.0251 0.9981 -0.0571
vn -0.0008 0.9987 -0.0513
vn 0.1120 0.9863 0.1210
vn 0.0460 0.9872 -0.1528
vn 0.0965 0.9952 -0.0142
vn -0.0255 0.9981 -0.0568
vn 0.0324 0.9969 0.0717
vn 0.1274 0.9873 0.0946
vn 0.0752 0.9966 0.0338
vn -0.2003 0.9797 -0.0057
vn -0.2003 0.9797 -0.0065
vn -0.0915 0.9949 0.0424
vn -0.0417 0.9849 0.1683
vn -0.0954 0.9825 0.1603
vn -0.1040 0.9912 0.0816
vn 0.0657 0.9918 0.1100
vn -0.0298 0.9996 -0.0027
vn 0.0520 0.9702 -0.2366
vn 0.1411 0.9888 0.0486
vn -0.0734 0.9970 -0.0258
vn -0.0687 0.9964 0.0493
vn -0.0685 0.9964 0.0493
vn -0.0689 0.9964 0.0494
vn 0.0336 0.9968 0.0719
vn 0.0175 0.9990 0.0409
vn -0.0286 0.9992 0.0292
vn -0.0330 0.9992 0.0206
vn -0.0346 0.9992 0.0206
vn -0.0323 0.9993 0.0201
vn -0.0318 0.9993 0.0202
vn -0.0934 0.9939 -0.0585
vn 0.0580 0.9764 -0.2081
vn 0.1119 0.9934 -0.0251
vn 0.2683 0.9631 0.0200
vn 0.2736 0.9453 0.1775
vn -0.0683 0.9964 0.0492
vn -0.0807 0.9967 0.0090
vn 0.0575 0.9983 0.0010
vn 0.0560 0.9907 0.1238
vn -0.0716 0.9927 0.0973
vn -0.0746 0.9928 0.0933
vn -0.0747 0.9928 0.0932
vn -0.0747 0.9929 0.0928
vn -0.1001 0.9910 0.0893
vn -0.2786 0.9442 -0.1759
vn 0.0569 0.9536 -0.2955
vn 0.1206 0.9905 -0.0663
vn 0.1871 0.9813 -0.0456
vn 0.2061 0.9771 0.0535
vn 0.4817 0.8595 0.1708
vn 0.5157 0.8565 -0.0225
vn -0.0537 0.9976 -0.0433
vn -0.0050 0.9975 0.0699
vn 0.1561 0.9841 0.0843
vn 0.1843 0.9821 0.0393
vn -0.0817 0.9965 0.0199
vn -0.3249 0.8966 -0.3009
vn -0.2701 0.9146 -0.3009
vn -0.0949 0.9955 -0.0039
vn 0.0357 0.9993 -0.0088
vn -0.0651 0.9969 -0.0433
vn -0.0742 0.9937 0.0837
vn -0.1847 0.9826 -0.0194
vn -0.1836 0.9828 -0.0185
vn -0.1862 0.9825 -0.0072
vn -0.1848 0.9822 -0.0344
vn -0.3355 0.9361 -0.1057
vn -0.4020 0.8946 -0.1949
vn -0.0386 0.9942 -0.1008
vn -0.0232 0.9949 -0.0981
vn -0.0769 0.9954 -0.0569
vn -0.0093 0.9994 -0.0329
vn -0.0096 0.9993 -0.0368
vn -0.0097 0.9993 -0.0373
vn 0.0060 0.9983 -0.0588
vn -0.0542 0.9969 -0.0567
vn -0.1863 0.9825 -0.0056
vn -0.0535 0.9985 0.0134
vn -0.0094 0.9994 -0.0324
vn 0.0009 0.9996 -0.0277
vn 0.0006 0.9996 -0.0267
vn -0.0009 0.9998 -0.0199
vn -0.0011 0.9998 -0.0191
vn -0.1025 0.9943 -0.0292
vn -0.1829 0.9830 -0.0177
vn -0.0040 0.9998 0.0206
vn -0.0279 0.9976 0.0637
vn -0.0117 0.9969 0.0779
vn -0.0115 0.9975 0.0692
vn -0.0114 0.9976 0.0686
vn 0.0332 0.9993 0.0173
vn 0.1242 0.9922 0.0129
vn 0.0738 0.9843 0.1605
vn 0.0718 0.9845 0.1600
vn 0.0733 0.9843 0.1604
vn 0.0714 0.9845 0.1599
vn -0.3806 0.8994 -0.2150
vn -0.1682 0.9711 -0.1694
vn -0.1626 0.9587 -0.2333
vn 0.1302 0.9852 -0.1118
vn -0.0118 0.9968 0.0796
vn 0.1232 0.9709 0.2054
vn 0.1991 0.9792 0.0394
vn -0.1841 0.9762 0.1146
vn -0.1126 0.9885 -0.1010
vn 0.1711 0.9841 0.0467
vn -0.3504 0.9291 -0.1181
vn -0.1311 0.9894 -0.0624
vn -0.1129 0.9884 -0.1013
vn 0.0327 0.9969 -0.0722
vn 0.0328 0.9969 -0.0721
vn 0.0322 0.9967 -0.0743
vn 0.1289 0.9774 -0.1676
vn 0.2484 0.9614 -0.1186
vn 0.1090 0.9914 0.0720
vn 0.0500 0.9979 0.0410
vn 0.0651 0.9879 0.1405
vn 0.0037 0.9883 0.1526
vn 0.0871 0.9912 -0.0994
vn 0.1077 0.9907 -0.0836
vn -0.1766 0.9840 -0.0248
vn 0.0273 0.9992 0.0296
vn -0.0521 0.9902 0.1294
vn -0.0101 0.9902 0.1393
vn 0.0328 0.9969 -0.0717
vn 0.2150 0.9695 0.1173
vn 0.2587 0.9659 0.0121
vn 0.1774 0.9794 -0.0965
vn 0.1780 0.9785 -0.1043
vn 0.1782 0.9784 -0.1049
vn 0.0783 0.9945 0.0689
vn -0.1760 0.9824 0.0630
vn -0.1842 0.9810 0.0612
vn -0.1728 0.9829 0.0637
vn -0.1346 0.9813 0.1378
vn 0.2645 0.9604 0.0872
vn 0.2374 0.9562 0.1714
vn 0.2731 0.9395 0.2070
vn 0.2027 0.9503 0.2362
vn 0.5452 0.8377 0.0330
vn -0.4354 0.8994 -0.0386
vn 0.1045 0.9892 -0.1027
vn -0.8086 -0.5872 0.0356
vn -0.9382 -0.3428 0.0475
vn -0.7400 -0.6709 0.0482
vn 0.3810 0.9216 0.0743
vn 0.4080 0.9085 0.0901
vn 0.3363 0.9318 0.1362
vn 0.1195 0.9925 -0.0251
vn 0.5892 0.8080 -0.0006
vn 0.4231 0.9021 -0.0851
vn 0.1850 0.9774 -0.1018
vn 0.3699 0.9253 -0.0837
vn 0.1637 0.9848 -0.0587
vn 0.3929 0.9190 0.0322
vn 0.3011 0.9527 0.0415
vn 0.1916 0.9813 -0.0186
vn -0.5246 0.8447 0.1060
vn -0.7920 0.6095 0.0365
vn -0.7935 0.6074 0.0373
vn -0.7945 0.6061 0.0378
vn 0.2014 0.9794 -0.0171
vn 0.2386 0.9711 -0.0088
vn 0.4832 0.8745 -0.0413
vn 0.8354 0.5352 0.1249
vn 0.0969 0.9909 0.0930
vn -0.3232 0.9227 -0.2101
vn -0.7974 -0.6021 0.0406
vn -0.9609 -0.2236 0.1633
vn -0.7909 0.6108 0.0359
vn 0.7044 -0.7092 -0.0275
vn -0.0283 0.9892 0.1436
vn 0.2383 0.9305 0.2782
vn 0.3867 0.8686 0.3098
vn -0.6898 0.6395 -0.3393
vn -0.3562 0.9128 -0.1996
vn -0.2503 0.9614 -0.1140
vn -0.8889 -0.4476 0.0977
vn -0.7456 -0.6555 -0.1198
vn -0.9395 0.3264 -0.1041
vn -0.9565 -0.0437 -0.2885
vn -0.0794 0.9609 0.2655
vn -0.8328 -0.4005 -0.3822
vn 0.4906 0.8322 0.2584
vn -0.2704 0.9259 -0.2638
vn 0.0404 0.9867 -0.1576
vn -0.1702 0.9556 -0.2404
vn -0.0135 0.9541 -0.2993
vn 0.2199 0.9285 -0.2992
vn -0.9710 -0.1620 -0.1758
vn -0.9227 -0.2744 -0.2710
vn -0.8543 -0.4498 -0.2607
vn -0.7837 -0.5332 -0.3186
vn 0.7465 0.5928 0.3023
vn -0.0760 0.9811 -0.1782
vn 0.3577 -0.8897 0.2837
vn -0.1300 0.9650 -0.2278
vn -0.2292 -0.9284 0.2924
vn 0.0311 0.9770 -0.2111
vn -0.2180 0.9741 0.0596
vn 0.1207 0.9898 0.0762
vn 0.0535 0.9953 0.0805
vn 0.0517 0.9955 0.0798
vn 0.0463 0.9959 0.0774
vn 0.0445 0.9961 0.0765
vn 0.2479 0.8286 0.5020
vn -0.4006 0.7503 0.5259
vn -0.3090 0.9511 -0.0012
vn -0.0861 0.8833 -0.4609
vn -0.0896 -0.5372 0.8387
vn 0.3070 0.0584 0.9499
vn 0.0844 -0.8615 0.5007
vn -0.1852 0.9767 -0.1086
vn 0.0823 0.9872 -0.1365
vn -0.4232 0.8978 0.1217
vn 0.0077 0.9987 -0.0508
vn 0.0416 0.9651 -0.2585
vn 0.0034 0.9776 -0.2106
vn -0.1846 0.6516 0.7357
vn 0.1151 0.8675 -0.4840
vn 0.1336 0.9829 0.1264
vn 0.1726 0.9803 0.0958
vn 0.1617 0.9856 0.0494
vn 0.1576 0.9850 0.0706
vn 0.1086 0.9443 0.3105
vn 0.1391 0.9634 0.2290
vn -0.2710 -0.1297 -0.9538
vn -0.1607 -0.6441 -0.7479
vn -0.0416 0.9933 -0.1081
vn -0.0413 0.9932 -0.1084
vn -0.0355 0.9930 -0.1128
vn -0.0349 0.9930 -0.1131
vn -0.0462 0.9667 -0.2519
vn -0.0468 0.9669 -0.2510
vn -0.0488 0.9675 -0.2480
vn -0.0493 0.9677 -0.2472
vn 0.1128 -0.8945 0.4326
vn 0.0862 -0.9121 0.4008
vn 0.0131 0.9981 0.0608
vn -0.0171 0.9928 0.1184
vn -0.0591 0.6927 -0.7188
vn -0.0957 0.8953 -0.4351
vn 0.0650 0.9978 -0.0117
vn 0.0649 0.9978 -0.0116
vn 0.0647 0.9978 -0.0111
vn 0.0646 0.9979 -0.0108
vn 0.0866 0.9888 -0.1215
vn -0.0811 0.9960 -0.0378
vn -0.0820 0.9961 -0.0322
vn -0.0825 0.9961 -0.0297
vn 0.2006 0.2570 0.9454
vn 0.0351 -0.0194 0.9992
vn 0.0011 -0.8539 0.5204
vn 0.3436 -0.3341 0.8777
vn 0.1932 0.8480 0.4935
vn -0.1172 -0.9872 -0.1079
vn 0.1365 0.9804 -0.1423
vn 0.0766 0.9932 -0.0874
vn 0.0626 0.9956 -0.0700
vn -0.1174 0.9924 0.0356
vn -0.0806 0.9959 -0.0406
vn -0.1723 0.9825 0.0702
vn -0.0999 -0.7917 0.6027
vn 0.3325 -0.4652 0.8204
vn 0.3199 -0.5251 0.7886
vn 0.0558 -0.7747 0.6298
vn -0.0467 0.7231 0.6891
vn -0.3213 -0.8423 0.4328
vn 0.2809 0.8821 -0.3783
vn 0.0174 0.9864 -0.1635
vn 0.5139 0.1320 -0.8476
vn -0.1658 0.9840 -0.0647
vn -0.1604 0.9862 -0.0407
vn -0.1698 0.9854 0.0127
vn -0.0648 0.9885 0.1363
vn -0.0461 0.9825 -0.1806
vn 0.2420 0.9687 -0.0555
vn -0.4247 0.8948 -0.1377
vn -0.2363 0.9480 -0.2133
vn 0.4883 0.4184 0.7658
vn 0.5381 0.5240 0.6602
vn 0.6065 -0.6226 0.4945
vn 0.4912 -0.6699 0.5567
vn -0.3515 0.9314 -0.0943
vn -0.3937 0.8998 -0.1878
vn -0.0674 0.9938 -0.0889
vn -0.0413 0.9987 -0.0308
vn -0.1488 0.9730 -0.1763
vn -0.1499 0.9855 0.0794
vn 0.0123 0.9976 -0.0677
vn 0.0880 0.9614 0.2608
vn -0.3376 0.9007 -0.2733
vn -0.2499 0.9627 -0.1034
vn 0.0039 0.9955 0.0944
vn -0.1021 0.9838 -0.1472
vn -0.1595 -0.9477 -0.2764
vn -0.6200 0.6361 -0.4594
vn 0.3557 0.8710 0.3387
vn 0.3115 0.9112 0.2696
vn 0.0177 0.9992 -0.0361
vn -0.0494 0.9784 -0.2007
vn 0.8426 -0.4185 0.3389
vn 0.2205 0.9559 -0.1942
vn 0.7639 -0.1592 0.6254
vn 0.5321 -0.6228 0.5736
vn 0.0191 0.9998 -0.0049
vn -0.0013 0.9994 -0.0337
vn 0.1788 -0.9797 0.0905
vn -0.3843 0.9192 -0.0859
vn -0.1075 0.9792 -0.1720
vn 0.9410 -0.3091 0.1376
vn 0.0475 0.9952 -0.0855
vn 0.2412 0.9494 0.2010
vn 0.6320 -0.3549 0.6890
vn 0.7119 0.6597 0.2408
vn 0.2502 -0.9644 0.0861
vn 0.7762 0.5666 -0.2766
vn 0.9198 -0.3118 -0.2383
vn 0.2074 -0.9739 0.0925
vn -0.3719 0.9235 -0.0937
vn -0.6432 0.6359 -0.4264
vn -0.0629 0.9976 -0.0282
vn 0.2194 0.9115 0.3478
vn -0.0215 0.9914 0.1294
vn 0.0051 0.9849 0.1731
vn 0.3807 -0.9132 0.1454
vn 0.9304 -0.2179 -0.2947
vn 0.7013 -0.6660 -0.2541
vn 0.4033 -0.9149 -0.0146
vn -0.0878 0.9961 0.0065
vn 0.3301 -0.9388 0.0988
vn -0.5290 0.8163 -0.2321
vn -0.7481 -0.1674 -0.6422
vn -0.3936 0.8508 -0.3482
vn -0.0682 0.9923 0.1032
vn 0.1624 0.9352 0.3148
vn -0.0077 0.9946 0.1037
vn 0.2632 0.9341 0.2412
vn -0.0828 0.9957 -0.0411
vn -0.0107 0.9777 -0.2097
vn -0.2002 0.9797 0.0108
vn -0.3131 0.9481 0.0548
vn -0.0224 -0.9976 0.0660
vn 0.7434 -0.6640 0.0796
vn 0.9997 -0.0250 -0.0069
vn 0.8326 -0.3247 -0.4487
vn -0.0381 0.9984 -0.0423
vn -0.0383 0.9984 -0.0425
vn -0.0395 0.9983 -0.0429
vn -0.0398 0.9983 -0.0430
vn -0.2599 0.9644 0.0499
vn -0.1831 0.9812 0.0618
vn -0.0723 0.9967 0.0368
vn -0.0044 0.9985 0.0540
vn -0.2587 0.9658 -0.0161
vn -0.2593 0.9657 -0.0162
vn -0.2604 0.9654 -0.0165
vn -0.2611 0.9652 -0.0166
vn -0.1236 0.9923 -0.0044
vn 0.2523 0.9575 0.1400
vn -0.1626 0.9786 0.1259
vn 0.1213 0.9733 0.1947
vn -0.4914 0.8701 -0.0393
vn -0.2682 0.9632 0.0203
vn -0.7185 0.6955 0.0009
vn -0.0013 0.9978 0.0659
vn 0.5196 0.8293 -0.2057
vn 0.0412 0.9910 -0.1275
vn 0.0854 0.9705 -0.2254
vn 0.1621 0.9519 -0.2602
vn 0.5298 -0.8481 0.0092
vn 0.6369 0.6901 -0.3436
vn -0.2846 -0.9463 0.1536
vn -0.2650 0.9160 0.3011
vn 0.2055 0.6747 -0.7089
vn 0.3754 0.4154 -0.8286
vn 0.0668 0.9968 -0.0440
vn 0.6203 0.7696 -0.1514
vn 0.1961 0.9757 0.0979
vn 0.0772 0.9931 0.0884
vn 0.5469 -0.8095 -0.2137
vn 0.3769 -0.1232 -0.9180
vn 0.1624 -0.8926 -0.4206
vn 0.1623 -0.8917 -0.4225
vn 0.1619 -0.8897 -0.4268
vn 0.1618 -0.8888 -0.4288
vn -0.2251 0.7702 0.5967
vn -0.5462 -0.8348 0.0692
vn 0.3409 0.9366 0.0807
vn 0.0078 0.9943 0.1065
vn 0.6355 0.7517 -0.1766
vn -0.2168 0.9721 -0.0895
vn 0.0336 0.7153 -0.6980
vn -0.3482 0.8411 -0.4140
vn 0.2907 -0.8084 -0.5119
vn 0.1813 -0.6894 -0.7013
vn 0.3020 -0.2323 -0.9246
vn 0.4716 -0.8300 -0.2978
vn 0.6317 0.6492 -0.4236
vn 0.9184 -0.1969 -0.3432
vn 0.9309 0.1116 -0.3479
vn 0.0897 0.9730 -0.2125
vn 0.2638 -0.8590 -0.4387
vn -0.1415 0.9888 -0.0484
vn -0.0892 0.9907 0.1030
vn -0.0566 0.9979 0.0305
vn -0.0903 0.9882 -0.1239
vn -0.1006 0.9877 -0.1193
vn -0.1007 0.9878 -0.1192
vn -0.4238 0.8811 -0.2100
vn -0.1660 -0.9856 0.0330
vn 0.0390 0.9960 0.0800
vn -0.3053 0.9121 -0.2737
vn -0.2141 -0.9619 -0.1702
vn 0.2622 -0.2328 -0.9365
vn -0.1505 -0.4335 -0.8885
vn 0.2381 0.9672 0.0885
vn 0.0509 0.9556 0.2901
vn 0.0311 0.9544 -0.2968
vn -0.0691 0.9975 0.0118
vn 0.4514 0.7040 0.5483
vn 0.5219 0.5097 0.6840
vn 0.5216 -0.7054 0.4799
vn -0.1172 -0.9881 -0.0997
vn 0.1012 0.9920 0.0749
vn -0.0730 0.9330 0.3523
vn -0.0675 0.9461 0.3167
vn 0.2130 0.9770 -0.0049
vn 0.1214 0.9918 -0.0399
vn -0.0312 0.9399 0.3401
vn 0.0801 0.9917 -0.1009
vn 0.1305 0.9719 -0.1958
vn 0.1286 0.6391 0.7583
vn 0.1962 0.7515 0.6299
vn 0.1518 0.9873 -0.0460
vn 0.1774 0.9795 -0.0953
vn 0.2229 -0.5600 -0.7979
vn -0.0651 0.5608 -0.8254
vn -0.0017 -0.9998 -0.0220
vn -0.1735 -0.6895 -0.7032
vn 0.0710 0.9623 -0.2626
vn -0.0949 0.9530 0.2878
vn -0.0737 0.9928 0.0939
vn -0.0100 0.9989 -0.0465
vn -0.4211 0.0301 -0.9065
vn -0.1864 0.9806 0.0608
vn -0.1554 -0.7393 -0.6552
vn -0.1340 -0.7578 -0.6386
vn -0.1147 0.4417 -0.8898
vn 0.0827 -0.8055 -0.5868
vn 0.1054 0.6552 -0.7481
vn -0.1471 0.9883 -0.0405
vn 0.1104 -0.9917 -0.0664
vn -0.1601 0.9871 0.0028
vn -0.9606 0.1616 -0.2262
vn -0.2620 0.9607 0.0918
vn -0.3399 0.9363 0.0887
vn -0.5248 0.8482 -0.0719
vn -0.1991 -0.5247 -0.8277
vn 0.0322 -0.8616 -0.5066
vn 0.1373 -0.2600 -0.9558
vn -0.1674 0.7757 -0.6085
vn -0.0281 -0.9689 -0.2459
vn -0.4884 0.8584 -0.1568
vn 0.1676 -0.9844 0.0538
vn 0.7267 0.6866 0.0225
vn -0.4184 0.9079 0.0259
vn -0.5380 0.8430 -0.0042
vn 0.0717 0.9965 0.0420
vn -0.7454 0.3512 -0.5666
vn 0.0273 0.9919 -0.1239
vn 0.0106 0.9536 -0.3010
vn -0.3091 -0.7381 0.5997
vn -0.8458 0.5058 0.1699
vn -0.1476 0.9724 0.1809
vn -0.6233 0.3454 0.7016
vn -0.3521 -0.9356 0.0261
vn -0.8057 -0.4756 -0.3531
vn -0.9287 -0.1583 -0.3354
vn 0.1661 0.9644 0.2060
vn 0.0318 0.9976 -0.0608
vn -0.1654 0.9704 0.1760
vn -0.1089 -0.9893 0.0973
vn 0.1629 0.2046 0.9652
vn -0.0666 0.9957 -0.0646
vn -0.3527 -0.9337 -0.0613
vn 0.2788 -0.9599 -0.0280
vn 0.1084 0.9895 -0.0954
vn 0.0694 0.9786 -0.1938
vn -0.1013 -0.9526 0.2867
vn 0.3760 -0.9249 -0.0564
vn -0.6469 -0.2265 0.7282
vn -0.4689 0.8670 0.1688
vn -0.8330 0.5469 0.0836
vn -0.0336 -0.9662 0.2555
vn -0.0747 -0.9849 0.1562
vn 0.0726 0.9858 -0.1516
vn -0.5452 0.7796 0.3083
vn -0.0831 -0.5244 0.8474
vn -0.9252 0.3750 0.0588
vn -0.4703 -0.7342 0.4897
vn -0.4722 -0.8733 0.1200
vn -0.7238 -0.6898 0.0165
vn -0.2469 0.5185 0.8186
vn 0.0539 0.0804 0.9953
vn -0.2084 -0.9289 0.3061
vn -0.1917 -0.9332 0.3040
vn -0.0701 -0.7785 0.6237
vn -0.1636 -0.7006 0.6946
vn -0.8889 -0.2259 -0.3986
vn -0.6105 -0.7911 0.0393
vn -0.5936 -0.5127 0.6203
vn -0.9198 -0.0151 0.3921
vn -0.9379 -0.3388 0.0745
vn 0.0572 -0.9294 0.3647
vn 0.2214 -0.7605 0.6104
vn -0.5511 -0.4910 0.6747
vn -0.5139 -0.3722 0.7729
vn -0.1778 -0.6515 0.7375
vn -0.1593 -0.6348 0.7561
vn 0.2109 -0.7778 0.5921
vn -0.7958 -0.5064 -0.3322
vn -0.6960 -0.6959 -0.1771
vn -0.9430 -0.3307 -0.0374
vn -0.4841 -0.8450 0.2269
vn -0.5025 -0.8549 0.1288
vn -0.4049 -0.8977 0.1739
vn -0.2879 -0.0095 0.9576
vn 0.0169 -0.3761 0.9264
vn -0.3156 -0.7912 0.5238
vn -0.1666 -0.8227 0.5435
vn -0.1749 -0.8237 0.5393
vn -0.1743 -0.8265 0.5352
vn -0.1692 -0.8283 0.5341
vn -0.1689 -0.8284 0.5340
vn 0.2840 -0.4960 0.8206
vn -0.0677 -0.3606 0.9303
vn 0.2137 0.9728 -0.0896
vn 0.3416 0.9047 0.2547
vn 0.0998 0.9788 0.1790
vn 0.0065 -0.9987 0.0506
vn -0.3467 -0.8215 0.4526
vn -0.5006 -0.2285 0.8350
vn 0.2555 -0.3866 0.8861
vn 0.0287 0.9794 -0.1999
vn -0.5294 0.7892 -0.3111
vn -0.0660 0.9964 -0.0527
vn 0.2626 0.9596 0.1011
vn 0.3514 0.9202 0.1728
vn 0.0857 0.9936 0.0730
vn 0.1329 0.9676 0.2148
vn 0.7867 0.0641 0.6140
vn 0.3446 0.9265 0.1509
vn -0.4472 0.8740 -0.1900
vn -0.6339 0.6858 -0.3575
vn 0.0779 0.9945 -0.0702
vn 0.0672 0.8513 0.5204
vn 0.4216 -0.7406 0.5233
vn 0.7876 -0.0422 0.6148
vn 0.7253 -0.5404 0.4266
vn 0.8176 -0.3825 0.4303
vn 0.8249 -0.2782 0.4922
vn 0.4486 -0.7359 0.5072
vn 0.4737 -0.4596 0.7513
vn -0.5404 -0.3845 0.7484
vn -0.1705 -0.8641 0.4735
vn 0.6123 -0.2980 0.7324
vn 0.6515 -0.5392 0.5337
vn 0.8313 -0.2702 0.4857
vn 0.8317 -0.2761 0.4816
vn 0.8314 -0.2718 0.4846
vn 0.8319 -0.2778 0.4805
vn 0.8186 -0.3022 0.4885
vn 0.6758 0.0697 0.7337
vn 0.4904 -0.3623 0.7926
vn 0.5741 -0.6556 0.4904
vn 0.5744 -0.6549 0.4910
vn 0.5749 -0.6541 0.4916
vn -0.2505 -0.7893 0.5607
vn -0.5199 -0.5726 0.6339
vn -0.0130 -0.1206 0.9926
vn 0.2848 -0.7731 0.5668
vn 0.6978 -0.4364 0.5681
vn 0.7143 -0.5613 0.4180
vn 0.7140 -0.5616 0.4181
vn 0.7138 -0.5619 0.4181
vn 0.7135 -0.5621 0.4182
vn 0.7080 -0.5262 0.4710
vn 0.5836 -0.6344 0.5069
vn 0.5887 -0.6395 0.4945
vn 0.5739 -0.6558 0.4904
vn 0.5727 -0.6006 0.5580
vn 0.2520 -0.7432 0.6198
vn -0.0995 -0.5895 0.8016
vn -0.3816 -0.8316 0.4035
vn -0.5584 -0.6578 0.5055
vn 0.5241 -0.3827 0.7608
vn 0.7055 -0.5626 0.4309
vn 0.7283 -0.5368 0.4259
vn 0.7294 -0.5659 0.3844
vn 0.5953 -0.6942 0.4045
vn 0.5887 -0.5938 0.5485
vn 0.5901 -0.5915 0.5495
vn 0.5934 -0.5862 0.5516
vn 0.5947 -0.5841 0.5524
vn 0.5905 -0.5774 0.5638
vn 0.5896 -0.5781 0.5641
vn 0.5833 -0.5826 0.5660
vn 0.5822 -0.5833 0.5663
vn 0.5340 -0.4943 0.6859
vn 0.0263 0.9747 -0.2219
vn 0.9695 -0.1458 -0.1970
vn 0.4103 -0.8989 0.1538
vn -0.7052 0.2086 -0.6777
vn 0.7486 0.2573 0.6111
vn 0.7816 -0.4598 0.4214
vn 0.9851 0.0388 -0.1676
vn 0.0052 0.9792 -0.2030
vn -0.0831 0.9965 -0.0057
vn -0.1123 0.9935 -0.0210
vn -0.0192 0.9915 -0.1286
vn 0.2477 0.9224 -0.2963
vn -0.0982 0.9871 0.1267
vn -0.2077 0.9777 -0.0301
vn 0.3314 -0.9422 0.0502
vn 0.2929 0.8708 -0.3949
vn -0.1376 0.9710 0.1956
vn -0.1026 -0.9904 -0.0925
vn 0.3624 -0.9302 -0.0581
vn 0.6808 -0.3295 0.6542
vn 0.3347 -0.9133 0.2321
vn 0.2496 0.9574 -0.1452
vn -0.0357 -0.9989 0.0310
vn 0.1150 -0.9775 -0.1769
vn 0.5136 0.8535 -0.0881
vn 0.6807 0.7295 -0.0670
vn 0.6394 0.7676 -0.0440
vn 0.5644 -0.6837 0.4626
vn 0.6291 -0.4965 0.5981
vn 0.8122 0.3096 0.4944
vn 0.3784 -0.9250 0.0330
vn 0.6814 -0.4145 -0.6032
vn 0.7741 -0.2579 -0.5781
vn 0.6707 -0.7366 -0.0879
vn 0.6541 -0.7499 -0.0995
vn 0.6543 -0.7496 -0.0999
vn 0.6553 -0.7484 -0.1018
vn 0.6556 -0.7482 -0.1022
vn 0.8928 -0.4346 0.1184
vn 0.5899 -0.7369 0.3301
vn 0.6932 -0.4760 0.5412
vn 0.5876 -0.5863 0.5577
vn 0.5263 -0.7374 0.4234
vn 0.9871 -0.1209 -0.1051
vn 0.4585 -0.7877 -0.4114
vn 0.4309 -0.8639 -0.2609
vn 0.9025 -0.4292 -0.0359
vn 0.9329 -0.3384 -0.1232
vn 0.9667 -0.2501 -0.0537
vn 0.7749 -0.6266 0.0830
vn 0.7277 -0.6844 0.0443
vn 0.4375 -0.8861 -0.1527
vn 0.7284 -0.6572 0.1938
vn 0.4028 -0.8457 0.3501
vn 0.5591 -0.4989 0.6622
vn 0.7975 -0.2617 0.5436
vn 0.5135 -0.8565 0.0533
vn 0.6307 -0.5447 -0.5528
vn 0.7534 -0.4478 -0.4815
vn 0.7134 -0.7001 0.0305
vn 0.5778 -0.8111 -0.0912
vn 0.6001 -0.7822 -0.1673
vn 0.8032 -0.5930 0.0565
vn 0.8212 -0.5697 0.0328
vn 0.7334 -0.6790 -0.0324
vn 0.7310 -0.6817 -0.0297
vn 0.7306 -0.6821 -0.0293
vn -0.6365 0.2417 -0.7325
vn -0.0435 0.9977 0.0522
vn -0.1130 0.9936 -0.0076
vn -0.2431 -0.5053 -0.8280
vn 0.1788 -0.9570 -0.2282
vn 0.8170 -0.5154 -0.2587
vn 0.8185 -0.5125 -0.2594
vn 0.8166 -0.5161 -0.2586
vn 0.6899 -0.3561 -0.6302
vn -0.0544 0.9936 0.0986
vn 0.4287 0.8202 0.3787
vn -0.0857 0.9891 -0.1195
vn -0.3288 -0.7743 -0.5407
vn -0.7008 0.4389 -0.5623
vn 0.1595 0.9852 -0.0628
vn -0.1915 -0.6360 -0.7475
vn 0.1242 0.8114 0.5712
vn 0.0646 0.9653 0.2530
vn 0.6574 0.4733 0.5864
vn -0.1747 -0.9844 0.0223
vn -0.0308 -0.9390 -0.3425
vn -0.2463 0.4855 -0.8389
vn -0.3490 0.1162 -0.9299
vn -0.2178 -0.4043 -0.8883
vn -0.2092 -0.9380 -0.2762
vn -0.4712 -0.7616 -0.4448
vn 0.0048 0.9963 -0.0852
vn -0.0158 0.9996 -0.0233
vn -0.0381 -0.9976 -0.0573
vn 0.6165 0.1914 -0.7638
vn -0.2098 -0.8157 -0.5391
vn -0.1926 -0.8309 -0.5221
vn -0.0988 -0.6675 -0.7380
vn -0.6215 0.1952 -0.7587
vn -0.7357 -0.1676 -0.6562
vn -0.1881 -0.8227 -0.5365
vn -0.1923 -0.8236 -0.5336
vn -0.1902 -0.8232 -0.5349
vn -0.1923 -0.8237 -0.5334
vn -0.7077 -0.2924 -0.6431
vn -0.2024 0.4635 -0.8627
vn 0.8186 -0.5124 -0.2596
vn 0.3143 -0.8710 -0.3775
vn -0.2329 -0.3262 -0.9162
vn -0.3453 -0.4527 -0.8221
vn -0.0880 -0.6942 -0.7144
vn -0.2477 -0.8095 -0.5324
vn -0.6790 -0.4204 -0.6019
vn -0.2204 -0.0190 -0.9752
vn -0.2645 0.0437 -0.9634
vn -0.6359 -0.4047 -0.6571
vn -0.1190 -0.7906 -0.6006
vn 0.0207 -0.7355 -0.6772
vn 0.5265 -0.7347 -0.4278
vn 0.8858 -0.3831 -0.2620
vn 0.7016 -0.2575 -0.6644
vn -0.4250 -0.6072 -0.6713
vn -0.2451 -0.7845 -0.5696
vn -0.0064 -0.6544 -0.7562
vn -0.5992 -0.1585 -0.7848
vn -0.6615 -0.2806 -0.6954
vn -0.3106 -0.5974 -0.7393
vn -0.5899 -0.5918 -0.5493
vn -0.5192 -0.6565 -0.5472
vn -0.0135 -0.3550 -0.9348
vn 0.0602 -0.6750 -0.7354
vn -0.3085 -0.8354 -0.4550
vn -0.8038 -0.1045 -0.5857
vn -0.1029 0.9504 -0.2935
vn -0.0366 0.9991 -0.0213
vn 0.7504 0.6607 0.0187
vn -0.8890 -0.4571 -0.0281
vn -0.3969 -0.8654 -0.3058
vn 0.0901 -0.7972 -0.5970
vn -0.0500 0.9884 -0.1435
vn -0.9572 0.2863 0.0425
vn -0.3252 0.7476 -0.5791
vn -0.0953 -0.9798 0.1760
vn 0.3288 0.9420 -0.0671
vn -0.1004 0.9846 0.1434
vn 0.3884 -0.9010 0.1932
vn 0.3532 0.7953 0.4926
vn -0.0321 0.9638 -0.2646
vn -0.7181 -0.6875 0.1083
vn 0.3092 -0.9396 -0.1471
vn 0.9630 0.1518 0.2228
vn -0.9007 -0.4339 -0.0225
vn -0.6385 0.7227 -0.2647
vn -0.4900 -0.5520 -0.6747
vn -0.3392 -0.9149 -0.2187
vn -0.9015 0.4323 0.0191
vn -0.8846 0.4664 0.0014
vn -0.9754 0.0239 -0.2192
vn -0.8477 -0.5261 0.0677
vn -0.9841 -0.1765 -0.0220
vn -0.9813 -0.1920 -0.0165
vn -0.7106 -0.6354 -0.3022
vn -0.6194 -0.1449 -0.7716
vn -0.7794 0.2808 -0.5600
vn -0.7918 -0.6045 0.0874
vn -0.7067 -0.7076 0.0007
vn -0.7704 -0.6296 -0.1004
vn -0.9499 -0.3061 0.0638
vn -0.9496 -0.3067 0.0643
vn -0.9498 -0.3062 0.0640
vn -0.9495 -0.3070 0.0644
vn -0.9211 -0.0157 -0.3889
vn -0.8112 -0.5615 -0.1635
vn -0.9186 -0.3935 -0.0360
vn -0.9480 -0.0543 -0.3136
vn -0.4855 -0.6591 -0.5743
vn -0.4856 -0.8101 -0.3286
vn -0.9649 -0.2522 0.0734
vn -0.9910 -0.1281 -0.0398
vn -0.9229 -0.3495 -0.1612
vn -0.6826 -0.6776 0.2737
vn -0.4606 -0.8829 0.0908
vn -0.6347 -0.7685 -0.0813
vn -0.0706 -0.2648 -0.9617
vn -0.2833 -0.7881 -0.5465
vn -0.9575 -0.2699 -0.1018
vn -0.9038 -0.4273 -0.0237
vn -0.7446 -0.6403 -0.1885
vn -0.6693 -0.3646 -0.6474
vn -0.8146 -0.1408 -0.5627
vn -0.6573 -0.7515 0.0570
vn -0.6694 -0.7396 0.0702
vn -0.6337 -0.7608 0.1400
vn -0.7570 -0.6018 0.2544
vn -0.8868 -0.4618 0.0162
vn -0.8367 -0.5437 -0.0656
vn -0.8560 -0.5064 -0.1040
vn -0.4754 -0.8094 -0.3447
vn -0.3808 -0.8613 -0.3363
vn -0.9291 -0.2830 -0.2381
vn -0.9019 -0.3081 -0.3027
vn -0.9699 -0.2296 -0.0812
vn -0.2261 -0.5128 0.8282
vn -0.9437 -0.1612 0.2887
vn -0.4494 -0.8283 -0.3348
vn -0.4256 -0.9047 -0.0176
vn -0.4865 -0.7862 -0.3810
vn -0.4454 -0.8932 0.0612
vn -0.1705 -0.9708 0.1687
vn -0.1900 -0.9778 -0.0886
vn -0.9285 -0.2470 -0.2773
vn -0.9585 -0.2667 -0.1011
vn -0.7495 -0.6266 -0.2137
vn -0.7292 -0.6839 0.0231
vn -0.7731 -0.6268 0.0972
vn -0.7728 -0.6058 0.1892
vn -0.7395 -0.6610 0.1273
vn -0.7334 -0.6618 0.1552
vn -0.8194 -0.5269 0.2258
vn -0.8656 -0.5006 -0.0118
vn -0.8450 -0.5331 -0.0417
vn -0.3130 -0.2191 0.9241
vn 0.0138 -0.8582 0.5131
vn 0.0209 -0.8529 0.5217
vn 0.0209 -0.8528 0.5218
vn 0.0215 -0.8527 0.5220
vn -0.5147 -0.4405 0.7355
vn -0.8704 -0.4865 0.0754
vn -0.8628 -0.5021 0.0581
vn -0.5923 -0.4142 0.6911
vn -0.4292 -0.8398 0.3325
vn -0.0128 -0.6674 0.7446
vn -0.1868 -0.2545 0.9488
vn -0.6589 -0.5513 0.5119
vn -0.5632 -0.7216 0.4026
vn -0.3579 -0.5063 0.7846
vn -0.8037 -0.4439 0.3963
vn -0.5653 -0.3875 0.7282
vn -0.2246 -0.8175 0.5303
vn 0.1614 -0.5206 0.8384
vn 0.1773 -0.5345 0.8264
vn 0.0513 -0.7201 0.6920
vn -0.0413 -0.6703 0.7410
vn 0.0912 -0.5508 0.8297
vn 0.2119 -0.6510 0.7289
vn -0.1442 -0.9574 0.2501
vn -0.1854 -0.5398 0.8211
vn -0.1571 -0.5194 0.8400
vn -0.9923 -0.1102 0.0558
vn -0.4135 -0.1033 0.9047
vn -0.2413 -0.4291 0.8704
vn -0.2215 -0.4218 0.8792
vn -0.1109 -0.5490 0.8284
vn 0.2179 -0.3331 0.9174
vn 0.6667 -0.4690 0.5793
vn 0.5802 -0.7756 0.2487
vn 0.2052 -0.5316 0.8218
vn -0.0399 -0.7228 0.6899
vn 0.0202 -0.9617 0.2733
vn 0.1380 -0.8913 0.4320
vn 0.0497 -0.5185 0.8536
vn -0.0536 -0.6113 0.7896
vn 0.4328 -0.5035 0.7478
vn 0.4793 -0.7585 0.4416
vn 0.0938 -0.7065 0.7015
vn -0.3155 -0.9443 0.0939
vn -0.0329 -0.3585 0.9329
vn -0.8047 -0.3069 0.5082
vn -0.2645 -0.1057 0.9586
vn 0.5322 -0.6096 0.5875
vn 0.0419 -0.8068 0.5893
vn 0.2518 -0.5328 0.8080
vn -0.5080 -0.5629 0.6520
vn -0.5157 -0.4243 0.7444
vn -0.3899 -0.4177 0.8207
vn 0.1156 -0.7304 0.6731
vn -0.7216 -0.5991 0.3469
vn -0.6538 -0.3938 0.6461
vn 0.2470 -0.3499 0.9036
vn -0.2202 -0.8011 0.5565
vn 0.7620 -0.3858 0.5201
vn -0.5230 -0.6308 0.5732
vn -0.2524 -0.6743 0.6940
vn -0.3555 -0.9344 0.0226
vn 0.8128 -0.5378 0.2240
vn 0.7634 -0.6396 0.0904
vn 0.7459 -0.6604 0.0868
vn 0.8452 -0.4774 0.2402
vn 0.5800 -0.7652 0.2795
vn -0.3727 -0.2035 0.9054
vn 0.3675 -0.1652 0.9152
vn -0.3422 -0.5877 0.7332
vn 0.9040 -0.2088 0.3731
vn 0.8410 -0.5408 0.0153
vn 0.1752 -0.9821 -0.0696
vn 0.7180 -0.6155 0.3249
vn 0.0254 -0.9341 0.3560
vn 0.4584 -0.6274 0.6295
vn 0.6046 -0.5308 0.5939
vn -0.7831 -0.1422 0.6054
vn 0.6109 -0.1410 0.7790
vn 0.5147 -0.1947 0.8350
vn 0.7712 -0.1409 0.6207
vn 0.7888 -0.1953 0.5828
vn 0.4920 -0.3291 0.8060
vn 0.0457 -0.9411 0.3349
vn -0.1388 -0.9550 0.2620
vn -0.0162 -0.8958 0.4441
vn 0.6137 -0.5527 0.5638
vn 0.6134 -0.5527 0.5642
vn 0.6134 -0.5526 0.5643
vn 0.6158 -0.5341 0.5792
vn 0.6158 -0.5346 0.5787
vn 0.6076 -0.5416 0.5810
vn 0.6067 -0.5423 0.5813
vn 0.0816 -0.2080 0.9747
vn 0.8104 -0.0916 0.5786
vn 0.9394 -0.1653 0.3003
vn 0.9377 -0.1822 0.2958
vn 0.8584 -0.1426 0.4928
vn 0.6563 -0.3041 0.6905
vn 0.6774 -0.3679 0.6370
vn 0.4607 -0.5117 0.7252
vn -0.0238 -0.9996 -0.0135
vn 0.4908 -0.8479 0.2007
vn 0.6142 -0.5528 0.5632
vn 0.5928 -0.5763 0.5625
vn 0.6005 -0.5399 0.5899
vn 0.4446 -0.7041 0.5538
vn 0.7328 -0.5534 -0.3960
vn 0.7985 -0.3994 -0.4505
vn 0.7985 -0.3994 -0.4504
vn 0.7984 -0.3994 -0.4505
vn 0.6374 -0.6177 -0.4606
vn 0.8510 -0.5078 -0.1342
vn 0.9479 -0.2718 -0.1662
vn 0.9763 -0.1756 0.1269
vn 0.9829 -0.0770 -0.1672
vn 0.5889 -0.6719 -0.4492
vn 0.4009 -0.9124 0.0819
vn 0.6411 -0.6367 0.4286
vn 0.6659 -0.6068 0.4340
vn 0.4655 -0.6332 0.6184
vn 0.9159 -0.3464 -0.2027
vn 0.6388 -0.4239 0.6420
vn 0.6821 -0.3634 0.6345
vn 0.6816 -0.3635 0.6351
vn 0.6745 -0.3644 0.6421
vn 0.6743 -0.3643 0.6423
vn 0.4593 -0.6472 0.6084
vn 0.9143 -0.4043 -0.0249
vn 0.8778 -0.4694 -0.0959
vn 0.7436 -0.5359 0.3999
vn 0.5070 -0.8455 0.1678
vn 0.1533 -0.8817 0.4462
vn 0.6104 -0.6653 0.4299
vn 0.7526 -0.5454 -0.3690
vn 0.6876 -0.6745 -0.2688
vn 0.6695 -0.6172 -0.4134
vn 0.9798 -0.1637 0.1151
vn 0.9424 -0.1747 0.2853
vn 0.6993 -0.7084 0.0960
vn 0.7330 -0.6484 -0.2056
vn -0.0787 -0.9421 0.3261
vn -0.0637 -0.9732 0.2211
vn 0.8698 -0.4390 -0.2252
vn 0.8676 -0.4775 -0.1388
vn 0.8675 -0.4777 -0.1390
vn 0.8645 -0.4829 -0.1391
vn 0.8643 -0.4834 -0.1391
vn 0.8573 -0.5053 -0.0980
vn 0.6628 -0.3073 -0.6829
vn 0.6739 -0.3205 -0.6657
vn 0.6716 -0.3207 -0.6679
vn 0.6707 -0.3207 -0.6688
vn 0.5858 -0.3540 -0.7291
vn 0.7688 -0.6210 -0.1527
vn 0.7756 -0.6135 -0.1482
vn 0.7762 -0.6130 -0.1477
vn 0.7763 -0.6128 -0.1481
vn 0.4937 -0.6740 0.5495
vn 0.4400 -0.7002 0.5623
vn 0.7980 -0.6011 -0.0427
vn 0.9178 -0.3967 0.0133
vn 0.9180 -0.3964 0.0133
vn 0.9187 -0.3948 0.0109
vn 0.9195 -0.3929 0.0085
vn 0.8870 -0.4612 -0.0240
vn 0.7571 -0.6522 0.0376
vn 0.8771 -0.0925 -0.4713
vn 0.9619 -0.1183 -0.2463
vn 0.6746 -0.3205 -0.6649
vn 0.6502 -0.7319 -0.2039
vn 0.7687 -0.6210 -0.1530
vn 0.6962 -0.7167 0.0406
vn -0.3273 -0.9414 -0.0817
vn -0.0552 -0.8800 -0.4717
vn 0.5360 -0.7404 -0.4057
vn 0.5371 -0.7370 -0.4104
vn 0.5364 -0.7386 -0.4082
vn 0.5369 -0.7369 -0.4107
vn 0.7588 -0.5404 -0.3637
vn 0.7440 -0.6679 -0.0178
vn 0.7286 -0.6850 -0.0065
vn 0.7338 -0.6786 -0.0328
vn -0.4606 -0.8489 -0.2594
vn -0.5356 -0.8386 0.0994
vn -0.9034 -0.4268 -0.0414
vn -0.9022 -0.4291 -0.0428
vn -0.9036 -0.4264 -0.0411
vn -0.8754 -0.4802 0.0547
vn -0.5945 -0.6515 -0.4713
vn -0.9278 -0.3728 -0.0161
vn -0.6383 -0.4451 -0.6281
vn -0.6084 -0.7839 -0.1241
vn -0.3308 -0.9324 -0.1453
vn -0.8139 -0.5024 0.2917
vn -0.7332 -0.5844 0.3476
vn -0.7293 -0.5920 0.3430
vn -0.7335 -0.5839 0.3480
vn -0.7612 -0.5835 0.2829
vn -0.9398 -0.3283 0.0950
vn -0.9020 -0.4296 -0.0430
vn -0.8359 -0.5489 -0.0091
vn -0.7291 -0.5924 0.3429
vn -0.8651 -0.4488 0.2238
vn -0.9082 -0.4134 -0.0653
vn -0.9322 -0.3510 -0.0886
vn -0.6245 -0.7472 -0.2276
vn -0.8181 -0.3757 -0.4354
vn -0.8037 -0.5919 -0.0616
vn -0.8351 -0.5463 -0.0648
vn -0.8125 -0.5760 0.0894
vn -0.9360 -0.3505 -0.0316
vn -0.9361 -0.3443 -0.0719
vn -0.9663 -0.2248 -0.1251
vn -0.9535 -0.2823 -0.1055
vn -0.9205 -0.3801 -0.0900
vn -0.8868 -0.2761 -0.3707
vn -0.8112 -0.5830 -0.0444
vn -0.8093 -0.5762 -0.1141
vn 0.4491 -0.6791 0.5806
vn -0.3608 -0.5794 -0.7308
vn -0.8349 -0.2945 -0.4650
vn -0.8338 -0.2936 -0.4675
vn -0.8310 -0.2914 -0.4738
vn -0.8299 -0.2904 -0.4764
vn -0.6817 -0.4480 -0.5784
vn -0.5788 -0.6776 -0.4537
vn -0.7722 -0.4802 -0.4161
vn -0.7432 -0.5476 -0.3845
vn -0.9832 -0.1170 -0.1401
vn -0.9348 -0.2491 0.2534
vn -0.9759 -0.1533 0.1554
vn -0.9488 -0.1704 0.2658
vn -0.4759 -0.3058 0.8246
vn -0.7750 -0.3084 -0.5516
vn -0.7364 -0.3534 -0.5770
vn -0.7816 -0.4255 -0.4562
vn -0.9462 -0.1282 -0.2973
vn 0.3943 -0.4484 -0.8022
vn 0.6080 -0.7179 -0.3392
vn 0.5744 -0.4290 -0.6972
vn 0.4282 -0.3415 -0.8366
vn 0.4110 -0.1865 -0.8924
vn 0.2129 -0.1436 -0.9665
vn -0.0492 -0.5294 -0.8470
vn 0.7631 -0.6343 -0.1238
vn 0.5318 -0.4980 0.6850
vn 0.2042 -0.6885 0.6959
vn -0.2471 -0.4047 -0.8804
vn -0.7881 -0.1099 -0.6057
vn -0.9026 -0.1399 -0.4072
vn -0.9290 -0.0451 -0.3673
vn 0.0633 -0.7687 -0.6365
vn 0.2720 -0.8120 -0.5164
vn 0.2721 -0.8119 -0.5165
vn 0.2714 -0.8124 -0.5161
vn 0.2630 -0.7362 -0.6236
vn -0.4846 -0.5757 -0.6586
vn 0.1374 -0.8581 -0.4947
vn 0.7271 -0.6801 -0.0935
vn 0.1316 -0.1288 -0.9829
vn 0.2435 -0.6407 -0.7282
vn 0.8000 -0.5856 -0.1309
vn 0.2727 -0.8115 -0.5167
vn 0.4510 -0.8153 -0.3632
vn 0.0818 -0.9838 -0.1595
vn -0.4308 -0.6222 -0.6537
vn -0.7012 -0.6990 -0.1408
vn -0.5874 -0.8088 0.0303
vn -0.3648 -0.8645 -0.3457
vn -0.1501 -0.9722 -0.1797
vn -0.3469 -0.5824 -0.7352
vn 0.1236 -0.8353 -0.5358
vn 0.2346 -0.5400 -0.8083
vn 0.3107 -0.5551 -0.7716
vn 0.4829 -0.8561 -0.1843
vn 0.1854 -0.8924 -0.4113
vn 0.1296 -0.8511 -0.5087
vn -0.3369 -0.6208 -0.7079
vn -0.0190 -0.8988 -0.4379
vn -0.4390 -0.6998 -0.5635
vn 0.6799 -0.5940 -0.4300
vn -0.0379 -0.5237 -0.8510
vn 0.0598 -0.6674 -0.7423
vn -0.5161 -0.3622 -0.7762
vn -0.0461 -0.9508 -0.3065
vn -0.4133 -0.7990 -0.4368
vn -0.4140 -0.7979 -0.4381
vn -0.4137 -0.7983 -0.4377
vn -0.4142 -0.7975 -0.4386
vn -0.3752 -0.8331 -0.4065
vn -0.3633 -0.6899 -0.6261
vn -0.5397 -0.3757 -0.7533
vn 0.8700 -0.4711 -0.1455
vn -0.3838 -0.3871 -0.8383
vn -0.3201 -0.5643 -0.7610
vn -0.6673 -0.3049 -0.6795
vn -0.6846 -0.3843 -0.6194
vn -0.6850 -0.3835 -0.6194
vn -0.6851 -0.3835 -0.6194
vn -0.6855 -0.3827 -0.6193
vn -0.8106 -0.5657 -0.1514
vn -0.7601 -0.6432 -0.0923
vn -0.7563 -0.6512 -0.0630
vn -0.7165 -0.6976 -0.0077
vn -0.5882 -0.3837 -0.7119
vn -0.3684 -0.9286 -0.0455
vn -0.2176 -0.1453 -0.9652
vn -0.3142 -0.1297 -0.9405
vn -0.6437 -0.3698 -0.6700
vn 0.7594 -0.5535 0.3420
vn 0.4104 -0.2267 -0.8833
vn 0.9317 -0.2246 -0.2857
vn 0.7542 -0.1508 -0.6391
vn 0.3892 -0.1245 -0.9127
vn 0.4984 -0.6688 -0.5516
vn 0.0026 -0.4484 -0.8938
vn -0.3551 -0.9057 -0.2316
vn -0.2541 -0.9650 -0.0644
vn -0.2510 -0.9623 -0.1044
vn -0.3168 -0.9247 -0.2109
vn 0.0268 -0.9859 0.1653
vn -0.0777 0.7018 0.7081
vn -0.0660 0.8933 0.4445
vn -0.0777 0.1496 0.9857
vn 0.0815 -0.4595 -0.8844
vn -0.0494 -0.4598 0.8867
vn -0.0672 -0.1499 0.9864
vn -0.0038 -0.8936 0.4489
vn -0.0288 -0.7021 0.7115
vn 0.0419 -0.9861 -0.1605
vn -0.0192 0.9861 -0.1647
vn 0.0701 -0.7021 -0.7086
vn -0.0584 0.8936 0.4451
vn 0.0701 -0.1499 -0.9862
vn -0.0739 0.4598 0.8850
vn 0.0418 0.4595 -0.8872
vn 0.0596 0.1496 -0.9869
vn -0.0038 0.8933 -0.4494
vn -0.0212 -0.7018 0.7120
vn 0.0495 -0.9859 -0.1600
vn -0.0270 0.9861 -0.1637
vn -0.0270 0.9860 -0.1646
vn -0.0270 0.9859 -0.1653
vn -0.0778 0.7025 0.7075
vn -0.0777 0.7034 0.7065
vn -0.0778 0.7018 0.7081
vn -0.0662 0.8924 0.4464
vn -0.0662 0.8929 0.4453
vn -0.0662 0.8933 0.4445
vn -0.0778 0.1510 0.9855
vn -0.0777 0.1531 0.9851
vn -0.0778 0.1496 0.9857
vn -0.0814 0.4573 0.8856
vn -0.0815 0.4586 0.8849
vn -0.0815 0.4595 0.8844
vn -0.0495 -0.4587 0.8872
vn -0.0496 -0.4571 0.8880
vn -0.0495 -0.4598 0.8867
vn -0.0671 -0.1494 0.9865
vn -0.0672 -0.1495 0.9865
vn -0.0671 -0.1499 0.9864
vn -0.0035 -0.8946 0.4469
vn -0.0037 -0.8940 0.4480
vn -0.0288 -0.7016 0.7120
vn -0.0288 -0.7008 0.7127
vn 0.0422 -0.9854 -0.1651
vn 0.0419 -0.9858 -0.1623
vn 0.0417 -0.9862 -0.1605
vn 0.0190 -0.9858 0.1669
vn 0.0189 -0.9852 0.1702
vn 0.0190 -0.9862 0.1647
vn 0.0703 -0.6981 -0.7125
vn 0.0700 -0.7005 -0.7102
vn 0.0699 -0.7021 -0.7087
vn 0.0583 -0.8945 -0.4432
vn 0.0583 -0.8959 -0.4404
vn 0.0582 -0.8936 -0.4451
vn 0.0701 -0.1478 -0.9865
vn 0.0701 -0.1491 -0.9863
vn 0.0740 -0.4610 -0.8843
vn 0.0741 -0.4627 -0.8834
vn 0.0739 -0.4598 -0.8850
vn 0.0420 0.4606 -0.8866
vn 0.0420 0.4600 -0.8870
vn 0.0420 0.4595 -0.8872
vn 0.0599 0.1486 -0.9871
vn 0.0600 0.1472 -0.9873
vn 0.0598 0.1496 -0.9869
vn -0.0036 0.8938 -0.4485
vn -0.0036 0.8936 -0.4488
vn -0.0036 0.8933 -0.4494
vn 0.0213 0.7028 -0.7111
vn 0.0213 0.7023 -0.7116
vn 0.0213 0.7018 -0.7120
vn -0.0496 0.9854 0.1628
vn -0.0496 0.9857 0.1611
vn -0.0495 0.9859 0.1600
vn -0.8689 0.3584 0.3413
vn -0.7565 0.5466 -0.3590
vn -0.8125 -0.1227 0.5698
vn 0.6223 -0.7621 0.1786
vn 0.7272 0.6231 -0.2881
vn -0.7011 0.6648 0.2578
vn -0.9927 0.0795 0.0909
vn 0.6642 0.6172 0.4218
vn 0.8194 -0.0777 -0.5679
vn 0.3645 0.3424 0.8660
vn 0.4345 0.3027 -0.8483
vn 0.3307 -0.2677 0.9050
vn -0.4120 -0.7674 0.4913
vn 0.7191 -0.4982 0.4845
vn 0.5538 0.8325 -0.0175
vn 0.9009 -0.4334 -0.0225
vn 0.6621 0.6810 0.3129
vn 0.9400 -0.1212 -0.3191
vn -0.8966 0.1873 0.4012
vn 0.6734 -0.2652 -0.6900
vn -0.0000 -1.0000 -0.0000
vn -0.0826 -0.0000 -0.9966
vn 0.0826 -0.0000 0.9966
vn 0.9966 -0.0000 -0.0826
vn -0.9966 -0.0000 0.0826
vn -0.0000 1.0000 -0.0000
vn 0.6915 -0.0000 0.7223
vn -0.6915 -0.0000 -0.7223
vn 0.7223 -0.0000 -0.6915
vn -0.0446 -0.0000 0.9990
vn 0.0446 -0.0000 -0.9990
vn -0.9990 -0.0000 -0.0446
vn 0.3041 -0.0000 -0.9526
vn -0.9526 -0.0000 -0.3041
vn 0.9526 -0.0000 0.3041
vn 0.3412 -0.0000 0.9400
vn -0.9400 -0.0000 0.3412
vn 0.9400 -0.0000 -0.3412
vn -0.0270 0.9862 -0.1632
vn -0.0776 0.7040 0.7059
vn -0.0662 0.8920 0.4472
vn -0.0777 0.1544 0.9849
vn -0.0814 0.4564 0.8861
vn -0.0496 -0.4560 0.8886
vn -0.0034 -0.8950 0.4461
vn -0.0288 -0.7003 0.7132
vn 0.0424 -0.9851 -0.1669
vn 0.0188 -0.9849 0.1723
vn 0.0704 -0.6966 -0.7140
vn 0.0583 -0.8968 -0.4386
vn 0.0701 -0.1470 -0.9866
vn 0.0741 -0.4638 -0.8828
vn 0.0420 0.4611 -0.8863
vn 0.0601 0.1462 -0.9874
vn -0.0036 0.8940 -0.4480
vn 0.0212 0.7032 -0.7106
vn -0.0496 0.9852 0.1640
vn -0.0238 -0.9994 -0.0251
vn 0.0238 0.9994 0.0251
vn 0.7859 -0.0032 -0.6183
vn -0.7859 0.0032 0.6183
vn 0.6178 -0.0345 0.7856
vn -0.6178 0.0345 -0.7856
vn 0.5675 -0.0397 0.8224
vn -0.9980 0.0307 -0.0561
vn 0.9831 -0.0334 0.1797
vn 0.7458 -0.0065 -0.6661
vn 0.8228 -0.0108 -0.5683
vn 0.0567 0.0183 -0.9982
vn -0.1803 -0.0150 0.9835
vn -0.6657 0.0292 -0.7457
vn -0.6657 0.0292 -0.7456
vn -0.5678 0.0288 -0.8227
vn 0.9982 -0.0198 0.0564
vn -0.9834 0.0225 -0.1800
vn -0.7461 -0.0044 0.6659
vn -0.8230 -0.0001 0.5680
vn -0.0570 -0.0292 0.9980
vn 0.1806 0.0259 -0.9832
vn 0.6654 -0.0401 0.7454
vn 0.5660 -0.0398 0.8235
vn 0.5636 -0.0397 0.8251
vn 0.5675 -0.0399 0.8224
vn 0.9983 -0.0306 0.0506
vn 0.9981 -0.0308 0.0539
vn 0.9979 -0.0310 0.0561
vn 0.9839 -0.0337 0.1757
vn 0.9834 -0.0338 0.1781
vn 0.9831 -0.0340 0.1797
vn 0.7415 -0.0070 -0.6709
vn 0.7440 -0.0073 -0.6681
vn 0.7458 -0.0075 -0.6662
vn 0.8222 -0.0118 -0.5691
vn 0.8225 -0.0118 -0.5687
vn 0.8227 -0.0119 -0.5683
vn 0.0583 0.0173 -0.9981
vn 0.0607 0.0174 -0.9980
vn 0.0567 0.0172 -0.9982
vn 0.1837 0.0143 -0.9829
vn 0.1888 0.0144 -0.9819
vn 0.1803 0.0142 -0.9835
vn -0.6662 0.0289 -0.7453
vn -0.6660 0.0289 -0.7454
vn -0.6657 0.0289 -0.7457
vn -0.5661 0.0286 -0.8239
vn -0.5635 0.0287 -0.8256
vn -0.5678 0.0285 -0.8227
vn -0.9986 0.0195 -0.0490
vn -0.9984 0.0194 -0.0534
vn -0.9982 0.0194 -0.0564
vn -0.9831 0.0222 -0.1815
vn -0.9827 0.0223 -0.1836
vn -0.9834 0.0221 -0.1800
vn -0.7461 -0.0053 0.6658
vn -0.8234 -0.0010 0.5675
vn -0.8238 -0.0009 0.5668
vn -0.8230 -0.0010 0.5680
vn -0.0501 -0.0303 0.9983
vn -0.0542 -0.0304 0.9981
vn -0.0570 -0.0305 0.9979
vn -0.1806 -0.0272 0.9832
vn 0.6643 -0.0405 0.7464
vn 0.6626 -0.0403 0.7479
vn 0.6654 -0.0406 0.7454
vn 0.6443 0.6256 -0.4399
vn -0.1011 0.5562 0.8249
vn 0.0892 -0.6863 -0.7218
vn -0.0590 -0.4394 -0.8963
vn -0.4981 0.6675 0.5534
vn -0.6002 0.6491 0.4674
vn -0.8847 0.4093 0.2229
vn 0.1330 0.9858 -0.1021
vn 0.6295 -0.5975 -0.4967
vn -0.2111 -0.4735 0.8551
vn 0.0872 0.7025 0.7064
vn 0.2984 -0.3496 0.8881
vn 0.7065 0.6791 -0.1993
vn 0.5826 -0.4424 0.6818
vn 0.8961 0.2866 -0.3389
vn -0.5746 -0.7279 0.3742
vn -0.7917 0.0342 -0.6099
vn 0.9864 -0.0276 0.1617
vn -0.9864 0.0276 -0.1617
vn -0.9398 0.0138 0.3415
vn 0.6195 0.0049 -0.7850
vn 0.6195 0.0050 -0.7850
vn 0.1353 0.0217 -0.9906
vn -0.3243 0.0315 -0.9454
vn 0.7846 -0.0343 0.6191
vn -0.7846 0.0343 -0.6191
vn -0.9794 0.0284 -0.2000
vn 0.9794 -0.0284 0.2000
vn 0.9346 -0.0134 -0.3555
vn 0.6222 0.0048 -0.7829
vn -0.6222 -0.0048 0.7829
vn 0.1920 0.0201 -0.9812
vn -0.1920 -0.0201 0.9812
vn 0.3505 -0.0319 0.9360
vn -0.3505 0.0319 -0.9360
vn 0.7860 -0.0032 -0.6183
vn -0.7860 0.0032 0.6183
vn -0.0570 -0.0292 0.9979
vn 0.5621 -0.0396 0.8262
vn 0.9984 -0.0304 0.0485
vn 0.9842 -0.0336 0.1740
vn 0.7398 -0.0067 -0.6728
vn 0.8219 -0.0118 -0.5695
vn 0.0624 0.0173 -0.9979
vn 0.1922 0.0144 -0.9813
vn -0.6664 0.0290 -0.7450
vn -0.5618 0.0288 -0.8268
vn -0.9987 0.0196 -0.0461
vn -0.9825 0.0225 -0.1851
vn -0.7359 -0.0050 0.6771
vn -0.8241 -0.0008 0.5664
vn -0.0474 -0.0302 0.9984
vn -0.1963 -0.0258 0.9802
vn 0.6615 -0.0403 0.7489
vt 0.500000 0.500000
vt 0.539905 0.459872
vt 0.482284 0.424533
vt 0.799321 0.199008
vt 0.779339 0.219102
vt 0.866387 0.223676
vt 0.447632 0.500000
vt 0.485537 0.561609
vt 0.534105 0.534295
vt 0.848735 0.201948
vt 0.367116 -0.066065
vt 0.426300 -0.045811
vt 0.398170 -0.078374
vt 0.107200 0.500000
vt 0.168923 0.440374
vt 0.116833 0.460082
vt 0.391517 0.962120
vt 0.357976 0.913728
vt 0.363778 0.959616
vt 0.755815 0.757243
vt 0.740188 0.814520
vt 0.763593 0.809449
vt 0.788640 0.161146
vt 0.327548 -0.081856
vt 0.109405 0.540691
vt 0.414830 0.983745
vt 0.783845 0.742593
vt 0.622072 -0.020007
vt 0.642105 0.086035
vt 0.613922 0.014708
vt 0.170551 0.168711
vt 0.235781 0.154011
vt 0.192544 0.190828
vt 0.196781 0.804912
vt 0.198812 0.727153
vt 0.217024 0.784556
vt 0.630114 1.054263
vt 0.566684 0.993845
vt 0.621427 1.017261
vt 0.880068 0.500000
vt 0.842609 0.561703
vt 0.854696 0.500000
vt 0.550671 0.500000
vt 0.517347 0.573894
vt 0.606720 0.500000
vt 0.558755 0.559084
vt 0.665584 0.500000
vt 0.612812 0.564312
vt 0.723398 0.500000
vt 0.674132 0.569270
vt 0.775973 0.500000
vt 0.724301 0.568521
vt 0.820160 0.500000
vt 0.769282 0.566767
vt 0.809578 0.564592
vt 0.536534 0.655631
vt 0.592148 0.649934
vt 0.556686 0.741473
vt 0.627906 0.628622
vt 0.619306 0.744489
vt 0.576478 0.825785
vt 0.684890 0.634536
vt 0.655818 0.710221
vt 0.633559 0.814500
vt 0.594477 0.902457
vt 0.734386 0.633620
vt 0.694443 0.695531
vt 0.691455 0.811515
vt 0.645905 0.877320
vt 0.609604 0.966896
vt 0.782941 0.632590
vt 0.743446 0.695122
vt 0.715239 0.767540
vt 0.714225 0.897727
vt 0.657215 0.935058
vt 0.820604 0.627537
vt 0.779276 0.686072
vt 0.743293 0.744654
vt 0.732876 0.837226
vt 0.719661 0.950144
vt 0.665739 0.982814
vt 0.459575 0.540651
vt 0.475083 0.606139
vt 0.489498 0.689488
vt 0.506941 0.780114
vt 0.524752 0.852355
vt 0.541013 0.912070
vt 0.554946 0.958031
vt 0.414859 0.585616
vt 0.431456 0.654124
vt 0.367898 0.632840
vt 0.445757 0.731057
vt 0.371738 0.727509
vt 0.321774 0.679221
vt 0.460765 0.816607
vt 0.404719 0.767208
vt 0.319742 0.781465
vt 0.279829 0.721400
vt 0.478181 0.893695
vt 0.417540 0.851253
vt 0.357588 0.820221
vt 0.277128 0.821178
vt 0.244577 0.756849
vt 0.495914 0.959637
vt 0.436550 0.910526
vt 0.380603 0.872465
vt 0.307300 0.876752
vt 0.241658 0.852267
vt 0.512780 1.015735
vt 0.452670 0.984154
vt 0.396823 0.939500
vt 0.346688 0.894174
vt 0.263848 0.918882
vt 0.215513 0.872529
vt 0.456078 0.455833
vt 0.409782 0.500000
vt 0.368948 0.543928
vt 0.332562 0.584186
vt 0.289769 0.626843
vt 0.250128 0.667511
vt 0.220372 0.700849
vt 0.407494 0.406978
vt 0.377205 0.458840
vt 0.356470 0.355669
vt 0.303602 0.500000
vt 0.318862 0.408925
vt 0.306356 0.305275
vt 0.268000 0.546659
vt 0.287454 0.457253
vt 0.256303 0.352966
vt 0.260783 0.259447
vt 0.227717 0.591268
vt 0.201435 0.500000
vt 0.244871 0.414482
vt 0.200265 0.299061
vt 0.222481 0.220932
vt 0.203537 0.627765
vt 0.180536 0.545892
vt 0.196470 0.456397
vt 0.204129 0.372490
vt 0.159191 0.255206
vt 0.191721 0.655000
vt 0.157182 0.586183
vt 0.126426 0.500000
vt 0.187147 0.421350
vt 0.166496 0.332317
vt 0.131011 0.221713
vt 0.516275 0.430673
vt 0.469478 0.369987
vt 0.422881 0.326594
vt 0.376658 0.281219
vt 0.330393 0.235165
vt 0.293358 0.202211
vt 0.261728 0.175100
vt 0.534276 0.353988
vt 0.487772 0.279370
vt 0.553182 0.273451
vt 0.433556 0.216971
vt 0.508084 0.173766
vt 0.571751 0.194350
vt 0.378998 0.160659
vt 0.455778 0.143151
vt 0.528051 0.100687
vt 0.588638 0.122417
vt 0.339771 0.139718
vt 0.398992 0.069739
vt 0.474595 0.041602
vt 0.545894 0.038892
vt 0.602830 0.061961
vt 0.306484 0.121651
vt 0.347159 0.023205
vt 0.425749 0.019585
vt 0.495130 -0.047825
vt 0.561150 -0.009751
vt 0.272908 0.097189
vt 0.310968 0.013989
vt 0.373616 -0.038357
vt 0.447086 -0.041277
vt 0.514884 -0.100650
vt 0.573694 -0.045767
vt 0.568748 0.430868
vt 0.577025 0.374674
vt 0.602526 0.289898
vt 0.617752 0.222721
vt 0.627030 0.171493
vt 0.635099 0.126141
vt 0.649668 0.414677
vt 0.649676 0.349487
vt 0.691825 0.423691
vt 0.658853 0.285684
vt 0.744764 0.321896
vt 0.734496 0.428365
vt 0.660032 0.239613
vt 0.727537 0.271190
vt 0.810961 0.322725
vt 0.772765 0.432370
vt 0.677014 0.171359
vt 0.731600 0.212124
vt 0.807355 0.253655
vt 0.838801 0.341233
vt 0.805985 0.436158
vt 0.688766 0.113168
vt 0.719936 0.181512
vt 0.784670 0.213738
vt 0.880511 0.246478
vt 0.853180 0.359505
vt 0.833644 0.439912
vt 0.887812 0.540402
vt 0.868828 0.578774
vt 0.844530 0.603090
vt 0.869950 0.621569
vt 0.853451 0.650186
vt 0.862202 0.662886
vt 0.838597 0.688846
vt 0.835472 0.693693
vt 0.825063 0.726993
vt 0.813783 0.723463
vt 0.802623 0.756420
vt 0.776635 0.778180
vt 0.816915 0.669930
vt 0.813192 0.713935
vt 0.781439 0.733673
vt 0.803783 0.754946
vt 0.774559 0.776094
vt 0.755455 0.807801
vt 0.786010 0.787608
vt 0.778087 0.831871
vt 0.761513 0.871327
vt 0.754619 0.932458
vt 0.779138 0.830264
vt 0.771959 0.879415
vt 0.775116 0.954640
vt 0.752338 0.997557
vt 0.703110 0.983035
vt 0.763185 0.861384
vt 0.774847 0.943143
vt 0.767765 1.010099
vt 0.728156 1.018236
vt 0.688852 1.018083
vt 0.664621 1.055433
vt 0.595366 1.041660
vt 0.564341 1.048161
vt 0.539629 1.039916
vt 0.534372 1.085677
vt 0.506728 1.071673
vt 0.500000 1.087587
vt 0.471831 1.064948
vt 0.466798 1.065735
vt 0.437476 1.060799
vt 0.436670 1.039552
vt 0.410944 1.014410
vt 0.382687 0.999731
vt 0.479022 1.023104
vt 0.443100 1.041968
vt 0.420833 0.976174
vt 0.412504 1.015077
vt 0.383565 0.995982
vt 0.363686 0.943585
vt 0.378710 1.016667
vt 0.353386 0.983467
vt 0.331267 0.944219
vt 0.300218 0.928683
vt 0.354418 0.985859
vt 0.327673 0.963551
vt 0.291556 0.960768
vt 0.247072 0.965687
vt 0.221992 0.930341
vt 0.335943 0.950060
vt 0.297735 0.959427
vt 0.247896 0.980264
vt 0.207827 0.971079
vt 0.192232 0.922602
vt 0.190910 0.862861
vt 0.181847 0.771914
vt 0.165427 0.738269
vt 0.177016 0.697173
vt 0.153774 0.699903
vt 0.150082 0.666131
vt 0.129945 0.666417
vt 0.110154 0.635052
vt 0.108322 0.628708
vt 0.096745 0.590674
vt 0.108828 0.583547
vt 0.086622 0.545280
vt 0.075231 0.500000
vt 0.141107 0.631457
vt 0.113498 0.591750
vt 0.121828 0.546173
vt 0.088312 0.547540
vt 0.078418 0.500000
vt 0.134011 0.455315
vt 0.060836 0.500000
vt 0.099511 0.453753
vt 0.147803 0.416393
vt 0.160145 0.375516
vt 0.096058 0.455753
vt 0.132496 0.417365
vt 0.133454 0.373019
vt 0.132877 0.325700
vt 0.124023 0.270475
vt 0.142852 0.423720
vt 0.133670 0.379621
vt 0.122748 0.330347
vt 0.104447 0.271618
vt 0.092935 0.210106
vt 0.118580 0.174013
vt 0.195624 0.142673
vt 0.216277 0.110415
vt 0.238797 0.095673
vt 0.223868 0.054786
vt 0.253786 0.046675
vt 0.250703 0.025084
vt 0.268880 -0.010891
vt 0.270408 -0.021498
vt 0.283639 -0.081998
vt 0.292835 -0.068322
vt 0.315195 -0.116760
vt 0.356300 -0.112136
vt 0.284173 0.036889
vt 0.289775 -0.053452
vt 0.326303 -0.065232
vt 0.313548 -0.114833
vt 0.357375 -0.107543
vt 0.406166 -0.064391
vt 0.351428 -0.132881
vt 0.395917 -0.112719
vt 0.436439 -0.105415
vt 0.475119 -0.120403
vt 0.393786 -0.113518
vt 0.430066 -0.127259
vt 0.466966 -0.162516
vt 0.507910 -0.172125
vt 0.544838 -0.110886
vt 0.428967 -0.105181
vt 0.461513 -0.155788
vt 0.500000 -0.196575
vt 0.539174 -0.167493
vt 0.571683 -0.110715
vt 0.600139 -0.068769
vt 0.642529 0.019104
vt 0.662509 0.054185
vt 0.678961 0.074394
vt 0.701025 0.043389
vt 0.713614 0.078798
vt 0.723576 0.074082
vt 0.727782 0.123581
vt 0.731220 0.127198
vt 0.767992 0.126119
vt 0.763763 0.137821
vt 0.805085 0.139036
vt 0.823682 0.174509
vt 0.708476 0.145912
vt 0.752675 0.141222
vt 0.777774 0.165306
vt 0.803192 0.138168
vt 0.821254 0.176950
vt 0.849668 0.209678
vt 0.834652 0.163478
vt 0.875815 0.184600
vt 0.924452 0.210065
vt 0.909619 0.280361
vt 0.873035 0.183917
vt 0.937580 0.194435
vt 0.945414 0.251577
vt 0.900940 0.329635
vt 0.859186 0.392524
vt 0.919246 0.201431
vt 0.947109 0.241850
vt 0.923521 0.309539
vt 0.890408 0.371709
vt 0.865579 0.421920
vt 0.871235 0.461325
vt 0.640705 1.099375
vt 0.675712 1.086413
vt 0.697542 1.031375
vt 0.734292 1.017903
vt 0.762666 0.983616
vt 0.754738 0.894320
vt 0.599112 1.072499
vt 0.645492 1.119762
vt 0.563426 1.068883
vt 0.676604 1.082360
vt 0.596711 1.069320
vt 0.529341 1.088438
vt 0.692765 1.007486
vt 0.639669 1.094950
vt 0.557705 1.049640
vt 0.493410 1.059955
vt 0.723343 0.979238
vt 0.663788 1.032989
vt 0.586830 1.022263
vt 0.521928 1.046786
vt 0.461269 1.027672
vt 0.738614 0.923249
vt 0.674562 0.948810
vt 0.623764 1.027198
vt 0.548027 0.991281
vt 0.487700 0.996355
vt 0.435406 0.978372
vt 0.172102 0.829729
vt 0.172308 0.887711
vt 0.184346 0.940376
vt 0.212509 0.975091
vt 0.267016 0.959397
vt 0.320541 0.926791
vt 0.162400 0.786058
vt 0.160991 0.840905
vt 0.153367 0.742056
vt 0.173043 0.890195
vt 0.162900 0.782909
vt 0.153476 0.693268
vt 0.199177 0.927146
vt 0.174563 0.827258
vt 0.165933 0.728196
vt 0.136076 0.654637
vt 0.239367 0.942675
vt 0.199132 0.862522
vt 0.189480 0.757820
vt 0.177724 0.672806
vt 0.132504 0.609963
vt 2.363778 2.959616
vt 2.357976 2.913728
vt 2.320541 2.926790
vt 0.300766 0.908282
vt 0.235189 0.883471
vt 0.211623 0.789990
vt 0.202250 0.698381
vt 0.166999 0.632468
vt 0.142166 0.564445
vt 0.143737 0.141747
vt 0.094029 0.156010
vt 0.079920 0.206655
vt 0.108320 0.281546
vt 0.139140 0.346665
vt 0.159572 0.398136
vt 0.178915 0.120106
vt 0.131664 0.129605
vt 0.208786 0.093721
vt 0.093222 0.158615
vt 0.181441 0.119828
vt 0.227368 0.049464
vt 0.097319 0.224935
vt 0.146457 0.144479
vt 0.221974 0.105223
vt 0.264747 0.036129
vt 0.140868 0.307431
vt 0.124010 0.187821
vt 0.208611 0.148900
vt 0.251756 0.078367
vt 0.288885 -0.002075
vt 0.178186 0.371982
vt 0.143613 0.262551
vt 0.186676 0.184924
vt 0.254277 0.144171
vt 0.292979 0.075760
vt 0.318547 -0.028590
vt 0.632008 -0.062330
vt 0.604588 -0.104129
vt 0.570774 -0.134786
vt 0.533602 -0.173896
vt 0.492136 -0.168258
vt 0.455918 -0.100575
vt 0.651841 -0.006748
vt 0.636431 -0.081165
vt 0.670595 0.041109
vt 0.602623 -0.104123
vt 0.652364 -0.002425
vt 0.705799 0.045081
vt 0.564483 -0.114197
vt 0.630970 -0.057898
vt 0.667154 0.059940
vt 0.716379 0.101606
vt 0.525265 -0.130001
vt 0.592643 -0.057229
vt 0.641071 0.040935
vt 0.694884 0.081829
vt 0.722556 0.155495
vt 0.485279 -0.094076
vt 2.455919 1.899425
vt 2.485279 1.905924
vt 2.525265 1.869999
vt 0.553775 -0.050089
vt 2.553775 1.949911
vt 2.592643 1.942771
vt 0.616057 0.005635
vt 0.652148 0.108818
vt 0.694783 0.154498
vt 0.750870 0.171492
vt 0.911002 0.500000
vt 0.892383 0.457020
vt 0.878032 0.414998
vt 0.893442 0.363702
vt 0.915706 0.302635
vt 0.917309 0.245243
vt 0.909849 0.544893
vt 0.924930 0.500000
vt 0.878786 0.585172
vt 0.890335 0.454926
vt 0.907590 0.547067
vt 0.870038 0.628190
vt 0.864288 0.413523
vt 0.907918 0.500000
vt 0.862036 0.585942
vt 0.844498 0.663558
vt 0.867800 0.365281
vt 0.857959 0.456295
vt 0.873608 0.545616
vt 0.842397 0.625415
vt 0.807712 0.687851
vt 0.879865 0.309007
vt 0.825115 0.418267
vt 0.861466 0.500000
vt 0.820331 0.580530
vt 0.804312 0.653005
vt 0.781507 0.712309
vt 0.738737 0.740070
vt 0.715491 0.716694
vt 0.720309 0.800406
vt 0.685750 0.686787
vt 0.695459 0.781674
vt 0.650363 0.651202
vt 0.666046 0.759274
vt 0.611450 0.612072
vt 0.629600 0.729882
vt 0.571830 0.572231
vt 0.577231 0.673659
vt 0.529889 0.627319
vt 0.707826 0.906327
vt 0.660462 0.860807
vt 0.642069 0.943191
vt 0.610225 0.809120
vt 0.598914 0.921343
vt 0.567896 0.939294
vt 0.565066 0.777164
vt 0.540009 0.822858
vt 0.522648 0.908643
vt 0.504151 0.966953
vt 0.510900 0.696683
vt 2.577231 2.673659
vt 2.510900 2.696683
vt 2.565066 2.777164
vt 0.493319 0.769589
vt 0.475869 0.843515
vt 0.459580 0.906110
vt 0.445992 0.950212
vt 0.469539 0.629758
vt 0.452738 0.701329
vt 0.436236 0.771625
vt 0.421229 0.835550
vt 0.408617 0.889277
vt 0.398759 0.931269
vt 0.363703 0.877171
vt 0.371941 0.831169
vt 0.381943 0.777995
vt 0.391789 0.721753
vt 0.402624 0.658440
vt 0.430357 0.570033
vt 0.294940 0.880710
vt 0.297683 0.829187
vt 0.245264 0.816633
vt 0.316639 0.747381
vt 0.269525 0.731763
vt 0.235471 0.712018
vt 0.348392 0.652456
vt 0.302770 0.643515
vt 2.316639 2.747381
vt 2.302770 2.643515
vt 2.269525 2.731763
vt 0.258860 0.637470
vt 0.212270 0.634833
vt 0.383937 0.566165
vt 0.319135 0.571948
vt 0.261072 0.572988
vt 0.212026 0.571401
vt 0.172242 0.568384
vt 2.485537 2.561609
vt 2.447632 2.500000
vt 2.430357 2.570033
vt 0.389705 0.500000
vt 0.328870 0.500000
vt 0.269119 0.500000
vt 0.214783 0.500000
vt 0.169116 0.500000
vt 0.133423 0.500000
vt 0.200473 0.437506
vt 0.237308 0.434867
vt 0.278199 0.432243
vt 0.325210 0.430468
vt 0.367965 0.424728
vt 0.424342 0.423918
vt 0.200250 0.359534
vt 0.225674 0.343611
vt 0.177171 0.241254
vt 0.259159 0.324751
vt 2.278199 2.432243
vt 2.259159 2.324751
vt 2.225674 2.343611
vt 0.249620 0.248220
vt 0.257882 0.199051
vt 2.367965 2.424728
vt 2.335298 2.334376
vt 2.325210 2.430468
vt 0.335298 0.334376
vt 0.330724 0.271621
vt 0.308568 0.188523
vt 0.299687 0.128103
vt 0.407863 0.350084
vt 0.387559 0.269579
vt 0.362103 0.175285
vt 0.341716 0.090666
vt 0.327464 0.022544
vt 0.462688 0.341055
vt 0.442107 0.253385
vt 2.442107 2.253385
vt 2.421893 2.167278
vt 2.387559 2.269579
vt 2.362103 2.175285
vt 0.421893 0.167278
vt 0.403511 0.088974
vt 0.388062 0.023163
vt 0.375987 -0.028275
vt 0.762226 0.688350
vt 0.788529 0.624346
vt 0.812122 0.544838
vt 0.800196 0.456875
vt 0.829719 0.357903
vt 0.849127 0.249231
vt 0.734401 0.657140
vt 0.757661 0.586367
vt 0.701015 0.621282
vt 0.788888 0.500000
vt 0.719851 0.544215
vt 0.665283 0.583103
vt 2.701015 2.621282
vt 2.665283 2.583103
vt 2.650363 2.651202
vt 0.772663 0.408604
vt 0.716406 0.456477
vt 0.690033 0.500000
vt 0.624014 0.541569
vt 0.819047 0.286114
vt 0.771768 0.336028
vt 0.706320 0.396264
vt 0.631235 0.456010
vt 0.587294 0.500000
vt 0.752140 0.246452
vt 0.717340 0.281446
vt 0.675935 0.323082
vt 0.630404 0.368868
vt 0.584046 0.415485
vt 2.587294 2.500000
vt 2.539905 2.459872
vt 2.534105 2.534295
vt 0.439322 -0.005811
vt 0.454829 0.046145
vt 0.472428 0.107497
vt 0.492005 0.177336
vt 0.512443 0.275486
vt 0.528028 0.380611
vt 0.504892 -0.050287
vt 0.525853 0.033532
vt 0.573645 0.023509
vt 0.544482 0.141054
vt 0.592754 0.104897
vt 0.621892 0.119754
vt 0.561015 0.240098
vt 0.594595 0.234717
vt 0.641267 0.182355
vt 0.675320 0.157228
vt 0.567993 0.347115
vt 0.605794 0.312345
vt 0.643805 0.275455
vt 0.685640 0.232476
vt 0.722340 0.196825
vt 2.675935 2.323082
vt 2.717340 2.281446
vt 2.643805 2.275455
vt 0.000000 0.000000
vt 0.050000 0.437500
vt 0.000000 0.437500
vt 0.100000 0.000000
vt 0.050000 0.000000
vt 0.150000 0.437500
vt 0.150000 0.000000
vt 0.200000 0.000000
vt 0.250000 0.437500
vt 0.200000 0.437500
vt 0.300000 0.000000
vt 0.250000 0.000000
vt 0.350000 0.437500
vt 0.350000 0.000000
vt 0.400000 0.000000
vt 0.450000 0.437500
vt 0.450000 0.000000
vt 0.500000 0.000000
vt 0.550000 0.437500
vt 0.500000 0.437500
vt 0.600000 0.000000
vt 0.550000 0.000000
vt 0.650000 0.437500
vt 0.600000 0.437500
vt 0.700000 0.000000
vt 0.650000 0.000000
vt 0.750000 0.437500
vt 0.700000 0.437500
vt 0.800000 0.000000
vt 0.750000 0.000000
vt 0.850000 0.437500
vt 0.850000 0.000000
vt 0.900000 0.000000
vt 0.950000 0.437500
vt 0.900000 0.437500
vt 1.000000 0.000000
vt 0.950000 0.000000
vt 0.050000 0.857221
vt 0.100000 0.437500
vt 0.150000 0.858101
vt 0.250000 0.865572
vt 0.300000 0.437500
vt 0.300000 0.888835
vt 0.400000 0.874521
vt 0.400000 0.437500
vt 0.500000 0.851799
vt 0.600000 0.851568
vt 0.700000 0.875818
vt 0.800000 0.891630
vt 0.800000 0.437500
vt 0.900000 0.902318
vt 0.950000 0.890958
vt 1.000000 0.868470
vt 1.000000 0.437500
vt 2.100000 2.100000
vt 2.500000 2.900000
vt 2.900000 2.100000
vt 0.900000 0.100000
vt 0.100000 0.900000
vt 0.100000 0.100000
vt 0.900000 0.900000
vt 0.000000 0.868470
vt 0.100000 0.873906
vt 0.200000 0.884802
vt 0.350000 0.891668
vt 0.450000 0.887987
vt 0.550000 0.895035
vt 0.650000 0.892011
vt 0.750000 0.902056
vt 0.850000 0.911516
vt 0.000000 0.075000
vt 0.062500 0.487500
vt 0.062500 0.075000
vt 0.125000 0.075000
vt 0.187500 0.487500
vt 0.187500 0.075000
vt 0.250000 0.075000
vt 0.312500 0.487500
vt 0.312500 0.075000
vt 0.375000 0.075000
vt 0.437500 0.487500
vt 0.375000 0.487500
vt 0.500000 0.075000
vt 0.437500 0.075000
vt 0.562500 0.487500
vt 0.562500 0.075000
vt 0.625000 0.075000
vt 0.687500 0.487500
vt 0.687500 0.075000
vt 0.750000 0.075000
vt 0.812500 0.487500
vt 0.812500 0.075000
vt 0.875000 0.075000
vt 0.937500 0.487500
vt 0.875000 0.487500
vt 1.000000 0.075000
vt 0.937500 0.075000
vt 0.000000 0.881593
vt 0.000000 0.487500
vt 0.125000 0.878366
vt 0.125000 0.487500
vt 0.187500 0.860866
vt 0.250000 0.835070
vt 0.250000 0.487500
vt 0.312500 0.831213
vt 0.375000 0.846948
vt 0.500000 0.880921
vt 0.500000 0.487500
vt 0.625000 0.871114
vt 0.625000 0.487500
vt 0.750000 0.839937
vt 0.750000 0.487500
vt 0.875000 0.818803
vt 0.937500 0.865629
vt 1.000000 0.487500
vt 2.100000 2.900000
vt 0.062500 0.902884
vt 0.437500 0.883828
vt 0.562500 0.904231
vt 0.687500 0.886998
vt 0.812500 0.845283
vt 1.000000 0.881593
vt 2.900000 2.900000
s 1
f 1/1/1 20/2/1 19/3/1
f 2/4/2 26/5/2 40/6/2
f 1/1/3 19/3/3 54/7/3
f 1/1/4 54/7/4 68/8/4
f 1/1/5 68/8/5 41/9/5
f 2/4/6 40/6/6 89/10/6
f 3/11/7 33/12/7 103/13/7
f 4/14/8 61/15/8 117/16/8
f 5/17/9 75/18/9 131/19/9
f 6/20/10 82/21/10 145/22/10
f 2/4/11 89/10/11 104/23/11
f 3/11/12 103/13/12 118/24/12
f 4/14/13 117/16/13 132/25/13
f 5/17/14 131/19/14 146/26/14
f 6/20/15 145/22/15 90/27/15
f 7/28/16 159/29/17 194/30/18
f 8/31/19 166/32/20 208/33/21
f 9/34/22 173/35/23 215/36/24
f 10/37/25 180/38/25 222/39/25
f 11/40/26 187/41/26 195/42/26
f 201/43/27 216/44/27 12/1/27
f 200/45/28 223/46/28 201/43/28
f 199/47/29 224/48/29 200/45/29
f 198/49/30 226/50/31 199/47/32
f 197/51/33 229/52/33 198/49/33
f 196/53/34 233/54/34 197/51/34
f 195/42/35 238/55/35 196/53/35
f 201/43/36 223/46/36 216/44/36
f 223/46/37 217/56/37 216/44/37
f 200/45/38 224/48/38 223/46/38
f 224/48/39 225/57/39 223/46/39
f 223/46/40 225/57/40 217/56/40
f 225/57/41 218/58/41 217/56/41
f 199/47/32 226/50/31 224/48/42
f 226/50/43 227/59/43 224/48/43
f 224/48/44 227/59/44 225/57/44
f 227/59/45 228/60/45 225/57/45
f 225/57/46 228/60/46 218/58/46
f 228/60/47 219/61/48 218/58/49
f 198/49/50 229/52/50 226/50/50
f 229/52/51 230/62/51 226/50/51
f 226/50/52 230/62/52 227/59/52
f 230/62/53 231/63/53 227/59/53
f 227/59/54 231/63/54 228/60/54
f 231/63/55 232/64/55 228/60/55
f 228/60/47 232/64/56 219/61/48
f 232/64/57 220/65/57 219/61/57
f 197/51/58 233/54/58 229/52/58
f 233/54/59 234/66/59 229/52/59
f 229/52/60 234/66/60 230/62/60
f 234/66/61 235/67/62 230/62/63
f 230/62/63 235/67/62 231/63/64
f 235/67/65 236/68/66 231/63/67
f 231/63/68 236/68/68 232/64/68
f 236/68/69 237/69/69 232/64/69
f 232/64/70 237/69/70 220/65/70
f 237/69/71 221/70/71 220/65/71
f 196/53/72 238/55/72 233/54/72
f 238/55/73 239/71/73 233/54/73
f 233/54/74 239/71/74 234/66/74
f 239/71/75 240/72/76 234/66/77
f 234/66/77 240/72/76 235/67/78
f 240/72/79 241/73/79 235/67/79
f 235/67/65 241/73/80 236/68/66
f 241/73/81 242/74/81 236/68/81
f 236/68/82 242/74/83 237/69/83
f 242/74/83 243/75/84 237/69/83
f 237/69/85 243/75/85 221/70/85
f 243/75/86 222/39/86 221/70/86
f 195/42/87 187/41/87 238/55/87
f 187/41/88 186/76/88 238/55/88
f 238/55/89 186/76/89 239/71/89
f 186/76/90 185/77/91 239/71/90
f 239/71/90 185/77/91 240/72/91
f 185/77/92 184/78/93 240/72/94
f 240/72/94 184/78/93 241/73/95
f 184/78/96 183/79/96 241/73/96
f 241/73/97 183/79/97 242/74/97
f 183/79/98 182/80/98 242/74/98
f 242/74/99 182/80/99 243/75/99
f 182/80/100 181/81/100 243/75/100
f 243/75/101 181/81/101 222/39/101
f 181/81/102 10/37/102 222/39/102
f 216/44/103 209/82/104 12/1/105
f 217/56/106 244/83/106 216/44/106
f 218/58/107 245/84/107 217/56/107
f 219/61/108 247/85/108 218/58/108
f 220/65/109 250/86/110 219/61/111
f 221/70/112 254/87/112 220/65/112
f 222/39/113 259/88/113 221/70/113
f 216/44/103 244/83/114 209/82/104
f 244/83/115 210/89/116 209/82/117
f 217/56/118 245/84/119 244/83/120
f 245/84/119 246/90/121 244/83/120
f 244/83/115 246/90/122 210/89/116
f 246/90/123 211/91/124 210/89/125
f 218/58/126 247/85/126 245/84/126
f 247/85/127 248/92/127 245/84/127
f 245/84/128 248/92/128 246/90/128
f 248/92/129 249/93/129 246/90/129
f 246/90/130 249/93/130 211/91/130
f 249/93/131 212/94/132 211/91/133
f 219/61/134 250/86/135 247/85/136
f 250/86/135 251/95/137 247/85/136
f 247/85/138 251/95/138 248/92/138
f 251/95/139 252/96/140 248/92/141
f 248/92/141 252/96/140 249/93/142
f 252/96/143 253/97/143 249/93/143
f 249/93/144 253/97/144 212/94/144
f 253/97/145 213/98/145 212/94/145
f 220/65/109 254/87/146 250/86/110
f 254/87/147 255/99/147 250/86/147
f 250/86/148 255/99/148 251/95/148
f 255/99/149 256/100/149 251/95/149
f 251/95/150 256/100/150 252/96/150
f 256/100/151 257/101/151 252/96/151
f 252/96/152 257/101/152 253/97/152
f 257/101/153 258/102/154 253/97/155
f 253/97/156 258/102/156 213/98/156
f 258/102/157 214/103/157 213/98/157
f 221/70/158 259/88/158 254/87/158
f 259/88/159 260/104/159 254/87/159
f 254/87/160 260/104/160 255/99/160
f 260/104/161 261/105/161 255/99/161
f 255/99/162 261/105/162 256/100/162
f 261/105/163 262/106/163 256/100/163
f 256/100/164 262/106/164 257/101/164
f 262/106/165 263/107/165 257/101/165
f 257/101/153 263/107/166 258/102/154
f 263/107/167 264/108/167 258/102/167
f 258/102/168 264/108/168 214/103/168
f 264/108/169 215/36/169 214/103/169
f 222/39/170 180/38/170 259/88/170
f 180/38/171 179/109/171 259/88/171
f 259/88/172 179/109/172 260/104/172
f 179/109/173 178/110/173 260/104/173
f 260/104/174 178/110/174 261/105/174
f 178/110/175 177/111/175 261/105/175
f 261/105/176 177/111/176 262/106/176
f 177/111/177 176/112/177 262/106/177
f 262/106/178 176/112/178 263/107/178
f 176/112/179 175/113/179 263/107/179
f 263/107/180 175/113/180 264/108/180
f 175/113/181 174/114/181 264/108/181
f 264/108/182 174/114/182 215/36/182
f 174/114/183 9/34/183 215/36/183
f 209/82/104 202/115/184 12/1/105
f 210/89/185 265/116/185 209/82/185
f 211/91/124 266/117/186 210/89/125
f 212/94/132 268/118/187 211/91/133
f 213/98/188 271/119/188 212/94/188
f 214/103/189 275/120/189 213/98/189
f 215/36/24 280/121/190 214/103/191
f 209/82/192 265/116/192 202/115/192
f 265/116/193 203/122/193 202/115/193
f 210/89/194 266/117/194 265/116/194
f 266/117/195 267/123/195 265/116/195
f 265/116/196 267/123/196 203/122/196
f 267/123/197 204/124/197 203/122/197
f 211/91/124 268/118/198 266/117/186
f 268/118/199 269/125/200 266/117/201
f 266/117/201 269/125/200 267/123/202
f 269/125/203 270/126/203 267/123/203
f 267/123/204 270/126/204 204/124/204
f 270/126/205 205/127/205 204/124/205
f 212/94/206 271/119/206 268/118/206
f 271/119/207 272/128/207 268/118/207
f 268/118/208 272/128/208 269/125/208
f 272/128/209 273/129/209 269/125/209
f 269/125/210 273/129/210 270/126/210
f 273/129/211 274/130/211 270/126/211
f 270/126/212 274/130/212 205/127/212
f 274/130/213 206/131/213 205/127/213
f 213/98/214 275/120/214 271/119/214
f 275/120/215 276/132/215 271/119/215
f 271/119/216 276/132/216 272/128/216
f 276/132/217 277/133/217 272/128/217
f 272/128/218 277/133/218 273/129/218
f 277/133/219 278/134/219 273/129/219
f 273/129/220 278/134/220 274/130/220
f 278/134/221 279/135/221 274/130/221
f 274/130/222 279/135/222 206/131/222
f 279/135/223 207/136/223 206/131/223
f 214/103/224 280/121/224 275/120/224
f 280/121/225 281/137/225 275/120/225
f 275/120/226 281/137/226 276/132/226
f 281/137/227 282/138/227 276/132/227
f 276/132/228 282/138/228 277/133/228
f 282/138/229 283/139/229 277/133/229
f 277/133/230 283/139/230 278/134/230
f 283/139/231 284/140/231 278/134/231
f 278/134/232 284/140/232 279/135/232
f 284/140/233 285/141/233 279/135/233
f 279/135/234 285/141/234 207/136/234
f 285/141/235 208/33/235 207/136/235
f 215/36/24 173/35/23 280/121/190
f 173/35/236 172/142/236 280/121/236
f 280/121/237 172/142/237 281/137/237
f 172/142/238 171/143/238 281/137/238
f 281/137/239 171/143/239 282/138/239
f 171/143/240 170/144/240 282/138/240
f 282/138/241 170/144/241 283/139/241
f 170/144/242 169/145/242 283/139/242
f 283/139/243 169/145/243 284/140/243
f 169/145/244 168/146/244 284/140/244
f 284/140/245 168/146/245 285/141/245
f 168/146/246 167/147/246 285/141/246
f 285/141/247 167/147/247 208/33/247
f 167/147/248 8/31/248 208/33/248
f 202/115/249 188/148/249 12/1/249
f 203/122/250 286/149/250 202/115/250
f 204/124/251 287/150/252 203/122/253
f 205/127/254 289/151/254 204/124/254
f 206/131/255 292/152/256 205/127/257
f 207/136/258 296/153/258 206/131/258
f 208/33/259 301/154/259 207/136/259
f 202/115/260 286/149/260 188/148/260
f 286/149/261 189/155/261 188/148/261
f 203/122/253 287/150/252 286/149/262
f 287/150/263 288/156/264 286/149/265
f 286/149/266 288/156/266 189/155/266
f 288/156/267 190/157/267 189/155/267
f 204/124/268 289/151/268 287/150/268
f 289/151/269 290/158/269 287/150/269
f 287/150/263 290/158/270 288/156/264
f 290/158/271 291/159/271 288/156/271
f 288/156/272 291/159/272 190/157/272
f 291/159/273 191/160/273 190/157/273
f 205/127/257 292/152/256 289/151/274
f 292/152/256 293/161/275 289/151/274
f 289/151/276 293/161/276 290/158/276
f 293/161/277 294/162/277 290/158/277
f 290/158/278 294/162/278 291/159/278
f 294/162/279 295/163/279 291/159/279
f 291/159/280 295/163/280 191/160/280
f 295/163/281 192/164/281 191/160/281
f 206/131/282 296/153/282 292/152/282
f 296/153/283 297/165/283 292/152/283
f 292/152/284 297/165/284 293/161/284
f 297/165/285 298/166/286 293/161/287
f 293/161/288 298/166/288 294/162/288
f 298/166/289 299/167/289 294/162/289
f 294/162/290 299/167/291 295/163/292
f 299/167/291 300/168/293 295/163/292
f 295/163/292 300/168/293 192/164/294
f 300/168/295 193/169/295 192/164/295
f 207/136/296 301/154/296 296/153/296
f 301/154/297 302/170/297 296/153/297
f 296/153/298 302/170/298 297/165/298
f 302/170/299 303/171/299 297/165/299
f 297/165/285 303/171/300 298/166/286
f 303/171/301 304/172/301 298/166/301
f 298/166/302 304/172/302 299/167/302
f 304/172/303 305/173/303 299/167/303
f 299/167/304 305/173/305 300/168/306
f 305/173/305 306/174/307 300/168/306
f 300/168/308 306/174/308 193/169/308
f 306/174/309 194/30/309 193/169/309
f 208/33/21 166/32/20 301/154/310
f 166/32/311 165/175/311 301/154/311
f 301/154/312 165/175/312 302/170/312
f 165/175/313 164/176/313 302/170/313
f 302/170/314 164/176/314 303/171/314
f 164/176/315 163/177/315 303/171/315
f 303/171/316 163/177/316 304/172/316
f 163/177/317 162/178/317 304/172/317
f 304/172/318 162/178/318 305/173/318
f 162/178/319 161/179/319 305/173/319
f 305/173/320 161/179/320 306/174/320
f 161/179/321 160/180/321 306/174/321
f 306/174/322 160/180/322 194/30/322
f 160/180/323 7/28/323 194/30/323
f 188/148/324 201/43/324 12/1/324
f 189/155/325 307/181/325 188/148/325
f 190/157/326 308/182/326 189/155/326
f 191/160/327 310/183/328 190/157/329
f 192/164/330 313/184/330 191/160/330
f 193/169/331 317/185/331 192/164/331
f 194/30/332 322/186/332 193/169/332
f 188/148/333 307/181/333 201/43/333
f 307/181/334 200/45/334 201/43/334
f 189/155/335 308/182/335 307/181/335
f 308/182/336 309/187/337 307/181/338
f 307/181/339 309/187/339 200/45/339
f 309/187/340 199/47/340 200/45/340
f 190/157/329 310/183/328 308/182/341
f 310/183/342 311/188/342 308/182/342
f 308/182/336 311/188/343 309/187/337
f 311/188/344 312/189/345 309/187/346
f 309/187/346 312/189/345 199/47/347
f 312/189/348 198/49/348 199/47/348
f 191/160/327 313/184/349 310/183/328
f 313/184/350 314/190/350 310/183/350
f 310/183/351 314/190/351 311/188/351
f 314/190/352 315/191/353 311/188/354
f 311/188/355 315/191/355 312/189/355
f 315/191/356 316/192/356 312/189/356
f 312/189/357 316/192/358 198/49/359
f 316/192/358 197/51/360 198/49/359
f 192/164/361 317/185/361 313/184/361
f 317/185/362 318/193/362 313/184/362
f 313/184/363 318/193/363 314/190/363
f 318/193/364 319/194/364 314/190/364
f 314/190/352 319/194/365 315/191/353
f 319/194/366 320/195/366 315/191/366
f 315/191/367 320/195/367 316/192/367
f 320/195/368 321/196/368 316/192/368
f 316/192/369 321/196/369 197/51/369
f 321/196/370 196/53/370 197/51/370
f 193/169/371 322/186/371 317/185/371
f 322/186/372 323/197/372 317/185/372
f 317/185/373 323/197/373 318/193/373
f 323/197/374 324/198/375 318/193/376
f 318/193/377 324/198/377 319/194/377
f 324/198/378 325/199/378 319/194/378
f 319/194/379 325/199/379 320/195/379
f 325/199/380 326/200/380 320/195/380
f 320/195/381 326/200/381 321/196/381
f 326/200/382 327/201/382 321/196/382
f 321/196/383 327/201/383 196/53/383
f 327/201/384 195/42/384 196/53/384
f 194/30/18 159/29/17 322/186/385
f 159/29/386 158/202/386 322/186/386
f 322/186/387 158/202/387 323/197/387
f 158/202/388 157/203/388 323/197/388
f 323/197/374 157/203/389 324/198/375
f 157/203/390 156/204/390 324/198/390
f 324/198/391 156/204/391 325/199/391
f 156/204/392 155/205/393 325/199/394
f 325/199/395 155/205/395 326/200/395
f 155/205/396 154/206/397 326/200/398
f 326/200/399 154/206/399 327/201/399
f 154/206/400 153/207/400 327/201/400
f 327/201/401 153/207/401 195/42/401
f 153/207/402 11/40/402 195/42/402
f 96/208/403 187/41/403 11/40/403
f 95/209/404 328/210/404 96/208/404
f 94/211/405 329/212/405 95/209/405
f 93/213/406 331/214/406 94/211/406
f 92/215/407 334/216/407 93/213/407
f 91/217/408 338/218/408 92/215/408
f 90/27/409 343/219/409 91/217/409
f 96/208/410 328/210/410 187/41/410
f 328/210/411 186/76/411 187/41/411
f 95/209/412 329/212/412 328/210/412
f 329/212/413 330/220/413 328/210/413
f 328/210/414 330/220/414 186/76/414
f 330/220/415 185/77/415 186/76/415
f 94/211/416 331/214/416 329/212/416
f 331/214/417 332/221/417 329/212/417
f 329/212/418 332/221/418 330/220/418
f 332/221/419 333/222/419 330/220/419
f 330/220/420 333/222/420 185/77/420
f 333/222/421 184/78/421 185/77/421
f 93/213/422 334/216/422 331/214/422
f 334/216/423 335/223/424 331/214/425
f 331/214/426 335/223/426 332/221/426
f 335/223/427 336/224/427 332/221/427
f 332/221/428 336/224/428 333/222/428
f 336/224/429 337/225/429 333/222/429
f 333/222/430 337/225/430 184/78/430
f 337/225/431 183/79/431 184/78/431
f 92/215/432 338/218/432 334/216/432
f 338/218/433 339/226/433 334/216/433
f 334/216/423 339/226/434 335/223/424
f 339/226/435 340/227/435 335/223/435
f 335/223/436 340/227/436 336/224/436
f 340/227/437 341/228/437 336/224/437
f 336/224/438 341/228/438 337/225/438
f 341/228/439 342/229/439 337/225/439
f 337/225/440 342/229/440 183/79/440
f 342/229/441 182/80/441 183/79/441
f 91/217/442 343/219/442 338/218/442
f 343/219/443 344/230/443 338/218/443
f 338/218/444 344/230/444 339/226/444
f 344/230/445 345/231/445 339/226/445
f 339/226/446 345/231/446 340/227/446
f 345/231/447 346/232/447 340/227/447
f 340/227/448 346/232/448 341/228/448
f 346/232/449 347/233/449 341/228/449
f 341/228/450 347/233/450 342/229/450
f 347/233/451 348/234/451 342/229/451
f 342/229/452 348/234/452 182/80/452
f 348/234/453 181/81/453 182/80/453
f 90/27/454 145/22/454 343/219/454
f 145/22/455 144/235/455 343/219/455
f 343/219/456 144/235/456 344/230/456
f 144/235/457 143/236/457 344/230/457
f 344/230/458 143/236/458 345/231/458
f 143/236/459 142/237/459 345/231/459
f 345/231/460 142/237/460 346/232/460
f 142/237/461 141/238/461 346/232/461
f 346/232/462 141/238/462 347/233/462
f 141/238/463 140/239/463 347/233/463
f 347/233/464 140/239/464 348/234/464
f 140/239/465 139/240/465 348/234/465
f 348/234/466 139/240/467 181/81/468
f 139/240/467 10/37/469 181/81/468
f 152/241/470 180/38/470 10/37/470
f 151/242/471 349/243/471 152/241/471
f 150/244/472 350/245/472 151/242/472
f 149/246/473 352/247/473 150/244/473
f 148/248/474 355/249/474 149/246/474
f 147/250/475 359/251/475 148/248/475
f 146/26/476 364/252/476 147/250/476
f 152/241/477 349/243/477 180/38/477
f 349/243/478 179/109/478 180/38/478
f 151/242/479 350/245/479 349/243/479
f 350/245/480 351/253/480 349/243/480
f 349/243/481 351/253/481 179/109/481
f 351/253/482 178/110/482 179/109/482
f 150/244/483 352/247/483 350/245/483
f 352/247/484 353/254/484 350/245/484
f 350/245/485 353/254/485 351/253/485
f 353/254/486 354/255/486 351/253/486
f 351/253/487 354/255/487 178/110/487
f 354/255/488 177/111/488 178/110/488
f 149/246/489 355/249/489 352/247/489
f 355/249/490 356/256/490 352/247/490
f 352/247/491 356/256/491 353/254/491
f 356/256/492 357/257/492 353/254/492
f 353/254/493 357/257/494 354/255/495
f 357/257/494 358/258/496 354/255/495
f 354/255/497 358/258/498 177/111/499
f 358/258/498 176/112/500 177/111/499
f 148/248/501 359/251/501 355/249/501
f 359/251/502 360/259/502 355/249/502
f 355/249/503 360/259/503 356/256/503
f 360/259/504 361/260/504 356/256/504
f 356/256/505 361/260/505 357/257/505
f 361/260/506 362/261/506 357/257/506
f 357/257/507 362/261/508 358/258/509
f 362/261/508 363/262/510 358/258/509
f 358/258/511 363/262/511 176/112/511
f 363/262/512 175/113/513 176/112/514
f 147/250/515 364/252/515 359/251/515
f 364/252/516 365/263/516 359/251/516
f 359/251/517 365/263/517 360/259/517
f 365/263/518 366/264/518 360/259/518
f 360/259/519 366/264/519 361/260/519
f 366/264/520 367/265/520 361/260/520
f 361/260/521 367/265/521 362/261/521
f 367/265/522 368/266/522 362/261/522
f 362/261/523 368/266/523 363/262/523
f 368/266/524 369/267/524 363/262/524
f 363/262/512 369/267/525 175/113/513
f 369/267/526 174/114/526 175/113/526
f 146/26/527 131/19/527 364/252/527
f 131/19/528 130/268/528 364/252/528
f 364/252/529 130/268/529 365/263/529
f 130/268/530 129/269/530 365/263/530
f 365/263/531 129/269/531 366/264/531
f 129/269/532 128/270/532 366/264/532
f 366/264/533 128/270/533 367/265/533
f 128/270/534 127/271/534 367/265/534
f 367/265/535 127/271/535 368/266/535
f 127/271/536 126/272/536 368/266/536
f 368/266/537 126/272/537 369/267/537
f 126/272/538 125/273/538 369/267/538
f 369/267/539 125/273/539 174/114/539
f 125/273/540 9/34/540 174/114/540
f 138/274/541 173/35/541 9/34/541
f 137/275/542 370/276/542 138/274/542
f 136/277/543 371/278/543 137/275/543
f 135/279/544 373/280/544 136/277/544
f 134/281/545 376/282/545 135/279/545
f 133/283/546 380/284/546 134/281/546
f 132/25/547 385/285/547 133/283/547
f 138/274/548 370/276/548 173/35/548
f 370/276/549 172/142/549 173/35/549
f 137/275/550 371/278/550 370/276/550
f 371/278/551 372/286/551 370/276/551
f 370/276/552 372/286/552 172/142/552
f 372/286/553 171/143/553 172/142/553
f 136/277/554 373/280/554 371/278/554
f 373/280/555 374/287/555 371/278/555
f 371/278/556 374/287/556 372/286/556
f 374/287/557 375/288/557 372/286/557
f 372/286/558 375/288/558 171/143/558
f 375/288/559 170/144/559 171/143/559
f 135/279/560 376/282/560 373/280/560
f 376/282/561 377/289/561 373/280/561
f 373/280/562 377/289/562 374/287/562
f 377/289/563 378/290/563 374/287/563
f 374/287/564 378/290/564 375/288/564
f 378/290/565 379/291/565 375/288/565
f 375/288/566 379/291/566 170/144/566
f 379/291/567 169/145/567 170/144/567
f 134/281/568 380/284/568 376/282/568
f 380/284/569 381/292/569 376/282/569
f 376/282/570 381/292/570 377/289/570
f 381/292/571 382/293/571 377/289/571
f 377/289/572 382/293/572 378/290/572
f 382/293/573 383/294/573 378/290/573
f 378/290/574 383/294/574 379/291/574
f 383/294/575 384/295/575 379/291/575
f 379/291/576 384/295/576 169/145/576
f 384/295/577 168/146/577 169/145/577
f 133/283/578 385/285/578 380/284/578
f 385/285/579 386/296/579 380/284/579
f 380/284/580 386/296/580 381/292/580
f 386/296/581 387/297/581 381/292/581
f 381/292/582 387/297/582 382/293/582
f 387/297/583 388/298/583 382/293/583
f 382/293/584 388/298/584 383/294/584
f 388/298/585 389/299/585 383/294/585
f 383/294/586 389/299/586 384/295/586
f 389/299/587 390/300/587 384/295/587
f 384/295/588 390/300/588 168/146/588
f 390/300/589 167/147/589 168/146/589
f 132/25/590 117/16/590 385/285/590
f 117/16/591 116/301/591 385/285/591
f 385/285/592 116/301/592 386/296/592
f 116/301/593 115/302/593 386/296/593
f 386/296/594 115/302/594 387/297/594
f 115/302/595 114/303/595 387/297/595
f 387/297/596 114/303/596 388/298/596
f 114/303/597 113/304/597 388/298/597
f 388/298/598 113/304/598 389/299/598
f 113/304/599 112/305/599 389/299/599
f 389/299/600 112/305/600 390/300/600
f 112/305/601 111/306/601 390/300/601
f 390/300/602 111/306/602 167/147/602
f 111/306/603 8/31/603 167/147/603
f 124/307/604 166/32/604 8/31/604
f 123/308/605 391/309/605 124/307/605
f 122/310/606 392/311/606 123/308/606
f 121/312/607 394/313/607 122/310/607
f 120/314/608 397/315/608 121/312/608
f 119/316/609 401/317/609 120/314/609
f 118/24/610 406/318/610 119/316/610
f 124/307/611 391/309/612 166/32/613
f 391/309/612 165/175/614 166/32/613
f 123/308/615 392/311/615 391/309/615
f 392/311/616 393/319/616 391/309/616
f 391/309/617 393/319/617 165/175/617
f 393/319/618 164/176/618 165/175/618
f 122/310/619 394/313/620 392/311/621
f 394/313/620 395/320/622 392/311/621
f 392/311/623 395/320/623 393/319/623
f 395/320/624 396/321/624 393/319/624
f 393/319/625 396/321/625 164/176/625
f 396/321/626 163/177/626 164/176/626
f 121/312/627 397/315/627 394/313/627
f 397/315/628 398/322/628 394/313/628
f 394/313/629 398/322/629 395/320/629
f 398/322/630 399/323/630 395/320/630
f 395/320/631 399/323/631 396/321/631
f 399/323/632 400/324/632 396/321/632
f 396/321/633 400/324/633 163/177/633
f 400/324/634 162/178/634 163/177/634
f 120/314/635 401/317/635 397/315/635
f 401/317/636 402/325/636 397/315/636
f 397/315/637 402/325/637 398/322/637
f 402/325/638 403/326/638 398/322/638
f 398/322/639 403/326/639 399/323/639
f 403/326/640 404/327/640 399/323/640
f 399/323/641 404/327/641 400/324/641
f 404/327/642 405/328/642 400/324/642
f 400/324/643 405/328/643 162/178/643
f 405/328/644 161/179/644 162/178/644
f 119/316/645 406/318/645 401/317/645
f 406/318/646 407/329/646 401/317/646
f 401/317/647 407/329/648 402/325/649
f 407/329/648 408/330/650 402/325/649
f 402/325/651 408/330/651 403/326/651
f 408/330/652 409/331/652 403/326/652
f 403/326/653 409/331/653 404/327/653
f 409/331/654 410/332/654 404/327/654
f 404/327/655 410/332/655 405/328/655
f 410/332/656 411/333/656 405/328/656
f 405/328/657 411/333/657 161/179/657
f 411/333/658 160/180/658 161/179/658
f 118/24/659 103/13/659 406/318/659
f 103/13/660 102/334/660 406/318/660
f 406/318/661 102/334/661 407/329/661
f 102/334/662 101/335/662 407/329/662
f 407/329/663 101/335/663 408/330/663
f 101/335/664 100/336/664 408/330/664
f 408/330/665 100/336/665 409/331/665
f 100/336/666 99/337/666 409/331/666
f 409/331/667 99/337/667 410/332/667
f 99/337/668 98/338/668 410/332/668
f 410/332/669 98/338/669 411/333/669
f 98/338/670 97/339/670 411/333/670
f 411/333/671 97/339/672 160/180/672
f 97/339/672 7/28/673 160/180/672
f 110/340/674 159/29/674 7/28/674
f 109/341/675 412/342/675 110/340/675
f 108/343/676 413/344/676 109/341/676
f 107/345/677 415/346/677 108/343/677
f 106/347/678 418/348/678 107/345/678
f 105/349/679 422/350/679 106/347/679
f 104/23/680 427/351/680 105/349/680
f 110/340/681 412/342/681 159/29/681
f 412/342/682 158/202/682 159/29/682
f 109/341/683 413/344/683 412/342/683
f 413/344/684 414/352/684 412/342/684
f 412/342/685 414/352/685 158/202/685
f 414/352/686 157/203/686 158/202/686
f 108/343/687 415/346/687 413/344/687
f 415/346/688 416/353/688 413/344/688
f 413/344/689 416/353/689 414/352/689
f 416/353/690 417/354/690 414/352/690
f 414/352/691 417/354/691 157/203/691
f 417/354/692 156/204/692 157/203/692
f 107/345/693 418/348/693 415/346/693
f 418/348/694 419/355/694 415/346/694
f 415/346/695 419/355/695 416/353/695
f 419/355/696 420/356/696 416/353/696
f 416/353/697 420/356/697 417/354/697
f 420/356/698 421/357/698 417/354/698
f 417/354/699 421/357/699 156/204/699
f 421/357/700 155/205/393 156/204/392
f 106/347/701 422/350/701 418/348/701
f 422/350/702 423/358/702 418/348/702
f 418/348/703 423/358/703 419/355/703
f 423/358/704 424/359/704 419/355/704
f 419/355/705 424/359/705 420/356/705
f 424/359/706 425/360/706 420/356/706
f 420/356/707 425/360/707 421/357/707
f 425/360/708 426/361/708 421/357/708
f 421/357/709 426/361/709 155/205/709
f 426/361/710 154/206/397 155/205/396
f 105/349/711 427/351/711 422/350/711
f 427/351/712 428/362/712 422/350/712
f 422/350/713 428/362/713 423/358/713
f 428/362/714 429/363/714 423/358/714
f 423/358/715 429/363/715 424/359/715
f 429/363/716 430/364/716 424/359/716
f 424/359/717 430/364/717 425/360/717
f 430/364/718 431/365/718 425/360/718
f 425/360/719 431/365/719 426/361/719
f 431/365/720 432/366/720 426/361/720
f 426/361/721 432/366/721 154/206/721
f 432/366/722 153/207/722 154/206/722
f 104/23/723 89/10/723 427/351/723
f 89/10/724 88/367/724 427/351/724
f 427/351/725 88/367/725 428/362/725
f 88/367/726 87/368/726 428/362/726
f 428/362/727 87/368/727 429/363/727
f 87/368/728 86/369/728 429/363/728
f 429/363/729 86/369/729 430/364/729
f 86/369/730 85/370/730 430/364/730
f 430/364/731 85/370/731 431/365/731
f 85/370/732 84/371/732 431/365/732
f 431/365/733 84/371/733 432/366/733
f 84/371/734 83/372/734 432/366/734
f 432/366/735 83/372/735 153/207/735
f 83/372/736 11/40/736 153/207/736
f 139/240/737 152/241/737 10/37/737
f 140/239/738 433/373/738 139/240/738
f 141/238/739 434/374/739 140/239/739
f 142/237/740 436/375/740 141/238/740
f 143/236/741 439/376/741 142/237/741
f 144/235/742 443/377/742 143/236/742
f 145/22/743 448/378/743 144/235/743
f 139/240/744 433/373/744 152/241/744
f 433/373/745 151/242/745 152/241/745
f 140/239/746 434/374/746 433/373/746
f 434/374/747 435/379/747 433/373/747
f 433/373/748 435/379/748 151/242/748
f 435/379/749 150/244/749 151/242/749
f 141/238/750 436/375/750 434/374/750
f 436/375/751 437/380/751 434/374/751
f 434/374/752 437/380/752 435/379/752
f 437/380/753 438/381/753 435/379/753
f 435/379/754 438/381/754 150/244/754
f 438/381/755 149/246/755 150/244/755
f 142/237/756 439/376/756 436/375/756
f 439/376/757 440/382/757 436/375/757
f 436/375/758 440/382/758 437/380/758
f 440/382/759 441/383/759 437/380/759
f 437/380/760 441/383/760 438/381/760
f 441/383/761 442/384/761 438/381/761
f 438/381/762 442/384/762 149/246/762
f 442/384/763 148/248/763 149/246/763
f 143/236/764 443/377/764 439/376/764
f 443/377/765 444/385/765 439/376/765
f 439/376/766 444/385/766 440/382/766
f 444/385/767 445/386/767 440/382/767
f 440/382/768 445/386/768 441/383/768
f 445/386/769 446/387/769 441/383/769
f 441/383/770 446/387/770 442/384/770
f 446/387/771 447/388/771 442/384/771
f 442/384/772 447/388/772 148/248/772
f 447/388/773 147/250/773 148/248/773
f 144/235/774 448/378/774 443/377/774
f 448/378/775 449/389/775 443/377/775
f 443/377/776 449/389/776 444/385/776
f 449/389/777 450/390/777 444/385/777
f 444/385/778 450/390/778 445/386/778
f 450/390/779 451/391/779 445/386/779
f 445/386/780 451/391/780 446/387/780
f 451/391/781 452/392/781 446/387/781
f 446/387/782 452/392/782 447/388/782
f 452/392/783 453/393/783 447/388/783
f 447/388/784 453/393/784 147/250/784
f 453/393/785 146/26/785 147/250/785
f 145/22/786 82/21/786 448/378/786
f 82/21/787 81/394/787 448/378/787
f 448/378/788 81/394/788 449/389/788
f 81/394/789 80/395/789 449/389/789
f 449/389/790 80/395/790 450/390/790
f 80/395/791 79/396/791 450/390/791
f 450/390/792 79/396/792 451/391/792
f 79/396/793 78/397/793 451/391/793
f 451/391/794 78/397/794 452/392/794
f 78/397/795 77/398/796 452/392/797
f 452/392/797 77/398/796 453/393/798
f 77/398/796 76/399/799 453/393/798
f 453/393/800 76/399/800 146/26/800
f 76/399/801 5/17/801 146/26/801
f 125/273/802 138/274/802 9/34/802
f 126/272/803 454/400/803 125/273/803
f 127/271/804 455/401/804 126/272/804
f 128/270/805 457/402/805 127/271/805
f 129/269/806 460/403/806 128/270/806
f 130/268/807 464/404/807 129/269/807
f 131/19/808 469/405/808 130/268/808
f 125/273/809 454/400/809 138/274/809
f 454/400/810 137/275/810 138/274/810
f 126/272/811 455/401/811 454/400/811
f 455/401/812 456/406/812 454/400/812
f 454/400/813 456/406/813 137/275/813
f 456/406/814 136/277/814 137/275/814
f 127/271/815 457/402/815 455/401/815
f 457/402/816 458/407/816 455/401/816
f 455/401/817 458/407/817 456/406/817
f 458/407/818 459/408/818 456/406/818
f 456/406/819 459/408/819 136/277/819
f 459/408/820 135/279/820 136/277/820
f 128/270/821 460/403/821 457/402/821
f 460/403/822 461/409/822 457/402/822
f 457/402/823 461/409/823 458/407/823
f 461/409/824 462/410/824 458/407/824
f 458/407/825 462/410/825 459/408/825
f 462/410/826 463/411/826 459/408/826
f 459/408/827 463/411/827 135/279/827
f 463/411/828 134/281/828 135/279/828
f 129/269/829 464/404/829 460/403/829
f 464/404/830 465/412/830 460/403/830
f 460/403/831 465/412/831 461/409/831
f 465/412/832 466/413/832 461/409/832
f 461/409/833 466/413/834 462/410/835
f 466/413/834 467/414/836 462/410/835
f 462/410/837 467/414/837 463/411/837
f 467/414/838 468/415/838 463/411/838
f 463/411/839 468/415/839 134/281/839
f 468/415/840 133/283/841 134/281/842
f 130/268/843 469/405/843 464/404/843
f 469/405/844 470/416/844 464/404/844
f 464/404/845 470/416/845 465/412/845
f 470/416/846 471/417/846 465/412/846
f 465/412/847 471/417/847 466/413/847
f 471/417/848 472/418/849 466/413/850
f 466/413/850 472/418/849 467/414/851
f 472/418/852 473/419/852 467/414/852
f 467/414/853 473/419/853 468/415/853
f 473/419/854 474/420/854 468/415/854
f 468/415/840 474/420/855 133/283/841
f 474/420/856 132/25/856 133/283/856
f 131/421/857 75/422/857 469/423/857
f 75/18/858 74/424/858 469/405/858
f 469/405/859 74/424/859 470/416/859
f 74/424/860 73/425/860 470/416/860
f 470/416/861 73/425/861 471/417/861
f 73/425/862 72/426/862 471/417/862
f 471/417/863 72/426/863 472/418/863
f 72/426/864 71/427/864 472/418/864
f 472/418/865 71/427/865 473/419/865
f 71/427/866 70/428/867 473/419/868
f 473/419/868 70/428/867 474/420/869
f 70/428/870 69/429/871 474/420/872
f 474/420/872 69/429/871 132/25/873
f 69/429/874 4/14/874 132/25/874
f 111/306/875 124/307/875 8/31/875
f 112/305/876 475/430/876 111/306/876
f 113/304/877 476/431/877 112/305/877
f 114/303/878 478/432/878 113/304/878
f 115/302/879 481/433/879 114/303/879
f 116/301/880 485/434/880 115/302/880
f 117/16/881 490/435/881 116/301/881
f 111/306/882 475/430/882 124/307/882
f 475/430/883 123/308/883 124/307/883
f 112/305/884 476/431/884 475/430/884
f 476/431/885 477/436/885 475/430/885
f 475/430/886 477/436/886 123/308/886
f 477/436/887 122/310/887 123/308/887
f 113/304/888 478/432/888 476/431/888
f 478/432/889 479/437/889 476/431/889
f 476/431/890 479/437/890 477/436/890
f 479/437/891 480/438/891 477/436/891
f 477/436/892 480/438/892 122/310/892
f 480/438/893 121/312/893 122/310/893
f 114/303/894 481/433/894 478/432/894
f 481/433/895 482/439/895 478/432/895
f 478/432/896 482/439/896 479/437/896
f 482/439/897 483/440/897 479/437/897
f 479/437/898 483/440/898 480/438/898
f 483/440/899 484/441/899 480/438/899
f 480/438/900 484/441/900 121/312/900
f 484/441/901 120/314/901 121/312/901
f 115/302/902 485/434/902 481/433/902
f 485/434/903 486/442/903 481/433/903
f 481/433/904 486/442/904 482/439/904
f 486/442/905 487/443/905 482/439/905
f 482/439/906 487/443/906 483/440/906
f 487/443/907 488/444/907 483/440/907
f 483/440/908 488/444/908 484/441/908
f 488/444/909 489/445/910 484/441/911
f 484/441/911 489/445/910 120/314/912
f 489/445/913 119/316/913 120/314/913
f 116/301/914 490/435/914 485/434/914
f 490/435/915 491/446/915 485/434/915
f 485/434/916 491/446/916 486/442/916
f 491/446/917 492/447/917 486/442/917
f 486/442/918 492/447/918 487/443/918
f 492/447/919 493/448/919 487/443/919
f 487/443/920 493/448/920 488/444/920
f 493/448/921 494/449/921 488/444/921
f 488/444/922 494/449/922 489/445/922
f 494/449/923 495/450/923 489/445/923
f 489/445/924 495/450/924 119/316/924
f 495/450/925 118/24/925 119/316/925
f 117/16/926 61/15/926 490/435/926
f 61/15/927 60/451/927 490/435/927
f 490/435/928 60/451/928 491/446/928
f 60/451/929 59/452/929 491/446/929
f 491/446/930 59/452/930 492/447/930
f 59/452/931 58/453/931 492/447/931
f 492/447/932 58/453/932 493/448/932
f 58/453/933 57/454/933 493/448/933
f 493/448/934 57/454/934 494/449/934
f 57/454/935 56/455/935 494/449/935
f 494/449/936 56/455/936 495/450/936
f 56/455/937 55/456/937 495/450/937
f 495/450/938 55/456/938 118/24/938
f 55/456/939 3/11/940 118/24/941
f 97/339/942 110/340/942 7/28/942
f 98/338/943 496/457/943 97/339/943
f 99/337/944 497/458/944 98/338/944
f 100/336/945 499/459/945 99/337/945
f 101/335/946 502/460/946 100/336/946
f 102/334/947 506/461/948 101/335/949
f 103/13/950 511/462/950 102/334/950
f 97/339/951 496/457/951 110/340/951
f 496/457/952 109/341/952 110/340/952
f 98/338/953 497/458/953 496/457/953
f 497/458/954 498/463/954 496/457/954
f 496/457/955 498/463/955 109/341/955
f 498/463/956 108/343/956 109/341/956
f 99/337/957 499/459/957 497/458/957
f 499/459/958 500/464/958 497/458/958
f 497/458/959 500/464/959 498/463/959
f 500/464/960 501/465/960 498/463/960
f 498/463/961 501/465/961 108/343/961
f 501/465/962 107/345/962 108/343/962
f 100/336/963 502/460/963 499/459/963
f 502/460/964 503/466/964 499/459/964
f 499/459/965 503/466/965 500/464/965
f 503/466/966 504/467/966 500/464/966
f 500/464/967 504/467/967 501/465/967
f 504/467/968 505/468/968 501/465/968
f 501/465/969 505/468/969 107/345/969
f 505/468/970 106/347/970 107/345/970
f 101/335/971 506/461/971 502/460/971
f 506/461/972 507/469/972 502/460/972
f 502/460/973 507/469/973 503/466/973
f 507/469/974 508/470/974 503/466/974
f 503/466/975 508/470/975 504/467/975
f 508/470/976 509/471/976 504/467/976
f 504/467/977 509/471/978 505/468/979
f 509/471/978 510/472/980 505/468/979
f 505/468/981 510/472/981 106/347/981
f 510/472/982 105/349/982 106/347/982
f 102/334/947 511/462/983 506/461/948
f 511/462/984 512/473/984 506/461/984
f 506/461/985 512/473/985 507/469/985
f 512/473/986 513/474/986 507/469/986
f 507/469/987 513/474/987 508/470/987
f 513/474/988 514/475/988 508/470/988
f 508/470/989 514/475/989 509/471/989
f 514/475/990 515/476/990 509/471/990
f 509/471/991 515/476/991 510/472/991
f 515/476/992 516/477/992 510/472/992
f 510/472/993 516/477/993 105/349/993
f 516/477/994 104/23/994 105/349/994
f 103/13/995 33/12/995 511/462/995
f 33/12/996 32/478/996 511/462/996
f 511/479/997 32/480/997 512/481/997
f 32/478/998 31/482/998 512/473/998
f 512/481/999 31/483/999 513/484/999
f 31/482/1000 30/485/1000 513/474/1000
f 513/474/1001 30/485/1001 514/475/1001
f 30/485/1002 29/486/1002 514/475/1002
f 514/475/1003 29/486/1003 515/476/1003
f 29/486/1004 28/487/1004 515/476/1004
f 515/476/1005 28/487/1005 516/477/1005
f 28/487/1006 27/488/1006 516/477/1006
f 516/477/1007 27/488/1007 104/23/1007
f 27/488/1008 2/4/1008 104/23/1008
f 83/372/1009 96/208/1009 11/40/1009
f 84/371/1010 517/489/1010 83/372/1010
f 85/370/1011 518/490/1011 84/371/1011
f 86/369/1012 520/491/1012 85/370/1012
f 87/368/1013 523/492/1013 86/369/1013
f 88/367/1014 527/493/1014 87/368/1014
f 89/10/1015 532/494/1015 88/367/1015
f 83/372/1016 517/489/1016 96/208/1016
f 517/489/1017 95/209/1017 96/208/1017
f 84/371/1018 518/490/1018 517/489/1018
f 518/490/1019 519/495/1019 517/489/1019
f 517/489/1020 519/495/1020 95/209/1020
f 519/495/1021 94/211/1021 95/209/1021
f 85/370/1022 520/491/1022 518/490/1022
f 520/491/1023 521/496/1023 518/490/1023
f 518/490/1024 521/496/1024 519/495/1024
f 521/496/1025 522/497/1025 519/495/1025
f 519/495/1026 522/497/1026 94/211/1026
f 522/497/1027 93/213/1027 94/211/1027
f 86/369/1028 523/492/1028 520/491/1028
f 523/492/1029 524/498/1029 520/491/1029
f 520/491/1030 524/498/1030 521/496/1030
f 524/498/1031 525/499/1031 521/496/1031
f 521/496/1032 525/499/1032 522/497/1032
f 525/499/1033 526/500/1033 522/497/1033
f 522/497/1034 526/500/1034 93/213/1034
f 526/500/1035 92/215/1035 93/213/1035
f 87/368/1036 527/493/1036 523/492/1036
f 527/493/1037 528/501/1037 523/492/1037
f 523/492/1038 528/501/1038 524/498/1038
f 528/501/1039 529/502/1039 524/498/1039
f 524/498/1040 529/502/1040 525/499/1040
f 529/502/1041 530/503/1041 525/499/1041
f 525/499/1042 530/503/1042 526/500/1042
f 530/503/1043 531/504/1043 526/500/1043
f 526/500/1044 531/504/1045 92/215/1046
f 531/504/1045 91/217/1047 92/215/1046
f 88/367/1048 532/494/1048 527/493/1048
f 532/494/1049 533/505/1049 527/493/1049
f 527/493/1050 533/505/1050 528/501/1050
f 533/505/1051 534/506/1051 528/501/1051
f 528/501/1052 534/506/1052 529/502/1052
f 534/506/1053 535/507/1053 529/502/1053
f 529/502/1054 535/507/1054 530/503/1054
f 535/507/1055 536/508/1055 530/503/1055
f 530/503/1056 536/508/1056 531/504/1056
f 536/508/1057 537/509/1057 531/504/1057
f 531/504/1058 537/509/1058 91/217/1058
f 537/509/1059 90/27/1059 91/217/1059
f 89/10/1060 40/6/1060 532/494/1060
f 40/6/1061 39/510/1061 532/494/1061
f 532/494/1062 39/510/1062 533/505/1062
f 39/510/1063 38/511/1063 533/505/1063
f 533/505/1064 38/511/1064 534/506/1064
f 38/511/1065 37/512/1065 534/506/1065
f 534/506/1066 37/512/1066 535/507/1066
f 37/512/1067 36/513/1067 535/507/1067
f 535/507/1068 36/513/1068 536/508/1068
f 36/513/1069 35/514/1069 536/508/1069
f 536/508/1070 35/514/1070 537/509/1070
f 35/514/1071 34/515/1071 537/509/1071
f 537/509/1072 34/515/1072 90/27/1072
f 34/515/1073 6/20/1073 90/27/1073
f 47/516/1074 82/21/1074 6/20/1074
f 46/517/1075 538/518/1075 47/516/1075
f 45/519/1076 539/520/1076 46/517/1076
f 44/521/1077 541/522/1077 45/519/1077
f 43/523/1078 544/524/1078 44/521/1078
f 42/525/1079 548/526/1079 43/523/1079
f 41/9/1080 553/527/1080 42/525/1080
f 47/516/1081 538/518/1081 82/21/1081
f 538/518/1082 81/394/1082 82/21/1082
f 46/517/1083 539/520/1083 538/518/1083
f 539/520/1084 540/528/1084 538/518/1084
f 538/518/1085 540/528/1085 81/394/1085
f 540/528/1086 80/395/1086 81/394/1086
f 45/519/1087 541/522/1087 539/520/1087
f 541/522/1088 542/529/1088 539/520/1088
f 539/520/1089 542/529/1089 540/528/1089
f 542/529/1090 543/530/1090 540/528/1090
f 540/528/1091 543/530/1091 80/395/1091
f 543/530/1092 79/396/1092 80/395/1092
f 44/521/1093 544/524/1093 541/522/1093
f 544/524/1094 545/531/1094 541/522/1094
f 541/522/1095 545/531/1095 542/529/1095
f 545/531/1096 546/532/1096 542/529/1096
f 542/529/1097 546/532/1097 543/530/1097
f 546/532/1098 547/533/1098 543/530/1098
f 543/530/1099 547/533/1100 79/396/1101
f 547/533/1100 78/397/1102 79/396/1101
f 43/523/1103 548/526/1103 544/524/1103
f 548/526/1104 549/534/1104 544/524/1104
f 544/524/1105 549/534/1105 545/531/1105
f 549/534/1106 550/535/1106 545/531/1106
f 545/531/1107 550/535/1107 546/532/1107
f 550/535/1108 551/536/1108 546/532/1108
f 546/532/1109 551/536/1109 547/533/1109
f 551/536/1110 552/537/1110 547/533/1110
f 547/533/1111 552/537/1111 78/397/1111
f 552/537/1112 77/398/1112 78/397/1112
f 42/525/1113 553/527/1113 548/526/1113
f 553/527/1114 554/538/1114 548/526/1114
f 548/539/1115 554/540/1115 549/541/1115
f 554/538/1116 555/542/1116 549/534/1116
f 549/534/1117 555/542/1117 550/535/1117
f 555/542/1118 556/543/1118 550/535/1118
f 550/535/1119 556/543/1119 551/536/1119
f 556/543/1120 557/544/1120 551/536/1120
f 551/536/1121 557/544/1121 552/537/1121
f 557/544/1122 558/545/1122 552/537/1122
f 552/537/1123 558/545/1123 77/398/1123
f 558/545/1124 76/399/1124 77/398/1124
f 41/9/1125 68/8/1125 553/527/1125
f 68/8/1126 67/546/1126 553/527/1126
f 553/527/1127 67/546/1127 554/538/1127
f 67/546/1128 66/547/1128 554/538/1128
f 554/538/1129 66/547/1129 555/542/1129
f 66/547/1130 65/548/1130 555/542/1130
f 555/542/1131 65/548/1131 556/543/1131
f 65/548/1132 64/549/1132 556/543/1132
f 556/543/1133 64/549/1133 557/544/1133
f 64/549/1134 63/550/1134 557/544/1134
f 557/544/1135 63/550/1135 558/545/1135
f 63/550/1136 62/551/1136 558/545/1136
f 558/545/1137 62/551/1137 76/399/1137
f 62/551/1138 5/17/1138 76/399/1138
f 62/551/1139 75/18/1139 5/17/1139
f 63/550/1140 559/552/1140 62/551/1140
f 64/549/1141 560/553/1141 63/550/1141
f 65/548/1142 562/554/1142 64/549/1142
f 66/547/1143 565/555/1143 65/548/1143
f 67/546/1144 569/556/1144 66/547/1144
f 68/8/1145 574/557/1145 67/546/1145
f 62/551/1146 559/552/1146 75/18/1146
f 559/552/1147 74/424/1147 75/18/1147
f 63/550/1148 560/553/1148 559/552/1148
f 560/553/1149 561/558/1149 559/552/1149
f 559/552/1150 561/558/1150 74/424/1150
f 561/558/1151 73/425/1151 74/424/1151
f 64/549/1152 562/554/1152 560/553/1152
f 562/554/1153 563/559/1153 560/553/1153
f 560/553/1154 563/559/1154 561/558/1154
f 563/559/1155 564/560/1155 561/558/1155
f 561/558/1156 564/560/1156 73/425/1156
f 564/560/1157 72/426/1157 73/425/1157
f 65/548/1158 565/555/1158 562/554/1158
f 565/555/1159 566/561/1159 562/554/1159
f 562/554/1160 566/561/1160 563/559/1160
f 566/561/1161 567/562/1161 563/559/1161
f 563/559/1162 567/562/1162 564/560/1162
f 567/562/1163 568/563/1163 564/560/1163
f 564/560/1164 568/563/1164 72/426/1164
f 568/563/1165 71/427/1165 72/426/1165
f 66/547/1166 569/556/1166 565/555/1166
f 569/556/1167 570/564/1167 565/555/1167
f 565/555/1168 570/564/1168 566/561/1168
f 570/564/1169 571/565/1169 566/561/1169
f 566/566/1170 571/567/1170 567/568/1170
f 571/565/1171 572/569/1171 567/562/1171
f 567/562/1172 572/569/1172 568/563/1172
f 572/569/1173 573/570/1173 568/563/1173
f 568/563/1174 573/570/1174 71/427/1174
f 573/570/1175 70/428/1175 71/427/1175
f 67/546/1176 574/557/1176 569/556/1176
f 574/557/1177 575/571/1177 569/556/1177
f 569/556/1178 575/571/1178 570/564/1178
f 575/571/1179 576/572/1179 570/564/1179
f 570/564/1180 576/572/1180 571/565/1180
f 576/572/1181 577/573/1181 571/565/1181
f 571/565/1182 577/573/1182 572/569/1182
f 577/573/1183 578/574/1183 572/569/1183
f 572/569/1184 578/574/1184 573/570/1184
f 578/574/1185 579/575/1186 573/570/1187
f 573/570/1188 579/575/1189 70/428/1190
f 579/575/1189 69/429/1191 70/428/1190
f 68/576/1192 54/577/1192 574/578/1192
f 54/7/1193 53/579/1193 574/557/1193
f 574/557/1194 53/579/1194 575/571/1194
f 53/579/1195 52/580/1195 575/571/1195
f 575/571/1196 52/580/1196 576/572/1196
f 52/580/1197 51/581/1197 576/572/1197
f 576/572/1198 51/581/1198 577/573/1198
f 51/581/1199 50/582/1199 577/573/1199
f 577/573/1200 50/582/1200 578/574/1200
f 50/582/1201 49/583/1201 578/574/1201
f 578/574/1185 49/583/1202 579/575/1186
f 49/583/1203 48/584/1203 579/575/1203
f 579/575/1204 48/584/1204 69/429/1204
f 48/584/1205 4/14/1205 69/429/1205
f 48/584/1206 61/15/1206 4/14/1206
f 49/583/1207 580/585/1208 48/584/1209
f 50/582/1210 581/586/1210 49/583/1210
f 51/581/1211 583/587/1211 50/582/1211
f 52/580/1212 586/588/1212 51/581/1212
f 53/579/1213 590/589/1213 52/580/1213
f 54/7/1214 595/590/1214 53/579/1214
f 48/584/1215 580/585/1215 61/15/1215
f 580/585/1216 60/451/1216 61/15/1216
f 49/583/1207 581/586/1208 580/585/1208
f 581/586/1217 582/591/1217 580/585/1217
f 580/585/1218 582/591/1218 60/451/1218
f 582/591/1219 59/452/1219 60/451/1219
f 50/582/1220 583/587/1220 581/586/1220
f 583/587/1221 584/592/1221 581/586/1221
f 581/586/1222 584/592/1223 582/591/1224
f 584/592/1223 585/593/1225 582/591/1224
f 582/591/1226 585/593/1226 59/452/1226
f 585/593/1227 58/453/1227 59/452/1227
f 51/581/1228 586/588/1228 583/587/1228
f 586/588/1229 587/594/1229 583/587/1229
f 583/595/1230 587/596/1230 584/597/1230
f 587/594/1231 588/598/1231 584/592/1231
f 584/592/1232 588/598/1232 585/593/1232
f 588/598/1233 589/599/1233 585/593/1233
f 585/593/1234 589/599/1234 58/453/1234
f 589/599/1235 57/454/1235 58/453/1235
f 52/580/1236 590/589/1236 586/588/1236
f 590/600/1237 591/601/1237 586/602/1237
f 586/588/1238 591/603/1238 587/594/1238
f 591/603/1239 592/604/1239 587/594/1239
f 587/594/1240 592/604/1240 588/598/1240
f 592/604/1241 593/605/1241 588/598/1241
f 588/598/1242 593/605/1242 589/599/1242
f 593/605/1243 594/606/1244 589/599/1245
f 589/599/1245 594/606/1244 57/454/1246
f 594/606/1247 56/455/1247 57/454/1247
f 53/579/1248 595/590/1248 590/589/1248
f 595/590/1249 596/607/1250 590/589/1251
f 590/589/1252 596/607/1252 591/603/1252
f 596/607/1253 597/608/1254 591/603/1255
f 591/603/1255 597/608/1254 592/604/1256
f 597/608/1257 598/609/1257 592/604/1257
f 592/604/1258 598/609/1258 593/605/1258
f 598/609/1259 599/610/1259 593/605/1259
f 593/605/1260 599/610/1261 594/606/1262
f 599/610/1261 600/611/1263 594/606/1262
f 594/606/1264 600/611/1264 56/455/1264
f 600/611/1265 55/456/1265 56/455/1265
f 54/7/1266 19/3/1266 595/590/1266
f 19/3/1267 18/612/1267 595/590/1267
f 595/590/1249 18/612/1268 596/607/1250
f 18/612/1269 17/613/1269 596/607/1269
f 596/607/1253 17/613/1270 597/608/1254
f 17/614/1271 16/615/1271 597/616/1271
f 597/616/1272 16/615/1272 598/617/1272
f 16/618/1273 15/619/1273 598/609/1273
f 598/609/1274 15/619/1275 599/610/1276
f 15/619/1275 14/620/1277 599/610/1276
f 599/610/1278 14/620/1278 600/611/1278
f 14/620/1279 13/621/1279 600/611/1279
f 600/611/1280 13/621/1280 55/456/1280
f 13/621/1281 3/11/940 55/456/939
f 34/515/1282 47/516/1282 6/20/1282
f 35/514/1283 601/622/1283 34/515/1283
f 36/513/1284 602/623/1285 35/514/1286
f 37/512/1287 604/624/1287 36/513/1287
f 38/511/1288 607/625/1288 37/512/1288
f 39/510/1289 611/626/1289 38/511/1289
f 40/6/1290 616/627/1290 39/510/1290
f 34/515/1291 601/622/1291 47/516/1291
f 601/622/1292 46/517/1292 47/516/1292
f 35/514/1293 602/623/1293 601/622/1293
f 602/623/1294 603/628/1295 601/622/1296
f 601/622/1297 603/628/1297 46/517/1297
f 603/628/1298 45/519/1298 46/517/1298
f 36/513/1284 604/624/1299 602/623/1285
f 604/624/1300 605/629/1300 602/623/1300
f 602/623/1294 605/629/1301 603/628/1295
f 605/629/1302 606/630/1302 603/628/1302
f 603/628/1303 606/630/1303 45/519/1303
f 606/630/1304 44/521/1304 45/519/1304
f 37/512/1305 607/625/1305 604/624/1305
f 607/625/1306 608/631/1306 604/624/1306
f 604/624/1307 608/631/1307 605/629/1307
f 608/631/1308 609/632/1308 605/629/1308
f 605/629/1309 609/632/1309 606/630/1309
f 609/632/1310 610/633/1310 606/630/1310
f 606/634/1311 610/635/1311 44/636/1311
f 610/633/1312 43/523/1312 44/521/1312
f 38/511/1313 611/626/1313 607/625/1313
f 611/626/1314 612/637/1314 607/625/1314
f 607/625/1315 612/637/1315 608/631/1315
f 612/637/1316 613/638/1316 608/631/1316
f 608/631/1317 613/638/1317 609/632/1317
f 613/638/1318 614/639/1318 609/632/1318
f 609/632/1319 614/639/1319 610/633/1319
f 614/639/1320 615/640/1321 610/633/1322
f 610/633/1322 615/640/1321 43/523/1323
f 615/640/1324 42/525/1324 43/523/1324
f 39/510/1325 616/627/1325 611/626/1325
f 616/627/1326 617/641/1326 611/626/1326
f 611/626/1327 617/641/1327 612/637/1327
f 617/641/1328 618/642/1328 612/637/1328
f 612/637/1329 618/642/1329 613/638/1329
f 618/642/1330 619/643/1330 613/638/1330
f 613/638/1331 619/643/1331 614/639/1331
f 619/643/1332 620/644/1332 614/639/1332
f 614/639/1333 620/644/1333 615/640/1333
f 620/644/1334 621/645/1334 615/640/1334
f 615/640/1335 621/645/1335 42/525/1335
f 621/645/1336 41/9/1336 42/525/1336
f 40/6/1337 26/5/1337 616/627/1337
f 26/5/1338 25/646/1338 616/627/1338
f 616/627/1339 25/646/1339 617/641/1339
f 25/646/1340 24/647/1340 617/641/1340
f 617/641/1341 24/647/1341 618/642/1341
f 24/647/1342 23/648/1342 618/642/1342
f 618/642/1343 23/648/1343 619/643/1343
f 23/648/1344 22/649/1344 619/643/1344
f 619/643/1345 22/649/1345 620/644/1345
f 22/649/1346 21/650/1346 620/644/1346
f 620/644/1347 21/650/1347 621/645/1347
f 21/650/1348 20/2/1348 621/645/1348
f 621/651/1349 20/652/1349 41/653/1349
f 20/2/1350 1/1/1350 41/9/1350
f 13/621/1351 33/12/1351 3/11/1351
f 14/620/1352 622/654/1353 13/621/1354
f 15/619/1355 623/655/1355 14/620/1355
f 16/618/1356 625/656/1356 15/619/1356
f 17/613/1357 628/657/1357 16/618/1357
f 18/612/1358 632/658/1358 17/613/1358
f 19/3/1359 637/659/1359 18/612/1359
f 13/621/1360 622/654/1360 33/12/1360
f 622/654/1361 32/478/1361 33/12/1361
f 14/620/1352 623/655/1362 622/654/1353
f 623/655/1363 624/660/1363 622/654/1363
f 622/654/1364 624/660/1364 32/478/1364
f 624/660/1365 31/482/1365 32/478/1365
f 15/619/1366 625/656/1366 623/655/1366
f 625/656/1367 626/661/1367 623/655/1367
f 623/655/1368 626/661/1368 624/660/1368
f 626/661/1369 627/662/1369 624/660/1369
f 624/660/1370 627/662/1370 31/482/1370
f 627/662/1371 30/485/1371 31/482/1371
f 16/618/1372 628/657/1372 625/656/1372
f 628/657/1373 629/663/1373 625/656/1373
f 625/656/1374 629/663/1374 626/661/1374
f 629/663/1375 630/664/1375 626/661/1375
f 626/661/1376 630/664/1376 627/662/1376
f 630/664/1377 631/665/1377 627/662/1377
f 627/662/1378 631/665/1378 30/485/1378
f 631/665/1379 29/486/1379 30/485/1379
f 17/613/1380 632/658/1380 628/657/1380
f 632/658/1381 633/666/1381 628/657/1381
f 628/657/1382 633/666/1382 629/663/1382
f 633/666/1383 634/667/1383 629/663/1383
f 629/663/1384 634/667/1384 630/664/1384
f 634/667/1385 635/668/1386 630/664/1387
f 630/664/1387 635/668/1386 631/665/1388
f 635/668/1389 636/669/1389 631/665/1389
f 631/665/1390 636/669/1390 29/486/1390
f 636/669/1391 28/487/1391 29/486/1391
f 18/612/1392 637/659/1392 632/658/1392
f 637/659/1393 638/670/1393 632/658/1393
f 632/658/1394 638/670/1394 633/666/1394
f 638/670/1395 639/671/1395 633/666/1395
f 633/666/1396 639/671/1397 634/667/1398
f 639/671/1397 640/672/1399 634/667/1398
f 634/667/1400 640/672/1400 635/668/1400
f 640/672/1401 641/673/1401 635/668/1401
f 635/668/1402 641/673/1402 636/669/1402
f 641/673/1403 642/674/1403 636/669/1403
f 636/669/1404 642/674/1404 28/487/1404
f 642/674/1405 27/488/1405 28/487/1405
f 19/3/1406 20/2/1406 637/659/1406
f 20/2/1407 21/650/1407 637/659/1407
f 637/659/1408 21/650/1408 638/670/1408
f 21/650/1409 22/649/1409 638/670/1409
f 638/670/1410 22/649/1410 639/671/1410
f 22/649/1411 23/648/1411 639/671/1411
f 639/671/1412 23/648/1412 640/672/1412
f 23/675/1413 24/676/1413 640/677/1413
f 640/672/1414 24/647/1414 641/673/1414
f 24/647/1415 25/646/1415 641/673/1415
f 641/673/1416 25/646/1416 642/674/1416
f 25/646/1417 26/5/1417 642/674/1417
f 642/674/1418 26/5/1418 27/488/1418
f 26/5/1419 2/4/1419 27/488/1419
f 643/678/1420 645/679/1420 646/680/1420
f 650/679/1421 648/681/1421 647/682/1421
f 651/681/1422 653/683/1422 652/684/1422
f 658/683/1423 656/685/1423 655/684/1423
f 659/685/1424 661/686/1424 662/687/1424
f 666/686/1425 664/688/1425 663/689/1425
f 667/688/1426 669/690/1426 668/691/1426
f 674/690/1427 672/692/1427 671/691/1427
f 675/692/1428 677/693/1428 676/694/1428
f 682/693/1429 680/695/1429 679/694/1429
f 683/695/1430 685/696/1430 686/697/1430
f 690/696/1431 688/698/1431 687/699/1431
f 691/698/1432 693/700/1432 694/701/1432
f 698/700/1433 696/702/1433 695/703/1433
f 699/702/1434 701/704/1434 702/705/1434
f 706/704/1435 704/706/1435 703/707/1435
f 707/706/1436 709/708/1436 708/709/1436
f 714/708/1437 712/710/1437 711/709/1437
f 715/710/1438 717/711/1438 718/712/1438
f 720/713/1439 722/711/1439 719/714/1439
f 723/680/1440 725/715/1441 724/679/1442
f 730/715/1443 728/716/1444 727/679/1445
f 731/716/1446 733/717/1447 732/683/1448
f 738/717/1449 736/687/1450 735/683/1451
f 739/687/1452 741/718/1453 740/686/1454
f 746/718/1455 744/719/1456 743/686/1457
f 750/720/1458 748/690/1459 747/719/1460
f 751/690/1461 753/721/1462 752/722/1427
f 758/721/1463 756/693/1464 755/722/1428
f 759/693/1465 761/723/1466 760/697/1467
f 766/723/1468 764/696/1469 763/697/1470
f 767/696/1471 769/724/1472 768/701/1473
f 774/724/1474 772/700/1475 771/701/1476
f 775/700/1477 777/725/1478 776/705/1433
f 782/725/1479 780/704/1480 779/705/1481
f 783/704/1482 785/726/1483 784/727/1484
f 790/726/1485 788/708/1486 787/727/1487
f 791/708/1488 793/728/1489 792/712/1490
f 795/712/1491 797/729/1492 796/711/1493
f 799/711/1494 801/730/1495 800/731/1496
f 803/732/1497 805/733/1497 804/734/1497
f 806/732/1498 808/733/1498 807/734/1498
f 809/732/1499 811/733/1499 810/734/1499
f 812/732/1500 813/734/1500 814/733/1500
f 815/732/1501 816/734/1501 817/733/1501
f 818/732/1502 820/733/1502 819/734/1502
f 821/732/1503 823/733/1503 822/734/1503
f 824/732/1504 825/734/1504 826/733/1504
f 827/732/1505 828/734/1505 829/733/1505
f 830/732/1506 831/734/1506 832/733/1506
f 833/732/1507 834/734/1507 835/733/1507
f 836/732/1508 837/734/1508 838/733/1508
f 839/732/1509 841/733/1509 840/734/1509
f 842/732/1510 843/734/1510 844/733/1510
f 845/732/1511 846/734/1511 847/733/1511
f 848/732/1512 849/734/1512 850/733/1512
f 851/732/1513 852/734/1513 853/733/1513
f 854/732/1514 855/734/1514 856/733/1514
f 857/732/1515 859/733/1515 858/734/1515
f 860/732/1516 861/734/1516 862/733/1516
f 864/735/1517 866/736/1517 863/737/1517
f 870/736/1517 868/735/1517 867/737/1517
f 874/736/1518 872/735/1518 871/737/1518
f 878/736/1519 876/735/1519 875/737/1519
f 882/736/1520 880/735/1520 879/737/1520
f 886/736/1521 884/735/1521 883/737/1521
f 888/735/1517 890/736/1517 887/737/1517
f 892/735/1522 894/736/1522 891/737/1522
f 896/735/1523 898/736/1523 895/737/1523
f 900/735/1524 902/736/1524 899/737/1524
f 906/736/1525 904/735/1525 903/737/1525
f 908/735/1525 910/736/1525 907/737/1525
f 912/735/1517 914/736/1517 911/737/1517
f 916/735/1522 918/736/1522 915/737/1522
f 920/735/1526 922/736/1526 919/737/1526
f 924/735/1527 926/736/1527 923/737/1527
f 928/735/1528 930/736/1528 927/737/1528
f 934/736/1528 932/735/1528 931/737/1528
f 936/735/1517 938/736/1517 935/737/1517
f 940/735/1522 942/736/1522 939/737/1522
f 944/735/1529 946/736/1529 943/737/1529
f 950/736/1529 948/735/1529 947/737/1529
f 954/736/1530 952/735/1530 951/737/1530
f 958/736/1531 956/735/1531 955/737/1531
f 959/737/1517 961/738/1517 962/736/1517
f 963/737/1522 965/738/1522 966/736/1522
f 968/735/1532 970/736/1532 967/737/1532
f 974/736/1532 972/735/1532 971/737/1532
f 976/735/1533 978/736/1533 975/737/1533
f 980/735/1534 982/736/1534 979/737/1534
f 643/678/1420 644/682/1420 645/679/1420
f 650/679/1421 649/716/1421 648/681/1421
f 651/681/1422 654/716/1422 653/683/1422
f 658/683/1423 657/687/1423 656/685/1423
f 659/685/1424 660/689/1424 661/686/1424
f 666/686/1425 665/719/1425 664/688/1425
f 667/688/1426 670/719/1426 669/690/1426
f 674/690/1427 673/722/1427 672/692/1427
f 675/692/1428 678/722/1428 677/693/1428
f 682/693/1429 681/697/1429 680/695/1429
f 683/695/1430 684/699/1430 685/696/1430
f 690/696/1431 689/701/1431 688/698/1431
f 691/698/1432 692/703/1432 693/700/1432
f 698/700/1433 697/705/1433 696/702/1433
f 699/702/1434 700/707/1434 701/704/1434
f 706/704/1435 705/727/1435 704/706/1435
f 707/706/1436 710/727/1436 709/708/1436
f 714/708/1437 713/712/1437 712/710/1437
f 715/710/1438 716/714/1438 717/711/1438
f 720/713/1439 721/731/1439 722/711/1439
f 723/680/1440 726/739/1535 725/715/1441
f 730/715/1443 729/740/1536 728/716/1444
f 731/716/1446 734/740/1537 733/717/1447
f 738/717/1449 737/741/1538 736/687/1450
f 739/687/1452 742/741/1539 741/718/1453
f 746/718/1455 745/720/1540 744/719/1456
f 750/720/1458 749/742/1458 748/690/1459
f 751/690/1461 754/742/1541 753/721/1462
f 758/721/1463 757/743/1542 756/693/1464
f 759/693/1465 762/743/1543 761/723/1466
f 766/723/1468 765/744/1544 764/696/1469
f 767/696/1471 770/744/1545 769/724/1472
f 774/724/1474 773/745/1546 772/700/1475
f 775/700/1477 778/745/1547 777/725/1478
f 782/725/1479 781/746/1548 780/704/1480
f 783/704/1482 786/746/1549 785/726/1483
f 790/726/1485 789/747/1550 788/708/1486
f 791/708/1488 794/747/1551 793/728/1489
f 795/712/1491 798/728/1552 797/729/1492
f 799/711/1494 802/729/1553 801/730/1495
f 864/735/1517 865/738/1517 866/736/1517
f 870/736/1517 869/738/1517 868/735/1517
f 874/736/1518 873/738/1518 872/735/1518
f 878/736/1519 877/738/1519 876/735/1519
f 882/736/1520 881/738/1520 880/735/1520
f 886/736/1521 885/738/1521 884/735/1521
f 888/735/1517 889/738/1517 890/736/1517
f 892/735/1522 893/738/1522 894/736/1522
f 896/735/1523 897/738/1523 898/736/1523
f 900/735/1524 901/738/1524 902/736/1524
f 906/736/1525 905/738/1525 904/735/1525
f 908/735/1525 909/738/1525 910/736/1525
f 912/735/1517 913/738/1517 914/736/1517
f 916/735/1522 917/738/1522 918/736/1522
f 920/735/1526 921/738/1526 922/736/1526
f 924/735/1527 925/738/1527 926/736/1527
f 928/735/1528 929/738/1528 930/736/1528
f 934/736/1528 933/738/1528 932/735/1528
f 936/735/1517 937/738/1517 938/736/1517
f 940/735/1522 941/738/1522 942/736/1522
f 944/735/1529 945/738/1529 946/736/1529
f 950/736/1529 949/738/1529 948/735/1529
f 954/736/1530 953/738/1530 952/735/1530
f 958/736/1531 957/738/1531 956/735/1531
f 959/737/1517 960/735/1517 961/738/1517
f 963/737/1522 964/735/1522 965/738/1522
f 968/735/1532 969/738/1532 970/736/1532
f 974/736/1532 973/738/1532 972/735/1532
f 976/735/1533 977/738/1533 978/736/1533
f 980/735/1534 981/738/1534 982/736/1534
f 984/735/1554 986/736/1554 983/737/1554
f 988/735/1555 990/736/1555 987/737/1555
f 992/735/1556 994/736/1556 991/737/1556
f 996/735/1557 998/736/1557 995/737/1557
f 1000/735/1558 1002/736/1558 999/737/1558
f 1004/735/1559 1006/736/1559 1003/737/1559
f 1008/735/1554 1010/736/1554 1007/737/1554
f 1012/735/1555 1014/736/1555 1011/737/1555
f 1016/735/1556 1018/736/1556 1015/737/1556
f 1020/735/1557 1022/736/1557 1019/737/1557
f 1024/735/1558 1026/736/1558 1023/737/1558
f 1028/735/1559 1030/736/1559 1027/737/1559
f 1031/748/1560 1033/749/1560 1032/750/1560
f 1036/751/1561 1038/749/1561 1035/750/1561
f 1039/751/1562 1041/752/1562 1040/753/1562
f 1046/752/1563 1044/754/1563 1043/753/1563
f 1047/754/1564 1049/755/1564 1048/756/1564
f 1054/755/1565 1052/757/1565 1051/756/1565
f 1055/757/1566 1057/758/1566 1058/759/1566
f 1062/758/1567 1060/760/1568 1059/761/1568
f 1063/760/1569 1065/762/1569 1064/763/1569
f 1068/764/1570 1070/762/1570 1067/763/1570
f 1071/764/1571 1073/765/1571 1072/766/1571
f 1078/765/1572 1076/767/1572 1075/766/1572
f 1079/767/1573 1081/768/1573 1080/769/1573
f 1086/768/1574 1084/770/1574 1083/769/1574
f 1087/770/1575 1089/771/1575 1090/772/1575
f 1094/771/1576 1092/773/1576 1091/774/1576
f 1098/775/1577 1096/749/1578 1095/776/1579
f 1099/749/1580 1101/777/1581 1100/778/1582
f 1103/778/1583 1105/779/1584 1104/752/1585
f 1107/752/1586 1109/780/1587 1108/781/1588
f 1111/781/1589 1113/782/1590 1112/755/1591
f 1118/782/1592 1116/759/1593 1115/755/1594
f 1122/783/1595 1120/758/1596 1119/759/1597
f 1123/758/1598 1125/784/1599 1124/785/1600
f 1130/784/1601 1128/762/1602 1127/785/1603
f 1131/762/1604 1133/786/1605 1132/787/1606
f 1138/786/1607 1136/765/1608 1135/787/1609
f 1139/765/1610 1141/788/1610 1140/789/1610
f 1146/788/1611 1144/768/1612 1143/789/1613
f 1147/768/1614 1149/790/1615 1148/772/1616
f 1154/790/1617 1152/771/1617 1151/772/1617
f 1158/791/1618 1156/792/1619 1155/771/1620
f 1159/732/1621 1160/734/1621 1161/733/1621
f 1162/732/1622 1163/734/1622 1164/733/1622
f 1165/732/1623 1167/733/1623 1166/734/1623
f 1168/732/1624 1170/733/1624 1169/734/1624
f 1171/732/1625 1172/734/1625 1173/733/1625
f 1174/732/1626 1175/734/1626 1176/733/1626
f 1177/732/1627 1178/734/1627 1179/733/1627
f 1180/732/1628 1181/734/1628 1182/733/1628
f 1183/732/1629 1185/733/1629 1184/734/1629
f 1186/732/1630 1188/733/1630 1187/734/1630
f 1189/732/1631 1190/734/1631 1191/733/1631
f 1192/732/1632 1194/733/1632 1193/734/1632
f 1195/732/1633 1196/734/1633 1197/733/1633
f 1198/732/1634 1200/733/1634 1199/734/1634
f 1201/732/1635 1202/734/1635 1203/733/1635
f 1204/732/1636 1206/733/1636 1205/734/1636
f 1208/734/1637 1210/793/1637 1207/732/1637
f 1212/734/1637 1214/793/1637 1211/732/1637
f 1218/793/1638 1216/734/1638 1215/732/1638
f 1220/734/1639 1222/793/1639 1219/732/1639
f 1224/734/1640 1226/793/1640 1223/732/1640
f 1228/734/1640 1230/793/1640 1227/732/1640
f 1234/793/1641 1232/734/1641 1231/732/1641
f 1238/793/1641 1236/734/1642 1235/732/1641
f 1242/793/1643 1240/734/1643 1239/732/1643
f 1246/793/1643 1244/734/1643 1243/732/1643
f 1250/793/1644 1248/734/1644 1247/732/1644
f 1254/793/1644 1252/734/1644 1251/732/1644
f 1256/734/1645 1258/793/1645 1255/732/1645
f 1262/793/1646 1260/734/1646 1259/732/1646
f 1266/793/1647 1264/734/1647 1263/732/1647
f 1268/734/1648 1270/793/1648 1267/732/1648
f 1272/734/1649 1274/793/1649 1271/732/1649
f 1276/734/1649 1278/793/1649 1275/732/1649
f 1280/734/1650 1282/793/1650 1279/732/1650
f 1286/793/1651 1284/734/1651 1283/732/1651
f 1288/734/1652 1290/793/1652 1287/732/1652
f 1294/793/1653 1292/734/1653 1291/732/1653
f 1298/793/1654 1296/734/1654 1295/732/1654
f 1300/734/1655 1302/793/1655 1299/732/1655
f 1304/735/1554 1306/736/1554 1303/737/1554
f 1308/735/1555 1310/736/1555 1307/737/1555
f 1312/735/1556 1314/736/1656 1311/737/1656
f 1316/735/1657 1318/736/1557 1315/737/1657
f 1320/735/1558 1322/736/1558 1319/737/1558
f 1324/735/1559 1326/736/1559 1323/737/1559
f 1328/735/1554 1330/736/1554 1327/737/1554
f 1334/736/1554 1332/735/1554 1331/737/1554
f 1336/735/1656 1338/736/1556 1335/737/1556
f 1340/735/1557 1342/736/1657 1339/737/1557
f 1344/735/1558 1346/736/1558 1343/737/1558
f 1348/735/1559 1350/736/1559 1347/737/1559
f 984/735/1554 985/738/1554 986/736/1554
f 988/735/1555 989/738/1555 990/736/1555
f 992/735/1556 993/738/1556 994/736/1556
f 996/735/1557 997/738/1557 998/736/1557
f 1000/735/1558 1001/738/1558 1002/736/1558
f 1004/735/1559 1005/738/1559 1006/736/1559
f 1008/735/1554 1009/738/1554 1010/736/1554
f 1012/735/1555 1013/738/1555 1014/736/1555
f 1016/735/1556 1017/738/1556 1018/736/1556
f 1020/735/1557 1021/738/1557 1022/736/1557
f 1024/735/1558 1025/738/1558 1026/736/1558
f 1028/735/1559 1029/738/1559 1030/736/1559
f 1031/748/1560 1034/776/1560 1033/749/1560
f 1036/751/1561 1037/778/1561 1038/749/1561
f 1039/751/1562 1042/778/1562 1041/752/1562
f 1046/752/1563 1045/781/1563 1044/754/1563
f 1047/754/1564 1050/781/1564 1049/755/1564
f 1054/755/1565 1053/759/1565 1052/757/1565
f 1055/757/1566 1056/761/1566 1057/758/1566
f 1062/758/1567 1061/785/1567 1060/760/1568
f 1063/760/1569 1066/785/1569 1065/762/1569
f 1068/764/1570 1069/787/1570 1070/762/1570
f 1071/764/1571 1074/787/1571 1073/765/1571
f 1078/765/1572 1077/789/1572 1076/767/1572
f 1079/767/1573 1082/789/1573 1081/768/1573
f 1086/768/1574 1085/772/1658 1084/770/1574
f 1087/770/1575 1088/774/1575 1089/771/1575
f 1094/771/1576 1093/792/1576 1092/773/1576
f 1098/775/1577 1097/794/1659 1096/749/1578
f 1099/749/1580 1102/794/1660 1101/777/1581
f 1103/778/1583 1106/777/1661 1105/779/1584
f 1107/752/1586 1110/779/1662 1109/780/1587
f 1111/781/1589 1114/780/1663 1113/782/1590
f 1118/782/1592 1117/783/1664 1116/759/1593
f 1122/783/1595 1121/795/1665 1120/758/1596
f 1123/758/1598 1126/795/1666 1125/784/1599
f 1130/784/1601 1129/796/1667 1128/762/1602
f 1131/762/1604 1134/796/1668 1133/786/1605
f 1138/786/1607 1137/797/1669 1136/765/1608
f 1139/765/1670 1142/797/1670 1141/788/1670
f 1146/788/1611 1145/798/1671 1144/768/1612
f 1147/768/1614 1150/798/1672 1149/790/1615
f 1154/790/1673 1153/791/1673 1152/771/1673
f 1158/791/1618 1157/799/1674 1156/792/1619
f 1208/734/1637 1209/800/1637 1210/793/1637
f 1212/734/1637 1213/800/1637 1214/793/1637
f 1218/793/1638 1217/800/1638 1216/734/1638
f 1220/734/1639 1221/800/1639 1222/793/1639
f 1224/734/1640 1225/800/1640 1226/793/1640
f 1228/734/1640 1229/800/1640 1230/793/1640
f 1234/793/1641 1233/800/1641 1232/734/1641
f 1238/793/1641 1237/800/1642 1236/734/1642
f 1242/793/1643 1241/800/1643 1240/734/1643
f 1246/793/1643 1245/800/1643 1244/734/1643
f 1250/793/1644 1249/800/1644 1248/734/1644
f 1254/793/1644 1253/800/1644 1252/734/1644
f 1256/734/1645 1257/800/1645 1258/793/1645
f 1262/793/1646 1261/800/1646 1260/734/1646
f 1266/793/1647 1265/800/1647 1264/734/1647
f 1268/734/1648 1269/800/1648 1270/793/1648
f 1272/734/1649 1273/800/1649 1274/793/1649
f 1276/734/1649 1277/800/1649 1278/793/1649
f 1280/734/1650 1281/800/1650 1282/793/1650
f 1286/793/1651 1285/800/1651 1284/734/1651
f 1288/734/1652 1289/800/1652 1290/793/1652
f 1294/793/1653 1293/800/1653 1292/734/1653
f 1298/793/1654 1297/800/1654 1296/734/1654
f 1300/734/1655 1301/800/1655 1302/793/1655
f 1304/735/1554 1305/738/1554 1306/736/1554
f 1308/735/1555 1309/738/1555 1310/736/1555
f 1312/735/1556 1313/738/1556 1314/736/1656
f 1316/735/1657 1317/738/1557 1318/736/1557
f 1320/735/1558 1321/738/1558 1322/736/1558
f 1324/735/1559 1325/738/1559 1326/736/1559
f 1328/735/1554 1329/738/1554 1330/736/1554
f 1334/736/1554 1333/738/1554 1332/735/1554
f 1336/735/1656 1337/738/1656 1338/736/1556
f 1340/735/1557 1341/738/1657 1342/736/1657
f 1344/735/1558 1345/738/1558 1346/736/1558
f 1348/735/1559 1349/738/1559 1350/736/1559
