# Blender 5.1.2
# www.blender.org
o st_isle_03_stone
v 0.000000 -7.785921 0.000000
v 4.309869 -0.869215 1.418521
v -0.346992 -0.732154 4.367890
v -5.554558 -1.313103 1.505634
v -2.493816 -1.585485 -3.578165
v 2.874475 -0.819440 -3.254803
v 2.657773 0.071335 3.813409
v -3.358249 0.057227 3.802586
v -4.642160 -0.104049 -1.527890
v 0.375681 0.008261 -4.729029
v 4.691964 0.060621 -1.271816
v 0.000000 -0.009108 0.000000
v -0.323825 -0.971003 4.076293
v -0.292295 -1.761502 3.679384
v -0.251951 -1.878558 3.171576
v -0.203953 -2.343561 2.567360
v -0.151174 -5.859403 1.902937
v -0.097431 -10.624488 1.226452
v -0.046262 -10.859887 0.582325
v 0.574588 -11.965327 0.189117
v 1.210164 -12.493234 0.398303
v 1.877663 -6.360920 0.618000
v 2.533262 -3.603660 0.833777
v 3.129447 -2.472294 1.030004
v 3.630513 -2.247542 1.194921
v 4.022149 -1.423021 1.323819
v 3.606766 -1.008111 1.717856
v 3.407089 -0.782106 2.309278
v 3.035870 -0.822464 2.946488
v 2.527730 -0.544137 3.626737
v 1.547417 -0.596541 3.533357
v 0.905271 -1.328047 3.920907
v 0.279828 -0.999169 4.544433
v 3.297940 -1.017484 -2.914360
v 3.351172 -1.245090 -2.209944
v 3.971266 -1.028687 -1.811617
v 4.462310 -1.405553 -1.209566
v 4.860443 -1.298368 -0.494654
v 4.408538 -1.164047 0.236478
v 4.176316 -1.203257 0.821947
v 0.383223 -6.298039 -0.433927
v 0.807122 -4.970548 -0.913915
v 1.252308 -4.156971 -1.418005
v 1.689563 -3.393203 -1.913112
v 2.087193 -3.021441 -2.363350
v 2.421381 -1.993249 -2.741755
v 2.682579 -1.101600 -3.037514
v -5.183743 -1.903654 1.405119
v -4.679016 -1.844354 1.268307
v -4.033245 -2.184732 1.093262
v -3.264880 -2.651292 0.884987
v -2.419947 -3.176239 0.655957
v -1.559672 -5.860008 0.422769
v -0.740532 -8.888885 0.200731
v -0.914696 -0.851812 4.132648
v -1.743508 -1.009723 4.424726
v -2.620685 -1.229630 4.304626
v -3.193873 -1.675591 3.616485
v -4.457385 -1.106303 3.577885
v -5.026935 -1.057578 2.876341
v -5.431374 -1.157827 2.183111
v -2.327330 -2.119298 -3.339287
v -2.100723 -2.504463 -3.014144
v -1.810791 -2.663238 -2.598146
v -1.465818 -3.850347 -2.103174
v -1.086473 -4.377813 -1.558881
v -0.700237 -5.453316 -1.004706
v -0.332475 -6.283629 -0.477036
v -5.699201 -1.475777 0.845171
v -5.529685 -1.100165 0.053570
v -4.809278 -1.255738 -0.711969
v -4.414948 -1.338892 -1.453126
v -4.298451 -1.078506 -2.317775
v -3.732065 -1.174591 -2.932741
v -3.363809 -1.351427 -3.630936
v -1.992949 -1.526310 -3.943813
v -1.258809 -1.326815 -4.033686
v -0.459312 -1.081949 -3.920645
v 0.357343 -0.718867 -4.497567
v 1.137687 -1.080601 -4.095887
v 1.927779 -1.268119 -4.034696
v 2.437447 -0.938999 -3.586651
v 5.198343 0.161123 -1.035029
v 5.527705 0.108504 -0.698180
v 5.392381 -0.031861 -0.283873
v 5.052022 -0.000006 0.110616
v 5.110374 -0.125218 0.497373
v 4.700603 -0.368010 0.816328
v 4.377177 -0.688765 1.098360
v 3.166379 -0.669812 -3.102791
v 3.760979 -0.418391 -3.176545
v 3.891915 -0.137951 -2.816397
v 4.017181 0.130130 -2.470122
v 4.531246 0.073623 -2.340668
v 4.479384 0.033704 -1.913756
v 4.533896 0.065543 -1.567511
v 2.256422 0.002519 3.876219
v 1.899954 0.036394 4.015600
v 1.511348 0.099413 4.089270
v 1.202104 -0.000006 4.434781
v 0.809223 -0.117260 4.566554
v 0.426085 -0.363649 4.858618
v 0.011065 -0.543559 4.948827
v 4.180927 -0.534842 1.723762
v 3.852259 -0.336946 1.947268
v 3.750498 -0.131142 2.290239
v 4.039731 -0.147829 2.949979
v 3.723340 -0.066143 3.229831
v 3.413256 -0.029821 3.503689
v 3.157871 0.009339 3.830542
v -4.220063 0.077891 4.135316
v -4.948721 0.141245 4.179716
v -5.447130 0.147686 3.941834
v -5.810061 -0.000006 3.572548
v -5.874386 -0.123134 3.034486
v -6.015021 -0.377531 2.569836
v -5.552324 -0.751355 1.919615
v -0.700842 -0.593907 4.341893
v -1.135082 -0.268246 4.580378
v -1.696454 -0.095876 5.004140
v -2.168648 -0.096795 4.980674
v -2.621814 -0.078457 4.877977
v -3.118785 -0.021120 4.829891
v -3.196662 -0.006628 4.202087
v -4.451492 -0.220115 -1.835315
v -4.769859 -0.073172 -2.411101
v -5.013772 0.008888 -3.061654
v -4.536293 0.000000 -3.312589
v -4.118072 -0.117832 -3.572244
v -3.828042 -0.414056 -3.929459
v -3.180352 -0.934241 -3.857813
v -6.093836 -0.880990 1.213325
v -6.275566 -0.493372 0.792638
v -6.503152 -0.129343 0.342349
v -6.225625 0.392579 -0.136314
v -5.951550 0.222272 -0.579239
v -5.267354 0.121699 -0.914751
v -4.983856 -0.047724 -1.250593
v 0.789531 -0.023628 -4.891309
v 1.198825 -0.046338 -4.837591
v 1.526669 -0.047058 -4.503311
v 2.043936 -0.000006 -4.694262
v 2.373669 -0.140146 -4.416294
v 2.571679 -0.341187 -3.982616
v 2.871491 -0.523628 -3.774647
v -2.305073 -0.953832 -3.959798
v -2.100144 -0.409909 -4.438715
v -1.714140 -0.128084 -4.637963
v -1.252789 -0.007585 -4.621770
v -0.799446 -0.015306 -4.511376
v -0.396942 -0.028925 -4.526352
v -0.010704 0.030646 -4.786399
v 5.002273 0.048823 -0.741816
v 4.429737 -0.062953 -0.042914
v 4.275003 -0.080141 0.632875
v 4.098924 -0.119449 1.349109
v 3.300890 -0.050308 1.779877
v 3.445132 0.019090 2.707262
v 3.089547 0.021631 3.334894
v 1.845523 0.042179 3.652078
v 1.157930 0.027880 3.710426
v 0.485124 0.186351 4.140956
v -0.330058 -0.004262 4.154103
v -1.139781 -0.140707 4.103425
v -2.008219 -0.014630 4.203042
v -2.913681 0.025520 4.287417
v -4.380182 0.089529 3.870733
v -4.949385 0.101591 3.263895
v -5.266365 0.156497 2.402416
v -5.282687 0.027517 1.431939
v -5.568610 0.073161 0.566721
v -5.289567 0.096124 -0.283733
v -4.692130 0.010235 -0.923465
v -4.248276 -0.129008 -2.023396
v -4.148183 0.137896 -2.811582
v -3.456894 0.111100 -3.355119
v -2.371801 0.030921 -3.403005
v -1.743365 0.004026 -3.980786
v -0.914132 -0.040645 -3.959271
v -0.259334 -0.030811 -4.211596
v 1.000293 -0.022027 -4.519361
v 1.579144 -0.112469 -4.007584
v 2.175588 -0.039177 -3.573522
v 2.733776 0.034084 -3.095509
v 3.388416 0.022275 -2.719835
v 3.694942 0.143798 -2.114194
v 4.078368 0.071016 -1.639275
v 0.354332 0.003014 0.508397
v 0.746271 0.106414 1.070765
v 1.157898 -0.015059 1.661371
v 1.562187 -0.048175 2.241447
v 1.929838 -0.010560 2.768959
v 2.238833 0.007458 3.212311
v 2.480341 0.076511 3.558830
v 4.378734 0.048802 -1.186911
v 3.952387 -0.002200 -1.071345
v 3.406902 -0.157218 -0.923484
v 2.757861 -0.130669 -0.747553
v 2.044141 -0.064411 -0.554090
v 1.317464 -0.058273 -0.357115
v 0.625530 -0.033533 -0.169558
v -0.447719 0.013717 0.506959
v -0.942960 0.040414 1.067725
v -1.463072 0.020361 1.656654
v -1.973914 0.088302 2.235086
v -2.438463 0.037307 2.761104
v -2.828899 0.034111 3.203192
v -3.134057 0.076511 3.548728
v -0.618891 -0.016170 -0.203697
v -1.303471 -0.146850 -0.429016
v -2.022431 -0.120670 -0.665650
v -2.728577 -0.181643 -0.898064
v -3.370729 -0.069559 -1.109416
v -3.910429 -0.033429 -1.287048
v -4.332255 -0.088979 -1.425890
v 0.050084 -0.012133 -0.630470
v 0.105485 0.067760 -1.327857
v 0.163670 -0.004043 -2.060275
v 0.220820 -0.032290 -2.779630
v 0.272788 -0.031950 -3.433804
v 0.316463 0.012315 -3.983601
v 0.350598 -0.045716 -4.413322
v 0.660208 -0.001600 -0.747569
v 1.300982 -0.106419 -0.933186
v 0.791091 -0.046486 -1.488050
v 2.006477 -0.065813 -1.148079
v 1.437221 -0.122699 -1.627400
v 0.857685 -0.100842 -2.176664
v 2.784412 -0.253973 -1.387458
v 2.199376 -0.124801 -1.889130
v 1.544868 -0.062392 -2.347143
v 0.882564 -0.040678 -2.752480
v 3.333360 -0.113118 -1.511754
v 2.703010 -0.167855 -1.938859
v 2.184859 -0.141460 -2.473973
v 1.643632 -0.086432 -3.091694
v 0.949553 -0.063487 -3.452712
v 3.747454 0.029936 -1.587005
v 3.112972 0.002679 -1.963213
v 2.774395 -0.069184 -2.576037
v 2.263646 -0.037009 -3.153845
v 1.669963 -0.109455 -3.707013
v 0.992306 0.012897 -4.068413
v -0.572788 0.012469 -0.821822
v -0.565386 -0.023617 -1.553347
v -1.383039 -0.038395 -1.188401
v -0.496499 -0.069718 -2.150421
v -1.246917 0.000973 -1.789054
v -2.253029 -0.065637 -1.527071
v -0.435970 -0.008179 -2.737798
v -1.264121 -0.020801 -2.606311
v -2.239959 -0.042922 -2.342509
v -3.062247 -0.066303 -1.803267
v -0.377413 -0.089666 -3.296940
v -1.174689 -0.075944 -3.227365
v -1.895566 -0.071764 -2.719720
v -2.873512 -0.020235 -2.469115
v -3.603892 0.023183 -1.932008
v -0.318682 -0.105616 -3.800741
v -1.045697 -0.062067 -3.660385
v -1.835693 -0.041030 -3.389843
v -2.825922 0.056309 -3.224367
v -3.511102 0.103670 -2.632584
v -3.980134 -0.038693 -1.994595
v -1.275771 -0.085586 0.345814
v -2.175838 -0.063926 0.105555
v -1.961724 -0.018557 1.023614
v -2.872957 -0.108333 -0.154106
v -2.777258 -0.048334 0.752811
v -2.688189 0.071522 1.772737
v -3.558358 -0.079095 -0.399586
v -3.710332 0.064548 0.498899
v -3.556071 0.098346 1.485676
v -3.252487 0.120830 2.427841
v -4.024055 -0.003069 -0.605044
v -4.520692 0.136274 0.219308
v -4.221986 0.120841 1.144423
v -4.075829 0.115896 2.126741
v -3.735805 0.155914 3.012625
v -4.393860 0.022534 -0.777943
v -4.958489 0.080938 -0.052327
v -5.053594 0.116930 0.871840
v -4.707211 0.123376 1.764109
v -4.591901 0.120147 2.752248
v -4.128926 0.147532 3.510631
v -0.079708 0.039616 1.003214
v -0.579424 -0.117997 1.683152
v 0.278394 0.032549 1.527029
v -1.090732 -0.058063 2.282823
v -0.173519 -0.123007 2.183923
v 0.628913 0.012694 2.015261
v -1.671028 -0.016984 2.993043
v -0.642742 -0.081983 2.701001
v 0.226661 -0.043972 2.907164
v 0.965012 -0.060269 2.477080
v -2.212703 0.071148 3.614765
v -1.203853 -0.006171 3.497048
v -0.263785 -0.082748 3.320004
v 0.578420 -0.090376 3.172672
v 1.309054 -0.127561 2.967717
v -2.623345 0.025779 4.031860
v -1.671243 0.007607 3.974703
v -0.700032 -0.102327 3.635341
v 0.135916 0.082176 4.106143
v 0.906071 -0.029304 3.531718
v 1.606555 0.011027 3.362209
v 0.989889 -0.033445 0.325813
v 1.258582 -0.023567 0.776430
v 1.712448 -0.023078 0.159432
v 1.871174 -0.054714 1.470411
v 2.154918 0.010384 0.709265
v 2.405956 0.032879 -0.023304
v 2.212494 -0.032488 1.984414
v 2.303902 -0.148511 1.139398
v 2.755449 0.054566 0.502138
v 3.334529 -0.052921 -0.224152
v 2.546087 -0.063740 2.483782
v 2.614923 -0.199006 1.613184
v 3.275905 -0.123871 1.078232
v 3.557910 -0.057860 0.331251
v 4.085058 -0.003207 -0.424835
v 2.855857 -0.043890 2.953222
v 3.170638 -0.040018 2.254627
v 3.322037 -0.025003 1.478981
v 3.641494 -0.173778 0.810249
v 3.993388 -0.052690 0.132838
v 4.624083 -0.044946 -0.598964
v 4.286898 0.053911 -2.115042
v 3.984698 0.148170 -2.368443
v 3.559359 0.141345 -2.448767
v 3.864660 0.115368 -2.730621
v 3.792921 0.094270 -3.102433
v 3.164487 0.012237 -3.025868
v 3.918801 0.000000 -3.259932
v 3.403735 0.039963 -3.284205
v 3.085101 0.031466 -3.493312
v 2.741550 -0.001204 -3.699780
v 3.382254 -0.129316 -3.290104
v 3.213768 -0.038643 -3.638996
v 3.002100 -0.146113 -4.012163
v 2.483031 -0.004543 -3.989923
v 2.123121 -0.081042 -4.208305
v 3.108425 -0.315139 -3.519716
v 3.027959 -0.097048 -4.011640
v 2.620353 -0.063503 -4.129303
v 2.336981 -0.123244 -4.479176
v 1.872310 -0.124118 -4.504657
v 1.339386 -0.025124 -4.242933
v -0.649202 -0.063151 -4.205418
v -1.116817 -0.009009 -4.433970
v -1.448802 0.029683 -4.288126
v -1.641345 -0.025526 -4.630554
v -2.009459 -0.035387 -4.457090
v -2.211880 0.025063 -3.925151
v -2.133342 0.000000 -4.612398
v -2.417505 0.055643 -4.238624
v -2.676591 -0.045155 -3.840345
v -3.204439 0.014784 -3.779962
v -2.433024 -0.163306 -4.220176
v -2.788205 -0.000006 -4.000511
v -3.438903 -0.043016 -4.098501
v -3.861345 -0.002392 -3.825952
v -3.872457 0.176897 -3.182590
v -2.696800 -0.558646 -3.869388
v -3.406477 -0.159110 -4.097631
v -3.986957 -0.000006 -4.024469
v -4.143319 0.118409 -3.503322
v -4.492037 0.087995 -3.166686
v -4.703651 -0.004796 -2.742389
v -5.439362 0.165720 -0.633025
v -5.936804 0.311933 -0.219378
v -5.946887 0.250525 0.173234
v -6.469461 0.230120 0.268402
v -6.245839 0.080564 0.692185
v -5.949769 -0.053531 1.112577
v -6.488791 0.010549 0.771893
v -6.458347 -0.112425 1.236524
v -5.961572 -0.065494 1.615960
v -5.465125 0.097048 1.961203
v -6.467088 -0.161463 1.264171
v -6.210193 -0.061171 1.683352
v -5.911777 0.124504 2.092759
v -5.949852 0.120923 2.650127
v -5.351039 0.071912 2.925250
v -6.006635 -0.426283 1.628175
v -5.903652 -0.138567 2.064207
v -6.207698 0.170241 2.705472
v -5.820889 0.168564 3.089420
v -5.570957 0.018166 3.542109
v -4.973192 0.099792 3.743595
v -2.599358 -0.081070 4.608648
v -2.155667 -0.144765 4.733404
v -1.735963 -0.168146 4.704961
v -1.783294 -0.168333 5.049379
v -1.222651 -0.112745 4.585002
v -0.747472 -0.009301 4.257869
v -1.219005 0.000000 4.748027
v -0.786161 0.028990 4.615604
v -0.372459 0.158384 4.687959
v 0.078741 0.158428 4.846995
v -0.764352 -0.111557 4.614514
v -0.387978 -0.000006 4.883463
v 0.058204 0.160001 5.258054
v 0.501185 0.239168 4.717368
v 0.864344 0.188958 4.186882
v -0.375249 -0.379038 4.723390
v 0.033793 -0.131439 5.258101
v 0.479119 0.000000 4.965911
v 0.867462 0.241620 4.540823
v 1.223078 0.215770 4.211197
v 1.503626 0.011247 3.806069
v 3.380319 0.008602 3.059479
v 3.888100 -0.113278 2.940307
v 3.530504 -0.137428 2.283644
v 3.769694 -0.227332 2.366040
v 3.750781 -0.202730 1.975248
v 4.002748 -0.076098 1.709702
v 3.942591 -0.000006 2.032238
v 4.376122 -0.076142 1.845106
v 4.625685 -0.051100 1.522481
v 4.269194 -0.083402 1.015854
v 4.410880 -0.116891 1.838072
v 4.818590 0.000000 1.585973
v 4.633607 -0.093495 1.124717
v 4.755821 -0.080602 0.748911
v 4.709649 -0.046068 0.345410
v 4.660650 -0.313687 1.533979
v 4.641179 -0.125246 1.146530
v 4.899734 -0.000006 0.813210
v 5.102815 -0.022781 0.438455
v 4.881072 -0.001023 0.033565
v 5.144414 0.055556 -0.366232
v 0.406272 -0.038621 -5.113928
v 0.859829 -0.082879 -5.190918
v -0.032491 -0.013767 -5.056106
v 1.268095 0.000000 -4.939218
v 0.420058 0.000000 -5.287234
v -0.448189 -0.043775 -4.645321
v 1.590385 -0.131632 -4.503161
v 0.883253 -0.136372 -5.185631
v -0.055640 -0.130454 -5.026154
v -0.861659 -0.108686 -4.510440
v 2.061431 -0.458062 -4.526477
v 1.248026 -0.358649 -4.680150
v 0.403253 -0.404217 -5.075557
v -0.471314 -0.334504 -4.436187
v -1.300280 -0.385165 -4.477006
v 2.261620 -0.743870 -4.009840
v 1.547387 -0.748924 -4.193864
v 0.838660 -0.584381 -4.777334
v -0.074784 -0.718531 -4.603546
v -0.863324 -0.683958 -4.181921
v -1.711213 -0.941380 -4.331523
v -5.019984 -0.091993 -1.652253
v -4.717041 -0.186929 -1.965654
v -5.286465 0.060049 -1.305935
v -4.961481 0.000000 -2.557438
v -5.190105 0.000000 -1.708250
v -5.491205 0.186670 -0.911378
v -4.964465 -0.124652 -3.115940
v -4.708847 -0.087835 -1.985397
v -5.276498 -0.094672 -1.280771
v -5.996045 -0.123140 -0.515208
v -4.264705 -0.387079 -3.225117
v -4.802505 -0.372432 -2.529122
v -4.982318 -0.392095 -1.639874
v -5.337281 -0.408463 -0.840482
v -6.076916 -0.343063 -0.041791
v -3.803999 -0.686906 -3.442950
v -4.529815 -0.791384 -2.930040
v -4.338588 -0.715622 -1.853161
v -4.856495 -0.882332 -1.155612
v -5.582237 -0.855927 -0.409415
v -6.077485 -0.805145 0.432653
v -3.631576 0.061589 4.112084
v -4.518583 0.136670 4.395473
v -3.386015 0.002563 4.486025
v -5.147425 -0.000011 4.281997
v -3.754634 0.108080 4.251444
v -3.181815 0.001766 5.014096
v -5.509106 -0.130916 3.892537
v -4.556560 -0.128111 4.396559
v -3.375297 -0.135113 4.510934
v -2.523331 -0.106618 4.836357
v -5.610450 -0.392513 3.334774
v -4.979411 -0.448794 4.072948
v -3.604313 -0.446259 4.081251
v -3.008617 -0.465745 4.834493
v -2.025224 -0.341193 4.872573
v -5.565532 -0.820600 2.745895
v -5.162863 -0.664593 3.551961
v -4.241016 -0.871448 4.055262
v -3.103887 -0.979831 4.188792
v -2.246375 -0.685174 4.452627
v -1.444661 -0.588714 4.576434
v 2.874100 0.011847 4.123775
v 2.371094 0.077396 4.112754
v 3.363738 -0.070207 4.046208
v 1.917404 0.000000 4.145525
v 2.971518 -0.014102 4.263520
v 3.530301 -0.039325 3.563513
v 1.458379 -0.133612 4.114364
v 2.344080 -0.112525 4.109882
v 3.373148 -0.101310 4.020129
v 3.784734 -0.095139 3.200123
v 1.089801 -0.401351 4.326692
v 1.794688 -0.287051 3.980710
v 2.852564 -0.379088 4.092824
v 3.399883 -0.315551 3.368709
v 3.862558 -0.298793 2.722928
v 0.666696 -0.742951 4.318748
v 1.300699 -0.713779 3.849781
v 2.134841 -0.474793 3.788436
v 3.120649 -0.462005 3.681114
v 3.567077 -0.418280 2.931607
v 3.499065 -0.732067 2.040071
v 5.073837 0.142615 -1.375328
v 5.529431 0.176435 -1.080879
v 4.791106 0.077748 -1.675200
v 5.710952 -0.000006 -0.679362
v 5.245782 0.163036 -1.421936
v 4.632124 0.040804 -2.018793
v 5.302013 -0.091718 -0.219967
v 5.536540 -0.107668 -1.060035
v 4.762293 -0.118459 -1.685842
v 4.469755 -0.124724 -2.372301
v 4.883761 -0.419766 0.180467
v 5.481719 -0.324335 -0.607504
v 5.035770 -0.371833 -1.365009
v 4.457605 -0.430282 -1.985466
v 3.783749 -0.483560 -2.405770
v 4.743569 -0.838437 0.552051
v 4.817750 -0.723404 -0.140340
v 5.115099 -0.828822 -0.956494
v 4.364559 -0.815237 -1.566257
v 4.060211 -0.707355 -2.219593
v 3.661885 -0.814039 -2.756501
v 2.165500 -1.464337 -3.328192
v 1.833140 -1.407202 -2.994697
v 1.552547 -1.578308 -3.692418
v 1.465573 -2.661202 -2.625047
v 1.078996 -1.785872 -3.134356
v 0.780877 -1.011923 -4.055186
v 1.047043 -2.952031 -2.191390
v 0.689063 -2.254296 -2.895698
v 0.285589 -2.751579 -3.594512
v -0.127189 -1.260419 -3.842465
v 0.519326 -4.148144 -1.508586
v 0.187858 -1.923939 -2.364502
v -0.210525 -2.087030 -2.700119
v -0.572659 -2.279250 -3.141074
v -0.932251 -1.804720 -3.633747
v 0.086297 -6.334933 -1.086163
v -0.275628 -5.158516 -1.511823
v -0.683710 -2.266764 -2.190845
v -1.098415 -1.952198 -2.819503
v -1.473140 -2.405001 -3.339707
v -1.770078 -2.138983 -3.704435
v -3.190277 -1.862047 -3.299042
v -2.898339 -2.474923 -2.827401
v -3.653096 -1.719223 -2.597684
v -2.481522 -2.613039 -2.225699
v -3.480593 -2.184551 -2.147212
v -3.702687 -1.505845 -1.648433
v -2.027017 -2.609299 -1.592876
v -2.799803 -5.015676 -1.384639
v -3.528483 -2.654140 -1.161353
v -4.121898 -1.638973 -0.917126
v -1.675229 -3.420241 -1.033466
v -2.321069 -5.867472 -0.763945
v -3.089490 -6.137428 -0.563006
v -4.157878 -2.266093 -0.387102
v -4.870394 -1.527845 -0.161997
v -1.066212 -4.424437 -0.350928
v -2.001217 -4.443285 -0.186317
v -3.003387 -4.677387 0.029096
v -3.956186 -2.927513 0.265949
v -4.672313 -2.526485 0.485913
v -5.251458 -1.960684 0.680234
v -5.034933 -1.374995 2.132231
v -4.427367 -2.042068 2.007904
v -4.567329 -1.411020 2.880402
v -3.610419 -2.354478 1.799054
v -3.809394 -2.050334 2.732457
v -3.719206 -1.951769 3.453280
v -2.730317 -3.418960 1.562258
v -2.902831 -2.795007 2.493360
v -2.552582 -2.523785 2.890347
v -2.622436 -2.232252 3.653714
v -1.833491 -5.864215 1.315155
v -1.679112 -3.802233 1.901298
v -1.867425 -2.656148 2.837202
v -1.799545 -2.620679 3.384951
v -1.751123 -2.037354 3.887168
v -0.771323 -13.095528 0.873388
v -0.866132 -6.177490 1.629205
v -0.946965 -2.736261 2.403240
v -0.959305 -2.239776 2.991824
v -0.946009 -2.199307 3.439824
v -0.933667 -1.063915 3.827964
v 3.134238 -1.540374 -2.664893
v 3.237557 -1.575690 -1.940495
v 2.843063 -2.027960 -2.292706
v 3.659912 -1.519507 -1.371613
v 3.141013 -1.378256 -1.638964
v 2.380519 -2.915621 -1.776953
v 4.384583 -1.597579 -0.756421
v 3.566336 -2.126184 -0.966701
v 2.649953 -2.422673 -1.107111
v 1.820147 -4.737144 -1.200304
v 3.990438 -1.808642 0.042109
v 3.732270 -2.186140 -0.181058
v 3.266880 -3.784803 -0.439265
v 2.345970 -4.603671 -0.635899
v 1.511792 -5.240246 -0.788842
v 3.919801 -1.592382 0.694009
v 3.580864 -2.459297 0.538409
v 3.092852 -2.986170 0.347313
v 2.394447 -4.020682 0.128443
v 1.796370 -6.939982 -0.087141
v 1.077657 -7.969038 -0.292107
v 0.342501 -1.801608 4.084798
v 0.399136 -1.698114 3.486692
v 0.988541 -1.442391 3.460311
v 0.446169 -2.138482 2.801808
v 1.038317 -1.302494 2.852690
v 1.746294 -0.862092 3.224744
v 0.491689 -4.315437 2.129586
v 1.152940 -2.067494 2.377064
v 2.020195 -1.779987 2.898530
v 2.692208 -1.175938 3.071787
v 0.499752 -9.033256 1.373019
v 1.328907 -3.579901 1.906676
v 2.016425 -2.981347 2.108735
v 2.608216 -1.571113 2.241150
v 3.186955 -1.324147 2.389537
v 0.610452 -10.566413 0.875857
v 1.255353 -7.064326 1.078681
v 1.850522 -4.414371 1.254252
v 2.275709 -3.578437 1.340093
v 2.778770 -2.128786 1.489670
v 3.238040 -1.698081 1.622705
v -1.060252 0.050000 1.220392
v -2.870392 0.050000 1.689748
v -3.339748 0.050000 -0.120392
v -1.529608 0.050000 -0.589748
v -1.060252 0.490000 1.220392
v -1.529608 0.490000 -0.589748
v -3.339748 0.490000 -0.120392
v -2.870392 0.490000 1.689748
v -1.060252 0.050000 1.220392
v -1.529608 0.050000 -0.589748
v -1.529608 0.490000 -0.589748
v -1.060252 0.490000 1.220392
v -2.870392 0.050000 1.689748
v -2.870392 0.490000 1.689748
v -3.339748 0.490000 -0.120392
v -3.339748 0.050000 -0.120392
v -1.060252 0.050000 1.220392
v -1.060252 0.490000 1.220392
v -2.870392 0.490000 1.689748
v -2.870392 0.050000 1.689748
v -1.529608 0.050000 -0.589748
v -3.339748 0.050000 -0.120392
v -3.339748 0.490000 -0.120392
v -1.529608 0.490000 -0.589748
v -1.231214 0.490000 1.119833
v -2.769833 0.490000 1.518786
v -3.168786 0.490000 -0.019833
v -1.630167 0.490000 -0.418786
v -1.231214 0.710000 1.119833
v -1.630167 0.710000 -0.418786
v -3.168786 0.710000 -0.019833
v -2.769833 0.710000 1.518786
v -1.231214 0.490000 1.119833
v -1.630167 0.490000 -0.418786
v -1.630167 0.710000 -0.418786
v -1.231214 0.710000 1.119833
v -2.769833 0.490000 1.518786
v -2.769833 0.710000 1.518786
v -3.168786 0.710000 -0.019833
v -3.168786 0.490000 -0.019833
v -1.231214 0.490000 1.119833
v -1.231214 0.710000 1.119833
v -2.769833 0.710000 1.518786
v -2.769833 0.490000 1.518786
v -1.630167 0.490000 -0.418786
v -3.168786 0.490000 -0.019833
v -3.168786 0.710000 -0.019833
v -1.630167 0.710000 -0.418786
v -2.349090 0.710000 -0.024986
v -2.554970 0.710000 -0.006414
v -2.543138 2.898311 0.012133
v -2.344120 3.064810 -0.005819
v -2.554970 0.710000 -0.006414
v -2.658584 0.710000 0.172460
v -2.643298 2.929271 0.185044
v -2.543138 2.898311 0.012133
v -2.658584 0.710000 0.172460
v -2.814228 0.710000 0.308498
v -2.793754 2.640061 0.316548
v -2.643298 2.929271 0.185044
v -2.814228 0.710000 0.308498
v -2.792915 0.710000 0.514113
v -2.773151 2.729897 0.515308
v -2.793754 2.640061 0.316548
v -2.792915 0.710000 0.514113
v -2.838873 0.710000 0.715655
v -2.817577 2.625090 0.710133
v -2.773151 2.729897 0.515308
v -2.838873 0.710000 0.715655
v -2.700773 0.710000 0.869473
v -2.684080 3.002435 0.858824
v -2.817577 2.625090 0.710133
v -2.700773 0.710000 0.869473
v -2.619489 0.710000 1.059538
v -2.605507 2.784204 1.042553
v -2.684080 3.002435 0.858824
v -2.619489 0.710000 1.059538
v -2.417352 0.710000 1.102805
v -2.410107 3.147090 1.084379
v -2.605507 2.784204 1.042553
v -2.417352 0.710000 1.102805
v -2.239875 0.710000 1.208794
v -2.238546 2.697550 1.186835
v -2.410107 3.147090 1.084379
v -2.239875 0.710000 1.208794
v -2.050910 0.710000 1.124986
v -2.055880 2.801777 1.105819
v -2.238546 2.697550 1.186835
v -2.050910 0.710000 1.124986
v -1.845030 0.710000 1.106414
v -1.856862 2.591834 1.087867
v -2.055880 2.801777 1.105819
v -1.845030 0.710000 1.106414
v -1.741416 0.710000 0.927540
v -1.756702 3.030885 0.914956
v -1.856862 2.591834 1.087867
v -1.741416 0.710000 0.927540
v -1.585772 0.710000 0.791502
v -1.606246 3.235196 0.783452
v -1.756702 3.030885 0.914956
v -1.585772 0.710000 0.791502
v -1.607085 0.710000 0.585887
v -1.626849 3.110564 0.584692
v -1.606246 3.235196 0.783452
v -1.607085 0.710000 0.585887
v -1.561127 0.710000 0.384345
v -1.582423 2.947654 0.389867
v -1.626849 3.110564 0.584692
v -1.561127 0.710000 0.384345
v -1.699227 0.710000 0.230527
v -1.715920 2.954617 0.241176
v -1.582423 2.947654 0.389867
v -1.699227 0.710000 0.230527
v -1.780511 0.710000 0.040462
v -1.794493 2.885284 0.057447
v -1.715920 2.954617 0.241176
v -1.780511 0.710000 0.040462
v -1.982648 0.710000 -0.002805
v -1.989893 2.979923 0.015621
v -1.794493 2.885284 0.057447
v -1.982648 0.710000 -0.002805
v -2.160125 0.710000 -0.108794
v -2.161454 2.744249 -0.086835
v -1.989893 2.979923 0.015621
v -2.160125 0.710000 -0.108794
v -2.349090 0.710000 -0.024986
v -2.344120 3.064810 -0.005819
v -2.161454 2.744249 -0.086835
v -2.344120 3.064810 -0.005819
v -2.543138 2.898311 0.012133
v -2.200000 3.022035 0.550000
v -2.543138 2.898311 0.012133
v -2.643298 2.929271 0.185044
v -2.200000 3.022035 0.550000
v -2.643298 2.929271 0.185044
v -2.793754 2.640061 0.316548
v -2.200000 3.022035 0.550000
v -2.793754 2.640061 0.316548
v -2.773151 2.729897 0.515308
v -2.200000 3.022035 0.550000
v -2.773151 2.729897 0.515308
v -2.817577 2.625090 0.710133
v -2.200000 3.022035 0.550000
v -2.817577 2.625090 0.710133
v -2.684080 3.002435 0.858824
v -2.200000 3.022035 0.550000
v -2.684080 3.002435 0.858824
v -2.605507 2.784204 1.042553
v -2.200000 3.022035 0.550000
v -2.605507 2.784204 1.042553
v -2.410107 3.147090 1.084379
v -2.200000 3.022035 0.550000
v -2.410107 3.147090 1.084379
v -2.238546 2.697550 1.186835
v -2.200000 3.022035 0.550000
v -2.238546 2.697550 1.186835
v -2.055880 2.801777 1.105819
v -2.200000 3.022035 0.550000
v -2.055880 2.801777 1.105819
v -1.856862 2.591834 1.087867
v -2.200000 3.022035 0.550000
v -1.856862 2.591834 1.087867
v -1.756702 3.030885 0.914956
v -2.200000 3.022035 0.550000
v -1.756702 3.030885 0.914956
v -1.606246 3.235196 0.783452
v -2.200000 3.022035 0.550000
v -1.606246 3.235196 0.783452
v -1.626849 3.110564 0.584692
v -2.200000 3.022035 0.550000
v -1.626849 3.110564 0.584692
v -1.582423 2.947654 0.389867
v -2.200000 3.022035 0.550000
v -1.582423 2.947654 0.389867
v -1.715920 2.954617 0.241176
v -2.200000 3.022035 0.550000
v -1.715920 2.954617 0.241176
v -1.794493 2.885284 0.057447
v -2.200000 3.022035 0.550000
v -1.794493 2.885284 0.057447
v -1.989893 2.979923 0.015621
v -2.200000 3.022035 0.550000
v -1.989893 2.979923 0.015621
v -2.161454 2.744249 -0.086835
v -2.200000 3.022035 0.550000
v -2.161454 2.744249 -0.086835
v -2.344120 3.064810 -0.005819
v -2.200000 3.022035 0.550000
v -0.476972 0.072161 -0.974497
v -0.259948 0.062727 -0.801058
v -0.476872 0.062727 -0.529621
v -0.693895 0.072161 -0.703060
v -0.470524 0.315247 -0.969344
v -0.687448 0.315247 -0.697907
v -0.470423 0.305814 -0.524468
v -0.253500 0.305814 -0.795904
v -0.476972 0.072161 -0.974497
v -0.693895 0.072161 -0.703060
v -0.687448 0.315247 -0.697907
v -0.470524 0.315247 -0.969344
v -0.259948 0.062727 -0.801058
v -0.253500 0.305814 -0.795904
v -0.470423 0.305814 -0.524468
v -0.476872 0.062727 -0.529621
v -0.476972 0.072161 -0.974497
v -0.470524 0.315247 -0.969344
v -0.253500 0.305814 -0.795904
v -0.259948 0.062727 -0.801058
v -0.693895 0.072161 -0.703060
v -0.476872 0.062727 -0.529621
v -0.470423 0.305814 -0.524468
v -0.687448 0.315247 -0.697907
v -2.225401 0.038552 -1.541727
v -2.008677 0.096080 -1.528614
v -2.025634 0.096080 -1.248360
v -2.242360 0.038552 -1.261474
v -2.275646 0.228533 -1.544768
v -2.292604 0.228533 -1.264514
v -2.075879 0.286061 -1.251400
v -2.058922 0.286061 -1.531654
v -2.225401 0.038552 -1.541727
v -2.242360 0.038552 -1.261474
v -2.292604 0.228533 -1.264514
v -2.275646 0.228533 -1.544768
v -2.008677 0.096080 -1.528614
v -2.058922 0.286061 -1.531654
v -2.075879 0.286061 -1.251400
v -2.025634 0.096080 -1.248360
v -2.225401 0.038552 -1.541727
v -2.275646 0.228533 -1.544768
v -2.058922 0.286061 -1.531654
v -2.008677 0.096080 -1.528614
v -2.242360 0.038552 -1.261474
v -2.025634 0.096080 -1.248360
v -2.075879 0.286061 -1.251400
v -2.292604 0.228533 -1.264514
v -4.241543 0.056681 1.349247
v -3.979878 0.076876 1.366679
v -4.001735 0.076876 1.694728
v -4.263398 0.056681 1.677293
v -4.259173 0.286144 1.348071
v -4.281030 0.286144 1.676120
v -4.019366 0.306339 1.693552
v -3.997510 0.306339 1.365505
v -4.241543 0.056681 1.349247
v -4.263398 0.056681 1.677293
v -4.281030 0.286144 1.676120
v -4.259173 0.286144 1.348071
v -3.979878 0.076876 1.366679
v -3.997510 0.306339 1.365505
v -4.019366 0.306339 1.693552
v -4.001735 0.076876 1.694728
v -4.241543 0.056681 1.349247
v -4.259173 0.286144 1.348071
v -3.997510 0.306339 1.365505
v -3.979878 0.076876 1.366679
v -4.263398 0.056681 1.677293
v -4.001735 0.076876 1.694728
v -4.019366 0.306339 1.693552
v -4.281030 0.286144 1.676120
v -2.733568 0.113905 -1.195508
v -2.994510 0.033520 -1.062925
v -3.166378 0.033520 -1.401180
v -2.905435 0.113905 -1.533764
v -2.796274 0.370012 -1.163647
v -2.968142 0.370012 -1.501903
v -3.229084 0.289626 -1.369319
v -3.057218 0.289626 -1.031063
v -2.733568 0.113905 -1.195508
v -2.905435 0.113905 -1.533764
v -2.968142 0.370012 -1.501903
v -2.796274 0.370012 -1.163647
v -2.994510 0.033520 -1.062925
v -3.057218 0.289626 -1.031063
v -3.229084 0.289626 -1.369319
v -3.166378 0.033520 -1.401180
v -2.733568 0.113905 -1.195508
v -2.796274 0.370012 -1.163647
v -3.057218 0.289626 -1.031063
v -2.994510 0.033520 -1.062925
v -2.905435 0.113905 -1.533764
v -3.166378 0.033520 -1.401180
v -3.229084 0.289626 -1.369319
v -2.968142 0.370012 -1.501903
v -3.479924 0.082749 -0.765771
v -3.187954 0.055336 -0.727287
v -3.236269 0.055336 -0.360747
v -3.528238 0.082749 -0.399233
v -3.456143 0.340432 -0.762637
v -3.504457 0.340432 -0.396098
v -3.212487 0.313019 -0.357613
v -3.164173 0.313019 -0.724152
v -3.479924 0.082749 -0.765771
v -3.528238 0.082749 -0.399233
v -3.504457 0.340432 -0.396098
v -3.456143 0.340432 -0.762637
v -3.187954 0.055336 -0.727287
v -3.164173 0.313019 -0.724152
v -3.212487 0.313019 -0.357613
v -3.236269 0.055336 -0.360747
v -3.479924 0.082749 -0.765771
v -3.456143 0.340432 -0.762637
v -3.164173 0.313019 -0.724152
v -3.187954 0.055336 -0.727287
v -3.528238 0.082749 -0.399233
v -3.236269 0.055336 -0.360747
v -3.212487 0.313019 -0.357613
v -3.504457 0.340432 -0.396098
v -2.836852 0.014398 0.028627
v -3.154863 0.160026 0.235891
v -3.432356 0.160026 -0.189874
v -3.114345 0.014398 -0.397137
v -2.730099 0.346540 -0.040950
v -3.007592 0.346540 -0.466714
v -3.325603 0.492169 -0.259450
v -3.048110 0.492169 0.166314
v -2.836852 0.014398 0.028627
v -3.114345 0.014398 -0.397137
v -3.007592 0.346540 -0.466714
v -2.730099 0.346540 -0.040950
v -3.154863 0.160026 0.235891
v -3.048110 0.492169 0.166314
v -3.325603 0.492169 -0.259450
v -3.432356 0.160026 -0.189874
v -2.836852 0.014398 0.028627
v -2.730099 0.346540 -0.040950
v -3.048110 0.492169 0.166314
v -3.154863 0.160026 0.235891
v -3.114345 0.014398 -0.397137
v -3.432356 0.160026 -0.189874
v -3.325603 0.492169 -0.259450
v -3.007592 0.346540 -0.466714
v 3.173683 0.156152 1.769514
v 2.354637 0.066237 2.904452
v 1.226317 -0.056152 2.080486
v 2.045363 0.033763 0.945548
v 3.133186 0.527953 1.769745
v 2.004866 0.405564 0.945778
v 1.185819 0.315649 2.080716
v 2.314139 0.438038 2.904683
v 3.173683 0.156152 1.769514
v 2.045363 0.033763 0.945548
v 2.004866 0.405564 0.945778
v 3.133186 0.527953 1.769745
v 2.354637 0.066237 2.904452
v 2.314139 0.438038 2.904683
v 1.185819 0.315649 2.080716
v 1.226317 -0.056152 2.080486
v 3.173683 0.156152 1.769514
v 3.133186 0.527953 1.769745
v 2.314139 0.438038 2.904683
v 2.354637 0.066237 2.904452
v 2.045363 0.033763 0.945548
v 1.226317 -0.056152 2.080486
v 1.185819 0.315649 2.080716
v 2.004866 0.405564 0.945778
v 2.987133 0.512030 1.793067
v 2.290944 0.435602 2.757765
v 1.331872 0.331571 2.057393
v 2.028061 0.408000 1.092696
v 2.966885 0.697931 1.793183
v 2.007813 0.593900 1.092811
v 1.311623 0.517472 2.057508
v 2.270695 0.621503 2.757880
v 2.987133 0.512030 1.793067
v 2.028061 0.408000 1.092696
v 2.007813 0.593900 1.092811
v 2.966885 0.697931 1.793183
v 2.290944 0.435602 2.757765
v 2.270695 0.621503 2.757880
v 1.311623 0.517472 2.057508
v 1.331872 0.331571 2.057393
v 2.987133 0.512030 1.793067
v 2.966885 0.697931 1.793183
v 2.270695 0.621503 2.757880
v 2.290944 0.435602 2.757765
v 2.028061 0.408000 1.092696
v 1.331872 0.331571 2.057393
v 1.311623 0.517472 2.057508
v 2.007813 0.593900 1.092811
v 1.723085 0.562526 1.676017
v 1.609159 0.550047 1.789187
v 1.508079 1.642308 1.795635
v 1.617862 1.654334 1.686580
v 1.609159 0.550047 1.789187
v 1.635327 0.552798 1.948089
v 1.533296 1.644960 1.948759
v 1.508079 1.642308 1.795635
v 1.635327 0.552798 1.948089
v 1.609292 0.549864 2.107011
v 1.508207 1.642133 2.101902
v 1.533296 1.644960 1.948759
v 1.609292 0.549864 2.107011
v 1.723313 0.562213 2.220100
v 1.618082 1.654033 2.210878
v 1.508207 1.642133 2.101902
v 1.723313 0.562213 2.220100
v 1.795113 0.569945 2.364070
v 1.687271 1.661483 2.349613
v 1.618082 1.654033 2.210878
v 1.795113 0.569945 2.364070
v 1.953435 0.587175 2.388149
v 1.839836 1.678087 2.372816
v 1.687271 1.661483 2.349613
v 1.953435 0.587175 2.388149
v 2.095646 0.602619 2.462175
v 1.976875 1.692969 2.444151
v 1.839836 1.678087 2.372816
v 2.095646 0.602619 2.462175
v 2.237795 0.618148 2.388048
v 2.113855 1.707934 2.372718
v 1.976875 1.692969 2.444151
v 2.237795 0.618148 2.388048
v 2.396096 0.635406 2.363855
v 2.266400 1.724564 2.349406
v 2.113855 1.707934 2.372718
v 2.396096 0.635406 2.363855
v 2.467776 0.643302 2.219835
v 2.335474 1.732173 2.210623
v 2.266400 1.724564 2.349406
v 2.467776 0.643302 2.219835
v 2.581702 0.655782 2.106664
v 2.445257 1.744199 2.101568
v 2.335474 1.732173 2.210623
v 2.581702 0.655782 2.106664
v 2.555534 0.653030 1.947762
v 2.420041 1.741547 1.948443
v 2.445257 1.744199 2.101568
v 2.555534 0.653030 1.947762
v 2.581569 0.655964 1.788840
v 2.445128 1.744374 1.795301
v 2.420041 1.741547 1.948443
v 2.581569 0.655964 1.788840
v 2.467548 0.643615 1.675752
v 2.335254 1.732474 1.686324
v 2.445128 1.744374 1.795301
v 2.467548 0.643615 1.675752
v 2.395747 0.635883 1.531782
v 2.266064 1.725024 1.547590
v 2.335254 1.732474 1.686324
v 2.395747 0.635883 1.531782
v 2.237426 0.618653 1.507703
v 2.113500 1.708420 1.524386
v 2.266064 1.725024 1.547590
v 2.237426 0.618653 1.507703
v 2.095215 0.603209 1.433675
v 1.976460 1.693538 1.453051
v 2.113500 1.708420 1.524386
v 2.095215 0.603209 1.433675
v 1.953066 0.587680 1.507804
v 1.839481 1.678573 1.524483
v 1.976460 1.693538 1.453051
v 1.953066 0.587680 1.507804
v 1.794765 0.570422 1.531996
v 1.686936 1.661943 1.547796
v 1.839481 1.678573 1.524483
v 1.794765 0.570422 1.531996
v 1.723085 0.562526 1.676017
v 1.617862 1.654334 1.686580
v 1.686936 1.661943 1.547796
v 1.617862 1.654334 1.686580
v 1.508079 1.642308 1.795635
v 1.533296 1.644960 1.948759
v 1.508207 1.642133 2.101902
v 1.618082 1.654033 2.210878
v 1.687271 1.661483 2.349613
v 1.839836 1.678087 2.372816
v 1.976875 1.692969 2.444151
v 2.113855 1.707934 2.372718
v 2.266400 1.724564 2.349406
v 2.335474 1.732173 2.210623
v 2.445257 1.744199 2.101568
v 2.420041 1.741547 1.948443
v 2.445128 1.744374 1.795301
v 2.335254 1.732474 1.686324
v 2.266064 1.725024 1.547590
v 2.113500 1.708420 1.524386
v 1.976460 1.693538 1.453051
v 1.839481 1.678573 1.524483
v 1.686936 1.661943 1.547796
v 1.682650 1.661378 1.706600
v 1.610310 1.653381 1.896400
v 1.598161 1.764922 1.896469
v 1.670501 1.772919 1.706669
v 1.610310 1.653381 1.896400
v 1.642007 1.656709 2.097163
v 1.629857 1.768250 2.097232
v 1.598161 1.764922 1.896469
v 1.642007 1.656709 2.097163
v 1.769247 1.670471 2.255093
v 1.757098 1.782011 2.255162
v 1.629857 1.768250 2.097232
v 1.769247 1.670471 2.255093
v 1.957936 1.690978 2.327874
v 1.945787 1.802519 2.327943
v 1.757098 1.782011 2.255162
v 1.957936 1.690978 2.327874
v 2.157517 1.712737 2.296003
v 2.145367 1.824277 2.296072
v 1.945787 1.802519 2.327943
v 2.157517 1.712737 2.296003
v 2.314509 1.729916 2.168021
v 2.302360 1.841456 2.168090
v 2.145367 1.824277 2.296072
v 2.314509 1.729916 2.168021
v 2.386850 1.737913 1.978221
v 2.374701 1.849454 1.978290
v 2.302360 1.841456 2.168090
v 2.386850 1.737913 1.978221
v 2.355153 1.734585 1.777459
v 2.343003 1.846125 1.777528
v 2.374701 1.849454 1.978290
v 2.355153 1.734585 1.777459
v 2.227913 1.720824 1.619528
v 2.215764 1.832364 1.619597
v 2.343003 1.846125 1.777528
v 2.227913 1.720824 1.619528
v 2.039223 1.700316 1.546748
v 2.027074 1.811856 1.546817
v 2.215764 1.832364 1.619597
v 2.039223 1.700316 1.546748
v 1.839643 1.678558 1.578618
v 1.827494 1.790098 1.578687
v 2.027074 1.811856 1.546817
v 1.839643 1.678558 1.578618
v 1.682650 1.661378 1.706600
v 1.670501 1.772919 1.706669
v 1.827494 1.790098 1.578687
v 1.670501 1.772919 1.706669
v 1.598161 1.764922 1.896469
v 1.629857 1.768250 2.097232
v 1.757098 1.782011 2.255162
v 1.945787 1.802519 2.327943
v 2.145367 1.824277 2.296072
v 2.302360 1.841456 2.168090
v 2.374701 1.849454 1.978290
v 2.343003 1.846125 1.777528
v 2.215764 1.832364 1.619597
v 2.027074 1.811856 1.546817
v 1.827494 1.790098 1.578687
v 1.670249 1.772837 1.793959
v 1.556324 1.760358 1.907130
v 1.451166 2.890052 1.913600
v 1.560950 2.902078 1.804546
v 1.556324 1.760358 1.907130
v 1.582492 1.763110 2.066032
v 1.476383 2.892704 2.066725
v 1.451166 2.890052 1.913600
v 1.582492 1.763110 2.066032
v 1.556457 1.760176 2.224953
v 1.451295 2.889876 2.219867
v 1.476383 2.892704 2.066725
v 1.556457 1.760176 2.224953
v 1.670478 1.772525 2.338043
v 1.561169 2.901777 2.328844
v 1.451295 2.889876 2.219867
v 1.670478 1.772525 2.338043
v 1.742278 1.780256 2.482012
v 1.630359 2.909227 2.467578
v 1.561169 2.901777 2.328844
v 1.742278 1.780256 2.482012
v 1.900599 1.797486 2.506092
v 1.782923 2.925830 2.490782
v 1.630359 2.909227 2.467578
v 1.900599 1.797486 2.506092
v 2.042811 1.812930 2.580118
v 1.919963 2.940713 2.562117
v 1.782923 2.925830 2.490782
v 2.042811 1.812930 2.580118
v 2.184959 1.828460 2.505990
v 2.056943 2.955677 2.490684
v 1.919963 2.940713 2.562117
v 2.184959 1.828460 2.505990
v 2.343261 1.845717 2.481798
v 2.209488 2.972307 2.467372
v 2.056943 2.955677 2.490684
v 2.343261 1.845717 2.481798
v 2.414941 1.853614 2.337777
v 2.278561 2.979917 2.328588
v 2.209488 2.972307 2.467372
v 2.414941 1.853614 2.337777
v 2.528867 1.866093 2.224607
v 2.388345 2.991942 2.219533
v 2.278561 2.979917 2.328588
v 2.528867 1.866093 2.224607
v 2.502698 1.863341 2.065704
v 2.363128 2.989290 2.066409
v 2.388345 2.991942 2.219533
v 2.502698 1.863341 2.065704
v 2.528734 1.866275 1.906783
v 2.388216 2.992118 1.913267
v 2.363128 2.989290 2.066409
v 2.528734 1.866275 1.906783
v 2.414712 1.853926 1.793694
v 2.278342 2.980218 1.804290
v 2.388216 2.992118 1.913267
v 2.414712 1.853926 1.793694
v 2.342912 1.846195 1.649724
v 2.209152 2.972767 1.665555
v 2.278342 2.980218 1.804290
v 2.342912 1.846195 1.649724
v 2.184591 1.828965 1.625645
v 2.056587 2.956164 1.642352
v 2.209152 2.972767 1.665555
v 2.184591 1.828965 1.625645
v 2.042380 1.813521 1.551618
v 1.919548 2.941282 1.571017
v 2.056587 2.956164 1.642352
v 2.042380 1.813521 1.551618
v 1.900231 1.797992 1.625746
v 1.782568 2.926317 1.642449
v 1.919548 2.941282 1.571017
v 1.900231 1.797992 1.625746
v 1.741930 1.780734 1.649938
v 1.630023 2.909687 1.665762
v 1.782568 2.926317 1.642449
v 1.741930 1.780734 1.649938
v 1.670249 1.772837 1.793959
v 1.560950 2.902078 1.804546
v 1.630023 2.909687 1.665762
v 1.560950 2.902078 1.804546
v 1.451166 2.890052 1.913600
v 1.476383 2.892704 2.066725
v 1.451295 2.889876 2.219867
v 1.561169 2.901777 2.328844
v 1.630359 2.909227 2.467578
v 1.782923 2.925830 2.490782
v 1.919963 2.940713 2.562117
v 2.056943 2.955677 2.490684
v 2.209488 2.972307 2.467372
v 2.278561 2.979917 2.328588
v 2.388345 2.991942 2.219533
v 2.363128 2.989290 2.066409
v 2.388216 2.992118 1.913267
v 2.278342 2.980218 1.804290
v 2.209152 2.972767 1.665555
v 2.056587 2.956164 1.642352
v 1.919548 2.941282 1.571017
v 1.782568 2.926317 1.642449
v 1.630023 2.909687 1.665762
v 1.586699 2.904906 1.765967
v 1.514359 2.896909 1.955768
v 1.502210 3.008449 1.955837
v 1.574550 3.016446 1.766036
v 1.514359 2.896909 1.955768
v 1.546055 2.900237 2.156530
v 1.533906 3.011777 2.156599
v 1.502210 3.008449 1.955837
v 1.546055 2.900237 2.156530
v 1.673296 2.913999 2.314460
v 1.661146 3.025539 2.314529
v 1.533906 3.011777 2.156599
v 1.673296 2.913999 2.314460
v 1.861985 2.934506 2.387241
v 1.849836 3.046046 2.387310
v 1.661146 3.025539 2.314529
v 1.861985 2.934506 2.387241
v 2.061565 2.956264 2.355370
v 2.049416 3.067805 2.355439
v 1.849836 3.046046 2.387310
v 2.061565 2.956264 2.355370
v 2.218558 2.973444 2.227388
v 2.206409 3.084984 2.227457
v 2.049416 3.067805 2.355439
v 2.218558 2.973444 2.227388
v 2.290898 2.981441 2.037588
v 2.278749 3.092981 2.037657
v 2.206409 3.084984 2.227457
v 2.290898 2.981441 2.037588
v 2.259202 2.978113 1.836825
v 2.247053 3.089653 1.836894
v 2.278749 3.092981 2.037657
v 2.259202 2.978113 1.836825
v 2.131962 2.964351 1.678895
v 2.119812 3.075891 1.678964
v 2.247053 3.089653 1.836894
v 2.131962 2.964351 1.678895
v 1.943272 2.943844 1.606114
v 1.931123 3.055384 1.606183
v 2.119812 3.075891 1.678964
v 1.943272 2.943844 1.606114
v 1.743693 2.922085 1.637985
v 1.731543 3.033625 1.638054
v 1.931123 3.055384 1.606183
v 1.743693 2.922085 1.637985
v 1.586699 2.904906 1.765967
v 1.574550 3.016446 1.766036
v 1.731543 3.033625 1.638054
v 1.574550 3.016446 1.766036
v 1.502210 3.008449 1.955837
v 1.533906 3.011777 2.156599
v 1.661146 3.025539 2.314529
v 1.849836 3.046046 2.387310
v 2.049416 3.067805 2.355439
v 2.206409 3.084984 2.227457
v 2.278749 3.092981 2.037657
v 2.247053 3.089653 1.836894
v 2.119812 3.075891 1.678964
v 1.931123 3.055384 1.606183
v 1.731543 3.033625 1.638054
v 1.573232 3.016321 1.735515
v 1.459306 3.003842 1.848685
v 1.340646 4.257502 1.855233
v 1.450429 4.269527 1.746178
v 1.459306 3.003842 1.848685
v 1.485474 3.006594 2.007588
v 1.365863 4.260154 2.008357
v 1.340646 4.257502 1.855233
v 1.485474 3.006594 2.007588
v 1.459439 3.003660 2.166509
v 1.340774 4.257326 2.161500
v 1.365863 4.260154 2.008357
v 1.459439 3.003660 2.166509
v 1.573460 3.016009 2.279599
v 1.450649 4.269227 2.270477
v 1.340774 4.257326 2.161500
v 1.573460 3.016009 2.279599
v 1.645260 3.023741 2.423568
v 1.519839 4.276677 2.409211
v 1.450649 4.269227 2.270477
v 1.645260 3.023741 2.423568
v 1.803582 3.040971 2.447648
v 1.672403 4.293280 2.432415
v 1.519839 4.276677 2.409211
v 1.803582 3.040971 2.447648
v 1.945793 3.056415 2.521674
v 1.809443 4.308163 2.503749
v 1.672403 4.293280 2.432415
v 1.945793 3.056415 2.521674
v 2.087942 3.071944 2.447546
v 1.946423 4.323127 2.432317
v 1.809443 4.308163 2.503749
v 2.087942 3.071944 2.447546
v 2.246243 3.089202 2.423354
v 2.098967 4.339757 2.409005
v 1.946423 4.323127 2.432317
v 2.246243 3.089202 2.423354
v 2.317923 3.097098 2.279333
v 2.168041 4.347367 2.270221
v 2.098967 4.339757 2.409005
v 2.317923 3.097098 2.279333
v 2.431849 3.109578 2.166162
v 2.277824 4.359392 2.161166
v 2.168041 4.347367 2.270221
v 2.431849 3.109578 2.166162
v 2.405682 3.106826 2.007261
v 2.252608 4.356740 2.008041
v 2.277824 4.359392 2.161166
v 2.405682 3.106826 2.007261
v 2.431716 3.109760 1.848339
v 2.277696 4.359568 1.854899
v 2.252608 4.356740 2.008041
v 2.431716 3.109760 1.848339
v 2.317696 3.097410 1.735250
v 2.167821 4.347668 1.745923
v 2.277696 4.359568 1.854899
v 2.317696 3.097410 1.735250
v 2.245894 3.089679 1.591280
v 2.098631 4.340217 1.607188
v 2.167821 4.347668 1.745923
v 2.245894 3.089679 1.591280
v 2.087573 3.072449 1.567201
v 1.946067 4.323614 1.583985
v 2.098631 4.340217 1.607188
v 2.087573 3.072449 1.567201
v 1.945362 3.057005 1.493174
v 1.809028 4.308732 1.512650
v 1.946067 4.323614 1.583985
v 1.945362 3.057005 1.493174
v 1.803214 3.041476 1.567302
v 1.672048 4.293767 1.584082
v 1.809028 4.308732 1.512650
v 1.803214 3.041476 1.567302
v 1.644912 3.024218 1.591494
v 1.519503 4.277137 1.607395
v 1.672048 4.293767 1.584082
v 1.644912 3.024218 1.591494
v 1.573232 3.016321 1.735515
v 1.450429 4.269527 1.746178
v 1.519503 4.277137 1.607395
v 1.450429 4.269527 1.746178
v 1.340646 4.257502 1.855233
v 1.365863 4.260154 2.008357
v 1.340774 4.257326 2.161500
v 1.450649 4.269227 2.270477
v 1.519839 4.276677 2.409211
v 1.672403 4.293280 2.432415
v 1.809443 4.308163 2.503749
v 1.946423 4.323127 2.432317
v 2.098967 4.339757 2.409005
v 2.168041 4.347367 2.270221
v 2.277824 4.359392 2.161166
v 2.252608 4.356740 2.008041
v 2.277696 4.359568 1.854899
v 2.167821 4.347668 1.745923
v 2.098631 4.340217 1.607188
v 1.946067 4.323614 1.583985
v 1.809028 4.308732 1.512650
v 1.672048 4.293767 1.584082
v 1.519503 4.277137 1.607395
v 1.457194 4.270269 1.737205
v 1.384854 4.262273 1.927006
v 1.372705 4.373813 1.927075
v 1.445045 4.381809 1.737274
v 1.384854 4.262273 1.927006
v 1.416551 4.265601 2.127769
v 1.404401 4.377141 2.127838
v 1.372705 4.373813 1.927075
v 1.416551 4.265601 2.127769
v 1.543791 4.279362 2.285699
v 1.531641 4.390902 2.285768
v 1.404401 4.377141 2.127838
v 1.543791 4.279362 2.285699
v 1.732480 4.299870 2.358479
v 1.720331 4.411409 2.358549
v 1.531641 4.390902 2.285768
v 1.732480 4.299870 2.358479
v 1.932060 4.321628 2.326608
v 1.919911 4.433168 2.326677
v 1.720331 4.411409 2.358549
v 1.932060 4.321628 2.326608
v 2.089053 4.338808 2.198627
v 2.076904 4.450347 2.198696
v 1.919911 4.433168 2.326677
v 2.089053 4.338808 2.198627
v 2.161393 4.346805 2.008826
v 2.149244 4.458344 2.008895
v 2.076904 4.450347 2.198696
v 2.161393 4.346805 2.008826
v 2.129696 4.343476 1.808064
v 2.117547 4.455016 1.808133
v 2.149244 4.458344 2.008895
v 2.129696 4.343476 1.808064
v 2.002457 4.329715 1.650133
v 1.990308 4.441255 1.650203
v 2.117547 4.455016 1.808133
v 2.002457 4.329715 1.650133
v 1.813767 4.309207 1.577353
v 1.801618 4.420747 1.577422
v 1.990308 4.441255 1.650203
v 1.813767 4.309207 1.577353
v 1.614187 4.287449 1.609223
v 1.602038 4.398989 1.609292
v 1.801618 4.420747 1.577422
v 1.614187 4.287449 1.609223
v 1.457194 4.270269 1.737205
v 1.445045 4.381809 1.737274
v 1.602038 4.398989 1.609292
v 1.445045 4.381809 1.737274
v 1.372705 4.373813 1.927075
v 1.404401 4.377141 2.127838
v 1.531641 4.390902 2.285768
v 1.720331 4.411409 2.358549
v 1.919911 4.433168 2.326677
v 2.076904 4.450347 2.198696
v 2.149244 4.458344 2.008895
v 2.117547 4.455016 1.808133
v 1.990308 4.441255 1.650203
v 1.801618 4.420747 1.577422
v 1.602038 4.398989 1.609292
v 1.234485 4.358895 1.704160
v 1.120559 4.346416 1.817330
v 0.998815 5.628390 1.823896
v 1.108598 5.640415 1.714841
v 1.120559 4.346416 1.817330
v 1.146726 4.349168 1.976233
v 1.024031 5.631042 1.977021
v 0.998815 5.628390 1.823896
v 1.146726 4.349168 1.976233
v 1.120692 4.346234 2.135154
v 0.998943 5.628214 2.130162
v 1.024031 5.631042 1.977021
v 1.120692 4.346234 2.135154
v 1.234712 4.358583 2.248243
v 1.108818 5.640114 2.239139
v 0.998943 5.628214 2.130162
v 1.234712 4.358583 2.248243
v 1.306513 4.366315 2.392213
v 1.178007 5.647565 2.377873
v 1.108818 5.640114 2.239139
v 1.306513 4.366315 2.392213
v 1.464834 4.383544 2.416292
v 1.330572 5.664168 2.401077
v 1.178007 5.647565 2.377873
v 1.464834 4.383544 2.416292
v 1.607046 4.398989 2.490319
v 1.467611 5.679051 2.472412
v 1.330572 5.664168 2.401077
v 1.607046 4.398989 2.490319
v 1.749194 4.414518 2.416191
v 1.604591 5.694015 2.400980
v 1.467611 5.679051 2.472412
v 1.749194 4.414518 2.416191
v 1.907496 4.431775 2.391999
v 1.757136 5.710645 2.377667
v 1.604591 5.694015 2.400980
v 1.907496 4.431775 2.391999
v 1.979176 4.439672 2.247978
v 1.826210 5.718255 2.238883
v 1.757136 5.710645 2.377667
v 1.979176 4.439672 2.247978
v 2.093102 4.452151 2.134808
v 1.935993 5.730280 2.129828
v 1.826210 5.718255 2.238883
v 2.093102 4.452151 2.134808
v 2.066934 4.449399 1.975905
v 1.910777 5.727628 1.976704
v 1.935993 5.730280 2.129828
v 2.066934 4.449399 1.975905
v 2.092969 4.452333 1.816984
v 1.935865 5.730456 1.823562
v 1.910777 5.727628 1.976704
v 2.092969 4.452333 1.816984
v 1.978948 4.439984 1.703895
v 1.825990 5.718555 1.714585
v 1.935865 5.730456 1.823562
v 1.978948 4.439984 1.703895
v 1.907147 4.432253 1.559925
v 1.756800 5.711105 1.575851
v 1.825990 5.718555 1.714585
v 1.907147 4.432253 1.559925
v 1.748825 4.415023 1.535846
v 1.604236 5.694501 1.552647
v 1.756800 5.711105 1.575851
v 1.748825 4.415023 1.535846
v 1.606615 4.399579 1.461820
v 1.467197 5.679619 1.481312
v 1.604236 5.694501 1.552647
v 1.606615 4.399579 1.461820
v 1.464466 4.384049 1.535947
v 1.330217 5.664655 1.552744
v 1.467197 5.679619 1.481312
v 1.464466 4.384049 1.535947
v 1.306165 4.366792 1.560140
v 1.177672 5.648025 1.576057
v 1.330217 5.664655 1.552744
v 1.306165 4.366792 1.560140
v 1.234485 4.358895 1.704160
v 1.108598 5.640415 1.714841
v 1.177672 5.648025 1.576057
v 1.108598 5.640415 1.714841
v 0.998815 5.628390 1.823896
v 1.024031 5.631042 1.977021
v 0.998943 5.628214 2.130162
v 1.108818 5.640114 2.239139
v 1.178007 5.647565 2.377873
v 1.330572 5.664168 2.401077
v 1.467611 5.679051 2.472412
v 1.604591 5.694015 2.400980
v 1.757136 5.710645 2.377667
v 1.826210 5.718255 2.238883
v 1.935993 5.730280 2.129828
v 1.910777 5.727628 1.976704
v 1.935865 5.730456 1.823562
v 1.825990 5.718555 1.714585
v 1.756800 5.711105 1.575851
v 1.604236 5.694501 1.552647
v 1.467197 5.679619 1.481312
v 1.330217 5.664655 1.552744
v 1.177672 5.648025 1.576057
v 1.210490 5.651509 1.721968
v 1.138150 5.643512 1.911768
v 1.126001 5.755052 1.911837
v 1.198341 5.763049 1.722037
v 1.138150 5.643512 1.911768
v 1.169847 5.646841 2.112531
v 1.157697 5.758381 2.112600
v 1.126001 5.755052 1.911837
v 1.169847 5.646841 2.112531
v 1.297087 5.660602 2.270461
v 1.284938 5.772142 2.270530
v 1.157697 5.758381 2.112600
v 1.297087 5.660602 2.270461
v 1.485776 5.681109 2.343242
v 1.473627 5.792650 2.343311
v 1.284938 5.772142 2.270530
v 1.485776 5.681109 2.343242
v 1.685357 5.702868 2.311371
v 1.673207 5.814408 2.311440
v 1.473627 5.792650 2.343311
v 1.685357 5.702868 2.311371
v 1.842349 5.720047 2.183389
v 1.830200 5.831587 2.183458
v 1.673207 5.814408 2.311440
v 1.842349 5.720047 2.183389
v 1.914690 5.728044 1.993589
v 1.902540 5.839584 1.993658
v 1.830200 5.831587 2.183458
v 1.914690 5.728044 1.993589
v 1.882993 5.724716 1.792826
v 1.870844 5.836256 1.792895
v 1.902540 5.839584 1.993658
v 1.882993 5.724716 1.792826
v 1.755753 5.710954 1.634896
v 1.743604 5.822495 1.634965
v 1.870844 5.836256 1.792895
v 1.755753 5.710954 1.634896
v 1.567063 5.690447 1.562115
v 1.554914 5.801987 1.562184
v 1.743604 5.822495 1.634965
v 1.567063 5.690447 1.562115
v 1.367483 5.668688 1.593986
v 1.355334 5.780229 1.594055
v 1.554914 5.801987 1.562184
v 1.367483 5.668688 1.593986
v 1.210490 5.651509 1.721968
v 1.198341 5.763049 1.722037
v 1.355334 5.780229 1.594055
v 1.198341 5.763049 1.722037
v 1.126001 5.755052 1.911837
v 1.157697 5.758381 2.112600
v 1.284938 5.772142 2.270530
v 1.473627 5.792650 2.343311
v 1.673207 5.814408 2.311440
v 1.830200 5.831587 2.183458
v 1.902540 5.839584 1.993658
v 1.870844 5.836256 1.792895
v 1.743604 5.822495 1.634965
v 1.554914 5.801987 1.562184
v 1.355334 5.780229 1.594055
v 1.058224 5.747770 1.749683
v 0.944298 5.735291 1.862854
v 0.806058 7.168715 1.869513
v 0.930337 7.047652 1.760375
v 0.944298 5.735291 1.862854
v 0.970466 5.738043 2.021757
v 0.838910 7.101263 2.022594
v 0.806058 7.168715 1.869513
v 0.970466 5.738043 2.021757
v 0.944431 5.735109 2.180678
v 0.817620 7.063569 2.175714
v 0.838910 7.101263 2.022594
v 0.944431 5.735109 2.180678
v 1.058452 5.747458 2.293767
v 0.954263 6.829707 2.284539
v 0.817620 7.063569 2.175714
v 1.058452 5.747458 2.293767
v 1.130252 5.755190 2.437737
v 1.014286 6.921317 2.423326
v 0.954263 6.829707 2.284539
v 1.130252 5.755190 2.437737
v 1.288574 5.772420 2.461816
v 1.141151 7.173866 2.446675
v 1.014286 6.921317 2.423326
v 1.288574 5.772420 2.461816
v 1.430785 5.787864 2.535843
v 1.270683 7.257669 2.518053
v 1.141151 7.173866 2.446675
v 1.430785 5.787864 2.535843
v 1.572934 5.803393 2.461715
v 1.393636 7.401410 2.446701
v 1.270683 7.257669 2.518053
v 1.572934 5.803393 2.461715
v 1.731235 5.820650 2.437523
v 1.547065 7.409925 2.423383
v 1.393636 7.401410 2.446701
v 1.731235 5.820650 2.437523
v 1.802915 5.828547 2.293502
v 1.619640 7.385388 2.284579
v 1.547065 7.409925 2.423383
v 1.802915 5.828547 2.293502
v 1.916841 5.841026 2.180331
v 1.744869 7.255617 2.175436
v 1.619640 7.385388 2.284579
v 1.916841 5.841026 2.180331
v 1.890673 5.838274 2.021430
v 1.729487 7.162673 2.022256
v 1.744869 7.255617 2.175436
v 1.890673 5.838274 2.021430
v 1.916708 5.841208 1.862508
v 1.740923 7.290833 1.869191
v 1.729487 7.162673 2.022256
v 1.916708 5.841208 1.862508
v 1.802688 5.828859 1.749419
v 1.624690 7.337317 1.760251
v 1.740923 7.290833 1.869191
v 1.802688 5.828859 1.749419
v 1.730886 5.821128 1.605449
v 1.573255 7.166862 1.621415
v 1.624690 7.337317 1.760251
v 1.730886 5.821128 1.605449
v 1.572565 5.803898 1.581370
v 1.419230 7.163669 1.598220
v 1.573255 7.166862 1.621415
v 1.572565 5.803898 1.581370
v 1.430354 5.788454 1.507343
v 1.299760 6.987480 1.526785
v 1.419230 7.163669 1.598220
v 1.430354 5.788454 1.507343
v 1.288205 5.772925 1.581471
v 1.148301 7.105447 1.598300
v 1.299760 6.987480 1.526785
v 1.288205 5.772925 1.581471
v 1.129904 5.755667 1.605663
v 1.002638 7.025631 1.621573
v 1.148301 7.105447 1.598300
v 1.129904 5.755667 1.605663
v 1.058224 5.747770 1.749683
v 0.930337 7.047652 1.760375
v 1.002638 7.025631 1.621573
v 0.930337 7.047652 1.760375
v 0.806058 7.168715 1.869513
v 1.268691 7.274341 2.022513
v 0.806058 7.168715 1.869513
v 0.838910 7.101263 2.022594
v 1.268691 7.274341 2.022513
v 0.838910 7.101263 2.022594
v 0.817620 7.063569 2.175714
v 1.268691 7.274341 2.022513
v 0.817620 7.063569 2.175714
v 0.954263 6.829707 2.284539
v 1.268691 7.274341 2.022513
v 0.954263 6.829707 2.284539
v 1.014286 6.921317 2.423326
v 1.268691 7.274341 2.022513
v 1.014286 6.921317 2.423326
v 1.141151 7.173866 2.446675
v 1.268691 7.274341 2.022513
v 1.141151 7.173866 2.446675
v 1.270683 7.257669 2.518053
v 1.268691 7.274341 2.022513
v 1.270683 7.257669 2.518053
v 1.393636 7.401410 2.446701
v 1.268691 7.274341 2.022513
v 1.393636 7.401410 2.446701
v 1.547065 7.409925 2.423383
v 1.268691 7.274341 2.022513
v 1.547065 7.409925 2.423383
v 1.619640 7.385388 2.284579
v 1.268691 7.274341 2.022513
v 1.619640 7.385388 2.284579
v 1.744869 7.255617 2.175436
v 1.268691 7.274341 2.022513
v 1.744869 7.255617 2.175436
v 1.729487 7.162673 2.022256
v 1.268691 7.274341 2.022513
v 1.729487 7.162673 2.022256
v 1.740923 7.290833 1.869191
v 1.268691 7.274341 2.022513
v 1.740923 7.290833 1.869191
v 1.624690 7.337317 1.760251
v 1.268691 7.274341 2.022513
v 1.624690 7.337317 1.760251
v 1.573255 7.166862 1.621415
v 1.268691 7.274341 2.022513
v 1.573255 7.166862 1.621415
v 1.419230 7.163669 1.598220
v 1.268691 7.274341 2.022513
v 1.419230 7.163669 1.598220
v 1.299760 6.987480 1.526785
v 1.268691 7.274341 2.022513
v 1.299760 6.987480 1.526785
v 1.148301 7.105447 1.598300
v 1.268691 7.274341 2.022513
v 1.148301 7.105447 1.598300
v 1.002638 7.025631 1.621573
v 1.268691 7.274341 2.022513
v 1.002638 7.025631 1.621573
v 0.930337 7.047652 1.760375
v 1.268691 7.274341 2.022513
v 0.591531 -0.151876 0.397948
v 0.451317 -0.175029 0.399166
v 0.413436 -0.062495 -2.485918
v 0.549825 -0.039974 -2.487103
v 0.451317 -0.175029 0.399166
v 0.351558 -0.073931 0.404139
v 0.316397 0.035845 -2.481081
v 0.413436 -0.062495 -2.485918
v 0.351558 -0.073931 0.404139
v 0.224549 -0.010295 0.408198
v 0.192852 0.097746 -2.477133
v 0.316397 0.035845 -2.481081
v 0.224549 -0.010295 0.408198
v 0.203326 0.130132 0.413409
v 0.172207 0.234344 -2.472064
v 0.192852 0.097746 -2.477133
v 0.203326 0.130132 0.413409
v 0.138034 0.256250 0.418757
v 0.108697 0.357022 -2.466861
v 0.172207 0.234344 -2.472064
v 0.138034 0.256250 0.418757
v 0.203453 0.382368 0.422215
v 0.172331 0.479700 -2.463497
v 0.108697 0.357022 -2.466861
v 0.203453 0.382368 0.422215
v 0.224818 0.522795 0.426811
v 0.193114 0.616297 -2.459026
v 0.172331 0.479700 -2.463497
v 0.224818 0.522795 0.426811
v 0.351891 0.586431 0.427197
v 0.316721 0.678198 -2.458652
v 0.193114 0.616297 -2.459026
v 0.351891 0.586431 0.427197
v 0.451753 0.687529 0.429284
v 0.413859 0.776539 -2.456622
v 0.316721 0.678198 -2.458652
v 0.451753 0.687529 0.429284
v 0.591943 0.664376 0.426449
v 0.550226 0.754018 -2.459379
v 0.413859 0.776539 -2.456622
v 0.591943 0.664376 0.426449
v 0.732156 0.687529 0.425231
v 0.686615 0.776539 -2.460565
v 0.550226 0.754018 -2.459379
v 0.732156 0.687529 0.425231
v 0.831915 0.586431 0.420258
v 0.783654 0.678198 -2.465401
v 0.686615 0.776539 -2.460565
v 0.831915 0.586431 0.420258
v 0.958924 0.522795 0.416199
v 0.907199 0.616297 -2.469349
v 0.783654 0.678198 -2.465401
v 0.958924 0.522795 0.416199
v 0.980147 0.382368 0.410988
v 0.927843 0.479700 -2.474418
v 0.907199 0.616297 -2.469349
v 0.980147 0.382368 0.410988
v 1.045439 0.256250 0.405640
v 0.991354 0.357022 -2.479621
v 0.927843 0.479700 -2.474418
v 1.045439 0.256250 0.405640
v 0.980020 0.130132 0.402181
v 0.927720 0.234344 -2.482986
v 0.991354 0.357022 -2.479621
v 0.980020 0.130132 0.402181
v 0.958655 -0.010295 0.397586
v 0.906937 0.097746 -2.487456
v 0.927720 0.234344 -2.482986
v 0.958655 -0.010295 0.397586
v 0.831582 -0.073931 0.397200
v 0.783330 0.035845 -2.487831
v 0.906937 0.097746 -2.487456
v 0.831582 -0.073931 0.397200
v 0.731721 -0.175029 0.395113
v 0.686192 -0.062495 -2.489861
v 0.783330 0.035845 -2.487831
v 0.731721 -0.175029 0.395113
v 0.591531 -0.151876 0.397948
v 0.549825 -0.039974 -2.487103
v 0.686192 -0.062495 -2.489861
v 0.549825 -0.039974 -2.487103
v 0.413436 -0.062495 -2.485918
v 0.377249 0.045944 -5.253746
v 0.508742 0.070425 -5.329089
v 0.413436 -0.062495 -2.485918
v 0.316397 0.035845 -2.481081
v 0.281340 0.145371 -5.359088
v 0.377249 0.045944 -5.253746
v 0.316397 0.035845 -2.481081
v 0.192852 0.097746 -2.477133
v 0.162766 0.201895 -5.251010
v 0.281340 0.145371 -5.359088
v 0.192852 0.097746 -2.477133
v 0.172207 0.234344 -2.472064
v 0.140155 0.340813 -5.422185
v 0.162766 0.201895 -5.251010
v 0.172207 0.234344 -2.472064
v 0.108697 0.357022 -2.466861
v 0.080258 0.455622 -5.290300
v 0.140155 0.340813 -5.422185
v 0.108697 0.357022 -2.466861
v 0.172331 0.479700 -2.463497
v 0.139891 0.580219 -5.440456
v 0.080258 0.455622 -5.290300
v 0.172331 0.479700 -2.463497
v 0.193114 0.616297 -2.459026
v 0.159820 0.713639 -5.454793
v 0.139891 0.580219 -5.440456
v 0.193114 0.616297 -2.459026
v 0.316721 0.678198 -2.458652
v 0.281597 0.769855 -5.341341
v 0.159820 0.713639 -5.454793
v 0.316721 0.678198 -2.458652
v 0.413859 0.776539 -2.456622
v 0.374727 0.868540 -5.428179
v 0.281597 0.769855 -5.341341
v 0.413859 0.776539 -2.456622
v 0.550226 0.754018 -2.459379
v 0.510721 0.838315 -5.192192
v 0.374727 0.868540 -5.428179
v 0.550226 0.754018 -2.459379
v 0.686615 0.776539 -2.460565
v 0.639164 0.870163 -5.478494
v 0.510721 0.838315 -5.192192
v 0.686615 0.776539 -2.460565
v 0.783654 0.678198 -2.465401
v 0.737626 0.764568 -5.196517
v 0.639164 0.870163 -5.478494
v 0.783654 0.678198 -2.465401
v 0.907199 0.616297 -2.469349
v 0.853852 0.713718 -5.467093
v 0.737626 0.764568 -5.196517
v 0.907199 0.616297 -2.469349
v 0.927843 0.479700 -2.474418
v 0.875461 0.577221 -5.365222
v 0.853852 0.713718 -5.467093
v 0.927843 0.479700 -2.474418
v 0.991354 0.357022 -2.479621
v 0.934690 0.464025 -5.543322
v 0.875461 0.577221 -5.365222
v 0.991354 0.357022 -2.479621
v 0.927720 0.234344 -2.482986
v 0.873833 0.342386 -5.477830
v 0.934690 0.464025 -5.543322
v 0.927720 0.234344 -2.482986
v 0.906937 0.097746 -2.487456
v 0.851738 0.214198 -5.613329
v 0.873833 0.342386 -5.477830
v 0.906937 0.097746 -2.487456
v 0.783330 0.035845 -2.487831
v 0.732473 0.151915 -5.553033
v 0.851738 0.214198 -5.613329
v 0.783330 0.035845 -2.487831
v 0.686192 -0.062495 -2.489861
v 0.639141 0.053715 -5.480085
v 0.732473 0.151915 -5.553033
v 0.686192 -0.062495 -2.489861
v 0.549825 -0.039974 -2.487103
v 0.508742 0.070425 -5.329089
v 0.639141 0.053715 -5.480085
v 0.508742 0.070425 -5.329089
v 0.377249 0.045944 -5.253746
v 0.506332 0.462583 -5.495795
v 0.377249 0.045944 -5.253746
v 0.281340 0.145371 -5.359088
v 0.506332 0.462583 -5.495795
v 0.281340 0.145371 -5.359088
v 0.162766 0.201895 -5.251010
v 0.506332 0.462583 -5.495795
v 0.162766 0.201895 -5.251010
v 0.140155 0.340813 -5.422185
v 0.506332 0.462583 -5.495795
v 0.140155 0.340813 -5.422185
v 0.080258 0.455622 -5.290300
v 0.506332 0.462583 -5.495795
v 0.080258 0.455622 -5.290300
v 0.139891 0.580219 -5.440456
v 0.506332 0.462583 -5.495795
v 0.139891 0.580219 -5.440456
v 0.159820 0.713639 -5.454793
v 0.506332 0.462583 -5.495795
v 0.159820 0.713639 -5.454793
v 0.281597 0.769855 -5.341341
v 0.506332 0.462583 -5.495795
v 0.281597 0.769855 -5.341341
v 0.374727 0.868540 -5.428179
v 0.506332 0.462583 -5.495795
v 0.374727 0.868540 -5.428179
v 0.510721 0.838315 -5.192192
v 0.506332 0.462583 -5.495795
v 0.510721 0.838315 -5.192192
v 0.639164 0.870163 -5.478494
v 0.506332 0.462583 -5.495795
v 0.639164 0.870163 -5.478494
v 0.737626 0.764568 -5.196517
v 0.506332 0.462583 -5.495795
v 0.737626 0.764568 -5.196517
v 0.853852 0.713718 -5.467093
v 0.506332 0.462583 -5.495795
v 0.853852 0.713718 -5.467093
v 0.875461 0.577221 -5.365222
v 0.506332 0.462583 -5.495795
v 0.875461 0.577221 -5.365222
v 0.934690 0.464025 -5.543322
v 0.506332 0.462583 -5.495795
v 0.934690 0.464025 -5.543322
v 0.873833 0.342386 -5.477830
v 0.506332 0.462583 -5.495795
v 0.873833 0.342386 -5.477830
v 0.851738 0.214198 -5.613329
v 0.506332 0.462583 -5.495795
v 0.851738 0.214198 -5.613329
v 0.732473 0.151915 -5.553033
v 0.506332 0.462583 -5.495795
v 0.732473 0.151915 -5.553033
v 0.639141 0.053715 -5.480085
v 0.506332 0.462583 -5.495795
v 0.639141 0.053715 -5.480085
v 0.508742 0.070425 -5.329089
v 0.506332 0.462583 -5.495795
v -0.213683 0.050000 -4.801233
v -0.472904 0.050000 -4.757640
v -0.516498 0.050000 -5.016861
v -0.257277 0.050000 -5.060454
v -0.213683 0.207717 -4.801233
v -0.257277 0.207717 -5.060454
v -0.516498 0.207717 -5.016861
v -0.472904 0.207717 -4.757640
v -0.213683 0.050000 -4.801233
v -0.257277 0.050000 -5.060454
v -0.257277 0.207717 -5.060454
v -0.213683 0.207717 -4.801233
v -0.472904 0.050000 -4.757640
v -0.472904 0.207717 -4.757640
v -0.516498 0.207717 -5.016861
v -0.516498 0.050000 -5.016861
v -0.213683 0.050000 -4.801233
v -0.213683 0.207717 -4.801233
v -0.472904 0.207717 -4.757640
v -0.472904 0.050000 -4.757640
v -0.257277 0.050000 -5.060454
v -0.516498 0.050000 -5.016861
v -0.516498 0.207717 -5.016861
v -0.257277 0.207717 -5.060454
v -0.017157 0.050000 -4.883289
v -0.318357 0.050000 -4.542110
v -0.659535 0.050000 -4.843310
v -0.358336 0.050000 -5.184489
v -0.017157 0.323065 -4.883289
v -0.358336 0.323065 -5.184489
v -0.659535 0.323065 -4.843310
v -0.318357 0.323065 -4.542110
v -0.017157 0.050000 -4.883289
v -0.358336 0.050000 -5.184489
v -0.358336 0.323065 -5.184489
v -0.017157 0.323065 -4.883289
v -0.318357 0.050000 -4.542110
v -0.318357 0.323065 -4.542110
v -0.659535 0.323065 -4.843310
v -0.659535 0.050000 -4.843310
v -0.017157 0.050000 -4.883289
v -0.017157 0.323065 -4.883289
v -0.318357 0.323065 -4.542110
v -0.318357 0.050000 -4.542110
v -0.358336 0.050000 -5.184489
v -0.659535 0.050000 -4.843310
v -0.659535 0.323065 -4.843310
v -0.358336 0.323065 -5.184489
v 0.042082 0.050000 -1.013132
v -0.315110 0.050000 -0.999062
v -0.329180 0.050000 -1.356254
v 0.028012 0.050000 -1.370324
v 0.042082 0.264481 -1.013132
v 0.028012 0.264481 -1.370324
v -0.329180 0.264481 -1.356254
v -0.315110 0.264481 -0.999062
v 0.042082 0.050000 -1.013132
v 0.028012 0.050000 -1.370324
v 0.028012 0.264481 -1.370324
v 0.042082 0.264481 -1.013132
v -0.315110 0.050000 -0.999062
v -0.315110 0.264481 -0.999062
v -0.329180 0.264481 -1.356254
v -0.329180 0.050000 -1.356254
v 0.042082 0.050000 -1.013132
v 0.042082 0.264481 -1.013132
v -0.315110 0.264481 -0.999062
v -0.315110 0.050000 -0.999062
v 0.028012 0.050000 -1.370324
v -0.329180 0.050000 -1.356254
v -0.329180 0.264481 -1.356254
v 0.028012 0.264481 -1.370324
v 1.254933 0.050000 -4.657845
v 1.621137 0.050000 -4.574002
v 1.537295 0.050000 -4.207798
v 1.171090 0.050000 -4.291640
v 1.254933 0.275408 -4.657845
v 1.171090 0.275408 -4.291640
v 1.537295 0.275408 -4.207798
v 1.621137 0.275408 -4.574002
v 1.254933 0.050000 -4.657845
v 1.171090 0.050000 -4.291640
v 1.171090 0.275408 -4.291640
v 1.254933 0.275408 -4.657845
v 1.621137 0.050000 -4.574002
v 1.621137 0.275408 -4.574002
v 1.537295 0.275408 -4.207798
v 1.537295 0.050000 -4.207798
v 1.254933 0.050000 -4.657845
v 1.254933 0.275408 -4.657845
v 1.621137 0.275408 -4.574002
v 1.621137 0.050000 -4.574002
v 1.171090 0.050000 -4.291640
v 1.537295 0.050000 -4.207798
v 1.537295 0.275408 -4.207798
v 1.171090 0.275408 -4.291640
v 1.614502 0.050000 -4.993313
v 1.299734 0.050000 -4.848138
v 1.154561 0.050000 -5.162907
v 1.469328 0.050000 -5.308081
v 1.614502 0.257980 -4.993313
v 1.469328 0.257980 -5.308081
v 1.154561 0.257980 -5.162907
v 1.299734 0.257980 -4.848138
v 1.614502 0.050000 -4.993313
v 1.469328 0.050000 -5.308081
v 1.469328 0.257980 -5.308081
v 1.614502 0.257980 -4.993313
v 1.299734 0.050000 -4.848138
v 1.299734 0.257980 -4.848138
v 1.154561 0.257980 -5.162907
v 1.154561 0.050000 -5.162907
v 1.614502 0.050000 -4.993313
v 1.614502 0.257980 -4.993313
v 1.299734 0.257980 -4.848138
v 1.299734 0.050000 -4.848138
v 1.469328 0.050000 -5.308081
v 1.154561 0.050000 -5.162907
v 1.154561 0.257980 -5.162907
v 1.469328 0.257980 -5.308081
v -0.776607 0.758748 -1.675402
v -0.614132 1.347072 -1.493778
v -1.125152 1.779429 -2.065028
v -1.341784 0.994998 -2.307194
v -2.079637 0.994998 -1.647138
v -1.863004 1.779429 -1.404972
v -1.351985 1.347072 -0.833722
v -1.514459 0.758748 -1.015346
v -0.776607 0.758748 -1.675402
v -1.514459 0.758748 -1.015346
v -1.351985 1.347072 -0.833722
v -0.614132 1.347072 -1.493778
v -0.614132 1.347072 -1.493778
v -1.351985 1.347072 -0.833722
v -1.863004 1.779429 -1.404972
v -1.125152 1.779429 -2.065028
v -1.125152 1.779429 -2.065028
v -1.863004 1.779429 -1.404972
v -2.079637 0.994998 -1.647138
v -1.341784 0.994998 -2.307194
v -1.341784 0.994998 -2.307194
v -2.079637 0.994998 -1.647138
v -1.514459 0.758748 -1.015346
v -0.776607 0.758748 -1.675402
v -0.596531 1.392796 -1.474102
v -0.338071 1.898001 -1.185179
v -0.757070 2.514001 -1.653563
v -1.101683 1.840395 -2.038793
v -1.839535 1.840395 -1.378737
v -1.494923 2.514001 -0.993507
v -1.075924 1.898001 -0.525123
v -1.334383 1.392796 -0.814046
v -0.596531 1.392796 -1.474102
v -1.334383 1.392796 -0.814046
v -1.075924 1.898001 -0.525123
v -0.338071 1.898001 -1.185179
v -0.338071 1.898001 -1.185179
v -1.075924 1.898001 -0.525123
v -1.494923 2.514001 -0.993507
v -0.757070 2.514001 -1.653563
v -0.757070 2.514001 -1.653563
v -1.494923 2.514001 -0.993507
v -1.839535 1.840395 -1.378737
v -1.101683 1.840395 -2.038793
v -1.101683 1.840395 -2.038793
v -1.839535 1.840395 -1.378737
v -1.334383 1.392796 -0.814046
v -0.596531 1.392796 -1.474102
v -0.313179 1.935336 -1.157353
v 0.023653 2.322993 -0.780821
v -0.274772 3.080657 -1.114419
v -0.723880 2.563781 -1.616461
v -1.461733 2.563781 -0.956405
v -1.012624 3.080657 -0.454363
v -0.714200 2.322993 -0.120766
v -1.051031 1.935336 -0.497297
v -0.313179 1.935336 -1.157353
v -1.051031 1.935336 -0.497297
v -0.714200 2.322993 -0.120766
v 0.023653 2.322993 -0.780821
v 0.023653 2.322993 -0.780821
v -0.714200 2.322993 -0.120766
v -1.012624 3.080657 -0.454363
v -0.274772 3.080657 -1.114419
v -0.274772 3.080657 -1.114419
v -1.012624 3.080657 -0.454363
v -1.461733 2.563781 -0.956405
v -0.723880 2.563781 -1.616461
v -0.723880 2.563781 -1.616461
v -1.461733 2.563781 -0.956405
v -1.051031 1.935336 -0.497297
v -0.313179 1.935336 -1.157353
v 0.054138 2.349393 -0.746742
v 0.446388 2.593083 -0.308261
v 0.288874 3.440778 -0.484340
v -0.234124 3.115857 -1.068981
v -0.971976 3.115857 -0.408925
v -0.448978 3.440778 0.175716
v -0.291465 2.593083 0.351795
v -0.683714 2.349393 -0.086686
v 0.054138 2.349393 -0.746742
v -0.683714 2.349393 -0.086686
v -0.291465 2.593083 0.351795
v 0.446388 2.593083 -0.308261
v 0.446388 2.593083 -0.308261
v -0.291465 2.593083 0.351795
v -0.448978 3.440778 0.175716
v 0.288874 3.440778 -0.484340
v 0.288874 3.440778 -0.484340
v -0.448978 3.440778 0.175716
v -0.971976 3.115857 -0.408925
v -0.234124 3.115857 -1.068981
v -0.234124 3.115857 -1.068981
v -0.971976 3.115857 -0.408925
v -0.683714 2.349393 -0.086686
v 0.054138 2.349393 -0.746742
v 0.480390 2.606750 -0.270251
v 0.901325 2.689868 0.200296
v 0.895458 3.569824 0.193738
v 0.334212 3.458999 -0.433659
v -0.403640 3.458999 0.226397
v 0.157606 3.569824 0.853794
v 0.163472 2.689868 0.860352
v -0.257462 2.606750 0.389805
v 0.480390 2.606750 -0.270251
v -0.257462 2.606750 0.389805
v 0.163472 2.689868 0.860352
v 0.901325 2.689868 0.200296
v 0.901325 2.689868 0.200296
v 0.163472 2.689868 0.860352
v 0.157606 3.569824 0.853794
v 0.895458 3.569824 0.193738
v 0.895458 3.569824 0.193738
v 0.157606 3.569824 0.853794
v -0.403640 3.458999 0.226397
v 0.334212 3.458999 -0.433659
v 0.334212 3.458999 -0.433659
v -0.403640 3.458999 0.226397
v -0.257462 2.606750 0.389805
v 0.480390 2.606750 -0.270251
v 0.936528 2.689868 0.239648
v 1.357462 2.606750 0.710195
v 1.503640 3.458999 0.873603
v 0.942394 3.569824 0.246206
v 0.204542 3.569824 0.906262
v 0.765788 3.458999 1.533659
v 0.619610 2.606750 1.370251
v 0.198675 2.689868 0.899704
v 0.936528 2.689868 0.239648
v 0.198675 2.689868 0.899704
v 0.619610 2.606750 1.370251
v 1.357462 2.606750 0.710195
v 1.357462 2.606750 0.710195
v 0.619610 2.606750 1.370251
v 0.765788 3.458999 1.533659
v 1.503640 3.458999 0.873603
v 1.503640 3.458999 0.873603
v 0.765788 3.458999 1.533659
v 0.204542 3.569824 0.906262
v 0.942394 3.569824 0.246206
v 0.942394 3.569824 0.246206
v 0.204542 3.569824 0.906262
v 0.198675 2.689868 0.899704
v 0.936528 2.689868 0.239648
v 2.907738 3.570000 2.278206
v 2.005919 3.570000 3.084941
v -1.807738 3.570000 -1.178206
v -0.905919 3.570000 -1.984941
v 2.907738 4.450000 2.278206
v -0.905919 4.450000 -1.984941
v -1.807738 4.450000 -1.178206
v 2.005919 4.450000 3.084941
v 2.907738 3.570000 2.278206
v -0.905919 3.570000 -1.984941
v -0.905919 4.450000 -1.984941
v 2.907738 4.450000 2.278206
v 2.005919 3.570000 3.084941
v 2.005919 4.450000 3.084941
v -1.807738 4.450000 -1.178206
v -1.807738 3.570000 -1.178206
v 2.907738 3.570000 2.278206
v 2.907738 4.450000 2.278206
v 2.005919 4.450000 3.084941
v 2.005919 3.570000 3.084941
v -0.905919 3.570000 -1.984941
v -1.807738 3.570000 -1.178206
v -1.807738 4.450000 -1.178206
v -0.905919 4.450000 -1.984941
vn -0.6815 -0.1263 -0.7209
vn 0.8809 -0.4688 0.0653
vn 0.0111 -0.1863 -0.9824
vn 0.1445 -0.2703 -0.9519
vn 0.0517 -0.2918 -0.9551
vn 0.9328 -0.3604 -0.0070
vn -0.4546 -0.7261 0.5159
vn -0.9659 -0.1511 0.2103
vn -0.0681 -0.4534 -0.8887
vn 0.5238 -0.7391 -0.4236
vn 0.9552 0.1222 0.2697
vn -0.3500 -0.8060 0.4774
vn -0.6734 -0.4369 0.5964
vn -0.1117 -0.4892 -0.8650
vn 0.5755 -0.7093 -0.4069
vn 0.0774 0.9964 -0.0337
vn -0.0059 0.9975 0.0706
vn 0.0123 0.9827 -0.1847
vn 0.0124 0.9827 -0.1848
vn 0.0130 0.9827 -0.1847
vn 0.0816 0.9813 0.1743
vn -0.0207 0.9978 0.0627
vn 0.0385 0.9993 -0.0017
vn 0.0514 0.9970 0.0582
vn -0.0140 0.9965 -0.0829
vn 0.0903 0.9959 -0.0081
vn -0.0112 0.9818 -0.1896
vn -0.2460 0.9638 0.1030
vn -0.0919 0.9909 0.0983
vn -0.0067 0.9985 0.0548
vn 0.0048 0.9934 0.1142
vn 0.0045 0.9935 0.1142
vn 0.1364 0.9869 -0.0864
vn 0.1520 0.9878 -0.0330
vn 0.1523 0.9878 -0.0331
vn 0.1568 0.9871 -0.0323
vn 0.1570 0.9871 -0.0321
vn 0.1444 0.9859 -0.0852
vn -0.0571 0.9984 0.0013
vn -0.0686 0.9970 -0.0368
vn 0.1171 0.9931 -0.0003
vn 0.1023 0.9924 -0.0684
vn 0.1270 0.9897 -0.0658
vn 0.1334 0.9907 -0.0283
vn 0.1789 0.9674 -0.1790
vn 0.2299 0.9730 -0.0176
vn -0.0269 0.9959 -0.0863
vn 0.0331 0.9955 0.0884
vn -0.0364 0.9963 0.0780
vn -0.0302 0.9943 0.1026
vn 0.0083 0.9945 0.1043
vn 0.0126 0.9999 0.0015
vn -0.2258 0.9689 0.1009
vn -0.2059 0.9618 0.1806
vn 0.0980 0.9854 0.1394
vn 0.0822 0.9962 -0.0304
vn 0.1165 0.9927 -0.0312
vn 0.1194 0.9927 -0.0162
vn 0.0485 0.9985 -0.0258
vn 0.0472 0.9985 -0.0262
vn 0.0474 0.9985 -0.0273
vn 0.0501 0.9982 -0.0331
vn 0.0457 0.9986 -0.0281
vn 0.0487 0.9953 0.0840
vn -0.2929 0.9400 0.1750
vn -0.2477 0.9025 0.3524
vn -0.3350 0.8603 0.3842
vn -0.3770 0.9207 0.1003
vn -0.0962 0.9852 0.1418
vn -0.0964 0.9853 0.1411
vn -0.0964 0.9852 0.1416
vn -0.0965 0.9854 0.1402
vn -0.0643 0.9875 0.1443
vn -0.0835 0.9957 -0.0408
vn 0.0513 0.9981 -0.0351
vn 0.1087 0.9856 0.1298
vn 0.0147 0.9922 0.1241
vn -0.0178 0.9907 -0.1352
vn -0.1040 0.9876 0.1176
vn -0.0862 0.9720 0.2185
vn -0.1743 0.9588 0.2244
vn -0.2514 0.9656 -0.0665
vn -0.1543 0.9876 -0.0306
vn -0.0980 0.9746 0.2014
vn -0.1712 0.9637 0.2050
vn -0.1527 0.9879 0.0269
vn -0.1497 0.9882 0.0316
vn -0.1458 0.9890 0.0256
vn -0.1447 0.9891 0.0272
vn -0.1465 0.9886 0.0343
vn 0.2158 0.9736 -0.0750
vn 0.2155 0.9738 -0.0723
vn 0.2156 0.9736 -0.0742
vn 0.2155 0.9739 -0.0716
vn -0.0490 0.9957 -0.0780
vn -0.0085 0.9858 0.1679
vn -0.0096 0.9999 -0.0056
vn 0.0042 0.9935 0.1141
vn -0.0995 0.9895 -0.1049
vn -0.0926 0.9946 -0.0464
vn 0.0369 0.9993 0.0035
vn -0.0726 0.9946 0.0743
vn -0.2215 0.9639 -0.1478
vn 0.0247 0.9985 0.0481
vn -0.1972 0.9799 0.0307
vn -0.1182 0.9917 -0.0501
vn -0.0402 0.9980 -0.0496
vn -0.1310 0.9794 0.1536
vn -0.0109 0.9897 0.1425
vn -0.0869 0.9924 -0.0867
vn 0.0601 0.9957 -0.0699
vn 0.0124 0.9976 0.0682
vn -0.0521 0.9972 0.0536
vn -0.0624 0.9948 0.0803
vn -0.1164 0.9887 0.0943
vn 0.0434 0.9931 0.1085
vn 0.0014 0.9945 0.1043
vn 0.0803 0.9964 -0.0282
vn -0.0297 0.9992 -0.0260
vn -0.0591 0.9979 0.0269
vn -0.0103 0.9996 0.0277
vn -0.0501 0.9883 0.1444
vn 0.1485 0.9864 0.0707
vn 0.1468 0.9867 0.0699
vn 0.1489 0.9863 0.0708
vn -0.1198 0.9806 -0.1554
vn 0.0045 0.9896 -0.1438
vn -0.0299 0.9952 -0.0927
vn -0.0627 0.9933 -0.0972
vn -0.0570 0.9902 -0.1277
vn 0.0431 0.9984 -0.0370
vn 0.0207 0.9970 0.0749
vn 0.1372 0.9847 0.1070
vn 0.1464 0.9868 0.0697
vn 0.0327 0.9942 0.1028
vn -0.1973 0.9789 -0.0540
vn 0.0549 0.9982 -0.0252
vn 0.0205 0.9991 0.0381
vn 0.0418 0.9981 0.0444
vn 0.0415 0.9981 0.0453
vn 0.0406 0.9980 0.0487
vn 0.0406 0.9980 0.0494
vn 0.1068 0.9928 0.0551
vn 0.0793 0.9913 0.1055
vn 0.1625 0.9806 0.1096
vn 0.1561 0.9787 0.1331
vn -0.1761 0.9803 0.0893
vn -0.1637 0.9865 0.0088
vn -0.1324 0.9912 0.0057
vn 0.0869 0.9778 0.1906
vn 0.0573 0.9807 0.1868
vn 0.0799 0.9911 0.1062
vn 0.0511 0.9943 0.0938
vn 0.0520 0.9944 0.0920
vn 0.0548 0.9948 0.0858
vn 0.0554 0.9949 0.0845
vn 0.1301 0.9869 0.0956
vn 0.1264 0.9750 0.1827
vn 0.0758 0.9958 0.0513
vn 0.0831 0.9964 0.0165
vn 0.0497 0.9987 0.0140
vn -0.0073 0.9771 0.2127
vn -0.3332 0.9051 0.2642
vn -0.3071 0.9457 -0.1065
vn -0.0253 0.9972 -0.0704
vn 0.0026 0.9991 -0.0427
vn -0.1641 0.9838 -0.0719
vn 0.0567 0.9965 -0.0620
vn -0.0503 0.9929 -0.1076
vn 0.1544 0.9865 0.0541
vn 0.0822 0.9961 -0.0306
vn 0.0740 0.9969 -0.0266
vn 0.0771 0.9965 -0.0315
vn -0.0714 0.9818 -0.1758
vn -0.1164 0.9931 -0.0137
vn -0.0932 0.9872 -0.1293
vn 0.0454 0.9957 -0.0804
vn 0.0396 0.9975 -0.0585
vn -0.0507 0.9875 -0.1490
vn -0.0571 0.9982 -0.0164
vn -0.0337 0.9962 -0.0800
vn -0.0405 0.9973 -0.0617
vn -0.0218 0.9988 -0.0443
vn 0.0026 0.9931 -0.1169
vn 0.0333 0.9956 -0.0874
vn 0.0333 0.9956 -0.0875
vn 0.0724 0.9938 -0.0839
vn 0.0928 0.9855 -0.1419
vn 0.1412 0.9867 -0.0802
vn 0.1346 0.9894 -0.0549
vn 0.0711 0.9899 -0.1225
vn 0.0434 0.9983 -0.0378
vn 0.0162 0.9980 -0.0612
vn 0.0457 0.9896 0.1363
vn 0.1393 0.9890 0.0501
vn 0.1844 0.9813 -0.0548
vn 0.1333 0.9819 -0.1344
vn 0.0927 0.9956 -0.0133
vn 0.0557 0.9975 -0.0429
vn 0.0338 0.9994 -0.0000
vn 0.0031 0.9997 -0.0249
vn 0.0122 0.9987 -0.0498
vn 0.0946 0.9953 0.0184
vn 0.1107 0.9883 0.1047
vn 0.1108 0.9883 0.1044
vn 0.1107 0.9883 0.1049
vn 0.0830 0.9961 -0.0295
vn 0.0781 0.9968 -0.0195
vn -0.0154 0.9843 -0.1757
vn -0.0955 0.9942 -0.0486
vn -0.0114 0.9997 0.0203
vn -0.0027 1.0000 -0.0062
vn 0.0098 0.9999 0.0036
vn 0.0105 0.9999 0.0021
vn 0.0098 0.9999 0.0034
vn 0.0107 0.9999 0.0020
vn -0.0317 0.9990 -0.0330
vn -0.0378 0.9992 -0.0130
vn 0.1109 0.9884 0.1041
vn 0.0733 0.9957 -0.0575
vn 0.0402 0.9853 -0.1658
vn 0.0166 0.9929 -0.1178
vn 0.0660 0.9974 -0.0289
vn 0.0219 0.9992 0.0342
vn -0.0582 0.9973 -0.0448
vn -0.1423 0.9849 0.0990
vn -0.2043 0.9762 0.0723
vn -0.0896 0.9875 -0.1297
vn 0.0555 0.9985 -0.0032
vn 0.0257 0.9982 0.0542
vn -0.0552 0.9985 -0.0024
vn -0.0856 0.9913 0.1000
vn 0.0621 0.9777 0.2008
vn 0.0387 0.9932 0.1096
vn 0.0134 0.9994 -0.0332
vn -0.0028 0.9987 -0.0500
vn 0.1478 0.9754 0.1637
vn 0.1620 0.9864 0.0272
vn 0.1614 0.9865 0.0274
vn 0.1541 0.9875 0.0319
vn 0.0324 0.9917 0.1248
vn -0.0408 0.9988 -0.0288
vn 0.1165 0.9930 -0.0189
vn 0.0134 0.9980 -0.0620
vn -0.0690 0.9886 -0.1337
vn 0.0187 0.9709 0.2388
vn -0.1511 0.9816 0.1165
vn -0.0863 0.9936 0.0724
vn 0.0250 0.9825 0.1847
vn 0.1537 0.9876 0.0323
vn 0.0659 0.9969 -0.0434
vn -0.1484 0.9803 0.1301
vn -0.1381 0.9809 0.1371
vn -0.1471 0.9804 0.1308
vn -0.1368 0.9809 0.1381
vn 0.0537 0.9986 0.0020
vn 0.0617 0.9980 0.0140
vn 0.0615 0.9980 0.0140
vn 0.0597 0.9981 0.0153
vn 0.1592 0.9845 0.0731
vn 0.0608 0.9981 -0.0080
vn 0.0615 0.9981 -0.0089
vn 0.0678 0.9976 -0.0157
vn 0.0688 0.9975 -0.0167
vn -0.0204 0.9950 -0.0975
vn -0.1696 0.9854 -0.0139
vn 0.0795 0.9919 0.0989
vn 0.0324 0.9906 0.1329
vn -0.0379 0.9983 -0.0448
vn -0.0381 0.9983 -0.0446
vn -0.0407 0.9983 -0.0427
vn 0.0894 0.9940 -0.0630
vn 0.0665 0.9943 -0.0830
vn 0.0451 0.9970 -0.0632
vn 0.0730 0.9964 -0.0434
vn -0.0514 0.9981 0.0327
vn 0.0319 0.9909 0.1309
vn 0.0695 0.9942 0.0817
vn 0.0736 0.9938 0.0839
vn 0.0702 0.9942 0.0820
vn 0.0742 0.9937 0.0843
vn -0.1145 0.9702 0.2134
vn -0.1621 0.9841 0.0730
vn -0.0798 0.9964 0.0298
vn 0.0271 0.9903 0.1361
vn 0.0270 0.9904 0.1353
vn 0.0270 0.9906 0.1343
vn 0.0823 0.9953 0.0519
vn 0.1536 0.9806 0.1221
vn 0.1217 0.9660 0.2283
vn -0.1410 0.9809 -0.1341
vn -0.0249 0.9809 -0.1931
vn 0.0105 0.9842 -0.1770
vn 0.0028 0.9854 -0.1700
vn 0.0066 0.9848 -0.1735
vn 0.0025 0.9855 -0.1699
vn -0.1159 0.9612 -0.2503
vn -0.0629 0.9555 -0.2882
vn -0.0351 0.9845 -0.1717
vn 0.0473 0.9974 0.0547
vn 0.0492 0.9972 0.0571
vn 0.0473 0.9974 0.0550
vn 0.0496 0.9971 0.0573
vn 0.0271 0.9903 0.1364
vn 0.1735 0.9221 0.3459
vn 0.1992 0.9436 0.2645
vn -0.1614 0.9843 -0.0709
vn -0.1873 0.9809 -0.0519
vn -0.2075 0.8547 -0.4759
vn -0.2130 0.8654 -0.4535
vn 0.0153 0.9459 -0.3242
vn -0.0986 0.9797 -0.1745
vn -0.0279 0.9961 -0.0841
vn -0.0621 0.9965 -0.0559
vn -0.0462 0.9975 0.0525
vn 0.0274 0.9987 -0.0429
vn 0.0037 0.9830 -0.1833
vn 0.2566 0.9663 0.0199
vn 0.0596 0.9981 0.0154
vn -0.0409 0.9983 -0.0427
vn 0.0509 0.9958 -0.0758
vn 0.0508 0.9958 -0.0759
vn -0.0003 0.9808 -0.1952
vn 0.0472 0.9983 -0.0349
vn 0.0297 0.9993 -0.0221
vn 0.1754 0.9764 -0.1260
vn -0.0171 0.9998 -0.0117
vn -0.0255 0.9985 -0.0485
vn -0.0083 0.9981 -0.0617
vn 0.0546 0.9985 -0.0034
vn -0.0323 0.9968 0.0732
vn -0.0400 0.9988 -0.0286
vn -0.0716 0.9974 0.0066
vn -0.0755 0.9971 0.0047
vn -0.0795 0.9968 0.0033
vn -0.1081 0.9883 -0.1075
vn 0.0473 0.9790 -0.1984
vn 0.0368 0.9784 -0.2032
vn 0.0356 0.9784 -0.2036
vn -0.0326 0.9992 -0.0215
vn 0.1200 0.9852 -0.1223
vn 0.3589 0.9091 0.2115
vn 0.0453 0.9421 0.3323
vn -0.0712 0.9974 0.0062
vn 0.0725 0.9934 -0.0892
vn 0.0477 0.9791 -0.1979
vn 0.0005 0.9891 -0.1475
vn 0.0877 0.9961 0.0038
vn 0.2778 0.9523 -0.1260
vn 0.3024 0.9482 -0.0975
vn -0.0178 0.9929 0.1175
vn -0.0053 0.9539 0.3002
vn 0.1684 0.9743 0.1497
vn 0.1296 0.9906 -0.0433
vn -0.0575 0.9978 0.0320
vn -0.1071 0.9817 -0.1575
vn -0.2592 0.9643 0.0547
vn 0.0510 0.9958 -0.0758
vn -0.0430 0.9990 -0.0138
vn -0.0961 0.9824 -0.1602
vn -0.2440 0.9693 -0.0289
vn -0.2699 0.9416 -0.2012
vn -0.0397 0.9712 -0.2350
vn 0.2636 0.9471 0.1832
vn 0.0885 0.9715 0.2197
vn 0.0307 0.9952 0.0934
vn 0.1107 0.9882 0.1059
vn 0.0729 0.9972 -0.0134
vn -0.0673 0.9805 0.1844
vn 0.0216 0.9831 -0.1820
vn -0.1403 0.9866 -0.0835
vn -0.1276 0.9905 -0.0520
vn -0.1236 0.9908 -0.0544
vn -0.1267 0.9906 -0.0524
vn -0.1225 0.9909 -0.0551
vn 0.4576 0.8828 0.1064
vn 0.1354 0.9865 0.0925
vn 0.0899 0.9804 -0.1752
vn -0.1408 0.9898 0.0197
vn -0.1129 0.9866 0.1177
vn 0.0371 0.9987 0.0339
vn 0.0425 0.9980 0.0472
vn -0.2616 0.9633 -0.0602
vn -0.1562 0.9632 0.2188
vn -0.0273 0.9989 0.0382
vn 0.0103 0.9999 0.0112
vn 0.2322 0.9646 -0.1253
vn 0.1290 0.9858 0.1078
vn -0.1427 -0.9799 0.1391
vn 0.9304 -0.3621 -0.0562
vn 0.5850 0.5229 -0.6199
vn 0.2265 -0.7261 -0.6492
vn 0.0165 0.9995 -0.0287
vn 0.1501 0.9882 0.0303
vn -0.6309 -0.5489 0.5482
vn -0.0989 0.8883 0.4484
vn 0.1497 0.9864 -0.0679
vn -0.8352 0.4358 0.3353
vn 0.1407 0.9808 -0.1354
vn 0.2373 -0.9714 0.0093
vn -0.0023 0.9974 -0.0726
vn -0.1431 0.9822 -0.1218
vn -0.7883 -0.1961 0.5832
vn 0.0632 0.9949 -0.0789
vn 0.2243 0.9567 -0.1856
vn 0.0853 0.9753 -0.2038
vn 0.1232 -0.9918 0.0325
vn 0.3380 -0.8082 -0.4822
vn -0.1218 0.9906 0.0614
vn -0.1236 0.9904 0.0617
vn -0.1297 0.9896 0.0627
vn -0.1320 0.9892 0.0631
vn 0.0598 0.9966 -0.0574
vn -0.0799 0.9950 -0.0591
vn -0.0798 0.9951 -0.0591
vn -0.0800 0.9950 -0.0591
vn 0.2399 -0.9310 -0.2750
vn 0.2380 -0.9059 -0.3504
vn 0.0869 0.9618 -0.2596
vn -0.8412 0.4024 0.3612
vn 0.2026 0.9161 -0.3460
vn 0.2328 0.9081 -0.3480
vn -0.1843 0.9709 0.1530
vn -0.3851 0.8606 0.3332
vn -0.0795 0.9951 -0.0591
vn -0.0793 0.9951 -0.0591
vn 0.4806 0.3069 -0.8215
vn 0.7155 -0.5878 -0.3776
vn 0.8965 -0.0338 -0.4417
vn 0.1437 0.9642 -0.2228
vn -0.3137 -0.8502 0.4228
vn -0.3090 -0.8639 0.3978
vn 0.2395 0.9247 -0.2959
vn 0.0113 0.9710 -0.2389
vn -0.2471 0.9666 0.0686
vn 0.0788 0.9749 -0.2084
vn 0.0548 0.9530 0.2978
vn -0.5919 0.3420 0.7299
vn 0.8116 -0.3845 -0.4399
vn 0.6356 0.1921 -0.7478
vn 0.4059 -0.8091 -0.4251
vn 0.3752 -0.7637 -0.5253
vn 0.1899 0.8956 -0.4024
vn 0.6859 0.2905 -0.6672
vn -0.6416 -0.4766 0.6010
vn 0.0726 0.9048 0.4196
vn -0.0525 -0.2524 0.9662
vn -0.2122 -0.9553 0.2060
vn 0.1487 0.9864 -0.0703
vn 0.0619 0.9968 -0.0502
vn 0.0235 0.9996 -0.0176
vn 0.0627 0.9974 -0.0362
vn 0.0619 0.9973 -0.0383
vn 0.0615 0.9973 -0.0391
vn 0.0392 0.9916 0.1230
vn -0.1724 0.9846 -0.0305
vn 0.0362 0.9971 0.0675
vn -0.0505 0.9602 0.2747
vn -0.0091 0.1672 -0.9859
vn -0.5038 0.0820 -0.8599
vn -0.5751 -0.4078 -0.7092
vn -0.0813 0.9941 0.0711
vn -0.0841 0.9800 -0.1802
vn 0.0455 0.9889 0.1412
vn 0.1154 0.9933 -0.0008
vn 0.1122 0.9932 0.0300
vn 0.0500 0.9902 0.1305
vn -0.0004 0.9966 -0.0827
vn -0.0294 0.9996 -0.0056
vn -0.0204 0.9539 -0.2996
vn -0.0725 0.9875 -0.1398
vn 0.0611 0.9881 0.1411
vn 0.0452 0.9990 0.0026
vn 0.0046 -0.5188 0.8549
vn 0.0474 0.9926 -0.1118
vn 0.4202 -0.2257 0.8789
vn 0.4250 0.7724 0.4720
vn -0.1787 0.9677 -0.1780
vn -0.1378 -0.2468 -0.9592
vn -0.0126 0.9998 -0.0151
vn 0.0643 0.9808 -0.1841
vn -0.2757 -0.7943 -0.5414
vn -0.6101 -0.4487 -0.6530
vn -0.3928 0.8179 -0.4204
vn 0.0813 -0.9911 -0.1050
vn -0.0664 0.9767 0.2040
vn 0.0348 0.9949 -0.0944
vn 0.0214 0.7969 -0.6037
vn -0.0064 0.9632 -0.2685
vn 0.0837 0.9814 -0.1728
vn 0.2679 0.9170 0.2955
vn -0.6441 -0.2203 -0.7326
vn -0.1004 -0.6220 -0.7765
vn -0.0820 0.7318 -0.6766
vn 0.0176 0.4701 -0.8824
vn -0.0090 -0.8922 0.4515
vn 0.0487 0.9770 -0.2074
vn 0.2674 -0.8021 0.5340
vn 0.6852 -0.2387 0.6882
vn -0.1436 0.9527 -0.2680
vn -0.1368 0.9798 0.1460
vn -0.2584 0.9618 -0.0909
vn -0.2039 0.9348 0.2907
vn -0.1125 0.1144 -0.9871
vn 0.0420 -0.0848 -0.9955
vn -0.0219 -0.5250 -0.8508
vn -0.5335 0.3855 -0.7528
vn -0.2877 -0.9031 -0.3187
vn -0.4466 -0.8257 -0.3446
vn -0.4115 0.8543 -0.3176
vn -0.4607 0.1106 -0.8806
vn -0.1657 0.9827 -0.0828
vn -0.1149 0.9793 0.1666
vn 0.0403 -0.9801 -0.1942
vn 0.0632 0.9748 0.2138
vn -0.1721 0.9466 0.2726
vn -0.7142 0.3814 -0.5869
vn 0.0120 0.9827 -0.1848
vn 0.7657 0.5136 0.3872
vn 0.0236 0.9698 -0.2426
vn 0.8533 0.0177 0.5212
vn -0.9132 0.3955 -0.0983
vn -0.8563 -0.5162 0.0155
vn -0.9443 -0.1038 0.3123
vn 0.0993 0.9608 -0.2588
vn 0.2367 0.9673 0.0912
vn 0.3157 0.9478 0.0447
vn 0.3929 0.9069 0.1519
vn 0.2757 0.9585 0.0727
vn 0.3097 0.9423 0.1270
vn -0.3373 0.9166 -0.2146
vn 0.1091 0.9540 0.2791
vn -0.2939 0.9455 0.1403
vn -0.0063 0.9514 0.3079
vn 0.1244 0.9439 0.3059
vn -0.1707 0.9794 0.1081
vn -0.0562 -0.9144 -0.4009
vn -0.8396 0.5090 0.1897
vn -0.0017 0.9427 0.3336
vn -0.2636 0.9370 0.2293
vn 0.3757 0.9262 0.0308
vn -0.3205 0.9471 0.0150
vn -0.0497 0.9879 -0.1469
vn -0.0042 0.9913 -0.1317
vn -0.9991 -0.0158 0.0385
vn -0.6935 0.6701 0.2647
vn 0.5941 -0.7671 -0.2420
vn -0.8141 0.4169 0.4043
vn 0.2056 0.9015 -0.3807
vn 0.9181 -0.3917 0.0602
vn -0.1966 0.9653 -0.1718
vn 0.0737 0.9971 0.0173
vn -0.4346 0.8975 0.0748
vn -0.1804 0.9752 0.1285
vn -0.6280 -0.7332 0.2610
vn -0.6940 -0.5146 0.5035
vn -0.7665 -0.3327 0.5494
vn -0.4628 -0.8644 0.1968
vn -0.2917 0.9331 -0.2105
vn 0.0529 0.9974 -0.0489
vn 0.3025 -0.9530 0.0145
vn 0.8243 0.4836 -0.2944
vn 0.0357 0.9944 0.0994
vn -0.1464 0.9886 0.0339
vn -0.0738 0.9973 0.0001
vn 0.0163 0.9999 0.0046
vn -0.6830 -0.4165 0.6001
vn -0.5968 -0.8016 0.0362
vn -0.9271 0.3737 -0.0276
vn -0.8897 0.4561 0.0196
vn -0.6780 -0.7343 0.0321
vn -0.7609 -0.6068 0.2298
vn -0.3129 0.8946 0.3191
vn -0.5907 0.7576 0.2776
vn 0.8701 0.3213 -0.3737
vn 0.1805 0.9179 -0.3533
vn -0.1055 0.9905 -0.0882
vn 0.0802 0.9919 -0.0988
vn 0.0090 0.9992 0.0385
vn 0.0332 0.9992 0.0239
vn -0.1766 0.9583 0.2246
vn 0.1181 0.9930 0.0083
vn 0.1201 0.9905 -0.0670
vn 0.1204 0.9905 -0.0661
vn 0.1206 0.9905 -0.0654
vn 0.2221 0.3080 -0.9251
vn -0.0178 0.9468 0.3212
vn 0.2517 -0.7332 0.6317
vn -0.2261 -0.7535 0.6173
vn -0.2486 0.8201 0.5154
vn 0.0682 0.9639 0.2572
vn 0.0669 0.9645 0.2555
vn 0.0665 0.9647 0.2550
vn 0.1311 0.9906 0.0394
vn 0.0704 0.9673 0.2435
vn 0.0685 0.9638 0.2577
vn 0.1637 0.9647 0.2063
vn 0.1200 0.9905 -0.0675
vn -0.0188 0.9952 0.0964
vn -0.0869 -0.7093 -0.6995
vn -0.0500 0.9709 0.2343
vn -0.2413 0.9505 -0.1958
vn -0.1215 0.8868 -0.4458
vn -0.0533 -0.8260 -0.5612
vn -0.1684 -0.6921 -0.7019
vn -0.2855 0.9295 -0.2334
vn 0.3138 -0.9434 -0.1076
vn -0.2886 0.9501 -0.1188
vn 0.1703 0.8588 -0.4833
vn -0.0601 0.9791 -0.1944
vn -0.2281 0.9692 -0.0930
vn 0.3513 0.4475 0.8224
vn -0.0769 -0.8783 0.4719
vn -0.0230 0.9897 0.1414
vn -0.5472 -0.3019 0.7807
vn -0.3282 0.9122 0.2454
vn -0.0941 0.9932 0.0683
vn 0.0977 -0.9559 -0.2770
vn -0.2589 0.9288 -0.2651
vn -0.0109 0.9994 0.0333
vn 0.0302 0.9524 -0.3034
vn -0.1592 0.1646 0.9734
vn -0.5431 -0.5224 0.6574
vn -0.6093 0.2178 0.7624
vn -0.0348 0.9302 0.3655
vn -0.0412 -0.9002 0.4336
vn 0.6178 0.2918 0.7302
vn 0.1023 0.9688 0.2256
vn -0.0909 0.9804 -0.1749
vn -0.0645 0.9884 -0.1377
vn -0.0342 0.8825 -0.4692
vn 0.1162 0.9604 -0.2531
vn -0.0056 0.9827 0.1851
vn -0.0049 0.9824 0.1866
vn -0.0045 0.9823 0.1872
vn -0.5821 -0.3873 0.7149
vn -0.1353 0.6755 0.7248
vn -0.0601 -0.8875 0.4569
vn 0.6593 -0.1526 0.7362
vn 0.5684 -0.5333 0.6265
vn 0.4026 -0.7331 0.5481
vn 0.5366 0.4226 0.7304
vn 0.5684 0.5007 0.6528
vn 0.4949 0.7263 0.4770
vn 0.0236 -0.6948 0.7188
vn 0.1369 0.9192 -0.3692
vn 0.0272 0.9851 -0.1697
vn -0.0058 0.9828 0.1845
vn -0.1038 0.9292 0.3547
vn 0.1228 0.9924 0.0077
vn 0.2448 0.9674 0.0654
vn 0.2370 0.9693 0.0662
vn 0.2339 0.9700 0.0666
vn -0.0525 0.9805 -0.1895
vn 0.0958 0.9794 -0.1776
vn 0.3714 -0.9097 -0.1858
vn 0.3965 -0.7305 0.5560
vn 0.4482 -0.2310 0.8636
vn 0.0603 0.9980 0.0164
vn 0.0880 0.9951 0.0458
vn 0.2474 0.9667 0.0653
vn 0.1989 0.9694 -0.1440
vn 0.9823 0.0431 0.1821
vn 0.6288 0.7620 -0.1548
vn 0.0453 -0.9816 0.1856
vn 0.8539 -0.5151 -0.0738
vn 0.1368 0.9844 -0.1107
vn 0.7593 -0.2587 0.5971
vn 0.0510 0.9877 0.1475
vn 0.0252 0.9933 -0.1127
vn -0.6288 0.7544 0.1881
vn -0.3942 -0.6517 -0.6480
vn -0.1838 0.9804 0.0706
vn -0.2158 0.9721 -0.0915
vn 0.1221 0.8459 0.5192
vn -0.0489 0.9984 -0.0293
vn -0.6594 0.7051 -0.2606
vn -0.1971 0.9804 0.0054
vn 0.4253 0.6387 0.6413
vn 0.4300 0.3206 0.8440
vn -0.4222 -0.3671 -0.8288
vn -0.2280 0.9680 -0.1048
vn 0.2360 -0.9658 0.1076
vn 0.4167 -0.9030 0.1045
vn -0.0293 0.9986 -0.0430
vn 0.0386 0.9960 0.0808
vn -0.0733 0.9973 0.0074
vn -0.0731 0.9973 0.0077
vn -0.0726 0.9973 0.0085
vn -0.0724 0.9973 0.0088
vn 0.3758 -0.6062 0.7010
vn 0.7679 0.5904 0.2486
vn 0.3446 -0.9302 0.1260
vn 0.4881 -0.8713 0.0513
vn -0.3715 0.9276 -0.0390
vn -0.6896 0.5970 -0.4100
vn -0.1882 0.9817 -0.0275
vn -0.0789 0.9922 0.0966
vn -0.0866 0.9917 0.0951
vn -0.0865 0.9917 0.0951
vn -0.0879 0.9916 0.0949
vn -0.0265 -0.9872 -0.1572
vn -0.1383 0.9888 0.0567
vn -0.1468 0.9884 0.0378
vn 0.5031 -0.7892 0.3521
vn 0.7403 -0.6659 0.0916
vn 0.9819 0.1850 0.0407
vn 0.6955 -0.5135 0.5027
vn 0.8052 -0.1134 0.5820
vn 0.6542 0.7429 0.1418
vn -0.1836 -0.9822 -0.0398
vn -0.1459 -0.9882 -0.0461
vn 0.0697 0.9974 0.0154
vn 0.2958 0.8712 0.3918
vn -0.0360 0.9925 0.1167
vn -0.0015 0.9878 0.1558
vn -0.3551 0.9274 0.1178
vn -0.2719 0.9453 0.1802
vn 0.0630 0.9974 -0.0353
vn 0.0811 0.9754 -0.2052
vn 0.7068 0.1427 -0.6929
vn -0.0415 0.9904 0.1316
vn 0.0451 -0.8695 -0.4919
vn 0.6865 -0.4878 -0.5393
vn 0.6860 -0.4894 -0.5384
vn 0.6866 -0.4874 -0.5394
vn 0.4304 -0.2733 -0.8603
vn 0.0475 0.9878 -0.1484
vn -0.5659 0.2725 -0.7781
vn 0.0677 0.9837 -0.1667
vn -0.0580 0.6788 -0.7320
vn 0.0661 0.9951 0.0740
vn 0.0357 0.9979 0.0531
vn -0.3713 0.8736 0.3145
vn -0.2767 -0.6847 0.6743
vn 0.1168 0.9513 0.2853
vn -0.0142 -0.9961 -0.0871
vn -0.1695 -0.9555 -0.2413
vn 0.0417 0.9939 -0.1018
vn 0.1149 -0.9243 -0.3639
vn 0.5788 -0.5567 -0.5959
vn 0.3255 0.5147 -0.7932
vn -0.1055 -0.7993 -0.5917
vn -0.5118 0.5568 -0.6543
vn -0.2878 0.8260 -0.4846
vn -0.0536 -0.8257 -0.5616
vn 0.1432 -0.4284 -0.8922
vn 0.1098 0.2275 -0.9676
vn 0.2162 0.3763 -0.9009
vn 0.6251 -0.4401 -0.6446
vn 0.3030 -0.7724 -0.5583
vn -0.1672 -0.1033 -0.9805
vn -0.4669 -0.6808 -0.5644
vn -0.3524 -0.7795 -0.5179
vn 0.0611 -0.2148 -0.9747
vn 0.1465 -0.3446 -0.9272
vn -0.0226 -0.5564 -0.8306
vn 0.6854 -0.4914 -0.5374
vn 0.1400 -0.8424 -0.5203
vn 0.0257 -0.7719 -0.6353
vn 0.4616 -0.5312 -0.7105
vn 0.4083 -0.3840 -0.8281
vn 0.0210 -0.8419 -0.5393
vn -0.5825 -0.2669 -0.7677
vn -0.4725 -0.1066 -0.8749
vn 0.0768 -0.6415 -0.7633
vn 0.2824 -0.4326 -0.8562
vn -0.0396 -0.2253 -0.9735
vn -0.4568 -0.4847 -0.7459
vn 0.4606 -0.7177 -0.5223
vn 0.7360 -0.4444 -0.5107
vn 0.2487 -0.1127 -0.9620
vn 0.0054 -0.2895 -0.9572
vn 0.3798 -0.6605 -0.6477
vn -0.0944 -0.8240 -0.5586
vn 0.0778 -0.9442 -0.3201
vn 0.1027 -0.9009 -0.4216
vn -0.3449 -0.7341 -0.5849
vn 0.2364 -0.3541 -0.9049
vn 0.2694 -0.3707 -0.8888
vn 0.0544 -0.5698 -0.8200
vn -0.5022 -0.2965 -0.8123
vn -0.5354 -0.3138 -0.7842
vn -0.2419 0.8487 -0.4704
vn 0.2512 0.9621 0.1066
vn -0.4333 0.8596 0.2709
vn -0.0264 -0.9995 -0.0149
vn -0.4621 0.2407 -0.8535
vn -0.8357 -0.2028 -0.5103
vn -0.5509 -0.7392 -0.3874
vn 0.1801 0.9758 -0.1238
vn 0.3853 0.9128 -0.1353
vn -0.4508 -0.8762 -0.1703
vn 0.4439 -0.6431 0.6240
vn 0.3209 0.9330 -0.1627
vn 0.0671 0.9851 -0.1585
vn 0.6928 0.7187 -0.0592
vn 0.4175 0.9017 0.1124
vn 0.3389 0.9390 -0.0590
vn 0.5235 0.8520 -0.0018
vn 0.2194 -0.8901 0.3995
vn 0.2951 -0.8164 0.4965
vn -0.3580 0.9117 -0.2016
vn -0.6441 -0.7459 0.1699
vn -0.2108 -0.9759 -0.0568
vn -0.3192 -0.9096 -0.2660
vn -0.9012 -0.3475 -0.2591
vn -0.6978 0.3133 -0.6442
vn -0.6806 0.2123 -0.7013
vn -0.8607 -0.0092 -0.5090
vn -0.3515 -0.6620 -0.6620
vn -0.3748 -0.8866 -0.2709
vn -0.9691 -0.1063 0.2226
vn -0.8148 0.5593 -0.1524
vn -0.7786 -0.0126 -0.6274
vn -0.8449 -0.3735 -0.3828
vn -0.5441 -0.6459 -0.5355
vn -0.5292 -0.7314 -0.4302
vn -0.6737 -0.6195 -0.4029
vn -0.6197 -0.7333 -0.2796
vn -0.6224 -0.6954 -0.3592
vn -0.5374 -0.2380 -0.8090
vn -0.7886 0.0713 -0.6108
vn -0.7388 -0.6502 0.1769
vn -0.4764 -0.8716 -0.1156
vn -0.5139 -0.6660 -0.5407
vn -0.7639 -0.5421 -0.3503
vn -0.6964 -0.2623 -0.6680
vn -0.7232 -0.2311 -0.6508
vn -0.7835 -0.4447 -0.4340
vn -0.9228 -0.2754 -0.2693
vn -0.8745 -0.4806 -0.0650
vn -0.5914 -0.1687 -0.7885
vn -0.8288 -0.4582 -0.3211
vn -0.3400 -0.7033 -0.6243
vn -0.4199 -0.8723 -0.2504
vn -0.9208 -0.3420 0.1876
vn -0.9918 0.0443 -0.1203
vn -0.7285 -0.3046 -0.6137
vn -0.7769 -0.5200 -0.3550
vn -0.5442 -0.6695 -0.5056
vn -0.5344 -0.7711 -0.3461
vn -0.6096 -0.7276 -0.3146
vn -0.6417 -0.6305 -0.4366
vn -0.8503 -0.5218 -0.0685
vn -0.6913 -0.6518 0.3119
vn 0.0733 0.9890 0.1284
vn -0.0277 0.3404 -0.9399
vn 0.0575 0.9939 -0.0937
vn 0.0570 0.9941 -0.0926
vn 0.0560 0.9943 -0.0905
vn -0.7279 0.0888 0.6799
vn -0.5947 -0.7653 0.2462
vn -0.8360 -0.3335 0.4356
vn -0.6858 -0.7242 -0.0717
vn -0.0428 -0.8849 -0.4638
vn 0.1542 0.9880 0.0037
vn 0.0555 0.9944 -0.0896
vn 0.1106 0.9903 0.0837
vn -0.5278 0.7145 0.4594
vn -0.1167 -0.9929 0.0223
vn -0.2715 0.7722 0.5745
vn 0.0761 -0.8205 0.5665
vn -0.0899 -0.9535 -0.2876
vn 0.3507 0.9268 -0.1342
vn 0.1300 0.9903 -0.0488
vn 0.0876 0.9731 -0.2130
vn -0.7308 -0.0116 0.6825
vn -0.2764 -0.8038 0.5269
vn -0.0282 0.5910 0.8062
vn -0.0669 0.6773 0.7326
vn -0.6762 -0.6025 0.4239
vn -0.0788 -0.9538 0.2898
vn -0.0843 -0.9585 0.2723
vn -0.0016 -0.9974 0.0719
vn -0.8340 -0.4257 0.3512
vn -0.5677 -0.7009 0.4319
vn -0.4502 -0.2664 0.8523
vn -0.0030 -0.7084 0.7058
vn -0.0635 -0.7919 0.6073
vn -0.7604 -0.2614 0.5946
vn -0.3325 0.4450 0.8315
vn -0.0458 0.0567 0.9973
vn -0.1891 -0.2551 0.9482
vn 0.2712 -0.7112 0.6485
vn -0.7216 -0.5850 0.3702
vn -0.6123 -0.6610 0.4338
vn -0.6138 -0.6292 0.4768
vn -0.4298 -0.7706 0.4705
vn -0.0059 -0.0522 0.9986
vn -0.1067 0.0993 0.9893
vn -0.6732 -0.5269 0.5188
vn 0.0812 -0.7855 0.6134
vn 0.0809 -0.7861 0.6128
vn 0.0773 -0.7901 0.6081
vn 0.0766 -0.7907 0.6073
vn -0.0052 -0.7723 0.6353
vn 0.3191 -0.3192 0.8923
vn 0.2862 -0.2877 0.9140
vn -0.9501 -0.3093 -0.0411
vn -0.4480 -0.8099 0.3785
vn -0.4482 -0.8097 0.3788
vn -0.4483 -0.8090 0.3801
vn -0.4481 -0.8090 0.3804
vn -0.5053 -0.7862 0.3557
vn -0.4574 -0.6982 0.5508
vn -0.3599 -0.7622 0.5381
vn -0.1495 -0.6165 0.7730
vn -0.4476 -0.5328 0.7181
vn -0.2693 -0.0758 0.9601
vn -0.0810 -0.2092 0.9745
vn -0.1163 -0.2626 0.9579
vn 0.3696 -0.5359 0.7591
vn 0.2061 -0.7139 0.6693
vn -0.2485 -0.4776 0.8427
vn 0.0384 0.5420 0.8395
vn 0.0402 0.9897 -0.1377
vn 0.0362 0.8457 -0.5325
vn 0.1640 0.8993 0.4055
vn 0.4074 -0.6801 0.6094
vn 0.6233 -0.0437 0.7808
vn 0.4185 -0.6448 0.6396
vn -0.0084 0.9998 -0.0167
vn 0.4578 -0.7670 0.4496
vn 0.1005 0.6435 -0.7588
vn -0.1309 -0.9709 0.2006
vn 0.1784 0.9799 0.0892
vn 0.1943 0.9768 0.0904
vn -0.0128 0.4524 0.8917
vn -0.0695 0.7058 0.7050
vn 0.1478 0.9889 0.0115
vn -0.2135 -0.9675 -0.1356
vn -0.5119 -0.8278 -0.2296
vn 0.3547 0.9258 0.1308
vn 0.2076 -0.8328 0.5132
vn 0.0112 -0.2633 0.9647
vn -0.0960 -0.6126 0.7845
vn 0.0450 -0.9145 0.4020
vn 0.3434 0.9077 0.2414
vn 0.6003 0.7386 0.3069
vn -0.1758 -0.9840 0.0280
vn -0.1596 -0.9862 0.0450
vn 0.5645 -0.1307 0.8151
vn 0.4187 0.1356 0.8979
vn 0.0190 -0.6327 0.7741
vn -0.1264 -0.3016 0.9450
vn 0.0854 0.0994 0.9914
vn 0.4817 -0.8264 0.2916
vn 0.5663 -0.7758 0.2784
vn 0.5810 -0.7101 0.3978
vn 0.8866 0.4596 -0.0515
vn 0.8709 0.4901 -0.0357
vn 0.4766 -0.6052 0.6376
vn 0.4863 -0.6167 0.6190
vn 0.4125 -0.6676 0.6198
vn 0.2040 -0.4952 0.8445
vn -0.1307 -0.8150 0.5645
vn 0.0366 -0.9748 0.2202
vn 0.7772 -0.2814 0.5628
vn 0.7384 -0.5365 0.4085
vn 0.5676 -0.7263 0.3878
vn 0.5099 -0.8229 0.2507
vn 0.7480 -0.6633 0.0227
vn 0.4606 -0.2092 0.8626
vn 0.6172 -0.2864 0.7328
vn 0.6094 -0.2606 0.7488
vn 0.5786 -0.2839 0.7646
vn 0.7775 -0.4496 0.4397
vn 0.2622 -0.9535 -0.1488
vn 0.0093 -0.9106 0.4132
vn 0.0686 -0.8456 0.5293
vn 0.0849 -0.8984 0.4310
vn 0.5824 -0.7543 0.3029
vn 0.5842 -0.7569 0.2927
vn 0.5833 -0.7557 0.2977
vn 0.5842 -0.7571 0.2924
vn 0.7802 -0.6063 0.1539
vn 0.9467 -0.0067 0.3222
vn 0.4745 -0.5838 0.6588
vn 0.4196 -0.5184 0.7451
vn -0.2619 0.9524 0.1559
vn 0.3208 0.9321 -0.1681
vn 0.4423 -0.8834 -0.1548
vn -0.7409 -0.2630 -0.6180
vn 0.5431 0.8194 0.1834
vn 0.6266 -0.7412 0.2408
vn 0.7678 -0.2590 0.5859
vn -0.1404 0.9901 -0.0025
vn -0.1154 0.9906 -0.0729
vn -0.1824 0.9682 0.1710
vn 0.1553 0.9251 -0.3465
vn 0.0832 0.9549 -0.2850
vn -0.1907 0.9793 0.0684
vn 0.2630 0.9214 0.2860
vn 0.6638 -0.5263 -0.5314
vn -0.2888 0.9355 0.2034
vn -0.1695 0.9852 -0.0275
vn 0.7769 -0.5536 -0.2999
vn -0.0908 -0.9932 -0.0728
vn 0.7507 -0.2108 0.6261
vn 0.3348 -0.9357 0.1112
vn 0.8398 0.2813 -0.4643
vn 0.5947 -0.3371 -0.7299
vn 0.6237 -0.5817 -0.5221
vn 0.9181 -0.0663 -0.3907
vn 0.4978 0.6749 -0.5447
vn 0.4776 0.6027 -0.6393
vn 0.6966 -0.7009 0.1534
vn 0.7737 -0.3166 0.5488
vn 0.9224 0.2928 0.2519
vn 0.5798 -0.7600 -0.2937
vn 0.6044 -0.2882 -0.7428
vn 0.7331 -0.0659 -0.6769
vn 0.8151 -0.4668 -0.3431
vn 0.4057 -0.7234 -0.5587
vn 0.4159 -0.7468 -0.5190
vn 0.9310 -0.3603 -0.0580
vn 0.9570 -0.0707 0.2814
vn 0.9610 -0.2703 0.0581
vn 0.6684 -0.6040 0.4341
vn 0.6444 -0.6926 0.3242
vn 0.8351 -0.2789 -0.4741
vn 0.5375 -0.5082 -0.6729
vn 0.5794 -0.6603 -0.4777
vn 0.6720 -0.6137 -0.4144
vn 0.5313 -0.0473 -0.8458
vn 0.7072 0.3752 -0.5992
vn 0.9539 -0.2953 -0.0532
vn 0.2316 -0.7348 -0.6375
vn 0.6194 -0.5453 0.5648
vn 0.5917 -0.7853 0.1821
vn 0.7152 -0.6978 -0.0393
vn 0.7945 -0.2747 0.5416
vn 0.9225 -0.1506 0.3555
vn 0.6943 -0.6596 -0.2878
vn 0.5882 -0.3447 -0.7316
vn 0.6216 -0.3271 -0.7118
vn 0.6171 -0.6780 -0.3994
vn 0.5368 -0.7158 -0.4467
vn 0.5783 -0.7675 -0.2765
vn 0.5602 -0.7749 -0.2927
vn 0.5020 -0.2575 -0.8256
vn 0.5406 -0.2335 -0.8082
vn 0.5374 -0.7127 -0.4509
vn 0.6470 -0.4040 -0.6467
vn 0.0446 -0.3578 -0.9327
vn -0.1202 -0.7108 -0.6930
vn -0.0072 -0.5410 -0.8410
vn 0.0948 -0.5613 -0.8222
vn 0.8426 -0.3996 -0.3610
vn 0.6685 -0.5769 -0.4693
vn 0.7188 -0.5688 -0.3998
vn -0.5446 -0.7271 -0.4181
vn 0.0515 -0.9745 0.2183
vn 0.3743 -0.8533 -0.3629
vn -0.1044 -0.6773 -0.7282
vn 0.1974 -0.3300 -0.9231
vn 0.3400 -0.3562 -0.8703
vn 0.4421 -0.8960 0.0419
vn -0.3097 -0.7749 -0.5510
vn -0.2137 -0.7165 -0.6641
vn -0.2166 -0.8965 -0.3865
vn -0.1994 -0.7139 -0.6713
vn -0.1609 -0.7408 -0.6521
vn 0.0496 -0.4859 -0.8726
vn 0.7707 -0.6372 0.0085
vn 0.7556 -0.3600 -0.5472
vn -0.1691 -0.2070 -0.9636
vn 0.0770 -0.7957 -0.6008
vn -0.1981 -0.6785 -0.7074
vn 0.0981 -0.5257 -0.8450
vn -0.2780 -0.3808 -0.8819
vn -0.7147 -0.6434 -0.2742
vn -0.0556 -0.8705 0.4890
vn -0.0224 -0.8084 0.5882
vn -0.1960 -0.8300 0.5222
vn -0.1913 -0.8324 0.5200
vn -0.1864 -0.8353 0.5172
vn -0.5657 -0.2853 -0.7737
vn 0.2211 -0.6168 -0.7555
vn 0.0151 -0.3774 -0.9259
vn 0.2700 -0.5028 -0.8212
vn 0.2700 -0.5027 -0.8212
vn 0.2701 -0.5027 -0.8212
vn 0.6700 -0.2665 -0.6928
vn 0.3072 -0.2388 -0.9212
vn 0.3670 -0.2859 -0.8852
vn -0.0978 -0.2406 -0.9657
vn 0.3685 -0.9295 0.0143
vn -0.0847 -0.9123 -0.4006
vn -0.1963 -0.8296 0.5228
vn -0.0459 -0.7369 0.6745
vn 0.2514 -0.5989 -0.7603
vn 0.3111 -0.6292 -0.7122
vn 0.2699 -0.5028 -0.8212
vn -0.0137 -0.3682 -0.9296
vn -0.0241 -0.9974 0.0674
vn -0.6937 -0.5793 -0.4281
vn -0.5544 -0.4287 -0.7134
vn -0.4712 -0.5318 -0.7037
vn -0.1849 -0.2493 -0.9506
vn 0.5913 -0.3327 -0.7346
vn 0.6793 -0.3705 -0.6335
vn 0.0758 -0.3649 -0.9280
vn 0.7170 -0.6917 0.0856
vn -0.0273 -0.9401 -0.3398
vn -0.1312 -0.8488 -0.5122
vn -0.3995 -0.7171 -0.5711
vn -0.4962 -0.4666 -0.7322
vn -0.4801 -0.4787 -0.7351
vn -0.0590 -0.4230 -0.9042
vn -0.2413 -0.7050 -0.6670
vn -0.1034 -0.9511 -0.2910
vn -0.4586 -0.4522 -0.7650
vn -0.8726 -0.4610 0.1614
vn -0.8801 -0.4251 -0.2115
vn -0.9268 -0.3701 0.0636
vn -0.2101 -0.5820 -0.7856
vn -0.8200 -0.4807 -0.3108
vn -0.1952 -0.6548 -0.7301
vn -0.7136 -0.6057 -0.3520
vn -0.7141 -0.6075 -0.3478
vn -0.7142 -0.6076 -0.3475
vn -0.8023 -0.3928 -0.4494
vn -0.6912 -0.4487 -0.5665
vn -0.1434 -0.9816 -0.1260
vn -0.3896 -0.9191 0.0589
vn -0.7136 -0.6056 -0.3523
vn -0.9448 -0.3269 0.0241
vn -0.6698 -0.7312 0.1294
vn -0.2970 -0.9025 -0.3118
vn -0.6928 -0.5191 0.5006
vn 0.7763 -0.2974 -0.5558
vn -0.2018 -0.2997 -0.9325
vn -0.9451 -0.2749 -0.1768
vn -0.9669 -0.2088 -0.1464
vn -0.7888 -0.3375 -0.5136
vn -0.3012 -0.8927 -0.3351
vn -0.5198 -0.8344 -0.1830
vn -0.8746 -0.4676 -0.1279
vn 0.6195 -0.2456 -0.7456
vn 0.5693 -0.2506 -0.7830
vn -0.0037 -0.5903 -0.8072
vn -0.8087 -0.1971 -0.5542
vn -0.8071 -0.1972 -0.5565
vn -0.8082 -0.1971 -0.5549
vn -0.8068 -0.1973 -0.5569
vn -0.8045 -0.3558 -0.4756
vn -0.6634 -0.4604 -0.5898
vn -0.5343 -0.7325 -0.4218
vn -0.5869 -0.6979 -0.4105
vn -0.8895 -0.4242 0.1696
vn -0.1257 -0.6087 -0.7834
vn 0.9662 -0.2469 0.0737
vn 0.2827 -0.4144 0.8651
vn 0.3544 -0.3693 0.8591
vn -0.3862 -0.3270 0.8625
vn -0.9633 -0.2671 0.0270
vn -0.5338 -0.6709 -0.5147
vn -0.6797 -0.4893 -0.5465
vn -0.6687 -0.4935 -0.5562
vn -0.5711 -0.5958 -0.5646
vn -0.7349 -0.5382 -0.4127
vn -0.5061 -0.1420 -0.8507
vn -0.6993 -0.1377 -0.7015
vn -0.1482 -0.4292 -0.8910
vn -0.9526 -0.3039 -0.0164
vn 0.2882 -0.4622 0.8386
vn 0.0086 -0.3882 0.9215
vn -0.5240 -0.3879 0.7583
vn -0.2719 -0.7285 0.6287
vn -0.2155 -0.7365 0.6412
vn -0.2151 -0.7368 0.6409
vn -0.2150 -0.7369 0.6409
vn -0.2148 -0.7371 0.6408
vn -0.4606 -0.6710 0.5811
vn 0.1339 -0.9888 0.0653
vn -0.7085 -0.6953 0.1209
vn -0.7823 -0.5431 0.3051
vn -0.7943 -0.5446 0.2692
vn 0.2408 -0.8078 0.5381
vn -0.4800 -0.8744 -0.0704
vn -0.4986 -0.8620 0.0914
vn -0.5600 -0.7321 -0.3878
vn -0.9201 -0.2703 -0.2836
vn -0.6386 -0.1169 -0.7606
vn -0.3243 -0.7323 0.5988
vn -0.4119 -0.8366 0.3613
vn -0.7313 -0.6787 0.0674
vn -0.6498 -0.6616 0.3743
vn -0.5782 -0.7482 0.3254
vn -0.5598 -0.7233 0.4042
vn -0.3592 -0.9332 -0.0092
vn -0.2929 -0.9257 0.2392
vn -0.5268 -0.7266 0.4410
vn -0.6130 -0.7689 0.1818
vn -0.6667 -0.6387 0.3841
vn -0.1518 -0.2726 0.9501
vn -0.7774 -0.6223 -0.0918
vn -0.7001 -0.6463 0.3034
vn -0.6099 -0.7826 0.1250
vn -0.3242 -0.6232 0.7117
vn -0.3661 -0.9148 0.1709
vn -0.2891 -0.9028 0.3183
vn -0.2164 -0.1577 0.9635
vn -0.5046 -0.4695 0.7246
vn -0.8809 -0.2849 -0.3780
vn -0.3717 -0.2280 0.8999
vn -0.3683 -0.2286 0.9012
vn -0.3731 -0.2277 0.8994
vn -0.4301 -0.7848 0.4462
vn -0.1635 -0.6400 0.7508
vn -0.1020 -0.7772 0.6209
vn -0.1825 -0.9794 0.0860
vn -0.3202 -0.8944 0.3123
vn -0.0583 -0.6486 0.7589
vn -0.1024 -0.5415 0.8344
vn -0.0051 -0.4635 0.8861
vn -0.9488 -0.1215 -0.2917
vn -0.3381 -0.1068 0.9350
vn -0.3668 -0.2289 0.9017
vn -0.3195 -0.2151 0.9228
vn 0.3091 -0.5706 0.7609
vn 0.2325 -0.7410 0.6299
vn 0.4157 -0.9095 0.0074
vn 0.4391 -0.8959 0.0679
vn 0.4390 -0.8959 0.0679
vn 0.4381 -0.8963 0.0680
vn 0.2702 -0.6410 0.7184
vn 0.4171 -0.2980 0.8586
vn 0.5271 -0.3970 0.7514
vn 0.3340 -0.7832 0.5244
vn 0.0921 -0.1579 -0.9831
vn 0.9426 -0.2825 0.1781
vn -0.1159 -0.1094 0.9872
vn -0.3003 -0.1374 0.9439
vn -0.2631 -0.2176 0.9399
vn -0.1171 -0.1861 0.9755
vn 0.2511 -0.7373 0.6272
vn 0.2351 -0.7612 0.6045
vn 0.4400 -0.8954 0.0678
vn 0.4807 -0.8453 0.2331
vn -0.1300 -0.3195 0.9386
vn -0.2805 -0.4396 0.8533
vn -0.1093 -0.8126 0.5725
vn -0.0964 -0.7737 0.6261
vn 0.2317 -0.6875 -0.6882
vn 0.9076 -0.3746 -0.1896
vn 0.5634 -0.6296 -0.5350
vn 0.2336 -0.7270 -0.6456
vn 0.6034 -0.7662 -0.2212
vn 0.6468 -0.5717 0.5048
vn 0.7634 -0.5898 0.2633
vn 0.2347 -0.4775 -0.8467
vn 0.3366 -0.3838 -0.8599
vn 0.8920 -0.4272 -0.1480
vn 0.7982 -0.5853 -0.1424
vn 0.4971 -0.6942 -0.5205
vn 0.6374 -0.4400 -0.6326
vn 0.5959 -0.7116 -0.3721
vn -0.4256 -0.8135 0.3964
vn 0.3237 -0.7408 0.5887
vn 0.8945 -0.4457 0.0352
vn 0.7727 -0.5677 -0.2841
vn 0.5818 -0.8000 -0.1467
vn 0.2010 -0.9139 -0.3528
vn 0.5152 -0.5294 -0.6741
vn 0.2518 -0.5638 -0.7866
vn 0.2955 -0.5402 -0.7880
vn 0.8970 -0.4404 -0.0367
vn 0.9346 -0.3297 -0.1333
vn 0.4300 -0.3901 -0.8142
vn -0.1526 -0.4746 -0.8669
vn 0.5198 -0.8537 0.0309
vn 0.7484 -0.6315 0.2025
vn 0.5661 -0.8043 -0.1809
vn 0.9459 -0.2401 -0.2181
vn 0.2474 -0.3339 -0.9096
vn 0.4072 -0.2467 -0.8794
vn 0.7380 -0.2392 -0.6310
vn 0.6017 -0.6932 -0.3967
vn -0.2273 -0.5292 -0.8175
vn -0.0424 -0.5094 -0.8595
vn 0.7664 -0.5802 0.2755
vn 0.8928 -0.3896 0.2260
vn 0.8341 -0.5506 -0.0335
vn 0.7470 -0.6583 -0.0927
vn 0.8071 -0.3156 0.4990
vn 0.5609 -0.5157 0.6477
vn 0.5137 -0.6976 0.4995
vn 0.9737 -0.2066 0.0958
vn 0.3861 -0.2960 -0.8737
vn 0.5612 -0.2338 -0.7940
vn 0.0992 -0.1935 -0.9761
vn -0.3437 -0.2203 -0.9129
vn 0.8328 -0.5534 0.0135
vn 0.9048 -0.4246 -0.0328
vn 0.9271 -0.3714 0.0497
vn 0.3191 -0.9088 0.2690
vn 0.5472 -0.6826 0.4844
vn 0.8137 -0.4845 0.3211
vn 0.7961 -0.5764 0.1841
vn 0.9723 -0.2267 -0.0573
vn 0.9774 -0.2043 0.0551
vn 0.9939 -0.1072 -0.0265
vn 0.4319 -0.1237 -0.8934
vn 0.2010 -0.1420 -0.9692
vn -0.0651 -0.1112 -0.9917
vn -0.5260 -0.1105 -0.8433
vn -0.4539 -0.7067 0.5428
vn -0.5108 -0.4020 0.7600
vn 0.1531 -0.9602 0.2335
vn 0.0292 -0.7910 0.6111
vn 0.0957 -0.1835 0.9784
vn 0.1267 -0.1380 0.9823
vn 0.2474 -0.9035 0.3499
vn -0.5620 -0.4437 0.6980
vn 0.5419 -0.3855 0.7469
vn 0.0440 -0.9851 -0.1663
vn 0.3905 -0.9126 -0.1209
vn 0.6642 -0.6886 0.2910
vn 0.7901 -0.5461 0.2784
vn -0.0277 -0.8417 0.5393
vn 0.7357 -0.5456 0.4013
vn 0.3851 -0.9058 -0.1770
vn 0.5746 -0.8066 -0.1386
vn 0.5492 -0.4250 0.7196
vn -0.0205 -0.7644 0.6445
vn -0.2420 -0.2909 0.9256
vn 0.5175 -0.2426 0.8206
vn 0.5010 -0.4016 0.7666
vn -0.2975 -0.5358 0.7902
vn -0.2294 -0.3860 0.8935
vn 0.0460 -0.3223 0.9455
vn -0.1042 -0.6715 0.7336
vn 0.6480 -0.4004 0.6479
vn 0.0320 -0.1582 0.9869
vn 0.3725 -0.1463 0.9164
vn 0.4286 -0.2225 0.8757
vn -0.0200 -0.2991 0.9540
vn -0.3055 -0.5224 0.7961
vn 0.7484 -0.3660 0.5531
vn 0.5955 -0.7472 0.2952
vn 0.2749 -0.8787 0.3902
vn 0.6747 -0.4480 0.5866
vn 0.8391 -0.2709 0.4717
vn 0.4463 -0.2467 0.8602
vn 0.7100 -0.1703 0.6833
vn 0.7185 -0.1751 0.6731
vn 0.6322 -0.1917 0.7507
vn 0.2077 -0.5186 0.8294
vn 0.7103 -0.4193 0.5654
vn 0.7562 -0.3681 0.5410
vn 0.8344 -0.3347 0.4378
vn 0.1725 -0.7719 0.6119
vn 0.5666 -0.7251 0.3913
vn 0.9138 -0.3377 0.2256
vn 0.7662 -0.4699 0.4383
vn -0.2028 -0.4273 0.8811
vn -0.5464 -0.3577 0.7573
vn 0.3554 -0.1191 0.9271
vn 0.6617 -0.0987 0.7432
vn 0.7218 -0.2059 0.6607
vn 0.6859 -0.2174 0.6945
vn 0.7891 -0.4449 0.4236
vn 0.7724 -0.4793 0.4168
vn 0.6402 -0.2953 0.7091
vn 0.1212 -0.7486 0.6519
vn 0.2215 -0.4956 0.8398
vn 0.4364 -0.3376 0.8340
vn 0.4366 -0.3378 0.8338
vn 0.4381 -0.3477 0.8290
vn 0.4381 -0.3484 0.8287
vn 0.4248 -0.3625 0.8295
vn -0.0000 -1.0000 -0.0000
vn -0.0000 1.0000 -0.0000
vn 0.9680 -0.0000 -0.2510
vn -0.9680 -0.0000 0.2510
vn 0.2510 -0.0000 0.9680
vn -0.2510 -0.0000 -0.9680
vn 0.0948 -0.0085 0.9955
vn 0.0918 -0.0087 0.9957
vn 0.0898 -0.0089 0.9959
vn 0.8651 -0.0089 0.5015
vn 0.8648 -0.0088 0.5020
vn 0.8653 -0.0089 0.5012
vn 0.6650 -0.0091 0.7468
vn 0.6607 -0.0097 0.7506
vn 0.6581 -0.0101 0.7529
vn 0.9947 -0.0100 -0.1019
vn 0.9949 -0.0098 -0.1000
vn 0.9946 -0.0101 -0.1031
vn 0.9757 -0.0098 0.2188
vn 0.9752 -0.0101 0.2209
vn 0.9749 -0.0102 0.2223
vn 0.7441 -0.0102 -0.6680
vn 0.9167 -0.0087 -0.3995
vn 0.9184 -0.0091 -0.3956
vn 0.9194 -0.0094 -0.3932
vn 0.2093 -0.0094 -0.9778
vn 0.5127 -0.0098 -0.8585
vn -0.4042 -0.0096 -0.9146
vn -0.4022 -0.0094 -0.9155
vn -0.4054 -0.0098 -0.9141
vn -0.0970 -0.0097 -0.9952
vn -0.0926 -0.0101 -0.9957
vn -0.0898 -0.0104 -0.9959
vn -0.8653 -0.0104 -0.5012
vn -0.6564 -0.0082 -0.7544
vn -0.6538 -0.0079 -0.7566
vn -0.6581 -0.0084 -0.7529
vn -0.9943 -0.0078 0.1065
vn -0.9945 -0.0080 0.1045
vn -0.9946 -0.0081 0.1031
vn -0.9760 -0.0082 -0.2176
vn -0.9754 -0.0085 -0.2205
vn -0.9749 -0.0087 -0.2223
vn -0.7443 -0.0087 0.6678
vn -0.7441 -0.0087 0.6680
vn -0.9186 -0.0088 0.3952
vn -0.9191 -0.0089 0.3939
vn -0.9194 -0.0090 0.3932
vn -0.2104 -0.0089 0.9776
vn -0.2122 -0.0087 0.9772
vn -0.2093 -0.0090 0.9778
vn -0.5063 -0.0089 0.8623
vn -0.5103 -0.0093 0.8600
vn -0.5127 -0.0096 0.8585
vn 0.4020 -0.0092 0.9156
vn 0.3965 -0.0087 0.9180
vn 0.4054 -0.0096 0.9141
vn 0.6146 -0.7582 -0.2177
vn -0.0410 0.9791 -0.1991
vn 0.5907 -0.5679 -0.5732
vn 0.4107 -0.8461 0.3398
vn -0.4428 0.8278 0.3444
vn -0.4897 0.4641 -0.7381
vn 0.3787 0.6721 0.6363
vn -0.7798 0.4678 -0.4161
vn -0.8827 -0.3949 -0.2546
vn 0.3032 -0.8564 -0.4180
vn -0.7268 -0.6820 -0.0818
vn 0.5848 -0.4092 -0.7004
vn 0.4651 -0.6952 -0.5480
vn -0.0994 0.8476 -0.5212
vn -0.0774 0.7561 -0.6499
vn 0.1068 0.9931 -0.0494
vn 0.0752 -0.9431 0.3238
vn -0.4178 -0.9038 -0.0930
vn -0.6927 0.6448 -0.3232
vn -0.8353 -0.5206 0.1765
vn -0.0265 -0.9994 -0.0212
vn 0.7807 -0.0339 0.6239
vn 0.6243 -0.0000 -0.7812
vn 0.2557 -0.9666 0.0155
vn -0.2557 0.9666 -0.0155
vn 0.9649 0.2561 0.0584
vn -0.0604 -0.0000 0.9982
vn 0.0604 -0.0000 -0.9982
vn 0.0766 -0.9970 0.0051
vn -0.0766 0.9970 -0.0051
vn 0.9948 0.0768 0.0663
vn -0.9948 -0.0768 -0.0663
vn -0.0665 -0.0000 0.9978
vn 0.2361 -0.9643 -0.1200
vn -0.2361 0.9643 0.1200
vn 0.8597 0.2648 -0.4368
vn 0.4530 -0.0000 0.8915
vn -0.0919 -0.9957 -0.0121
vn 0.0919 0.9957 0.0121
vn -0.9872 0.0927 -0.1301
vn 0.9872 -0.0927 0.1301
vn -0.1307 -0.0000 0.9914
vn 0.1307 -0.0000 -0.9914
vn -0.3001 -0.9336 0.1956
vn -0.7822 0.3582 0.5098
vn 0.7822 -0.3582 -0.5098
vn 0.5460 -0.0000 0.8378
vn -0.5460 -0.0000 -0.8378
vn 0.0967 -0.0083 0.9953
vn 0.8646 -0.0088 0.5024
vn 0.6676 -0.0088 0.7444
vn 0.9951 -0.0097 -0.0988
vn 0.9760 -0.0097 0.2174
vn 0.7548 -0.0085 -0.6560
vn 0.9157 -0.0085 -0.4017
vn 0.2236 -0.0080 -0.9747
vn 0.4971 -0.0080 -0.8677
vn -0.4010 -0.0093 -0.9161
vn -0.0996 -0.0094 -0.9950
vn -0.8558 -0.0084 -0.5172
vn -0.6521 -0.0077 -0.7581
vn -0.9941 -0.0077 0.1079
vn -0.9764 -0.0081 -0.2158
vn -0.9182 -0.0087 0.3960
vn -0.2133 -0.0086 0.9770
vn -0.5040 -0.0086 0.8637
vn 0.3932 -0.0083 0.9194
vn 0.1083 -0.9941 -0.0006
vn 0.5840 0.0641 -0.8092
vn -0.5840 -0.0641 0.8092
vn 0.8045 0.0873 0.5875
vn -0.8045 -0.0873 -0.5875
vn -0.1083 0.9941 0.0006
vn 0.7001 0.0606 0.7115
vn -0.9823 -0.0919 0.1634
vn 0.9824 0.0917 0.1626
vn -0.6995 -0.0614 0.7120
vn -0.8901 -0.0820 0.4483
vn -0.1502 -0.0017 0.9887
vn 0.4584 0.0353 -0.8880
vn -0.4559 -0.0643 -0.8877
vn -0.1477 -0.0307 -0.9886
vn 0.8872 0.1116 0.4477
vn 0.6968 0.0907 0.7115
vn -0.9790 -0.1220 0.1633
vn -0.9791 -0.1218 -0.1627
vn 0.6962 0.0915 -0.7120
vn -0.8868 -0.1121 0.4483
vn 0.1469 0.0318 -0.9886
vn 0.4552 0.0654 -0.8880
vn 0.4592 0.0342 0.8877
vn 0.1510 0.0006 0.9885
vn 0.8905 0.0815 0.4477
vn -0.9282 -0.1009 -0.3580
vn -0.9818 -0.1070 0.1568
vn 0.7723 0.0845 -0.6296
vn -0.3559 -0.0393 0.9337
vn 0.1559 0.0164 0.9876
vn -0.6259 -0.0677 -0.7769
vn -0.7001 -0.0611 -0.7115
vn 0.9822 0.0924 -0.1634
vn -0.9824 -0.0922 -0.1626
vn 0.6995 0.0619 -0.7120
vn -0.8901 -0.0825 0.4483
vn 0.1501 0.0022 -0.9887
vn -0.4584 -0.0358 0.8880
vn -0.4560 -0.0638 -0.8877
vn 0.1478 0.0302 0.9886
vn -0.8873 -0.1111 -0.4477
vn 0.6969 0.0902 0.7115
vn 0.9791 0.1215 -0.1633
vn 0.9792 0.1213 0.1627
vn -0.6963 -0.0910 0.7120
vn -0.8869 -0.1116 0.4483
vn -0.1470 -0.0313 0.9886
vn -0.4552 -0.0649 0.8880
vn 0.4591 0.0347 0.8877
vn -0.1509 -0.0011 -0.9885
vn -0.1510 -0.0011 -0.9885
vn 0.8904 0.0820 0.4477
vn 0.9282 0.1009 0.3580
vn -0.7723 -0.0845 0.6296
vn -0.1559 -0.0164 -0.9876
vn 0.6259 0.0677 0.7769
vn 0.6999 0.0625 0.7115
vn 0.9821 0.0938 -0.1634
vn 0.9822 0.0936 0.1626
vn 0.6993 0.0633 -0.7120
vn 0.8899 0.0839 -0.4483
vn 0.1500 0.0037 -0.9887
vn -0.4582 -0.0372 0.8881
vn -0.4561 -0.0624 -0.8877
vn -0.1479 -0.0288 -0.9886
vn -0.8874 -0.1096 -0.4477
vn -0.6971 -0.0887 -0.7115
vn -0.9792 -0.1200 0.1633
vn 0.9794 0.1198 0.1627
vn -0.6965 -0.0896 0.7120
vn 0.8871 0.1102 -0.4483
vn -0.1471 -0.0299 0.9887
vn -0.4554 -0.0634 0.8880
vn 0.4590 0.0362 0.8877
vn 0.1508 0.0025 0.9886
vn 0.8903 0.0834 0.4477
vn 0.9818 0.1070 -0.1568
vn 0.3559 0.0393 -0.9337
vn -0.6999 -0.0628 -0.7115
vn -0.9821 -0.0941 0.1634
vn 0.9822 0.0939 0.1626
vn -0.6993 -0.0636 0.7120
vn -0.8899 -0.0842 0.4483
vn -0.1499 -0.0040 0.9887
vn -0.4582 -0.0375 0.8881
vn 0.4561 0.0621 0.8877
vn 0.4562 0.0621 0.8877
vn -0.1480 -0.0285 -0.9886
vn 0.8875 0.1094 0.4477
vn -0.6971 -0.0885 -0.7115
vn 0.9793 0.1197 -0.1633
vn 0.9794 0.1196 0.1627
vn 0.9794 0.1195 0.1627
vn 0.6965 0.0893 -0.7120
vn 0.8871 0.1099 -0.4483
vn 0.1471 0.0296 -0.9887
vn 0.4554 0.0631 -0.8880
vn -0.4589 -0.0365 -0.8877
vn -0.1508 -0.0028 -0.9886
vn -0.8903 -0.0837 -0.4477
vn 0.6979 0.0631 0.7134
vn 0.6947 0.0633 0.7166
vn 0.6999 0.0630 0.7115
vn 0.9813 0.0953 -0.1671
vn 0.9817 0.0950 -0.1648
vn 0.9820 0.0949 -0.1634
vn 0.9825 0.0947 0.1607
vn 0.9823 0.0945 0.1619
vn 0.9822 0.0944 0.1626
vn 0.6995 0.0613 -0.7120
vn 0.8910 0.0823 -0.4465
vn 0.8926 0.0830 -0.4432
vn 0.8901 0.0819 -0.4483
vn 0.1501 0.0027 -0.9887
vn 0.4593 0.0389 -0.8874
vn 0.4613 0.0393 -0.8864
vn 0.4581 0.0386 -0.8881
vn -0.4543 -0.0599 -0.8889
vn -0.4509 -0.0592 -0.8906
vn -0.4563 -0.0605 -0.8878
vn -0.1483 -0.0260 -0.9886
vn -0.1488 -0.0260 -0.9885
vn -0.8884 -0.1070 -0.4464
vn -0.8880 -0.1071 -0.4472
vn -0.8877 -0.1071 -0.4477
vn -0.7023 -0.0870 -0.7065
vn -0.6992 -0.0872 -0.7096
vn -0.6972 -0.0872 -0.7115
vn -0.9786 -0.1186 0.1682
vn -0.9791 -0.1190 0.1652
vn -0.9793 -0.1193 0.1633
vn -0.9791 -0.1187 -0.1652
vn -0.9785 -0.1181 -0.1692
vn -0.9795 -0.1191 -0.1627
vn -0.6975 -0.0877 0.7112
vn -0.6988 -0.0877 0.7099
vn -0.6967 -0.0878 0.7120
vn -0.8835 -0.1080 0.4559
vn -0.8858 -0.1088 0.4512
vn -0.8872 -0.1092 0.4483
vn -0.1475 -0.0290 0.9886
vn -0.1480 -0.0290 0.9886
vn -0.1472 -0.0290 0.9887
vn -0.4472 -0.0620 0.8923
vn -0.4523 -0.0633 0.8896
vn -0.4553 -0.0640 0.8880
vn 0.4564 0.0357 0.8891
vn 0.4520 0.0358 0.8913
vn 0.4590 0.0356 0.8877
vn 0.1543 0.0036 0.9880
vn 0.1522 0.0031 0.9884
vn 0.1508 0.0027 0.9886
vn 0.8900 0.0837 0.4482
vn 0.8894 0.0838 0.4493
vn 0.8903 0.0836 0.4477
vn 0.0712 0.7072 -0.7034
vn 0.3355 -0.8334 -0.4392
vn -0.3679 0.9135 0.1737
vn -0.0848 -0.4607 -0.8835
vn 0.8219 -0.5693 0.0203
vn 0.8768 -0.4549 0.1559
vn 0.5546 -0.8316 -0.0302
vn -0.7535 0.6570 0.0251
vn 0.0929 -0.9610 0.2605
vn 0.1277 -0.9631 0.2370
vn -0.2298 -0.7467 0.6242
vn 0.2005 0.8285 -0.5228
vn -0.1815 -0.7473 -0.6393
vn -0.0726 -0.9430 -0.3249
vn 0.5314 -0.6256 0.5712
vn -0.0171 -0.9689 0.2467
vn -0.6745 0.6199 -0.4010
vn -0.4159 -0.7982 0.4358
vn -0.4951 0.8463 -0.1964
vn 0.3441 -0.8829 0.3193
vn 0.6927 0.0635 0.7184
vn 0.9811 0.0954 -0.1685
vn 0.9826 0.0947 0.1599
vn 0.6852 0.0627 -0.7256
vn 0.8934 0.0834 -0.4414
vn 0.1676 0.0070 -0.9858
vn 0.4624 0.0397 -0.8858
vn -0.4488 -0.0587 -0.8917
vn -0.8887 -0.1070 -0.4458
vn -0.7042 -0.0869 -0.7046
vn -0.9783 -0.1183 0.1700
vn -0.9781 -0.1178 -0.1717
vn -0.6996 -0.0877 0.7091
vn -0.8821 -0.1074 0.4586
vn -0.1483 -0.0290 0.9885
vn -0.4442 -0.0612 0.8938
vn 0.4494 0.0359 0.8926
vn 0.1557 0.0039 0.9878
vn 0.8892 0.0838 0.4499
vn 0.1624 -0.9859 -0.0406
vn 0.7121 0.7018 0.0180
vn 0.4485 0.8933 0.0285
vn 0.9887 0.1496 -0.0053
vn -0.8881 -0.4595 -0.0070
vn -0.8882 -0.4595 -0.0070
vn 0.8877 -0.4598 -0.0251
vn 0.9886 -0.1499 -0.0157
vn 0.4476 -0.8936 -0.0339
vn 0.7114 -0.7021 -0.0310
vn -0.1634 -0.9861 -0.0283
vn -0.1626 0.9861 0.0330
vn -0.1625 0.9861 0.0330
vn -0.7120 -0.7021 -0.0104
vn 0.4484 0.8936 0.0209
vn -0.9886 -0.1499 0.0129
vn 0.8880 0.4598 -0.0006
vn -0.8876 0.4595 0.0327
vn -0.9885 0.1496 0.0233
vn -0.4475 0.8933 0.0415
vn 0.7113 -0.7018 -0.0386
vn -0.1635 -0.9859 -0.0359
vn -0.1609 0.9861 0.0407
vn -0.1618 0.9860 0.0407
vn -0.1624 0.9859 0.0407
vn 0.7115 0.7025 0.0182
vn 0.7105 0.7034 0.0182
vn 0.7121 0.7018 0.0182
vn 0.4504 0.8924 0.0286
vn 0.4493 0.8929 0.0287
vn 0.4485 0.8933 0.0287
vn 0.9885 0.1510 -0.0051
vn 0.9882 0.1531 -0.0052
vn 0.9887 0.1496 -0.0051
vn 0.8893 0.4573 0.0069
vn 0.8886 0.4586 0.0070
vn 0.8882 0.4595 0.0071
vn 0.8882 -0.4587 -0.0250
vn 0.8891 -0.4571 -0.0251
vn 0.8877 -0.4598 -0.0250
vn 0.9887 -0.1494 -0.0158
vn 0.9886 -0.1495 -0.0158
vn 0.9886 -0.1499 -0.0158
vn 0.4456 -0.8946 -0.0340
vn 0.4467 -0.8940 -0.0339
vn 0.7119 -0.7016 -0.0310
vn 0.7126 -0.7008 -0.0311
vn -0.1681 -0.9854 -0.0282
vn -0.1653 -0.9858 -0.0281
vn -0.1634 -0.9862 -0.0281
vn 0.1648 -0.9858 -0.0329
vn 0.1680 -0.9852 -0.0331
vn 0.1626 -0.9862 -0.0328
vn -0.7159 -0.6981 -0.0103
vn -0.7136 -0.7005 -0.0102
vn -0.7120 -0.7021 -0.0102
vn -0.4465 -0.8945 -0.0209
vn -0.4437 -0.8959 -0.0212
vn -0.4484 -0.8936 -0.0207
vn -0.9889 -0.1478 0.0128
vn -0.9887 -0.1491 0.0129
vn -0.8874 -0.4610 0.0004
vn -0.8865 -0.4627 0.0003
vn -0.8880 -0.4598 0.0006
vn -0.8870 0.4606 0.0325
vn -0.8873 0.4600 0.0325
vn -0.8876 0.4595 0.0325
vn -0.9886 0.1486 0.0231
vn -0.9888 0.1472 0.0230
vn -0.9885 0.1496 0.0232
vn -0.4466 0.8938 0.0412
vn -0.4470 0.8936 0.0412
vn -0.4475 0.8933 0.0413
vn -0.7104 0.7028 0.0384
vn -0.7109 0.7023 0.0384
vn -0.7113 0.7018 0.0385
vn 0.1664 0.9854 0.0358
vn 0.1647 0.9857 0.0359
vn 0.1635 0.9859 0.0359
vn 0.4130 0.3584 0.8372
vn -0.2944 0.5466 0.7839
vn 0.6360 -0.1227 0.7619
vn 0.1258 -0.7621 -0.6351
vn -0.3480 0.6231 -0.7005
vn 0.3157 0.6648 0.6770
vn 0.1738 0.0795 0.9816
vn 0.3647 0.6172 -0.6972
vn -0.6346 -0.0777 -0.7689
vn 0.8324 0.3424 -0.4358
vn -0.8817 0.3027 -0.3619
vn 0.8741 -0.2677 -0.4054
vn 0.5241 -0.7674 0.3693
vn 0.4225 -0.4982 -0.7571
vn -0.0639 0.8325 -0.5503
vn -0.0979 -0.4334 -0.8959
vn 0.2563 0.6810 -0.6860
vn -0.3967 -0.1212 -0.9099
vn 0.4750 0.1873 0.8598
vn -0.7441 -0.2652 -0.6132
vn -0.9862 -0.0000 0.1658
vn 0.9862 -0.0000 -0.1658
vn -0.1658 -0.0000 -0.9862
vn 0.1658 -0.0000 0.9862
vn 0.6618 -0.0000 -0.7497
vn -0.6618 -0.0000 0.7497
vn -0.7497 -0.0000 -0.6618
vn 0.9992 -0.0000 -0.0394
vn -0.9992 -0.0000 0.0394
vn 0.0394 -0.0000 0.9992
vn -0.9748 -0.0000 -0.2232
vn -0.2232 -0.0000 0.9748
vn 0.2232 -0.0000 -0.9748
vn 0.9081 -0.0000 -0.4188
vn 0.4188 -0.0000 0.9081
vn -0.4188 -0.0000 -0.9081
vn -0.1603 0.9862 0.0406
vn 0.7099 0.7040 0.0181
vn 0.4511 0.8920 0.0285
vn 0.9880 0.1544 -0.0052
vn 0.8898 0.4564 0.0068
vn 0.8896 -0.4560 -0.0251
vn 0.4448 -0.8950 -0.0340
vn 0.7131 -0.7003 -0.0311
vn -0.1699 -0.9851 -0.0283
vn 0.1701 -0.9849 -0.0332
vn -0.7174 -0.6966 -0.0103
vn -0.4419 -0.8968 -0.0213
vn -0.9891 -0.1470 0.0128
vn -0.8859 -0.4638 0.0002
vn -0.8867 0.4611 0.0325
vn -0.9890 0.1462 0.0229
vn -0.4461 0.8940 0.0412
vn -0.7099 0.7032 0.0384
vn 0.1675 0.9852 0.0357
vn -0.7453 -0.0000 0.6667
vn 0.7453 -0.0000 -0.6667
vn 0.6160 -0.3827 0.6886
vn -0.3276 -0.8710 -0.3662
vn -0.1790 -0.9633 -0.2001
vn -0.5289 0.6088 -0.5913
vn -0.4667 -0.7141 -0.5217
vn 0.5289 -0.6088 0.5913
vn -0.3391 -0.8610 -0.3791
vn -0.4059 0.7934 -0.4537
vn 0.5740 0.5086 0.6417
vn 0.4059 -0.7934 0.4537
vn -0.4761 -0.7000 -0.5323
vn 0.2551 -0.9239 0.2852
vn 0.6422 0.2685 0.7179
vn -0.2551 0.9239 -0.2852
vn -0.5807 -0.4913 -0.6491
vn -0.0870 0.9914 -0.0973
vn -0.6667 -0.0100 -0.7453
vn 0.0870 -0.9914 0.0973
vn -0.6457 -0.2491 -0.7218
vn 0.0870 0.9914 0.0973
vn 0.6457 -0.2491 0.7218
vn 0.6667 -0.0100 0.7453
vn 0.6667 -0.0000 0.7453
vn -0.6667 -0.0000 -0.7453
vt 2.500000 2.500000
vt 2.545918 2.469741
vt 2.482091 2.450006
vt 0.844422 0.273030
vt 0.821429 0.288182
vt 0.846892 0.328552
vt 0.500000 0.500000
vt 0.482091 0.450006
vt 0.430249 0.500000
vt 0.482174 0.549764
vt 0.543945 0.528959
vt 0.857943 0.299521
vt 0.365669 0.125002
vt 0.416469 0.094603
vt 0.383269 0.065513
vt -0.023182 0.500000
vt -0.028486 0.437627
vt -0.032832 0.463623
vt 0.366288 0.873271
vt 0.291207 0.898593
vt 0.312701 0.914136
vt 0.829626 0.717219
vt 0.799173 0.756731
vt 0.841728 0.762903
vt 0.825848 0.249314
vt 0.335239 0.135699
vt -0.063548 0.538474
vt 0.391926 0.902267
vt 0.851623 0.696939
vt 0.642503 0.102189
vt 0.691769 0.133906
vt 0.632990 0.128747
vt 0.114898 0.246222
vt 0.142375 0.193108
vt 0.140607 0.263164
vt 0.129023 0.744469
vt 0.110263 0.692624
vt 0.153789 0.728149
vt 0.645438 0.906003
vt 0.577413 0.875705
vt 0.635728 0.878899
vt 0.941934 0.500000
vt 0.896835 0.546835
vt 0.912432 0.500000
vt 0.558919 0.500000
vt 0.519390 0.554128
vt 0.624091 0.500000
vt 0.575708 0.549891
vt 0.692537 0.500000
vt 0.636346 0.550938
vt 0.759762 0.500000
vt 0.703359 0.553014
vt 0.820895 0.500000
vt 0.777311 0.555516
vt 0.872274 0.500000
vt 0.828434 0.553365
vt 0.866557 0.550120
vt 0.540837 0.614001
vt 0.604804 0.611750
vt 0.563362 0.676881
vt 0.664811 0.608610
vt 0.627025 0.670587
vt 0.585485 0.738641
vt 0.737910 0.613448
vt 0.691375 0.669202
vt 0.642903 0.720520
vt 0.605604 0.794803
vt 0.783283 0.605833
vt 0.750546 0.665109
vt 0.717749 0.732182
vt 0.665435 0.780367
vt 0.622513 0.842005
vt 0.819834 0.598219
vt 0.804701 0.660043
vt 0.773629 0.722889
vt 0.734694 0.785546
vt 0.683830 0.833373
vt 0.874488 0.597625
vt 0.861997 0.658057
vt 0.813492 0.706589
vt 0.775884 0.761807
vt 0.733874 0.814079
vt 0.695256 0.872751
vt 0.450542 0.532592
vt 0.469288 0.585732
vt 0.487336 0.649742
vt 0.507581 0.700492
vt 0.526862 0.750591
vt 0.545298 0.798259
vt 0.562434 0.841067
vt 0.395834 0.568644
vt 0.406913 0.637167
vt 0.338378 0.606507
vt 0.433142 0.686633
vt 0.338633 0.687575
vt 0.281947 0.643694
vt 0.451070 0.758751
vt 0.359174 0.758813
vt 0.274199 0.731055
vt 0.230629 0.677512
vt 0.473689 0.811117
vt 0.398363 0.783720
vt 0.306595 0.784990
vt 0.229735 0.755234
vt 0.187499 0.705934
vt 0.495305 0.846043
vt 0.419554 0.841094
vt 0.328733 0.850126
vt 0.254539 0.814497
vt 0.198211 0.769674
vt 0.513958 0.869139
vt 0.441711 0.890749
vt 0.372828 0.855000
vt 0.276480 0.876605
vt 0.202897 0.845356
vt 0.175369 0.778578
vt 0.448659 0.466167
vt 0.379836 0.500000
vt 0.306575 0.542488
vt 0.251584 0.581852
vt 0.197284 0.619692
vt 0.161309 0.648796
vt 0.132973 0.672762
vt 0.391868 0.428742
vt 0.303528 0.456842
vt 0.332224 0.389438
vt 0.238411 0.500000
vt 0.221968 0.408390
vt 0.273644 0.350834
vt 0.162580 0.544471
vt 0.152646 0.454220
vt 0.156875 0.364331
vt 0.220373 0.315729
vt 0.098126 0.588277
vt 0.102333 0.500000
vt 0.091793 0.410332
vt 0.100559 0.324515
vt 0.175601 0.286225
vt 0.066173 0.622523
vt 0.035848 0.543696
vt 0.045019 0.457168
vt 0.031635 0.367723
vt 0.054221 0.290169
vt 0.042627 0.650702
vt -0.002084 0.582717
vt 0.002426 0.500000
vt -0.019224 0.414459
vt -0.011900 0.331332
vt 0.023610 0.264549
vt 0.518998 0.446964
vt 0.469146 0.413871
vt 0.409128 0.366097
vt 0.350002 0.325641
vt 0.282193 0.277125
vt 0.219878 0.235457
vt 0.173927 0.208626
vt 0.540013 0.388299
vt 0.488109 0.359393
vt 0.562084 0.326688
vt 0.432833 0.312503
vt 0.507252 0.308217
vt 0.583760 0.266174
vt 0.379364 0.278294
vt 0.450745 0.239527
vt 0.525759 0.259703
vt 0.603473 0.211145
vt 0.311197 0.221792
vt 0.397893 0.214967
vt 0.475294 0.207864
vt 0.544276 0.208470
vt 0.620041 0.164895
vt 0.258827 0.190997
vt 0.352115 0.197675
vt 0.414266 0.136483
vt 0.495504 0.168568
vt 0.560997 0.166780
vt 0.223829 0.178976
vt 0.302398 0.167063
vt 0.372240 0.143358
vt 0.444078 0.125123
vt 0.513352 0.146897
vt 0.575071 0.135663
vt 0.579107 0.447869
vt 0.591965 0.401940
vt 0.629210 0.326478
vt 0.646934 0.273261
vt 0.664327 0.221511
vt 0.680342 0.172953
vt 0.646463 0.445282
vt 0.672210 0.386515
vt 0.711660 0.444822
vt 0.675051 0.345231
vt 0.729828 0.390406
vt 0.797912 0.440360
vt 0.691073 0.296262
vt 0.761793 0.327480
vt 0.804302 0.386314
vt 0.868538 0.440118
vt 0.724577 0.226763
vt 0.756309 0.291219
vt 0.800244 0.342298
vt 0.847232 0.393367
vt 0.919976 0.442576
vt 0.737896 0.180519
vt 0.747297 0.265321
vt 0.827564 0.284138
vt 0.860049 0.342794
vt 0.889698 0.398409
vt 0.956556 0.446116
vt 0.935098 0.529705
vt 0.938550 0.561382
vt 0.926448 0.583621
vt 0.953254 0.597607
vt 0.905959 0.613042
vt 0.911228 0.621192
vt 0.904040 0.647676
vt 0.908472 0.654554
vt 0.921380 0.692832
vt 0.905549 0.689269
vt 0.875019 0.708240
vt 0.856454 0.734899
vt 0.870549 0.630207
vt 0.906589 0.682006
vt 0.849627 0.690234
vt 0.876764 0.707211
vt 0.853780 0.733138
vt 0.828546 0.759424
vt 0.868534 0.742860
vt 0.858837 0.780637
vt 0.812764 0.791031
vt 0.786378 0.818752
vt 0.861093 0.779976
vt 0.828128 0.799995
vt 0.811585 0.837433
vt 0.771420 0.850721
vt 0.718435 0.840431
vt 0.820368 0.788281
vt 0.813308 0.831043
vt 0.790988 0.863275
vt 0.741060 0.858823
vt 0.720245 0.895951
vt 0.685609 0.910399
vt 0.612899 0.920226
vt 0.572825 0.906595
vt 0.543058 0.884435
vt 0.537152 0.914855
vt 0.507464 0.915611
vt 0.500000 0.935323
vt 0.466116 0.945335
vt 0.459905 0.947716
vt 0.422515 0.955444
vt 0.421297 0.939415
vt 0.386892 0.928156
vt 0.355404 0.903651
vt 0.474866 0.910710
vt 0.429691 0.938870
vt 0.399278 0.897011
vt 0.388692 0.929406
vt 0.356487 0.900622
vt 0.308735 0.907878
vt 0.350503 0.917330
vt 0.295739 0.941404
vt 0.252190 0.927537
vt 0.235914 0.871351
vt 0.298563 0.940556
vt 0.245891 0.947943
vt 0.219776 0.905935
vt 0.181172 0.884691
vt 0.152513 0.852495
vt 0.257575 0.935827
vt 0.223630 0.911382
vt 0.180759 0.898546
vt 0.132896 0.887884
vt 0.138824 0.825002
vt 0.153065 0.766909
vt 0.092446 0.728265
vt 0.059584 0.705541
vt 0.037791 0.684912
vt -0.008429 0.692375
vt -0.015694 0.660449
vt -0.043011 0.660029
vt -0.074032 0.630318
vt -0.078747 0.624631
vt -0.087703 0.586600
vt -0.069487 0.579708
vt -0.097507 0.542890
vt -0.065763 0.500000
vt -0.025917 0.626240
vt -0.064490 0.587815
vt -0.048511 0.543888
vt -0.096083 0.545108
vt -0.061518 0.500000
vt -0.026170 0.457900
vt -0.084936 0.500000
vt -0.068490 0.456980
vt -0.085086 0.408980
vt -0.039089 0.370599
vt -0.067097 0.459292
vt -0.109027 0.410257
vt -0.084219 0.367369
vt -0.073056 0.321704
vt -0.025399 0.289808
vt -0.088895 0.417575
vt -0.087607 0.373461
vt -0.094760 0.324720
vt -0.071698 0.283686
vt -0.033624 0.250959
vt 0.031366 0.237525
vt 0.119574 0.207326
vt 0.111476 0.150389
vt 0.162314 0.157447
vt 0.153938 0.134349
vt 0.198277 0.135948
vt 0.191258 0.114561
vt 0.223435 0.099367
vt 0.232131 0.101271
vt 0.280115 0.112388
vt 0.291466 0.125102
vt 0.323183 0.113289
vt 0.354735 0.094481
vt 0.235780 0.128462
vt 0.283672 0.126779
vt 0.333147 0.144181
vt 0.321243 0.113712
vt 0.355822 0.097524
vt 0.391629 0.072838
vt 0.349811 0.080739
vt 0.380051 0.037259
vt 0.431779 0.074165
vt 0.476260 0.112074
vt 0.377907 0.037836
vt 0.423931 0.052882
vt 0.468115 0.080944
vt 0.507158 0.101408
vt 0.541409 0.130283
vt 0.421829 0.063558
vt 0.462394 0.080072
vt 0.500000 0.082290
vt 0.535352 0.105250
vt 0.571201 0.102472
vt 0.605793 0.106224
vt 0.685975 0.088792
vt 0.716158 0.111396
vt 0.723833 0.151156
vt 0.749878 0.128050
vt 0.771221 0.149535
vt 0.784295 0.145081
vt 0.774490 0.202739
vt 0.774609 0.209847
vt 0.797599 0.227916
vt 0.791695 0.237520
vt 0.843307 0.233815
vt 0.872454 0.254556
vt 0.755462 0.215658
vt 0.782125 0.237478
vt 0.810549 0.254786
vt 0.840089 0.234025
vt 0.869660 0.256397
vt 0.850430 0.309329
vt 0.885076 0.246238
vt 0.879816 0.291109
vt 0.899477 0.321177
vt 0.905022 0.357680
vt 0.879961 0.289016
vt 0.910575 0.312112
vt 0.937307 0.340164
vt 0.927480 0.380964
vt 0.960096 0.409781
vt 0.893028 0.316575
vt 0.936569 0.334815
vt 0.940648 0.370138
vt 0.979894 0.396657
vt 1.001621 0.429790
vt 0.980734 0.467180
vt 0.657276 0.939047
vt 0.698903 0.935015
vt 0.728740 0.903221
vt 0.746647 0.857295
vt 0.788532 0.848137
vt 0.793810 0.798045
vt 0.617402 0.944409
vt 0.662607 0.953926
vt 0.571158 0.918253
vt 0.700833 0.933995
vt 0.614659 0.942332
vt 0.531671 0.916252
vt 0.720817 0.880967
vt 0.656099 0.935753
vt 0.564155 0.900453
vt 0.492390 0.923751
vt 0.735518 0.831179
vt 0.687210 0.899230
vt 0.602928 0.905706
vt 0.523712 0.887466
vt 0.452874 0.920759
vt 0.765109 0.808165
vt 0.697240 0.832326
vt 0.638324 0.886130
vt 2.687210 2.899230
vt 2.638324 2.886130
vt 2.602928 2.905706
vt 0.552947 0.854932
vt 0.485485 0.883866
vt 0.418932 0.893441
vt 0.098829 0.764367
vt 0.132865 0.784661
vt 0.125491 0.842399
vt 0.138513 0.891475
vt 0.202508 0.884411
vt 0.248113 0.892568
vt 0.067211 0.740318
vt 0.085235 0.773327
vt 0.039862 0.710568
vt 0.134053 0.786199
vt 0.067487 0.737873
vt -0.013856 0.687814
vt 0.138767 0.836134
vt 0.101840 0.762385
vt 0.051682 0.700687
vt -0.032211 0.648199
vt 0.172229 0.864826
vt 0.163395 0.765789
vt 0.101363 0.716902
vt 0.019937 0.668690
vt -0.043546 0.606583
vt 0.242290 0.846089
vt 0.177967 0.805601
vt 0.147181 0.732505
vt 0.094954 0.676853
vt 0.013536 0.626817
vt -0.020165 0.561391
vt 1.979835 2.561391
vt 1.976818 2.500000
vt 1.936452 2.538474
vt 0.083555 0.225567
vt -0.001014 0.221798
vt -0.053492 0.246711
vt -0.075964 0.289485
vt -0.071590 0.340836
vt -0.053643 0.391437
vt 0.096207 0.186916
vt 0.069442 0.216266
vt 0.101565 0.135725
vt -0.004372 0.222606
vt 0.096555 0.184475
vt 0.163569 0.135659
vt -0.033777 0.261058
vt 0.086680 0.227624
vt 0.121033 0.147364
vt 0.206413 0.120634
vt -0.037483 0.311133
vt 0.031432 0.245048
vt 0.128031 0.206286
vt 0.196997 0.162741
vt 0.264397 0.132810
vt -0.009488 0.367181
vt 0.023801 0.292080
vt 0.133747 0.258642
vt 0.167674 0.184630
vt 2.128031 2.206286
vt 2.167674 2.184630
vt 2.196997 2.162741
vt 0.241783 0.153230
vt 0.321452 0.159145
vt 0.654103 0.069811
vt 0.610230 0.082742
vt 0.569642 0.090657
vt 0.530107 0.104308
vt 0.492717 0.094445
vt 0.455782 0.105205
vt 0.698909 0.064972
vt 0.659326 0.055233
vt 0.725004 0.103364
vt 0.607928 0.083637
vt 0.700356 0.067037
vt 0.755972 0.129197
vt 0.562795 0.108037
vt 0.652949 0.073040
vt 0.718194 0.123558
vt 0.774150 0.169217
vt 0.522565 0.131274
vt 0.597214 0.116818
vt 0.686263 0.102788
vt 0.743260 0.157934
vt 0.758497 0.237777
vt 0.486177 0.134438
vt 0.551738 0.153170
vt 0.635533 0.121661
vt 0.696297 0.169262
vt 0.744024 0.216344
vt 0.775611 0.263488
vt 0.977903 0.500000
vt 1.010875 0.463328
vt 1.017252 0.423781
vt 0.970445 0.393198
vt 0.924223 0.368011
vt 0.903084 0.338742
vt 0.960227 0.533036
vt 0.994098 0.500000
vt 0.954450 0.566965
vt 1.011003 0.461330
vt 0.957952 0.534655
vt 0.948611 0.601845
vt 0.995430 0.422928
vt 0.974317 0.500000
vt 0.938344 0.568191
vt 0.889215 0.621097
vt 0.926060 0.397730
vt 0.971562 0.462269
vt 0.920210 0.533622
vt 0.909045 0.598186
vt 2.909045 2.598186
vt 2.886864 2.654769
vt 2.889215 2.621097
vt 0.886864 0.654769
vt 0.881193 0.374399
vt 0.938234 0.427802
vt 0.920304 0.500000
vt 0.891537 0.564505
vt 0.846602 0.614203
vt 2.846602 2.614203
vt 2.858685 2.677277
vt 0.858685 0.677277
vt 0.807620 0.702718
vt 0.777668 0.682980
vt 0.769164 0.740521
vt 0.739345 0.657726
vt 0.732070 0.719164
vt 0.693748 0.627678
vt 0.691027 0.695472
vt 0.643607 0.594635
vt 0.643990 0.667376
vt 0.592555 0.560993
vt 0.581447 0.620016
vt 0.533405 0.593251
vt 0.724044 0.787057
vt 0.669221 0.749355
vt 2.732070 2.719164
vt 2.669221 2.749355
vt 2.724044 2.787057
vt 0.664964 0.837241
vt 2.643990 2.667376
vt 2.629331 2.737688
vt 2.691027 2.695472
vt 0.629331 0.737688
vt 0.610550 0.808600
vt 2.610549 2.808600
vt 2.664964 2.837241
vt 0.580228 0.840174
vt 2.643607 2.594635
vt 2.581447 2.620016
vt 0.572720 0.703000
vt 0.545747 0.741923
vt 0.524460 0.789226
vt 0.504626 0.841007
vt 0.511773 0.639207
vt 2.511773 2.639207
vt 2.572720 2.703000
vt 0.492116 0.708492
vt 0.470680 0.773515
vt 0.450174 0.828072
vt 0.432794 0.867137
vt 0.462455 0.604810
vt 0.441746 0.662621
vt 0.421407 0.719401
vt 0.402910 0.771036
vt 0.387365 0.814433
vt 0.375214 0.848351
vt 0.298540 0.865344
vt 0.312938 0.817017
vt 0.335200 0.754309
vt 0.360028 0.687973
vt 0.377590 0.630522
vt 0.414794 0.556150
vt 0.241250 0.814813
vt 0.245672 0.771184
vt 0.214322 0.732702
vt 0.287269 0.688082
vt 0.218023 0.685821
vt 0.160146 0.678506
vt 2.441746 2.662621
vt 2.377590 2.630522
vt 2.360028 2.687973
vt 2.314513 2.622235
vt 0.314513 0.622235
vt 0.242310 0.622880
vt 0.144383 0.632856
vt 0.076511 0.630050
vt 0.328839 0.563944
vt 0.235783 0.568879
vt 0.146548 0.570758
vt 2.146548 2.570758
vt 2.078482 2.568490
vt 2.144383 2.632856
vt 0.078482 0.568490
vt 0.023044 0.565214
vt 2.430249 2.500000
vt 2.353095 2.500000
vt 2.414794 2.556150
vt 0.353095 0.500000
vt 2.272066 2.500000
vt 2.328839 2.563944
vt 0.272066 0.500000
vt 0.192482 0.500000
vt 0.120110 0.500000
vt 0.059285 0.500000
vt 0.011745 0.500000
vt 0.007509 0.432662
vt 0.063775 0.429120
vt 2.192482 2.500000
vt 2.140424 2.428015
vt 2.120110 2.500000
vt 0.223278 0.427861
vt 0.307845 0.428212
vt 0.411550 0.441712
vt 0.030743 0.355894
vt 0.140423 0.428015
vt 0.100765 0.350849
vt 0.091534 0.285456
vt 0.185996 0.350266
vt 0.207286 0.307103
vt 0.183001 0.241784
vt 2.091534 2.285456
vt 2.183001 2.241784
vt 2.133747 2.258642
vt 0.307450 0.373110
vt 2.307450 2.373111
vt 2.268667 2.295470
vt 2.185996 2.350266
vt 0.268667 0.295470
vt 0.261596 0.245795
vt 0.253900 0.200578
vt 0.385254 0.377649
vt 0.359753 0.311655
vt 0.344671 0.260305
vt 0.335183 0.220680
vt 2.261596 2.245795
vt 2.335183 2.220680
vt 2.253900 2.200578
vt 0.327034 0.186330
vt 0.462281 0.394705
vt 0.441477 0.336626
vt 2.385254 2.377649
vt 2.441477 2.336627
vt 2.359753 2.311656
vt 0.421043 0.279583
vt 0.402461 0.227710
vt 0.386843 0.184112
vt 0.374637 0.150037
vt 0.838388 0.659281
vt 0.830224 0.593263
vt 0.853753 0.533303
vt 0.902706 0.462089
vt 0.849130 0.401397
vt 0.827428 0.345878
vt 2.830224 2.593263
vt 2.838388 2.659281
vt 0.803988 0.633549
vt 0.814582 0.569102
vt 0.751136 0.599297
vt 2.751136 2.599297
vt 2.693748 2.627677
vt 2.739345 2.657726
vt 0.835912 0.500000
vt 0.758846 0.534115
vt 0.688252 0.562028
vt 0.831786 0.427119
vt 0.797092 0.460844
vt 0.720966 0.500000
vt 2.758846 2.534115
vt 2.720966 2.500000
vt 2.688252 2.562028
vt 0.651411 0.533259
vt 0.801389 0.367592
vt 0.763115 0.395966
vt 0.707041 0.431781
vt 0.659691 0.464922
vt 0.601504 0.500000
vt 0.790132 0.308807
vt 0.750089 0.335194
vt 0.702445 0.366591
vt 2.702445 2.366591
vt 2.650053 2.401117
vt 2.707041 2.431781
vt 0.650053 0.401117
vt 0.596710 0.436269
vt 0.545918 0.469741
vt 0.432900 0.133443
vt 0.452095 0.184575
vt 0.472510 0.243550
vt 0.492493 0.301450
vt 0.511194 0.367642
vt 0.532731 0.408631
vt 0.504438 0.172872
vt 0.523257 0.225002
vt 0.576528 0.175518
vt 0.544626 0.264008
vt 0.608320 0.197627
vt 0.663163 0.166442
vt 0.571254 0.301096
vt 0.626773 0.267015
vt 2.544626 2.264008
vt 2.626773 2.267015
vt 2.608320 2.197627
vt 0.675549 0.241322
vt 0.722800 0.214538
vt 0.584493 0.375496
vt 0.632539 0.345936
vt 0.667805 0.328291
vt 2.667804 2.328291
vt 2.675549 2.241322
vt 0.708387 0.303202
vt 2.708387 2.303202
vt 2.745521 2.280607
vt 2.722800 2.214538
vt 0.745520 0.280607
vt 2.632539 2.345936
vt 0.900000 0.100000
vt 0.100000 0.900000
vt 0.100000 0.100000
vt 0.000000 0.075000
vt 0.050000 0.323672
vt 0.050000 0.075000
vt 0.100000 0.075000
vt 0.150000 0.294325
vt 0.150000 0.075000
vt 0.200000 0.075000
vt 0.250000 0.292624
vt 0.250000 0.075000
vt 0.300000 0.075000
vt 0.350000 0.310705
vt 0.350000 0.075000
vt 0.400000 0.075000
vt 0.450000 0.300858
vt 0.450000 0.075000
vt 0.500000 0.075000
vt 0.550000 0.288845
vt 0.550000 0.075000
vt 0.600000 0.075000
vt 0.600000 0.338737
vt 0.650000 0.075000
vt 0.700000 0.347791
vt 0.700000 0.075000
vt 0.750000 0.329279
vt 0.750000 0.075000
vt 0.800000 0.075000
vt 0.850000 0.322191
vt 0.850000 0.075000
vt 0.900000 0.075000
vt 0.950000 0.306165
vt 0.950000 0.075000
vt 1.000000 0.075000
vt 2.100000 2.100000
vt 2.500000 2.900000
vt 2.900000 2.100000
vt 0.900000 0.900000
vt 0.000000 0.342592
vt 0.100000 0.327190
vt 0.200000 0.304534
vt 0.300000 0.335504
vt 0.400000 0.351942
vt 0.500000 0.312702
vt 0.650000 0.361954
vt 0.800000 0.330070
vt 0.900000 0.332946
vt 1.000000 0.342592
vt 0.050000 0.221630
vt 0.150000 0.221630
vt 0.250000 0.221630
vt 0.200000 0.221630
vt 0.350000 0.221630
vt 0.450000 0.221630
vt 0.550000 0.221630
vt 0.500000 0.221630
vt 0.650000 0.221630
vt 0.750000 0.221630
vt 0.850000 0.221630
vt 0.800000 0.221630
vt 0.950000 0.221630
vt 2.083333 2.221630
vt 2.000000 2.236629
vt 2.000000 2.221630
vt 2.166667 2.221630
vt 2.083333 2.236629
vt 2.166667 2.236629
vt 2.250000 2.221630
vt 2.333333 2.221630
vt 2.250000 2.236629
vt 2.416667 2.221630
vt 2.333333 2.236629
vt 2.416667 2.236629
vt 2.500000 2.221630
vt 2.500000 2.236629
vt 2.583333 2.221630
vt 2.583333 2.236629
vt 2.666667 2.221630
vt 2.750000 2.221630
vt 2.666667 2.236629
vt 2.750000 2.236629
vt 2.833333 2.221630
vt 2.833333 2.236629
vt 2.916667 2.221630
vt 2.916667 2.236629
vt 0.000000 0.236630
vt 0.050000 0.388293
vt 0.000000 0.388293
vt 0.100000 0.236630
vt 0.050000 0.236630
vt 0.150000 0.388293
vt 0.100000 0.388293
vt 0.200000 0.236630
vt 0.150000 0.236630
vt 0.250000 0.388293
vt 0.200000 0.388293
vt 0.300000 0.236630
vt 0.250000 0.236630
vt 0.350000 0.388293
vt 0.300000 0.388293
vt 0.400000 0.236630
vt 0.350000 0.236630
vt 0.450000 0.388293
vt 0.400000 0.388293
vt 0.500000 0.236630
vt 0.450000 0.236630
vt 0.550000 0.388293
vt 0.500000 0.388293
vt 0.600000 0.236630
vt 0.550000 0.236630
vt 0.650000 0.388293
vt 0.600000 0.388293
vt 0.700000 0.236630
vt 0.650000 0.236630
vt 0.750000 0.388293
vt 0.750000 0.236630
vt 0.800000 0.236630
vt 0.850000 0.388293
vt 0.850000 0.236630
vt 0.900000 0.236630
vt 0.950000 0.388293
vt 0.900000 0.388293
vt 1.000000 0.236630
vt 0.950000 0.236630
vt 2.000000 2.403293
vt 2.083333 2.388293
vt 2.000000 2.388293
vt 2.166667 2.388293
vt 2.083333 2.403293
vt 2.250000 2.388293
vt 2.166667 2.403293
vt 2.333333 2.388293
vt 2.250000 2.403293
vt 2.416667 2.388293
vt 2.333333 2.403293
vt 2.416667 2.403293
vt 2.500000 2.388293
vt 2.583333 2.388293
vt 2.500000 2.403293
vt 2.583333 2.403293
vt 2.666667 2.388293
vt 2.666667 2.403293
vt 2.750000 2.388293
vt 2.750000 2.403293
vt 2.833333 2.388293
vt 2.916667 2.388293
vt 2.833333 2.403293
vt 2.916667 2.403293
vt 0.000000 0.403293
vt 0.050000 0.571627
vt 0.050000 0.403293
vt 0.100000 0.403293
vt 0.150000 0.571627
vt 0.150000 0.403293
vt 0.200000 0.403293
vt 0.250000 0.571627
vt 0.250000 0.403293
vt 0.300000 0.403293
vt 0.350000 0.571627
vt 0.300000 0.571627
vt 0.400000 0.403293
vt 0.350000 0.403293
vt 0.450000 0.571627
vt 0.450000 0.403293
vt 0.500000 0.403293
vt 0.550000 0.571627
vt 0.550000 0.403293
vt 0.600000 0.403293
vt 0.650000 0.571627
vt 0.600000 0.571627
vt 0.700000 0.403293
vt 0.650000 0.403293
vt 0.750000 0.571627
vt 0.700000 0.571627
vt 0.800000 0.403293
vt 0.750000 0.403293
vt 0.850000 0.571627
vt 0.850000 0.403293
vt 0.900000 0.403293
vt 0.950000 0.571627
vt 0.950000 0.403293
vt 1.000000 0.403293
vt 2.083333 2.571627
vt 2.000000 2.586627
vt 2.000000 2.571627
vt 2.083333 2.586627
vt 2.166667 2.571627
vt 2.166667 2.586627
vt 2.250000 2.571627
vt 2.250000 2.586627
vt 2.333333 2.571627
vt 2.416667 2.571627
vt 2.333333 2.586627
vt 2.416667 2.586627
vt 2.500000 2.571627
vt 2.500000 2.586627
vt 2.583333 2.571627
vt 2.666667 2.571627
vt 2.583333 2.586627
vt 2.666667 2.586627
vt 2.750000 2.571627
vt 2.750000 2.586627
vt 2.833333 2.571627
vt 2.833333 2.586627
vt 2.916667 2.571627
vt 2.916667 2.586627
vt 0.000000 0.586627
vt 0.050000 0.758769
vt 0.000000 0.758769
vt 0.100000 0.586627
vt 0.050000 0.586627
vt 0.150000 0.758769
vt 0.150000 0.586627
vt 0.200000 0.586627
vt 0.250000 0.758769
vt 0.200000 0.758769
vt 0.300000 0.586627
vt 0.250000 0.586627
vt 0.350000 0.758769
vt 0.300000 0.758769
vt 0.400000 0.586627
vt 0.350000 0.586627
vt 0.450000 0.758769
vt 0.450000 0.586627
vt 0.500000 0.586627
vt 0.550000 0.758769
vt 0.550000 0.586627
vt 0.600000 0.586627
vt 0.650000 0.758769
vt 0.600000 0.758769
vt 0.700000 0.586627
vt 0.650000 0.586627
vt 0.750000 0.758769
vt 0.700000 0.758769
vt 0.800000 0.586627
vt 0.750000 0.586627
vt 0.850000 0.758769
vt 0.800000 0.758769
vt 0.900000 0.586627
vt 0.850000 0.586627
vt 0.950000 0.758769
vt 0.900000 0.758769
vt 1.000000 0.586627
vt 0.950000 0.586627
vt 2.083333 2.758769
vt 2.000000 2.773769
vt 2.000000 2.758769
vt 2.166667 2.758769
vt 2.083333 2.773769
vt 2.166667 2.773769
vt 2.250000 2.758769
vt 2.333333 2.758769
vt 2.250000 2.773769
vt 2.416667 2.758769
vt 2.333333 2.773769
vt 2.500000 2.758769
vt 2.416667 2.773769
vt 2.583333 2.758769
vt 2.500000 2.773769
vt 2.666667 2.758769
vt 2.583333 2.773769
vt 2.666667 2.773769
vt 2.750000 2.758769
vt 2.750000 2.773769
vt 2.833333 2.758769
vt 2.916667 2.758769
vt 2.833333 2.773769
vt 2.916667 2.773769
vt 0.000000 0.948380
vt 0.050000 0.773769
vt 0.000000 0.773769
vt 0.100000 0.956851
vt 0.100000 0.773769
vt 0.150000 0.952162
vt 0.150000 0.773769
vt 0.200000 0.919112
vt 0.200000 0.773769
vt 0.250000 0.773769
vt 0.250000 0.930429
vt 0.300000 0.773769
vt 0.300000 0.962160
vt 0.350000 0.773769
vt 0.350000 0.971428
vt 0.400000 0.773769
vt 0.450000 0.987655
vt 0.450000 0.773769
vt 0.500000 0.983332
vt 0.500000 0.773769
vt 0.550000 0.964263
vt 0.550000 0.773769
vt 0.600000 0.952120
vt 0.600000 0.773769
vt 0.650000 0.773769
vt 0.650000 0.968975
vt 0.700000 0.773769
vt 0.750000 0.954906
vt 0.750000 0.773769
vt 0.800000 0.773769
vt 0.850000 0.935016
vt 0.850000 0.773769
vt 0.900000 0.773769
vt 0.950000 0.944396
vt 0.950000 0.773769
vt 1.000000 0.773769
vt 0.000000 0.221630
vt 0.100000 0.221630
vt 0.300000 0.221630
vt 0.400000 0.221630
vt 0.600000 0.221630
vt 0.700000 0.221630
vt 0.900000 0.221630
vt 1.000000 0.221630
vt 2.100000 2.900000
vt 2.900000 2.900000
vt 0.700000 0.388293
vt 0.800000 0.388293
vt 1.000000 0.388293
vt 0.000000 0.571627
vt 0.100000 0.571627
vt 0.200000 0.571627
vt 0.400000 0.571627
vt 0.500000 0.571627
vt 0.800000 0.571627
vt 0.900000 0.571627
vt 1.000000 0.571627
vt 0.100000 0.758769
vt 0.400000 0.758769
vt 0.500000 0.758769
vt 1.000000 0.758769
vt 0.050000 0.966278
vt 0.400000 0.988746
vt 0.700000 0.976827
vt 0.800000 0.956709
vt 0.900000 0.952893
vt 1.000000 0.948380
vt 0.000000 0.000000
vt 0.050000 0.437500
vt 0.000000 0.437500
vt 0.100000 0.000000
vt 0.050000 0.000000
vt 0.150000 0.437500
vt 0.150000 0.000000
vt 0.200000 0.000000
vt 0.250000 0.437500
vt 0.200000 0.437500
vt 0.300000 0.000000
vt 0.250000 0.000000
vt 0.350000 0.437500
vt 0.350000 0.000000
vt 0.400000 0.000000
vt 0.450000 0.437500
vt 0.450000 0.000000
vt 0.500000 0.000000
vt 0.550000 0.437500
vt 0.500000 0.437500
vt 0.600000 0.000000
vt 0.550000 0.000000
vt 0.650000 0.437500
vt 0.600000 0.437500
vt 0.700000 0.000000
vt 0.650000 0.000000
vt 0.750000 0.437500
vt 0.700000 0.437500
vt 0.800000 0.000000
vt 0.750000 0.000000
vt 0.850000 0.437500
vt 0.850000 0.000000
vt 0.900000 0.000000
vt 0.950000 0.437500
vt 0.900000 0.437500
vt 1.000000 0.000000
vt 0.950000 0.000000
vt 0.050000 0.857221
vt 0.100000 0.437500
vt 0.150000 0.858101
vt 0.250000 0.865572
vt 0.300000 0.437500
vt 0.300000 0.888835
vt 0.400000 0.874521
vt 0.400000 0.437500
vt 0.500000 0.851799
vt 0.600000 0.851568
vt 0.700000 0.875818
vt 0.800000 0.891630
vt 0.800000 0.437500
vt 0.900000 0.902318
vt 0.950000 0.890958
vt 1.000000 0.868470
vt 1.000000 0.437500
vt 0.000000 0.868470
vt 0.100000 0.873906
vt 0.200000 0.884802
vt 0.350000 0.891668
vt 0.450000 0.887987
vt 0.550000 0.895035
vt 0.650000 0.892011
vt 0.750000 0.902056
vt 0.850000 0.911516
vt 0.522589 0.294789
vt 0.770631 0.214772
vt 0.577974 0.161079
vt 0.696786 0.393052
vt 0.887500 0.294789
vt 0.112400 0.161079
vt 0.887500 0.161079
vt 0.522589 0.112400
vt 0.696786 0.887500
vt 0.522589 0.887500
vt 0.112400 0.393052
vt 0.887500 0.214772
vt 0.887500 0.393052
vt 2.577974 2.887500
vt 2.770632 2.112400
vt 2.770632 2.887500
vt 0.428485 0.420000
vt 0.688786 0.406908
vt 0.516589 0.305181
vt 0.571314 0.560000
vt 0.112400 0.305181
vt 0.887500 0.420000
vt 0.887500 0.305181
vt 0.428485 0.112400
vt 0.571314 0.887500
vt 0.428485 0.887500
vt 0.112400 0.560000
vt 0.887500 0.406908
vt 0.887500 0.560000
vt 0.516589 0.887500
vt 0.688786 0.112400
vt 0.688786 0.887500
vt 0.420000 0.428485
vt 0.406908 0.688786
vt 0.560000 0.571314
vt 0.420000 0.112400
vt 0.305181 0.887500
vt 0.420000 0.887500
vt 0.887500 0.688786
vt 0.112400 0.516589
vt 0.887500 0.516589
vt 0.406908 0.112400
vt 0.560000 0.887500
vt 0.406908 0.887500
vt 0.887500 0.428485
vt 0.112400 0.571314
vt 0.887500 0.571314
vt 0.161079 0.577974
vt 0.393052 0.696786
vt 0.294789 0.522589
vt 0.214772 0.770631
vt 0.161079 0.887500
vt 0.294789 0.112400
vt 0.294789 0.887500
vt 0.887500 0.770631
vt 0.112400 0.577974
vt 0.887500 0.577974
vt 0.393052 0.887500
vt 0.214772 0.112400
vt 0.214772 0.887500
vt 0.887500 0.522589
vt 0.112400 0.696786
vt 0.887500 0.696786
vt 0.006000 0.599970
vt 0.199318 0.774773
vt 0.149488 0.581079
vt 0.008000 0.799960
vt 0.149488 0.112400
vt 0.006000 0.887500
vt 0.149488 0.887500
vt 0.112400 0.599970
vt 0.887500 0.799960
vt 0.887500 0.599970
vt 0.008000 0.112400
vt 0.199318 0.887500
vt 0.008000 0.887500
vt 0.887500 0.581079
vt 0.112400 0.774773
vt 0.887500 0.774773
vt 0.850512 0.581079
vt 0.992000 0.799960
vt 0.994000 0.599970
vt 0.800682 0.774773
vt 0.994000 0.112400
vt 0.850512 0.887500
vt 0.994000 0.887500
vt 2.887500 2.774773
vt 2.112400 2.581079
vt 2.887500 2.581079
vt 0.992000 0.887500
vt 0.800682 0.112400
vt 0.800682 0.887500
vt 0.112400 0.799960
vt 0.649900 0.862500
vt 0.350000 0.137400
vt 0.350000 0.862500
vt 0.350000 0.999000
vt 0.649900 0.800000
vt 0.350000 0.800000
vt 0.862500 0.999000
vt 0.137400 0.800000
vt 0.862500 0.800000
vt 0.112400 0.294789
vt 0.696786 0.112400
vt 0.112400 0.214772
vt 2.577974 2.112400
vt 0.112400 0.420000
vt 0.571314 0.112400
vt 0.112400 0.406908
vt 0.516589 0.112400
vt 0.305181 0.516589
vt 0.305181 0.112400
vt 0.112400 0.688786
vt 0.560000 0.112400
vt 0.112400 0.428485
vt 0.161079 0.112400
vt 0.112400 0.770631
vt 0.393052 0.112400
vt 0.112400 0.522589
vt 0.006000 0.112400
vt 0.199318 0.112400
vt 0.112400 0.581079
vt 0.850512 0.112400
vt 2.112400 2.774773
vt 0.992000 0.112400
vt 0.649900 0.137400
vt 0.649900 0.999000
vt 0.137400 0.999000
s 1
f 1/1/1 20/2/1 19/3/1
f 2/4/2 26/5/2 40/6/2
f 1/7/3 19/8/3 54/9/3
f 1/7/4 54/9/4 68/10/4
f 1/7/5 68/10/5 41/11/5
f 2/4/6 40/6/6 89/12/6
f 3/13/7 33/14/7 103/15/7
f 4/16/8 61/17/8 117/18/8
f 5/19/9 75/20/9 131/21/9
f 6/22/10 82/23/10 145/24/10
f 2/4/11 89/12/11 104/25/11
f 3/13/12 103/15/12 118/26/12
f 4/16/13 117/18/13 132/27/13
f 5/19/14 131/21/14 146/28/14
f 6/22/15 145/24/15 90/29/15
f 7/30/16 159/31/16 194/32/16
f 8/33/17 166/34/17 208/35/17
f 9/36/18 173/37/19 215/38/20
f 10/39/21 180/40/21 222/41/21
f 11/42/22 187/43/22 195/44/22
f 201/45/23 216/46/23 12/7/23
f 200/47/24 223/48/24 201/45/24
f 199/49/25 224/50/25 200/47/25
f 198/51/26 226/52/26 199/49/26
f 197/53/27 229/54/27 198/51/27
f 196/55/28 233/56/28 197/53/28
f 195/44/29 238/57/29 196/55/29
f 201/45/30 223/48/30 216/46/30
f 223/48/31 217/58/32 216/46/32
f 200/47/33 224/50/33 223/48/33
f 224/50/34 225/59/35 223/48/36
f 223/48/36 225/59/35 217/58/37
f 225/59/38 218/60/38 217/58/38
f 199/49/39 226/52/39 224/50/39
f 226/52/40 227/61/40 224/50/40
f 224/50/41 227/61/41 225/59/41
f 227/61/42 228/62/42 225/59/42
f 225/59/43 228/62/43 218/60/43
f 228/62/44 219/63/44 218/60/44
f 198/51/45 229/54/45 226/52/45
f 229/54/46 230/64/46 226/52/46
f 226/52/47 230/64/47 227/61/47
f 230/64/48 231/65/48 227/61/48
f 227/61/49 231/65/49 228/62/49
f 231/65/50 232/66/50 228/62/50
f 228/62/51 232/66/51 219/63/51
f 232/66/52 220/67/52 219/63/52
f 197/53/53 233/56/53 229/54/53
f 233/56/54 234/68/54 229/54/54
f 229/54/55 234/68/55 230/64/55
f 234/68/56 235/69/56 230/64/56
f 230/64/57 235/69/57 231/65/57
f 235/69/58 236/70/58 231/65/58
f 231/65/59 236/70/60 232/66/61
f 236/70/60 237/71/62 232/66/61
f 232/66/61 237/71/62 220/67/63
f 237/71/64 221/72/64 220/67/64
f 196/55/65 238/57/65 233/56/65
f 238/57/66 239/73/66 233/56/66
f 233/56/67 239/73/67 234/68/67
f 239/73/68 240/74/68 234/68/68
f 234/68/69 240/74/70 235/69/71
f 240/74/70 241/75/72 235/69/71
f 235/69/73 241/75/73 236/70/73
f 241/75/74 242/76/74 236/70/74
f 236/70/60 242/76/75 237/71/62
f 242/76/76 243/77/76 237/71/76
f 237/71/77 243/77/77 221/72/77
f 243/77/78 222/41/78 221/72/78
f 195/44/79 187/43/79 238/57/79
f 187/43/80 186/78/80 238/57/80
f 238/57/81 186/78/81 239/73/81
f 186/78/82 185/79/82 239/73/82
f 239/73/83 185/79/83 240/74/83
f 185/79/84 184/80/84 240/74/84
f 240/74/85 184/80/85 241/75/85
f 184/80/86 183/81/87 241/75/88
f 241/75/88 183/81/87 242/76/89
f 183/81/87 182/82/90 242/76/89
f 242/76/91 182/82/92 243/77/93
f 182/82/92 181/83/94 243/77/93
f 243/77/95 181/83/95 222/41/95
f 181/83/96 10/39/96 222/41/96
f 216/46/97 209/84/97 12/7/97
f 217/58/32 244/85/98 216/46/32
f 218/60/99 245/86/99 217/58/99
f 219/63/100 247/87/100 218/60/100
f 220/67/101 250/88/101 219/63/101
f 221/72/102 254/89/102 220/67/102
f 222/41/103 259/90/103 221/72/103
f 216/46/104 244/85/104 209/84/104
f 244/85/105 210/91/105 209/84/105
f 217/58/106 245/86/106 244/85/106
f 245/86/107 246/92/107 244/85/107
f 244/85/108 246/92/108 210/91/108
f 246/92/109 211/93/109 210/91/109
f 218/60/110 247/87/110 245/86/110
f 247/87/111 248/94/111 245/86/111
f 245/86/112 248/94/112 246/92/112
f 248/94/113 249/95/113 246/92/113
f 246/92/114 249/95/114 211/93/114
f 249/95/115 212/96/115 211/93/115
f 219/63/116 250/88/116 247/87/116
f 250/88/117 251/97/117 247/87/117
f 247/87/118 251/97/118 248/94/118
f 251/97/119 252/98/119 248/94/119
f 248/94/120 252/98/120 249/95/120
f 252/98/121 253/99/121 249/95/121
f 249/95/122 253/99/122 212/96/122
f 253/99/123 213/100/124 212/96/125
f 220/67/126 254/89/126 250/88/126
f 254/89/127 255/101/127 250/88/127
f 250/88/128 255/101/128 251/97/128
f 255/101/129 256/102/129 251/97/129
f 251/97/130 256/102/130 252/98/130
f 256/102/131 257/103/131 252/98/131
f 252/98/132 257/103/132 253/99/132
f 257/103/133 258/104/133 253/99/133
f 253/99/123 258/104/134 213/100/124
f 258/104/135 214/105/135 213/100/135
f 221/72/136 259/90/136 254/89/136
f 259/90/137 260/106/137 254/89/137
f 254/89/138 260/106/138 255/101/138
f 260/106/139 261/107/140 255/101/141
f 255/101/141 261/107/140 256/102/142
f 261/107/143 262/108/143 256/102/143
f 256/102/144 262/108/144 257/103/144
f 262/108/145 263/109/145 257/103/145
f 257/103/146 263/109/146 258/104/146
f 263/109/147 264/110/147 258/104/147
f 258/104/148 264/110/148 214/105/148
f 264/110/149 215/38/149 214/105/149
f 222/41/150 180/40/150 259/90/150
f 180/40/151 179/111/151 259/90/151
f 259/90/152 179/111/152 260/106/152
f 179/111/153 178/112/154 260/106/155
f 260/106/155 178/112/154 261/107/156
f 178/112/157 177/113/157 261/107/157
f 261/107/158 177/113/158 262/108/158
f 177/113/159 176/114/159 262/108/159
f 262/108/160 176/114/160 263/109/160
f 176/114/161 175/115/161 263/109/161
f 263/109/162 175/115/162 264/110/162
f 175/115/163 174/116/163 264/110/163
f 264/110/164 174/116/164 215/38/164
f 174/116/165 9/36/165 215/38/165
f 209/84/166 202/117/166 12/7/166
f 210/91/167 265/118/167 209/84/167
f 211/93/168 266/119/168 210/91/168
f 212/96/169 268/120/169 211/93/169
f 213/100/170 271/121/170 212/96/170
f 214/105/171 275/122/172 213/100/173
f 215/38/174 280/123/174 214/105/174
f 209/84/175 265/118/175 202/117/175
f 265/118/176 203/124/176 202/117/176
f 210/91/177 266/119/177 265/118/177
f 266/119/178 267/125/178 265/118/178
f 265/118/179 267/125/179 203/124/179
f 267/125/180 204/126/180 203/124/180
f 211/93/181 268/120/181 266/119/181
f 268/120/182 269/127/182 266/119/182
f 266/119/183 269/127/183 267/125/183
f 269/127/184 270/128/184 267/125/184
f 267/125/185 270/128/186 204/126/186
f 270/128/186 205/129/186 204/126/186
f 212/96/187 271/121/187 268/120/187
f 271/121/188 272/130/188 268/120/188
f 268/120/189 272/130/189 269/127/189
f 272/130/190 273/131/190 269/127/190
f 269/127/191 273/131/191 270/128/191
f 273/131/192 274/132/192 270/128/192
f 270/128/193 274/132/193 205/129/193
f 274/132/194 206/133/194 205/129/194
f 213/100/195 275/122/195 271/121/195
f 275/122/196 276/134/196 271/121/196
f 271/121/197 276/134/197 272/130/197
f 276/134/198 277/135/198 272/130/198
f 272/130/199 277/135/199 273/131/199
f 277/135/200 278/136/200 273/131/200
f 273/131/201 278/136/201 274/132/201
f 278/136/202 279/137/202 274/132/202
f 274/132/203 279/137/203 206/133/203
f 279/137/204 207/138/205 206/133/206
f 214/105/171 280/123/207 275/122/172
f 280/123/207 281/139/208 275/122/172
f 275/122/209 281/139/209 276/134/209
f 281/139/210 282/140/210 276/134/210
f 276/134/211 282/140/211 277/135/211
f 282/140/212 283/141/212 277/135/212
f 277/135/213 283/141/214 278/136/215
f 283/141/214 284/142/216 278/136/215
f 278/136/217 284/142/217 279/137/217
f 284/142/218 285/143/218 279/137/218
f 279/137/204 285/143/219 207/138/205
f 285/143/220 208/35/220 207/138/220
f 215/38/221 173/37/221 280/123/221
f 173/37/222 172/144/222 280/123/222
f 280/123/223 172/144/223 281/139/223
f 172/144/224 171/145/224 281/139/224
f 281/139/225 171/145/225 282/140/225
f 171/145/226 170/146/226 282/140/226
f 282/140/227 170/146/227 283/141/227
f 170/146/228 169/147/228 283/141/228
f 283/141/229 169/147/229 284/142/229
f 169/147/230 168/148/230 284/142/230
f 284/142/231 168/148/231 285/143/231
f 168/148/232 167/149/232 285/143/232
f 285/143/233 167/149/233 208/35/233
f 167/149/234 8/33/234 208/35/234
f 202/117/235 188/150/235 12/7/235
f 203/124/236 286/151/236 202/117/236
f 204/126/237 287/152/237 203/124/237
f 205/129/238 289/153/239 204/126/240
f 206/133/241 292/154/241 205/129/241
f 207/138/242 296/155/242 206/133/242
f 208/35/243 301/156/243 207/138/243
f 202/117/244 286/151/244 188/150/244
f 286/151/245 189/157/245 188/150/245
f 203/124/246 287/152/246 286/151/246
f 287/152/247 288/158/247 286/151/247
f 286/151/248 288/158/248 189/157/248
f 288/158/249 190/159/249 189/157/249
f 204/126/240 289/153/239 287/152/250
f 289/153/251 290/160/251 287/152/251
f 287/152/252 290/160/253 288/158/254
f 290/160/253 291/161/255 288/158/254
f 288/158/256 291/161/256 190/159/256
f 291/161/257 191/162/258 190/159/259
f 205/129/260 292/154/260 289/153/260
f 292/154/261 293/163/262 289/153/263
f 289/153/263 293/163/262 290/160/264
f 293/163/265 294/164/265 290/160/265
f 290/160/266 294/164/266 291/161/266
f 294/164/267 295/165/267 291/161/267
f 291/161/268 295/165/268 191/162/268
f 295/165/269 192/166/270 191/162/271
f 206/133/272 296/155/272 292/154/272
f 296/155/273 297/167/273 292/154/273
f 292/154/274 297/167/274 293/163/274
f 297/167/275 298/168/275 293/163/275
f 293/163/276 298/168/276 294/164/276
f 298/168/277 299/169/277 294/164/277
f 294/164/278 299/169/279 295/165/280
f 299/169/279 300/170/281 295/165/280
f 295/165/282 300/170/282 192/166/282
f 300/170/283 193/171/283 192/166/283
f 207/138/284 301/156/284 296/155/284
f 301/156/285 302/172/286 296/155/287
f 296/155/288 302/172/288 297/167/288
f 302/172/289 303/173/289 297/167/289
f 297/167/290 303/173/290 298/168/290
f 303/173/291 304/174/291 298/168/291
f 298/168/292 304/174/292 299/169/292
f 304/174/293 305/175/294 299/169/295
f 299/169/295 305/175/294 300/170/296
f 305/175/297 306/176/297 300/170/297
f 300/170/298 306/176/298 193/171/298
f 306/176/299 194/32/299 193/171/299
f 208/35/300 166/34/301 301/156/302
f 166/34/301 165/177/303 301/156/302
f 301/156/285 165/177/304 302/172/286
f 165/177/305 164/178/305 302/172/305
f 302/172/306 164/178/306 303/173/306
f 164/178/307 163/179/307 303/173/307
f 303/173/308 163/179/308 304/174/308
f 163/179/309 162/180/309 304/174/309
f 304/174/310 162/180/310 305/175/310
f 162/180/311 161/181/311 305/175/311
f 305/175/312 161/181/312 306/176/312
f 161/181/313 160/182/313 306/176/313
f 306/176/314 160/182/314 194/32/314
f 160/182/315 7/30/315 194/32/315
f 188/150/316 201/45/316 12/7/316
f 189/157/317 307/183/317 188/150/317
f 190/159/318 308/184/318 189/157/318
f 191/162/258 310/185/319 190/159/259
f 192/166/270 313/186/320 191/162/271
f 193/171/321 317/187/321 192/166/322
f 194/32/323 322/188/323 193/171/323
f 188/150/324 307/183/324 201/45/324
f 307/183/325 200/47/325 201/45/325
f 189/157/326 308/184/326 307/183/326
f 308/184/327 309/189/327 307/183/327
f 307/183/328 309/189/328 200/47/328
f 309/189/329 199/49/329 200/47/329
f 190/159/330 310/185/330 308/184/330
f 310/185/331 311/190/331 308/184/331
f 308/184/332 311/190/332 309/189/332
f 311/190/333 312/191/334 309/189/335
f 309/189/336 312/191/336 199/49/336
f 312/191/337 198/51/338 199/49/339
f 191/162/340 313/186/340 310/185/340
f 313/186/341 314/192/341 310/185/341
f 310/185/342 314/192/342 311/190/342
f 314/192/343 315/193/343 311/190/343
f 311/190/333 315/193/344 312/191/334
f 315/193/345 316/194/345 312/191/345
f 312/191/337 316/194/346 198/51/338
f 316/194/347 197/53/347 198/51/347
f 192/166/348 317/187/348 313/186/348
f 317/187/349 318/195/349 313/186/349
f 313/186/350 318/195/350 314/192/350
f 318/195/351 319/196/351 314/192/351
f 314/192/352 319/196/352 315/193/352
f 319/196/353 320/197/353 315/193/353
f 315/193/354 320/197/354 316/194/354
f 320/197/355 321/198/355 316/194/355
f 316/194/356 321/198/356 197/53/356
f 321/198/357 196/55/357 197/53/357
f 193/171/321 322/188/358 317/187/321
f 322/188/359 323/199/359 317/187/359
f 317/187/360 323/199/360 318/195/360
f 323/199/361 324/200/361 318/195/361
f 318/195/362 324/200/362 319/196/362
f 324/200/363 325/201/363 319/196/363
f 319/196/364 325/201/364 320/197/364
f 325/201/365 326/202/365 320/197/365
f 320/197/366 326/202/366 321/198/366
f 326/202/367 327/203/367 321/198/367
f 321/198/368 327/203/368 196/55/368
f 327/203/369 195/44/369 196/55/369
f 194/32/370 159/31/370 322/188/370
f 159/31/371 158/204/371 322/188/371
f 322/188/372 158/204/373 323/199/374
f 158/204/373 157/205/375 323/199/374
f 323/199/376 157/205/376 324/200/376
f 157/205/377 156/206/377 324/200/377
f 324/200/378 156/206/378 325/201/378
f 156/206/379 155/207/379 325/201/379
f 325/201/380 155/207/380 326/202/380
f 155/207/381 154/208/381 326/202/381
f 326/202/382 154/208/382 327/203/382
f 154/208/383 153/209/383 327/203/383
f 327/203/384 153/209/384 195/44/384
f 153/209/385 11/42/385 195/44/385
f 96/210/386 187/43/386 11/42/386
f 95/211/387 328/212/387 96/210/387
f 94/213/388 329/214/388 95/211/388
f 93/215/389 331/216/389 94/213/389
f 92/217/390 334/218/390 93/215/390
f 91/219/391 338/220/391 92/217/391
f 90/29/392 343/221/392 91/219/392
f 96/210/393 328/212/393 187/43/393
f 328/212/394 186/78/394 187/43/394
f 95/211/395 329/214/395 328/212/395
f 329/214/396 330/222/396 328/212/396
f 328/212/397 330/222/397 186/78/397
f 330/222/398 185/79/398 186/78/398
f 94/213/399 331/216/399 329/214/399
f 331/216/400 332/223/400 329/214/400
f 329/214/401 332/223/401 330/222/401
f 332/223/402 333/224/402 330/222/402
f 330/222/403 333/224/403 185/79/403
f 333/224/404 184/80/404 185/79/404
f 93/215/405 334/218/405 331/216/405
f 334/218/406 335/225/406 331/216/406
f 331/216/407 335/225/407 332/223/407
f 335/225/408 336/226/408 332/223/408
f 332/223/409 336/226/410 333/224/411
f 336/226/410 337/227/412 333/224/411
f 333/224/413 337/227/413 184/80/413
f 337/227/414 183/81/415 184/80/416
f 92/217/417 338/220/417 334/218/417
f 338/220/418 339/228/418 334/218/418
f 334/218/419 339/228/419 335/225/419
f 339/228/420 340/229/420 335/225/420
f 335/225/421 340/229/421 336/226/421
f 340/229/422 341/230/422 336/226/422
f 336/226/423 341/230/423 337/227/423
f 341/230/424 342/231/424 337/227/424
f 337/227/414 342/231/425 183/81/415
f 342/231/425 182/82/426 183/81/415
f 91/219/427 343/221/427 338/220/427
f 343/221/428 344/232/428 338/220/428
f 338/220/429 344/232/429 339/228/429
f 344/232/430 345/233/430 339/228/430
f 339/228/431 345/233/431 340/229/431
f 345/233/432 346/234/432 340/229/432
f 340/229/433 346/234/433 341/230/433
f 346/234/434 347/235/434 341/230/434
f 341/230/435 347/235/435 342/231/435
f 347/235/436 348/236/436 342/231/436
f 342/231/437 348/236/437 182/82/437
f 348/236/438 181/83/438 182/82/438
f 90/29/439 145/24/439 343/221/439
f 145/24/440 144/237/440 343/221/440
f 343/221/441 144/237/441 344/232/441
f 144/237/442 143/238/442 344/232/442
f 344/232/443 143/238/443 345/233/443
f 143/238/444 142/239/444 345/233/444
f 345/233/445 142/239/445 346/234/445
f 142/239/446 141/240/446 346/234/446
f 346/234/447 141/240/447 347/235/447
f 141/240/448 140/241/448 347/235/448
f 347/235/449 140/241/449 348/236/449
f 140/241/450 139/242/450 348/236/450
f 348/236/451 139/242/451 181/83/451
f 139/242/452 10/39/453 181/83/454
f 152/243/455 180/40/455 10/39/455
f 151/244/456 349/245/456 152/243/456
f 150/246/457 350/247/457 151/244/457
f 149/248/458 352/249/458 150/246/458
f 148/250/459 355/251/459 149/248/459
f 147/252/460 359/253/460 148/250/460
f 146/28/461 364/254/461 147/252/461
f 152/243/462 349/245/462 180/40/462
f 349/245/463 179/111/463 180/40/463
f 151/244/464 350/247/464 349/245/464
f 350/247/465 351/255/465 349/245/465
f 349/245/466 351/255/466 179/111/466
f 351/255/467 178/112/467 179/111/467
f 150/246/468 352/249/468 350/247/468
f 352/249/469 353/256/469 350/247/469
f 350/247/470 353/256/470 351/255/470
f 353/256/471 354/257/471 351/255/471
f 351/255/472 354/257/472 178/112/472
f 354/257/473 177/113/473 178/112/473
f 149/248/474 355/251/474 352/249/474
f 355/251/475 356/258/475 352/249/475
f 352/249/476 356/258/476 353/256/476
f 356/258/477 357/259/477 353/256/477
f 353/256/478 357/259/478 354/257/478
f 357/259/479 358/260/479 354/257/479
f 354/257/480 358/260/480 177/113/480
f 358/260/481 176/114/481 177/113/481
f 148/250/482 359/253/482 355/251/482
f 359/253/483 360/261/483 355/251/483
f 355/251/484 360/261/484 356/258/484
f 360/261/485 361/262/485 356/258/485
f 356/258/486 361/262/486 357/259/486
f 361/262/487 362/263/487 357/259/487
f 357/259/488 362/263/488 358/260/488
f 362/263/489 363/264/489 358/260/489
f 358/260/490 363/264/490 176/114/490
f 363/264/491 175/115/491 176/114/491
f 147/252/492 364/254/492 359/253/492
f 364/254/493 365/265/493 359/253/493
f 359/253/494 365/265/494 360/261/494
f 365/265/495 366/266/495 360/261/495
f 360/261/496 366/266/496 361/262/496
f 366/266/497 367/267/497 361/262/497
f 361/262/498 367/267/498 362/263/498
f 367/267/499 368/268/499 362/263/499
f 362/263/500 368/268/500 363/264/500
f 368/268/501 369/269/501 363/264/501
f 363/264/502 369/269/502 175/115/502
f 369/269/503 174/116/503 175/115/503
f 146/28/504 131/21/504 364/254/504
f 131/21/505 130/270/505 364/254/505
f 364/254/506 130/270/506 365/265/506
f 130/270/507 129/271/507 365/265/507
f 365/265/508 129/271/508 366/266/508
f 129/271/509 128/272/509 366/266/509
f 366/266/510 128/272/510 367/267/510
f 128/272/511 127/273/511 367/267/511
f 367/267/512 127/273/512 368/268/512
f 127/273/513 126/274/513 368/268/513
f 368/268/514 126/274/514 369/269/514
f 126/274/515 125/275/515 369/269/515
f 369/269/516 125/275/516 174/116/516
f 125/275/517 9/36/517 174/116/517
f 138/276/518 173/37/19 9/36/18
f 137/277/519 370/278/519 138/276/519
f 136/279/520 371/280/520 137/277/520
f 135/281/521 373/282/521 136/279/521
f 134/283/522 376/284/522 135/281/522
f 133/285/523 380/286/523 134/283/523
f 132/27/524 385/287/524 133/285/524
f 138/276/525 370/278/525 173/37/525
f 370/278/526 172/144/526 173/37/526
f 137/277/527 371/280/527 370/278/527
f 371/280/528 372/288/528 370/278/528
f 370/278/529 372/288/529 172/144/529
f 372/288/530 171/145/530 172/144/530
f 136/279/531 373/282/531 371/280/531
f 373/282/532 374/289/532 371/280/532
f 371/280/533 374/289/533 372/288/533
f 374/289/534 375/290/534 372/288/534
f 372/288/535 375/290/535 171/145/535
f 375/290/536 170/146/536 171/145/536
f 135/281/537 376/284/537 373/282/537
f 376/284/538 377/291/538 373/282/538
f 373/282/539 377/291/539 374/289/539
f 377/291/540 378/292/540 374/289/540
f 374/289/541 378/292/541 375/290/541
f 378/292/542 379/293/542 375/290/542
f 375/290/543 379/293/543 170/146/543
f 379/293/544 169/147/544 170/146/544
f 134/283/545 380/286/545 376/284/545
f 380/286/546 381/294/546 376/284/546
f 376/284/547 381/294/547 377/291/547
f 381/294/548 382/295/548 377/291/548
f 377/291/549 382/295/549 378/292/549
f 382/295/550 383/296/550 378/292/550
f 378/292/551 383/296/551 379/293/551
f 383/296/552 384/297/552 379/293/552
f 379/293/553 384/297/553 169/147/553
f 384/297/554 168/148/554 169/147/554
f 133/285/555 385/287/555 380/286/555
f 385/287/556 386/298/556 380/286/556
f 380/286/557 386/298/557 381/294/557
f 386/298/558 387/299/558 381/294/558
f 381/294/559 387/299/559 382/295/559
f 387/299/560 388/300/560 382/295/560
f 382/295/561 388/300/561 383/296/561
f 388/300/562 389/301/562 383/296/562
f 383/296/563 389/301/563 384/297/563
f 389/301/564 390/302/564 384/297/564
f 384/297/565 390/302/565 168/148/565
f 390/302/566 167/149/566 168/148/566
f 132/27/567 117/18/567 385/287/567
f 117/18/568 116/303/568 385/287/568
f 385/287/569 116/303/569 386/298/569
f 116/303/570 115/304/570 386/298/570
f 386/298/571 115/304/571 387/299/571
f 115/304/572 114/305/572 387/299/572
f 387/299/573 114/305/573 388/300/573
f 114/305/574 113/306/574 388/300/574
f 388/300/575 113/306/575 389/301/575
f 113/306/576 112/307/576 389/301/576
f 389/301/577 112/307/577 390/302/577
f 112/307/578 111/308/578 390/302/578
f 390/302/579 111/308/579 167/149/579
f 111/308/580 8/33/580 167/149/580
f 124/309/581 166/34/581 8/33/581
f 123/310/582 391/311/582 124/309/582
f 122/312/583 392/313/584 123/310/585
f 121/314/586 394/315/586 122/312/586
f 120/316/587 397/317/587 121/314/587
f 119/318/588 401/319/588 120/316/588
f 118/26/589 406/320/589 119/318/589
f 124/309/590 391/311/590 166/34/590
f 391/311/591 165/177/592 166/34/593
f 123/310/594 392/313/594 391/311/594
f 392/313/595 393/321/595 391/311/595
f 391/311/591 393/321/596 165/177/592
f 393/321/597 164/178/597 165/177/597
f 122/312/583 394/315/598 392/313/584
f 394/315/599 395/322/599 392/313/599
f 392/313/600 395/322/600 393/321/600
f 395/322/601 396/323/601 393/321/601
f 393/321/602 396/323/602 164/178/602
f 396/323/603 163/179/603 164/178/603
f 121/314/604 397/317/604 394/315/604
f 397/317/605 398/324/605 394/315/605
f 394/315/606 398/324/606 395/322/606
f 398/324/607 399/325/607 395/322/607
f 395/322/608 399/325/608 396/323/608
f 399/325/609 400/326/609 396/323/609
f 396/323/610 400/326/610 163/179/610
f 400/326/611 162/180/611 163/179/611
f 120/316/612 401/319/612 397/317/612
f 401/319/613 402/327/613 397/317/613
f 397/317/614 402/327/614 398/324/614
f 402/327/615 403/328/615 398/324/615
f 398/324/616 403/328/616 399/325/616
f 403/328/617 404/329/617 399/325/617
f 399/325/618 404/329/618 400/326/618
f 404/329/619 405/330/619 400/326/619
f 400/326/620 405/330/620 162/180/620
f 405/330/621 161/181/621 162/180/621
f 119/318/622 406/320/622 401/319/622
f 406/320/623 407/331/623 401/319/623
f 401/319/624 407/331/624 402/327/624
f 407/331/625 408/332/625 402/327/625
f 402/327/626 408/332/626 403/328/626
f 408/332/627 409/333/627 403/328/627
f 403/328/628 409/333/628 404/329/628
f 409/333/629 410/334/629 404/329/629
f 404/329/630 410/334/630 405/330/630
f 410/334/631 411/335/631 405/330/631
f 405/330/632 411/335/632 161/181/632
f 411/335/633 160/182/634 161/181/635
f 118/26/636 103/15/636 406/320/636
f 103/15/637 102/336/637 406/320/637
f 406/320/638 102/336/638 407/331/638
f 102/336/639 101/337/639 407/331/639
f 407/331/640 101/337/640 408/332/640
f 101/337/641 100/338/641 408/332/641
f 408/332/642 100/338/642 409/333/642
f 100/338/643 99/339/643 409/333/643
f 409/333/644 99/339/644 410/334/644
f 99/339/645 98/340/645 410/334/645
f 410/334/646 98/340/646 411/335/646
f 98/340/647 97/341/647 411/335/647
f 411/335/633 97/341/648 160/182/634
f 97/341/649 7/30/649 160/182/649
f 110/342/650 159/31/650 7/30/650
f 109/343/651 412/344/652 110/342/653
f 108/345/654 413/346/654 109/343/654
f 107/347/655 415/348/655 108/345/655
f 106/349/656 418/350/656 107/347/656
f 105/351/657 422/352/657 106/349/657
f 104/25/658 427/353/658 105/351/658
f 110/342/659 412/344/659 159/31/659
f 412/344/660 158/204/660 159/31/660
f 109/343/651 413/346/661 412/344/652
f 413/346/662 414/354/662 412/344/662
f 412/344/663 414/354/663 158/204/663
f 414/354/664 157/205/664 158/204/664
f 108/345/665 415/348/665 413/346/665
f 415/348/666 416/355/666 413/346/666
f 413/346/667 416/355/667 414/354/667
f 416/355/668 417/356/668 414/354/668
f 414/354/669 417/356/669 157/205/669
f 417/356/670 156/206/670 157/205/670
f 107/347/671 418/350/671 415/348/671
f 418/350/672 419/357/672 415/348/672
f 415/348/673 419/357/673 416/355/673
f 419/357/674 420/358/674 416/355/674
f 416/355/675 420/358/675 417/356/675
f 420/358/676 421/359/676 417/356/676
f 417/356/677 421/359/677 156/206/677
f 421/359/678 155/207/678 156/206/678
f 106/349/679 422/352/679 418/350/679
f 422/352/680 423/360/680 418/350/680
f 418/350/681 423/360/681 419/357/681
f 423/360/682 424/361/682 419/357/682
f 419/357/683 424/361/683 420/358/683
f 424/361/684 425/362/684 420/358/684
f 420/358/685 425/362/685 421/359/685
f 425/362/686 426/363/686 421/359/686
f 421/359/687 426/363/688 155/207/689
f 426/363/688 154/208/690 155/207/689
f 105/351/691 427/353/691 422/352/691
f 427/353/692 428/364/692 422/352/692
f 422/352/693 428/364/693 423/360/693
f 428/364/694 429/365/694 423/360/694
f 423/360/695 429/365/695 424/361/695
f 429/365/696 430/366/696 424/361/696
f 424/361/697 430/366/697 425/362/697
f 430/366/698 431/367/699 425/362/700
f 425/362/700 431/367/699 426/363/701
f 431/367/702 432/368/702 426/363/702
f 426/363/703 432/368/703 154/208/703
f 432/368/704 153/209/704 154/208/704
f 104/25/705 89/12/705 427/353/705
f 89/12/706 88/369/706 427/353/706
f 427/353/707 88/369/707 428/364/707
f 88/369/708 87/370/708 428/364/708
f 428/364/709 87/370/709 429/365/709
f 87/370/710 86/371/710 429/365/710
f 429/365/711 86/371/711 430/366/711
f 86/371/712 85/372/712 430/366/712
f 430/366/713 85/372/713 431/367/713
f 85/372/714 84/373/714 431/367/714
f 431/367/715 84/373/715 432/368/715
f 84/373/716 83/374/716 432/368/716
f 432/368/717 83/374/717 153/209/717
f 83/374/718 11/42/718 153/209/718
f 139/242/452 152/243/719 10/39/453
f 140/241/720 433/375/720 139/242/720
f 141/240/721 434/376/721 140/241/721
f 142/239/722 436/377/722 141/240/722
f 143/238/723 439/378/723 142/239/723
f 144/237/724 443/379/725 143/238/726
f 145/24/727 448/380/727 144/237/727
f 139/242/728 433/375/728 152/243/728
f 433/375/729 151/244/729 152/243/729
f 140/241/730 434/376/730 433/375/730
f 434/376/731 435/381/731 433/375/731
f 433/375/732 435/381/732 151/244/732
f 435/381/733 150/246/733 151/244/733
f 141/240/734 436/377/734 434/376/734
f 436/377/735 437/382/735 434/376/735
f 434/376/736 437/382/736 435/381/736
f 437/382/737 438/383/737 435/381/737
f 435/381/738 438/383/738 150/246/738
f 438/383/739 149/248/739 150/246/739
f 142/239/740 439/378/740 436/377/740
f 439/378/741 440/384/741 436/377/741
f 436/377/742 440/384/742 437/382/742
f 440/384/743 441/385/743 437/382/743
f 437/382/744 441/385/744 438/383/744
f 441/385/745 442/386/745 438/383/745
f 438/383/746 442/386/746 149/248/746
f 442/386/747 148/250/747 149/248/747
f 143/238/748 443/379/748 439/378/748
f 443/379/749 444/387/749 439/378/749
f 439/378/750 444/387/750 440/384/750
f 444/387/751 445/388/751 440/384/751
f 440/384/752 445/388/752 441/385/752
f 445/388/753 446/389/753 441/385/753
f 441/385/754 446/389/754 442/386/754
f 446/389/755 447/390/755 442/386/755
f 442/386/756 447/390/756 148/250/756
f 447/390/757 147/252/757 148/250/757
f 144/237/724 448/380/758 443/379/725
f 448/380/759 449/391/759 443/379/759
f 443/379/760 449/391/760 444/387/760
f 449/391/761 450/392/761 444/387/761
f 444/387/762 450/392/762 445/388/762
f 450/392/763 451/393/763 445/388/763
f 445/388/764 451/393/764 446/389/764
f 451/393/765 452/394/765 446/389/765
f 446/389/766 452/394/766 447/390/766
f 452/394/767 453/395/767 447/390/767
f 447/390/768 453/395/768 147/252/768
f 453/395/769 146/28/769 147/252/769
f 145/24/770 82/23/770 448/380/770
f 82/23/771 81/396/771 448/380/771
f 448/380/772 81/396/772 449/391/772
f 81/396/773 80/397/773 449/391/773
f 449/391/774 80/397/774 450/392/774
f 80/397/775 79/398/775 450/392/775
f 450/399/776 79/400/776 451/401/776
f 79/398/777 78/402/777 451/393/777
f 451/393/778 78/402/778 452/394/778
f 78/402/779 77/403/779 452/394/779
f 452/394/780 77/403/780 453/395/780
f 77/403/781 76/404/781 453/395/781
f 453/395/782 76/404/782 146/28/782
f 76/404/783 5/19/783 146/28/783
f 125/275/784 138/276/784 9/36/784
f 126/274/785 454/405/785 125/275/785
f 127/273/786 455/406/786 126/274/786
f 128/272/787 457/407/787 127/273/787
f 129/271/788 460/408/788 128/272/788
f 130/270/789 464/409/789 129/271/789
f 131/21/790 469/410/790 130/270/790
f 125/275/791 454/405/791 138/276/791
f 454/405/792 137/277/792 138/276/792
f 126/274/793 455/406/793 454/405/793
f 455/406/794 456/411/794 454/405/794
f 454/405/795 456/411/795 137/277/795
f 456/411/796 136/279/796 137/277/796
f 127/273/797 457/407/797 455/406/797
f 457/407/798 458/412/798 455/406/798
f 455/406/799 458/412/799 456/411/799
f 458/412/800 459/413/800 456/411/800
f 456/411/801 459/413/801 136/279/801
f 459/413/802 135/281/802 136/279/802
f 128/272/803 460/408/803 457/407/803
f 460/408/804 461/414/804 457/407/804
f 457/407/805 461/414/805 458/412/805
f 461/414/806 462/415/806 458/412/806
f 458/412/807 462/415/807 459/413/807
f 462/415/808 463/416/808 459/413/808
f 459/413/809 463/416/809 135/281/809
f 463/416/810 134/283/810 135/281/810
f 129/271/811 464/409/811 460/408/811
f 464/409/812 465/417/812 460/408/812
f 460/408/813 465/417/813 461/414/813
f 465/417/814 466/418/814 461/414/814
f 461/414/815 466/418/815 462/415/815
f 466/418/816 467/419/816 462/415/816
f 462/415/817 467/419/817 463/416/817
f 467/419/818 468/420/818 463/416/818
f 463/416/819 468/420/819 134/283/819
f 468/420/820 133/285/820 134/283/820
f 130/270/821 469/410/821 464/409/821
f 469/410/822 470/421/822 464/409/822
f 464/409/823 470/421/823 465/417/823
f 470/421/824 471/422/824 465/417/824
f 465/417/825 471/422/825 466/418/825
f 471/422/826 472/423/826 466/418/826
f 466/418/827 472/423/827 467/419/827
f 472/423/828 473/424/828 467/419/828
f 467/419/829 473/424/829 468/420/829
f 473/424/830 474/425/830 468/420/830
f 468/420/831 474/425/831 133/285/831
f 474/425/832 132/27/832 133/285/832
f 131/21/833 75/20/833 469/410/833
f 75/20/834 74/426/834 469/410/834
f 469/410/835 74/426/835 470/421/835
f 74/426/836 73/427/836 470/421/836
f 470/421/837 73/427/837 471/422/837
f 73/427/838 72/428/838 471/422/838
f 471/422/839 72/428/839 472/423/839
f 72/428/840 71/429/840 472/423/840
f 472/423/841 71/429/841 473/424/841
f 71/429/842 70/430/842 473/424/842
f 473/424/843 70/430/843 474/425/843
f 70/430/844 69/431/844 474/425/844
f 474/425/845 69/431/845 132/27/845
f 69/432/846 4/433/846 132/434/846
f 111/308/847 124/309/847 8/33/847
f 112/307/848 475/435/848 111/308/848
f 113/306/849 476/436/850 112/307/851
f 114/305/852 478/437/852 113/306/852
f 115/304/853 481/438/853 114/305/853
f 116/303/854 485/439/854 115/304/854
f 117/18/855 490/440/855 116/303/855
f 111/308/856 475/435/856 124/309/856
f 475/435/857 123/310/857 124/309/857
f 112/307/851 476/436/850 475/435/858
f 476/436/859 477/441/859 475/435/859
f 475/435/860 477/441/860 123/310/860
f 477/441/861 122/312/861 123/310/861
f 113/306/862 478/437/862 476/436/862
f 478/437/863 479/442/863 476/436/863
f 476/436/864 479/442/864 477/441/864
f 479/442/865 480/443/865 477/441/865
f 477/441/866 480/443/866 122/312/866
f 480/443/867 121/314/867 122/312/867
f 114/305/868 481/438/868 478/437/868
f 481/438/869 482/444/869 478/437/869
f 478/437/870 482/444/870 479/442/870
f 482/444/871 483/445/871 479/442/871
f 479/442/872 483/445/872 480/443/872
f 483/445/873 484/446/873 480/443/873
f 480/443/874 484/446/874 121/314/874
f 484/446/875 120/316/875 121/314/875
f 115/304/876 485/439/876 481/438/876
f 485/439/877 486/447/877 481/438/877
f 481/438/878 486/447/878 482/444/878
f 486/447/879 487/448/879 482/444/879
f 482/444/880 487/448/880 483/445/880
f 487/448/881 488/449/881 483/445/881
f 483/445/882 488/449/882 484/446/882
f 488/449/883 489/450/883 484/446/883
f 484/446/884 489/450/884 120/316/884
f 489/450/885 119/318/885 120/316/885
f 116/303/886 490/440/886 485/439/886
f 490/440/887 491/451/887 485/439/887
f 485/439/888 491/451/888 486/447/888
f 491/451/889 492/452/889 486/447/889
f 486/447/890 492/452/890 487/448/890
f 492/452/891 493/453/891 487/448/891
f 487/448/892 493/453/892 488/449/892
f 493/453/893 494/454/894 488/449/895
f 488/449/895 494/454/894 489/450/896
f 494/454/897 495/455/897 489/450/897
f 489/450/898 495/455/898 119/318/898
f 495/455/899 118/26/899 119/318/899
f 117/18/900 61/17/900 490/440/900
f 61/17/901 60/456/902 490/440/903
f 490/440/903 60/456/902 491/451/904
f 60/456/905 59/457/905 491/451/905
f 491/451/906 59/457/906 492/452/906
f 59/457/907 58/458/907 492/452/907
f 492/452/908 58/458/908 493/453/908
f 58/458/909 57/459/909 493/453/909
f 493/460/910 57/461/910 494/462/910
f 57/459/911 56/463/911 494/454/911
f 494/454/912 56/463/912 495/455/912
f 56/463/913 55/464/913 495/455/913
f 495/455/914 55/464/914 118/26/914
f 55/464/915 3/13/915 118/26/915
f 97/341/916 110/342/916 7/30/916
f 98/340/917 496/465/917 97/341/917
f 99/339/918 497/466/918 98/340/918
f 100/338/919 499/467/919 99/339/919
f 101/337/920 502/468/920 100/338/920
f 102/336/921 506/469/921 101/337/921
f 103/15/922 511/470/922 102/336/922
f 97/341/923 496/465/923 110/342/923
f 496/465/924 109/343/924 110/342/924
f 98/340/925 497/466/925 496/465/925
f 497/466/926 498/471/926 496/465/926
f 496/465/927 498/471/927 109/343/927
f 498/471/928 108/345/928 109/343/928
f 99/339/929 499/467/929 497/466/929
f 499/467/930 500/472/930 497/466/930
f 497/466/931 500/472/931 498/471/931
f 500/472/932 501/473/932 498/471/932
f 498/471/933 501/473/933 108/345/933
f 501/473/934 107/347/934 108/345/934
f 100/338/935 502/468/935 499/467/935
f 502/468/936 503/474/936 499/467/936
f 499/467/937 503/474/937 500/472/937
f 503/474/938 504/475/938 500/472/938
f 500/472/939 504/475/939 501/473/939
f 504/475/940 505/476/940 501/473/940
f 501/473/941 505/476/941 107/347/941
f 505/476/942 106/349/942 107/347/942
f 101/337/943 506/469/943 502/468/943
f 506/469/944 507/477/944 502/468/944
f 502/468/945 507/477/945 503/474/945
f 507/477/946 508/478/946 503/474/946
f 503/474/947 508/478/947 504/475/947
f 508/478/948 509/479/948 504/475/948
f 504/475/949 509/479/949 505/476/949
f 509/479/950 510/480/950 505/476/950
f 505/476/951 510/480/951 106/349/951
f 510/480/952 105/351/952 106/349/952
f 102/336/953 511/470/953 506/469/953
f 511/470/954 512/481/954 506/469/954
f 506/469/955 512/481/955 507/477/955
f 512/481/956 513/482/956 507/477/956
f 507/477/957 513/482/957 508/478/957
f 513/482/958 514/483/958 508/478/958
f 508/478/959 514/483/959 509/479/959
f 514/483/960 515/484/960 509/479/960
f 509/479/961 515/484/961 510/480/961
f 515/484/962 516/485/962 510/480/962
f 510/480/963 516/485/963 105/351/963
f 516/485/964 104/25/964 105/351/964
f 103/15/965 33/14/965 511/470/965
f 33/14/966 32/486/966 511/470/966
f 511/470/967 32/486/967 512/481/967
f 32/486/968 31/487/968 512/481/968
f 512/481/969 31/487/969 513/482/969
f 31/487/970 30/488/970 513/482/970
f 513/482/971 30/488/971 514/483/971
f 30/488/972 29/489/972 514/483/972
f 514/483/973 29/489/974 515/484/975
f 29/489/974 28/490/976 515/484/975
f 515/484/977 28/490/977 516/485/977
f 28/490/978 27/491/978 516/485/978
f 516/485/979 27/491/979 104/25/979
f 27/491/980 2/4/980 104/25/980
f 83/374/981 96/210/981 11/42/981
f 84/373/982 517/492/982 83/374/982
f 85/372/983 518/493/983 84/373/983
f 86/371/984 520/494/984 85/372/984
f 87/370/985 523/495/985 86/371/985
f 88/369/986 527/496/986 87/370/986
f 89/12/987 532/497/987 88/369/987
f 83/374/988 517/492/988 96/210/988
f 517/492/989 95/211/989 96/210/989
f 84/373/990 518/493/990 517/492/990
f 518/493/991 519/498/991 517/492/991
f 517/492/992 519/498/992 95/211/992
f 519/498/993 94/213/993 95/211/993
f 85/372/994 520/494/994 518/493/994
f 520/494/995 521/499/995 518/493/995
f 518/493/996 521/499/996 519/498/996
f 521/499/997 522/500/997 519/498/997
f 519/498/998 522/500/998 94/213/998
f 522/500/999 93/215/999 94/213/999
f 86/371/1000 523/495/1000 520/494/1000
f 523/495/1001 524/501/1001 520/494/1001
f 520/494/1002 524/501/1002 521/499/1002
f 524/501/1003 525/502/1003 521/499/1003
f 521/499/1004 525/502/1004 522/500/1004
f 525/502/1005 526/503/1005 522/500/1005
f 522/500/1006 526/503/1006 93/215/1006
f 526/503/1007 92/217/1007 93/215/1007
f 87/370/1008 527/496/1008 523/495/1008
f 527/496/1009 528/504/1009 523/495/1009
f 523/495/1010 528/504/1010 524/501/1010
f 528/504/1011 529/505/1011 524/501/1011
f 524/501/1012 529/505/1012 525/502/1012
f 529/505/1013 530/506/1013 525/502/1013
f 525/502/1014 530/506/1014 526/503/1014
f 530/506/1015 531/507/1015 526/503/1015
f 526/503/1016 531/507/1016 92/217/1016
f 531/507/1017 91/219/1017 92/217/1017
f 88/369/1018 532/497/1018 527/496/1018
f 532/497/1019 533/508/1019 527/496/1019
f 527/496/1020 533/508/1020 528/504/1020
f 533/508/1021 534/509/1021 528/504/1021
f 528/504/1022 534/509/1022 529/505/1022
f 534/509/1023 535/510/1023 529/505/1023
f 529/505/1024 535/510/1024 530/506/1024
f 535/510/1025 536/511/1025 530/506/1025
f 530/506/1026 536/511/1026 531/507/1026
f 536/512/1027 537/513/1027 531/514/1027
f 531/507/1028 537/515/1028 91/219/1028
f 537/515/1029 90/29/1029 91/219/1029
f 89/12/1030 40/6/1030 532/497/1030
f 40/6/1031 39/516/1031 532/497/1031
f 532/497/1032 39/516/1032 533/508/1032
f 39/516/1033 38/517/1033 533/508/1033
f 533/508/1034 38/517/1034 534/509/1034
f 38/517/1035 37/518/1035 534/509/1035
f 534/509/1036 37/518/1036 535/510/1036
f 37/518/1037 36/519/1037 535/510/1037
f 535/510/1038 36/519/1038 536/511/1038
f 36/519/1039 35/520/1039 536/511/1039
f 536/511/1040 35/520/1040 537/515/1040
f 35/521/1041 34/522/1041 537/513/1041
f 537/515/1042 34/523/1042 90/29/1042
f 34/523/1043 6/22/1043 90/29/1043
f 47/524/1044 82/23/1044 6/22/1044
f 46/525/1045 538/526/1045 47/524/1045
f 45/527/1046 539/528/1046 46/525/1046
f 44/529/1047 541/530/1047 45/527/1047
f 43/531/1048 544/532/1048 44/529/1048
f 42/533/1049 548/534/1049 43/531/1049
f 41/11/1050 553/535/1050 42/533/1050
f 47/524/1051 538/526/1051 82/23/1051
f 538/526/1052 81/396/1052 82/23/1052
f 46/525/1053 539/528/1053 538/526/1053
f 539/528/1054 540/536/1054 538/526/1054
f 538/526/1055 540/536/1055 81/396/1055
f 540/536/1056 80/397/1056 81/396/1056
f 45/527/1057 541/530/1057 539/528/1057
f 541/530/1058 542/537/1058 539/528/1058
f 539/538/1059 542/539/1059 540/540/1059
f 542/537/1060 543/541/1060 540/536/1060
f 540/536/1061 543/541/1061 80/397/1061
f 543/541/1062 79/398/1062 80/397/1062
f 44/529/1063 544/532/1063 541/530/1063
f 544/542/1064 545/543/1064 541/544/1064
f 541/530/1065 545/545/1065 542/537/1065
f 545/545/1066 546/546/1066 542/537/1066
f 542/539/1067 546/547/1067 543/548/1067
f 546/546/1068 547/549/1068 543/541/1068
f 543/541/1069 547/549/1069 79/398/1069
f 547/549/1070 78/402/1070 79/398/1070
f 43/550/1071 548/551/1071 544/542/1071
f 548/534/1072 549/552/1072 544/532/1072
f 544/532/1073 549/552/1073 545/545/1073
f 549/552/1074 550/553/1074 545/545/1074
f 545/545/1075 550/553/1075 546/546/1075
f 550/553/1076 551/554/1077 546/546/1078
f 546/546/1079 551/554/1079 547/549/1079
f 551/554/1080 552/555/1080 547/549/1080
f 547/549/1081 552/555/1081 78/402/1081
f 552/555/1082 77/403/1083 78/402/1084
f 42/533/1085 553/535/1085 548/534/1085
f 553/535/1086 554/556/1086 548/534/1086
f 548/551/1087 554/557/1087 549/558/1087
f 554/556/1088 555/559/1088 549/552/1088
f 549/552/1089 555/559/1089 550/553/1089
f 555/559/1090 556/560/1090 550/553/1090
f 550/553/1076 556/560/1091 551/554/1077
f 556/560/1092 557/561/1092 551/554/1092
f 551/554/1093 557/561/1093 552/555/1093
f 557/561/1094 558/562/1094 552/555/1094
f 552/555/1082 558/562/1095 77/403/1083
f 558/562/1096 76/404/1096 77/403/1096
f 41/11/1097 68/10/1097 553/535/1097
f 68/10/1098 67/563/1098 553/535/1098
f 553/535/1099 67/563/1099 554/556/1099
f 67/563/1100 66/564/1100 554/556/1100
f 554/556/1101 66/564/1101 555/559/1101
f 66/564/1102 65/565/1102 555/559/1102
f 555/559/1103 65/565/1103 556/560/1103
f 65/565/1104 64/566/1104 556/560/1104
f 556/560/1105 64/566/1105 557/561/1105
f 64/566/1106 63/567/1106 557/561/1106
f 557/561/1107 63/567/1107 558/562/1107
f 63/567/1108 62/568/1108 558/562/1108
f 558/562/1109 62/568/1109 76/404/1109
f 62/568/1110 5/19/1110 76/404/1110
f 62/568/1111 75/20/1111 5/19/1111
f 63/567/1112 559/569/1112 62/568/1112
f 64/566/1113 560/570/1113 63/567/1113
f 65/565/1114 562/571/1114 64/566/1114
f 66/564/1115 565/572/1115 65/565/1115
f 67/563/1116 569/573/1116 66/564/1116
f 68/10/1117 574/574/1117 67/563/1117
f 62/568/1118 559/569/1118 75/20/1118
f 559/569/1119 74/426/1119 75/20/1119
f 63/567/1120 560/570/1120 559/569/1120
f 560/570/1121 561/575/1122 559/569/1123
f 559/569/1124 561/575/1124 74/426/1124
f 561/575/1125 73/427/1125 74/426/1125
f 64/566/1126 562/571/1126 560/570/1126
f 562/571/1127 563/576/1127 560/570/1127
f 560/570/1121 563/576/1128 561/575/1122
f 563/576/1129 564/577/1129 561/575/1129
f 561/575/1130 564/577/1130 73/427/1130
f 564/577/1131 72/428/1131 73/427/1131
f 65/565/1132 565/572/1132 562/571/1132
f 565/572/1133 566/578/1133 562/571/1133
f 562/571/1134 566/578/1134 563/576/1134
f 566/578/1135 567/579/1135 563/576/1135
f 563/576/1136 567/579/1136 564/577/1136
f 567/579/1137 568/580/1137 564/577/1137
f 564/577/1138 568/580/1138 72/428/1138
f 568/580/1139 71/429/1139 72/428/1139
f 66/581/1140 569/582/1140 565/583/1140
f 569/582/1141 570/584/1141 565/583/1141
f 565/572/1142 570/585/1142 566/578/1142
f 570/585/1143 571/586/1143 566/578/1143
f 566/578/1144 571/586/1145 567/579/1146
f 571/586/1145 572/587/1147 567/579/1146
f 567/579/1148 572/587/1148 568/580/1148
f 572/587/1149 573/588/1149 568/580/1149
f 568/580/1150 573/588/1150 71/429/1150
f 573/588/1151 70/430/1151 71/429/1151
f 67/563/1152 574/574/1152 569/573/1152
f 574/574/1153 575/589/1153 569/573/1153
f 569/573/1154 575/589/1154 570/585/1154
f 575/589/1155 576/590/1155 570/585/1155
f 570/585/1156 576/590/1156 571/586/1156
f 576/590/1157 577/591/1157 571/586/1157
f 571/586/1158 577/591/1158 572/587/1158
f 577/592/1159 578/593/1159 572/594/1159
f 572/587/1160 578/595/1160 573/588/1160
f 578/595/1161 579/596/1161 573/588/1161
f 573/588/1162 579/596/1162 70/430/1162
f 579/596/1163 69/431/1163 70/430/1163
f 68/10/1164 54/9/1164 574/574/1164
f 54/597/1165 53/598/1165 574/599/1165
f 574/574/1166 53/600/1166 575/589/1166
f 53/598/1167 52/601/1167 575/602/1167
f 575/589/1168 52/603/1168 576/590/1168
f 52/603/1169 51/604/1169 576/590/1169
f 576/590/1170 51/604/1170 577/591/1170
f 51/604/1171 50/605/1171 577/591/1171
f 577/591/1172 50/605/1173 578/595/1174
f 50/605/1173 49/606/1175 578/595/1174
f 578/595/1176 49/606/1176 579/596/1176
f 49/606/1177 48/607/1177 579/596/1177
f 579/596/1178 48/607/1178 69/431/1178
f 48/607/1179 4/16/1179 69/431/1179
f 48/607/1180 61/17/1180 4/16/1180
f 49/606/1181 580/608/1181 48/607/1181
f 50/605/1182 581/609/1182 49/606/1182
f 51/610/1183 583/611/1183 50/612/1183
f 52/603/1184 586/613/1184 51/604/1184
f 53/600/1185 590/614/1185 52/603/1185
f 54/9/1186 595/615/1186 53/600/1186
f 48/607/1187 580/608/1187 61/17/1187
f 580/608/1188 60/456/1188 61/17/1188
f 49/606/1189 581/609/1189 580/608/1189
f 581/609/1190 582/616/1190 580/608/1190
f 580/608/1191 582/616/1191 60/456/1191
f 582/616/1192 59/457/1192 60/456/1192
f 50/605/1193 583/617/1193 581/609/1193
f 583/617/1194 584/618/1194 581/609/1194
f 581/609/1195 584/618/1195 582/616/1195
f 584/618/1196 585/619/1196 582/616/1196
f 582/616/1197 585/619/1197 59/457/1197
f 585/619/1198 58/458/1198 59/457/1198
f 51/604/1199 586/613/1199 583/617/1199
f 586/613/1200 587/620/1200 583/617/1200
f 583/617/1201 587/620/1201 584/618/1201
f 587/620/1202 588/621/1202 584/618/1202
f 584/618/1203 588/621/1203 585/619/1203
f 588/621/1204 589/622/1204 585/619/1204
f 585/623/1205 589/624/1205 58/625/1205
f 589/622/1206 57/459/1206 58/458/1206
f 52/603/1207 590/614/1207 586/613/1207
f 590/614/1208 591/626/1209 586/613/1210
f 586/613/1211 591/626/1211 587/620/1211
f 591/627/1212 592/628/1212 587/629/1212
f 587/620/1213 592/630/1213 588/621/1213
f 592/630/1214 593/631/1214 588/621/1214
f 588/621/1215 593/631/1215 589/622/1215
f 593/631/1216 594/632/1216 589/622/1216
f 589/622/1217 594/632/1217 57/459/1217
f 594/632/1218 56/463/1218 57/459/1218
f 53/600/1219 595/615/1219 590/614/1219
f 595/615/1220 596/633/1220 590/614/1220
f 590/614/1208 596/633/1221 591/626/1209
f 596/633/1222 597/634/1222 591/626/1222
f 591/626/1223 597/634/1223 592/630/1223
f 597/634/1224 598/635/1224 592/630/1224
f 592/630/1225 598/635/1225 593/631/1225
f 598/635/1226 599/636/1227 593/631/1228
f 593/637/1229 599/638/1229 594/639/1229
f 599/636/1230 600/640/1230 594/632/1230
f 594/632/1231 600/640/1231 56/463/1231
f 600/640/1232 55/464/1232 56/463/1232
f 54/9/1233 19/8/1233 595/615/1233
f 19/8/1234 18/641/1234 595/615/1234
f 595/615/1235 18/641/1235 596/633/1235
f 18/641/1236 17/642/1236 596/633/1236
f 596/643/1237 17/644/1237 597/645/1237
f 17/642/1238 16/646/1238 597/634/1238
f 597/634/1239 16/646/1239 598/635/1239
f 16/646/1240 15/647/1240 598/635/1240
f 598/635/1226 15/647/1241 599/636/1227
f 15/647/1242 14/648/1242 599/636/1242
f 599/636/1243 14/648/1243 600/640/1243
f 14/648/1244 13/649/1244 600/640/1244
f 600/640/1245 13/649/1245 55/464/1245
f 13/649/1246 3/13/1246 55/464/1246
f 34/523/1247 47/524/1247 6/22/1247
f 35/520/1248 601/650/1248 34/523/1248
f 36/519/1249 602/651/1249 35/520/1249
f 37/518/1250 604/652/1250 36/519/1250
f 38/517/1251 607/653/1251 37/518/1251
f 39/516/1252 611/654/1252 38/517/1252
f 40/6/1253 616/655/1253 39/516/1253
f 34/523/1254 601/650/1254 47/524/1254
f 601/650/1255 46/525/1255 47/524/1255
f 35/521/1256 602/656/1256 601/657/1256
f 602/651/1257 603/658/1257 601/650/1257
f 601/650/1258 603/658/1258 46/525/1258
f 603/658/1259 45/527/1259 46/525/1259
f 36/519/1260 604/652/1260 602/651/1260
f 604/652/1261 605/659/1261 602/651/1261
f 602/651/1262 605/659/1262 603/658/1262
f 605/659/1263 606/660/1263 603/658/1263
f 603/658/1264 606/660/1264 45/527/1264
f 606/661/1265 44/662/1265 45/663/1265
f 37/518/1266 607/653/1266 604/652/1266
f 607/653/1267 608/664/1267 604/652/1267
f 604/652/1268 608/664/1268 605/659/1268
f 608/664/1269 609/665/1269 605/659/1269
f 605/659/1270 609/665/1270 606/660/1270
f 609/665/1271 610/666/1271 606/660/1271
f 606/660/1272 610/666/1272 44/529/1272
f 610/666/1273 43/531/1273 44/529/1273
f 38/517/1274 611/654/1274 607/653/1274
f 611/654/1275 612/667/1275 607/653/1275
f 607/653/1276 612/667/1276 608/664/1276
f 612/667/1277 613/668/1277 608/664/1277
f 608/664/1278 613/668/1278 609/665/1278
f 613/668/1279 614/669/1279 609/665/1279
f 609/670/1280 614/671/1280 610/672/1280
f 614/669/1281 615/673/1281 610/666/1281
f 610/666/1282 615/673/1282 43/531/1282
f 615/673/1283 42/533/1283 43/531/1283
f 39/516/1284 616/655/1284 611/654/1284
f 616/655/1285 617/674/1285 611/654/1285
f 611/654/1286 617/674/1286 612/667/1286
f 617/674/1287 618/675/1287 612/667/1287
f 612/667/1288 618/675/1288 613/668/1288
f 618/675/1289 619/676/1289 613/668/1289
f 613/668/1290 619/676/1290 614/669/1290
f 619/676/1291 620/677/1291 614/669/1291
f 614/669/1292 620/677/1292 615/673/1292
f 620/677/1293 621/678/1293 615/673/1293
f 615/673/1294 621/678/1294 42/533/1294
f 621/678/1295 41/11/1295 42/533/1295
f 40/6/1296 26/5/1296 616/655/1296
f 26/5/1297 25/679/1297 616/655/1297
f 616/655/1298 25/679/1298 617/674/1298
f 25/679/1299 24/680/1299 617/674/1299
f 617/674/1300 24/680/1300 618/675/1300
f 24/680/1301 23/681/1301 618/675/1301
f 618/675/1302 23/681/1302 619/676/1302
f 23/682/1303 22/683/1303 619/684/1303
f 619/676/1304 22/685/1304 620/677/1304
f 22/685/1305 21/686/1305 620/677/1305
f 620/677/1306 21/686/1306 621/678/1306
f 21/686/1307 20/687/1307 621/678/1307
f 621/678/1308 20/687/1308 41/11/1308
f 20/687/1309 1/7/1309 41/11/1309
f 13/649/1310 33/14/1310 3/13/1310
f 14/648/1311 622/688/1311 13/649/1311
f 15/647/1312 623/689/1312 14/648/1312
f 16/646/1313 625/690/1313 15/647/1313
f 17/642/1314 628/691/1314 16/646/1314
f 18/641/1315 632/692/1315 17/642/1315
f 19/8/1316 637/693/1316 18/641/1316
f 13/649/1317 622/688/1317 33/14/1317
f 622/688/1318 32/486/1318 33/14/1318
f 14/648/1319 623/689/1319 622/688/1319
f 623/689/1320 624/694/1320 622/688/1320
f 622/688/1321 624/694/1321 32/486/1321
f 624/694/1322 31/487/1322 32/486/1322
f 15/647/1323 625/690/1323 623/689/1323
f 625/690/1324 626/695/1324 623/689/1324
f 623/689/1325 626/695/1325 624/694/1325
f 626/695/1326 627/696/1326 624/694/1326
f 624/694/1327 627/696/1327 31/487/1327
f 627/696/1328 30/488/1328 31/487/1328
f 16/646/1329 628/691/1329 625/690/1329
f 628/691/1330 629/697/1330 625/690/1330
f 625/690/1331 629/697/1331 626/695/1331
f 629/697/1332 630/698/1332 626/695/1332
f 626/695/1333 630/698/1333 627/696/1333
f 630/698/1334 631/699/1334 627/696/1334
f 627/696/1335 631/699/1335 30/488/1335
f 631/699/1336 29/489/1336 30/488/1336
f 17/642/1337 632/692/1337 628/691/1337
f 632/692/1338 633/700/1338 628/691/1338
f 628/691/1339 633/700/1339 629/697/1339
f 633/700/1340 634/701/1340 629/697/1340
f 629/702/1341 634/703/1341 630/704/1341
f 634/701/1342 635/705/1342 630/698/1342
f 630/698/1343 635/705/1343 631/699/1343
f 635/705/1344 636/706/1344 631/699/1344
f 631/699/1345 636/706/1345 29/489/1345
f 636/706/1346 28/490/1346 29/489/1346
f 18/641/1347 637/693/1347 632/692/1347
f 637/693/1348 638/707/1348 632/692/1348
f 632/692/1349 638/707/1349 633/700/1349
f 638/707/1350 639/708/1350 633/700/1350
f 633/700/1351 639/708/1351 634/701/1351
f 639/708/1352 640/709/1352 634/701/1352
f 634/703/1353 640/710/1353 635/711/1353
f 640/709/1354 641/712/1354 635/705/1354
f 635/705/1355 641/712/1355 636/706/1355
f 641/713/1356 642/714/1356 636/715/1356
f 636/706/1357 642/716/1357 28/490/1357
f 642/716/1358 27/491/1358 28/490/1358
f 19/8/1359 20/687/1359 637/693/1359
f 20/687/1360 21/686/1360 637/693/1360
f 637/693/1361 21/686/1361 638/707/1361
f 21/686/1362 22/685/1362 638/707/1362
f 638/707/1363 22/685/1363 639/708/1363
f 22/685/1364 23/681/1364 639/708/1364
f 639/717/1365 23/682/1365 640/710/1365
f 23/681/1366 24/680/1366 640/709/1366
f 640/709/1367 24/680/1367 641/712/1367
f 24/680/1368 25/679/1368 641/712/1368
f 641/712/1369 25/679/1369 642/716/1369
f 25/679/1370 26/5/1371 642/716/1372
f 642/716/1372 26/5/1371 27/491/1373
f 26/5/1374 2/4/1374 27/491/1374
f 644/718/1375 646/719/1375 643/720/1375
f 648/718/1376 650/719/1376 647/720/1376
f 652/718/1377 654/719/1377 651/720/1377
f 656/718/1378 658/719/1378 655/720/1378
f 660/718/1379 662/719/1379 659/720/1379
f 664/718/1380 666/719/1380 663/720/1380
f 670/719/1376 668/718/1376 667/720/1376
f 672/718/1376 674/719/1376 671/720/1376
f 676/718/1377 678/719/1377 675/720/1377
f 680/718/1378 682/719/1378 679/720/1378
f 684/718/1379 686/719/1379 683/720/1379
f 688/718/1380 690/719/1380 687/720/1380
f 691/721/1381 693/722/1382 692/723/1383
f 698/722/1384 696/724/1385 695/723/1386
f 699/724/1387 701/725/1388 700/726/1389
f 706/725/1390 704/727/1391 703/726/1392
f 707/727/1393 709/728/1394 708/729/1395
f 714/728/1396 712/730/1396 711/729/1396
f 715/730/1397 717/731/1398 716/732/1399
f 722/731/1400 720/733/1400 719/732/1400
f 723/733/1401 725/734/1401 724/735/1401
f 730/734/1402 728/736/1403 727/735/1404
f 731/736/1405 733/737/1406 732/738/1407
f 738/737/1408 736/739/1408 735/738/1408
f 742/740/1409 740/741/1410 739/739/1411
f 743/741/1412 745/742/1413 744/743/1414
f 747/743/1415 749/744/1416 748/745/1417
f 754/744/1418 752/746/1418 751/745/1419
f 755/746/1420 757/747/1421 756/748/1422
f 762/747/1423 760/749/1424 759/748/1425
f 763/749/1426 765/750/1427 764/751/1428
f 770/750/1429 768/752/1430 767/751/1431
f 771/753/1432 773/754/1432 772/755/1432
f 774/753/1433 775/755/1433 776/754/1433
f 777/753/1434 779/754/1434 778/755/1434
f 780/753/1435 782/754/1435 781/755/1435
f 783/753/1436 784/755/1436 785/754/1436
f 786/753/1437 787/755/1437 788/754/1437
f 789/753/1438 790/755/1438 791/754/1438
f 792/753/1439 793/755/1439 794/754/1439
f 795/753/1440 797/754/1440 796/755/1440
f 798/753/1441 800/754/1441 799/755/1441
f 801/753/1442 803/754/1442 802/755/1442
f 804/753/1443 806/754/1443 805/755/1443
f 807/753/1444 809/754/1444 808/755/1444
f 810/753/1445 811/755/1445 812/754/1445
f 813/753/1446 814/755/1446 815/754/1446
f 816/753/1447 817/755/1447 818/754/1447
f 819/753/1448 821/754/1448 820/755/1448
f 822/753/1449 824/754/1449 823/755/1449
f 825/753/1450 826/755/1450 827/754/1450
f 828/753/1451 830/754/1451 829/755/1451
f 831/720/1452 833/756/1452 834/719/1452
f 838/719/1452 836/718/1452 835/720/1452
f 842/719/1453 840/718/1453 839/720/1453
f 844/718/1453 846/719/1453 843/720/1453
f 848/718/1454 850/719/1454 847/720/1454
f 854/719/1454 852/718/1454 851/720/1454
f 855/720/1455 857/756/1455 858/719/1455
f 860/718/1456 862/719/1456 859/720/1456
f 866/719/1457 864/718/1457 863/720/1457
f 868/718/1457 870/719/1457 867/720/1457
f 871/720/1458 873/756/1458 872/718/1458
f 878/719/1459 876/718/1459 875/720/1459
f 880/718/1460 882/719/1460 879/720/1460
f 883/720/1461 885/756/1461 886/719/1461
f 890/719/1462 888/718/1462 887/720/1462
f 894/719/1463 892/718/1463 891/720/1463
f 895/720/1464 897/756/1464 896/718/1464
f 900/718/1464 902/719/1464 899/720/1464
f 903/720/1465 905/756/1465 906/719/1465
f 908/718/1466 910/719/1466 907/720/1466
f 912/718/1467 914/719/1467 911/720/1467
f 918/719/1467 916/718/1467 915/720/1467
f 920/718/1468 922/719/1468 919/720/1468
f 926/719/1468 924/718/1468 923/720/1468
f 927/720/1469 929/756/1469 930/719/1469
f 931/720/1470 933/756/1470 934/719/1470
f 935/720/1471 937/756/1471 938/719/1471
f 940/718/1472 942/719/1472 939/720/1472
f 946/719/1473 944/718/1473 943/720/1473
f 950/719/1474 948/718/1474 947/720/1474
f 952/718/1475 954/719/1475 951/720/1475
f 958/719/1475 956/718/1475 955/720/1475
f 959/720/1476 961/756/1476 960/718/1476
f 966/719/1477 964/718/1477 963/720/1477
f 968/718/1478 970/719/1478 967/720/1478
f 972/718/1479 974/719/1479 971/720/1479
f 644/718/1375 645/756/1375 646/719/1375
f 648/718/1376 649/756/1376 650/719/1376
f 652/718/1377 653/756/1377 654/719/1377
f 656/718/1378 657/756/1378 658/719/1378
f 660/718/1379 661/756/1379 662/719/1379
f 664/718/1380 665/756/1380 666/719/1380
f 670/719/1376 669/756/1376 668/718/1376
f 672/718/1376 673/756/1376 674/719/1376
f 676/718/1377 677/756/1377 678/719/1377
f 680/718/1378 681/756/1378 682/719/1378
f 684/718/1379 685/756/1379 686/719/1379
f 688/718/1380 689/756/1380 690/719/1380
f 691/721/1381 694/757/1480 693/722/1382
f 698/722/1384 697/758/1481 696/724/1385
f 699/724/1387 702/758/1482 701/725/1388
f 706/725/1390 705/759/1483 704/727/1391
f 707/727/1393 710/759/1484 709/728/1394
f 714/728/1485 713/760/1485 712/730/1485
f 715/730/1397 718/760/1486 717/731/1398
f 722/731/1487 721/761/1487 720/733/1487
f 723/733/1488 726/761/1488 725/734/1488
f 730/734/1402 729/762/1489 728/736/1403
f 731/736/1405 734/762/1490 733/737/1406
f 738/737/1491 737/740/1491 736/739/1491
f 742/740/1409 741/763/1492 740/741/1410
f 743/741/1412 746/763/1493 745/742/1413
f 747/743/1415 750/742/1494 749/744/1416
f 754/744/1418 753/764/1418 752/746/1418
f 755/746/1420 758/764/1495 757/747/1421
f 762/747/1423 761/765/1496 760/749/1424
f 763/749/1426 766/765/1497 765/750/1427
f 770/750/1429 769/766/1498 768/752/1430
f 831/720/1452 832/718/1452 833/756/1452
f 838/719/1452 837/756/1452 836/718/1452
f 842/719/1453 841/756/1453 840/718/1453
f 844/718/1453 845/756/1453 846/719/1453
f 848/718/1454 849/756/1454 850/719/1454
f 854/719/1454 853/756/1454 852/718/1454
f 855/720/1455 856/718/1455 857/756/1455
f 860/718/1456 861/756/1456 862/719/1456
f 866/719/1457 865/756/1457 864/718/1457
f 868/718/1457 869/756/1457 870/719/1457
f 871/720/1458 874/719/1458 873/756/1458
f 878/719/1459 877/756/1459 876/718/1459
f 880/718/1460 881/756/1460 882/719/1460
f 883/720/1461 884/718/1461 885/756/1461
f 890/719/1462 889/756/1462 888/718/1462
f 894/719/1463 893/756/1463 892/718/1463
f 895/720/1464 898/719/1464 897/756/1464
f 900/718/1464 901/756/1464 902/719/1464
f 903/720/1465 904/718/1465 905/756/1465
f 908/718/1466 909/756/1466 910/719/1466
f 912/718/1467 913/756/1467 914/719/1467
f 918/719/1467 917/756/1467 916/718/1467
f 920/718/1468 921/756/1468 922/719/1468
f 926/719/1468 925/756/1468 924/718/1468
f 927/720/1469 928/718/1469 929/756/1469
f 931/720/1470 932/718/1470 933/756/1470
f 935/720/1471 936/718/1471 937/756/1471
f 940/718/1472 941/756/1472 942/719/1472
f 946/719/1473 945/756/1473 944/718/1473
f 950/719/1474 949/756/1474 948/718/1474
f 952/718/1475 953/756/1475 954/719/1475
f 958/719/1475 957/756/1475 956/718/1475
f 959/720/1476 962/719/1476 961/756/1476
f 966/719/1477 965/756/1477 964/718/1477
f 968/718/1478 969/756/1478 970/719/1478
f 972/718/1479 973/756/1479 974/719/1479
f 976/718/1499 978/719/1499 975/720/1499
f 982/719/1499 980/718/1499 979/720/1499
f 984/718/1500 986/719/1500 983/720/1500
f 988/718/1501 990/719/1501 987/720/1501
f 992/718/1502 994/719/1502 991/720/1502
f 996/718/1503 998/719/1503 995/720/1503
f 1000/718/1499 1002/719/1499 999/720/1499
f 1004/718/1504 1006/719/1504 1003/720/1504
f 1010/719/1501 1008/718/1501 1007/720/1501
f 1014/719/1500 1012/718/1500 1011/720/1500
f 1018/719/1503 1016/718/1503 1015/720/1503
f 1022/719/1502 1020/718/1502 1019/720/1502
f 1023/721/1505 1025/767/1505 1024/723/1505
f 1028/724/1506 1030/767/1506 1027/723/1506
f 1031/724/1507 1033/768/1507 1032/726/1507
f 1036/727/1508 1038/768/1508 1035/726/1508
f 1039/727/1509 1041/769/1509 1042/770/1509
f 1044/730/1510 1046/769/1510 1043/729/1510
f 1047/730/1511 1049/771/1511 1048/732/1511
f 1054/771/1512 1052/733/1512 1051/732/1512
f 1055/733/1513 1057/772/1513 1056/735/1513
f 1060/736/1514 1062/772/1514 1059/735/1514
f 1063/736/1515 1065/773/1515 1066/774/1515
f 1070/773/1516 1068/739/1516 1067/738/1516
f 1071/739/1517 1073/775/1517 1072/741/1517
f 1076/743/1518 1078/775/1518 1075/741/1518
f 1079/743/1519 1081/776/1519 1080/745/1519
f 1084/746/1520 1086/776/1520 1083/745/1520
f 1087/746/1521 1089/777/1521 1090/778/1521
f 1094/777/1522 1092/749/1522 1091/748/1522
f 1095/749/1523 1097/779/1523 1096/751/1523
f 1102/779/1524 1100/752/1524 1099/751/1524
f 1103/720/1504 1111/7/1504 1119/7/1504
f 1124/780/1525 1126/781/1525 1123/782/1525
f 1128/783/1526 1130/784/1526 1127/780/1526
f 1134/785/1527 1132/786/1527 1131/783/1527
f 1136/787/1528 1138/788/1528 1135/786/1528
f 1140/789/1529 1142/790/1529 1139/787/1529
f 1146/791/1530 1144/792/1530 1143/789/1530
f 1150/793/1525 1148/794/1525 1147/792/1525
f 1154/795/1526 1152/796/1526 1151/794/1526
f 1156/797/1527 1158/798/1527 1155/796/1527
f 1162/799/1528 1160/800/1528 1159/797/1528
f 1166/801/1529 1164/802/1529 1163/800/1529
f 1168/782/1530 1170/803/1530 1167/802/1530
f 1180/1/1499 1176/1/1499 1172/755/1499
f 1183/804/1531 1185/805/1531 1186/806/1531
f 1190/805/1532 1188/807/1532 1187/808/1532
f 1191/807/1533 1193/809/1533 1194/810/1533
f 1198/809/1534 1196/811/1534 1195/812/1534
f 1199/811/1535 1201/813/1535 1202/814/1535
f 1206/813/1536 1204/815/1536 1203/816/1536
f 1207/815/1537 1209/817/1537 1210/818/1537
f 1214/817/1538 1212/819/1538 1211/820/1538
f 1215/819/1539 1217/821/1539 1218/822/1539
f 1222/821/1540 1220/823/1540 1219/824/1540
f 1223/823/1541 1225/825/1541 1226/826/1541
f 1228/827/1542 1230/825/1542 1227/828/1542
f 1231/827/1543 1233/829/1543 1234/830/1543
f 1238/829/1544 1236/831/1544 1235/832/1544
f 1239/831/1545 1241/833/1545 1240/834/1545
f 1246/833/1546 1244/835/1546 1243/834/1546
f 1247/835/1547 1249/836/1547 1248/837/1547
f 1254/836/1548 1252/838/1548 1251/837/1548
f 1255/838/1549 1257/839/1550 1258/840/1550
f 1262/839/1551 1260/841/1551 1259/842/1551
f 1263/720/1504 1271/7/1504 1279/7/1504
f 1286/843/1552 1284/844/1552 1283/845/1552
f 1288/846/1526 1290/847/1526 1287/844/1526
f 1292/848/1553 1294/849/1553 1291/846/1553
f 1296/850/1528 1298/851/1528 1295/848/1528
f 1300/852/1529 1302/853/1529 1299/850/1529
f 1306/854/1530 1304/855/1530 1303/852/1530
f 1308/856/1552 1310/857/1552 1307/855/1552
f 1314/858/1526 1312/859/1526 1311/856/1526
f 1318/860/1553 1316/861/1553 1315/859/1553
f 1322/862/1528 1320/863/1528 1319/861/1528
f 1324/864/1554 1326/865/1554 1323/863/1554
f 1330/866/1555 1328/845/1555 1327/864/1555
f 1340/1/1499 1336/1/1499 1332/755/1499
f 1343/867/1556 1345/868/1556 1344/869/1556
f 1350/868/1557 1348/870/1557 1347/869/1557
f 1351/870/1558 1353/871/1558 1352/872/1558
f 1358/871/1559 1356/873/1559 1355/872/1559
f 1359/873/1560 1361/874/1560 1360/875/1560
f 1366/874/1561 1364/876/1561 1363/875/1561
f 1367/876/1562 1369/877/1562 1370/878/1562
f 1374/877/1563 1372/879/1563 1371/880/1563
f 1375/879/1564 1377/881/1564 1376/882/1564
f 1382/881/1565 1380/883/1565 1379/882/1565
f 1383/883/1566 1385/884/1566 1384/885/1566
f 1390/884/1567 1388/886/1567 1387/885/1567
f 1391/886/1568 1393/887/1568 1394/888/1568
f 1398/887/1569 1396/889/1569 1395/890/1569
f 1399/889/1570 1401/891/1570 1402/892/1570
f 1406/891/1571 1404/893/1571 1403/894/1571
f 1407/893/1572 1409/895/1572 1408/896/1572
f 1414/895/1573 1412/897/1573 1411/896/1573
f 1415/897/1574 1417/898/1574 1416/899/1574
f 1422/898/1575 1420/900/1575 1419/899/1575
f 1423/720/1504 1431/7/1504 1439/7/1504
f 1444/901/1525 1446/902/1525 1443/903/1525
f 1450/904/1576 1448/905/1576 1447/901/1576
f 1454/906/1527 1452/907/1527 1451/905/1527
f 1458/908/1577 1456/909/1577 1455/907/1577
f 1460/910/1529 1462/911/1529 1459/909/1529
f 1466/912/1530 1464/913/1530 1463/910/1530
f 1470/914/1525 1468/915/1525 1467/913/1525
f 1472/916/1576 1474/917/1576 1471/915/1576
f 1478/918/1553 1476/919/1553 1475/916/1553
f 1482/920/1528 1480/921/1528 1479/919/1528
f 1486/922/1529 1484/923/1529 1483/921/1529
f 1490/924/1555 1488/903/1555 1487/923/1555
f 1500/1/1499 1496/1/1499 1492/755/1499
f 1503/925/1578 1505/926/1578 1506/927/1578
f 1508/928/1579 1510/926/1579 1507/929/1579
f 1511/928/1580 1513/930/1580 1512/931/1580
f 1516/932/1581 1518/930/1581 1515/931/1581
f 1519/932/1582 1521/933/1582 1522/934/1582
f 1524/935/1583 1526/933/1583 1523/936/1583
f 1527/935/1584 1529/937/1584 1530/938/1584
f 1532/939/1585 1534/937/1586 1531/940/1585
f 1535/939/1587 1537/941/1587 1536/942/1587
f 1540/943/1588 1542/941/1588 1539/942/1588
f 1543/943/1589 1545/944/1589 1544/945/1589
f 1548/946/1590 1550/944/1590 1547/945/1590
f 1551/946/1591 1553/947/1592 1554/948/1592
f 1556/949/1593 1558/947/1593 1555/950/1593
f 1559/949/1594 1561/951/1594 1562/952/1594
f 1564/953/1595 1566/951/1595 1563/954/1595
f 1567/953/1596 1569/955/1596 1570/956/1596
f 1572/957/1597 1574/955/1597 1571/958/1597
f 1575/957/1598 1577/959/1598 1578/960/1598
f 1580/961/1599 1582/959/1599 1579/962/1599
f 1583/720/1504 1591/7/1504 1599/7/1504
f 1604/963/1525 1606/964/1525 1603/965/1525
f 1608/966/1526 1610/967/1526 1607/963/1526
f 1614/968/1527 1612/969/1527 1611/966/1527
f 1616/970/1528 1618/971/1528 1615/969/1528
f 1620/972/1529 1622/973/1529 1619/970/1529
f 1624/974/1555 1626/975/1555 1623/972/1555
f 1628/976/1552 1630/977/1552 1627/974/1552
f 1632/978/1576 1634/979/1576 1631/976/1576
f 1638/980/1553 1636/981/1553 1635/978/1553
f 1642/982/1528 1640/983/1528 1639/981/1528
f 1644/984/1554 1646/985/1554 1643/983/1554
f 1648/965/1530 1650/986/1530 1647/984/1530
f 1660/1/1499 1656/1/1499 1652/755/1499
f 1666/987/1600 1664/988/1601 1663/989/1602
f 1667/988/1603 1669/990/1604 1668/991/1605
f 1671/991/1606 1673/992/1607 1672/993/1608
f 1675/993/1609 1677/994/1609 1676/995/1609
f 1682/994/1610 1680/996/1611 1679/995/1612
f 1686/997/1613 1684/998/1613 1683/996/1613
f 1690/999/1614 1688/1000/1615 1687/998/1616
f 1694/1001/1617 1692/1002/1618 1691/1000/1619
f 1695/1002/1620 1697/1003/1621 1696/1004/1620
f 1699/1004/1622 1701/1005/1623 1700/1006/1624
f 1703/1006/1625 1705/1007/1626 1704/1008/1627
f 1707/1008/1628 1709/1009/1629 1708/1010/1630
f 1714/1009/1631 1712/1011/1632 1711/1010/1633
f 1718/1012/1634 1716/1013/1635 1715/1011/1636
f 1719/1013/1637 1721/1014/1638 1720/1015/1639
f 1726/1014/1640 1724/1016/1641 1723/1015/1642
f 1727/1016/1643 1729/1017/1644 1728/1018/1645
f 1734/1017/1646 1732/1019/1647 1731/1018/1648
f 1735/1019/1649 1737/1020/1650 1736/1021/1651
f 1742/1020/1652 1740/1022/1653 1739/1021/1654
f 1743/753/1655 1744/755/1655 1745/754/1655
f 1746/753/1656 1748/754/1656 1747/755/1656
f 1749/753/1657 1750/755/1657 1751/754/1657
f 1752/753/1658 1754/754/1658 1753/755/1658
f 1755/753/1659 1757/754/1659 1756/755/1659
f 1758/753/1660 1760/754/1660 1759/755/1660
f 1761/753/1661 1763/754/1661 1762/755/1661
f 1764/753/1662 1765/755/1662 1766/754/1662
f 1767/753/1663 1769/754/1663 1768/755/1663
f 1770/753/1664 1772/754/1664 1771/755/1664
f 1773/753/1665 1775/754/1665 1774/755/1665
f 1776/753/1666 1777/755/1666 1778/754/1666
f 1779/753/1667 1781/754/1667 1780/755/1667
f 1782/753/1668 1784/754/1668 1783/755/1668
f 1785/753/1669 1787/754/1669 1786/755/1669
f 1788/753/1670 1790/754/1670 1789/755/1670
f 1791/753/1671 1792/755/1671 1793/754/1671
f 1794/753/1672 1796/754/1672 1795/755/1672
f 1797/753/1673 1798/755/1673 1799/754/1673
f 1800/753/1674 1802/754/1674 1801/755/1674
f 976/718/1499 977/756/1499 978/719/1499
f 982/719/1499 981/756/1499 980/718/1499
f 984/718/1500 985/756/1500 986/719/1500
f 988/718/1501 989/756/1501 990/719/1501
f 992/718/1502 993/756/1502 994/719/1502
f 996/718/1503 997/756/1503 998/719/1503
f 1000/718/1499 1001/756/1499 1002/719/1499
f 1004/718/1504 1005/756/1504 1006/719/1504
f 1010/719/1501 1009/756/1501 1008/718/1501
f 1014/719/1500 1013/756/1500 1012/718/1500
f 1018/719/1503 1017/756/1503 1016/718/1503
f 1022/719/1502 1021/756/1502 1020/718/1502
f 1023/721/1505 1026/1023/1505 1025/767/1505
f 1028/724/1506 1029/1024/1506 1030/767/1506
f 1031/724/1507 1034/1024/1507 1033/768/1507
f 1036/727/1508 1037/770/1508 1038/768/1508
f 1039/727/1509 1040/729/1509 1041/769/1509
f 1044/730/1510 1045/1025/1510 1046/769/1510
f 1047/730/1511 1050/1025/1511 1049/771/1511
f 1054/771/1512 1053/1026/1512 1052/733/1512
f 1055/733/1513 1058/1026/1513 1057/772/1513
f 1060/736/1514 1061/774/1514 1062/772/1514
f 1063/736/1515 1064/738/1515 1065/773/1515
f 1070/773/1516 1069/1027/1516 1068/739/1516
f 1071/739/1517 1074/1027/1517 1073/775/1517
f 1076/743/1518 1077/1028/1518 1078/775/1518
f 1079/743/1519 1082/1028/1519 1081/776/1519
f 1084/746/1520 1085/778/1520 1086/776/1520
f 1087/746/1521 1088/748/1521 1089/777/1521
f 1094/777/1522 1093/1029/1522 1092/749/1522
f 1095/749/1523 1098/1029/1523 1097/779/1523
f 1102/779/1524 1101/1030/1524 1100/752/1524
f 1103/720/1504 1104/718/1504 1105/756/1504
f 1105/756/1504 1106/719/1504 1107/7/1504
f 1107/7/1504 1108/7/1504 1109/7/1504
f 1109/7/1504 1110/7/1504 1111/7/1504
f 1111/7/1504 1112/7/1504 1113/7/1504
f 1113/7/1504 1114/7/1504 1115/7/1504
f 1115/7/1504 1116/7/1504 1117/7/1504
f 1117/7/1504 1118/7/1504 1119/7/1504
f 1119/7/1504 1120/7/1504 1121/7/1504
f 1121/7/1504 1122/7/1504 1103/720/1504
f 1103/720/1504 1105/756/1504 1107/7/1504
f 1107/7/1504 1109/7/1504 1111/7/1504
f 1111/7/1504 1113/7/1504 1115/7/1504
f 1115/7/1504 1117/7/1504 1119/7/1504
f 1119/7/1504 1121/7/1504 1103/720/1504
f 1103/720/1504 1107/7/1504 1111/7/1504
f 1111/7/1504 1115/7/1504 1119/7/1504
f 1124/780/1525 1125/784/1525 1126/781/1525
f 1128/783/1526 1129/785/1526 1130/784/1526
f 1134/785/1527 1133/788/1527 1132/786/1527
f 1136/787/1528 1137/790/1528 1138/788/1528
f 1140/789/1529 1141/791/1529 1142/790/1529
f 1146/791/1530 1145/793/1530 1144/792/1530
f 1150/793/1525 1149/795/1525 1148/794/1525
f 1154/795/1526 1153/798/1526 1152/796/1526
f 1156/797/1527 1157/799/1527 1158/798/1527
f 1162/799/1528 1161/801/1528 1160/800/1528
f 1166/801/1529 1165/803/1529 1164/802/1529
f 1168/782/1530 1169/781/1530 1170/803/1530
f 1172/755/1499 1171/753/1499 1182/1/1499
f 1182/1/1499 1181/1/1499 1180/1/1499
f 1180/1/1499 1179/1/1499 1178/1/1499
f 1178/1/1499 1177/1/1499 1176/1/1499
f 1176/1/1499 1175/1/1499 1174/1031/1499
f 1174/1031/1499 1173/1032/1499 1172/755/1499
f 1172/755/1499 1182/1/1499 1180/1/1499
f 1180/1/1499 1178/1/1499 1176/1/1499
f 1176/1/1499 1174/1031/1499 1172/755/1499
f 1183/804/1531 1184/808/1531 1185/805/1531
f 1190/805/1532 1189/810/1532 1188/807/1532
f 1191/807/1533 1192/812/1533 1193/809/1533
f 1198/809/1534 1197/814/1534 1196/811/1534
f 1199/811/1535 1200/816/1535 1201/813/1535
f 1206/813/1536 1205/818/1536 1204/815/1536
f 1207/815/1537 1208/820/1537 1209/817/1537
f 1214/817/1538 1213/822/1538 1212/819/1538
f 1215/819/1539 1216/824/1539 1217/821/1539
f 1222/821/1540 1221/826/1540 1220/823/1540
f 1223/823/1541 1224/828/1541 1225/825/1541
f 1228/827/1542 1229/830/1542 1230/825/1542
f 1231/827/1543 1232/832/1543 1233/829/1543
f 1238/829/1544 1237/1033/1544 1236/831/1544
f 1239/831/1545 1242/1033/1545 1241/833/1545
f 1246/833/1546 1245/1034/1546 1244/835/1546
f 1247/835/1547 1250/1034/1547 1249/836/1547
f 1254/836/1548 1253/840/1548 1252/838/1548
f 1255/838/1549 1256/842/1549 1257/839/1550
f 1262/839/1551 1261/1035/1551 1260/841/1551
f 1263/720/1504 1264/718/1504 1265/756/1504
f 1265/756/1504 1266/719/1504 1267/7/1504
f 1267/7/1504 1268/7/1504 1269/7/1504
f 1269/7/1504 1270/7/1504 1271/7/1504
f 1271/7/1504 1272/7/1504 1273/7/1504
f 1273/7/1504 1274/7/1504 1275/7/1504
f 1275/7/1504 1276/7/1504 1277/7/1504
f 1277/7/1504 1278/7/1504 1279/7/1504
f 1279/7/1504 1280/7/1504 1281/7/1504
f 1281/7/1504 1282/7/1504 1263/720/1504
f 1263/720/1504 1265/756/1504 1267/7/1504
f 1267/7/1504 1269/7/1504 1271/7/1504
f 1271/7/1504 1273/7/1504 1275/7/1504
f 1275/7/1504 1277/7/1504 1279/7/1504
f 1279/7/1504 1281/7/1504 1263/720/1504
f 1263/720/1504 1267/7/1504 1271/7/1504
f 1271/7/1504 1275/7/1504 1279/7/1504
f 1286/843/1552 1285/847/1552 1284/844/1552
f 1288/846/1526 1289/849/1526 1290/847/1526
f 1292/848/1553 1293/851/1553 1294/849/1553
f 1296/850/1528 1297/853/1528 1298/851/1528
f 1300/852/1529 1301/854/1529 1302/853/1529
f 1306/854/1530 1305/857/1530 1304/855/1530
f 1308/856/1552 1309/858/1552 1310/857/1552
f 1314/858/1526 1313/860/1526 1312/859/1526
f 1318/860/1553 1317/862/1553 1316/861/1553
f 1322/862/1528 1321/865/1528 1320/863/1528
f 1324/864/1554 1325/866/1554 1326/865/1554
f 1330/866/1555 1329/843/1555 1328/845/1555
f 1332/755/1499 1331/753/1499 1342/1/1499
f 1342/1/1499 1341/1/1499 1340/1/1499
f 1340/1/1499 1339/1/1499 1338/1/1499
f 1338/1/1499 1337/1/1499 1336/1/1499
f 1336/1/1499 1335/1/1499 1334/1031/1499
f 1334/1031/1499 1333/1032/1499 1332/755/1499
f 1332/755/1499 1342/1/1499 1340/1/1499
f 1340/1/1499 1338/1/1499 1336/1/1499
f 1336/1/1499 1334/1031/1499 1332/755/1499
f 1343/867/1556 1346/1036/1556 1345/868/1556
f 1350/868/1557 1349/1037/1557 1348/870/1557
f 1351/870/1558 1354/1037/1558 1353/871/1558
f 1358/871/1559 1357/1038/1559 1356/873/1559
f 1359/873/1560 1362/1038/1560 1361/874/1560
f 1366/874/1561 1365/878/1561 1364/876/1561
f 1367/876/1562 1368/880/1562 1369/877/1562
f 1374/877/1563 1373/1039/1563 1372/879/1563
f 1375/879/1564 1378/1039/1564 1377/881/1564
f 1382/881/1565 1381/1040/1565 1380/883/1565
f 1383/883/1566 1386/1040/1566 1385/884/1566
f 1390/884/1567 1389/888/1567 1388/886/1567
f 1391/886/1568 1392/890/1568 1393/887/1568
f 1398/887/1569 1397/892/1569 1396/889/1569
f 1399/889/1570 1400/894/1570 1401/891/1570
f 1406/891/1571 1405/1041/1571 1404/893/1571
f 1407/893/1572 1410/1041/1572 1409/895/1572
f 1414/895/1573 1413/1042/1573 1412/897/1573
f 1415/897/1574 1418/1042/1574 1417/898/1574
f 1422/898/1575 1421/1043/1575 1420/900/1575
f 1423/720/1504 1424/718/1504 1425/756/1504
f 1425/756/1504 1426/719/1504 1427/7/1504
f 1427/7/1504 1428/7/1504 1429/7/1504
f 1429/7/1504 1430/7/1504 1431/7/1504
f 1431/7/1504 1432/7/1504 1433/7/1504
f 1433/7/1504 1434/7/1504 1435/7/1504
f 1435/7/1504 1436/7/1504 1437/7/1504
f 1437/7/1504 1438/7/1504 1439/7/1504
f 1439/7/1504 1440/7/1504 1441/7/1504
f 1441/7/1504 1442/7/1504 1423/720/1504
f 1423/720/1504 1425/756/1504 1427/7/1504
f 1427/7/1504 1429/7/1504 1431/7/1504
f 1431/7/1504 1433/7/1504 1435/7/1504
f 1435/7/1504 1437/7/1504 1439/7/1504
f 1439/7/1504 1441/7/1504 1423/720/1504
f 1423/720/1504 1427/7/1504 1431/7/1504
f 1431/7/1504 1435/7/1504 1439/7/1504
f 1444/901/1525 1445/904/1525 1446/902/1525
f 1450/904/1576 1449/906/1576 1448/905/1576
f 1454/906/1527 1453/908/1527 1452/907/1527
f 1458/908/1577 1457/911/1577 1456/909/1577
f 1460/910/1529 1461/912/1529 1462/911/1529
f 1466/912/1530 1465/914/1530 1464/913/1530
f 1470/914/1525 1469/917/1525 1468/915/1525
f 1472/916/1576 1473/918/1576 1474/917/1576
f 1478/918/1553 1477/920/1553 1476/919/1553
f 1482/920/1528 1481/922/1528 1480/921/1528
f 1486/922/1529 1485/924/1529 1484/923/1529
f 1490/924/1555 1489/902/1555 1488/903/1555
f 1492/755/1499 1491/753/1499 1502/1/1499
f 1502/1/1499 1501/1/1499 1500/1/1499
f 1500/1/1499 1499/1/1499 1498/1/1499
f 1498/1/1499 1497/1/1499 1496/1/1499
f 1496/1/1499 1495/1/1499 1494/1031/1499
f 1494/1031/1499 1493/1032/1499 1492/755/1499
f 1492/755/1499 1502/1/1499 1500/1/1499
f 1500/1/1499 1498/1/1499 1496/1/1499
f 1496/1/1499 1494/1031/1499 1492/755/1499
f 1503/925/1578 1504/929/1578 1505/926/1578
f 1508/928/1579 1509/1044/1579 1510/926/1579
f 1511/928/1580 1514/1044/1580 1513/930/1580
f 1516/932/1581 1517/934/1581 1518/930/1581
f 1519/932/1582 1520/936/1582 1521/933/1582
f 1524/935/1583 1525/938/1583 1526/933/1583
f 1527/935/1584 1528/940/1584 1529/937/1584
f 1532/939/1585 1533/1045/1586 1534/937/1586
f 1535/939/1587 1538/1045/1587 1537/941/1587
f 1540/943/1588 1541/1046/1588 1542/941/1588
f 1543/943/1589 1546/1046/1589 1545/944/1589
f 1548/946/1590 1549/948/1590 1550/944/1590
f 1551/946/1591 1552/950/1591 1553/947/1592
f 1556/949/1593 1557/952/1593 1558/947/1593
f 1559/949/1594 1560/954/1594 1561/951/1594
f 1564/953/1595 1565/956/1595 1566/951/1595
f 1567/953/1596 1568/958/1596 1569/955/1596
f 1572/957/1597 1573/960/1597 1574/955/1597
f 1575/957/1598 1576/962/1598 1577/959/1598
f 1580/961/1599 1581/1047/1599 1582/959/1599
f 1583/720/1504 1584/718/1504 1585/756/1504
f 1585/756/1504 1586/719/1504 1587/7/1504
f 1587/7/1504 1588/7/1504 1589/7/1504
f 1589/7/1504 1590/7/1504 1591/7/1504
f 1591/7/1504 1592/7/1504 1593/7/1504
f 1593/7/1504 1594/7/1504 1595/7/1504
f 1595/7/1504 1596/7/1504 1597/7/1504
f 1597/7/1504 1598/7/1504 1599/7/1504
f 1599/7/1504 1600/7/1504 1601/7/1504
f 1601/7/1504 1602/7/1504 1583/720/1504
f 1583/720/1504 1585/756/1504 1587/7/1504
f 1587/7/1504 1589/7/1504 1591/7/1504
f 1591/7/1504 1593/7/1504 1595/7/1504
f 1595/7/1504 1597/7/1504 1599/7/1504
f 1599/7/1504 1601/7/1504 1583/720/1504
f 1583/720/1504 1587/7/1504 1591/7/1504
f 1591/7/1504 1595/7/1504 1599/7/1504
f 1604/963/1525 1605/967/1525 1606/964/1525
f 1608/966/1526 1609/968/1526 1610/967/1526
f 1614/968/1527 1613/971/1527 1612/969/1527
f 1616/970/1528 1617/973/1528 1618/971/1528
f 1620/972/1529 1621/975/1529 1622/973/1529
f 1624/974/1555 1625/977/1555 1626/975/1555
f 1628/976/1552 1629/979/1552 1630/977/1552
f 1632/978/1576 1633/980/1576 1634/979/1576
f 1638/980/1553 1637/982/1553 1636/981/1553
f 1642/982/1528 1641/985/1528 1640/983/1528
f 1644/984/1554 1645/986/1554 1646/985/1554
f 1648/965/1530 1649/964/1530 1650/986/1530
f 1652/755/1499 1651/753/1499 1662/1/1499
f 1662/1/1499 1661/1/1499 1660/1/1499
f 1660/1/1499 1659/1/1499 1658/1/1499
f 1658/1/1499 1657/1/1499 1656/1/1499
f 1656/1/1499 1655/1/1499 1654/1031/1499
f 1654/1031/1499 1653/1032/1499 1652/755/1499
f 1652/755/1499 1662/1/1499 1660/1/1499
f 1660/1/1499 1658/1/1499 1656/1/1499
f 1656/1/1499 1654/1031/1499 1652/755/1499
f 1666/987/1600 1665/1048/1675 1664/988/1601
f 1667/988/1603 1670/1048/1676 1669/990/1604
f 1671/991/1606 1674/990/1677 1673/992/1607
f 1675/993/1678 1678/992/1678 1677/994/1678
f 1682/994/1610 1681/997/1679 1680/996/1611
f 1686/997/1680 1685/999/1680 1684/998/1680
f 1690/999/1614 1689/1001/1681 1688/1000/1615
f 1694/1001/1617 1693/1049/1682 1692/1002/1618
f 1695/1002/1620 1698/1049/1621 1697/1003/1621
f 1699/1004/1622 1702/1003/1683 1701/1005/1623
f 1703/1006/1625 1706/1005/1684 1705/1007/1626
f 1707/1008/1628 1710/1007/1685 1709/1009/1629
f 1714/1009/1631 1713/1012/1686 1712/1011/1632
f 1718/1012/1634 1717/1050/1687 1716/1013/1635
f 1719/1013/1637 1722/1050/1688 1721/1014/1638
f 1726/1014/1640 1725/1051/1689 1724/1016/1641
f 1727/1016/1643 1730/1051/1690 1729/1017/1644
f 1734/1017/1646 1733/1052/1691 1732/1019/1647
f 1735/1019/1649 1738/1052/1692 1737/1020/1650
f 1742/1020/1652 1741/1053/1693 1740/1022/1653
f 1803/1054/1694 1805/1055/1694 1806/1056/1694
f 1810/1055/1695 1808/1057/1695 1807/1058/1695
f 1811/1057/1696 1813/1059/1696 1812/1060/1696
f 1818/1059/1697 1816/1061/1697 1815/1060/1697
f 1819/1061/1698 1821/1062/1699 1822/1063/1699
f 1826/1062/1700 1824/1064/1700 1823/1065/1700
f 1827/1064/1701 1829/1066/1701 1828/1067/1701
f 1834/1066/1702 1832/1068/1702 1831/1067/1702
f 1835/1068/1703 1837/1069/1703 1836/1070/1703
f 1842/1069/1704 1840/1071/1704 1839/1070/1704
f 1843/1071/1705 1845/1072/1706 1846/1073/1706
f 1850/1072/1707 1848/1074/1707 1847/1075/1707
f 1851/1074/1708 1853/1076/1708 1854/1077/1708
f 1858/1076/1709 1856/1078/1709 1855/1079/1709
f 1859/1078/1710 1861/1080/1710 1862/1081/1710
f 1866/1080/1711 1864/1082/1711 1863/1083/1711
f 1867/1082/1712 1869/1084/1712 1868/1085/1712
f 1874/1084/1713 1872/1086/1713 1871/1085/1713
f 1875/1086/1714 1877/1087/1714 1878/1088/1714
f 1880/1089/1715 1882/1087/1715 1879/1090/1715
f 1883/1056/1716 1885/1091/1717 1884/1055/1718
f 1890/1091/1719 1888/1092/1720 1887/1055/1721
f 1891/1092/1722 1893/1093/1723 1892/1059/1724
f 1898/1093/1725 1896/1063/1726 1895/1059/1727
f 1899/1063/1728 1901/1094/1729 1900/1062/1730
f 1906/1094/1731 1904/1095/1732 1903/1062/1733
f 1910/1096/1734 1908/1066/1735 1907/1095/1736
f 1911/1066/1737 1913/1097/1738 1912/1098/1702
f 1918/1097/1739 1916/1069/1740 1915/1098/1703
f 1919/1069/1741 1921/1099/1742 1920/1073/1743
f 1926/1099/1744 1924/1072/1745 1923/1073/1746
f 1927/1072/1747 1929/1100/1748 1928/1077/1749
f 1934/1100/1750 1932/1076/1751 1931/1077/1752
f 1935/1076/1753 1937/1101/1754 1936/1081/1709
f 1942/1101/1755 1940/1080/1756 1939/1081/1757
f 1943/1080/1758 1945/1102/1759 1944/1103/1760
f 1950/1102/1761 1948/1084/1762 1947/1103/1763
f 1951/1084/1764 1953/1104/1765 1952/1088/1766
f 1955/1088/1767 1957/1105/1768 1956/1087/1769
f 1959/1087/1770 1961/1106/1771 1960/1107/1772
f 1963/753/1773 1965/754/1773 1964/755/1773
f 1966/753/1774 1968/754/1774 1967/755/1774
f 1969/753/1775 1971/754/1775 1970/755/1775
f 1972/753/1776 1973/755/1776 1974/754/1776
f 1975/753/1777 1976/755/1777 1977/754/1777
f 1978/753/1778 1980/754/1778 1979/755/1778
f 1981/753/1779 1983/754/1779 1982/755/1779
f 1984/753/1780 1985/755/1780 1986/754/1780
f 1987/753/1781 1988/755/1781 1989/754/1781
f 1990/753/1782 1991/755/1782 1992/754/1782
f 1993/753/1783 1994/755/1783 1995/754/1783
f 1996/753/1784 1997/755/1784 1998/754/1784
f 1999/753/1785 2001/754/1785 2000/755/1785
f 2002/753/1786 2003/755/1786 2004/754/1786
f 2005/753/1787 2006/755/1787 2007/754/1787
f 2008/753/1788 2009/755/1788 2010/754/1788
f 2011/753/1789 2012/755/1789 2013/754/1789
f 2014/753/1790 2015/755/1790 2016/754/1790
f 2017/753/1791 2019/754/1791 2018/755/1791
f 2020/753/1792 2021/755/1792 2022/754/1792
f 2024/718/1375 2026/719/1375 2023/720/1375
f 2030/719/1375 2028/718/1375 2027/720/1375
f 2034/719/1793 2032/718/1793 2031/720/1793
f 2038/719/1794 2036/718/1794 2035/720/1794
f 2042/719/1795 2040/718/1795 2039/720/1795
f 2046/719/1796 2044/718/1796 2043/720/1796
f 2048/718/1375 2050/719/1375 2047/720/1375
f 2052/718/1376 2054/719/1376 2051/720/1376
f 2056/718/1797 2058/719/1797 2055/720/1797
f 2060/718/1798 2062/719/1798 2059/720/1798
f 2066/719/1799 2064/718/1799 2063/720/1799
f 2068/718/1799 2070/719/1799 2067/720/1799
f 2072/718/1375 2074/719/1375 2071/720/1375
f 2076/718/1376 2078/719/1376 2075/720/1376
f 2080/718/1800 2082/719/1800 2079/720/1800
f 2084/718/1801 2086/719/1801 2083/720/1801
f 2088/718/1802 2090/719/1802 2087/720/1802
f 2094/719/1802 2092/718/1802 2091/720/1802
f 2096/718/1375 2098/719/1375 2095/720/1375
f 2100/718/1376 2102/719/1376 2099/720/1376
f 2104/718/1803 2106/719/1803 2103/720/1803
f 2110/719/1803 2108/718/1803 2107/720/1803
f 2114/719/1804 2112/718/1804 2111/720/1804
f 2118/719/1805 2116/718/1805 2115/720/1805
f 2119/720/1375 2121/756/1375 2122/719/1375
f 2123/720/1376 2125/756/1376 2126/719/1376
f 2128/718/1806 2130/719/1806 2127/720/1806
f 2134/719/1806 2132/718/1806 2131/720/1806
f 2136/718/1807 2138/719/1807 2135/720/1807
f 2140/718/1808 2142/719/1808 2139/720/1808
f 1803/1054/1694 1804/1058/1694 1805/1055/1694
f 1810/1055/1695 1809/1092/1695 1808/1057/1695
f 1811/1057/1696 1814/1092/1696 1813/1059/1696
f 1818/1059/1697 1817/1063/1697 1816/1061/1697
f 1819/1061/1698 1820/1065/1698 1821/1062/1699
f 1826/1062/1700 1825/1095/1700 1824/1064/1700
f 1827/1064/1701 1830/1095/1701 1829/1066/1701
f 1834/1066/1702 1833/1098/1702 1832/1068/1702
f 1835/1068/1703 1838/1098/1703 1837/1069/1703
f 1842/1069/1704 1841/1073/1704 1840/1071/1704
f 1843/1071/1705 1844/1075/1705 1845/1072/1706
f 1850/1072/1707 1849/1077/1707 1848/1074/1707
f 1851/1074/1708 1852/1079/1708 1853/1076/1708
f 1858/1076/1709 1857/1081/1709 1856/1078/1709
f 1859/1078/1710 1860/1083/1710 1861/1080/1710
f 1866/1080/1711 1865/1103/1711 1864/1082/1711
f 1867/1082/1712 1870/1103/1712 1869/1084/1712
f 1874/1084/1713 1873/1088/1713 1872/1086/1713
f 1875/1086/1714 1876/1090/1714 1877/1087/1714
f 1880/1089/1715 1881/1107/1715 1882/1087/1715
f 1883/1056/1716 1886/1108/1809 1885/1091/1717
f 1890/1091/1719 1889/1109/1810 1888/1092/1720
f 1891/1092/1722 1894/1109/1811 1893/1093/1723
f 1898/1093/1725 1897/1110/1812 1896/1063/1726
f 1899/1063/1728 1902/1110/1813 1901/1094/1729
f 1906/1094/1731 1905/1096/1814 1904/1095/1732
f 1910/1096/1734 1909/1111/1734 1908/1066/1735
f 1911/1066/1737 1914/1111/1815 1913/1097/1738
f 1918/1097/1739 1917/1112/1816 1916/1069/1740
f 1919/1069/1741 1922/1112/1817 1921/1099/1742
f 1926/1099/1744 1925/1113/1818 1924/1072/1745
f 1927/1072/1747 1930/1113/1819 1929/1100/1748
f 1934/1100/1750 1933/1114/1820 1932/1076/1751
f 1935/1076/1753 1938/1114/1821 1937/1101/1754
f 1942/1101/1755 1941/1115/1822 1940/1080/1756
f 1943/1080/1758 1946/1115/1823 1945/1102/1759
f 1950/1102/1761 1949/1116/1824 1948/1084/1762
f 1951/1084/1764 1954/1116/1825 1953/1104/1765
f 1955/1088/1767 1958/1104/1826 1957/1105/1768
f 1959/1087/1770 1962/1105/1827 1961/1106/1771
f 2024/718/1375 2025/756/1375 2026/719/1375
f 2030/719/1375 2029/756/1375 2028/718/1375
f 2034/719/1793 2033/756/1793 2032/718/1793
f 2038/719/1794 2037/756/1794 2036/718/1794
f 2042/719/1795 2041/756/1795 2040/718/1795
f 2046/719/1796 2045/756/1796 2044/718/1796
f 2048/718/1375 2049/756/1375 2050/719/1375
f 2052/718/1376 2053/756/1376 2054/719/1376
f 2056/718/1797 2057/756/1797 2058/719/1797
f 2060/718/1798 2061/756/1798 2062/719/1798
f 2066/719/1799 2065/756/1799 2064/718/1799
f 2068/718/1799 2069/756/1799 2070/719/1799
f 2072/718/1375 2073/756/1375 2074/719/1375
f 2076/718/1376 2077/756/1376 2078/719/1376
f 2080/718/1800 2081/756/1800 2082/719/1800
f 2084/718/1801 2085/756/1801 2086/719/1801
f 2088/718/1802 2089/756/1802 2090/719/1802
f 2094/719/1802 2093/756/1802 2092/718/1802
f 2096/718/1375 2097/756/1375 2098/719/1375
f 2100/718/1376 2101/756/1376 2102/719/1376
f 2104/718/1803 2105/756/1803 2106/719/1803
f 2110/719/1803 2109/756/1803 2108/718/1803
f 2114/719/1804 2113/756/1804 2112/718/1804
f 2118/719/1805 2117/756/1805 2116/718/1805
f 2119/720/1375 2120/718/1375 2121/756/1375
f 2123/720/1376 2124/718/1376 2125/756/1376
f 2128/718/1806 2129/756/1806 2130/719/1806
f 2134/719/1806 2133/756/1806 2132/718/1806
f 2136/718/1807 2137/756/1807 2138/719/1807
f 2140/718/1808 2141/756/1808 2142/719/1808
f 2144/1117/1828 2146/1118/1828 2143/1119/1828
f 2148/1120/1829 2150/1119/1829 2147/1118/1829
f 2154/1121/1830 2152/1122/1830 2151/1123/1830
f 2156/1124/1831 2158/1125/1831 2155/1126/1831
f 2160/1127/1830 2162/1128/1830 2159/1129/1830
f 2166/1130/1832 2164/1131/1832 2163/1132/1832
f 2168/1133/1828 2170/1134/1828 2167/1135/1828
f 2172/1136/1829 2174/1135/1829 2171/1134/1829
f 2176/1137/1833 2178/1138/1833 2175/1139/1833
f 2180/1140/1834 2182/1141/1834 2179/1142/1834
f 2184/1143/1835 2186/1144/1835 2183/1145/1835
f 2190/1146/1836 2188/1147/1836 2187/1148/1836
f 2191/1149/1828 2193/1150/1828 2194/1151/1828
f 2196/1150/1829 2198/1149/1829 2195/1151/1829
f 2200/1152/1837 2202/1153/1837 2199/1154/1837
f 2206/1155/1838 2204/1156/1838 2203/1157/1838
f 2208/1158/1839 2210/1159/1839 2207/1160/1839
f 2214/1161/1840 2212/1162/1840 2211/1163/1840
f 2216/1164/1828 2218/1165/1828 2215/1166/1828
f 2220/1167/1829 2222/1166/1829 2219/1165/1829
f 2226/1168/1841 2224/1169/1841 2223/1170/1841
f 2230/1171/1842 2228/1172/1842 2227/1173/1842
f 2234/1174/1843 2232/1175/1843 2231/1176/1843
f 2238/1177/1844 2236/1178/1844 2235/1179/1844
f 2240/1180/1828 2242/1181/1828 2239/1182/1828
f 2244/1183/1829 2246/1182/1829 2243/1181/1829
f 2248/1184/1845 2250/1185/1845 2247/1186/1845
f 2252/1187/1846 2254/1188/1846 2251/1189/1846
f 2256/1190/1847 2258/1191/1847 2255/1192/1847
f 2262/1193/1848 2260/1194/1848 2259/1195/1848
f 2264/1196/1828 2266/1197/1828 2263/1198/1828
f 2268/1199/1829 2270/1198/1829 2267/1197/1829
f 2272/1200/1849 2274/1201/1849 2271/1202/1849
f 2278/1203/1850 2276/1204/1850 2275/1205/1850
f 2282/1206/1849 2280/1207/1849 2279/1208/1849
f 2284/1209/1851 2286/1189/1851 2283/1188/1851
f 2290/1210/1376 2288/1211/1376 2287/1212/1376
f 2292/1210/1376 2294/1211/1376 2291/1212/1376
f 2298/1213/1828 2296/1214/1828 2295/1215/1828
f 2302/1214/1829 2300/1213/1829 2299/1215/1829
f 2304/1216/1852 2306/1217/1852 2303/1218/1852
f 2308/1217/1853 2310/1216/1853 2307/1218/1853
f 2144/1117/1828 2145/1120/1828 2146/1118/1828
f 2148/1120/1829 2149/1117/1829 2150/1119/1829
f 2154/1121/1830 2153/1219/1830 2152/1122/1830
f 2156/1124/1831 2157/1220/1831 2158/1125/1831
f 2160/1127/1830 2161/1221/1830 2162/1128/1830
f 2166/1130/1832 2165/1222/1832 2164/1131/1832
f 2168/1133/1828 2169/1136/1828 2170/1134/1828
f 2172/1136/1829 2173/1133/1829 2174/1135/1829
f 2176/1137/1833 2177/1223/1833 2178/1138/1833
f 2180/1140/1834 2181/1224/1834 2182/1141/1834
f 2184/1143/1835 2185/1225/1835 2186/1144/1835
f 2190/1146/1836 2189/1226/1836 2188/1147/1836
f 2191/1149/1828 2192/1227/1828 2193/1150/1828
f 2196/1150/1829 2197/1227/1829 2198/1149/1829
f 2200/1152/1837 2201/1228/1837 2202/1153/1837
f 2206/1155/1838 2205/1229/1838 2204/1156/1838
f 2208/1158/1839 2209/1230/1839 2210/1159/1839
f 2214/1161/1840 2213/1231/1840 2212/1162/1840
f 2216/1164/1828 2217/1167/1828 2218/1165/1828
f 2220/1167/1829 2221/1164/1829 2222/1166/1829
f 2226/1168/1841 2225/1232/1841 2224/1169/1841
f 2230/1171/1842 2229/1233/1842 2228/1172/1842
f 2234/1174/1843 2233/1234/1843 2232/1175/1843
f 2238/1177/1844 2237/1235/1844 2236/1178/1844
f 2240/1180/1828 2241/1183/1828 2242/1181/1828
f 2244/1183/1829 2245/1180/1829 2246/1182/1829
f 2248/1184/1845 2249/1236/1845 2250/1185/1845
f 2252/1187/1846 2253/1209/1846 2254/1188/1846
f 2256/1190/1847 2257/1237/1847 2258/1191/1847
f 2262/1193/1848 2261/1238/1848 2260/1194/1848
f 2264/1196/1828 2265/1199/1828 2266/1197/1828
f 2268/1199/1829 2269/1196/1829 2270/1198/1829
f 2272/1200/1849 2273/1239/1849 2274/1201/1849
f 2278/1203/1850 2277/1240/1850 2276/1204/1850
f 2282/1206/1849 2281/1241/1849 2280/1207/1849
f 2284/1209/1851 2285/1187/1851 2286/1189/1851
f 2290/1210/1376 2289/1242/1376 2288/1211/1376
f 2292/1210/1376 2293/1242/1376 2294/1211/1376
f 2298/1213/1828 2297/1243/1828 2296/1214/1828
f 2302/1214/1829 2301/1243/1829 2300/1213/1829
f 2304/1216/1852 2305/1244/1852 2306/1217/1852
f 2308/1217/1853 2309/1244/1853 2310/1216/1853
