# Blender 5.1.2
# www.blender.org
o st_isle_08_stone
v 0.000000 -10.739068 0.000000
v -9.974453 -2.143519 3.002007
v -6.194937 -1.082783 -8.929920
v 6.692117 -2.584119 -8.800531
v 8.887892 -1.393029 3.103861
v -0.227322 -1.848706 10.414143
v -10.436005 0.020136 -3.644507
v 0.238011 0.377143 -10.903821
v 9.764752 0.135815 -2.938893
v 5.921139 -0.037455 8.535248
v -5.962057 -0.418163 7.840459
v 0.000000 0.064619 0.000000
v -5.781370 -1.544059 -8.333772
v -5.218438 -2.808288 -7.522320
v -4.498216 -4.538038 -6.484120
v -3.641268 -5.163730 -5.248839
v -2.698919 -6.730076 -3.890452
v -1.739468 -8.492923 -2.507417
v -0.825908 -13.668578 -1.190527
v -1.329788 -13.147605 0.400222
v -2.800717 -7.545460 0.842935
v -4.345527 -4.918021 1.307873
v -5.862798 -3.658104 1.764525
v -7.242569 -5.132599 2.179789
v -8.402209 -4.658293 2.528805
v -9.308567 -3.087992 2.801588
v -10.207760 -2.909247 1.678251
v -9.991228 -2.710171 0.124654
v -9.820930 -3.495241 -1.547590
v -9.925256 -3.586804 -3.466026
v -8.831896 -3.398951 -5.005921
v -8.141265 -1.862333 -6.643284
v -7.373744 -2.064376 -8.142414
v -1.359401 -2.183206 8.921043
v -2.641446 -2.688803 8.488151
v -4.358213 -2.097635 8.569907
v -5.670235 -2.397083 7.456696
v -6.557653 -1.562815 5.999567
v -8.206256 -1.889853 5.285624
v -8.974316 -2.371472 4.026412
v -0.030308 -10.955452 1.388404
v -0.063835 -9.329294 2.924178
v -0.099035 -12.496635 4.537085
v -0.133619 -11.050189 6.121234
v -0.165065 -4.140207 7.561823
v -0.191492 -2.797157 8.772573
v -0.212141 -2.374520 9.718898
v 6.245366 -3.791676 -8.213027
v 5.637269 -4.603657 -7.413343
v 4.859241 -5.419294 -6.390191
v 3.933524 -6.118621 -5.172818
v 2.915548 -13.068612 -3.834118
v 1.879089 -19.305647 -2.471114
v 0.892193 -11.855339 -1.173287
v -4.800252 -1.136752 -9.285893
v -3.309458 -1.098181 -9.769209
v -1.588091 -2.135389 -9.976610
v 0.226326 -3.187443 -10.370142
v 2.106210 -3.418593 -10.310898
v 3.951369 -2.689770 -10.179371
v 5.170860 -2.610281 -9.015514
v 8.294548 -1.838609 2.896654
v 7.486910 -2.859579 2.614607
v 6.453606 -4.414907 2.253753
v 5.224130 -5.686716 1.824399
v 3.872147 -8.999348 1.352251
v 2.495617 -11.682528 0.871536
v 1.184924 -8.302206 0.413809
v 7.289725 -2.575873 -7.375777
v 8.083379 -1.907540 -6.028364
v 8.830739 -2.947508 -4.508170
v 9.286837 -2.326508 -2.795012
v 9.641584 -2.271307 -1.090875
v 9.467449 -1.183396 0.531773
v 8.894979 -1.287195 1.864188
v 8.373206 -1.886184 4.204722
v 7.693325 -1.980093 5.444321
v 6.341748 -2.344126 6.331966
v 5.631241 -2.429628 8.117556
v 4.444872 -1.862620 9.773816
v 2.732939 -2.399015 10.354816
v 1.158216 -2.143830 10.725624
v -6.528472 -0.555772 7.364930
v -7.274026 -0.682536 7.018965
v -8.032864 -0.624312 6.596861
v -9.065648 -0.000012 6.289090
v -9.853333 -0.243214 5.713203
v -9.858530 -0.749938 4.707033
v -9.819172 -1.415753 3.779992
v -0.972895 -1.311126 10.003150
v -1.688321 -0.897828 9.552684
v -2.493240 -0.260038 9.567225
v -3.434611 0.243627 9.834983
v -4.403192 -0.013927 9.939034
v -5.216460 -0.282555 9.616343
v -5.752661 -0.171350 8.876722
v -10.458986 0.124867 -4.559617
v -10.241206 0.063928 -5.450538
v -9.861778 0.160379 -6.308401
v -9.697972 -0.000012 -7.374551
v -8.819347 -0.211612 -7.911483
v -8.240763 -0.606844 -8.677179
v -7.298489 -1.084358 -8.995335
v -10.650545 -1.562585 2.350557
v -11.389652 -0.758678 1.596187
v -11.944864 -0.242454 0.708372
v -11.175933 -0.329096 -0.243884
v -11.239747 -0.223928 -1.160356
v -11.106740 -0.094771 -2.054094
v -10.801696 0.030763 -2.883368
v 1.077515 0.403731 -11.078938
v 2.035073 0.269445 -11.514616
v 3.225766 0.145049 -12.378134
v 4.254342 -0.000012 -12.182280
v 4.870033 -0.277990 -10.992804
v 5.425346 -0.905268 -10.001425
v 6.159393 -1.831709 -9.504353
v -5.639737 -0.697360 -9.595236
v -5.055888 -0.405812 -10.376389
v -4.293509 -0.120946 -10.959198
v -3.514962 0.129938 -11.679070
v -2.548178 0.406767 -11.880331
v -1.485063 0.170534 -11.246813
v -0.592294 0.299587 -11.101093
v 10.755196 -0.104857 -2.373654
v 10.927590 -0.286718 -1.531425
v 11.372334 -0.300875 -0.674418
v 11.259651 0.000000 0.245712
v 10.497237 -0.094702 1.083705
v 9.795421 -0.367609 1.811575
v 9.547510 -0.832945 2.548577
v 7.502399 -1.701425 -8.463655
v 8.156697 -0.742889 -7.870674
v 8.946104 -0.193372 -7.346847
v 9.530547 -0.528138 -6.611600
v 9.858088 -0.247055 -5.715960
v 10.181372 0.107146 -4.861176
v 9.895360 0.110596 -3.809318
v 5.650318 -0.092219 9.613220
v 5.228186 -0.077292 10.729996
v 4.640113 0.014110 11.843923
v 3.588339 -0.000012 11.922884
v 2.580338 -0.266466 12.030290
v 1.556695 -0.862132 11.789268
v 0.604439 -1.471988 11.328671
v 9.082268 -1.065728 3.959438
v 9.049243 -0.667138 4.816156
v 8.870085 -0.187289 5.674033
v 8.609661 -0.157746 6.546975
v 7.650476 -0.151639 6.862934
v 6.992086 -0.138265 7.362360
v 6.298544 -0.007808 7.762920
v -6.464612 -0.674073 6.540922
v -7.462810 -0.505874 5.565566
v -8.680959 -0.029382 4.431710
v -9.486281 0.014248 2.855031
v -10.233770 0.243696 1.157876
v -9.614423 -0.069322 -0.540035
v -10.045639 0.005348 -2.105346
v -9.486006 -0.010557 -4.763536
v -8.508988 0.119634 -6.021546
v -7.359445 0.183517 -7.348082
v -5.891643 0.290260 -8.492910
v -4.219871 0.147764 -9.279045
v -2.738173 0.080431 -10.374645
v -1.104712 0.366769 -10.230139
v 1.581842 0.278737 -10.380806
v 3.356080 0.295619 -10.784576
v 4.554834 0.212520 -8.956528
v 6.364565 0.080293 -8.369781
v 7.351416 -0.295561 -6.725768
v 8.369877 -0.107054 -5.391000
v 9.341863 0.173040 -4.191318
v 9.984607 -0.254610 -1.641563
v 9.927325 0.143462 -0.123852
v 8.715241 -0.108974 1.373367
v 8.452908 -0.016801 2.951860
v 7.824210 -0.302312 4.434764
v 7.090334 -0.453261 5.785723
v 6.193922 -0.142082 6.839602
v 4.904414 0.020712 9.487381
v 3.506901 0.431342 10.352030
v 1.657330 0.459839 10.411564
v -0.216164 -0.006843 9.904433
v -1.682465 0.106904 8.236486
v -3.320533 0.148833 8.554241
v -4.952501 -0.010362 8.634789
v -1.391315 0.002197 -0.485876
v -2.930311 -0.052613 -1.023330
v -4.546603 0.109952 -1.587778
v -6.134083 0.070265 -2.142164
v -7.577698 0.185276 -2.646313
v -8.790995 0.183241 -3.070024
v -9.739302 -0.039687 -3.401207
v -5.564040 -0.282647 7.317043
v -5.022280 -0.125879 6.604596
v -4.329134 -0.248963 5.693068
v -3.504405 -0.221421 4.608501
v -2.597483 -0.011385 3.415844
v -1.674091 0.034419 2.201529
v -0.794859 0.023311 1.045287
v 0.031731 0.104132 -1.453693
v 0.066838 -0.011109 -3.061671
v 0.103692 0.091436 -4.750411
v 0.139897 -0.008958 -6.409060
v 0.172825 0.146705 -7.917392
v 0.200500 0.153536 -9.185069
v 0.222126 0.233461 -10.175884
v 1.301823 -0.104098 -0.391813
v 2.741833 -0.140944 -0.825213
v 4.254170 -0.051566 -1.280373
v 5.739536 -0.162737 -1.727422
v 7.090303 -0.134481 -2.133955
v 8.225557 -0.016319 -2.475639
v 9.112867 -0.056120 -2.742695
v 0.789392 0.063641 1.137910
v 1.662591 0.077671 2.396601
v 2.579641 0.061916 3.718514
v 3.480335 0.060950 5.016851
v 4.299406 -0.071484 6.197542
v 4.987803 0.041055 7.189856
v 5.525855 -0.094610 7.965441
v -0.052202 0.066654 2.391918
v -0.852463 -0.042849 3.211895
v 0.882649 0.038824 4.026685
v -1.803424 -0.131250 4.645937
v -0.113636 0.117691 5.207039
v 1.904727 0.192200 5.622548
v -2.797830 -0.289133 6.053993
v -0.957020 -0.049864 5.707982
v 0.858570 0.075118 6.974767
v 2.925232 0.073657 7.131166
v -3.679423 -0.062686 7.192100
v -1.771135 -0.421774 6.673280
v -0.172739 -0.013374 7.915739
v 1.833882 0.227263 8.366164
v 3.746667 0.267329 8.185767
v -4.395077 -0.147027 8.035211
v -2.601113 -0.062112 7.753465
v -1.018299 -0.178664 8.088201
v 0.775722 0.244755 9.484921
v 2.706680 0.507760 9.411223
v 4.396484 0.168969 8.943681
v 2.041368 -0.011730 0.712874
v 2.971259 -0.094012 1.919525
v 3.528568 -0.172350 0.348225
v 3.851010 -0.042803 3.142428
v 4.443926 -0.107698 1.551872
v 5.391878 -0.315307 -0.067274
v 4.597555 -0.014743 4.257898
v 5.390589 -0.036329 2.808262
v 5.789656 -0.210645 1.123522
v 6.867303 -0.198444 -0.516810
v 5.312551 -0.237004 5.329947
v 6.173326 -0.218454 3.988153
v 6.755652 -0.198743 2.359161
v 7.331242 -0.349842 0.723487
v 8.093267 -0.052198 -0.935549
v 5.830214 -0.195166 6.181971
v 6.891310 -0.233439 5.107707
v 7.515020 -0.277426 3.532376
v 7.899374 -0.129421 1.870861
v 8.796180 -0.042090 0.300185
v 9.151342 -0.094392 -1.315076
v 1.537045 -0.008890 -2.021305
v 3.008788 -0.072829 -2.448330
v 1.621567 0.165899 -3.705191
v 4.545981 -0.196547 -2.928046
v 3.346031 0.080235 -4.400229
v 1.822806 0.195857 -5.857493
v 6.051268 -0.043573 -3.381458
v 4.794647 0.197938 -4.708762
v 3.266431 0.194568 -5.897030
v 1.817168 0.186058 -7.456119
v 7.427856 0.005209 -3.769396
v 6.251295 0.061709 -5.086849
v 5.086640 0.232599 -6.689234
v 3.369092 0.163081 -7.698187
v 1.743956 0.222652 -8.643906
v 8.537076 0.105880 -4.039586
v 7.472610 -0.047242 -5.321265
v 6.343171 -0.051037 -6.760533
v 4.825334 0.121302 -7.928613
v 3.449263 0.280462 -9.499977
v 1.666237 0.178388 -9.623481
v -1.422820 0.021701 -2.051035
v -1.421212 -0.081386 -3.676325
v -2.968094 -0.173983 -2.638599
v -1.487203 0.151041 -5.634840
v -3.097394 0.007487 -4.464954
v -4.621528 0.092057 -3.270514
v -1.415507 0.146142 -7.151500
v -3.041716 0.181803 -6.105588
v -4.850925 0.053774 -5.198847
v -6.038243 0.329303 -3.728838
v -1.311940 0.081213 -8.372404
v -2.952811 0.071898 -7.638230
v -4.708669 0.096382 -6.787629
v -6.166772 0.112355 -5.482169
v -7.431908 0.112746 -4.188806
v -1.209288 0.261280 -9.411217
v -2.861577 0.037225 -9.101111
v -4.442560 0.187001 -8.072992
v -6.345221 0.251931 -7.383476
v -7.585079 0.285349 -5.916551
v -8.596902 0.059478 -4.537040
v -2.290939 0.010959 0.689490
v -3.992557 0.036018 0.218745
v -3.290029 0.242420 1.927451
v -5.221931 0.058926 -0.293314
v -4.987206 0.250723 1.500968
v -4.053339 0.024081 3.022862
v -6.866081 -0.094518 -0.819207
v -6.699445 -0.025829 0.999104
v -5.834155 0.023736 2.722688
v -4.786480 -0.233623 4.059733
v -8.246534 0.000023 -1.320012
v -8.295265 0.056488 0.454471
v -7.581547 0.144325 2.281759
v -6.835615 -0.070000 4.004615
v -5.496294 -0.257968 5.052970
v -9.289449 0.134976 -1.751539
v -8.905479 -0.004152 -0.084805
v -8.926970 0.065240 1.706808
v -8.005974 0.064779 3.344937
v -7.277644 -0.260372 4.917175
v -6.070627 -0.650417 5.898744
v -4.349221 -0.056718 9.305159
v -3.492810 0.180757 9.501521
v -2.580367 0.272090 8.955416
v -2.630437 0.369334 9.613553
v -1.810810 0.268997 9.330858
v -1.062708 0.197754 9.638801
v -1.810043 0.000000 9.787022
v -1.108416 0.269273 10.511229
v -0.243958 0.218983 11.177264
v 0.736249 0.011534 11.111177
v -1.069160 -0.268306 10.570710
v -0.254136 0.174236 11.643394
v 0.740367 0.008245 12.039467
v 1.746055 0.131928 11.708218
v 2.667082 0.369046 11.047166
v -0.245821 -0.736149 11.261751
v 0.688635 -0.273504 12.035682
v 1.707012 0.109147 12.180960
v 2.723051 0.319861 11.983604
v 3.670009 0.106824 11.511292
v 4.534974 0.132813 10.920904
v 7.045639 -0.273999 6.581888
v 8.117835 -0.242558 6.384285
v 8.213417 -0.244398 5.555287
v 8.861548 -0.149891 5.821463
v 8.864475 -0.053912 4.910090
v 8.861028 -0.101085 3.999272
v 9.288340 0.000000 5.038508
v 9.621670 0.149052 4.287739
v 9.539197 0.103972 3.331247
v 9.311180 -0.027554 2.357583
v 9.635619 -0.190854 4.244849
v 9.937010 0.000000 3.470196
v 10.113744 -0.008705 2.611991
v 9.763750 -0.229091 1.636995
v 9.880335 0.143186 0.764893
v 9.611279 -0.482609 3.356472
v 10.128815 -0.118945 2.662012
v 10.133095 0.000000 1.790848
v 10.578768 -0.012581 0.962353
v 10.974915 0.022298 0.060658
v 10.535425 -0.089183 -0.838614
v 9.324943 -0.081432 -5.158076
v 9.257792 -0.522905 -6.201462
v 8.445488 -0.477618 -6.580993
v 9.028409 -0.490463 -7.232567
v 8.202479 -0.238648 -7.653666
v 7.386460 -0.205471 -8.120076
v 8.476155 -0.261429 -8.049854
v 7.994147 -0.180573 -8.872369
v 7.182485 -0.111596 -9.445395
v 5.858861 0.260567 -9.300492
v 7.981468 -0.288271 -8.934598
v 7.482019 -0.205263 -9.839300
v 6.421915 -0.236497 -10.087793
v 5.214875 0.164323 -10.010008
v 4.341203 0.180032 -10.518394
v 7.236780 -0.968139 -9.516795
v 6.485459 -0.330418 -10.092379
v 5.517996 0.042067 -10.367971
v 4.783770 0.114379 -11.162390
v 3.939213 -0.010592 -11.899225
v 2.731665 0.249838 -11.422649
v -2.119829 0.177054 -10.958050
v -3.237245 0.138276 -11.427768
v -3.703670 0.006647 -10.216570
v -4.150880 0.028934 -10.986413
v -4.849214 0.159954 -10.390949
v -5.371780 0.279232 -9.414561
v -5.140348 0.000000 -10.766226
v -5.883497 0.035593 -10.198540
v -6.648809 0.342849 -9.584341
v -7.283451 0.257232 -8.744698
v -5.939548 -0.147326 -10.194974
v -6.926122 0.000000 -9.984026
v -7.842597 0.231311 -9.507400
v -8.244598 0.360675 -8.395037
v -8.412500 0.214452 -7.166494
v -6.699123 -0.373589 -9.656754
v -7.795009 -0.166819 -9.532152
v -8.545864 0.000000 -8.856467
v -8.928988 0.368126 -7.816202
v -9.428357 0.266535 -6.930110
v -9.303899 0.055591 -5.690135
v -10.562254 -0.072462 -1.306483
v -10.696043 -0.279887 -0.407821
v -10.839737 -0.009694 0.364641
v -11.847360 -0.047415 0.558222
v -11.438653 -0.060122 1.408053
v -10.439247 0.035742 2.163502
v -11.831415 -0.000012 1.562324
v -11.314672 -0.142140 2.401021
v -10.705372 -0.264903 3.221945
v -9.498306 -0.111584 3.797366
v -11.314673 -0.247871 2.451485
v -11.151829 0.000000 3.356317
v -10.343459 -0.138046 4.078405
v -9.776093 0.026151 4.870403
v -8.910835 -0.177560 5.476224
v -10.786280 -0.837418 3.246324
v -10.388927 -0.261786 4.045275
v -10.179461 -0.000012 4.959947
v -9.750802 -0.141036 5.813159
v -8.537632 -0.437977 6.131136
v -7.317934 -0.733102 6.261365
v 6.403046 -0.149949 9.229956
v 5.961991 -0.120095 10.233495
v 6.700418 0.049484 8.193613
v 5.342728 0.000000 11.190109
v 6.620008 0.000000 9.542763
v 7.283822 -0.184023 7.548547
v 4.486263 -0.239200 11.874077
v 5.915716 -0.211497 10.254375
v 6.710582 -0.199962 8.135087
v 7.739950 -0.154640 6.775346
v 3.258470 -0.875967 11.502678
v 5.072481 -0.606682 10.869362
v 6.354956 -0.784910 9.160736
v 7.064400 -0.605855 7.193302
v 8.453598 -0.617688 6.213645
v 2.177504 -1.783018 11.256237
v 3.987765 -1.368994 11.000234
v 5.412496 -1.265897 9.485916
v 6.203983 -1.285573 7.448663
v 7.288054 -1.123389 6.208591
v 8.310987 -1.427805 5.082886
v 10.559510 0.170258 -3.178073
v 11.416383 0.009292 -2.473525
v 10.506223 0.005037 -4.090946
v 11.277012 0.000000 -1.489115
v 10.917375 0.000000 -3.285748
v 10.467751 0.088285 -5.100418
v 11.394458 -0.218972 -0.536873
v 11.402054 -0.218075 -2.419552
v 10.500521 -0.186576 -4.140330
v 9.772580 -0.214797 -5.826143
v 10.711298 -0.361583 0.408412
v 10.833731 -0.947830 -1.333574
v 10.480309 -0.655903 -3.154188
v 10.001321 -0.786048 -4.982604
v 9.108255 -0.628498 -6.540926
v 9.636233 -0.582659 1.191952
v 10.560554 -1.159096 -0.355230
v 10.498800 -1.532202 -2.175817
v 9.681503 -1.467262 -3.870577
v 8.971294 -1.490826 -5.513365
v 8.194937 -1.320971 -7.011746
v 0.257373 0.437368 -11.791285
v 1.187659 0.272561 -11.742380
v -0.672878 0.375763 -11.760096
v 2.207922 -0.000023 -11.938429
v 0.266068 0.386676 -12.190886
v -1.629632 0.229735 -11.628716
v 3.395530 -0.268789 -12.409797
v 1.235457 -0.311937 -11.716247
v -0.720969 -0.285120 -11.723793
v -2.709723 -0.180504 -11.924928
v 4.249407 -0.868066 -11.559731
v 2.236920 -0.952787 -11.526707
v 0.255394 -1.007998 -11.702826
v -1.669260 -0.791200 -11.193071
v -3.530776 -0.401477 -11.074530
v 4.673716 -1.826361 -9.999470
v 3.312320 -1.927906 -11.495860
v 1.188883 -2.304945 -10.783554
v -0.714281 -1.777107 -10.778974
v -2.669869 -0.839788 -11.058605
v -4.218565 -0.684204 -10.158915
v -11.285410 0.132837 -3.941108
v -11.074581 0.060524 -4.878764
v -11.442656 0.080373 -3.007305
v -10.507401 0.000000 -5.699781
v -11.667868 0.151823 -4.074636
v -11.484653 -0.191924 -2.029696
v -9.816071 -0.254817 -6.448513
v -11.035378 -0.281325 -4.917722
v -11.409490 -0.276379 -2.946616
v -11.168605 -0.284774 -1.016006
v -9.236673 -0.632351 -7.264200
v -10.021109 -1.078470 -5.550749
v -11.200756 -0.993933 -3.911480
v -11.045878 -0.952269 -1.851957
v -10.923198 -0.927141 -0.060368
v -8.095250 -1.291519 -7.562417
v -9.059392 -1.418077 -6.127475
v -10.138453 -2.258531 -4.575812
v -10.489611 -2.082616 -2.655962
v -10.276657 -2.167681 -0.795568
v -11.196575 -1.607470 0.891242
v -6.447295 -0.433849 8.478576
v -6.947677 -0.463128 7.777346
v -6.070987 -0.146257 9.447389
v -7.562556 -0.000012 7.182209
v -6.665784 -0.349704 8.765902
v -5.305040 -0.281761 9.967811
v -8.149290 -0.207402 6.528308
v -6.963599 -0.171626 7.728615
v -6.026166 -0.207000 9.466114
v -4.243262 -0.250309 9.901152
v -8.939282 -0.845687 5.988114
v -7.318359 -0.606866 6.828702
v -6.398924 -0.617561 8.414965
v -5.005647 -0.738645 9.608383
v -3.134472 -0.867790 9.468307
v -9.299611 -1.554455 5.144067
v -7.680184 -1.268462 5.984646
v -6.441828 -1.369880 7.081612
v -5.512881 -1.234824 8.751272
v -3.766480 -1.487996 9.125887
v -2.118157 -1.804085 8.857192
v 1.267889 -2.314651 9.867264
v 1.370049 -1.979127 8.743186
v 2.960994 -2.745809 9.417286
v 1.449779 -3.858779 7.324634
v 3.191849 -3.319670 8.256522
v 4.500825 -3.761834 8.178872
v 1.484367 -7.225048 5.624073
v 3.129860 -5.401401 6.282486
v 4.500566 -4.769211 6.487641
v 5.342504 -3.818494 6.216682
v 1.536262 -11.694799 3.973917
v 2.960521 -8.201467 4.267631
v 4.096721 -6.094034 4.390537
v 5.348593 -5.335379 4.754817
v 6.682666 -3.021970 5.212653
v 1.359956 -12.484882 1.960396
v 2.574319 -11.545954 2.288526
v 4.178542 -7.463546 2.957019
v 5.402635 -5.212525 3.336323
v 6.580649 -3.335563 3.709006
v 7.594772 -2.017411 4.008162
v 8.194508 -1.924698 1.545079
v 7.311270 -2.820329 1.170293
v 8.961905 -1.928504 0.085324
v 6.294528 -4.396427 0.751010
v 7.924955 -4.268696 -0.434202
v 8.900148 -2.722096 -1.701705
v 5.142116 -6.157445 0.288821
v 6.474484 -7.354871 -0.965568
v 7.422157 -3.735097 -2.233814
v 8.264544 -3.897522 -3.452993
v 3.814331 -11.912965 -0.208991
v 4.882359 -10.751385 -1.469424
v 6.049592 -6.496614 -2.823249
v 6.842196 -5.369672 -4.008482
v 7.564182 -3.233282 -5.110801
v 2.242776 -14.035658 -0.674999
v 3.293196 -23.154745 -1.929318
v 4.390443 -8.290500 -3.274284
v 5.355877 -4.485621 -4.542691
v 6.161098 -4.223881 -5.664167
v 6.809622 -3.101941 -6.616835
v 4.572091 -3.601582 -8.358829
v 3.841398 -4.666436 -7.508689
v 3.257723 -4.230873 -9.710641
v 3.023644 -7.057332 -6.542633
v 2.290525 -5.167525 -8.630190
v 1.152852 -3.986463 -9.156788
v 2.146128 -6.810518 -5.528821
v 1.138229 -4.962457 -6.788753
v 0.180876 -3.370374 -8.287951
v -0.745218 -3.609229 -9.112130
v 1.102437 -9.975158 -4.153779
v 0.118967 -5.734786 -5.451897
v -0.818857 -3.156716 -6.652142
v -1.816281 -2.595596 -8.285918
v -2.681159 -1.829650 -9.322527
v 0.054653 -10.525007 -2.504404
v -0.874195 -8.334039 -3.988082
v -1.797500 -5.767457 -5.306026
v -2.716548 -3.978805 -6.622422
v -3.562788 -2.791004 -7.784028
v -4.260544 -1.444458 -8.667159
v -1.389662 -2.866732 8.026071
v -2.821620 -3.306710 7.771304
v -1.397694 -4.132709 6.927608
v -4.577427 -3.368028 7.521266
v -3.024898 -4.818684 6.911702
v -1.406872 -5.198920 5.772608
v -5.556981 -3.157854 5.922603
v -4.531723 -4.257760 5.959486
v -3.138091 -6.290442 5.665312
v -1.434675 -11.433657 4.610222
v -7.028719 -2.088480 5.005159
v -5.622219 -2.917147 4.574941
v -4.270895 -3.693236 4.194389
v -2.981024 -7.412325 3.920204
v -1.455909 -12.120367 3.326648
v -8.252254 -2.843248 3.904814
v -7.291697 -3.747586 3.700304
v -6.041080 -3.660370 3.375755
v -4.457144 -5.206257 2.870819
v -2.706016 -9.077330 2.201951
v -1.369379 -9.920315 1.800796
v -6.884387 -2.905993 -7.299735
v -6.173741 -3.796518 -6.193939
v -7.704099 -3.899351 -5.710123
v -5.285236 -6.420186 -4.894771
v -6.853297 -6.195889 -4.427433
v -8.542871 -4.690229 -4.015496
v -4.421825 -9.228773 -3.608200
v -6.103493 -8.325839 -3.179647
v -7.932386 -6.466300 -2.770080
v -8.880695 -4.651784 -2.103264
v -3.298533 -9.160566 -2.130944
v -5.218000 -9.301050 -1.822180
v -6.558928 -6.261670 -1.272795
v -7.808766 -6.384857 -0.770603
v -8.764601 -4.645195 -0.299100
v -2.396956 -8.031094 -0.837035
v -3.758420 -8.047999 -0.370895
v -5.426614 -5.449482 0.067717
v -7.286181 -5.531914 0.548342
v -8.581660 -4.972520 0.992020
v -9.510828 -3.898695 1.366748
v 1.544854 0.050000 3.936194
v -3.936194 0.050000 1.544854
v -1.544854 0.050000 -3.936194
v 3.936194 0.050000 -1.544854
v 1.544854 1.545000 3.936194
v 3.936194 1.545000 -1.544854
v -1.544854 1.545000 -3.936194
v -3.936194 1.545000 1.544854
v 1.544854 0.050000 3.936194
v 3.936194 0.050000 -1.544854
v 3.936194 1.545000 -1.544854
v 1.544854 1.545000 3.936194
v -3.936194 0.050000 1.544854
v -3.936194 1.545000 1.544854
v -1.544854 1.545000 -3.936194
v -1.544854 0.050000 -3.936194
v 1.544854 0.050000 3.936194
v 1.544854 1.545000 3.936194
v -3.936194 1.545000 1.544854
v -3.936194 0.050000 1.544854
v 3.936194 0.050000 -1.544854
v -1.544854 0.050000 -3.936194
v -1.544854 1.545000 -3.936194
v 3.936194 1.545000 -1.544854
v 1.158640 1.545000 2.952146
v 2.952146 1.545000 -1.158640
v 1.771287 26.959999 -0.695184
v 0.695184 26.959999 1.771287
v 0.695184 26.959999 1.771287
v 1.771287 26.959999 -0.695184
v 0.000000 30.547998 0.000000
v 1.926692 3.040000 1.166820
v 2.165826 3.040000 0.618715
v 1.489829 25.165998 0.323783
v 1.250695 25.165998 0.871888
v 1.430965 7.525000 1.929194
v 2.387501 7.525000 -0.263226
v 2.387501 7.704400 -0.263226
v 1.430965 7.704400 1.929194
v 1.202586 15.000000 1.829554
v 2.159122 15.000000 -0.362866
v 2.159122 15.179400 -0.362866
v 1.202586 15.179400 1.829554
v 1.019886 20.980000 1.749843
v 1.976422 20.980000 -0.442576
v 1.976422 21.159399 -0.442576
v 1.019886 21.159399 1.749843
v 2.952146 1.545000 -1.158640
v -1.158640 1.545000 -2.952146
v -0.695184 26.959999 -1.771287
v 1.771287 26.959999 -0.695184
v 1.771287 26.959999 -0.695184
v -0.695184 26.959999 -1.771287
v 0.000000 30.547998 0.000000
v 1.166820 3.040000 -1.926692
v 0.618715 3.040000 -2.165826
v 0.323783 25.165998 -1.489829
v 0.871888 25.165998 -1.250695
v 1.929194 7.525000 -1.430965
v -0.263226 7.525000 -2.387501
v -0.263226 7.704400 -2.387501
v 1.929194 7.704400 -1.430965
v 1.829554 15.000000 -1.202586
v -0.362866 15.000000 -2.159122
v -0.362866 15.179400 -2.159122
v 1.829554 15.179400 -1.202586
v 1.749843 20.980000 -1.019886
v -0.442576 20.980000 -1.976422
v -0.442576 21.159399 -1.976422
v 1.749843 21.159399 -1.019886
v -1.158640 1.545000 -2.952146
v -2.952146 1.545000 1.158640
v -1.771287 26.959999 0.695184
v -0.695184 26.959999 -1.771287
v -0.695184 26.959999 -1.771287
v -1.771287 26.959999 0.695184
v 0.000000 30.547998 0.000000
v -1.926692 3.040000 -1.166820
v -2.165826 3.040000 -0.618715
v -1.489829 25.165998 -0.323783
v -1.250695 25.165998 -0.871888
v -1.430965 7.525000 -1.929194
v -2.387501 7.525000 0.263226
v -2.387501 7.704400 0.263226
v -1.430965 7.704400 -1.929194
v -1.202586 15.000000 -1.829554
v -2.159122 15.000000 0.362866
v -2.159122 15.179400 0.362866
v -1.202586 15.179400 -1.829554
v -1.019886 20.980000 -1.749843
v -1.976422 20.980000 0.442576
v -1.976422 21.159399 0.442576
v -1.019886 21.159399 -1.749843
v -2.952146 1.545000 1.158640
v 1.158640 1.545000 2.952146
v 0.695184 26.959999 1.771287
v -1.771287 26.959999 0.695184
v -1.771287 26.959999 0.695184
v 0.695184 26.959999 1.771287
v 0.000000 30.547998 0.000000
v -1.166820 3.040000 1.926692
v -0.618715 3.040000 2.165826
v -0.323783 25.165998 1.489829
v -0.871888 25.165998 1.250695
v -1.929194 7.525000 1.430965
v 0.263226 7.525000 2.387501
v 0.263226 7.704400 2.387501
v -1.929194 7.704400 1.430965
v -1.829554 15.000000 1.202586
v 0.362866 15.000000 2.159122
v 0.362866 15.179400 2.159122
v -1.829554 15.179400 1.202586
v -1.749843 20.980000 1.019886
v 0.442576 20.980000 1.976422
v 0.442576 21.159399 1.976422
v -1.749843 21.159399 1.019886
v 6.105576 0.050000 0.334481
v 10.015519 0.050000 0.355575
v 9.994425 0.050000 4.265519
v 6.084482 0.050000 4.244425
v 6.105576 0.970000 0.334481
v 6.084482 0.970000 4.244425
v 9.994425 0.970000 4.265519
v 10.015519 0.970000 0.355575
v 6.105576 0.050000 0.334481
v 6.084482 0.050000 4.244425
v 6.084482 0.970000 4.244425
v 6.105576 0.970000 0.334481
v 10.015519 0.050000 0.355575
v 10.015519 0.970000 0.355575
v 9.994425 0.970000 4.265519
v 9.994425 0.050000 4.265519
v 6.105576 0.050000 0.334481
v 6.105576 0.970000 0.334481
v 10.015519 0.970000 0.355575
v 10.015519 0.050000 0.355575
v 6.084482 0.050000 4.244425
v 9.994425 0.050000 4.265519
v 9.994425 0.970000 4.265519
v 6.084482 0.970000 4.244425
v 6.397239 0.970000 0.629309
v 9.720691 0.970000 0.647239
v 9.702761 0.970000 3.970691
v 6.379310 0.970000 3.952761
v 6.397239 1.430000 0.629309
v 6.379310 1.430000 3.952761
v 9.702761 1.430000 3.970691
v 9.720691 1.430000 0.647239
v 6.397239 0.970000 0.629309
v 6.379310 0.970000 3.952761
v 6.379310 1.430000 3.952761
v 6.397239 1.430000 0.629309
v 9.720691 0.970000 0.647239
v 9.720691 1.430000 0.647239
v 9.702761 1.430000 3.970691
v 9.702761 0.970000 3.970691
v 6.397239 0.970000 0.629309
v 6.397239 1.430000 0.629309
v 9.720691 1.430000 0.647239
v 9.720691 0.970000 0.647239
v 6.379310 0.970000 3.952761
v 9.702761 0.970000 3.970691
v 9.702761 1.430000 3.970691
v 6.379310 1.430000 3.952761
v 8.043300 1.430000 3.541982
v 8.469357 1.430000 3.614740
v 8.455379 6.005560 3.570915
v 8.043523 6.353693 3.500583
v 8.469357 1.430000 3.614740
v 8.774598 1.430000 3.308722
v 8.750445 6.070293 3.275099
v 8.455379 6.005560 3.570915
v 8.774598 1.430000 3.308722
v 9.162051 1.430000 3.117155
v 9.124983 5.465582 3.089915
v 8.750445 6.070293 3.275099
v 9.162051 1.430000 3.117155
v 9.229126 1.430000 2.690166
v 9.189819 5.653421 2.677161
v 9.124983 5.465582 3.089915
v 9.229126 1.430000 2.690166
v 9.429980 1.430000 2.307445
v 9.383981 5.434279 2.307197
v 9.189819 5.653421 2.677161
v 9.429980 1.430000 2.307445
v 9.233267 1.430000 1.922579
v 9.193823 6.223274 1.935159
v 9.383981 5.434279 2.307197
v 9.233267 1.430000 1.922579
v 9.170803 1.430000 1.494892
v 9.133444 5.766972 1.521729
v 9.193823 6.223274 1.935159
v 9.170803 1.430000 1.494892
v 8.785439 1.430000 1.299154
v 8.760925 6.525733 1.332515
v 9.133444 5.766972 1.521729
v 8.785439 1.430000 1.299154
v 8.483518 1.430000 0.989861
v 8.469068 5.585787 1.033532
v 8.760925 6.525733 1.332515
v 8.483518 1.430000 0.989861
v 8.056701 1.430000 1.058018
v 8.056478 5.803715 1.099417
v 8.469068 5.585787 1.033532
v 8.056701 1.430000 1.058018
v 7.630644 1.430000 0.985260
v 7.644622 5.364744 1.029085
v 8.056478 5.803715 1.099417
v 7.630644 1.430000 0.985260
v 7.325402 1.430000 1.291277
v 7.349555 6.282758 1.324901
v 7.644622 5.364744 1.029085
v 7.325402 1.430000 1.291277
v 6.937949 1.430000 1.482845
v 6.975017 6.709956 1.510085
v 7.349555 6.282758 1.324901
v 6.937949 1.430000 1.482845
v 6.870874 1.430000 1.909834
v 6.910181 6.449361 1.922839
v 6.975017 6.709956 1.510085
v 6.870874 1.430000 1.909834
v 6.670020 1.430000 2.292555
v 6.716020 6.108732 2.292803
v 6.910181 6.449361 1.922839
v 6.670020 1.430000 2.292555
v 6.866734 1.430000 2.677421
v 6.906178 6.123291 2.664841
v 6.716020 6.108732 2.292803
v 6.866734 1.430000 2.677421
v 6.929197 1.430000 3.105108
v 6.966557 5.978322 3.078271
v 6.906178 6.123291 2.664841
v 6.929197 1.430000 3.105108
v 7.314561 1.430000 3.300846
v 7.339075 6.176202 3.267485
v 6.966557 5.978322 3.078271
v 7.314561 1.430000 3.300846
v 7.616483 1.430000 3.610138
v 7.630933 5.683429 3.566468
v 7.339075 6.176202 3.267485
v 7.616483 1.430000 3.610138
v 8.043300 1.430000 3.541982
v 8.043523 6.353693 3.500583
v 7.630933 5.683429 3.566468
v 8.043523 6.353693 3.500583
v 8.455379 6.005560 3.570915
v 8.050000 6.264255 2.300000
v 8.455379 6.005560 3.570915
v 8.750445 6.070293 3.275099
v 8.050000 6.264255 2.300000
v 8.750445 6.070293 3.275099
v 9.124983 5.465582 3.089915
v 8.050000 6.264255 2.300000
v 9.124983 5.465582 3.089915
v 9.189819 5.653421 2.677161
v 8.050000 6.264255 2.300000
v 9.189819 5.653421 2.677161
v 9.383981 5.434279 2.307197
v 8.050000 6.264255 2.300000
v 9.383981 5.434279 2.307197
v 9.193823 6.223274 1.935159
v 8.050000 6.264255 2.300000
v 9.193823 6.223274 1.935159
v 9.133444 5.766972 1.521729
v 8.050000 6.264255 2.300000
v 9.133444 5.766972 1.521729
v 8.760925 6.525733 1.332515
v 8.050000 6.264255 2.300000
v 8.760925 6.525733 1.332515
v 8.469068 5.585787 1.033532
v 8.050000 6.264255 2.300000
v 8.469068 5.585787 1.033532
v 8.056478 5.803715 1.099417
v 8.050000 6.264255 2.300000
v 8.056478 5.803715 1.099417
v 7.644622 5.364744 1.029085
v 8.050000 6.264255 2.300000
v 7.644622 5.364744 1.029085
v 7.349555 6.282758 1.324901
v 8.050000 6.264255 2.300000
v 7.349555 6.282758 1.324901
v 6.975017 6.709956 1.510085
v 8.050000 6.264255 2.300000
v 6.975017 6.709956 1.510085
v 6.910181 6.449361 1.922839
v 8.050000 6.264255 2.300000
v 6.910181 6.449361 1.922839
v 6.716020 6.108732 2.292803
v 8.050000 6.264255 2.300000
v 6.716020 6.108732 2.292803
v 6.906178 6.123291 2.664841
v 8.050000 6.264255 2.300000
v 6.906178 6.123291 2.664841
v 6.966557 5.978322 3.078271
v 8.050000 6.264255 2.300000
v 6.966557 5.978322 3.078271
v 7.339075 6.176202 3.267485
v 8.050000 6.264255 2.300000
v 7.339075 6.176202 3.267485
v 7.630933 5.683429 3.566468
v 8.050000 6.264255 2.300000
v 7.630933 5.683429 3.566468
v 8.043523 6.353693 3.500583
v 8.050000 6.264255 2.300000
v 3.750867 0.096336 4.458136
v 3.405149 0.076611 3.991332
v 3.988990 0.076611 3.558936
v 4.334706 0.096336 4.025739
v 3.740594 0.604608 4.444266
v 4.324435 0.604608 4.011869
v 3.978717 0.584883 3.545067
v 3.394878 0.584883 3.977463
v 3.750867 0.096336 4.458136
v 4.334706 0.096336 4.025739
v 4.324435 0.604608 4.011869
v 3.740594 0.604608 4.444266
v 3.405149 0.076611 3.991332
v 3.394878 0.584883 3.977463
v 3.978717 0.584883 3.545067
v 3.988990 0.076611 3.558936
v 3.750867 0.096336 4.458136
v 3.740594 0.604608 4.444266
v 3.394878 0.584883 3.977463
v 3.405149 0.076611 3.991332
v 4.334706 0.096336 4.025739
v 3.988990 0.076611 3.558936
v 3.978717 0.584883 3.545067
v 4.324435 0.604608 4.011869
v 6.980772 0.026064 6.541232
v 6.549772 0.146349 6.398625
v 6.734180 0.146349 5.841285
v 7.165182 0.026064 5.983891
v 7.080693 0.423297 6.574294
v 7.265103 0.423297 6.016953
v 6.834102 0.543582 5.874346
v 6.649693 0.543582 6.431687
v 6.980772 0.026064 6.541232
v 7.165182 0.026064 5.983891
v 7.265103 0.423297 6.016953
v 7.080693 0.423297 6.574294
v 6.549772 0.146349 6.398625
v 6.649693 0.543582 6.431687
v 6.834102 0.543582 5.874346
v 6.734180 0.146349 5.841285
v 6.980772 0.026064 6.541232
v 7.080693 0.423297 6.574294
v 6.649693 0.543582 6.431687
v 6.549772 0.146349 6.398625
v 7.165182 0.026064 5.983891
v 6.734180 0.146349 5.841285
v 6.834102 0.543582 5.874346
v 7.265103 0.423297 6.016953
v 12.604362 0.063970 1.778312
v 12.084848 0.106196 1.602901
v 12.304763 0.106196 0.951587
v 12.824274 0.063970 1.127000
v 12.639368 0.543755 1.790133
v 12.859282 0.543755 1.138818
v 12.339767 0.585980 0.963407
v 12.119855 0.585980 1.614722
v 12.604362 0.063970 1.778312
v 12.824274 0.063970 1.127000
v 12.859282 0.543755 1.138818
v 12.639368 0.543755 1.790133
v 12.084848 0.106196 1.602901
v 12.119855 0.585980 1.614722
v 12.339767 0.585980 0.963407
v 12.304763 0.106196 0.951587
v 12.604362 0.063970 1.778312
v 12.639368 0.543755 1.790133
v 12.119855 0.585980 1.614722
v 12.084848 0.106196 1.602901
v 12.824274 0.063970 1.127000
v 12.304763 0.106196 0.951587
v 12.339767 0.585980 0.963407
v 12.859282 0.543755 1.138818
v 8.193310 0.183619 6.113716
v 8.791732 0.015541 5.985538
v 8.957888 0.015541 6.761264
v 8.359466 0.183619 6.889441
v 8.337115 0.719116 6.082912
v 8.503271 0.719116 6.858639
v 9.101692 0.551037 6.730462
v 8.935539 0.551037 5.954735
v 8.193310 0.183619 6.113716
v 8.359466 0.183619 6.889441
v 8.503271 0.719116 6.858639
v 8.337115 0.719116 6.082912
v 8.791732 0.015541 5.985538
v 8.935539 0.551037 5.954735
v 9.101692 0.551037 6.730462
v 8.957888 0.015541 6.761264
v 8.193310 0.183619 6.113716
v 8.337115 0.719116 6.082912
v 8.935539 0.551037 5.954735
v 8.791732 0.015541 5.985538
v 8.359466 0.183619 6.889441
v 8.957888 0.015541 6.761264
v 9.101692 0.551037 6.730462
v 8.503271 0.719116 6.858639
v 9.931998 0.118476 5.645000
v 9.362511 0.061157 5.410806
v 9.656519 0.061157 4.695869
v 10.226007 0.118476 4.930065
v 9.885612 0.657267 5.625926
v 10.179621 0.657267 4.910989
v 9.610134 0.599948 4.676796
v 9.316125 0.599948 5.391730
v 9.931998 0.118476 5.645000
v 10.226007 0.118476 4.930065
v 10.179621 0.657267 4.910989
v 9.885612 0.657267 5.625926
v 9.362511 0.061157 5.410806
v 9.316125 0.599948 5.391730
v 9.610134 0.599948 4.676796
v 9.656519 0.061157 4.695869
v 9.931998 0.118476 5.645000
v 9.885612 0.657267 5.625926
v 9.316125 0.599948 5.391730
v 9.362511 0.061157 5.410806
v 10.226007 0.118476 4.930065
v 9.656519 0.061157 4.695869
v 9.610134 0.599948 4.676796
v 10.179621 0.657267 4.910989
v 9.057845 -0.024440 3.694927
v 9.811617 0.280055 3.446385
v 10.144374 0.280055 4.455560
v 9.390602 -0.024440 4.704102
v 8.804812 0.670039 3.778359
v 9.137569 0.670039 4.787534
v 9.891341 0.974536 4.538993
v 9.558584 0.974536 3.529818
v 9.057845 -0.024440 3.694927
v 9.390602 -0.024440 4.704102
v 9.137569 0.670039 4.787534
v 8.804812 0.670039 3.778359
v 9.811617 0.280055 3.446385
v 9.558584 0.974536 3.529818
v 9.891341 0.974536 4.538993
v 10.144374 0.280055 4.455560
v 9.057845 -0.024440 3.694927
v 8.804812 0.670039 3.778359
v 9.558584 0.974536 3.529818
v 9.811617 0.280055 3.446385
v 9.390602 -0.024440 4.704102
v 10.144374 0.280055 4.455560
v 9.891341 0.974536 4.538993
v 9.137569 0.670039 4.787534
vn 0.8313 -0.3938 0.3923
vn -0.6494 -0.5657 0.5082
vn 0.4593 -0.4425 0.7702
vn 0.5222 -0.3833 0.7618
vn 0.9014 -0.4303 -0.0474
vn -0.6846 -0.4592 0.5662
vn 0.0455 -0.6578 -0.7518
vn 0.1191 -0.6320 -0.7658
vn 0.6137 -0.7869 -0.0643
vn 0.6139 -0.7868 -0.0637
vn 0.6143 -0.7865 -0.0636
vn -0.2922 -0.7616 0.5784
vn -0.2919 -0.7652 0.5738
vn -0.2923 -0.7609 0.5793
vn -0.7892 -0.3620 0.4962
vn 0.0298 -0.8755 -0.4823
vn 0.6059 -0.2707 -0.7480
vn 0.6966 -0.7085 0.1128
vn -0.6269 -0.3297 0.7059
vn 0.0902 0.9958 -0.0133
vn 0.0902 0.9767 0.1947
vn -0.2493 0.9618 0.1128
vn -0.0450 0.9966 -0.0687
vn -0.0422 0.9969 -0.0671
vn -0.0363 0.9973 -0.0636
vn -0.3552 0.9344 -0.0282
vn -0.0266 0.9995 0.0193
vn -0.0172 0.9996 -0.0227
vn -0.0173 0.9996 -0.0222
vn -0.0238 0.9995 -0.0185
vn 0.0246 0.9981 0.0563
vn -0.0554 0.9897 0.1322
vn 0.0172 0.9991 0.0384
vn 0.0089 0.9918 -0.1271
vn -0.1681 0.9818 0.0882
vn -0.0243 0.9995 -0.0187
vn -0.0064 1.0000 -0.0067
vn -0.0317 0.9943 0.1018
vn -0.0749 0.9954 0.0598
vn -0.0065 0.9998 0.0207
vn -0.0083 0.9998 0.0199
vn -0.0102 0.9998 0.0190
vn 0.0273 0.9965 0.0795
vn -0.1362 0.9903 -0.0293
vn -0.0112 0.9970 -0.0761
vn -0.0197 0.9963 -0.0832
vn -0.0200 0.9963 -0.0831
vn -0.0276 0.9966 -0.0782
vn -0.0277 0.9966 -0.0780
vn 0.0658 0.9968 -0.0449
vn 0.0631 0.9971 -0.0430
vn 0.0655 0.9969 -0.0447
vn -0.0544 0.9958 0.0732
vn -0.1246 0.9919 0.0233
vn -0.1633 0.9851 0.0546
vn -0.1370 0.9856 0.0991
vn -0.0471 0.9976 0.0499
vn -0.0055 0.9966 0.0820
vn 0.0897 0.9958 0.0176
vn 0.1226 0.9921 0.0262
vn 0.0610 0.9869 -0.1491
vn 0.1671 0.9837 -0.0663
vn -0.0649 0.9483 0.3107
vn -0.3163 0.9437 0.0968
vn -0.0760 0.9971 0.0105
vn -0.1124 0.9932 -0.0298
vn 0.0094 0.9933 -0.1152
vn -0.0352 0.9875 -0.1539
vn -0.0123 0.9851 -0.1713
vn 0.0579 0.9867 -0.1520
vn -0.0660 0.9969 0.0437
vn -0.0364 0.9970 0.0689
vn 0.1192 0.9659 -0.2300
vn 0.1194 0.9659 -0.2299
vn 0.1195 0.9659 -0.2298
vn 0.1197 0.9659 -0.2296
vn -0.2032 0.9773 -0.0598
vn -0.1996 0.9790 -0.0404
vn -0.0951 0.9899 -0.1054
vn -0.1390 0.9794 -0.1468
vn -0.0417 0.9732 -0.2263
vn 0.1876 0.9817 -0.0334
vn 0.1673 0.9858 -0.0155
vn 0.2338 0.9723 0.0079
vn 0.0149 0.9778 -0.2090
vn -0.1075 0.9430 -0.3149
vn -0.0968 0.9376 -0.3340
vn -0.0296 0.9597 -0.2794
vn 0.1876 0.7597 -0.6226
vn 0.3389 0.9108 -0.2359
vn -0.2402 0.9706 0.0142
vn -0.2428 0.9700 0.0078
vn -0.2407 0.9705 0.0132
vn -0.2433 0.9699 0.0064
vn -0.1380 0.9856 -0.0975
vn 0.0175 0.9977 0.0661
vn 0.1772 0.9816 -0.0710
vn 0.2811 0.9597 -0.0014
vn 0.2803 0.9599 -0.0026
vn 0.2813 0.9596 -0.0011
vn 0.2511 0.9675 0.0292
vn -0.0222 0.9962 -0.0845
vn 0.1065 0.9916 -0.0730
vn 0.0456 0.9980 -0.0427
vn 0.1073 0.9922 -0.0626
vn 0.0627 0.9971 -0.0428
vn 0.0973 0.9943 0.0440
vn 0.0411 0.9892 -0.1407
vn 0.2585 0.9660 -0.0104
vn 0.0258 0.9946 -0.1004
vn 0.0003 0.9965 -0.0836
vn 0.1209 0.9923 -0.0255
vn 0.1043 0.9945 -0.0126
vn 0.0978 0.9944 -0.0390
vn -0.0424 0.9976 0.0551
vn 0.0476 0.9960 -0.0760
vn -0.0077 0.9990 -0.0436
vn -0.0083 0.9992 -0.0397
vn -0.0036 0.9987 -0.0505
vn -0.0035 0.9987 -0.0510
vn 0.0453 0.9939 -0.1006
vn 0.0548 0.9940 -0.0951
vn 0.0550 0.9939 -0.0952
vn 0.1023 0.9876 0.1188
vn 0.1073 0.9878 0.1130
vn 0.1051 0.9877 0.1162
vn 0.1080 0.9877 0.1134
vn 0.0348 0.9982 -0.0484
vn -0.0084 0.9998 -0.0195
vn -0.0142 0.9988 -0.0460
vn 0.0469 0.9947 -0.0918
vn 0.0466 0.9946 -0.0928
vn -0.0956 0.9939 -0.0554
vn -0.0544 0.9953 0.0801
vn -0.0094 0.9992 0.0382
vn 0.2117 0.9754 0.0611
vn 0.1455 0.9836 0.1069
vn 0.1382 0.9885 0.0609
vn 0.1380 0.9885 0.0610
vn 0.1380 0.9886 0.0611
vn 0.1378 0.9886 0.0612
vn 0.0914 0.9925 -0.0810
vn 0.0726 0.9951 -0.0664
vn 0.1101 0.9907 0.0797
vn -0.0679 0.9870 0.1459
vn -0.1103 0.9936 0.0241
vn -0.0991 0.9950 0.0147
vn 0.1263 0.9841 -0.1251
vn -0.0084 0.9990 -0.0439
vn -0.0003 0.9999 0.0136
vn 0.0398 0.9991 -0.0121
vn 0.0546 0.9980 0.0316
vn -0.0250 0.9962 0.0830
vn -0.1159 0.9845 -0.1317
vn -0.2257 0.9713 -0.0749
vn -0.1787 0.9794 0.0936
vn 0.0307 0.9992 -0.0256
vn 0.0497 0.9984 0.0275
vn 0.0521 0.9983 0.0257
vn 0.0500 0.9984 0.0274
vn 0.0524 0.9983 0.0254
vn -0.0335 0.9975 -0.0620
vn 0.1491 0.9756 -0.1612
vn 0.2633 0.9377 0.2267
vn 0.2392 0.9420 0.2352
vn 0.0749 0.9972 0.0018
vn -0.2093 0.9729 0.0986
vn -0.2515 0.9674 0.0280
vn -0.0672 0.9953 -0.0693
vn 0.0135 0.9979 0.0632
vn -0.1431 0.9884 0.0508
vn -0.1881 0.9794 -0.0731
vn 0.0874 0.9644 -0.2497
vn 0.0766 0.9651 -0.2503
vn 0.0876 0.9644 -0.2496
vn 0.1967 0.9802 0.0210
vn -0.1809 0.9329 0.3114
vn 0.1373 0.9901 0.0299
vn 0.0450 0.9969 0.0647
vn -0.0488 0.9982 0.0339
vn 0.0509 0.9956 -0.0786
vn 0.0511 0.9956 -0.0787
vn 0.0532 0.9955 -0.0782
vn 0.0008 0.9974 0.0720
vn -0.0760 0.9951 0.0634
vn -0.0822 0.9943 0.0672
vn -0.0831 0.9942 0.0678
vn 0.0722 0.9931 0.0920
vn 0.1019 0.9921 0.0727
vn 0.0483 0.9964 -0.0704
vn 0.0582 0.9970 0.0514
vn 0.0740 0.9915 0.1066
vn -0.0718 0.9924 0.0994
vn -0.0890 0.9943 0.0584
vn 0.0559 0.9954 -0.0777
vn 0.1097 0.9893 0.0965
vn 0.0867 0.9919 0.0928
vn 0.0573 0.9982 0.0193
vn -0.0550 0.9984 0.0088
vn -0.1004 0.9930 -0.0623
vn -0.0843 0.9949 0.0558
vn -0.0356 0.9767 0.2114
vn -0.0348 0.9768 0.2115
vn -0.0350 0.9768 0.2115
vn -0.0343 0.9768 0.2116
vn -0.0639 0.9948 0.0794
vn 0.0030 0.9971 0.0760
vn 0.0007 1.0000 -0.0061
vn -0.1190 0.9929 -0.0057
vn -0.0522 0.9935 0.1014
vn -0.0120 0.9965 0.0826
vn -0.0186 0.9981 0.0594
vn 0.1120 0.9909 0.0743
vn 0.1014 0.9943 0.0324
vn -0.0142 0.9998 0.0154
vn -0.0292 0.9994 -0.0191
vn 0.0122 0.9998 -0.0168
vn 0.0194 0.9994 0.0296
vn -0.0331 0.9989 0.0328
vn -0.0463 0.9989 0.0044
vn -0.0459 0.9989 0.0044
vn -0.0458 0.9989 0.0044
vn -0.0750 0.9952 0.0628
vn -0.0991 0.9944 -0.0365
vn 0.0829 0.9961 -0.0313
vn 0.0767 0.9951 -0.0628
vn 0.2170 0.9747 -0.0537
vn 0.2112 0.9686 -0.1315
vn 0.0140 0.9956 -0.0923
vn 0.0392 0.9970 0.0667
vn -0.0012 0.9979 0.0650
vn -0.0543 0.9977 -0.0408
vn -0.0297 0.9986 -0.0428
vn 0.0072 0.9967 0.0806
vn -0.0546 0.9875 0.1476
vn -0.1088 0.9839 -0.1416
vn 0.0531 0.9854 -0.1618
vn 0.0517 0.9826 -0.1782
vn 0.2376 0.9528 -0.1890
vn 0.2322 0.9692 0.0822
vn 0.0500 0.9954 0.0819
vn 0.0485 0.9959 0.0766
vn 0.0498 0.9954 0.0812
vn 0.0482 0.9960 0.0757
vn 0.0204 0.9963 0.0830
vn 0.0576 0.9983 0.0076
vn -0.0583 0.9982 0.0160
vn 0.0200 0.9914 0.1291
vn -0.0130 0.9911 0.1328
vn -0.0035 0.9811 0.1936
vn -0.0539 0.9982 0.0260
vn -0.0239 0.9974 -0.0676
vn -0.0240 0.9974 -0.0677
vn -0.0269 0.9970 -0.0720
vn -0.0714 0.9957 0.0589
vn 0.0700 0.9958 -0.0587
vn 0.0496 0.9934 0.1036
vn -0.0454 0.9990 0.0044
vn 0.0629 0.9947 0.0816
vn -0.0622 0.9980 0.0137
vn -0.0402 0.9991 0.0133
vn -0.0210 0.9978 -0.0633
vn -0.1017 0.9928 -0.0631
vn -0.1017 0.9928 -0.0636
vn -0.0985 0.9925 -0.0718
vn -0.0982 0.9925 -0.0723
vn 0.1265 0.9890 -0.0773
vn -0.0288 0.9925 0.1188
vn -0.0028 0.9930 0.1179
vn 0.0065 0.9951 0.0984
vn 0.1248 0.9881 0.0893
vn 0.1655 0.9861 -0.0179
vn -0.0216 0.9997 -0.0097
vn 0.0985 0.9951 0.0014
vn 0.0205 0.9998 -0.0023
vn -0.0122 0.9944 0.1052
vn -0.0174 0.9943 0.1047
vn -0.0126 0.9944 0.1050
vn -0.0177 0.9943 0.1050
vn 0.0365 0.9990 -0.0242
vn 0.1778 0.9832 -0.0407
vn 0.1102 0.9798 0.1666
vn 0.0219 0.9865 0.1624
vn -0.0271 0.9981 -0.0554
vn -0.0303 0.9980 -0.0556
vn -0.0274 0.9981 -0.0554
vn -0.0306 0.9980 -0.0557
vn -0.0251 0.9970 -0.0729
vn -0.0216 0.9971 -0.0728
vn -0.0248 0.9970 -0.0730
vn -0.0213 0.9971 -0.0727
vn -0.0599 0.9980 0.0214
vn 0.0380 0.9988 0.0302
vn 0.0715 0.9892 -0.1276
vn -0.1158 0.9868 -0.1136
vn -0.1342 0.9892 -0.0592
vn 0.0143 0.9989 -0.0456
vn 0.0471 0.9834 0.1751
vn -0.1031 0.9817 0.1600
vn -0.0167 0.9996 -0.0247
vn 0.0834 0.9964 -0.0172
vn 0.0830 0.9964 -0.0177
vn 0.0824 0.9964 -0.0185
vn 0.0532 0.9953 0.0812
vn 0.0632 0.9945 0.0832
vn 0.0543 0.9952 0.0814
vn 0.0642 0.9944 0.0834
vn 0.0704 0.9953 0.0665
vn 0.1017 0.9928 0.0633
vn 0.0931 0.9915 0.0908
vn -0.0770 0.9914 0.1059
vn -0.0196 0.9960 -0.0866
vn -0.1917 0.9755 -0.1077
vn 0.0934 0.9859 0.1389
vn -0.1806 0.9782 0.1029
vn -0.1305 0.9912 0.0210
vn 0.0757 0.9963 0.0411
vn 0.0772 0.9969 -0.0182
vn 0.0764 0.9969 -0.0183
vn 0.0546 0.9969 0.0568
vn -0.0671 0.9977 0.0071
vn -0.0699 0.9942 -0.0817
vn -0.1652 0.9816 -0.0959
vn -0.1797 0.9833 0.0292
vn -0.0874 0.9956 0.0352
vn -0.0801 0.9968 0.0064
vn 0.0734 0.9967 0.0350
vn -0.0463 0.9989 0.0043
vn -0.0260 0.9993 -0.0274
vn 0.0962 0.9953 0.0112
vn -0.0328 0.9992 0.0223
vn 0.0300 0.9897 0.1399
vn -0.0426 0.9922 0.1171
vn -0.2137 0.9759 -0.0451
vn -0.0055 0.9999 -0.0117
vn -0.0050 0.9999 -0.0134
vn -0.0053 0.9999 -0.0126
vn -0.0051 0.9999 -0.0135
vn 0.0278 0.9985 -0.0474
vn 0.0537 0.9885 -0.1415
vn 0.1394 0.9876 -0.0722
vn 0.1070 0.9872 0.1186
vn 0.0018 0.9992 0.0403
vn 0.0662 0.9912 -0.1146
vn 0.0389 0.9900 -0.1356
vn -0.0370 0.9848 0.1695
vn -0.0284 0.9860 0.1644
vn -0.0379 0.9847 0.1699
vn -0.0244 0.9835 0.1791
vn -0.0190 0.9870 0.1594
vn -0.1122 0.9918 0.0614
vn -0.0834 0.9961 -0.0300
vn -0.1336 0.9871 -0.0880
vn -0.1764 0.9825 0.0603
vn -0.0278 0.9861 0.1639
vn -0.0367 0.9756 0.2165
vn -0.0871 0.9795 0.1818
vn -0.0153 0.9998 0.0137
vn -0.0154 0.9998 0.0137
vn 0.0149 0.9892 0.1457
vn 0.0790 0.9964 -0.0295
vn 0.0663 0.9968 -0.0437
vn 0.0780 0.9939 -0.0782
vn 0.0784 0.9939 -0.0779
vn 0.0864 0.9936 -0.0724
vn 0.0868 0.9936 -0.0721
vn 0.0420 0.9935 0.1054
vn 0.0754 0.9885 0.1312
vn 0.0772 0.9938 0.0795
vn -0.0152 0.9998 0.0136
vn 0.0465 0.9940 -0.0988
vn 0.0981 0.9925 0.0734
vn 0.1041 0.9928 0.0589
vn -0.0694 0.9970 -0.0336
vn -0.0651 0.9971 -0.0386
vn -0.0686 0.9970 -0.0345
vn -0.0643 0.9972 -0.0394
vn -0.0458 0.9985 -0.0301
vn -0.0772 0.9961 0.0437
vn 0.0592 0.9934 0.0980
vn -0.0019 0.9791 0.2034
vn -0.0163 0.9803 0.1966
vn -0.0319 0.9147 0.4028
vn -0.4858 0.8709 0.0743
vn -0.3923 0.9147 -0.0971
vn -0.1381 0.9882 -0.0670
vn -0.2159 0.9707 0.1058
vn -0.1671 0.9786 0.1202
vn 0.0211 0.9846 -0.1738
vn 0.1502 0.9880 -0.0365
vn 0.0970 0.9911 0.0913
vn -0.0420 0.9988 0.0239
vn -0.0520 0.9972 0.0541
vn 0.1089 0.9823 0.1527
vn 0.0285 0.9321 0.3611
vn 0.0115 0.9340 0.3570
vn 0.0822 0.9928 0.0870
vn -0.2888 0.9467 -0.1423
vn -0.3690 0.9286 -0.0402
vn -0.2454 0.9531 -0.1774
vn -0.1563 0.9538 0.2567
vn -0.2654 0.9558 -0.1269
vn -0.2709 0.8061 -0.5261
vn -0.0581 -0.5511 0.8324
vn -0.4633 -0.5996 0.6526
vn -0.6488 -0.4771 0.5928
vn -0.1377 0.9718 0.1912
vn -0.0888 0.9850 0.1480
vn -0.2612 0.9649 -0.0277
vn -0.2178 0.9544 -0.2043
vn -0.1778 0.9837 0.0257
vn -0.0242 0.9673 -0.2525
vn -0.2127 0.9771 -0.0077
vn -0.1013 0.8080 -0.5804
vn -0.0425 0.9945 0.0953
vn 0.3527 0.6001 -0.7180
vn 0.0966 0.9896 -0.1068
vn 0.2859 0.9398 -0.1872
vn 0.1161 0.6217 0.7746
vn -0.4227 -0.6357 0.6459
vn 0.1008 0.9931 -0.0602
vn 0.1022 0.9929 -0.0610
vn 0.1054 0.9924 -0.0629
vn 0.1069 0.9922 -0.0639
vn 0.1277 0.9884 -0.0816
vn 0.1979 0.9730 -0.1188
vn 0.3013 0.9197 -0.2518
vn -0.2905 0.9324 0.2151
vn -0.4447 0.6305 0.6362
vn -0.7449 -0.1831 0.6415
vn -0.7349 0.3455 0.5835
vn 0.1871 0.9806 -0.0589
vn -0.5180 0.4793 0.7085
vn -0.0297 0.9626 0.2692
vn 0.1569 0.8825 -0.4433
vn -0.1778 0.9786 0.1033
vn -0.1564 0.9122 0.3787
vn 0.0189 0.9935 0.1119
vn -0.7091 -0.3193 0.6287
vn -0.6402 0.0080 0.7682
vn -0.5308 -0.5614 0.6349
vn -0.2433 0.2968 0.9234
vn 0.1755 -0.6698 -0.7215
vn -0.1409 0.9476 0.2866
vn -0.1574 0.9812 -0.1114
vn -0.0367 0.8813 -0.4711
vn 0.0531 0.9142 0.4018
vn 0.1379 0.9598 0.2443
vn 0.1381 0.9587 0.2486
vn 0.1377 0.9597 0.2448
vn 0.1382 0.9576 0.2528
vn 0.2803 0.9599 -0.0028
vn -0.5549 -0.5876 0.5890
vn -0.2880 -0.2487 0.9248
vn -0.2521 -0.6657 0.7023
vn 0.0041 -0.3811 0.9245
vn 0.0040 -0.3642 0.9313
vn 0.1300 -0.0938 0.9871
vn 0.1448 0.2080 0.9674
vn 0.0747 0.0128 0.9971
vn 0.1450 0.9779 -0.1504
vn 0.1041 0.9942 -0.0266
vn 0.3785 0.7164 0.5861
vn 0.3152 0.9430 0.1065
vn 0.1557 0.9871 -0.0371
vn 0.1353 0.9872 0.0841
vn -0.2904 0.9511 -0.1054
vn 0.0897 0.9823 -0.1647
vn -0.3707 0.7766 -0.5094
vn 0.0112 0.9998 0.0147
vn 0.6577 -0.7203 0.2206
vn 0.7826 -0.4593 0.4203
vn 0.8334 -0.4881 0.2592
vn 0.1053 0.9823 -0.1548
vn 0.0859 0.9730 -0.2143
vn -0.0611 0.9827 -0.1751
vn -0.0304 0.9995 -0.0057
vn -0.2227 0.9483 -0.2260
vn -0.1843 0.9828 0.0132
vn -0.1811 0.9834 0.0121
vn -0.1805 0.9835 0.0119
vn -0.5509 0.5360 -0.6397
vn -0.0447 0.9935 0.1045
vn -0.3155 0.9481 -0.0385
vn -0.3176 0.9473 -0.0408
vn -0.3218 0.9457 -0.0454
vn -0.3238 0.9449 -0.0477
vn -0.1850 0.9826 0.0135
vn -0.1353 0.9820 0.1317
vn -0.6575 0.7205 -0.2205
vn 0.0682 0.9724 0.2233
vn -0.1781 0.9787 0.1025
vn -0.2753 0.9611 -0.0216
vn -0.3317 0.9422 -0.0475
vn -0.3320 0.9421 -0.0479
vn -0.3328 0.9417 -0.0488
vn -0.3331 0.9416 -0.0492
vn 0.0536 0.9968 0.0593
vn -0.0315 0.9975 -0.0635
vn 0.8282 -0.3413 0.4445
vn 0.9202 0.0917 0.3806
vn 0.9150 -0.1400 0.3784
vn 0.6854 0.7157 0.1339
vn 0.1226 0.9908 -0.0573
vn -0.0586 0.9780 -0.2000
vn 0.1630 0.9720 -0.1695
vn 0.7723 0.5404 0.3339
vn -0.1934 0.9805 0.0360
vn -0.2171 0.9761 -0.0112
vn 0.7264 -0.6587 0.1964
vn 0.7264 -0.6586 0.1964
vn 0.8998 -0.3469 0.2646
vn 0.7704 0.6311 0.0900
vn -0.1130 -0.9935 -0.0132
vn -0.0501 -0.9987 -0.0118
vn -0.3281 0.9399 -0.0947
vn -0.3424 0.9326 -0.1144
vn 0.3547 0.8419 0.4068
vn 0.0231 0.9907 -0.1341
vn 0.3779 0.9256 0.0203
vn 0.0750 0.9652 -0.2503
vn 0.8129 -0.5550 0.1765
vn 0.9284 -0.3620 0.0837
vn 0.5830 -0.8124 0.0090
vn 0.4397 -0.8937 0.0889
vn 0.4650 0.8769 0.1220
vn 0.4946 -0.7908 0.3606
vn -0.0791 0.9952 -0.0576
vn -0.3629 0.8717 -0.3295
vn 0.8962 0.1898 0.4011
vn 0.3885 0.9024 -0.1867
vn 0.1482 0.9700 -0.1927
vn 0.5437 0.8364 0.0693
vn -0.2296 0.9723 -0.0428
vn 0.0756 0.9583 0.2756
vn 0.1195 0.9928 -0.0108
vn -0.1960 0.9790 -0.0565
vn -0.1669 0.9316 -0.3229
vn 0.5830 0.6896 -0.4296
vn -0.8086 -0.1851 0.5585
vn 0.6848 -0.6226 -0.3788
vn 0.8470 -0.3117 -0.4307
vn 0.2767 0.9281 -0.2491
vn 0.0363 0.9663 -0.2550
vn -0.0692 0.9203 -0.3850
vn 0.2326 0.8902 -0.3916
vn 0.0462 0.9546 -0.2943
vn 0.1936 0.9401 -0.2805
vn -0.5041 0.8524 0.1390
vn 0.3095 0.9501 -0.0390
vn -0.0526 0.9721 0.2285
vn -0.0963 0.9667 0.2372
vn 0.1551 0.9856 0.0676
vn 0.2531 0.9650 0.0687
vn -0.6932 0.4196 0.5860
vn -0.8079 -0.3983 0.4343
vn 0.2938 0.9559 -0.0047
vn 0.0582 0.9976 0.0376
vn 0.0002 0.9975 0.0706
vn 0.2732 0.9616 0.0261
vn 0.2585 0.9649 0.0465
vn 0.0122 0.9829 0.1837
vn -0.5022 0.8261 0.2557
vn 0.8724 -0.0505 -0.4862
vn 0.8164 0.3717 -0.4419
vn -0.0268 0.9996 -0.0113
vn 0.5498 0.4061 -0.7299
vn 0.2522 0.8494 -0.4637
vn 0.2225 0.9186 -0.3266
vn 0.1919 0.9342 -0.3009
vn -0.0408 0.9991 -0.0152
vn 0.1266 0.9912 -0.0379
vn 0.7664 -0.5354 -0.3550
vn 0.6119 0.0071 -0.7909
vn 0.1678 -0.9690 -0.1815
vn 0.2526 -0.0585 -0.9658
vn -0.2289 0.2126 0.9499
vn -0.3541 -0.9025 0.2451
vn 0.3024 0.9407 -0.1539
vn -0.1614 0.9867 0.0176
vn 0.1159 0.9788 -0.1689
vn 0.1409 0.9743 -0.1755
vn 0.1773 0.9539 -0.2420
vn -0.0211 0.9985 -0.0510
vn 0.5077 -0.6417 -0.5749
vn 0.2359 -0.3076 -0.9218
vn 0.2055 -0.5111 -0.8346
vn 0.3280 -0.7044 -0.6294
vn 0.4185 0.5554 -0.7185
vn 0.7165 -0.4989 -0.4875
vn 0.4254 0.8481 -0.3159
vn 0.1738 0.9646 -0.1984
vn -0.5698 -0.3958 0.7202
vn 0.1608 0.9837 0.0801
vn 0.0706 0.9397 -0.3346
vn 0.0523 0.9809 -0.1873
vn 0.1120 0.9890 0.0962
vn 0.0049 0.9849 0.1728
vn -0.0653 0.9912 -0.1149
vn -0.1001 0.9652 -0.2417
vn -0.0617 0.8968 0.4380
vn -0.2989 0.9444 -0.1367
vn -0.2385 -0.8066 -0.5409
vn -0.2372 -0.8081 -0.5392
vn -0.2382 -0.8078 -0.5392
vn -0.3300 -0.6030 -0.7263
vn -0.3264 -0.6077 -0.7240
vn -0.3276 -0.6061 -0.7247
vn -0.2295 -0.8432 -0.4862
vn -0.0914 0.9873 -0.1299
vn -0.1711 0.9851 -0.0182
vn -0.0131 0.9986 -0.0513
vn -0.0688 0.9943 0.0816
vn -0.0592 0.9931 0.1017
vn -0.1080 0.9726 -0.2059
vn 0.3232 0.5121 0.7958
vn -0.3721 0.7137 -0.5934
vn 0.1089 0.9829 0.1487
vn 0.1394 0.9892 -0.0462
vn 0.1225 0.9891 -0.0815
vn 0.1076 0.9930 0.0488
vn 0.0040 0.9890 0.1479
vn -0.0627 0.9876 -0.1439
vn -0.0612 0.9880 -0.1419
vn -0.0602 0.9882 -0.1408
vn -0.1840 0.8924 -0.4121
vn -0.2074 0.7468 -0.6319
vn 0.0613 0.9942 -0.0886
vn 0.0327 0.9915 0.1258
vn -0.0196 0.9995 -0.0230
vn -0.0329 0.9982 0.0509
vn -0.2378 -0.8068 -0.5408
vn -0.2360 -0.8088 -0.5387
vn -0.0636 0.9874 -0.1451
vn -0.1617 0.7293 -0.6648
vn -0.1128 0.8253 -0.5534
vn -0.1016 0.9833 -0.1511
vn 0.1900 0.9518 0.2407
vn 0.1554 0.9782 0.1377
vn 0.0388 0.9977 0.0548
vn 0.0441 0.9953 0.0861
vn -0.3270 -0.6131 -0.7192
vn -0.2130 -0.7563 -0.6186
vn -0.2506 -0.6465 -0.7206
vn -0.4565 0.6014 -0.6557
vn -0.4958 -0.4969 -0.7122
vn -0.6285 0.6310 -0.4548
vn -0.1234 0.9796 -0.1585
vn 0.1969 0.9553 0.2205
vn 0.0806 0.9884 0.1287
vn 0.0873 0.9835 0.1585
vn -0.0475 0.9958 0.0785
vn -0.0552 0.9967 0.0603
vn -0.1406 -0.6084 -0.7811
vn -0.4589 -0.3663 -0.8095
vn -0.2150 -0.8182 -0.5332
vn -0.8279 -0.1881 -0.5284
vn -0.4709 -0.8220 -0.3203
vn -0.3967 -0.8646 -0.3084
vn -0.5831 0.6742 -0.4533
vn -0.5157 0.8320 -0.2044
vn -0.3848 0.9162 -0.1118
vn -0.2231 0.9747 0.0109
vn 0.0503 0.9854 0.1626
vn -0.0091 0.9975 -0.0705
vn 0.1579 0.9823 0.1012
vn 0.1581 0.9821 0.1025
vn 0.1590 0.9815 0.1069
vn 0.1593 0.9813 0.1083
vn 0.0321 0.9995 0.0015
vn -0.1625 0.9827 0.0890
vn -0.0796 0.9882 0.1310
vn -0.4559 -0.8873 -0.0701
vn -0.1949 0.9500 -0.2438
vn -0.8646 -0.3944 0.3113
vn -0.8227 -0.4963 0.2771
vn -0.0399 0.9967 0.0713
vn -0.0537 0.9966 0.0623
vn -0.2804 0.9436 0.1761
vn -0.9849 -0.0630 -0.1612
vn 0.0238 0.9992 -0.0336
vn -0.1159 0.9684 -0.2208
vn 0.1622 0.9858 -0.0439
vn 0.1508 0.9869 -0.0578
vn -0.6700 0.6530 -0.3530
vn -0.0920 0.9957 -0.0047
vn -0.4758 0.8755 0.0838
vn -0.1086 0.9777 0.1800
vn -0.3353 -0.9408 0.0497
vn 0.3391 0.9394 -0.0497
vn -0.1856 0.9771 0.1039
vn 0.1076 0.9918 0.0685
vn -0.2471 0.9467 0.2068
vn -0.2229 0.9510 0.2141
vn -0.0728 0.9887 0.1311
vn -0.1966 0.9722 0.1273
vn -0.7530 -0.5999 0.2704
vn -0.7737 -0.5616 0.2931
vn 0.5676 0.7948 -0.2150
vn 0.3308 0.9236 -0.1938
vn 0.6335 0.6803 -0.3685
vn -0.1972 0.9784 -0.0616
vn -0.0579 0.9882 -0.1418
vn 0.2651 0.9627 -0.0549
vn -0.1762 0.9792 0.1001
vn 0.2067 0.9613 0.1819
vn -0.8754 -0.3773 0.3021
vn -0.8609 -0.0986 0.4992
vn -0.5476 -0.7766 0.3113
vn -0.5674 -0.7481 0.3440
vn 0.3415 0.9168 -0.2071
vn 0.6931 0.6812 -0.2356
vn -0.4804 0.8612 0.1656
vn 0.1931 0.9670 0.1663
vn -0.0654 0.9139 0.4006
vn 0.2006 0.9442 0.2612
vn 0.2000 0.9441 0.2621
vn 0.1976 0.9434 0.2664
vn 0.1974 0.9433 0.2669
vn -0.1748 0.9246 0.3384
vn -0.6263 -0.6496 0.4310
vn -0.6264 -0.6489 0.4318
vn -0.6268 -0.6458 0.4359
vn -0.6269 -0.6452 0.4368
vn -0.8268 -0.1725 0.5354
vn -0.8113 -0.5205 0.2663
vn -0.9062 -0.3035 0.2944
vn -0.5525 0.6931 0.4630
vn 0.4144 -0.8413 -0.3472
vn 0.4707 0.3880 -0.7924
vn 0.4707 0.3882 -0.7923
vn 0.4706 0.3879 -0.7925
vn 0.1886 0.9651 0.1817
vn -0.2759 0.7513 0.5996
vn 0.2424 0.9670 -0.0786
vn -0.1412 0.9883 -0.0578
vn -0.0214 0.9894 -0.1437
vn -0.1129 0.9823 -0.1498
vn 0.0521 0.9966 0.0637
vn 0.0862 0.9961 0.0193
vn 0.0044 0.9968 -0.0795
vn 0.0164 -0.9991 0.0391
vn 0.0799 0.0976 0.9920
vn 0.1332 -0.5598 0.8179
vn -0.0666 -0.5331 0.8434
vn 0.1203 0.9889 0.0872
vn 0.2275 0.9707 0.0778
vn 0.0543 0.9985 -0.0058
vn -0.7792 -0.5350 -0.3265
vn -0.9435 -0.1442 -0.2985
vn -0.1935 0.9402 -0.2803
vn -0.2279 0.9369 -0.2652
vn -0.6154 0.6274 -0.4771
vn -0.1518 0.9880 0.0272
vn 0.4260 0.9028 0.0585
vn 0.6821 0.6161 0.3939
vn 0.0266 0.9978 0.0613
vn 0.2398 0.7829 0.5740
vn 0.5792 -0.6437 0.5002
vn 0.6866 -0.4952 0.5323
vn 0.4237 -0.8926 0.1541
vn 0.1802 -0.9722 0.1497
vn -0.0279 -0.9981 -0.0544
vn -0.0246 -0.9983 -0.0524
vn -0.0190 -0.9986 -0.0491
vn -0.0160 -0.9987 -0.0474
vn 0.0058 -0.9994 0.0355
vn 0.0737 -0.6046 0.7931
vn 0.2887 -0.8325 0.4729
vn 0.6502 -0.5079 0.5651
vn 0.6467 -0.5373 0.5414
vn 0.9352 0.0469 0.3510
vn 0.9396 0.0272 0.3413
vn 0.6731 -0.5529 0.4912
vn 0.5726 -0.1040 0.8132
vn 0.6854 0.2107 0.6971
vn 0.8554 -0.3549 0.3772
vn 0.1475 -0.4191 0.8959
vn 0.2328 -0.5035 0.8320
vn 0.3547 -0.3563 0.8644
vn 0.5457 -0.6965 0.4660
vn 0.5245 -0.7114 0.4679
vn 0.4996 -0.8423 0.2023
vn 0.6409 -0.7501 0.1628
vn 0.6290 -0.6201 0.4688
vn 0.3436 -0.7969 0.4969
vn 0.3382 -0.7847 0.5195
vn 0.7323 -0.5939 0.3331
vn 0.7343 -0.6042 0.3094
vn -0.1089 -0.7122 0.6935
vn -0.0011 -0.8259 0.5637
vn 0.2557 -0.7175 0.6479
vn 0.4048 -0.7860 0.4672
vn 0.5595 -0.6754 0.4804
vn 0.5431 -0.5948 0.5927
vn 0.9028 -0.2455 0.3531
vn 0.9038 -0.2488 0.3483
vn 0.9029 -0.2458 0.3526
vn 0.9039 -0.2492 0.3477
vn 0.6904 -0.4806 0.5407
vn 0.5774 -0.3742 0.7257
vn 0.6657 -0.2962 0.6850
vn 0.7300 -0.5833 0.3562
vn 0.7590 -0.5535 0.3427
vn 0.7651 -0.6400 0.0710
vn 0.2325 0.9726 0.0067
vn -0.9480 -0.2900 0.1314
vn -0.2723 0.9493 0.1570
vn -0.9456 -0.3252 -0.0095
vn 0.4467 -0.8387 0.3116
vn 0.6856 -0.5761 0.4450
vn 0.8544 -0.5181 -0.0397
vn -0.4384 0.8124 0.3845
vn -0.0687 0.9974 -0.0220
vn -0.0474 0.9597 0.2769
vn 0.3275 0.9262 -0.1868
vn 0.6435 0.7458 -0.1725
vn 0.9224 0.0734 -0.3793
vn -0.8063 -0.5793 -0.1196
vn 0.0276 -0.9996 -0.0055
vn 0.1674 -0.9816 -0.0916
vn -0.1586 0.9835 0.0872
vn -0.5479 0.8318 0.0895
vn -0.3420 0.9251 -0.1653
vn 0.8650 0.5016 0.0087
vn 0.8743 0.4853 0.0038
vn 0.5700 0.8137 -0.1141
vn 0.8788 0.1342 -0.4580
vn 0.7268 -0.6534 -0.2119
vn 0.5882 -0.7719 -0.2411
vn 0.0268 -0.9313 0.3633
vn -0.7878 -0.4489 0.4218
vn 0.7208 -0.5355 0.4401
vn 0.5714 -0.7648 0.2976
vn 0.7911 -0.6117 0.0029
vn 0.5642 -0.7911 -0.2364
vn 0.6071 -0.7223 -0.3313
vn 0.8713 -0.4498 -0.1962
vn 0.8992 -0.2082 -0.3848
vn 0.7746 -0.4060 -0.4850
vn 0.7605 -0.4950 -0.4203
vn 0.6915 -0.5683 -0.4460
vn 0.3511 -0.9089 0.2252
vn 0.5362 -0.6344 0.5567
vn 0.9198 -0.3478 0.1817
vn 0.7987 -0.5942 0.0947
vn 0.9488 -0.2261 -0.2204
vn 0.8045 -0.4348 -0.4046
vn 0.7697 -0.6186 -0.1576
vn 0.6335 -0.7275 -0.2635
vn 0.6503 -0.6224 -0.4356
vn 0.6758 -0.6065 -0.4189
vn 0.6756 -0.5973 -0.4321
vn 0.8637 -0.3995 -0.3073
vn 0.6366 -0.7647 -0.0994
vn 0.7851 -0.5447 0.2949
vn 0.4502 -0.7147 0.5353
vn 0.4473 -0.7194 0.5314
vn 0.4496 -0.7157 0.5344
vn 0.4467 -0.7202 0.5308
vn 0.7276 -0.6765 0.1140
vn 0.5723 -0.8148 -0.0925
vn 0.5726 -0.8146 -0.0927
vn 0.5790 -0.8099 -0.0943
vn 0.6297 -0.7030 -0.3306
vn 0.8764 -0.4778 -0.0601
vn 0.8655 -0.3384 -0.3693
vn 0.5979 -0.4935 -0.6316
vn 0.5632 -0.7362 -0.3753
vn 0.8202 -0.5274 -0.2215
vn 0.8178 -0.5160 -0.2549
vn 0.7561 -0.5743 -0.3138
vn -0.0599 0.9888 -0.1368
vn 0.1052 0.9917 -0.0743
vn 0.0308 0.9944 -0.1008
vn -0.0493 -0.9089 -0.4141
vn 0.3673 -0.8454 -0.3877
vn 0.7708 -0.2462 -0.5876
vn 0.3052 -0.2510 -0.9186
vn -0.0634 0.9908 0.1198
vn -0.1459 0.9891 0.0179
vn 0.1686 0.7688 -0.6169
vn -0.0095 -0.3335 -0.9427
vn -0.0532 0.9534 0.2971
vn -0.0077 0.9326 0.3607
vn -0.2881 -0.4838 -0.8264
vn 0.2164 0.9552 -0.2017
vn 0.0535 0.9885 0.1416
vn -0.1913 0.8989 -0.3942
vn 0.0286 -0.7655 -0.6428
vn 0.0563 -0.7082 -0.7038
vn -0.0751 0.7730 -0.6299
vn -0.2985 0.2808 -0.9122
vn -0.0060 -0.5677 -0.8232
vn -0.0048 -0.5666 -0.8240
vn -0.0057 -0.5674 -0.8234
vn -0.0046 -0.5663 -0.8242
vn -0.2525 -0.2742 -0.9279
vn 0.1127 0.3693 -0.9225
vn -0.0107 0.6037 -0.7972
vn -0.4354 -0.5928 -0.6775
vn 0.6923 -0.0358 -0.7207
vn 0.0242 -0.8055 -0.5921
vn -0.2350 -0.5946 -0.7689
vn 0.0916 -0.1480 -0.9847
vn 0.0035 -0.0242 -0.9997
vn -0.2765 -0.3988 -0.8744
vn 0.0278 -0.7477 -0.6634
vn -0.2111 -0.8770 -0.4317
vn -0.3608 -0.7569 -0.5450
vn -0.3311 -0.6014 -0.7271
vn 0.6640 -0.5430 -0.5141
vn 0.6213 -0.5810 -0.5258
vn -0.0144 -0.0475 -0.9988
vn -0.2530 -0.3080 -0.9171
vn 0.0897 -0.5322 -0.8419
vn -0.1828 -0.6527 -0.7352
vn -0.2688 -0.5825 -0.7671
vn -0.0959 -0.4630 -0.8811
vn -0.1160 -0.2626 -0.9579
vn -0.3795 -0.7644 -0.5212
vn -0.1878 -0.8898 -0.4159
vn -0.1723 -0.8737 -0.4549
vn 0.2220 -0.7049 -0.6737
vn 0.6450 -0.4046 -0.6482
vn 0.6774 -0.4446 -0.5861
vn 0.3330 -0.7370 -0.5882
vn -0.1901 -0.5121 -0.8376
vn -0.0210 -0.4052 -0.9140
vn -0.0952 -0.3352 -0.9373
vn -0.4559 -0.5146 -0.7262
vn -0.2656 -0.7389 -0.6192
vn -0.5073 -0.7611 -0.4042
vn -0.2762 -0.9067 -0.3187
vn -0.1511 -0.8329 -0.5324
vn -0.2139 -0.8017 -0.5581
vn -0.1840 -0.7761 -0.6031
vn 0.2448 0.9640 0.1042
vn -0.0506 0.9955 -0.0805
vn 0.1030 0.9824 0.1560
vn -0.4070 0.8920 -0.1967
vn -0.3880 -0.8748 -0.2902
vn -0.8143 -0.0774 -0.5753
vn -0.5180 -0.7574 -0.3975
vn 0.0607 0.9958 0.0683
vn -0.0658 0.9899 0.1256
vn -0.0670 0.9935 -0.0917
vn -0.9067 -0.3840 -0.1743
vn 0.2368 0.9670 0.0942
vn 0.0771 0.9851 0.1538
vn -0.5977 0.6557 -0.4613
vn 0.6023 0.7106 0.3637
vn 0.1868 0.9820 0.0263
vn -0.6293 0.7553 0.1833
vn -0.5858 0.7869 0.1940
vn -0.3420 0.9306 0.1306
vn -0.5867 -0.7586 -0.2835
vn -0.7516 -0.2665 -0.6033
vn -0.8149 -0.0701 -0.5754
vn -0.6687 -0.7330 -0.1251
vn -0.8347 -0.5504 -0.0177
vn -0.4223 -0.9051 0.0488
vn -0.1057 -0.9927 -0.0580
vn 0.1825 0.9815 0.0581
vn -0.8248 -0.0486 -0.5634
vn -0.8383 -0.2927 -0.4600
vn -0.6984 -0.4408 -0.5639
vn -0.7073 -0.5169 -0.4823
vn -0.9819 -0.0352 -0.1863
vn -0.9248 -0.3727 0.0771
vn -0.9409 -0.3183 0.1160
vn -0.9620 -0.2640 0.0696
vn -0.6726 -0.6825 -0.2860
vn -0.5993 -0.7957 -0.0878
vn -0.5348 -0.7494 -0.3905
vn -0.5335 -0.7324 -0.4231
vn -0.5188 -0.7390 -0.4299
vn -0.5691 -0.4894 -0.6608
vn -0.7650 -0.3633 -0.5318
vn -0.7849 -0.6134 -0.0874
vn -0.8724 -0.4829 0.0754
vn -0.8720 -0.4835 0.0764
vn -0.8695 -0.4893 0.0681
vn -0.8714 -0.4846 0.0768
vn -0.8682 -0.4918 0.0663
vn -0.8854 -0.2182 -0.4104
vn -0.9624 0.0067 -0.2717
vn -0.8281 -0.4574 0.3239
vn -0.7892 -0.3676 -0.4920
vn -0.8011 -0.4896 -0.3442
vn -0.5810 -0.6781 -0.4502
vn -0.5927 -0.4473 -0.6698
vn -0.6050 -0.4438 -0.6611
vn -0.6501 -0.5459 -0.5286
vn -0.6493 -0.5475 -0.5278
vn -0.6503 -0.5458 -0.5283
vn -0.9495 -0.2764 -0.1484
vn -0.9214 -0.3825 0.0684
vn -0.9255 -0.3682 0.0891
vn -0.9293 -0.3616 0.0751
vn -0.7221 -0.6703 -0.1712
vn -0.7250 -0.6632 -0.1860
vn -0.8373 -0.4384 0.3268
vn -0.7884 -0.4620 0.4062
vn -0.0504 0.9738 -0.2217
vn -0.1219 0.9876 -0.0992
vn 0.2765 0.8849 -0.3750
vn 0.4708 0.3882 -0.7923
vn -0.3266 -0.6238 0.7101
vn -0.5864 -0.7223 0.3668
vn -0.8530 -0.4404 0.2801
vn -0.3114 0.9468 -0.0810
vn -0.5406 0.6808 0.4943
vn 0.5884 0.6732 -0.4479
vn 0.5579 0.7111 -0.4278
vn 0.2151 0.9103 -0.3538
vn 0.2363 0.3658 -0.9002
vn 0.7270 0.0905 -0.6807
vn 0.7358 0.6164 -0.2805
vn -0.2984 0.9541 -0.0244
vn -0.5292 -0.5671 0.6312
vn -0.2237 0.8112 0.5404
vn 0.2757 -0.8889 0.3658
vn -0.3167 -0.7846 0.5330
vn -0.6911 -0.2178 0.6892
vn -0.1721 -0.9779 -0.1185
vn 0.4932 -0.8227 -0.2828
vn 0.4621 0.6861 -0.5619
vn 0.0183 -0.9847 -0.1731
vn 0.0617 0.0327 0.9976
vn 0.1837 -0.1712 0.9680
vn -0.4160 -0.2297 0.8799
vn -0.4217 -0.2220 0.8791
vn -0.4176 -0.2276 0.8797
vn -0.4234 -0.2198 0.8789
vn -0.5154 -0.6741 0.5292
vn -0.8231 -0.3112 0.4750
vn -0.8210 -0.3694 0.4354
vn -0.4599 -0.7597 0.4598
vn -0.2368 -0.2002 0.9507
vn 0.0254 -0.5429 0.8394
vn 0.1748 -0.3351 0.9258
vn -0.0600 -0.0984 0.9933
vn -0.7950 -0.2527 0.5515
vn -0.2312 -0.6942 0.6816
vn -0.2374 -0.7125 0.6603
vn -0.6028 -0.4817 0.6360
vn -0.6670 -0.6395 0.3823
vn -0.6212 -0.6738 0.4001
vn -0.5887 -0.4981 0.6367
vn -0.2382 -0.7727 0.5883
vn 0.0296 -0.5061 0.8620
vn 0.0409 -0.5146 0.8565
vn -0.0592 -0.5899 0.8053
vn -0.6201 -0.2709 0.7363
vn -0.7580 -0.6117 0.2265
vn -0.3125 -0.8079 0.4996
vn -0.2815 -0.6022 0.7471
vn -0.1833 -0.6622 0.7266
vn -0.2512 -0.9479 0.1959
vn -0.8170 -0.5462 0.1848
vn -0.7802 -0.4153 0.4677
vn -0.3927 -0.6601 0.6404
vn -0.2504 -0.5083 0.8239
vn -0.1601 -0.5758 0.8018
vn 0.0676 -0.4179 0.9060
vn -0.2123 -0.2666 0.9401
vn -0.3799 -0.6493 0.6589
vn -0.6583 -0.4537 0.6007
vn -0.2919 -0.7659 0.5729
vn -0.0039 -0.9131 0.4077
vn 0.3410 -0.6257 0.7016
vn 0.1764 -0.2001 0.9638
vn 0.8859 -0.3327 0.3232
vn -0.0846 -0.4514 -0.8883
vn -0.7282 -0.4784 0.4907
vn 0.0198 -0.9801 0.1976
vn -0.1160 -0.9769 0.1796
vn 0.4497 -0.8662 -0.2177
vn -0.3091 -0.9032 -0.2977
vn -0.1568 -0.9381 0.3089
vn 0.3952 -0.8261 0.4017
vn 0.2166 -0.5822 0.7837
vn -0.2297 -0.5925 0.7721
vn -0.5135 -0.8054 0.2960
vn -0.2754 -0.8824 0.3815
vn 0.1924 -0.6278 0.7543
vn 0.6170 -0.4954 0.6115
vn 0.7963 -0.2662 0.5432
vn 0.1397 -0.4453 0.8844
vn -0.1748 -0.6748 0.7171
vn 0.2062 -0.6765 0.7070
vn -0.2515 -0.8315 0.4953
vn 0.7503 -0.5680 0.3382
vn 0.7274 -0.6020 0.3294
vn 0.7829 -0.5529 0.2851
vn 0.4408 -0.3064 0.8437
vn 0.5387 -0.2863 0.7923
vn 0.3232 -0.5655 0.7588
vn 0.7328 -0.4260 0.5305
vn 0.3130 -0.8290 0.4634
vn 0.3655 -0.8171 0.4458
vn 0.7119 -0.4859 0.5071
vn 0.6896 -0.5011 0.5229
vn 0.6895 -0.5015 0.5225
vn 0.6892 -0.5066 0.5180
vn 0.6891 -0.5075 0.5172
vn 0.5345 -0.6410 0.5509
vn -0.8496 -0.4614 0.2554
vn 0.5441 -0.7962 0.2648
vn 0.8060 -0.3676 0.4640
vn 0.7739 -0.3863 0.5018
vn 0.7676 -0.4410 0.4651
vn 0.7241 -0.4776 0.4976
vn 0.5288 -0.8471 -0.0532
vn 0.8481 -0.5296 -0.0136
vn 0.8613 -0.5060 0.0471
vn 0.7819 -0.6188 0.0760
vn 0.7209 -0.6923 -0.0315
vn 0.1627 -0.9866 0.0145
vn 0.0046 -0.3466 -0.9380
vn -0.5327 -0.3130 -0.7863
vn 0.6038 -0.7960 0.0432
vn 0.8901 -0.4557 -0.0055
vn 0.9009 -0.3864 0.1978
vn 0.8962 -0.3932 0.2052
vn 0.8999 -0.3879 0.1994
vn 0.8951 -0.3948 0.2070
vn 0.8740 -0.4835 0.0484
vn 0.6872 -0.7124 0.1423
vn 0.7650 -0.5475 0.3393
vn 0.7362 -0.5727 0.3605
vn 0.7141 -0.6222 0.3207
vn 0.6926 -0.6399 0.3331
vn 0.1774 -0.9830 -0.0464
vn 0.6136 -0.7870 -0.0646
vn 0.6137 -0.7868 -0.0655
vn 0.7867 -0.6171 -0.0189
vn 0.8395 -0.5307 -0.1165
vn 0.7306 -0.6774 -0.0857
vn 0.9202 -0.3854 0.0690
vn 0.5352 -0.4072 0.7401
vn -0.8214 -0.2490 0.5132
vn 0.6738 -0.7389 -0.0028
vn 0.6076 -0.7683 0.2012
vn 0.7300 -0.6750 -0.1071
vn 0.6044 -0.7298 0.3196
vn 0.6638 -0.6605 0.3507
vn 0.5404 -0.6709 0.5078
vn 0.8479 -0.5214 -0.0962
vn 0.5286 -0.5196 0.6712
vn 0.6464 -0.4268 0.6325
vn 0.8889 -0.4294 0.1600
vn 0.2228 -0.8938 0.3892
vn 0.5719 -0.8151 -0.0926
vn 0.8136 -0.5666 0.1302
vn 0.3624 -0.4512 0.8156
vn 0.5613 -0.3895 0.7302
vn 0.8704 -0.3494 -0.3468
vn 0.6121 -0.6950 -0.3771
vn 0.4172 -0.8174 0.3972
vn 0.8187 -0.5680 0.0841
vn 0.8435 -0.5363 -0.0302
vn 0.8792 -0.2385 0.4125
vn 0.8377 -0.2359 0.4925
vn 0.4650 -0.3393 0.8177
vn 0.8641 -0.3516 -0.3601
vn 0.8640 -0.3518 -0.3601
vn 0.8637 -0.3524 -0.3603
vn 0.8739 -0.4648 0.1425
vn 0.5412 -0.6992 0.4671
vn 0.7096 -0.4973 -0.4991
vn 0.4048 -0.7769 -0.4823
vn 0.4466 -0.6208 -0.6443
vn 0.4874 -0.5155 0.7048
vn -0.0944 -0.1463 0.9847
vn 0.8108 -0.1251 0.5718
vn 0.9152 -0.1028 -0.3896
vn 0.6073 -0.3873 -0.6936
vn 0.6063 -0.3860 -0.6952
vn 0.6071 -0.3870 -0.6940
vn 0.6061 -0.3857 -0.6956
vn -0.1368 -0.6706 -0.7291
vn -0.3384 -0.8332 -0.4374
vn 0.6042 -0.5170 -0.6063
vn 0.6288 -0.6814 -0.3745
vn 0.7176 -0.5639 -0.4087
vn 0.6965 -0.7155 -0.0554
vn -0.6702 -0.2560 0.6966
vn -0.6226 -0.2136 0.7528
vn -0.7296 -0.1750 0.6611
vn -0.1468 -0.1878 -0.9712
vn -0.1435 -0.1885 -0.9715
vn -0.1416 -0.1888 -0.9717
vn 0.6579 -0.1159 -0.7441
vn 0.8654 -0.2140 -0.4531
vn 0.7022 -0.3791 -0.6027
vn 0.7154 -0.6819 0.1523
vn 0.5823 -0.7778 0.2366
vn 0.6905 -0.7216 -0.0501
vn 0.8123 -0.5709 -0.1193
vn 0.7924 -0.6098 -0.0166
vn 0.7520 -0.6589 0.0189
vn 0.8163 -0.4673 -0.3397
vn 0.1313 -0.4726 -0.8715
vn -0.0164 -0.6953 -0.7185
vn 0.0596 -0.8021 -0.5941
vn 0.6606 -0.7471 0.0732
vn 0.2718 -0.2203 -0.9368
vn -0.1487 -0.1875 -0.9710
vn -0.9048 -0.1865 0.3829
vn 0.0092 -0.5561 -0.8311
vn 0.5368 -0.6667 -0.5170
vn 0.0629 -0.6487 -0.7584
vn 0.6505 -0.6935 -0.3096
vn 0.7306 -0.4773 -0.4882
vn 0.2107 -0.3700 -0.9048
vn 0.4766 -0.4646 -0.7464
vn 0.6122 -0.4672 -0.6379
vn 0.4780 -0.8289 -0.2907
vn -0.2684 -0.5960 -0.7569
vn -0.2433 -0.7755 -0.5826
vn -0.0903 -0.8620 -0.4987
vn 0.2507 -0.8681 0.4284
vn -0.6533 -0.6362 -0.4106
vn -0.6753 -0.6490 -0.3503
vn -0.6432 -0.6931 -0.3253
vn -0.6532 -0.7256 -0.2162
vn -0.1650 -0.8822 0.4410
vn -0.1851 -0.8797 -0.4379
vn -0.4958 -0.6326 -0.5950
vn -0.3260 -0.2842 -0.9016
vn -0.2103 -0.3304 -0.9201
vn -0.3714 -0.6527 -0.6603
vn -0.5173 -0.5086 -0.6883
vn -0.6561 -0.6875 -0.3112
vn -0.3600 -0.9277 -0.0988
vn -0.2991 -0.7726 0.5600
vn -0.6779 -0.7348 0.0227
vn -0.5200 -0.6335 -0.5730
vn -0.4931 -0.7209 -0.4870
vn -0.8053 -0.1695 -0.5681
vn -0.5570 -0.6145 -0.5587
vn -0.3619 -0.3486 -0.8646
vn -0.0589 -0.4727 -0.8793
vn -0.0607 -0.4394 -0.8963
vn 0.2072 -0.5086 -0.8357
vn 0.3412 -0.8053 -0.4849
vn -0.1104 -0.7340 -0.6701
vn -0.0671 -0.8284 -0.5561
vn -0.4224 -0.6399 -0.6419
vn -0.4115 -0.7057 -0.5768
vn -0.0973 -0.9224 -0.3738
vn 0.4818 -0.4494 -0.7523
vn -0.3230 -0.2865 -0.9020
vn -0.6678 -0.5902 -0.4536
vn -0.6095 -0.6674 -0.4278
vn -0.5033 -0.5311 -0.6816
vn -0.2547 -0.7165 -0.6494
vn -0.2358 -0.6517 -0.7209
vn 0.2099 -0.8058 -0.5538
vn 0.1418 -0.6387 -0.7563
vn -0.1250 -0.5483 -0.8269
vn -0.1204 -0.5873 -0.8004
vn -0.1385 -0.5779 -0.8043
vn -0.0331 -0.9061 -0.4217
vn -0.1670 -0.8325 -0.5283
vn -0.4807 -0.7044 0.5223
vn 0.1093 -0.7917 0.6010
vn -0.2136 -0.7128 0.6681
vn -0.4893 -0.5034 0.7121
vn -0.8255 -0.5276 0.2007
vn -0.0337 -0.8769 0.4795
vn -0.3996 -0.7481 0.5298
vn -0.4895 -0.6849 0.5397
vn -0.1949 -0.8971 0.3964
vn 0.1235 -0.7668 0.6299
vn 0.0669 -0.6541 0.7534
vn -0.3977 -0.5999 0.6943
vn -0.3587 -0.6289 0.6898
vn -0.0886 -0.6249 0.7756
vn -0.1072 -0.4805 0.8704
vn 0.2044 -0.5044 0.8389
vn 0.2906 -0.7042 0.6478
vn -0.3339 -0.6913 0.6408
vn -0.7760 -0.1321 0.6168
vn -0.6432 -0.7038 0.3016
vn -0.6932 -0.6348 0.3413
vn -0.5332 -0.7417 0.4069
vn -0.5883 -0.4958 0.6389
vn 0.3482 -0.6213 0.7020
vn 0.0547 -0.1832 0.9815
vn -0.7369 -0.1207 0.6651
vn -0.4859 -0.6507 0.5835
vn -0.6855 -0.4574 0.5665
vn -0.5316 -0.8379 -0.1239
vn -0.7273 -0.6808 -0.0864
vn -0.5382 -0.7764 -0.3279
vn -0.8095 -0.5139 -0.2840
vn -0.9337 -0.3334 0.1303
vn -0.9335 -0.3339 0.1306
vn -0.9327 -0.3356 0.1318
vn -0.9326 -0.3360 0.1320
vn -0.9270 -0.3241 0.1887
vn -0.5576 -0.7281 0.3987
vn 0.5536 -0.3828 -0.7396
vn -0.0035 -0.8228 0.5683
vn -0.3526 -0.5464 0.7597
vn -0.3503 -0.5445 0.7621
vn -0.3500 -0.5442 0.7625
vn -0.1137 -0.6030 0.7896
vn 0.1824 -0.8630 0.4711
vn -0.2800 -0.7692 0.5745
vn -0.3470 -0.5929 0.7266
vn -0.8175 -0.3189 0.4796
vn -0.8538 -0.4355 0.2854
vn -0.9323 -0.3226 0.1634
vn -0.5140 -0.4751 -0.7142
vn 0.6929 -0.4291 -0.5795
vn -0.2965 -0.6590 0.6913
vn -0.3939 -0.7425 0.5418
vn -0.5900 -0.4563 0.6661
vn -0.3529 -0.5466 0.7594
vn -0.1004 -0.7372 0.6682
vn 0.2215 -0.7174 0.6606
vn 0.7390 -0.6688 0.0808
vn -0.7091 -0.7006 -0.0794
vn -0.6600 -0.7290 -0.1816
vn -0.9112 -0.3886 -0.1367
vn -0.8179 -0.4093 -0.4044
vn -0.5456 -0.5748 -0.6099
vn -0.7909 -0.2517 0.5577
vn -0.0255 -0.3982 0.9169
vn 0.8699 -0.4898 -0.0574
vn 0.1566 -0.7256 -0.6701
vn -0.0770 -0.5626 -0.8231
vn -0.3834 -0.5874 -0.7127
vn 0.3898 -0.6838 -0.6168
vn 0.4608 -0.4068 -0.7888
vn 0.0614 -0.5952 -0.8012
vn -0.9243 -0.2389 -0.2978
vn 0.1282 -0.6635 -0.7371
vn -0.6942 -0.6692 -0.2652
vn -0.0356 -0.7894 -0.6129
vn -0.1263 -0.8107 -0.5717
vn -0.6700 -0.4232 -0.6099
vn -0.6078 -0.4348 -0.6644
vn -0.3607 -0.5091 -0.7815
vn -0.3121 -0.5044 -0.8051
vn -0.2213 -0.5368 -0.8142
vn -0.6224 -0.5446 -0.5622
vn -0.6025 -0.5663 -0.5625
vn -0.6482 -0.5495 -0.5272
vn 0.0999 -0.3888 -0.9159
vn -0.4505 -0.4826 -0.7511
vn -0.3092 -0.5594 -0.7691
vn -0.6635 -0.5381 -0.5198
vn -0.6383 -0.5768 -0.5097
vn -0.8978 -0.4140 -0.1503
vn -0.6444 -0.7583 -0.0986
vn -0.7567 -0.6498 0.0722
vn 0.6867 -0.5298 -0.4977
vn 0.0716 -0.9974 -0.0084
vn -0.5073 -0.8218 -0.2594
vn -0.8661 -0.4286 0.2571
vn -0.5220 -0.6381 0.5660
vn 0.1114 -0.9932 0.0336
vn -0.8725 -0.4830 0.0736
vn -0.8683 -0.4927 0.0577
vn -0.7627 -0.6447 0.0514
vn -0.8132 -0.5543 0.1774
vn 0.4406 -0.8056 0.3962
vn 0.2019 -0.8032 0.5605
vn 0.1493 -0.8177 0.5559
vn -0.4369 -0.4152 0.7979
vn -0.5770 -0.3848 0.7205
vn 0.1478 -0.8963 0.4182
vn 0.2641 -0.8542 0.4478
vn -0.1486 -0.8025 0.5778
vn -0.8762 -0.4819 0.0020
vn -0.7644 -0.6424 -0.0546
vn -0.8494 -0.5046 -0.1544
vn -0.8299 -0.5269 -0.1832
vn -0.9437 -0.2494 -0.2173
vn -0.9576 -0.2387 -0.1612
vn 0.1149 -0.9466 0.3012
vn -0.5916 -0.4644 0.6590
vn -0.5545 -0.4717 0.6856
vn -0.3796 -0.6832 0.6237
vn 0.2183 -0.6426 0.7345
vn 0.7424 -0.6551 0.1405
vn -0.3170 -0.9192 0.2335
vn -0.3169 -0.9194 0.2330
vn -0.3106 -0.9234 0.2256
vn -0.3101 -0.9237 0.2251
vn -0.6981 -0.6811 0.2208
vn -0.7640 -0.5097 0.3957
vn -0.6653 -0.6059 0.4361
vn -0.6805 -0.5759 0.4531
vn -0.0000 -1.0000 -0.0000
vn -0.0000 1.0000 -0.0000
vn 0.9166 -0.0000 0.3999
vn -0.9166 -0.0000 -0.3999
vn -0.3999 -0.0000 0.9166
vn 0.3999 -0.0000 -0.9166
vn -0.9160 -0.0353 -0.3996
vn -0.8582 -0.3511 -0.3744
vn 0.9161 0.0333 0.3997
vn -0.3996 -0.0353 0.9160
vn -0.3744 -0.3511 0.8582
vn 0.3997 0.0333 -0.9161
vn 0.9160 -0.0353 0.3996
vn 0.8582 -0.3511 0.3744
vn -0.9161 0.0333 -0.3997
vn 0.3996 -0.0353 -0.9160
vn 0.3744 -0.3511 -0.8582
vn -0.3997 0.0333 0.9161
vn -1.0000 -0.0000 -0.0054
vn 1.0000 -0.0000 0.0054
vn 0.0054 -0.0000 -1.0000
vn -0.0054 -0.0000 1.0000
vn 0.1634 -0.0085 -0.9865
vn 0.1664 -0.0087 -0.9860
vn 0.1683 -0.0089 -0.9857
vn -0.7077 -0.0089 -0.7064
vn -0.7073 -0.0088 -0.7068
vn -0.7080 -0.0089 -0.7062
vn -0.4515 -0.0091 -0.8922
vn -0.4464 -0.0097 -0.8948
vn -0.4432 -0.0101 -0.8964
vn -0.9876 -0.0100 -0.1564
vn -0.9874 -0.0098 -0.1582
vn -0.9878 -0.0101 -0.1552
vn -0.8871 -0.0098 -0.4615
vn -0.8861 -0.0101 -0.4634
vn -0.8854 -0.0102 -0.4647
vn -0.8904 -0.0102 0.4551
vn -0.9885 -0.0087 0.1513
vn -0.9891 -0.0091 0.1471
vn -0.9895 -0.0094 0.1445
vn -0.4528 -0.0094 0.8915
vn -0.7155 -0.0098 0.6985
vn 0.1564 -0.0096 0.9877
vn 0.1542 -0.0094 0.9880
vn 0.1577 -0.0098 0.9874
vn -0.1613 -0.0097 0.9869
vn -0.1656 -0.0101 0.9861
vn -0.1683 -0.0104 0.9857
vn 0.7080 -0.0104 0.7062
vn 0.4412 -0.0082 0.8974
vn 0.4381 -0.0079 0.8989
vn 0.4432 -0.0084 0.8964
vn 0.9884 -0.0078 0.1518
vn 0.9881 -0.0080 0.1538
vn 0.9879 -0.0081 0.1552
vn 0.8877 -0.0082 0.4604
vn 0.8863 -0.0085 0.4630
vn 0.8854 -0.0087 0.4647
vn 0.8905 -0.0087 -0.4549
vn 0.8906 -0.0087 -0.4548
vn 0.8904 -0.0087 -0.4551
vn 0.9891 -0.0088 -0.1467
vn 0.9893 -0.0089 -0.1453
vn 0.9895 -0.0090 -0.1445
vn 0.4538 -0.0089 -0.8910
vn 0.4555 -0.0087 -0.8902
vn 0.4528 -0.0090 -0.8915
vn 0.7104 -0.0089 -0.7038
vn 0.7136 -0.0093 -0.7005
vn 0.7155 -0.0096 -0.6985
vn -0.1540 -0.0092 -0.9880
vn -0.1481 -0.0087 -0.9889
vn -0.1577 -0.0096 -0.9874
vn -0.6499 -0.7582 0.0530
vn -0.0114 0.9791 0.2029
vn -0.7178 -0.5679 0.4027
vn -0.3099 -0.8461 -0.4337
vn 0.5163 0.8278 -0.2194
vn 0.2842 0.4641 0.8389
vn -0.2031 0.6721 -0.7121
vn 0.6471 0.4678 0.6020
vn 0.7880 -0.3949 0.4723
vn -0.4002 -0.8564 0.3263
vn 0.6816 -0.6820 0.2653
vn -0.7447 -0.4092 0.5272
vn -0.5900 -0.6952 0.4106
vn -0.0375 0.8476 0.5293
vn -0.0916 0.7561 0.6480
vn -0.1159 0.9931 0.0204
vn 0.0103 -0.9431 -0.3322
vn 0.3800 -0.9038 0.1970
vn 0.5868 0.6448 0.4899
vn 0.8527 -0.5206 0.0434
vn 0.0202 -0.9994 0.0273
vn -0.5948 -0.0339 -0.8031
vn -0.8036 -0.0000 0.5952
vn -0.2432 -0.9666 -0.0805
vn 0.2432 0.9666 0.0805
vn -0.9177 0.2561 -0.3036
vn 0.3141 -0.0000 -0.9494
vn -0.3141 -0.0000 0.9494
vn -0.0727 -0.9970 -0.0246
vn 0.0727 0.9970 0.0246
vn -0.9447 0.0768 -0.3190
vn 0.9447 -0.0768 0.3190
vn 0.3199 -0.0000 -0.9475
vn 0.3199 -0.0000 -0.9474
vn -0.2590 -0.9643 0.0555
vn 0.2590 0.9643 -0.0555
vn -0.9429 0.2648 0.2020
vn -0.2094 -0.0000 -0.9778
vn 0.0857 -0.9957 0.0353
vn -0.0857 0.9957 -0.0353
vn 0.9209 0.0927 0.3787
vn -0.9209 -0.0927 -0.3787
vn 0.3803 -0.0000 -0.9249
vn -0.3803 -0.0000 0.9249
vn -0.3803 -0.0000 0.9248
vn 0.3402 -0.9336 -0.1122
vn 0.8867 0.3582 -0.2924
vn -0.8867 -0.3582 0.2924
vn -0.3131 -0.0000 -0.9497
vn 0.3131 -0.0000 0.9497
vn 0.1615 -0.0083 -0.9868
vn -0.7070 -0.0088 -0.7071
vn -0.4546 -0.0088 -0.8906
vn -0.9872 -0.0097 -0.1595
vn -0.8878 -0.0097 -0.4602
vn -0.8976 -0.0085 0.4407
vn -0.9881 -0.0085 0.1537
vn -0.4658 -0.0080 0.8848
vn -0.7028 -0.0080 0.7113
vn 0.1529 -0.0093 0.9882
vn -0.1586 -0.0094 0.9873
vn 0.6948 -0.0084 0.7192
vn 0.4361 -0.0077 0.8999
vn 0.9886 -0.0077 0.1504
vn 0.8885 -0.0081 0.4588
vn 0.8905 -0.0087 -0.4548
vn 0.9890 -0.0087 -0.1475
vn 0.4565 -0.0086 -0.8897
vn 0.7084 -0.0086 -0.7057
vn -0.1445 -0.0083 -0.9895
vn 0.3803 -0.0000 -0.9248
vt 2.500000 2.500000
vt 2.548847 2.464511
vt 2.480533 2.440085
vt 0.866395 0.233801
vt 0.841935 0.251572
vt 0.875528 0.295375
vt 0.500000 0.500000
vt 0.480533 0.440085
vt 0.435914 0.500000
vt 0.483137 0.551899
vt 0.548848 0.535490
vt 0.889234 0.259650
vt 2.353981 2.050590
vt 2.412258 2.030519
vt 2.380759 2.010677
vt 0.019307 0.500000
vt 0.051902 0.441694
vt 0.008968 0.463041
vt 0.373516 0.889284
vt 0.330426 0.856904
vt 0.336939 0.897498
vt 2.866402 2.766204
vt 2.840719 2.822353
vt 2.876163 2.819058
vt 0.861642 0.193258
vt 0.353980 0.050590
vt 0.380759 0.010677
vt 0.316344 0.052296
vt 0.009642 0.536909
vt 0.398011 0.918527
vt 2.871800 2.729585
vt 0.648515 0.042910
vt 0.691510 0.096926
vt 0.638600 0.073425
vt 0.116369 0.221279
vt 0.175021 0.192538
vt 0.141980 0.239886
vt 0.141308 0.760602
vt 0.109092 0.713006
vt 0.165254 0.743205
vt 0.639566 0.929547
vt 0.573703 0.894363
vt 0.630249 0.900871
vt 0.928253 0.500000
vt 0.929175 0.555844
vt 0.899663 0.500000
vt 0.557095 0.500000
vt 0.518607 0.557267
vt 0.620250 0.500000
vt 0.584155 0.561142
vt 0.686576 0.500000
vt 0.633594 0.555025
vt 0.751720 0.500000
vt 0.708251 0.559854
vt 0.810961 0.500000
vt 0.783152 0.562495
vt 0.860749 0.500000
vt 0.845741 0.561936
vt 0.893755 0.559357
vt 0.539189 0.620612
vt 0.616130 0.636519
vt 0.560804 0.687139
vt 0.683200 0.633102
vt 0.644462 0.713890
vt 0.582034 0.752480
vt 0.722732 0.617097
vt 0.718793 0.713270
vt 0.669816 0.788911
vt 0.601340 0.811899
vt 0.777565 0.614326
vt 0.778500 0.702342
vt 0.741280 0.783642
vt 0.684697 0.845094
vt 0.617566 0.861839
vt 0.836791 0.614028
vt 0.806721 0.677617
vt 0.807846 0.776464
vt 0.754478 0.841352
vt 0.693826 0.887529
vt 0.883439 0.610205
vt 0.829332 0.658533
vt 0.848468 0.753176
vt 0.816715 0.831361
vt 0.765978 0.893806
vt 0.699275 0.919417
vt 0.452180 0.534743
vt 0.470948 0.589410
vt 0.488237 0.653348
vt 0.507408 0.715979
vt 0.526366 0.771172
vt 0.544651 0.824130
vt 0.560515 0.864469
vt 0.399283 0.573174
vt 0.419189 0.631283
vt 0.343730 0.613535
vt 0.436757 0.694639
vt 0.355772 0.684836
vt 0.289167 0.653177
vt 0.455325 0.760467
vt 0.386516 0.729941
vt 0.301385 0.724068
vt 0.239549 0.689226
vt 0.475560 0.818608
vt 0.403857 0.795891
vt 0.332101 0.772765
vt 0.254629 0.755476
vt 0.197848 0.719524
vt 0.495411 0.872920
vt 0.424476 0.853047
vt 0.356858 0.822623
vt 0.278898 0.812324
vt 0.213649 0.782107
vt 0.513638 0.897652
vt 0.447570 0.887496
vt 0.379703 0.870229
vt 0.318169 0.837766
vt 0.234454 0.840312
vt 0.180421 0.802353
vt 0.448855 0.462841
vt 0.389595 0.500000
vt 0.336083 0.539697
vt 0.279026 0.580272
vt 0.223720 0.620436
vt 0.174065 0.657868
vt 0.135523 0.689146
vt 0.392281 0.421738
vt 0.329093 0.458610
vt 0.332865 0.378571
vt 0.259655 0.500000
vt 0.249308 0.408932
vt 0.274509 0.336173
vt 0.210854 0.542015
vt 0.209948 0.457853
vt 0.194131 0.366665
vt 0.221441 0.297618
vt 0.159434 0.582478
vt 0.134628 0.500000
vt 0.144911 0.414005
vt 0.154950 0.332873
vt 0.176840 0.265213
vt 0.119179 0.618577
vt 0.099092 0.541610
vt 0.098611 0.458340
vt 0.080443 0.369362
vt 0.123093 0.304403
vt 0.093152 0.647794
vt 0.073761 0.577419
vt 0.042835 0.500000
vt 0.070156 0.421926
vt 0.038437 0.332329
vt 0.099104 0.281552
vt 0.519800 0.439061
vt 0.466461 0.396780
vt 0.410169 0.354063
vt 0.344124 0.300237
vt 0.289748 0.262804
vt 0.244769 0.234257
vt 0.206115 0.210471
vt 0.541701 0.371654
vt 0.486794 0.327837
vt 0.564703 0.300862
vt 0.426989 0.275298
vt 0.508438 0.253984
vt 0.587294 0.231331
vt 0.368743 0.234048
vt 0.447738 0.195297
vt 0.529860 0.192891
vt 0.607838 0.168102
vt 0.313361 0.196790
vt 0.389008 0.158408
vt 0.472561 0.142301
vt 0.550618 0.132553
vt 0.625105 0.114960
vt 0.260331 0.161448
vt 0.337520 0.133790
vt 0.411456 0.086087
vt 0.494854 0.081783
vt 0.569225 0.083070
vt 0.213008 0.132203
vt 0.289919 0.109757
vt 0.361123 0.072588
vt 0.439372 0.051918
vt 0.515535 0.047044
vt 0.584786 0.046338
vt 0.584153 0.438859
vt 0.612643 0.367579
vt 0.627276 0.311556
vt 0.652344 0.240814
vt 0.671342 0.179859
vt 0.683854 0.132408
vt 0.653291 0.436862
vt 0.683196 0.366901
vt 0.711290 0.439273
vt 0.710888 0.294434
vt 0.747767 0.369741
vt 0.766469 0.441187
vt 0.734037 0.224872
vt 0.778494 0.297662
vt 0.818489 0.368818
vt 0.819524 0.442761
vt 0.731432 0.189561
vt 0.794004 0.235967
vt 0.826459 0.310953
vt 0.861704 0.377537
vt 0.863910 0.445142
vt 0.734335 0.153045
vt 0.809397 0.176295
vt 0.848462 0.246829
vt 0.881834 0.316193
vt 0.889017 0.388192
vt 0.896504 0.448407
vt 0.958606 0.534519
vt 0.970092 0.572541
vt 0.936499 0.594365
vt 0.959857 0.609179
vt 0.920757 0.629172
vt 0.930766 0.639962
vt 0.901939 0.661966
vt 0.896724 0.665495
vt 0.886351 0.694924
vt 0.875038 0.692969
vt 0.893976 0.741190
vt 0.871800 0.729585
vt 0.896224 0.787871
vt 0.877843 0.646379
vt 0.870584 0.682893
vt 0.861554 0.716888
vt 0.892950 0.738265
vt 0.893251 0.785712
vt 0.865167 0.817896
vt 0.909651 0.797627
vt 0.897186 0.842468
vt 0.859255 0.868556
vt 0.812138 0.883035
vt 0.898417 0.840578
vt 0.876643 0.879646
vt 0.843074 0.909616
vt 0.801807 0.929959
vt 0.758611 0.944358
vt 0.876163 0.819058
vt 0.867044 0.864136
vt 0.848445 0.905906
vt 0.818201 0.937965
vt 0.787788 0.972287
vt 0.733760 0.963324
vt 0.684001 0.948544
vt 0.602904 0.922283
vt 0.570790 0.935744
vt 0.542369 0.917057
vt 0.536178 0.945386
vt 0.507313 0.948964
vt 0.500000 0.970267
vt 0.468262 0.959891
vt 0.462935 0.956307
vt 0.429933 0.954057
vt 0.428530 0.939931
vt 0.393326 0.945189
vt 0.363221 0.920967
vt 0.476107 0.930456
vt 0.436643 0.936008
vt 0.405212 0.911919
vt 0.395178 0.945835
vt 0.364245 0.917808
vt 0.336549 0.884293
vt 0.358584 0.935233
vt 0.324232 0.918764
vt 0.299699 0.880992
vt 0.266449 0.862076
vt 0.325567 0.920602
vt 0.295304 0.897823
vt 0.254902 0.891444
vt 0.213270 0.881424
vt 0.193713 0.842548
vt 0.304908 0.886683
vt 0.261247 0.891816
vt 0.212181 0.896149
vt 0.177371 0.875833
vt 0.159415 0.837887
vt 0.134804 0.809756
vt 0.107746 0.742215
vt 0.063816 0.724431
vt 0.076079 0.686978
vt 0.042741 0.690747
vt 0.041736 0.657195
vt 0.020363 0.655841
vt 0.012088 0.622121
vt 0.010299 0.616265
vt -0.001664 0.581499
vt 0.012944 0.575158
vt -0.019265 0.541094
vt -0.019816 0.500000
vt 0.049978 0.619094
vt 0.019250 0.582454
vt 0.024583 0.541938
vt -0.017445 0.543171
vt -0.015916 0.500000
vt 0.023933 0.458004
vt -0.037432 0.500000
vt -0.018133 0.456772
vt 0.016326 0.417044
vt 0.021723 0.373428
vt -0.019963 0.458850
vt -0.004040 0.418114
vt -0.012212 0.371797
vt -0.015486 0.323176
vt 0.032787 0.293927
vt 0.011084 0.424555
vt -0.008613 0.379245
vt -0.033575 0.326634
vt -0.013285 0.285881
vt 0.047936 0.267398
vt 0.088215 0.245725
vt 0.131393 0.187351
vt 0.149845 0.152619
vt 0.176544 0.138250
vt 0.155898 0.099153
vt 0.189695 0.087216
vt 0.188306 0.070991
vt 0.229014 0.067211
vt 0.233709 0.062992
vt 0.262674 0.038762
vt 0.273943 0.051944
vt 0.303478 0.026137
vt 0.342095 0.014013
vt 0.243888 0.102949
vt 0.268000 0.058714
vt 0.315545 0.066325
vt 0.301879 0.027982
vt 0.343277 0.017660
vt 0.389037 0.017793
vt 0.336742 -0.002456
vt 0.377356 -0.021631
vt 0.426433 -0.006269
vt 0.473371 0.020252
vt 0.375248 -0.020635
vt 0.418393 -0.028839
vt 0.464478 -0.014722
vt 0.508286 -0.008684
vt 0.547925 0.028256
vt 0.416568 -0.013562
vt 0.458294 -0.013435
vt 0.500000 -0.029712
vt 0.541209 -0.007323
vt 0.580884 0.002122
vt 0.617449 0.018032
vt 0.684481 0.050285
vt 0.721209 0.061552
vt 0.732754 0.100071
vt 0.755641 0.080469
vt 0.767376 0.119091
vt 0.785679 0.106797
vt 0.831109 0.104669
vt 0.838872 0.105246
vt 0.865440 0.131646
vt 0.854986 0.147826
vt 0.882614 0.172930
vt 0.896216 0.212135
vt 0.797891 0.134447
vt 0.849764 0.141179
vt 0.849608 0.195649
vt 0.880867 0.171602
vt 0.893243 0.214293
vt 0.881391 0.271212
vt 0.909643 0.202379
vt 0.913360 0.249359
vt 0.925838 0.289837
vt 0.924033 0.335727
vt 0.913409 0.246913
vt 0.939552 0.278234
vt 0.957800 0.315523
vt 0.936878 0.365878
vt 0.909286 0.411518
vt 0.922354 0.282685
vt 0.957039 0.309345
vt 0.956240 0.351761
vt 0.939712 0.395604
vt 0.934350 0.432975
vt 0.926702 0.467883
vt 0.650926 0.964508
vt 0.697265 0.975654
vt 0.746669 0.979397
vt 0.792881 0.967756
vt 0.812339 0.915490
vt 0.832258 0.871594
vt 0.607234 0.947526
vt 0.656043 0.980249
vt 0.569556 0.950741
vt 0.699206 0.974602
vt 0.604941 0.946338
vt 0.530792 0.946178
vt 0.742681 0.961604
vt 0.649797 0.961022
vt 0.563036 0.933798
vt 0.492571 0.956094
vt 0.775757 0.927507
vt 0.685853 0.936963
vt 0.594517 0.910740
vt 0.523070 0.915623
vt 0.457190 0.921400
vt 0.840719 0.822353
vt 0.786444 0.867094
vt 0.721282 0.911051
vt 0.632739 0.908522
vt 0.552244 0.886119
vt 0.485954 0.909535
vt 0.425161 0.900442
vt 0.112114 0.781813
vt 0.113947 0.830010
vt 0.151684 0.851094
vt 0.181549 0.880219
vt 0.232243 0.881453
vt 0.287653 0.864866
vt 0.081923 0.755945
vt 0.098969 0.791364
vt 0.047999 0.728046
vt 0.116192 0.830935
vt 0.080364 0.754447
vt 0.041178 0.684889
vt 0.168733 0.839845
vt 0.115025 0.779701
vt 0.064352 0.715005
vt 0.033923 0.643086
vt 0.209782 0.856139
vt 0.148398 0.806089
vt 0.111254 0.733201
vt 0.073090 0.665389
vt 0.041664 0.599087
vt 0.269247 0.841651
vt 0.208507 0.804974
vt 0.158864 0.747849
vt 0.111577 0.686978
vt 0.078634 0.621105
vt 2.078634 2.621105
vt 2.052888 2.558178
vt 2.041664 2.599087
vt 0.052888 0.558178
vt 0.085146 0.198593
vt 0.062355 0.232076
vt 0.028720 0.262227
vt -0.018848 0.290923
vt -0.011900 0.342846
vt 0.030932 0.398593
vt 0.110706 0.167220
vt 0.071087 0.188378
vt 0.140433 0.137565
vt 0.062002 0.234419
vt 0.113229 0.166511
vt 0.158606 0.092389
vt 0.042206 0.274066
vt 0.088259 0.200853
vt 0.156553 0.147659
vt 0.209645 0.086354
vt 0.014972 0.312096
vt 0.095507 0.257352
vt 0.145751 0.191607
vt 0.187540 0.116567
vt 0.259434 0.086647
vt 0.043716 0.368859
vt 0.087724 0.301539
vt 0.135146 0.234919
vt 0.196517 0.182482
vt 0.248996 0.128366
vt 0.304957 0.089490
vt 0.660604 0.005708
vt 0.622605 -0.011673
vt 0.579264 -0.013650
vt 0.535157 -0.009429
vt 0.491679 -0.010843
vt 0.451319 0.020812
vt 0.697060 0.024840
vt 0.666048 -0.011043
vt 0.731999 0.049115
vt 0.620224 -0.011341
vt 0.698287 0.027585
vt 0.758764 0.086731
vt 0.571624 0.007102
vt 0.659402 0.009417
vt 0.726603 0.068978
vt 0.785379 0.120374
vt 0.526354 0.025208
vt 2.526354 2.025208
vt 2.608453 2.028698
vt 2.571624 2.007102
vt 0.608453 0.028698
vt 0.684138 0.067070
vt 0.742920 0.123401
vt 0.825507 0.135956
vt 0.412258 0.030519
vt 0.484340 0.043408
vt 0.559183 0.062598
vt 0.641251 0.065284
vt 0.704899 0.119382
vt 0.767255 0.157497
vt 0.826722 0.190889
vt 0.963108 0.500000
vt 0.952007 0.464228
vt 0.947593 0.427285
vt 0.940403 0.389771
vt 0.942498 0.348213
vt 0.922769 0.313530
vt 0.986733 0.538520
vt 0.978802 0.500000
vt 0.984587 0.578725
vt 0.950740 0.462394
vt 0.986202 0.540564
vt 0.954337 0.613717
vt 0.928932 0.426433
vt 0.959633 0.500000
vt 0.964269 0.579627
vt 0.910176 0.640700
vt 0.909242 0.391698
vt 0.914616 0.463425
vt 0.947954 0.539516
vt 0.914959 0.609815
vt 0.862280 0.659790
vt 0.898894 0.355095
vt 0.880216 0.430940
vt 0.907292 0.500000
vt 0.911290 0.574704
vt 0.863279 0.631967
vt 0.844522 0.687730
vt 0.866402 0.766204
vt 0.841942 0.748432
vt 0.808647 0.724243
vt 0.808126 0.803559
vt 0.766049 0.693294
vt 0.766534 0.777512
vt 0.715364 0.656470
vt 0.715342 0.742939
vt 0.659629 0.615976
vt 0.655578 0.699382
vt 0.602882 0.574747
vt 0.597102 0.657751
vt 0.532056 0.598658
vt 0.747995 0.850313
vt 0.701747 0.827755
vt 0.664611 0.871013
vt 2.715364 2.656470
vt 2.655578 2.699382
vt 2.715342 2.742939
vt 0.635060 0.773658
vt 0.606086 0.826496
vt 0.574551 0.848503
vt 0.569784 0.714772
vt 0.544136 0.757329
vt 0.523798 0.810241
vt 0.504534 0.868461
vt 2.602882 2.574747
vt 2.532056 2.598658
vt 2.597102 2.657751
vt 0.511454 0.649321
vt 0.492371 0.722434
vt 0.473283 0.774781
vt 0.455180 0.825359
vt 0.438844 0.868329
vt 0.464485 0.609306
vt 2.464485 2.609306
vt 2.444896 2.669597
vt 2.511454 2.649322
vt 2.492371 2.722434
vt 0.444895 0.669597
vt 0.425655 0.728813
vt 0.408159 0.782663
vt 2.473283 2.774781
vt 2.408159 2.782663
vt 2.455180 2.825359
vt 0.393454 0.827922
vt 0.381960 0.863295
vt 0.337816 0.824264
vt 0.348090 0.783833
vt 0.360337 0.737610
vt 0.374670 0.685563
vt 0.392385 0.626509
vt 0.417616 0.559855
vt 0.267101 0.812405
vt 0.276410 0.762846
vt 0.206879 0.763238
vt 0.296192 0.698663
vt 0.227360 0.698084
vt 0.162996 0.695152
vt 0.320655 0.630301
vt 0.243082 0.635069
vt 2.243082 2.635069
vt 2.181204 2.631307
vt 2.227360 2.698084
vt 0.181204 0.631307
vt 0.124053 0.627284
vt 0.346561 0.563199
vt 0.271137 0.565778
vt 2.320655 2.630301
vt 2.271137 2.565778
vt 0.201831 0.565809
vt 0.141828 0.564162
vt 0.091790 0.561535
vt 0.365026 0.500000
vt 0.290577 0.500000
vt 0.217456 0.500000
vt 0.150962 0.500000
vt 0.095077 0.500000
vt 0.051397 0.500000
vt 0.090387 0.438253
vt 0.139039 0.435338
vt 0.193994 0.432461
vt 0.252175 0.428772
vt 0.327230 0.428838
vt 0.411888 0.435982
vt 0.078193 0.357188
vt 0.141040 0.352149
vt 2.141040 2.352149
vt 2.152755 2.298918
vt 2.078193 2.357188
vt 0.152755 0.298918
vt 2.135146 2.234920
vt 2.087723 2.301539
vt 0.235095 0.360731
vt 0.208405 0.288144
vt 2.208405 2.288144
vt 0.204253 0.234403
vt 2.204253 2.234403
vt 2.196517 2.182482
vt 0.308186 0.360639
vt 2.308186 2.360639
vt 2.291328 2.296595
vt 2.235095 2.360731
vt 0.291328 0.296595
vt 0.261035 0.219079
vt 0.247920 0.161866
vt 0.384984 0.364790
vt 0.363670 0.298151
vt 2.363671 2.298151
vt 0.342298 0.231700
vt 0.324367 0.171842
vt 0.312166 0.124452
vt 0.458999 0.373811
vt 0.436384 0.304208
vt 0.414173 0.235846
vt 0.393974 0.173679
vt 0.376997 0.121430
vt 0.363729 0.080593
vt 0.814344 0.663130
vt 0.843212 0.606866
vt 0.880766 0.539520
vt 0.851218 0.463547
vt 0.858199 0.388467
vt 0.852317 0.317164
vt 0.776539 0.633943
vt 0.818812 0.577209
vt 0.736808 0.603229
vt 0.825513 0.500000
vt 0.778655 0.540490
vt 0.697310 0.571676
vt 2.858198 2.388467
vt 2.806294 2.425822
vt 2.851218 2.463547
vt 0.806294 0.425822
vt 0.757560 0.462574
vt 0.714125 0.500000
vt 0.653446 0.537161
vt 0.819960 0.345025
vt 0.775815 0.379766
vt 0.716655 0.421296
vt 0.647422 0.464297
vt 0.598361 0.500000
vt 0.808641 0.275762
vt 0.766044 0.306710
vt 0.715360 0.343533
vt 0.659626 0.384026
vt 0.602880 0.425254
vt 0.548847 0.464511
vt 0.428543 0.069632
vt 0.448111 0.123328
vt 2.414172 2.235846
vt 2.469691 2.188268
vt 2.393974 2.173678
vt 0.491495 0.252009
vt 0.513059 0.329761
vt 0.534112 0.395016
vt 0.505130 0.083097
vt 0.469691 0.188268
vt 0.527132 0.146299
vt 0.585854 0.098665
vt 0.550584 0.205087
vt 0.612890 0.152570
vt 0.660924 0.137298
vt 0.574260 0.271457
vt 2.491495 2.252009
vt 2.574260 2.271457
vt 2.550584 2.205087
vt 0.628563 0.239508
vt 0.678836 0.209468
vt 0.720309 0.188797
vt 0.586075 0.360165
vt 0.645157 0.313974
vt 0.710730 0.262265
vt 0.760178 0.229107
vt 0.797600 0.206811
vt 0.900000 0.100000
vt 0.100000 0.900000
vt 0.100000 0.100000
vt 0.000000 1.000000
vt 1.000000 0.000000
vt 0.000000 0.000000
vt 0.900000 0.900000
vt 2.900000 2.100000
vt 2.100000 2.900000
vt 2.100000 2.100000
vt 1.000000 1.000000
vt 2.900000 2.900000
vt 0.000000 0.075000
vt 0.050000 0.323672
vt 0.050000 0.075000
vt 0.100000 0.075000
vt 0.150000 0.294325
vt 0.150000 0.075000
vt 0.200000 0.075000
vt 0.250000 0.292624
vt 0.250000 0.075000
vt 0.300000 0.075000
vt 0.350000 0.310705
vt 0.350000 0.075000
vt 0.400000 0.075000
vt 0.450000 0.300858
vt 0.450000 0.075000
vt 0.500000 0.075000
vt 0.550000 0.288845
vt 0.550000 0.075000
vt 0.600000 0.075000
vt 0.600000 0.338737
vt 0.650000 0.075000
vt 0.700000 0.347791
vt 0.700000 0.075000
vt 0.750000 0.329279
vt 0.750000 0.075000
vt 0.800000 0.075000
vt 0.850000 0.322191
vt 0.850000 0.075000
vt 0.900000 0.075000
vt 0.950000 0.306165
vt 0.950000 0.075000
vt 1.000000 0.075000
vt 2.500000 2.900000
vt 0.000000 0.342592
vt 0.100000 0.327190
vt 0.200000 0.304534
vt 0.300000 0.335504
vt 0.400000 0.351942
vt 0.500000 0.312702
vt 0.650000 0.361954
vt 0.800000 0.330070
vt 0.900000 0.332946
vt 1.000000 0.342592
s 1
f 1/1/1 20/2/1 19/3/1
f 2/4/2 26/5/2 40/6/2
f 1/7/3 19/8/3 54/9/3
f 1/7/4 54/9/4 68/10/4
f 1/7/5 68/10/5 41/11/5
f 2/4/6 40/6/6 89/12/6
f 3/13/7 33/14/7 103/15/7
f 4/16/8 61/17/8 117/18/8
f 5/19/9 75/20/10 131/21/11
f 6/22/12 82/23/13 145/24/14
f 2/4/15 89/12/15 104/25/15
f 3/26/16 103/27/16 118/28/16
f 4/16/17 117/18/17 132/29/17
f 5/19/18 131/21/18 146/30/18
f 6/22/19 145/24/19 90/31/19
f 7/32/20 159/33/20 194/34/20
f 8/35/21 166/36/21 208/37/21
f 9/38/22 173/39/22 215/40/22
f 10/41/23 180/42/24 222/43/25
f 11/44/26 187/45/26 195/46/26
f 201/47/27 216/48/27 12/7/27
f 200/49/28 223/50/29 201/47/30
f 199/51/31 224/52/31 200/49/31
f 198/53/32 226/54/32 199/51/32
f 197/55/33 229/56/33 198/53/33
f 196/57/34 233/58/34 197/55/34
f 195/46/35 238/59/35 196/57/35
f 201/47/30 223/50/29 216/48/36
f 223/50/37 217/60/37 216/48/37
f 200/49/38 224/52/38 223/50/38
f 224/52/39 225/61/39 223/50/39
f 223/50/40 225/61/41 217/60/41
f 225/61/41 218/62/42 217/60/41
f 199/51/43 226/54/43 224/52/43
f 226/54/44 227/63/44 224/52/44
f 224/52/45 227/63/45 225/61/45
f 227/63/46 228/64/47 225/61/48
f 225/61/48 228/64/47 218/62/49
f 228/64/50 219/65/51 218/62/52
f 198/53/53 229/56/53 226/54/53
f 229/56/54 230/66/54 226/54/54
f 226/54/55 230/66/55 227/63/55
f 230/66/56 231/67/56 227/63/56
f 227/63/57 231/67/57 228/64/57
f 231/67/58 232/68/58 228/64/58
f 228/64/59 232/68/59 219/65/59
f 232/68/60 220/69/60 219/65/60
f 197/55/61 233/58/61 229/56/61
f 233/58/62 234/70/62 229/56/62
f 229/56/63 234/70/63 230/66/63
f 234/70/64 235/71/64 230/66/64
f 230/66/65 235/71/65 231/67/65
f 235/71/66 236/72/66 231/67/66
f 231/67/67 236/72/67 232/68/67
f 236/72/68 237/73/68 232/68/68
f 232/68/69 237/73/69 220/69/69
f 237/73/70 221/74/70 220/69/70
f 196/57/71 238/59/71 233/58/71
f 238/59/72 239/75/72 233/58/72
f 233/58/73 239/75/74 234/70/75
f 239/75/74 240/76/76 234/70/75
f 234/70/77 240/76/77 235/71/77
f 240/76/78 241/77/78 235/71/78
f 235/71/79 241/77/79 236/72/79
f 241/77/80 242/78/80 236/72/80
f 236/72/81 242/78/81 237/73/81
f 242/78/82 243/79/82 237/73/82
f 237/73/83 243/79/83 221/74/83
f 243/79/84 222/43/84 221/74/84
f 195/46/85 187/45/85 238/59/85
f 187/45/86 186/80/86 238/59/86
f 238/59/87 186/80/87 239/75/87
f 186/80/88 185/81/88 239/75/88
f 239/75/89 185/81/89 240/76/89
f 185/81/90 184/82/90 240/76/90
f 240/76/91 184/82/92 241/77/93
f 184/82/92 183/83/94 241/77/93
f 241/77/95 183/83/95 242/78/95
f 183/83/96 182/84/96 242/78/96
f 242/78/97 182/84/97 243/79/97
f 182/84/98 181/85/99 243/79/100
f 243/79/101 181/85/101 222/43/101
f 181/85/102 10/41/102 222/43/102
f 216/48/103 209/86/103 12/7/103
f 217/60/104 244/87/104 216/48/104
f 218/62/105 245/88/105 217/60/105
f 219/65/51 247/89/106 218/62/52
f 220/69/107 250/90/107 219/65/107
f 221/74/108 254/91/108 220/69/108
f 222/43/109 259/92/109 221/74/109
f 216/48/110 244/87/110 209/86/110
f 244/87/111 210/93/111 209/86/111
f 217/60/112 245/88/112 244/87/112
f 245/88/113 246/94/113 244/87/113
f 244/87/114 246/94/114 210/93/114
f 246/94/115 211/95/115 210/93/115
f 218/62/116 247/89/116 245/88/116
f 247/89/117 248/96/118 245/88/119
f 245/88/119 248/96/118 246/94/120
f 248/96/121 249/97/122 246/94/123
f 246/94/124 249/97/125 211/95/126
f 249/97/125 212/98/127 211/95/126
f 219/65/128 250/90/128 247/89/128
f 250/90/129 251/99/129 247/89/129
f 247/89/117 251/99/130 248/96/118
f 251/99/131 252/100/132 248/96/121
f 248/96/121 252/100/132 249/97/122
f 252/100/133 253/101/133 249/97/133
f 249/97/134 253/101/134 212/98/134
f 253/101/135 213/102/135 212/98/135
f 220/69/136 254/91/136 250/90/136
f 254/91/137 255/103/137 250/90/137
f 250/90/138 255/103/139 251/99/140
f 255/103/139 256/104/141 251/99/140
f 251/99/142 256/104/142 252/100/142
f 256/104/143 257/105/143 252/100/143
f 252/100/144 257/105/144 253/101/144
f 257/105/145 258/106/145 253/101/145
f 253/101/146 258/106/146 213/102/146
f 258/106/147 214/107/147 213/102/147
f 221/74/148 259/92/148 254/91/148
f 259/92/149 260/108/149 254/91/149
f 254/91/150 260/108/150 255/103/150
f 260/108/151 261/109/151 255/103/151
f 255/103/152 261/109/152 256/104/152
f 261/109/153 262/110/153 256/104/153
f 256/104/154 262/110/154 257/105/154
f 262/110/155 263/111/155 257/105/155
f 257/105/156 263/111/156 258/106/156
f 263/111/157 264/112/157 258/106/157
f 258/106/158 264/112/159 214/107/160
f 264/112/159 215/40/161 214/107/160
f 222/43/25 180/42/24 259/92/162
f 180/42/163 179/113/163 259/92/163
f 259/92/164 179/113/164 260/108/164
f 179/113/165 178/114/165 260/108/165
f 260/108/166 178/114/166 261/109/166
f 178/114/167 177/115/167 261/109/167
f 261/109/168 177/115/168 262/110/168
f 177/115/169 176/116/169 262/110/169
f 262/110/170 176/116/170 263/111/170
f 176/116/171 175/117/171 263/111/171
f 263/111/172 175/117/172 264/112/172
f 175/117/173 174/118/174 264/112/175
f 264/112/176 174/118/176 215/40/176
f 174/118/177 9/38/177 215/40/177
f 209/86/178 202/119/178 12/7/178
f 210/93/179 265/120/179 209/86/179
f 211/95/180 266/121/180 210/93/180
f 212/98/181 268/122/182 211/95/183
f 213/102/184 271/123/184 212/98/184
f 214/107/185 275/124/186 213/102/187
f 215/40/188 280/125/188 214/107/188
f 209/86/189 265/120/189 202/119/189
f 265/120/190 203/126/190 202/119/190
f 210/93/191 266/121/191 265/120/191
f 266/121/192 267/127/192 265/120/192
f 265/120/193 267/127/193 203/126/193
f 267/127/194 204/128/194 203/126/194
f 211/95/183 268/122/182 266/121/195
f 268/122/196 269/129/196 266/121/196
f 266/121/197 269/129/197 267/127/197
f 269/129/198 270/130/198 267/127/198
f 267/127/199 270/130/199 204/128/199
f 270/130/200 205/131/200 204/128/200
f 212/98/201 271/123/201 268/122/201
f 271/123/202 272/132/203 268/122/204
f 268/122/204 272/132/203 269/129/205
f 272/132/206 273/133/206 269/129/206
f 269/129/207 273/133/207 270/130/207
f 273/133/208 274/134/208 270/130/208
f 270/130/209 274/134/209 205/131/209
f 274/134/210 206/135/210 205/131/210
f 213/102/211 275/124/211 271/123/211
f 275/124/212 276/136/212 271/123/212
f 271/123/213 276/136/213 272/132/213
f 276/136/214 277/137/214 272/132/214
f 272/132/215 277/137/215 273/133/215
f 277/137/216 278/138/216 273/133/216
f 273/133/217 278/138/217 274/134/217
f 278/138/218 279/139/218 274/134/218
f 274/134/219 279/139/219 206/135/219
f 279/139/220 207/140/221 206/135/222
f 214/107/185 280/125/223 275/124/186
f 280/125/224 281/141/224 275/124/224
f 275/124/225 281/141/225 276/136/225
f 281/141/226 282/142/226 276/136/226
f 276/136/227 282/142/227 277/137/227
f 282/142/228 283/143/228 277/137/228
f 277/137/229 283/143/229 278/138/229
f 283/143/230 284/144/230 278/138/230
f 278/138/231 284/144/231 279/139/231
f 284/144/232 285/145/232 279/139/232
f 279/139/233 285/145/233 207/140/233
f 285/145/234 208/37/234 207/140/234
f 215/40/235 173/39/235 280/125/235
f 173/39/236 172/146/236 280/125/236
f 280/125/237 172/146/237 281/141/237
f 172/146/238 171/147/238 281/141/238
f 281/141/239 171/147/239 282/142/239
f 171/147/240 170/148/240 282/142/240
f 282/142/241 170/148/242 283/143/243
f 170/148/242 169/149/244 283/143/243
f 283/143/245 169/149/245 284/144/245
f 169/149/246 168/150/246 284/144/246
f 284/144/247 168/150/247 285/145/247
f 168/150/248 167/151/248 285/145/248
f 285/145/249 167/151/249 208/37/249
f 167/151/250 8/35/250 208/37/250
f 202/119/251 188/152/251 12/7/251
f 203/126/252 286/153/253 202/119/254
f 204/128/255 287/154/255 203/126/255
f 205/131/256 289/155/256 204/128/256
f 206/135/257 292/156/257 205/131/257
f 207/140/221 296/157/258 206/135/222
f 208/37/259 301/158/259 207/140/259
f 202/119/260 286/153/260 188/152/260
f 286/153/261 189/159/261 188/152/261
f 203/126/252 287/154/262 286/153/253
f 287/154/263 288/160/264 286/153/265
f 286/153/265 288/160/264 189/159/266
f 288/160/267 190/161/267 189/159/267
f 204/128/268 289/155/268 287/154/268
f 289/155/269 290/162/269 287/154/269
f 287/154/270 290/162/270 288/160/270
f 290/162/271 291/163/271 288/160/271
f 288/160/272 291/163/272 190/161/272
f 291/163/273 191/164/273 190/161/273
f 205/131/274 292/156/274 289/155/274
f 292/156/275 293/165/275 289/155/275
f 289/155/276 293/165/277 290/162/278
f 293/165/277 294/166/279 290/162/278
f 290/162/280 294/166/280 291/163/280
f 294/166/281 295/167/281 291/163/281
f 291/163/282 295/167/282 191/164/282
f 295/167/283 192/168/283 191/164/283
f 206/135/284 296/157/285 292/156/286
f 296/157/285 297/169/287 292/156/286
f 292/156/288 297/169/289 293/165/290
f 297/169/289 298/170/291 293/165/290
f 293/165/292 298/170/292 294/166/292
f 298/170/293 299/171/293 294/166/293
f 294/166/294 299/171/294 295/167/294
f 299/171/295 300/172/295 295/167/295
f 295/167/296 300/172/296 192/168/296
f 300/172/297 193/173/297 192/168/297
f 207/140/298 301/158/298 296/157/298
f 301/158/299 302/174/299 296/157/299
f 296/157/300 302/174/300 297/169/300
f 302/174/301 303/175/302 297/169/303
f 297/169/304 303/175/305 298/170/306
f 303/175/305 304/176/307 298/170/306
f 298/170/308 304/176/308 299/171/308
f 304/176/309 305/177/309 299/171/309
f 299/171/310 305/177/310 300/172/310
f 305/177/311 306/178/311 300/172/311
f 300/172/312 306/178/312 193/173/312
f 306/178/313 194/34/313 193/173/313
f 208/37/314 166/36/314 301/158/314
f 166/36/315 165/179/315 301/158/315
f 301/158/316 165/179/316 302/174/316
f 165/179/317 164/180/317 302/174/317
f 302/174/301 164/180/318 303/175/302
f 164/180/318 163/181/319 303/175/302
f 303/175/320 163/181/320 304/176/320
f 163/181/321 162/182/321 304/176/321
f 304/176/322 162/182/322 305/177/322
f 162/182/323 161/183/323 305/177/323
f 305/177/324 161/183/324 306/178/324
f 161/183/325 160/184/325 306/178/325
f 306/178/326 160/184/326 194/34/326
f 160/184/327 7/32/327 194/34/327
f 188/152/328 201/47/328 12/7/328
f 189/159/329 307/185/329 188/152/329
f 190/161/330 308/186/330 189/159/330
f 191/164/331 310/187/331 190/161/331
f 192/168/332 313/188/332 191/164/332
f 193/173/333 317/189/333 192/168/333
f 194/34/334 322/190/334 193/173/334
f 188/152/335 307/185/336 201/47/337
f 307/185/336 200/49/338 201/47/337
f 189/159/339 308/186/339 307/185/339
f 308/186/340 309/191/340 307/185/340
f 307/185/341 309/191/341 200/49/341
f 309/191/342 199/51/342 200/49/342
f 190/161/343 310/187/343 308/186/343
f 310/187/344 311/192/344 308/186/344
f 308/186/345 311/192/345 309/191/345
f 311/192/346 312/193/347 309/191/348
f 309/191/349 312/193/349 199/51/349
f 312/193/350 198/53/350 199/51/350
f 191/164/351 313/188/351 310/187/351
f 313/188/352 314/194/352 310/187/352
f 310/187/353 314/194/353 311/192/353
f 314/194/354 315/195/354 311/192/354
f 311/192/346 315/195/355 312/193/347
f 315/195/356 316/196/356 312/193/356
f 312/193/357 316/196/357 198/53/357
f 316/196/358 197/55/358 198/53/359
f 192/168/360 317/189/360 313/188/360
f 317/189/361 318/197/361 313/188/361
f 313/188/362 318/197/362 314/194/362
f 318/197/363 319/198/364 314/194/365
f 314/194/365 319/198/364 315/195/366
f 319/198/367 320/199/367 315/195/367
f 315/195/368 320/199/368 316/196/368
f 320/199/369 321/200/369 316/196/369
f 316/196/358 321/200/370 197/55/358
f 321/200/371 196/57/371 197/55/371
f 193/173/372 322/190/372 317/189/372
f 322/190/373 323/201/373 317/189/373
f 317/189/374 323/201/375 318/197/376
f 323/201/375 324/202/377 318/197/376
f 318/197/378 324/202/378 319/198/378
f 324/202/379 325/203/379 319/198/379
f 319/198/380 325/203/380 320/199/380
f 325/203/381 326/204/381 320/199/381
f 320/199/382 326/204/382 321/200/382
f 326/204/383 327/205/383 321/200/383
f 321/200/384 327/205/384 196/57/384
f 327/205/385 195/46/385 196/57/385
f 194/34/386 159/33/386 322/190/386
f 159/33/387 158/206/387 322/190/387
f 322/190/388 158/206/388 323/201/388
f 158/206/389 157/207/389 323/201/389
f 323/201/390 157/207/390 324/202/390
f 157/207/391 156/208/391 324/202/391
f 324/202/392 156/208/392 325/203/392
f 156/208/393 155/209/393 325/203/393
f 325/203/394 155/209/394 326/204/394
f 155/209/395 154/210/395 326/204/395
f 326/204/396 154/210/396 327/205/396
f 154/210/397 153/211/397 327/205/397
f 327/205/398 153/211/398 195/46/398
f 153/211/399 11/44/399 195/46/399
f 96/212/400 187/45/400 11/44/400
f 95/213/401 328/214/401 96/212/401
f 94/215/402 329/216/402 95/213/402
f 93/217/403 331/218/403 94/215/403
f 92/219/404 334/220/404 93/217/404
f 91/221/405 338/222/405 92/219/405
f 90/223/406 343/224/406 91/221/406
f 96/212/407 328/214/407 187/45/407
f 328/214/408 186/80/408 187/45/408
f 95/213/409 329/216/409 328/214/409
f 329/216/410 330/225/410 328/214/410
f 328/214/411 330/225/411 186/80/411
f 330/225/412 185/81/412 186/80/412
f 94/215/413 331/218/413 329/216/413
f 331/218/414 332/226/414 329/216/414
f 329/216/415 332/226/415 330/225/415
f 332/226/416 333/227/416 330/225/416
f 330/225/417 333/227/417 185/81/417
f 333/227/418 184/82/418 185/81/418
f 93/217/419 334/220/419 331/218/419
f 334/220/420 335/228/420 331/218/420
f 331/218/421 335/228/422 332/226/423
f 335/228/422 336/229/424 332/226/423
f 332/226/425 336/229/425 333/227/425
f 336/229/426 337/230/426 333/227/426
f 333/227/427 337/230/427 184/82/427
f 337/230/428 183/83/428 184/82/428
f 92/219/429 338/222/429 334/220/429
f 338/222/430 339/231/430 334/220/430
f 334/220/431 339/231/431 335/228/431
f 339/231/432 340/232/432 335/228/432
f 335/228/433 340/232/433 336/229/433
f 340/232/434 341/233/434 336/229/434
f 336/229/435 341/233/435 337/230/435
f 341/233/436 342/234/436 337/230/436
f 337/230/437 342/234/437 183/83/437
f 342/234/438 182/84/438 183/83/438
f 91/221/439 343/224/439 338/222/439
f 343/224/440 344/235/440 338/222/440
f 338/222/441 344/235/441 339/231/441
f 344/235/442 345/236/442 339/231/442
f 339/231/443 345/236/443 340/232/443
f 345/236/444 346/237/444 340/232/444
f 340/232/445 346/237/445 341/233/445
f 346/237/446 347/238/446 341/233/446
f 341/233/447 347/238/447 342/234/447
f 347/238/448 348/239/449 342/234/450
f 342/234/450 348/239/449 182/84/451
f 348/239/452 181/85/99 182/84/98
f 90/223/453 145/240/453 343/224/453
f 145/240/454 144/241/454 343/224/454
f 343/224/455 144/241/455 344/235/455
f 144/241/456 143/242/456 344/235/456
f 344/235/457 143/242/457 345/236/457
f 143/242/458 142/243/458 345/236/458
f 345/236/459 142/243/459 346/237/459
f 142/243/460 141/244/460 346/237/460
f 346/237/461 141/244/461 347/238/461
f 141/244/462 140/245/462 347/238/462
f 347/238/463 140/245/463 348/239/463
f 140/245/464 139/246/464 348/239/464
f 348/239/465 139/246/465 181/85/465
f 139/246/466 10/41/466 181/85/466
f 152/247/467 180/42/467 10/41/467
f 151/248/468 349/249/468 152/247/468
f 150/250/469 350/251/469 151/248/469
f 149/252/470 352/253/470 150/250/470
f 148/254/471 355/255/471 149/252/471
f 147/256/472 359/257/472 148/254/472
f 146/30/473 364/258/473 147/256/473
f 152/247/474 349/249/474 180/42/474
f 349/249/475 179/113/475 180/42/475
f 151/248/476 350/251/476 349/249/476
f 350/251/477 351/259/477 349/249/477
f 349/249/478 351/259/478 179/113/478
f 351/259/479 178/114/480 179/113/481
f 150/250/482 352/253/482 350/251/482
f 352/253/483 353/260/483 350/251/483
f 350/251/484 353/260/485 351/259/486
f 353/260/485 354/261/487 351/259/486
f 351/259/479 354/261/488 178/114/480
f 354/261/489 177/115/489 178/114/489
f 149/252/490 355/255/490 352/253/490
f 355/255/491 356/262/491 352/253/491
f 352/253/492 356/262/492 353/260/492
f 356/262/493 357/263/493 353/260/493
f 353/260/494 357/263/495 354/261/496
f 357/263/495 358/264/497 354/261/496
f 354/261/498 358/264/498 177/115/498
f 358/264/499 176/116/499 177/115/499
f 148/254/500 359/257/500 355/255/500
f 359/257/501 360/265/501 355/255/501
f 355/255/502 360/265/502 356/262/502
f 360/265/503 361/266/503 356/262/503
f 356/262/504 361/266/504 357/263/504
f 361/266/505 362/267/505 357/263/505
f 357/263/506 362/267/506 358/264/506
f 362/267/507 363/268/507 358/264/507
f 358/264/508 363/268/508 176/116/508
f 363/268/509 175/117/509 176/116/509
f 147/256/510 364/258/511 359/257/510
f 364/258/511 365/269/511 359/257/510
f 359/257/512 365/269/512 360/265/512
f 365/269/513 366/270/513 360/265/513
f 360/265/514 366/270/514 361/266/514
f 366/270/515 367/271/515 361/266/515
f 361/266/516 367/271/516 362/267/516
f 367/271/517 368/272/517 362/267/517
f 362/267/518 368/272/518 363/268/518
f 368/272/519 369/273/519 363/268/519
f 363/268/520 369/273/520 175/117/520
f 369/273/521 174/118/174 175/117/173
f 146/30/522 131/21/522 364/258/522
f 131/21/523 130/274/523 364/258/523
f 364/258/524 130/274/524 365/269/524
f 130/274/525 129/275/525 365/269/525
f 365/269/526 129/275/526 366/270/526
f 129/275/527 128/276/527 366/270/527
f 366/270/528 128/276/528 367/271/528
f 128/276/529 127/277/529 367/271/529
f 367/271/530 127/277/530 368/272/530
f 127/277/531 126/278/531 368/272/531
f 368/272/532 126/278/532 369/273/532
f 126/278/533 125/279/533 369/273/533
f 369/273/534 125/279/534 174/118/534
f 125/279/535 9/38/535 174/118/535
f 138/280/536 173/39/536 9/38/536
f 137/281/537 370/282/537 138/280/537
f 136/283/538 371/284/538 137/281/538
f 135/285/539 373/286/539 136/283/539
f 134/287/540 376/288/540 135/285/540
f 133/289/541 380/290/541 134/287/541
f 132/29/542 385/291/542 133/289/542
f 138/280/543 370/282/543 173/39/543
f 370/282/544 172/146/544 173/39/544
f 137/281/545 371/284/545 370/282/545
f 371/284/546 372/292/546 370/282/546
f 370/282/547 372/292/547 172/146/547
f 372/292/548 171/147/548 172/146/548
f 136/283/549 373/286/549 371/284/549
f 373/286/550 374/293/550 371/284/550
f 371/284/551 374/293/551 372/292/551
f 374/293/552 375/294/552 372/292/552
f 372/292/553 375/294/553 171/147/553
f 375/294/554 170/148/554 171/147/554
f 135/285/555 376/288/555 373/286/555
f 376/288/556 377/295/556 373/286/556
f 373/286/557 377/295/557 374/293/557
f 377/295/558 378/296/558 374/293/558
f 374/293/559 378/296/559 375/294/559
f 378/296/560 379/297/560 375/294/560
f 375/294/561 379/297/561 170/148/561
f 379/297/562 169/149/562 170/148/562
f 134/287/563 380/290/563 376/288/563
f 380/290/564 381/298/564 376/288/564
f 376/288/565 381/298/565 377/295/565
f 381/298/566 382/299/566 377/295/566
f 377/295/567 382/299/567 378/296/567
f 382/299/568 383/300/568 378/296/568
f 378/296/569 383/300/569 379/297/569
f 383/300/570 384/301/570 379/297/570
f 379/297/571 384/301/571 169/149/571
f 384/301/572 168/150/572 169/149/572
f 133/289/573 385/291/573 380/290/573
f 385/291/574 386/302/574 380/290/574
f 380/290/575 386/302/575 381/298/575
f 386/302/576 387/303/576 381/298/576
f 381/298/577 387/303/577 382/299/577
f 387/303/578 388/304/578 382/299/578
f 382/299/579 388/304/579 383/300/579
f 388/304/580 389/305/580 383/300/580
f 383/300/581 389/305/581 384/301/581
f 389/305/582 390/306/582 384/301/582
f 384/301/583 390/306/583 168/150/583
f 390/306/584 167/151/584 168/150/584
f 132/29/585 117/18/585 385/291/585
f 117/18/586 116/307/586 385/291/586
f 385/291/587 116/307/587 386/302/587
f 116/307/588 115/308/588 386/302/588
f 386/302/589 115/308/589 387/303/589
f 115/308/590 114/309/590 387/303/590
f 387/303/591 114/309/591 388/304/591
f 114/309/592 113/310/592 388/304/592
f 388/304/593 113/310/593 389/305/593
f 113/310/594 112/311/594 389/305/594
f 389/305/595 112/311/595 390/306/595
f 112/311/596 111/312/596 390/306/596
f 390/306/597 111/312/597 167/151/597
f 111/312/598 8/35/598 167/151/598
f 124/313/599 166/36/599 8/35/599
f 123/314/600 391/315/600 124/313/600
f 122/316/601 392/317/601 123/314/601
f 121/318/602 394/319/602 122/316/602
f 120/320/603 397/321/604 121/318/605
f 119/322/606 401/323/607 120/320/608
f 118/28/609 406/324/609 119/322/609
f 124/313/610 391/315/610 166/36/610
f 391/315/611 165/179/611 166/36/611
f 123/314/612 392/317/612 391/315/612
f 392/317/613 393/325/613 391/315/613
f 391/315/614 393/325/614 165/179/614
f 393/325/615 164/180/615 165/179/615
f 122/316/616 394/319/616 392/317/616
f 394/319/617 395/326/617 392/317/617
f 392/317/618 395/326/618 393/325/618
f 395/326/619 396/327/619 393/325/619
f 393/325/620 396/327/620 164/180/620
f 396/327/621 163/181/621 164/180/621
f 121/318/622 397/321/622 394/319/622
f 397/321/623 398/328/624 394/319/625
f 394/319/626 398/328/626 395/326/626
f 398/328/627 399/329/627 395/326/627
f 395/326/628 399/329/628 396/327/628
f 399/329/629 400/330/629 396/327/629
f 396/327/630 400/330/630 163/181/630
f 400/330/631 162/182/631 163/181/631
f 120/320/603 401/323/632 397/321/604
f 401/323/632 402/331/633 397/321/604
f 397/321/623 402/331/634 398/328/624
f 402/331/635 403/332/635 398/328/635
f 398/328/636 403/332/636 399/329/636
f 403/332/637 404/333/637 399/329/637
f 399/329/638 404/333/638 400/330/638
f 404/333/639 405/334/639 400/330/639
f 400/330/640 405/334/640 162/182/640
f 405/334/641 161/183/641 162/182/641
f 119/322/642 406/324/642 401/323/642
f 406/324/643 407/335/643 401/323/643
f 401/323/644 407/335/644 402/331/644
f 407/335/645 408/336/645 402/331/645
f 402/331/646 408/336/646 403/332/646
f 408/336/647 409/337/647 403/332/647
f 403/332/648 409/337/648 404/333/648
f 409/337/649 410/338/649 404/333/649
f 404/333/650 410/338/650 405/334/650
f 410/338/651 411/339/651 405/334/651
f 405/334/652 411/339/652 161/183/652
f 411/339/653 160/184/653 161/183/653
f 118/28/654 103/27/654 406/324/654
f 103/27/655 102/340/655 406/324/655
f 406/324/656 102/340/656 407/335/656
f 102/340/657 101/341/657 407/335/657
f 407/335/658 101/341/658 408/336/658
f 101/341/659 100/342/659 408/336/659
f 408/336/660 100/342/660 409/337/660
f 100/342/661 99/343/661 409/337/661
f 409/337/662 99/343/662 410/338/662
f 99/343/663 98/344/663 410/338/663
f 410/338/664 98/344/664 411/339/664
f 98/344/665 97/345/665 411/339/665
f 411/339/666 97/345/667 160/184/668
f 97/345/667 7/32/669 160/184/668
f 110/346/670 159/33/670 7/32/670
f 109/347/671 412/348/671 110/346/671
f 108/349/672 413/350/672 109/347/672
f 107/351/673 415/352/673 108/349/673
f 106/353/674 418/354/674 107/351/674
f 105/355/675 422/356/675 106/353/675
f 104/25/676 427/357/676 105/355/676
f 110/346/677 412/348/677 159/33/677
f 412/348/678 158/206/678 159/33/678
f 109/347/679 413/350/679 412/348/679
f 413/350/680 414/358/680 412/348/680
f 412/348/681 414/358/681 158/206/681
f 414/358/682 157/207/682 158/206/682
f 108/349/683 415/352/683 413/350/683
f 415/352/684 416/359/684 413/350/684
f 413/350/685 416/359/685 414/358/685
f 416/359/686 417/360/686 414/358/686
f 414/358/687 417/360/687 157/207/687
f 417/360/688 156/208/688 157/207/688
f 107/351/689 418/354/689 415/352/689
f 418/354/690 419/361/690 415/352/690
f 415/352/691 419/361/691 416/359/691
f 419/361/692 420/362/692 416/359/692
f 416/359/693 420/362/693 417/360/693
f 420/362/694 421/363/694 417/360/694
f 417/360/695 421/363/695 156/208/695
f 421/363/696 155/209/696 156/208/696
f 106/353/697 422/356/697 418/354/697
f 422/356/698 423/364/698 418/354/698
f 418/354/699 423/364/699 419/361/699
f 423/364/700 424/365/700 419/361/700
f 419/361/701 424/365/701 420/362/701
f 424/365/702 425/366/702 420/362/702
f 420/362/703 425/366/703 421/363/703
f 425/366/704 426/367/704 421/363/704
f 421/363/705 426/367/705 155/209/705
f 426/367/706 154/210/706 155/209/706
f 105/355/707 427/357/707 422/356/707
f 427/357/708 428/368/708 422/356/708
f 422/356/709 428/368/709 423/364/709
f 428/368/710 429/369/710 423/364/710
f 423/364/711 429/369/711 424/365/711
f 429/369/712 430/370/712 424/365/712
f 424/365/713 430/370/713 425/366/713
f 430/370/714 431/371/714 425/366/714
f 425/366/715 431/371/715 426/367/715
f 431/371/716 432/372/717 426/367/718
f 426/367/718 432/372/717 154/210/719
f 432/372/720 153/211/720 154/210/720
f 104/25/721 89/12/722 427/357/723
f 89/12/722 88/373/724 427/357/723
f 427/357/725 88/373/725 428/368/725
f 88/373/726 87/374/726 428/368/726
f 428/368/727 87/374/727 429/369/727
f 87/374/728 86/375/728 429/369/728
f 429/369/729 86/375/729 430/370/729
f 86/375/730 85/376/731 430/370/732
f 430/370/733 85/376/733 431/371/733
f 85/376/734 84/377/734 431/371/734
f 431/371/735 84/377/735 432/372/735
f 84/377/736 83/378/736 432/372/736
f 432/372/737 83/378/737 153/211/737
f 83/378/738 11/44/738 153/211/738
f 139/246/739 152/247/739 10/41/739
f 140/245/740 433/379/740 139/246/740
f 141/244/741 434/380/741 140/245/741
f 142/243/742 436/381/742 141/244/742
f 143/242/743 439/382/743 142/243/743
f 144/241/744 443/383/744 143/242/744
f 145/240/745 448/384/745 144/241/745
f 139/246/746 433/379/746 152/247/746
f 433/379/747 151/248/747 152/247/747
f 140/245/748 434/380/748 433/379/748
f 434/380/749 435/385/749 433/379/749
f 433/379/750 435/385/750 151/248/750
f 435/385/751 150/250/751 151/248/751
f 141/244/752 436/381/752 434/380/752
f 436/381/753 437/386/753 434/380/753
f 434/380/754 437/386/754 435/385/754
f 437/386/755 438/387/755 435/385/755
f 435/385/756 438/387/756 150/250/756
f 438/387/757 149/252/757 150/250/757
f 142/243/758 439/382/758 436/381/758
f 439/382/759 440/388/759 436/381/759
f 436/381/760 440/388/760 437/386/760
f 440/388/761 441/389/761 437/386/761
f 437/386/762 441/389/762 438/387/762
f 441/389/763 442/390/764 438/387/765
f 438/387/765 442/390/764 149/252/766
f 442/390/767 148/254/767 149/252/767
f 143/242/768 443/383/768 439/382/768
f 443/383/769 444/391/769 439/382/769
f 439/382/770 444/391/770 440/388/770
f 444/391/771 445/392/771 440/388/771
f 440/388/772 445/392/772 441/389/772
f 445/392/773 446/393/773 441/389/773
f 441/389/774 446/393/774 442/390/774
f 446/393/775 447/394/775 442/390/775
f 442/390/776 447/394/776 148/254/776
f 447/394/777 147/256/777 148/254/777
f 144/241/778 448/384/778 443/383/778
f 448/384/779 449/395/779 443/383/779
f 443/383/780 449/395/780 444/391/780
f 449/395/781 450/396/781 444/391/781
f 444/391/782 450/396/782 445/392/782
f 450/396/783 451/397/783 445/392/783
f 445/392/784 451/397/784 446/393/784
f 451/397/785 452/398/785 446/393/785
f 446/393/786 452/398/786 447/394/786
f 452/398/787 453/399/787 447/394/787
f 447/394/788 453/399/788 147/256/788
f 453/399/789 146/30/789 147/256/789
f 145/240/790 82/400/790 448/384/790
f 82/400/791 81/401/791 448/384/791
f 448/384/792 81/401/792 449/395/792
f 81/401/793 80/402/793 449/395/793
f 449/395/794 80/402/794 450/396/794
f 80/402/795 79/403/795 450/396/795
f 450/396/796 79/403/797 451/397/798
f 79/403/797 78/404/799 451/397/798
f 451/397/800 78/404/800 452/398/800
f 78/404/801 77/405/801 452/398/801
f 452/398/802 77/405/802 453/399/802
f 77/405/803 76/406/803 453/399/803
f 453/399/804 76/406/804 146/30/804
f 76/406/805 5/19/805 146/30/805
f 125/279/806 138/280/806 9/38/806
f 126/278/807 454/407/807 125/279/807
f 127/277/808 455/408/808 126/278/808
f 128/276/809 457/409/809 127/277/809
f 129/275/810 460/410/810 128/276/810
f 130/274/811 464/411/811 129/275/811
f 131/21/812 469/412/812 130/274/812
f 125/279/813 454/407/813 138/280/813
f 454/407/814 137/281/814 138/280/814
f 126/278/815 455/408/815 454/407/815
f 455/408/816 456/413/816 454/407/816
f 454/407/817 456/413/817 137/281/817
f 456/413/818 136/283/818 137/281/818
f 127/277/819 457/409/819 455/408/819
f 457/409/820 458/414/820 455/408/820
f 455/408/821 458/414/821 456/413/821
f 458/414/822 459/415/822 456/413/822
f 456/413/823 459/415/823 136/283/823
f 459/415/824 135/285/824 136/283/824
f 128/276/825 460/410/825 457/409/825
f 460/410/826 461/416/826 457/409/826
f 457/409/827 461/416/827 458/414/827
f 461/416/828 462/417/828 458/414/828
f 458/414/829 462/417/829 459/415/829
f 462/417/830 463/418/830 459/415/830
f 459/415/831 463/418/831 135/285/831
f 463/418/832 134/287/832 135/285/832
f 129/275/833 464/411/833 460/410/833
f 464/411/834 465/419/834 460/410/834
f 460/410/835 465/419/835 461/416/835
f 465/419/836 466/420/836 461/416/836
f 461/416/837 466/420/837 462/417/837
f 466/420/838 467/421/838 462/417/838
f 462/417/839 467/421/839 463/418/839
f 467/421/840 468/422/840 463/418/840
f 463/418/841 468/422/841 134/287/841
f 468/422/842 133/289/842 134/287/842
f 130/274/843 469/412/843 464/411/843
f 469/412/844 470/423/844 464/411/844
f 464/411/845 470/423/845 465/419/845
f 470/423/846 471/424/846 465/419/846
f 465/419/847 471/424/847 466/420/847
f 471/424/848 472/425/848 466/420/848
f 466/420/849 472/425/849 467/421/849
f 472/425/850 473/426/850 467/421/850
f 467/421/851 473/426/851 468/422/851
f 473/426/852 474/427/852 468/422/852
f 468/422/853 474/427/853 133/289/853
f 474/427/854 132/29/854 133/289/854
f 131/21/855 75/20/855 469/412/855
f 75/20/856 74/428/856 469/412/856
f 469/412/857 74/428/858 470/423/859
f 74/428/858 73/429/860 470/423/859
f 470/423/861 73/429/861 471/424/861
f 73/429/862 72/430/863 471/424/864
f 471/424/865 72/430/865 472/425/865
f 72/430/866 71/431/866 472/425/866
f 472/425/867 71/431/867 473/426/867
f 71/431/868 70/432/868 473/426/868
f 473/426/869 70/432/869 474/427/869
f 70/433/870 69/434/870 474/435/870
f 474/427/871 69/436/871 132/29/871
f 69/436/872 4/16/872 132/29/872
f 111/312/873 124/313/873 8/35/873
f 112/311/874 475/437/874 111/312/874
f 113/310/875 476/438/875 112/311/875
f 114/309/876 478/439/876 113/310/876
f 115/308/877 481/440/877 114/309/877
f 116/307/878 485/441/878 115/308/878
f 117/18/879 490/442/879 116/307/879
f 111/312/880 475/437/880 124/313/880
f 475/437/881 123/314/881 124/313/881
f 112/311/882 476/438/882 475/437/882
f 476/438/883 477/443/883 475/437/883
f 475/437/884 477/443/884 123/314/884
f 477/443/885 122/316/885 123/314/885
f 113/310/886 478/439/886 476/438/886
f 478/439/887 479/444/887 476/438/887
f 476/438/888 479/444/888 477/443/888
f 479/444/889 480/445/889 477/443/889
f 477/443/890 480/445/890 122/316/890
f 480/445/891 121/318/891 122/316/891
f 114/309/892 481/440/892 478/439/892
f 481/440/893 482/446/893 478/439/893
f 478/439/894 482/446/895 479/444/896
f 482/446/895 483/447/897 479/444/896
f 479/444/898 483/447/898 480/445/898
f 483/447/899 484/448/899 480/445/899
f 480/445/900 484/448/900 121/318/900
f 484/448/901 120/320/901 121/318/901
f 115/308/902 485/441/902 481/440/902
f 485/441/903 486/449/903 481/440/903
f 481/440/904 486/449/904 482/446/904
f 486/449/905 487/450/905 482/446/905
f 482/446/906 487/450/906 483/447/906
f 487/450/907 488/451/907 483/447/907
f 483/447/908 488/451/908 484/448/908
f 488/451/909 489/452/909 484/448/909
f 484/448/910 489/452/910 120/320/910
f 489/452/911 119/322/606 120/320/608
f 116/307/912 490/442/912 485/441/912
f 490/442/913 491/453/913 485/441/913
f 485/441/914 491/453/914 486/449/914
f 491/453/915 492/454/915 486/449/915
f 486/449/916 492/454/916 487/450/916
f 492/454/917 493/455/917 487/450/917
f 487/450/918 493/455/918 488/451/918
f 493/455/919 494/456/919 488/451/919
f 488/451/920 494/456/920 489/452/920
f 494/456/921 495/457/921 489/452/921
f 489/452/922 495/457/922 119/322/922
f 495/457/923 118/28/923 119/322/923
f 117/18/924 61/17/924 490/442/924
f 61/17/925 60/458/925 490/442/925
f 490/442/926 60/458/926 491/453/926
f 60/458/927 59/459/927 491/453/927
f 491/453/928 59/459/928 492/454/928
f 59/459/929 58/460/929 492/454/929
f 492/454/930 58/460/930 493/455/930
f 58/460/931 57/461/931 493/455/931
f 493/455/932 57/461/932 494/456/932
f 57/461/933 56/462/933 494/456/933
f 494/456/934 56/462/934 495/457/934
f 56/462/935 55/463/935 495/457/935
f 495/457/936 55/463/936 118/28/936
f 55/463/937 3/26/937 118/28/937
f 97/345/938 110/346/938 7/32/938
f 98/344/939 496/464/939 97/345/939
f 99/343/940 497/465/940 98/344/940
f 100/342/941 499/466/941 99/343/941
f 101/341/942 502/467/942 100/342/942
f 102/340/943 506/468/943 101/341/943
f 103/27/944 511/469/944 102/340/944
f 97/345/945 496/464/945 110/346/945
f 496/464/946 109/347/946 110/346/946
f 98/344/947 497/465/947 496/464/947
f 497/465/948 498/470/948 496/464/948
f 496/464/949 498/470/949 109/347/949
f 498/470/950 108/349/950 109/347/950
f 99/343/951 499/466/951 497/465/951
f 499/466/952 500/471/952 497/465/952
f 497/465/953 500/471/953 498/470/953
f 500/471/954 501/472/954 498/470/954
f 498/470/955 501/472/955 108/349/955
f 501/472/956 107/351/956 108/349/956
f 100/342/957 502/467/957 499/466/957
f 502/467/958 503/473/958 499/466/958
f 499/466/959 503/473/959 500/471/959
f 503/473/960 504/474/960 500/471/960
f 500/471/961 504/474/961 501/472/961
f 504/474/962 505/475/962 501/472/962
f 501/472/963 505/475/963 107/351/963
f 505/475/964 106/353/964 107/351/964
f 101/341/965 506/468/965 502/467/965
f 506/468/966 507/476/966 502/467/966
f 502/467/967 507/476/967 503/473/967
f 507/476/968 508/477/968 503/473/968
f 503/473/969 508/477/969 504/474/969
f 508/477/970 509/478/970 504/474/970
f 504/474/971 509/478/971 505/475/971
f 509/478/972 510/479/972 505/475/972
f 505/475/973 510/479/973 106/353/973
f 510/479/974 105/355/974 106/353/974
f 102/340/975 511/469/975 506/468/975
f 511/469/976 512/480/976 506/468/976
f 506/468/977 512/480/977 507/476/977
f 512/481/978 513/482/978 507/483/978
f 507/476/979 513/484/979 508/477/979
f 513/484/980 514/485/980 508/477/980
f 508/477/981 514/485/982 509/478/983
f 514/485/982 515/486/984 509/478/983
f 509/478/983 515/486/984 510/479/985
f 515/486/986 516/487/986 510/479/986
f 510/479/987 516/487/987 105/355/987
f 516/487/988 104/25/988 105/355/988
f 103/27/989 33/488/989 511/469/989
f 33/488/990 32/489/990 511/469/990
f 511/469/991 32/489/991 512/480/991
f 32/489/992 31/490/992 512/480/992
f 512/480/993 31/490/993 513/484/993
f 31/490/994 30/491/995 513/484/996
f 513/484/997 30/491/997 514/485/997
f 30/491/998 29/492/998 514/485/998
f 514/485/999 29/492/999 515/486/999
f 29/492/1000 28/493/1000 515/486/1000
f 515/486/1001 28/493/1001 516/487/1001
f 28/493/1002 27/494/1002 516/487/1002
f 516/487/1003 27/494/1003 104/25/1003
f 27/494/1004 2/4/1004 104/25/1004
f 83/378/1005 96/212/1005 11/44/1005
f 84/377/1006 517/495/1006 83/378/1006
f 85/376/1007 518/496/1007 84/377/1007
f 86/375/730 520/497/1008 85/376/731
f 87/374/1009 523/498/1009 86/375/1009
f 88/373/1010 527/499/1010 87/374/1010
f 89/12/1011 532/500/1011 88/373/1011
f 83/378/1012 517/495/1012 96/212/1012
f 517/495/1013 95/213/1013 96/212/1013
f 84/377/1014 518/496/1014 517/495/1014
f 518/496/1015 519/501/1015 517/495/1015
f 517/495/1016 519/501/1016 95/213/1016
f 519/501/1017 94/215/1017 95/213/1017
f 85/376/1018 520/497/1018 518/496/1018
f 520/497/1019 521/502/1019 518/496/1019
f 518/496/1020 521/502/1020 519/501/1020
f 521/502/1021 522/503/1021 519/501/1021
f 519/501/1022 522/503/1022 94/215/1022
f 522/503/1023 93/217/1023 94/215/1023
f 86/375/1024 523/498/1024 520/497/1024
f 523/498/1025 524/504/1025 520/497/1025
f 520/497/1026 524/504/1026 521/502/1026
f 524/504/1027 525/505/1027 521/502/1027
f 521/502/1028 525/505/1028 522/503/1028
f 525/505/1029 526/506/1029 522/503/1029
f 522/503/1030 526/506/1030 93/217/1030
f 526/506/1031 92/219/1031 93/217/1031
f 87/374/1032 527/499/1033 523/498/1034
f 527/499/1033 528/507/1035 523/498/1034
f 523/498/1036 528/507/1036 524/504/1036
f 528/507/1037 529/508/1037 524/504/1037
f 524/504/1038 529/508/1038 525/505/1038
f 529/508/1039 530/509/1039 525/505/1039
f 525/505/1040 530/509/1040 526/506/1040
f 530/509/1041 531/510/1041 526/506/1041
f 526/506/1042 531/510/1042 92/219/1042
f 531/510/1043 91/221/1043 92/219/1043
f 88/373/1044 532/500/1044 527/499/1044
f 532/500/1045 533/511/1045 527/499/1045
f 527/499/1046 533/511/1046 528/507/1046
f 533/511/1047 534/512/1047 528/507/1047
f 528/507/1048 534/512/1048 529/508/1048
f 534/512/1049 535/513/1049 529/508/1049
f 529/508/1050 535/513/1050 530/509/1050
f 535/513/1051 536/514/1051 530/509/1051
f 530/509/1052 536/514/1052 531/510/1052
f 536/514/1053 537/515/1053 531/510/1053
f 531/510/1054 537/515/1054 91/221/1054
f 537/515/1055 90/223/1055 91/221/1055
f 89/12/1056 40/6/1056 532/500/1056
f 40/6/1057 39/516/1057 532/500/1057
f 532/500/1058 39/516/1058 533/511/1058
f 39/516/1059 38/517/1059 533/511/1059
f 533/511/1060 38/517/1060 534/512/1060
f 38/517/1061 37/518/1061 534/512/1061
f 534/512/1062 37/518/1062 535/513/1062
f 37/518/1063 36/519/1063 535/513/1063
f 535/513/1064 36/519/1064 536/514/1064
f 36/519/1065 35/520/1065 536/514/1065
f 536/514/1066 35/520/1066 537/515/1066
f 35/520/1067 34/521/1067 537/515/1067
f 537/515/1068 34/521/1068 90/223/1068
f 34/521/1069 6/522/1069 90/223/1069
f 47/523/1070 82/400/13 6/522/12
f 46/524/1071 538/525/1071 47/523/1071
f 45/526/1072 539/527/1072 46/524/1072
f 44/528/1073 541/529/1073 45/526/1073
f 43/530/1074 544/531/1074 44/528/1074
f 42/532/1075 548/533/1075 43/530/1075
f 41/11/1076 553/534/1076 42/532/1076
f 47/523/1077 538/525/1077 82/400/1077
f 538/525/1078 81/401/1078 82/400/1078
f 46/524/1079 539/527/1079 538/525/1079
f 539/527/1080 540/535/1080 538/525/1080
f 538/525/1081 540/535/1081 81/401/1081
f 540/535/1082 80/402/1082 81/401/1082
f 45/526/1083 541/529/1083 539/527/1083
f 541/529/1084 542/536/1084 539/527/1084
f 539/527/1085 542/536/1085 540/535/1085
f 542/536/1086 543/537/1086 540/535/1086
f 540/535/1087 543/537/1087 80/402/1087
f 543/537/1088 79/403/1088 80/402/1088
f 44/538/1089 544/539/1089 541/540/1089
f 544/531/1090 545/541/1090 541/529/1090
f 541/529/1091 545/541/1091 542/536/1091
f 545/541/1092 546/542/1092 542/536/1092
f 542/536/1093 546/542/1093 543/537/1093
f 546/542/1094 547/543/1094 543/537/1094
f 543/537/1095 547/543/1095 79/403/1095
f 547/543/1096 78/404/1096 79/403/1096
f 43/530/1097 548/533/1097 544/531/1097
f 548/533/1098 549/544/1098 544/531/1098
f 544/531/1099 549/544/1099 545/541/1099
f 549/544/1100 550/545/1100 545/541/1100
f 545/541/1101 550/545/1101 546/542/1101
f 550/545/1102 551/546/1102 546/542/1102
f 546/542/1103 551/546/1103 547/543/1103
f 551/546/1104 552/547/1105 547/543/1106
f 547/543/1106 552/547/1105 78/404/1107
f 552/547/1108 77/405/1108 78/404/1108
f 42/548/1109 553/549/1109 548/550/1109
f 553/534/1110 554/551/1110 548/533/1110
f 548/533/1111 554/551/1111 549/544/1111
f 554/551/1112 555/552/1112 549/544/1112
f 549/544/1113 555/552/1113 550/545/1113
f 555/552/1114 556/553/1114 550/545/1114
f 550/545/1115 556/553/1115 551/546/1115
f 556/553/1116 557/554/1116 551/546/1116
f 551/546/1117 557/554/1117 552/547/1117
f 557/554/1118 558/555/1118 552/547/1118
f 552/547/1119 558/555/1119 77/405/1119
f 558/555/1120 76/406/1120 77/405/1120
f 41/11/1121 68/10/1121 553/534/1121
f 68/10/1122 67/556/1122 553/534/1122
f 553/534/1123 67/556/1123 554/551/1123
f 67/557/1124 66/558/1124 554/559/1124
f 554/559/1125 66/558/1126 555/560/1127
f 66/561/1126 65/562/1128 555/552/1127
f 555/552/1129 65/562/1129 556/553/1129
f 65/562/1130 64/563/1130 556/553/1130
f 556/564/1131 64/565/1131 557/566/1131
f 64/563/1132 63/567/1132 557/554/1132
f 557/554/1133 63/567/1133 558/555/1133
f 63/567/1134 62/568/1134 558/555/1134
f 558/555/1135 62/568/1135 76/406/1135
f 62/568/1136 5/19/9 76/406/1137
f 62/568/1136 75/20/10 5/19/9
f 63/567/1138 559/569/1138 62/568/1138
f 64/563/1139 560/570/1139 63/567/1139
f 65/562/1140 562/571/1140 64/563/1140
f 66/561/1141 565/572/1141 65/562/1141
f 67/556/1142 569/573/1142 66/561/1142
f 68/10/1143 574/574/1143 67/556/1143
f 62/568/1144 559/569/1144 75/20/1144
f 559/569/1145 74/428/1145 75/20/1145
f 63/567/1146 560/570/1146 559/569/1146
f 560/570/1147 561/575/1147 559/569/1147
f 559/569/1148 561/575/1148 74/428/1148
f 561/575/1149 73/429/1149 74/428/1149
f 64/563/1150 562/571/1150 560/570/1150
f 562/571/1151 563/576/1151 560/570/1151
f 560/570/1152 563/576/1152 561/575/1152
f 563/576/1153 564/577/1153 561/575/1153
f 561/575/1154 564/577/1154 73/429/1154
f 564/577/1155 72/430/863 73/429/862
f 65/562/1156 565/572/1156 562/571/1156
f 565/572/1157 566/578/1157 562/571/1157
f 562/571/1158 566/578/1158 563/576/1158
f 566/578/1159 567/579/1159 563/576/1159
f 563/576/1160 567/579/1160 564/577/1160
f 567/579/1161 568/580/1161 564/577/1161
f 564/577/1162 568/580/1162 72/430/1162
f 568/580/1163 71/431/1163 72/430/1163
f 66/561/1164 569/573/1164 565/572/1164
f 569/573/1165 570/581/1165 565/572/1165
f 565/572/1166 570/581/1166 566/578/1166
f 570/581/1167 571/582/1168 566/578/1169
f 566/578/1169 571/582/1168 567/579/1169
f 571/583/1170 572/584/1170 567/585/1170
f 567/579/1171 572/586/1171 568/580/1171
f 572/586/1172 573/587/1172 568/580/1172
f 568/580/1173 573/587/1173 71/431/1173
f 573/587/1174 70/432/1174 71/431/1174
f 67/556/1175 574/574/1175 569/573/1175
f 574/574/1176 575/588/1176 569/573/1176
f 569/573/1177 575/588/1177 570/581/1177
f 575/588/1178 576/589/1178 570/581/1178
f 570/590/1179 576/591/1180 571/583/1181
f 576/589/1180 577/592/1182 571/582/1181
f 571/582/1183 577/592/1183 572/586/1183
f 577/592/1184 578/593/1184 572/586/1184
f 572/586/1185 578/593/1185 573/587/1185
f 578/593/1186 579/594/1186 573/587/1186
f 573/587/1187 579/594/1187 70/432/1187
f 579/594/1188 69/436/1188 70/432/1188
f 68/10/1189 54/9/1189 574/574/1189
f 54/9/1190 53/595/1190 574/574/1190
f 574/574/1191 53/595/1191 575/588/1191
f 53/595/1192 52/596/1193 575/588/1194
f 575/588/1195 52/596/1195 576/589/1195
f 52/596/1196 51/597/1196 576/589/1196
f 576/589/1197 51/597/1197 577/592/1197
f 51/597/1198 50/598/1198 577/592/1198
f 577/592/1199 50/598/1199 578/593/1199
f 50/598/1200 49/599/1200 578/593/1200
f 578/593/1201 49/599/1201 579/594/1201
f 49/599/1202 48/600/1202 579/594/1202
f 579/594/1203 48/600/1203 69/436/1203
f 48/600/1204 4/16/1204 69/436/1204
f 48/600/1205 61/17/1205 4/16/1205
f 49/599/1206 580/601/1206 48/600/1206
f 50/598/1207 581/602/1207 49/599/1207
f 51/597/1208 583/603/1208 50/598/1208
f 52/596/1209 586/604/1209 51/597/1209
f 53/595/1192 590/605/1210 52/596/1193
f 54/9/1211 595/606/1211 53/595/1211
f 48/600/1212 580/601/1212 61/17/1212
f 580/601/1213 60/458/1213 61/17/1213
f 49/599/1214 581/602/1214 580/601/1214
f 581/602/1215 582/607/1215 580/601/1215
f 580/601/1216 582/607/1216 60/458/1216
f 582/607/1217 59/459/1217 60/458/1217
f 50/598/1218 583/603/1218 581/602/1218
f 583/603/1219 584/608/1219 581/602/1219
f 581/602/1220 584/608/1220 582/607/1220
f 584/609/1221 585/610/1221 582/611/1221
f 582/607/1222 585/612/1222 59/459/1222
f 585/610/1223 58/613/1223 59/614/1223
f 51/597/1224 586/604/1224 583/603/1224
f 586/604/1225 587/615/1225 583/603/1225
f 583/603/1226 587/615/1226 584/608/1226
f 587/615/1227 588/616/1227 584/608/1227
f 584/609/1228 588/617/1228 585/610/1228
f 588/616/1229 589/618/1229 585/612/1229
f 585/612/1230 589/618/1230 58/460/1230
f 589/619/1231 57/620/1231 58/613/1231
f 52/596/1232 590/605/1232 586/604/1232
f 590/605/1233 591/621/1233 586/604/1233
f 586/604/1234 591/621/1234 587/615/1234
f 591/622/1235 592/623/1235 587/624/1235
f 587/615/1236 592/625/1236 588/616/1236
f 592/625/1237 593/626/1237 588/616/1237
f 588/616/1238 593/626/1238 589/618/1238
f 593/626/1239 594/627/1239 589/618/1239
f 589/618/1240 594/627/1240 57/461/1240
f 594/627/1241 56/462/1241 57/461/1241
f 53/595/1242 595/606/1242 590/605/1242
f 595/606/1243 596/628/1243 590/605/1243
f 590/605/1244 596/628/1244 591/621/1244
f 596/628/1245 597/629/1245 591/621/1245
f 591/622/1246 597/630/1246 592/623/1246
f 597/629/1247 598/631/1247 592/625/1247
f 592/625/1248 598/631/1248 593/626/1248
f 598/631/1249 599/632/1249 593/626/1249
f 593/626/1250 599/632/1250 594/627/1250
f 599/632/1251 600/633/1251 594/627/1251
f 594/627/1252 600/633/1252 56/462/1252
f 600/633/1253 55/463/1253 56/462/1253
f 54/9/1254 19/8/1254 595/606/1254
f 19/8/1255 18/634/1255 595/606/1255
f 595/606/1256 18/634/1256 596/628/1256
f 18/634/1257 17/635/1257 596/628/1257
f 596/628/1258 17/635/1258 597/629/1258
f 17/635/1259 16/636/1259 597/629/1259
f 597/629/1260 16/636/1260 598/631/1260
f 16/636/1261 15/637/1261 598/631/1261
f 598/631/1262 15/637/1262 599/632/1262
f 15/637/1263 14/638/1263 599/632/1263
f 599/632/1264 14/638/1264 600/633/1264
f 14/638/1265 13/639/1265 600/633/1265
f 600/633/1266 13/639/1266 55/463/1266
f 13/639/1267 3/26/1267 55/463/1267
f 34/521/1268 47/523/1268 6/522/1268
f 35/520/1269 601/640/1269 34/521/1269
f 36/519/1270 602/641/1270 35/520/1270
f 37/518/1271 604/642/1271 36/519/1271
f 38/517/1272 607/643/1272 37/518/1272
f 39/516/1273 611/644/1273 38/517/1273
f 40/6/1274 616/645/1274 39/516/1274
f 34/521/1275 601/640/1275 47/523/1275
f 601/640/1276 46/524/1276 47/523/1276
f 35/520/1277 602/641/1277 601/640/1277
f 602/641/1278 603/646/1278 601/640/1278
f 601/640/1279 603/646/1279 46/524/1279
f 603/646/1280 45/526/1280 46/524/1280
f 36/519/1281 604/642/1281 602/641/1281
f 604/642/1282 605/647/1282 602/641/1282
f 602/641/1283 605/647/1283 603/646/1283
f 605/647/1284 606/648/1284 603/646/1284
f 603/646/1285 606/648/1285 45/526/1285
f 606/648/1286 44/528/1286 45/526/1286
f 37/518/1287 607/643/1287 604/642/1287
f 607/643/1288 608/649/1288 604/642/1288
f 604/642/1289 608/649/1289 605/647/1289
f 608/649/1290 609/650/1290 605/647/1290
f 605/647/1291 609/650/1291 606/648/1291
f 609/650/1292 610/651/1292 606/648/1292
f 606/648/1293 610/651/1293 44/528/1293
f 610/651/1294 43/530/1294 44/528/1294
f 38/517/1295 611/644/1295 607/643/1295
f 611/652/1296 612/653/1296 607/654/1296
f 607/643/1297 612/655/1297 608/649/1297
f 612/655/1298 613/656/1298 608/649/1298
f 608/649/1299 613/656/1299 609/650/1299
f 613/656/1300 614/657/1301 609/650/1302
f 609/650/1302 614/657/1301 610/651/1303
f 614/657/1304 615/658/1304 610/651/1304
f 610/651/1305 615/658/1305 43/530/1305
f 615/658/1306 42/532/1306 43/530/1306
f 39/516/1307 616/645/1307 611/644/1307
f 616/645/1308 617/659/1309 611/644/1310
f 611/644/1311 617/659/1311 612/655/1311
f 617/659/1312 618/660/1312 612/655/1312
f 612/655/1313 618/660/1313 613/656/1313
f 618/660/1314 619/661/1314 613/656/1314
f 613/656/1315 619/661/1315 614/657/1315
f 619/661/1316 620/662/1316 614/657/1316
f 614/657/1317 620/662/1317 615/658/1317
f 620/662/1318 621/663/1318 615/658/1318
f 615/658/1319 621/663/1319 42/532/1319
f 621/663/1320 41/11/1320 42/532/1320
f 40/6/1321 26/5/1321 616/645/1321
f 26/5/1322 25/664/1322 616/645/1322
f 616/645/1308 25/664/1323 617/659/1309
f 25/664/1324 24/665/1324 617/659/1324
f 617/659/1325 24/665/1325 618/660/1325
f 24/665/1326 23/666/1326 618/660/1326
f 618/660/1327 23/666/1327 619/661/1327
f 23/666/1328 22/667/1328 619/661/1328
f 619/661/1329 22/667/1329 620/662/1329
f 22/667/1330 21/668/1330 620/662/1330
f 620/662/1331 21/668/1331 621/663/1331
f 21/668/1332 20/669/1332 621/663/1332
f 621/663/1333 20/669/1333 41/11/1333
f 20/669/1334 1/7/1334 41/11/1334
f 13/639/1335 33/488/1335 3/26/1335
f 14/638/1336 622/670/1336 13/639/1336
f 15/637/1337 623/671/1337 14/638/1337
f 16/672/1338 625/673/1338 15/674/1338
f 17/635/1339 628/675/1339 16/636/1339
f 18/634/1340 632/676/1340 17/635/1340
f 19/8/1341 637/677/1341 18/634/1341
f 13/639/1342 622/670/1342 33/488/1342
f 622/670/1343 32/489/1343 33/488/1343
f 14/638/1344 623/671/1344 622/670/1344
f 623/671/1345 624/678/1345 622/670/1345
f 622/670/1346 624/678/1346 32/489/1346
f 624/678/1347 31/490/1347 32/489/1347
f 15/637/1348 625/679/1348 623/671/1348
f 625/679/1349 626/680/1349 623/671/1349
f 623/671/1350 626/680/1350 624/678/1350
f 626/680/1351 627/681/1351 624/678/1351
f 624/678/1352 627/681/1352 31/490/1352
f 627/681/1353 30/491/995 31/490/994
f 16/636/1354 628/675/1354 625/679/1354
f 628/675/1355 629/682/1355 625/679/1355
f 625/679/1356 629/682/1356 626/680/1356
f 629/682/1357 630/683/1357 626/680/1357
f 626/680/1358 630/683/1358 627/681/1358
f 630/683/1359 631/684/1359 627/681/1359
f 627/681/1360 631/684/1360 30/491/1360
f 631/684/1361 29/492/1361 30/491/1361
f 17/635/1362 632/676/1362 628/675/1362
f 632/676/1363 633/685/1363 628/675/1363
f 628/686/1364 633/687/1364 629/688/1364
f 633/685/1365 634/689/1365 629/682/1365
f 629/682/1366 634/689/1366 630/683/1366
f 634/689/1367 635/690/1367 630/683/1367
f 630/683/1368 635/690/1368 631/684/1368
f 635/690/1369 636/691/1369 631/684/1369
f 631/684/1370 636/691/1370 29/492/1370
f 636/691/1371 28/493/1371 29/492/1371
f 18/634/1372 637/677/1372 632/676/1372
f 637/677/1373 638/692/1373 632/676/1373
f 632/676/1374 638/692/1374 633/685/1374
f 638/692/1375 639/693/1375 633/685/1375
f 633/685/1376 639/693/1376 634/689/1376
f 639/693/1377 640/694/1377 634/689/1377
f 634/689/1378 640/694/1378 635/690/1378
f 640/694/1379 641/695/1379 635/690/1379
f 635/690/1380 641/695/1380 636/691/1380
f 641/695/1381 642/696/1381 636/691/1381
f 636/691/1382 642/696/1382 28/493/1382
f 642/696/1383 27/494/1383 28/493/1383
f 19/8/1384 20/669/1384 637/677/1384
f 20/669/1385 21/668/1385 637/677/1385
f 637/677/1386 21/668/1386 638/692/1386
f 21/668/1387 22/667/1387 638/692/1387
f 638/692/1388 22/667/1388 639/693/1388
f 22/667/1389 23/666/1389 639/693/1389
f 639/693/1390 23/666/1390 640/694/1390
f 23/666/1391 24/665/1391 640/694/1391
f 640/694/1392 24/665/1393 641/695/1394
f 24/665/1393 25/664/1395 641/695/1394
f 641/695/1396 25/664/1396 642/696/1396
f 25/664/1397 26/5/1397 642/696/1397
f 642/696/1398 26/5/1398 27/494/1398
f 26/5/1399 2/4/1399 27/494/1399
f 644/697/1400 646/698/1400 643/699/1400
f 648/697/1401 650/698/1401 647/699/1401
f 652/697/1402 654/698/1402 651/699/1402
f 656/697/1403 658/698/1403 655/699/1403
f 660/697/1404 662/698/1404 659/699/1404
f 664/697/1405 666/698/1405 663/699/1405
f 670/700/1406 668/701/1406 667/702/1406
f 671/699/1407 673/703/1407 672/697/1407
f 675/704/1408 677/705/1408 674/706/1408
f 681/705/1403 679/704/1403 678/706/1403
f 683/704/1402 685/705/1402 682/706/1402
f 687/704/1402 689/705/1402 686/706/1402
f 693/700/1409 691/701/1409 690/702/1409
f 694/699/1410 696/703/1410 695/697/1410
f 698/704/1411 700/705/1411 697/706/1411
f 704/705/1404 702/704/1404 701/706/1404
f 706/704/1405 708/705/1405 705/706/1405
f 710/704/1405 712/705/1405 709/706/1405
f 716/700/1412 714/701/1412 713/702/1412
f 717/699/1413 719/703/1413 718/697/1413
f 721/704/1414 723/705/1414 720/706/1414
f 727/705/1402 725/704/1402 724/706/1402
f 729/704/1403 731/705/1403 728/706/1403
f 733/704/1403 735/705/1403 732/706/1403
f 739/700/1415 737/701/1415 736/702/1415
f 740/699/1416 742/703/1416 741/697/1416
f 744/704/1417 746/705/1417 743/706/1417
f 750/705/1405 748/704/1405 747/706/1405
f 752/704/1404 754/705/1404 751/706/1404
f 756/704/1404 758/705/1404 755/706/1404
f 644/697/1400 645/703/1400 646/698/1400
f 648/697/1401 649/703/1401 650/698/1401
f 652/697/1402 653/703/1402 654/698/1402
f 656/697/1403 657/703/1403 658/698/1403
f 660/697/1404 661/703/1404 662/698/1404
f 664/697/1405 665/703/1405 666/698/1405
f 670/700/1406 669/707/1406 668/701/1406
f 675/704/1408 676/708/1408 677/705/1408
f 681/705/1403 680/708/1403 679/704/1403
f 683/704/1402 684/708/1402 685/705/1402
f 687/704/1402 688/708/1402 689/705/1402
f 693/700/1409 692/707/1409 691/701/1409
f 698/704/1411 699/708/1411 700/705/1411
f 704/705/1404 703/708/1404 702/704/1404
f 706/704/1405 707/708/1405 708/705/1405
f 710/704/1405 711/708/1405 712/705/1405
f 716/700/1412 715/707/1412 714/701/1412
f 721/704/1414 722/708/1414 723/705/1414
f 727/705/1402 726/708/1402 725/704/1402
f 729/704/1403 730/708/1403 731/705/1403
f 733/704/1403 734/708/1403 735/705/1403
f 739/700/1415 738/707/1415 737/701/1415
f 744/704/1417 745/708/1417 746/705/1417
f 750/705/1405 749/708/1405 748/704/1405
f 752/704/1404 753/708/1404 754/705/1404
f 756/704/1404 757/708/1404 758/705/1404
f 760/697/1400 762/698/1400 759/699/1400
f 764/697/1401 766/698/1401 763/699/1401
f 768/697/1418 770/698/1418 767/699/1418
f 772/697/1419 774/698/1419 771/699/1419
f 776/697/1420 778/698/1420 775/699/1420
f 780/697/1421 782/698/1421 779/699/1421
f 786/698/1401 784/697/1401 783/699/1401
f 788/697/1401 790/698/1401 787/699/1401
f 792/697/1418 794/698/1418 791/699/1418
f 796/697/1419 798/698/1419 795/699/1419
f 800/697/1420 802/698/1420 799/699/1420
f 804/697/1421 806/698/1421 803/699/1421
f 807/709/1422 809/710/1423 808/711/1424
f 814/710/1425 812/712/1426 811/711/1427
f 815/712/1428 817/713/1429 816/714/1430
f 822/713/1431 820/715/1432 819/714/1433
f 823/715/1434 825/716/1435 824/717/1436
f 830/716/1437 828/718/1437 827/717/1437
f 831/718/1438 833/719/1439 832/720/1440
f 838/719/1441 836/721/1441 835/720/1441
f 839/721/1442 841/722/1442 840/723/1442
f 846/722/1443 844/724/1444 843/723/1445
f 847/724/1446 849/725/1447 848/726/1448
f 854/725/1449 852/727/1449 851/726/1449
f 858/728/1450 856/729/1451 855/727/1452
f 859/729/1453 861/730/1454 860/731/1455
f 863/731/1456 865/732/1457 864/733/1458
f 870/732/1459 868/734/1460 867/733/1461
f 871/734/1462 873/735/1463 872/736/1464
f 878/735/1465 876/737/1466 875/736/1467
f 879/737/1468 881/738/1469 880/739/1470
f 886/738/1471 884/740/1472 883/739/1473
f 887/706/1474 889/741/1474 888/704/1474
f 890/706/1475 891/704/1475 892/741/1475
f 893/706/1476 895/741/1476 894/704/1476
f 896/706/1477 898/741/1477 897/704/1477
f 899/706/1478 900/704/1478 901/741/1478
f 902/706/1479 903/704/1479 904/741/1479
f 905/706/1480 906/704/1480 907/741/1480
f 908/706/1481 909/704/1481 910/741/1481
f 911/706/1482 913/741/1482 912/704/1482
f 914/706/1483 916/741/1483 915/704/1483
f 917/706/1484 919/741/1484 918/704/1484
f 920/706/1485 922/741/1485 921/704/1485
f 923/706/1486 925/741/1486 924/704/1486
f 926/706/1487 927/704/1487 928/741/1487
f 929/706/1488 930/704/1488 931/741/1488
f 932/706/1489 933/704/1489 934/741/1489
f 935/706/1490 937/741/1490 936/704/1490
f 938/706/1491 940/741/1491 939/704/1491
f 941/706/1492 942/704/1492 943/741/1492
f 944/706/1493 946/741/1493 945/704/1493
f 947/699/1494 949/703/1494 950/698/1494
f 954/698/1494 952/697/1494 951/699/1494
f 958/698/1495 956/697/1495 955/699/1495
f 960/697/1495 962/698/1495 959/699/1495
f 964/697/1496 966/698/1496 963/699/1496
f 970/698/1496 968/697/1496 967/699/1496
f 971/699/1497 973/703/1497 974/698/1497
f 976/697/1498 978/698/1498 975/699/1498
f 982/698/1499 980/697/1499 979/699/1499
f 984/697/1499 986/698/1499 983/699/1499
f 987/699/1500 989/703/1500 988/697/1500
f 994/698/1501 992/697/1501 991/699/1501
f 996/697/1502 998/698/1502 995/699/1502
f 999/699/1503 1001/703/1503 1002/698/1503
f 1006/698/1504 1004/697/1504 1003/699/1504
f 1010/698/1505 1008/697/1505 1007/699/1505
f 1011/699/1506 1013/703/1506 1012/697/1506
f 1016/697/1506 1018/698/1507 1015/699/1507
f 1019/699/1508 1021/703/1508 1022/698/1508
f 1024/697/1509 1026/698/1509 1023/699/1509
f 1028/697/1510 1030/698/1510 1027/699/1510
f 1034/698/1510 1032/697/1510 1031/699/1510
f 1036/697/1511 1038/698/1511 1035/699/1511
f 1042/698/1511 1040/697/1511 1039/699/1511
f 1043/699/1512 1045/703/1512 1046/698/1512
f 1047/699/1513 1049/703/1513 1050/698/1513
f 1051/699/1514 1053/703/1514 1054/698/1514
f 1056/697/1515 1058/698/1515 1055/699/1515
f 1062/698/1516 1060/697/1516 1059/699/1516
f 1066/698/1517 1064/697/1517 1063/699/1518
f 1068/697/1519 1070/698/1519 1067/699/1519
f 1074/698/1519 1072/697/1519 1071/699/1519
f 1075/699/1520 1077/703/1520 1076/697/1520
f 1082/698/1521 1080/697/1521 1079/699/1521
f 1084/697/1522 1086/698/1522 1083/699/1522
f 1088/697/1523 1090/698/1523 1087/699/1523
f 760/697/1400 761/703/1400 762/698/1400
f 764/697/1401 765/703/1401 766/698/1401
f 768/697/1418 769/703/1418 770/698/1418
f 772/697/1419 773/703/1419 774/698/1419
f 776/697/1420 777/703/1420 778/698/1420
f 780/697/1421 781/703/1421 782/698/1421
f 786/698/1401 785/703/1401 784/697/1401
f 788/697/1401 789/703/1401 790/698/1401
f 792/697/1418 793/703/1418 794/698/1418
f 796/697/1419 797/703/1419 798/698/1419
f 800/697/1420 801/703/1420 802/698/1420
f 804/697/1421 805/703/1421 806/698/1421
f 807/709/1422 810/742/1524 809/710/1423
f 814/710/1425 813/743/1525 812/712/1426
f 815/712/1428 818/743/1526 817/713/1429
f 822/713/1431 821/744/1527 820/715/1432
f 823/715/1434 826/744/1528 825/716/1435
f 830/716/1529 829/745/1529 828/718/1529
f 831/718/1438 834/745/1530 833/719/1439
f 838/719/1531 837/746/1531 836/721/1531
f 839/721/1532 842/746/1532 841/722/1532
f 846/722/1443 845/747/1533 844/724/1444
f 847/724/1446 850/747/1534 849/725/1447
f 854/725/1535 853/728/1535 852/727/1535
f 858/728/1450 857/748/1536 856/729/1451
f 859/729/1453 862/748/1537 861/730/1454
f 863/731/1456 866/730/1538 865/732/1457
f 870/732/1459 869/749/1539 868/734/1460
f 871/734/1462 874/749/1540 873/735/1463
f 878/735/1465 877/750/1541 876/737/1466
f 879/737/1468 882/750/1542 881/738/1469
f 886/738/1471 885/751/1543 884/740/1472
f 947/699/1494 948/697/1494 949/703/1494
f 954/698/1494 953/703/1494 952/697/1494
f 958/698/1495 957/703/1495 956/697/1495
f 960/697/1495 961/703/1495 962/698/1495
f 964/697/1496 965/703/1496 966/698/1496
f 970/698/1496 969/703/1496 968/697/1496
f 971/699/1497 972/697/1497 973/703/1497
f 976/697/1498 977/703/1498 978/698/1498
f 982/698/1499 981/703/1499 980/697/1499
f 984/697/1499 985/703/1499 986/698/1499
f 987/699/1500 990/698/1500 989/703/1500
f 994/698/1501 993/703/1501 992/697/1501
f 996/697/1502 997/703/1502 998/698/1502
f 999/699/1503 1000/697/1503 1001/703/1503
f 1006/698/1504 1005/703/1504 1004/697/1504
f 1010/698/1505 1009/703/1505 1008/697/1505
f 1011/699/1506 1014/698/1506 1013/703/1506
f 1016/697/1506 1017/703/1506 1018/698/1507
f 1019/699/1508 1020/697/1508 1021/703/1508
f 1024/697/1509 1025/703/1509 1026/698/1509
f 1028/697/1510 1029/703/1510 1030/698/1510
f 1034/698/1510 1033/703/1510 1032/697/1510
f 1036/697/1511 1037/703/1511 1038/698/1511
f 1042/698/1511 1041/703/1511 1040/697/1511
f 1043/699/1512 1044/697/1512 1045/703/1512
f 1047/699/1513 1048/697/1513 1049/703/1513
f 1051/699/1514 1052/697/1514 1053/703/1514
f 1056/697/1515 1057/703/1515 1058/698/1515
f 1062/698/1516 1061/703/1544 1060/697/1516
f 1066/698/1517 1065/703/1517 1064/697/1517
f 1068/697/1519 1069/703/1519 1070/698/1519
f 1074/698/1519 1073/703/1519 1072/697/1519
f 1075/699/1520 1078/698/1520 1077/703/1520
f 1082/698/1521 1081/703/1521 1080/697/1521
f 1084/697/1522 1085/703/1522 1086/698/1522
f 1088/697/1523 1089/703/1523 1090/698/1523
