# Blender 5.1.2
# www.blender.org
o st_ringband
v 0.970000 0.012000 0.000000
v 1.030000 0.012000 0.000000
v 1.029206 0.012000 -0.040438
v 0.969252 0.012000 -0.038082
v 0.969252 0.000000 -0.038082
v 1.029206 0.000000 -0.040438
v 1.030000 0.000000 0.000000
v 0.970000 0.000000 0.000000
v 1.030000 0.000000 0.000000
v 1.029206 0.000000 -0.040438
v 1.029206 0.012000 -0.040438
v 1.030000 0.012000 0.000000
v 0.969252 0.000000 -0.038082
v 0.970000 0.000000 0.000000
v 0.970000 0.012000 0.000000
v 0.969252 0.012000 -0.038082
v 0.969252 0.012000 -0.038082
v 1.029206 0.012000 -0.040438
v 1.026825 0.012000 -0.080813
v 0.967010 0.012000 -0.076105
v 0.967010 0.000000 -0.076105
v 1.026825 0.000000 -0.080813
v 1.029206 0.000000 -0.040438
v 0.969252 0.000000 -0.038082
v 1.029206 0.000000 -0.040438
v 1.026825 0.000000 -0.080813
v 1.026825 0.012000 -0.080813
v 1.029206 0.012000 -0.040438
v 0.967010 0.000000 -0.076105
v 0.969252 0.000000 -0.038082
v 0.969252 0.012000 -0.038082
v 0.967010 0.012000 -0.076105
v 0.967010 0.012000 -0.076105
v 1.026825 0.012000 -0.080813
v 1.022861 0.012000 -0.121064
v 0.963276 0.012000 -0.114011
v 0.963276 0.000000 -0.114011
v 1.022861 0.000000 -0.121064
v 1.026825 0.000000 -0.080813
v 0.967010 0.000000 -0.076105
v 1.026825 0.000000 -0.080813
v 1.022861 0.000000 -0.121064
v 1.022861 0.012000 -0.121064
v 1.026825 0.012000 -0.080813
v 0.963276 0.000000 -0.114011
v 0.967010 0.000000 -0.076105
v 0.967010 0.012000 -0.076105
v 0.963276 0.012000 -0.114011
v 0.963276 0.012000 -0.114011
v 1.022861 0.012000 -0.121064
v 1.017319 0.012000 -0.161127
v 0.958058 0.012000 -0.151741
v 0.958058 0.000000 -0.151741
v 1.017319 0.000000 -0.161127
v 1.022861 0.000000 -0.121064
v 0.963276 0.000000 -0.114011
v 1.022861 0.000000 -0.121064
v 1.017319 0.000000 -0.161127
v 1.017319 0.012000 -0.161127
v 1.022861 0.012000 -0.121064
v 0.958058 0.000000 -0.151741
v 0.963276 0.000000 -0.114011
v 0.963276 0.012000 -0.114011
v 0.958058 0.012000 -0.151741
v 0.958058 0.012000 -0.151741
v 1.017319 0.012000 -0.161127
v 1.010209 0.012000 -0.200943
v 0.951362 0.012000 -0.189238
v 0.951362 0.000000 -0.189238
v 1.010209 0.000000 -0.200943
v 1.017319 0.000000 -0.161127
v 0.958058 0.000000 -0.151741
v 1.017319 0.000000 -0.161127
v 1.010209 0.000000 -0.200943
v 1.010209 0.012000 -0.200943
v 1.017319 0.012000 -0.161127
v 0.951362 0.000000 -0.189238
v 0.958058 0.000000 -0.151741
v 0.958058 0.012000 -0.151741
v 0.951362 0.012000 -0.189238
v 0.951362 0.012000 -0.189238
v 1.010209 0.012000 -0.200943
v 1.001541 0.012000 -0.240449
v 0.943199 0.012000 -0.226442
v 0.943199 0.000000 -0.226442
v 1.001541 0.000000 -0.240449
v 1.010209 0.000000 -0.200943
v 0.951362 0.000000 -0.189238
v 1.010209 0.000000 -0.200943
v 1.001541 0.000000 -0.240449
v 1.001541 0.012000 -0.240449
v 1.010209 0.012000 -0.200943
v 0.943199 0.000000 -0.226442
v 0.951362 0.000000 -0.189238
v 0.951362 0.012000 -0.189238
v 0.943199 0.012000 -0.226442
v 0.943199 0.012000 -0.226442
v 1.001541 0.012000 -0.240449
v 0.991329 0.012000 -0.279584
v 0.933582 0.012000 -0.263297
v 0.933582 0.000000 -0.263297
v 0.991329 0.000000 -0.279584
v 1.001541 0.000000 -0.240449
v 0.943199 0.000000 -0.226442
v 1.001541 0.000000 -0.240449
v 0.991329 0.000000 -0.279584
v 0.991329 0.012000 -0.279584
v 1.001541 0.012000 -0.240449
v 0.933582 0.000000 -0.263297
v 0.943199 0.000000 -0.226442
v 0.943199 0.012000 -0.226442
v 0.933582 0.012000 -0.263297
v 0.933582 0.012000 -0.263297
v 0.991329 0.012000 -0.279584
v 0.979588 0.012000 -0.318287
v 0.922525 0.012000 -0.299746
v 0.922525 0.000000 -0.299746
v 0.979588 0.000000 -0.318287
v 0.991329 0.000000 -0.279584
v 0.933582 0.000000 -0.263297
v 0.991329 0.000000 -0.279584
v 0.979588 0.000000 -0.318287
v 0.979588 0.012000 -0.318287
v 0.991329 0.012000 -0.279584
v 0.922525 0.000000 -0.299746
v 0.933582 0.000000 -0.263297
v 0.933582 0.012000 -0.263297
v 0.922525 0.012000 -0.299746
v 0.922525 0.012000 -0.299746
v 0.979588 0.012000 -0.318287
v 0.966337 0.012000 -0.356501
v 0.910046 0.012000 -0.335734
v 0.910046 0.000000 -0.335734
v 0.966337 0.000000 -0.356501
v 0.979588 0.000000 -0.318287
v 0.922525 0.000000 -0.299746
v 0.979588 0.000000 -0.318287
v 0.966337 0.000000 -0.356501
v 0.966337 0.012000 -0.356501
v 0.979588 0.012000 -0.318287
v 0.910046 0.000000 -0.335734
v 0.922525 0.000000 -0.299746
v 0.922525 0.012000 -0.299746
v 0.910046 0.012000 -0.335734
v 0.910046 0.012000 -0.335734
v 0.966337 0.012000 -0.356501
v 0.951596 0.012000 -0.394164
v 0.896163 0.012000 -0.371203
v 0.896163 0.000000 -0.371203
v 0.951596 0.000000 -0.394164
v 0.966337 0.000000 -0.356501
v 0.910046 0.000000 -0.335734
v 0.966337 0.000000 -0.356501
v 0.951596 0.000000 -0.394164
v 0.951596 0.012000 -0.394164
v 0.966337 0.012000 -0.356501
v 0.896163 0.000000 -0.371203
v 0.910046 0.000000 -0.335734
v 0.910046 0.012000 -0.335734
v 0.896163 0.012000 -0.371203
v 0.896163 0.012000 -0.371203
v 0.951596 0.012000 -0.394164
v 0.935387 0.012000 -0.431220
v 0.880899 0.012000 -0.406100
v 0.880899 0.000000 -0.406100
v 0.935387 0.000000 -0.431220
v 0.951596 0.000000 -0.394164
v 0.896163 0.000000 -0.371203
v 0.951596 0.000000 -0.394164
v 0.935387 0.000000 -0.431220
v 0.935387 0.012000 -0.431220
v 0.951596 0.012000 -0.394164
v 0.880899 0.000000 -0.406100
v 0.896163 0.000000 -0.371203
v 0.896163 0.012000 -0.371203
v 0.880899 0.012000 -0.406100
v 0.880899 0.012000 -0.406100
v 0.935387 0.012000 -0.431220
v 0.917737 0.012000 -0.467610
v 0.864276 0.012000 -0.440371
v 0.864276 0.000000 -0.440371
v 0.917737 0.000000 -0.467610
v 0.935387 0.000000 -0.431220
v 0.880899 0.000000 -0.406100
v 0.935387 0.000000 -0.431220
v 0.917737 0.000000 -0.467610
v 0.917737 0.012000 -0.467610
v 0.935387 0.012000 -0.431220
v 0.864276 0.000000 -0.440371
v 0.880899 0.000000 -0.406100
v 0.880899 0.012000 -0.406100
v 0.864276 0.012000 -0.440371
v 0.864276 0.012000 -0.440371
v 0.917737 0.012000 -0.467610
v 0.898671 0.012000 -0.503280
v 0.846321 0.012000 -0.473963
v 0.846321 0.000000 -0.473963
v 0.898671 0.000000 -0.503280
v 0.917737 0.000000 -0.467610
v 0.864276 0.000000 -0.440371
v 0.917737 0.000000 -0.467610
v 0.898671 0.000000 -0.503280
v 0.898671 0.012000 -0.503280
v 0.917737 0.012000 -0.467610
v 0.846321 0.000000 -0.473963
v 0.864276 0.000000 -0.440371
v 0.864276 0.012000 -0.440371
v 0.846321 0.012000 -0.473963
v 0.846321 0.012000 -0.473963
v 0.898671 0.012000 -0.503280
v 0.878219 0.012000 -0.538173
v 0.827061 0.012000 -0.506824
v 0.827061 0.000000 -0.506824
v 0.878219 0.000000 -0.538173
v 0.898671 0.000000 -0.503280
v 0.846321 0.000000 -0.473963
v 0.898671 0.000000 -0.503280
v 0.878219 0.000000 -0.538173
v 0.878219 0.012000 -0.538173
v 0.898671 0.012000 -0.503280
v 0.827061 0.000000 -0.506824
v 0.846321 0.000000 -0.473963
v 0.846321 0.012000 -0.473963
v 0.827061 0.012000 -0.506824
v 0.827061 0.012000 -0.506824
v 0.878219 0.012000 -0.538173
v 0.856414 0.012000 -0.572237
v 0.806526 0.012000 -0.538903
v 0.806526 0.000000 -0.538903
v 0.856414 0.000000 -0.572237
v 0.878219 0.000000 -0.538173
v 0.827061 0.000000 -0.506824
v 0.878219 0.000000 -0.538173
v 0.856414 0.000000 -0.572237
v 0.856414 0.012000 -0.572237
v 0.878219 0.012000 -0.538173
v 0.806526 0.000000 -0.538903
v 0.827061 0.000000 -0.506824
v 0.827061 0.012000 -0.506824
v 0.806526 0.012000 -0.538903
v 0.806526 0.012000 -0.538903
v 0.856414 0.012000 -0.572237
v 0.833287 0.012000 -0.605419
v 0.784746 0.012000 -0.570152
v 0.784746 0.000000 -0.570152
v 0.833287 0.000000 -0.605419
v 0.856414 0.000000 -0.572237
v 0.806526 0.000000 -0.538903
v 0.856414 0.000000 -0.572237
v 0.833287 0.000000 -0.605419
v 0.833287 0.012000 -0.605419
v 0.856414 0.012000 -0.572237
v 0.784746 0.000000 -0.570152
v 0.806526 0.000000 -0.538903
v 0.806526 0.012000 -0.538903
v 0.784746 0.012000 -0.570152
v 0.784746 0.012000 -0.570152
v 0.833287 0.012000 -0.605419
v 0.808876 0.012000 -0.637667
v 0.761757 0.012000 -0.600521
v 0.761757 0.000000 -0.600521
v 0.808876 0.000000 -0.637667
v 0.833287 0.000000 -0.605419
v 0.784746 0.000000 -0.570152
v 0.833287 0.000000 -0.605419
v 0.808876 0.000000 -0.637667
v 0.808876 0.012000 -0.637667
v 0.833287 0.012000 -0.605419
v 0.761757 0.000000 -0.600521
v 0.784746 0.000000 -0.570152
v 0.784746 0.012000 -0.570152
v 0.761757 0.012000 -0.600521
v 0.761757 0.012000 -0.600521
v 0.808876 0.012000 -0.637667
v 0.783218 0.012000 -0.668931
v 0.737594 0.012000 -0.629965
v 0.737594 0.000000 -0.629965
v 0.783218 0.000000 -0.668931
v 0.808876 0.000000 -0.637667
v 0.761757 0.000000 -0.600521
v 0.808876 0.000000 -0.637667
v 0.783218 0.000000 -0.668931
v 0.783218 0.012000 -0.668931
v 0.808876 0.012000 -0.637667
v 0.737594 0.000000 -0.629965
v 0.761757 0.000000 -0.600521
v 0.761757 0.012000 -0.600521
v 0.737594 0.012000 -0.629965
v 0.737594 0.012000 -0.629965
v 0.783218 0.012000 -0.668931
v 0.756352 0.012000 -0.699165
v 0.712293 0.012000 -0.658437
v 0.712293 0.000000 -0.658437
v 0.756352 0.000000 -0.699165
v 0.783218 0.000000 -0.668931
v 0.737594 0.000000 -0.629965
v 0.783218 0.000000 -0.668931
v 0.756352 0.000000 -0.699165
v 0.756352 0.012000 -0.699165
v 0.783218 0.012000 -0.668931
v 0.712293 0.000000 -0.658437
v 0.737594 0.000000 -0.629965
v 0.737594 0.012000 -0.629965
v 0.712293 0.012000 -0.658437
v 0.712293 0.012000 -0.658437
v 0.756352 0.012000 -0.699165
v 0.728320 0.012000 -0.728320
v 0.685894 0.012000 -0.685894
v 0.685894 0.000000 -0.685894
v 0.728320 0.000000 -0.728320
v 0.756352 0.000000 -0.699165
v 0.712293 0.000000 -0.658437
v 0.756352 0.000000 -0.699165
v 0.728320 0.000000 -0.728320
v 0.728320 0.012000 -0.728320
v 0.756352 0.012000 -0.699165
v 0.685894 0.000000 -0.685894
v 0.712293 0.000000 -0.658437
v 0.712293 0.012000 -0.658437
v 0.685894 0.012000 -0.685894
v 0.685894 0.012000 -0.685894
v 0.728320 0.012000 -0.728320
v 0.699165 0.012000 -0.756352
v 0.658437 0.012000 -0.712293
v 0.658437 0.000000 -0.712293
v 0.699165 0.000000 -0.756352
v 0.728320 0.000000 -0.728320
v 0.685894 0.000000 -0.685894
v 0.728320 0.000000 -0.728320
v 0.699165 0.000000 -0.756352
v 0.699165 0.012000 -0.756352
v 0.728320 0.012000 -0.728320
v 0.658437 0.000000 -0.712293
v 0.685894 0.000000 -0.685894
v 0.685894 0.012000 -0.685894
v 0.658437 0.012000 -0.712293
v 0.658437 0.012000 -0.712293
v 0.699165 0.012000 -0.756352
v 0.668931 0.012000 -0.783218
v 0.629965 0.012000 -0.737594
v 0.629965 0.000000 -0.737594
v 0.668931 0.000000 -0.783218
v 0.699165 0.000000 -0.756352
v 0.658437 0.000000 -0.712293
v 0.699165 0.000000 -0.756352
v 0.668931 0.000000 -0.783218
v 0.668931 0.012000 -0.783218
v 0.699165 0.012000 -0.756352
v 0.629965 0.000000 -0.737594
v 0.658437 0.000000 -0.712293
v 0.658437 0.012000 -0.712293
v 0.629965 0.012000 -0.737594
v 0.629965 0.012000 -0.737594
v 0.668931 0.012000 -0.783218
v 0.637667 0.012000 -0.808876
v 0.600521 0.012000 -0.761757
v 0.600521 0.000000 -0.761757
v 0.637667 0.000000 -0.808876
v 0.668931 0.000000 -0.783218
v 0.629965 0.000000 -0.737594
v 0.668931 0.000000 -0.783218
v 0.637667 0.000000 -0.808876
v 0.637667 0.012000 -0.808876
v 0.668931 0.012000 -0.783218
v 0.600521 0.000000 -0.761757
v 0.629965 0.000000 -0.737594
v 0.629965 0.012000 -0.737594
v 0.600521 0.012000 -0.761757
v 0.600521 0.012000 -0.761757
v 0.637667 0.012000 -0.808876
v 0.605419 0.012000 -0.833287
v 0.570152 0.012000 -0.784746
v 0.570152 0.000000 -0.784746
v 0.605419 0.000000 -0.833287
v 0.637667 0.000000 -0.808876
v 0.600521 0.000000 -0.761757
v 0.637667 0.000000 -0.808876
v 0.605419 0.000000 -0.833287
v 0.605419 0.012000 -0.833287
v 0.637667 0.012000 -0.808876
v 0.570152 0.000000 -0.784746
v 0.600521 0.000000 -0.761757
v 0.600521 0.012000 -0.761757
v 0.570152 0.012000 -0.784746
v 0.570152 0.012000 -0.784746
v 0.605419 0.012000 -0.833287
v 0.572237 0.012000 -0.856414
v 0.538903 0.012000 -0.806526
v 0.538903 0.000000 -0.806526
v 0.572237 0.000000 -0.856414
v 0.605419 0.000000 -0.833287
v 0.570152 0.000000 -0.784746
v 0.605419 0.000000 -0.833287
v 0.572237 0.000000 -0.856414
v 0.572237 0.012000 -0.856414
v 0.605419 0.012000 -0.833287
v 0.538903 0.000000 -0.806526
v 0.570152 0.000000 -0.784746
v 0.570152 0.012000 -0.784746
v 0.538903 0.012000 -0.806526
v 0.538903 0.012000 -0.806526
v 0.572237 0.012000 -0.856414
v 0.538173 0.012000 -0.878219
v 0.506824 0.012000 -0.827061
v 0.506824 0.000000 -0.827061
v 0.538173 0.000000 -0.878219
v 0.572237 0.000000 -0.856414
v 0.538903 0.000000 -0.806526
v 0.572237 0.000000 -0.856414
v 0.538173 0.000000 -0.878219
v 0.538173 0.012000 -0.878219
v 0.572237 0.012000 -0.856414
v 0.506824 0.000000 -0.827061
v 0.538903 0.000000 -0.806526
v 0.538903 0.012000 -0.806526
v 0.506824 0.012000 -0.827061
v 0.506824 0.012000 -0.827061
v 0.538173 0.012000 -0.878219
v 0.503280 0.012000 -0.898671
v 0.473963 0.012000 -0.846321
v 0.473963 0.000000 -0.846321
v 0.503280 0.000000 -0.898671
v 0.538173 0.000000 -0.878219
v 0.506824 0.000000 -0.827061
v 0.538173 0.000000 -0.878219
v 0.503280 0.000000 -0.898671
v 0.503280 0.012000 -0.898671
v 0.538173 0.012000 -0.878219
v 0.473963 0.000000 -0.846321
v 0.506824 0.000000 -0.827061
v 0.506824 0.012000 -0.827061
v 0.473963 0.012000 -0.846321
v 0.473963 0.012000 -0.846321
v 0.503280 0.012000 -0.898671
v 0.467610 0.012000 -0.917737
v 0.440371 0.012000 -0.864276
v 0.440371 0.000000 -0.864276
v 0.467610 0.000000 -0.917737
v 0.503280 0.000000 -0.898671
v 0.473963 0.000000 -0.846321
v 0.503280 0.000000 -0.898671
v 0.467610 0.000000 -0.917737
v 0.467610 0.012000 -0.917737
v 0.503280 0.012000 -0.898671
v 0.440371 0.000000 -0.864276
v 0.473963 0.000000 -0.846321
v 0.473963 0.012000 -0.846321
v 0.440371 0.012000 -0.864276
v 0.440371 0.012000 -0.864276
v 0.467610 0.012000 -0.917737
v 0.431220 0.012000 -0.935387
v 0.406100 0.012000 -0.880899
v 0.406100 0.000000 -0.880899
v 0.431220 0.000000 -0.935387
v 0.467610 0.000000 -0.917737
v 0.440371 0.000000 -0.864276
v 0.467610 0.000000 -0.917737
v 0.431220 0.000000 -0.935387
v 0.431220 0.012000 -0.935387
v 0.467610 0.012000 -0.917737
v 0.406100 0.000000 -0.880899
v 0.440371 0.000000 -0.864276
v 0.440371 0.012000 -0.864276
v 0.406100 0.012000 -0.880899
v 0.406100 0.012000 -0.880899
v 0.431220 0.012000 -0.935387
v 0.394164 0.012000 -0.951596
v 0.371203 0.012000 -0.896163
v 0.371203 0.000000 -0.896163
v 0.394164 0.000000 -0.951596
v 0.431220 0.000000 -0.935387
v 0.406100 0.000000 -0.880899
v 0.431220 0.000000 -0.935387
v 0.394164 0.000000 -0.951596
v 0.394164 0.012000 -0.951596
v 0.431220 0.012000 -0.935387
v 0.371203 0.000000 -0.896163
v 0.406100 0.000000 -0.880899
v 0.406100 0.012000 -0.880899
v 0.371203 0.012000 -0.896163
v 0.371203 0.012000 -0.896163
v 0.394164 0.012000 -0.951596
v 0.356501 0.012000 -0.966337
v 0.335734 0.012000 -0.910046
v 0.335734 0.000000 -0.910046
v 0.356501 0.000000 -0.966337
v 0.394164 0.000000 -0.951596
v 0.371203 0.000000 -0.896163
v 0.394164 0.000000 -0.951596
v 0.356501 0.000000 -0.966337
v 0.356501 0.012000 -0.966337
v 0.394164 0.012000 -0.951596
v 0.335734 0.000000 -0.910046
v 0.371203 0.000000 -0.896163
v 0.371203 0.012000 -0.896163
v 0.335734 0.012000 -0.910046
v 0.335734 0.012000 -0.910046
v 0.356501 0.012000 -0.966337
v 0.318287 0.012000 -0.979588
v 0.299746 0.012000 -0.922525
v 0.299746 0.000000 -0.922525
v 0.318287 0.000000 -0.979588
v 0.356501 0.000000 -0.966337
v 0.335734 0.000000 -0.910046
v 0.356501 0.000000 -0.966337
v 0.318287 0.000000 -0.979588
v 0.318287 0.012000 -0.979588
v 0.356501 0.012000 -0.966337
v 0.299746 0.000000 -0.922525
v 0.335734 0.000000 -0.910046
v 0.335734 0.012000 -0.910046
v 0.299746 0.012000 -0.922525
v 0.299746 0.012000 -0.922525
v 0.318287 0.012000 -0.979588
v 0.279584 0.012000 -0.991329
v 0.263297 0.012000 -0.933582
v 0.263297 0.000000 -0.933582
v 0.279584 0.000000 -0.991329
v 0.318287 0.000000 -0.979588
v 0.299746 0.000000 -0.922525
v 0.318287 0.000000 -0.979588
v 0.279584 0.000000 -0.991329
v 0.279584 0.012000 -0.991329
v 0.318287 0.012000 -0.979588
v 0.263297 0.000000 -0.933582
v 0.299746 0.000000 -0.922525
v 0.299746 0.012000 -0.922525
v 0.263297 0.012000 -0.933582
v 0.263297 0.012000 -0.933582
v 0.279584 0.012000 -0.991329
v 0.240449 0.012000 -1.001541
v 0.226442 0.012000 -0.943199
v 0.226442 0.000000 -0.943199
v 0.240449 0.000000 -1.001541
v 0.279584 0.000000 -0.991329
v 0.263297 0.000000 -0.933582
v 0.279584 0.000000 -0.991329
v 0.240449 0.000000 -1.001541
v 0.240449 0.012000 -1.001541
v 0.279584 0.012000 -0.991329
v 0.226442 0.000000 -0.943199
v 0.263297 0.000000 -0.933582
v 0.263297 0.012000 -0.933582
v 0.226442 0.012000 -0.943199
v 0.226442 0.012000 -0.943199
v 0.240449 0.012000 -1.001541
v 0.200943 0.012000 -1.010209
v 0.189238 0.012000 -0.951362
v 0.189238 0.000000 -0.951362
v 0.200943 0.000000 -1.010209
v 0.240449 0.000000 -1.001541
v 0.226442 0.000000 -0.943199
v 0.240449 0.000000 -1.001541
v 0.200943 0.000000 -1.010209
v 0.200943 0.012000 -1.010209
v 0.240449 0.012000 -1.001541
v 0.189238 0.000000 -0.951362
v 0.226442 0.000000 -0.943199
v 0.226442 0.012000 -0.943199
v 0.189238 0.012000 -0.951362
v 0.189238 0.012000 -0.951362
v 0.200943 0.012000 -1.010209
v 0.161127 0.012000 -1.017319
v 0.151741 0.012000 -0.958058
v 0.151741 0.000000 -0.958058
v 0.161127 0.000000 -1.017319
v 0.200943 0.000000 -1.010209
v 0.189238 0.000000 -0.951362
v 0.200943 0.000000 -1.010209
v 0.161127 0.000000 -1.017319
v 0.161127 0.012000 -1.017319
v 0.200943 0.012000 -1.010209
v 0.151741 0.000000 -0.958058
v 0.189238 0.000000 -0.951362
v 0.189238 0.012000 -0.951362
v 0.151741 0.012000 -0.958058
v 0.151741 0.012000 -0.958058
v 0.161127 0.012000 -1.017319
v 0.121064 0.012000 -1.022861
v 0.114011 0.012000 -0.963276
v 0.114011 0.000000 -0.963276
v 0.121064 0.000000 -1.022861
v 0.161127 0.000000 -1.017319
v 0.151741 0.000000 -0.958058
v 0.161127 0.000000 -1.017319
v 0.121064 0.000000 -1.022861
v 0.121064 0.012000 -1.022861
v 0.161127 0.012000 -1.017319
v 0.114011 0.000000 -0.963276
v 0.151741 0.000000 -0.958058
v 0.151741 0.012000 -0.958058
v 0.114011 0.012000 -0.963276
v 0.114011 0.012000 -0.963276
v 0.121064 0.012000 -1.022861
v 0.080813 0.012000 -1.026825
v 0.076105 0.012000 -0.967010
v 0.076105 0.000000 -0.967010
v 0.080813 0.000000 -1.026825
v 0.121064 0.000000 -1.022861
v 0.114011 0.000000 -0.963276
v 0.121064 0.000000 -1.022861
v 0.080813 0.000000 -1.026825
v 0.080813 0.012000 -1.026825
v 0.121064 0.012000 -1.022861
v 0.076105 0.000000 -0.967010
v 0.114011 0.000000 -0.963276
v 0.114011 0.012000 -0.963276
v 0.076105 0.012000 -0.967010
v 0.076105 0.012000 -0.967010
v 0.080813 0.012000 -1.026825
v 0.040438 0.012000 -1.029206
v 0.038082 0.012000 -0.969252
v 0.038082 0.000000 -0.969252
v 0.040438 0.000000 -1.029206
v 0.080813 0.000000 -1.026825
v 0.076105 0.000000 -0.967010
v 0.080813 0.000000 -1.026825
v 0.040438 0.000000 -1.029206
v 0.040438 0.012000 -1.029206
v 0.080813 0.012000 -1.026825
v 0.038082 0.000000 -0.969252
v 0.076105 0.000000 -0.967010
v 0.076105 0.012000 -0.967010
v 0.038082 0.012000 -0.969252
v 0.038082 0.012000 -0.969252
v 0.040438 0.012000 -1.029206
v 0.000000 0.012000 -1.030000
v 0.000000 0.012000 -0.970000
v 0.000000 0.000000 -0.970000
v 0.000000 0.000000 -1.030000
v 0.040438 0.000000 -1.029206
v 0.038082 0.000000 -0.969252
v 0.040438 0.000000 -1.029206
v 0.000000 0.000000 -1.030000
v 0.000000 0.012000 -1.030000
v 0.040438 0.012000 -1.029206
v 0.000000 0.000000 -0.970000
v 0.038082 0.000000 -0.969252
v 0.038082 0.012000 -0.969252
v 0.000000 0.012000 -0.970000
v 0.000000 0.012000 -0.970000
v 0.000000 0.012000 -1.030000
v -0.040438 0.012000 -1.029206
v -0.038082 0.012000 -0.969252
v -0.038082 0.000000 -0.969252
v -0.040438 0.000000 -1.029206
v 0.000000 0.000000 -1.030000
v 0.000000 0.000000 -0.970000
v 0.000000 0.000000 -1.030000
v -0.040438 0.000000 -1.029206
v -0.040438 0.012000 -1.029206
v 0.000000 0.012000 -1.030000
v -0.038082 0.000000 -0.969252
v 0.000000 0.000000 -0.970000
v 0.000000 0.012000 -0.970000
v -0.038082 0.012000 -0.969252
v -0.038082 0.012000 -0.969252
v -0.040438 0.012000 -1.029206
v -0.080813 0.012000 -1.026825
v -0.076105 0.012000 -0.967010
v -0.076105 0.000000 -0.967010
v -0.080813 0.000000 -1.026825
v -0.040438 0.000000 -1.029206
v -0.038082 0.000000 -0.969252
v -0.040438 0.000000 -1.029206
v -0.080813 0.000000 -1.026825
v -0.080813 0.012000 -1.026825
v -0.040438 0.012000 -1.029206
v -0.076105 0.000000 -0.967010
v -0.038082 0.000000 -0.969252
v -0.038082 0.012000 -0.969252
v -0.076105 0.012000 -0.967010
v -0.076105 0.012000 -0.967010
v -0.080813 0.012000 -1.026825
v -0.121064 0.012000 -1.022861
v -0.114011 0.012000 -0.963276
v -0.114011 0.000000 -0.963276
v -0.121064 0.000000 -1.022861
v -0.080813 0.000000 -1.026825
v -0.076105 0.000000 -0.967010
v -0.080813 0.000000 -1.026825
v -0.121064 0.000000 -1.022861
v -0.121064 0.012000 -1.022861
v -0.080813 0.012000 -1.026825
v -0.114011 0.000000 -0.963276
v -0.076105 0.000000 -0.967010
v -0.076105 0.012000 -0.967010
v -0.114011 0.012000 -0.963276
v -0.114011 0.012000 -0.963276
v -0.121064 0.012000 -1.022861
v -0.161127 0.012000 -1.017319
v -0.151741 0.012000 -0.958058
v -0.151741 0.000000 -0.958058
v -0.161127 0.000000 -1.017319
v -0.121064 0.000000 -1.022861
v -0.114011 0.000000 -0.963276
v -0.121064 0.000000 -1.022861
v -0.161127 0.000000 -1.017319
v -0.161127 0.012000 -1.017319
v -0.121064 0.012000 -1.022861
v -0.151741 0.000000 -0.958058
v -0.114011 0.000000 -0.963276
v -0.114011 0.012000 -0.963276
v -0.151741 0.012000 -0.958058
v -0.151741 0.012000 -0.958058
v -0.161127 0.012000 -1.017319
v -0.200943 0.012000 -1.010209
v -0.189238 0.012000 -0.951362
v -0.189238 0.000000 -0.951362
v -0.200943 0.000000 -1.010209
v -0.161127 0.000000 -1.017319
v -0.151741 0.000000 -0.958058
v -0.161127 0.000000 -1.017319
v -0.200943 0.000000 -1.010209
v -0.200943 0.012000 -1.010209
v -0.161127 0.012000 -1.017319
v -0.189238 0.000000 -0.951362
v -0.151741 0.000000 -0.958058
v -0.151741 0.012000 -0.958058
v -0.189238 0.012000 -0.951362
v -0.189238 0.012000 -0.951362
v -0.200943 0.012000 -1.010209
v -0.240449 0.012000 -1.001541
v -0.226442 0.012000 -0.943199
v -0.226442 0.000000 -0.943199
v -0.240449 0.000000 -1.001541
v -0.200943 0.000000 -1.010209
v -0.189238 0.000000 -0.951362
v -0.200943 0.000000 -1.010209
v -0.240449 0.000000 -1.001541
v -0.240449 0.012000 -1.001541
v -0.200943 0.012000 -1.010209
v -0.226442 0.000000 -0.943199
v -0.189238 0.000000 -0.951362
v -0.189238 0.012000 -0.951362
v -0.226442 0.012000 -0.943199
v -0.226442 0.012000 -0.943199
v -0.240449 0.012000 -1.001541
v -0.279584 0.012000 -0.991329
v -0.263297 0.012000 -0.933582
v -0.263297 0.000000 -0.933582
v -0.279584 0.000000 -0.991329
v -0.240449 0.000000 -1.001541
v -0.226442 0.000000 -0.943199
v -0.240449 0.000000 -1.001541
v -0.279584 0.000000 -0.991329
v -0.279584 0.012000 -0.991329
v -0.240449 0.012000 -1.001541
v -0.263297 0.000000 -0.933582
v -0.226442 0.000000 -0.943199
v -0.226442 0.012000 -0.943199
v -0.263297 0.012000 -0.933582
v -0.263297 0.012000 -0.933582
v -0.279584 0.012000 -0.991329
v -0.318287 0.012000 -0.979588
v -0.299746 0.012000 -0.922525
v -0.299746 0.000000 -0.922525
v -0.318287 0.000000 -0.979588
v -0.279584 0.000000 -0.991329
v -0.263297 0.000000 -0.933582
v -0.279584 0.000000 -0.991329
v -0.318287 0.000000 -0.979588
v -0.318287 0.012000 -0.979588
v -0.279584 0.012000 -0.991329
v -0.299746 0.000000 -0.922525
v -0.263297 0.000000 -0.933582
v -0.263297 0.012000 -0.933582
v -0.299746 0.012000 -0.922525
v -0.299746 0.012000 -0.922525
v -0.318287 0.012000 -0.979588
v -0.356501 0.012000 -0.966337
v -0.335734 0.012000 -0.910046
v -0.335734 0.000000 -0.910046
v -0.356501 0.000000 -0.966337
v -0.318287 0.000000 -0.979588
v -0.299746 0.000000 -0.922525
v -0.318287 0.000000 -0.979588
v -0.356501 0.000000 -0.966337
v -0.356501 0.012000 -0.966337
v -0.318287 0.012000 -0.979588
v -0.335734 0.000000 -0.910046
v -0.299746 0.000000 -0.922525
v -0.299746 0.012000 -0.922525
v -0.335734 0.012000 -0.910046
v -0.335734 0.012000 -0.910046
v -0.356501 0.012000 -0.966337
v -0.394164 0.012000 -0.951596
v -0.371203 0.012000 -0.896163
v -0.371203 0.000000 -0.896163
v -0.394164 0.000000 -0.951596
v -0.356501 0.000000 -0.966337
v -0.335734 0.000000 -0.910046
v -0.356501 0.000000 -0.966337
v -0.394164 0.000000 -0.951596
v -0.394164 0.012000 -0.951596
v -0.356501 0.012000 -0.966337
v -0.371203 0.000000 -0.896163
v -0.335734 0.000000 -0.910046
v -0.335734 0.012000 -0.910046
v -0.371203 0.012000 -0.896163
v -0.371203 0.012000 -0.896163
v -0.394164 0.012000 -0.951596
v -0.431220 0.012000 -0.935387
v -0.406100 0.012000 -0.880899
v -0.406100 0.000000 -0.880899
v -0.431220 0.000000 -0.935387
v -0.394164 0.000000 -0.951596
v -0.371203 0.000000 -0.896163
v -0.394164 0.000000 -0.951596
v -0.431220 0.000000 -0.935387
v -0.431220 0.012000 -0.935387
v -0.394164 0.012000 -0.951596
v -0.406100 0.000000 -0.880899
v -0.371203 0.000000 -0.896163
v -0.371203 0.012000 -0.896163
v -0.406100 0.012000 -0.880899
v -0.406100 0.012000 -0.880899
v -0.431220 0.012000 -0.935387
v -0.467610 0.012000 -0.917737
v -0.440371 0.012000 -0.864276
v -0.440371 0.000000 -0.864276
v -0.467610 0.000000 -0.917737
v -0.431220 0.000000 -0.935387
v -0.406100 0.000000 -0.880899
v -0.431220 0.000000 -0.935387
v -0.467610 0.000000 -0.917737
v -0.467610 0.012000 -0.917737
v -0.431220 0.012000 -0.935387
v -0.440371 0.000000 -0.864276
v -0.406100 0.000000 -0.880899
v -0.406100 0.012000 -0.880899
v -0.440371 0.012000 -0.864276
v -0.440371 0.012000 -0.864276
v -0.467610 0.012000 -0.917737
v -0.503280 0.012000 -0.898671
v -0.473963 0.012000 -0.846321
v -0.473963 0.000000 -0.846321
v -0.503280 0.000000 -0.898671
v -0.467610 0.000000 -0.917737
v -0.440371 0.000000 -0.864276
v -0.467610 0.000000 -0.917737
v -0.503280 0.000000 -0.898671
v -0.503280 0.012000 -0.898671
v -0.467610 0.012000 -0.917737
v -0.473963 0.000000 -0.846321
v -0.440371 0.000000 -0.864276
v -0.440371 0.012000 -0.864276
v -0.473963 0.012000 -0.846321
v -0.473963 0.012000 -0.846321
v -0.503280 0.012000 -0.898671
v -0.538173 0.012000 -0.878219
v -0.506824 0.012000 -0.827061
v -0.506824 0.000000 -0.827061
v -0.538173 0.000000 -0.878219
v -0.503280 0.000000 -0.898671
v -0.473963 0.000000 -0.846321
v -0.503280 0.000000 -0.898671
v -0.538173 0.000000 -0.878219
v -0.538173 0.012000 -0.878219
v -0.503280 0.012000 -0.898671
v -0.506824 0.000000 -0.827061
v -0.473963 0.000000 -0.846321
v -0.473963 0.012000 -0.846321
v -0.506824 0.012000 -0.827061
v -0.506824 0.012000 -0.827061
v -0.538173 0.012000 -0.878219
v -0.572237 0.012000 -0.856414
v -0.538903 0.012000 -0.806526
v -0.538903 0.000000 -0.806526
v -0.572237 0.000000 -0.856414
v -0.538173 0.000000 -0.878219
v -0.506824 0.000000 -0.827061
v -0.538173 0.000000 -0.878219
v -0.572237 0.000000 -0.856414
v -0.572237 0.012000 -0.856414
v -0.538173 0.012000 -0.878219
v -0.538903 0.000000 -0.806526
v -0.506824 0.000000 -0.827061
v -0.506824 0.012000 -0.827061
v -0.538903 0.012000 -0.806526
v -0.538903 0.012000 -0.806526
v -0.572237 0.012000 -0.856414
v -0.605419 0.012000 -0.833287
v -0.570152 0.012000 -0.784746
v -0.570152 0.000000 -0.784746
v -0.605419 0.000000 -0.833287
v -0.572237 0.000000 -0.856414
v -0.538903 0.000000 -0.806526
v -0.572237 0.000000 -0.856414
v -0.605419 0.000000 -0.833287
v -0.605419 0.012000 -0.833287
v -0.572237 0.012000 -0.856414
v -0.570152 0.000000 -0.784746
v -0.538903 0.000000 -0.806526
v -0.538903 0.012000 -0.806526
v -0.570152 0.012000 -0.784746
v -0.570152 0.012000 -0.784746
v -0.605419 0.012000 -0.833287
v -0.637667 0.012000 -0.808876
v -0.600521 0.012000 -0.761757
v -0.600521 0.000000 -0.761757
v -0.637667 0.000000 -0.808876
v -0.605419 0.000000 -0.833287
v -0.570152 0.000000 -0.784746
v -0.605419 0.000000 -0.833287
v -0.637667 0.000000 -0.808876
v -0.637667 0.012000 -0.808876
v -0.605419 0.012000 -0.833287
v -0.600521 0.000000 -0.761757
v -0.570152 0.000000 -0.784746
v -0.570152 0.012000 -0.784746
v -0.600521 0.012000 -0.761757
v -0.600521 0.012000 -0.761757
v -0.637667 0.012000 -0.808876
v -0.668931 0.012000 -0.783218
v -0.629965 0.012000 -0.737594
v -0.629965 0.000000 -0.737594
v -0.668931 0.000000 -0.783218
v -0.637667 0.000000 -0.808876
v -0.600521 0.000000 -0.761757
v -0.637667 0.000000 -0.808876
v -0.668931 0.000000 -0.783218
v -0.668931 0.012000 -0.783218
v -0.637667 0.012000 -0.808876
v -0.629965 0.000000 -0.737594
v -0.600521 0.000000 -0.761757
v -0.600521 0.012000 -0.761757
v -0.629965 0.012000 -0.737594
v -0.629965 0.012000 -0.737594
v -0.668931 0.012000 -0.783218
v -0.699165 0.012000 -0.756352
v -0.658437 0.012000 -0.712293
v -0.658437 0.000000 -0.712293
v -0.699165 0.000000 -0.756352
v -0.668931 0.000000 -0.783218
v -0.629965 0.000000 -0.737594
v -0.668931 0.000000 -0.783218
v -0.699165 0.000000 -0.756352
v -0.699165 0.012000 -0.756352
v -0.668931 0.012000 -0.783218
v -0.658437 0.000000 -0.712293
v -0.629965 0.000000 -0.737594
v -0.629965 0.012000 -0.737594
v -0.658437 0.012000 -0.712293
v -0.658437 0.012000 -0.712293
v -0.699165 0.012000 -0.756352
v -0.728320 0.012000 -0.728320
v -0.685894 0.012000 -0.685894
v -0.685894 0.000000 -0.685894
v -0.728320 0.000000 -0.728320
v -0.699165 0.000000 -0.756352
v -0.658437 0.000000 -0.712293
v -0.699165 0.000000 -0.756352
v -0.728320 0.000000 -0.728320
v -0.728320 0.012000 -0.728320
v -0.699165 0.012000 -0.756352
v -0.685894 0.000000 -0.685894
v -0.658437 0.000000 -0.712293
v -0.658437 0.012000 -0.712293
v -0.685894 0.012000 -0.685894
v -0.685894 0.012000 -0.685894
v -0.728320 0.012000 -0.728320
v -0.756352 0.012000 -0.699165
v -0.712293 0.012000 -0.658437
v -0.712293 0.000000 -0.658437
v -0.756352 0.000000 -0.699165
v -0.728320 0.000000 -0.728320
v -0.685894 0.000000 -0.685894
v -0.728320 0.000000 -0.728320
v -0.756352 0.000000 -0.699165
v -0.756352 0.012000 -0.699165
v -0.728320 0.012000 -0.728320
v -0.712293 0.000000 -0.658437
v -0.685894 0.000000 -0.685894
v -0.685894 0.012000 -0.685894
v -0.712293 0.012000 -0.658437
v -0.712293 0.012000 -0.658437
v -0.756352 0.012000 -0.699165
v -0.783218 0.012000 -0.668931
v -0.737594 0.012000 -0.629965
v -0.737594 0.000000 -0.629965
v -0.783218 0.000000 -0.668931
v -0.756352 0.000000 -0.699165
v -0.712293 0.000000 -0.658437
v -0.756352 0.000000 -0.699165
v -0.783218 0.000000 -0.668931
v -0.783218 0.012000 -0.668931
v -0.756352 0.012000 -0.699165
v -0.737594 0.000000 -0.629965
v -0.712293 0.000000 -0.658437
v -0.712293 0.012000 -0.658437
v -0.737594 0.012000 -0.629965
v -0.737594 0.012000 -0.629965
v -0.783218 0.012000 -0.668931
v -0.808876 0.012000 -0.637667
v -0.761757 0.012000 -0.600521
v -0.761757 0.000000 -0.600521
v -0.808876 0.000000 -0.637667
v -0.783218 0.000000 -0.668931
v -0.737594 0.000000 -0.629965
v -0.783218 0.000000 -0.668931
v -0.808876 0.000000 -0.637667
v -0.808876 0.012000 -0.637667
v -0.783218 0.012000 -0.668931
v -0.761757 0.000000 -0.600521
v -0.737594 0.000000 -0.629965
v -0.737594 0.012000 -0.629965
v -0.761757 0.012000 -0.600521
v -0.761757 0.012000 -0.600521
v -0.808876 0.012000 -0.637667
v -0.833287 0.012000 -0.605419
v -0.784746 0.012000 -0.570152
v -0.784746 0.000000 -0.570152
v -0.833287 0.000000 -0.605419
v -0.808876 0.000000 -0.637667
v -0.761757 0.000000 -0.600521
v -0.808876 0.000000 -0.637667
v -0.833287 0.000000 -0.605419
v -0.833287 0.012000 -0.605419
v -0.808876 0.012000 -0.637667
v -0.784746 0.000000 -0.570152
v -0.761757 0.000000 -0.600521
v -0.761757 0.012000 -0.600521
v -0.784746 0.012000 -0.570152
v -0.784746 0.012000 -0.570152
v -0.833287 0.012000 -0.605419
v -0.856414 0.012000 -0.572237
v -0.806526 0.012000 -0.538903
v -0.806526 0.000000 -0.538903
v -0.856414 0.000000 -0.572237
v -0.833287 0.000000 -0.605419
v -0.784746 0.000000 -0.570152
v -0.833287 0.000000 -0.605419
v -0.856414 0.000000 -0.572237
v -0.856414 0.012000 -0.572237
v -0.833287 0.012000 -0.605419
v -0.806526 0.000000 -0.538903
v -0.784746 0.000000 -0.570152
v -0.784746 0.012000 -0.570152
v -0.806526 0.012000 -0.538903
v -0.806526 0.012000 -0.538903
v -0.856414 0.012000 -0.572237
v -0.878219 0.012000 -0.538173
v -0.827061 0.012000 -0.506824
v -0.827061 0.000000 -0.506824
v -0.878219 0.000000 -0.538173
v -0.856414 0.000000 -0.572237
v -0.806526 0.000000 -0.538903
v -0.856414 0.000000 -0.572237
v -0.878219 0.000000 -0.538173
v -0.878219 0.012000 -0.538173
v -0.856414 0.012000 -0.572237
v -0.827061 0.000000 -0.506824
v -0.806526 0.000000 -0.538903
v -0.806526 0.012000 -0.538903
v -0.827061 0.012000 -0.506824
v -0.827061 0.012000 -0.506824
v -0.878219 0.012000 -0.538173
v -0.898671 0.012000 -0.503280
v -0.846321 0.012000 -0.473963
v -0.846321 0.000000 -0.473963
v -0.898671 0.000000 -0.503280
v -0.878219 0.000000 -0.538173
v -0.827061 0.000000 -0.506824
v -0.878219 0.000000 -0.538173
v -0.898671 0.000000 -0.503280
v -0.898671 0.012000 -0.503280
v -0.878219 0.012000 -0.538173
v -0.846321 0.000000 -0.473963
v -0.827061 0.000000 -0.506824
v -0.827061 0.012000 -0.506824
v -0.846321 0.012000 -0.473963
v -0.846321 0.012000 -0.473963
v -0.898671 0.012000 -0.503280
v -0.917737 0.012000 -0.467610
v -0.864276 0.012000 -0.440371
v -0.864276 0.000000 -0.440371
v -0.917737 0.000000 -0.467610
v -0.898671 0.000000 -0.503280
v -0.846321 0.000000 -0.473963
v -0.898671 0.000000 -0.503280
v -0.917737 0.000000 -0.467610
v -0.917737 0.012000 -0.467610
v -0.898671 0.012000 -0.503280
v -0.864276 0.000000 -0.440371
v -0.846321 0.000000 -0.473963
v -0.846321 0.012000 -0.473963
v -0.864276 0.012000 -0.440371
v -0.864276 0.012000 -0.440371
v -0.917737 0.012000 -0.467610
v -0.935387 0.012000 -0.431220
v -0.880899 0.012000 -0.406100
v -0.880899 0.000000 -0.406100
v -0.935387 0.000000 -0.431220
v -0.917737 0.000000 -0.467610
v -0.864276 0.000000 -0.440371
v -0.917737 0.000000 -0.467610
v -0.935387 0.000000 -0.431220
v -0.935387 0.012000 -0.431220
v -0.917737 0.012000 -0.467610
v -0.880899 0.000000 -0.406100
v -0.864276 0.000000 -0.440371
v -0.864276 0.012000 -0.440371
v -0.880899 0.012000 -0.406100
v -0.880899 0.012000 -0.406100
v -0.935387 0.012000 -0.431220
v -0.951596 0.012000 -0.394164
v -0.896163 0.012000 -0.371203
v -0.896163 0.000000 -0.371203
v -0.951596 0.000000 -0.394164
v -0.935387 0.000000 -0.431220
v -0.880899 0.000000 -0.406100
v -0.935387 0.000000 -0.431220
v -0.951596 0.000000 -0.394164
v -0.951596 0.012000 -0.394164
v -0.935387 0.012000 -0.431220
v -0.896163 0.000000 -0.371203
v -0.880899 0.000000 -0.406100
v -0.880899 0.012000 -0.406100
v -0.896163 0.012000 -0.371203
v -0.896163 0.012000 -0.371203
v -0.951596 0.012000 -0.394164
v -0.966337 0.012000 -0.356501
v -0.910046 0.012000 -0.335734
v -0.910046 0.000000 -0.335734
v -0.966337 0.000000 -0.356501
v -0.951596 0.000000 -0.394164
v -0.896163 0.000000 -0.371203
v -0.951596 0.000000 -0.394164
v -0.966337 0.000000 -0.356501
v -0.966337 0.012000 -0.356501
v -0.951596 0.012000 -0.394164
v -0.910046 0.000000 -0.335734
v -0.896163 0.000000 -0.371203
v -0.896163 0.012000 -0.371203
v -0.910046 0.012000 -0.335734
v -0.910046 0.012000 -0.335734
v -0.966337 0.012000 -0.356501
v -0.979588 0.012000 -0.318287
v -0.922525 0.012000 -0.299746
v -0.922525 0.000000 -0.299746
v -0.979588 0.000000 -0.318287
v -0.966337 0.000000 -0.356501
v -0.910046 0.000000 -0.335734
v -0.966337 0.000000 -0.356501
v -0.979588 0.000000 -0.318287
v -0.979588 0.012000 -0.318287
v -0.966337 0.012000 -0.356501
v -0.922525 0.000000 -0.299746
v -0.910046 0.000000 -0.335734
v -0.910046 0.012000 -0.335734
v -0.922525 0.012000 -0.299746
v -0.922525 0.012000 -0.299746
v -0.979588 0.012000 -0.318287
v -0.991329 0.012000 -0.279584
v -0.933582 0.012000 -0.263297
v -0.933582 0.000000 -0.263297
v -0.991329 0.000000 -0.279584
v -0.979588 0.000000 -0.318287
v -0.922525 0.000000 -0.299746
v -0.979588 0.000000 -0.318287
v -0.991329 0.000000 -0.279584
v -0.991329 0.012000 -0.279584
v -0.979588 0.012000 -0.318287
v -0.933582 0.000000 -0.263297
v -0.922525 0.000000 -0.299746
v -0.922525 0.012000 -0.299746
v -0.933582 0.012000 -0.263297
v -0.933582 0.012000 -0.263297
v -0.991329 0.012000 -0.279584
v -1.001541 0.012000 -0.240449
v -0.943199 0.012000 -0.226442
v -0.943199 0.000000 -0.226442
v -1.001541 0.000000 -0.240449
v -0.991329 0.000000 -0.279584
v -0.933582 0.000000 -0.263297
v -0.991329 0.000000 -0.279584
v -1.001541 0.000000 -0.240449
v -1.001541 0.012000 -0.240449
v -0.991329 0.012000 -0.279584
v -0.943199 0.000000 -0.226442
v -0.933582 0.000000 -0.263297
v -0.933582 0.012000 -0.263297
v -0.943199 0.012000 -0.226442
v -0.943199 0.012000 -0.226442
v -1.001541 0.012000 -0.240449
v -1.010209 0.012000 -0.200943
v -0.951362 0.012000 -0.189238
v -0.951362 0.000000 -0.189238
v -1.010209 0.000000 -0.200943
v -1.001541 0.000000 -0.240449
v -0.943199 0.000000 -0.226442
v -1.001541 0.000000 -0.240449
v -1.010209 0.000000 -0.200943
v -1.010209 0.012000 -0.200943
v -1.001541 0.012000 -0.240449
v -0.951362 0.000000 -0.189238
v -0.943199 0.000000 -0.226442
v -0.943199 0.012000 -0.226442
v -0.951362 0.012000 -0.189238
v -0.951362 0.012000 -0.189238
v -1.010209 0.012000 -0.200943
v -1.017319 0.012000 -0.161127
v -0.958058 0.012000 -0.151741
v -0.958058 0.000000 -0.151741
v -1.017319 0.000000 -0.161127
v -1.010209 0.000000 -0.200943
v -0.951362 0.000000 -0.189238
v -1.010209 0.000000 -0.200943
v -1.017319 0.000000 -0.161127
v -1.017319 0.012000 -0.161127
v -1.010209 0.012000 -0.200943
v -0.958058 0.000000 -0.151741
v -0.951362 0.000000 -0.189238
v -0.951362 0.012000 -0.189238
v -0.958058 0.012000 -0.151741
v -0.958058 0.012000 -0.151741
v -1.017319 0.012000 -0.161127
v -1.022861 0.012000 -0.121064
v -0.963276 0.012000 -0.114011
v -0.963276 0.000000 -0.114011
v -1.022861 0.000000 -0.121064
v -1.017319 0.000000 -0.161127
v -0.958058 0.000000 -0.151741
v -1.017319 0.000000 -0.161127
v -1.022861 0.000000 -0.121064
v -1.022861 0.012000 -0.121064
v -1.017319 0.012000 -0.161127
v -0.963276 0.000000 -0.114011
v -0.958058 0.000000 -0.151741
v -0.958058 0.012000 -0.151741
v -0.963276 0.012000 -0.114011
v -0.963276 0.012000 -0.114011
v -1.022861 0.012000 -0.121064
v -1.026825 0.012000 -0.080813
v -0.967010 0.012000 -0.076105
v -0.967010 0.000000 -0.076105
v -1.026825 0.000000 -0.080813
v -1.022861 0.000000 -0.121064
v -0.963276 0.000000 -0.114011
v -1.022861 0.000000 -0.121064
v -1.026825 0.000000 -0.080813
v -1.026825 0.012000 -0.080813
v -1.022861 0.012000 -0.121064
v -0.967010 0.000000 -0.076105
v -0.963276 0.000000 -0.114011
v -0.963276 0.012000 -0.114011
v -0.967010 0.012000 -0.076105
v -0.967010 0.012000 -0.076105
v -1.026825 0.012000 -0.080813
v -1.029206 0.012000 -0.040438
v -0.969252 0.012000 -0.038082
v -0.969252 0.000000 -0.038082
v -1.029206 0.000000 -0.040438
v -1.026825 0.000000 -0.080813
v -0.967010 0.000000 -0.076105
v -1.026825 0.000000 -0.080813
v -1.029206 0.000000 -0.040438
v -1.029206 0.012000 -0.040438
v -1.026825 0.012000 -0.080813
v -0.969252 0.000000 -0.038082
v -0.967010 0.000000 -0.076105
v -0.967010 0.012000 -0.076105
v -0.969252 0.012000 -0.038082
v -0.969252 0.012000 -0.038082
v -1.029206 0.012000 -0.040438
v -1.030000 0.012000 -0.000000
v -0.970000 0.012000 -0.000000
v -0.970000 0.000000 -0.000000
v -1.030000 0.000000 -0.000000
v -1.029206 0.000000 -0.040438
v -0.969252 0.000000 -0.038082
v -1.029206 0.000000 -0.040438
v -1.030000 0.000000 -0.000000
v -1.030000 0.012000 -0.000000
v -1.029206 0.012000 -0.040438
v -0.970000 0.000000 -0.000000
v -0.969252 0.000000 -0.038082
v -0.969252 0.012000 -0.038082
v -0.970000 0.012000 -0.000000
v -0.970000 0.012000 -0.000000
v -1.030000 0.012000 -0.000000
v -1.029206 0.012000 0.040438
v -0.969252 0.012000 0.038082
v -0.969252 0.000000 0.038082
v -1.029206 0.000000 0.040438
v -1.030000 0.000000 -0.000000
v -0.970000 0.000000 -0.000000
v -1.030000 0.000000 -0.000000
v -1.029206 0.000000 0.040438
v -1.029206 0.012000 0.040438
v -1.030000 0.012000 -0.000000
v -0.969252 0.000000 0.038082
v -0.970000 0.000000 -0.000000
v -0.970000 0.012000 -0.000000
v -0.969252 0.012000 0.038082
v -0.969252 0.012000 0.038082
v -1.029206 0.012000 0.040438
v -1.026825 0.012000 0.080813
v -0.967010 0.012000 0.076105
v -0.967010 0.000000 0.076105
v -1.026825 0.000000 0.080813
v -1.029206 0.000000 0.040438
v -0.969252 0.000000 0.038082
v -1.029206 0.000000 0.040438
v -1.026825 0.000000 0.080813
v -1.026825 0.012000 0.080813
v -1.029206 0.012000 0.040438
v -0.967010 0.000000 0.076105
v -0.969252 0.000000 0.038082
v -0.969252 0.012000 0.038082
v -0.967010 0.012000 0.076105
v -0.967010 0.012000 0.076105
v -1.026825 0.012000 0.080813
v -1.022861 0.012000 0.121064
v -0.963276 0.012000 0.114011
v -0.963276 0.000000 0.114011
v -1.022861 0.000000 0.121064
v -1.026825 0.000000 0.080813
v -0.967010 0.000000 0.076105
v -1.026825 0.000000 0.080813
v -1.022861 0.000000 0.121064
v -1.022861 0.012000 0.121064
v -1.026825 0.012000 0.080813
v -0.963276 0.000000 0.114011
v -0.967010 0.000000 0.076105
v -0.967010 0.012000 0.076105
v -0.963276 0.012000 0.114011
v -0.963276 0.012000 0.114011
v -1.022861 0.012000 0.121064
v -1.017319 0.012000 0.161127
v -0.958058 0.012000 0.151741
v -0.958058 0.000000 0.151741
v -1.017319 0.000000 0.161127
v -1.022861 0.000000 0.121064
v -0.963276 0.000000 0.114011
v -1.022861 0.000000 0.121064
v -1.017319 0.000000 0.161127
v -1.017319 0.012000 0.161127
v -1.022861 0.012000 0.121064
v -0.958058 0.000000 0.151741
v -0.963276 0.000000 0.114011
v -0.963276 0.012000 0.114011
v -0.958058 0.012000 0.151741
v -0.958058 0.012000 0.151741
v -1.017319 0.012000 0.161127
v -1.010209 0.012000 0.200943
v -0.951362 0.012000 0.189238
v -0.951362 0.000000 0.189238
v -1.010209 0.000000 0.200943
v -1.017319 0.000000 0.161127
v -0.958058 0.000000 0.151741
v -1.017319 0.000000 0.161127
v -1.010209 0.000000 0.200943
v -1.010209 0.012000 0.200943
v -1.017319 0.012000 0.161127
v -0.951362 0.000000 0.189238
v -0.958058 0.000000 0.151741
v -0.958058 0.012000 0.151741
v -0.951362 0.012000 0.189238
v -0.951362 0.012000 0.189238
v -1.010209 0.012000 0.200943
v -1.001541 0.012000 0.240449
v -0.943199 0.012000 0.226442
v -0.943199 0.000000 0.226442
v -1.001541 0.000000 0.240449
v -1.010209 0.000000 0.200943
v -0.951362 0.000000 0.189238
v -1.010209 0.000000 0.200943
v -1.001541 0.000000 0.240449
v -1.001541 0.012000 0.240449
v -1.010209 0.012000 0.200943
v -0.943199 0.000000 0.226442
v -0.951362 0.000000 0.189238
v -0.951362 0.012000 0.189238
v -0.943199 0.012000 0.226442
v -0.943199 0.012000 0.226442
v -1.001541 0.012000 0.240449
v -0.991329 0.012000 0.279584
v -0.933582 0.012000 0.263297
v -0.933582 0.000000 0.263297
v -0.991329 0.000000 0.279584
v -1.001541 0.000000 0.240449
v -0.943199 0.000000 0.226442
v -1.001541 0.000000 0.240449
v -0.991329 0.000000 0.279584
v -0.991329 0.012000 0.279584
v -1.001541 0.012000 0.240449
v -0.933582 0.000000 0.263297
v -0.943199 0.000000 0.226442
v -0.943199 0.012000 0.226442
v -0.933582 0.012000 0.263297
v -0.933582 0.012000 0.263297
v -0.991329 0.012000 0.279584
v -0.979588 0.012000 0.318287
v -0.922525 0.012000 0.299746
v -0.922525 0.000000 0.299746
v -0.979588 0.000000 0.318287
v -0.991329 0.000000 0.279584
v -0.933582 0.000000 0.263297
v -0.991329 0.000000 0.279584
v -0.979588 0.000000 0.318287
v -0.979588 0.012000 0.318287
v -0.991329 0.012000 0.279584
v -0.922525 0.000000 0.299746
v -0.933582 0.000000 0.263297
v -0.933582 0.012000 0.263297
v -0.922525 0.012000 0.299746
v -0.922525 0.012000 0.299746
v -0.979588 0.012000 0.318287
v -0.966337 0.012000 0.356501
v -0.910046 0.012000 0.335734
v -0.910046 0.000000 0.335734
v -0.966337 0.000000 0.356501
v -0.979588 0.000000 0.318287
v -0.922525 0.000000 0.299746
v -0.979588 0.000000 0.318287
v -0.966337 0.000000 0.356501
v -0.966337 0.012000 0.356501
v -0.979588 0.012000 0.318287
v -0.910046 0.000000 0.335734
v -0.922525 0.000000 0.299746
v -0.922525 0.012000 0.299746
v -0.910046 0.012000 0.335734
v -0.910046 0.012000 0.335734
v -0.966337 0.012000 0.356501
v -0.951596 0.012000 0.394164
v -0.896163 0.012000 0.371203
v -0.896163 0.000000 0.371203
v -0.951596 0.000000 0.394164
v -0.966337 0.000000 0.356501
v -0.910046 0.000000 0.335734
v -0.966337 0.000000 0.356501
v -0.951596 0.000000 0.394164
v -0.951596 0.012000 0.394164
v -0.966337 0.012000 0.356501
v -0.896163 0.000000 0.371203
v -0.910046 0.000000 0.335734
v -0.910046 0.012000 0.335734
v -0.896163 0.012000 0.371203
v -0.896163 0.012000 0.371203
v -0.951596 0.012000 0.394164
v -0.935387 0.012000 0.431220
v -0.880899 0.012000 0.406100
v -0.880899 0.000000 0.406100
v -0.935387 0.000000 0.431220
v -0.951596 0.000000 0.394164
v -0.896163 0.000000 0.371203
v -0.951596 0.000000 0.394164
v -0.935387 0.000000 0.431220
v -0.935387 0.012000 0.431220
v -0.951596 0.012000 0.394164
v -0.880899 0.000000 0.406100
v -0.896163 0.000000 0.371203
v -0.896163 0.012000 0.371203
v -0.880899 0.012000 0.406100
v -0.880899 0.012000 0.406100
v -0.935387 0.012000 0.431220
v -0.917737 0.012000 0.467610
v -0.864276 0.012000 0.440371
v -0.864276 0.000000 0.440371
v -0.917737 0.000000 0.467610
v -0.935387 0.000000 0.431220
v -0.880899 0.000000 0.406100
v -0.935387 0.000000 0.431220
v -0.917737 0.000000 0.467610
v -0.917737 0.012000 0.467610
v -0.935387 0.012000 0.431220
v -0.864276 0.000000 0.440371
v -0.880899 0.000000 0.406100
v -0.880899 0.012000 0.406100
v -0.864276 0.012000 0.440371
v -0.864276 0.012000 0.440371
v -0.917737 0.012000 0.467610
v -0.898671 0.012000 0.503280
v -0.846321 0.012000 0.473963
v -0.846321 0.000000 0.473963
v -0.898671 0.000000 0.503280
v -0.917737 0.000000 0.467610
v -0.864276 0.000000 0.440371
v -0.917737 0.000000 0.467610
v -0.898671 0.000000 0.503280
v -0.898671 0.012000 0.503280
v -0.917737 0.012000 0.467610
v -0.846321 0.000000 0.473963
v -0.864276 0.000000 0.440371
v -0.864276 0.012000 0.440371
v -0.846321 0.012000 0.473963
v -0.846321 0.012000 0.473963
v -0.898671 0.012000 0.503280
v -0.878219 0.012000 0.538173
v -0.827061 0.012000 0.506824
v -0.827061 0.000000 0.506824
v -0.878219 0.000000 0.538173
v -0.898671 0.000000 0.503280
v -0.846321 0.000000 0.473963
v -0.898671 0.000000 0.503280
v -0.878219 0.000000 0.538173
v -0.878219 0.012000 0.538173
v -0.898671 0.012000 0.503280
v -0.827061 0.000000 0.506824
v -0.846321 0.000000 0.473963
v -0.846321 0.012000 0.473963
v -0.827061 0.012000 0.506824
v -0.827061 0.012000 0.506824
v -0.878219 0.012000 0.538173
v -0.856414 0.012000 0.572237
v -0.806526 0.012000 0.538903
v -0.806526 0.000000 0.538903
v -0.856414 0.000000 0.572237
v -0.878219 0.000000 0.538173
v -0.827061 0.000000 0.506824
v -0.878219 0.000000 0.538173
v -0.856414 0.000000 0.572237
v -0.856414 0.012000 0.572237
v -0.878219 0.012000 0.538173
v -0.806526 0.000000 0.538903
v -0.827061 0.000000 0.506824
v -0.827061 0.012000 0.506824
v -0.806526 0.012000 0.538903
v -0.806526 0.012000 0.538903
v -0.856414 0.012000 0.572237
v -0.833287 0.012000 0.605419
v -0.784746 0.012000 0.570152
v -0.784746 0.000000 0.570152
v -0.833287 0.000000 0.605419
v -0.856414 0.000000 0.572237
v -0.806526 0.000000 0.538903
v -0.856414 0.000000 0.572237
v -0.833287 0.000000 0.605419
v -0.833287 0.012000 0.605419
v -0.856414 0.012000 0.572237
v -0.784746 0.000000 0.570152
v -0.806526 0.000000 0.538903
v -0.806526 0.012000 0.538903
v -0.784746 0.012000 0.570152
v -0.784746 0.012000 0.570152
v -0.833287 0.012000 0.605419
v -0.808876 0.012000 0.637667
v -0.761757 0.012000 0.600521
v -0.761757 0.000000 0.600521
v -0.808876 0.000000 0.637667
v -0.833287 0.000000 0.605419
v -0.784746 0.000000 0.570152
v -0.833287 0.000000 0.605419
v -0.808876 0.000000 0.637667
v -0.808876 0.012000 0.637667
v -0.833287 0.012000 0.605419
v -0.761757 0.000000 0.600521
v -0.784746 0.000000 0.570152
v -0.784746 0.012000 0.570152
v -0.761757 0.012000 0.600521
v -0.761757 0.012000 0.600521
v -0.808876 0.012000 0.637667
v -0.783218 0.012000 0.668931
v -0.737594 0.012000 0.629965
v -0.737594 0.000000 0.629965
v -0.783218 0.000000 0.668931
v -0.808876 0.000000 0.637667
v -0.761757 0.000000 0.600521
v -0.808876 0.000000 0.637667
v -0.783218 0.000000 0.668931
v -0.783218 0.012000 0.668931
v -0.808876 0.012000 0.637667
v -0.737594 0.000000 0.629965
v -0.761757 0.000000 0.600521
v -0.761757 0.012000 0.600521
v -0.737594 0.012000 0.629965
v -0.737594 0.012000 0.629965
v -0.783218 0.012000 0.668931
v -0.756352 0.012000 0.699165
v -0.712293 0.012000 0.658437
v -0.712293 0.000000 0.658437
v -0.756352 0.000000 0.699165
v -0.783218 0.000000 0.668931
v -0.737594 0.000000 0.629965
v -0.783218 0.000000 0.668931
v -0.756352 0.000000 0.699165
v -0.756352 0.012000 0.699165
v -0.783218 0.012000 0.668931
v -0.712293 0.000000 0.658437
v -0.737594 0.000000 0.629965
v -0.737594 0.012000 0.629965
v -0.712293 0.012000 0.658437
v -0.712293 0.012000 0.658437
v -0.756352 0.012000 0.699165
v -0.728320 0.012000 0.728320
v -0.685894 0.012000 0.685894
v -0.685894 0.000000 0.685894
v -0.728320 0.000000 0.728320
v -0.756352 0.000000 0.699165
v -0.712293 0.000000 0.658437
v -0.756352 0.000000 0.699165
v -0.728320 0.000000 0.728320
v -0.728320 0.012000 0.728320
v -0.756352 0.012000 0.699165
v -0.685894 0.000000 0.685894
v -0.712293 0.000000 0.658437
v -0.712293 0.012000 0.658437
v -0.685894 0.012000 0.685894
v -0.685894 0.012000 0.685894
v -0.728320 0.012000 0.728320
v -0.699165 0.012000 0.756352
v -0.658437 0.012000 0.712293
v -0.658437 0.000000 0.712293
v -0.699165 0.000000 0.756352
v -0.728320 0.000000 0.728320
v -0.685894 0.000000 0.685894
v -0.728320 0.000000 0.728320
v -0.699165 0.000000 0.756352
v -0.699165 0.012000 0.756352
v -0.728320 0.012000 0.728320
v -0.658437 0.000000 0.712293
v -0.685894 0.000000 0.685894
v -0.685894 0.012000 0.685894
v -0.658437 0.012000 0.712293
v -0.658437 0.012000 0.712293
v -0.699165 0.012000 0.756352
v -0.668931 0.012000 0.783218
v -0.629965 0.012000 0.737594
v -0.629965 0.000000 0.737594
v -0.668931 0.000000 0.783218
v -0.699165 0.000000 0.756352
v -0.658437 0.000000 0.712293
v -0.699165 0.000000 0.756352
v -0.668931 0.000000 0.783218
v -0.668931 0.012000 0.783218
v -0.699165 0.012000 0.756352
v -0.629965 0.000000 0.737594
v -0.658437 0.000000 0.712293
v -0.658437 0.012000 0.712293
v -0.629965 0.012000 0.737594
v -0.629965 0.012000 0.737594
v -0.668931 0.012000 0.783218
v -0.637667 0.012000 0.808876
v -0.600521 0.012000 0.761757
v -0.600521 0.000000 0.761757
v -0.637667 0.000000 0.808876
v -0.668931 0.000000 0.783218
v -0.629965 0.000000 0.737594
v -0.668931 0.000000 0.783218
v -0.637667 0.000000 0.808876
v -0.637667 0.012000 0.808876
v -0.668931 0.012000 0.783218
v -0.600521 0.000000 0.761757
v -0.629965 0.000000 0.737594
v -0.629965 0.012000 0.737594
v -0.600521 0.012000 0.761757
v -0.600521 0.012000 0.761757
v -0.637667 0.012000 0.808876
v -0.605419 0.012000 0.833287
v -0.570152 0.012000 0.784746
v -0.570152 0.000000 0.784746
v -0.605419 0.000000 0.833287
v -0.637667 0.000000 0.808876
v -0.600521 0.000000 0.761757
v -0.637667 0.000000 0.808876
v -0.605419 0.000000 0.833287
v -0.605419 0.012000 0.833287
v -0.637667 0.012000 0.808876
v -0.570152 0.000000 0.784746
v -0.600521 0.000000 0.761757
v -0.600521 0.012000 0.761757
v -0.570152 0.012000 0.784746
v -0.570152 0.012000 0.784746
v -0.605419 0.012000 0.833287
v -0.572237 0.012000 0.856414
v -0.538903 0.012000 0.806526
v -0.538903 0.000000 0.806526
v -0.572237 0.000000 0.856414
v -0.605419 0.000000 0.833287
v -0.570152 0.000000 0.784746
v -0.605419 0.000000 0.833287
v -0.572237 0.000000 0.856414
v -0.572237 0.012000 0.856414
v -0.605419 0.012000 0.833287
v -0.538903 0.000000 0.806526
v -0.570152 0.000000 0.784746
v -0.570152 0.012000 0.784746
v -0.538903 0.012000 0.806526
v -0.538903 0.012000 0.806526
v -0.572237 0.012000 0.856414
v -0.538173 0.012000 0.878219
v -0.506824 0.012000 0.827061
v -0.506824 0.000000 0.827061
v -0.538173 0.000000 0.878219
v -0.572237 0.000000 0.856414
v -0.538903 0.000000 0.806526
v -0.572237 0.000000 0.856414
v -0.538173 0.000000 0.878219
v -0.538173 0.012000 0.878219
v -0.572237 0.012000 0.856414
v -0.506824 0.000000 0.827061
v -0.538903 0.000000 0.806526
v -0.538903 0.012000 0.806526
v -0.506824 0.012000 0.827061
v -0.506824 0.012000 0.827061
v -0.538173 0.012000 0.878219
v -0.503280 0.012000 0.898671
v -0.473963 0.012000 0.846321
v -0.473963 0.000000 0.846321
v -0.503280 0.000000 0.898671
v -0.538173 0.000000 0.878219
v -0.506824 0.000000 0.827061
v -0.538173 0.000000 0.878219
v -0.503280 0.000000 0.898671
v -0.503280 0.012000 0.898671
v -0.538173 0.012000 0.878219
v -0.473963 0.000000 0.846321
v -0.506824 0.000000 0.827061
v -0.506824 0.012000 0.827061
v -0.473963 0.012000 0.846321
v -0.473963 0.012000 0.846321
v -0.503280 0.012000 0.898671
v -0.467610 0.012000 0.917737
v -0.440371 0.012000 0.864276
v -0.440371 0.000000 0.864276
v -0.467610 0.000000 0.917737
v -0.503280 0.000000 0.898671
v -0.473963 0.000000 0.846321
v -0.503280 0.000000 0.898671
v -0.467610 0.000000 0.917737
v -0.467610 0.012000 0.917737
v -0.503280 0.012000 0.898671
v -0.440371 0.000000 0.864276
v -0.473963 0.000000 0.846321
v -0.473963 0.012000 0.846321
v -0.440371 0.012000 0.864276
v -0.440371 0.012000 0.864276
v -0.467610 0.012000 0.917737
v -0.431220 0.012000 0.935387
v -0.406100 0.012000 0.880899
v -0.406100 0.000000 0.880899
v -0.431220 0.000000 0.935387
v -0.467610 0.000000 0.917737
v -0.440371 0.000000 0.864276
v -0.467610 0.000000 0.917737
v -0.431220 0.000000 0.935387
v -0.431220 0.012000 0.935387
v -0.467610 0.012000 0.917737
v -0.406100 0.000000 0.880899
v -0.440371 0.000000 0.864276
v -0.440371 0.012000 0.864276
v -0.406100 0.012000 0.880899
v -0.406100 0.012000 0.880899
v -0.431220 0.012000 0.935387
v -0.394164 0.012000 0.951596
v -0.371203 0.012000 0.896163
v -0.371203 0.000000 0.896163
v -0.394164 0.000000 0.951596
v -0.431220 0.000000 0.935387
v -0.406100 0.000000 0.880899
v -0.431220 0.000000 0.935387
v -0.394164 0.000000 0.951596
v -0.394164 0.012000 0.951596
v -0.431220 0.012000 0.935387
v -0.371203 0.000000 0.896163
v -0.406100 0.000000 0.880899
v -0.406100 0.012000 0.880899
v -0.371203 0.012000 0.896163
v -0.371203 0.012000 0.896163
v -0.394164 0.012000 0.951596
v -0.356501 0.012000 0.966337
v -0.335734 0.012000 0.910046
v -0.335734 0.000000 0.910046
v -0.356501 0.000000 0.966337
v -0.394164 0.000000 0.951596
v -0.371203 0.000000 0.896163
v -0.394164 0.000000 0.951596
v -0.356501 0.000000 0.966337
v -0.356501 0.012000 0.966337
v -0.394164 0.012000 0.951596
v -0.335734 0.000000 0.910046
v -0.371203 0.000000 0.896163
v -0.371203 0.012000 0.896163
v -0.335734 0.012000 0.910046
v -0.335734 0.012000 0.910046
v -0.356501 0.012000 0.966337
v -0.318287 0.012000 0.979588
v -0.299746 0.012000 0.922525
v -0.299746 0.000000 0.922525
v -0.318287 0.000000 0.979588
v -0.356501 0.000000 0.966337
v -0.335734 0.000000 0.910046
v -0.356501 0.000000 0.966337
v -0.318287 0.000000 0.979588
v -0.318287 0.012000 0.979588
v -0.356501 0.012000 0.966337
v -0.299746 0.000000 0.922525
v -0.335734 0.000000 0.910046
v -0.335734 0.012000 0.910046
v -0.299746 0.012000 0.922525
v -0.299746 0.012000 0.922525
v -0.318287 0.012000 0.979588
v -0.279584 0.012000 0.991329
v -0.263297 0.012000 0.933582
v -0.263297 0.000000 0.933582
v -0.279584 0.000000 0.991329
v -0.318287 0.000000 0.979588
v -0.299746 0.000000 0.922525
v -0.318287 0.000000 0.979588
v -0.279584 0.000000 0.991329
v -0.279584 0.012000 0.991329
v -0.318287 0.012000 0.979588
v -0.263297 0.000000 0.933582
v -0.299746 0.000000 0.922525
v -0.299746 0.012000 0.922525
v -0.263297 0.012000 0.933582
v -0.263297 0.012000 0.933582
v -0.279584 0.012000 0.991329
v -0.240449 0.012000 1.001541
v -0.226442 0.012000 0.943199
v -0.226442 0.000000 0.943199
v -0.240449 0.000000 1.001541
v -0.279584 0.000000 0.991329
v -0.263297 0.000000 0.933582
v -0.279584 0.000000 0.991329
v -0.240449 0.000000 1.001541
v -0.240449 0.012000 1.001541
v -0.279584 0.012000 0.991329
v -0.226442 0.000000 0.943199
v -0.263297 0.000000 0.933582
v -0.263297 0.012000 0.933582
v -0.226442 0.012000 0.943199
v -0.226442 0.012000 0.943199
v -0.240449 0.012000 1.001541
v -0.200943 0.012000 1.010209
v -0.189238 0.012000 0.951362
v -0.189238 0.000000 0.951362
v -0.200943 0.000000 1.010209
v -0.240449 0.000000 1.001541
v -0.226442 0.000000 0.943199
v -0.240449 0.000000 1.001541
v -0.200943 0.000000 1.010209
v -0.200943 0.012000 1.010209
v -0.240449 0.012000 1.001541
v -0.189238 0.000000 0.951362
v -0.226442 0.000000 0.943199
v -0.226442 0.012000 0.943199
v -0.189238 0.012000 0.951362
v -0.189238 0.012000 0.951362
v -0.200943 0.012000 1.010209
v -0.161127 0.012000 1.017319
v -0.151741 0.012000 0.958058
v -0.151741 0.000000 0.958058
v -0.161127 0.000000 1.017319
v -0.200943 0.000000 1.010209
v -0.189238 0.000000 0.951362
v -0.200943 0.000000 1.010209
v -0.161127 0.000000 1.017319
v -0.161127 0.012000 1.017319
v -0.200943 0.012000 1.010209
v -0.151741 0.000000 0.958058
v -0.189238 0.000000 0.951362
v -0.189238 0.012000 0.951362
v -0.151741 0.012000 0.958058
v -0.151741 0.012000 0.958058
v -0.161127 0.012000 1.017319
v -0.121064 0.012000 1.022861
v -0.114011 0.012000 0.963276
v -0.114011 0.000000 0.963276
v -0.121064 0.000000 1.022861
v -0.161127 0.000000 1.017319
v -0.151741 0.000000 0.958058
v -0.161127 0.000000 1.017319
v -0.121064 0.000000 1.022861
v -0.121064 0.012000 1.022861
v -0.161127 0.012000 1.017319
v -0.114011 0.000000 0.963276
v -0.151741 0.000000 0.958058
v -0.151741 0.012000 0.958058
v -0.114011 0.012000 0.963276
v -0.114011 0.012000 0.963276
v -0.121064 0.012000 1.022861
v -0.080813 0.012000 1.026825
v -0.076105 0.012000 0.967010
v -0.076105 0.000000 0.967010
v -0.080813 0.000000 1.026825
v -0.121064 0.000000 1.022861
v -0.114011 0.000000 0.963276
v -0.121064 0.000000 1.022861
v -0.080813 0.000000 1.026825
v -0.080813 0.012000 1.026825
v -0.121064 0.012000 1.022861
v -0.076105 0.000000 0.967010
v -0.114011 0.000000 0.963276
v -0.114011 0.012000 0.963276
v -0.076105 0.012000 0.967010
v -0.076105 0.012000 0.967010
v -0.080813 0.012000 1.026825
v -0.040438 0.012000 1.029206
v -0.038082 0.012000 0.969252
v -0.038082 0.000000 0.969252
v -0.040438 0.000000 1.029206
v -0.080813 0.000000 1.026825
v -0.076105 0.000000 0.967010
v -0.080813 0.000000 1.026825
v -0.040438 0.000000 1.029206
v -0.040438 0.012000 1.029206
v -0.080813 0.012000 1.026825
v -0.038082 0.000000 0.969252
v -0.076105 0.000000 0.967010
v -0.076105 0.012000 0.967010
v -0.038082 0.012000 0.969252
v -0.038082 0.012000 0.969252
v -0.040438 0.012000 1.029206
v -0.000000 0.012000 1.030000
v -0.000000 0.012000 0.970000
v -0.000000 0.000000 0.970000
v -0.000000 0.000000 1.030000
v -0.040438 0.000000 1.029206
v -0.038082 0.000000 0.969252
v -0.040438 0.000000 1.029206
v -0.000000 0.000000 1.030000
v -0.000000 0.012000 1.030000
v -0.040438 0.012000 1.029206
v -0.000000 0.000000 0.970000
v -0.038082 0.000000 0.969252
v -0.038082 0.012000 0.969252
v -0.000000 0.012000 0.970000
v -0.000000 0.012000 0.970000
v -0.000000 0.012000 1.030000
v 0.040438 0.012000 1.029206
v 0.038082 0.012000 0.969252
v 0.038082 0.000000 0.969252
v 0.040438 0.000000 1.029206
v -0.000000 0.000000 1.030000
v -0.000000 0.000000 0.970000
v -0.000000 0.000000 1.030000
v 0.040438 0.000000 1.029206
v 0.040438 0.012000 1.029206
v -0.000000 0.012000 1.030000
v 0.038082 0.000000 0.969252
v -0.000000 0.000000 0.970000
v -0.000000 0.012000 0.970000
v 0.038082 0.012000 0.969252
v 0.038082 0.012000 0.969252
v 0.040438 0.012000 1.029206
v 0.080813 0.012000 1.026825
v 0.076105 0.012000 0.967010
v 0.076105 0.000000 0.967010
v 0.080813 0.000000 1.026825
v 0.040438 0.000000 1.029206
v 0.038082 0.000000 0.969252
v 0.040438 0.000000 1.029206
v 0.080813 0.000000 1.026825
v 0.080813 0.012000 1.026825
v 0.040438 0.012000 1.029206
v 0.076105 0.000000 0.967010
v 0.038082 0.000000 0.969252
v 0.038082 0.012000 0.969252
v 0.076105 0.012000 0.967010
v 0.076105 0.012000 0.967010
v 0.080813 0.012000 1.026825
v 0.121064 0.012000 1.022861
v 0.114011 0.012000 0.963276
v 0.114011 0.000000 0.963276
v 0.121064 0.000000 1.022861
v 0.080813 0.000000 1.026825
v 0.076105 0.000000 0.967010
v 0.080813 0.000000 1.026825
v 0.121064 0.000000 1.022861
v 0.121064 0.012000 1.022861
v 0.080813 0.012000 1.026825
v 0.114011 0.000000 0.963276
v 0.076105 0.000000 0.967010
v 0.076105 0.012000 0.967010
v 0.114011 0.012000 0.963276
v 0.114011 0.012000 0.963276
v 0.121064 0.012000 1.022861
v 0.161127 0.012000 1.017319
v 0.151741 0.012000 0.958058
v 0.151741 0.000000 0.958058
v 0.161127 0.000000 1.017319
v 0.121064 0.000000 1.022861
v 0.114011 0.000000 0.963276
v 0.121064 0.000000 1.022861
v 0.161127 0.000000 1.017319
v 0.161127 0.012000 1.017319
v 0.121064 0.012000 1.022861
v 0.151741 0.000000 0.958058
v 0.114011 0.000000 0.963276
v 0.114011 0.012000 0.963276
v 0.151741 0.012000 0.958058
v 0.151741 0.012000 0.958058
v 0.161127 0.012000 1.017319
v 0.200943 0.012000 1.010209
v 0.189238 0.012000 0.951362
v 0.189238 0.000000 0.951362
v 0.200943 0.000000 1.010209
v 0.161127 0.000000 1.017319
v 0.151741 0.000000 0.958058
v 0.161127 0.000000 1.017319
v 0.200943 0.000000 1.010209
v 0.200943 0.012000 1.010209
v 0.161127 0.012000 1.017319
v 0.189238 0.000000 0.951362
v 0.151741 0.000000 0.958058
v 0.151741 0.012000 0.958058
v 0.189238 0.012000 0.951362
v 0.189238 0.012000 0.951362
v 0.200943 0.012000 1.010209
v 0.240449 0.012000 1.001541
v 0.226442 0.012000 0.943199
v 0.226442 0.000000 0.943199
v 0.240449 0.000000 1.001541
v 0.200943 0.000000 1.010209
v 0.189238 0.000000 0.951362
v 0.200943 0.000000 1.010209
v 0.240449 0.000000 1.001541
v 0.240449 0.012000 1.001541
v 0.200943 0.012000 1.010209
v 0.226442 0.000000 0.943199
v 0.189238 0.000000 0.951362
v 0.189238 0.012000 0.951362
v 0.226442 0.012000 0.943199
v 0.226442 0.012000 0.943199
v 0.240449 0.012000 1.001541
v 0.279584 0.012000 0.991329
v 0.263297 0.012000 0.933582
v 0.263297 0.000000 0.933582
v 0.279584 0.000000 0.991329
v 0.240449 0.000000 1.001541
v 0.226442 0.000000 0.943199
v 0.240449 0.000000 1.001541
v 0.279584 0.000000 0.991329
v 0.279584 0.012000 0.991329
v 0.240449 0.012000 1.001541
v 0.263297 0.000000 0.933582
v 0.226442 0.000000 0.943199
v 0.226442 0.012000 0.943199
v 0.263297 0.012000 0.933582
v 0.263297 0.012000 0.933582
v 0.279584 0.012000 0.991329
v 0.318287 0.012000 0.979588
v 0.299746 0.012000 0.922525
v 0.299746 0.000000 0.922525
v 0.318287 0.000000 0.979588
v 0.279584 0.000000 0.991329
v 0.263297 0.000000 0.933582
v 0.279584 0.000000 0.991329
v 0.318287 0.000000 0.979588
v 0.318287 0.012000 0.979588
v 0.279584 0.012000 0.991329
v 0.299746 0.000000 0.922525
v 0.263297 0.000000 0.933582
v 0.263297 0.012000 0.933582
v 0.299746 0.012000 0.922525
v 0.299746 0.012000 0.922525
v 0.318287 0.012000 0.979588
v 0.356501 0.012000 0.966337
v 0.335734 0.012000 0.910046
v 0.335734 0.000000 0.910046
v 0.356501 0.000000 0.966337
v 0.318287 0.000000 0.979588
v 0.299746 0.000000 0.922525
v 0.318287 0.000000 0.979588
v 0.356501 0.000000 0.966337
v 0.356501 0.012000 0.966337
v 0.318287 0.012000 0.979588
v 0.335734 0.000000 0.910046
v 0.299746 0.000000 0.922525
v 0.299746 0.012000 0.922525
v 0.335734 0.012000 0.910046
v 0.335734 0.012000 0.910046
v 0.356501 0.012000 0.966337
v 0.394164 0.012000 0.951596
v 0.371203 0.012000 0.896163
v 0.371203 0.000000 0.896163
v 0.394164 0.000000 0.951596
v 0.356501 0.000000 0.966337
v 0.335734 0.000000 0.910046
v 0.356501 0.000000 0.966337
v 0.394164 0.000000 0.951596
v 0.394164 0.012000 0.951596
v 0.356501 0.012000 0.966337
v 0.371203 0.000000 0.896163
v 0.335734 0.000000 0.910046
v 0.335734 0.012000 0.910046
v 0.371203 0.012000 0.896163
v 0.371203 0.012000 0.896163
v 0.394164 0.012000 0.951596
v 0.431220 0.012000 0.935387
v 0.406100 0.012000 0.880899
v 0.406100 0.000000 0.880899
v 0.431220 0.000000 0.935387
v 0.394164 0.000000 0.951596
v 0.371203 0.000000 0.896163
v 0.394164 0.000000 0.951596
v 0.431220 0.000000 0.935387
v 0.431220 0.012000 0.935387
v 0.394164 0.012000 0.951596
v 0.406100 0.000000 0.880899
v 0.371203 0.000000 0.896163
v 0.371203 0.012000 0.896163
v 0.406100 0.012000 0.880899
v 0.406100 0.012000 0.880899
v 0.431220 0.012000 0.935387
v 0.467610 0.012000 0.917737
v 0.440371 0.012000 0.864276
v 0.440371 0.000000 0.864276
v 0.467610 0.000000 0.917737
v 0.431220 0.000000 0.935387
v 0.406100 0.000000 0.880899
v 0.431220 0.000000 0.935387
v 0.467610 0.000000 0.917737
v 0.467610 0.012000 0.917737
v 0.431220 0.012000 0.935387
v 0.440371 0.000000 0.864276
v 0.406100 0.000000 0.880899
v 0.406100 0.012000 0.880899
v 0.440371 0.012000 0.864276
v 0.440371 0.012000 0.864276
v 0.467610 0.012000 0.917737
v 0.503280 0.012000 0.898671
v 0.473963 0.012000 0.846321
v 0.473963 0.000000 0.846321
v 0.503280 0.000000 0.898671
v 0.467610 0.000000 0.917737
v 0.440371 0.000000 0.864276
v 0.467610 0.000000 0.917737
v 0.503280 0.000000 0.898671
v 0.503280 0.012000 0.898671
v 0.467610 0.012000 0.917737
v 0.473963 0.000000 0.846321
v 0.440371 0.000000 0.864276
v 0.440371 0.012000 0.864276
v 0.473963 0.012000 0.846321
v 0.473963 0.012000 0.846321
v 0.503280 0.012000 0.898671
v 0.538173 0.012000 0.878219
v 0.506824 0.012000 0.827061
v 0.506824 0.000000 0.827061
v 0.538173 0.000000 0.878219
v 0.503280 0.000000 0.898671
v 0.473963 0.000000 0.846321
v 0.503280 0.000000 0.898671
v 0.538173 0.000000 0.878219
v 0.538173 0.012000 0.878219
v 0.503280 0.012000 0.898671
v 0.506824 0.000000 0.827061
v 0.473963 0.000000 0.846321
v 0.473963 0.012000 0.846321
v 0.506824 0.012000 0.827061
v 0.506824 0.012000 0.827061
v 0.538173 0.012000 0.878219
v 0.572237 0.012000 0.856414
v 0.538903 0.012000 0.806526
v 0.538903 0.000000 0.806526
v 0.572237 0.000000 0.856414
v 0.538173 0.000000 0.878219
v 0.506824 0.000000 0.827061
v 0.538173 0.000000 0.878219
v 0.572237 0.000000 0.856414
v 0.572237 0.012000 0.856414
v 0.538173 0.012000 0.878219
v 0.538903 0.000000 0.806526
v 0.506824 0.000000 0.827061
v 0.506824 0.012000 0.827061
v 0.538903 0.012000 0.806526
v 0.538903 0.012000 0.806526
v 0.572237 0.012000 0.856414
v 0.605419 0.012000 0.833287
v 0.570152 0.012000 0.784746
v 0.570152 0.000000 0.784746
v 0.605419 0.000000 0.833287
v 0.572237 0.000000 0.856414
v 0.538903 0.000000 0.806526
v 0.572237 0.000000 0.856414
v 0.605419 0.000000 0.833287
v 0.605419 0.012000 0.833287
v 0.572237 0.012000 0.856414
v 0.570152 0.000000 0.784746
v 0.538903 0.000000 0.806526
v 0.538903 0.012000 0.806526
v 0.570152 0.012000 0.784746
v 0.570152 0.012000 0.784746
v 0.605419 0.012000 0.833287
v 0.637667 0.012000 0.808876
v 0.600521 0.012000 0.761757
v 0.600521 0.000000 0.761757
v 0.637667 0.000000 0.808876
v 0.605419 0.000000 0.833287
v 0.570152 0.000000 0.784746
v 0.605419 0.000000 0.833287
v 0.637667 0.000000 0.808876
v 0.637667 0.012000 0.808876
v 0.605419 0.012000 0.833287
v 0.600521 0.000000 0.761757
v 0.570152 0.000000 0.784746
v 0.570152 0.012000 0.784746
v 0.600521 0.012000 0.761757
v 0.600521 0.012000 0.761757
v 0.637667 0.012000 0.808876
v 0.668931 0.012000 0.783218
v 0.629965 0.012000 0.737594
v 0.629965 0.000000 0.737594
v 0.668931 0.000000 0.783218
v 0.637667 0.000000 0.808876
v 0.600521 0.000000 0.761757
v 0.637667 0.000000 0.808876
v 0.668931 0.000000 0.783218
v 0.668931 0.012000 0.783218
v 0.637667 0.012000 0.808876
v 0.629965 0.000000 0.737594
v 0.600521 0.000000 0.761757
v 0.600521 0.012000 0.761757
v 0.629965 0.012000 0.737594
v 0.629965 0.012000 0.737594
v 0.668931 0.012000 0.783218
v 0.699165 0.012000 0.756352
v 0.658437 0.012000 0.712293
v 0.658437 0.000000 0.712293
v 0.699165 0.000000 0.756352
v 0.668931 0.000000 0.783218
v 0.629965 0.000000 0.737594
v 0.668931 0.000000 0.783218
v 0.699165 0.000000 0.756352
v 0.699165 0.012000 0.756352
v 0.668931 0.012000 0.783218
v 0.658437 0.000000 0.712293
v 0.629965 0.000000 0.737594
v 0.629965 0.012000 0.737594
v 0.658437 0.012000 0.712293
v 0.658437 0.012000 0.712293
v 0.699165 0.012000 0.756352
v 0.728320 0.012000 0.728320
v 0.685894 0.012000 0.685894
v 0.685894 0.000000 0.685894
v 0.728320 0.000000 0.728320
v 0.699165 0.000000 0.756352
v 0.658437 0.000000 0.712293
v 0.699165 0.000000 0.756352
v 0.728320 0.000000 0.728320
v 0.728320 0.012000 0.728320
v 0.699165 0.012000 0.756352
v 0.685894 0.000000 0.685894
v 0.658437 0.000000 0.712293
v 0.658437 0.012000 0.712293
v 0.685894 0.012000 0.685894
v 0.685894 0.012000 0.685894
v 0.728320 0.012000 0.728320
v 0.756352 0.012000 0.699165
v 0.712293 0.012000 0.658437
v 0.712293 0.000000 0.658437
v 0.756352 0.000000 0.699165
v 0.728320 0.000000 0.728320
v 0.685894 0.000000 0.685894
v 0.728320 0.000000 0.728320
v 0.756352 0.000000 0.699165
v 0.756352 0.012000 0.699165
v 0.728320 0.012000 0.728320
v 0.712293 0.000000 0.658437
v 0.685894 0.000000 0.685894
v 0.685894 0.012000 0.685894
v 0.712293 0.012000 0.658437
v 0.712293 0.012000 0.658437
v 0.756352 0.012000 0.699165
v 0.783218 0.012000 0.668931
v 0.737594 0.012000 0.629965
v 0.737594 0.000000 0.629965
v 0.783218 0.000000 0.668931
v 0.756352 0.000000 0.699165
v 0.712293 0.000000 0.658437
v 0.756352 0.000000 0.699165
v 0.783218 0.000000 0.668931
v 0.783218 0.012000 0.668931
v 0.756352 0.012000 0.699165
v 0.737594 0.000000 0.629965
v 0.712293 0.000000 0.658437
v 0.712293 0.012000 0.658437
v 0.737594 0.012000 0.629965
v 0.737594 0.012000 0.629965
v 0.783218 0.012000 0.668931
v 0.808876 0.012000 0.637667
v 0.761757 0.012000 0.600521
v 0.761757 0.000000 0.600521
v 0.808876 0.000000 0.637667
v 0.783218 0.000000 0.668931
v 0.737594 0.000000 0.629965
v 0.783218 0.000000 0.668931
v 0.808876 0.000000 0.637667
v 0.808876 0.012000 0.637667
v 0.783218 0.012000 0.668931
v 0.761757 0.000000 0.600521
v 0.737594 0.000000 0.629965
v 0.737594 0.012000 0.629965
v 0.761757 0.012000 0.600521
v 0.761757 0.012000 0.600521
v 0.808876 0.012000 0.637667
v 0.833287 0.012000 0.605419
v 0.784746 0.012000 0.570152
v 0.784746 0.000000 0.570152
v 0.833287 0.000000 0.605419
v 0.808876 0.000000 0.637667
v 0.761757 0.000000 0.600521
v 0.808876 0.000000 0.637667
v 0.833287 0.000000 0.605419
v 0.833287 0.012000 0.605419
v 0.808876 0.012000 0.637667
v 0.784746 0.000000 0.570152
v 0.761757 0.000000 0.600521
v 0.761757 0.012000 0.600521
v 0.784746 0.012000 0.570152
v 0.784746 0.012000 0.570152
v 0.833287 0.012000 0.605419
v 0.856414 0.012000 0.572237
v 0.806526 0.012000 0.538903
v 0.806526 0.000000 0.538903
v 0.856414 0.000000 0.572237
v 0.833287 0.000000 0.605419
v 0.784746 0.000000 0.570152
v 0.833287 0.000000 0.605419
v 0.856414 0.000000 0.572237
v 0.856414 0.012000 0.572237
v 0.833287 0.012000 0.605419
v 0.806526 0.000000 0.538903
v 0.784746 0.000000 0.570152
v 0.784746 0.012000 0.570152
v 0.806526 0.012000 0.538903
v 0.806526 0.012000 0.538903
v 0.856414 0.012000 0.572237
v 0.878219 0.012000 0.538173
v 0.827061 0.012000 0.506824
v 0.827061 0.000000 0.506824
v 0.878219 0.000000 0.538173
v 0.856414 0.000000 0.572237
v 0.806526 0.000000 0.538903
v 0.856414 0.000000 0.572237
v 0.878219 0.000000 0.538173
v 0.878219 0.012000 0.538173
v 0.856414 0.012000 0.572237
v 0.827061 0.000000 0.506824
v 0.806526 0.000000 0.538903
v 0.806526 0.012000 0.538903
v 0.827061 0.012000 0.506824
v 0.827061 0.012000 0.506824
v 0.878219 0.012000 0.538173
v 0.898671 0.012000 0.503280
v 0.846321 0.012000 0.473963
v 0.846321 0.000000 0.473963
v 0.898671 0.000000 0.503280
v 0.878219 0.000000 0.538173
v 0.827061 0.000000 0.506824
v 0.878219 0.000000 0.538173
v 0.898671 0.000000 0.503280
v 0.898671 0.012000 0.503280
v 0.878219 0.012000 0.538173
v 0.846321 0.000000 0.473963
v 0.827061 0.000000 0.506824
v 0.827061 0.012000 0.506824
v 0.846321 0.012000 0.473963
v 0.846321 0.012000 0.473963
v 0.898671 0.012000 0.503280
v 0.917737 0.012000 0.467610
v 0.864276 0.012000 0.440371
v 0.864276 0.000000 0.440371
v 0.917737 0.000000 0.467610
v 0.898671 0.000000 0.503280
v 0.846321 0.000000 0.473963
v 0.898671 0.000000 0.503280
v 0.917737 0.000000 0.467610
v 0.917737 0.012000 0.467610
v 0.898671 0.012000 0.503280
v 0.864276 0.000000 0.440371
v 0.846321 0.000000 0.473963
v 0.846321 0.012000 0.473963
v 0.864276 0.012000 0.440371
v 0.864276 0.012000 0.440371
v 0.917737 0.012000 0.467610
v 0.935387 0.012000 0.431220
v 0.880899 0.012000 0.406100
v 0.880899 0.000000 0.406100
v 0.935387 0.000000 0.431220
v 0.917737 0.000000 0.467610
v 0.864276 0.000000 0.440371
v 0.917737 0.000000 0.467610
v 0.935387 0.000000 0.431220
v 0.935387 0.012000 0.431220
v 0.917737 0.012000 0.467610
v 0.880899 0.000000 0.406100
v 0.864276 0.000000 0.440371
v 0.864276 0.012000 0.440371
v 0.880899 0.012000 0.406100
v 0.880899 0.012000 0.406100
v 0.935387 0.012000 0.431220
v 0.951596 0.012000 0.394164
v 0.896163 0.012000 0.371203
v 0.896163 0.000000 0.371203
v 0.951596 0.000000 0.394164
v 0.935387 0.000000 0.431220
v 0.880899 0.000000 0.406100
v 0.935387 0.000000 0.431220
v 0.951596 0.000000 0.394164
v 0.951596 0.012000 0.394164
v 0.935387 0.012000 0.431220
v 0.896163 0.000000 0.371203
v 0.880899 0.000000 0.406100
v 0.880899 0.012000 0.406100
v 0.896163 0.012000 0.371203
v 0.896163 0.012000 0.371203
v 0.951596 0.012000 0.394164
v 0.966337 0.012000 0.356501
v 0.910046 0.012000 0.335734
v 0.910046 0.000000 0.335734
v 0.966337 0.000000 0.356501
v 0.951596 0.000000 0.394164
v 0.896163 0.000000 0.371203
v 0.951596 0.000000 0.394164
v 0.966337 0.000000 0.356501
v 0.966337 0.012000 0.356501
v 0.951596 0.012000 0.394164
v 0.910046 0.000000 0.335734
v 0.896163 0.000000 0.371203
v 0.896163 0.012000 0.371203
v 0.910046 0.012000 0.335734
v 0.910046 0.012000 0.335734
v 0.966337 0.012000 0.356501
v 0.979588 0.012000 0.318287
v 0.922525 0.012000 0.299746
v 0.922525 0.000000 0.299746
v 0.979588 0.000000 0.318287
v 0.966337 0.000000 0.356501
v 0.910046 0.000000 0.335734
v 0.966337 0.000000 0.356501
v 0.979588 0.000000 0.318287
v 0.979588 0.012000 0.318287
v 0.966337 0.012000 0.356501
v 0.922525 0.000000 0.299746
v 0.910046 0.000000 0.335734
v 0.910046 0.012000 0.335734
v 0.922525 0.012000 0.299746
v 0.922525 0.012000 0.299746
v 0.979588 0.012000 0.318287
v 0.991329 0.012000 0.279584
v 0.933582 0.012000 0.263297
v 0.933582 0.000000 0.263297
v 0.991329 0.000000 0.279584
v 0.979588 0.000000 0.318287
v 0.922525 0.000000 0.299746
v 0.979588 0.000000 0.318287
v 0.991329 0.000000 0.279584
v 0.991329 0.012000 0.279584
v 0.979588 0.012000 0.318287
v 0.933582 0.000000 0.263297
v 0.922525 0.000000 0.299746
v 0.922525 0.012000 0.299746
v 0.933582 0.012000 0.263297
v 0.933582 0.012000 0.263297
v 0.991329 0.012000 0.279584
v 1.001541 0.012000 0.240449
v 0.943199 0.012000 0.226442
v 0.943199 0.000000 0.226442
v 1.001541 0.000000 0.240449
v 0.991329 0.000000 0.279584
v 0.933582 0.000000 0.263297
v 0.991329 0.000000 0.279584
v 1.001541 0.000000 0.240449
v 1.001541 0.012000 0.240449
v 0.991329 0.012000 0.279584
v 0.943199 0.000000 0.226442
v 0.933582 0.000000 0.263297
v 0.933582 0.012000 0.263297
v 0.943199 0.012000 0.226442
v 0.943199 0.012000 0.226442
v 1.001541 0.012000 0.240449
v 1.010209 0.012000 0.200943
v 0.951362 0.012000 0.189238
v 0.951362 0.000000 0.189238
v 1.010209 0.000000 0.200943
v 1.001541 0.000000 0.240449
v 0.943199 0.000000 0.226442
v 1.001541 0.000000 0.240449
v 1.010209 0.000000 0.200943
v 1.010209 0.012000 0.200943
v 1.001541 0.012000 0.240449
v 0.951362 0.000000 0.189238
v 0.943199 0.000000 0.226442
v 0.943199 0.012000 0.226442
v 0.951362 0.012000 0.189238
v 0.951362 0.012000 0.189238
v 1.010209 0.012000 0.200943
v 1.017319 0.012000 0.161127
v 0.958058 0.012000 0.151741
v 0.958058 0.000000 0.151741
v 1.017319 0.000000 0.161127
v 1.010209 0.000000 0.200943
v 0.951362 0.000000 0.189238
v 1.010209 0.000000 0.200943
v 1.017319 0.000000 0.161127
v 1.017319 0.012000 0.161127
v 1.010209 0.012000 0.200943
v 0.958058 0.000000 0.151741
v 0.951362 0.000000 0.189238
v 0.951362 0.012000 0.189238
v 0.958058 0.012000 0.151741
v 0.958058 0.012000 0.151741
v 1.017319 0.012000 0.161127
v 1.022861 0.012000 0.121064
v 0.963276 0.012000 0.114011
v 0.963276 0.000000 0.114011
v 1.022861 0.000000 0.121064
v 1.017319 0.000000 0.161127
v 0.958058 0.000000 0.151741
v 1.017319 0.000000 0.161127
v 1.022861 0.000000 0.121064
v 1.022861 0.012000 0.121064
v 1.017319 0.012000 0.161127
v 0.963276 0.000000 0.114011
v 0.958058 0.000000 0.151741
v 0.958058 0.012000 0.151741
v 0.963276 0.012000 0.114011
v 0.963276 0.012000 0.114011
v 1.022861 0.012000 0.121064
v 1.026825 0.012000 0.080813
v 0.967010 0.012000 0.076105
v 0.967010 0.000000 0.076105
v 1.026825 0.000000 0.080813
v 1.022861 0.000000 0.121064
v 0.963276 0.000000 0.114011
v 1.022861 0.000000 0.121064
v 1.026825 0.000000 0.080813
v 1.026825 0.012000 0.080813
v 1.022861 0.012000 0.121064
v 0.967010 0.000000 0.076105
v 0.963276 0.000000 0.114011
v 0.963276 0.012000 0.114011
v 0.967010 0.012000 0.076105
v 0.967010 0.012000 0.076105
v 1.026825 0.012000 0.080813
v 1.029206 0.012000 0.040438
v 0.969252 0.012000 0.038082
v 0.969252 0.000000 0.038082
v 1.029206 0.000000 0.040438
v 1.026825 0.000000 0.080813
v 0.967010 0.000000 0.076105
v 1.026825 0.000000 0.080813
v 1.029206 0.000000 0.040438
v 1.029206 0.012000 0.040438
v 1.026825 0.012000 0.080813
v 0.969252 0.000000 0.038082
v 0.967010 0.000000 0.076105
v 0.967010 0.012000 0.076105
v 0.969252 0.012000 0.038082
v 0.969252 0.012000 0.038082
v 1.029206 0.012000 0.040438
v 1.030000 0.012000 0.000000
v 0.970000 0.012000 0.000000
v 0.970000 0.000000 0.000000
v 1.030000 0.000000 0.000000
v 1.029206 0.000000 0.040438
v 0.969252 0.000000 0.038082
v 1.029206 0.000000 0.040438
v 1.030000 0.000000 0.000000
v 1.030000 0.012000 0.000000
v 1.029206 0.012000 0.040438
v 0.970000 0.000000 0.000000
v 0.969252 0.000000 0.038082
v 0.969252 0.012000 0.038082
v 0.970000 0.012000 0.000000
v 0.990000 0.016000 0.000000
v 1.010000 0.016000 0.000000
v 1.009221 0.016000 -0.039652
v 0.989237 0.016000 -0.038867
v 0.989237 0.012000 -0.038867
v 1.009221 0.012000 -0.039652
v 1.010000 0.012000 0.000000
v 0.990000 0.012000 0.000000
v 1.010000 0.012000 0.000000
v 1.009221 0.012000 -0.039652
v 1.009221 0.016000 -0.039652
v 1.010000 0.016000 0.000000
v 0.989237 0.012000 -0.038867
v 0.990000 0.012000 0.000000
v 0.990000 0.016000 0.000000
v 0.989237 0.016000 -0.038867
v 0.989237 0.016000 -0.038867
v 1.009221 0.016000 -0.039652
v 1.006886 0.016000 -0.079244
v 0.986948 0.016000 -0.077675
v 0.986948 0.012000 -0.077675
v 1.006886 0.012000 -0.079244
v 1.009221 0.012000 -0.039652
v 0.989237 0.012000 -0.038867
v 1.009221 0.012000 -0.039652
v 1.006886 0.012000 -0.079244
v 1.006886 0.016000 -0.079244
v 1.009221 0.016000 -0.039652
v 0.986948 0.012000 -0.077675
v 0.989237 0.012000 -0.038867
v 0.989237 0.016000 -0.038867
v 0.986948 0.016000 -0.077675
v 0.986948 0.016000 -0.077675
v 1.006886 0.016000 -0.079244
v 1.002999 0.016000 -0.118713
v 0.983138 0.016000 -0.116362
v 0.983138 0.012000 -0.116362
v 1.002999 0.012000 -0.118713
v 1.006886 0.012000 -0.079244
v 0.986948 0.012000 -0.077675
v 1.006886 0.012000 -0.079244
v 1.002999 0.012000 -0.118713
v 1.002999 0.016000 -0.118713
v 1.006886 0.016000 -0.079244
v 0.983138 0.012000 -0.116362
v 0.986948 0.012000 -0.077675
v 0.986948 0.016000 -0.077675
v 0.983138 0.016000 -0.116362
v 0.983138 0.016000 -0.116362
v 1.002999 0.016000 -0.118713
v 0.997565 0.016000 -0.157999
v 0.977811 0.016000 -0.154870
v 0.977811 0.012000 -0.154870
v 0.997565 0.012000 -0.157999
v 1.002999 0.012000 -0.118713
v 0.983138 0.012000 -0.116362
v 1.002999 0.012000 -0.118713
v 0.997565 0.012000 -0.157999
v 0.997565 0.016000 -0.157999
v 1.002999 0.016000 -0.118713
v 0.977811 0.012000 -0.154870
v 0.983138 0.012000 -0.116362
v 0.983138 0.016000 -0.116362
v 0.977811 0.016000 -0.154870
v 0.977811 0.016000 -0.154870
v 0.997565 0.016000 -0.157999
v 0.990593 0.016000 -0.197041
v 0.970977 0.016000 -0.193139
v 0.970977 0.012000 -0.193139
v 0.990593 0.012000 -0.197041
v 0.997565 0.012000 -0.157999
v 0.977811 0.012000 -0.154870
v 0.997565 0.012000 -0.157999
v 0.990593 0.012000 -0.197041
v 0.990593 0.016000 -0.197041
v 0.997565 0.016000 -0.157999
v 0.970977 0.012000 -0.193139
v 0.977811 0.012000 -0.154870
v 0.977811 0.016000 -0.154870
v 0.970977 0.016000 -0.193139
v 0.970977 0.016000 -0.193139
v 0.990593 0.016000 -0.197041
v 0.982094 0.016000 -0.235780
v 0.962646 0.016000 -0.231111
v 0.962646 0.012000 -0.231111
v 0.982094 0.012000 -0.235780
v 0.990593 0.012000 -0.197041
v 0.970977 0.012000 -0.193139
v 0.990593 0.012000 -0.197041
v 0.982094 0.012000 -0.235780
v 0.982094 0.016000 -0.235780
v 0.990593 0.016000 -0.197041
v 0.962646 0.012000 -0.231111
v 0.970977 0.012000 -0.193139
v 0.970977 0.016000 -0.193139
v 0.962646 0.016000 -0.231111
v 0.962646 0.016000 -0.231111
v 0.982094 0.016000 -0.235780
v 0.972080 0.016000 -0.274155
v 0.952831 0.016000 -0.268726
v 0.952831 0.012000 -0.268726
v 0.972080 0.012000 -0.274155
v 0.982094 0.012000 -0.235780
v 0.962646 0.012000 -0.231111
v 0.982094 0.012000 -0.235780
v 0.972080 0.012000 -0.274155
v 0.972080 0.016000 -0.274155
v 0.982094 0.016000 -0.235780
v 0.952831 0.012000 -0.268726
v 0.962646 0.012000 -0.231111
v 0.962646 0.016000 -0.231111
v 0.952831 0.016000 -0.268726
v 0.952831 0.016000 -0.268726
v 0.972080 0.016000 -0.274155
v 0.960567 0.016000 -0.312107
v 0.941546 0.016000 -0.305927
v 0.941546 0.012000 -0.305927
v 0.960567 0.012000 -0.312107
v 0.972080 0.012000 -0.274155
v 0.952831 0.012000 -0.268726
v 0.972080 0.012000 -0.274155
v 0.960567 0.012000 -0.312107
v 0.960567 0.016000 -0.312107
v 0.972080 0.016000 -0.274155
v 0.941546 0.012000 -0.305927
v 0.952831 0.012000 -0.268726
v 0.952831 0.016000 -0.268726
v 0.941546 0.016000 -0.305927
v 0.941546 0.016000 -0.305927
v 0.960567 0.016000 -0.312107
v 0.947573 0.016000 -0.349578
v 0.928809 0.016000 -0.342656
v 0.928809 0.012000 -0.342656
v 0.947573 0.012000 -0.349578
v 0.960567 0.012000 -0.312107
v 0.941546 0.012000 -0.305927
v 0.960567 0.012000 -0.312107
v 0.947573 0.012000 -0.349578
v 0.947573 0.016000 -0.349578
v 0.960567 0.016000 -0.312107
v 0.928809 0.012000 -0.342656
v 0.941546 0.012000 -0.305927
v 0.941546 0.016000 -0.305927
v 0.928809 0.016000 -0.342656
v 0.928809 0.016000 -0.342656
v 0.947573 0.016000 -0.349578
v 0.933118 0.016000 -0.386510
v 0.914641 0.016000 -0.378857
v 0.914641 0.012000 -0.378857
v 0.933118 0.012000 -0.386510
v 0.947573 0.012000 -0.349578
v 0.928809 0.012000 -0.342656
v 0.947573 0.012000 -0.349578
v 0.933118 0.012000 -0.386510
v 0.933118 0.016000 -0.386510
v 0.947573 0.016000 -0.349578
v 0.914641 0.012000 -0.378857
v 0.928809 0.012000 -0.342656
v 0.928809 0.016000 -0.342656
v 0.914641 0.016000 -0.378857
v 0.914641 0.016000 -0.378857
v 0.933118 0.016000 -0.386510
v 0.917225 0.016000 -0.422846
v 0.899062 0.016000 -0.414473
v 0.899062 0.012000 -0.414473
v 0.917225 0.012000 -0.422846
v 0.933118 0.012000 -0.386510
v 0.914641 0.012000 -0.378857
v 0.933118 0.012000 -0.386510
v 0.917225 0.012000 -0.422846
v 0.917225 0.016000 -0.422846
v 0.933118 0.016000 -0.386510
v 0.899062 0.012000 -0.414473
v 0.914641 0.012000 -0.378857
v 0.914641 0.016000 -0.378857
v 0.899062 0.016000 -0.414473
v 0.899062 0.016000 -0.414473
v 0.917225 0.016000 -0.422846
v 0.899917 0.016000 -0.458530
v 0.882096 0.016000 -0.449451
v 0.882096 0.012000 -0.449451
v 0.899917 0.012000 -0.458530
v 0.917225 0.012000 -0.422846
v 0.899062 0.012000 -0.414473
v 0.917225 0.012000 -0.422846
v 0.899917 0.012000 -0.458530
v 0.899917 0.016000 -0.458530
v 0.917225 0.016000 -0.422846
v 0.882096 0.012000 -0.449451
v 0.899062 0.012000 -0.414473
v 0.899062 0.016000 -0.414473
v 0.882096 0.016000 -0.449451
v 0.882096 0.016000 -0.449451
v 0.899917 0.016000 -0.458530
v 0.881221 0.016000 -0.493507
v 0.863771 0.016000 -0.483735
v 0.863771 0.012000 -0.483735
v 0.881221 0.012000 -0.493507
v 0.899917 0.012000 -0.458530
v 0.882096 0.012000 -0.449451
v 0.899917 0.012000 -0.458530
v 0.881221 0.012000 -0.493507
v 0.881221 0.016000 -0.493507
v 0.899917 0.016000 -0.458530
v 0.863771 0.012000 -0.483735
v 0.882096 0.012000 -0.449451
v 0.882096 0.016000 -0.449451
v 0.863771 0.016000 -0.483735
v 0.863771 0.016000 -0.483735
v 0.881221 0.016000 -0.493507
v 0.861167 0.016000 -0.527724
v 0.844114 0.016000 -0.517274
v 0.844114 0.012000 -0.517274
v 0.861167 0.012000 -0.527724
v 0.881221 0.012000 -0.493507
v 0.863771 0.012000 -0.483735
v 0.881221 0.012000 -0.493507
v 0.861167 0.012000 -0.527724
v 0.861167 0.016000 -0.527724
v 0.881221 0.016000 -0.493507
v 0.844114 0.012000 -0.517274
v 0.863771 0.012000 -0.483735
v 0.863771 0.016000 -0.483735
v 0.844114 0.016000 -0.517274
v 0.844114 0.016000 -0.517274
v 0.861167 0.016000 -0.527724
v 0.839784 0.016000 -0.561126
v 0.823155 0.016000 -0.550015
v 0.823155 0.012000 -0.550015
v 0.839784 0.012000 -0.561126
v 0.861167 0.012000 -0.527724
v 0.844114 0.012000 -0.517274
v 0.861167 0.012000 -0.527724
v 0.839784 0.012000 -0.561126
v 0.839784 0.016000 -0.561126
v 0.861167 0.016000 -0.527724
v 0.823155 0.012000 -0.550015
v 0.844114 0.012000 -0.517274
v 0.844114 0.016000 -0.517274
v 0.823155 0.016000 -0.550015
v 0.823155 0.016000 -0.550015
v 0.839784 0.016000 -0.561126
v 0.817107 0.016000 -0.593663
v 0.800927 0.016000 -0.581907
v 0.800927 0.012000 -0.581907
v 0.817107 0.012000 -0.593663
v 0.839784 0.012000 -0.561126
v 0.823155 0.012000 -0.550015
v 0.839784 0.012000 -0.561126
v 0.817107 0.012000 -0.593663
v 0.817107 0.016000 -0.593663
v 0.839784 0.016000 -0.561126
v 0.800927 0.012000 -0.581907
v 0.823155 0.012000 -0.550015
v 0.823155 0.016000 -0.550015
v 0.800927 0.016000 -0.581907
v 0.800927 0.016000 -0.581907
v 0.817107 0.016000 -0.593663
v 0.793170 0.016000 -0.625285
v 0.777464 0.016000 -0.612903
v 0.777464 0.012000 -0.612903
v 0.793170 0.012000 -0.625285
v 0.817107 0.012000 -0.593663
v 0.800927 0.012000 -0.581907
v 0.817107 0.012000 -0.593663
v 0.793170 0.012000 -0.625285
v 0.793170 0.016000 -0.625285
v 0.817107 0.016000 -0.593663
v 0.777464 0.012000 -0.612903
v 0.800927 0.012000 -0.581907
v 0.800927 0.016000 -0.581907
v 0.777464 0.016000 -0.612903
v 0.777464 0.016000 -0.612903
v 0.793170 0.016000 -0.625285
v 0.768010 0.016000 -0.655942
v 0.752802 0.016000 -0.642954
v 0.752802 0.012000 -0.642954
v 0.768010 0.012000 -0.655942
v 0.793170 0.012000 -0.625285
v 0.777464 0.012000 -0.612903
v 0.793170 0.012000 -0.625285
v 0.768010 0.012000 -0.655942
v 0.768010 0.016000 -0.655942
v 0.793170 0.016000 -0.625285
v 0.752802 0.012000 -0.642954
v 0.777464 0.012000 -0.612903
v 0.777464 0.016000 -0.612903
v 0.752802 0.016000 -0.642954
v 0.752802 0.016000 -0.642954
v 0.768010 0.016000 -0.655942
v 0.741666 0.016000 -0.685589
v 0.726979 0.016000 -0.672013
v 0.726979 0.012000 -0.672013
v 0.741666 0.012000 -0.685589
v 0.768010 0.012000 -0.655942
v 0.752802 0.012000 -0.642954
v 0.768010 0.012000 -0.655942
v 0.741666 0.012000 -0.685589
v 0.741666 0.016000 -0.685589
v 0.768010 0.016000 -0.655942
v 0.726979 0.012000 -0.672013
v 0.752802 0.012000 -0.642954
v 0.752802 0.016000 -0.642954
v 0.726979 0.016000 -0.672013
v 0.726979 0.016000 -0.672013
v 0.741666 0.016000 -0.685589
v 0.714178 0.016000 -0.714178
v 0.700036 0.016000 -0.700036
v 0.700036 0.012000 -0.700036
v 0.714178 0.012000 -0.714178
v 0.741666 0.012000 -0.685589
v 0.726979 0.012000 -0.672013
v 0.741666 0.012000 -0.685589
v 0.714178 0.012000 -0.714178
v 0.714178 0.016000 -0.714178
v 0.741666 0.016000 -0.685589
v 0.700036 0.012000 -0.700036
v 0.726979 0.012000 -0.672013
v 0.726979 0.016000 -0.672013
v 0.700036 0.016000 -0.700036
v 0.700036 0.016000 -0.700036
v 0.714178 0.016000 -0.714178
v 0.685589 0.016000 -0.741666
v 0.672013 0.016000 -0.726979
v 0.672013 0.012000 -0.726979
v 0.685589 0.012000 -0.741666
v 0.714178 0.012000 -0.714178
v 0.700036 0.012000 -0.700036
v 0.714178 0.012000 -0.714178
v 0.685589 0.012000 -0.741666
v 0.685589 0.016000 -0.741666
v 0.714178 0.016000 -0.714178
v 0.672013 0.012000 -0.726979
v 0.700036 0.012000 -0.700036
v 0.700036 0.016000 -0.700036
v 0.672013 0.016000 -0.726979
v 0.672013 0.016000 -0.726979
v 0.685589 0.016000 -0.741666
v 0.655942 0.016000 -0.768010
v 0.642954 0.016000 -0.752802
v 0.642954 0.012000 -0.752802
v 0.655942 0.012000 -0.768010
v 0.685589 0.012000 -0.741666
v 0.672013 0.012000 -0.726979
v 0.685589 0.012000 -0.741666
v 0.655942 0.012000 -0.768010
v 0.655942 0.016000 -0.768010
v 0.685589 0.016000 -0.741666
v 0.642954 0.012000 -0.752802
v 0.672013 0.012000 -0.726979
v 0.672013 0.016000 -0.726979
v 0.642954 0.016000 -0.752802
v 0.642954 0.016000 -0.752802
v 0.655942 0.016000 -0.768010
v 0.625285 0.016000 -0.793170
v 0.612903 0.016000 -0.777464
v 0.612903 0.012000 -0.777464
v 0.625285 0.012000 -0.793170
v 0.655942 0.012000 -0.768010
v 0.642954 0.012000 -0.752802
v 0.655942 0.012000 -0.768010
v 0.625285 0.012000 -0.793170
v 0.625285 0.016000 -0.793170
v 0.655942 0.016000 -0.768010
v 0.612903 0.012000 -0.777464
v 0.642954 0.012000 -0.752802
v 0.642954 0.016000 -0.752802
v 0.612903 0.016000 -0.777464
v 0.612903 0.016000 -0.777464
v 0.625285 0.016000 -0.793170
v 0.593663 0.016000 -0.817107
v 0.581907 0.016000 -0.800927
v 0.581907 0.012000 -0.800927
v 0.593663 0.012000 -0.817107
v 0.625285 0.012000 -0.793170
v 0.612903 0.012000 -0.777464
v 0.625285 0.012000 -0.793170
v 0.593663 0.012000 -0.817107
v 0.593663 0.016000 -0.817107
v 0.625285 0.016000 -0.793170
v 0.581907 0.012000 -0.800927
v 0.612903 0.012000 -0.777464
v 0.612903 0.016000 -0.777464
v 0.581907 0.016000 -0.800927
v 0.581907 0.016000 -0.800927
v 0.593663 0.016000 -0.817107
v 0.561126 0.016000 -0.839784
v 0.550015 0.016000 -0.823155
v 0.550015 0.012000 -0.823155
v 0.561126 0.012000 -0.839784
v 0.593663 0.012000 -0.817107
v 0.581907 0.012000 -0.800927
v 0.593663 0.012000 -0.817107
v 0.561126 0.012000 -0.839784
v 0.561126 0.016000 -0.839784
v 0.593663 0.016000 -0.817107
v 0.550015 0.012000 -0.823155
v 0.581907 0.012000 -0.800927
v 0.581907 0.016000 -0.800927
v 0.550015 0.016000 -0.823155
v 0.550015 0.016000 -0.823155
v 0.561126 0.016000 -0.839784
v 0.527724 0.016000 -0.861167
v 0.517274 0.016000 -0.844114
v 0.517274 0.012000 -0.844114
v 0.527724 0.012000 -0.861167
v 0.561126 0.012000 -0.839784
v 0.550015 0.012000 -0.823155
v 0.561126 0.012000 -0.839784
v 0.527724 0.012000 -0.861167
v 0.527724 0.016000 -0.861167
v 0.561126 0.016000 -0.839784
v 0.517274 0.012000 -0.844114
v 0.550015 0.012000 -0.823155
v 0.550015 0.016000 -0.823155
v 0.517274 0.016000 -0.844114
v 0.517274 0.016000 -0.844114
v 0.527724 0.016000 -0.861167
v 0.493507 0.016000 -0.881221
v 0.483735 0.016000 -0.863771
v 0.483735 0.012000 -0.863771
v 0.493507 0.012000 -0.881221
v 0.527724 0.012000 -0.861167
v 0.517274 0.012000 -0.844114
v 0.527724 0.012000 -0.861167
v 0.493507 0.012000 -0.881221
v 0.493507 0.016000 -0.881221
v 0.527724 0.016000 -0.861167
v 0.483735 0.012000 -0.863771
v 0.517274 0.012000 -0.844114
v 0.517274 0.016000 -0.844114
v 0.483735 0.016000 -0.863771
v 0.483735 0.016000 -0.863771
v 0.493507 0.016000 -0.881221
v 0.458530 0.016000 -0.899917
v 0.449451 0.016000 -0.882096
v 0.449451 0.012000 -0.882096
v 0.458530 0.012000 -0.899917
v 0.493507 0.012000 -0.881221
v 0.483735 0.012000 -0.863771
v 0.493507 0.012000 -0.881221
v 0.458530 0.012000 -0.899917
v 0.458530 0.016000 -0.899917
v 0.493507 0.016000 -0.881221
v 0.449451 0.012000 -0.882096
v 0.483735 0.012000 -0.863771
v 0.483735 0.016000 -0.863771
v 0.449451 0.016000 -0.882096
v 0.449451 0.016000 -0.882096
v 0.458530 0.016000 -0.899917
v 0.422846 0.016000 -0.917225
v 0.414473 0.016000 -0.899062
v 0.414473 0.012000 -0.899062
v 0.422846 0.012000 -0.917225
v 0.458530 0.012000 -0.899917
v 0.449451 0.012000 -0.882096
v 0.458530 0.012000 -0.899917
v 0.422846 0.012000 -0.917225
v 0.422846 0.016000 -0.917225
v 0.458530 0.016000 -0.899917
v 0.414473 0.012000 -0.899062
v 0.449451 0.012000 -0.882096
v 0.449451 0.016000 -0.882096
v 0.414473 0.016000 -0.899062
v 0.414473 0.016000 -0.899062
v 0.422846 0.016000 -0.917225
v 0.386510 0.016000 -0.933118
v 0.378857 0.016000 -0.914641
v 0.378857 0.012000 -0.914641
v 0.386510 0.012000 -0.933118
v 0.422846 0.012000 -0.917225
v 0.414473 0.012000 -0.899062
v 0.422846 0.012000 -0.917225
v 0.386510 0.012000 -0.933118
v 0.386510 0.016000 -0.933118
v 0.422846 0.016000 -0.917225
v 0.378857 0.012000 -0.914641
v 0.414473 0.012000 -0.899062
v 0.414473 0.016000 -0.899062
v 0.378857 0.016000 -0.914641
v 0.378857 0.016000 -0.914641
v 0.386510 0.016000 -0.933118
v 0.349578 0.016000 -0.947573
v 0.342656 0.016000 -0.928809
v 0.342656 0.012000 -0.928809
v 0.349578 0.012000 -0.947573
v 0.386510 0.012000 -0.933118
v 0.378857 0.012000 -0.914641
v 0.386510 0.012000 -0.933118
v 0.349578 0.012000 -0.947573
v 0.349578 0.016000 -0.947573
v 0.386510 0.016000 -0.933118
v 0.342656 0.012000 -0.928809
v 0.378857 0.012000 -0.914641
v 0.378857 0.016000 -0.914641
v 0.342656 0.016000 -0.928809
v 0.342656 0.016000 -0.928809
v 0.349578 0.016000 -0.947573
v 0.312107 0.016000 -0.960567
v 0.305927 0.016000 -0.941546
v 0.305927 0.012000 -0.941546
v 0.312107 0.012000 -0.960567
v 0.349578 0.012000 -0.947573
v 0.342656 0.012000 -0.928809
v 0.349578 0.012000 -0.947573
v 0.312107 0.012000 -0.960567
v 0.312107 0.016000 -0.960567
v 0.349578 0.016000 -0.947573
v 0.305927 0.012000 -0.941546
v 0.342656 0.012000 -0.928809
v 0.342656 0.016000 -0.928809
v 0.305927 0.016000 -0.941546
v 0.305927 0.016000 -0.941546
v 0.312107 0.016000 -0.960567
v 0.274155 0.016000 -0.972080
v 0.268726 0.016000 -0.952831
v 0.268726 0.012000 -0.952831
v 0.274155 0.012000 -0.972080
v 0.312107 0.012000 -0.960567
v 0.305927 0.012000 -0.941546
v 0.312107 0.012000 -0.960567
v 0.274155 0.012000 -0.972080
v 0.274155 0.016000 -0.972080
v 0.312107 0.016000 -0.960567
v 0.268726 0.012000 -0.952831
v 0.305927 0.012000 -0.941546
v 0.305927 0.016000 -0.941546
v 0.268726 0.016000 -0.952831
v 0.268726 0.016000 -0.952831
v 0.274155 0.016000 -0.972080
v 0.235780 0.016000 -0.982094
v 0.231111 0.016000 -0.962646
v 0.231111 0.012000 -0.962646
v 0.235780 0.012000 -0.982094
v 0.274155 0.012000 -0.972080
v 0.268726 0.012000 -0.952831
v 0.274155 0.012000 -0.972080
v 0.235780 0.012000 -0.982094
v 0.235780 0.016000 -0.982094
v 0.274155 0.016000 -0.972080
v 0.231111 0.012000 -0.962646
v 0.268726 0.012000 -0.952831
v 0.268726 0.016000 -0.952831
v 0.231111 0.016000 -0.962646
v 0.231111 0.016000 -0.962646
v 0.235780 0.016000 -0.982094
v 0.197041 0.016000 -0.990593
v 0.193139 0.016000 -0.970977
v 0.193139 0.012000 -0.970977
v 0.197041 0.012000 -0.990593
v 0.235780 0.012000 -0.982094
v 0.231111 0.012000 -0.962646
v 0.235780 0.012000 -0.982094
v 0.197041 0.012000 -0.990593
v 0.197041 0.016000 -0.990593
v 0.235780 0.016000 -0.982094
v 0.193139 0.012000 -0.970977
v 0.231111 0.012000 -0.962646
v 0.231111 0.016000 -0.962646
v 0.193139 0.016000 -0.970977
v 0.193139 0.016000 -0.970977
v 0.197041 0.016000 -0.990593
v 0.157999 0.016000 -0.997565
v 0.154870 0.016000 -0.977811
v 0.154870 0.012000 -0.977811
v 0.157999 0.012000 -0.997565
v 0.197041 0.012000 -0.990593
v 0.193139 0.012000 -0.970977
v 0.197041 0.012000 -0.990593
v 0.157999 0.012000 -0.997565
v 0.157999 0.016000 -0.997565
v 0.197041 0.016000 -0.990593
v 0.154870 0.012000 -0.977811
v 0.193139 0.012000 -0.970977
v 0.193139 0.016000 -0.970977
v 0.154870 0.016000 -0.977811
v 0.154870 0.016000 -0.977811
v 0.157999 0.016000 -0.997565
v 0.118713 0.016000 -1.002999
v 0.116362 0.016000 -0.983138
v 0.116362 0.012000 -0.983138
v 0.118713 0.012000 -1.002999
v 0.157999 0.012000 -0.997565
v 0.154870 0.012000 -0.977811
v 0.157999 0.012000 -0.997565
v 0.118713 0.012000 -1.002999
v 0.118713 0.016000 -1.002999
v 0.157999 0.016000 -0.997565
v 0.116362 0.012000 -0.983138
v 0.154870 0.012000 -0.977811
v 0.154870 0.016000 -0.977811
v 0.116362 0.016000 -0.983138
v 0.116362 0.016000 -0.983138
v 0.118713 0.016000 -1.002999
v 0.079244 0.016000 -1.006886
v 0.077675 0.016000 -0.986948
v 0.077675 0.012000 -0.986948
v 0.079244 0.012000 -1.006886
v 0.118713 0.012000 -1.002999
v 0.116362 0.012000 -0.983138
v 0.118713 0.012000 -1.002999
v 0.079244 0.012000 -1.006886
v 0.079244 0.016000 -1.006886
v 0.118713 0.016000 -1.002999
v 0.077675 0.012000 -0.986948
v 0.116362 0.012000 -0.983138
v 0.116362 0.016000 -0.983138
v 0.077675 0.016000 -0.986948
v 0.077675 0.016000 -0.986948
v 0.079244 0.016000 -1.006886
v 0.039652 0.016000 -1.009221
v 0.038867 0.016000 -0.989237
v 0.038867 0.012000 -0.989237
v 0.039652 0.012000 -1.009221
v 0.079244 0.012000 -1.006886
v 0.077675 0.012000 -0.986948
v 0.079244 0.012000 -1.006886
v 0.039652 0.012000 -1.009221
v 0.039652 0.016000 -1.009221
v 0.079244 0.016000 -1.006886
v 0.038867 0.012000 -0.989237
v 0.077675 0.012000 -0.986948
v 0.077675 0.016000 -0.986948
v 0.038867 0.016000 -0.989237
v 0.038867 0.016000 -0.989237
v 0.039652 0.016000 -1.009221
v 0.000000 0.016000 -1.010000
v 0.000000 0.016000 -0.990000
v 0.000000 0.012000 -0.990000
v 0.000000 0.012000 -1.010000
v 0.039652 0.012000 -1.009221
v 0.038867 0.012000 -0.989237
v 0.039652 0.012000 -1.009221
v 0.000000 0.012000 -1.010000
v 0.000000 0.016000 -1.010000
v 0.039652 0.016000 -1.009221
v 0.000000 0.012000 -0.990000
v 0.038867 0.012000 -0.989237
v 0.038867 0.016000 -0.989237
v 0.000000 0.016000 -0.990000
v 0.000000 0.016000 -0.990000
v 0.000000 0.016000 -1.010000
v -0.039652 0.016000 -1.009221
v -0.038867 0.016000 -0.989237
v -0.038867 0.012000 -0.989237
v -0.039652 0.012000 -1.009221
v 0.000000 0.012000 -1.010000
v 0.000000 0.012000 -0.990000
v 0.000000 0.012000 -1.010000
v -0.039652 0.012000 -1.009221
v -0.039652 0.016000 -1.009221
v 0.000000 0.016000 -1.010000
v -0.038867 0.012000 -0.989237
v 0.000000 0.012000 -0.990000
v 0.000000 0.016000 -0.990000
v -0.038867 0.016000 -0.989237
v -0.038867 0.016000 -0.989237
v -0.039652 0.016000 -1.009221
v -0.079244 0.016000 -1.006886
v -0.077675 0.016000 -0.986948
v -0.077675 0.012000 -0.986948
v -0.079244 0.012000 -1.006886
v -0.039652 0.012000 -1.009221
v -0.038867 0.012000 -0.989237
v -0.039652 0.012000 -1.009221
v -0.079244 0.012000 -1.006886
v -0.079244 0.016000 -1.006886
v -0.039652 0.016000 -1.009221
v -0.077675 0.012000 -0.986948
v -0.038867 0.012000 -0.989237
v -0.038867 0.016000 -0.989237
v -0.077675 0.016000 -0.986948
v -0.077675 0.016000 -0.986948
v -0.079244 0.016000 -1.006886
v -0.118713 0.016000 -1.002999
v -0.116362 0.016000 -0.983138
v -0.116362 0.012000 -0.983138
v -0.118713 0.012000 -1.002999
v -0.079244 0.012000 -1.006886
v -0.077675 0.012000 -0.986948
v -0.079244 0.012000 -1.006886
v -0.118713 0.012000 -1.002999
v -0.118713 0.016000 -1.002999
v -0.079244 0.016000 -1.006886
v -0.116362 0.012000 -0.983138
v -0.077675 0.012000 -0.986948
v -0.077675 0.016000 -0.986948
v -0.116362 0.016000 -0.983138
v -0.116362 0.016000 -0.983138
v -0.118713 0.016000 -1.002999
v -0.157999 0.016000 -0.997565
v -0.154870 0.016000 -0.977811
v -0.154870 0.012000 -0.977811
v -0.157999 0.012000 -0.997565
v -0.118713 0.012000 -1.002999
v -0.116362 0.012000 -0.983138
v -0.118713 0.012000 -1.002999
v -0.157999 0.012000 -0.997565
v -0.157999 0.016000 -0.997565
v -0.118713 0.016000 -1.002999
v -0.154870 0.012000 -0.977811
v -0.116362 0.012000 -0.983138
v -0.116362 0.016000 -0.983138
v -0.154870 0.016000 -0.977811
v -0.154870 0.016000 -0.977811
v -0.157999 0.016000 -0.997565
v -0.197041 0.016000 -0.990593
v -0.193139 0.016000 -0.970977
v -0.193139 0.012000 -0.970977
v -0.197041 0.012000 -0.990593
v -0.157999 0.012000 -0.997565
v -0.154870 0.012000 -0.977811
v -0.157999 0.012000 -0.997565
v -0.197041 0.012000 -0.990593
v -0.197041 0.016000 -0.990593
v -0.157999 0.016000 -0.997565
v -0.193139 0.012000 -0.970977
v -0.154870 0.012000 -0.977811
v -0.154870 0.016000 -0.977811
v -0.193139 0.016000 -0.970977
v -0.193139 0.016000 -0.970977
v -0.197041 0.016000 -0.990593
v -0.235780 0.016000 -0.982094
v -0.231111 0.016000 -0.962646
v -0.231111 0.012000 -0.962646
v -0.235780 0.012000 -0.982094
v -0.197041 0.012000 -0.990593
v -0.193139 0.012000 -0.970977
v -0.197041 0.012000 -0.990593
v -0.235780 0.012000 -0.982094
v -0.235780 0.016000 -0.982094
v -0.197041 0.016000 -0.990593
v -0.231111 0.012000 -0.962646
v -0.193139 0.012000 -0.970977
v -0.193139 0.016000 -0.970977
v -0.231111 0.016000 -0.962646
v -0.231111 0.016000 -0.962646
v -0.235780 0.016000 -0.982094
v -0.274155 0.016000 -0.972080
v -0.268726 0.016000 -0.952831
v -0.268726 0.012000 -0.952831
v -0.274155 0.012000 -0.972080
v -0.235780 0.012000 -0.982094
v -0.231111 0.012000 -0.962646
v -0.235780 0.012000 -0.982094
v -0.274155 0.012000 -0.972080
v -0.274155 0.016000 -0.972080
v -0.235780 0.016000 -0.982094
v -0.268726 0.012000 -0.952831
v -0.231111 0.012000 -0.962646
v -0.231111 0.016000 -0.962646
v -0.268726 0.016000 -0.952831
v -0.268726 0.016000 -0.952831
v -0.274155 0.016000 -0.972080
v -0.312107 0.016000 -0.960567
v -0.305927 0.016000 -0.941546
v -0.305927 0.012000 -0.941546
v -0.312107 0.012000 -0.960567
v -0.274155 0.012000 -0.972080
v -0.268726 0.012000 -0.952831
v -0.274155 0.012000 -0.972080
v -0.312107 0.012000 -0.960567
v -0.312107 0.016000 -0.960567
v -0.274155 0.016000 -0.972080
v -0.305927 0.012000 -0.941546
v -0.268726 0.012000 -0.952831
v -0.268726 0.016000 -0.952831
v -0.305927 0.016000 -0.941546
v -0.305927 0.016000 -0.941546
v -0.312107 0.016000 -0.960567
v -0.349578 0.016000 -0.947573
v -0.342656 0.016000 -0.928809
v -0.342656 0.012000 -0.928809
v -0.349578 0.012000 -0.947573
v -0.312107 0.012000 -0.960567
v -0.305927 0.012000 -0.941546
v -0.312107 0.012000 -0.960567
v -0.349578 0.012000 -0.947573
v -0.349578 0.016000 -0.947573
v -0.312107 0.016000 -0.960567
v -0.342656 0.012000 -0.928809
v -0.305927 0.012000 -0.941546
v -0.305927 0.016000 -0.941546
v -0.342656 0.016000 -0.928809
v -0.342656 0.016000 -0.928809
v -0.349578 0.016000 -0.947573
v -0.386510 0.016000 -0.933118
v -0.378857 0.016000 -0.914641
v -0.378857 0.012000 -0.914641
v -0.386510 0.012000 -0.933118
v -0.349578 0.012000 -0.947573
v -0.342656 0.012000 -0.928809
v -0.349578 0.012000 -0.947573
v -0.386510 0.012000 -0.933118
v -0.386510 0.016000 -0.933118
v -0.349578 0.016000 -0.947573
v -0.378857 0.012000 -0.914641
v -0.342656 0.012000 -0.928809
v -0.342656 0.016000 -0.928809
v -0.378857 0.016000 -0.914641
v -0.378857 0.016000 -0.914641
v -0.386510 0.016000 -0.933118
v -0.422846 0.016000 -0.917225
v -0.414473 0.016000 -0.899062
v -0.414473 0.012000 -0.899062
v -0.422846 0.012000 -0.917225
v -0.386510 0.012000 -0.933118
v -0.378857 0.012000 -0.914641
v -0.386510 0.012000 -0.933118
v -0.422846 0.012000 -0.917225
v -0.422846 0.016000 -0.917225
v -0.386510 0.016000 -0.933118
v -0.414473 0.012000 -0.899062
v -0.378857 0.012000 -0.914641
v -0.378857 0.016000 -0.914641
v -0.414473 0.016000 -0.899062
v -0.414473 0.016000 -0.899062
v -0.422846 0.016000 -0.917225
v -0.458530 0.016000 -0.899917
v -0.449451 0.016000 -0.882096
v -0.449451 0.012000 -0.882096
v -0.458530 0.012000 -0.899917
v -0.422846 0.012000 -0.917225
v -0.414473 0.012000 -0.899062
v -0.422846 0.012000 -0.917225
v -0.458530 0.012000 -0.899917
v -0.458530 0.016000 -0.899917
v -0.422846 0.016000 -0.917225
v -0.449451 0.012000 -0.882096
v -0.414473 0.012000 -0.899062
v -0.414473 0.016000 -0.899062
v -0.449451 0.016000 -0.882096
v -0.449451 0.016000 -0.882096
v -0.458530 0.016000 -0.899917
v -0.493507 0.016000 -0.881221
v -0.483735 0.016000 -0.863771
v -0.483735 0.012000 -0.863771
v -0.493507 0.012000 -0.881221
v -0.458530 0.012000 -0.899917
v -0.449451 0.012000 -0.882096
v -0.458530 0.012000 -0.899917
v -0.493507 0.012000 -0.881221
v -0.493507 0.016000 -0.881221
v -0.458530 0.016000 -0.899917
v -0.483735 0.012000 -0.863771
v -0.449451 0.012000 -0.882096
v -0.449451 0.016000 -0.882096
v -0.483735 0.016000 -0.863771
v -0.483735 0.016000 -0.863771
v -0.493507 0.016000 -0.881221
v -0.527724 0.016000 -0.861167
v -0.517274 0.016000 -0.844114
v -0.517274 0.012000 -0.844114
v -0.527724 0.012000 -0.861167
v -0.493507 0.012000 -0.881221
v -0.483735 0.012000 -0.863771
v -0.493507 0.012000 -0.881221
v -0.527724 0.012000 -0.861167
v -0.527724 0.016000 -0.861167
v -0.493507 0.016000 -0.881221
v -0.517274 0.012000 -0.844114
v -0.483735 0.012000 -0.863771
v -0.483735 0.016000 -0.863771
v -0.517274 0.016000 -0.844114
v -0.517274 0.016000 -0.844114
v -0.527724 0.016000 -0.861167
v -0.561126 0.016000 -0.839784
v -0.550015 0.016000 -0.823155
v -0.550015 0.012000 -0.823155
v -0.561126 0.012000 -0.839784
v -0.527724 0.012000 -0.861167
v -0.517274 0.012000 -0.844114
v -0.527724 0.012000 -0.861167
v -0.561126 0.012000 -0.839784
v -0.561126 0.016000 -0.839784
v -0.527724 0.016000 -0.861167
v -0.550015 0.012000 -0.823155
v -0.517274 0.012000 -0.844114
v -0.517274 0.016000 -0.844114
v -0.550015 0.016000 -0.823155
v -0.550015 0.016000 -0.823155
v -0.561126 0.016000 -0.839784
v -0.593663 0.016000 -0.817107
v -0.581907 0.016000 -0.800927
v -0.581907 0.012000 -0.800927
v -0.593663 0.012000 -0.817107
v -0.561126 0.012000 -0.839784
v -0.550015 0.012000 -0.823155
v -0.561126 0.012000 -0.839784
v -0.593663 0.012000 -0.817107
v -0.593663 0.016000 -0.817107
v -0.561126 0.016000 -0.839784
v -0.581907 0.012000 -0.800927
v -0.550015 0.012000 -0.823155
v -0.550015 0.016000 -0.823155
v -0.581907 0.016000 -0.800927
v -0.581907 0.016000 -0.800927
v -0.593663 0.016000 -0.817107
v -0.625285 0.016000 -0.793170
v -0.612903 0.016000 -0.777464
v -0.612903 0.012000 -0.777464
v -0.625285 0.012000 -0.793170
v -0.593663 0.012000 -0.817107
v -0.581907 0.012000 -0.800927
v -0.593663 0.012000 -0.817107
v -0.625285 0.012000 -0.793170
v -0.625285 0.016000 -0.793170
v -0.593663 0.016000 -0.817107
v -0.612903 0.012000 -0.777464
v -0.581907 0.012000 -0.800927
v -0.581907 0.016000 -0.800927
v -0.612903 0.016000 -0.777464
v -0.612903 0.016000 -0.777464
v -0.625285 0.016000 -0.793170
v -0.655942 0.016000 -0.768010
v -0.642954 0.016000 -0.752802
v -0.642954 0.012000 -0.752802
v -0.655942 0.012000 -0.768010
v -0.625285 0.012000 -0.793170
v -0.612903 0.012000 -0.777464
v -0.625285 0.012000 -0.793170
v -0.655942 0.012000 -0.768010
v -0.655942 0.016000 -0.768010
v -0.625285 0.016000 -0.793170
v -0.642954 0.012000 -0.752802
v -0.612903 0.012000 -0.777464
v -0.612903 0.016000 -0.777464
v -0.642954 0.016000 -0.752802
v -0.642954 0.016000 -0.752802
v -0.655942 0.016000 -0.768010
v -0.685589 0.016000 -0.741666
v -0.672013 0.016000 -0.726979
v -0.672013 0.012000 -0.726979
v -0.685589 0.012000 -0.741666
v -0.655942 0.012000 -0.768010
v -0.642954 0.012000 -0.752802
v -0.655942 0.012000 -0.768010
v -0.685589 0.012000 -0.741666
v -0.685589 0.016000 -0.741666
v -0.655942 0.016000 -0.768010
v -0.672013 0.012000 -0.726979
v -0.642954 0.012000 -0.752802
v -0.642954 0.016000 -0.752802
v -0.672013 0.016000 -0.726979
v -0.672013 0.016000 -0.726979
v -0.685589 0.016000 -0.741666
v -0.714178 0.016000 -0.714178
v -0.700036 0.016000 -0.700036
v -0.700036 0.012000 -0.700036
v -0.714178 0.012000 -0.714178
v -0.685589 0.012000 -0.741666
v -0.672013 0.012000 -0.726979
v -0.685589 0.012000 -0.741666
v -0.714178 0.012000 -0.714178
v -0.714178 0.016000 -0.714178
v -0.685589 0.016000 -0.741666
v -0.700036 0.012000 -0.700036
v -0.672013 0.012000 -0.726979
v -0.672013 0.016000 -0.726979
v -0.700036 0.016000 -0.700036
v -0.700036 0.016000 -0.700036
v -0.714178 0.016000 -0.714178
v -0.741666 0.016000 -0.685589
v -0.726979 0.016000 -0.672013
v -0.726979 0.012000 -0.672013
v -0.741666 0.012000 -0.685589
v -0.714178 0.012000 -0.714178
v -0.700036 0.012000 -0.700036
v -0.714178 0.012000 -0.714178
v -0.741666 0.012000 -0.685589
v -0.741666 0.016000 -0.685589
v -0.714178 0.016000 -0.714178
v -0.726979 0.012000 -0.672013
v -0.700036 0.012000 -0.700036
v -0.700036 0.016000 -0.700036
v -0.726979 0.016000 -0.672013
v -0.726979 0.016000 -0.672013
v -0.741666 0.016000 -0.685589
v -0.768010 0.016000 -0.655942
v -0.752802 0.016000 -0.642954
v -0.752802 0.012000 -0.642954
v -0.768010 0.012000 -0.655942
v -0.741666 0.012000 -0.685589
v -0.726979 0.012000 -0.672013
v -0.741666 0.012000 -0.685589
v -0.768010 0.012000 -0.655942
v -0.768010 0.016000 -0.655942
v -0.741666 0.016000 -0.685589
v -0.752802 0.012000 -0.642954
v -0.726979 0.012000 -0.672013
v -0.726979 0.016000 -0.672013
v -0.752802 0.016000 -0.642954
v -0.752802 0.016000 -0.642954
v -0.768010 0.016000 -0.655942
v -0.793170 0.016000 -0.625285
v -0.777464 0.016000 -0.612903
v -0.777464 0.012000 -0.612903
v -0.793170 0.012000 -0.625285
v -0.768010 0.012000 -0.655942
v -0.752802 0.012000 -0.642954
v -0.768010 0.012000 -0.655942
v -0.793170 0.012000 -0.625285
v -0.793170 0.016000 -0.625285
v -0.768010 0.016000 -0.655942
v -0.777464 0.012000 -0.612903
v -0.752802 0.012000 -0.642954
v -0.752802 0.016000 -0.642954
v -0.777464 0.016000 -0.612903
v -0.777464 0.016000 -0.612903
v -0.793170 0.016000 -0.625285
v -0.817107 0.016000 -0.593663
v -0.800927 0.016000 -0.581907
v -0.800927 0.012000 -0.581907
v -0.817107 0.012000 -0.593663
v -0.793170 0.012000 -0.625285
v -0.777464 0.012000 -0.612903
v -0.793170 0.012000 -0.625285
v -0.817107 0.012000 -0.593663
v -0.817107 0.016000 -0.593663
v -0.793170 0.016000 -0.625285
v -0.800927 0.012000 -0.581907
v -0.777464 0.012000 -0.612903
v -0.777464 0.016000 -0.612903
v -0.800927 0.016000 -0.581907
v -0.800927 0.016000 -0.581907
v -0.817107 0.016000 -0.593663
v -0.839784 0.016000 -0.561126
v -0.823155 0.016000 -0.550015
v -0.823155 0.012000 -0.550015
v -0.839784 0.012000 -0.561126
v -0.817107 0.012000 -0.593663
v -0.800927 0.012000 -0.581907
v -0.817107 0.012000 -0.593663
v -0.839784 0.012000 -0.561126
v -0.839784 0.016000 -0.561126
v -0.817107 0.016000 -0.593663
v -0.823155 0.012000 -0.550015
v -0.800927 0.012000 -0.581907
v -0.800927 0.016000 -0.581907
v -0.823155 0.016000 -0.550015
v -0.823155 0.016000 -0.550015
v -0.839784 0.016000 -0.561126
v -0.861167 0.016000 -0.527724
v -0.844114 0.016000 -0.517274
v -0.844114 0.012000 -0.517274
v -0.861167 0.012000 -0.527724
v -0.839784 0.012000 -0.561126
v -0.823155 0.012000 -0.550015
v -0.839784 0.012000 -0.561126
v -0.861167 0.012000 -0.527724
v -0.861167 0.016000 -0.527724
v -0.839784 0.016000 -0.561126
v -0.844114 0.012000 -0.517274
v -0.823155 0.012000 -0.550015
v -0.823155 0.016000 -0.550015
v -0.844114 0.016000 -0.517274
v -0.844114 0.016000 -0.517274
v -0.861167 0.016000 -0.527724
v -0.881221 0.016000 -0.493507
v -0.863771 0.016000 -0.483735
v -0.863771 0.012000 -0.483735
v -0.881221 0.012000 -0.493507
v -0.861167 0.012000 -0.527724
v -0.844114 0.012000 -0.517274
v -0.861167 0.012000 -0.527724
v -0.881221 0.012000 -0.493507
v -0.881221 0.016000 -0.493507
v -0.861167 0.016000 -0.527724
v -0.863771 0.012000 -0.483735
v -0.844114 0.012000 -0.517274
v -0.844114 0.016000 -0.517274
v -0.863771 0.016000 -0.483735
v -0.863771 0.016000 -0.483735
v -0.881221 0.016000 -0.493507
v -0.899917 0.016000 -0.458530
v -0.882096 0.016000 -0.449451
v -0.882096 0.012000 -0.449451
v -0.899917 0.012000 -0.458530
v -0.881221 0.012000 -0.493507
v -0.863771 0.012000 -0.483735
v -0.881221 0.012000 -0.493507
v -0.899917 0.012000 -0.458530
v -0.899917 0.016000 -0.458530
v -0.881221 0.016000 -0.493507
v -0.882096 0.012000 -0.449451
v -0.863771 0.012000 -0.483735
v -0.863771 0.016000 -0.483735
v -0.882096 0.016000 -0.449451
v -0.882096 0.016000 -0.449451
v -0.899917 0.016000 -0.458530
v -0.917225 0.016000 -0.422846
v -0.899062 0.016000 -0.414473
v -0.899062 0.012000 -0.414473
v -0.917225 0.012000 -0.422846
v -0.899917 0.012000 -0.458530
v -0.882096 0.012000 -0.449451
v -0.899917 0.012000 -0.458530
v -0.917225 0.012000 -0.422846
v -0.917225 0.016000 -0.422846
v -0.899917 0.016000 -0.458530
v -0.899062 0.012000 -0.414473
v -0.882096 0.012000 -0.449451
v -0.882096 0.016000 -0.449451
v -0.899062 0.016000 -0.414473
v -0.899062 0.016000 -0.414473
v -0.917225 0.016000 -0.422846
v -0.933118 0.016000 -0.386510
v -0.914641 0.016000 -0.378857
v -0.914641 0.012000 -0.378857
v -0.933118 0.012000 -0.386510
v -0.917225 0.012000 -0.422846
v -0.899062 0.012000 -0.414473
v -0.917225 0.012000 -0.422846
v -0.933118 0.012000 -0.386510
v -0.933118 0.016000 -0.386510
v -0.917225 0.016000 -0.422846
v -0.914641 0.012000 -0.378857
v -0.899062 0.012000 -0.414473
v -0.899062 0.016000 -0.414473
v -0.914641 0.016000 -0.378857
v -0.914641 0.016000 -0.378857
v -0.933118 0.016000 -0.386510
v -0.947573 0.016000 -0.349578
v -0.928809 0.016000 -0.342656
v -0.928809 0.012000 -0.342656
v -0.947573 0.012000 -0.349578
v -0.933118 0.012000 -0.386510
v -0.914641 0.012000 -0.378857
v -0.933118 0.012000 -0.386510
v -0.947573 0.012000 -0.349578
v -0.947573 0.016000 -0.349578
v -0.933118 0.016000 -0.386510
v -0.928809 0.012000 -0.342656
v -0.914641 0.012000 -0.378857
v -0.914641 0.016000 -0.378857
v -0.928809 0.016000 -0.342656
v -0.928809 0.016000 -0.342656
v -0.947573 0.016000 -0.349578
v -0.960567 0.016000 -0.312107
v -0.941546 0.016000 -0.305927
v -0.941546 0.012000 -0.305927
v -0.960567 0.012000 -0.312107
v -0.947573 0.012000 -0.349578
v -0.928809 0.012000 -0.342656
v -0.947573 0.012000 -0.349578
v -0.960567 0.012000 -0.312107
v -0.960567 0.016000 -0.312107
v -0.947573 0.016000 -0.349578
v -0.941546 0.012000 -0.305927
v -0.928809 0.012000 -0.342656
v -0.928809 0.016000 -0.342656
v -0.941546 0.016000 -0.305927
v -0.941546 0.016000 -0.305927
v -0.960567 0.016000 -0.312107
v -0.972080 0.016000 -0.274155
v -0.952831 0.016000 -0.268726
v -0.952831 0.012000 -0.268726
v -0.972080 0.012000 -0.274155
v -0.960567 0.012000 -0.312107
v -0.941546 0.012000 -0.305927
v -0.960567 0.012000 -0.312107
v -0.972080 0.012000 -0.274155
v -0.972080 0.016000 -0.274155
v -0.960567 0.016000 -0.312107
v -0.952831 0.012000 -0.268726
v -0.941546 0.012000 -0.305927
v -0.941546 0.016000 -0.305927
v -0.952831 0.016000 -0.268726
v -0.952831 0.016000 -0.268726
v -0.972080 0.016000 -0.274155
v -0.982094 0.016000 -0.235780
v -0.962646 0.016000 -0.231111
v -0.962646 0.012000 -0.231111
v -0.982094 0.012000 -0.235780
v -0.972080 0.012000 -0.274155
v -0.952831 0.012000 -0.268726
v -0.972080 0.012000 -0.274155
v -0.982094 0.012000 -0.235780
v -0.982094 0.016000 -0.235780
v -0.972080 0.016000 -0.274155
v -0.962646 0.012000 -0.231111
v -0.952831 0.012000 -0.268726
v -0.952831 0.016000 -0.268726
v -0.962646 0.016000 -0.231111
v -0.962646 0.016000 -0.231111
v -0.982094 0.016000 -0.235780
v -0.990593 0.016000 -0.197041
v -0.970977 0.016000 -0.193139
v -0.970977 0.012000 -0.193139
v -0.990593 0.012000 -0.197041
v -0.982094 0.012000 -0.235780
v -0.962646 0.012000 -0.231111
v -0.982094 0.012000 -0.235780
v -0.990593 0.012000 -0.197041
v -0.990593 0.016000 -0.197041
v -0.982094 0.016000 -0.235780
v -0.970977 0.012000 -0.193139
v -0.962646 0.012000 -0.231111
v -0.962646 0.016000 -0.231111
v -0.970977 0.016000 -0.193139
v -0.970977 0.016000 -0.193139
v -0.990593 0.016000 -0.197041
v -0.997565 0.016000 -0.157999
v -0.977811 0.016000 -0.154870
v -0.977811 0.012000 -0.154870
v -0.997565 0.012000 -0.157999
v -0.990593 0.012000 -0.197041
v -0.970977 0.012000 -0.193139
v -0.990593 0.012000 -0.197041
v -0.997565 0.012000 -0.157999
v -0.997565 0.016000 -0.157999
v -0.990593 0.016000 -0.197041
v -0.977811 0.012000 -0.154870
v -0.970977 0.012000 -0.193139
v -0.970977 0.016000 -0.193139
v -0.977811 0.016000 -0.154870
v -0.977811 0.016000 -0.154870
v -0.997565 0.016000 -0.157999
v -1.002999 0.016000 -0.118713
v -0.983138 0.016000 -0.116362
v -0.983138 0.012000 -0.116362
v -1.002999 0.012000 -0.118713
v -0.997565 0.012000 -0.157999
v -0.977811 0.012000 -0.154870
v -0.997565 0.012000 -0.157999
v -1.002999 0.012000 -0.118713
v -1.002999 0.016000 -0.118713
v -0.997565 0.016000 -0.157999
v -0.983138 0.012000 -0.116362
v -0.977811 0.012000 -0.154870
v -0.977811 0.016000 -0.154870
v -0.983138 0.016000 -0.116362
v -0.983138 0.016000 -0.116362
v -1.002999 0.016000 -0.118713
v -1.006886 0.016000 -0.079244
v -0.986948 0.016000 -0.077675
v -0.986948 0.012000 -0.077675
v -1.006886 0.012000 -0.079244
v -1.002999 0.012000 -0.118713
v -0.983138 0.012000 -0.116362
v -1.002999 0.012000 -0.118713
v -1.006886 0.012000 -0.079244
v -1.006886 0.016000 -0.079244
v -1.002999 0.016000 -0.118713
v -0.986948 0.012000 -0.077675
v -0.983138 0.012000 -0.116362
v -0.983138 0.016000 -0.116362
v -0.986948 0.016000 -0.077675
v -0.986948 0.016000 -0.077675
v -1.006886 0.016000 -0.079244
v -1.009221 0.016000 -0.039652
v -0.989237 0.016000 -0.038867
v -0.989237 0.012000 -0.038867
v -1.009221 0.012000 -0.039652
v -1.006886 0.012000 -0.079244
v -0.986948 0.012000 -0.077675
v -1.006886 0.012000 -0.079244
v -1.009221 0.012000 -0.039652
v -1.009221 0.016000 -0.039652
v -1.006886 0.016000 -0.079244
v -0.989237 0.012000 -0.038867
v -0.986948 0.012000 -0.077675
v -0.986948 0.016000 -0.077675
v -0.989237 0.016000 -0.038867
v -0.989237 0.016000 -0.038867
v -1.009221 0.016000 -0.039652
v -1.010000 0.016000 -0.000000
v -0.990000 0.016000 -0.000000
v -0.990000 0.012000 -0.000000
v -1.010000 0.012000 -0.000000
v -1.009221 0.012000 -0.039652
v -0.989237 0.012000 -0.038867
v -1.009221 0.012000 -0.039652
v -1.010000 0.012000 -0.000000
v -1.010000 0.016000 -0.000000
v -1.009221 0.016000 -0.039652
v -0.990000 0.012000 -0.000000
v -0.989237 0.012000 -0.038867
v -0.989237 0.016000 -0.038867
v -0.990000 0.016000 -0.000000
v -0.990000 0.016000 -0.000000
v -1.010000 0.016000 -0.000000
v -1.009221 0.016000 0.039652
v -0.989237 0.016000 0.038867
v -0.989237 0.012000 0.038867
v -1.009221 0.012000 0.039652
v -1.010000 0.012000 -0.000000
v -0.990000 0.012000 -0.000000
v -1.010000 0.012000 -0.000000
v -1.009221 0.012000 0.039652
v -1.009221 0.016000 0.039652
v -1.010000 0.016000 -0.000000
v -0.989237 0.012000 0.038867
v -0.990000 0.012000 -0.000000
v -0.990000 0.016000 -0.000000
v -0.989237 0.016000 0.038867
v -0.989237 0.016000 0.038867
v -1.009221 0.016000 0.039652
v -1.006886 0.016000 0.079244
v -0.986948 0.016000 0.077675
v -0.986948 0.012000 0.077675
v -1.006886 0.012000 0.079244
v -1.009221 0.012000 0.039652
v -0.989237 0.012000 0.038867
v -1.009221 0.012000 0.039652
v -1.006886 0.012000 0.079244
v -1.006886 0.016000 0.079244
v -1.009221 0.016000 0.039652
v -0.986948 0.012000 0.077675
v -0.989237 0.012000 0.038867
v -0.989237 0.016000 0.038867
v -0.986948 0.016000 0.077675
v -0.986948 0.016000 0.077675
v -1.006886 0.016000 0.079244
v -1.002999 0.016000 0.118713
v -0.983138 0.016000 0.116362
v -0.983138 0.012000 0.116362
v -1.002999 0.012000 0.118713
v -1.006886 0.012000 0.079244
v -0.986948 0.012000 0.077675
v -1.006886 0.012000 0.079244
v -1.002999 0.012000 0.118713
v -1.002999 0.016000 0.118713
v -1.006886 0.016000 0.079244
v -0.983138 0.012000 0.116362
v -0.986948 0.012000 0.077675
v -0.986948 0.016000 0.077675
v -0.983138 0.016000 0.116362
v -0.983138 0.016000 0.116362
v -1.002999 0.016000 0.118713
v -0.997565 0.016000 0.157999
v -0.977811 0.016000 0.154870
v -0.977811 0.012000 0.154870
v -0.997565 0.012000 0.157999
v -1.002999 0.012000 0.118713
v -0.983138 0.012000 0.116362
v -1.002999 0.012000 0.118713
v -0.997565 0.012000 0.157999
v -0.997565 0.016000 0.157999
v -1.002999 0.016000 0.118713
v -0.977811 0.012000 0.154870
v -0.983138 0.012000 0.116362
v -0.983138 0.016000 0.116362
v -0.977811 0.016000 0.154870
v -0.977811 0.016000 0.154870
v -0.997565 0.016000 0.157999
v -0.990593 0.016000 0.197041
v -0.970977 0.016000 0.193139
v -0.970977 0.012000 0.193139
v -0.990593 0.012000 0.197041
v -0.997565 0.012000 0.157999
v -0.977811 0.012000 0.154870
v -0.997565 0.012000 0.157999
v -0.990593 0.012000 0.197041
v -0.990593 0.016000 0.197041
v -0.997565 0.016000 0.157999
v -0.970977 0.012000 0.193139
v -0.977811 0.012000 0.154870
v -0.977811 0.016000 0.154870
v -0.970977 0.016000 0.193139
v -0.970977 0.016000 0.193139
v -0.990593 0.016000 0.197041
v -0.982094 0.016000 0.235780
v -0.962646 0.016000 0.231111
v -0.962646 0.012000 0.231111
v -0.982094 0.012000 0.235780
v -0.990593 0.012000 0.197041
v -0.970977 0.012000 0.193139
v -0.990593 0.012000 0.197041
v -0.982094 0.012000 0.235780
v -0.982094 0.016000 0.235780
v -0.990593 0.016000 0.197041
v -0.962646 0.012000 0.231111
v -0.970977 0.012000 0.193139
v -0.970977 0.016000 0.193139
v -0.962646 0.016000 0.231111
v -0.962646 0.016000 0.231111
v -0.982094 0.016000 0.235780
v -0.972080 0.016000 0.274155
v -0.952831 0.016000 0.268726
v -0.952831 0.012000 0.268726
v -0.972080 0.012000 0.274155
v -0.982094 0.012000 0.235780
v -0.962646 0.012000 0.231111
v -0.982094 0.012000 0.235780
v -0.972080 0.012000 0.274155
v -0.972080 0.016000 0.274155
v -0.982094 0.016000 0.235780
v -0.952831 0.012000 0.268726
v -0.962646 0.012000 0.231111
v -0.962646 0.016000 0.231111
v -0.952831 0.016000 0.268726
v -0.952831 0.016000 0.268726
v -0.972080 0.016000 0.274155
v -0.960567 0.016000 0.312107
v -0.941546 0.016000 0.305927
v -0.941546 0.012000 0.305927
v -0.960567 0.012000 0.312107
v -0.972080 0.012000 0.274155
v -0.952831 0.012000 0.268726
v -0.972080 0.012000 0.274155
v -0.960567 0.012000 0.312107
v -0.960567 0.016000 0.312107
v -0.972080 0.016000 0.274155
v -0.941546 0.012000 0.305927
v -0.952831 0.012000 0.268726
v -0.952831 0.016000 0.268726
v -0.941546 0.016000 0.305927
v -0.941546 0.016000 0.305927
v -0.960567 0.016000 0.312107
v -0.947573 0.016000 0.349578
v -0.928809 0.016000 0.342656
v -0.928809 0.012000 0.342656
v -0.947573 0.012000 0.349578
v -0.960567 0.012000 0.312107
v -0.941546 0.012000 0.305927
v -0.960567 0.012000 0.312107
v -0.947573 0.012000 0.349578
v -0.947573 0.016000 0.349578
v -0.960567 0.016000 0.312107
v -0.928809 0.012000 0.342656
v -0.941546 0.012000 0.305927
v -0.941546 0.016000 0.305927
v -0.928809 0.016000 0.342656
v -0.928809 0.016000 0.342656
v -0.947573 0.016000 0.349578
v -0.933118 0.016000 0.386510
v -0.914641 0.016000 0.378857
v -0.914641 0.012000 0.378857
v -0.933118 0.012000 0.386510
v -0.947573 0.012000 0.349578
v -0.928809 0.012000 0.342656
v -0.947573 0.012000 0.349578
v -0.933118 0.012000 0.386510
v -0.933118 0.016000 0.386510
v -0.947573 0.016000 0.349578
v -0.914641 0.012000 0.378857
v -0.928809 0.012000 0.342656
v -0.928809 0.016000 0.342656
v -0.914641 0.016000 0.378857
v -0.914641 0.016000 0.378857
v -0.933118 0.016000 0.386510
v -0.917225 0.016000 0.422846
v -0.899062 0.016000 0.414473
v -0.899062 0.012000 0.414473
v -0.917225 0.012000 0.422846
v -0.933118 0.012000 0.386510
v -0.914641 0.012000 0.378857
v -0.933118 0.012000 0.386510
v -0.917225 0.012000 0.422846
v -0.917225 0.016000 0.422846
v -0.933118 0.016000 0.386510
v -0.899062 0.012000 0.414473
v -0.914641 0.012000 0.378857
v -0.914641 0.016000 0.378857
v -0.899062 0.016000 0.414473
v -0.899062 0.016000 0.414473
v -0.917225 0.016000 0.422846
v -0.899917 0.016000 0.458530
v -0.882096 0.016000 0.449451
v -0.882096 0.012000 0.449451
v -0.899917 0.012000 0.458530
v -0.917225 0.012000 0.422846
v -0.899062 0.012000 0.414473
v -0.917225 0.012000 0.422846
v -0.899917 0.012000 0.458530
v -0.899917 0.016000 0.458530
v -0.917225 0.016000 0.422846
v -0.882096 0.012000 0.449451
v -0.899062 0.012000 0.414473
v -0.899062 0.016000 0.414473
v -0.882096 0.016000 0.449451
v -0.882096 0.016000 0.449451
v -0.899917 0.016000 0.458530
v -0.881221 0.016000 0.493507
v -0.863771 0.016000 0.483735
v -0.863771 0.012000 0.483735
v -0.881221 0.012000 0.493507
v -0.899917 0.012000 0.458530
v -0.882096 0.012000 0.449451
v -0.899917 0.012000 0.458530
v -0.881221 0.012000 0.493507
v -0.881221 0.016000 0.493507
v -0.899917 0.016000 0.458530
v -0.863771 0.012000 0.483735
v -0.882096 0.012000 0.449451
v -0.882096 0.016000 0.449451
v -0.863771 0.016000 0.483735
v -0.863771 0.016000 0.483735
v -0.881221 0.016000 0.493507
v -0.861167 0.016000 0.527724
v -0.844114 0.016000 0.517274
v -0.844114 0.012000 0.517274
v -0.861167 0.012000 0.527724
v -0.881221 0.012000 0.493507
v -0.863771 0.012000 0.483735
v -0.881221 0.012000 0.493507
v -0.861167 0.012000 0.527724
v -0.861167 0.016000 0.527724
v -0.881221 0.016000 0.493507
v -0.844114 0.012000 0.517274
v -0.863771 0.012000 0.483735
v -0.863771 0.016000 0.483735
v -0.844114 0.016000 0.517274
v -0.844114 0.016000 0.517274
v -0.861167 0.016000 0.527724
v -0.839784 0.016000 0.561126
v -0.823155 0.016000 0.550015
v -0.823155 0.012000 0.550015
v -0.839784 0.012000 0.561126
v -0.861167 0.012000 0.527724
v -0.844114 0.012000 0.517274
v -0.861167 0.012000 0.527724
v -0.839784 0.012000 0.561126
v -0.839784 0.016000 0.561126
v -0.861167 0.016000 0.527724
v -0.823155 0.012000 0.550015
v -0.844114 0.012000 0.517274
v -0.844114 0.016000 0.517274
v -0.823155 0.016000 0.550015
v -0.823155 0.016000 0.550015
v -0.839784 0.016000 0.561126
v -0.817107 0.016000 0.593663
v -0.800927 0.016000 0.581907
v -0.800927 0.012000 0.581907
v -0.817107 0.012000 0.593663
v -0.839784 0.012000 0.561126
v -0.823155 0.012000 0.550015
v -0.839784 0.012000 0.561126
v -0.817107 0.012000 0.593663
v -0.817107 0.016000 0.593663
v -0.839784 0.016000 0.561126
v -0.800927 0.012000 0.581907
v -0.823155 0.012000 0.550015
v -0.823155 0.016000 0.550015
v -0.800927 0.016000 0.581907
v -0.800927 0.016000 0.581907
v -0.817107 0.016000 0.593663
v -0.793170 0.016000 0.625285
v -0.777464 0.016000 0.612903
v -0.777464 0.012000 0.612903
v -0.793170 0.012000 0.625285
v -0.817107 0.012000 0.593663
v -0.800927 0.012000 0.581907
v -0.817107 0.012000 0.593663
v -0.793170 0.012000 0.625285
v -0.793170 0.016000 0.625285
v -0.817107 0.016000 0.593663
v -0.777464 0.012000 0.612903
v -0.800927 0.012000 0.581907
v -0.800927 0.016000 0.581907
v -0.777464 0.016000 0.612903
v -0.777464 0.016000 0.612903
v -0.793170 0.016000 0.625285
v -0.768010 0.016000 0.655942
v -0.752802 0.016000 0.642954
v -0.752802 0.012000 0.642954
v -0.768010 0.012000 0.655942
v -0.793170 0.012000 0.625285
v -0.777464 0.012000 0.612903
v -0.793170 0.012000 0.625285
v -0.768010 0.012000 0.655942
v -0.768010 0.016000 0.655942
v -0.793170 0.016000 0.625285
v -0.752802 0.012000 0.642954
v -0.777464 0.012000 0.612903
v -0.777464 0.016000 0.612903
v -0.752802 0.016000 0.642954
v -0.752802 0.016000 0.642954
v -0.768010 0.016000 0.655942
v -0.741666 0.016000 0.685589
v -0.726979 0.016000 0.672013
v -0.726979 0.012000 0.672013
v -0.741666 0.012000 0.685589
v -0.768010 0.012000 0.655942
v -0.752802 0.012000 0.642954
v -0.768010 0.012000 0.655942
v -0.741666 0.012000 0.685589
v -0.741666 0.016000 0.685589
v -0.768010 0.016000 0.655942
v -0.726979 0.012000 0.672013
v -0.752802 0.012000 0.642954
v -0.752802 0.016000 0.642954
v -0.726979 0.016000 0.672013
v -0.726979 0.016000 0.672013
v -0.741666 0.016000 0.685589
v -0.714178 0.016000 0.714178
v -0.700036 0.016000 0.700036
v -0.700036 0.012000 0.700036
v -0.714178 0.012000 0.714178
v -0.741666 0.012000 0.685589
v -0.726979 0.012000 0.672013
v -0.741666 0.012000 0.685589
v -0.714178 0.012000 0.714178
v -0.714178 0.016000 0.714178
v -0.741666 0.016000 0.685589
v -0.700036 0.012000 0.700036
v -0.726979 0.012000 0.672013
v -0.726979 0.016000 0.672013
v -0.700036 0.016000 0.700036
v -0.700036 0.016000 0.700036
v -0.714178 0.016000 0.714178
v -0.685589 0.016000 0.741666
v -0.672013 0.016000 0.726979
v -0.672013 0.012000 0.726979
v -0.685589 0.012000 0.741666
v -0.714178 0.012000 0.714178
v -0.700036 0.012000 0.700036
v -0.714178 0.012000 0.714178
v -0.685589 0.012000 0.741666
v -0.685589 0.016000 0.741666
v -0.714178 0.016000 0.714178
v -0.672013 0.012000 0.726979
v -0.700036 0.012000 0.700036
v -0.700036 0.016000 0.700036
v -0.672013 0.016000 0.726979
v -0.672013 0.016000 0.726979
v -0.685589 0.016000 0.741666
v -0.655942 0.016000 0.768010
v -0.642954 0.016000 0.752802
v -0.642954 0.012000 0.752802
v -0.655942 0.012000 0.768010
v -0.685589 0.012000 0.741666
v -0.672013 0.012000 0.726979
v -0.685589 0.012000 0.741666
v -0.655942 0.012000 0.768010
v -0.655942 0.016000 0.768010
v -0.685589 0.016000 0.741666
v -0.642954 0.012000 0.752802
v -0.672013 0.012000 0.726979
v -0.672013 0.016000 0.726979
v -0.642954 0.016000 0.752802
v -0.642954 0.016000 0.752802
v -0.655942 0.016000 0.768010
v -0.625285 0.016000 0.793170
v -0.612903 0.016000 0.777464
v -0.612903 0.012000 0.777464
v -0.625285 0.012000 0.793170
v -0.655942 0.012000 0.768010
v -0.642954 0.012000 0.752802
v -0.655942 0.012000 0.768010
v -0.625285 0.012000 0.793170
v -0.625285 0.016000 0.793170
v -0.655942 0.016000 0.768010
v -0.612903 0.012000 0.777464
v -0.642954 0.012000 0.752802
v -0.642954 0.016000 0.752802
v -0.612903 0.016000 0.777464
v -0.612903 0.016000 0.777464
v -0.625285 0.016000 0.793170
v -0.593663 0.016000 0.817107
v -0.581907 0.016000 0.800927
v -0.581907 0.012000 0.800927
v -0.593663 0.012000 0.817107
v -0.625285 0.012000 0.793170
v -0.612903 0.012000 0.777464
v -0.625285 0.012000 0.793170
v -0.593663 0.012000 0.817107
v -0.593663 0.016000 0.817107
v -0.625285 0.016000 0.793170
v -0.581907 0.012000 0.800927
v -0.612903 0.012000 0.777464
v -0.612903 0.016000 0.777464
v -0.581907 0.016000 0.800927
v -0.581907 0.016000 0.800927
v -0.593663 0.016000 0.817107
v -0.561126 0.016000 0.839784
v -0.550015 0.016000 0.823155
v -0.550015 0.012000 0.823155
v -0.561126 0.012000 0.839784
v -0.593663 0.012000 0.817107
v -0.581907 0.012000 0.800927
v -0.593663 0.012000 0.817107
v -0.561126 0.012000 0.839784
v -0.561126 0.016000 0.839784
v -0.593663 0.016000 0.817107
v -0.550015 0.012000 0.823155
v -0.581907 0.012000 0.800927
v -0.581907 0.016000 0.800927
v -0.550015 0.016000 0.823155
v -0.550015 0.016000 0.823155
v -0.561126 0.016000 0.839784
v -0.527724 0.016000 0.861167
v -0.517274 0.016000 0.844114
v -0.517274 0.012000 0.844114
v -0.527724 0.012000 0.861167
v -0.561126 0.012000 0.839784
v -0.550015 0.012000 0.823155
v -0.561126 0.012000 0.839784
v -0.527724 0.012000 0.861167
v -0.527724 0.016000 0.861167
v -0.561126 0.016000 0.839784
v -0.517274 0.012000 0.844114
v -0.550015 0.012000 0.823155
v -0.550015 0.016000 0.823155
v -0.517274 0.016000 0.844114
v -0.517274 0.016000 0.844114
v -0.527724 0.016000 0.861167
v -0.493507 0.016000 0.881221
v -0.483735 0.016000 0.863771
v -0.483735 0.012000 0.863771
v -0.493507 0.012000 0.881221
v -0.527724 0.012000 0.861167
v -0.517274 0.012000 0.844114
v -0.527724 0.012000 0.861167
v -0.493507 0.012000 0.881221
v -0.493507 0.016000 0.881221
v -0.527724 0.016000 0.861167
v -0.483735 0.012000 0.863771
v -0.517274 0.012000 0.844114
v -0.517274 0.016000 0.844114
v -0.483735 0.016000 0.863771
v -0.483735 0.016000 0.863771
v -0.493507 0.016000 0.881221
v -0.458530 0.016000 0.899917
v -0.449451 0.016000 0.882096
v -0.449451 0.012000 0.882096
v -0.458530 0.012000 0.899917
v -0.493507 0.012000 0.881221
v -0.483735 0.012000 0.863771
v -0.493507 0.012000 0.881221
v -0.458530 0.012000 0.899917
v -0.458530 0.016000 0.899917
v -0.493507 0.016000 0.881221
v -0.449451 0.012000 0.882096
v -0.483735 0.012000 0.863771
v -0.483735 0.016000 0.863771
v -0.449451 0.016000 0.882096
v -0.449451 0.016000 0.882096
v -0.458530 0.016000 0.899917
v -0.422846 0.016000 0.917225
v -0.414473 0.016000 0.899062
v -0.414473 0.012000 0.899062
v -0.422846 0.012000 0.917225
v -0.458530 0.012000 0.899917
v -0.449451 0.012000 0.882096
v -0.458530 0.012000 0.899917
v -0.422846 0.012000 0.917225
v -0.422846 0.016000 0.917225
v -0.458530 0.016000 0.899917
v -0.414473 0.012000 0.899062
v -0.449451 0.012000 0.882096
v -0.449451 0.016000 0.882096
v -0.414473 0.016000 0.899062
v -0.414473 0.016000 0.899062
v -0.422846 0.016000 0.917225
v -0.386510 0.016000 0.933118
v -0.378857 0.016000 0.914641
v -0.378857 0.012000 0.914641
v -0.386510 0.012000 0.933118
v -0.422846 0.012000 0.917225
v -0.414473 0.012000 0.899062
v -0.422846 0.012000 0.917225
v -0.386510 0.012000 0.933118
v -0.386510 0.016000 0.933118
v -0.422846 0.016000 0.917225
v -0.378857 0.012000 0.914641
v -0.414473 0.012000 0.899062
v -0.414473 0.016000 0.899062
v -0.378857 0.016000 0.914641
v -0.378857 0.016000 0.914641
v -0.386510 0.016000 0.933118
v -0.349578 0.016000 0.947573
v -0.342656 0.016000 0.928809
v -0.342656 0.012000 0.928809
v -0.349578 0.012000 0.947573
v -0.386510 0.012000 0.933118
v -0.378857 0.012000 0.914641
v -0.386510 0.012000 0.933118
v -0.349578 0.012000 0.947573
v -0.349578 0.016000 0.947573
v -0.386510 0.016000 0.933118
v -0.342656 0.012000 0.928809
v -0.378857 0.012000 0.914641
v -0.378857 0.016000 0.914641
v -0.342656 0.016000 0.928809
v -0.342656 0.016000 0.928809
v -0.349578 0.016000 0.947573
v -0.312107 0.016000 0.960567
v -0.305927 0.016000 0.941546
v -0.305927 0.012000 0.941546
v -0.312107 0.012000 0.960567
v -0.349578 0.012000 0.947573
v -0.342656 0.012000 0.928809
v -0.349578 0.012000 0.947573
v -0.312107 0.012000 0.960567
v -0.312107 0.016000 0.960567
v -0.349578 0.016000 0.947573
v -0.305927 0.012000 0.941546
v -0.342656 0.012000 0.928809
v -0.342656 0.016000 0.928809
v -0.305927 0.016000 0.941546
v -0.305927 0.016000 0.941546
v -0.312107 0.016000 0.960567
v -0.274155 0.016000 0.972080
v -0.268726 0.016000 0.952831
v -0.268726 0.012000 0.952831
v -0.274155 0.012000 0.972080
v -0.312107 0.012000 0.960567
v -0.305927 0.012000 0.941546
v -0.312107 0.012000 0.960567
v -0.274155 0.012000 0.972080
v -0.274155 0.016000 0.972080
v -0.312107 0.016000 0.960567
v -0.268726 0.012000 0.952831
v -0.305927 0.012000 0.941546
v -0.305927 0.016000 0.941546
v -0.268726 0.016000 0.952831
v -0.268726 0.016000 0.952831
v -0.274155 0.016000 0.972080
v -0.235780 0.016000 0.982094
v -0.231111 0.016000 0.962646
v -0.231111 0.012000 0.962646
v -0.235780 0.012000 0.982094
v -0.274155 0.012000 0.972080
v -0.268726 0.012000 0.952831
v -0.274155 0.012000 0.972080
v -0.235780 0.012000 0.982094
v -0.235780 0.016000 0.982094
v -0.274155 0.016000 0.972080
v -0.231111 0.012000 0.962646
v -0.268726 0.012000 0.952831
v -0.268726 0.016000 0.952831
v -0.231111 0.016000 0.962646
v -0.231111 0.016000 0.962646
v -0.235780 0.016000 0.982094
v -0.197041 0.016000 0.990593
v -0.193139 0.016000 0.970977
v -0.193139 0.012000 0.970977
v -0.197041 0.012000 0.990593
v -0.235780 0.012000 0.982094
v -0.231111 0.012000 0.962646
v -0.235780 0.012000 0.982094
v -0.197041 0.012000 0.990593
v -0.197041 0.016000 0.990593
v -0.235780 0.016000 0.982094
v -0.193139 0.012000 0.970977
v -0.231111 0.012000 0.962646
v -0.231111 0.016000 0.962646
v -0.193139 0.016000 0.970977
v -0.193139 0.016000 0.970977
v -0.197041 0.016000 0.990593
v -0.157999 0.016000 0.997565
v -0.154870 0.016000 0.977811
v -0.154870 0.012000 0.977811
v -0.157999 0.012000 0.997565
v -0.197041 0.012000 0.990593
v -0.193139 0.012000 0.970977
v -0.197041 0.012000 0.990593
v -0.157999 0.012000 0.997565
v -0.157999 0.016000 0.997565
v -0.197041 0.016000 0.990593
v -0.154870 0.012000 0.977811
v -0.193139 0.012000 0.970977
v -0.193139 0.016000 0.970977
v -0.154870 0.016000 0.977811
v -0.154870 0.016000 0.977811
v -0.157999 0.016000 0.997565
v -0.118713 0.016000 1.002999
v -0.116362 0.016000 0.983138
v -0.116362 0.012000 0.983138
v -0.118713 0.012000 1.002999
v -0.157999 0.012000 0.997565
v -0.154870 0.012000 0.977811
v -0.157999 0.012000 0.997565
v -0.118713 0.012000 1.002999
v -0.118713 0.016000 1.002999
v -0.157999 0.016000 0.997565
v -0.116362 0.012000 0.983138
v -0.154870 0.012000 0.977811
v -0.154870 0.016000 0.977811
v -0.116362 0.016000 0.983138
v -0.116362 0.016000 0.983138
v -0.118713 0.016000 1.002999
v -0.079244 0.016000 1.006886
v -0.077675 0.016000 0.986948
v -0.077675 0.012000 0.986948
v -0.079244 0.012000 1.006886
v -0.118713 0.012000 1.002999
v -0.116362 0.012000 0.983138
v -0.118713 0.012000 1.002999
v -0.079244 0.012000 1.006886
v -0.079244 0.016000 1.006886
v -0.118713 0.016000 1.002999
v -0.077675 0.012000 0.986948
v -0.116362 0.012000 0.983138
v -0.116362 0.016000 0.983138
v -0.077675 0.016000 0.986948
v -0.077675 0.016000 0.986948
v -0.079244 0.016000 1.006886
v -0.039652 0.016000 1.009221
v -0.038867 0.016000 0.989237
v -0.038867 0.012000 0.989237
v -0.039652 0.012000 1.009221
v -0.079244 0.012000 1.006886
v -0.077675 0.012000 0.986948
v -0.079244 0.012000 1.006886
v -0.039652 0.012000 1.009221
v -0.039652 0.016000 1.009221
v -0.079244 0.016000 1.006886
v -0.038867 0.012000 0.989237
v -0.077675 0.012000 0.986948
v -0.077675 0.016000 0.986948
v -0.038867 0.016000 0.989237
v -0.038867 0.016000 0.989237
v -0.039652 0.016000 1.009221
v -0.000000 0.016000 1.010000
v -0.000000 0.016000 0.990000
v -0.000000 0.012000 0.990000
v -0.000000 0.012000 1.010000
v -0.039652 0.012000 1.009221
v -0.038867 0.012000 0.989237
v -0.039652 0.012000 1.009221
v -0.000000 0.012000 1.010000
v -0.000000 0.016000 1.010000
v -0.039652 0.016000 1.009221
v -0.000000 0.012000 0.990000
v -0.038867 0.012000 0.989237
v -0.038867 0.016000 0.989237
v -0.000000 0.016000 0.990000
v -0.000000 0.016000 0.990000
v -0.000000 0.016000 1.010000
v 0.039652 0.016000 1.009221
v 0.038867 0.016000 0.989237
v 0.038867 0.012000 0.989237
v 0.039652 0.012000 1.009221
v -0.000000 0.012000 1.010000
v -0.000000 0.012000 0.990000
v -0.000000 0.012000 1.010000
v 0.039652 0.012000 1.009221
v 0.039652 0.016000 1.009221
v -0.000000 0.016000 1.010000
v 0.038867 0.012000 0.989237
v -0.000000 0.012000 0.990000
v -0.000000 0.016000 0.990000
v 0.038867 0.016000 0.989237
v 0.038867 0.016000 0.989237
v 0.039652 0.016000 1.009221
v 0.079244 0.016000 1.006886
v 0.077675 0.016000 0.986948
v 0.077675 0.012000 0.986948
v 0.079244 0.012000 1.006886
v 0.039652 0.012000 1.009221
v 0.038867 0.012000 0.989237
v 0.039652 0.012000 1.009221
v 0.079244 0.012000 1.006886
v 0.079244 0.016000 1.006886
v 0.039652 0.016000 1.009221
v 0.077675 0.012000 0.986948
v 0.038867 0.012000 0.989237
v 0.038867 0.016000 0.989237
v 0.077675 0.016000 0.986948
v 0.077675 0.016000 0.986948
v 0.079244 0.016000 1.006886
v 0.118713 0.016000 1.002999
v 0.116362 0.016000 0.983138
v 0.116362 0.012000 0.983138
v 0.118713 0.012000 1.002999
v 0.079244 0.012000 1.006886
v 0.077675 0.012000 0.986948
v 0.079244 0.012000 1.006886
v 0.118713 0.012000 1.002999
v 0.118713 0.016000 1.002999
v 0.079244 0.016000 1.006886
v 0.116362 0.012000 0.983138
v 0.077675 0.012000 0.986948
v 0.077675 0.016000 0.986948
v 0.116362 0.016000 0.983138
v 0.116362 0.016000 0.983138
v 0.118713 0.016000 1.002999
v 0.157999 0.016000 0.997565
v 0.154870 0.016000 0.977811
v 0.154870 0.012000 0.977811
v 0.157999 0.012000 0.997565
v 0.118713 0.012000 1.002999
v 0.116362 0.012000 0.983138
v 0.118713 0.012000 1.002999
v 0.157999 0.012000 0.997565
v 0.157999 0.016000 0.997565
v 0.118713 0.016000 1.002999
v 0.154870 0.012000 0.977811
v 0.116362 0.012000 0.983138
v 0.116362 0.016000 0.983138
v 0.154870 0.016000 0.977811
v 0.154870 0.016000 0.977811
v 0.157999 0.016000 0.997565
v 0.197041 0.016000 0.990593
v 0.193139 0.016000 0.970977
v 0.193139 0.012000 0.970977
v 0.197041 0.012000 0.990593
v 0.157999 0.012000 0.997565
v 0.154870 0.012000 0.977811
v 0.157999 0.012000 0.997565
v 0.197041 0.012000 0.990593
v 0.197041 0.016000 0.990593
v 0.157999 0.016000 0.997565
v 0.193139 0.012000 0.970977
v 0.154870 0.012000 0.977811
v 0.154870 0.016000 0.977811
v 0.193139 0.016000 0.970977
v 0.193139 0.016000 0.970977
v 0.197041 0.016000 0.990593
v 0.235780 0.016000 0.982094
v 0.231111 0.016000 0.962646
v 0.231111 0.012000 0.962646
v 0.235780 0.012000 0.982094
v 0.197041 0.012000 0.990593
v 0.193139 0.012000 0.970977
v 0.197041 0.012000 0.990593
v 0.235780 0.012000 0.982094
v 0.235780 0.016000 0.982094
v 0.197041 0.016000 0.990593
v 0.231111 0.012000 0.962646
v 0.193139 0.012000 0.970977
v 0.193139 0.016000 0.970977
v 0.231111 0.016000 0.962646
v 0.231111 0.016000 0.962646
v 0.235780 0.016000 0.982094
v 0.274155 0.016000 0.972080
v 0.268726 0.016000 0.952831
v 0.268726 0.012000 0.952831
v 0.274155 0.012000 0.972080
v 0.235780 0.012000 0.982094
v 0.231111 0.012000 0.962646
v 0.235780 0.012000 0.982094
v 0.274155 0.012000 0.972080
v 0.274155 0.016000 0.972080
v 0.235780 0.016000 0.982094
v 0.268726 0.012000 0.952831
v 0.231111 0.012000 0.962646
v 0.231111 0.016000 0.962646
v 0.268726 0.016000 0.952831
v 0.268726 0.016000 0.952831
v 0.274155 0.016000 0.972080
v 0.312107 0.016000 0.960567
v 0.305927 0.016000 0.941546
v 0.305927 0.012000 0.941546
v 0.312107 0.012000 0.960567
v 0.274155 0.012000 0.972080
v 0.268726 0.012000 0.952831
v 0.274155 0.012000 0.972080
v 0.312107 0.012000 0.960567
v 0.312107 0.016000 0.960567
v 0.274155 0.016000 0.972080
v 0.305927 0.012000 0.941546
v 0.268726 0.012000 0.952831
v 0.268726 0.016000 0.952831
v 0.305927 0.016000 0.941546
v 0.305927 0.016000 0.941546
v 0.312107 0.016000 0.960567
v 0.349578 0.016000 0.947573
v 0.342656 0.016000 0.928809
v 0.342656 0.012000 0.928809
v 0.349578 0.012000 0.947573
v 0.312107 0.012000 0.960567
v 0.305927 0.012000 0.941546
v 0.312107 0.012000 0.960567
v 0.349578 0.012000 0.947573
v 0.349578 0.016000 0.947573
v 0.312107 0.016000 0.960567
v 0.342656 0.012000 0.928809
v 0.305927 0.012000 0.941546
v 0.305927 0.016000 0.941546
v 0.342656 0.016000 0.928809
v 0.342656 0.016000 0.928809
v 0.349578 0.016000 0.947573
v 0.386510 0.016000 0.933118
v 0.378857 0.016000 0.914641
v 0.378857 0.012000 0.914641
v 0.386510 0.012000 0.933118
v 0.349578 0.012000 0.947573
v 0.342656 0.012000 0.928809
v 0.349578 0.012000 0.947573
v 0.386510 0.012000 0.933118
v 0.386510 0.016000 0.933118
v 0.349578 0.016000 0.947573
v 0.378857 0.012000 0.914641
v 0.342656 0.012000 0.928809
v 0.342656 0.016000 0.928809
v 0.378857 0.016000 0.914641
v 0.378857 0.016000 0.914641
v 0.386510 0.016000 0.933118
v 0.422846 0.016000 0.917225
v 0.414473 0.016000 0.899062
v 0.414473 0.012000 0.899062
v 0.422846 0.012000 0.917225
v 0.386510 0.012000 0.933118
v 0.378857 0.012000 0.914641
v 0.386510 0.012000 0.933118
v 0.422846 0.012000 0.917225
v 0.422846 0.016000 0.917225
v 0.386510 0.016000 0.933118
v 0.414473 0.012000 0.899062
v 0.378857 0.012000 0.914641
v 0.378857 0.016000 0.914641
v 0.414473 0.016000 0.899062
v 0.414473 0.016000 0.899062
v 0.422846 0.016000 0.917225
v 0.458530 0.016000 0.899917
v 0.449451 0.016000 0.882096
v 0.449451 0.012000 0.882096
v 0.458530 0.012000 0.899917
v 0.422846 0.012000 0.917225
v 0.414473 0.012000 0.899062
v 0.422846 0.012000 0.917225
v 0.458530 0.012000 0.899917
v 0.458530 0.016000 0.899917
v 0.422846 0.016000 0.917225
v 0.449451 0.012000 0.882096
v 0.414473 0.012000 0.899062
v 0.414473 0.016000 0.899062
v 0.449451 0.016000 0.882096
v 0.449451 0.016000 0.882096
v 0.458530 0.016000 0.899917
v 0.493507 0.016000 0.881221
v 0.483735 0.016000 0.863771
v 0.483735 0.012000 0.863771
v 0.493507 0.012000 0.881221
v 0.458530 0.012000 0.899917
v 0.449451 0.012000 0.882096
v 0.458530 0.012000 0.899917
v 0.493507 0.012000 0.881221
v 0.493507 0.016000 0.881221
v 0.458530 0.016000 0.899917
v 0.483735 0.012000 0.863771
v 0.449451 0.012000 0.882096
v 0.449451 0.016000 0.882096
v 0.483735 0.016000 0.863771
v 0.483735 0.016000 0.863771
v 0.493507 0.016000 0.881221
v 0.527724 0.016000 0.861167
v 0.517274 0.016000 0.844114
v 0.517274 0.012000 0.844114
v 0.527724 0.012000 0.861167
v 0.493507 0.012000 0.881221
v 0.483735 0.012000 0.863771
v 0.493507 0.012000 0.881221
v 0.527724 0.012000 0.861167
v 0.527724 0.016000 0.861167
v 0.493507 0.016000 0.881221
v 0.517274 0.012000 0.844114
v 0.483735 0.012000 0.863771
v 0.483735 0.016000 0.863771
v 0.517274 0.016000 0.844114
v 0.517274 0.016000 0.844114
v 0.527724 0.016000 0.861167
v 0.561126 0.016000 0.839784
v 0.550015 0.016000 0.823155
v 0.550015 0.012000 0.823155
v 0.561126 0.012000 0.839784
v 0.527724 0.012000 0.861167
v 0.517274 0.012000 0.844114
v 0.527724 0.012000 0.861167
v 0.561126 0.012000 0.839784
v 0.561126 0.016000 0.839784
v 0.527724 0.016000 0.861167
v 0.550015 0.012000 0.823155
v 0.517274 0.012000 0.844114
v 0.517274 0.016000 0.844114
v 0.550015 0.016000 0.823155
v 0.550015 0.016000 0.823155
v 0.561126 0.016000 0.839784
v 0.593663 0.016000 0.817107
v 0.581907 0.016000 0.800927
v 0.581907 0.012000 0.800927
v 0.593663 0.012000 0.817107
v 0.561126 0.012000 0.839784
v 0.550015 0.012000 0.823155
v 0.561126 0.012000 0.839784
v 0.593663 0.012000 0.817107
v 0.593663 0.016000 0.817107
v 0.561126 0.016000 0.839784
v 0.581907 0.012000 0.800927
v 0.550015 0.012000 0.823155
v 0.550015 0.016000 0.823155
v 0.581907 0.016000 0.800927
v 0.581907 0.016000 0.800927
v 0.593663 0.016000 0.817107
v 0.625285 0.016000 0.793170
v 0.612903 0.016000 0.777464
v 0.612903 0.012000 0.777464
v 0.625285 0.012000 0.793170
v 0.593663 0.012000 0.817107
v 0.581907 0.012000 0.800927
v 0.593663 0.012000 0.817107
v 0.625285 0.012000 0.793170
v 0.625285 0.016000 0.793170
v 0.593663 0.016000 0.817107
v 0.612903 0.012000 0.777464
v 0.581907 0.012000 0.800927
v 0.581907 0.016000 0.800927
v 0.612903 0.016000 0.777464
v 0.612903 0.016000 0.777464
v 0.625285 0.016000 0.793170
v 0.655942 0.016000 0.768010
v 0.642954 0.016000 0.752802
v 0.642954 0.012000 0.752802
v 0.655942 0.012000 0.768010
v 0.625285 0.012000 0.793170
v 0.612903 0.012000 0.777464
v 0.625285 0.012000 0.793170
v 0.655942 0.012000 0.768010
v 0.655942 0.016000 0.768010
v 0.625285 0.016000 0.793170
v 0.642954 0.012000 0.752802
v 0.612903 0.012000 0.777464
v 0.612903 0.016000 0.777464
v 0.642954 0.016000 0.752802
v 0.642954 0.016000 0.752802
v 0.655942 0.016000 0.768010
v 0.685589 0.016000 0.741666
v 0.672013 0.016000 0.726979
v 0.672013 0.012000 0.726979
v 0.685589 0.012000 0.741666
v 0.655942 0.012000 0.768010
v 0.642954 0.012000 0.752802
v 0.655942 0.012000 0.768010
v 0.685589 0.012000 0.741666
v 0.685589 0.016000 0.741666
v 0.655942 0.016000 0.768010
v 0.672013 0.012000 0.726979
v 0.642954 0.012000 0.752802
v 0.642954 0.016000 0.752802
v 0.672013 0.016000 0.726979
v 0.672013 0.016000 0.726979
v 0.685589 0.016000 0.741666
v 0.714178 0.016000 0.714178
v 0.700036 0.016000 0.700036
v 0.700036 0.012000 0.700036
v 0.714178 0.012000 0.714178
v 0.685589 0.012000 0.741666
v 0.672013 0.012000 0.726979
v 0.685589 0.012000 0.741666
v 0.714178 0.012000 0.714178
v 0.714178 0.016000 0.714178
v 0.685589 0.016000 0.741666
v 0.700036 0.012000 0.700036
v 0.672013 0.012000 0.726979
v 0.672013 0.016000 0.726979
v 0.700036 0.016000 0.700036
v 0.700036 0.016000 0.700036
v 0.714178 0.016000 0.714178
v 0.741666 0.016000 0.685589
v 0.726979 0.016000 0.672013
v 0.726979 0.012000 0.672013
v 0.741666 0.012000 0.685589
v 0.714178 0.012000 0.714178
v 0.700036 0.012000 0.700036
v 0.714178 0.012000 0.714178
v 0.741666 0.012000 0.685589
v 0.741666 0.016000 0.685589
v 0.714178 0.016000 0.714178
v 0.726979 0.012000 0.672013
v 0.700036 0.012000 0.700036
v 0.700036 0.016000 0.700036
v 0.726979 0.016000 0.672013
v 0.726979 0.016000 0.672013
v 0.741666 0.016000 0.685589
v 0.768010 0.016000 0.655942
v 0.752802 0.016000 0.642954
v 0.752802 0.012000 0.642954
v 0.768010 0.012000 0.655942
v 0.741666 0.012000 0.685589
v 0.726979 0.012000 0.672013
v 0.741666 0.012000 0.685589
v 0.768010 0.012000 0.655942
v 0.768010 0.016000 0.655942
v 0.741666 0.016000 0.685589
v 0.752802 0.012000 0.642954
v 0.726979 0.012000 0.672013
v 0.726979 0.016000 0.672013
v 0.752802 0.016000 0.642954
v 0.752802 0.016000 0.642954
v 0.768010 0.016000 0.655942
v 0.793170 0.016000 0.625285
v 0.777464 0.016000 0.612903
v 0.777464 0.012000 0.612903
v 0.793170 0.012000 0.625285
v 0.768010 0.012000 0.655942
v 0.752802 0.012000 0.642954
v 0.768010 0.012000 0.655942
v 0.793170 0.012000 0.625285
v 0.793170 0.016000 0.625285
v 0.768010 0.016000 0.655942
v 0.777464 0.012000 0.612903
v 0.752802 0.012000 0.642954
v 0.752802 0.016000 0.642954
v 0.777464 0.016000 0.612903
v 0.777464 0.016000 0.612903
v 0.793170 0.016000 0.625285
v 0.817107 0.016000 0.593663
v 0.800927 0.016000 0.581907
v 0.800927 0.012000 0.581907
v 0.817107 0.012000 0.593663
v 0.793170 0.012000 0.625285
v 0.777464 0.012000 0.612903
v 0.793170 0.012000 0.625285
v 0.817107 0.012000 0.593663
v 0.817107 0.016000 0.593663
v 0.793170 0.016000 0.625285
v 0.800927 0.012000 0.581907
v 0.777464 0.012000 0.612903
v 0.777464 0.016000 0.612903
v 0.800927 0.016000 0.581907
v 0.800927 0.016000 0.581907
v 0.817107 0.016000 0.593663
v 0.839784 0.016000 0.561126
v 0.823155 0.016000 0.550015
v 0.823155 0.012000 0.550015
v 0.839784 0.012000 0.561126
v 0.817107 0.012000 0.593663
v 0.800927 0.012000 0.581907
v 0.817107 0.012000 0.593663
v 0.839784 0.012000 0.561126
v 0.839784 0.016000 0.561126
v 0.817107 0.016000 0.593663
v 0.823155 0.012000 0.550015
v 0.800927 0.012000 0.581907
v 0.800927 0.016000 0.581907
v 0.823155 0.016000 0.550015
v 0.823155 0.016000 0.550015
v 0.839784 0.016000 0.561126
v 0.861167 0.016000 0.527724
v 0.844114 0.016000 0.517274
v 0.844114 0.012000 0.517274
v 0.861167 0.012000 0.527724
v 0.839784 0.012000 0.561126
v 0.823155 0.012000 0.550015
v 0.839784 0.012000 0.561126
v 0.861167 0.012000 0.527724
v 0.861167 0.016000 0.527724
v 0.839784 0.016000 0.561126
v 0.844114 0.012000 0.517274
v 0.823155 0.012000 0.550015
v 0.823155 0.016000 0.550015
v 0.844114 0.016000 0.517274
v 0.844114 0.016000 0.517274
v 0.861167 0.016000 0.527724
v 0.881221 0.016000 0.493507
v 0.863771 0.016000 0.483735
v 0.863771 0.012000 0.483735
v 0.881221 0.012000 0.493507
v 0.861167 0.012000 0.527724
v 0.844114 0.012000 0.517274
v 0.861167 0.012000 0.527724
v 0.881221 0.012000 0.493507
v 0.881221 0.016000 0.493507
v 0.861167 0.016000 0.527724
v 0.863771 0.012000 0.483735
v 0.844114 0.012000 0.517274
v 0.844114 0.016000 0.517274
v 0.863771 0.016000 0.483735
v 0.863771 0.016000 0.483735
v 0.881221 0.016000 0.493507
v 0.899917 0.016000 0.458530
v 0.882096 0.016000 0.449451
v 0.882096 0.012000 0.449451
v 0.899917 0.012000 0.458530
v 0.881221 0.012000 0.493507
v 0.863771 0.012000 0.483735
v 0.881221 0.012000 0.493507
v 0.899917 0.012000 0.458530
v 0.899917 0.016000 0.458530
v 0.881221 0.016000 0.493507
v 0.882096 0.012000 0.449451
v 0.863771 0.012000 0.483735
v 0.863771 0.016000 0.483735
v 0.882096 0.016000 0.449451
v 0.882096 0.016000 0.449451
v 0.899917 0.016000 0.458530
v 0.917225 0.016000 0.422846
v 0.899062 0.016000 0.414473
v 0.899062 0.012000 0.414473
v 0.917225 0.012000 0.422846
v 0.899917 0.012000 0.458530
v 0.882096 0.012000 0.449451
v 0.899917 0.012000 0.458530
v 0.917225 0.012000 0.422846
v 0.917225 0.016000 0.422846
v 0.899917 0.016000 0.458530
v 0.899062 0.012000 0.414473
v 0.882096 0.012000 0.449451
v 0.882096 0.016000 0.449451
v 0.899062 0.016000 0.414473
v 0.899062 0.016000 0.414473
v 0.917225 0.016000 0.422846
v 0.933118 0.016000 0.386510
v 0.914641 0.016000 0.378857
v 0.914641 0.012000 0.378857
v 0.933118 0.012000 0.386510
v 0.917225 0.012000 0.422846
v 0.899062 0.012000 0.414473
v 0.917225 0.012000 0.422846
v 0.933118 0.012000 0.386510
v 0.933118 0.016000 0.386510
v 0.917225 0.016000 0.422846
v 0.914641 0.012000 0.378857
v 0.899062 0.012000 0.414473
v 0.899062 0.016000 0.414473
v 0.914641 0.016000 0.378857
v 0.914641 0.016000 0.378857
v 0.933118 0.016000 0.386510
v 0.947573 0.016000 0.349578
v 0.928809 0.016000 0.342656
v 0.928809 0.012000 0.342656
v 0.947573 0.012000 0.349578
v 0.933118 0.012000 0.386510
v 0.914641 0.012000 0.378857
v 0.933118 0.012000 0.386510
v 0.947573 0.012000 0.349578
v 0.947573 0.016000 0.349578
v 0.933118 0.016000 0.386510
v 0.928809 0.012000 0.342656
v 0.914641 0.012000 0.378857
v 0.914641 0.016000 0.378857
v 0.928809 0.016000 0.342656
v 0.928809 0.016000 0.342656
v 0.947573 0.016000 0.349578
v 0.960567 0.016000 0.312107
v 0.941546 0.016000 0.305927
v 0.941546 0.012000 0.305927
v 0.960567 0.012000 0.312107
v 0.947573 0.012000 0.349578
v 0.928809 0.012000 0.342656
v 0.947573 0.012000 0.349578
v 0.960567 0.012000 0.312107
v 0.960567 0.016000 0.312107
v 0.947573 0.016000 0.349578
v 0.941546 0.012000 0.305927
v 0.928809 0.012000 0.342656
v 0.928809 0.016000 0.342656
v 0.941546 0.016000 0.305927
v 0.941546 0.016000 0.305927
v 0.960567 0.016000 0.312107
v 0.972080 0.016000 0.274155
v 0.952831 0.016000 0.268726
v 0.952831 0.012000 0.268726
v 0.972080 0.012000 0.274155
v 0.960567 0.012000 0.312107
v 0.941546 0.012000 0.305927
v 0.960567 0.012000 0.312107
v 0.972080 0.012000 0.274155
v 0.972080 0.016000 0.274155
v 0.960567 0.016000 0.312107
v 0.952831 0.012000 0.268726
v 0.941546 0.012000 0.305927
v 0.941546 0.016000 0.305927
v 0.952831 0.016000 0.268726
v 0.952831 0.016000 0.268726
v 0.972080 0.016000 0.274155
v 0.982094 0.016000 0.235780
v 0.962646 0.016000 0.231111
v 0.962646 0.012000 0.231111
v 0.982094 0.012000 0.235780
v 0.972080 0.012000 0.274155
v 0.952831 0.012000 0.268726
v 0.972080 0.012000 0.274155
v 0.982094 0.012000 0.235780
v 0.982094 0.016000 0.235780
v 0.972080 0.016000 0.274155
v 0.962646 0.012000 0.231111
v 0.952831 0.012000 0.268726
v 0.952831 0.016000 0.268726
v 0.962646 0.016000 0.231111
v 0.962646 0.016000 0.231111
v 0.982094 0.016000 0.235780
v 0.990593 0.016000 0.197041
v 0.970977 0.016000 0.193139
v 0.970977 0.012000 0.193139
v 0.990593 0.012000 0.197041
v 0.982094 0.012000 0.235780
v 0.962646 0.012000 0.231111
v 0.982094 0.012000 0.235780
v 0.990593 0.012000 0.197041
v 0.990593 0.016000 0.197041
v 0.982094 0.016000 0.235780
v 0.970977 0.012000 0.193139
v 0.962646 0.012000 0.231111
v 0.962646 0.016000 0.231111
v 0.970977 0.016000 0.193139
v 0.970977 0.016000 0.193139
v 0.990593 0.016000 0.197041
v 0.997565 0.016000 0.157999
v 0.977811 0.016000 0.154870
v 0.977811 0.012000 0.154870
v 0.997565 0.012000 0.157999
v 0.990593 0.012000 0.197041
v 0.970977 0.012000 0.193139
v 0.990593 0.012000 0.197041
v 0.997565 0.012000 0.157999
v 0.997565 0.016000 0.157999
v 0.990593 0.016000 0.197041
v 0.977811 0.012000 0.154870
v 0.970977 0.012000 0.193139
v 0.970977 0.016000 0.193139
v 0.977811 0.016000 0.154870
v 0.977811 0.016000 0.154870
v 0.997565 0.016000 0.157999
v 1.002999 0.016000 0.118713
v 0.983138 0.016000 0.116362
v 0.983138 0.012000 0.116362
v 1.002999 0.012000 0.118713
v 0.997565 0.012000 0.157999
v 0.977811 0.012000 0.154870
v 0.997565 0.012000 0.157999
v 1.002999 0.012000 0.118713
v 1.002999 0.016000 0.118713
v 0.997565 0.016000 0.157999
v 0.983138 0.012000 0.116362
v 0.977811 0.012000 0.154870
v 0.977811 0.016000 0.154870
v 0.983138 0.016000 0.116362
v 0.983138 0.016000 0.116362
v 1.002999 0.016000 0.118713
v 1.006886 0.016000 0.079244
v 0.986948 0.016000 0.077675
v 0.986948 0.012000 0.077675
v 1.006886 0.012000 0.079244
v 1.002999 0.012000 0.118713
v 0.983138 0.012000 0.116362
v 1.002999 0.012000 0.118713
v 1.006886 0.012000 0.079244
v 1.006886 0.016000 0.079244
v 1.002999 0.016000 0.118713
v 0.986948 0.012000 0.077675
v 0.983138 0.012000 0.116362
v 0.983138 0.016000 0.116362
v 0.986948 0.016000 0.077675
v 0.986948 0.016000 0.077675
v 1.006886 0.016000 0.079244
v 1.009221 0.016000 0.039652
v 0.989237 0.016000 0.038867
v 0.989237 0.012000 0.038867
v 1.009221 0.012000 0.039652
v 1.006886 0.012000 0.079244
v 0.986948 0.012000 0.077675
v 1.006886 0.012000 0.079244
v 1.009221 0.012000 0.039652
v 1.009221 0.016000 0.039652
v 1.006886 0.016000 0.079244
v 0.989237 0.012000 0.038867
v 0.986948 0.012000 0.077675
v 0.986948 0.016000 0.077675
v 0.989237 0.016000 0.038867
v 0.989237 0.016000 0.038867
v 1.009221 0.016000 0.039652
v 1.010000 0.016000 0.000000
v 0.990000 0.016000 0.000000
v 0.990000 0.012000 0.000000
v 1.010000 0.012000 0.000000
v 1.009221 0.012000 0.039652
v 0.989237 0.012000 0.038867
v 1.009221 0.012000 0.039652
v 1.010000 0.012000 0.000000
v 1.010000 0.016000 0.000000
v 1.009221 0.016000 0.039652
v 0.990000 0.012000 0.000000
v 0.989237 0.012000 0.038867
v 0.989237 0.016000 0.038867
v 0.990000 0.016000 0.000000
v 1.029948 0.010000 0.010300
v 1.049948 0.010000 0.010500
v 1.049948 0.010000 -0.010500
v 1.029948 0.010000 -0.010300
v 1.029948 0.002000 -0.010300
v 1.049948 0.002000 -0.010500
v 1.049948 0.002000 0.010500
v 1.029948 0.002000 0.010300
v 1.049948 0.002000 0.010500
v 1.049948 0.002000 -0.010500
v 1.049948 0.010000 -0.010500
v 1.049948 0.010000 0.010500
v 1.029948 0.002000 -0.010300
v 1.029948 0.002000 0.010300
v 1.029948 0.010000 0.010300
v 1.029948 0.010000 -0.010300
v 1.029948 0.002000 0.010300
v 1.049948 0.002000 0.010500
v 1.049948 0.010000 0.010500
v 1.029948 0.010000 0.010300
v 1.029948 0.002000 -0.010300
v 1.049948 0.002000 -0.010500
v 1.049948 0.010000 -0.010500
v 1.029948 0.010000 -0.010300
v 1.016090 0.010000 -0.168705
v 1.035820 0.010000 -0.171981
v 1.032173 0.010000 -0.192662
v 1.012513 0.010000 -0.188992
v 1.012513 0.002000 -0.188992
v 1.032173 0.002000 -0.192662
v 1.035820 0.002000 -0.171981
v 1.016090 0.002000 -0.168705
v 1.035820 0.002000 -0.171981
v 1.032173 0.002000 -0.192662
v 1.032173 0.010000 -0.192662
v 1.035820 0.010000 -0.171981
v 1.012513 0.002000 -0.188992
v 1.016090 0.002000 -0.168705
v 1.016090 0.010000 -0.168705
v 1.012513 0.010000 -0.188992
v 1.016090 0.002000 -0.168705
v 1.035820 0.002000 -0.171981
v 1.035820 0.010000 -0.171981
v 1.016090 0.010000 -0.168705
v 1.012513 0.002000 -0.188992
v 1.032173 0.002000 -0.192662
v 1.032173 0.010000 -0.192662
v 1.012513 0.010000 -0.188992
v 0.971358 0.010000 -0.342584
v 0.990219 0.010000 -0.349237
v 0.983037 0.010000 -0.368970
v 0.964312 0.010000 -0.361942
v 0.964312 0.002000 -0.361942
v 0.983037 0.002000 -0.368970
v 0.990219 0.002000 -0.349237
v 0.971358 0.002000 -0.342584
v 0.990219 0.002000 -0.349237
v 0.983037 0.002000 -0.368970
v 0.983037 0.010000 -0.368970
v 0.990219 0.010000 -0.349237
v 0.964312 0.002000 -0.361942
v 0.971358 0.002000 -0.342584
v 0.971358 0.010000 -0.342584
v 0.964312 0.010000 -0.361942
v 0.971358 0.002000 -0.342584
v 0.990219 0.002000 -0.349237
v 0.990219 0.010000 -0.349237
v 0.971358 0.010000 -0.342584
v 0.964312 0.002000 -0.361942
v 0.983037 0.002000 -0.368970
v 0.983037 0.010000 -0.368970
v 0.964312 0.010000 -0.361942
v 0.897111 0.010000 -0.506054
v 0.914531 0.010000 -0.515881
v 0.904031 0.010000 -0.534067
v 0.886812 0.010000 -0.523894
v 0.886812 0.002000 -0.523894
v 0.904031 0.002000 -0.534067
v 0.914531 0.002000 -0.515881
v 0.897111 0.002000 -0.506054
v 0.914531 0.002000 -0.515881
v 0.904031 0.002000 -0.534067
v 0.904031 0.010000 -0.534067
v 0.914531 0.010000 -0.515881
v 0.886812 0.002000 -0.523894
v 0.897111 0.002000 -0.506054
v 0.897111 0.010000 -0.506054
v 0.886812 0.010000 -0.523894
v 0.897111 0.002000 -0.506054
v 0.914531 0.002000 -0.515881
v 0.914531 0.010000 -0.515881
v 0.897111 0.010000 -0.506054
v 0.886812 0.002000 -0.523894
v 0.904031 0.002000 -0.534067
v 0.904031 0.010000 -0.534067
v 0.886812 0.010000 -0.523894
v 0.795607 0.010000 -0.654148
v 0.811056 0.010000 -0.666850
v 0.797557 0.010000 -0.682937
v 0.782366 0.010000 -0.669928
v 0.782366 0.002000 -0.669928
v 0.797557 0.002000 -0.682937
v 0.811056 0.002000 -0.666850
v 0.795607 0.002000 -0.654148
v 0.811056 0.002000 -0.666850
v 0.797557 0.002000 -0.682937
v 0.797557 0.010000 -0.682937
v 0.811056 0.010000 -0.666850
v 0.782366 0.002000 -0.669928
v 0.795607 0.002000 -0.654148
v 0.795607 0.010000 -0.654148
v 0.782366 0.010000 -0.669928
v 0.795607 0.002000 -0.654148
v 0.811056 0.002000 -0.666850
v 0.811056 0.010000 -0.666850
v 0.795607 0.010000 -0.654148
v 0.782366 0.002000 -0.669928
v 0.797557 0.002000 -0.682937
v 0.797557 0.010000 -0.682937
v 0.782366 0.010000 -0.669928
v 0.669928 0.010000 -0.782366
v 0.682937 0.010000 -0.797557
v 0.666850 0.010000 -0.811056
v 0.654148 0.010000 -0.795607
v 0.654148 0.002000 -0.795607
v 0.666850 0.002000 -0.811056
v 0.682937 0.002000 -0.797557
v 0.669928 0.002000 -0.782366
v 0.682937 0.002000 -0.797557
v 0.666850 0.002000 -0.811056
v 0.666850 0.010000 -0.811056
v 0.682937 0.010000 -0.797557
v 0.654148 0.002000 -0.795607
v 0.669928 0.002000 -0.782366
v 0.669928 0.010000 -0.782366
v 0.654148 0.010000 -0.795607
v 0.669928 0.002000 -0.782366
v 0.682937 0.002000 -0.797557
v 0.682937 0.010000 -0.797557
v 0.669928 0.010000 -0.782366
v 0.654148 0.002000 -0.795607
v 0.666850 0.002000 -0.811056
v 0.666850 0.010000 -0.811056
v 0.654148 0.010000 -0.795607
v 0.523894 0.010000 -0.886812
v 0.534067 0.010000 -0.904031
v 0.515881 0.010000 -0.914531
v 0.506054 0.010000 -0.897111
v 0.506054 0.002000 -0.897111
v 0.515881 0.002000 -0.914531
v 0.534067 0.002000 -0.904031
v 0.523894 0.002000 -0.886812
v 0.534067 0.002000 -0.904031
v 0.515881 0.002000 -0.914531
v 0.515881 0.010000 -0.914531
v 0.534067 0.010000 -0.904031
v 0.506054 0.002000 -0.897111
v 0.523894 0.002000 -0.886812
v 0.523894 0.010000 -0.886812
v 0.506054 0.010000 -0.897111
v 0.523894 0.002000 -0.886812
v 0.534067 0.002000 -0.904031
v 0.534067 0.010000 -0.904031
v 0.523894 0.010000 -0.886812
v 0.506054 0.002000 -0.897111
v 0.515881 0.002000 -0.914531
v 0.515881 0.010000 -0.914531
v 0.506054 0.010000 -0.897111
v 0.361942 0.010000 -0.964312
v 0.368970 0.010000 -0.983037
v 0.349237 0.010000 -0.990219
v 0.342584 0.010000 -0.971358
v 0.342584 0.002000 -0.971358
v 0.349237 0.002000 -0.990219
v 0.368970 0.002000 -0.983037
v 0.361942 0.002000 -0.964312
v 0.368970 0.002000 -0.983037
v 0.349237 0.002000 -0.990219
v 0.349237 0.010000 -0.990219
v 0.368970 0.010000 -0.983037
v 0.342584 0.002000 -0.971358
v 0.361942 0.002000 -0.964312
v 0.361942 0.010000 -0.964312
v 0.342584 0.010000 -0.971358
v 0.361942 0.002000 -0.964312
v 0.368970 0.002000 -0.983037
v 0.368970 0.010000 -0.983037
v 0.361942 0.010000 -0.964312
v 0.342584 0.002000 -0.971358
v 0.349237 0.002000 -0.990219
v 0.349237 0.010000 -0.990219
v 0.342584 0.010000 -0.971358
v 0.188992 0.010000 -1.012513
v 0.192662 0.010000 -1.032173
v 0.171981 0.010000 -1.035820
v 0.168705 0.010000 -1.016090
v 0.168705 0.002000 -1.016090
v 0.171981 0.002000 -1.035820
v 0.192662 0.002000 -1.032173
v 0.188992 0.002000 -1.012513
v 0.192662 0.002000 -1.032173
v 0.171981 0.002000 -1.035820
v 0.171981 0.010000 -1.035820
v 0.192662 0.010000 -1.032173
v 0.168705 0.002000 -1.016090
v 0.188992 0.002000 -1.012513
v 0.188992 0.010000 -1.012513
v 0.168705 0.010000 -1.016090
v 0.188992 0.002000 -1.012513
v 0.192662 0.002000 -1.032173
v 0.192662 0.010000 -1.032173
v 0.188992 0.010000 -1.012513
v 0.168705 0.002000 -1.016090
v 0.171981 0.002000 -1.035820
v 0.171981 0.010000 -1.035820
v 0.168705 0.010000 -1.016090
v 0.010300 0.010000 -1.029948
v 0.010500 0.010000 -1.049948
v -0.010500 0.010000 -1.049948
v -0.010300 0.010000 -1.029948
v -0.010300 0.002000 -1.029948
v -0.010500 0.002000 -1.049948
v 0.010500 0.002000 -1.049948
v 0.010300 0.002000 -1.029948
v 0.010500 0.002000 -1.049948
v -0.010500 0.002000 -1.049948
v -0.010500 0.010000 -1.049948
v 0.010500 0.010000 -1.049948
v -0.010300 0.002000 -1.029948
v 0.010300 0.002000 -1.029948
v 0.010300 0.010000 -1.029948
v -0.010300 0.010000 -1.029948
v 0.010300 0.002000 -1.029948
v 0.010500 0.002000 -1.049948
v 0.010500 0.010000 -1.049948
v 0.010300 0.010000 -1.029948
v -0.010300 0.002000 -1.029948
v -0.010500 0.002000 -1.049948
v -0.010500 0.010000 -1.049948
v -0.010300 0.010000 -1.029948
v -0.168705 0.010000 -1.016090
v -0.171981 0.010000 -1.035820
v -0.192662 0.010000 -1.032173
v -0.188992 0.010000 -1.012513
v -0.188992 0.002000 -1.012513
v -0.192662 0.002000 -1.032173
v -0.171981 0.002000 -1.035820
v -0.168705 0.002000 -1.016090
v -0.171981 0.002000 -1.035820
v -0.192662 0.002000 -1.032173
v -0.192662 0.010000 -1.032173
v -0.171981 0.010000 -1.035820
v -0.188992 0.002000 -1.012513
v -0.168705 0.002000 -1.016090
v -0.168705 0.010000 -1.016090
v -0.188992 0.010000 -1.012513
v -0.168705 0.002000 -1.016090
v -0.171981 0.002000 -1.035820
v -0.171981 0.010000 -1.035820
v -0.168705 0.010000 -1.016090
v -0.188992 0.002000 -1.012513
v -0.192662 0.002000 -1.032173
v -0.192662 0.010000 -1.032173
v -0.188992 0.010000 -1.012513
v -0.342584 0.010000 -0.971358
v -0.349237 0.010000 -0.990219
v -0.368970 0.010000 -0.983037
v -0.361942 0.010000 -0.964312
v -0.361942 0.002000 -0.964312
v -0.368970 0.002000 -0.983037
v -0.349237 0.002000 -0.990219
v -0.342584 0.002000 -0.971358
v -0.349237 0.002000 -0.990219
v -0.368970 0.002000 -0.983037
v -0.368970 0.010000 -0.983037
v -0.349237 0.010000 -0.990219
v -0.361942 0.002000 -0.964312
v -0.342584 0.002000 -0.971358
v -0.342584 0.010000 -0.971358
v -0.361942 0.010000 -0.964312
v -0.342584 0.002000 -0.971358
v -0.349237 0.002000 -0.990219
v -0.349237 0.010000 -0.990219
v -0.342584 0.010000 -0.971358
v -0.361942 0.002000 -0.964312
v -0.368970 0.002000 -0.983037
v -0.368970 0.010000 -0.983037
v -0.361942 0.010000 -0.964312
v -0.506054 0.010000 -0.897111
v -0.515881 0.010000 -0.914531
v -0.534067 0.010000 -0.904031
v -0.523894 0.010000 -0.886812
v -0.523894 0.002000 -0.886812
v -0.534067 0.002000 -0.904031
v -0.515881 0.002000 -0.914531
v -0.506054 0.002000 -0.897111
v -0.515881 0.002000 -0.914531
v -0.534067 0.002000 -0.904031
v -0.534067 0.010000 -0.904031
v -0.515881 0.010000 -0.914531
v -0.523894 0.002000 -0.886812
v -0.506054 0.002000 -0.897111
v -0.506054 0.010000 -0.897111
v -0.523894 0.010000 -0.886812
v -0.506054 0.002000 -0.897111
v -0.515881 0.002000 -0.914531
v -0.515881 0.010000 -0.914531
v -0.506054 0.010000 -0.897111
v -0.523894 0.002000 -0.886812
v -0.534067 0.002000 -0.904031
v -0.534067 0.010000 -0.904031
v -0.523894 0.010000 -0.886812
v -0.654148 0.010000 -0.795607
v -0.666850 0.010000 -0.811056
v -0.682937 0.010000 -0.797557
v -0.669928 0.010000 -0.782366
v -0.669928 0.002000 -0.782366
v -0.682937 0.002000 -0.797557
v -0.666850 0.002000 -0.811056
v -0.654148 0.002000 -0.795607
v -0.666850 0.002000 -0.811056
v -0.682937 0.002000 -0.797557
v -0.682937 0.010000 -0.797557
v -0.666850 0.010000 -0.811056
v -0.669928 0.002000 -0.782366
v -0.654148 0.002000 -0.795607
v -0.654148 0.010000 -0.795607
v -0.669928 0.010000 -0.782366
v -0.654148 0.002000 -0.795607
v -0.666850 0.002000 -0.811056
v -0.666850 0.010000 -0.811056
v -0.654148 0.010000 -0.795607
v -0.669928 0.002000 -0.782366
v -0.682937 0.002000 -0.797557
v -0.682937 0.010000 -0.797557
v -0.669928 0.010000 -0.782366
v -0.782366 0.010000 -0.669928
v -0.797557 0.010000 -0.682937
v -0.811056 0.010000 -0.666850
v -0.795607 0.010000 -0.654148
v -0.795607 0.002000 -0.654148
v -0.811056 0.002000 -0.666850
v -0.797557 0.002000 -0.682937
v -0.782366 0.002000 -0.669928
v -0.797557 0.002000 -0.682937
v -0.811056 0.002000 -0.666850
v -0.811056 0.010000 -0.666850
v -0.797557 0.010000 -0.682937
v -0.795607 0.002000 -0.654148
v -0.782366 0.002000 -0.669928
v -0.782366 0.010000 -0.669928
v -0.795607 0.010000 -0.654148
v -0.782366 0.002000 -0.669928
v -0.797557 0.002000 -0.682937
v -0.797557 0.010000 -0.682937
v -0.782366 0.010000 -0.669928
v -0.795607 0.002000 -0.654148
v -0.811056 0.002000 -0.666850
v -0.811056 0.010000 -0.666850
v -0.795607 0.010000 -0.654148
v -0.886812 0.010000 -0.523894
v -0.904031 0.010000 -0.534067
v -0.914531 0.010000 -0.515881
v -0.897111 0.010000 -0.506054
v -0.897111 0.002000 -0.506054
v -0.914531 0.002000 -0.515881
v -0.904031 0.002000 -0.534067
v -0.886812 0.002000 -0.523894
v -0.904031 0.002000 -0.534067
v -0.914531 0.002000 -0.515881
v -0.914531 0.010000 -0.515881
v -0.904031 0.010000 -0.534067
v -0.897111 0.002000 -0.506054
v -0.886812 0.002000 -0.523894
v -0.886812 0.010000 -0.523894
v -0.897111 0.010000 -0.506054
v -0.886812 0.002000 -0.523894
v -0.904031 0.002000 -0.534067
v -0.904031 0.010000 -0.534067
v -0.886812 0.010000 -0.523894
v -0.897111 0.002000 -0.506054
v -0.914531 0.002000 -0.515881
v -0.914531 0.010000 -0.515881
v -0.897111 0.010000 -0.506054
v -0.964312 0.010000 -0.361942
v -0.983037 0.010000 -0.368970
v -0.990219 0.010000 -0.349237
v -0.971358 0.010000 -0.342584
v -0.971358 0.002000 -0.342584
v -0.990219 0.002000 -0.349237
v -0.983037 0.002000 -0.368970
v -0.964312 0.002000 -0.361942
v -0.983037 0.002000 -0.368970
v -0.990219 0.002000 -0.349237
v -0.990219 0.010000 -0.349237
v -0.983037 0.010000 -0.368970
v -0.971358 0.002000 -0.342584
v -0.964312 0.002000 -0.361942
v -0.964312 0.010000 -0.361942
v -0.971358 0.010000 -0.342584
v -0.964312 0.002000 -0.361942
v -0.983037 0.002000 -0.368970
v -0.983037 0.010000 -0.368970
v -0.964312 0.010000 -0.361942
v -0.971358 0.002000 -0.342584
v -0.990219 0.002000 -0.349237
v -0.990219 0.010000 -0.349237
v -0.971358 0.010000 -0.342584
v -1.012513 0.010000 -0.188992
v -1.032173 0.010000 -0.192662
v -1.035820 0.010000 -0.171981
v -1.016090 0.010000 -0.168705
v -1.016090 0.002000 -0.168705
v -1.035820 0.002000 -0.171981
v -1.032173 0.002000 -0.192662
v -1.012513 0.002000 -0.188992
v -1.032173 0.002000 -0.192662
v -1.035820 0.002000 -0.171981
v -1.035820 0.010000 -0.171981
v -1.032173 0.010000 -0.192662
v -1.016090 0.002000 -0.168705
v -1.012513 0.002000 -0.188992
v -1.012513 0.010000 -0.188992
v -1.016090 0.010000 -0.168705
v -1.012513 0.002000 -0.188992
v -1.032173 0.002000 -0.192662
v -1.032173 0.010000 -0.192662
v -1.012513 0.010000 -0.188992
v -1.016090 0.002000 -0.168705
v -1.035820 0.002000 -0.171981
v -1.035820 0.010000 -0.171981
v -1.016090 0.010000 -0.168705
v -1.029948 0.010000 -0.010300
v -1.049948 0.010000 -0.010500
v -1.049948 0.010000 0.010500
v -1.029948 0.010000 0.010300
v -1.029948 0.002000 0.010300
v -1.049948 0.002000 0.010500
v -1.049948 0.002000 -0.010500
v -1.029948 0.002000 -0.010300
v -1.049948 0.002000 -0.010500
v -1.049948 0.002000 0.010500
v -1.049948 0.010000 0.010500
v -1.049948 0.010000 -0.010500
v -1.029948 0.002000 0.010300
v -1.029948 0.002000 -0.010300
v -1.029948 0.010000 -0.010300
v -1.029948 0.010000 0.010300
v -1.029948 0.002000 -0.010300
v -1.049948 0.002000 -0.010500
v -1.049948 0.010000 -0.010500
v -1.029948 0.010000 -0.010300
v -1.029948 0.002000 0.010300
v -1.049948 0.002000 0.010500
v -1.049948 0.010000 0.010500
v -1.029948 0.010000 0.010300
v -1.016090 0.010000 0.168705
v -1.035820 0.010000 0.171981
v -1.032173 0.010000 0.192662
v -1.012513 0.010000 0.188992
v -1.012513 0.002000 0.188992
v -1.032173 0.002000 0.192662
v -1.035820 0.002000 0.171981
v -1.016090 0.002000 0.168705
v -1.035820 0.002000 0.171981
v -1.032173 0.002000 0.192662
v -1.032173 0.010000 0.192662
v -1.035820 0.010000 0.171981
v -1.012513 0.002000 0.188992
v -1.016090 0.002000 0.168705
v -1.016090 0.010000 0.168705
v -1.012513 0.010000 0.188992
v -1.016090 0.002000 0.168705
v -1.035820 0.002000 0.171981
v -1.035820 0.010000 0.171981
v -1.016090 0.010000 0.168705
v -1.012513 0.002000 0.188992
v -1.032173 0.002000 0.192662
v -1.032173 0.010000 0.192662
v -1.012513 0.010000 0.188992
v -0.971358 0.010000 0.342584
v -0.990219 0.010000 0.349237
v -0.983037 0.010000 0.368970
v -0.964312 0.010000 0.361942
v -0.964312 0.002000 0.361942
v -0.983037 0.002000 0.368970
v -0.990219 0.002000 0.349237
v -0.971358 0.002000 0.342584
v -0.990219 0.002000 0.349237
v -0.983037 0.002000 0.368970
v -0.983037 0.010000 0.368970
v -0.990219 0.010000 0.349237
v -0.964312 0.002000 0.361942
v -0.971358 0.002000 0.342584
v -0.971358 0.010000 0.342584
v -0.964312 0.010000 0.361942
v -0.971358 0.002000 0.342584
v -0.990219 0.002000 0.349237
v -0.990219 0.010000 0.349237
v -0.971358 0.010000 0.342584
v -0.964312 0.002000 0.361942
v -0.983037 0.002000 0.368970
v -0.983037 0.010000 0.368970
v -0.964312 0.010000 0.361942
v -0.897111 0.010000 0.506054
v -0.914531 0.010000 0.515881
v -0.904031 0.010000 0.534067
v -0.886812 0.010000 0.523894
v -0.886812 0.002000 0.523894
v -0.904031 0.002000 0.534067
v -0.914531 0.002000 0.515881
v -0.897111 0.002000 0.506054
v -0.914531 0.002000 0.515881
v -0.904031 0.002000 0.534067
v -0.904031 0.010000 0.534067
v -0.914531 0.010000 0.515881
v -0.886812 0.002000 0.523894
v -0.897111 0.002000 0.506054
v -0.897111 0.010000 0.506054
v -0.886812 0.010000 0.523894
v -0.897111 0.002000 0.506054
v -0.914531 0.002000 0.515881
v -0.914531 0.010000 0.515881
v -0.897111 0.010000 0.506054
v -0.886812 0.002000 0.523894
v -0.904031 0.002000 0.534067
v -0.904031 0.010000 0.534067
v -0.886812 0.010000 0.523894
v -0.795607 0.010000 0.654148
v -0.811056 0.010000 0.666850
v -0.797557 0.010000 0.682937
v -0.782366 0.010000 0.669928
v -0.782366 0.002000 0.669928
v -0.797557 0.002000 0.682937
v -0.811056 0.002000 0.666850
v -0.795607 0.002000 0.654148
v -0.811056 0.002000 0.666850
v -0.797557 0.002000 0.682937
v -0.797557 0.010000 0.682937
v -0.811056 0.010000 0.666850
v -0.782366 0.002000 0.669928
v -0.795607 0.002000 0.654148
v -0.795607 0.010000 0.654148
v -0.782366 0.010000 0.669928
v -0.795607 0.002000 0.654148
v -0.811056 0.002000 0.666850
v -0.811056 0.010000 0.666850
v -0.795607 0.010000 0.654148
v -0.782366 0.002000 0.669928
v -0.797557 0.002000 0.682937
v -0.797557 0.010000 0.682937
v -0.782366 0.010000 0.669928
v -0.669928 0.010000 0.782366
v -0.682937 0.010000 0.797557
v -0.666850 0.010000 0.811056
v -0.654148 0.010000 0.795607
v -0.654148 0.002000 0.795607
v -0.666850 0.002000 0.811056
v -0.682937 0.002000 0.797557
v -0.669928 0.002000 0.782366
v -0.682937 0.002000 0.797557
v -0.666850 0.002000 0.811056
v -0.666850 0.010000 0.811056
v -0.682937 0.010000 0.797557
v -0.654148 0.002000 0.795607
v -0.669928 0.002000 0.782366
v -0.669928 0.010000 0.782366
v -0.654148 0.010000 0.795607
v -0.669928 0.002000 0.782366
v -0.682937 0.002000 0.797557
v -0.682937 0.010000 0.797557
v -0.669928 0.010000 0.782366
v -0.654148 0.002000 0.795607
v -0.666850 0.002000 0.811056
v -0.666850 0.010000 0.811056
v -0.654148 0.010000 0.795607
v -0.523894 0.010000 0.886812
v -0.534067 0.010000 0.904031
v -0.515881 0.010000 0.914531
v -0.506054 0.010000 0.897111
v -0.506054 0.002000 0.897111
v -0.515881 0.002000 0.914531
v -0.534067 0.002000 0.904031
v -0.523894 0.002000 0.886812
v -0.534067 0.002000 0.904031
v -0.515881 0.002000 0.914531
v -0.515881 0.010000 0.914531
v -0.534067 0.010000 0.904031
v -0.506054 0.002000 0.897111
v -0.523894 0.002000 0.886812
v -0.523894 0.010000 0.886812
v -0.506054 0.010000 0.897111
v -0.523894 0.002000 0.886812
v -0.534067 0.002000 0.904031
v -0.534067 0.010000 0.904031
v -0.523894 0.010000 0.886812
v -0.506054 0.002000 0.897111
v -0.515881 0.002000 0.914531
v -0.515881 0.010000 0.914531
v -0.506054 0.010000 0.897111
v -0.361942 0.010000 0.964312
v -0.368970 0.010000 0.983037
v -0.349237 0.010000 0.990219
v -0.342584 0.010000 0.971358
v -0.342584 0.002000 0.971358
v -0.349237 0.002000 0.990219
v -0.368970 0.002000 0.983037
v -0.361942 0.002000 0.964312
v -0.368970 0.002000 0.983037
v -0.349237 0.002000 0.990219
v -0.349237 0.010000 0.990219
v -0.368970 0.010000 0.983037
v -0.342584 0.002000 0.971358
v -0.361942 0.002000 0.964312
v -0.361942 0.010000 0.964312
v -0.342584 0.010000 0.971358
v -0.361942 0.002000 0.964312
v -0.368970 0.002000 0.983037
v -0.368970 0.010000 0.983037
v -0.361942 0.010000 0.964312
v -0.342584 0.002000 0.971358
v -0.349237 0.002000 0.990219
v -0.349237 0.010000 0.990219
v -0.342584 0.010000 0.971358
v -0.188992 0.010000 1.012513
v -0.192662 0.010000 1.032173
v -0.171981 0.010000 1.035820
v -0.168705 0.010000 1.016090
v -0.168705 0.002000 1.016090
v -0.171981 0.002000 1.035820
v -0.192662 0.002000 1.032173
v -0.188992 0.002000 1.012513
v -0.192662 0.002000 1.032173
v -0.171981 0.002000 1.035820
v -0.171981 0.010000 1.035820
v -0.192662 0.010000 1.032173
v -0.168705 0.002000 1.016090
v -0.188992 0.002000 1.012513
v -0.188992 0.010000 1.012513
v -0.168705 0.010000 1.016090
v -0.188992 0.002000 1.012513
v -0.192662 0.002000 1.032173
v -0.192662 0.010000 1.032173
v -0.188992 0.010000 1.012513
v -0.168705 0.002000 1.016090
v -0.171981 0.002000 1.035820
v -0.171981 0.010000 1.035820
v -0.168705 0.010000 1.016090
v -0.010300 0.010000 1.029948
v -0.010500 0.010000 1.049948
v 0.010500 0.010000 1.049948
v 0.010300 0.010000 1.029948
v 0.010300 0.002000 1.029948
v 0.010500 0.002000 1.049948
v -0.010500 0.002000 1.049948
v -0.010300 0.002000 1.029948
v -0.010500 0.002000 1.049948
v 0.010500 0.002000 1.049948
v 0.010500 0.010000 1.049948
v -0.010500 0.010000 1.049948
v 0.010300 0.002000 1.029948
v -0.010300 0.002000 1.029948
v -0.010300 0.010000 1.029948
v 0.010300 0.010000 1.029948
v -0.010300 0.002000 1.029948
v -0.010500 0.002000 1.049948
v -0.010500 0.010000 1.049948
v -0.010300 0.010000 1.029948
v 0.010300 0.002000 1.029948
v 0.010500 0.002000 1.049948
v 0.010500 0.010000 1.049948
v 0.010300 0.010000 1.029948
v 0.168705 0.010000 1.016090
v 0.171981 0.010000 1.035820
v 0.192662 0.010000 1.032173
v 0.188992 0.010000 1.012513
v 0.188992 0.002000 1.012513
v 0.192662 0.002000 1.032173
v 0.171981 0.002000 1.035820
v 0.168705 0.002000 1.016090
v 0.171981 0.002000 1.035820
v 0.192662 0.002000 1.032173
v 0.192662 0.010000 1.032173
v 0.171981 0.010000 1.035820
v 0.188992 0.002000 1.012513
v 0.168705 0.002000 1.016090
v 0.168705 0.010000 1.016090
v 0.188992 0.010000 1.012513
v 0.168705 0.002000 1.016090
v 0.171981 0.002000 1.035820
v 0.171981 0.010000 1.035820
v 0.168705 0.010000 1.016090
v 0.188992 0.002000 1.012513
v 0.192662 0.002000 1.032173
v 0.192662 0.010000 1.032173
v 0.188992 0.010000 1.012513
v 0.342584 0.010000 0.971358
v 0.349237 0.010000 0.990219
v 0.368970 0.010000 0.983037
v 0.361942 0.010000 0.964312
v 0.361942 0.002000 0.964312
v 0.368970 0.002000 0.983037
v 0.349237 0.002000 0.990219
v 0.342584 0.002000 0.971358
v 0.349237 0.002000 0.990219
v 0.368970 0.002000 0.983037
v 0.368970 0.010000 0.983037
v 0.349237 0.010000 0.990219
v 0.361942 0.002000 0.964312
v 0.342584 0.002000 0.971358
v 0.342584 0.010000 0.971358
v 0.361942 0.010000 0.964312
v 0.342584 0.002000 0.971358
v 0.349237 0.002000 0.990219
v 0.349237 0.010000 0.990219
v 0.342584 0.010000 0.971358
v 0.361942 0.002000 0.964312
v 0.368970 0.002000 0.983037
v 0.368970 0.010000 0.983037
v 0.361942 0.010000 0.964312
v 0.506054 0.010000 0.897111
v 0.515881 0.010000 0.914531
v 0.534067 0.010000 0.904031
v 0.523894 0.010000 0.886812
v 0.523894 0.002000 0.886812
v 0.534067 0.002000 0.904031
v 0.515881 0.002000 0.914531
v 0.506054 0.002000 0.897111
v 0.515881 0.002000 0.914531
v 0.534067 0.002000 0.904031
v 0.534067 0.010000 0.904031
v 0.515881 0.010000 0.914531
v 0.523894 0.002000 0.886812
v 0.506054 0.002000 0.897111
v 0.506054 0.010000 0.897111
v 0.523894 0.010000 0.886812
v 0.506054 0.002000 0.897111
v 0.515881 0.002000 0.914531
v 0.515881 0.010000 0.914531
v 0.506054 0.010000 0.897111
v 0.523894 0.002000 0.886812
v 0.534067 0.002000 0.904031
v 0.534067 0.010000 0.904031
v 0.523894 0.010000 0.886812
v 0.654148 0.010000 0.795607
v 0.666850 0.010000 0.811056
v 0.682937 0.010000 0.797557
v 0.669928 0.010000 0.782366
v 0.669928 0.002000 0.782366
v 0.682937 0.002000 0.797557
v 0.666850 0.002000 0.811056
v 0.654148 0.002000 0.795607
v 0.666850 0.002000 0.811056
v 0.682937 0.002000 0.797557
v 0.682937 0.010000 0.797557
v 0.666850 0.010000 0.811056
v 0.669928 0.002000 0.782366
v 0.654148 0.002000 0.795607
v 0.654148 0.010000 0.795607
v 0.669928 0.010000 0.782366
v 0.654148 0.002000 0.795607
v 0.666850 0.002000 0.811056
v 0.666850 0.010000 0.811056
v 0.654148 0.010000 0.795607
v 0.669928 0.002000 0.782366
v 0.682937 0.002000 0.797557
v 0.682937 0.010000 0.797557
v 0.669928 0.010000 0.782366
v 0.782366 0.010000 0.669928
v 0.797557 0.010000 0.682937
v 0.811056 0.010000 0.666850
v 0.795607 0.010000 0.654148
v 0.795607 0.002000 0.654148
v 0.811056 0.002000 0.666850
v 0.797557 0.002000 0.682937
v 0.782366 0.002000 0.669928
v 0.797557 0.002000 0.682937
v 0.811056 0.002000 0.666850
v 0.811056 0.010000 0.666850
v 0.797557 0.010000 0.682937
v 0.795607 0.002000 0.654148
v 0.782366 0.002000 0.669928
v 0.782366 0.010000 0.669928
v 0.795607 0.010000 0.654148
v 0.782366 0.002000 0.669928
v 0.797557 0.002000 0.682937
v 0.797557 0.010000 0.682937
v 0.782366 0.010000 0.669928
v 0.795607 0.002000 0.654148
v 0.811056 0.002000 0.666850
v 0.811056 0.010000 0.666850
v 0.795607 0.010000 0.654148
v 0.886812 0.010000 0.523894
v 0.904031 0.010000 0.534067
v 0.914531 0.010000 0.515881
v 0.897111 0.010000 0.506054
v 0.897111 0.002000 0.506054
v 0.914531 0.002000 0.515881
v 0.904031 0.002000 0.534067
v 0.886812 0.002000 0.523894
v 0.904031 0.002000 0.534067
v 0.914531 0.002000 0.515881
v 0.914531 0.010000 0.515881
v 0.904031 0.010000 0.534067
v 0.897111 0.002000 0.506054
v 0.886812 0.002000 0.523894
v 0.886812 0.010000 0.523894
v 0.897111 0.010000 0.506054
v 0.886812 0.002000 0.523894
v 0.904031 0.002000 0.534067
v 0.904031 0.010000 0.534067
v 0.886812 0.010000 0.523894
v 0.897111 0.002000 0.506054
v 0.914531 0.002000 0.515881
v 0.914531 0.010000 0.515881
v 0.897111 0.010000 0.506054
v 0.964312 0.010000 0.361942
v 0.983037 0.010000 0.368970
v 0.990219 0.010000 0.349237
v 0.971358 0.010000 0.342584
v 0.971358 0.002000 0.342584
v 0.990219 0.002000 0.349237
v 0.983037 0.002000 0.368970
v 0.964312 0.002000 0.361942
v 0.983037 0.002000 0.368970
v 0.990219 0.002000 0.349237
v 0.990219 0.010000 0.349237
v 0.983037 0.010000 0.368970
v 0.971358 0.002000 0.342584
v 0.964312 0.002000 0.361942
v 0.964312 0.010000 0.361942
v 0.971358 0.010000 0.342584
v 0.964312 0.002000 0.361942
v 0.983037 0.002000 0.368970
v 0.983037 0.010000 0.368970
v 0.964312 0.010000 0.361942
v 0.971358 0.002000 0.342584
v 0.990219 0.002000 0.349237
v 0.990219 0.010000 0.349237
v 0.971358 0.010000 0.342584
v 1.012513 0.010000 0.188992
v 1.032173 0.010000 0.192662
v 1.035820 0.010000 0.171981
v 1.016090 0.010000 0.168705
v 1.016090 0.002000 0.168705
v 1.035820 0.002000 0.171981
v 1.032173 0.002000 0.192662
v 1.012513 0.002000 0.188992
v 1.032173 0.002000 0.192662
v 1.035820 0.002000 0.171981
v 1.035820 0.010000 0.171981
v 1.032173 0.010000 0.192662
v 1.016090 0.002000 0.168705
v 1.012513 0.002000 0.188992
v 1.012513 0.010000 0.188992
v 1.016090 0.010000 0.168705
v 1.012513 0.002000 0.188992
v 1.032173 0.002000 0.192662
v 1.032173 0.010000 0.192662
v 1.012513 0.010000 0.188992
v 1.016090 0.002000 0.168705
v 1.035820 0.002000 0.171981
v 1.035820 0.010000 0.171981
v 1.016090 0.010000 0.168705
vn -0.0000 1.0000 -0.0000
vn -0.0000 -1.0000 -0.0000
vn 0.9998 -0.0000 -0.0196
vn -0.9998 -0.0000 0.0196
vn 0.9983 -0.0000 -0.0589
vn -0.9983 -0.0000 0.0589
vn 0.9952 -0.0000 -0.0980
vn 0.9906 -0.0000 -0.1370
vn -0.9844 -0.0000 0.1758
vn 0.9768 -0.0000 -0.2143
vn -0.9676 -0.0000 0.2525
vn 0.9569 -0.0000 -0.2903
vn -0.9569 -0.0000 0.2903
vn -0.9448 -0.0000 0.3276
vn 0.9448 -0.0000 -0.3276
vn 0.9312 -0.0000 -0.3645
vn -0.9312 -0.0000 0.3645
vn 0.9162 -0.0000 -0.4007
vn 0.9162 -0.0000 -0.4008
vn 0.8997 -0.0000 -0.4364
vn 0.8819 -0.0000 -0.4714
vn -0.8627 -0.0000 0.5057
vn -0.8422 -0.0000 0.5391
vn 0.8422 -0.0000 -0.5391
vn 0.8204 -0.0000 -0.5718
vn -0.8204 -0.0000 0.5718
vn 0.7973 -0.0000 -0.6036
vn -0.7973 -0.0000 0.6036
vn -0.7730 -0.0000 0.6344
vn 0.7730 -0.0000 -0.6344
vn 0.7475 -0.0000 -0.6643
vn 0.7475 -0.0000 -0.6642
vn 0.7209 -0.0000 -0.6931
vn -0.7209 -0.0000 0.6931
vn 0.6931 -0.0000 -0.7209
vn -0.6931 -0.0000 0.7209
vn -0.6643 -0.0000 0.7475
vn 0.6643 -0.0000 -0.7475
vn -0.6344 -0.0000 0.7730
vn 0.6344 -0.0000 -0.7730
vn 0.6036 -0.0000 -0.7973
vn 0.5718 -0.0000 -0.8204
vn -0.5718 -0.0000 0.8204
vn 0.5391 -0.0000 -0.8422
vn -0.5391 -0.0000 0.8422
vn -0.5057 -0.0000 0.8627
vn 0.5057 -0.0000 -0.8627
vn -0.4714 -0.0000 0.8819
vn -0.4364 -0.0000 0.8997
vn 0.4007 -0.0000 -0.9162
vn -0.4007 -0.0000 0.9162
vn 0.3645 -0.0000 -0.9312
vn -0.3645 -0.0000 0.9312
vn -0.3276 -0.0000 0.9448
vn 0.3276 -0.0000 -0.9448
vn 0.2903 -0.0000 -0.9569
vn 0.2525 -0.0000 -0.9676
vn 0.2143 -0.0000 -0.9768
vn -0.1758 -0.0000 0.9844
vn 0.1370 -0.0000 -0.9906
vn 0.0980 -0.0000 -0.9952
vn 0.0589 -0.0000 -0.9983
vn -0.0589 -0.0000 0.9983
vn 0.0196 -0.0000 -0.9998
vn -0.0196 -0.0000 0.9998
vn -0.0196 -0.0000 -0.9998
vn 0.0196 -0.0000 0.9998
vn -0.0589 -0.0000 -0.9983
vn 0.0589 -0.0000 0.9983
vn -0.0980 -0.0000 -0.9952
vn -0.1370 -0.0000 -0.9906
vn -0.1758 -0.0000 -0.9844
vn 0.1758 -0.0000 0.9844
vn -0.2143 -0.0000 -0.9768
vn -0.2525 -0.0000 -0.9676
vn 0.2525 -0.0000 0.9676
vn -0.2903 -0.0000 -0.9569
vn 0.3276 -0.0000 0.9448
vn -0.3276 -0.0000 -0.9448
vn -0.3645 -0.0000 -0.9312
vn 0.3645 -0.0000 0.9312
vn -0.4007 -0.0000 -0.9162
vn 0.4007 -0.0000 0.9162
vn 0.4364 -0.0000 0.8997
vn 0.4714 -0.0000 0.8819
vn -0.4714 -0.0000 -0.8819
vn -0.5057 -0.0000 -0.8627
vn 0.5057 -0.0000 0.8627
vn -0.5391 -0.0000 -0.8422
vn 0.5391 -0.0000 0.8422
vn -0.5718 -0.0000 -0.8204
vn -0.6036 -0.0000 -0.7973
vn 0.6344 -0.0000 0.7730
vn -0.6344 -0.0000 -0.7730
vn 0.6643 -0.0000 0.7475
vn -0.6643 -0.0000 -0.7475
vn -0.6931 -0.0000 -0.7209
vn 0.6931 -0.0000 0.7209
vn -0.7209 -0.0000 -0.6931
vn 0.7209 -0.0000 0.6931
vn -0.7475 -0.0000 -0.6643
vn 0.7730 -0.0000 0.6344
vn -0.7730 -0.0000 -0.6344
vn -0.7973 -0.0000 -0.6036
vn 0.7973 -0.0000 0.6036
vn -0.8204 -0.0000 -0.5718
vn 0.8204 -0.0000 0.5718
vn -0.8422 -0.0000 -0.5391
vn 0.8627 -0.0000 0.5057
vn -0.8819 -0.0000 -0.4714
vn -0.8997 -0.0000 -0.4364
vn -0.8998 -0.0000 -0.4364
vn -0.9162 -0.0000 -0.4007
vn -0.9162 -0.0000 -0.4008
vn -0.9312 -0.0000 -0.3645
vn 0.9312 -0.0000 0.3645
vn 0.9448 -0.0000 0.3276
vn -0.9448 -0.0000 -0.3276
vn -0.9569 -0.0000 -0.2903
vn 0.9569 -0.0000 0.2903
vn 0.9676 -0.0000 0.2525
vn -0.9768 -0.0000 -0.2143
vn 0.9844 -0.0000 0.1758
vn -0.9906 -0.0000 -0.1370
vn -0.9952 -0.0000 -0.0980
vn -0.9983 -0.0000 -0.0589
vn 0.9983 -0.0000 0.0589
vn -0.9998 -0.0000 -0.0196
vn 0.9998 -0.0000 0.0196
vn -0.9952 -0.0000 0.0980
vn -0.9906 -0.0000 0.1370
vn 0.9844 -0.0000 -0.1758
vn -0.9768 -0.0000 0.2143
vn 0.9676 -0.0000 -0.2525
vn -0.9162 -0.0000 0.4007
vn -0.9162 -0.0000 0.4008
vn -0.8997 -0.0000 0.4364
vn -0.8819 -0.0000 0.4714
vn 0.8627 -0.0000 -0.5057
vn -0.7475 -0.0000 0.6643
vn -0.7475 -0.0000 0.6642
vn -0.6036 -0.0000 0.7973
vn 0.4714 -0.0000 -0.8819
vn 0.4364 -0.0000 -0.8997
vn -0.2903 -0.0000 0.9569
vn -0.2525 -0.0000 0.9676
vn -0.2143 -0.0000 0.9768
vn 0.1758 -0.0000 -0.9844
vn -0.1370 -0.0000 0.9906
vn -0.0980 -0.0000 0.9952
vn 0.0980 -0.0000 0.9952
vn 0.1370 -0.0000 0.9906
vn 0.2143 -0.0000 0.9768
vn 0.2903 -0.0000 0.9569
vn -0.4364 -0.0000 -0.8997
vn 0.5718 -0.0000 0.8204
vn 0.6036 -0.0000 0.7973
vn 0.7475 -0.0000 0.6643
vn 0.8422 -0.0000 0.5391
vn -0.8627 -0.0000 -0.5057
vn 0.8819 -0.0000 0.4714
vn 0.8997 -0.0000 0.4364
vn 0.9162 -0.0000 0.4007
vn 0.9162 -0.0000 0.4008
vn -0.9676 -0.0000 -0.2525
vn 0.9768 -0.0000 0.2143
vn -0.9844 -0.0000 -0.1758
vn 0.9906 -0.0000 0.1370
vn 0.9952 -0.0000 0.0980
vn 1.0000 -0.0000 -0.0000
vn -1.0000 -0.0000 -0.0000
vn 0.0100 -0.0000 -1.0000
vn 0.0100 -0.0000 0.9999
vn -0.9848 -0.0000 0.1737
vn 0.9848 -0.0000 -0.1737
vn -0.1638 -0.0000 -0.9865
vn -0.1835 -0.0000 -0.9830
vn -0.9397 -0.0000 0.3420
vn -0.3326 -0.0000 -0.9431
vn 0.3514 -0.0000 0.9362
vn 0.8660 -0.0000 -0.5000
vn 0.4913 -0.0000 0.8710
vn -0.5086 -0.0000 -0.8610
vn -0.7660 -0.0000 0.6428
vn 0.7660 -0.0000 -0.6428
vn -0.6351 -0.0000 -0.7724
vn -0.6504 -0.0000 -0.7596
vn -0.6428 -0.0000 0.7660
vn 0.6428 -0.0000 -0.7660
vn 0.7596 -0.0000 0.6504
vn 0.7724 -0.0000 0.6351
vn 0.5000 -0.0000 -0.8660
vn 0.8610 -0.0000 0.5086
vn -0.8710 -0.0000 -0.4913
vn -0.3420 -0.0000 0.9397
vn -0.9362 -0.0000 -0.3514
vn 0.9431 -0.0000 0.3326
vn 0.1737 -0.0000 -0.9848
vn 0.1736 -0.0000 -0.9848
vn 0.9830 -0.0000 0.1835
vn 0.9865 -0.0000 0.1638
vn -0.0000 -0.0000 -1.0000
vn -0.0000 -0.0000 1.0000
vn -1.0000 -0.0000 -0.0100
vn 0.9999 -0.0000 -0.0100
vn -0.1737 -0.0000 -0.9848
vn -0.1736 -0.0000 -0.9848
vn -0.9865 -0.0000 0.1638
vn -0.9830 -0.0000 0.1835
vn 0.3420 -0.0000 0.9397
vn 0.9431 -0.0000 -0.3326
vn 0.9362 -0.0000 -0.3514
vn -0.5000 -0.0000 -0.8660
vn 0.8710 -0.0000 -0.4913
vn -0.8610 -0.0000 0.5086
vn 0.6428 -0.0000 0.7660
vn -0.6428 -0.0000 -0.7660
vn -0.7724 -0.0000 0.6351
vn -0.7596 -0.0000 0.6504
vn 0.7660 -0.0000 0.6428
vn 0.6504 -0.0000 -0.7596
vn 0.6351 -0.0000 -0.7724
vn -0.8660 -0.0000 -0.5000
vn 0.5086 -0.0000 -0.8610
vn -0.4913 -0.0000 0.8710
vn 0.9397 -0.0000 0.3420
vn -0.3514 -0.0000 0.9362
vn 0.3326 -0.0000 -0.9431
vn 0.9848 -0.0000 0.1737
vn -0.9848 -0.0000 -0.1736
vn 0.1835 -0.0000 -0.9830
vn 0.1638 -0.0000 -0.9865
vn -0.0100 -0.0000 0.9999
vn -0.0100 -0.0000 -1.0000
vn 0.1638 -0.0000 0.9865
vn 0.1835 -0.0000 0.9830
vn 0.9397 -0.0000 -0.3420
vn 0.3326 -0.0000 0.9431
vn -0.3514 -0.0000 -0.9362
vn -0.8660 -0.0000 0.5000
vn -0.4913 -0.0000 -0.8710
vn 0.5086 -0.0000 0.8610
vn 0.6351 -0.0000 0.7724
vn 0.6504 -0.0000 0.7596
vn -0.7596 -0.0000 -0.6504
vn -0.7724 -0.0000 -0.6351
vn -0.5000 -0.0000 0.8660
vn -0.8610 -0.0000 -0.5086
vn 0.8710 -0.0000 0.4913
vn 0.3420 -0.0000 -0.9397
vn 0.9362 -0.0000 0.3514
vn -0.9431 -0.0000 -0.3326
vn -0.1737 -0.0000 0.9848
vn -0.1736 -0.0000 0.9848
vn -0.9830 -0.0000 -0.1835
vn -0.9865 -0.0000 -0.1638
vn 0.9999 -0.0000 0.0100
vn -1.0000 -0.0000 0.0100
vn 0.1737 -0.0000 0.9848
vn 0.1736 -0.0000 0.9848
vn 0.9865 -0.0000 -0.1638
vn 0.9830 -0.0000 -0.1835
vn -0.3420 -0.0000 -0.9397
vn -0.9431 -0.0000 0.3326
vn -0.9362 -0.0000 0.3514
vn 0.5000 -0.0000 0.8660
vn -0.8710 -0.0000 0.4913
vn 0.8610 -0.0000 -0.5086
vn 0.7724 -0.0000 -0.6351
vn 0.7596 -0.0000 -0.6504
vn -0.7660 -0.0000 -0.6428
vn -0.6504 -0.0000 0.7596
vn -0.6351 -0.0000 0.7724
vn 0.8660 -0.0000 0.5000
vn -0.5086 -0.0000 0.8610
vn 0.4913 -0.0000 -0.8710
vn -0.9397 -0.0000 -0.3420
vn 0.3514 -0.0000 -0.9362
vn -0.3326 -0.0000 0.9431
vn -0.9848 -0.0000 -0.1737
vn 0.9848 -0.0000 0.1736
vn -0.1835 -0.0000 0.9830
vn -0.1638 -0.0000 0.9865
vn -0.7475 -0.0000 -0.6642
vn -0.8998 -0.0000 0.4364
vn 0.7475 -0.0000 0.6642
vn 0.9848 -0.0000 -0.1736
vn -0.9848 -0.0000 0.1736
vt 0.000000 1.000000
vt 0.006250 0.000000
vt 0.000000 0.000000
vt 0.006250 1.000000
vt 0.012500 0.000000
vt 0.012500 1.000000
vt 0.018750 1.000000
vt 0.018750 0.000000
vt 0.025000 1.000000
vt 0.025000 0.000000
vt 0.031250 0.000000
vt 0.031250 1.000000
vt 0.037500 0.000000
vt 0.037500 1.000000
vt 0.043750 0.000000
vt 0.043750 1.000000
vt 0.050000 1.000000
vt 0.050000 0.000000
vt 0.056250 0.000000
vt 0.056250 1.000000
vt 0.062500 0.000000
vt 0.062500 1.000000
vt 0.068750 0.000000
vt 0.068750 1.000000
vt 0.075000 1.000000
vt 0.075000 0.000000
vt 0.081250 1.000000
vt 0.081250 0.000000
vt 0.087500 1.000000
vt 0.087500 0.000000
vt 0.093750 0.000000
vt 0.093750 1.000000
vt 0.100000 1.000000
vt 0.100000 0.000000
vt 0.106250 0.000000
vt 0.106250 1.000000
vt 0.112500 1.000000
vt 0.112500 0.000000
vt 0.118750 0.000000
vt 0.118750 1.000000
vt 0.125000 0.000000
vt 0.125000 1.000000
vt 0.131250 1.000000
vt 0.131250 0.000000
vt 0.137500 1.000000
vt 0.137500 0.000000
vt 0.143750 0.000000
vt 0.143750 1.000000
vt 0.150000 1.000000
vt 0.150000 0.000000
vt 0.156250 0.000000
vt 0.156250 1.000000
vt 0.162500 1.000000
vt 0.162500 0.000000
vt 0.168750 0.000000
vt 0.168750 1.000000
vt 0.175000 0.000000
vt 0.175000 1.000000
vt 0.181250 0.000000
vt 0.181250 1.000000
vt 0.187500 1.000000
vt 0.187500 0.000000
vt 0.193750 1.000000
vt 0.193750 0.000000
vt 0.200000 1.000000
vt 0.200000 0.000000
vt 0.206250 0.000000
vt 0.206250 1.000000
vt 0.212500 1.000000
vt 0.212500 0.000000
vt 0.218750 0.000000
vt 0.218750 1.000000
vt 0.225000 1.000000
vt 0.225000 0.000000
vt 0.231250 0.000000
vt 0.231250 1.000000
vt 0.237500 0.000000
vt 0.237500 1.000000
vt 0.243750 0.000000
vt 0.243750 1.000000
vt 0.250000 1.000000
vt 0.250000 0.000000
vt 0.256250 0.000000
vt 0.256250 1.000000
vt 0.262500 0.000000
vt 0.262500 1.000000
vt 0.268750 1.000000
vt 0.268750 0.000000
vt 0.275000 1.000000
vt 0.275000 0.000000
vt 0.281250 0.000000
vt 0.281250 1.000000
vt 0.287500 0.000000
vt 0.287500 1.000000
vt 0.293750 0.000000
vt 0.293750 1.000000
vt 0.300000 1.000000
vt 0.300000 0.000000
vt 0.306250 0.000000
vt 0.306250 1.000000
vt 0.312500 0.000000
vt 0.312500 1.000000
vt 0.318750 0.000000
vt 0.318750 1.000000
vt 0.325000 1.000000
vt 0.325000 0.000000
vt 0.331250 1.000000
vt 0.331250 0.000000
vt 0.337500 1.000000
vt 0.337500 0.000000
vt 0.343750 0.000000
vt 0.343750 1.000000
vt 0.350000 1.000000
vt 0.350000 0.000000
vt 0.356250 0.000000
vt 0.356250 1.000000
vt 0.362500 1.000000
vt 0.362500 0.000000
vt 0.368750 0.000000
vt 0.368750 1.000000
vt 0.375000 0.000000
vt 0.375000 1.000000
vt 0.381250 1.000000
vt 0.381250 0.000000
vt 0.387500 1.000000
vt 0.387500 0.000000
vt 0.393750 0.000000
vt 0.393750 1.000000
vt 0.400000 1.000000
vt 0.400000 0.000000
vt 0.406250 0.000000
vt 0.406250 1.000000
vt 0.412500 1.000000
vt 0.412500 0.000000
vt 0.418750 0.000000
vt 0.418750 1.000000
vt 0.425000 0.000000
vt 0.425000 1.000000
vt 0.431250 0.000000
vt 0.431250 1.000000
vt 0.437500 1.000000
vt 0.437500 0.000000
vt 0.443750 0.000000
vt 0.443750 1.000000
vt 0.450000 1.000000
vt 0.450000 0.000000
vt 0.456250 0.000000
vt 0.456250 1.000000
vt 0.462500 1.000000
vt 0.462500 0.000000
vt 0.468750 0.000000
vt 0.468750 1.000000
vt 0.475000 1.000000
vt 0.475000 0.000000
vt 0.481250 0.000000
vt 0.481250 1.000000
vt 0.487500 0.000000
vt 0.487500 1.000000
vt 0.493750 0.000000
vt 0.493750 1.000000
vt 0.500000 1.000000
vt 0.500000 0.000000
vt 0.506250 0.000000
vt 0.506250 1.000000
vt 0.512500 0.000000
vt 0.512500 1.000000
vt 0.518750 1.000000
vt 0.518750 0.000000
vt 0.525000 1.000000
vt 0.525000 0.000000
vt 0.531250 0.000000
vt 0.531250 1.000000
vt 0.537500 0.000000
vt 0.537500 1.000000
vt 0.543750 0.000000
vt 0.543750 1.000000
vt 0.550000 1.000000
vt 0.550000 0.000000
vt 0.556250 0.000000
vt 0.556250 1.000000
vt 0.562500 0.000000
vt 0.562500 1.000000
vt 0.568750 0.000000
vt 0.568750 1.000000
vt 0.575000 1.000000
vt 0.575000 0.000000
vt 0.581250 1.000000
vt 0.581250 0.000000
vt 0.587500 1.000000
vt 0.587500 0.000000
vt 0.593750 0.000000
vt 0.593750 1.000000
vt 0.600000 1.000000
vt 0.600000 0.000000
vt 0.606250 0.000000
vt 0.606250 1.000000
vt 0.612500 1.000000
vt 0.612500 0.000000
vt 0.618750 0.000000
vt 0.618750 1.000000
vt 0.625000 0.000000
vt 0.625000 1.000000
vt 0.631250 1.000000
vt 0.631250 0.000000
vt 0.637500 1.000000
vt 0.637500 0.000000
vt 0.643750 0.000000
vt 0.643750 1.000000
vt 0.650000 1.000000
vt 0.650000 0.000000
vt 0.656250 0.000000
vt 0.656250 1.000000
vt 0.662500 1.000000
vt 0.662500 0.000000
vt 0.668750 0.000000
vt 0.668750 1.000000
vt 0.675000 0.000000
vt 0.675000 1.000000
vt 0.681250 0.000000
vt 0.681250 1.000000
vt 0.687500 1.000000
vt 0.687500 0.000000
vt 0.693750 1.000000
vt 0.693750 0.000000
vt 0.700000 1.000000
vt 0.700000 0.000000
vt 0.706250 0.000000
vt 0.706250 1.000000
vt 0.712500 1.000000
vt 0.712500 0.000000
vt 0.718750 0.000000
vt 0.718750 1.000000
vt 0.725000 1.000000
vt 0.725000 0.000000
vt 0.731250 0.000000
vt 0.731250 1.000000
vt 0.737500 0.000000
vt 0.737500 1.000000
vt 0.743750 0.000000
vt 0.743750 1.000000
vt 0.750000 1.000000
vt 0.750000 0.000000
vt 0.756250 0.000000
vt 0.756250 1.000000
vt 0.762500 0.000000
vt 0.762500 1.000000
vt 0.768750 1.000000
vt 0.768750 0.000000
vt 0.775000 1.000000
vt 0.775000 0.000000
vt 0.781250 0.000000
vt 0.781250 1.000000
vt 0.787500 0.000000
vt 0.787500 1.000000
vt 0.793750 0.000000
vt 0.793750 1.000000
vt 0.800000 1.000000
vt 0.800000 0.000000
vt 0.806250 0.000000
vt 0.806250 1.000000
vt 0.812500 0.000000
vt 0.812500 1.000000
vt 0.818750 0.000000
vt 0.818750 1.000000
vt 0.825000 1.000000
vt 0.825000 0.000000
vt 0.831250 1.000000
vt 0.831250 0.000000
vt 0.837500 1.000000
vt 0.837500 0.000000
vt 0.843750 0.000000
vt 0.843750 1.000000
vt 0.850000 1.000000
vt 0.850000 0.000000
vt 0.856250 0.000000
vt 0.856250 1.000000
vt 0.862500 1.000000
vt 0.862500 0.000000
vt 0.868750 0.000000
vt 0.868750 1.000000
vt 0.875000 0.000000
vt 0.875000 1.000000
vt 0.881250 1.000000
vt 0.881250 0.000000
vt 0.887500 1.000000
vt 0.887500 0.000000
vt 0.893750 0.000000
vt 0.893750 1.000000
vt 0.900000 1.000000
vt 0.900000 0.000000
vt 0.906250 0.000000
vt 0.906250 1.000000
vt 0.912500 1.000000
vt 0.912500 0.000000
vt 0.918750 0.000000
vt 0.918750 1.000000
vt 0.925000 0.000000
vt 0.925000 1.000000
vt 0.931250 0.000000
vt 0.931250 1.000000
vt 0.937500 1.000000
vt 0.937500 0.000000
vt 0.943750 0.000000
vt 0.943750 1.000000
vt 0.950000 1.000000
vt 0.950000 0.000000
vt 0.956250 0.000000
vt 0.956250 1.000000
vt 0.962500 1.000000
vt 0.962500 0.000000
vt 0.968750 0.000000
vt 0.968750 1.000000
vt 0.975000 1.000000
vt 0.975000 0.000000
vt 0.981250 0.000000
vt 0.981250 1.000000
vt 0.987500 0.000000
vt 0.987500 1.000000
vt 0.993750 0.000000
vt 0.993750 1.000000
vt 1.000000 1.000000
vt 1.000000 0.000000
vt 2.006250 2.000000
vt 2.000000 3.000000
vt 2.000000 2.000000
vt 2.006250 3.000000
vt 2.012500 3.000000
vt 2.012500 2.000000
vt 2.018750 2.000000
vt 2.018750 3.000000
vt 2.025000 3.000000
vt 2.025000 2.000000
vt 2.031250 2.000000
vt 2.031250 3.000000
vt 2.037500 2.000000
vt 2.037500 3.000000
vt 2.043750 3.000000
vt 2.043750 2.000000
vt 2.050000 3.000000
vt 2.050000 2.000000
vt 2.056250 2.000000
vt 2.056250 3.000000
vt 2.062500 3.000000
vt 2.062500 2.000000
vt 2.068750 3.000000
vt 2.068750 2.000000
vt 2.075000 2.000000
vt 2.075000 3.000000
vt 2.081250 3.000000
vt 2.081250 2.000000
vt 2.087500 3.000000
vt 2.087500 2.000000
vt 2.093750 3.000000
vt 2.093750 2.000000
vt 2.100000 3.000000
vt 2.100000 2.000000
vt 2.106250 2.000000
vt 2.106250 3.000000
vt 2.112500 3.000000
vt 2.112500 2.000000
vt 2.118750 3.000000
vt 2.118750 2.000000
vt 2.125000 3.000000
vt 2.125000 2.000000
vt 2.131250 2.000000
vt 2.131250 3.000000
vt 2.137500 2.000000
vt 2.137500 3.000000
vt 2.143750 2.000000
vt 2.143750 3.000000
vt 2.150000 3.000000
vt 2.150000 2.000000
vt 2.156250 2.000000
vt 2.156250 3.000000
vt 2.162500 2.000000
vt 2.162500 3.000000
vt 2.168750 2.000000
vt 2.168750 3.000000
vt 2.175000 2.000000
vt 2.175000 3.000000
vt 2.181250 3.000000
vt 2.181250 2.000000
vt 2.187500 2.000000
vt 2.187500 3.000000
vt 2.193750 2.000000
vt 2.193750 3.000000
vt 2.200000 2.000000
vt 2.200000 3.000000
vt 2.206250 2.000000
vt 2.206250 3.000000
vt 2.212500 2.000000
vt 2.212500 3.000000
vt 2.218750 3.000000
vt 2.218750 2.000000
vt 2.225000 3.000000
vt 2.225000 2.000000
vt 2.231250 2.000000
vt 2.231250 3.000000
vt 2.237500 3.000000
vt 2.237500 2.000000
vt 2.243750 2.000000
vt 2.243750 3.000000
vt 2.250000 2.000000
vt 2.250000 3.000000
vt 2.256250 2.000000
vt 2.256250 3.000000
vt 2.262500 3.000000
vt 2.262500 2.000000
vt 2.268750 2.000000
vt 2.268750 3.000000
vt 2.275000 3.000000
vt 2.275000 2.000000
vt 2.281250 2.000000
vt 2.281250 3.000000
vt 2.287500 2.000000
vt 2.287500 3.000000
vt 2.293750 3.000000
vt 2.293750 2.000000
vt 2.300000 3.000000
vt 2.300000 2.000000
vt 2.306250 2.000000
vt 2.306250 3.000000
vt 2.312500 3.000000
vt 2.312500 2.000000
vt 2.318750 3.000000
vt 2.318750 2.000000
vt 2.325000 2.000000
vt 2.325000 3.000000
vt 2.331250 3.000000
vt 2.331250 2.000000
vt 2.337500 3.000000
vt 2.337500 2.000000
vt 2.343750 3.000000
vt 2.343750 2.000000
vt 2.350000 3.000000
vt 2.350000 2.000000
vt 2.356250 2.000000
vt 2.356250 3.000000
vt 2.362500 3.000000
vt 2.362500 2.000000
vt 2.368750 3.000000
vt 2.368750 2.000000
vt 2.375000 3.000000
vt 2.375000 2.000000
vt 2.381250 2.000000
vt 2.381250 3.000000
vt 2.387500 2.000000
vt 2.387500 3.000000
vt 2.393750 2.000000
vt 2.393750 3.000000
vt 2.400000 3.000000
vt 2.400000 2.000000
vt 2.406250 2.000000
vt 2.406250 3.000000
vt 2.412500 2.000000
vt 2.412500 3.000000
vt 2.418750 2.000000
vt 2.418750 3.000000
vt 2.425000 2.000000
vt 2.425000 3.000000
vt 2.431250 3.000000
vt 2.431250 2.000000
vt 2.437500 2.000000
vt 2.437500 3.000000
vt 2.443750 2.000000
vt 2.443750 3.000000
vt 2.450000 2.000000
vt 2.450000 3.000000
vt 2.456250 2.000000
vt 2.456250 3.000000
vt 2.462500 2.000000
vt 2.462500 3.000000
vt 2.468750 3.000000
vt 2.468750 2.000000
vt 2.475000 3.000000
vt 2.475000 2.000000
vt 2.481250 2.000000
vt 2.481250 3.000000
vt 2.487500 3.000000
vt 2.487500 2.000000
vt 2.493750 2.000000
vt 2.493750 3.000000
vt 2.500000 2.000000
vt 2.500000 3.000000
vt 2.506250 2.000000
vt 2.506250 3.000000
vt 2.512500 3.000000
vt 2.512500 2.000000
vt 2.518750 2.000000
vt 2.518750 3.000000
vt 2.525000 3.000000
vt 2.525000 2.000000
vt 2.531250 2.000000
vt 2.531250 3.000000
vt 2.537500 2.000000
vt 2.537500 3.000000
vt 2.543750 3.000000
vt 2.543750 2.000000
vt 2.550000 3.000000
vt 2.550000 2.000000
vt 2.556250 2.000000
vt 2.556250 3.000000
vt 2.562500 3.000000
vt 2.562500 2.000000
vt 2.568750 3.000000
vt 2.568750 2.000000
vt 2.575000 2.000000
vt 2.575000 3.000000
vt 2.581250 3.000000
vt 2.581250 2.000000
vt 2.587500 3.000000
vt 2.587500 2.000000
vt 2.593750 3.000000
vt 2.593750 2.000000
vt 2.600000 3.000000
vt 2.600000 2.000000
vt 2.606250 2.000000
vt 2.606250 3.000000
vt 2.612500 3.000000
vt 2.612500 2.000000
vt 2.618750 3.000000
vt 2.618750 2.000000
vt 2.625000 3.000000
vt 2.625000 2.000000
vt 2.631250 2.000000
vt 2.631250 3.000000
vt 2.637500 2.000000
vt 2.637500 3.000000
vt 2.643750 2.000000
vt 2.643750 3.000000
vt 2.650000 3.000000
vt 2.650000 2.000000
vt 2.656250 2.000000
vt 2.656250 3.000000
vt 2.662500 2.000000
vt 2.662500 3.000000
vt 2.668750 2.000000
vt 2.668750 3.000000
vt 2.675000 2.000000
vt 2.675000 3.000000
vt 2.681250 3.000000
vt 2.681250 2.000000
vt 2.687500 2.000000
vt 2.687500 3.000000
vt 2.693750 2.000000
vt 2.693750 3.000000
vt 2.700000 2.000000
vt 2.700000 3.000000
vt 2.706250 2.000000
vt 2.706250 3.000000
vt 2.712500 2.000000
vt 2.712500 3.000000
vt 2.718750 3.000000
vt 2.718750 2.000000
vt 2.725000 3.000000
vt 2.725000 2.000000
vt 2.731250 2.000000
vt 2.731250 3.000000
vt 2.737500 3.000000
vt 2.737500 2.000000
vt 2.743750 2.000000
vt 2.743750 3.000000
vt 2.750000 2.000000
vt 2.750000 3.000000
vt 2.756250 2.000000
vt 2.756250 3.000000
vt 2.762500 3.000000
vt 2.762500 2.000000
vt 2.768750 2.000000
vt 2.768750 3.000000
vt 2.775000 3.000000
vt 2.775000 2.000000
vt 2.781250 2.000000
vt 2.781250 3.000000
vt 2.787500 2.000000
vt 2.787500 3.000000
vt 2.793750 3.000000
vt 2.793750 2.000000
vt 2.800000 3.000000
vt 2.800000 2.000000
vt 2.806250 2.000000
vt 2.806250 3.000000
vt 2.812500 3.000000
vt 2.812500 2.000000
vt 2.818750 3.000000
vt 2.818750 2.000000
vt 2.825000 2.000000
vt 2.825000 3.000000
vt 2.831250 3.000000
vt 2.831250 2.000000
vt 2.837500 3.000000
vt 2.837500 2.000000
vt 2.843750 3.000000
vt 2.843750 2.000000
vt 2.850000 3.000000
vt 2.850000 2.000000
vt 2.856250 2.000000
vt 2.856250 3.000000
vt 2.862500 3.000000
vt 2.862500 2.000000
vt 2.868750 3.000000
vt 2.868750 2.000000
vt 2.875000 3.000000
vt 2.875000 2.000000
vt 2.881250 2.000000
vt 2.881250 3.000000
vt 2.887500 2.000000
vt 2.887500 3.000000
vt 2.893750 2.000000
vt 2.893750 3.000000
vt 2.900000 3.000000
vt 2.900000 2.000000
vt 2.906250 2.000000
vt 2.906250 3.000000
vt 2.912500 2.000000
vt 2.912500 3.000000
vt 2.918750 2.000000
vt 2.918750 3.000000
vt 2.925000 2.000000
vt 2.925000 3.000000
vt 2.931250 3.000000
vt 2.931250 2.000000
vt 2.937500 2.000000
vt 2.937500 3.000000
vt 2.943750 2.000000
vt 2.943750 3.000000
vt 2.950000 2.000000
vt 2.950000 3.000000
vt 2.956250 2.000000
vt 2.956250 3.000000
vt 2.962500 2.000000
vt 2.962500 3.000000
vt 2.968750 3.000000
vt 2.968750 2.000000
vt 2.975000 3.000000
vt 2.975000 2.000000
vt 2.981250 2.000000
vt 2.981250 3.000000
vt 2.987500 3.000000
vt 2.987500 2.000000
vt 2.993750 2.000000
vt 2.993750 3.000000
vt 3.000000 2.000000
vt 3.000000 3.000000
vt 2.100000 2.900000
vt 2.900000 2.100000
vt 2.100000 2.100000
vt 2.900000 2.900000
s 1
f 2/1/1 4/2/1 1/3/1
f 5/2/2 7/1/2 8/3/2
f 10/2/3 12/1/3 9/3/3
f 14/3/4 16/4/4 13/2/4
f 18/4/1 20/5/1 17/2/1
f 22/6/2 24/2/2 21/5/2
f 26/5/5 28/4/5 25/2/5
f 30/2/6 32/6/6 29/5/6
f 33/5/1 35/7/1 36/8/1
f 38/7/2 40/5/2 37/8/2
f 42/8/7 44/6/7 41/5/7
f 48/7/7 46/5/7 45/8/7
f 49/8/2 51/9/2 50/7/2
f 54/9/2 56/8/2 53/10/2
f 58/10/8 60/7/8 57/8/8
f 64/9/8 62/8/8 61/10/8
f 66/9/1 68/11/1 65/10/1
f 69/11/2 71/9/2 72/10/2
f 76/9/9 74/11/9 73/10/9
f 78/10/9 80/12/9 77/11/9
f 82/12/1 84/13/1 81/11/1
f 86/14/2 88/11/2 85/13/2
f 90/13/10 92/12/10 89/11/10
f 96/14/10 94/11/10 93/13/10
f 100/15/2 98/14/2 97/13/2
f 101/15/2 103/14/2 104/13/2
f 108/14/11 106/15/11 105/13/11
f 110/13/11 112/16/11 109/15/11
f 113/15/1 115/17/1 116/18/1
f 118/17/2 120/15/2 117/18/2
f 122/18/12 124/16/12 121/15/12
f 126/15/13 128/17/13 125/18/13
f 130/17/1 132/19/1 129/18/1
f 133/19/2 135/17/2 136/18/2
f 140/17/14 138/19/14 137/18/14
f 144/20/15 142/18/15 141/19/15
f 146/20/1 148/21/1 145/19/1
f 150/22/2 152/19/2 149/21/2
f 154/21/16 156/20/16 153/19/16
f 158/19/17 160/22/17 157/21/17
f 162/22/1 164/23/1 161/21/1
f 165/23/2 167/22/2 168/21/2
f 170/23/18 172/22/18 169/21/18
f 176/24/18 174/21/19 173/23/18
f 177/23/1 179/25/1 180/26/1
f 182/25/2 184/23/2 181/26/2
f 186/26/20 188/24/20 185/23/20
f 192/25/20 190/23/20 189/26/20
f 193/26/1 195/27/1 196/28/1
f 198/27/2 200/26/2 197/28/2
f 202/28/21 204/25/21 201/26/21
f 208/27/21 206/26/21 205/28/21
f 209/28/2 211/29/2 210/27/2
f 214/29/2 216/28/2 213/30/2
f 220/27/22 218/30/22 217/28/22
f 222/28/22 224/29/22 221/30/22
f 228/31/2 226/29/2 225/30/2
f 229/31/2 231/29/2 232/30/2
f 236/29/23 234/31/23 233/30/23
f 240/32/24 238/30/24 237/31/24
f 241/31/2 243/33/2 242/32/2
f 246/33/2 248/31/2 245/34/2
f 250/34/25 252/32/25 249/31/25
f 254/31/26 256/33/26 253/34/26
f 258/33/1 260/35/1 257/34/1
f 261/35/2 263/33/2 264/34/2
f 266/35/27 268/33/27 265/34/27
f 270/34/28 272/36/28 269/35/28
f 273/35/2 275/37/2 274/36/2
f 278/37/2 280/35/2 277/38/2
f 284/36/29 282/38/29 281/35/29
f 288/37/30 286/35/30 285/38/30
f 290/37/1 292/39/1 289/38/1
f 293/39/2 295/37/2 296/38/2
f 298/39/31 300/37/31 297/38/31
f 304/40/31 302/38/31 301/39/32
f 306/40/1 308/41/1 305/39/1
f 309/41/2 311/40/2 312/39/2
f 314/41/33 316/40/33 313/39/33
f 318/39/34 320/42/34 317/41/34
f 321/41/1 323/43/1 324/44/1
f 326/43/2 328/41/2 325/44/2
f 330/44/35 332/42/35 329/41/35
f 334/41/36 336/43/36 333/44/36
f 337/44/1 339/45/1 340/46/1
f 342/45/2 344/44/2 341/46/2
f 348/43/37 346/46/37 345/44/37
f 352/45/38 350/44/38 349/46/38
f 354/45/1 356/47/1 353/46/1
f 357/47/2 359/45/2 360/46/2
f 364/45/39 362/47/39 361/46/39
f 368/48/40 366/46/40 365/47/40
f 369/47/1 371/49/1 372/50/1
f 374/49/2 376/47/2 373/50/2
f 378/50/41 380/48/41 377/47/41
f 384/49/41 382/47/41 381/50/41
f 388/51/2 386/49/2 385/50/2
f 389/51/2 391/49/2 392/50/2
f 394/51/42 396/49/42 393/50/42
f 398/50/43 400/52/43 397/51/43
f 401/51/2 403/53/2 402/52/2
f 406/53/2 408/51/2 405/54/2
f 410/54/44 412/52/44 409/51/44
f 414/51/45 416/53/45 413/54/45
f 418/53/1 420/55/1 417/54/1
f 421/55/2 423/53/2 424/54/2
f 428/53/46 426/55/46 425/54/46
f 432/56/47 430/54/47 429/55/47
f 434/56/1 436/57/1 433/55/1
f 437/57/2 439/56/2 440/55/2
f 444/56/48 442/57/48 441/55/48
f 446/55/48 448/58/48 445/57/48
f 450/58/1 452/59/1 449/57/1
f 453/59/2 455/58/2 456/57/2
f 460/58/49 458/59/49 457/57/49
f 462/57/49 464/60/49 461/59/49
f 465/59/1 467/61/1 468/62/1
f 470/61/2 472/59/2 469/62/2
f 474/62/50 476/60/50 473/59/50
f 478/59/51 480/61/51 477/62/51
f 481/62/2 483/63/2 482/61/2
f 486/63/2 488/62/2 485/64/2
f 490/64/52 492/61/52 489/62/52
f 494/62/53 496/63/53 493/64/53
f 497/64/1 499/65/1 500/66/1
f 502/65/2 504/64/2 501/66/2
f 508/63/54 506/66/54 505/64/54
f 512/65/55 510/64/55 509/66/55
f 516/67/2 514/65/2 513/66/2
f 517/67/2 519/65/2 520/66/2
f 522/67/56 524/65/56 521/66/56
f 528/68/56 526/66/56 525/67/56
f 529/67/1 531/69/1 532/70/1
f 534/69/2 536/67/2 533/70/2
f 538/70/57 540/68/57 537/67/57
f 544/69/57 542/67/57 541/70/57
f 546/69/1 548/71/1 545/70/1
f 550/72/2 552/70/2 549/71/2
f 554/71/58 556/69/58 553/70/58
f 560/72/58 558/70/58 557/71/58
f 561/71/1 563/73/1 564/74/1
f 566/73/2 568/71/2 565/74/2
f 572/72/59 570/74/59 569/71/59
f 574/71/59 576/73/59 573/74/59
f 580/75/2 578/73/2 577/74/2
f 581/75/2 583/73/2 584/74/2
f 586/75/60 588/73/60 585/74/60
f 592/76/60 590/74/60 589/75/60
f 596/77/2 594/76/2 593/75/2
f 597/77/2 599/76/2 600/75/2
f 602/77/61 604/76/61 601/75/61
f 608/78/61 606/75/61 605/77/61
f 612/79/2 610/78/2 609/77/2
f 614/80/2 616/77/2 613/79/2
f 618/79/62 620/78/62 617/77/62
f 622/77/63 624/80/63 621/79/63
f 625/79/1 627/81/1 628/82/1
f 630/81/2 632/79/2 629/82/2
f 634/82/64 636/80/64 633/79/64
f 638/79/65 640/81/65 637/82/65
f 642/81/1 644/83/1 641/82/1
f 645/83/2 647/81/2 648/82/2
f 650/83/66 652/81/66 649/82/66
f 654/82/67 656/84/67 653/83/67
f 658/84/1 660/85/1 657/83/1
f 662/86/2 664/83/2 661/85/2
f 666/85/68 668/84/68 665/83/68
f 670/83/69 672/86/69 669/85/69
f 673/85/1 675/87/1 676/88/1
f 678/87/2 680/85/2 677/88/2
f 682/88/70 684/86/70 681/85/70
f 688/87/70 686/85/70 685/88/70
f 689/88/2 691/89/2 690/87/2
f 694/89/2 696/88/2 693/90/2
f 698/90/71 700/87/71 697/88/71
f 704/89/71 702/88/71 701/90/71
f 706/89/1 708/91/1 705/90/1
f 709/91/2 711/89/2 712/90/2
f 714/91/72 716/89/72 713/90/72
f 718/90/73 720/92/73 717/91/73
f 722/92/1 724/93/1 721/91/1
f 726/94/2 728/91/2 725/93/2
f 730/93/74 732/92/74 729/91/74
f 736/94/74 734/91/74 733/93/74
f 738/94/1 740/95/1 737/93/1
f 741/95/2 743/94/2 744/93/2
f 746/95/75 748/94/75 745/93/75
f 750/93/76 752/96/76 749/95/76
f 753/95/1 755/97/1 756/98/1
f 758/97/2 760/95/2 757/98/2
f 762/98/77 764/96/77 761/95/77
f 768/97/77 766/95/77 765/98/77
f 770/97/1 772/99/1 769/98/1
f 773/99/2 775/97/2 776/98/2
f 780/97/78 778/99/78 777/98/78
f 784/100/79 782/98/79 781/99/79
f 788/101/2 786/100/2 785/99/2
f 790/102/2 792/99/2 789/101/2
f 794/101/80 796/100/80 793/99/80
f 798/99/81 800/102/81 797/101/81
f 802/102/1 804/103/1 801/101/1
f 805/103/2 807/102/2 808/101/2
f 810/103/82 812/102/82 809/101/82
f 814/101/83 816/104/83 813/103/83
f 817/103/1 819/105/1 820/106/1
f 822/105/2 824/103/2 821/106/2
f 828/104/84 826/106/84 825/103/84
f 830/103/84 832/105/84 829/106/84
f 833/106/2 835/107/2 834/105/2
f 838/107/2 840/106/2 837/108/2
f 844/105/85 842/108/85 841/106/85
f 848/107/86 846/106/86 845/108/86
f 849/108/1 851/109/1 852/110/1
f 854/109/2 856/108/2 853/110/2
f 858/110/87 860/107/87 857/108/87
f 862/108/88 864/109/88 861/110/88
f 868/111/2 866/109/2 865/110/2
f 869/111/2 871/109/2 872/110/2
f 874/111/89 876/109/89 873/110/89
f 878/110/90 880/112/90 877/111/90
f 881/111/2 883/113/2 882/112/2
f 886/113/2 888/111/2 885/114/2
f 890/114/91 892/112/91 889/111/91
f 896/113/91 894/111/91 893/114/91
f 898/113/1 900/115/1 897/114/1
f 901/115/2 903/113/2 904/114/2
f 906/115/92 908/113/92 905/114/92
f 912/116/92 910/114/92 909/115/92
f 913/115/2 915/117/2 914/116/2
f 918/117/2 920/115/2 917/118/2
f 924/116/93 922/118/93 921/115/93
f 928/117/94 926/115/94 925/118/94
f 930/117/1 932/119/1 929/118/1
f 933/119/2 935/117/2 936/118/2
f 940/117/95 938/119/95 937/118/95
f 944/120/96 942/118/96 941/119/96
f 946/120/1 948/121/1 945/119/1
f 949/121/2 951/120/2 952/119/2
f 954/121/97 956/120/97 953/119/97
f 958/119/98 960/122/98 957/121/98
f 961/121/1 963/123/1 964/124/1
f 966/123/2 968/121/2 965/124/2
f 970/124/99 972/122/99 969/121/99
f 974/121/100 976/123/100 973/124/100
f 977/124/2 979/125/2 978/123/2
f 982/125/2 984/124/2 981/126/2
f 986/126/101 988/123/101 985/124/101
f 992/125/101 990/124/101 989/126/101
f 996/127/2 994/125/2 993/126/2
f 997/127/2 999/125/2 1000/126/2
f 1004/125/102 1002/127/102 1001/126/102
f 1008/128/103 1006/126/103 1005/127/103
f 1009/127/1 1011/129/1 1012/130/1
f 1014/129/2 1016/127/2 1013/130/2
f 1018/130/104 1020/128/104 1017/127/104
f 1022/127/105 1024/129/105 1021/130/105
f 1028/131/2 1026/129/2 1025/130/2
f 1029/131/2 1031/129/2 1032/130/2
f 1034/131/106 1036/129/106 1033/130/106
f 1038/130/107 1040/132/107 1037/131/107
f 1041/131/2 1043/133/2 1042/132/2
f 1046/133/2 1048/131/2 1045/134/2
f 1050/134/108 1052/132/108 1049/131/108
f 1056/133/108 1054/131/108 1053/134/108
f 1058/133/1 1060/135/1 1057/134/1
f 1061/135/2 1063/133/2 1064/134/2
f 1068/133/109 1066/135/109 1065/134/109
f 1070/134/109 1072/136/109 1069/135/109
f 1074/136/1 1076/137/1 1073/135/1
f 1077/137/2 1079/136/2 1080/135/2
f 1082/137/110 1084/136/110 1081/135/110
f 1088/138/110 1086/135/110 1085/137/110
f 1090/138/1 1092/139/1 1089/137/1
f 1093/139/2 1095/138/2 1096/137/2
f 1098/139/111 1100/138/111 1097/137/112
f 1104/140/111 1102/137/111 1101/139/111
f 1105/139/1 1107/141/1 1108/142/1
f 1110/141/2 1112/139/2 1109/142/2
f 1114/142/113 1116/140/113 1113/139/113
f 1120/141/114 1118/139/113 1117/142/114
f 1122/141/1 1124/143/1 1121/142/1
f 1126/144/2 1128/142/2 1125/143/2
f 1130/143/115 1132/141/115 1129/142/115
f 1134/142/116 1136/144/116 1133/143/116
f 1137/143/2 1139/145/2 1138/144/2
f 1142/145/2 1144/143/2 1141/146/2
f 1148/144/117 1146/146/117 1145/143/117
f 1152/145/118 1150/143/118 1149/146/118
f 1156/147/2 1154/145/2 1153/146/2
f 1157/147/2 1159/145/2 1160/146/2
f 1162/147/119 1164/145/119 1161/146/119
f 1166/146/120 1168/148/120 1165/147/120
f 1169/147/2 1171/149/2 1170/148/2
f 1174/149/2 1176/147/2 1173/150/2
f 1180/148/121 1178/150/121 1177/147/121
f 1182/147/121 1184/149/121 1181/150/121
f 1186/149/1 1188/151/1 1185/150/1
f 1190/152/2 1192/150/2 1189/151/2
f 1194/151/122 1196/149/122 1193/150/122
f 1200/152/122 1198/150/122 1197/151/122
f 1201/151/1 1203/153/1 1204/154/1
f 1206/153/2 1208/151/2 1205/154/2
f 1212/152/123 1210/154/123 1209/151/123
f 1214/151/123 1216/153/123 1213/154/123
f 1218/153/1 1220/155/1 1217/154/1
f 1221/155/2 1223/153/2 1224/154/2
f 1226/155/124 1228/153/124 1225/154/124
f 1232/156/124 1230/154/124 1229/155/124
f 1236/157/2 1234/156/2 1233/155/2
f 1237/157/2 1239/156/2 1240/155/2
f 1242/157/125 1244/156/125 1241/155/125
f 1248/158/125 1246/155/125 1245/157/125
f 1252/159/2 1250/158/2 1249/157/2
f 1254/160/2 1256/157/2 1253/159/2
f 1258/159/126 1260/158/126 1257/157/126
f 1262/157/127 1264/160/127 1261/159/127
f 1265/159/1 1267/161/1 1268/162/1
f 1270/161/2 1272/159/2 1269/162/2
f 1274/162/128 1276/160/128 1273/159/128
f 1278/159/129 1280/161/129 1277/162/129
f 1282/161/1 1284/163/1 1281/162/1
f 1285/163/2 1287/161/2 1288/162/2
f 1290/163/4 1292/161/4 1289/162/4
f 1294/162/3 1296/164/3 1293/163/3
f 1298/164/1 1300/165/1 1297/163/1
f 1302/166/2 1304/163/2 1301/165/2
f 1306/165/6 1308/164/6 1305/163/6
f 1310/163/5 1312/166/5 1309/165/5
f 1313/165/1 1315/167/1 1316/168/1
f 1318/167/2 1320/165/2 1317/168/2
f 1322/168/130 1324/166/130 1321/165/130
f 1328/167/130 1326/165/130 1325/168/130
f 1329/168/2 1331/169/2 1330/167/2
f 1334/169/2 1336/168/2 1333/170/2
f 1338/170/131 1340/167/131 1337/168/131
f 1344/169/131 1342/168/131 1341/170/131
f 1346/169/1 1348/171/1 1345/170/1
f 1349/171/2 1351/169/2 1352/170/2
f 1356/169/132 1354/171/132 1353/170/132
f 1358/170/132 1360/172/132 1357/171/132
f 1362/172/1 1364/173/1 1361/171/1
f 1366/174/2 1368/171/2 1365/173/2
f 1370/173/133 1372/172/133 1369/171/133
f 1376/174/133 1374/171/133 1373/173/133
f 1380/175/2 1378/174/2 1377/173/2
f 1381/175/2 1383/174/2 1384/173/2
f 1388/174/134 1386/175/134 1385/173/134
f 1390/173/134 1392/176/134 1389/175/134
f 1393/175/1 1395/177/1 1396/178/1
f 1398/177/2 1400/175/2 1397/178/2
f 1402/178/13 1404/176/13 1401/175/13
f 1406/175/12 1408/177/12 1405/178/12
f 1410/177/1 1412/179/1 1409/178/1
f 1413/179/2 1415/177/2 1416/178/2
f 1420/177/15 1418/179/15 1417/178/15
f 1424/180/14 1422/178/14 1421/179/14
f 1426/180/1 1428/181/1 1425/179/1
f 1430/182/2 1432/179/2 1429/181/2
f 1434/181/17 1436/180/17 1433/179/17
f 1438/179/16 1440/182/16 1437/181/16
f 1442/182/1 1444/183/1 1441/181/1
f 1445/183/2 1447/182/2 1448/181/2
f 1450/183/135 1452/182/135 1449/181/135
f 1456/184/135 1454/181/136 1453/183/135
f 1457/183/1 1459/185/1 1460/186/1
f 1462/185/2 1464/183/2 1461/186/2
f 1466/186/137 1468/184/137 1465/183/137
f 1472/185/137 1470/183/137 1469/186/137
f 1473/186/1 1475/187/1 1476/188/1
f 1478/187/2 1480/186/2 1477/188/2
f 1482/188/138 1484/185/138 1481/186/138
f 1488/187/138 1486/186/138 1485/188/138
f 1489/188/2 1491/189/2 1490/187/2
f 1494/189/2 1496/188/2 1493/190/2
f 1500/187/139 1498/190/139 1497/188/139
f 1502/188/139 1504/189/139 1501/190/139
f 1508/191/2 1506/189/2 1505/190/2
f 1509/191/2 1511/189/2 1512/190/2
f 1516/189/24 1514/191/24 1513/190/24
f 1520/192/23 1518/190/23 1517/191/23
f 1521/191/2 1523/193/2 1522/192/2
f 1526/193/2 1528/191/2 1525/194/2
f 1530/194/26 1532/192/26 1529/191/26
f 1534/191/25 1536/193/25 1533/194/25
f 1538/193/1 1540/195/1 1537/194/1
f 1541/195/2 1543/193/2 1544/194/2
f 1546/195/28 1548/193/28 1545/194/28
f 1550/194/27 1552/196/27 1549/195/27
f 1553/195/2 1555/197/2 1554/196/2
f 1558/197/2 1560/195/2 1557/198/2
f 1564/196/30 1562/198/30 1561/195/30
f 1568/197/29 1566/195/29 1565/198/29
f 1570/197/1 1572/199/1 1569/198/1
f 1573/199/2 1575/197/2 1576/198/2
f 1578/199/140 1580/197/140 1577/198/140
f 1584/200/140 1582/198/140 1581/199/141
f 1586/200/1 1588/201/1 1585/199/1
f 1589/201/2 1591/200/2 1592/199/2
f 1594/201/34 1596/200/34 1593/199/34
f 1598/199/33 1600/202/33 1597/201/33
f 1601/201/1 1603/203/1 1604/204/1
f 1606/203/2 1608/201/2 1605/204/2
f 1610/204/36 1612/202/36 1609/201/36
f 1614/201/35 1616/203/35 1613/204/35
f 1617/204/1 1619/205/1 1620/206/1
f 1622/205/2 1624/204/2 1621/206/2
f 1628/203/38 1626/206/38 1625/204/38
f 1632/205/37 1630/204/37 1629/206/37
f 1634/205/1 1636/207/1 1633/206/1
f 1637/207/2 1639/205/2 1640/206/2
f 1644/205/40 1642/207/40 1641/206/40
f 1648/208/39 1646/206/39 1645/207/39
f 1649/207/1 1651/209/1 1652/210/1
f 1654/209/2 1656/207/2 1653/210/2
f 1658/210/142 1660/208/142 1657/207/142
f 1664/209/142 1662/207/142 1661/210/142
f 1668/211/2 1666/209/2 1665/210/2
f 1669/211/2 1671/209/2 1672/210/2
f 1674/211/43 1676/209/43 1673/210/43
f 1678/210/42 1680/212/42 1677/211/42
f 1681/211/2 1683/213/2 1682/212/2
f 1686/213/2 1688/211/2 1685/214/2
f 1690/214/45 1692/212/45 1689/211/45
f 1694/211/44 1696/213/44 1693/214/44
f 1698/213/1 1700/215/1 1697/214/1
f 1701/215/2 1703/213/2 1704/214/2
f 1708/213/47 1706/215/47 1705/214/47
f 1712/216/46 1710/214/46 1709/215/46
f 1714/216/1 1716/217/1 1713/215/1
f 1717/217/2 1719/216/2 1720/215/2
f 1724/216/143 1722/217/143 1721/215/143
f 1726/215/143 1728/218/143 1725/217/143
f 1730/218/1 1732/219/1 1729/217/1
f 1733/219/2 1735/218/2 1736/217/2
f 1740/218/144 1738/219/144 1737/217/144
f 1742/217/144 1744/220/144 1741/219/144
f 1745/219/1 1747/221/1 1748/222/1
f 1750/221/2 1752/219/2 1749/222/2
f 1754/222/51 1756/220/51 1753/219/51
f 1758/219/50 1760/221/50 1757/222/50
f 1761/222/2 1763/223/2 1762/221/2
f 1766/223/2 1768/222/2 1765/224/2
f 1770/224/53 1772/221/53 1769/222/53
f 1774/222/52 1776/223/52 1773/224/52
f 1777/224/1 1779/225/1 1780/226/1
f 1782/225/2 1784/224/2 1781/226/2
f 1788/223/55 1786/226/55 1785/224/55
f 1792/225/54 1790/224/54 1789/226/54
f 1796/227/2 1794/225/2 1793/226/2
f 1797/227/2 1799/225/2 1800/226/2
f 1802/227/145 1804/225/145 1801/226/145
f 1808/228/145 1806/226/145 1805/227/145
f 1809/227/1 1811/229/1 1812/230/1
f 1814/229/2 1816/227/2 1813/230/2
f 1818/230/146 1820/228/146 1817/227/146
f 1824/229/146 1822/227/146 1821/230/146
f 1826/229/1 1828/231/1 1825/230/1
f 1830/232/2 1832/230/2 1829/231/2
f 1834/231/147 1836/229/147 1833/230/147
f 1840/232/147 1838/230/147 1837/231/147
f 1841/231/1 1843/233/1 1844/234/1
f 1846/233/2 1848/231/2 1845/234/2
f 1852/232/148 1850/234/148 1849/231/148
f 1854/231/148 1856/233/148 1853/234/148
f 1860/235/2 1858/233/2 1857/234/2
f 1861/235/2 1863/233/2 1864/234/2
f 1866/235/149 1868/233/149 1865/234/149
f 1872/236/149 1870/234/149 1869/235/149
f 1876/237/2 1874/236/2 1873/235/2
f 1877/237/2 1879/236/2 1880/235/2
f 1882/237/150 1884/236/150 1881/235/150
f 1888/238/150 1886/235/150 1885/237/150
f 1892/239/2 1890/238/2 1889/237/2
f 1894/240/2 1896/237/2 1893/239/2
f 1898/239/63 1900/238/63 1897/237/63
f 1902/237/62 1904/240/62 1901/239/62
f 1905/239/1 1907/241/1 1908/242/1
f 1910/241/2 1912/239/2 1909/242/2
f 1914/242/65 1916/240/65 1913/239/65
f 1918/239/64 1920/241/64 1917/242/64
f 1922/241/1 1924/243/1 1921/242/1
f 1925/243/2 1927/241/2 1928/242/2
f 1930/243/67 1932/241/67 1929/242/67
f 1934/242/66 1936/244/66 1933/243/66
f 1938/244/1 1940/245/1 1937/243/1
f 1942/246/2 1944/243/2 1941/245/2
f 1946/245/69 1948/244/69 1945/243/69
f 1950/243/68 1952/246/68 1949/245/68
f 1953/245/1 1955/247/1 1956/248/1
f 1958/247/2 1960/245/2 1957/248/2
f 1962/248/151 1964/246/151 1961/245/151
f 1968/247/151 1966/245/151 1965/248/151
f 1969/248/2 1971/249/2 1970/247/2
f 1974/249/2 1976/248/2 1973/250/2
f 1978/250/152 1980/247/152 1977/248/152
f 1984/249/152 1982/248/152 1981/250/152
f 1986/249/1 1988/251/1 1985/250/1
f 1989/251/2 1991/249/2 1992/250/2
f 1994/251/73 1996/249/73 1993/250/73
f 1998/250/72 2000/252/72 1997/251/72
f 2002/252/1 2004/253/1 2001/251/1
f 2006/254/2 2008/251/2 2005/253/2
f 2010/253/153 2012/252/153 2009/251/153
f 2016/254/153 2014/251/153 2013/253/153
f 2018/254/1 2020/255/1 2017/253/1
f 2021/255/2 2023/254/2 2024/253/2
f 2026/255/76 2028/254/76 2025/253/76
f 2030/253/75 2032/256/75 2029/255/75
f 2033/255/1 2035/257/1 2036/258/1
f 2038/257/2 2040/255/2 2037/258/2
f 2042/258/154 2044/256/154 2041/255/154
f 2048/257/154 2046/255/154 2045/258/154
f 2050/257/1 2052/259/1 2049/258/1
f 2053/259/2 2055/257/2 2056/258/2
f 2060/257/79 2058/259/79 2057/258/79
f 2064/260/78 2062/258/78 2061/259/78
f 2068/261/2 2066/260/2 2065/259/2
f 2070/262/2 2072/259/2 2069/261/2
f 2074/261/81 2076/260/81 2073/259/81
f 2078/259/80 2080/262/80 2077/261/80
f 2082/262/1 2084/263/1 2081/261/1
f 2085/263/2 2087/262/2 2088/261/2
f 2090/263/83 2092/262/83 2089/261/83
f 2094/261/82 2096/264/82 2093/263/82
f 2097/263/1 2099/265/1 2100/266/1
f 2102/265/2 2104/263/2 2101/266/2
f 2108/264/155 2106/266/155 2105/263/155
f 2110/263/155 2112/265/155 2109/266/155
f 2113/266/2 2115/267/2 2114/265/2
f 2118/267/2 2120/266/2 2117/268/2
f 2124/265/86 2122/268/86 2121/266/86
f 2128/267/85 2126/266/85 2125/268/85
f 2129/268/1 2131/269/1 2132/270/1
f 2134/269/2 2136/268/2 2133/270/2
f 2138/270/88 2140/267/88 2137/268/88
f 2142/268/87 2144/269/87 2141/270/87
f 2148/271/2 2146/269/2 2145/270/2
f 2149/271/2 2151/269/2 2152/270/2
f 2154/271/90 2156/269/90 2153/270/90
f 2158/270/89 2160/272/89 2157/271/89
f 2161/271/2 2163/273/2 2162/272/2
f 2166/273/2 2168/271/2 2165/274/2
f 2170/274/156 2172/272/156 2169/271/156
f 2176/273/156 2174/271/156 2173/274/156
f 2178/273/1 2180/275/1 2177/274/1
f 2181/275/2 2183/273/2 2184/274/2
f 2186/275/157 2188/273/157 2185/274/157
f 2192/276/157 2190/274/157 2189/275/157
f 2193/275/2 2195/277/2 2194/276/2
f 2198/277/2 2200/275/2 2197/278/2
f 2204/276/94 2202/278/94 2201/275/94
f 2208/277/93 2206/275/93 2205/278/93
f 2210/277/1 2212/279/1 2209/278/1
f 2213/279/2 2215/277/2 2216/278/2
f 2220/277/96 2218/279/96 2217/278/96
f 2224/280/95 2222/278/95 2221/279/95
f 2226/280/1 2228/281/1 2225/279/1
f 2229/281/2 2231/280/2 2232/279/2
f 2234/281/98 2236/280/98 2233/279/98
f 2238/279/97 2240/282/97 2237/281/97
f 2241/281/1 2243/283/1 2244/284/1
f 2246/283/2 2248/281/2 2245/284/2
f 2250/284/100 2252/282/100 2249/281/100
f 2254/281/99 2256/283/99 2253/284/99
f 2257/284/2 2259/285/2 2258/283/2
f 2262/285/2 2264/284/2 2261/286/2
f 2266/286/158 2268/283/158 2265/284/158
f 2272/285/158 2270/284/158 2269/286/158
f 2276/287/2 2274/285/2 2273/286/2
f 2277/287/2 2279/285/2 2280/286/2
f 2284/285/103 2282/287/103 2281/286/103
f 2288/288/102 2286/286/102 2285/287/102
f 2289/287/1 2291/289/1 2292/290/1
f 2294/289/2 2296/287/2 2293/290/2
f 2298/290/105 2300/288/105 2297/287/105
f 2302/287/104 2304/289/104 2301/290/104
f 2308/291/2 2306/289/2 2305/290/2
f 2309/291/2 2311/289/2 2312/290/2
f 2314/291/107 2316/289/107 2313/290/107
f 2318/290/106 2320/292/106 2317/291/106
f 2321/291/2 2323/293/2 2322/292/2
f 2326/293/2 2328/291/2 2325/294/2
f 2330/294/159 2332/292/159 2329/291/159
f 2336/293/159 2334/291/159 2333/294/159
f 2338/293/1 2340/295/1 2337/294/1
f 2341/295/2 2343/293/2 2344/294/2
f 2348/293/160 2346/295/160 2345/294/160
f 2350/294/160 2352/296/160 2349/295/160
f 2354/296/1 2356/297/1 2353/295/1
f 2357/297/2 2359/296/2 2360/295/2
f 2362/297/161 2364/296/161 2361/295/161
f 2368/298/161 2366/295/161 2365/297/161
f 2370/298/1 2372/299/1 2369/297/1
f 2373/299/2 2375/298/2 2376/297/2
f 2378/299/162 2380/298/162 2377/297/162
f 2384/300/162 2382/297/162 2381/299/162
f 2385/299/1 2387/301/1 2388/302/1
f 2390/301/2 2392/299/2 2389/302/2
f 2394/302/163 2396/300/163 2393/299/163
f 2400/301/164 2398/299/163 2397/302/164
f 2402/301/1 2404/303/1 2401/302/1
f 2406/304/2 2408/302/2 2405/303/2
f 2410/303/116 2412/301/116 2409/302/116
f 2414/302/115 2416/304/115 2413/303/115
f 2417/303/2 2419/305/2 2418/304/2
f 2422/305/2 2424/303/2 2421/306/2
f 2428/304/118 2426/306/118 2425/303/118
f 2432/305/117 2430/303/117 2429/306/117
f 2436/307/2 2434/305/2 2433/306/2
f 2437/307/2 2439/305/2 2440/306/2
f 2442/307/120 2444/305/120 2441/306/120
f 2446/306/119 2448/308/119 2445/307/119
f 2449/307/2 2451/309/2 2450/308/2
f 2454/309/2 2456/307/2 2453/310/2
f 2460/308/165 2458/310/165 2457/307/165
f 2462/307/165 2464/309/165 2461/310/165
f 2466/309/1 2468/311/1 2465/310/1
f 2470/312/2 2472/310/2 2469/311/2
f 2474/311/166 2476/309/166 2473/310/166
f 2480/312/166 2478/310/166 2477/311/166
f 2481/311/1 2483/313/1 2484/314/1
f 2486/313/2 2488/311/2 2485/314/2
f 2492/312/167 2490/314/167 2489/311/167
f 2494/311/167 2496/313/167 2493/314/167
f 2498/313/1 2500/315/1 2497/314/1
f 2501/315/2 2503/313/2 2504/314/2
f 2506/315/168 2508/313/168 2505/314/168
f 2512/316/168 2510/314/168 2509/315/168
f 2516/317/2 2514/316/2 2513/315/2
f 2517/317/2 2519/316/2 2520/315/2
f 2522/317/169 2524/316/169 2521/315/169
f 2528/318/169 2526/315/169 2525/317/169
f 2532/319/2 2530/318/2 2529/317/2
f 2534/320/2 2536/317/2 2533/319/2
f 2538/319/127 2540/318/127 2537/317/127
f 2542/317/126 2544/320/126 2541/319/126
f 2545/319/1 2547/321/1 2548/322/1
f 2550/321/2 2552/319/2 2549/322/2
f 2554/322/129 2556/320/129 2553/319/129
f 2558/319/128 2560/321/128 2557/322/128
f 2564/323/2 2562/324/2 2561/325/2
f 2565/323/1 2567/324/1 2566/326/1
f 2570/323/3 2572/324/3 2569/325/3
f 2576/326/3 2574/325/3 2573/323/3
f 2577/323/1 2579/327/1 2580/328/1
f 2584/323/1 2582/327/1 2581/328/1
f 2588/326/6 2586/328/6 2585/323/6
f 2592/327/5 2590/323/5 2589/328/5
f 2596/329/2 2594/327/2 2593/328/2
f 2597/329/2 2599/327/2 2600/328/2
f 2602/329/7 2604/327/7 2601/328/7
f 2606/328/130 2608/330/130 2605/329/130
f 2609/329/1 2611/331/1 2612/332/1
f 2616/329/1 2614/331/1 2613/332/1
f 2620/330/131 2618/332/131 2617/329/131
f 2624/331/8 2622/329/8 2621/332/8
f 2626/331/1 2628/333/1 2625/332/1
f 2629/333/1 2631/331/1 2630/334/1
f 2634/333/132 2636/331/132 2633/332/132
f 2640/334/132 2638/332/132 2637/333/132
f 2642/334/1 2644/335/1 2641/333/1
f 2645/335/2 2647/334/2 2648/333/2
f 2652/334/133 2650/335/133 2649/333/133
f 2654/333/133 2656/336/133 2653/335/133
f 2657/335/1 2659/337/1 2660/338/1
f 2664/335/1 2662/337/1 2661/338/1
f 2668/336/11 2666/338/11 2665/335/11
f 2670/335/11 2672/337/11 2669/338/11
f 2673/338/1 2675/339/1 2676/340/1
f 2678/339/2 2680/338/2 2677/340/2
f 2684/337/13 2682/340/13 2681/338/13
f 2688/339/12 2686/338/12 2685/340/12
f 2690/339/1 2692/341/1 2689/340/1
f 2694/342/2 2696/340/2 2693/341/2
f 2698/341/15 2700/339/15 2697/340/15
f 2704/342/15 2702/340/15 2701/341/15
f 2705/341/1 2707/343/1 2708/344/1
f 2710/343/2 2712/341/2 2709/344/2
f 2716/342/17 2714/344/17 2713/341/17
f 2720/343/16 2718/341/16 2717/344/16
f 2721/344/1 2723/345/1 2724/346/1
f 2728/344/1 2726/345/1 2725/346/1
f 2732/343/135 2730/346/136 2729/344/135
f 2734/344/135 2736/345/135 2733/346/135
f 2738/345/1 2740/347/1 2737/346/1
f 2741/347/2 2743/345/2 2744/346/2
f 2748/345/137 2746/347/137 2745/346/137
f 2750/346/137 2752/348/137 2749/347/137
f 2753/347/1 2755/349/1 2756/350/1
f 2760/347/1 2758/349/1 2757/350/1
f 2762/350/21 2764/348/21 2761/347/21
f 2768/349/21 2766/347/21 2765/350/21
f 2769/350/2 2771/351/2 2770/349/2
f 2776/350/1 2774/351/1 2773/352/1
f 2780/349/22 2778/352/22 2777/350/22
f 2784/351/139 2782/350/139 2781/352/139
f 2785/352/1 2787/353/1 2788/354/1
f 2790/353/2 2792/352/2 2789/354/2
f 2796/351/23 2794/354/23 2793/352/23
f 2798/352/23 2800/353/23 2797/354/23
f 2801/354/1 2803/355/1 2804/356/1
f 2808/354/1 2806/355/1 2805/356/1
f 2812/353/26 2810/356/26 2809/354/26
f 2814/354/26 2816/355/26 2813/356/26
f 2818/355/1 2820/357/1 2817/356/1
f 2821/357/1 2823/355/1 2822/358/1
f 2828/355/28 2826/357/28 2825/356/28
f 2832/358/27 2830/356/27 2829/357/27
f 2833/357/1 2835/359/1 2836/360/1
f 2840/357/1 2838/359/1 2837/360/1
f 2842/360/30 2844/358/30 2841/357/30
f 2846/357/29 2848/359/29 2845/360/29
f 2849/360/2 2851/361/2 2850/359/2
f 2856/360/1 2854/361/1 2853/362/1
f 2860/359/140 2858/362/140 2857/360/140
f 2862/360/140 2864/361/140 2861/362/140
f 2865/362/1 2867/363/1 2868/364/1
f 2872/362/1 2870/363/1 2869/364/1
f 2876/361/34 2874/364/34 2873/362/34
f 2878/362/34 2880/363/34 2877/364/34
f 2882/363/1 2884/365/1 2881/364/1
f 2885/365/1 2887/363/1 2886/366/1
f 2892/363/36 2890/365/36 2889/364/36
f 2896/366/35 2894/364/35 2893/365/35
f 2898/366/1 2900/367/1 2897/365/1
f 2901/367/1 2903/366/1 2902/368/1
f 2908/366/37 2906/367/37 2905/365/37
f 2910/365/37 2912/368/37 2909/367/37
f 2914/368/1 2916/369/1 2913/367/1
f 2917/369/2 2919/368/2 2920/367/2
f 2922/369/40 2924/368/40 2921/367/40
f 2926/367/39 2928/370/39 2925/369/39
f 2929/369/1 2931/371/1 2932/372/1
f 2934/371/2 2936/369/2 2933/372/2
f 2938/372/41 2940/370/41 2937/369/41
f 2944/371/41 2942/369/41 2941/372/41
f 2946/371/1 2948/373/1 2945/372/1
f 2949/373/1 2951/371/1 2950/374/1
f 2954/373/42 2956/371/42 2953/372/42
f 2958/372/43 2960/374/43 2957/373/43
f 2962/374/1 2964/375/1 2961/373/1
f 2965/375/2 2967/374/2 2968/373/2
f 2972/374/45 2970/375/45 2969/373/45
f 2974/373/45 2976/376/45 2973/375/45
f 2980/377/2 2978/376/2 2977/375/2
f 2981/377/2 2983/376/2 2984/375/2
f 2988/376/46 2986/377/46 2985/375/46
f 2992/378/47 2990/375/47 2989/377/47
f 2994/378/1 2996/379/1 2993/377/1
f 2997/379/1 2999/378/1 2998/380/1
f 3002/379/143 3004/378/143 3001/377/143
f 3006/377/48 3008/380/48 3005/379/48
f 3009/379/1 3011/381/1 3012/382/1
f 3014/381/2 3016/379/2 3013/382/2
f 3020/380/49 3018/382/49 3017/379/49
f 3022/379/49 3024/381/49 3021/382/49
f 3026/381/1 3028/383/1 3025/382/1
f 3029/383/1 3031/381/1 3030/384/1
f 3036/381/51 3034/383/51 3033/382/51
f 3040/384/50 3038/382/50 3037/383/50
f 3042/384/1 3044/385/1 3041/383/1
f 3045/385/2 3047/384/2 3048/383/2
f 3052/384/53 3050/385/53 3049/383/53
f 3056/386/52 3054/383/52 3053/385/52
f 3058/386/1 3060/387/1 3057/385/1
f 3061/387/1 3063/386/1 3062/388/1
f 3068/386/54 3066/387/54 3065/385/54
f 3070/385/54 3072/388/54 3069/387/54
f 3074/388/1 3076/389/1 3073/387/1
f 3077/389/2 3079/388/2 3080/387/2
f 3084/388/145 3082/389/145 3081/387/145
f 3086/387/145 3088/390/145 3085/389/145
f 3090/390/1 3092/391/1 3089/389/1
f 3093/391/2 3095/390/2 3096/389/2
f 3100/390/146 3098/391/146 3097/389/146
f 3102/389/146 3104/392/146 3101/391/146
f 3105/391/1 3107/393/1 3108/394/1
f 3110/393/2 3112/391/2 3109/394/2
f 3114/394/58 3116/392/58 3113/391/58
f 3118/391/147 3120/393/147 3117/394/147
f 3121/394/1 3123/395/1 3124/396/1
f 3126/395/2 3128/394/2 3125/396/2
f 3130/396/148 3132/393/148 3129/394/148
f 3134/394/59 3136/395/59 3133/396/59
f 3138/395/1 3140/397/1 3137/396/1
f 3141/397/2 3143/395/2 3144/396/2
f 3146/397/60 3148/395/60 3145/396/60
f 3150/396/149 3152/398/149 3149/397/149
f 3153/397/2 3155/399/2 3154/398/2
f 3158/399/2 3160/397/2 3157/400/2
f 3162/400/61 3164/398/61 3161/397/61
f 3168/399/61 3166/397/61 3165/400/61
f 3170/399/1 3172/401/1 3169/400/1
f 3173/401/1 3175/399/1 3174/402/1
f 3178/401/62 3180/399/62 3177/400/62
f 3184/402/62 3182/400/62 3181/401/62
f 3186/402/1 3188/403/1 3185/401/1
f 3190/404/2 3192/401/2 3189/403/2
f 3196/402/65 3194/403/65 3193/401/65
f 3198/401/65 3200/404/65 3197/403/65
f 3204/405/2 3202/404/2 3201/403/2
f 3205/405/1 3207/404/1 3206/406/1
f 3210/405/66 3212/404/66 3209/403/66
f 3214/403/67 3216/406/67 3213/405/67
f 3217/405/1 3219/407/1 3220/408/1
f 3224/405/1 3222/407/1 3221/408/1
f 3226/408/68 3228/406/68 3225/405/68
f 3232/407/68 3230/405/68 3229/408/68
f 3236/409/2 3234/407/2 3233/408/2
f 3237/409/2 3239/407/2 3240/408/2
f 3242/409/70 3244/407/70 3241/408/70
f 3248/410/70 3246/408/70 3245/409/70
f 3249/409/1 3251/411/1 3252/412/1
f 3256/409/1 3254/411/1 3253/412/1
f 3260/410/152 3258/412/152 3257/409/152
f 3264/411/71 3262/409/71 3261/412/71
f 3266/411/1 3268/413/1 3265/412/1
f 3269/413/1 3271/411/1 3270/414/1
f 3274/413/72 3276/411/72 3273/412/72
f 3280/414/72 3278/412/72 3277/413/72
f 3282/414/1 3284/415/1 3281/413/1
f 3285/415/2 3287/414/2 3288/413/2
f 3290/415/74 3292/414/74 3289/413/74
f 3294/413/153 3296/416/153 3293/415/153
f 3297/415/1 3299/417/1 3300/418/1
f 3304/415/1 3302/417/1 3301/418/1
f 3308/416/76 3306/418/76 3305/415/76
f 3310/415/76 3312/417/76 3309/418/76
f 3313/418/1 3315/419/1 3316/420/1
f 3318/419/2 3320/418/2 3317/420/2
f 3324/417/154 3322/420/154 3321/418/154
f 3326/418/154 3328/419/154 3325/420/154
f 3330/419/1 3332/421/1 3329/420/1
f 3334/422/2 3336/420/2 3333/421/2
f 3338/421/79 3340/419/79 3337/420/79
f 3344/422/79 3342/420/79 3341/421/79
f 3345/421/1 3347/423/1 3348/424/1
f 3350/423/2 3352/421/2 3349/424/2
f 3356/422/81 3354/424/81 3353/421/81
f 3360/423/80 3358/421/80 3357/424/80
f 3361/424/1 3363/425/1 3364/426/1
f 3368/424/1 3366/425/1 3365/426/1
f 3372/423/83 3370/426/83 3369/424/83
f 3376/425/82 3374/424/82 3373/426/82
f 3378/425/1 3380/427/1 3377/426/1
f 3381/427/2 3383/425/2 3384/426/2
f 3386/427/155 3388/425/155 3385/426/155
f 3390/426/84 3392/428/84 3389/427/84
f 3393/427/1 3395/429/1 3396/430/1
f 3400/427/1 3398/429/1 3397/430/1
f 3402/430/86 3404/428/86 3401/427/86
f 3406/427/85 3408/429/85 3405/430/85
f 3409/430/2 3411/431/2 3410/429/2
f 3416/430/1 3414/431/1 3413/432/1
f 3420/429/88 3418/432/88 3417/430/88
f 3424/431/87 3422/430/87 3421/432/87
f 3425/432/1 3427/433/1 3428/434/1
f 3430/433/2 3432/432/2 3429/434/2
f 3436/431/90 3434/434/90 3433/432/90
f 3438/432/90 3440/433/90 3437/434/90
f 3441/434/1 3443/435/1 3444/436/1
f 3448/434/1 3446/435/1 3445/436/1
f 3452/433/156 3450/436/156 3449/434/156
f 3454/434/156 3456/435/156 3453/436/156
f 3458/435/1 3460/437/1 3457/436/1
f 3461/437/1 3463/435/1 3462/438/1
f 3468/435/157 3466/437/157 3465/436/157
f 3472/438/92 3470/436/92 3469/437/92
f 3473/437/1 3475/439/1 3476/440/1
f 3478/439/2 3480/437/2 3477/440/2
f 3482/440/94 3484/438/94 3481/437/94
f 3486/437/93 3488/439/93 3485/440/93
f 3489/440/2 3491/441/2 3490/439/2
f 3496/440/1 3494/441/1 3493/442/1
f 3500/439/95 3498/442/95 3497/440/95
f 3502/440/95 3504/441/95 3501/442/95
f 3505/442/1 3507/443/1 3508/444/1
f 3512/442/1 3510/443/1 3509/444/1
f 3516/441/98 3514/444/98 3513/442/98
f 3520/443/97 3518/442/97 3517/444/97
f 3522/443/1 3524/445/1 3521/444/1
f 3525/445/1 3527/443/1 3526/446/1
f 3532/443/100 3530/445/100 3529/444/100
f 3534/444/100 3536/446/100 3533/445/100
f 3538/446/1 3540/447/1 3537/445/1
f 3541/447/2 3543/446/2 3544/445/2
f 3548/446/158 3546/447/158 3545/445/158
f 3552/448/101 3550/445/101 3549/447/101
f 3554/448/1 3556/449/1 3553/447/1
f 3557/449/1 3559/448/1 3558/450/1
f 3562/449/103 3564/448/103 3561/447/103
f 3566/447/102 3568/450/102 3565/449/102
f 3569/449/1 3571/451/1 3572/452/1
f 3574/451/2 3576/449/2 3573/452/2
f 3578/452/104 3580/450/104 3577/449/104
f 3584/451/104 3582/449/104 3581/452/104
f 3586/451/1 3588/453/1 3585/452/1
f 3589/453/1 3591/451/1 3590/454/1
f 3594/453/106 3596/451/106 3593/452/106
f 3598/452/107 3600/454/107 3597/453/107
f 3602/454/1 3604/455/1 3601/453/1
f 3605/455/2 3607/454/2 3608/453/2
f 3612/454/159 3610/455/159 3609/453/159
f 3614/453/159 3616/456/159 3613/455/159
f 3620/457/2 3618/456/2 3617/455/2
f 3621/457/2 3623/456/2 3624/455/2
f 3628/456/109 3626/457/109 3625/455/109
f 3632/458/160 3630/455/160 3629/457/160
f 3634/458/1 3636/459/1 3633/457/1
f 3637/459/1 3639/458/1 3638/460/1
f 3642/459/110 3644/458/110 3641/457/110
f 3648/460/110 3646/457/110 3645/459/110
f 3649/459/1 3651/461/1 3652/462/1
f 3654/461/2 3656/459/2 3653/462/2
f 3660/460/162 3658/462/162 3657/459/162
f 3662/459/162 3664/461/162 3661/462/162
f 3666/461/1 3668/463/1 3665/462/1
f 3669/463/1 3671/461/1 3670/464/1
f 3676/461/164 3674/463/163 3673/462/164
f 3678/462/163 3680/464/163 3677/463/163
f 3682/464/1 3684/465/1 3681/463/1
f 3685/465/1 3687/464/1 3686/466/1
f 3692/464/116 3690/465/116 3689/463/116
f 3696/466/115 3694/463/115 3693/465/115
f 3698/466/1 3700/467/1 3697/465/1
f 3701/467/1 3703/466/1 3702/468/1
f 3708/466/117 3706/467/117 3705/465/117
f 3712/468/118 3710/465/118 3709/467/118
f 3714/468/1 3716/469/1 3713/467/1
f 3717/469/2 3719/468/2 3720/467/2
f 3724/468/120 3722/469/120 3721/467/120
f 3728/470/119 3726/467/119 3725/469/119
f 3730/470/1 3732/471/1 3729/469/1
f 3733/471/2 3735/470/2 3736/469/2
f 3740/470/121 3738/471/121 3737/469/121
f 3742/469/121 3744/472/121 3741/471/121
f 3745/471/1 3747/473/1 3748/474/1
f 3750/473/2 3752/471/2 3749/474/2
f 3756/472/166 3754/474/166 3753/471/166
f 3758/471/166 3760/473/166 3757/474/166
f 3761/474/1 3763/475/1 3764/476/1
f 3766/475/2 3768/474/2 3765/476/2
f 3770/476/167 3772/473/167 3769/474/167
f 3774/474/123 3776/475/123 3773/476/123
f 3778/475/1 3780/477/1 3777/476/1
f 3781/477/2 3783/475/2 3784/476/2
f 3786/477/124 3788/475/124 3785/476/124
f 3790/476/168 3792/478/168 3789/477/168
f 3793/477/2 3795/479/2 3794/478/2
f 3798/479/2 3800/477/2 3797/480/2
f 3802/480/125 3804/478/125 3801/477/125
f 3806/477/169 3808/479/169 3805/480/169
f 3810/479/1 3812/481/1 3809/480/1
f 3813/481/1 3815/479/1 3814/482/1
f 3818/481/126 3820/479/126 3817/480/126
f 3824/482/126 3822/480/126 3821/481/126
f 3826/482/1 3828/483/1 3825/481/1
f 3830/484/2 3832/481/2 3829/483/2
f 3836/482/129 3834/483/129 3833/481/129
f 3840/484/128 3838/481/128 3837/483/128
f 3844/485/2 3842/484/2 3841/483/2
f 3845/485/1 3847/484/1 3846/486/1
f 3850/485/4 3852/484/4 3849/483/4
f 3856/486/4 3854/483/4 3853/485/4
f 3857/485/1 3859/487/1 3860/488/1
f 3864/485/1 3862/487/1 3861/488/1
f 3868/486/5 3866/488/5 3865/485/5
f 3872/487/6 3870/485/6 3869/488/6
f 3876/489/2 3874/487/2 3873/488/2
f 3877/489/2 3879/487/2 3880/488/2
f 3882/489/130 3884/487/130 3881/488/130
f 3886/488/7 3888/490/7 3885/489/7
f 3889/489/1 3891/491/1 3892/492/1
f 3896/489/1 3894/491/1 3893/492/1
f 3900/490/8 3898/492/8 3897/489/8
f 3904/491/131 3902/489/131 3901/492/131
f 3906/491/1 3908/493/1 3905/492/1
f 3909/493/1 3911/491/1 3910/494/1
f 3914/493/9 3916/491/9 3913/492/9
f 3920/494/9 3918/492/9 3917/493/9
f 3922/494/1 3924/495/1 3921/493/1
f 3925/495/2 3927/494/2 3928/493/2
f 3932/494/10 3930/495/10 3929/493/10
f 3934/493/10 3936/496/10 3933/495/10
f 3937/495/1 3939/497/1 3940/498/1
f 3944/495/1 3942/497/1 3941/498/1
f 3948/496/134 3946/498/134 3945/495/134
f 3950/495/134 3952/497/134 3949/498/134
f 3953/498/1 3955/499/1 3956/500/1
f 3958/499/2 3960/498/2 3957/500/2
f 3964/497/12 3962/500/12 3961/498/12
f 3968/499/13 3966/498/13 3965/500/13
f 3970/499/1 3972/501/1 3969/500/1
f 3974/502/2 3976/500/2 3973/501/2
f 3978/501/14 3980/499/14 3977/500/14
f 3984/502/14 3982/500/14 3981/501/14
f 3985/501/1 3987/503/1 3988/504/1
f 3990/503/2 3992/501/2 3989/504/2
f 3996/502/16 3994/504/16 3993/501/16
f 4000/503/17 3998/501/17 3997/504/17
f 4001/504/1 4003/505/1 4004/506/1
f 4008/504/1 4006/505/1 4005/506/1
f 4012/503/18 4010/506/19 4009/504/18
f 4014/504/18 4016/505/18 4013/506/18
f 4018/505/1 4020/507/1 4017/506/1
f 4021/507/2 4023/505/2 4024/506/2
f 4028/505/20 4026/507/20 4025/506/20
f 4030/506/20 4032/508/20 4029/507/20
f 4033/507/1 4035/509/1 4036/510/1
f 4040/507/1 4038/509/1 4037/510/1
f 4042/510/138 4044/508/138 4041/507/138
f 4048/509/138 4046/507/138 4045/510/138
f 4049/510/2 4051/511/2 4050/509/2
f 4056/510/1 4054/511/1 4053/512/1
f 4060/509/139 4058/512/139 4057/510/139
f 4064/511/22 4062/510/22 4061/512/22
f 4065/512/1 4067/513/1 4068/514/1
f 4070/513/2 4072/512/2 4069/514/2
f 4076/511/24 4074/514/24 4073/512/24
f 4078/512/24 4080/513/24 4077/514/24
f 4081/514/1 4083/515/1 4084/516/1
f 4088/514/1 4086/515/1 4085/516/1
f 4092/513/25 4090/516/25 4089/514/25
f 4094/514/25 4096/515/25 4093/516/25
f 4098/515/1 4100/517/1 4097/516/1
f 4101/517/1 4103/515/1 4102/518/1
f 4108/515/27 4106/517/27 4105/516/27
f 4112/518/28 4110/516/28 4109/517/28
f 4113/517/1 4115/519/1 4116/520/1
f 4120/517/1 4118/519/1 4117/520/1
f 4122/520/29 4124/518/29 4121/517/29
f 4126/517/30 4128/519/30 4125/520/30
f 4129/520/2 4131/521/2 4130/519/2
f 4136/520/1 4134/521/1 4133/522/1
f 4140/519/31 4138/522/31 4137/520/31
f 4142/520/31 4144/521/31 4141/522/31
f 4145/522/1 4147/523/1 4148/524/1
f 4152/522/1 4150/523/1 4149/524/1
f 4156/521/33 4154/524/33 4153/522/33
f 4158/522/33 4160/523/33 4157/524/33
f 4162/523/1 4164/525/1 4161/524/1
f 4165/525/1 4167/523/1 4166/526/1
f 4172/523/35 4170/525/35 4169/524/35
f 4176/526/36 4174/524/36 4173/525/36
f 4178/526/1 4180/527/1 4177/525/1
f 4181/527/1 4183/526/1 4182/528/1
f 4188/526/38 4186/527/38 4185/525/38
f 4190/525/38 4192/528/38 4189/527/38
f 4194/528/1 4196/529/1 4193/527/1
f 4197/529/2 4199/528/2 4200/527/2
f 4202/529/39 4204/528/39 4201/527/39
f 4206/527/40 4208/530/40 4205/529/40
f 4209/529/1 4211/531/1 4212/532/1
f 4214/531/2 4216/529/2 4213/532/2
f 4218/532/142 4220/530/142 4217/529/142
f 4224/531/142 4222/529/142 4221/532/142
f 4226/531/1 4228/533/1 4225/532/1
f 4229/533/1 4231/531/1 4230/534/1
f 4234/533/43 4236/531/43 4233/532/43
f 4238/532/42 4240/534/42 4237/533/42
f 4242/534/1 4244/535/1 4241/533/1
f 4245/535/2 4247/534/2 4248/533/2
f 4252/534/44 4250/535/44 4249/533/44
f 4254/533/44 4256/536/44 4253/535/44
f 4260/537/2 4258/536/2 4257/535/2
f 4261/537/2 4263/536/2 4264/535/2
f 4268/536/47 4266/537/47 4265/535/47
f 4272/538/46 4270/535/46 4269/537/46
f 4274/538/1 4276/539/1 4273/537/1
f 4277/539/1 4279/538/1 4278/540/1
f 4282/539/48 4284/538/48 4281/537/48
f 4286/537/143 4288/540/143 4285/539/143
f 4289/539/1 4291/541/1 4292/542/1
f 4294/541/2 4296/539/2 4293/542/2
f 4300/540/144 4298/542/144 4297/539/144
f 4302/539/144 4304/541/144 4301/542/144
f 4306/541/1 4308/543/1 4305/542/1
f 4309/543/1 4311/541/1 4310/544/1
f 4316/541/50 4314/543/50 4313/542/50
f 4320/544/51 4318/542/51 4317/543/51
f 4322/544/1 4324/545/1 4321/543/1
f 4325/545/2 4327/544/2 4328/543/2
f 4332/544/52 4330/545/52 4329/543/52
f 4336/546/53 4334/543/53 4333/545/53
f 4338/546/1 4340/547/1 4337/545/1
f 4341/547/1 4343/546/1 4342/548/1
f 4348/546/55 4346/547/55 4345/545/55
f 4350/545/55 4352/548/55 4349/547/55
f 4354/548/1 4356/549/1 4353/547/1
f 4357/549/2 4359/548/2 4360/547/2
f 4364/548/56 4362/549/56 4361/547/56
f 4366/547/56 4368/550/56 4365/549/56
f 4370/550/1 4372/551/1 4369/549/1
f 4373/551/2 4375/550/2 4376/549/2
f 4380/550/57 4378/551/57 4377/549/57
f 4382/549/57 4384/552/57 4381/551/57
f 4385/551/1 4387/553/1 4388/554/1
f 4390/553/2 4392/551/2 4389/554/2
f 4394/554/147 4396/552/147 4393/551/147
f 4398/551/58 4400/553/58 4397/554/58
f 4401/554/1 4403/555/1 4404/556/1
f 4406/555/2 4408/554/2 4405/556/2
f 4410/556/59 4412/553/59 4409/554/59
f 4414/554/148 4416/555/148 4413/556/148
f 4418/555/1 4420/557/1 4417/556/1
f 4421/557/2 4423/555/2 4424/556/2
f 4426/557/149 4428/555/149 4425/556/149
f 4430/556/60 4432/558/60 4429/557/60
f 4433/557/2 4435/559/2 4434/558/2
f 4438/559/2 4440/557/2 4437/560/2
f 4442/560/150 4444/558/150 4441/557/150
f 4448/559/150 4446/557/150 4445/560/150
f 4450/559/1 4452/561/1 4449/560/1
f 4453/561/1 4455/559/1 4454/562/1
f 4458/561/63 4460/559/63 4457/560/63
f 4464/562/63 4462/560/63 4461/561/63
f 4466/562/1 4468/563/1 4465/561/1
f 4470/564/2 4472/561/2 4469/563/2
f 4476/562/64 4474/563/64 4473/561/64
f 4478/561/64 4480/564/64 4477/563/64
f 4484/565/2 4482/564/2 4481/563/2
f 4485/565/1 4487/564/1 4486/566/1
f 4490/565/67 4492/564/67 4489/563/67
f 4494/563/66 4496/566/66 4493/565/66
f 4497/565/1 4499/567/1 4500/568/1
f 4504/565/1 4502/567/1 4501/568/1
f 4506/568/69 4508/566/69 4505/565/69
f 4512/567/69 4510/565/69 4509/568/69
f 4516/569/2 4514/567/2 4513/568/2
f 4517/569/2 4519/567/2 4520/568/2
f 4522/569/151 4524/567/151 4521/568/151
f 4528/570/151 4526/568/151 4525/569/151
f 4529/569/1 4531/571/1 4532/572/1
f 4536/569/1 4534/571/1 4533/572/1
f 4540/570/71 4538/572/71 4537/569/71
f 4544/571/152 4542/569/152 4541/572/152
f 4546/571/1 4548/573/1 4545/572/1
f 4549/573/1 4551/571/1 4550/574/1
f 4554/573/73 4556/571/73 4553/572/73
f 4560/574/73 4558/572/73 4557/573/73
f 4562/574/1 4564/575/1 4561/573/1
f 4565/575/2 4567/574/2 4568/573/2
f 4570/575/153 4572/574/153 4569/573/153
f 4574/573/74 4576/576/74 4573/575/74
f 4577/575/1 4579/577/1 4580/578/1
f 4584/575/1 4582/577/1 4581/578/1
f 4588/576/75 4586/578/75 4585/575/75
f 4590/575/75 4592/577/75 4589/578/75
f 4593/578/1 4595/579/1 4596/580/1
f 4598/579/2 4600/578/2 4597/580/2
f 4604/577/77 4602/580/77 4601/578/77
f 4606/578/77 4608/579/77 4605/580/77
f 4610/579/1 4612/581/1 4609/580/1
f 4614/582/2 4616/580/2 4613/581/2
f 4618/581/78 4620/579/78 4617/580/78
f 4624/582/78 4622/580/78 4621/581/78
f 4625/581/1 4627/583/1 4628/584/1
f 4630/583/2 4632/581/2 4629/584/2
f 4636/582/80 4634/584/80 4633/581/80
f 4640/583/81 4638/581/81 4637/584/81
f 4641/584/1 4643/585/1 4644/586/1
f 4648/584/1 4646/585/1 4645/586/1
f 4652/583/82 4650/586/82 4649/584/82
f 4656/585/83 4654/584/83 4653/586/83
f 4658/585/1 4660/587/1 4657/586/1
f 4661/587/2 4663/585/2 4664/586/2
f 4666/587/84 4668/585/84 4665/586/84
f 4670/586/155 4672/588/155 4669/587/155
f 4673/587/1 4675/589/1 4676/590/1
f 4680/587/1 4678/589/1 4677/590/1
f 4682/590/85 4684/588/85 4681/587/85
f 4686/587/86 4688/589/86 4685/590/86
f 4689/590/2 4691/591/2 4690/589/2
f 4696/590/1 4694/591/1 4693/592/1
f 4700/589/87 4698/592/87 4697/590/87
f 4704/591/88 4702/590/88 4701/592/88
f 4705/592/1 4707/593/1 4708/594/1
f 4710/593/2 4712/592/2 4709/594/2
f 4716/591/89 4714/594/89 4713/592/89
f 4718/592/89 4720/593/89 4717/594/89
f 4721/594/1 4723/595/1 4724/596/1
f 4728/594/1 4726/595/1 4725/596/1
f 4732/593/91 4730/596/91 4729/594/91
f 4734/594/91 4736/595/91 4733/596/91
f 4738/595/1 4740/597/1 4737/596/1
f 4741/597/1 4743/595/1 4742/598/1
f 4748/595/92 4746/597/92 4745/596/92
f 4752/598/157 4750/596/157 4749/597/157
f 4753/597/1 4755/599/1 4756/600/1
f 4758/599/2 4760/597/2 4757/600/2
f 4762/600/93 4764/598/93 4761/597/93
f 4766/597/94 4768/599/94 4765/600/94
f 4769/600/2 4771/601/2 4770/599/2
f 4776/600/1 4774/601/1 4773/602/1
f 4780/599/96 4778/602/96 4777/600/96
f 4782/600/96 4784/601/96 4781/602/96
f 4785/602/1 4787/603/1 4788/604/1
f 4792/602/1 4790/603/1 4789/604/1
f 4796/601/97 4794/604/97 4793/602/97
f 4800/603/98 4798/602/98 4797/604/98
f 4802/603/1 4804/605/1 4801/604/1
f 4805/605/1 4807/603/1 4806/606/1
f 4812/603/99 4810/605/99 4809/604/99
f 4814/604/99 4816/606/99 4813/605/99
f 4818/606/1 4820/607/1 4817/605/1
f 4821/607/2 4823/606/2 4824/605/2
f 4828/606/101 4826/607/101 4825/605/101
f 4832/608/158 4830/605/158 4829/607/158
f 4834/608/1 4836/609/1 4833/607/1
f 4837/609/1 4839/608/1 4838/610/1
f 4842/609/102 4844/608/102 4841/607/102
f 4846/607/103 4848/610/103 4845/609/103
f 4849/609/1 4851/611/1 4852/612/1
f 4854/611/2 4856/609/2 4853/612/2
f 4858/612/105 4860/610/105 4857/609/105
f 4864/611/105 4862/609/105 4861/612/105
f 4866/611/1 4868/613/1 4865/612/1
f 4869/613/1 4871/611/1 4870/614/1
f 4874/613/107 4876/611/107 4873/612/107
f 4878/612/106 4880/614/106 4877/613/106
f 4882/614/1 4884/615/1 4881/613/1
f 4885/615/2 4887/614/2 4888/613/2
f 4892/614/108 4890/615/108 4889/613/108
f 4894/613/108 4896/616/108 4893/615/108
f 4900/617/2 4898/616/2 4897/615/2
f 4901/617/2 4903/616/2 4904/615/2
f 4908/616/160 4906/617/160 4905/615/160
f 4912/618/109 4910/615/109 4909/617/109
f 4914/618/1 4916/619/1 4913/617/1
f 4917/619/1 4919/618/1 4918/620/1
f 4922/619/161 4924/618/161 4921/617/161
f 4928/620/161 4926/617/161 4925/619/161
f 4929/619/1 4931/621/1 4932/622/1
f 4934/621/2 4936/619/2 4933/622/2
f 4940/620/111 4938/622/111 4937/619/111
f 4942/619/111 4944/621/111 4941/622/111
f 4946/621/1 4948/623/1 4945/622/1
f 4949/623/1 4951/621/1 4950/624/1
f 4956/621/114 4954/623/113 4953/622/114
f 4958/622/113 4960/624/113 4957/623/113
f 4962/624/1 4964/625/1 4961/623/1
f 4965/625/1 4967/624/1 4966/626/1
f 4972/624/115 4970/625/115 4969/623/115
f 4976/626/116 4974/623/116 4973/625/116
f 4978/626/1 4980/627/1 4977/625/1
f 4981/627/1 4983/626/1 4982/628/1
f 4988/626/118 4986/627/118 4985/625/118
f 4992/628/117 4990/625/117 4989/627/117
f 4994/628/1 4996/629/1 4993/627/1
f 4997/629/2 4999/628/2 5000/627/2
f 5004/628/119 5002/629/119 5001/627/119
f 5008/630/120 5006/627/120 5005/629/120
f 5010/630/1 5012/631/1 5009/629/1
f 5013/631/2 5015/630/2 5016/629/2
f 5020/630/165 5018/631/165 5017/629/165
f 5022/629/165 5024/632/165 5021/631/165
f 5025/631/1 5027/633/1 5028/634/1
f 5030/633/2 5032/631/2 5029/634/2
f 5036/632/122 5034/634/122 5033/631/122
f 5038/631/122 5040/633/122 5037/634/122
f 5041/634/1 5043/635/1 5044/636/1
f 5046/635/2 5048/634/2 5045/636/2
f 5050/636/123 5052/633/123 5049/634/123
f 5054/634/167 5056/635/167 5053/636/167
f 5058/635/1 5060/637/1 5057/636/1
f 5061/637/2 5063/635/2 5064/636/2
f 5066/637/168 5068/635/168 5065/636/168
f 5070/636/124 5072/638/124 5069/637/124
f 5073/637/2 5075/639/2 5074/638/2
f 5078/639/2 5080/637/2 5077/640/2
f 5082/640/169 5084/638/169 5081/637/169
f 5086/637/125 5088/639/125 5085/640/125
f 5090/639/1 5092/641/1 5089/640/1
f 5093/641/1 5095/639/1 5094/642/1
f 5098/641/127 5100/639/127 5097/640/127
f 5104/642/127 5102/640/127 5101/641/127
f 5106/642/1 5108/643/1 5105/641/1
f 5110/644/2 5112/641/2 5109/643/2
f 5116/642/128 5114/643/128 5113/641/128
f 5120/644/129 5118/641/129 5117/643/129
s 0
f 5122/1/1 5124/322/1 5121/3/1
f 5126/321/2 5128/3/2 5125/322/2
f 5130/322/170 5132/1/170 5129/3/170
f 5134/3/171 5136/321/171 5133/322/171
f 5140/645/172 5138/646/172 5137/647/172
f 5142/646/173 5144/645/173 5141/647/173
f 5145/3/1 5147/321/1 5148/322/1
f 5150/321/2 5152/3/2 5149/322/2
f 5156/1/174 5154/322/174 5153/3/174
f 5160/321/175 5158/3/175 5157/322/175
f 5164/645/176 5162/646/176 5161/647/176
f 5168/645/177 5166/646/177 5165/647/177
f 5169/3/1 5171/321/1 5172/322/1
f 5174/321/2 5176/3/2 5173/322/2
f 5180/1/178 5178/322/178 5177/3/178
f 5182/3/178 5184/321/178 5181/322/178
f 5188/645/179 5186/646/179 5185/647/179
f 5190/646/180 5192/645/180 5189/647/180
f 5194/1/1 5196/322/1 5193/3/1
f 5197/322/2 5199/1/2 5200/3/2
f 5202/322/181 5204/1/181 5201/3/181
f 5208/321/181 5206/3/181 5205/322/181
f 5210/646/182 5212/645/182 5209/647/182
f 5216/645/183 5214/646/183 5213/647/183
f 5218/1/1 5220/322/1 5217/3/1
f 5221/322/2 5223/1/2 5224/3/2
f 5228/1/184 5226/322/184 5225/3/184
f 5232/321/185 5230/3/185 5229/322/185
f 5236/645/186 5234/646/186 5233/647/186
f 5240/645/187 5238/646/187 5237/647/187
f 5241/3/1 5243/321/1 5244/322/1
f 5246/321/2 5248/3/2 5245/322/2
f 5252/1/188 5250/322/188 5249/3/188
f 5256/321/189 5254/3/189 5253/322/189
f 5258/646/190 5260/645/190 5257/647/190
f 5262/646/191 5264/645/191 5261/647/191
f 5265/3/2 5267/321/2 5266/1/2
f 5270/321/2 5272/3/2 5269/322/2
f 5274/322/192 5276/1/192 5273/3/192
f 5280/321/192 5278/3/192 5277/322/192
f 5282/646/193 5284/645/193 5281/647/193
f 5288/645/194 5286/646/194 5285/647/194
f 5290/1/1 5292/322/1 5289/3/1
f 5293/322/2 5295/1/2 5296/3/2
f 5300/1/195 5298/322/195 5297/3/195
f 5302/3/195 5304/321/195 5301/322/195
f 5308/645/196 5306/646/196 5305/647/196
f 5310/646/197 5312/645/197 5309/647/197
f 5314/1/1 5316/322/1 5313/3/1
f 5317/322/1 5319/1/1 5318/321/1
f 5322/322/198 5324/1/198 5321/3/198
f 5328/321/199 5326/3/199 5325/322/199
f 5330/646/200 5332/645/200 5329/647/200
f 5334/646/201 5336/645/201 5333/647/201
f 5338/1/1 5340/322/1 5337/3/1
f 5342/321/2 5344/3/2 5341/322/2
f 5346/322/202 5348/1/202 5345/3/202
f 5350/3/203 5352/321/203 5349/322/203
f 5356/645/204 5354/646/204 5353/647/204
f 5358/646/205 5360/645/205 5357/647/205
f 5361/3/1 5363/321/1 5364/322/1
f 5366/321/2 5368/3/2 5365/322/2
f 5370/322/206 5372/1/206 5369/3/206
f 5376/321/207 5374/3/207 5373/322/207
f 5380/645/208 5378/646/208 5377/647/208
f 5384/645/209 5382/646/209 5381/647/209
f 5385/3/1 5387/321/1 5388/322/1
f 5390/321/2 5392/3/2 5389/322/2
f 5396/1/210 5394/322/210 5393/3/210
f 5398/3/210 5400/321/210 5397/322/210
f 5402/646/211 5404/645/211 5401/647/211
f 5406/646/212 5408/645/212 5405/647/212
f 5410/1/1 5412/322/1 5409/3/1
f 5413/322/2 5415/1/2 5416/3/2
f 5418/322/213 5420/1/213 5417/3/213
f 5424/321/213 5422/3/213 5421/322/213
f 5426/646/214 5428/645/214 5425/647/214
f 5432/645/215 5430/646/215 5429/647/215
f 5434/1/1 5436/322/1 5433/3/1
f 5437/322/2 5439/1/2 5440/3/2
f 5444/1/216 5442/322/216 5441/3/216
f 5448/321/217 5446/3/217 5445/322/217
f 5452/645/218 5450/646/218 5449/647/218
f 5456/645/219 5454/646/219 5453/647/219
f 5457/3/1 5459/321/1 5460/322/1
f 5462/321/2 5464/3/2 5461/322/2
f 5468/1/220 5466/322/220 5465/3/220
f 5470/3/220 5472/321/220 5469/322/220
f 5474/646/221 5476/645/221 5473/647/221
f 5478/646/222 5480/645/222 5477/647/222
f 5481/3/2 5483/321/2 5482/1/2
f 5486/321/2 5488/3/2 5485/322/2
f 5490/322/223 5492/1/223 5489/3/223
f 5496/321/223 5494/3/223 5493/322/223
f 5498/646/224 5500/645/224 5497/647/224
f 5504/645/225 5502/646/225 5501/647/225
f 5506/1/1 5508/322/1 5505/3/1
f 5509/322/2 5511/1/2 5512/3/2
f 5516/1/226 5514/322/226 5513/3/226
f 5518/3/226 5520/321/226 5517/322/226
f 5524/645/227 5522/646/227 5521/647/227
f 5526/646/228 5528/645/228 5525/647/228
f 5530/1/1 5532/322/1 5529/3/1
f 5533/322/1 5535/1/1 5534/321/1
f 5540/1/229 5538/322/229 5537/3/229
f 5544/321/230 5542/3/230 5541/322/230
f 5546/646/231 5548/645/231 5545/647/231
f 5550/646/232 5552/645/232 5549/647/232
f 5554/1/1 5556/322/1 5553/3/1
f 5558/321/2 5560/3/2 5557/322/2
f 5562/322/171 5564/1/171 5561/3/171
f 5566/3/170 5568/321/170 5565/322/170
f 5572/645/233 5570/646/233 5569/647/233
f 5574/646/234 5576/645/234 5573/647/234
f 5577/3/1 5579/321/1 5580/322/1
f 5582/321/2 5584/3/2 5581/322/2
f 5588/1/175 5586/322/175 5585/3/175
f 5592/321/174 5590/3/174 5589/322/174
f 5596/645/235 5594/646/235 5593/647/235
f 5600/645/236 5598/646/236 5597/647/236
f 5601/3/1 5603/321/1 5604/322/1
f 5606/321/2 5608/3/2 5605/322/2
f 5612/1/237 5610/322/237 5609/3/237
f 5614/3/237 5616/321/237 5613/322/237
f 5620/645/238 5618/646/238 5617/647/238
f 5622/646/239 5624/645/239 5621/647/239
f 5626/1/1 5628/322/1 5625/3/1
f 5629/322/2 5631/1/2 5632/3/2
f 5634/322/240 5636/1/240 5633/3/240
f 5640/321/240 5638/3/240 5637/322/240
f 5642/646/241 5644/645/241 5641/647/241
f 5648/645/242 5646/646/242 5645/647/242
f 5650/1/1 5652/322/1 5649/3/1
f 5653/322/2 5655/1/2 5656/3/2
f 5660/1/185 5658/322/185 5657/3/185
f 5664/321/184 5662/3/184 5661/322/184
f 5668/645/243 5666/646/243 5665/647/243
f 5672/645/244 5670/646/244 5669/647/244
f 5673/3/1 5675/321/1 5676/322/1
f 5678/321/2 5680/3/2 5677/322/2
f 5684/1/189 5682/322/189 5681/3/189
f 5688/321/188 5686/3/188 5685/322/188
f 5690/646/245 5692/645/245 5689/647/245
f 5694/646/246 5696/645/246 5693/647/246
f 5697/3/2 5699/321/2 5698/1/2
f 5702/321/2 5704/3/2 5701/322/2
f 5706/322/247 5708/1/247 5705/3/247
f 5712/321/247 5710/3/247 5709/322/247
f 5714/646/248 5716/645/248 5713/647/248
f 5720/645/249 5718/646/249 5717/647/249
f 5722/1/1 5724/322/1 5721/3/1
f 5725/322/2 5727/1/2 5728/3/2
f 5732/1/250 5730/322/250 5729/3/250
f 5734/3/250 5736/321/250 5733/322/250
f 5740/645/251 5738/646/251 5737/647/251
f 5742/646/252 5744/645/252 5741/647/252
f 5746/1/1 5748/322/1 5745/3/1
f 5749/322/1 5751/1/1 5750/321/1
f 5754/322/253 5756/1/253 5753/3/253
f 5760/321/254 5758/3/254 5757/322/254
f 5762/646/255 5764/645/255 5761/647/255
f 5766/646/256 5768/645/256 5765/647/256
f 5770/1/1 5772/322/1 5769/3/1
f 5774/321/2 5776/3/2 5773/322/2
f 5778/322/203 5780/1/203 5777/3/203
f 5782/3/202 5784/321/202 5781/322/202
f 5788/645/257 5786/646/257 5785/647/257
f 5790/646/258 5792/645/258 5789/647/258
f 5793/3/1 5795/321/1 5796/322/1
f 5798/321/2 5800/3/2 5797/322/2
f 5802/322/259 5804/1/259 5801/3/259
f 5808/321/260 5806/3/260 5805/322/260
f 5812/645/261 5810/646/261 5809/647/261
f 5816/645/262 5814/646/262 5813/647/262
f 5817/3/1 5819/321/1 5820/322/1
f 5822/321/2 5824/3/2 5821/322/2
f 5828/1/263 5826/322/263 5825/3/263
f 5830/3/263 5832/321/263 5829/322/263
f 5834/646/264 5836/645/264 5833/647/264
f 5838/646/265 5840/645/265 5837/647/265
f 5842/1/1 5844/322/1 5841/3/1
f 5845/322/2 5847/1/2 5848/3/2
f 5850/322/266 5852/1/266 5849/3/266
f 5856/321/266 5854/3/266 5853/322/266
f 5858/646/267 5860/645/267 5857/647/267
f 5864/645/268 5862/646/268 5861/647/268
f 5866/1/1 5868/322/1 5865/3/1
f 5869/322/2 5871/1/2 5872/3/2
f 5876/1/217 5874/322/217 5873/3/217
f 5880/321/216 5878/3/216 5877/322/216
f 5884/645/269 5882/646/269 5881/647/269
f 5888/645/270 5886/646/270 5885/647/270
f 5889/3/1 5891/321/1 5892/322/1
f 5894/321/2 5896/3/2 5893/322/2
f 5900/1/271 5898/322/271 5897/3/271
f 5902/3/271 5904/321/271 5901/322/271
f 5906/646/272 5908/645/272 5905/647/272
f 5910/646/273 5912/645/273 5909/647/273
f 5913/3/2 5915/321/2 5914/1/2
f 5918/321/2 5920/3/2 5917/322/2
f 5922/322/274 5924/1/274 5921/3/274
f 5928/321/274 5926/3/274 5925/322/274
f 5930/646/275 5932/645/275 5929/647/275
f 5936/645/276 5934/646/276 5933/647/276
f 5938/1/1 5940/322/1 5937/3/1
f 5941/322/2 5943/1/2 5944/3/2
f 5948/1/277 5946/322/277 5945/3/277
f 5950/3/277 5952/321/277 5949/322/277
f 5956/645/278 5954/646/278 5953/647/278
f 5958/646/279 5960/645/279 5957/647/279
f 5962/1/1 5964/322/1 5961/3/1
f 5965/322/1 5967/1/1 5966/321/1
f 5972/1/280 5970/322/280 5969/3/280
f 5976/321/281 5974/3/281 5973/322/281
f 5978/646/282 5980/645/282 5977/647/282
f 5982/646/283 5984/645/283 5981/647/283
s 1
f 2/1/1 3/4/1 4/2/1
f 5/2/2 6/4/2 7/1/2
f 10/2/3 11/4/3 12/1/3
f 14/3/4 15/1/4 16/4/4
f 18/4/1 19/6/1 20/5/1
f 22/6/2 23/4/2 24/2/2
f 26/5/5 27/6/5 28/4/5
f 30/2/6 31/4/6 32/6/6
f 33/5/1 34/6/1 35/7/1
f 38/7/2 39/6/2 40/5/2
f 42/8/7 43/7/7 44/6/7
f 48/7/7 47/6/7 46/5/7
f 49/8/2 52/10/2 51/9/2
f 54/9/2 55/7/2 56/8/2
f 58/10/8 59/9/8 60/7/8
f 64/9/8 63/7/8 62/8/8
f 66/9/1 67/12/1 68/11/1
f 69/11/2 70/12/2 71/9/2
f 76/9/9 75/12/9 74/11/9
f 78/10/9 79/9/9 80/12/9
f 82/12/1 83/14/1 84/13/1
f 86/14/2 87/12/2 88/11/2
f 90/13/10 91/14/10 92/12/10
f 96/14/10 95/12/10 94/11/10
f 100/15/2 99/16/2 98/14/2
f 101/15/2 102/16/2 103/14/2
f 108/14/11 107/16/11 106/15/11
f 110/13/11 111/14/11 112/16/11
f 113/15/1 114/16/1 115/17/1
f 118/17/2 119/16/2 120/15/2
f 122/18/12 123/17/12 124/16/12
f 126/15/13 127/16/13 128/17/13
f 130/17/1 131/20/1 132/19/1
f 133/19/2 134/20/2 135/17/2
f 140/17/14 139/20/14 138/19/14
f 144/20/15 143/17/15 142/18/15
f 146/20/1 147/22/1 148/21/1
f 150/22/2 151/20/2 152/19/2
f 154/21/16 155/22/16 156/20/16
f 158/19/17 159/20/17 160/22/17
f 162/22/1 163/24/1 164/23/1
f 165/23/2 166/24/2 167/22/2
f 170/23/18 171/24/18 172/22/18
f 176/24/18 175/22/19 174/21/19
f 177/23/1 178/24/1 179/25/1
f 182/25/2 183/24/2 184/23/2
f 186/26/20 187/25/20 188/24/20
f 192/25/20 191/24/20 190/23/20
f 193/26/1 194/25/1 195/27/1
f 198/27/2 199/25/2 200/26/2
f 202/28/21 203/27/21 204/25/21
f 208/27/21 207/25/21 206/26/21
f 209/28/2 212/30/2 211/29/2
f 214/29/2 215/27/2 216/28/2
f 220/27/22 219/29/22 218/30/22
f 222/28/22 223/27/22 224/29/22
f 228/31/2 227/32/2 226/29/2
f 229/31/2 230/32/2 231/29/2
f 236/29/23 235/32/23 234/31/23
f 240/32/24 239/29/24 238/30/24
f 241/31/2 244/34/2 243/33/2
f 246/33/2 247/32/2 248/31/2
f 250/34/25 251/33/25 252/32/25
f 254/31/26 255/32/26 256/33/26
f 258/33/1 259/36/1 260/35/1
f 261/35/2 262/36/2 263/33/2
f 266/35/27 267/36/27 268/33/27
f 270/34/28 271/33/28 272/36/28
f 273/35/2 276/38/2 275/37/2
f 278/37/2 279/36/2 280/35/2
f 284/36/29 283/37/29 282/38/29
f 288/37/30 287/36/30 286/35/30
f 290/37/1 291/40/1 292/39/1
f 293/39/2 294/40/2 295/37/2
f 298/39/31 299/40/31 300/37/31
f 304/40/31 303/37/31 302/38/31
f 306/40/1 307/42/1 308/41/1
f 309/41/2 310/42/2 311/40/2
f 314/41/33 315/42/33 316/40/33
f 318/39/34 319/40/34 320/42/34
f 321/41/1 322/42/1 323/43/1
f 326/43/2 327/42/2 328/41/2
f 330/44/35 331/43/35 332/42/35
f 334/41/36 335/42/36 336/43/36
f 337/44/1 338/43/1 339/45/1
f 342/45/2 343/43/2 344/44/2
f 348/43/37 347/45/37 346/46/37
f 352/45/38 351/43/38 350/44/38
f 354/45/1 355/48/1 356/47/1
f 357/47/2 358/48/2 359/45/2
f 364/45/39 363/48/39 362/47/39
f 368/48/40 367/45/40 366/46/40
f 369/47/1 370/48/1 371/49/1
f 374/49/2 375/48/2 376/47/2
f 378/50/41 379/49/41 380/48/41
f 384/49/41 383/48/41 382/47/41
f 388/51/2 387/52/2 386/49/2
f 389/51/2 390/52/2 391/49/2
f 394/51/42 395/52/42 396/49/42
f 398/50/43 399/49/43 400/52/43
f 401/51/2 404/54/2 403/53/2
f 406/53/2 407/52/2 408/51/2
f 410/54/44 411/53/44 412/52/44
f 414/51/45 415/52/45 416/53/45
f 418/53/1 419/56/1 420/55/1
f 421/55/2 422/56/2 423/53/2
f 428/53/46 427/56/46 426/55/46
f 432/56/47 431/53/47 430/54/47
f 434/56/1 435/58/1 436/57/1
f 437/57/2 438/58/2 439/56/2
f 444/56/48 443/58/48 442/57/48
f 446/55/48 447/56/48 448/58/48
f 450/58/1 451/60/1 452/59/1
f 453/59/2 454/60/2 455/58/2
f 460/58/49 459/60/49 458/59/49
f 462/57/49 463/58/49 464/60/49
f 465/59/1 466/60/1 467/61/1
f 470/61/2 471/60/2 472/59/2
f 474/62/50 475/61/50 476/60/50
f 478/59/51 479/60/51 480/61/51
f 481/62/2 484/64/2 483/63/2
f 486/63/2 487/61/2 488/62/2
f 490/64/52 491/63/52 492/61/52
f 494/62/53 495/61/53 496/63/53
f 497/64/1 498/63/1 499/65/1
f 502/65/2 503/63/2 504/64/2
f 508/63/54 507/65/54 506/66/54
f 512/65/55 511/63/55 510/64/55
f 516/67/2 515/68/2 514/65/2
f 517/67/2 518/68/2 519/65/2
f 522/67/56 523/68/56 524/65/56
f 528/68/56 527/65/56 526/66/56
f 529/67/1 530/68/1 531/69/1
f 534/69/2 535/68/2 536/67/2
f 538/70/57 539/69/57 540/68/57
f 544/69/57 543/68/57 542/67/57
f 546/69/1 547/72/1 548/71/1
f 550/72/2 551/69/2 552/70/2
f 554/71/58 555/72/58 556/69/58
f 560/72/58 559/69/58 558/70/58
f 561/71/1 562/72/1 563/73/1
f 566/73/2 567/72/2 568/71/2
f 572/72/59 571/73/59 570/74/59
f 574/71/59 575/72/59 576/73/59
f 580/75/2 579/76/2 578/73/2
f 581/75/2 582/76/2 583/73/2
f 586/75/60 587/76/60 588/73/60
f 592/76/60 591/73/60 590/74/60
f 596/77/2 595/78/2 594/76/2
f 597/77/2 598/78/2 599/76/2
f 602/77/61 603/78/61 604/76/61
f 608/78/61 607/76/61 606/75/61
f 612/79/2 611/80/2 610/78/2
f 614/80/2 615/78/2 616/77/2
f 618/79/62 619/80/62 620/78/62
f 622/77/63 623/78/63 624/80/63
f 625/79/1 626/80/1 627/81/1
f 630/81/2 631/80/2 632/79/2
f 634/82/64 635/81/64 636/80/64
f 638/79/65 639/80/65 640/81/65
f 642/81/1 643/84/1 644/83/1
f 645/83/2 646/84/2 647/81/2
f 650/83/66 651/84/66 652/81/66
f 654/82/67 655/81/67 656/84/67
f 658/84/1 659/86/1 660/85/1
f 662/86/2 663/84/2 664/83/2
f 666/85/68 667/86/68 668/84/68
f 670/83/69 671/84/69 672/86/69
f 673/85/1 674/86/1 675/87/1
f 678/87/2 679/86/2 680/85/2
f 682/88/70 683/87/70 684/86/70
f 688/87/70 687/86/70 686/85/70
f 689/88/2 692/90/2 691/89/2
f 694/89/2 695/87/2 696/88/2
f 698/90/71 699/89/71 700/87/71
f 704/89/71 703/87/71 702/88/71
f 706/89/1 707/92/1 708/91/1
f 709/91/2 710/92/2 711/89/2
f 714/91/72 715/92/72 716/89/72
f 718/90/73 719/89/73 720/92/73
f 722/92/1 723/94/1 724/93/1
f 726/94/2 727/92/2 728/91/2
f 730/93/74 731/94/74 732/92/74
f 736/94/74 735/92/74 734/91/74
f 738/94/1 739/96/1 740/95/1
f 741/95/2 742/96/2 743/94/2
f 746/95/75 747/96/75 748/94/75
f 750/93/76 751/94/76 752/96/76
f 753/95/1 754/96/1 755/97/1
f 758/97/2 759/96/2 760/95/2
f 762/98/77 763/97/77 764/96/77
f 768/97/77 767/96/77 766/95/77
f 770/97/1 771/100/1 772/99/1
f 773/99/2 774/100/2 775/97/2
f 780/97/78 779/100/78 778/99/78
f 784/100/79 783/97/79 782/98/79
f 788/101/2 787/102/2 786/100/2
f 790/102/2 791/100/2 792/99/2
f 794/101/80 795/102/80 796/100/80
f 798/99/81 799/100/81 800/102/81
f 802/102/1 803/104/1 804/103/1
f 805/103/2 806/104/2 807/102/2
f 810/103/82 811/104/82 812/102/82
f 814/101/83 815/102/83 816/104/83
f 817/103/1 818/104/1 819/105/1
f 822/105/2 823/104/2 824/103/2
f 828/104/84 827/105/84 826/106/84
f 830/103/84 831/104/84 832/105/84
f 833/106/2 836/108/2 835/107/2
f 838/107/2 839/105/2 840/106/2
f 844/105/85 843/107/85 842/108/85
f 848/107/86 847/105/86 846/106/86
f 849/108/1 850/107/1 851/109/1
f 854/109/2 855/107/2 856/108/2
f 858/110/87 859/109/87 860/107/87
f 862/108/88 863/107/88 864/109/88
f 868/111/2 867/112/2 866/109/2
f 869/111/2 870/112/2 871/109/2
f 874/111/89 875/112/89 876/109/89
f 878/110/90 879/109/90 880/112/90
f 881/111/2 884/114/2 883/113/2
f 886/113/2 887/112/2 888/111/2
f 890/114/91 891/113/91 892/112/91
f 896/113/91 895/112/91 894/111/91
f 898/113/1 899/116/1 900/115/1
f 901/115/2 902/116/2 903/113/2
f 906/115/92 907/116/92 908/113/92
f 912/116/92 911/113/92 910/114/92
f 913/115/2 916/118/2 915/117/2
f 918/117/2 919/116/2 920/115/2
f 924/116/93 923/117/93 922/118/93
f 928/117/94 927/116/94 926/115/94
f 930/117/1 931/120/1 932/119/1
f 933/119/2 934/120/2 935/117/2
f 940/117/95 939/120/95 938/119/95
f 944/120/96 943/117/96 942/118/96
f 946/120/1 947/122/1 948/121/1
f 949/121/2 950/122/2 951/120/2
f 954/121/97 955/122/97 956/120/97
f 958/119/98 959/120/98 960/122/98
f 961/121/1 962/122/1 963/123/1
f 966/123/2 967/122/2 968/121/2
f 970/124/99 971/123/99 972/122/99
f 974/121/100 975/122/100 976/123/100
f 977/124/2 980/126/2 979/125/2
f 982/125/2 983/123/2 984/124/2
f 986/126/101 987/125/101 988/123/101
f 992/125/101 991/123/284 990/124/101
f 996/127/2 995/128/2 994/125/2
f 997/127/2 998/128/2 999/125/2
f 1004/125/102 1003/128/102 1002/127/102
f 1008/128/103 1007/125/103 1006/126/103
f 1009/127/1 1010/128/1 1011/129/1
f 1014/129/2 1015/128/2 1016/127/2
f 1018/130/104 1019/129/104 1020/128/104
f 1022/127/105 1023/128/105 1024/129/105
f 1028/131/2 1027/132/2 1026/129/2
f 1029/131/2 1030/132/2 1031/129/2
f 1034/131/106 1035/132/106 1036/129/106
f 1038/130/107 1039/129/107 1040/132/107
f 1041/131/2 1044/134/2 1043/133/2
f 1046/133/2 1047/132/2 1048/131/2
f 1050/134/108 1051/133/108 1052/132/108
f 1056/133/108 1055/132/108 1054/131/108
f 1058/133/1 1059/136/1 1060/135/1
f 1061/135/2 1062/136/2 1063/133/2
f 1068/133/109 1067/136/109 1066/135/109
f 1070/134/109 1071/133/109 1072/136/109
f 1074/136/1 1075/138/1 1076/137/1
f 1077/137/2 1078/138/2 1079/136/2
f 1082/137/110 1083/138/110 1084/136/110
f 1088/138/110 1087/136/110 1086/135/110
f 1090/138/1 1091/140/1 1092/139/1
f 1093/139/2 1094/140/2 1095/138/2
f 1098/139/111 1099/140/111 1100/138/111
f 1104/140/111 1103/138/111 1102/137/111
f 1105/139/1 1106/140/1 1107/141/1
f 1110/141/2 1111/140/2 1112/139/2
f 1114/142/113 1115/141/113 1116/140/113
f 1120/141/114 1119/140/113 1118/139/113
f 1122/141/1 1123/144/1 1124/143/1
f 1126/144/2 1127/141/2 1128/142/2
f 1130/143/115 1131/144/115 1132/141/115
f 1134/142/116 1135/141/116 1136/144/116
f 1137/143/2 1140/146/2 1139/145/2
f 1142/145/2 1143/144/2 1144/143/2
f 1148/144/117 1147/145/117 1146/146/117
f 1152/145/118 1151/144/118 1150/143/118
f 1156/147/2 1155/148/2 1154/145/2
f 1157/147/2 1158/148/2 1159/145/2
f 1162/147/119 1163/148/119 1164/145/119
f 1166/146/120 1167/145/120 1168/148/120
f 1169/147/2 1172/150/2 1171/149/2
f 1174/149/2 1175/148/2 1176/147/2
f 1180/148/121 1179/149/121 1178/150/121
f 1182/147/121 1183/148/121 1184/149/121
f 1186/149/1 1187/152/1 1188/151/1
f 1190/152/2 1191/149/2 1192/150/2
f 1194/151/122 1195/152/122 1196/149/122
f 1200/152/122 1199/149/122 1198/150/122
f 1201/151/1 1202/152/1 1203/153/1
f 1206/153/2 1207/152/2 1208/151/2
f 1212/152/123 1211/153/123 1210/154/123
f 1214/151/123 1215/152/123 1216/153/123
f 1218/153/1 1219/156/1 1220/155/1
f 1221/155/2 1222/156/2 1223/153/2
f 1226/155/124 1227/156/124 1228/153/124
f 1232/156/124 1231/153/124 1230/154/124
f 1236/157/2 1235/158/2 1234/156/2
f 1237/157/2 1238/158/2 1239/156/2
f 1242/157/125 1243/158/125 1244/156/125
f 1248/158/125 1247/156/125 1246/155/125
f 1252/159/2 1251/160/2 1250/158/2
f 1254/160/2 1255/158/2 1256/157/2
f 1258/159/126 1259/160/126 1260/158/126
f 1262/157/127 1263/158/127 1264/160/127
f 1265/159/1 1266/160/1 1267/161/1
f 1270/161/2 1271/160/2 1272/159/2
f 1274/162/128 1275/161/128 1276/160/128
f 1278/159/129 1279/160/129 1280/161/129
f 1282/161/1 1283/164/1 1284/163/1
f 1285/163/2 1286/164/2 1287/161/2
f 1290/163/4 1291/164/4 1292/161/4
f 1294/162/3 1295/161/3 1296/164/3
f 1298/164/1 1299/166/1 1300/165/1
f 1302/166/2 1303/164/2 1304/163/2
f 1306/165/6 1307/166/6 1308/164/6
f 1310/163/5 1311/164/5 1312/166/5
f 1313/165/1 1314/166/1 1315/167/1
f 1318/167/2 1319/166/2 1320/165/2
f 1322/168/130 1323/167/130 1324/166/130
f 1328/167/130 1327/166/130 1326/165/130
f 1329/168/2 1332/170/2 1331/169/2
f 1334/169/2 1335/167/2 1336/168/2
f 1338/170/131 1339/169/131 1340/167/131
f 1344/169/131 1343/167/131 1342/168/131
f 1346/169/1 1347/172/1 1348/171/1
f 1349/171/2 1350/172/2 1351/169/2
f 1356/169/132 1355/172/132 1354/171/132
f 1358/170/132 1359/169/132 1360/172/132
f 1362/172/1 1363/174/1 1364/173/1
f 1366/174/2 1367/172/2 1368/171/2
f 1370/173/133 1371/174/133 1372/172/133
f 1376/174/133 1375/172/133 1374/171/133
f 1380/175/2 1379/176/2 1378/174/2
f 1381/175/2 1382/176/2 1383/174/2
f 1388/174/134 1387/176/134 1386/175/134
f 1390/173/134 1391/174/134 1392/176/134
f 1393/175/1 1394/176/1 1395/177/1
f 1398/177/2 1399/176/2 1400/175/2
f 1402/178/13 1403/177/13 1404/176/13
f 1406/175/12 1407/176/12 1408/177/12
f 1410/177/1 1411/180/1 1412/179/1
f 1413/179/2 1414/180/2 1415/177/2
f 1420/177/15 1419/180/15 1418/179/15
f 1424/180/14 1423/177/14 1422/178/14
f 1426/180/1 1427/182/1 1428/181/1
f 1430/182/2 1431/180/2 1432/179/2
f 1434/181/17 1435/182/17 1436/180/17
f 1438/179/16 1439/180/16 1440/182/16
f 1442/182/1 1443/184/1 1444/183/1
f 1445/183/2 1446/184/2 1447/182/2
f 1450/183/135 1451/184/135 1452/182/135
f 1456/184/135 1455/182/136 1454/181/136
f 1457/183/1 1458/184/1 1459/185/1
f 1462/185/2 1463/184/2 1464/183/2
f 1466/186/137 1467/185/285 1468/184/137
f 1472/185/137 1471/184/137 1470/183/137
f 1473/186/1 1474/185/1 1475/187/1
f 1478/187/2 1479/185/2 1480/186/2
f 1482/188/138 1483/187/138 1484/185/138
f 1488/187/138 1487/185/138 1486/186/138
f 1489/188/2 1492/190/2 1491/189/2
f 1494/189/2 1495/187/2 1496/188/2
f 1500/187/139 1499/189/139 1498/190/139
f 1502/188/139 1503/187/139 1504/189/139
f 1508/191/2 1507/192/2 1506/189/2
f 1509/191/2 1510/192/2 1511/189/2
f 1516/189/24 1515/192/24 1514/191/24
f 1520/192/23 1519/189/23 1518/190/23
f 1521/191/2 1524/194/2 1523/193/2
f 1526/193/2 1527/192/2 1528/191/2
f 1530/194/26 1531/193/26 1532/192/26
f 1534/191/25 1535/192/25 1536/193/25
f 1538/193/1 1539/196/1 1540/195/1
f 1541/195/2 1542/196/2 1543/193/2
f 1546/195/28 1547/196/28 1548/193/28
f 1550/194/27 1551/193/27 1552/196/27
f 1553/195/2 1556/198/2 1555/197/2
f 1558/197/2 1559/196/2 1560/195/2
f 1564/196/30 1563/197/30 1562/198/30
f 1568/197/29 1567/196/29 1566/195/29
f 1570/197/1 1571/200/1 1572/199/1
f 1573/199/2 1574/200/2 1575/197/2
f 1578/199/140 1579/200/140 1580/197/140
f 1584/200/140 1583/197/140 1582/198/140
f 1586/200/1 1587/202/1 1588/201/1
f 1589/201/2 1590/202/2 1591/200/2
f 1594/201/34 1595/202/34 1596/200/34
f 1598/199/33 1599/200/33 1600/202/33
f 1601/201/1 1602/202/1 1603/203/1
f 1606/203/2 1607/202/2 1608/201/2
f 1610/204/36 1611/203/36 1612/202/36
f 1614/201/35 1615/202/35 1616/203/35
f 1617/204/1 1618/203/1 1619/205/1
f 1622/205/2 1623/203/2 1624/204/2
f 1628/203/38 1627/205/38 1626/206/38
f 1632/205/37 1631/203/37 1630/204/37
f 1634/205/1 1635/208/1 1636/207/1
f 1637/207/2 1638/208/2 1639/205/2
f 1644/205/40 1643/208/40 1642/207/40
f 1648/208/39 1647/205/39 1646/206/39
f 1649/207/1 1650/208/1 1651/209/1
f 1654/209/2 1655/208/2 1656/207/2
f 1658/210/142 1659/209/142 1660/208/142
f 1664/209/142 1663/208/142 1662/207/142
f 1668/211/2 1667/212/2 1666/209/2
f 1669/211/2 1670/212/2 1671/209/2
f 1674/211/43 1675/212/43 1676/209/43
f 1678/210/42 1679/209/42 1680/212/42
f 1681/211/2 1684/214/2 1683/213/2
f 1686/213/2 1687/212/2 1688/211/2
f 1690/214/45 1691/213/45 1692/212/45
f 1694/211/44 1695/212/44 1696/213/44
f 1698/213/1 1699/216/1 1700/215/1
f 1701/215/2 1702/216/2 1703/213/2
f 1708/213/47 1707/216/47 1706/215/47
f 1712/216/46 1711/213/46 1710/214/46
f 1714/216/1 1715/218/1 1716/217/1
f 1717/217/2 1718/218/2 1719/216/2
f 1724/216/143 1723/218/143 1722/217/143
f 1726/215/143 1727/216/143 1728/218/143
f 1730/218/1 1731/220/1 1732/219/1
f 1733/219/2 1734/220/2 1735/218/2
f 1740/218/144 1739/220/144 1738/219/144
f 1742/217/144 1743/218/144 1744/220/144
f 1745/219/1 1746/220/1 1747/221/1
f 1750/221/2 1751/220/2 1752/219/2
f 1754/222/51 1755/221/51 1756/220/51
f 1758/219/50 1759/220/50 1760/221/50
f 1761/222/2 1764/224/2 1763/223/2
f 1766/223/2 1767/221/2 1768/222/2
f 1770/224/53 1771/223/53 1772/221/53
f 1774/222/52 1775/221/52 1776/223/52
f 1777/224/1 1778/223/1 1779/225/1
f 1782/225/2 1783/223/2 1784/224/2
f 1788/223/55 1787/225/55 1786/226/55
f 1792/225/54 1791/223/54 1790/224/54
f 1796/227/2 1795/228/2 1794/225/2
f 1797/227/2 1798/228/2 1799/225/2
f 1802/227/145 1803/228/145 1804/225/145
f 1808/228/145 1807/225/145 1806/226/145
f 1809/227/1 1810/228/1 1811/229/1
f 1814/229/2 1815/228/2 1816/227/2
f 1818/230/146 1819/229/146 1820/228/146
f 1824/229/146 1823/228/146 1822/227/146
f 1826/229/1 1827/232/1 1828/231/1
f 1830/232/2 1831/229/2 1832/230/2
f 1834/231/147 1835/232/147 1836/229/147
f 1840/232/147 1839/229/147 1838/230/147
f 1841/231/1 1842/232/1 1843/233/1
f 1846/233/2 1847/232/2 1848/231/2
f 1852/232/148 1851/233/148 1850/234/148
f 1854/231/148 1855/232/148 1856/233/148
f 1860/235/2 1859/236/2 1858/233/2
f 1861/235/2 1862/236/2 1863/233/2
f 1866/235/149 1867/236/149 1868/233/149
f 1872/236/149 1871/233/149 1870/234/149
f 1876/237/2 1875/238/2 1874/236/2
f 1877/237/2 1878/238/2 1879/236/2
f 1882/237/150 1883/238/150 1884/236/150
f 1888/238/150 1887/236/150 1886/235/150
f 1892/239/2 1891/240/2 1890/238/2
f 1894/240/2 1895/238/2 1896/237/2
f 1898/239/63 1899/240/63 1900/238/63
f 1902/237/62 1903/238/62 1904/240/62
f 1905/239/1 1906/240/1 1907/241/1
f 1910/241/2 1911/240/2 1912/239/2
f 1914/242/65 1915/241/65 1916/240/65
f 1918/239/64 1919/240/64 1920/241/64
f 1922/241/1 1923/244/1 1924/243/1
f 1925/243/2 1926/244/2 1927/241/2
f 1930/243/67 1931/244/67 1932/241/67
f 1934/242/66 1935/241/66 1936/244/66
f 1938/244/1 1939/246/1 1940/245/1
f 1942/246/2 1943/244/2 1944/243/2
f 1946/245/69 1947/246/69 1948/244/69
f 1950/243/68 1951/244/68 1952/246/68
f 1953/245/1 1954/246/1 1955/247/1
f 1958/247/2 1959/246/2 1960/245/2
f 1962/248/151 1963/247/151 1964/246/151
f 1968/247/151 1967/246/151 1966/245/151
f 1969/248/2 1972/250/2 1971/249/2
f 1974/249/2 1975/247/2 1976/248/2
f 1978/250/152 1979/249/152 1980/247/152
f 1984/249/152 1983/247/152 1982/248/152
f 1986/249/1 1987/252/1 1988/251/1
f 1989/251/2 1990/252/2 1991/249/2
f 1994/251/73 1995/252/73 1996/249/73
f 1998/250/72 1999/249/72 2000/252/72
f 2002/252/1 2003/254/1 2004/253/1
f 2006/254/2 2007/252/2 2008/251/2
f 2010/253/153 2011/254/153 2012/252/153
f 2016/254/153 2015/252/153 2014/251/153
f 2018/254/1 2019/256/1 2020/255/1
f 2021/255/2 2022/256/2 2023/254/2
f 2026/255/76 2027/256/76 2028/254/76
f 2030/253/75 2031/254/75 2032/256/75
f 2033/255/1 2034/256/1 2035/257/1
f 2038/257/2 2039/256/2 2040/255/2
f 2042/258/154 2043/257/154 2044/256/154
f 2048/257/154 2047/256/154 2046/255/154
f 2050/257/1 2051/260/1 2052/259/1
f 2053/259/2 2054/260/2 2055/257/2
f 2060/257/79 2059/260/79 2058/259/79
f 2064/260/78 2063/257/78 2062/258/78
f 2068/261/2 2067/262/2 2066/260/2
f 2070/262/2 2071/260/2 2072/259/2
f 2074/261/81 2075/262/81 2076/260/81
f 2078/259/80 2079/260/80 2080/262/80
f 2082/262/1 2083/264/1 2084/263/1
f 2085/263/2 2086/264/2 2087/262/2
f 2090/263/83 2091/264/83 2092/262/83
f 2094/261/82 2095/262/82 2096/264/82
f 2097/263/1 2098/264/1 2099/265/1
f 2102/265/2 2103/264/2 2104/263/2
f 2108/264/155 2107/265/155 2106/266/155
f 2110/263/155 2111/264/155 2112/265/155
f 2113/266/2 2116/268/2 2115/267/2
f 2118/267/2 2119/265/2 2120/266/2
f 2124/265/86 2123/267/86 2122/268/86
f 2128/267/85 2127/265/85 2126/266/85
f 2129/268/1 2130/267/1 2131/269/1
f 2134/269/2 2135/267/2 2136/268/2
f 2138/270/88 2139/269/88 2140/267/88
f 2142/268/87 2143/267/87 2144/269/87
f 2148/271/2 2147/272/2 2146/269/2
f 2149/271/2 2150/272/2 2151/269/2
f 2154/271/90 2155/272/90 2156/269/90
f 2158/270/89 2159/269/89 2160/272/89
f 2161/271/2 2164/274/2 2163/273/2
f 2166/273/2 2167/272/2 2168/271/2
f 2170/274/156 2171/273/156 2172/272/156
f 2176/273/156 2175/272/156 2174/271/156
f 2178/273/1 2179/276/1 2180/275/1
f 2181/275/2 2182/276/2 2183/273/2
f 2186/275/157 2187/276/157 2188/273/157
f 2192/276/157 2191/273/157 2190/274/157
f 2193/275/2 2196/278/2 2195/277/2
f 2198/277/2 2199/276/2 2200/275/2
f 2204/276/94 2203/277/94 2202/278/94
f 2208/277/93 2207/276/93 2206/275/93
f 2210/277/1 2211/280/1 2212/279/1
f 2213/279/2 2214/280/2 2215/277/2
f 2220/277/96 2219/280/96 2218/279/96
f 2224/280/95 2223/277/95 2222/278/95
f 2226/280/1 2227/282/1 2228/281/1
f 2229/281/2 2230/282/2 2231/280/2
f 2234/281/98 2235/282/98 2236/280/98
f 2238/279/97 2239/280/97 2240/282/97
f 2241/281/1 2242/282/1 2243/283/1
f 2246/283/2 2247/282/2 2248/281/2
f 2250/284/100 2251/283/100 2252/282/100
f 2254/281/99 2255/282/99 2256/283/99
f 2257/284/2 2260/286/2 2259/285/2
f 2262/285/2 2263/283/2 2264/284/2
f 2266/286/158 2267/285/158 2268/283/158
f 2272/285/158 2271/283/286 2270/284/158
f 2276/287/2 2275/288/2 2274/285/2
f 2277/287/2 2278/288/2 2279/285/2
f 2284/285/103 2283/288/103 2282/287/103
f 2288/288/102 2287/285/102 2286/286/102
f 2289/287/1 2290/288/1 2291/289/1
f 2294/289/2 2295/288/2 2296/287/2
f 2298/290/105 2299/289/105 2300/288/105
f 2302/287/104 2303/288/104 2304/289/104
f 2308/291/2 2307/292/2 2306/289/2
f 2309/291/2 2310/292/2 2311/289/2
f 2314/291/107 2315/292/107 2316/289/107
f 2318/290/106 2319/289/106 2320/292/106
f 2321/291/2 2324/294/2 2323/293/2
f 2326/293/2 2327/292/2 2328/291/2
f 2330/294/159 2331/293/159 2332/292/159
f 2336/293/159 2335/292/159 2334/291/159
f 2338/293/1 2339/296/1 2340/295/1
f 2341/295/2 2342/296/2 2343/293/2
f 2348/293/160 2347/296/160 2346/295/160
f 2350/294/160 2351/293/160 2352/296/160
f 2354/296/1 2355/298/1 2356/297/1
f 2357/297/2 2358/298/2 2359/296/2
f 2362/297/161 2363/298/161 2364/296/161
f 2368/298/161 2367/296/161 2366/295/161
f 2370/298/1 2371/300/1 2372/299/1
f 2373/299/2 2374/300/2 2375/298/2
f 2378/299/162 2379/300/162 2380/298/162
f 2384/300/162 2383/298/162 2382/297/162
f 2385/299/1 2386/300/1 2387/301/1
f 2390/301/2 2391/300/2 2392/299/2
f 2394/302/163 2395/301/163 2396/300/163
f 2400/301/164 2399/300/163 2398/299/163
f 2402/301/1 2403/304/1 2404/303/1
f 2406/304/2 2407/301/2 2408/302/2
f 2410/303/116 2411/304/116 2412/301/116
f 2414/302/115 2415/301/115 2416/304/115
f 2417/303/2 2420/306/2 2419/305/2
f 2422/305/2 2423/304/2 2424/303/2
f 2428/304/118 2427/305/118 2426/306/118
f 2432/305/117 2431/304/117 2430/303/117
f 2436/307/2 2435/308/2 2434/305/2
f 2437/307/2 2438/308/2 2439/305/2
f 2442/307/120 2443/308/120 2444/305/120
f 2446/306/119 2447/305/119 2448/308/119
f 2449/307/2 2452/310/2 2451/309/2
f 2454/309/2 2455/308/2 2456/307/2
f 2460/308/165 2459/309/165 2458/310/165
f 2462/307/165 2463/308/165 2464/309/165
f 2466/309/1 2467/312/1 2468/311/1
f 2470/312/2 2471/309/2 2472/310/2
f 2474/311/166 2475/312/166 2476/309/166
f 2480/312/166 2479/309/166 2478/310/166
f 2481/311/1 2482/312/1 2483/313/1
f 2486/313/2 2487/312/2 2488/311/2
f 2492/312/167 2491/313/167 2490/314/167
f 2494/311/167 2495/312/167 2496/313/167
f 2498/313/1 2499/316/1 2500/315/1
f 2501/315/2 2502/316/2 2503/313/2
f 2506/315/168 2507/316/168 2508/313/168
f 2512/316/168 2511/313/168 2510/314/168
f 2516/317/2 2515/318/2 2514/316/2
f 2517/317/2 2518/318/2 2519/316/2
f 2522/317/169 2523/318/169 2524/316/169
f 2528/318/169 2527/316/169 2526/315/169
f 2532/319/2 2531/320/2 2530/318/2
f 2534/320/2 2535/318/2 2536/317/2
f 2538/319/127 2539/320/127 2540/318/127
f 2542/317/126 2543/318/126 2544/320/126
f 2545/319/1 2546/320/1 2547/321/1
f 2550/321/2 2551/320/2 2552/319/2
f 2554/322/129 2555/321/129 2556/320/129
f 2558/319/128 2559/320/128 2560/321/128
f 2564/323/2 2563/326/2 2562/324/2
f 2565/323/1 2568/325/1 2567/324/1
f 2570/323/3 2571/326/3 2572/324/3
f 2576/326/3 2575/324/3 2574/325/3
f 2577/323/1 2578/326/1 2579/327/1
f 2584/323/1 2583/326/1 2582/327/1
f 2588/326/6 2587/327/6 2586/328/6
f 2592/327/5 2591/326/5 2590/323/5
f 2596/329/2 2595/330/2 2594/327/2
f 2597/329/2 2598/330/2 2599/327/2
f 2602/329/7 2603/330/7 2604/327/7
f 2606/328/130 2607/327/130 2608/330/130
f 2609/329/1 2610/330/1 2611/331/1
f 2616/329/1 2615/330/1 2614/331/1
f 2620/330/131 2619/331/131 2618/332/131
f 2624/331/8 2623/330/8 2622/329/8
f 2626/331/1 2627/334/1 2628/333/1
f 2629/333/1 2632/332/1 2631/331/1
f 2634/333/132 2635/334/132 2636/331/132
f 2640/334/132 2639/331/132 2638/332/132
f 2642/334/1 2643/336/1 2644/335/1
f 2645/335/2 2646/336/2 2647/334/2
f 2652/334/133 2651/336/133 2650/335/133
f 2654/333/133 2655/334/133 2656/336/133
f 2657/335/1 2658/336/1 2659/337/1
f 2664/335/1 2663/336/1 2662/337/1
f 2668/336/11 2667/337/11 2666/338/11
f 2670/335/11 2671/336/11 2672/337/11
f 2673/338/1 2674/337/1 2675/339/1
f 2678/339/2 2679/337/2 2680/338/2
f 2684/337/13 2683/339/13 2682/340/13
f 2688/339/12 2687/337/12 2686/338/12
f 2690/339/1 2691/342/1 2692/341/1
f 2694/342/2 2695/339/2 2696/340/2
f 2698/341/15 2699/342/15 2700/339/15
f 2704/342/15 2703/339/15 2702/340/15
f 2705/341/1 2706/342/1 2707/343/1
f 2710/343/2 2711/342/2 2712/341/2
f 2716/342/17 2715/343/17 2714/344/17
f 2720/343/16 2719/342/16 2718/341/16
f 2721/344/1 2722/343/1 2723/345/1
f 2728/344/1 2727/343/1 2726/345/1
f 2732/343/135 2731/345/136 2730/346/136
f 2734/344/135 2735/343/135 2736/345/135
f 2738/345/1 2739/348/1 2740/347/1
f 2741/347/2 2742/348/2 2743/345/2
f 2748/345/137 2747/348/137 2746/347/137
f 2750/346/137 2751/345/137 2752/348/137
f 2753/347/1 2754/348/1 2755/349/1
f 2760/347/1 2759/348/1 2758/349/1
f 2762/350/21 2763/349/21 2764/348/21
f 2768/349/21 2767/348/21 2766/347/21
f 2769/350/2 2772/352/2 2771/351/2
f 2776/350/1 2775/349/1 2774/351/1
f 2780/349/22 2779/351/22 2778/352/22
f 2784/351/139 2783/349/139 2782/350/139
f 2785/352/1 2786/351/1 2787/353/1
f 2790/353/2 2791/351/2 2792/352/2
f 2796/351/23 2795/353/23 2794/354/23
f 2798/352/23 2799/351/23 2800/353/23
f 2801/354/1 2802/353/1 2803/355/1
f 2808/354/1 2807/353/1 2806/355/1
f 2812/353/26 2811/355/26 2810/356/26
f 2814/354/26 2815/353/26 2816/355/26
f 2818/355/1 2819/358/1 2820/357/1
f 2821/357/1 2824/356/1 2823/355/1
f 2828/355/28 2827/358/28 2826/357/28
f 2832/358/27 2831/355/27 2830/356/27
f 2833/357/1 2834/358/1 2835/359/1
f 2840/357/1 2839/358/1 2838/359/1
f 2842/360/30 2843/359/30 2844/358/30
f 2846/357/29 2847/358/29 2848/359/29
f 2849/360/2 2852/362/2 2851/361/2
f 2856/360/1 2855/359/1 2854/361/1
f 2860/359/140 2859/361/140 2858/362/140
f 2862/360/140 2863/359/140 2864/361/140
f 2865/362/1 2866/361/1 2867/363/1
f 2872/362/1 2871/361/1 2870/363/1
f 2876/361/34 2875/363/34 2874/364/34
f 2878/362/34 2879/361/34 2880/363/34
f 2882/363/1 2883/366/1 2884/365/1
f 2885/365/1 2888/364/1 2887/363/1
f 2892/363/36 2891/366/36 2890/365/36
f 2896/366/35 2895/363/35 2894/364/35
f 2898/366/1 2899/368/1 2900/367/1
f 2901/367/1 2904/365/1 2903/366/1
f 2908/366/37 2907/368/37 2906/367/37
f 2910/365/37 2911/366/37 2912/368/37
f 2914/368/1 2915/370/1 2916/369/1
f 2917/369/2 2918/370/2 2919/368/2
f 2922/369/40 2923/370/40 2924/368/40
f 2926/367/39 2927/368/39 2928/370/39
f 2929/369/1 2930/370/1 2931/371/1
f 2934/371/2 2935/370/2 2936/369/2
f 2938/372/41 2939/371/41 2940/370/41
f 2944/371/41 2943/370/41 2942/369/41
f 2946/371/1 2947/374/1 2948/373/1
f 2949/373/1 2952/372/1 2951/371/1
f 2954/373/42 2955/374/42 2956/371/42
f 2958/372/43 2959/371/43 2960/374/43
f 2962/374/1 2963/376/1 2964/375/1
f 2965/375/2 2966/376/2 2967/374/2
f 2972/374/45 2971/376/45 2970/375/45
f 2974/373/45 2975/374/45 2976/376/45
f 2980/377/2 2979/378/2 2978/376/2
f 2981/377/2 2982/378/2 2983/376/2
f 2988/376/46 2987/378/46 2986/377/46
f 2992/378/47 2991/376/47 2990/375/47
f 2994/378/1 2995/380/1 2996/379/1
f 2997/379/1 3000/377/1 2999/378/1
f 3002/379/143 3003/380/143 3004/378/143
f 3006/377/48 3007/378/48 3008/380/48
f 3009/379/1 3010/380/1 3011/381/1
f 3014/381/2 3015/380/2 3016/379/2
f 3020/380/49 3019/381/49 3018/382/49
f 3022/379/49 3023/380/49 3024/381/49
f 3026/381/1 3027/384/1 3028/383/1
f 3029/383/1 3032/382/1 3031/381/1
f 3036/381/51 3035/384/51 3034/383/51
f 3040/384/50 3039/381/50 3038/382/50
f 3042/384/1 3043/386/1 3044/385/1
f 3045/385/2 3046/386/2 3047/384/2
f 3052/384/53 3051/386/53 3050/385/53
f 3056/386/52 3055/384/52 3054/383/52
f 3058/386/1 3059/388/1 3060/387/1
f 3061/387/1 3064/385/1 3063/386/1
f 3068/386/54 3067/388/54 3066/387/54
f 3070/385/54 3071/386/54 3072/388/54
f 3074/388/1 3075/390/1 3076/389/1
f 3077/389/2 3078/390/2 3079/388/2
f 3084/388/145 3083/390/145 3082/389/145
f 3086/387/145 3087/388/145 3088/390/145
f 3090/390/1 3091/392/1 3092/391/1
f 3093/391/2 3094/392/2 3095/390/2
f 3100/390/146 3099/392/146 3098/391/146
f 3102/389/146 3103/390/146 3104/392/146
f 3105/391/1 3106/392/1 3107/393/1
f 3110/393/2 3111/392/2 3112/391/2
f 3114/394/58 3115/393/58 3116/392/58
f 3118/391/147 3119/392/147 3120/393/147
f 3121/394/1 3122/393/1 3123/395/1
f 3126/395/2 3127/393/2 3128/394/2
f 3130/396/148 3131/395/148 3132/393/148
f 3134/394/59 3135/393/59 3136/395/59
f 3138/395/1 3139/398/1 3140/397/1
f 3141/397/2 3142/398/2 3143/395/2
f 3146/397/60 3147/398/60 3148/395/60
f 3150/396/149 3151/395/149 3152/398/149
f 3153/397/2 3156/400/2 3155/399/2
f 3158/399/2 3159/398/2 3160/397/2
f 3162/400/61 3163/399/61 3164/398/61
f 3168/399/61 3167/398/61 3166/397/61
f 3170/399/1 3171/402/1 3172/401/1
f 3173/401/1 3176/400/1 3175/399/1
f 3178/401/62 3179/402/62 3180/399/62
f 3184/402/62 3183/399/62 3182/400/62
f 3186/402/1 3187/404/1 3188/403/1
f 3190/404/2 3191/402/2 3192/401/2
f 3196/402/65 3195/404/65 3194/403/65
f 3198/401/65 3199/402/65 3200/404/65
f 3204/405/2 3203/406/2 3202/404/2
f 3205/405/1 3208/403/1 3207/404/1
f 3210/405/66 3211/406/66 3212/404/66
f 3214/403/67 3215/404/67 3216/406/67
f 3217/405/1 3218/406/1 3219/407/1
f 3224/405/1 3223/406/1 3222/407/1
f 3226/408/68 3227/407/68 3228/406/68
f 3232/407/68 3231/406/68 3230/405/68
f 3236/409/2 3235/410/2 3234/407/2
f 3237/409/2 3238/410/2 3239/407/2
f 3242/409/70 3243/410/70 3244/407/70
f 3248/410/70 3247/407/70 3246/408/70
f 3249/409/1 3250/410/1 3251/411/1
f 3256/409/1 3255/410/1 3254/411/1
f 3260/410/152 3259/411/152 3258/412/152
f 3264/411/71 3263/410/71 3262/409/71
f 3266/411/1 3267/414/1 3268/413/1
f 3269/413/1 3272/412/1 3271/411/1
f 3274/413/72 3275/414/72 3276/411/72
f 3280/414/72 3279/411/72 3278/412/72
f 3282/414/1 3283/416/1 3284/415/1
f 3285/415/2 3286/416/2 3287/414/2
f 3290/415/74 3291/416/74 3292/414/74
f 3294/413/153 3295/414/153 3296/416/153
f 3297/415/1 3298/416/1 3299/417/1
f 3304/415/1 3303/416/1 3302/417/1
f 3308/416/76 3307/417/76 3306/418/76
f 3310/415/76 3311/416/76 3312/417/76
f 3313/418/1 3314/417/1 3315/419/1
f 3318/419/2 3319/417/2 3320/418/2
f 3324/417/154 3323/419/154 3322/420/154
f 3326/418/154 3327/417/154 3328/419/154
f 3330/419/1 3331/422/1 3332/421/1
f 3334/422/2 3335/419/2 3336/420/2
f 3338/421/79 3339/422/79 3340/419/79
f 3344/422/79 3343/419/79 3342/420/79
f 3345/421/1 3346/422/1 3347/423/1
f 3350/423/2 3351/422/2 3352/421/2
f 3356/422/81 3355/423/81 3354/424/81
f 3360/423/80 3359/422/80 3358/421/80
f 3361/424/1 3362/423/1 3363/425/1
f 3368/424/1 3367/423/1 3366/425/1
f 3372/423/83 3371/425/83 3370/426/83
f 3376/425/82 3375/423/82 3374/424/82
f 3378/425/1 3379/428/1 3380/427/1
f 3381/427/2 3382/428/2 3383/425/2
f 3386/427/155 3387/428/155 3388/425/155
f 3390/426/84 3391/425/84 3392/428/84
f 3393/427/1 3394/428/1 3395/429/1
f 3400/427/1 3399/428/1 3398/429/1
f 3402/430/86 3403/429/86 3404/428/86
f 3406/427/85 3407/428/85 3408/429/85
f 3409/430/2 3412/432/2 3411/431/2
f 3416/430/1 3415/429/1 3414/431/1
f 3420/429/88 3419/431/88 3418/432/88
f 3424/431/87 3423/429/87 3422/430/87
f 3425/432/1 3426/431/1 3427/433/1
f 3430/433/2 3431/431/2 3432/432/2
f 3436/431/90 3435/433/90 3434/434/90
f 3438/432/90 3439/431/90 3440/433/90
f 3441/434/1 3442/433/1 3443/435/1
f 3448/434/1 3447/433/1 3446/435/1
f 3452/433/156 3451/435/156 3450/436/156
f 3454/434/156 3455/433/156 3456/435/156
f 3458/435/1 3459/438/1 3460/437/1
f 3461/437/1 3464/436/1 3463/435/1
f 3468/435/157 3467/438/157 3466/437/157
f 3472/438/92 3471/435/92 3470/436/92
f 3473/437/1 3474/438/1 3475/439/1
f 3478/439/2 3479/438/2 3480/437/2
f 3482/440/94 3483/439/94 3484/438/94
f 3486/437/93 3487/438/93 3488/439/93
f 3489/440/2 3492/442/2 3491/441/2
f 3496/440/1 3495/439/1 3494/441/1
f 3500/439/95 3499/441/95 3498/442/95
f 3502/440/95 3503/439/95 3504/441/95
f 3505/442/1 3506/441/1 3507/443/1
f 3512/442/1 3511/441/1 3510/443/1
f 3516/441/98 3515/443/98 3514/444/98
f 3520/443/97 3519/441/97 3518/442/97
f 3522/443/1 3523/446/1 3524/445/1
f 3525/445/1 3528/444/1 3527/443/1
f 3532/443/100 3531/446/100 3530/445/100
f 3534/444/100 3535/443/100 3536/446/100
f 3538/446/1 3539/448/1 3540/447/1
f 3541/447/2 3542/448/2 3543/446/2
f 3548/446/158 3547/448/158 3546/447/158
f 3552/448/101 3551/446/101 3550/445/101
f 3554/448/1 3555/450/1 3556/449/1
f 3557/449/1 3560/447/1 3559/448/1
f 3562/449/103 3563/450/103 3564/448/103
f 3566/447/102 3567/448/102 3568/450/102
f 3569/449/1 3570/450/1 3571/451/1
f 3574/451/2 3575/450/2 3576/449/2
f 3578/452/104 3579/451/104 3580/450/104
f 3584/451/104 3583/450/104 3582/449/104
f 3586/451/1 3587/454/1 3588/453/1
f 3589/453/1 3592/452/1 3591/451/1
f 3594/453/106 3595/454/106 3596/451/106
f 3598/452/107 3599/451/107 3600/454/107
f 3602/454/1 3603/456/1 3604/455/1
f 3605/455/2 3606/456/2 3607/454/2
f 3612/454/159 3611/456/159 3610/455/159
f 3614/453/159 3615/454/159 3616/456/159
f 3620/457/2 3619/458/2 3618/456/2
f 3621/457/2 3622/458/2 3623/456/2
f 3628/456/109 3627/458/109 3626/457/109
f 3632/458/160 3631/456/160 3630/455/160
f 3634/458/1 3635/460/1 3636/459/1
f 3637/459/1 3640/457/1 3639/458/1
f 3642/459/110 3643/460/110 3644/458/110
f 3648/460/110 3647/458/110 3646/457/110
f 3649/459/1 3650/460/1 3651/461/1
f 3654/461/2 3655/460/2 3656/459/2
f 3660/460/162 3659/461/162 3658/462/162
f 3662/459/162 3663/460/162 3664/461/162
f 3666/461/1 3667/464/1 3668/463/1
f 3669/463/1 3672/462/1 3671/461/1
f 3676/461/164 3675/464/163 3674/463/163
f 3678/462/163 3679/461/163 3680/464/163
f 3682/464/1 3683/466/1 3684/465/1
f 3685/465/1 3688/463/1 3687/464/1
f 3692/464/116 3691/466/116 3690/465/116
f 3696/466/115 3695/464/115 3694/463/115
f 3698/466/1 3699/468/1 3700/467/1
f 3701/467/1 3704/465/1 3703/466/1
f 3708/466/117 3707/468/117 3706/467/117
f 3712/468/118 3711/466/118 3710/465/118
f 3714/468/1 3715/470/1 3716/469/1
f 3717/469/2 3718/470/2 3719/468/2
f 3724/468/120 3723/470/120 3722/469/120
f 3728/470/119 3727/468/119 3726/467/119
f 3730/470/1 3731/472/1 3732/471/1
f 3733/471/2 3734/472/2 3735/470/2
f 3740/470/121 3739/472/121 3738/471/121
f 3742/469/121 3743/470/121 3744/472/121
f 3745/471/1 3746/472/1 3747/473/1
f 3750/473/2 3751/472/2 3752/471/2
f 3756/472/166 3755/473/166 3754/474/166
f 3758/471/166 3759/472/166 3760/473/166
f 3761/474/1 3762/473/1 3763/475/1
f 3766/475/2 3767/473/2 3768/474/2
f 3770/476/167 3771/475/167 3772/473/167
f 3774/474/123 3775/473/123 3776/475/123
f 3778/475/1 3779/478/1 3780/477/1
f 3781/477/2 3782/478/2 3783/475/2
f 3786/477/124 3787/478/124 3788/475/124
f 3790/476/168 3791/475/168 3792/478/168
f 3793/477/2 3796/480/2 3795/479/2
f 3798/479/2 3799/478/2 3800/477/2
f 3802/480/125 3803/479/125 3804/478/125
f 3806/477/169 3807/478/169 3808/479/169
f 3810/479/1 3811/482/1 3812/481/1
f 3813/481/1 3816/480/1 3815/479/1
f 3818/481/126 3819/482/126 3820/479/126
f 3824/482/126 3823/479/126 3822/480/126
f 3826/482/1 3827/484/1 3828/483/1
f 3830/484/2 3831/482/2 3832/481/2
f 3836/482/129 3835/484/129 3834/483/129
f 3840/484/128 3839/482/128 3838/481/128
f 3844/485/2 3843/486/2 3842/484/2
f 3845/485/1 3848/483/1 3847/484/1
f 3850/485/4 3851/486/4 3852/484/4
f 3856/486/4 3855/484/4 3854/483/4
f 3857/485/1 3858/486/1 3859/487/1
f 3864/485/1 3863/486/1 3862/487/1
f 3868/486/5 3867/487/5 3866/488/5
f 3872/487/6 3871/486/6 3870/485/6
f 3876/489/2 3875/490/2 3874/487/2
f 3877/489/2 3878/490/2 3879/487/2
f 3882/489/130 3883/490/130 3884/487/130
f 3886/488/7 3887/487/7 3888/490/7
f 3889/489/1 3890/490/1 3891/491/1
f 3896/489/1 3895/490/1 3894/491/1
f 3900/490/8 3899/491/8 3898/492/8
f 3904/491/131 3903/490/131 3902/489/131
f 3906/491/1 3907/494/1 3908/493/1
f 3909/493/1 3912/492/1 3911/491/1
f 3914/493/9 3915/494/9 3916/491/9
f 3920/494/9 3919/491/9 3918/492/9
f 3922/494/1 3923/496/1 3924/495/1
f 3925/495/2 3926/496/2 3927/494/2
f 3932/494/10 3931/496/10 3930/495/10
f 3934/493/10 3935/494/10 3936/496/10
f 3937/495/1 3938/496/1 3939/497/1
f 3944/495/1 3943/496/1 3942/497/1
f 3948/496/134 3947/497/134 3946/498/134
f 3950/495/134 3951/496/134 3952/497/134
f 3953/498/1 3954/497/1 3955/499/1
f 3958/499/2 3959/497/2 3960/498/2
f 3964/497/12 3963/499/12 3962/500/12
f 3968/499/13 3967/497/13 3966/498/13
f 3970/499/1 3971/502/1 3972/501/1
f 3974/502/2 3975/499/2 3976/500/2
f 3978/501/14 3979/502/14 3980/499/14
f 3984/502/14 3983/499/14 3982/500/14
f 3985/501/1 3986/502/1 3987/503/1
f 3990/503/2 3991/502/2 3992/501/2
f 3996/502/16 3995/503/16 3994/504/16
f 4000/503/17 3999/502/17 3998/501/17
f 4001/504/1 4002/503/1 4003/505/1
f 4008/504/1 4007/503/1 4006/505/1
f 4012/503/18 4011/505/19 4010/506/19
f 4014/504/18 4015/503/19 4016/505/18
f 4018/505/1 4019/508/1 4020/507/1
f 4021/507/2 4022/508/2 4023/505/2
f 4028/505/20 4027/508/20 4026/507/20
f 4030/506/20 4031/505/20 4032/508/20
f 4033/507/1 4034/508/1 4035/509/1
f 4040/507/1 4039/508/1 4038/509/1
f 4042/510/138 4043/509/138 4044/508/138
f 4048/509/138 4047/508/138 4046/507/138
f 4049/510/2 4052/512/2 4051/511/2
f 4056/510/1 4055/509/1 4054/511/1
f 4060/509/139 4059/511/139 4058/512/139
f 4064/511/22 4063/509/22 4062/510/22
f 4065/512/1 4066/511/1 4067/513/1
f 4070/513/2 4071/511/2 4072/512/2
f 4076/511/24 4075/513/24 4074/514/24
f 4078/512/24 4079/511/24 4080/513/24
f 4081/514/1 4082/513/1 4083/515/1
f 4088/514/1 4087/513/1 4086/515/1
f 4092/513/25 4091/515/25 4090/516/25
f 4094/514/25 4095/513/25 4096/515/25
f 4098/515/1 4099/518/1 4100/517/1
f 4101/517/1 4104/516/1 4103/515/1
f 4108/515/27 4107/518/27 4106/517/27
f 4112/518/28 4111/515/28 4110/516/28
f 4113/517/1 4114/518/1 4115/519/1
f 4120/517/1 4119/518/1 4118/519/1
f 4122/520/29 4123/519/29 4124/518/29
f 4126/517/30 4127/518/30 4128/519/30
f 4129/520/2 4132/522/2 4131/521/2
f 4136/520/1 4135/519/1 4134/521/1
f 4140/519/31 4139/521/31 4138/522/31
f 4142/520/31 4143/519/31 4144/521/31
f 4145/522/1 4146/521/1 4147/523/1
f 4152/522/1 4151/521/1 4150/523/1
f 4156/521/33 4155/523/33 4154/524/33
f 4158/522/33 4159/521/33 4160/523/33
f 4162/523/1 4163/526/1 4164/525/1
f 4165/525/1 4168/524/1 4167/523/1
f 4172/523/35 4171/526/35 4170/525/35
f 4176/526/36 4175/523/36 4174/524/36
f 4178/526/1 4179/528/1 4180/527/1
f 4181/527/1 4184/525/1 4183/526/1
f 4188/526/38 4187/528/38 4186/527/38
f 4190/525/38 4191/526/38 4192/528/38
f 4194/528/1 4195/530/1 4196/529/1
f 4197/529/2 4198/530/2 4199/528/2
f 4202/529/39 4203/530/39 4204/528/39
f 4206/527/40 4207/528/40 4208/530/40
f 4209/529/1 4210/530/1 4211/531/1
f 4214/531/2 4215/530/2 4216/529/2
f 4218/532/142 4219/531/142 4220/530/142
f 4224/531/142 4223/530/142 4222/529/142
f 4226/531/1 4227/534/1 4228/533/1
f 4229/533/1 4232/532/1 4231/531/1
f 4234/533/43 4235/534/43 4236/531/43
f 4238/532/42 4239/531/42 4240/534/42
f 4242/534/1 4243/536/1 4244/535/1
f 4245/535/2 4246/536/2 4247/534/2
f 4252/534/44 4251/536/44 4250/535/44
f 4254/533/44 4255/534/44 4256/536/44
f 4260/537/2 4259/538/2 4258/536/2
f 4261/537/2 4262/538/2 4263/536/2
f 4268/536/47 4267/538/47 4266/537/47
f 4272/538/46 4271/536/46 4270/535/46
f 4274/538/1 4275/540/1 4276/539/1
f 4277/539/1 4280/537/1 4279/538/1
f 4282/539/48 4283/540/48 4284/538/48
f 4286/537/143 4287/538/143 4288/540/143
f 4289/539/1 4290/540/1 4291/541/1
f 4294/541/2 4295/540/2 4296/539/2
f 4300/540/144 4299/541/144 4298/542/144
f 4302/539/144 4303/540/144 4304/541/144
f 4306/541/1 4307/544/1 4308/543/1
f 4309/543/1 4312/542/1 4311/541/1
f 4316/541/50 4315/544/50 4314/543/50
f 4320/544/51 4319/541/51 4318/542/51
f 4322/544/1 4323/546/1 4324/545/1
f 4325/545/2 4326/546/2 4327/544/2
f 4332/544/52 4331/546/52 4330/545/52
f 4336/546/53 4335/544/53 4334/543/53
f 4338/546/1 4339/548/1 4340/547/1
f 4341/547/1 4344/545/1 4343/546/1
f 4348/546/55 4347/548/55 4346/547/55
f 4350/545/55 4351/546/55 4352/548/55
f 4354/548/1 4355/550/1 4356/549/1
f 4357/549/2 4358/550/2 4359/548/2
f 4364/548/56 4363/550/56 4362/549/56
f 4366/547/56 4367/548/56 4368/550/56
f 4370/550/1 4371/552/1 4372/551/1
f 4373/551/2 4374/552/2 4375/550/2
f 4380/550/57 4379/552/57 4378/551/57
f 4382/549/57 4383/550/57 4384/552/57
f 4385/551/1 4386/552/1 4387/553/1
f 4390/553/2 4391/552/2 4392/551/2
f 4394/554/147 4395/553/147 4396/552/147
f 4398/551/58 4399/552/58 4400/553/58
f 4401/554/1 4402/553/1 4403/555/1
f 4406/555/2 4407/553/2 4408/554/2
f 4410/556/59 4411/555/59 4412/553/59
f 4414/554/148 4415/553/148 4416/555/148
f 4418/555/1 4419/558/1 4420/557/1
f 4421/557/2 4422/558/2 4423/555/2
f 4426/557/149 4427/558/149 4428/555/149
f 4430/556/60 4431/555/60 4432/558/60
f 4433/557/2 4436/560/2 4435/559/2
f 4438/559/2 4439/558/2 4440/557/2
f 4442/560/150 4443/559/150 4444/558/150
f 4448/559/150 4447/558/150 4446/557/150
f 4450/559/1 4451/562/1 4452/561/1
f 4453/561/1 4456/560/1 4455/559/1
f 4458/561/63 4459/562/63 4460/559/63
f 4464/562/63 4463/559/63 4462/560/63
f 4466/562/1 4467/564/1 4468/563/1
f 4470/564/2 4471/562/2 4472/561/2
f 4476/562/64 4475/564/64 4474/563/64
f 4478/561/64 4479/562/64 4480/564/64
f 4484/565/2 4483/566/2 4482/564/2
f 4485/565/1 4488/563/1 4487/564/1
f 4490/565/67 4491/566/67 4492/564/67
f 4494/563/66 4495/564/66 4496/566/66
f 4497/565/1 4498/566/1 4499/567/1
f 4504/565/1 4503/566/1 4502/567/1
f 4506/568/69 4507/567/69 4508/566/69
f 4512/567/69 4511/566/69 4510/565/69
f 4516/569/2 4515/570/2 4514/567/2
f 4517/569/2 4518/570/2 4519/567/2
f 4522/569/151 4523/570/151 4524/567/151
f 4528/570/151 4527/567/151 4526/568/151
f 4529/569/1 4530/570/1 4531/571/1
f 4536/569/1 4535/570/1 4534/571/1
f 4540/570/71 4539/571/71 4538/572/71
f 4544/571/152 4543/570/152 4542/569/152
f 4546/571/1 4547/574/1 4548/573/1
f 4549/573/1 4552/572/1 4551/571/1
f 4554/573/73 4555/574/73 4556/571/73
f 4560/574/73 4559/571/73 4558/572/73
f 4562/574/1 4563/576/1 4564/575/1
f 4565/575/2 4566/576/2 4567/574/2
f 4570/575/153 4571/576/153 4572/574/153
f 4574/573/74 4575/574/74 4576/576/74
f 4577/575/1 4578/576/1 4579/577/1
f 4584/575/1 4583/576/1 4582/577/1
f 4588/576/75 4587/577/75 4586/578/75
f 4590/575/75 4591/576/75 4592/577/75
f 4593/578/1 4594/577/1 4595/579/1
f 4598/579/2 4599/577/2 4600/578/2
f 4604/577/77 4603/579/77 4602/580/77
f 4606/578/77 4607/577/77 4608/579/77
f 4610/579/1 4611/582/1 4612/581/1
f 4614/582/2 4615/579/2 4616/580/2
f 4618/581/78 4619/582/78 4620/579/78
f 4624/582/78 4623/579/78 4622/580/78
f 4625/581/1 4626/582/1 4627/583/1
f 4630/583/2 4631/582/2 4632/581/2
f 4636/582/80 4635/583/80 4634/584/80
f 4640/583/81 4639/582/81 4638/581/81
f 4641/584/1 4642/583/1 4643/585/1
f 4648/584/1 4647/583/1 4646/585/1
f 4652/583/82 4651/585/82 4650/586/82
f 4656/585/83 4655/583/83 4654/584/83
f 4658/585/1 4659/588/1 4660/587/1
f 4661/587/2 4662/588/2 4663/585/2
f 4666/587/84 4667/588/84 4668/585/84
f 4670/586/155 4671/585/155 4672/588/155
f 4673/587/1 4674/588/1 4675/589/1
f 4680/587/1 4679/588/1 4678/589/1
f 4682/590/85 4683/589/85 4684/588/85
f 4686/587/86 4687/588/86 4688/589/86
f 4689/590/2 4692/592/2 4691/591/2
f 4696/590/1 4695/589/1 4694/591/1
f 4700/589/87 4699/591/87 4698/592/87
f 4704/591/88 4703/589/88 4702/590/88
f 4705/592/1 4706/591/1 4707/593/1
f 4710/593/2 4711/591/2 4712/592/2
f 4716/591/89 4715/593/89 4714/594/89
f 4718/592/89 4719/591/89 4720/593/89
f 4721/594/1 4722/593/1 4723/595/1
f 4728/594/1 4727/593/1 4726/595/1
f 4732/593/91 4731/595/91 4730/596/91
f 4734/594/91 4735/593/91 4736/595/91
f 4738/595/1 4739/598/1 4740/597/1
f 4741/597/1 4744/596/1 4743/595/1
f 4748/595/92 4747/598/92 4746/597/92
f 4752/598/157 4751/595/157 4750/596/157
f 4753/597/1 4754/598/1 4755/599/1
f 4758/599/2 4759/598/2 4760/597/2
f 4762/600/93 4763/599/93 4764/598/93
f 4766/597/94 4767/598/94 4768/599/94
f 4769/600/2 4772/602/2 4771/601/2
f 4776/600/1 4775/599/1 4774/601/1
f 4780/599/96 4779/601/96 4778/602/96
f 4782/600/96 4783/599/96 4784/601/96
f 4785/602/1 4786/601/1 4787/603/1
f 4792/602/1 4791/601/1 4790/603/1
f 4796/601/97 4795/603/97 4794/604/97
f 4800/603/98 4799/601/98 4798/602/98
f 4802/603/1 4803/606/1 4804/605/1
f 4805/605/1 4808/604/1 4807/603/1
f 4812/603/99 4811/606/99 4810/605/99
f 4814/604/99 4815/603/99 4816/606/99
f 4818/606/1 4819/608/1 4820/607/1
f 4821/607/2 4822/608/2 4823/606/2
f 4828/606/101 4827/608/101 4826/607/101
f 4832/608/158 4831/606/158 4830/605/158
f 4834/608/1 4835/610/1 4836/609/1
f 4837/609/1 4840/607/1 4839/608/1
f 4842/609/102 4843/610/102 4844/608/102
f 4846/607/103 4847/608/103 4848/610/103
f 4849/609/1 4850/610/1 4851/611/1
f 4854/611/2 4855/610/2 4856/609/2
f 4858/612/105 4859/611/105 4860/610/105
f 4864/611/105 4863/610/105 4862/609/105
f 4866/611/1 4867/614/1 4868/613/1
f 4869/613/1 4872/612/1 4871/611/1
f 4874/613/107 4875/614/107 4876/611/107
f 4878/612/106 4879/611/106 4880/614/106
f 4882/614/1 4883/616/1 4884/615/1
f 4885/615/2 4886/616/2 4887/614/2
f 4892/614/108 4891/616/108 4890/615/108
f 4894/613/108 4895/614/108 4896/616/108
f 4900/617/2 4899/618/2 4898/616/2
f 4901/617/2 4902/618/2 4903/616/2
f 4908/616/160 4907/618/160 4906/617/160
f 4912/618/109 4911/616/109 4910/615/109
f 4914/618/1 4915/620/1 4916/619/1
f 4917/619/1 4920/617/1 4919/618/1
f 4922/619/161 4923/620/161 4924/618/161
f 4928/620/161 4927/618/161 4926/617/161
f 4929/619/1 4930/620/1 4931/621/1
f 4934/621/2 4935/620/2 4936/619/2
f 4940/620/111 4939/621/111 4938/622/111
f 4942/619/111 4943/620/111 4944/621/111
f 4946/621/1 4947/624/1 4948/623/1
f 4949/623/1 4952/622/1 4951/621/1
f 4956/621/114 4955/624/113 4954/623/113
f 4958/622/113 4959/621/113 4960/624/113
f 4962/624/1 4963/626/1 4964/625/1
f 4965/625/1 4968/623/1 4967/624/1
f 4972/624/115 4971/626/115 4970/625/115
f 4976/626/116 4975/624/116 4974/623/116
f 4978/626/1 4979/628/1 4980/627/1
f 4981/627/1 4984/625/1 4983/626/1
f 4988/626/118 4987/628/118 4986/627/118
f 4992/628/117 4991/626/117 4990/625/117
f 4994/628/1 4995/630/1 4996/629/1
f 4997/629/2 4998/630/2 4999/628/2
f 5004/628/119 5003/630/119 5002/629/119
f 5008/630/120 5007/628/120 5006/627/120
f 5010/630/1 5011/632/1 5012/631/1
f 5013/631/2 5014/632/2 5015/630/2
f 5020/630/165 5019/632/165 5018/631/165
f 5022/629/165 5023/630/165 5024/632/165
f 5025/631/1 5026/632/1 5027/633/1
f 5030/633/2 5031/632/2 5032/631/2
f 5036/632/122 5035/633/122 5034/634/122
f 5038/631/122 5039/632/122 5040/633/122
f 5041/634/1 5042/633/1 5043/635/1
f 5046/635/2 5047/633/2 5048/634/2
f 5050/636/123 5051/635/123 5052/633/123
f 5054/634/167 5055/633/167 5056/635/167
f 5058/635/1 5059/638/1 5060/637/1
f 5061/637/2 5062/638/2 5063/635/2
f 5066/637/168 5067/638/168 5068/635/168
f 5070/636/124 5071/635/124 5072/638/124
f 5073/637/2 5076/640/2 5075/639/2
f 5078/639/2 5079/638/2 5080/637/2
f 5082/640/169 5083/639/169 5084/638/169
f 5086/637/125 5087/638/125 5088/639/125
f 5090/639/1 5091/642/1 5092/641/1
f 5093/641/1 5096/640/1 5095/639/1
f 5098/641/127 5099/642/127 5100/639/127
f 5104/642/127 5103/639/127 5102/640/127
f 5106/642/1 5107/644/1 5108/643/1
f 5110/644/2 5111/642/2 5112/641/2
f 5116/642/128 5115/644/128 5114/643/128
f 5120/644/129 5119/642/129 5118/641/129
s 0
f 5122/1/1 5123/321/1 5124/322/1
f 5126/321/2 5127/1/2 5128/3/2
f 5130/322/170 5131/321/170 5132/1/170
f 5134/3/171 5135/1/171 5136/321/171
f 5140/645/172 5139/648/172 5138/646/172
f 5142/646/173 5143/648/173 5144/645/173
f 5145/3/1 5146/1/1 5147/321/1
f 5150/321/2 5151/1/2 5152/3/2
f 5156/1/174 5155/321/174 5154/322/174
f 5160/321/287 5159/1/287 5158/3/287
f 5164/645/176 5163/648/176 5162/646/176
f 5168/645/177 5167/648/177 5166/646/177
f 5169/3/1 5170/1/1 5171/321/1
f 5174/321/2 5175/1/2 5176/3/2
f 5180/1/178 5179/321/178 5178/322/178
f 5182/3/178 5183/1/178 5184/321/178
f 5188/645/179 5187/648/179 5186/646/179
f 5190/646/180 5191/648/180 5192/645/180
f 5194/1/1 5195/321/1 5196/322/1
f 5197/322/2 5198/321/2 5199/1/2
f 5202/322/181 5203/321/181 5204/1/181
f 5208/321/181 5207/1/181 5206/3/181
f 5210/646/182 5211/648/182 5212/645/182
f 5216/645/183 5215/648/183 5214/646/183
f 5218/1/1 5219/321/1 5220/322/1
f 5221/322/2 5222/321/2 5223/1/2
f 5228/1/184 5227/321/184 5226/322/184
f 5232/321/185 5231/1/185 5230/3/185
f 5236/645/186 5235/648/186 5234/646/186
f 5240/645/187 5239/648/187 5238/646/187
f 5241/3/1 5242/1/1 5243/321/1
f 5246/321/2 5247/1/2 5248/3/2
f 5252/1/188 5251/321/188 5250/322/188
f 5256/321/189 5255/1/189 5254/3/189
f 5258/646/190 5259/648/190 5260/645/190
f 5262/646/191 5263/648/191 5264/645/191
f 5265/3/2 5268/322/2 5267/321/2
f 5270/321/2 5271/1/2 5272/3/2
f 5274/322/192 5275/321/192 5276/1/192
f 5280/321/192 5279/1/192 5278/3/192
f 5282/646/193 5283/648/193 5284/645/193
f 5288/645/194 5287/648/194 5286/646/194
f 5290/1/1 5291/321/1 5292/322/1
f 5293/322/2 5294/321/2 5295/1/2
f 5300/1/195 5299/321/195 5298/322/195
f 5302/3/195 5303/1/195 5304/321/195
f 5308/645/196 5307/648/196 5306/646/196
f 5310/646/197 5311/648/197 5312/645/197
f 5314/1/1 5315/321/1 5316/322/1
f 5317/322/1 5320/3/1 5319/1/1
f 5322/322/198 5323/321/198 5324/1/198
f 5328/321/199 5327/1/199 5326/3/199
f 5330/646/200 5331/648/200 5332/645/200
f 5334/646/201 5335/648/201 5336/645/201
f 5338/1/1 5339/321/1 5340/322/1
f 5342/321/2 5343/1/2 5344/3/2
f 5346/322/202 5347/321/202 5348/1/202
f 5350/3/203 5351/1/203 5352/321/203
f 5356/645/204 5355/648/204 5354/646/204
f 5358/646/205 5359/648/205 5360/645/205
f 5361/3/1 5362/1/1 5363/321/1
f 5366/321/2 5367/1/2 5368/3/2
f 5370/322/206 5371/321/206 5372/1/206
f 5376/321/207 5375/1/207 5374/3/207
f 5380/645/208 5379/648/208 5378/646/208
f 5384/645/209 5383/648/209 5382/646/209
f 5385/3/1 5386/1/1 5387/321/1
f 5390/321/2 5391/1/2 5392/3/2
f 5396/1/210 5395/321/210 5394/322/210
f 5398/3/210 5399/1/210 5400/321/210
f 5402/646/211 5403/648/211 5404/645/211
f 5406/646/212 5407/648/212 5408/645/212
f 5410/1/1 5411/321/1 5412/322/1
f 5413/322/2 5414/321/2 5415/1/2
f 5418/322/213 5419/321/213 5420/1/213
f 5424/321/213 5423/1/213 5422/3/213
f 5426/646/214 5427/648/214 5428/645/214
f 5432/645/215 5431/648/215 5430/646/215
f 5434/1/1 5435/321/1 5436/322/1
f 5437/322/2 5438/321/2 5439/1/2
f 5444/1/216 5443/321/216 5442/322/216
f 5448/321/217 5447/1/217 5446/3/217
f 5452/645/218 5451/648/218 5450/646/218
f 5456/645/219 5455/648/219 5454/646/219
f 5457/3/1 5458/1/1 5459/321/1
f 5462/321/2 5463/1/2 5464/3/2
f 5468/1/220 5467/321/220 5466/322/220
f 5470/3/220 5471/1/220 5472/321/220
f 5474/646/221 5475/648/221 5476/645/221
f 5478/646/222 5479/648/222 5480/645/222
f 5481/3/2 5484/322/2 5483/321/2
f 5486/321/2 5487/1/2 5488/3/2
f 5490/322/223 5491/321/223 5492/1/223
f 5496/321/223 5495/1/223 5494/3/223
f 5498/646/224 5499/648/224 5500/645/224
f 5504/645/225 5503/648/225 5502/646/225
f 5506/1/1 5507/321/1 5508/322/1
f 5509/322/2 5510/321/2 5511/1/2
f 5516/1/226 5515/321/226 5514/322/226
f 5518/3/226 5519/1/226 5520/321/226
f 5524/645/227 5523/648/227 5522/646/227
f 5526/646/228 5527/648/228 5528/645/228
f 5530/1/1 5531/321/1 5532/322/1
f 5533/322/1 5536/3/1 5535/1/1
f 5540/1/229 5539/321/229 5538/322/229
f 5544/321/280 5543/1/280 5542/3/280
f 5546/646/231 5547/648/231 5548/645/231
f 5550/646/232 5551/648/232 5552/645/232
f 5554/1/1 5555/321/1 5556/322/1
f 5558/321/2 5559/1/2 5560/3/2
f 5562/322/171 5563/321/171 5564/1/171
f 5566/3/170 5567/1/170 5568/321/170
f 5572/645/233 5571/648/233 5570/646/233
f 5574/646/234 5575/648/234 5576/645/234
f 5577/3/1 5578/1/1 5579/321/1
f 5582/321/2 5583/1/2 5584/3/2
f 5588/1/175 5587/321/175 5586/322/175
f 5592/321/288 5591/1/288 5590/3/288
f 5596/645/235 5595/648/235 5594/646/235
f 5600/645/236 5599/648/236 5598/646/236
f 5601/3/1 5602/1/1 5603/321/1
f 5606/321/2 5607/1/2 5608/3/2
f 5612/1/237 5611/321/237 5610/322/237
f 5614/3/237 5615/1/237 5616/321/237
f 5620/645/238 5619/648/238 5618/646/238
f 5622/646/239 5623/648/239 5624/645/239
f 5626/1/1 5627/321/1 5628/322/1
f 5629/322/2 5630/321/2 5631/1/2
f 5634/322/240 5635/321/240 5636/1/240
f 5640/321/240 5639/1/240 5638/3/240
f 5642/646/241 5643/648/241 5644/645/241
f 5648/645/242 5647/648/242 5646/646/242
f 5650/1/1 5651/321/1 5652/322/1
f 5653/322/2 5654/321/2 5655/1/2
f 5660/1/185 5659/321/185 5658/322/185
f 5664/321/184 5663/1/184 5662/3/184
f 5668/645/243 5667/648/243 5666/646/243
f 5672/645/244 5671/648/244 5670/646/244
f 5673/3/1 5674/1/1 5675/321/1
f 5678/321/2 5679/1/2 5680/3/2
f 5684/1/189 5683/321/189 5682/322/189
f 5688/321/188 5687/1/188 5686/3/188
f 5690/646/245 5691/648/245 5692/645/245
f 5694/646/246 5695/648/246 5696/645/246
f 5697/3/2 5700/322/2 5699/321/2
f 5702/321/2 5703/1/2 5704/3/2
f 5706/322/247 5707/321/247 5708/1/247
f 5712/321/247 5711/1/247 5710/3/247
f 5714/646/248 5715/648/248 5716/645/248
f 5720/645/249 5719/648/249 5718/646/249
f 5722/1/1 5723/321/1 5724/322/1
f 5725/322/2 5726/321/2 5727/1/2
f 5732/1/250 5731/321/250 5730/322/250
f 5734/3/250 5735/1/250 5736/321/250
f 5740/645/251 5739/648/251 5738/646/251
f 5742/646/252 5743/648/252 5744/645/252
f 5746/1/1 5747/321/1 5748/322/1
f 5749/322/1 5752/3/1 5751/1/1
f 5754/322/253 5755/321/253 5756/1/253
f 5760/321/254 5759/1/254 5758/3/254
f 5762/646/255 5763/648/255 5764/645/255
f 5766/646/256 5767/648/256 5768/645/256
f 5770/1/1 5771/321/1 5772/322/1
f 5774/321/2 5775/1/2 5776/3/2
f 5778/322/203 5779/321/203 5780/1/203
f 5782/3/202 5783/1/202 5784/321/202
f 5788/645/257 5787/648/257 5786/646/257
f 5790/646/258 5791/648/258 5792/645/258
f 5793/3/1 5794/1/1 5795/321/1
f 5798/321/2 5799/1/2 5800/3/2
f 5802/322/259 5803/321/259 5804/1/259
f 5808/321/260 5807/1/260 5806/3/260
f 5812/645/261 5811/648/261 5810/646/261
f 5816/645/262 5815/648/262 5814/646/262
f 5817/3/1 5818/1/1 5819/321/1
f 5822/321/2 5823/1/2 5824/3/2
f 5828/1/263 5827/321/263 5826/322/263
f 5830/3/263 5831/1/263 5832/321/263
f 5834/646/264 5835/648/264 5836/645/264
f 5838/646/265 5839/648/265 5840/645/265
f 5842/1/1 5843/321/1 5844/322/1
f 5845/322/2 5846/321/2 5847/1/2
f 5850/322/266 5851/321/266 5852/1/266
f 5856/321/266 5855/1/266 5854/3/266
f 5858/646/267 5859/648/267 5860/645/267
f 5864/645/268 5863/648/268 5862/646/268
f 5866/1/1 5867/321/1 5868/322/1
f 5869/322/2 5870/321/2 5871/1/2
f 5876/1/217 5875/321/217 5874/322/217
f 5880/321/216 5879/1/216 5878/3/216
f 5884/645/269 5883/648/269 5882/646/269
f 5888/645/270 5887/648/270 5886/646/270
f 5889/3/1 5890/1/1 5891/321/1
f 5894/321/2 5895/1/2 5896/3/2
f 5900/1/271 5899/321/271 5898/322/271
f 5902/3/271 5903/1/271 5904/321/271
f 5906/646/272 5907/648/272 5908/645/272
f 5910/646/273 5911/648/273 5912/645/273
f 5913/3/2 5916/322/2 5915/321/2
f 5918/321/2 5919/1/2 5920/3/2
f 5922/322/274 5923/321/274 5924/1/274
f 5928/321/274 5927/1/274 5926/3/274
f 5930/646/275 5931/648/275 5932/645/275
f 5936/645/276 5935/648/276 5934/646/276
f 5938/1/1 5939/321/1 5940/322/1
f 5941/322/2 5942/321/2 5943/1/2
f 5948/1/277 5947/321/277 5946/322/277
f 5950/3/277 5951/1/277 5952/321/277
f 5956/645/278 5955/648/278 5954/646/278
f 5958/646/279 5959/648/279 5960/645/279
f 5962/1/1 5963/321/1 5964/322/1
f 5965/322/1 5968/3/1 5967/1/1
f 5972/1/280 5971/321/280 5970/322/280
f 5976/321/229 5975/1/229 5974/3/229
f 5978/646/282 5979/648/282 5980/645/282
f 5982/646/283 5983/648/283 5984/645/283
