# Blender 5.1.2
# www.blender.org
o st_wave
v 0.955000 0.000000 0.000000
v 0.975000 0.006000 0.000000
v 0.990000 0.014000 0.000000
v 1.000000 0.017000 0.000000
v 1.008000 0.008000 0.000000
v 1.020000 0.000000 0.000000
v 0.953850 0.000000 -0.046860
v 0.973826 0.006000 -0.047841
v 0.988807 0.014000 -0.048577
v 0.998795 0.017000 -0.049068
v 1.006786 0.008000 -0.049460
v 1.018771 0.000000 -0.050049
v 0.950401 0.000000 -0.093606
v 0.970305 0.006000 -0.095567
v 0.985233 0.014000 -0.097037
v 0.995185 0.017000 -0.098017
v 1.003146 0.008000 -0.098801
v 1.015088 0.000000 -0.099977
v 0.944664 0.000000 -0.140128
v 0.964447 0.006000 -0.143062
v 0.979285 0.014000 -0.145263
v 0.989177 0.017000 -0.146730
v 0.997090 0.008000 -0.147904
v 1.008960 0.000000 -0.149665
v 0.936650 0.000000 -0.186311
v 0.956266 0.006000 -0.190213
v 0.970977 0.014000 -0.193139
v 0.980785 0.017000 -0.195090
v 0.988632 0.008000 -0.196651
v 1.000401 0.000000 -0.198992
v 0.926380 0.000000 -0.232046
v 0.945780 0.006000 -0.236906
v 0.960331 0.014000 -0.240550
v 0.970031 0.017000 -0.242980
v 0.977791 0.008000 -0.244924
v 0.989432 0.000000 -0.247840
v 0.913878 0.000000 -0.277222
v 0.933017 0.006000 -0.283028
v 0.947371 0.014000 -0.287382
v 0.956940 0.017000 -0.290285
v 0.964596 0.008000 -0.292607
v 0.976079 0.000000 -0.296090
v 0.899175 0.000000 -0.321730
v 0.918005 0.006000 -0.328468
v 0.932129 0.014000 -0.333521
v 0.941544 0.017000 -0.336890
v 0.949076 0.008000 -0.339585
v 0.960375 0.000000 -0.343628
v 0.882305 0.000000 -0.365463
v 0.900783 0.006000 -0.373116
v 0.914641 0.014000 -0.378857
v 0.923880 0.017000 -0.382683
v 0.931271 0.008000 -0.385745
v 0.942357 0.000000 -0.390337
v 0.863310 0.000000 -0.408315
v 0.881390 0.006000 -0.416866
v 0.894949 0.014000 -0.423280
v 0.903989 0.017000 -0.427555
v 0.911221 0.008000 -0.430976
v 0.922069 0.000000 -0.436106
v 0.842235 0.000000 -0.450184
v 0.859873 0.006000 -0.459612
v 0.873102 0.014000 -0.466683
v 0.881921 0.017000 -0.471397
v 0.888977 0.008000 -0.475168
v 0.899560 0.000000 -0.480825
v 0.819131 0.000000 -0.490968
v 0.836285 0.006000 -0.501250
v 0.849151 0.014000 -0.508962
v 0.857729 0.017000 -0.514103
v 0.864590 0.008000 -0.518216
v 0.874883 0.000000 -0.524385
v 0.794053 0.000000 -0.530570
v 0.810683 0.006000 -0.541681
v 0.823155 0.014000 -0.550015
v 0.831470 0.017000 -0.555570
v 0.838121 0.008000 -0.560015
v 0.848099 0.000000 -0.566682
v 0.767063 0.000000 -0.568893
v 0.783127 0.006000 -0.580807
v 0.795175 0.014000 -0.589742
v 0.803208 0.017000 -0.595699
v 0.809633 0.008000 -0.600465
v 0.819272 0.000000 -0.607613
v 0.738225 0.000000 -0.605846
v 0.753685 0.006000 -0.618533
v 0.765280 0.014000 -0.628049
v 0.773010 0.017000 -0.634393
v 0.779195 0.008000 -0.639468
v 0.788471 0.000000 -0.647081
v 0.707608 0.000000 -0.641339
v 0.722427 0.006000 -0.654770
v 0.733542 0.014000 -0.664843
v 0.740951 0.017000 -0.671559
v 0.746879 0.008000 -0.676931
v 0.755770 0.000000 -0.684990
v 0.675287 0.000000 -0.675287
v 0.689429 0.006000 -0.689429
v 0.700036 0.014000 -0.700036
v 0.707107 0.017000 -0.707107
v 0.712764 0.008000 -0.712764
v 0.721249 0.000000 -0.721249
v 0.641339 0.000000 -0.707608
v 0.654770 0.006000 -0.722427
v 0.664843 0.014000 -0.733542
v 0.671559 0.017000 -0.740951
v 0.676931 0.008000 -0.746879
v 0.684990 0.000000 -0.755770
v 0.605846 0.000000 -0.738225
v 0.618533 0.006000 -0.753685
v 0.628049 0.014000 -0.765280
v 0.634393 0.017000 -0.773010
v 0.639468 0.008000 -0.779195
v 0.647081 0.000000 -0.788471
v 0.568893 0.000000 -0.767063
v 0.580807 0.006000 -0.783127
v 0.589742 0.014000 -0.795175
v 0.595699 0.017000 -0.803208
v 0.600465 0.008000 -0.809633
v 0.607613 0.000000 -0.819272
v 0.530570 0.000000 -0.794053
v 0.541681 0.006000 -0.810683
v 0.550015 0.014000 -0.823155
v 0.555570 0.017000 -0.831470
v 0.560015 0.008000 -0.838121
v 0.566682 0.000000 -0.848099
v 0.490968 0.000000 -0.819131
v 0.501250 0.006000 -0.836285
v 0.508962 0.014000 -0.849151
v 0.514103 0.017000 -0.857729
v 0.518216 0.008000 -0.864590
v 0.524385 0.000000 -0.874883
v 0.450184 0.000000 -0.842235
v 0.459612 0.006000 -0.859873
v 0.466683 0.014000 -0.873102
v 0.471397 0.017000 -0.881921
v 0.475168 0.008000 -0.888977
v 0.480825 0.000000 -0.899560
v 0.408315 0.000000 -0.863310
v 0.416866 0.006000 -0.881390
v 0.423280 0.014000 -0.894949
v 0.427555 0.017000 -0.903989
v 0.430976 0.008000 -0.911221
v 0.436106 0.000000 -0.922069
v 0.365463 0.000000 -0.882305
v 0.373116 0.006000 -0.900783
v 0.378857 0.014000 -0.914641
v 0.382683 0.017000 -0.923880
v 0.385745 0.008000 -0.931271
v 0.390337 0.000000 -0.942357
v 0.321730 0.000000 -0.899175
v 0.328468 0.006000 -0.918005
v 0.333521 0.014000 -0.932129
v 0.336890 0.017000 -0.941544
v 0.339585 0.008000 -0.949076
v 0.343628 0.000000 -0.960375
v 0.277222 0.000000 -0.913878
v 0.283028 0.006000 -0.933017
v 0.287382 0.014000 -0.947371
v 0.290285 0.017000 -0.956940
v 0.292607 0.008000 -0.964596
v 0.296090 0.000000 -0.976079
v 0.232046 0.000000 -0.926380
v 0.236906 0.006000 -0.945780
v 0.240550 0.014000 -0.960331
v 0.242980 0.017000 -0.970031
v 0.244924 0.008000 -0.977791
v 0.247840 0.000000 -0.989432
v 0.186311 0.000000 -0.936650
v 0.190213 0.006000 -0.956266
v 0.193139 0.014000 -0.970977
v 0.195090 0.017000 -0.980785
v 0.196651 0.008000 -0.988632
v 0.198992 0.000000 -1.000401
v 0.140128 0.000000 -0.944664
v 0.143062 0.006000 -0.964447
v 0.145263 0.014000 -0.979285
v 0.146730 0.017000 -0.989177
v 0.147904 0.008000 -0.997090
v 0.149665 0.000000 -1.008960
v 0.093606 0.000000 -0.950401
v 0.095567 0.006000 -0.970305
v 0.097037 0.014000 -0.985233
v 0.098017 0.017000 -0.995185
v 0.098801 0.008000 -1.003146
v 0.099977 0.000000 -1.015088
v 0.046860 0.000000 -0.953850
v 0.047841 0.006000 -0.973826
v 0.048577 0.014000 -0.988807
v 0.049068 0.017000 -0.998795
v 0.049460 0.008000 -1.006786
v 0.050049 0.000000 -1.018771
v 0.000000 0.000000 -0.955000
v 0.000000 0.006000 -0.975000
v 0.000000 0.014000 -0.990000
v 0.000000 0.017000 -1.000000
v 0.000000 0.008000 -1.008000
v 0.000000 0.000000 -1.020000
v -0.046860 0.000000 -0.953850
v -0.047841 0.006000 -0.973826
v -0.048577 0.014000 -0.988807
v -0.049068 0.017000 -0.998795
v -0.049460 0.008000 -1.006786
v -0.050049 0.000000 -1.018771
v -0.093606 0.000000 -0.950401
v -0.095567 0.006000 -0.970305
v -0.097037 0.014000 -0.985233
v -0.098017 0.017000 -0.995185
v -0.098801 0.008000 -1.003146
v -0.099977 0.000000 -1.015088
v -0.140128 0.000000 -0.944664
v -0.143062 0.006000 -0.964447
v -0.145263 0.014000 -0.979285
v -0.146730 0.017000 -0.989177
v -0.147904 0.008000 -0.997090
v -0.149665 0.000000 -1.008960
v -0.186311 0.000000 -0.936650
v -0.190213 0.006000 -0.956266
v -0.193139 0.014000 -0.970977
v -0.195090 0.017000 -0.980785
v -0.196651 0.008000 -0.988632
v -0.198992 0.000000 -1.000401
v -0.232046 0.000000 -0.926380
v -0.236906 0.006000 -0.945780
v -0.240550 0.014000 -0.960331
v -0.242980 0.017000 -0.970031
v -0.244924 0.008000 -0.977791
v -0.247840 0.000000 -0.989432
v -0.277222 0.000000 -0.913878
v -0.283028 0.006000 -0.933017
v -0.287382 0.014000 -0.947371
v -0.290285 0.017000 -0.956940
v -0.292607 0.008000 -0.964596
v -0.296090 0.000000 -0.976079
v -0.321730 0.000000 -0.899175
v -0.328468 0.006000 -0.918005
v -0.333521 0.014000 -0.932129
v -0.336890 0.017000 -0.941544
v -0.339585 0.008000 -0.949076
v -0.343628 0.000000 -0.960375
v -0.365463 0.000000 -0.882305
v -0.373116 0.006000 -0.900783
v -0.378857 0.014000 -0.914641
v -0.382683 0.017000 -0.923880
v -0.385745 0.008000 -0.931271
v -0.390337 0.000000 -0.942357
v -0.408315 0.000000 -0.863310
v -0.416866 0.006000 -0.881390
v -0.423280 0.014000 -0.894949
v -0.427555 0.017000 -0.903989
v -0.430976 0.008000 -0.911221
v -0.436106 0.000000 -0.922069
v -0.450184 0.000000 -0.842235
v -0.459612 0.006000 -0.859873
v -0.466683 0.014000 -0.873102
v -0.471397 0.017000 -0.881921
v -0.475168 0.008000 -0.888977
v -0.480825 0.000000 -0.899560
v -0.490968 0.000000 -0.819131
v -0.501250 0.006000 -0.836285
v -0.508962 0.014000 -0.849151
v -0.514103 0.017000 -0.857729
v -0.518216 0.008000 -0.864590
v -0.524385 0.000000 -0.874883
v -0.530570 0.000000 -0.794053
v -0.541681 0.006000 -0.810683
v -0.550015 0.014000 -0.823155
v -0.555570 0.017000 -0.831470
v -0.560015 0.008000 -0.838121
v -0.566682 0.000000 -0.848099
v -0.568893 0.000000 -0.767063
v -0.580807 0.006000 -0.783127
v -0.589742 0.014000 -0.795175
v -0.595699 0.017000 -0.803208
v -0.600465 0.008000 -0.809633
v -0.607613 0.000000 -0.819272
v -0.605846 0.000000 -0.738225
v -0.618533 0.006000 -0.753685
v -0.628049 0.014000 -0.765280
v -0.634393 0.017000 -0.773010
v -0.639468 0.008000 -0.779195
v -0.647081 0.000000 -0.788471
v -0.641339 0.000000 -0.707608
v -0.654770 0.006000 -0.722427
v -0.664843 0.014000 -0.733542
v -0.671559 0.017000 -0.740951
v -0.676931 0.008000 -0.746879
v -0.684990 0.000000 -0.755770
v -0.675287 0.000000 -0.675287
v -0.689429 0.006000 -0.689429
v -0.700036 0.014000 -0.700036
v -0.707107 0.017000 -0.707107
v -0.712764 0.008000 -0.712764
v -0.721249 0.000000 -0.721249
v -0.707608 0.000000 -0.641339
v -0.722427 0.006000 -0.654770
v -0.733542 0.014000 -0.664843
v -0.740951 0.017000 -0.671559
v -0.746879 0.008000 -0.676931
v -0.755770 0.000000 -0.684990
v -0.738225 0.000000 -0.605846
v -0.753685 0.006000 -0.618533
v -0.765280 0.014000 -0.628049
v -0.773010 0.017000 -0.634393
v -0.779195 0.008000 -0.639468
v -0.788471 0.000000 -0.647081
v -0.767063 0.000000 -0.568893
v -0.783127 0.006000 -0.580807
v -0.795175 0.014000 -0.589742
v -0.803208 0.017000 -0.595699
v -0.809633 0.008000 -0.600465
v -0.819272 0.000000 -0.607613
v -0.794053 0.000000 -0.530570
v -0.810683 0.006000 -0.541681
v -0.823155 0.014000 -0.550015
v -0.831470 0.017000 -0.555570
v -0.838121 0.008000 -0.560015
v -0.848099 0.000000 -0.566682
v -0.819131 0.000000 -0.490968
v -0.836285 0.006000 -0.501250
v -0.849151 0.014000 -0.508962
v -0.857729 0.017000 -0.514103
v -0.864590 0.008000 -0.518216
v -0.874883 0.000000 -0.524385
v -0.842235 0.000000 -0.450184
v -0.859873 0.006000 -0.459612
v -0.873102 0.014000 -0.466683
v -0.881921 0.017000 -0.471397
v -0.888977 0.008000 -0.475168
v -0.899560 0.000000 -0.480825
v -0.863310 0.000000 -0.408315
v -0.881390 0.006000 -0.416866
v -0.894949 0.014000 -0.423280
v -0.903989 0.017000 -0.427555
v -0.911221 0.008000 -0.430976
v -0.922069 0.000000 -0.436106
v -0.882305 0.000000 -0.365463
v -0.900783 0.006000 -0.373116
v -0.914641 0.014000 -0.378857
v -0.923880 0.017000 -0.382683
v -0.931271 0.008000 -0.385745
v -0.942357 0.000000 -0.390337
v -0.899175 0.000000 -0.321730
v -0.918005 0.006000 -0.328468
v -0.932129 0.014000 -0.333521
v -0.941544 0.017000 -0.336890
v -0.949076 0.008000 -0.339585
v -0.960375 0.000000 -0.343628
v -0.913878 0.000000 -0.277222
v -0.933017 0.006000 -0.283028
v -0.947371 0.014000 -0.287382
v -0.956940 0.017000 -0.290285
v -0.964596 0.008000 -0.292607
v -0.976079 0.000000 -0.296090
v -0.926380 0.000000 -0.232046
v -0.945780 0.006000 -0.236906
v -0.960331 0.014000 -0.240550
v -0.970031 0.017000 -0.242980
v -0.977791 0.008000 -0.244924
v -0.989432 0.000000 -0.247840
v -0.936650 0.000000 -0.186311
v -0.956266 0.006000 -0.190213
v -0.970977 0.014000 -0.193139
v -0.980785 0.017000 -0.195090
v -0.988632 0.008000 -0.196651
v -1.000401 0.000000 -0.198992
v -0.944664 0.000000 -0.140128
v -0.964447 0.006000 -0.143062
v -0.979285 0.014000 -0.145263
v -0.989177 0.017000 -0.146730
v -0.997090 0.008000 -0.147904
v -1.008960 0.000000 -0.149665
v -0.950401 0.000000 -0.093606
v -0.970305 0.006000 -0.095567
v -0.985233 0.014000 -0.097037
v -0.995185 0.017000 -0.098017
v -1.003146 0.008000 -0.098801
v -1.015088 0.000000 -0.099977
v -0.953850 0.000000 -0.046860
v -0.973826 0.006000 -0.047841
v -0.988807 0.014000 -0.048577
v -0.998795 0.017000 -0.049068
v -1.006786 0.008000 -0.049460
v -1.018771 0.000000 -0.050049
v -0.955000 0.000000 -0.000000
v -0.975000 0.006000 -0.000000
v -0.990000 0.014000 -0.000000
v -1.000000 0.017000 -0.000000
v -1.008000 0.008000 -0.000000
v -1.020000 0.000000 -0.000000
v -0.953850 0.000000 0.046860
v -0.973826 0.006000 0.047841
v -0.988807 0.014000 0.048577
v -0.998795 0.017000 0.049068
v -1.006786 0.008000 0.049460
v -1.018771 0.000000 0.050049
v -0.950401 0.000000 0.093606
v -0.970305 0.006000 0.095567
v -0.985233 0.014000 0.097037
v -0.995185 0.017000 0.098017
v -1.003146 0.008000 0.098801
v -1.015088 0.000000 0.099977
v -0.944664 0.000000 0.140128
v -0.964447 0.006000 0.143062
v -0.979285 0.014000 0.145263
v -0.989177 0.017000 0.146730
v -0.997090 0.008000 0.147904
v -1.008960 0.000000 0.149665
v -0.936650 0.000000 0.186311
v -0.956266 0.006000 0.190213
v -0.970977 0.014000 0.193139
v -0.980785 0.017000 0.195090
v -0.988632 0.008000 0.196651
v -1.000401 0.000000 0.198992
v -0.926380 0.000000 0.232046
v -0.945780 0.006000 0.236906
v -0.960331 0.014000 0.240550
v -0.970031 0.017000 0.242980
v -0.977791 0.008000 0.244924
v -0.989432 0.000000 0.247840
v -0.913878 0.000000 0.277222
v -0.933017 0.006000 0.283028
v -0.947371 0.014000 0.287382
v -0.956940 0.017000 0.290285
v -0.964596 0.008000 0.292607
v -0.976079 0.000000 0.296090
v -0.899175 0.000000 0.321730
v -0.918005 0.006000 0.328468
v -0.932129 0.014000 0.333521
v -0.941544 0.017000 0.336890
v -0.949076 0.008000 0.339585
v -0.960375 0.000000 0.343628
v -0.882305 0.000000 0.365463
v -0.900783 0.006000 0.373116
v -0.914641 0.014000 0.378857
v -0.923880 0.017000 0.382683
v -0.931271 0.008000 0.385745
v -0.942357 0.000000 0.390337
v -0.863310 0.000000 0.408315
v -0.881390 0.006000 0.416866
v -0.894949 0.014000 0.423280
v -0.903989 0.017000 0.427555
v -0.911221 0.008000 0.430976
v -0.922069 0.000000 0.436106
v -0.842235 0.000000 0.450184
v -0.859873 0.006000 0.459612
v -0.873102 0.014000 0.466683
v -0.881921 0.017000 0.471397
v -0.888977 0.008000 0.475168
v -0.899560 0.000000 0.480825
v -0.819131 0.000000 0.490968
v -0.836285 0.006000 0.501250
v -0.849151 0.014000 0.508962
v -0.857729 0.017000 0.514103
v -0.864590 0.008000 0.518216
v -0.874883 0.000000 0.524385
v -0.794053 0.000000 0.530570
v -0.810683 0.006000 0.541681
v -0.823155 0.014000 0.550015
v -0.831470 0.017000 0.555570
v -0.838121 0.008000 0.560015
v -0.848099 0.000000 0.566682
v -0.767063 0.000000 0.568893
v -0.783127 0.006000 0.580807
v -0.795175 0.014000 0.589742
v -0.803208 0.017000 0.595699
v -0.809633 0.008000 0.600465
v -0.819272 0.000000 0.607613
v -0.738225 0.000000 0.605846
v -0.753685 0.006000 0.618533
v -0.765280 0.014000 0.628049
v -0.773010 0.017000 0.634393
v -0.779195 0.008000 0.639468
v -0.788471 0.000000 0.647081
v -0.707608 0.000000 0.641339
v -0.722427 0.006000 0.654770
v -0.733542 0.014000 0.664843
v -0.740951 0.017000 0.671559
v -0.746879 0.008000 0.676931
v -0.755770 0.000000 0.684990
v -0.675287 0.000000 0.675287
v -0.689429 0.006000 0.689429
v -0.700036 0.014000 0.700036
v -0.707107 0.017000 0.707107
v -0.712764 0.008000 0.712764
v -0.721249 0.000000 0.721249
v -0.641339 0.000000 0.707608
v -0.654770 0.006000 0.722427
v -0.664843 0.014000 0.733542
v -0.671559 0.017000 0.740951
v -0.676931 0.008000 0.746879
v -0.684990 0.000000 0.755770
v -0.605846 0.000000 0.738225
v -0.618533 0.006000 0.753685
v -0.628049 0.014000 0.765280
v -0.634393 0.017000 0.773010
v -0.639468 0.008000 0.779195
v -0.647081 0.000000 0.788471
v -0.568893 0.000000 0.767063
v -0.580807 0.006000 0.783127
v -0.589742 0.014000 0.795175
v -0.595699 0.017000 0.803208
v -0.600465 0.008000 0.809633
v -0.607613 0.000000 0.819272
v -0.530570 0.000000 0.794053
v -0.541681 0.006000 0.810683
v -0.550015 0.014000 0.823155
v -0.555570 0.017000 0.831470
v -0.560015 0.008000 0.838121
v -0.566682 0.000000 0.848099
v -0.490968 0.000000 0.819131
v -0.501250 0.006000 0.836285
v -0.508962 0.014000 0.849151
v -0.514103 0.017000 0.857729
v -0.518216 0.008000 0.864590
v -0.524385 0.000000 0.874883
v -0.450184 0.000000 0.842235
v -0.459612 0.006000 0.859873
v -0.466683 0.014000 0.873102
v -0.471397 0.017000 0.881921
v -0.475168 0.008000 0.888977
v -0.480825 0.000000 0.899560
v -0.408315 0.000000 0.863310
v -0.416866 0.006000 0.881390
v -0.423280 0.014000 0.894949
v -0.427555 0.017000 0.903989
v -0.430976 0.008000 0.911221
v -0.436106 0.000000 0.922069
v -0.365463 0.000000 0.882305
v -0.373116 0.006000 0.900783
v -0.378857 0.014000 0.914641
v -0.382683 0.017000 0.923880
v -0.385745 0.008000 0.931271
v -0.390337 0.000000 0.942357
v -0.321730 0.000000 0.899175
v -0.328468 0.006000 0.918005
v -0.333521 0.014000 0.932129
v -0.336890 0.017000 0.941544
v -0.339585 0.008000 0.949076
v -0.343628 0.000000 0.960375
v -0.277222 0.000000 0.913878
v -0.283028 0.006000 0.933017
v -0.287382 0.014000 0.947371
v -0.290285 0.017000 0.956940
v -0.292607 0.008000 0.964596
v -0.296090 0.000000 0.976079
v -0.232046 0.000000 0.926380
v -0.236906 0.006000 0.945780
v -0.240550 0.014000 0.960331
v -0.242980 0.017000 0.970031
v -0.244924 0.008000 0.977791
v -0.247840 0.000000 0.989432
v -0.186311 0.000000 0.936650
v -0.190213 0.006000 0.956266
v -0.193139 0.014000 0.970977
v -0.195090 0.017000 0.980785
v -0.196651 0.008000 0.988632
v -0.198992 0.000000 1.000401
v -0.140128 0.000000 0.944664
v -0.143062 0.006000 0.964447
v -0.145263 0.014000 0.979285
v -0.146730 0.017000 0.989177
v -0.147904 0.008000 0.997090
v -0.149665 0.000000 1.008960
v -0.093606 0.000000 0.950401
v -0.095567 0.006000 0.970305
v -0.097037 0.014000 0.985233
v -0.098017 0.017000 0.995185
v -0.098801 0.008000 1.003146
v -0.099977 0.000000 1.015088
v -0.046860 0.000000 0.953850
v -0.047841 0.006000 0.973826
v -0.048577 0.014000 0.988807
v -0.049068 0.017000 0.998795
v -0.049460 0.008000 1.006786
v -0.050049 0.000000 1.018771
v -0.000000 0.000000 0.955000
v -0.000000 0.006000 0.975000
v -0.000000 0.014000 0.990000
v -0.000000 0.017000 1.000000
v -0.000000 0.008000 1.008000
v -0.000000 0.000000 1.020000
v 0.046860 0.000000 0.953850
v 0.047841 0.006000 0.973826
v 0.048577 0.014000 0.988807
v 0.049068 0.017000 0.998795
v 0.049460 0.008000 1.006786
v 0.050049 0.000000 1.018771
v 0.093606 0.000000 0.950401
v 0.095567 0.006000 0.970305
v 0.097037 0.014000 0.985233
v 0.098017 0.017000 0.995185
v 0.098801 0.008000 1.003146
v 0.099977 0.000000 1.015088
v 0.140128 0.000000 0.944664
v 0.143062 0.006000 0.964447
v 0.145263 0.014000 0.979285
v 0.146730 0.017000 0.989177
v 0.147904 0.008000 0.997090
v 0.149665 0.000000 1.008960
v 0.186311 0.000000 0.936650
v 0.190213 0.006000 0.956266
v 0.193139 0.014000 0.970977
v 0.195090 0.017000 0.980785
v 0.196651 0.008000 0.988632
v 0.198992 0.000000 1.000401
v 0.232046 0.000000 0.926380
v 0.236906 0.006000 0.945780
v 0.240550 0.014000 0.960331
v 0.242980 0.017000 0.970031
v 0.244924 0.008000 0.977791
v 0.247840 0.000000 0.989432
v 0.277222 0.000000 0.913878
v 0.283028 0.006000 0.933017
v 0.287382 0.014000 0.947371
v 0.290285 0.017000 0.956940
v 0.292607 0.008000 0.964596
v 0.296090 0.000000 0.976079
v 0.321730 0.000000 0.899175
v 0.328468 0.006000 0.918005
v 0.333521 0.014000 0.932129
v 0.336890 0.017000 0.941544
v 0.339585 0.008000 0.949076
v 0.343628 0.000000 0.960375
v 0.365463 0.000000 0.882305
v 0.373116 0.006000 0.900783
v 0.378857 0.014000 0.914641
v 0.382683 0.017000 0.923880
v 0.385745 0.008000 0.931271
v 0.390337 0.000000 0.942357
v 0.408315 0.000000 0.863310
v 0.416866 0.006000 0.881390
v 0.423280 0.014000 0.894949
v 0.427555 0.017000 0.903989
v 0.430976 0.008000 0.911221
v 0.436106 0.000000 0.922069
v 0.450184 0.000000 0.842235
v 0.459612 0.006000 0.859873
v 0.466683 0.014000 0.873102
v 0.471397 0.017000 0.881921
v 0.475168 0.008000 0.888977
v 0.480825 0.000000 0.899560
v 0.490968 0.000000 0.819131
v 0.501250 0.006000 0.836285
v 0.508962 0.014000 0.849151
v 0.514103 0.017000 0.857729
v 0.518216 0.008000 0.864590
v 0.524385 0.000000 0.874883
v 0.530570 0.000000 0.794053
v 0.541681 0.006000 0.810683
v 0.550015 0.014000 0.823155
v 0.555570 0.017000 0.831470
v 0.560015 0.008000 0.838121
v 0.566682 0.000000 0.848099
v 0.568893 0.000000 0.767063
v 0.580807 0.006000 0.783127
v 0.589742 0.014000 0.795175
v 0.595699 0.017000 0.803208
v 0.600465 0.008000 0.809633
v 0.607613 0.000000 0.819272
v 0.605846 0.000000 0.738225
v 0.618533 0.006000 0.753685
v 0.628049 0.014000 0.765280
v 0.634393 0.017000 0.773010
v 0.639468 0.008000 0.779195
v 0.647081 0.000000 0.788471
v 0.641339 0.000000 0.707608
v 0.654770 0.006000 0.722427
v 0.664843 0.014000 0.733542
v 0.671559 0.017000 0.740951
v 0.676931 0.008000 0.746879
v 0.684990 0.000000 0.755770
v 0.675287 0.000000 0.675287
v 0.689429 0.006000 0.689429
v 0.700036 0.014000 0.700036
v 0.707107 0.017000 0.707107
v 0.712764 0.008000 0.712764
v 0.721249 0.000000 0.721249
v 0.707608 0.000000 0.641339
v 0.722427 0.006000 0.654770
v 0.733542 0.014000 0.664843
v 0.740951 0.017000 0.671559
v 0.746879 0.008000 0.676931
v 0.755770 0.000000 0.684990
v 0.738225 0.000000 0.605846
v 0.753685 0.006000 0.618533
v 0.765280 0.014000 0.628049
v 0.773010 0.017000 0.634393
v 0.779195 0.008000 0.639468
v 0.788471 0.000000 0.647081
v 0.767063 0.000000 0.568893
v 0.783127 0.006000 0.580807
v 0.795175 0.014000 0.589742
v 0.803208 0.017000 0.595699
v 0.809633 0.008000 0.600465
v 0.819272 0.000000 0.607613
v 0.794053 0.000000 0.530570
v 0.810683 0.006000 0.541681
v 0.823155 0.014000 0.550015
v 0.831470 0.017000 0.555570
v 0.838121 0.008000 0.560015
v 0.848099 0.000000 0.566682
v 0.819131 0.000000 0.490968
v 0.836285 0.006000 0.501250
v 0.849151 0.014000 0.508962
v 0.857729 0.017000 0.514103
v 0.864590 0.008000 0.518216
v 0.874883 0.000000 0.524385
v 0.842235 0.000000 0.450184
v 0.859873 0.006000 0.459612
v 0.873102 0.014000 0.466683
v 0.881921 0.017000 0.471397
v 0.888977 0.008000 0.475168
v 0.899560 0.000000 0.480825
v 0.863310 0.000000 0.408315
v 0.881390 0.006000 0.416866
v 0.894949 0.014000 0.423280
v 0.903989 0.017000 0.427555
v 0.911221 0.008000 0.430976
v 0.922069 0.000000 0.436106
v 0.882305 0.000000 0.365463
v 0.900783 0.006000 0.373116
v 0.914641 0.014000 0.378857
v 0.923880 0.017000 0.382683
v 0.931271 0.008000 0.385745
v 0.942357 0.000000 0.390337
v 0.899175 0.000000 0.321730
v 0.918005 0.006000 0.328468
v 0.932129 0.014000 0.333521
v 0.941544 0.017000 0.336890
v 0.949076 0.008000 0.339585
v 0.960375 0.000000 0.343628
v 0.913878 0.000000 0.277222
v 0.933017 0.006000 0.283028
v 0.947371 0.014000 0.287382
v 0.956940 0.017000 0.290285
v 0.964596 0.008000 0.292607
v 0.976079 0.000000 0.296090
v 0.926380 0.000000 0.232046
v 0.945780 0.006000 0.236906
v 0.960331 0.014000 0.240550
v 0.970031 0.017000 0.242980
v 0.977791 0.008000 0.244924
v 0.989432 0.000000 0.247840
v 0.936650 0.000000 0.186311
v 0.956266 0.006000 0.190213
v 0.970977 0.014000 0.193139
v 0.980785 0.017000 0.195090
v 0.988632 0.008000 0.196651
v 1.000401 0.000000 0.198992
v 0.944664 0.000000 0.140128
v 0.964447 0.006000 0.143062
v 0.979285 0.014000 0.145263
v 0.989177 0.017000 0.146730
v 0.997090 0.008000 0.147904
v 1.008960 0.000000 0.149665
v 0.950401 0.000000 0.093606
v 0.970305 0.006000 0.095567
v 0.985233 0.014000 0.097037
v 0.995185 0.017000 0.098017
v 1.003146 0.008000 0.098801
v 1.015088 0.000000 0.099977
v 0.953850 0.000000 0.046860
v 0.973826 0.006000 0.047841
v 0.988807 0.014000 0.048577
v 0.998795 0.017000 0.049068
v 1.006786 0.008000 0.049460
v 1.018771 0.000000 0.050049
v 0.955000 0.000000 0.000000
v 0.975000 0.006000 0.000000
v 0.990000 0.014000 0.000000
v 1.000000 0.017000 0.000000
v 1.008000 0.008000 0.000000
v 1.020000 0.000000 0.000000
vn 0.2873 -0.9578 -0.0071
vn 0.4706 -0.8823 -0.0115
vn -0.7473 -0.6643 0.0183
vn -0.5546 -0.8320 0.0136
vn 0.2866 -0.9578 -0.0211
vn 0.4694 -0.8823 -0.0346
vn -0.7455 -0.6643 0.0550
vn -0.5533 -0.8320 0.0408
vn 0.2853 -0.9578 -0.0352
vn 0.4672 -0.8823 -0.0576
vn -0.7419 -0.6643 0.0915
vn -0.5506 -0.8320 0.0679
vn 0.2832 -0.9578 -0.0491
vn 0.4638 -0.8823 -0.0805
vn -0.7365 -0.6643 0.1278
vn -0.5466 -0.8320 0.0949
vn 0.2804 -0.9578 -0.0630
vn 0.4593 -0.8823 -0.1031
vn -0.7293 -0.6643 0.1638
vn -0.5413 -0.8320 0.1216
vn 0.2770 -0.9578 -0.0767
vn 0.4536 -0.8823 -0.1255
vn -0.7204 -0.6643 0.1994
vn -0.5347 -0.8320 0.1480
vn 0.2729 -0.9578 -0.0902
vn 0.4469 -0.8823 -0.1476
vn -0.7098 -0.6643 0.2345
vn -0.5268 -0.8320 0.1740
vn 0.2682 -0.9578 -0.1034
vn 0.4392 -0.8823 -0.1694
vn -0.6974 -0.6643 0.2690
vn -0.5176 -0.8320 0.1997
vn 0.2628 -0.9578 -0.1165
vn 0.4303 -0.8823 -0.1907
vn -0.6834 -0.6643 0.3029
vn -0.5072 -0.8320 0.2248
vn 0.2567 -0.9578 -0.1292
vn 0.4204 -0.8823 -0.2116
vn -0.6677 -0.6643 0.3361
vn -0.4956 -0.8320 0.2495
vn 0.2501 -0.9578 -0.1417
vn 0.4095 -0.8823 -0.2320
vn -0.6504 -0.6643 0.3684
vn -0.4827 -0.8320 0.2735
vn 0.2428 -0.9578 -0.1538
vn 0.3977 -0.8823 -0.2518
vn -0.6315 -0.6643 0.3999
vn -0.4687 -0.8320 0.2968
vn 0.2350 -0.9578 -0.1655
vn 0.3848 -0.8823 -0.2710
vn -0.6112 -0.6642 0.4304
vn -0.4536 -0.8320 0.3195
vn 0.2266 -0.9578 -0.1768
vn 0.3711 -0.8823 -0.2896
vn -0.5893 -0.6642 0.4599
vn -0.4374 -0.8320 0.3413
vn 0.2176 -0.9578 -0.1877
vn 0.3564 -0.8823 -0.3074
vn -0.5660 -0.6643 0.4883
vn -0.4201 -0.8320 0.3624
vn 0.2082 -0.9578 -0.1982
vn 0.3409 -0.8823 -0.3246
vn -0.5414 -0.6643 0.5154
vn -0.4018 -0.8320 0.3826
vn 0.1982 -0.9578 -0.2082
vn 0.3246 -0.8823 -0.3409
vn -0.5154 -0.6643 0.5414
vn -0.3826 -0.8320 0.4018
vn 0.1877 -0.9578 -0.2176
vn 0.3074 -0.8823 -0.3564
vn -0.4883 -0.6642 0.5660
vn -0.3624 -0.8320 0.4201
vn 0.1768 -0.9578 -0.2266
vn 0.2896 -0.8823 -0.3711
vn -0.4599 -0.6643 0.5893
vn -0.3413 -0.8320 0.4374
vn 0.1655 -0.9578 -0.2350
vn 0.2710 -0.8823 -0.3848
vn -0.4304 -0.6642 0.6112
vn -0.3195 -0.8320 0.4536
vn 0.1538 -0.9578 -0.2428
vn 0.2518 -0.8823 -0.3977
vn -0.3999 -0.6643 0.6315
vn -0.2968 -0.8320 0.4687
vn 0.1417 -0.9578 -0.2501
vn 0.2320 -0.8823 -0.4095
vn -0.3684 -0.6643 0.6504
vn -0.2735 -0.8320 0.4827
vn 0.1292 -0.9578 -0.2567
vn 0.2116 -0.8823 -0.4204
vn -0.3361 -0.6642 0.6677
vn -0.2494 -0.8320 0.4956
vn 0.1165 -0.9578 -0.2628
vn 0.1907 -0.8823 -0.4303
vn -0.3029 -0.6642 0.6834
vn -0.2248 -0.8320 0.5072
vn 0.1034 -0.9578 -0.2682
vn 0.1694 -0.8823 -0.4392
vn -0.2690 -0.6643 0.6974
vn -0.1997 -0.8320 0.5176
vn 0.0902 -0.9578 -0.2729
vn 0.1477 -0.8823 -0.4469
vn -0.2345 -0.6643 0.7098
vn -0.1740 -0.8320 0.5268
vn 0.0767 -0.9578 -0.2770
vn 0.1255 -0.8823 -0.4536
vn -0.1994 -0.6642 0.7204
vn -0.1480 -0.8320 0.5347
vn 0.0630 -0.9578 -0.2804
vn 0.1031 -0.8823 -0.4593
vn -0.1638 -0.6642 0.7294
vn -0.1216 -0.8320 0.5413
vn 0.0491 -0.9578 -0.2832
vn 0.0805 -0.8823 -0.4638
vn -0.1278 -0.6643 0.7365
vn -0.0949 -0.8320 0.5466
vn 0.0352 -0.9578 -0.2853
vn 0.0576 -0.8823 -0.4672
vn -0.0915 -0.6643 0.7419
vn -0.0679 -0.8320 0.5506
vn 0.0211 -0.9578 -0.2866
vn 0.0346 -0.8823 -0.4694
vn 0.0211 -0.9578 -0.2867
vn -0.0550 -0.6643 0.7455
vn -0.0408 -0.8320 0.5533
vn 0.0071 -0.9578 -0.2873
vn 0.0116 -0.8823 -0.4706
vn -0.0183 -0.6642 0.7473
vn -0.0136 -0.8320 0.5546
vn -0.0071 -0.9578 -0.2873
vn -0.0116 -0.8823 -0.4706
vn 0.0183 -0.6642 0.7473
vn 0.0136 -0.8320 0.5546
vn -0.0211 -0.9578 -0.2866
vn -0.0346 -0.8823 -0.4694
vn -0.0211 -0.9578 -0.2867
vn 0.0550 -0.6643 0.7455
vn 0.0408 -0.8320 0.5533
vn -0.0352 -0.9578 -0.2853
vn -0.0576 -0.8823 -0.4672
vn 0.0915 -0.6643 0.7419
vn 0.0679 -0.8320 0.5506
vn -0.0491 -0.9578 -0.2832
vn -0.0805 -0.8823 -0.4638
vn 0.1278 -0.6642 0.7365
vn 0.0949 -0.8320 0.5467
vn -0.0630 -0.9578 -0.2804
vn -0.1031 -0.8823 -0.4593
vn 0.1638 -0.6643 0.7293
vn 0.1216 -0.8320 0.5413
vn -0.0767 -0.9578 -0.2770
vn -0.1255 -0.8823 -0.4536
vn 0.1994 -0.6642 0.7204
vn 0.1480 -0.8320 0.5347
vn -0.0902 -0.9578 -0.2729
vn -0.1476 -0.8823 -0.4469
vn 0.2345 -0.6642 0.7098
vn 0.1740 -0.8320 0.5268
vn -0.1034 -0.9578 -0.2682
vn -0.1694 -0.8823 -0.4392
vn 0.2690 -0.6642 0.6974
vn 0.1997 -0.8320 0.5176
vn -0.1165 -0.9578 -0.2628
vn -0.1907 -0.8823 -0.4303
vn 0.3029 -0.6643 0.6834
vn 0.2248 -0.8320 0.5072
vn -0.1292 -0.9578 -0.2567
vn -0.2116 -0.8823 -0.4204
vn 0.3361 -0.6642 0.6677
vn 0.2495 -0.8320 0.4956
vn -0.1417 -0.9578 -0.2501
vn -0.2320 -0.8823 -0.4095
vn 0.3684 -0.6643 0.6504
vn 0.2735 -0.8320 0.4827
vn -0.1538 -0.9578 -0.2428
vn -0.2518 -0.8823 -0.3977
vn 0.3999 -0.6643 0.6315
vn 0.2968 -0.8320 0.4687
vn -0.1655 -0.9578 -0.2350
vn -0.2710 -0.8823 -0.3848
vn 0.4304 -0.6642 0.6112
vn 0.3195 -0.8320 0.4536
vn -0.1768 -0.9578 -0.2266
vn -0.2896 -0.8823 -0.3711
vn 0.4599 -0.6643 0.5893
vn 0.3413 -0.8320 0.4374
vn -0.1877 -0.9578 -0.2176
vn -0.3074 -0.8823 -0.3564
vn 0.4882 -0.6643 0.5660
vn 0.3624 -0.8320 0.4201
vn -0.1982 -0.9578 -0.2082
vn -0.3246 -0.8823 -0.3409
vn 0.5154 -0.6643 0.5414
vn 0.3826 -0.8320 0.4018
vn -0.2082 -0.9578 -0.1982
vn -0.3409 -0.8823 -0.3246
vn 0.5414 -0.6643 0.5154
vn 0.4018 -0.8320 0.3826
vn -0.2176 -0.9578 -0.1877
vn -0.3564 -0.8823 -0.3074
vn 0.5660 -0.6643 0.4883
vn 0.4201 -0.8320 0.3624
vn -0.2266 -0.9578 -0.1768
vn -0.3711 -0.8823 -0.2896
vn 0.5893 -0.6643 0.4599
vn 0.4374 -0.8320 0.3413
vn -0.2350 -0.9578 -0.1655
vn -0.3848 -0.8823 -0.2710
vn 0.6112 -0.6643 0.4304
vn 0.4536 -0.8320 0.3195
vn -0.2428 -0.9578 -0.1538
vn -0.3977 -0.8823 -0.2518
vn 0.6315 -0.6643 0.3999
vn 0.4687 -0.8320 0.2968
vn -0.2501 -0.9578 -0.1417
vn -0.4095 -0.8823 -0.2320
vn 0.6504 -0.6643 0.3684
vn 0.4827 -0.8320 0.2735
vn -0.2567 -0.9578 -0.1292
vn -0.4204 -0.8823 -0.2116
vn 0.6677 -0.6642 0.3361
vn 0.4956 -0.8320 0.2494
vn -0.2628 -0.9578 -0.1165
vn -0.4303 -0.8823 -0.1907
vn 0.6834 -0.6643 0.3029
vn 0.5072 -0.8320 0.2248
vn -0.2682 -0.9578 -0.1034
vn -0.4392 -0.8823 -0.1694
vn 0.6974 -0.6643 0.2690
vn 0.5176 -0.8320 0.1997
vn -0.2729 -0.9578 -0.0902
vn -0.4469 -0.8823 -0.1476
vn 0.7098 -0.6643 0.2345
vn 0.5268 -0.8320 0.1740
vn -0.2770 -0.9578 -0.0767
vn -0.4536 -0.8823 -0.1255
vn 0.7204 -0.6643 0.1994
vn 0.5347 -0.8320 0.1480
vn -0.2804 -0.9578 -0.0630
vn -0.4593 -0.8823 -0.1031
vn 0.7293 -0.6643 0.1638
vn 0.5413 -0.8320 0.1216
vn -0.2832 -0.9578 -0.0491
vn -0.4638 -0.8823 -0.0805
vn 0.7365 -0.6643 0.1278
vn 0.5466 -0.8320 0.0949
vn -0.2853 -0.9578 -0.0352
vn -0.4672 -0.8823 -0.0576
vn 0.7419 -0.6643 0.0915
vn 0.5506 -0.8320 0.0679
vn -0.2866 -0.9578 -0.0211
vn -0.4694 -0.8823 -0.0346
vn 0.7455 -0.6643 0.0550
vn 0.5533 -0.8320 0.0408
vn -0.2873 -0.9578 -0.0071
vn -0.4706 -0.8823 -0.0116
vn 0.7473 -0.6643 0.0183
vn 0.5546 -0.8320 0.0136
vn -0.2873 -0.9578 0.0071
vn -0.4706 -0.8823 0.0115
vn 0.7473 -0.6643 -0.0183
vn 0.5546 -0.8320 -0.0136
vn -0.2866 -0.9578 0.0211
vn -0.4694 -0.8823 0.0346
vn 0.7455 -0.6643 -0.0550
vn 0.5533 -0.8320 -0.0408
vn -0.2853 -0.9578 0.0352
vn -0.4672 -0.8823 0.0576
vn 0.7419 -0.6643 -0.0915
vn 0.5506 -0.8320 -0.0679
vn -0.2832 -0.9578 0.0491
vn -0.4638 -0.8823 0.0805
vn 0.7365 -0.6643 -0.1278
vn 0.5466 -0.8320 -0.0949
vn -0.2804 -0.9578 0.0630
vn -0.4593 -0.8823 0.1031
vn 0.7293 -0.6643 -0.1638
vn 0.5413 -0.8320 -0.1216
vn -0.2770 -0.9578 0.0767
vn -0.4536 -0.8823 0.1255
vn 0.7204 -0.6643 -0.1994
vn 0.5347 -0.8320 -0.1480
vn -0.2729 -0.9578 0.0902
vn -0.4469 -0.8823 0.1476
vn 0.7098 -0.6643 -0.2345
vn 0.5268 -0.8320 -0.1740
vn -0.2682 -0.9578 0.1034
vn -0.4392 -0.8823 0.1694
vn 0.6974 -0.6643 -0.2690
vn 0.5176 -0.8320 -0.1997
vn -0.2628 -0.9578 0.1165
vn -0.4303 -0.8823 0.1907
vn 0.6834 -0.6643 -0.3029
vn 0.5072 -0.8320 -0.2248
vn -0.2567 -0.9578 0.1292
vn -0.4204 -0.8823 0.2116
vn 0.6677 -0.6643 -0.3361
vn 0.4956 -0.8320 -0.2495
vn -0.2501 -0.9578 0.1417
vn -0.4095 -0.8823 0.2320
vn 0.6504 -0.6643 -0.3684
vn 0.4827 -0.8320 -0.2735
vn -0.2428 -0.9578 0.1538
vn -0.3977 -0.8823 0.2518
vn 0.6315 -0.6643 -0.3999
vn 0.4687 -0.8320 -0.2968
vn -0.2350 -0.9578 0.1655
vn -0.3848 -0.8823 0.2710
vn 0.6112 -0.6642 -0.4304
vn 0.4536 -0.8320 -0.3195
vn -0.2266 -0.9578 0.1768
vn -0.3711 -0.8823 0.2896
vn 0.5893 -0.6642 -0.4599
vn 0.4374 -0.8320 -0.3413
vn -0.2176 -0.9578 0.1877
vn -0.3564 -0.8823 0.3074
vn 0.5660 -0.6643 -0.4883
vn 0.4201 -0.8320 -0.3624
vn -0.2082 -0.9578 0.1982
vn -0.3409 -0.8823 0.3246
vn 0.5414 -0.6643 -0.5154
vn 0.4018 -0.8320 -0.3826
vn -0.1982 -0.9578 0.2082
vn -0.3246 -0.8823 0.3409
vn 0.5154 -0.6643 -0.5414
vn 0.3826 -0.8320 -0.4018
vn -0.1877 -0.9578 0.2176
vn -0.3074 -0.8823 0.3564
vn 0.4883 -0.6642 -0.5660
vn 0.3624 -0.8320 -0.4201
vn -0.1768 -0.9578 0.2266
vn -0.2896 -0.8823 0.3711
vn 0.4599 -0.6643 -0.5893
vn 0.3413 -0.8320 -0.4374
vn -0.1655 -0.9578 0.2350
vn -0.2710 -0.8823 0.3848
vn 0.4304 -0.6642 -0.6112
vn 0.3195 -0.8320 -0.4536
vn -0.1538 -0.9578 0.2428
vn -0.2518 -0.8823 0.3977
vn 0.3999 -0.6643 -0.6315
vn 0.2968 -0.8320 -0.4687
vn -0.1417 -0.9578 0.2501
vn -0.2320 -0.8823 0.4095
vn 0.3684 -0.6643 -0.6504
vn 0.2735 -0.8320 -0.4827
vn -0.1292 -0.9578 0.2567
vn -0.2116 -0.8823 0.4204
vn 0.3361 -0.6642 -0.6677
vn 0.2494 -0.8320 -0.4956
vn -0.1165 -0.9578 0.2628
vn -0.1907 -0.8823 0.4303
vn 0.3029 -0.6642 -0.6834
vn 0.2248 -0.8320 -0.5072
vn -0.1034 -0.9578 0.2682
vn -0.1694 -0.8823 0.4392
vn 0.2690 -0.6643 -0.6974
vn 0.1997 -0.8320 -0.5176
vn -0.0902 -0.9578 0.2729
vn -0.1477 -0.8823 0.4469
vn 0.2345 -0.6643 -0.7098
vn 0.1740 -0.8320 -0.5268
vn -0.0767 -0.9578 0.2770
vn -0.1255 -0.8823 0.4536
vn 0.1994 -0.6642 -0.7204
vn 0.1480 -0.8320 -0.5347
vn -0.0630 -0.9578 0.2804
vn -0.1031 -0.8823 0.4593
vn 0.1638 -0.6642 -0.7294
vn 0.1216 -0.8320 -0.5413
vn -0.0491 -0.9578 0.2832
vn -0.0805 -0.8823 0.4638
vn 0.1278 -0.6643 -0.7365
vn 0.0949 -0.8320 -0.5466
vn -0.0352 -0.9578 0.2853
vn -0.0576 -0.8823 0.4672
vn 0.0915 -0.6643 -0.7419
vn 0.0679 -0.8320 -0.5506
vn -0.0211 -0.9578 0.2866
vn -0.0346 -0.8823 0.4694
vn -0.0211 -0.9578 0.2867
vn 0.0550 -0.6643 -0.7455
vn 0.0408 -0.8320 -0.5533
vn -0.0071 -0.9578 0.2873
vn -0.0116 -0.8823 0.4706
vn 0.0183 -0.6642 -0.7473
vn 0.0136 -0.8320 -0.5546
vn 0.0071 -0.9578 0.2873
vn 0.0116 -0.8823 0.4706
vn -0.0183 -0.6642 -0.7473
vn -0.0136 -0.8320 -0.5546
vn 0.0211 -0.9578 0.2866
vn 0.0346 -0.8823 0.4694
vn 0.0211 -0.9578 0.2867
vn -0.0550 -0.6643 -0.7455
vn -0.0408 -0.8320 -0.5533
vn 0.0352 -0.9578 0.2853
vn 0.0576 -0.8823 0.4672
vn -0.0915 -0.6643 -0.7419
vn -0.0679 -0.8320 -0.5506
vn 0.0491 -0.9578 0.2832
vn 0.0805 -0.8823 0.4638
vn -0.1278 -0.6642 -0.7365
vn -0.0949 -0.8320 -0.5467
vn 0.0630 -0.9578 0.2804
vn 0.1031 -0.8823 0.4593
vn -0.1638 -0.6643 -0.7293
vn -0.1216 -0.8320 -0.5413
vn 0.0767 -0.9578 0.2770
vn 0.1255 -0.8823 0.4536
vn -0.1994 -0.6642 -0.7204
vn -0.1480 -0.8320 -0.5347
vn 0.0902 -0.9578 0.2729
vn 0.1476 -0.8823 0.4469
vn -0.2345 -0.6642 -0.7098
vn -0.1740 -0.8320 -0.5268
vn 0.1034 -0.9578 0.2682
vn 0.1694 -0.8823 0.4392
vn -0.2690 -0.6642 -0.6974
vn -0.1997 -0.8320 -0.5176
vn 0.1165 -0.9578 0.2628
vn 0.1907 -0.8823 0.4303
vn -0.3029 -0.6643 -0.6834
vn -0.2248 -0.8320 -0.5072
vn 0.1292 -0.9578 0.2567
vn 0.2116 -0.8823 0.4204
vn -0.3361 -0.6642 -0.6677
vn -0.2495 -0.8320 -0.4956
vn 0.1417 -0.9578 0.2501
vn 0.2320 -0.8823 0.4095
vn -0.3684 -0.6643 -0.6504
vn -0.2735 -0.8320 -0.4827
vn 0.1538 -0.9578 0.2428
vn 0.2518 -0.8823 0.3977
vn -0.3999 -0.6643 -0.6315
vn -0.2968 -0.8320 -0.4687
vn 0.1655 -0.9578 0.2350
vn 0.2710 -0.8823 0.3848
vn -0.4304 -0.6642 -0.6112
vn -0.3195 -0.8320 -0.4536
vn 0.1768 -0.9578 0.2266
vn 0.2896 -0.8823 0.3711
vn -0.4599 -0.6643 -0.5893
vn -0.3413 -0.8320 -0.4374
vn 0.1877 -0.9578 0.2176
vn 0.3074 -0.8823 0.3564
vn -0.4882 -0.6643 -0.5660
vn -0.3624 -0.8320 -0.4201
vn 0.1982 -0.9578 0.2082
vn 0.3246 -0.8823 0.3409
vn -0.5154 -0.6643 -0.5414
vn -0.3826 -0.8320 -0.4018
vn 0.2082 -0.9578 0.1982
vn 0.3409 -0.8823 0.3246
vn -0.5414 -0.6643 -0.5154
vn -0.4018 -0.8320 -0.3826
vn 0.2176 -0.9578 0.1877
vn 0.3564 -0.8823 0.3074
vn -0.5660 -0.6643 -0.4883
vn -0.4201 -0.8320 -0.3624
vn 0.2266 -0.9578 0.1768
vn 0.3711 -0.8823 0.2896
vn -0.5893 -0.6643 -0.4599
vn -0.4374 -0.8320 -0.3413
vn 0.2350 -0.9578 0.1655
vn 0.3848 -0.8823 0.2710
vn -0.6112 -0.6643 -0.4304
vn -0.4536 -0.8320 -0.3195
vn 0.2428 -0.9578 0.1538
vn 0.3977 -0.8823 0.2518
vn -0.6315 -0.6643 -0.3999
vn -0.4687 -0.8320 -0.2968
vn 0.2501 -0.9578 0.1417
vn 0.4095 -0.8823 0.2320
vn -0.6504 -0.6643 -0.3684
vn -0.4827 -0.8320 -0.2735
vn 0.2567 -0.9578 0.1292
vn 0.4204 -0.8823 0.2116
vn -0.6677 -0.6642 -0.3361
vn -0.4956 -0.8320 -0.2494
vn 0.2628 -0.9578 0.1165
vn 0.4303 -0.8823 0.1907
vn -0.6834 -0.6643 -0.3029
vn -0.5072 -0.8320 -0.2248
vn 0.2682 -0.9578 0.1034
vn 0.4392 -0.8823 0.1694
vn -0.6974 -0.6643 -0.2690
vn -0.5176 -0.8320 -0.1997
vn 0.2729 -0.9578 0.0902
vn 0.4469 -0.8823 0.1476
vn -0.7098 -0.6643 -0.2345
vn -0.5268 -0.8320 -0.1740
vn 0.2770 -0.9578 0.0767
vn 0.4536 -0.8823 0.1255
vn -0.7204 -0.6643 -0.1994
vn -0.5347 -0.8320 -0.1480
vn 0.2804 -0.9578 0.0630
vn 0.4593 -0.8823 0.1031
vn -0.7293 -0.6643 -0.1638
vn -0.5413 -0.8320 -0.1216
vn 0.2832 -0.9578 0.0491
vn 0.4638 -0.8823 0.0805
vn -0.7365 -0.6643 -0.1278
vn -0.5466 -0.8320 -0.0949
vn 0.2853 -0.9578 0.0352
vn 0.4672 -0.8823 0.0576
vn -0.7419 -0.6643 -0.0915
vn -0.5506 -0.8320 -0.0679
vn 0.2866 -0.9578 0.0211
vn 0.4694 -0.8823 0.0346
vn -0.7455 -0.6643 -0.0550
vn -0.5533 -0.8320 -0.0408
vn 0.2873 -0.9578 0.0071
vn 0.4706 -0.8823 0.0116
vn -0.7473 -0.6643 -0.0183
vn -0.5546 -0.8320 -0.0136
vn 0.4706 -0.8823 -0.0116
vn 0.4469 -0.8823 -0.1477
vn -0.6677 -0.6642 0.3361
vn -0.4956 -0.8320 0.2494
vn -0.6112 -0.6643 0.4304
vn -0.5893 -0.6643 0.4599
vn -0.4882 -0.6643 0.5660
vn 0.2320 -0.8823 -0.4096
vn -0.2495 -0.8320 0.4956
vn -0.3029 -0.6643 0.6834
vn -0.2690 -0.6642 0.6974
vn -0.2345 -0.6642 0.7098
vn -0.1994 -0.6643 0.7204
vn -0.1638 -0.6643 0.7293
vn -0.1278 -0.6642 0.7365
vn -0.0949 -0.8320 0.5467
vn -0.0550 -0.6642 0.7455
vn 0.1278 -0.6643 0.7365
vn 0.0949 -0.8320 0.5466
vn 0.1638 -0.6642 0.7294
vn 0.1994 -0.6643 0.7204
vn -0.1477 -0.8823 -0.4469
vn 0.2345 -0.6643 0.7098
vn 0.2690 -0.6643 0.6974
vn 0.3029 -0.6642 0.6834
vn 0.2494 -0.8320 0.4956
vn -0.2320 -0.8823 -0.4096
vn 0.4883 -0.6642 0.5660
vn 0.5893 -0.6642 0.4599
vn 0.6112 -0.6642 0.4304
vn 0.6677 -0.6643 0.3361
vn 0.4956 -0.8320 0.2495
vn -0.4469 -0.8823 -0.1477
vn -0.4706 -0.8823 -0.0115
vn -0.4706 -0.8823 0.0116
vn -0.4469 -0.8823 0.1477
vn 0.6677 -0.6642 -0.3361
vn 0.4956 -0.8320 -0.2494
vn 0.6112 -0.6643 -0.4304
vn 0.5893 -0.6643 -0.4599
vn 0.4882 -0.6643 -0.5660
vn -0.2320 -0.8823 0.4096
vn 0.2495 -0.8320 -0.4956
vn 0.3029 -0.6643 -0.6834
vn 0.2690 -0.6642 -0.6974
vn 0.2345 -0.6642 -0.7098
vn 0.1994 -0.6643 -0.7204
vn 0.1638 -0.6643 -0.7293
vn 0.1278 -0.6642 -0.7365
vn 0.0949 -0.8320 -0.5467
vn 0.0550 -0.6642 -0.7455
vn -0.1278 -0.6643 -0.7365
vn -0.0949 -0.8320 -0.5466
vn -0.1638 -0.6642 -0.7294
vn -0.1994 -0.6643 -0.7204
vn 0.1477 -0.8823 0.4469
vn -0.2345 -0.6643 -0.7098
vn -0.2690 -0.6643 -0.6974
vn -0.3029 -0.6642 -0.6834
vn -0.2494 -0.8320 -0.4956
vn 0.2320 -0.8823 0.4096
vn -0.4883 -0.6642 -0.5660
vn -0.5893 -0.6642 -0.4599
vn -0.6112 -0.6642 -0.4304
vn -0.6677 -0.6643 -0.3361
vn -0.4956 -0.8320 -0.2495
vn 0.4469 -0.8823 0.1477
vn 0.4706 -0.8823 0.0115
vt 0.000000 0.000000
vt 0.200000 0.007812
vt 0.200000 0.000000
vt 0.400000 0.007812
vt 0.400000 0.000000
vt 0.600000 0.000000
vt 0.600000 0.007812
vt 0.800000 0.000000
vt 0.800000 0.007812
vt 1.000000 0.000000
vt 0.000000 0.015625
vt 0.000000 0.007812
vt 0.200000 0.015625
vt 0.400000 0.015625
vt 0.600000 0.015625
vt 1.000000 0.015625
vt 1.000000 0.007812
vt 0.000000 0.023438
vt 0.400000 0.023438
vt 0.600000 0.023438
vt 0.800000 0.015625
vt 1.000000 0.023438
vt 0.000000 0.031250
vt 0.200000 0.023438
vt 0.400000 0.031250
vt 0.800000 0.031250
vt 0.800000 0.023438
vt 0.000000 0.039062
vt 0.200000 0.031250
vt 0.200000 0.039062
vt 0.400000 0.039062
vt 0.600000 0.031250
vt 0.800000 0.039062
vt 1.000000 0.039062
vt 1.000000 0.031250
vt 0.000000 0.046875
vt 0.400000 0.046875
vt 0.600000 0.039062
vt 0.600000 0.046875
vt 0.800000 0.046875
vt 0.200000 0.054688
vt 0.200000 0.046875
vt 0.600000 0.054688
vt 0.800000 0.054688
vt 1.000000 0.046875
vt 0.000000 0.054688
vt 0.200000 0.062500
vt 0.400000 0.062500
vt 0.400000 0.054688
vt 0.800000 0.062500
vt 1.000000 0.062500
vt 1.000000 0.054688
vt 0.000000 0.070312
vt 0.000000 0.062500
vt 0.200000 0.070312
vt 0.600000 0.070312
vt 0.600000 0.062500
vt 0.800000 0.070312
vt 0.000000 0.078125
vt 0.200000 0.078125
vt 0.400000 0.070312
vt 0.400000 0.078125
vt 0.800000 0.078125
vt 1.000000 0.070312
vt 0.200000 0.085938
vt 0.400000 0.085938
vt 0.600000 0.078125
vt 0.800000 0.085938
vt 1.000000 0.078125
vt 0.000000 0.093750
vt 0.000000 0.085938
vt 0.200000 0.093750
vt 0.600000 0.093750
vt 0.600000 0.085938
vt 0.800000 0.093750
vt 1.000000 0.085938
vt 0.000000 0.101562
vt 0.200000 0.101562
vt 0.400000 0.093750
vt 0.400000 0.101562
vt 0.800000 0.101562
vt 1.000000 0.093750
vt 0.000000 0.109375
vt 0.200000 0.109375
vt 0.400000 0.109375
vt 0.600000 0.101562
vt 0.800000 0.109375
vt 1.000000 0.109375
vt 1.000000 0.101562
vt 0.000000 0.117188
vt 0.400000 0.117188
vt 0.600000 0.109375
vt 0.800000 0.117188
vt 1.000000 0.117188
vt 0.200000 0.125000
vt 0.200000 0.117188
vt 0.400000 0.125000
vt 0.600000 0.125000
vt 0.600000 0.117188
vt 0.800000 0.125000
vt 0.000000 0.132812
vt 0.000000 0.125000
vt 0.200000 0.132812
vt 0.600000 0.132812
vt 1.000000 0.132812
vt 1.000000 0.125000
vt 0.200000 0.140625
vt 0.400000 0.132812
vt 0.600000 0.140625
vt 0.800000 0.132812
vt 0.800000 0.140625
vt 0.000000 0.148438
vt 0.000000 0.140625
vt 0.400000 0.148438
vt 0.400000 0.140625
vt 0.600000 0.148438
vt 0.800000 0.148438
vt 1.000000 0.140625
vt 0.200000 0.156250
vt 0.200000 0.148438
vt 0.400000 0.156250
vt 0.600000 0.156250
vt 1.000000 0.156250
vt 1.000000 0.148438
vt 0.000000 0.164062
vt 0.000000 0.156250
vt 0.400000 0.164062
vt 0.600000 0.164062
vt 0.800000 0.156250
vt 0.800000 0.164062
vt 0.000000 0.171875
vt 0.200000 0.164062
vt 0.200000 0.171875
vt 0.400000 0.171875
vt 0.600000 0.171875
vt 1.000000 0.171875
vt 1.000000 0.164062
vt 0.200000 0.179688
vt 0.400000 0.179688
vt 0.600000 0.179688
vt 0.800000 0.171875
vt 1.000000 0.179688
vt 0.000000 0.187500
vt 0.000000 0.179688
vt 0.400000 0.187500
vt 0.600000 0.187500
vt 0.800000 0.179688
vt 0.800000 0.187500
vt 0.000000 0.195312
vt 0.200000 0.187500
vt 0.200000 0.195312
vt 0.400000 0.195312
vt 0.600000 0.195312
vt 0.800000 0.195312
vt 1.000000 0.187500
vt 0.000000 0.203125
vt 0.200000 0.203125
vt 0.400000 0.203125
vt 0.600000 0.203125
vt 0.800000 0.203125
vt 1.000000 0.195312
vt 0.200000 0.210938
vt 0.400000 0.210938
vt 0.600000 0.210938
vt 1.000000 0.210938
vt 1.000000 0.203125
vt 0.000000 0.210938
vt 0.200000 0.218750
vt 0.400000 0.218750
vt 0.600000 0.218750
vt 0.800000 0.210938
vt 0.800000 0.218750
vt 0.000000 0.226562
vt 0.000000 0.218750
vt 0.200000 0.226562
vt 0.600000 0.226562
vt 1.000000 0.226562
vt 1.000000 0.218750
vt 0.200000 0.234375
vt 0.400000 0.226562
vt 0.600000 0.234375
vt 0.800000 0.234375
vt 0.800000 0.226562
vt 0.000000 0.234375
vt 0.200000 0.242188
vt 0.400000 0.234375
vt 0.600000 0.242188
vt 0.800000 0.242188
vt 1.000000 0.234375
vt 0.000000 0.250000
vt 0.000000 0.242188
vt 0.200000 0.250000
vt 0.400000 0.242188
vt 0.400000 0.250000
vt 0.800000 0.250000
vt 1.000000 0.250000
vt 1.000000 0.242188
vt 0.200000 0.257812
vt 0.400000 0.257812
vt 0.600000 0.250000
vt 0.600000 0.257812
vt 0.800000 0.257812
vt 0.000000 0.265625
vt 0.000000 0.257812
vt 0.200000 0.265625
vt 0.400000 0.265625
vt 0.600000 0.265625
vt 1.000000 0.265625
vt 1.000000 0.257812
vt 0.000000 0.273438
vt 0.400000 0.273438
vt 0.600000 0.273438
vt 0.800000 0.265625
vt 1.000000 0.273438
vt 0.000000 0.281250
vt 0.200000 0.273438
vt 0.400000 0.281250
vt 0.800000 0.281250
vt 0.800000 0.273438
vt 0.000000 0.289062
vt 0.200000 0.281250
vt 0.200000 0.289062
vt 0.400000 0.289062
vt 0.600000 0.281250
vt 0.800000 0.289062
vt 1.000000 0.289062
vt 1.000000 0.281250
vt 0.000000 0.296875
vt 0.400000 0.296875
vt 0.600000 0.289062
vt 0.600000 0.296875
vt 0.800000 0.296875
vt 0.200000 0.304688
vt 0.200000 0.296875
vt 0.600000 0.304688
vt 0.800000 0.304688
vt 1.000000 0.296875
vt 0.000000 0.304688
vt 0.200000 0.312500
vt 0.400000 0.312500
vt 0.400000 0.304688
vt 0.800000 0.312500
vt 1.000000 0.312500
vt 1.000000 0.304688
vt 0.000000 0.320312
vt 0.000000 0.312500
vt 0.200000 0.320312
vt 0.600000 0.320312
vt 0.600000 0.312500
vt 0.800000 0.320312
vt 0.000000 0.328125
vt 0.200000 0.328125
vt 0.400000 0.320312
vt 0.400000 0.328125
vt 0.800000 0.328125
vt 1.000000 0.320312
vt 0.200000 0.335938
vt 0.400000 0.335938
vt 0.600000 0.328125
vt 0.800000 0.335938
vt 1.000000 0.328125
vt 0.000000 0.343750
vt 0.000000 0.335938
vt 0.200000 0.343750
vt 0.600000 0.343750
vt 0.600000 0.335938
vt 0.800000 0.343750
vt 1.000000 0.335938
vt 0.000000 0.351562
vt 0.200000 0.351562
vt 0.400000 0.343750
vt 0.400000 0.351562
vt 0.800000 0.351562
vt 1.000000 0.343750
vt 0.000000 0.359375
vt 0.200000 0.359375
vt 0.400000 0.359375
vt 0.600000 0.351562
vt 0.800000 0.359375
vt 1.000000 0.359375
vt 1.000000 0.351562
vt 0.000000 0.367188
vt 0.400000 0.367188
vt 0.600000 0.359375
vt 0.800000 0.367188
vt 1.000000 0.367188
vt 0.200000 0.375000
vt 0.200000 0.367188
vt 0.400000 0.375000
vt 0.600000 0.375000
vt 0.600000 0.367188
vt 0.800000 0.375000
vt 0.000000 0.382812
vt 0.000000 0.375000
vt 0.200000 0.382812
vt 0.600000 0.382812
vt 1.000000 0.382812
vt 1.000000 0.375000
vt 0.200000 0.390625
vt 0.400000 0.382812
vt 0.600000 0.390625
vt 0.800000 0.382812
vt 0.800000 0.390625
vt 0.000000 0.398438
vt 0.000000 0.390625
vt 0.400000 0.398438
vt 0.400000 0.390625
vt 0.600000 0.398438
vt 0.800000 0.398438
vt 1.000000 0.390625
vt 0.200000 0.406250
vt 0.200000 0.398438
vt 0.400000 0.406250
vt 0.600000 0.406250
vt 1.000000 0.406250
vt 1.000000 0.398438
vt 0.000000 0.414062
vt 0.000000 0.406250
vt 0.400000 0.414062
vt 0.600000 0.414062
vt 0.800000 0.406250
vt 0.800000 0.414062
vt 0.000000 0.421875
vt 0.200000 0.414062
vt 0.200000 0.421875
vt 0.400000 0.421875
vt 0.600000 0.421875
vt 1.000000 0.421875
vt 1.000000 0.414062
vt 0.200000 0.429688
vt 0.400000 0.429688
vt 0.600000 0.429688
vt 0.800000 0.421875
vt 1.000000 0.429688
vt 0.000000 0.437500
vt 0.000000 0.429688
vt 0.400000 0.437500
vt 0.600000 0.437500
vt 0.800000 0.429688
vt 0.800000 0.437500
vt 0.000000 0.445312
vt 0.200000 0.437500
vt 0.200000 0.445312
vt 0.400000 0.445312
vt 0.600000 0.445312
vt 0.800000 0.445312
vt 1.000000 0.437500
vt 0.000000 0.453125
vt 0.200000 0.453125
vt 0.400000 0.453125
vt 0.600000 0.453125
vt 0.800000 0.453125
vt 1.000000 0.445312
vt 0.200000 0.460938
vt 0.400000 0.460938
vt 0.600000 0.460938
vt 1.000000 0.460938
vt 1.000000 0.453125
vt 0.000000 0.460938
vt 0.200000 0.468750
vt 0.400000 0.468750
vt 0.600000 0.468750
vt 0.800000 0.460938
vt 0.800000 0.468750
vt 0.000000 0.476562
vt 0.000000 0.468750
vt 0.200000 0.476562
vt 0.600000 0.476562
vt 1.000000 0.476562
vt 1.000000 0.468750
vt 0.200000 0.484375
vt 0.400000 0.476562
vt 0.600000 0.484375
vt 0.800000 0.484375
vt 0.800000 0.476562
vt 0.000000 0.484375
vt 0.200000 0.492188
vt 0.400000 0.484375
vt 0.600000 0.492188
vt 0.800000 0.492188
vt 1.000000 0.484375
vt 0.000000 0.500000
vt 0.000000 0.492188
vt 0.200000 0.500000
vt 0.400000 0.492188
vt 0.400000 0.500000
vt 0.800000 0.500000
vt 1.000000 0.500000
vt 1.000000 0.492188
vt 0.200000 0.507812
vt 0.400000 0.507812
vt 0.600000 0.500000
vt 0.600000 0.507812
vt 0.800000 0.507812
vt 0.000000 0.515625
vt 0.000000 0.507812
vt 0.200000 0.515625
vt 0.400000 0.515625
vt 0.600000 0.515625
vt 1.000000 0.515625
vt 1.000000 0.507812
vt 0.000000 0.523438
vt 0.400000 0.523438
vt 0.600000 0.523438
vt 0.800000 0.515625
vt 1.000000 0.523438
vt 0.000000 0.531250
vt 0.200000 0.523438
vt 0.400000 0.531250
vt 0.800000 0.531250
vt 0.800000 0.523438
vt 0.000000 0.539062
vt 0.200000 0.531250
vt 0.200000 0.539062
vt 0.400000 0.539062
vt 0.600000 0.531250
vt 0.800000 0.539062
vt 1.000000 0.539062
vt 1.000000 0.531250
vt 0.000000 0.546875
vt 0.400000 0.546875
vt 0.600000 0.539062
vt 0.600000 0.546875
vt 0.800000 0.546875
vt 0.200000 0.554688
vt 0.200000 0.546875
vt 0.600000 0.554688
vt 0.800000 0.554688
vt 1.000000 0.546875
vt 0.000000 0.554688
vt 0.200000 0.562500
vt 0.400000 0.562500
vt 0.400000 0.554688
vt 0.800000 0.562500
vt 1.000000 0.562500
vt 1.000000 0.554688
vt 0.000000 0.570312
vt 0.000000 0.562500
vt 0.200000 0.570312
vt 0.600000 0.570312
vt 0.600000 0.562500
vt 0.800000 0.570312
vt 0.000000 0.578125
vt 0.200000 0.578125
vt 0.400000 0.570312
vt 0.400000 0.578125
vt 0.800000 0.578125
vt 1.000000 0.570312
vt 0.200000 0.585938
vt 0.400000 0.585938
vt 0.600000 0.578125
vt 0.800000 0.585938
vt 1.000000 0.578125
vt 0.000000 0.593750
vt 0.000000 0.585938
vt 0.200000 0.593750
vt 0.600000 0.593750
vt 0.600000 0.585938
vt 0.800000 0.593750
vt 1.000000 0.585938
vt 0.000000 0.601562
vt 0.200000 0.601562
vt 0.400000 0.593750
vt 0.400000 0.601562
vt 0.800000 0.601562
vt 1.000000 0.593750
vt 0.000000 0.609375
vt 0.200000 0.609375
vt 0.400000 0.609375
vt 0.600000 0.601562
vt 0.800000 0.609375
vt 1.000000 0.609375
vt 1.000000 0.601562
vt 0.000000 0.617188
vt 0.400000 0.617188
vt 0.600000 0.609375
vt 0.800000 0.617188
vt 1.000000 0.617188
vt 0.200000 0.625000
vt 0.200000 0.617188
vt 0.400000 0.625000
vt 0.600000 0.625000
vt 0.600000 0.617188
vt 0.800000 0.625000
vt 0.000000 0.632812
vt 0.000000 0.625000
vt 0.200000 0.632812
vt 0.600000 0.632812
vt 1.000000 0.632812
vt 1.000000 0.625000
vt 0.200000 0.640625
vt 0.400000 0.632812
vt 0.600000 0.640625
vt 0.800000 0.632812
vt 0.800000 0.640625
vt 0.000000 0.648438
vt 0.000000 0.640625
vt 0.400000 0.648438
vt 0.400000 0.640625
vt 0.600000 0.648438
vt 0.800000 0.648438
vt 1.000000 0.640625
vt 0.200000 0.656250
vt 0.200000 0.648438
vt 0.400000 0.656250
vt 0.600000 0.656250
vt 1.000000 0.656250
vt 1.000000 0.648438
vt 0.000000 0.664062
vt 0.000000 0.656250
vt 0.400000 0.664062
vt 0.600000 0.664062
vt 0.800000 0.656250
vt 0.800000 0.664062
vt 0.000000 0.671875
vt 0.200000 0.664062
vt 0.200000 0.671875
vt 0.400000 0.671875
vt 0.600000 0.671875
vt 1.000000 0.671875
vt 1.000000 0.664062
vt 0.200000 0.679688
vt 0.400000 0.679688
vt 0.600000 0.679688
vt 0.800000 0.671875
vt 1.000000 0.679688
vt 0.000000 0.687500
vt 0.000000 0.679688
vt 0.400000 0.687500
vt 0.600000 0.687500
vt 0.800000 0.679688
vt 0.800000 0.687500
vt 0.000000 0.695312
vt 0.200000 0.687500
vt 0.200000 0.695312
vt 0.400000 0.695312
vt 0.600000 0.695312
vt 0.800000 0.695312
vt 1.000000 0.687500
vt 0.000000 0.703125
vt 0.200000 0.703125
vt 0.400000 0.703125
vt 0.600000 0.703125
vt 0.800000 0.703125
vt 1.000000 0.695312
vt 0.200000 0.710938
vt 0.400000 0.710938
vt 0.600000 0.710938
vt 1.000000 0.710938
vt 1.000000 0.703125
vt 0.000000 0.710938
vt 0.200000 0.718750
vt 0.400000 0.718750
vt 0.600000 0.718750
vt 0.800000 0.710938
vt 0.800000 0.718750
vt 0.000000 0.726562
vt 0.000000 0.718750
vt 0.200000 0.726562
vt 0.600000 0.726562
vt 1.000000 0.726562
vt 1.000000 0.718750
vt 0.200000 0.734375
vt 0.400000 0.726562
vt 0.600000 0.734375
vt 0.800000 0.734375
vt 0.800000 0.726562
vt 0.000000 0.734375
vt 0.200000 0.742188
vt 0.400000 0.734375
vt 0.600000 0.742188
vt 0.800000 0.742188
vt 1.000000 0.734375
vt 0.000000 0.750000
vt 0.000000 0.742188
vt 0.200000 0.750000
vt 0.400000 0.742188
vt 0.400000 0.750000
vt 0.800000 0.750000
vt 1.000000 0.750000
vt 1.000000 0.742188
vt 0.200000 0.757812
vt 0.400000 0.757812
vt 0.600000 0.750000
vt 0.600000 0.757812
vt 0.800000 0.757812
vt 0.000000 0.765625
vt 0.000000 0.757812
vt 0.200000 0.765625
vt 0.400000 0.765625
vt 0.600000 0.765625
vt 1.000000 0.765625
vt 1.000000 0.757812
vt 0.000000 0.773438
vt 0.400000 0.773438
vt 0.600000 0.773438
vt 0.800000 0.765625
vt 1.000000 0.773438
vt 0.000000 0.781250
vt 0.200000 0.773438
vt 0.400000 0.781250
vt 0.800000 0.781250
vt 0.800000 0.773438
vt 0.000000 0.789062
vt 0.200000 0.781250
vt 0.200000 0.789062
vt 0.400000 0.789062
vt 0.600000 0.781250
vt 0.800000 0.789062
vt 1.000000 0.789062
vt 1.000000 0.781250
vt 0.000000 0.796875
vt 0.400000 0.796875
vt 0.600000 0.789062
vt 0.600000 0.796875
vt 0.800000 0.796875
vt 0.200000 0.804688
vt 0.200000 0.796875
vt 0.600000 0.804688
vt 0.800000 0.804688
vt 1.000000 0.796875
vt 0.000000 0.804688
vt 0.200000 0.812500
vt 0.400000 0.812500
vt 0.400000 0.804688
vt 0.800000 0.812500
vt 1.000000 0.812500
vt 1.000000 0.804688
vt 0.000000 0.820312
vt 0.000000 0.812500
vt 0.200000 0.820312
vt 0.600000 0.820312
vt 0.600000 0.812500
vt 0.800000 0.820312
vt 0.000000 0.828125
vt 0.200000 0.828125
vt 0.400000 0.820312
vt 0.400000 0.828125
vt 0.800000 0.828125
vt 1.000000 0.820312
vt 0.200000 0.835938
vt 0.400000 0.835938
vt 0.600000 0.828125
vt 0.800000 0.835938
vt 1.000000 0.828125
vt 0.000000 0.843750
vt 0.000000 0.835938
vt 0.200000 0.843750
vt 0.600000 0.843750
vt 0.600000 0.835938
vt 0.800000 0.843750
vt 1.000000 0.835938
vt 0.000000 0.851562
vt 0.200000 0.851562
vt 0.400000 0.843750
vt 0.400000 0.851562
vt 0.800000 0.851562
vt 1.000000 0.843750
vt 0.000000 0.859375
vt 0.200000 0.859375
vt 0.400000 0.859375
vt 0.600000 0.851562
vt 0.800000 0.859375
vt 1.000000 0.859375
vt 1.000000 0.851562
vt 0.000000 0.867188
vt 0.400000 0.867188
vt 0.600000 0.859375
vt 0.800000 0.867188
vt 1.000000 0.867188
vt 0.200000 0.875000
vt 0.200000 0.867188
vt 0.400000 0.875000
vt 0.600000 0.875000
vt 0.600000 0.867188
vt 0.800000 0.875000
vt 0.000000 0.882812
vt 0.000000 0.875000
vt 0.200000 0.882812
vt 0.600000 0.882812
vt 1.000000 0.882812
vt 1.000000 0.875000
vt 0.200000 0.890625
vt 0.400000 0.882812
vt 0.600000 0.890625
vt 0.800000 0.882812
vt 0.800000 0.890625
vt 0.000000 0.898438
vt 0.000000 0.890625
vt 0.400000 0.898438
vt 0.400000 0.890625
vt 0.600000 0.898438
vt 0.800000 0.898438
vt 1.000000 0.890625
vt 0.200000 0.906250
vt 0.200000 0.898438
vt 0.400000 0.906250
vt 0.600000 0.906250
vt 1.000000 0.906250
vt 1.000000 0.898438
vt 0.000000 0.914062
vt 0.000000 0.906250
vt 0.400000 0.914062
vt 0.600000 0.914062
vt 0.800000 0.906250
vt 0.800000 0.914062
vt 0.000000 0.921875
vt 0.200000 0.914062
vt 0.200000 0.921875
vt 0.400000 0.921875
vt 0.600000 0.921875
vt 1.000000 0.921875
vt 1.000000 0.914062
vt 0.200000 0.929688
vt 0.400000 0.929688
vt 0.600000 0.929688
vt 0.800000 0.921875
vt 1.000000 0.929688
vt 0.000000 0.937500
vt 0.000000 0.929688
vt 0.400000 0.937500
vt 0.600000 0.937500
vt 0.800000 0.929688
vt 0.800000 0.937500
vt 0.000000 0.945312
vt 0.200000 0.937500
vt 0.200000 0.945312
vt 0.400000 0.945312
vt 0.600000 0.945312
vt 0.800000 0.945312
vt 1.000000 0.937500
vt 0.000000 0.953125
vt 0.200000 0.953125
vt 0.400000 0.953125
vt 0.600000 0.953125
vt 0.800000 0.953125
vt 1.000000 0.945312
vt 0.200000 0.960938
vt 0.400000 0.960938
vt 0.600000 0.960938
vt 1.000000 0.960938
vt 1.000000 0.953125
vt 0.000000 0.960938
vt 0.200000 0.968750
vt 0.400000 0.968750
vt 0.600000 0.968750
vt 0.800000 0.960938
vt 0.800000 0.968750
vt 0.000000 0.976562
vt 0.000000 0.968750
vt 0.200000 0.976562
vt 0.600000 0.976562
vt 1.000000 0.976562
vt 1.000000 0.968750
vt 0.200000 0.984375
vt 0.400000 0.976562
vt 0.600000 0.984375
vt 0.800000 0.984375
vt 0.800000 0.976562
vt 0.000000 0.984375
vt 0.200000 0.992188
vt 0.400000 0.984375
vt 0.600000 0.992188
vt 0.800000 0.992188
vt 1.000000 0.984375
vt 0.000000 1.000000
vt 0.000000 0.992188
vt 0.200000 1.000000
vt 0.400000 0.992188
vt 0.400000 1.000000
vt 0.800000 1.000000
vt 1.000000 1.000000
vt 1.000000 0.992188
vt 0.600000 1.000000
s 0
f 1/1/1 8/2/1 2/3/1
f 2/3/2 9/4/2 3/5/2
f 9/4/1 4/6/1 3/5/1
f 10/7/3 5/8/3 4/6/3
f 11/9/4 6/10/4 5/8/4
f 13/11/5 8/2/5 7/12/5
f 14/13/6 9/4/6 8/2/6
f 15/14/5 10/7/5 9/4/5
f 16/15/7 11/9/7 10/7/7
f 11/9/8 18/16/8 12/17/8
f 19/18/9 14/13/9 13/11/9
f 14/13/10 21/19/10 15/14/10
f 21/19/9 16/15/9 15/14/9
f 22/20/11 17/21/11 16/15/11
f 17/21/12 24/22/12 18/16/12
f 25/23/13 20/24/13 19/18/13
f 20/24/14 27/25/14 21/19/14
f 27/25/13 22/20/13 21/19/13
f 22/20/15 29/26/15 23/27/15
f 29/26/16 24/22/16 23/27/16
f 31/28/17 26/29/17 25/23/17
f 32/30/18 27/25/18 26/29/18
f 33/31/17 28/32/17 27/25/17
f 28/32/19 35/33/19 29/26/19
f 29/26/20 36/34/20 30/35/20
f 37/36/21 32/30/21 31/28/21
f 32/30/22 39/37/22 33/31/22
f 39/37/21 34/38/21 33/31/21
f 40/39/23 35/33/23 34/38/23
f 41/40/24 36/34/24 35/33/24
f 37/36/25 44/41/25 38/42/25
f 44/41/26 39/37/26 38/42/26
f 39/37/25 46/43/25 40/39/25
f 46/43/27 41/40/27 40/39/27
f 47/44/28 42/45/28 41/40/28
f 43/46/29 50/47/29 44/41/29
f 44/41/30 51/48/30 45/49/30
f 51/48/29 46/43/29 45/49/29
f 46/43/31 53/50/31 47/44/31
f 47/44/32 54/51/32 48/52/32
f 55/53/33 50/47/33 49/54/33
f 56/55/34 51/48/34 50/47/34
f 51/48/33 58/56/33 52/57/33
f 52/57/35 59/58/35 53/50/35
f 59/58/36 54/51/36 53/50/36
f 61/59/37 56/55/37 55/53/37
f 62/60/38 57/61/38 56/55/38
f 63/62/37 58/56/37 57/61/37
f 58/56/39 65/63/39 59/58/39
f 65/63/40 60/64/40 59/58/40
f 61/59/41 68/65/41 62/60/41
f 68/65/42 63/62/42 62/60/42
f 69/66/41 64/67/41 63/62/41
f 64/67/43 71/68/43 65/63/43
f 71/68/44 66/69/44 65/63/44
f 73/70/45 68/65/45 67/71/45
f 74/72/46 69/66/46 68/65/46
f 69/66/45 76/73/45 70/74/45
f 70/74/47 77/75/47 71/68/47
f 77/75/48 72/76/48 71/68/48
f 79/77/49 74/72/49 73/70/49
f 80/78/50 75/79/50 74/72/50
f 81/80/49 76/73/49 75/79/49
f 76/73/51 83/81/51 77/75/51
f 83/81/52 78/82/52 77/75/52
f 85/83/53 80/78/53 79/77/53
f 86/84/54 81/80/54 80/78/54
f 87/85/53 82/86/53 81/80/53
f 82/86/55 89/87/55 83/81/55
f 83/81/56 90/88/56 84/89/56
f 91/90/57 86/84/57 85/83/57
f 86/84/58 93/91/58 87/85/58
f 93/91/57 88/92/57 87/85/57
f 88/92/59 95/93/59 89/87/59
f 89/87/60 96/94/60 90/88/60
f 91/90/61 98/95/61 92/96/61
f 92/96/62 99/97/62 93/91/62
f 93/91/61 100/98/61 94/99/61
f 100/98/63 95/93/63 94/99/63
f 101/100/64 96/94/64 95/93/64
f 103/101/65 98/95/65 97/102/65
f 104/103/66 99/97/66 98/95/66
f 99/97/65 106/104/65 100/98/65
f 106/104/67 101/100/67 100/98/67
f 101/100/68 108/105/68 102/106/68
f 103/101/69 110/107/69 104/103/69
f 110/107/70 105/108/70 104/103/70
f 105/108/69 112/109/69 106/104/69
f 112/109/71 107/110/71 106/104/71
f 113/111/72 108/105/72 107/110/72
f 115/112/73 110/107/73 109/113/73
f 110/107/74 117/114/74 111/115/74
f 111/115/73 118/116/73 112/109/73
f 118/116/75 113/111/75 112/109/75
f 119/117/76 114/118/76 113/111/76
f 115/112/77 122/119/77 116/120/77
f 122/119/78 117/114/78 116/120/78
f 123/121/77 118/116/77 117/114/77
f 124/122/79 119/117/79 118/116/79
f 119/117/80 126/123/80 120/124/80
f 127/125/81 122/119/81 121/126/81
f 122/119/82 129/127/82 123/121/82
f 129/127/81 124/122/81 123/121/81
f 130/128/83 125/129/83 124/122/83
f 131/130/84 126/123/84 125/129/84
f 133/131/85 128/132/85 127/125/85
f 134/133/86 129/127/86 128/132/86
f 135/134/85 130/128/85 129/127/85
f 136/135/87 131/130/87 130/128/87
f 131/130/88 138/136/88 132/137/88
f 133/131/89 140/138/89 134/133/89
f 134/133/90 141/139/90 135/134/90
f 135/134/89 142/140/89 136/135/89
f 142/140/91 137/141/91 136/135/91
f 137/141/92 144/142/92 138/136/92
f 145/143/93 140/138/93 139/144/93
f 140/138/94 147/145/94 141/139/94
f 147/145/93 142/140/93 141/139/93
f 148/146/95 143/147/95 142/140/95
f 149/148/96 144/142/96 143/147/96
f 151/149/97 146/150/97 145/143/97
f 152/151/98 147/145/98 146/150/98
f 153/152/97 148/146/97 147/145/97
f 154/153/99 149/148/99 148/146/99
f 155/154/100 150/155/100 149/148/100
f 157/156/101 152/151/101 151/149/101
f 158/157/102 153/152/102 152/151/102
f 159/158/101 154/153/101 153/152/101
f 160/159/103 155/154/103 154/153/103
f 161/160/104 156/161/104 155/154/104
f 157/156/105 164/162/105 158/157/105
f 164/162/106 159/158/106 158/157/106
f 165/163/105 160/159/105 159/158/105
f 166/164/107 161/160/107 160/159/107
f 161/160/108 168/165/108 162/166/108
f 163/167/109 170/168/109 164/162/109
f 164/162/110 171/169/110 165/163/110
f 165/163/109 172/170/109 166/164/109
f 172/170/111 167/171/111 166/164/111
f 173/172/112 168/165/112 167/171/112
f 175/173/113 170/168/113 169/174/113
f 176/175/114 171/169/114 170/168/114
f 171/169/113 178/176/113 172/170/113
f 178/176/115 173/172/115 172/170/115
f 173/172/116 180/177/116 174/178/116
f 175/173/117 182/179/117 176/175/117
f 182/179/118 177/180/118 176/175/118
f 177/180/117 184/181/117 178/176/117
f 178/176/119 185/182/119 179/183/119
f 185/182/120 180/177/120 179/183/120
f 181/184/121 188/185/121 182/179/121
f 188/185/122 183/186/122 182/179/122
f 183/186/123 190/187/123 184/181/123
f 190/187/124 185/182/124 184/181/124
f 191/188/125 186/189/125 185/182/125
f 193/190/126 188/185/126 187/191/126
f 194/192/127 189/193/127 188/185/127
f 195/194/126 190/187/126 189/193/126
f 190/187/128 197/195/128 191/188/128
f 191/188/129 198/196/129 192/197/129
f 193/190/130 200/198/130 194/192/130
f 194/192/131 201/199/131 195/194/131
f 201/199/130 196/200/130 195/194/130
f 202/201/132 197/195/132 196/200/132
f 203/202/133 198/196/133 197/195/133
f 205/203/134 200/198/134 199/204/134
f 206/205/135 201/199/135 200/198/135
f 207/206/136 202/201/136 201/199/136
f 208/207/137 203/202/137 202/201/137
f 203/202/138 210/208/138 204/209/138
f 211/210/139 206/205/139 205/203/139
f 206/205/140 213/211/140 207/206/140
f 213/211/139 208/207/139 207/206/139
f 214/212/141 209/213/141 208/207/141
f 209/213/142 216/214/142 210/208/142
f 217/215/143 212/216/143 211/210/143
f 212/216/144 219/217/144 213/211/144
f 219/217/143 214/212/143 213/211/143
f 214/212/145 221/218/145 215/219/145
f 221/218/146 216/214/146 215/219/146
f 223/220/147 218/221/147 217/215/147
f 224/222/148 219/217/148 218/221/148
f 225/223/147 220/224/147 219/217/147
f 220/224/149 227/225/149 221/218/149
f 221/218/150 228/226/150 222/227/150
f 229/228/151 224/222/151 223/220/151
f 224/222/152 231/229/152 225/223/152
f 231/229/151 226/230/151 225/223/151
f 232/231/153 227/225/153 226/230/153
f 233/232/154 228/226/154 227/225/154
f 229/228/155 236/233/155 230/234/155
f 236/233/156 231/229/156 230/234/156
f 231/229/155 238/235/155 232/231/155
f 238/235/157 233/232/157 232/231/157
f 239/236/158 234/237/158 233/232/158
f 235/238/159 242/239/159 236/233/159
f 236/233/160 243/240/160 237/241/160
f 243/240/159 238/235/159 237/241/159
f 238/235/161 245/242/161 239/236/161
f 239/236/162 246/243/162 240/244/162
f 247/245/163 242/239/163 241/246/163
f 248/247/164 243/240/164 242/239/164
f 243/240/163 250/248/163 244/249/163
f 244/249/165 251/250/165 245/242/165
f 251/250/166 246/243/166 245/242/166
f 253/251/167 248/247/167 247/245/167
f 254/252/168 249/253/168 248/247/168
f 255/254/167 250/248/167 249/253/167
f 250/248/169 257/255/169 251/250/169
f 257/255/170 252/256/170 251/250/170
f 253/251/171 260/257/171 254/252/171
f 260/257/172 255/254/172 254/252/172
f 261/258/171 256/259/171 255/254/171
f 256/259/173 263/260/173 257/255/173
f 263/260/174 258/261/174 257/255/174
f 265/262/175 260/257/175 259/263/175
f 266/264/176 261/258/176 260/257/176
f 261/258/175 268/265/175 262/266/175
f 262/266/177 269/267/177 263/260/177
f 269/267/178 264/268/178 263/260/178
f 271/269/179 266/264/179 265/262/179
f 272/270/180 267/271/180 266/264/180
f 273/272/179 268/265/179 267/271/179
f 268/265/181 275/273/181 269/267/181
f 275/273/182 270/274/182 269/267/182
f 277/275/183 272/270/183 271/269/183
f 278/276/184 273/272/184 272/270/184
f 279/277/183 274/278/183 273/272/183
f 274/278/185 281/279/185 275/273/185
f 275/273/186 282/280/186 276/281/186
f 283/282/187 278/276/187 277/275/187
f 278/276/188 285/283/188 279/277/188
f 285/283/187 280/284/187 279/277/187
f 280/284/189 287/285/189 281/279/189
f 281/279/190 288/286/190 282/280/190
f 283/282/191 290/287/191 284/288/191
f 284/288/192 291/289/192 285/283/192
f 285/283/191 292/290/191 286/291/191
f 292/290/193 287/285/193 286/291/193
f 293/292/194 288/286/194 287/285/194
f 295/293/195 290/287/195 289/294/195
f 296/295/196 291/289/196 290/287/196
f 291/289/195 298/296/195 292/290/195
f 298/296/197 293/292/197 292/290/197
f 293/292/198 300/297/198 294/298/198
f 295/293/199 302/299/199 296/295/199
f 302/299/200 297/300/200 296/295/200
f 297/300/199 304/301/199 298/296/199
f 304/301/201 299/302/201 298/296/201
f 305/303/202 300/297/202 299/302/202
f 307/304/203 302/299/203 301/305/203
f 302/299/204 309/306/204 303/307/204
f 303/307/203 310/308/203 304/301/203
f 310/308/205 305/303/205 304/301/205
f 311/309/206 306/310/206 305/303/206
f 307/304/207 314/311/207 308/312/207
f 314/311/208 309/306/208 308/312/208
f 315/313/207 310/308/207 309/306/207
f 316/314/209 311/309/209 310/308/209
f 311/309/210 318/315/210 312/316/210
f 319/317/211 314/311/211 313/318/211
f 314/311/212 321/319/212 315/313/212
f 321/319/211 316/314/211 315/313/211
f 322/320/213 317/321/213 316/314/213
f 323/322/214 318/315/214 317/321/214
f 325/323/215 320/324/215 319/317/215
f 326/325/216 321/319/216 320/324/216
f 327/326/215 322/320/215 321/319/215
f 328/327/217 323/322/217 322/320/217
f 323/322/218 330/328/218 324/329/218
f 325/323/219 332/330/219 326/325/219
f 326/325/220 333/331/220 327/326/220
f 327/326/219 334/332/219 328/327/219
f 334/332/221 329/333/221 328/327/221
f 329/333/222 336/334/222 330/328/222
f 337/335/223 332/330/223 331/336/223
f 332/330/224 339/337/224 333/331/224
f 339/337/223 334/332/223 333/331/223
f 340/338/225 335/339/225 334/332/225
f 341/340/226 336/334/226 335/339/226
f 343/341/227 338/342/227 337/335/227
f 344/343/228 339/337/228 338/342/228
f 345/344/227 340/338/227 339/337/227
f 346/345/229 341/340/229 340/338/229
f 347/346/230 342/347/230 341/340/230
f 349/348/231 344/343/231 343/341/231
f 350/349/232 345/344/232 344/343/232
f 351/350/231 346/345/231 345/344/231
f 352/351/233 347/346/233 346/345/233
f 353/352/234 348/353/234 347/346/234
f 349/348/235 356/354/235 350/349/235
f 356/354/236 351/350/236 350/349/236
f 357/355/235 352/351/235 351/350/235
f 358/356/237 353/352/237 352/351/237
f 353/352/238 360/357/238 354/358/238
f 355/359/239 362/360/239 356/354/239
f 356/354/240 363/361/240 357/355/240
f 357/355/239 364/362/239 358/356/239
f 364/362/241 359/363/241 358/356/241
f 365/364/242 360/357/242 359/363/242
f 367/365/243 362/360/243 361/366/243
f 368/367/244 363/361/244 362/360/244
f 363/361/243 370/368/243 364/362/243
f 370/368/245 365/364/245 364/362/245
f 365/364/246 372/369/246 366/370/246
f 367/365/247 374/371/247 368/367/247
f 374/371/248 369/372/248 368/367/248
f 369/372/247 376/373/247 370/368/247
f 370/368/249 377/374/249 371/375/249
f 377/374/250 372/369/250 371/375/250
f 373/376/251 380/377/251 374/371/251
f 380/377/252 375/378/252 374/371/252
f 375/378/251 382/379/251 376/373/251
f 382/379/253 377/374/253 376/373/253
f 383/380/254 378/381/254 377/374/254
f 385/382/255 380/377/255 379/383/255
f 386/384/256 381/385/256 380/377/256
f 387/386/255 382/379/255 381/385/255
f 382/379/257 389/387/257 383/380/257
f 383/380/258 390/388/258 384/389/258
f 385/382/259 392/390/259 386/384/259
f 386/384/260 393/391/260 387/386/260
f 393/391/259 388/392/259 387/386/259
f 394/393/261 389/387/261 388/392/261
f 395/394/262 390/388/262 389/387/262
f 397/395/263 392/390/263 391/396/263
f 398/397/264 393/391/264 392/390/264
f 399/398/263 394/393/263 393/391/263
f 400/399/265 395/394/265 394/393/265
f 395/394/266 402/400/266 396/401/266
f 403/402/267 398/397/267 397/395/267
f 398/397/268 405/403/268 399/398/268
f 405/403/267 400/399/267 399/398/267
f 406/404/269 401/405/269 400/399/269
f 401/405/270 408/406/270 402/400/270
f 409/407/271 404/408/271 403/402/271
f 404/408/272 411/409/272 405/403/272
f 411/409/271 406/404/271 405/403/271
f 406/404/273 413/410/273 407/411/273
f 413/410/274 408/406/274 407/411/274
f 415/412/275 410/413/275 409/407/275
f 416/414/276 411/409/276 410/413/276
f 417/415/275 412/416/275 411/409/275
f 412/416/277 419/417/277 413/410/277
f 413/410/278 420/418/278 414/419/278
f 421/420/279 416/414/279 415/412/279
f 416/414/280 423/421/280 417/415/280
f 423/421/279 418/422/279 417/415/279
f 424/423/281 419/417/281 418/422/281
f 425/424/282 420/418/282 419/417/282
f 421/420/283 428/425/283 422/426/283
f 428/425/284 423/421/284 422/426/284
f 423/421/283 430/427/283 424/423/283
f 430/427/285 425/424/285 424/423/285
f 431/428/286 426/429/286 425/424/286
f 427/430/287 434/431/287 428/425/287
f 428/425/288 435/432/288 429/433/288
f 435/432/287 430/427/287 429/433/287
f 430/427/289 437/434/289 431/428/289
f 431/428/290 438/435/290 432/436/290
f 439/437/291 434/431/291 433/438/291
f 440/439/292 435/432/292 434/431/292
f 435/432/291 442/440/291 436/441/291
f 436/441/293 443/442/293 437/434/293
f 443/442/294 438/435/294 437/434/294
f 445/443/295 440/439/295 439/437/295
f 446/444/296 441/445/296 440/439/296
f 447/446/295 442/440/295 441/445/295
f 442/440/297 449/447/297 443/442/297
f 449/447/298 444/448/298 443/442/298
f 445/443/299 452/449/299 446/444/299
f 452/449/300 447/446/300 446/444/300
f 453/450/299 448/451/299 447/446/299
f 448/451/301 455/452/301 449/447/301
f 455/452/302 450/453/302 449/447/302
f 457/454/303 452/449/303 451/455/303
f 458/456/304 453/450/304 452/449/304
f 453/450/303 460/457/303 454/458/303
f 454/458/305 461/459/305 455/452/305
f 461/459/306 456/460/306 455/452/306
f 463/461/307 458/456/307 457/454/307
f 464/462/308 459/463/308 458/456/308
f 465/464/307 460/457/307 459/463/307
f 460/457/309 467/465/309 461/459/309
f 467/465/310 462/466/310 461/459/310
f 469/467/311 464/462/311 463/461/311
f 470/468/312 465/464/312 464/462/312
f 471/469/311 466/470/311 465/464/311
f 466/470/313 473/471/313 467/465/313
f 467/465/314 474/472/314 468/473/314
f 475/474/315 470/468/315 469/467/315
f 470/468/316 477/475/316 471/469/316
f 477/475/315 472/476/315 471/469/315
f 472/476/317 479/477/317 473/471/317
f 473/471/318 480/478/318 474/472/318
f 475/474/319 482/479/319 476/480/319
f 476/480/320 483/481/320 477/475/320
f 477/475/319 484/482/319 478/483/319
f 484/482/321 479/477/321 478/483/321
f 485/484/322 480/478/322 479/477/322
f 487/485/323 482/479/323 481/486/323
f 488/487/324 483/481/324 482/479/324
f 483/481/323 490/488/323 484/482/323
f 490/488/325 485/484/325 484/482/325
f 485/484/326 492/489/326 486/490/326
f 487/485/327 494/491/327 488/487/327
f 494/491/328 489/492/328 488/487/328
f 489/492/327 496/493/327 490/488/327
f 496/493/329 491/494/329 490/488/329
f 497/495/330 492/489/330 491/494/330
f 499/496/331 494/491/331 493/497/331
f 494/491/332 501/498/332 495/499/332
f 495/499/331 502/500/331 496/493/331
f 502/500/333 497/495/333 496/493/333
f 503/501/334 498/502/334 497/495/334
f 499/496/335 506/503/335 500/504/335
f 506/503/336 501/498/336 500/504/336
f 507/505/335 502/500/335 501/498/335
f 508/506/337 503/501/337 502/500/337
f 503/501/338 510/507/338 504/508/338
f 511/509/339 506/503/339 505/510/339
f 506/503/340 513/511/340 507/505/340
f 513/511/339 508/506/339 507/505/339
f 514/512/341 509/513/341 508/506/341
f 515/514/342 510/507/342 509/513/342
f 517/515/343 512/516/343 511/509/343
f 518/517/344 513/511/344 512/516/344
f 519/518/343 514/512/343 513/511/343
f 520/519/345 515/514/345 514/512/345
f 515/514/346 522/520/346 516/521/346
f 517/515/347 524/522/347 518/517/347
f 518/517/348 525/523/348 519/518/348
f 519/518/347 526/524/347 520/519/347
f 526/524/349 521/525/349 520/519/349
f 521/525/350 528/526/350 522/520/350
f 529/527/351 524/522/351 523/528/351
f 524/522/352 531/529/352 525/523/352
f 531/529/351 526/524/351 525/523/351
f 532/530/353 527/531/353 526/524/353
f 533/532/354 528/526/354 527/531/354
f 535/533/355 530/534/355 529/527/355
f 536/535/356 531/529/356 530/534/356
f 537/536/355 532/530/355 531/529/355
f 538/537/357 533/532/357 532/530/357
f 539/538/358 534/539/358 533/532/358
f 541/540/359 536/535/359 535/533/359
f 542/541/360 537/536/360 536/535/360
f 543/542/359 538/537/359 537/536/359
f 544/543/361 539/538/361 538/537/361
f 545/544/362 540/545/362 539/538/362
f 541/540/363 548/546/363 542/541/363
f 548/546/364 543/542/364 542/541/364
f 549/547/363 544/543/363 543/542/363
f 550/548/365 545/544/365 544/543/365
f 545/544/366 552/549/366 546/550/366
f 547/551/367 554/552/367 548/546/367
f 548/546/368 555/553/368 549/547/368
f 549/547/367 556/554/367 550/548/367
f 556/554/369 551/555/369 550/548/369
f 557/556/370 552/549/370 551/555/370
f 559/557/371 554/552/371 553/558/371
f 560/559/372 555/553/372 554/552/372
f 555/553/371 562/560/371 556/554/371
f 562/560/373 557/556/373 556/554/373
f 557/556/374 564/561/374 558/562/374
f 559/557/375 566/563/375 560/559/375
f 566/563/376 561/564/376 560/559/376
f 561/564/375 568/565/375 562/560/375
f 562/560/377 569/566/377 563/567/377
f 569/566/378 564/561/378 563/567/378
f 565/568/379 572/569/379 566/563/379
f 572/569/380 567/570/380 566/563/380
f 567/570/381 574/571/381 568/565/381
f 574/571/382 569/566/382 568/565/382
f 575/572/383 570/573/383 569/566/383
f 577/574/384 572/569/384 571/575/384
f 578/576/385 573/577/385 572/569/385
f 579/578/384 574/571/384 573/577/384
f 574/571/386 581/579/386 575/572/386
f 575/572/387 582/580/387 576/581/387
f 577/574/388 584/582/388 578/576/388
f 578/576/389 585/583/389 579/578/389
f 585/583/388 580/584/388 579/578/388
f 586/585/390 581/579/390 580/584/390
f 587/586/391 582/580/391 581/579/391
f 589/587/392 584/582/392 583/588/392
f 590/589/393 585/583/393 584/582/393
f 591/590/394 586/585/394 585/583/394
f 592/591/395 587/586/395 586/585/395
f 587/586/396 594/592/396 588/593/396
f 595/594/397 590/589/397 589/587/397
f 590/589/398 597/595/398 591/590/398
f 597/595/397 592/591/397 591/590/397
f 598/596/399 593/597/399 592/591/399
f 593/597/400 600/598/400 594/592/400
f 601/599/401 596/600/401 595/594/401
f 596/600/402 603/601/402 597/595/402
f 603/601/401 598/596/401 597/595/401
f 598/596/403 605/602/403 599/603/403
f 605/602/404 600/598/404 599/603/404
f 607/604/405 602/605/405 601/599/405
f 608/606/406 603/601/406 602/605/406
f 609/607/405 604/608/405 603/601/405
f 604/608/407 611/609/407 605/602/407
f 605/602/408 612/610/408 606/611/408
f 613/612/409 608/606/409 607/604/409
f 608/606/410 615/613/410 609/607/410
f 615/613/409 610/614/409 609/607/409
f 616/615/411 611/609/411 610/614/411
f 617/616/412 612/610/412 611/609/412
f 613/612/413 620/617/413 614/618/413
f 620/617/414 615/613/414 614/618/414
f 615/613/413 622/619/413 616/615/413
f 622/619/415 617/616/415 616/615/415
f 623/620/416 618/621/416 617/616/416
f 619/622/417 626/623/417 620/617/417
f 620/617/418 627/624/418 621/625/418
f 627/624/417 622/619/417 621/625/417
f 622/619/419 629/626/419 623/620/419
f 623/620/420 630/627/420 624/628/420
f 631/629/421 626/623/421 625/630/421
f 632/631/422 627/624/422 626/623/422
f 627/624/421 634/632/421 628/633/421
f 628/633/423 635/634/423 629/626/423
f 635/634/424 630/627/424 629/626/424
f 637/635/425 632/631/425 631/629/425
f 638/636/426 633/637/426 632/631/426
f 639/638/425 634/632/425 633/637/425
f 634/632/427 641/639/427 635/634/427
f 641/639/428 636/640/428 635/634/428
f 637/635/429 644/641/429 638/636/429
f 644/641/430 639/638/430 638/636/430
f 645/642/429 640/643/429 639/638/429
f 640/643/431 647/644/431 641/639/431
f 647/644/432 642/645/432 641/639/432
f 649/646/433 644/641/433 643/647/433
f 650/648/434 645/642/434 644/641/434
f 645/642/433 652/649/433 646/650/433
f 646/650/435 653/651/435 647/644/435
f 653/651/436 648/652/436 647/644/436
f 655/653/437 650/648/437 649/646/437
f 656/654/438 651/655/438 650/648/438
f 657/656/437 652/649/437 651/655/437
f 652/649/439 659/657/439 653/651/439
f 659/657/440 654/658/440 653/651/440
f 661/659/441 656/654/441 655/653/441
f 662/660/442 657/656/442 656/654/442
f 663/661/441 658/662/441 657/656/441
f 658/662/443 665/663/443 659/657/443
f 659/657/444 666/664/444 660/665/444
f 667/666/445 662/660/445 661/659/445
f 662/660/446 669/667/446 663/661/446
f 669/667/445 664/668/445 663/661/445
f 664/668/447 671/669/447 665/663/447
f 665/663/448 672/670/448 666/664/448
f 667/666/449 674/671/449 668/672/449
f 668/672/450 675/673/450 669/667/450
f 669/667/449 676/674/449 670/675/449
f 676/674/451 671/669/451 670/675/451
f 677/676/452 672/670/452 671/669/452
f 679/677/453 674/671/453 673/678/453
f 680/679/454 675/673/454 674/671/454
f 675/673/453 682/680/453 676/674/453
f 682/680/455 677/676/455 676/674/455
f 677/676/456 684/681/456 678/682/456
f 679/677/457 686/683/457 680/679/457
f 686/683/458 681/684/458 680/679/458
f 681/684/457 688/685/457 682/680/457
f 688/685/459 683/686/459 682/680/459
f 689/687/460 684/681/460 683/686/460
f 691/688/461 686/683/461 685/689/461
f 686/683/462 693/690/462 687/691/462
f 687/691/461 694/692/461 688/685/461
f 694/692/463 689/687/463 688/685/463
f 695/693/464 690/694/464 689/687/464
f 691/688/465 698/695/465 692/696/465
f 698/695/466 693/690/466 692/696/466
f 699/697/465 694/692/465 693/690/465
f 700/698/467 695/693/467 694/692/467
f 695/693/468 702/699/468 696/700/468
f 703/701/469 698/695/469 697/702/469
f 698/695/470 705/703/470 699/697/470
f 705/703/469 700/698/469 699/697/469
f 706/704/471 701/705/471 700/698/471
f 707/706/472 702/699/472 701/705/472
f 709/707/473 704/708/473 703/701/473
f 710/709/474 705/703/474 704/708/474
f 711/710/473 706/704/473 705/703/473
f 712/711/475 707/706/475 706/704/475
f 707/706/476 714/712/476 708/713/476
f 709/707/477 716/714/477 710/709/477
f 710/709/478 717/715/478 711/710/478
f 711/710/477 718/716/477 712/711/477
f 718/716/479 713/717/479 712/711/479
f 713/717/480 720/718/480 714/712/480
f 721/719/481 716/714/481 715/720/481
f 716/714/482 723/721/482 717/715/482
f 723/721/481 718/716/481 717/715/481
f 724/722/483 719/723/483 718/716/483
f 725/724/484 720/718/484 719/723/484
f 727/725/485 722/726/485 721/719/485
f 728/727/486 723/721/486 722/726/486
f 729/728/485 724/722/485 723/721/485
f 730/729/487 725/724/487 724/722/487
f 731/730/488 726/731/488 725/724/488
f 733/732/489 728/727/489 727/725/489
f 734/733/490 729/728/490 728/727/490
f 735/734/489 730/729/489 729/728/489
f 736/735/491 731/730/491 730/729/491
f 737/736/492 732/737/492 731/730/492
f 733/732/493 740/738/493 734/733/493
f 740/738/494 735/734/494 734/733/494
f 741/739/493 736/735/493 735/734/493
f 742/740/495 737/736/495 736/735/495
f 737/736/496 744/741/496 738/742/496
f 739/743/497 746/744/497 740/738/497
f 740/738/498 747/745/498 741/739/498
f 741/739/497 748/746/497 742/740/497
f 748/746/499 743/747/499 742/740/499
f 749/748/500 744/741/500 743/747/500
f 751/749/501 746/744/501 745/750/501
f 752/751/502 747/745/502 746/744/502
f 747/745/501 754/752/501 748/746/501
f 754/752/503 749/748/503 748/746/503
f 749/748/504 756/753/504 750/754/504
f 751/749/505 758/755/505 752/751/505
f 758/755/506 753/756/506 752/751/506
f 753/756/505 760/757/505 754/752/505
f 754/752/507 761/758/507 755/759/507
f 761/758/508 756/753/508 755/759/508
f 757/760/509 764/761/509 758/755/509
f 764/761/510 759/762/510 758/755/510
f 759/762/509 766/763/509 760/757/509
f 766/763/511 761/758/511 760/757/511
f 767/764/512 762/765/512 761/758/512
f 769/766/513 764/761/513 763/767/513
f 770/768/514 765/769/514 764/761/514
f 771/770/513 766/763/513 765/769/513
f 766/763/515 773/771/515 767/764/515
f 767/764/516 774/772/516 768/773/516
f 1/1/1 7/12/1 8/2/1
f 2/3/517 8/2/517 9/4/517
f 9/4/1 10/7/1 4/6/1
f 10/7/3 11/9/3 5/8/3
f 11/9/4 12/17/4 6/10/4
f 13/11/5 14/13/5 8/2/5
f 14/13/6 15/14/6 9/4/6
f 15/14/5 16/15/5 10/7/5
f 16/15/7 17/21/7 11/9/7
f 11/9/8 17/21/8 18/16/8
f 19/18/9 20/24/9 14/13/9
f 14/13/10 20/24/10 21/19/10
f 21/19/9 22/20/9 16/15/9
f 22/20/11 23/27/11 17/21/11
f 17/21/12 23/27/12 24/22/12
f 25/23/13 26/29/13 20/24/13
f 20/24/14 26/29/14 27/25/14
f 27/25/13 28/32/13 22/20/13
f 22/20/15 28/32/15 29/26/15
f 29/26/16 30/35/16 24/22/16
f 31/28/17 32/30/17 26/29/17
f 32/30/18 33/31/18 27/25/18
f 33/31/17 34/38/17 28/32/17
f 28/32/19 34/38/19 35/33/19
f 29/26/20 35/33/20 36/34/20
f 37/36/21 38/42/21 32/30/21
f 32/30/22 38/42/22 39/37/22
f 39/37/21 40/39/21 34/38/21
f 40/39/23 41/40/23 35/33/23
f 41/40/24 42/45/24 36/34/24
f 37/36/25 43/46/25 44/41/25
f 44/41/518 45/49/518 39/37/518
f 39/37/25 45/49/25 46/43/25
f 46/43/27 47/44/27 41/40/27
f 47/44/28 48/52/28 42/45/28
f 43/46/29 49/54/29 50/47/29
f 44/41/30 50/47/30 51/48/30
f 51/48/29 52/57/29 46/43/29
f 46/43/31 52/57/31 53/50/31
f 47/44/32 53/50/32 54/51/32
f 55/53/33 56/55/33 50/47/33
f 56/55/34 57/61/34 51/48/34
f 51/48/33 57/61/33 58/56/33
f 52/57/35 58/56/35 59/58/35
f 59/58/36 60/64/36 54/51/36
f 61/59/37 62/60/37 56/55/37
f 62/60/38 63/62/38 57/61/38
f 63/62/37 64/67/37 58/56/37
f 58/56/519 64/67/519 65/63/519
f 65/63/520 66/69/520 60/64/520
f 61/59/41 67/71/41 68/65/41
f 68/65/42 69/66/42 63/62/42
f 69/66/41 70/74/41 64/67/41
f 64/67/43 70/74/43 71/68/43
f 71/68/44 72/76/44 66/69/44
f 73/70/45 74/72/45 68/65/45
f 74/72/46 75/79/46 69/66/46
f 69/66/45 75/79/45 76/73/45
f 70/74/47 76/73/47 77/75/47
f 77/75/48 78/82/48 72/76/48
f 79/77/49 80/78/49 74/72/49
f 80/78/50 81/80/50 75/79/50
f 81/80/49 82/86/49 76/73/49
f 76/73/521 82/86/521 83/81/521
f 83/81/52 84/89/52 78/82/52
f 85/83/53 86/84/53 80/78/53
f 86/84/54 87/85/54 81/80/54
f 87/85/53 88/92/53 82/86/53
f 82/86/522 88/92/522 89/87/522
f 83/81/56 89/87/56 90/88/56
f 91/90/57 92/96/57 86/84/57
f 86/84/58 92/96/58 93/91/58
f 93/91/57 94/99/57 88/92/57
f 88/92/59 94/99/59 95/93/59
f 89/87/60 95/93/60 96/94/60
f 91/90/61 97/102/61 98/95/61
f 92/96/62 98/95/62 99/97/62
f 93/91/61 99/97/61 100/98/61
f 100/98/63 101/100/63 95/93/63
f 101/100/64 102/106/64 96/94/64
f 103/101/65 104/103/65 98/95/65
f 104/103/66 105/108/66 99/97/66
f 99/97/65 105/108/65 106/104/65
f 106/104/67 107/110/67 101/100/67
f 101/100/68 107/110/68 108/105/68
f 103/101/69 109/113/69 110/107/69
f 110/107/70 111/115/70 105/108/70
f 105/108/69 111/115/69 112/109/69
f 112/109/523 113/111/523 107/110/523
f 113/111/72 114/118/72 108/105/72
f 115/112/73 116/120/73 110/107/73
f 110/107/74 116/120/74 117/114/74
f 111/115/73 117/114/73 118/116/73
f 118/116/75 119/117/75 113/111/75
f 119/117/76 120/124/76 114/118/76
f 115/112/77 121/126/77 122/119/77
f 122/119/78 123/121/78 117/114/78
f 123/121/77 124/122/77 118/116/77
f 124/122/79 125/129/79 119/117/79
f 119/117/80 125/129/80 126/123/80
f 127/125/81 128/132/81 122/119/81
f 122/119/82 128/132/82 129/127/82
f 129/127/81 130/128/81 124/122/81
f 130/128/83 131/130/83 125/129/83
f 131/130/84 132/137/84 126/123/84
f 133/131/85 134/133/85 128/132/85
f 134/133/524 135/134/524 129/127/524
f 135/134/85 136/135/85 130/128/85
f 136/135/87 137/141/87 131/130/87
f 131/130/88 137/141/88 138/136/88
f 133/131/89 139/144/89 140/138/89
f 134/133/90 140/138/90 141/139/90
f 135/134/89 141/139/89 142/140/89
f 142/140/91 143/147/91 137/141/91
f 137/141/525 143/147/525 144/142/525
f 145/143/93 146/150/93 140/138/93
f 140/138/94 146/150/94 147/145/94
f 147/145/93 148/146/93 142/140/93
f 148/146/526 149/148/526 143/147/526
f 149/148/96 150/155/96 144/142/96
f 151/149/97 152/151/97 146/150/97
f 152/151/98 153/152/98 147/145/98
f 153/152/97 154/153/97 148/146/97
f 154/153/527 155/154/527 149/148/527
f 155/154/100 156/161/100 150/155/100
f 157/156/101 158/157/101 152/151/101
f 158/157/102 159/158/102 153/152/102
f 159/158/101 160/159/101 154/153/101
f 160/159/528 161/160/528 155/154/528
f 161/160/104 162/166/104 156/161/104
f 157/156/105 163/167/105 164/162/105
f 164/162/106 165/163/106 159/158/106
f 165/163/105 166/164/105 160/159/105
f 166/164/529 167/171/529 161/160/529
f 161/160/108 167/171/108 168/165/108
f 163/167/109 169/174/109 170/168/109
f 164/162/110 170/168/110 171/169/110
f 165/163/109 171/169/109 172/170/109
f 172/170/530 173/172/530 167/171/530
f 173/172/112 174/178/112 168/165/112
f 175/173/113 176/175/113 170/168/113
f 176/175/114 177/180/114 171/169/114
f 171/169/113 177/180/113 178/176/113
f 178/176/531 179/183/531 173/172/531
f 173/172/532 179/183/532 180/177/532
f 175/173/117 181/184/117 182/179/117
f 182/179/118 183/186/118 177/180/118
f 177/180/117 183/186/117 184/181/117
f 178/176/119 184/181/119 185/182/119
f 185/182/120 186/189/120 180/177/120
f 181/184/121 187/191/121 188/185/121
f 188/185/122 189/193/122 183/186/122
f 183/186/123 189/193/123 190/187/123
f 190/187/533 191/188/533 185/182/533
f 191/188/125 192/197/125 186/189/125
f 193/190/126 194/192/126 188/185/126
f 194/192/127 195/194/127 189/193/127
f 195/194/126 196/200/126 190/187/126
f 190/187/128 196/200/128 197/195/128
f 191/188/129 197/195/129 198/196/129
f 193/190/130 199/204/130 200/198/130
f 194/192/131 200/198/131 201/199/131
f 201/199/130 202/201/130 196/200/130
f 202/201/132 203/202/132 197/195/132
f 203/202/133 204/209/133 198/196/133
f 205/203/134 206/205/134 200/198/134
f 206/205/135 207/206/135 201/199/135
f 207/206/136 208/207/136 202/201/136
f 208/207/137 209/213/137 203/202/137
f 203/202/138 209/213/138 210/208/138
f 211/210/139 212/216/139 206/205/139
f 206/205/140 212/216/140 213/211/140
f 213/211/139 214/212/139 208/207/139
f 214/212/141 215/219/141 209/213/141
f 209/213/142 215/219/142 216/214/142
f 217/215/143 218/221/143 212/216/143
f 212/216/144 218/221/144 219/217/144
f 219/217/143 220/224/143 214/212/143
f 214/212/534 220/224/534 221/218/534
f 221/218/535 222/227/535 216/214/535
f 223/220/147 224/222/147 218/221/147
f 224/222/148 225/223/148 219/217/148
f 225/223/147 226/230/147 220/224/147
f 220/224/536 226/230/536 227/225/536
f 221/218/150 227/225/150 228/226/150
f 229/228/151 230/234/151 224/222/151
f 224/222/152 230/234/152 231/229/152
f 231/229/151 232/231/151 226/230/151
f 232/231/537 233/232/537 227/225/537
f 233/232/154 234/237/154 228/226/154
f 229/228/155 235/238/155 236/233/155
f 236/233/538 237/241/538 231/229/538
f 231/229/155 237/241/155 238/235/155
f 238/235/539 239/236/539 233/232/539
f 239/236/158 240/244/158 234/237/158
f 235/238/159 241/246/159 242/239/159
f 236/233/160 242/239/160 243/240/160
f 243/240/159 244/249/159 238/235/159
f 238/235/540 244/249/540 245/242/540
f 239/236/162 245/242/162 246/243/162
f 247/245/163 248/247/163 242/239/163
f 248/247/164 249/253/164 243/240/164
f 243/240/163 249/253/163 250/248/163
f 244/249/541 250/248/541 251/250/541
f 251/250/166 252/256/166 246/243/166
f 253/251/167 254/252/167 248/247/167
f 254/252/168 255/254/168 249/253/168
f 255/254/167 256/259/167 250/248/167
f 250/248/169 256/259/169 257/255/169
f 257/255/542 258/261/542 252/256/542
f 253/251/171 259/263/171 260/257/171
f 260/257/543 261/258/543 255/254/543
f 261/258/171 262/266/171 256/259/171
f 256/259/173 262/266/173 263/260/173
f 263/260/174 264/268/174 258/261/174
f 265/262/175 266/264/175 260/257/175
f 266/264/176 267/271/176 261/258/176
f 261/258/175 267/271/175 268/265/175
f 262/266/177 268/265/177 269/267/177
f 269/267/178 270/274/178 264/268/178
f 271/269/179 272/270/179 266/264/179
f 272/270/180 273/272/180 267/271/180
f 273/272/179 274/278/179 268/265/179
f 268/265/181 274/278/181 275/273/181
f 275/273/182 276/281/182 270/274/182
f 277/275/183 278/276/183 272/270/183
f 278/276/184 279/277/184 273/272/184
f 279/277/183 280/284/183 274/278/183
f 274/278/185 280/284/185 281/279/185
f 275/273/186 281/279/186 282/280/186
f 283/282/187 284/288/187 278/276/187
f 278/276/188 284/288/188 285/283/188
f 285/283/187 286/291/187 280/284/187
f 280/284/544 286/291/544 287/285/544
f 281/279/190 287/285/190 288/286/190
f 283/282/191 289/294/191 290/287/191
f 284/288/192 290/287/192 291/289/192
f 285/283/191 291/289/191 292/290/191
f 292/290/193 293/292/193 287/285/193
f 293/292/194 294/298/194 288/286/194
f 295/293/195 296/295/195 290/287/195
f 296/295/196 297/300/196 291/289/196
f 291/289/195 297/300/195 298/296/195
f 298/296/197 299/302/197 293/292/197
f 293/292/198 299/302/198 300/297/198
f 295/293/199 301/305/199 302/299/199
f 302/299/200 303/307/200 297/300/200
f 297/300/199 303/307/199 304/301/199
f 304/301/201 305/303/201 299/302/201
f 305/303/202 306/310/202 300/297/202
f 307/304/203 308/312/203 302/299/203
f 302/299/204 308/312/204 309/306/204
f 303/307/203 309/306/203 310/308/203
f 310/308/545 311/309/545 305/303/545
f 311/309/206 312/316/206 306/310/206
f 307/304/207 313/318/207 314/311/207
f 314/311/208 315/313/208 309/306/208
f 315/313/207 316/314/207 310/308/207
f 316/314/546 317/321/546 311/309/546
f 311/309/210 317/321/210 318/315/210
f 319/317/211 320/324/211 314/311/211
f 314/311/212 320/324/212 321/319/212
f 321/319/211 322/320/211 316/314/211
f 322/320/213 323/322/213 317/321/213
f 323/322/214 324/329/214 318/315/214
f 325/323/215 326/325/215 320/324/215
f 326/325/216 327/326/216 321/319/216
f 327/326/215 328/327/215 322/320/215
f 328/327/217 329/333/217 323/322/217
f 323/322/218 329/333/218 330/328/218
f 325/323/219 331/336/219 332/330/219
f 326/325/220 332/330/220 333/331/220
f 327/326/219 333/331/219 334/332/219
f 334/332/547 335/339/547 329/333/547
f 329/333/548 335/339/548 336/334/548
f 337/335/223 338/342/223 332/330/223
f 332/330/224 338/342/224 339/337/224
f 339/337/223 340/338/223 334/332/223
f 340/338/225 341/340/225 335/339/225
f 341/340/226 342/347/226 336/334/226
f 343/341/227 344/343/227 338/342/227
f 344/343/228 345/344/228 339/337/228
f 345/344/227 346/345/227 340/338/227
f 346/345/229 347/346/229 341/340/229
f 347/346/230 348/353/230 342/347/230
f 349/348/231 350/349/231 344/343/231
f 350/349/549 351/350/549 345/344/549
f 351/350/231 352/351/231 346/345/231
f 352/351/233 353/352/233 347/346/233
f 353/352/234 354/358/234 348/353/234
f 349/348/235 355/359/235 356/354/235
f 356/354/236 357/355/236 351/350/236
f 357/355/235 358/356/235 352/351/235
f 358/356/237 359/363/237 353/352/237
f 353/352/238 359/363/238 360/357/238
f 355/359/239 361/366/239 362/360/239
f 356/354/240 362/360/240 363/361/240
f 357/355/239 363/361/239 364/362/239
f 364/362/241 365/364/241 359/363/241
f 365/364/242 366/370/242 360/357/242
f 367/365/243 368/367/243 362/360/243
f 368/367/244 369/372/244 363/361/244
f 363/361/243 369/372/243 370/368/243
f 370/368/245 371/375/245 365/364/245
f 365/364/246 371/375/246 372/369/246
f 367/365/247 373/376/247 374/371/247
f 374/371/248 375/378/248 369/372/248
f 369/372/247 375/378/247 376/373/247
f 370/368/249 376/373/249 377/374/249
f 377/374/250 378/381/250 372/369/250
f 373/376/251 379/383/251 380/377/251
f 380/377/252 381/385/252 375/378/252
f 375/378/251 381/385/251 382/379/251
f 382/379/253 383/380/253 377/374/253
f 383/380/254 384/389/254 378/381/254
f 385/382/255 386/384/255 380/377/255
f 386/384/550 387/386/550 381/385/550
f 387/386/255 388/392/255 382/379/255
f 382/379/257 388/392/257 389/387/257
f 383/380/258 389/387/258 390/388/258
f 385/382/259 391/396/259 392/390/259
f 386/384/551 392/390/551 393/391/551
f 393/391/259 394/393/259 388/392/259
f 394/393/261 395/394/261 389/387/261
f 395/394/262 396/401/262 390/388/262
f 397/395/263 398/397/263 392/390/263
f 398/397/264 399/398/264 393/391/264
f 399/398/263 400/399/263 394/393/263
f 400/399/265 401/405/265 395/394/265
f 395/394/266 401/405/266 402/400/266
f 403/402/267 404/408/267 398/397/267
f 398/397/268 404/408/268 405/403/268
f 405/403/267 406/404/267 400/399/267
f 406/404/269 407/411/269 401/405/269
f 401/405/270 407/411/270 408/406/270
f 409/407/271 410/413/271 404/408/271
f 404/408/272 410/413/272 411/409/272
f 411/409/271 412/416/271 406/404/271
f 406/404/273 412/416/273 413/410/273
f 413/410/274 414/419/274 408/406/274
f 415/412/275 416/414/275 410/413/275
f 416/414/276 417/415/276 411/409/276
f 417/415/275 418/422/275 412/416/275
f 412/416/277 418/422/277 419/417/277
f 413/410/278 419/417/278 420/418/278
f 421/420/279 422/426/279 416/414/279
f 416/414/280 422/426/280 423/421/280
f 423/421/279 424/423/279 418/422/279
f 424/423/281 425/424/281 419/417/281
f 425/424/282 426/429/282 420/418/282
f 421/420/283 427/430/283 428/425/283
f 428/425/552 429/433/552 423/421/552
f 423/421/283 429/433/283 430/427/283
f 430/427/285 431/428/285 425/424/285
f 431/428/286 432/436/286 426/429/286
f 427/430/287 433/438/287 434/431/287
f 428/425/288 434/431/288 435/432/288
f 435/432/287 436/441/287 430/427/287
f 430/427/289 436/441/289 437/434/289
f 431/428/290 437/434/290 438/435/290
f 439/437/291 440/439/291 434/431/291
f 440/439/292 441/445/292 435/432/292
f 435/432/291 441/445/291 442/440/291
f 436/441/293 442/440/293 443/442/293
f 443/442/294 444/448/294 438/435/294
f 445/443/295 446/444/295 440/439/295
f 446/444/296 447/446/296 441/445/296
f 447/446/295 448/451/295 442/440/295
f 442/440/553 448/451/553 449/447/553
f 449/447/554 450/453/554 444/448/554
f 445/443/299 451/455/299 452/449/299
f 452/449/300 453/450/300 447/446/300
f 453/450/299 454/458/299 448/451/299
f 448/451/301 454/458/301 455/452/301
f 455/452/302 456/460/302 450/453/302
f 457/454/303 458/456/303 452/449/303
f 458/456/304 459/463/304 453/450/304
f 453/450/303 459/463/303 460/457/303
f 454/458/305 460/457/305 461/459/305
f 461/459/306 462/466/306 456/460/306
f 463/461/307 464/462/307 458/456/307
f 464/462/308 465/464/308 459/463/308
f 465/464/307 466/470/307 460/457/307
f 460/457/555 466/470/555 467/465/555
f 467/465/310 468/473/310 462/466/310
f 469/467/311 470/468/311 464/462/311
f 470/468/312 471/469/312 465/464/312
f 471/469/311 472/476/311 466/470/311
f 466/470/556 472/476/556 473/471/556
f 467/465/314 473/471/314 474/472/314
f 475/474/315 476/480/315 470/468/315
f 470/468/316 476/480/316 477/475/316
f 477/475/315 478/483/315 472/476/315
f 472/476/317 478/483/317 479/477/317
f 473/471/318 479/477/318 480/478/318
f 475/474/319 481/486/319 482/479/319
f 476/480/320 482/479/320 483/481/320
f 477/475/319 483/481/319 484/482/319
f 484/482/321 485/484/321 479/477/321
f 485/484/322 486/490/322 480/478/322
f 487/485/323 488/487/323 482/479/323
f 488/487/324 489/492/324 483/481/324
f 483/481/323 489/492/323 490/488/323
f 490/488/325 491/494/325 485/484/325
f 485/484/326 491/494/326 492/489/326
f 487/485/327 493/497/327 494/491/327
f 494/491/328 495/499/328 489/492/328
f 489/492/327 495/499/327 496/493/327
f 496/493/557 497/495/557 491/494/557
f 497/495/330 498/502/330 492/489/330
f 499/496/331 500/504/331 494/491/331
f 494/491/332 500/504/332 501/498/332
f 495/499/331 501/498/331 502/500/331
f 502/500/333 503/501/333 497/495/333
f 503/501/334 504/508/334 498/502/334
f 499/496/335 505/510/335 506/503/335
f 506/503/336 507/505/336 501/498/336
f 507/505/335 508/506/335 502/500/335
f 508/506/337 509/513/337 503/501/337
f 503/501/338 509/513/338 510/507/338
f 511/509/339 512/516/339 506/503/339
f 506/503/340 512/516/340 513/511/340
f 513/511/339 514/512/339 508/506/339
f 514/512/341 515/514/341 509/513/341
f 515/514/342 516/521/342 510/507/342
f 517/515/343 518/517/343 512/516/343
f 518/517/558 519/518/558 513/511/558
f 519/518/343 520/519/343 514/512/343
f 520/519/345 521/525/345 515/514/345
f 515/514/346 521/525/346 522/520/346
f 517/515/347 523/528/347 524/522/347
f 518/517/348 524/522/348 525/523/348
f 519/518/347 525/523/347 526/524/347
f 526/524/349 527/531/349 521/525/349
f 521/525/559 527/531/559 528/526/559
f 529/527/351 530/534/351 524/522/351
f 524/522/352 530/534/352 531/529/352
f 531/529/351 532/530/351 526/524/351
f 532/530/560 533/532/560 527/531/560
f 533/532/354 534/539/354 528/526/354
f 535/533/355 536/535/355 530/534/355
f 536/535/356 537/536/356 531/529/356
f 537/536/355 538/537/355 532/530/355
f 538/537/561 539/538/561 533/532/561
f 539/538/358 540/545/358 534/539/358
f 541/540/359 542/541/359 536/535/359
f 542/541/360 543/542/360 537/536/360
f 543/542/359 544/543/359 538/537/359
f 544/543/562 545/544/562 539/538/562
f 545/544/362 546/550/362 540/545/362
f 541/540/363 547/551/363 548/546/363
f 548/546/364 549/547/364 543/542/364
f 549/547/363 550/548/363 544/543/363
f 550/548/563 551/555/563 545/544/563
f 545/544/366 551/555/366 552/549/366
f 547/551/367 553/558/367 554/552/367
f 548/546/368 554/552/368 555/553/368
f 549/547/367 555/553/367 556/554/367
f 556/554/564 557/556/564 551/555/564
f 557/556/370 558/562/370 552/549/370
f 559/557/371 560/559/371 554/552/371
f 560/559/372 561/564/372 555/553/372
f 555/553/371 561/564/371 562/560/371
f 562/560/565 563/567/565 557/556/565
f 557/556/566 563/567/566 564/561/566
f 559/557/375 565/568/375 566/563/375
f 566/563/376 567/570/376 561/564/376
f 561/564/375 567/570/375 568/565/375
f 562/560/377 568/565/377 569/566/377
f 569/566/378 570/573/378 564/561/378
f 565/568/379 571/575/379 572/569/379
f 572/569/380 573/577/380 567/570/380
f 567/570/381 573/577/381 574/571/381
f 574/571/567 575/572/567 569/566/567
f 575/572/383 576/581/383 570/573/383
f 577/574/384 578/576/384 572/569/384
f 578/576/385 579/578/385 573/577/385
f 579/578/384 580/584/384 574/571/384
f 574/571/386 580/584/386 581/579/386
f 575/572/387 581/579/387 582/580/387
f 577/574/388 583/588/388 584/582/388
f 578/576/389 584/582/389 585/583/389
f 585/583/388 586/585/388 580/584/388
f 586/585/390 587/586/390 581/579/390
f 587/586/391 588/593/391 582/580/391
f 589/587/392 590/589/392 584/582/392
f 590/589/393 591/590/393 585/583/393
f 591/590/394 592/591/394 586/585/394
f 592/591/395 593/597/395 587/586/395
f 587/586/396 593/597/396 594/592/396
f 595/594/397 596/600/397 590/589/397
f 590/589/398 596/600/398 597/595/398
f 597/595/397 598/596/397 592/591/397
f 598/596/399 599/603/399 593/597/399
f 593/597/400 599/603/400 600/598/400
f 601/599/401 602/605/401 596/600/401
f 596/600/402 602/605/402 603/601/402
f 603/601/401 604/608/401 598/596/401
f 598/596/568 604/608/568 605/602/568
f 605/602/569 606/611/569 600/598/569
f 607/604/405 608/606/405 602/605/405
f 608/606/406 609/607/406 603/601/406
f 609/607/405 610/614/405 604/608/405
f 604/608/570 610/614/570 611/609/570
f 605/602/408 611/609/408 612/610/408
f 613/612/409 614/618/409 608/606/409
f 608/606/410 614/618/410 615/613/410
f 615/613/409 616/615/409 610/614/409
f 616/615/571 617/616/571 611/609/571
f 617/616/412 618/621/412 612/610/412
f 613/612/413 619/622/413 620/617/413
f 620/617/572 621/625/572 615/613/572
f 615/613/413 621/625/413 622/619/413
f 622/619/573 623/620/573 617/616/573
f 623/620/416 624/628/416 618/621/416
f 619/622/417 625/630/417 626/623/417
f 620/617/418 626/623/418 627/624/418
f 627/624/417 628/633/417 622/619/417
f 622/619/574 628/633/574 629/626/574
f 623/620/420 629/626/420 630/627/420
f 631/629/421 632/631/421 626/623/421
f 632/631/422 633/637/422 627/624/422
f 627/624/421 633/637/421 634/632/421
f 628/633/575 634/632/575 635/634/575
f 635/634/424 636/640/424 630/627/424
f 637/635/425 638/636/425 632/631/425
f 638/636/426 639/638/426 633/637/426
f 639/638/425 640/643/425 634/632/425
f 634/632/427 640/643/427 641/639/427
f 641/639/576 642/645/576 636/640/576
f 637/635/429 643/647/429 644/641/429
f 644/641/577 645/642/577 639/638/577
f 645/642/429 646/650/429 640/643/429
f 640/643/431 646/650/431 647/644/431
f 647/644/432 648/652/432 642/645/432
f 649/646/433 650/648/433 644/641/433
f 650/648/434 651/655/434 645/642/434
f 645/642/433 651/655/433 652/649/433
f 646/650/435 652/649/435 653/651/435
f 653/651/436 654/658/436 648/652/436
f 655/653/437 656/654/437 650/648/437
f 656/654/438 657/656/438 651/655/438
f 657/656/437 658/662/437 652/649/437
f 652/649/439 658/662/439 659/657/439
f 659/657/440 660/665/440 654/658/440
f 661/659/441 662/660/441 656/654/441
f 662/660/442 663/661/442 657/656/442
f 663/661/441 664/668/441 658/662/441
f 658/662/443 664/668/443 665/663/443
f 659/657/444 665/663/444 666/664/444
f 667/666/445 668/672/445 662/660/445
f 662/660/446 668/672/446 669/667/446
f 669/667/445 670/675/445 664/668/445
f 664/668/578 670/675/578 671/669/578
f 665/663/448 671/669/448 672/670/448
f 667/666/449 673/678/449 674/671/449
f 668/672/450 674/671/450 675/673/450
f 669/667/449 675/673/449 676/674/449
f 676/674/451 677/676/451 671/669/451
f 677/676/452 678/682/452 672/670/452
f 679/677/453 680/679/453 674/671/453
f 680/679/454 681/684/454 675/673/454
f 675/673/453 681/684/453 682/680/453
f 682/680/455 683/686/455 677/676/455
f 677/676/456 683/686/456 684/681/456
f 679/677/457 685/689/457 686/683/457
f 686/683/458 687/691/458 681/684/458
f 681/684/457 687/691/457 688/685/457
f 688/685/459 689/687/459 683/686/459
f 689/687/460 690/694/460 684/681/460
f 691/688/461 692/696/461 686/683/461
f 686/683/462 692/696/462 693/690/462
f 687/691/461 693/690/461 694/692/461
f 694/692/579 695/693/579 689/687/579
f 695/693/464 696/700/464 690/694/464
f 691/688/465 697/702/465 698/695/465
f 698/695/466 699/697/466 693/690/466
f 699/697/465 700/698/465 694/692/465
f 700/698/580 701/705/580 695/693/580
f 695/693/468 701/705/468 702/699/468
f 703/701/469 704/708/469 698/695/469
f 698/695/470 704/708/470 705/703/470
f 705/703/469 706/704/469 700/698/469
f 706/704/471 707/706/471 701/705/471
f 707/706/472 708/713/472 702/699/472
f 709/707/473 710/709/473 704/708/473
f 710/709/474 711/710/474 705/703/474
f 711/710/473 712/711/473 706/704/473
f 712/711/475 713/717/475 707/706/475
f 707/706/476 713/717/476 714/712/476
f 709/707/477 715/720/477 716/714/477
f 710/709/478 716/714/478 717/715/478
f 711/710/477 717/715/477 718/716/477
f 718/716/581 719/723/581 713/717/581
f 713/717/582 719/723/582 720/718/582
f 721/719/481 722/726/481 716/714/481
f 716/714/482 722/726/482 723/721/482
f 723/721/481 724/722/481 718/716/481
f 724/722/483 725/724/483 719/723/483
f 725/724/484 726/731/484 720/718/484
f 727/725/485 728/727/485 722/726/485
f 728/727/486 729/728/486 723/721/486
f 729/728/485 730/729/485 724/722/485
f 730/729/487 731/730/487 725/724/487
f 731/730/488 732/737/488 726/731/488
f 733/732/489 734/733/489 728/727/489
f 734/733/583 735/734/583 729/728/583
f 735/734/489 736/735/489 730/729/489
f 736/735/491 737/736/491 731/730/491
f 737/736/492 738/742/492 732/737/492
f 733/732/493 739/743/493 740/738/493
f 740/738/494 741/739/494 735/734/494
f 741/739/493 742/740/493 736/735/493
f 742/740/495 743/747/495 737/736/495
f 737/736/496 743/747/496 744/741/496
f 739/743/497 745/750/497 746/744/497
f 740/738/498 746/744/498 747/745/498
f 741/739/497 747/745/497 748/746/497
f 748/746/499 749/748/499 743/747/499
f 749/748/500 750/754/500 744/741/500
f 751/749/501 752/751/501 746/744/501
f 752/751/502 753/756/502 747/745/502
f 747/745/501 753/756/501 754/752/501
f 754/752/503 755/759/503 749/748/503
f 749/748/504 755/759/504 756/753/504
f 751/749/505 757/760/505 758/755/505
f 758/755/506 759/762/506 753/756/506
f 753/756/505 759/762/505 760/757/505
f 754/752/507 760/757/507 761/758/507
f 761/758/508 762/765/508 756/753/508
f 757/760/509 763/767/509 764/761/509
f 764/761/510 765/769/510 759/762/510
f 759/762/509 765/769/509 766/763/509
f 766/763/511 767/764/511 761/758/511
f 767/764/512 768/773/512 762/765/512
f 769/766/513 770/768/513 764/761/513
f 770/768/584 771/770/584 765/769/584
f 771/770/513 772/774/513 766/763/513
f 766/763/515 772/774/515 773/771/515
f 767/764/516 773/771/516 774/772/516
