# Blender 5.1.2
# www.blender.org
o justed_inferno_v32_coiled_core
v 0.000000 -0.500000 0.000000
v 0.000000 -0.500000 0.000000
v 0.000000 -0.500000 0.000000
v 0.000000 -0.500000 0.000000
v 0.000000 -0.500000 0.000000
v 0.000000 -0.500000 0.000000
v 0.000000 -0.500000 0.000000
v 0.000000 -0.500000 0.000000
v 0.000000 -0.500000 0.000000
v 0.000000 -0.500000 0.000000
v 0.000000 -0.500000 0.000000
v 0.000000 -0.500000 0.000000
v -0.000420 -0.504727 0.001762
v 0.000000 -0.500000 0.000000
v 0.000000 -0.500000 0.000000
v 0.000000 -0.500000 0.000000
v 0.000000 -0.500000 0.000000
v 0.000000 -0.500000 0.000000
v 0.000000 -0.500000 0.000000
v 0.000000 -0.500000 0.000000
v 0.000000 -0.500000 0.000000
v 0.000000 -0.500000 0.000000
v 0.000000 -0.500000 0.000000
v 0.000000 -0.500000 0.000000
v 0.131778 -0.491802 0.000000
v 0.123382 -0.476713 0.033060
v 0.109270 -0.470889 0.063087
v 0.157262 -0.462934 0.161126
v 0.066322 -0.495037 0.114874
v 0.033927 -0.489213 0.126618
v 0.000000 -0.474124 0.127041
v -0.032743 -0.472138 0.122198
v -0.112127 -0.470167 0.189609
v -0.093875 -0.495463 0.093875
v -0.112823 -0.486198 0.065138
v -0.122198 -0.472138 0.032743
v -0.127041 -0.474124 0.000000
v -0.114874 -0.495037 -0.066322
v -0.091506 -0.482963 -0.091506
v -0.063087 -0.470889 -0.109270
v -0.033060 -0.476713 -0.123382
v 0.000000 -0.491802 -0.131778
v 0.034244 -0.493788 -0.127802
v 0.064271 -0.479728 -0.111321
v 0.089138 -0.470463 -0.089138
v 0.187815 -0.460146 -0.106052
v 0.127802 -0.493788 -0.034244
v 0.131778 -0.491802 0.000000
v 0.250000 -0.433013 0.000000
v 0.224482 -0.410477 0.076813
v 0.123237 -0.452405 0.226793
v -0.006817 -0.412486 0.235487
v -0.183027 -0.448322 0.183027
v -0.229521 -0.407407 0.076070
v -0.258836 -0.452619 -0.056653
v -0.221919 -0.443838 -0.128125
v -0.139927 -0.408644 -0.194526
v -0.017414 -0.456717 -0.260631
v 0.065542 -0.438616 -0.244606
v 0.142016 -0.409622 -0.191272
v 0.253144 -0.453926 -0.067830
v 0.250000 -0.433013 0.000000
v 0.335876 -0.335876 0.000000
v 0.295775 -0.364725 0.129373
v 0.267678 -0.378553 0.267678
v 0.180012 -0.360024 0.311790
v 0.049382 -0.326679 0.325408
v -0.094742 -0.366053 0.353580
v -0.206212 -0.384960 0.306523
v -0.292717 -0.329229 0.145923
v -0.371231 -0.371231 0.000000
v -0.351504 -0.380061 -0.110083
v -0.221232 -0.335270 -0.235813
v -0.097110 -0.375204 -0.362419
v 0.000000 -0.371231 -0.371231
v 0.150214 -0.320968 -0.299040
v 0.314648 -0.300961 -0.298909
v 0.327099 -0.377701 -0.188851
v 0.353580 -0.366053 -0.094742
v 0.335876 -0.335876 0.000000
v 0.421143 -0.183961 -0.000033
v 0.420506 -0.255313 0.216860
v 0.324936 -0.265309 0.324936
v 0.128446 -0.216648 0.380606
v -0.011161 -0.180432 0.499784
v -0.121447 -0.270913 0.453246
v -0.225881 -0.260825 0.391238
v -0.322839 -0.223074 0.232586
v -0.491340 -0.185227 0.124926
v -0.470513 -0.271651 0.000000
v -0.427633 -0.255604 -0.114584
v -0.319270 -0.227598 -0.233373
v -0.225881 -0.260825 -0.391238
v -0.121447 -0.270913 -0.453246
v 0.000000 -0.250000 -0.433013
v 0.124365 -0.233182 -0.372582
v 0.403125 -0.268750 -0.232744
v 0.405191 -0.210506 -0.000100
v 0.489037 -0.135659 0.131037
v 0.457282 -0.141484 0.264012
v 0.341506 -0.129409 0.341506
v 0.192329 -0.127040 0.389237
v -0.135457 -0.140235 0.505530
v -0.235444 -0.126174 0.407802
v -0.325927 -0.141522 0.285519
v -0.515950 -0.138248 0.000000
v -0.395549 -0.102517 -0.193436
v -0.367381 -0.047327 -0.383084
v -0.264012 -0.141484 -0.457282
v -0.131037 -0.135660 -0.489037
v 0.069183 -0.111712 -0.432132
v 0.247518 -0.132645 -0.428715
v 0.374493 -0.141910 -0.374493
v 0.428715 -0.132645 -0.247518
v 0.427482 -0.118584 -0.114543
v 0.449976 -0.120571 0.000000
v 0.500000 0.000000 0.000000
v 0.529613 0.000000 0.141909
v 0.454663 0.000000 0.262500
v 0.264518 0.003745 0.364274
v 0.132759 0.000000 0.495463
v 0.000000 0.000000 0.550000
v -0.132759 0.000000 0.495463
v -0.264518 -0.003745 0.364274
v -0.454663 0.000000 0.262500
v -0.529613 0.000000 0.141909
v -0.500000 0.000000 0.000000
v -0.426152 -0.013895 -0.146317
v -0.271651 -0.000000 -0.470513
v -0.034505 0.028095 -0.452314
v 0.126060 -0.000000 -0.470463
v 0.271651 -0.000000 -0.470513
v 0.367381 0.047327 -0.383084
v 0.426152 0.013895 -0.146317
v 0.500000 0.000000 0.000000
v 0.515950 0.138248 -0.000000
v 0.491340 0.185227 0.124926
v 0.325927 0.141522 0.285519
v 0.235444 0.126174 0.407802
v 0.135457 0.140235 0.505530
v 0.011161 0.180432 0.499784
v -0.192329 0.127040 0.389237
v -0.341506 0.129410 0.341506
v -0.457282 0.141484 0.264012
v -0.489037 0.135660 0.131037
v -0.430661 0.118329 -0.067869
v -0.428715 0.132645 -0.247519
v -0.374493 0.141909 -0.374493
v -0.247518 0.132645 -0.428715
v -0.069183 0.111712 -0.432132
v 0.131037 0.135659 -0.489037
v 0.264012 0.141484 -0.457282
v 0.395549 0.102517 -0.193436
v 0.515950 0.138248 -0.000000
v 0.470513 0.271651 -0.000000
v 0.322839 0.223074 0.232586
v 0.225881 0.260825 0.391238
v 0.121447 0.270913 0.453246
v -0.128446 0.216648 0.380606
v -0.324936 0.265309 0.324936
v -0.377174 0.305934 0.225107
v -0.388591 0.244469 0.018571
v -0.407103 0.280432 -0.207549
v -0.314648 0.300961 -0.298909
v -0.124365 0.233182 -0.372582
v 0.000000 0.250000 -0.433013
v 0.121447 0.270913 -0.453246
v 0.225881 0.260825 -0.391238
v 0.319270 0.227598 -0.233373
v 0.427633 0.255604 -0.114584
v 0.470513 0.271651 -0.000000
v 0.371231 0.371231 -0.000000
v 0.292717 0.329229 0.145923
v 0.206212 0.384960 0.306523
v 0.094742 0.366053 0.353580
v -0.049382 0.326679 0.325407
v -0.180012 0.360024 0.311790
v -0.267678 0.378553 0.267678
v -0.326899 0.324296 0.053696
v -0.353580 0.366053 -0.094742
v -0.327099 0.377701 -0.188851
v -0.150214 0.320968 -0.299040
v 0.000000 0.371231 -0.371231
v 0.097110 0.375204 -0.362419
v 0.221232 0.335270 -0.235813
v 0.351504 0.380061 -0.110083
v 0.297360 0.417211 0.001272
v 0.236948 0.436221 -0.000966
v 0.229521 0.407407 0.076070
v 0.183027 0.448322 0.183027
v 0.112127 0.470167 0.189609
v 0.006817 0.412486 0.235487
v -0.123237 0.452405 0.226793
v -0.157262 0.462934 0.161126
v -0.224482 0.410476 0.076813
v -0.252629 0.455666 -0.053325
v -0.187815 0.460146 -0.106052
v -0.142016 0.409622 -0.191272
v -0.065542 0.438616 -0.244607
v 0.017414 0.456717 -0.260631
v 0.139927 0.408644 -0.194526
v 0.238726 0.460480 -0.092448
v 0.122198 0.472138 0.032743
v 0.112823 0.486198 0.065138
v 0.093875 0.495463 0.093875
v 0.032743 0.472138 0.122198
v 0.000000 0.474124 0.127041
v -0.033927 0.489213 0.126618
v -0.066322 0.495037 0.114874
v -0.109270 0.470889 0.063087
v -0.123382 0.476713 0.033060
v -0.131778 0.491802 -0.000000
v -0.127802 0.493788 -0.034244
v -0.089138 0.470463 -0.089138
v -0.064271 0.479728 -0.111321
v -0.034244 0.493788 -0.127802
v 0.000000 0.491802 -0.131778
v 0.033060 0.476713 -0.123382
v 0.063087 0.470889 -0.109270
v 0.091506 0.482963 -0.091506
v 0.114874 0.495037 -0.066322
v 0.126618 0.489213 -0.033927
v 0.127041 0.474124 -0.000000
v 0.000000 0.500000 -0.000000
v 0.000000 0.500000 -0.000000
v 0.000000 0.500000 -0.000000
v 0.000000 0.500000 -0.000000
v 0.000000 0.500000 -0.000000
v 0.000000 0.500000 -0.000000
v 0.000000 0.500000 -0.000000
v 0.000000 0.500000 -0.000000
v 0.000000 0.500000 -0.000000
v 0.000000 0.500000 -0.000000
v 0.000000 0.500000 -0.000000
v 0.000000 0.500000 -0.000000
v 0.000000 0.500000 -0.000000
v 0.000000 0.500000 -0.000000
v 0.000000 0.500000 -0.000000
v 0.000000 0.500000 -0.000000
v 0.000000 0.500000 -0.000000
v 0.000000 0.500000 -0.000000
v 0.000000 0.500000 -0.000000
v 0.000000 0.500000 -0.000000
v 0.000000 0.500000 -0.000000
v 0.000000 0.500000 -0.000000
v 0.000000 0.500000 -0.000000
v 0.000000 0.500000 -0.000000
v 0.375557 -0.493427 -0.000226
v 0.365867 -0.250358 0.049567
v 0.295160 -0.290420 0.115853
v 0.349382 -0.435315 0.103199
v 0.355703 -0.532109 0.130968
v 0.411192 -0.614879 0.123060
v 0.465739 -0.605448 0.071753
v 0.542401 -0.509629 -0.030689
v 0.474292 -0.400147 -0.028557
v 0.351083 -0.557655 0.218297
v 0.456213 -0.640555 0.199460
v 0.545387 -0.625431 0.142179
v 0.658234 -0.475186 0.017088
v 0.477443 -0.283350 0.025949
v 0.367187 -0.173770 0.119703
v 0.309231 -0.279159 0.169750
v 0.360212 -0.408939 0.213061
v 0.364021 -0.549969 0.319001
v 0.498567 -0.610334 0.286131
v 0.585351 -0.591251 0.226881
v 0.658442 -0.538506 0.180546
v 0.709875 -0.423479 0.112566
v 0.595120 -0.279464 0.169427
v 0.500318 -0.175826 0.134215
v 0.321486 -0.295016 0.223623
v 0.602972 -0.546142 0.367306
v 0.722427 -0.519821 0.290683
v 0.729306 -0.373469 0.222603
v 0.359732 -0.057017 0.201361
v 0.340436 -0.248435 0.269110
v 0.283365 -0.361683 0.313795
v 0.340728 -0.514292 0.412914
v 0.479396 -0.564001 0.463276
v 0.770386 -0.506773 0.425392
v 0.724632 -0.328917 0.337790
v 0.526326 -0.060515 0.288778
v 0.516650 -0.097305 0.210465
v 0.254438 -0.328872 0.344989
v 0.578681 -0.495821 0.518082
v 0.733332 -0.466554 0.556277
v 0.621380 -0.186991 0.436937
v 0.626642 -0.165312 0.372108
v 0.403073 -0.076159 0.348928
v 0.364471 -0.191866 0.387916
v 0.270480 -0.284617 0.387836
v 0.337018 -0.399742 0.478781
v 0.427491 -0.441056 0.544513
v 0.517992 -0.446979 0.592466
v 0.530440 -0.243621 0.610982
v 0.494657 -0.048946 0.463717
v 0.399687 -0.076713 0.445742
v 0.341700 -0.145458 0.439333
v 0.259843 -0.228747 0.438610
v 0.314679 -0.347350 0.535124
v 0.446692 -0.424735 0.665948
v 0.529172 -0.359446 0.692368
v 0.537330 -0.133091 0.582392
v 0.372315 -0.024279 0.511370
v 0.289782 -0.053811 0.442051
v 0.226107 -0.326125 0.557256
v 0.357710 -0.476094 0.757978
v 0.443824 -0.351387 0.775877
v 0.477567 -0.214625 0.731940
v 0.450744 0.137211 0.656961
v 0.319879 0.066684 0.599214
v 0.249357 0.067033 0.428365
v 0.166020 -0.111563 0.432897
v 0.157259 -0.299422 0.534896
v 0.110383 -0.382902 0.634881
v 0.237683 -0.548895 0.817200
v 0.341417 -0.351385 0.839074
v 0.415111 -0.209657 0.853682
v 0.467068 -0.021385 0.805751
v 0.228168 0.152032 0.467997
v 0.109333 -0.248322 0.539046
v 0.123203 -0.540466 0.803938
v 0.227919 -0.329118 0.855353
v 0.308758 -0.211519 0.931770
v 0.343861 -0.007492 0.935699
v 0.370624 0.149063 0.772119
v 0.226213 0.140036 0.712263
v 0.193187 0.188368 0.546444
v 0.114739 -0.018550 0.515677
v 0.070612 -0.189003 0.559383
v 0.025682 -0.371484 0.613960
v 0.038703 -0.464694 0.763032
v 0.119500 -0.302809 0.852539
v 0.183021 -0.208561 0.960181
v 0.255392 0.115813 0.837911
v 0.159874 0.216181 0.774490
v 0.139281 0.224068 0.610969
v 0.069970 0.029314 0.543827
v 0.019735 -0.142362 0.561814
v -0.048450 -0.364497 0.562458
v -0.035621 -0.398485 0.727815
v 0.010862 -0.303779 0.851242
v -0.053305 -0.208046 0.993039
v 0.016360 0.003033 1.054804
v 0.139449 0.102207 0.878253
v 0.083168 0.298932 0.833938
v 0.070947 0.253915 0.659509
v 0.018699 0.074872 0.559312
v -0.070739 -0.066901 0.536245
v -0.121470 -0.337431 0.491863
v -0.113708 -0.332173 0.703812
v -0.099312 -0.319006 0.838516
v -0.037160 0.109369 0.909223
v -0.022288 0.311069 0.860296
v -0.020175 0.234734 0.696527
v -0.145641 -0.025450 0.557126
v -0.200353 -0.285211 0.790780
v -0.200724 -0.186078 0.936345
v -0.135207 0.003390 1.000262
v -0.228228 0.206950 0.792274
v -0.125484 0.177018 0.701427
v -0.191112 -0.176923 0.550372
v -0.225061 -0.169284 0.670097
v -0.234837 0.011924 0.890880
v -0.194033 0.107957 0.856483
v -0.223282 0.157084 0.691609
v -0.216517 -0.001278 0.556351
v -0.267387 -0.095164 0.587896
v -0.346108 -0.128598 0.710511
v -0.356621 -0.072225 0.794910
v -0.288002 0.111208 0.813782
v -0.362118 0.239768 0.696384
v -0.288935 0.178237 0.651711
v -0.356760 -0.088525 0.584434
v -0.468922 0.096994 0.690229
v -0.376828 0.170111 0.777769
v -0.358904 0.210924 0.583347
v -0.346033 0.152825 0.511009
v -0.333995 0.040841 0.455738
v -0.404743 -0.018525 0.515716
v -0.442566 -0.089916 0.545002
v -0.502147 -0.087872 0.611560
v -0.523182 -0.000359 0.682642
v -0.475115 0.244147 0.714475
v -0.482862 0.269747 0.535766
v -0.534513 -0.027732 0.464039
v -0.569958 -0.039245 0.546874
v -0.573476 0.057251 0.599187
v -0.570762 0.169944 0.574228
v -0.405563 0.182219 0.422677
v -0.440158 0.091081 0.405293
v -0.497517 0.065808 0.404512
v -0.650666 0.063431 0.414553
v -0.611358 0.122189 0.483236
v -0.561668 0.289843 0.512481
v -0.507059 0.290184 0.453588
v -0.496725 0.139855 0.336656
v -0.635739 0.085091 0.281718
v -0.633562 0.243209 0.461569
v -0.508733 0.317572 0.347872
v -0.453883 0.231487 0.284603
v -0.576427 0.124134 0.238824
v -0.683579 0.135389 0.302908
v -0.649863 0.213416 0.335061
v -0.659553 0.315343 0.341635
v -0.582359 0.333251 0.381688
v -0.505701 0.316175 0.239134
v -0.639055 0.156950 0.195831
v -0.660837 0.209500 0.220300
v -0.587349 0.345410 0.235364
v -0.525459 0.287230 0.165558
v -0.567154 0.270410 0.107957
v -0.594961 0.268744 0.104334
v -0.605527 0.317055 0.127762
v -0.598862 0.343890 0.154334
v -0.549840 0.360460 0.095856
v -0.518383 0.350938 0.087417
v -0.523708 0.375679 0.015446
v -0.505869 0.366475 0.004498
v -0.474783 0.397858 -0.027866
v 0.109439 -0.453060 0.409057
v 0.051144 -0.274503 0.375250
v -0.046145 -0.296635 0.339538
v -0.047297 -0.418192 0.391883
v -0.024954 -0.534017 0.414665
v 0.026364 -0.579966 0.484626
v 0.117871 -0.527822 0.549364
v 0.178050 -0.433486 0.568077
v 0.114915 -0.315576 0.453451
v 0.001433 -0.189675 0.373344
v -0.123650 -0.573495 0.419793
v -0.038672 -0.598400 0.531087
v 0.000464 -0.593789 0.608520
v 0.084271 -0.527199 0.666868
v 0.142706 -0.401358 0.680553
v 0.078148 -0.308675 0.565663
v 0.075840 -0.198957 0.471891
v -0.087474 -0.308616 0.376354
v -0.001501 -0.513738 0.729758
v 0.041814 -0.376614 0.720771
v 0.022944 -0.159863 0.512689
v -0.092781 -0.160987 0.462016
v -0.117065 -0.278697 0.430167
v -0.153942 -0.374085 0.402226
v -0.184150 -0.509447 0.451585
v -0.137338 -0.535719 0.651436
v -0.104319 -0.494930 0.754442
v -0.071116 -0.359894 0.717547
v -0.097813 -0.284491 0.676971
v -0.063634 -0.147107 0.563614
v -0.165589 -0.250781 0.448538
v -0.198116 -0.343636 0.370823
v -0.252992 -0.465076 0.443842
v -0.240156 -0.536442 0.645771
v -0.311917 -0.510031 0.785075
v -0.174256 -0.346192 0.719095
v -0.187109 -0.089855 0.497769
v -0.251561 -0.162622 0.450032
v -0.237971 -0.285778 0.324249
v -0.408997 -0.561744 0.600424
v -0.330975 -0.557150 0.647551
v -0.315566 -0.327451 0.710931
v -0.237040 -0.189987 0.728526
v -0.214769 -0.070390 0.631014
v -0.266338 -0.085454 0.524939
v -0.349628 -0.481087 0.472468
v -0.427720 -0.496616 0.713949
v -0.347319 -0.178075 0.738104
v -0.355884 -0.093342 0.534097
v -0.318798 -0.108797 0.438874
v -0.309660 -0.218372 0.347576
v -0.405365 -0.446456 0.440555
v -0.483230 -0.551555 0.533156
v -0.498906 -0.458468 0.628918
v -0.473734 -0.325939 0.656015
v -0.491678 -0.179288 0.706631
v -0.394756 -0.073143 0.636471
v -0.436293 -0.057384 0.526530
v -0.353220 -0.011696 0.415738
v -0.355947 -0.164130 0.324037
v -0.445000 -0.437630 0.365185
v -0.548467 -0.594176 0.448136
v -0.572433 -0.448892 0.556146
v -0.590278 -0.341200 0.636335
v -0.499086 -0.036641 0.636804
v -0.514214 0.018665 0.517866
v -0.375002 0.126819 0.397731
v -0.373767 -0.113508 0.299274
v -0.472913 -0.495980 0.171042
v -0.594036 -0.662404 0.336882
v -0.680748 -0.466147 0.433645
v -0.730976 -0.382669 0.610908
v -0.716380 -0.157819 0.684491
v -0.615532 0.015879 0.635948
v -0.599087 0.087226 0.500291
v -0.431779 0.202103 0.394785
v -0.450833 -0.150243 0.231860
v -0.415418 -0.249967 0.205313
v -0.610001 -0.642262 0.240561
v -0.843203 -0.411104 0.532108
v -0.829557 -0.158406 0.613357
v -0.719976 0.021733 0.582991
v -0.680667 0.115914 0.454094
v -0.525338 0.166634 0.369871
v -0.497010 -0.409642 0.100874
v -0.627329 -0.521464 0.189584
v -0.736914 -0.428241 0.295418
v -0.885680 -0.386532 0.408567
v -0.882928 -0.159925 0.488283
v -0.779949 -0.012799 0.473282
v -0.745484 0.131174 0.384859
v -0.604611 0.104233 0.301744
v -0.509728 -0.184216 0.147652
v -0.658197 -0.400294 0.148393
v -0.767974 -0.396860 0.201652
v -0.912103 -0.298708 0.193747
v -0.921067 -0.129148 0.278604
v -0.817951 -0.033635 0.348352
v -0.794045 0.171424 0.312897
v -0.658286 0.088616 0.238856
v -0.578774 -0.023340 0.170926
v -0.686671 -0.327805 0.086429
v -0.800159 -0.384413 0.099611
v -0.817280 0.199484 0.227005
v -0.605626 0.016195 0.108587
v -0.537476 -0.133067 0.033030
v -0.563103 -0.298479 -0.020473
v -0.722150 -0.222122 -0.063527
v -0.829426 -0.343126 -0.029060
v -0.925521 -0.237067 0.061495
v -0.932965 -0.081387 0.127673
v -0.877534 0.029958 0.165564
v -0.805443 0.171200 0.112848
v -0.642735 0.016891 -0.031967
v -0.621029 -0.215947 -0.065154
v -0.899536 -0.162508 -0.039718
v -0.882960 0.056788 0.049619
v -0.777042 0.137681 -0.003448
v -0.602140 -0.062329 -0.103197
v -0.697822 -0.155047 -0.142223
v -0.796491 -0.137905 -0.209844
v -0.847984 -0.068947 -0.155948
v -0.833405 0.009279 -0.115122
v -0.845580 0.109424 -0.058023
v -0.746781 0.158847 -0.091519
v -0.630692 0.073159 -0.103244
v -0.659809 -0.069219 -0.203327
v -0.706559 -0.131717 -0.245124
v -0.690448 0.234255 -0.183207
v -0.589134 0.215806 -0.178857
v -0.527873 0.122378 -0.184730
v -0.522013 -0.000858 -0.251241
v -0.673953 -0.126415 -0.360325
v -0.763366 -0.070707 -0.371406
v -0.811030 0.032230 -0.314502
v -0.812789 0.256391 -0.182477
v -0.541421 0.033684 -0.413197
v -0.616816 -0.061357 -0.477783
v -0.714476 -0.005089 -0.461682
v -0.767565 0.176266 -0.371298
v -0.757275 0.313444 -0.249408
v -0.667095 0.321977 -0.324509
v -0.500627 0.274503 -0.308055
v -0.459211 0.190663 -0.297331
v -0.499948 0.087881 -0.346908
v -0.637376 0.080288 -0.512208
v -0.655691 0.169103 -0.462119
v -0.698956 0.261085 -0.412791
v -0.574765 0.329322 -0.370100
v -0.466056 0.157546 -0.400595
v -0.465603 0.103958 -0.465380
v -0.448965 0.150588 -0.550148
v -0.480210 0.210848 -0.555696
v -0.558008 0.340188 -0.487340
v -0.410293 0.372940 -0.410673
v -0.299676 0.328201 -0.437021
v -0.383221 0.236618 -0.445061
v -0.344190 0.196707 -0.509994
v -0.317173 0.264171 -0.545040
v -0.374425 0.313447 -0.553516
v -0.399350 0.389732 -0.516411
v -0.234519 0.410070 -0.448314
v -0.278460 0.369013 -0.527076
v -0.199561 0.370359 -0.465939
v -0.166309 0.418410 -0.476400
v -0.130950 0.440014 -0.436745
v -0.085611 0.449438 -0.421635
v -0.370202 -0.449555 0.213065
v -0.362731 -0.295949 0.139796
v -0.352270 -0.354711 0.052607
v -0.379050 -0.573359 0.031424
v -0.453161 -0.565269 0.192583
v -0.500115 -0.525147 0.266663
v -0.496639 -0.437217 0.284361
v -0.445859 -0.379056 0.230709
v -0.408312 -0.296452 0.201119
v -0.392743 -0.232306 0.098608
v -0.482391 -0.584321 0.105436
v -0.542016 -0.617069 0.174919
v -0.598385 -0.563412 0.239958
v -0.593210 -0.435020 0.261145
v -0.557854 -0.335496 0.182696
v -0.460993 -0.203042 0.181483
v -0.394567 -0.379439 -0.031239
v -0.366958 -0.405277 -0.002537
v -0.394928 -0.554419 -0.009672
v -0.582219 -0.633640 0.105841
v -0.653203 -0.575049 0.165359
v -0.641708 -0.437863 0.181769
v -0.523600 -0.180357 0.145785
v -0.491977 -0.252259 0.034617
v -0.434887 -0.501470 -0.031534
v -0.515781 -0.540016 0.001371
v -0.597660 -0.595767 -0.021005
v -0.671419 -0.556487 0.014306
v -0.643659 -0.375097 0.097306
v -0.617528 -0.225466 0.035118
v -0.532455 -0.235963 -0.014002
v -0.398939 -0.346803 -0.071772
v -0.479912 -0.509142 -0.071448
v -0.666098 -0.434868 -0.002019
v -0.692029 -0.325673 0.024954
v -0.552008 -0.175593 -0.058432
v -0.345944 -0.245981 -0.143556
v -0.437584 -0.440247 -0.155592
v -0.482620 -0.577483 -0.148400
v -0.554640 -0.696030 -0.230631
v -0.700193 -0.605121 -0.116729
v -0.736703 -0.469377 -0.166877
v -0.786539 -0.303384 -0.045689
v -0.700065 -0.174766 -0.061606
v -0.489424 -0.123123 -0.117714
v -0.412402 -0.596880 -0.234880
v -0.687602 -0.622996 -0.218277
v -0.864235 -0.296771 -0.142811
v -0.754260 -0.175088 -0.130063
v -0.651547 -0.109989 -0.186861
v -0.510582 -0.061060 -0.160221
v -0.385944 -0.210222 -0.185319
v -0.408369 -0.391529 -0.233430
v -0.458999 -0.667756 -0.378691
v -0.645387 -0.585691 -0.306513
v -0.754161 -0.481609 -0.291207
v -0.869353 -0.306009 -0.258469
v -0.751272 -0.143854 -0.307511
v -0.529427 -0.004201 -0.206635
v -0.418349 -0.197468 -0.239191
v -0.373503 -0.360785 -0.278348
v -0.322439 -0.553605 -0.348814
v -0.605535 -0.538541 -0.394819
v -0.751948 -0.497103 -0.409836
v -0.840758 -0.306641 -0.372845
v -0.685892 -0.024975 -0.339165
v -0.537657 0.117347 -0.281867
v -0.418631 -0.171048 -0.290870
v -0.304788 -0.331605 -0.306971
v -0.388690 -0.658064 -0.460983
v -0.747729 -0.522001 -0.548303
v -0.817568 -0.291288 -0.489117
v -0.775515 -0.125614 -0.411161
v -0.695229 0.054900 -0.410840
v -0.390037 -0.123845 -0.388313
v -0.236317 -0.297523 -0.333378
v -0.205089 -0.524575 -0.421332
v -0.338520 -0.619375 -0.524997
v -0.504730 -0.531596 -0.576279
v -0.708683 -0.518321 -0.682786
v -0.768602 -0.262538 -0.597844
v -0.758066 -0.086643 -0.510857
v -0.657715 0.086137 -0.484931
v -0.507754 0.066065 -0.383112
v -0.325784 -0.508558 -0.578578
v -0.443550 -0.497255 -0.661122
v -0.613173 -0.442222 -0.757548
v -0.684964 -0.168660 -0.644870
v -0.526900 0.063029 -0.587029
v -0.420945 -0.029059 -0.481638
v -0.252027 -0.238854 -0.456671
v -0.223633 -0.383340 -0.535368
v -0.318007 -0.379378 -0.629241
v -0.380049 -0.420647 -0.723695
v -0.498213 -0.330081 -0.777344
v -0.472086 -0.138384 -0.748605
v -0.497133 -0.050660 -0.686563
v -0.381816 -0.025995 -0.565460
v -0.308123 -0.085576 -0.520470
v -0.216644 -0.201405 -0.533377
v -0.194651 -0.296799 -0.612413
v -0.266362 -0.290171 -0.683781
v -0.307083 -0.351293 -0.785293
v -0.357006 -0.195039 -0.827200
v -0.414673 0.130441 -0.640586
v -0.297169 0.024587 -0.611128
v -0.201648 -0.019561 -0.538818
v -0.216487 -0.304408 -0.858411
v -0.304188 0.016758 -0.838898
v -0.406939 0.044577 -0.749489
v -0.326534 0.161867 -0.663888
v -0.098783 -0.133289 -0.578088
v -0.084551 -0.196581 -0.686209
v -0.096023 -0.216662 -0.778964
v -0.120358 -0.230855 -0.903843
v -0.211395 -0.090815 -0.882320
v -0.334958 0.127809 -0.780863
v -0.213352 0.160807 -0.677446
v -0.049419 0.066840 -0.585334
v 0.005765 -0.039452 -0.625737
v -0.027781 -0.109794 -0.714664
v -0.000762 -0.159018 -0.804329
v -0.032438 -0.124583 -0.898048
v 0.051062 0.102335 -0.871846
v -0.210409 0.200977 -0.789270
v -0.094843 0.192741 -0.687082
v -0.103200 0.163181 -0.626871
v 0.063837 -0.023234 -0.717884
v 0.101984 -0.101547 -0.811781
v 0.113039 0.017026 -0.869638
v 0.007189 0.226916 -0.835149
v 0.142821 0.049496 -0.593832
v 0.223559 -0.063544 -0.805631
v -0.075365 0.326273 -0.766117
v 0.076946 0.341801 -0.621992
v -0.003855 0.282651 -0.540133
v 0.063657 0.163485 -0.513453
v 0.230877 0.040058 -0.659160
v 0.326821 -0.008794 -0.766869
v 0.222396 0.159637 -0.831910
v 0.105543 0.318240 -0.824274
v 0.008804 0.381491 -0.735635
v 0.252685 0.206719 -0.547748
v 0.309563 0.112478 -0.587232
v 0.369169 0.087339 -0.689869
v 0.302067 0.229830 -0.745171
v 0.195183 0.373193 -0.766080
v 0.115288 0.388785 -0.683921
v 0.194603 0.391131 -0.565502
v 0.192330 0.361347 -0.508979
v 0.187213 0.267114 -0.502647
v 0.376235 0.233976 -0.561689
v 0.358238 0.335656 -0.600296
v 0.306955 0.404152 -0.626095
v 0.240263 0.386920 -0.585422
v 0.275569 0.328502 -0.463095
v 0.362671 0.252779 -0.462831
v 0.414554 0.401785 -0.436921
v 0.308653 0.455639 -0.427106
v 0.299111 0.430158 -0.401871
v 0.317876 0.362805 -0.402407
v 0.414232 0.425720 -0.334817
v 0.379631 0.436975 -0.459217
v 0.359050 0.443582 -0.413743
v 0.362487 0.454910 -0.279579
v 0.370285 0.432138 -0.257960
v 0.373967 0.466446 -0.260020
v 0.366860 0.465553 -0.183066
v -0.270817 -0.486923 -0.272083
v -0.223467 -0.377399 -0.305667
v -0.078981 -0.403312 -0.316466
v -0.131957 -0.557587 -0.297645
v -0.272914 -0.591185 -0.328841
v -0.326686 -0.580477 -0.355517
v -0.323708 -0.482256 -0.348731
v -0.290423 -0.357536 -0.332226
v -0.218719 -0.324969 -0.371701
v -0.144781 -0.597138 -0.384005
v -0.239219 -0.673407 -0.391309
v -0.306465 -0.623743 -0.426484
v -0.321374 -0.481039 -0.470669
v -0.306983 -0.275966 -0.446680
v -0.143741 -0.322179 -0.357922
v -0.072483 -0.540752 -0.332906
v -0.175783 -0.714979 -0.438433
v -0.247872 -0.654156 -0.489227
v -0.280545 -0.429887 -0.557646
v -0.189069 -0.316982 -0.463990
v -0.108175 -0.294552 -0.439840
v -0.059787 -0.546490 -0.391422
v -0.224606 -0.533263 -0.545742
v -0.261452 -0.306387 -0.532443
v -0.199766 -0.311562 -0.577413
v -0.036182 -0.350747 -0.381998
v -0.033071 -0.479278 -0.421585
v -0.013498 -0.588990 -0.434214
v -0.023193 -0.674400 -0.505566
v -0.095274 -0.635058 -0.567263
v -0.142380 -0.539385 -0.599905
v -0.226815 -0.426989 -0.646269
v -0.156953 -0.252172 -0.604741
v -0.084647 -0.206275 -0.477435
v 0.037990 -0.243663 -0.371634
v 0.033625 -0.452223 -0.428253
v 0.087369 -0.619086 -0.411994
v -0.142416 -0.404122 -0.874460
v -0.125797 -0.130754 -0.647618
v -0.071240 -0.093784 -0.495221
v 0.250818 -0.645347 -0.338954
v 0.157982 -0.735187 -0.512999
v 0.075281 -0.681205 -0.653138
v -0.011254 -0.580041 -0.762869
v -0.083924 -0.241582 -0.769320
v -0.074732 -0.077245 -0.704064
v -0.046535 -0.025891 -0.526002
v 0.066296 -0.218933 -0.408934
v 0.150942 -0.402359 -0.384216
v 0.243706 -0.714478 -0.516905
v 0.171350 -0.650766 -0.671904
v 0.097359 -0.590176 -0.836968
v -0.017616 -0.379278 -0.925561
v 0.117712 -0.227897 -0.466650
v 0.200801 -0.374405 -0.374457
v 0.298401 -0.578405 -0.373152
v 0.350343 -0.597295 -0.544038
v 0.322068 -0.548299 -0.660990
v 0.216833 -0.554450 -0.865618
v 0.111698 -0.341798 -0.890825
v 0.104878 -0.202601 -0.828729
v 0.083933 -0.029444 -0.729500
v 0.127525 -0.001722 -0.558879
v 0.189690 -0.207766 -0.497187
v 0.251676 -0.348930 -0.357362
v 0.345559 -0.522079 -0.401529
v 0.450780 -0.438496 -0.871227
v 0.227284 -0.292603 -0.851483
v 0.150259 0.038654 -0.726354
v 0.331139 -0.314474 -0.320491
v 0.432934 -0.465721 -0.403908
v 0.485524 -0.499744 -0.543655
v 0.470002 -0.498048 -0.681127
v 0.392427 -0.180979 -0.804955
v 0.238329 -0.076016 -0.827805
v 0.226007 0.084839 -0.696890
v 0.235914 -0.008245 -0.545905
v 0.295825 -0.140031 -0.457820
v 0.585529 -0.446605 -0.664655
v 0.557480 -0.329212 -0.812465
v 0.331561 -0.016030 -0.792975
v 0.415028 0.078008 -0.582577
v 0.354915 -0.031662 -0.529793
v 0.363541 -0.107478 -0.439981
v 0.429437 -0.240120 -0.368869
v 0.530472 -0.320945 -0.428615
v 0.582035 -0.319261 -0.518235
v 0.661979 -0.344437 -0.618913
v 0.606750 -0.215297 -0.703261
v 0.460605 0.019004 -0.678843
v 0.452555 -0.017535 -0.493560
v 0.439067 -0.059096 -0.403542
v 0.502189 -0.172294 -0.379136
v 0.592495 -0.221409 -0.419551
v 0.737241 -0.217724 -0.543316
v 0.618059 -0.054207 -0.617043
v 0.523157 0.062600 -0.609785
v 0.472138 0.140350 -0.510530
v 0.494928 0.041713 -0.435802
v 0.551616 -0.123720 -0.324543
v 0.674237 -0.183218 -0.373912
v 0.778051 0.024797 -0.461394
v 0.502280 0.207750 -0.449626
v 0.491465 0.118489 -0.371138
v 0.451060 0.047489 -0.241892
v 0.582334 -0.072034 -0.223094
v 0.722524 -0.122925 -0.257376
v 0.815662 -0.157958 -0.303143
v 0.897818 -0.101352 -0.389775
v 0.729723 0.148887 -0.512691
v 0.596272 0.244438 -0.525719
v 0.550197 0.242345 -0.371870
v 0.482480 0.185492 -0.311779
v 0.873235 -0.117007 -0.193431
v 0.911816 -0.011069 -0.281916
v 0.836224 0.109919 -0.350886
v 0.773079 0.228835 -0.421667
v 0.629029 0.321381 -0.451304
v 0.596500 0.267586 -0.283041
v 0.491535 0.249615 -0.248356
v 0.524990 0.157930 -0.144688
v 0.634757 0.044745 -0.111368
v 0.871573 -0.023098 -0.060990
v 0.874068 0.080067 -0.177357
v 0.859832 0.189405 -0.189972
v 0.795761 0.318415 -0.244228
v 0.677685 0.388961 -0.259551
v 0.612183 0.312712 -0.202650
v 0.645086 0.077354 -0.052672
v 0.820934 0.178905 -0.013921
v 0.602762 0.375201 -0.136824
v 0.491287 0.367067 -0.124048
v 0.594429 0.163475 0.016216
v 0.682359 0.084338 0.054579
v 0.802077 0.074330 0.093834
v 0.842015 0.288537 -0.019602
v 0.792857 0.398803 -0.097464
v 0.680108 0.424139 -0.143687
v 0.591307 0.428112 -0.067502
v 0.539660 0.314556 0.072443
v 0.634531 0.122923 0.118431
v 0.724586 0.149976 0.145059
v 0.752349 0.242137 0.107652
v 0.772032 0.326422 0.107683
v 0.755032 0.428582 0.033534
v 0.667899 0.426385 -0.028518
v 0.569976 0.450290 0.079074
v 0.536859 0.412165 0.083684
v 0.555224 0.253289 0.172138
v 0.663989 0.249860 0.170198
v 0.522649 0.353839 0.129206
v 0.604244 0.316541 0.204523
v 0.582371 0.417949 0.207273
v 0.571906 0.420827 0.170105
v 0.485787 0.472044 0.216102
v 0.491241 0.422046 0.174791
v 0.478568 0.360758 0.190307
v 0.448178 0.355379 0.248742
v 0.495641 0.396171 0.293265
v 0.406811 0.444058 0.263075
v 0.446126 0.375900 0.300860
v 0.429499 0.456151 0.294947
v 0.382565 0.456479 0.295840
v 0.293381 0.437244 0.332145
v 0.369895 0.402919 0.303211
v 0.380850 0.419450 0.321900
v 0.165548 -0.525371 -0.284575
v 0.224150 -0.425247 -0.268937
v 0.232836 -0.461483 -0.209135
v 0.220491 -0.544870 -0.211056
v 0.249438 -0.588997 -0.240367
v 0.235700 -0.645739 -0.271007
v 0.224163 -0.614451 -0.319016
v 0.215495 -0.528968 -0.353691
v 0.212376 -0.431107 -0.362914
v 0.267289 -0.411838 -0.315031
v 0.285961 -0.537152 -0.169771
v 0.308438 -0.271463 -0.255706
v 0.303210 -0.362402 -0.149235
v 0.328282 -0.523333 -0.128623
v 0.404648 -0.746215 -0.157566
v 0.365411 -0.619152 -0.350219
v 0.362209 -0.492546 -0.436214
v 0.333904 -0.369019 -0.432560
v 0.372009 -0.324261 -0.342478
v 0.374559 -0.620530 -0.095874
v 0.472986 -0.610924 -0.340883
v 0.463375 -0.482876 -0.460073
v 0.413505 -0.357279 -0.429298
v 0.436183 -0.273350 -0.343224
v 0.398299 -0.200446 -0.244231
v 0.369069 -0.311325 -0.119652
v 0.392184 -0.469141 -0.108183
v 0.412724 -0.619320 -0.030330
v 0.483499 -0.697598 -0.103092
v 0.549262 -0.656455 -0.178828
v 0.621397 -0.574916 -0.294332
v 0.624847 -0.449905 -0.426202
v 0.491348 -0.353772 -0.384867
v 0.498243 -0.190518 -0.345306
v 0.425074 -0.442601 -0.062167
v 0.439068 -0.628497 0.055002
v 0.541440 -0.670754 -0.052116
v 0.569141 -0.323617 -0.343504
v 0.552523 -0.069452 -0.352017
v 0.425851 -0.086788 -0.216471
v 0.390771 -0.248231 -0.068406
v 0.423385 -0.418721 0.020141
v 0.450695 -0.653275 0.159056
v 0.600245 -0.667124 0.023242
v 0.704341 -0.658649 -0.084075
v 0.793655 -0.575850 -0.229444
v 0.796775 -0.376958 -0.372820
v 0.728149 -0.184934 -0.277036
v 0.597014 0.018103 -0.319099
v 0.443856 -0.031437 -0.179260
v 0.423760 -0.225514 -0.031794
v 0.406482 -0.401582 0.101810
v 0.479757 -0.638780 0.215574
v 0.774883 -0.636838 0.012431
v 0.918386 -0.543293 -0.151331
v 0.865215 -0.312528 -0.274436
v 0.632664 0.023174 -0.220699
v 0.537523 -0.209642 0.058472
v 0.424624 -0.380271 0.149582
v 0.545425 -0.550503 0.212407
v 0.819612 -0.520286 0.115267
v 0.966159 -0.453768 -0.042463
v 0.860177 -0.253758 -0.132378
v 0.773128 -0.111563 -0.191061
v 0.665544 0.010909 -0.053356
v 0.546774 -0.061147 -0.027563
v 0.487470 -0.332056 0.198893
v 0.610260 -0.438354 0.217884
v 0.729756 -0.459841 0.204381
v 0.842033 -0.437726 0.162478
v 0.937758 -0.253409 0.176203
v 0.831417 -0.185186 0.029974
v 0.794578 -0.058154 -0.071083
v 0.572870 -0.046369 0.054764
v 0.550632 -0.158683 0.134558
v 0.727629 -0.384350 0.291235
v 0.862781 -0.362222 0.265419
v 0.650415 0.103969 0.079768
v 0.574471 -0.011057 0.129928
v 0.512810 -0.111705 0.193002
v 0.495010 -0.265959 0.301856
v 0.746348 -0.326198 0.390183
v 0.881419 -0.302029 0.389364
v 0.913438 -0.159298 0.291112
v 0.836292 -0.051994 0.201165
v 0.791892 0.092043 0.089826
v 0.563504 0.049093 0.287404
v 0.480589 -0.069647 0.246581
v 0.510841 -0.200989 0.357066
v 0.688444 -0.183979 0.528639
v 0.854435 -0.219347 0.497625
v 0.843737 -0.075422 0.384833
v 0.818753 0.028398 0.297105
v 0.760249 0.143203 0.188711
v 0.611604 0.149394 0.251486
v 0.452744 -0.007507 0.324579
v 0.538483 -0.142244 0.442170
v 0.737519 -0.075833 0.624272
v 0.727147 0.031341 0.490435
v 0.759047 0.116015 0.421088
v 0.683155 0.200946 0.342464
v 0.572684 0.196475 0.321443
v 0.513679 0.114033 0.340520
v 0.521011 -0.104560 0.544387
v 0.616229 -0.120230 0.635958
v 0.525189 0.265360 0.362926
v 0.443121 0.191258 0.330598
v 0.351577 0.056417 0.345207
v 0.347837 0.008259 0.503666
v 0.536961 -0.119204 0.751319
v 0.628299 -0.003334 0.754869
v 0.578162 0.180197 0.730054
v 0.692593 0.277530 0.563835
v 0.619776 0.330114 0.420241
v 0.471557 0.315501 0.416220
v 0.386517 0.267118 0.311916
v 0.315221 0.104260 0.366302
v 0.340696 -0.061564 0.662456
v 0.433920 -0.111241 0.827151
v 0.517807 0.051256 0.796158
v 0.619092 0.347037 0.645902
v 0.550859 0.410479 0.501529
v 0.351513 0.319456 0.347981
v 0.300306 0.162813 0.429820
v 0.288269 0.060226 0.543210
v 0.329345 -0.052568 0.818928
v 0.399635 0.112066 0.778720
v 0.461390 0.221731 0.793471
v 0.470849 0.357320 0.717633
v 0.340370 0.364866 0.542374
v 0.273470 0.370332 0.463515
v 0.244658 0.146421 0.535067
v 0.205012 0.059464 0.648235
v 0.184795 0.083341 0.740548
v 0.238282 0.176430 0.745430
v 0.341736 0.246004 0.805444
v 0.369940 0.398766 0.616846
v 0.267424 0.404545 0.573835
v 0.199286 0.187751 0.548693
v 0.151450 0.275636 0.795774
v 0.242023 0.399187 0.660628
v 0.162653 0.454793 0.605043
v 0.183868 0.400977 0.524681
v 0.140605 0.233226 0.548163
v 0.090963 0.122407 0.607314
v 0.098128 0.163176 0.703463
v 0.119396 0.367725 0.739605
v 0.096868 0.385167 0.559201
v -0.009386 0.242534 0.572710
v -0.007614 0.260443 0.621713
v 0.027469 0.227454 0.696595
v 0.028670 0.289027 0.721816
v 0.037172 0.387789 0.650894
v -0.032181 0.420524 0.603511
v 0.013286 0.360400 0.566877
v -0.020350 0.313291 0.551949
v -0.050705 0.268085 0.638667
v -0.057826 0.363877 0.636533
v -0.050315 0.363246 0.552539
v -0.096142 0.302136 0.543028
v -0.147735 0.420075 0.548461
v -0.190416 0.337970 0.551357
v -0.151910 0.400510 0.575128
v -0.236149 0.378494 0.434613
v -0.199434 0.314234 0.513745
v -0.214574 0.402651 0.523022
v -0.271580 0.382010 0.407796
vn 0.0562 -0.9028 0.4263
vn 0.2309 -0.8617 0.4519
vn 0.2923 -0.8736 0.3891
vn 0.1170 -0.9632 0.2418
vn 0.3343 -0.9400 0.0689
vn 0.2920 -0.9542 -0.0655
vn 0.4336 -0.8985 0.0681
vn 0.4156 -0.8869 -0.2017
vn 0.2063 -0.9745 0.0884
vn -0.1335 -0.9838 0.1196
vn -0.2332 -0.8872 0.3981
vn -0.3976 -0.8991 0.1831
vn -0.2351 -0.8865 0.3986
vn -0.0886 -0.9760 0.1988
vn 0.1177 -0.9334 0.3391
vn 0.2056 -0.9408 0.2696
vn 0.0065 -0.9173 0.3981
vn 0.2466 -0.9243 0.2912
vn -0.1221 -0.9802 0.1559
vn -0.2149 -0.9620 -0.1684
vn -0.4493 -0.8836 -0.1321
vn -0.2894 -0.9058 -0.3094
vn -0.4307 -0.9001 -0.0660
vn -0.1988 -0.9760 0.0886
vn -0.2885 -0.9337 0.2122
vn 0.4579 -0.3459 -0.8190
vn 0.3044 -0.6447 -0.7012
vn -0.1834 -0.9725 -0.1435
vn 0.1426 -0.9376 -0.3172
vn 0.0032 -0.8727 -0.4882
vn 0.1749 -0.9216 -0.3465
vn -0.1323 -0.9148 -0.3817
vn -0.2418 -0.9632 -0.1170
vn -0.4078 -0.8985 -0.1625
vn -0.4263 -0.9028 -0.0562
vn -0.2694 -0.9467 -0.1767
vn -0.0506 -0.9968 -0.0620
vn 0.2583 -0.9438 -0.2062
vn 0.3954 -0.9164 0.0614
vn 0.4719 -0.8692 -0.1475
vn 0.3329 -0.9427 0.0205
vn 0.2285 -0.9397 -0.2545
vn 0.0555 -0.9630 -0.2636
vn 0.1395 -0.8845 -0.4451
vn -0.0865 -0.8724 -0.4810
vn 0.1099 -0.9614 -0.2523
vn 0.0620 -0.9968 0.0506
vn 0.3143 -0.9350 0.1641
vn 0.5192 -0.7494 0.4109
vn 0.5546 -0.8225 0.1263
vn 0.0705 -0.8371 0.5424
vn 0.0726 -0.8204 0.5671
vn -0.5759 -0.7925 0.2005
vn -0.5729 -0.7897 0.2196
vn -0.4379 -0.8971 0.0596
vn -0.3356 -0.7695 -0.5433
vn -0.3767 -0.7945 -0.4764
vn -0.1291 -0.8985 -0.4196
vn 0.4330 -0.7727 -0.4642
vn 0.3205 -0.8020 -0.5040
vn 0.4907 -0.8702 -0.0448
vn 0.6235 -0.7238 0.2956
vn 0.7532 -0.6252 0.2046
vn 0.6583 -0.7524 -0.0246
vn 0.4948 -0.7492 0.4403
vn 0.1084 -0.5648 0.8181
vn 0.1457 -0.6458 0.7495
vn 0.1245 -0.7609 0.6369
vn -0.5224 -0.6974 0.4907
vn -0.6434 -0.6644 0.3804
vn -0.5702 -0.7804 0.2566
vn -0.6226 -0.6620 -0.4173
vn -0.5469 -0.6886 -0.4760
vn -0.3438 -0.7843 -0.5164
vn 0.2580 -0.6231 -0.7384
vn 0.2958 -0.6482 -0.7016
vn 0.3350 -0.6453 -0.6866
vn 0.4827 -0.7751 -0.4079
vn 0.8040 -0.5877 0.0901
vn 0.8020 -0.5163 0.3002
vn 0.8205 -0.5471 -0.1657
vn 0.7898 -0.5907 0.1654
vn 0.4557 -0.3900 0.8001
vn 0.3232 -0.4441 0.8356
vn 0.2491 -0.4456 0.8599
vn -0.1209 -0.5770 0.8078
vn -0.7019 -0.3440 0.6237
vn -0.6977 -0.4666 0.5436
vn -0.7910 -0.4346 0.4306
vn -0.8439 -0.5365 -0.0071
vn -0.7822 -0.3213 -0.5338
vn -0.7289 -0.4500 -0.5159
vn -0.6349 -0.6005 -0.4861
vn -0.1351 -0.4833 -0.8649
vn 0.3352 -0.3126 -0.8888
vn 0.2377 -0.4819 -0.8434
vn 0.8640 -0.4242 -0.2711
vn 0.9335 -0.3577 0.0235
vn 0.9050 -0.4195 -0.0704
vn 0.7904 -0.2132 0.5743
vn 0.4254 -0.0568 0.9032
vn 0.4562 -0.2735 0.8468
vn -0.4227 -0.1641 0.8913
vn -0.7591 -0.0518 0.6490
vn -0.6358 -0.3387 0.6936
vn -0.9615 -0.1160 -0.2491
vn -0.8863 -0.2153 -0.4100
vn -0.8437 -0.2155 -0.4916
vn -0.5488 -0.3325 -0.7670
vn 0.0364 -0.0765 -0.9964
vn 0.1286 -0.2238 -0.9661
vn 0.1456 -0.4187 -0.8964
vn 0.6806 -0.2727 -0.6800
vn 0.9799 -0.0619 -0.1894
vn 0.9905 -0.1238 -0.0601
vn 0.9084 -0.2926 -0.2986
vn 0.9395 -0.2480 -0.2365
vn 0.9844 -0.0383 0.1718
vn 0.6680 0.1828 0.7213
vn 0.5924 0.0148 0.8055
vn 0.5468 -0.1926 0.8148
vn -0.0000 -0.0000 1.0000
vn -0.5473 0.1959 0.8137
vn -0.5986 0.0039 0.8010
vn -0.6688 -0.1768 0.7221
vn -0.9843 0.0387 0.1720
vn -0.9199 0.1913 -0.3424
vn -0.9531 -0.0487 -0.2987
vn -0.3210 0.1140 -0.9402
vn 0.0216 0.1344 -0.9907
vn -0.0860 -0.1915 -0.9777
vn 0.3357 -0.1103 -0.9355
vn 0.8433 0.2207 -0.4900
vn 0.9553 0.0522 -0.2911
vn 0.8590 -0.1645 -0.4848
vn 0.9923 0.1233 -0.0100
vn 0.7874 0.4423 0.4294
vn 0.6339 0.3455 0.6919
vn 0.7586 0.0517 0.6495
vn 0.4227 0.1640 0.8913
vn -0.2496 0.4517 0.8565
vn -0.4561 0.2841 0.8434
vn -0.4259 0.0566 0.9030
vn -0.7937 0.2367 0.5604
vn -0.9066 0.4176 -0.0612
vn -0.9524 0.2575 -0.1633
vn -0.9762 0.0575 -0.2093
vn -0.6821 0.2766 -0.6769
vn -0.1370 0.4174 -0.8983
vn -0.1488 0.2272 -0.9624
vn -0.0447 0.0800 -0.9958
vn 0.5488 0.3325 -0.7670
vn 0.8858 0.2195 -0.4088
vn 0.8687 0.1009 -0.4850
vn 0.8098 0.5349 0.2409
vn 0.6949 0.4748 0.5401
vn 0.7026 0.3442 0.6229
vn 0.1209 0.5769 0.8078
vn -0.3212 0.4482 0.8342
vn -0.4519 0.3809 0.8066
vn -0.7387 0.6478 0.1863
vn -0.8498 0.5250 -0.0468
vn -0.8760 0.4338 -0.2106
vn -0.3455 0.6473 -0.6794
vn -0.2344 0.4947 -0.8368
vn -0.3363 0.3119 -0.8886
vn 0.1351 0.4833 -0.8650
vn 0.6320 0.6089 -0.4794
vn 0.7258 0.4707 -0.5017
vn 0.7808 0.3214 -0.5358
vn 0.8148 0.5174 -0.2615
vn 0.5407 0.7215 0.4326
vn 0.6322 0.6774 0.3761
vn 0.5308 0.6942 0.4862
vn -0.1284 0.7671 0.6285
vn -0.1506 0.6669 0.7298
vn -0.1031 0.5639 0.8194
vn -0.4715 0.7542 0.4571
vn -0.7405 0.6676 0.0771
vn -0.8216 0.5598 0.1080
vn -0.4747 0.7766 -0.4141
vn -0.2979 0.6533 -0.6960
vn -0.2567 0.6234 -0.7386
vn 0.3499 0.7761 -0.5247
vn 0.5408 0.6977 -0.4698
vn 0.6255 0.6774 -0.3872
vn 0.5082 0.8524 0.1232
vn 0.4230 0.8151 0.3959
vn 0.5902 0.7834 0.1946
vn 0.5657 0.7983 0.2065
vn 0.0588 0.9197 0.3882
vn -0.0668 0.8343 0.5473
vn -0.0552 0.8364 0.5453
vn -0.4128 0.9023 0.1238
vn -0.5515 0.8247 0.1253
vn -0.5168 0.8539 0.0618
vn -0.1969 0.8920 -0.4070
vn -0.3051 0.8226 -0.4799
vn -0.4414 0.7711 -0.4589
vn 0.1293 0.8986 -0.4192
vn 0.3609 0.8114 -0.4597
vn 0.4051 0.8789 -0.2518
vn 0.3923 0.9083 -0.1451
vn 0.4493 0.8836 -0.1321
vn 0.1221 0.9802 0.1559
vn -0.1176 0.9334 0.3391
vn 0.2351 0.8865 0.3986
vn 0.2332 0.8872 0.3981
vn -0.2063 0.9745 0.0884
vn -0.3343 0.9400 0.0689
vn -0.2979 0.8739 0.3842
vn -0.2966 0.9139 0.2771
vn -0.1073 0.9611 -0.2546
vn -0.2285 0.9397 -0.2545
vn -0.4719 0.8692 -0.1475
vn -0.2583 0.9438 -0.2062
vn 0.2694 0.9467 -0.1767
vn 0.4078 0.8985 -0.1625
vn 0.1323 0.9148 -0.3817
vn 0.0035 0.8718 -0.4898
vn 0.1531 0.9640 -0.2173
vn 0.2611 0.9280 0.2659
vn 0.2367 0.8888 0.3924
vn 0.2566 0.9556 -0.1446
vn 0.2894 0.9058 -0.3094
vn 0.2149 0.9620 -0.1684
vn -0.2466 0.9243 0.2912
vn -0.2056 0.9408 0.2696
vn 0.0886 0.9760 0.1988
vn 0.3976 0.8991 0.1831
vn 0.1335 0.9838 0.1196
vn -0.4156 0.8869 -0.2017
vn -0.2920 0.9542 -0.0655
vn -0.1170 0.9632 0.2418
vn -0.0562 0.9028 0.4263
vn -0.0620 0.9968 0.0506
vn 0.0865 0.8724 -0.4810
vn -0.0555 0.9630 -0.2636
vn -0.3329 0.9427 0.0205
vn -0.3954 0.9164 0.0614
vn 0.0506 0.9968 -0.0620
vn 0.4263 0.9028 -0.0562
vn 0.2418 0.9632 -0.1170
vn -0.1749 0.9216 -0.3465
vn -0.1426 0.9376 -0.3172
vn 0.1196 0.9838 0.1335
vn 0.1831 0.8991 0.3976
vn -0.5728 -0.3848 -0.7238
vn -0.9302 0.1470 -0.3363
vn -0.5222 0.4347 -0.7337
vn -0.9716 -0.2364 -0.0129
vn -0.8743 -0.4177 -0.2473
vn -0.6073 -0.7476 -0.2688
vn -0.0460 -0.7872 -0.6150
vn -0.0187 -0.3370 -0.9413
vn 0.0530 0.2068 -0.9769
vn -0.8432 -0.5297 0.0913
vn -0.2771 -0.9545 0.1105
vn 0.3893 -0.8921 -0.2294
vn 0.6551 -0.0634 -0.7529
vn 0.2571 0.5247 -0.8115
vn -0.9920 0.1172 0.0478
vn -0.5260 0.6478 -0.5510
vn -0.9835 -0.1796 -0.0231
vn -0.7259 -0.6844 0.0693
vn -0.0273 -0.9637 0.2656
vn 0.4152 -0.9017 0.1208
vn 0.7395 -0.5741 -0.3516
vn 0.8779 0.1035 -0.4675
vn 0.6299 0.5518 -0.5466
vn 0.4323 0.5636 -0.7039
vn -0.9968 -0.0300 0.0736
vn 0.3057 -0.9110 0.2768
vn 0.8629 -0.4791 -0.1608
vn 0.9286 0.2151 -0.3025
vn -0.9616 0.2603 -0.0867
vn -0.6250 0.7123 -0.3194
vn -0.8224 -0.3565 -0.4433
vn -0.7528 -0.6187 0.2248
vn -0.1407 -0.8754 0.4625
vn 0.9309 -0.3516 0.0992
vn 0.9414 0.3371 -0.0118
vn 0.4668 0.8727 -0.1430
vn 0.5762 0.6273 -0.5239
vn -0.9993 0.0375 0.0078
vn 0.1390 -0.8521 0.5045
vn 0.7544 -0.1808 0.6311
vn 0.8089 0.5090 0.2942
vn 0.8073 0.5894 0.0283
vn -0.8685 0.4523 -0.2028
vn -0.5402 0.8415 -0.0084
vn -0.9891 0.1473 -0.0055
vn -0.8070 -0.4365 0.3978
vn -0.5220 -0.7065 0.4779
vn -0.0011 -0.8041 0.5945
vn 0.8257 0.2799 0.4897
vn 0.5230 0.8345 -0.1733
vn -0.3989 0.2671 -0.8772
vn -0.2309 0.8468 -0.4791
vn -0.5308 -0.1844 -0.8272
vn -0.5547 -0.8225 -0.1256
vn 0.2224 -0.9411 0.2548
vn 0.6848 -0.2064 0.6989
vn 0.9437 0.2371 0.2306
vn 0.1992 0.1205 -0.9725
vn 0.2691 0.6725 -0.6894
vn -0.1737 -0.7999 -0.5744
vn 0.4054 -0.9104 0.0828
vn 0.6750 -0.3478 0.6507
vn 0.8940 -0.0159 0.4477
vn 0.6082 0.7768 -0.1632
vn 0.3188 0.3576 -0.8778
vn 0.3893 0.8336 -0.3919
vn -0.4147 -0.1065 -0.9037
vn -0.3087 -0.6264 -0.7158
vn -0.1011 -0.7119 -0.6950
vn 0.1566 -0.9633 0.2181
vn 0.3799 -0.3757 0.8453
vn 0.7219 -0.1630 0.6725
vn 0.8565 0.1939 0.4782
vn 0.0693 0.7376 -0.6717
vn -0.5145 -0.3442 -0.7854
vn -0.2587 -0.8911 0.3727
vn -0.0176 -0.3735 0.9275
vn 0.3592 -0.2680 0.8939
vn 0.4762 0.2590 0.8403
vn 0.3750 0.8733 0.3109
vn -0.0094 0.8694 -0.4940
vn 0.4985 0.8664 -0.0284
vn -0.5993 0.1744 -0.7813
vn -0.3299 -0.1818 -0.9263
vn -0.0319 -0.7034 -0.7101
vn -0.5273 -0.7877 0.3186
vn -0.1413 -0.5170 0.8443
vn 0.1824 -0.4044 0.8962
vn 0.2281 0.7754 0.5889
vn 0.1616 0.8121 -0.5607
vn 0.6553 0.7314 0.1888
vn -0.2305 0.2213 -0.9476
vn 0.1604 -0.0712 -0.9845
vn 0.0819 -0.6732 -0.7349
vn -0.4705 -0.8685 0.1560
vn -0.0917 -0.7395 0.6668
vn -0.1718 -0.4776 0.8616
vn 0.0312 0.2484 0.9681
vn 0.3022 0.6366 0.7095
vn -0.0640 0.8286 -0.5562
vn 0.3892 0.7993 0.4579
vn -0.1749 0.4015 -0.8990
vn -0.0588 0.1689 -0.9839
vn -0.3319 -0.4638 -0.8214
vn -0.6399 -0.7684 0.0117
vn -0.3047 -0.8201 0.4844
vn -0.1017 0.6068 0.7883
vn -0.3300 0.7758 -0.5379
vn -0.2406 0.8281 0.5064
vn -0.1341 0.2314 -0.9636
vn -0.6595 -0.7403 0.1303
vn -0.6253 -0.3737 0.6851
vn -0.4645 0.2238 0.8568
vn -0.2723 0.7356 -0.6203
vn -0.2631 0.8568 0.4435
vn -0.5955 -0.1539 -0.7885
vn -0.7279 -0.6004 -0.3312
vn -0.7415 0.1273 0.6588
vn -0.3787 0.5192 0.7662
vn 0.1876 0.7748 -0.6038
vn 0.2141 0.1160 -0.9699
vn -0.3514 -0.4591 -0.8159
vn -0.5706 -0.8184 0.0683
vn -0.7182 -0.2489 0.6498
vn -0.4866 0.3065 0.8181
vn 0.5812 0.6986 -0.4174
vn 0.2951 0.9224 0.2491
vn 0.1127 -0.8531 -0.5094
vn -0.6354 0.0386 0.7712
vn -0.2496 0.3032 0.9197
vn 0.5949 0.7569 -0.2706
vn 0.7776 0.3623 -0.5139
vn 0.5895 -0.1222 -0.7984
vn 0.2501 -0.6600 -0.7084
vn 0.0422 -0.9002 -0.4335
vn -0.5763 -0.7856 0.2254
vn -0.7258 -0.1976 0.6589
vn -0.6053 0.4800 0.6350
vn 0.3595 0.9327 0.0279
vn -0.0678 -0.8117 -0.5801
vn -0.7988 -0.5854 0.1385
vn -0.8984 -0.1199 0.4226
vn -0.8512 0.1686 0.4971
vn 0.8331 0.2158 -0.5093
vn 0.5814 -0.2391 -0.7777
vn 0.3458 -0.6364 -0.6895
vn -0.9341 -0.3147 0.1685
vn -0.9349 0.0064 0.3550
vn -0.4690 0.7447 0.4748
vn 0.4910 0.8629 0.1200
vn 0.6834 -0.5012 -0.5308
vn -0.3264 -0.7913 -0.5170
vn -0.8807 0.2644 0.3929
vn 0.8979 -0.0386 -0.4386
vn 0.5758 0.8118 0.0973
vn 0.4479 -0.6532 -0.6105
vn -0.9853 -0.1522 -0.0773
vn -0.9767 0.0631 0.2052
vn -0.8696 0.4642 0.1681
vn -0.1926 0.9254 0.3263
vn 0.7528 0.6511 -0.0968
vn 0.8525 -0.3037 -0.4255
vn -0.4570 -0.5399 -0.7069
vn -0.9409 0.0680 -0.3318
vn -0.0924 0.9950 0.0378
vn 0.5572 -0.5852 -0.5891
vn -0.3886 -0.4792 -0.7870
vn -0.8553 0.2982 -0.4237
vn -0.7603 0.6093 -0.2250
vn 0.9196 0.3672 0.1397
vn 0.0291 0.9882 0.1505
vn -0.5879 0.5508 -0.5924
vn 0.3107 -0.6964 -0.6469
vn -0.0031 -0.6202 -0.7844
vn 0.6191 -0.3776 -0.6886
vn -0.1632 -0.0044 -0.9866
vn 0.5786 0.1405 -0.8034
vn -0.0731 -0.2423 -0.9674
vn 0.2640 -0.5364 -0.8016
vn 0.3152 -0.8341 -0.4527
vn 0.7676 -0.6364 -0.0768
vn 0.9880 -0.1094 -0.1094
vn 0.8959 0.3348 -0.2919
vn 0.1191 0.7299 -0.6731
vn -0.3076 -0.6843 -0.6612
vn -0.0595 -0.9933 -0.0991
vn 0.1336 -0.9528 0.2727
vn 0.6579 -0.5459 0.5187
vn 0.8001 0.2600 0.5405
vn 0.6779 0.6132 0.4055
vn 0.8271 0.5619 -0.0143
vn -0.6633 0.0628 -0.7457
vn 0.2494 -0.3612 0.8985
vn 0.3551 0.3708 0.8581
vn 0.4918 0.7805 0.3860
vn -0.3148 0.4106 -0.8557
vn 0.0464 0.7538 -0.6555
vn -0.0418 -0.2566 -0.9656
vn -0.4085 -0.6595 -0.6310
vn -0.1532 -0.9590 0.2385
vn 0.0685 -0.2786 0.9580
vn 0.0953 0.3004 0.9490
vn 0.3630 0.4848 0.7957
vn 0.5464 0.7296 0.4112
vn 0.3046 0.3924 -0.8679
vn 0.3381 -0.2038 -0.9188
vn -0.0445 -0.7211 -0.6914
vn 0.0510 -0.9986 -0.0154
vn -0.2333 -0.2405 0.9422
vn 0.1476 0.2282 0.9624
vn 0.3769 0.6082 -0.6986
vn 0.1904 0.8450 -0.4997
vn 0.2955 -0.0156 -0.9552
vn -0.2073 -0.9773 0.0432
vn 0.0465 -0.9898 0.1348
vn -0.1671 0.0905 0.9818
vn 0.2461 0.2956 0.9231
vn 0.3276 0.8315 0.4487
vn 0.0208 0.9532 -0.3018
vn 0.0051 -0.7432 -0.6691
vn -0.5758 -0.2852 0.7662
vn -0.0793 0.2442 0.9665
vn 0.7311 0.5860 -0.3494
vn 0.2845 0.9554 0.0793
vn 0.4535 0.0882 -0.8869
vn 0.3497 -0.6896 -0.6342
vn -0.1299 -0.9768 0.1705
vn -0.6117 -0.4512 0.6498
vn -0.3063 -0.1750 0.9357
vn -0.0999 0.0822 0.9916
vn 0.0993 0.8555 0.5081
vn 0.9320 0.3439 0.1145
vn 0.5365 0.6668 0.5172
vn 0.8390 0.0297 -0.5434
vn 0.8435 -0.4976 -0.2020
vn 0.1377 -0.9199 0.3671
vn -0.4122 -0.6681 0.6195
vn -0.1502 -0.3798 0.9128
vn 0.2988 0.6861 0.6632
vn 0.8638 0.4529 0.2207
vn 0.4195 0.6016 0.6797
vn 0.8514 0.1641 -0.4982
vn 0.6681 -0.4894 -0.5605
vn -0.0025 -0.9577 0.2879
vn -0.5565 -0.7775 0.2930
vn -0.2933 -0.5249 0.7991
vn -0.2983 0.0269 0.9541
vn 0.0542 0.6339 0.7715
vn 0.3839 0.8984 -0.2134
vn 0.0315 0.8054 0.5919
vn 0.5337 0.3901 -0.7503
vn 0.8035 0.0824 -0.5895
vn -0.4110 -0.8617 -0.2977
vn -0.6602 -0.5796 0.4778
vn -0.7477 0.1328 0.6507
vn -0.5195 0.6380 0.5684
vn 0.0215 0.8549 -0.5184
vn -0.3365 0.8897 0.3086
vn 0.4180 -0.4510 -0.7886
vn -0.4240 -0.5278 -0.7360
vn -0.6574 -0.7357 -0.1630
vn -0.8559 -0.5165 0.0261
vn -0.9362 0.2017 0.2877
vn -0.7889 0.5397 0.2939
vn 0.2915 0.7643 -0.5751
vn -0.3972 0.8583 0.3249
vn 0.8109 0.3117 -0.4952
vn -0.2140 -0.6137 -0.7599
vn -0.5366 -0.8224 -0.1889
vn -0.8970 -0.4399 -0.0434
vn -0.9647 0.1574 0.2112
vn -0.8507 0.4221 0.3133
vn 0.4306 0.8654 -0.2561
vn -0.3807 0.8357 0.3958
vn 0.8508 0.4830 -0.2070
vn 0.0314 -0.7957 -0.6048
vn -0.3901 -0.8825 -0.2628
vn 0.7898 0.6009 -0.1234
vn -0.3958 0.9120 0.1077
vn 0.9042 0.2361 -0.3560
vn 0.5659 -0.4093 -0.7157
vn 0.2255 -0.7063 -0.6710
vn -0.3177 -0.7459 -0.5854
vn -0.9395 -0.2812 -0.1957
vn -0.9905 0.1286 -0.0491
vn -0.9043 0.3916 0.1697
vn 0.8336 0.5460 0.0834
vn -0.2936 0.9412 -0.1669
vn 0.5693 -0.1851 -0.8010
vn -0.9019 -0.1149 -0.4165
vn -0.8978 0.4331 -0.0800
vn -0.0797 0.9934 0.0827
vn 0.9756 -0.1542 -0.1563
vn 0.4812 -0.6584 -0.5788
vn -0.5464 -0.6539 -0.5233
vn -0.9404 -0.0589 -0.3349
vn -0.9667 0.1335 -0.2183
vn -0.8573 0.5130 -0.0424
vn 0.7129 0.2839 0.6412
vn 0.0043 0.8269 0.5623
vn 0.6680 -0.7216 -0.1820
vn 0.2235 -0.9653 -0.1351
vn 0.4256 0.5807 0.6940
vn 0.1621 0.7671 0.6208
vn 0.7918 -0.0452 0.6091
vn 0.8193 -0.5450 0.1781
vn 0.2167 -0.9379 -0.2709
vn -0.7190 -0.4685 -0.5134
vn -0.9162 -0.0293 -0.3996
vn -0.7818 0.5592 0.2759
vn 0.7534 -0.6557 -0.0502
vn 0.3608 -0.7667 -0.5310
vn -0.6352 -0.2163 -0.7415
vn -0.8479 0.2534 -0.4656
vn -0.5256 0.8451 -0.0982
vn 0.3604 0.5935 0.7196
vn -0.2683 0.9595 -0.0858
vn 0.8510 -0.0918 0.5171
vn 0.9019 -0.4137 0.1243
vn -0.3980 0.0048 -0.9174
vn -0.5796 0.2256 -0.7831
vn -0.6731 0.5266 -0.5193
vn -0.1588 0.9737 0.1633
vn 0.8231 -0.4964 0.2759
vn 0.6914 -0.7215 -0.0370
vn 0.3007 -0.5436 -0.7836
vn -0.1860 0.0781 -0.9794
vn -0.4857 0.6436 -0.5915
vn -0.1057 0.9071 0.4075
vn 0.5611 -0.3708 0.7400
vn 0.6920 -0.5724 0.4400
vn 0.7249 -0.6776 0.1238
vn 0.5593 -0.3274 -0.7616
vn 0.0106 0.2188 -0.9757
vn -0.1729 0.7222 -0.6697
vn 0.0933 0.6512 0.7532
vn 0.2032 0.3355 -0.9199
vn 0.4323 -0.5306 0.7291
vn 0.4981 -0.0490 -0.8657
vn -0.2209 0.8053 0.5502
vn 0.9027 -0.0088 0.4302
vn 0.6231 -0.4262 0.6558
vn 0.9622 0.1237 -0.2428
vn 0.9192 0.2662 0.2902
vn 0.6946 -0.7015 -0.1597
vn 0.4564 -0.7683 0.4488
vn 0.2847 -0.4133 0.8649
vn 0.1630 0.1517 0.9749
vn 0.1564 0.4378 0.8853
vn 0.5870 0.3050 0.7500
vn 0.6857 0.7182 -0.1185
vn 0.2859 -0.9526 -0.1035
vn 0.1451 -0.9059 0.3979
vn -0.4197 -0.4486 0.7891
vn -0.4972 0.2864 0.8190
vn -0.5516 0.4422 0.7073
vn 0.1412 0.5995 0.7878
vn 0.8646 0.0342 -0.5012
vn 0.8569 -0.1494 -0.4934
vn 0.4235 -0.5775 -0.6980
vn -0.0913 -0.9933 -0.0701
vn -0.8760 -0.3668 0.3131
vn -0.8906 0.2251 0.3951
vn -0.4779 0.8016 0.3591
vn 0.3457 0.8432 -0.4118
vn 0.4809 -0.4140 -0.7729
vn 0.3691 -0.8396 -0.3986
vn 0.0870 -0.9913 0.0984
vn -0.9063 -0.3755 0.1941
vn -0.8644 0.2402 0.4418
vn -0.3540 0.6949 0.6260
vn 0.9826 -0.0189 0.1849
vn 0.4877 0.8204 0.2985
vn 0.7743 -0.6248 0.1010
vn -0.8932 -0.1814 0.4114
vn -0.6775 0.1191 0.7258
vn 0.9724 0.2294 -0.0433
vn 0.2215 0.7091 0.6694
vn 0.9076 -0.3051 0.2885
vn 0.6120 -0.5680 0.5503
vn -0.0342 -0.9989 0.0336
vn -0.7960 -0.5554 0.2407
vn -0.8599 -0.4412 0.2566
vn -0.7379 -0.0002 0.6749
vn -0.4226 0.6698 0.6106
vn 0.4395 0.6076 0.6616
vn 0.7494 -0.4669 0.4694
vn -0.7185 -0.6841 -0.1257
vn -0.9520 -0.0453 0.3026
vn -0.5986 0.7482 0.2862
vn 0.3784 0.7980 0.4691
vn -0.4992 0.7977 0.3384
vn 0.9147 0.4001 -0.0566
vn 0.9430 -0.1219 0.3097
vn -0.0448 -0.9608 -0.2736
vn -0.5250 -0.7369 -0.4258
vn -0.8395 -0.5422 -0.0349
vn -0.9987 -0.0492 -0.0091
vn 0.2498 0.7216 0.6457
vn -0.7742 0.5688 0.2776
vn 0.8723 0.4407 0.2118
vn 0.7193 -0.0854 0.6894
vn 0.6838 -0.5002 0.5313
vn -0.3534 -0.8524 -0.3854
vn -0.7803 -0.6221 -0.0644
vn -0.9924 -0.0636 -0.1052
vn 0.2758 0.8468 0.4548
vn -0.7151 0.4845 0.5039
vn 0.7520 0.4153 0.5118
vn 0.5313 -0.0542 0.8455
vn 0.0445 -0.9905 -0.1299
vn -0.7441 -0.6482 -0.1619
vn -0.9759 -0.0408 -0.2142
vn -0.9203 0.3721 0.1206
vn -0.6713 0.7273 0.1432
vn 0.7761 0.5520 0.3050
vn 0.8114 0.2507 0.5281
vn 0.9052 -0.3987 0.1472
vn 0.3679 -0.8000 -0.4740
vn -0.1201 -0.8958 -0.4280
vn -0.5278 -0.5596 -0.6390
vn -0.8285 0.0810 -0.5540
vn -0.8552 0.3920 -0.3392
vn 0.5161 0.8516 -0.0919
vn -0.2526 0.9022 -0.3497
vn 0.6739 -0.4138 -0.6121
vn 0.1290 -0.6986 -0.7038
vn -0.2262 -0.3080 -0.9241
vn -0.5887 0.3168 -0.7437
vn 0.5976 0.7825 0.1750
vn -0.2236 0.9486 -0.2239
vn 0.8689 0.3681 0.3309
vn 0.9507 -0.2280 -0.2103
vn 0.7538 -0.4824 -0.4461
vn 0.2740 -0.5941 -0.7563
vn -0.1255 -0.1941 -0.9729
vn -0.5117 0.2255 -0.8290
vn -0.5968 0.4309 -0.6769
vn 0.2601 0.7385 0.6220
vn 0.3058 0.3188 0.8971
vn 0.7180 -0.0239 0.6957
vn 0.8043 -0.5836 0.1121
vn 0.6065 -0.7782 -0.1629
vn 0.1085 -0.7222 -0.6831
vn -0.3731 -0.0438 -0.9268
vn 0.0169 0.5753 0.8178
vn -0.4411 0.8376 0.3222
vn 0.1493 0.3338 0.9307
vn 0.1145 -0.7068 -0.6981
vn -0.3967 0.2233 -0.8904
vn -0.6841 0.4327 -0.5871
vn -0.2602 0.9018 0.3450
vn 0.5978 -0.3017 0.7427
vn 0.7078 -0.6068 0.3617
vn 0.5645 -0.8211 -0.0850
vn 0.2986 -0.4892 -0.8194
vn -0.2281 0.0619 -0.9717
vn -0.5157 0.6501 -0.5581
vn -0.2111 0.8452 0.4909
vn -0.0893 -0.0634 0.9940
vn 0.4593 -0.5291 0.7135
vn 0.6825 -0.5756 0.4505
vn 0.6264 -0.7684 -0.1311
vn 0.3322 -0.3031 -0.8932
vn 0.0359 0.1682 -0.9851
vn -0.4737 0.7285 -0.4949
vn -0.6106 0.3159 0.7262
vn -0.5237 0.7262 0.4454
vn 0.4138 -0.7492 0.5171
vn 0.4632 -0.8568 -0.2267
vn 0.2857 -0.1563 -0.9455
vn -0.2025 0.3621 -0.9099
vn 0.2484 -0.6963 0.6734
vn 0.5066 -0.8265 -0.2454
vn -0.4866 0.8110 -0.3248
vn -0.5778 0.4854 0.6562
vn -0.4858 0.7927 0.3681
vn -0.1320 -0.2382 0.9622
vn 0.2926 -0.8165 0.4976
vn 0.7367 -0.6625 -0.1357
vn 0.4305 0.1288 -0.8933
vn 0.0131 0.5353 -0.8446
vn -0.3612 0.8860 -0.2908
vn -0.0377 -0.4834 0.8746
vn 0.3429 -0.6034 0.7200
vn 0.9160 -0.3942 0.0746
vn 0.7229 0.2700 -0.6360
vn 0.3001 0.7289 -0.6154
vn -0.1229 0.9859 -0.1133
vn -0.5933 0.4111 0.6921
vn -0.3588 0.9265 0.1136
vn -0.1135 -0.1694 0.9790
vn 0.9536 -0.2865 0.0928
vn 0.8634 0.2773 -0.4215
vn 0.4432 0.7723 -0.4551
vn -0.0807 0.9862 -0.1443
vn -0.4406 -0.4289 0.7886
vn 0.1172 -0.7127 0.6916
vn 0.9544 0.2508 -0.1622
vn -0.8434 0.2303 0.4854
vn -0.1845 0.9691 -0.1637
vn -0.6648 -0.3925 0.6356
vn 0.9520 0.2186 0.2145
vn 0.5617 0.7557 -0.3367
vn 0.0566 0.9833 -0.1730
vn -0.9112 0.2161 0.3507
vn 0.2074 0.9761 0.0646
vn -0.2625 -0.7468 0.6111
vn -0.0597 0.8746 0.4811
vn -0.3622 -0.0776 0.9288
vn 0.6044 0.2400 0.7597
vn -0.0072 0.4799 0.8773
vn 0.2858 -0.6020 0.7456
vn -0.3059 -0.6435 0.7017
vn -0.8073 -0.3898 0.4431
vn -0.9464 0.1117 0.3030
vn -0.5659 0.4771 0.6724
vn 0.3192 -0.7214 0.6145
vn -0.2379 -0.8260 0.5110
vn -0.8412 -0.5218 -0.1420
vn -0.9510 -0.0296 -0.3078
vn -0.7220 0.6916 0.0186
vn -0.0253 0.8827 0.4693
vn 0.1740 0.7802 0.6008
vn 0.7373 -0.3850 0.5551
vn -0.0671 -0.9787 0.1938
vn -0.5630 -0.6058 -0.5622
vn -0.8468 0.0401 -0.5303
vn -0.3368 0.7245 0.6014
vn 0.0141 0.9999 0.0058
vn 0.7302 -0.4150 0.5428
vn -0.5313 -0.3984 -0.7477
vn -0.5610 0.6701 -0.4862
vn -0.6990 0.6320 -0.3345
vn 0.1841 0.1682 0.9684
vn 0.3717 -0.1696 0.9127
vn -0.0614 -0.4879 0.8707
vn -0.1354 -0.9602 0.2442
vn -0.3969 -0.7391 -0.5442
vn -0.6115 -0.5148 -0.6009
vn -0.8667 -0.1010 -0.4885
vn -0.7108 0.3228 0.6250
vn -0.9137 0.4054 -0.0265
vn -0.0517 0.2040 0.9776
vn -0.0743 -0.2076 0.9754
vn -0.2867 -0.4421 0.8499
vn -0.6599 -0.0294 -0.7508
vn -0.6630 0.4275 0.6145
vn -0.9363 0.3369 -0.0992
vn 0.2963 -0.5606 0.7733
vn -0.1095 -0.9882 0.1072
vn -0.1805 -0.9008 -0.3949
vn -0.4459 -0.7134 -0.5406
vn -0.6358 0.4817 -0.6031
vn -0.2372 0.8233 0.5157
vn -0.5556 0.6580 -0.5082
vn 0.3303 0.5556 0.7630
vn -0.0391 0.0786 0.9961
vn 0.4745 -0.8701 -0.1335
vn 0.3144 -0.8538 -0.4150
vn -0.0817 -0.6252 -0.7762
vn -0.2177 -0.0388 -0.9752
vn 0.3112 0.6007 0.7364
vn 0.0558 0.1659 0.9846
vn 0.5667 -0.2250 0.7926
vn 0.6459 -0.7617 -0.0518
vn 0.4081 -0.8323 -0.3752
vn 0.2393 -0.4803 -0.8438
vn 0.1448 0.0786 -0.9863
vn -0.1507 0.4081 -0.9004
vn -0.1863 0.7290 0.6586
vn -0.4455 0.7218 -0.5296
vn -0.1478 0.4384 0.8866
vn -0.1271 0.1060 0.9862
vn 0.4162 -0.4490 0.7907
vn 0.4060 -0.3080 -0.8604
vn 0.0624 0.1413 -0.9880
vn -0.4429 0.8148 -0.3740
vn -0.1026 0.1339 0.9857
vn 0.5399 -0.5113 0.6686
vn 0.6260 -0.7338 0.2638
vn 0.5030 -0.8103 -0.3005
vn 0.2608 0.2799 -0.9239
vn -0.0418 0.3480 -0.9366
vn -0.1495 0.7745 0.6147
vn -0.1393 0.9838 -0.1124
vn -0.2938 0.4460 0.8454
vn 0.7569 -0.5812 -0.2988
vn 0.6845 -0.0598 -0.7265
vn 0.3163 0.5176 -0.7950
vn -0.2268 0.7389 0.6345
vn -0.3479 0.9375 0.0070
vn -0.3288 0.4211 0.8454
vn 0.0589 0.1652 0.9845
vn 0.5777 -0.3207 0.7506
vn 0.6490 -0.5337 0.5422
vn 0.9310 -0.3374 -0.1390
vn 0.8092 0.1314 -0.5726
vn 0.3552 0.6565 -0.6655
vn -0.6524 0.5574 0.5135
vn -0.7628 0.1467 0.6298
vn -0.2164 -0.2162 0.9521
vn 0.3516 -0.6553 0.6686
vn 0.8394 -0.3447 -0.4201
vn 0.5775 0.2851 -0.7650
vn 0.1450 0.5958 -0.7899
vn -0.9748 0.1904 0.1160
vn -0.7855 0.5649 -0.2527
vn -0.4395 -0.6542 0.6156
vn 0.0998 -0.8833 0.4581
vn 0.7194 0.1562 -0.6767
vn -0.9913 0.1027 -0.0821
vn -0.7686 0.5866 -0.2553
vn -0.8950 -0.2074 0.3949
vn -0.4022 -0.6785 0.6147
vn -0.1878 -0.8252 0.5328
vn 0.3783 -0.9230 0.0710
vn 0.8749 -0.2671 -0.4039
vn 0.5922 0.2629 -0.7617
vn -0.1115 0.6065 -0.7873
vn -0.9515 0.3077 -0.0030
vn -0.6198 0.7755 -0.1203
vn 0.5824 -0.7043 0.4059
vn 0.9989 -0.0121 -0.0453
vn 0.8571 0.3023 -0.4172
vn 0.7292 0.4568 -0.5095
vn -0.0385 0.8536 -0.5194
vn -0.8953 0.4360 -0.0913
vn -0.5812 0.8025 -0.1349
vn -0.8815 -0.2723 0.3857
vn -0.4906 -0.6185 0.6138
vn 0.6051 -0.5320 0.5923
vn 0.9751 0.0711 0.2100
vn 0.9588 0.2772 -0.0617
vn 0.7333 0.5949 -0.3291
vn -0.0086 0.8901 -0.4557
vn -0.5584 0.6799 -0.4754
vn -0.5499 -0.7355 0.3957
vn 0.9459 0.0724 0.3162
vn -0.8617 0.4631 -0.2076
vn -0.3946 0.7294 -0.5588
vn -0.7894 -0.5759 0.2126
vn -0.3317 -0.8845 0.3280
vn 0.4960 -0.4996 0.7102
vn 0.9634 0.1789 0.1995
vn 0.6869 0.7120 -0.1458
vn 0.0949 0.9463 -0.3091
vn -0.2818 0.9239 -0.2590
vn -0.9785 -0.1939 0.0703
vn -0.5213 -0.6836 0.5108
vn 0.2037 -0.3402 0.9180
vn 0.7301 0.0204 0.6831
vn 0.7416 0.1911 0.6431
vn 0.5836 0.7764 0.2381
vn 0.1170 0.9926 -0.0310
vn -0.9141 0.3291 -0.2368
vn -0.0632 0.9952 -0.0743
vn -0.6378 -0.6769 0.3675
vn 0.2525 -0.1310 0.9587
vn -0.9190 -0.2233 -0.3251
vn 0.3665 -0.3437 0.8646
vn 0.5084 0.7055 0.4938
vn 0.2819 0.9448 0.1668
vn -0.7818 0.2190 -0.5838
vn 0.1401 0.9901 -0.0095
vn -0.7340 -0.3716 -0.5685
vn -0.6047 -0.7927 0.0777
vn 0.4615 0.0605 0.8851
vn -0.5655 0.4223 -0.7085
vn -0.0198 -0.6125 0.7902
vn 0.1210 0.7486 0.6519
vn -0.2231 0.9681 0.1140
vn -0.6279 0.7180 0.3004
vn -0.4675 -0.8737 0.1349
vn 0.0538 0.0244 0.9983
vn -0.9783 -0.2073 0.0018
vn -0.7902 0.1734 0.5878
vn -0.7850 0.6048 0.1344
vn -0.6579 -0.3052 0.6885
vn -0.6640 -0.4448 0.6011
vn -0.6509 -0.7582 0.0388
vn -0.5839 -0.6081 -0.5378
vn -0.6407 -0.1989 -0.7416
vn -0.7440 0.5320 -0.4042
vn -0.6501 -0.1972 0.7338
vn -0.5463 0.7810 -0.3028
vn -0.7567 0.6470 -0.0933
vn -0.6732 0.2996 0.6760
vn -0.6635 -0.0177 0.7480
vn -0.2172 -0.9677 0.1283
vn -0.0482 -0.7210 -0.6913
vn -0.2440 -0.2272 -0.9428
vn -0.4820 0.4457 -0.7543
vn -0.4767 0.6995 -0.5325
vn -0.6550 -0.4504 0.6066
vn 0.2603 -0.7476 -0.6110
vn 0.1086 -0.1915 -0.9755
vn 0.0114 0.4716 -0.8817
vn -0.8210 0.5070 -0.2626
vn -0.4117 0.5564 -0.7217
vn -0.8734 0.2016 0.4433
vn -0.7343 0.1073 0.6703
vn -0.7195 -0.4632 0.5174
vn 0.0858 -0.9519 0.2940
vn 0.3320 -0.8946 -0.2990
vn 0.3151 -0.7237 -0.6140
vn 0.2967 -0.1618 -0.9412
vn 0.1973 0.4326 -0.8797
vn -0.4180 0.2678 -0.8681
vn -0.9662 -0.0602 0.2507
vn -0.7878 -0.5909 0.1737
vn -0.0605 -0.9955 0.0728
vn 0.1684 0.3113 -0.9353
vn -0.8842 0.3809 -0.2703
vn -0.2493 0.2677 -0.9307
vn -0.9676 0.1724 0.1847
vn -0.9847 -0.1573 0.0751
vn -0.7306 -0.6595 0.1770
vn 0.0329 -0.9925 0.1178
vn 0.2756 -0.9460 -0.1706
vn 0.4995 -0.6444 -0.5790
vn 0.4823 -0.0709 -0.8731
vn 0.4979 0.3815 -0.7788
vn -0.7515 0.6569 0.0608
vn 0.2183 0.7100 -0.6695
vn -0.7781 0.4590 0.4289
vn -0.9269 -0.0086 0.3752
vn -0.4123 -0.4205 0.8082
vn 0.4941 -0.8291 0.2615
vn 0.8485 -0.4094 -0.3353
vn 0.8456 0.1514 -0.5118
vn 0.3540 0.9255 -0.1349
vn -0.8428 0.4060 0.3533
vn -0.6442 0.2485 0.7233
vn -0.1391 -0.0869 0.9865
vn 0.5871 -0.5429 0.6005
vn 0.9954 -0.0946 0.0135
vn 0.9241 0.3337 -0.1861
vn 0.7100 0.5798 -0.3997
vn -0.6613 0.6988 0.2727
vn -0.0243 0.9505 -0.3097
vn -0.8326 0.0335 0.5529
vn -0.2580 -0.2378 0.9364
vn 0.2378 -0.6188 0.7487
vn 0.6815 -0.5650 0.4651
vn 0.9960 0.0871 0.0213
vn 0.9081 0.3779 -0.1802
vn 0.7800 0.5461 -0.3055
vn -0.8269 0.5411 -0.1529
vn -0.9825 0.1194 -0.1431
vn -0.0479 -0.7992 0.5991
vn 0.7312 -0.5828 0.3545
vn -0.8378 0.4312 -0.3349
vn -0.4287 0.7780 -0.4593
vn -0.9553 -0.0173 -0.2952
vn -0.9104 -0.3308 0.2487
vn -0.0877 -0.8098 0.5801
vn 0.8138 -0.4184 0.4032
vn 0.9764 0.1620 0.1429
vn 0.9097 0.3819 -0.1629
vn 0.7481 0.5660 -0.3464
vn -0.7340 0.3755 -0.5660
vn -0.9787 0.0660 -0.1946
vn -0.9140 -0.2378 0.3288
vn -0.1588 -0.7523 0.6394
vn 0.7503 -0.1562 0.6424
vn 0.8892 0.2968 0.3481
vn 0.8792 0.4746 0.0420
vn 0.6281 0.7685 -0.1220
vn -0.4487 0.7222 -0.5264
vn -0.7783 -0.2646 -0.5694
vn -0.7104 -0.6211 0.3311
vn 0.7917 -0.0458 0.6091
vn 0.8616 0.2642 0.4334
vn 0.8952 0.4118 0.1706
vn 0.5836 0.7238 -0.3681
vn -0.2998 0.0725 -0.9512
vn -0.1009 0.5274 -0.8436
vn -0.4223 -0.9062 -0.0192
vn 0.1622 -0.8864 0.4336
vn -0.0295 -0.0233 -0.9993
vn 0.1224 0.5559 -0.8222
vn -0.4838 -0.4618 -0.7434
vn -0.6339 -0.7264 -0.2656
vn 0.2904 -0.8197 0.4936
vn 0.6568 -0.0791 0.7499
vn 0.6365 0.2350 0.7346
vn 0.9023 0.3648 0.2296
vn 0.5314 0.6843 -0.4994
vn -0.2492 0.2726 -0.9293
vn 0.0293 0.8046 -0.5931
vn -0.7766 -0.2383 -0.5832
vn -0.5346 -0.8268 -0.1747
vn -0.0817 -0.6208 0.7797
vn 0.2815 0.0476 0.9584
vn 0.6080 0.5874 0.5341
vn 0.2901 0.9372 -0.1937
vn -0.5123 0.5378 -0.6695
vn -0.8910 -0.0367 -0.4525
vn -0.7737 -0.5019 -0.3866
vn -0.4610 -0.3612 0.8106
vn -0.0701 0.0729 0.9949
vn 0.2674 0.2571 0.9287
vn 0.2771 0.6872 0.6715
vn -0.4247 0.6067 -0.6720
vn 0.0760 0.9404 -0.3315
vn -0.7355 -0.3374 -0.5875
vn -0.6313 -0.7168 -0.2960
vn -0.6408 -0.3954 0.6580
vn -0.2586 -0.1287 0.9574
vn -0.0222 0.1810 0.9832
vn 0.0439 0.9936 0.1043
vn 0.2260 0.9493 -0.2184
vn -0.3671 -0.4109 -0.8346
vn -0.2270 0.0515 0.9725
vn 0.1011 0.9305 0.3521
vn -0.2351 0.5238 -0.8187
vn -0.0384 0.9967 0.0710
vn -0.2583 -0.2585 -0.9308
vn -0.5393 -0.7277 -0.4238
vn -0.6209 -0.5477 0.5608
vn -0.2209 0.6532 0.7242
vn -0.3032 0.4424 -0.8440
vn -0.4405 -0.6793 -0.5870
vn -0.5970 -0.8017 0.0299
vn -0.5765 -0.6523 0.4921
vn -0.5569 -0.0276 0.8301
vn -0.2052 0.7851 0.5844
vn -0.0979 0.4666 -0.8790
vn -0.0944 0.9848 0.1459
vn 0.1098 -0.0612 -0.9921
vn -0.5341 -0.7735 0.3413
vn -0.3652 0.5917 0.7187
vn 0.3796 0.4232 -0.8227
vn -0.0682 -0.7887 -0.6110
vn -0.0485 0.9983 0.0335
vn 0.5457 0.0084 -0.8379
vn -0.5653 -0.8206 -0.0838
vn -0.7484 -0.2541 0.6126
vn -0.4416 0.5207 0.7307
vn -0.8411 0.3895 0.3753
vn -0.7037 -0.0451 -0.7091
vt 0.041667 0.000000
vt 0.000000 0.116667
vt 0.041667 0.116667
vt 0.083333 0.000000
vt 0.083333 0.116667
vt 0.125000 0.000000
vt 0.125000 0.201694
vt 0.166667 0.000000
vt 0.166667 0.116667
vt 0.208333 0.000000
vt 0.208333 0.116667
vt 0.250000 0.000000
vt 0.250000 0.116667
vt 0.291667 0.000000
vt 0.291667 0.116667
vt 0.333333 0.000000
vt 0.333333 0.195392
vt 0.375000 0.000000
vt 0.375000 0.116667
vt 0.416667 0.000000
vt 0.416667 0.116667
vt 0.458333 0.000000
vt 0.458333 0.116667
vt 0.500000 0.000000
vt 0.500000 0.116667
vt 0.583333 0.000000
vt 0.541667 -0.000389
vt 0.583333 0.116667
vt 0.625000 0.000000
vt 0.625000 0.116667
vt 0.666667 0.000000
vt 0.666667 0.116667
vt 0.708333 0.000000
vt 0.708333 0.116667
vt 0.750000 0.000000
vt 0.750000 0.116667
vt 0.791667 0.000000
vt 0.791667 0.116667
vt 0.833333 0.000000
vt 0.833333 0.116667
vt 0.875000 0.000000
vt 0.875000 0.116667
vt 0.916667 0.000000
vt 0.916667 0.195102
vt 0.958333 0.000000
vt 0.958333 0.116667
vt 1.000000 0.000000
vt 1.000000 0.116667
vt 0.000000 0.233333
vt 0.051880 0.233333
vt 0.170475 0.233333
vt 0.254340 0.233333
vt 0.375000 0.233333
vt 0.449854 0.233333
vt 0.535332 0.233333
vt 0.583333 0.233333
vt 0.651061 0.233333
vt 0.740237 0.233333
vt 0.791667 0.233333
vt 0.851356 0.233333
vt 0.958333 0.233333
vt 1.000000 0.233333
vt 0.000000 0.350000
vt 0.064085 0.350000
vt 0.125000 0.350000
vt 0.166667 0.350000
vt 0.225757 0.350000
vt 0.291667 0.350000
vt 0.343369 0.350000
vt 0.425928 0.350000
vt 0.500000 0.350000
vt 0.547763 0.350000
vt 0.629999 0.350000
vt 0.708333 0.350000
vt 0.750000 0.350000
vt 0.824834 0.350000
vt 0.875000 0.430673
vt 0.916667 0.350000
vt 0.958333 0.350000
vt 1.000000 0.350000
vt 0.000000 0.516109
vt 0.077047 0.466667
vt 0.125000 0.466667
vt 0.198898 0.466667
vt 0.250000 0.546859
vt 0.291667 0.466667
vt 0.333333 0.466667
vt 0.400896 0.466667
vt 0.458333 0.544966
vt 0.500000 0.466667
vt 0.541667 0.466667
vt 0.600212 0.466667
vt 0.666667 0.466667
vt 0.708333 0.466667
vt 0.750000 0.466667
vt 0.800877 0.466667
vt 0.916667 0.466667
vt 1.000489 0.466667
vt 0.041667 0.583333
vt 0.083333 0.583333
vt 0.125000 0.583333
vt 0.176527 0.583333
vt 0.291667 0.583333
vt 0.333333 0.583333
vt 0.384916 0.583333
vt 0.500000 0.583333
vt 0.573018 0.583333
vt 0.625000 0.661869
vt 0.666667 0.583333
vt 0.708333 0.583333
vt 0.775505 0.583333
vt 0.833333 0.583333
vt 0.875000 0.583333
vt 0.916667 0.583333
vt 0.958333 0.583333
vt 1.000000 0.583333
vt 0.000000 0.700000
vt 0.041667 0.700000
vt 0.083333 0.700000
vt 0.150269 0.700000
vt 0.208333 0.700000
vt 0.250000 0.700000
vt 0.291667 0.700000
vt 0.349731 0.700000
vt 0.416667 0.700000
vt 0.458333 0.700000
vt 0.500000 0.700000
vt 0.552107 0.700000
vt 0.666667 0.700000
vt 0.738767 0.700000
vt 0.791667 0.700000
vt 0.833333 0.700000
vt 0.875000 0.738131
vt 0.947893 0.700000
vt 1.000000 0.700000
vt 0.000000 0.816667
vt 0.041667 0.855034
vt 0.115084 0.816667
vt 0.166667 0.816667
vt 0.208333 0.816667
vt 0.250000 0.853141
vt 0.323473 0.816667
vt 0.375000 0.816667
vt 0.416667 0.816667
vt 0.458333 0.816667
vt 0.525106 0.816667
vt 0.583333 0.816667
vt 0.625000 0.816667
vt 0.666667 0.816667
vt 0.724495 0.816667
vt 0.791667 0.816667
vt 0.833333 0.816667
vt 0.926982 0.816667
vt 1.000000 0.816667
vt 0.000000 0.933333
vt 0.099104 0.933333
vt 0.166667 0.933333
vt 0.208333 0.933333
vt 0.301102 0.933333
vt 0.375000 0.933333
vt 0.416667 0.970317
vt 0.492629 0.933333
vt 0.575839 0.933333
vt 0.625000 0.969327
vt 0.699123 0.933333
vt 0.750000 0.933333
vt 0.791667 0.933333
vt 0.833333 0.933333
vt 0.899788 0.933333
vt 0.958333 0.933333
vt 1.000000 0.933333
vt 0.000000 1.050000
vt 0.074072 1.050000
vt 0.156631 1.050000
vt 0.208333 1.050000
vt 0.274243 1.050000
vt 0.333333 1.050000
vt 0.375000 1.050000
vt 0.473805 1.050000
vt 0.541667 1.050000
vt 0.583333 1.050000
vt 0.675166 1.050000
vt 0.750000 1.050000
vt 0.791667 1.050000
vt 0.870001 1.050000
vt 0.952237 1.050000
vt 1.000000 1.124334
vt 0.000000 1.178721
vt 0.050146 1.166667
vt 0.125000 1.166667
vt 0.166667 1.204608
vt 0.245661 1.166667
vt 0.329525 1.166667
vt 0.375000 1.198306
vt 0.448120 1.166667
vt 0.533833 1.166667
vt 0.583333 1.204898
vt 0.648644 1.166667
vt 0.708333 1.166667
vt 0.759763 1.166667
vt 0.848939 1.166667
vt 0.941813 1.166667
vt 0.041667 1.283333
vt 0.083333 1.283333
vt 0.125000 1.283333
vt 0.208333 1.283333
vt 0.250000 1.283333
vt 0.291667 1.283333
vt 0.333333 1.283333
vt 0.416667 1.283333
vt 0.458333 1.283333
vt 0.500000 1.283333
vt 0.541667 1.283333
vt 0.625000 1.283333
vt 0.666667 1.283333
vt 0.708333 1.283333
vt 0.750000 1.283333
vt 0.791667 1.283333
vt 0.833333 1.283333
vt 0.875000 1.283333
vt 0.916667 1.283333
vt 0.958333 1.283333
vt 1.000000 1.283333
vt 0.000000 1.400000
vt 0.041667 1.400000
vt 0.083333 1.400000
vt 0.125000 1.400000
vt 0.166667 1.400000
vt 0.208333 1.400000
vt 0.250000 1.400000
vt 0.291667 1.400000
vt 0.333333 1.400000
vt 0.375000 1.400000
vt 0.416667 1.400000
vt 0.458333 1.400000
vt 0.500000 1.400000
vt 0.541667 1.400000
vt 0.583333 1.400000
vt 0.625000 1.400000
vt 0.666667 1.400000
vt 0.708333 1.400000
vt 0.750000 1.400000
vt 0.791667 1.400000
vt 0.833333 1.400000
vt 0.875000 1.400000
vt 0.916667 1.400000
vt 0.958333 1.400000
vt 0.453037 0.000000
vt 0.904508 0.119888
vt 1.000000 0.115390
vt 0.654508 0.073767
vt 0.345491 0.064286
vt 0.095491 0.064286
vt 0.006368 0.064286
vt 0.714746 0.064286
vt 0.345491 0.128571
vt 0.095491 0.128571
vt 0.004724 0.128571
vt 0.880418 0.128571
vt 0.904508 0.192857
vt 1.000000 0.208547
vt 0.654508 0.192857
vt 0.345491 0.234533
vt 0.095491 0.208683
vt 0.000000 0.192857
vt 0.095491 0.192857
vt 0.345491 0.192857
vt 0.654508 0.242843
vt 0.904508 0.242245
vt 0.850088 0.257143
vt 0.000000 0.286983
vt 0.095491 0.257143
vt 0.345491 0.257143
vt 0.904508 0.324561
vt 1.000000 0.342083
vt 0.654508 0.321429
vt 0.345492 0.340881
vt 0.095491 0.346955
vt 0.095491 0.321429
vt 0.345491 0.321429
vt 0.898564 0.384186
vt 0.904508 0.321429
vt 0.654508 0.385714
vt 0.000000 0.385714
vt 0.095491 0.389669
vt 0.551224 0.428513
vt 0.904508 0.450000
vt 1.000000 0.450000
vt 0.654508 0.450000
vt 0.345491 0.450000
vt 0.095491 0.450000
vt 0.000000 0.450000
vt 0.345491 0.505850
vt 0.904508 0.496679
vt 0.904508 0.514286
vt 1.000000 0.514286
vt 0.654508 0.523726
vt 0.309209 0.514286
vt 0.000000 0.514286
vt 0.095491 0.514286
vt 0.654508 0.516622
vt 0.904508 0.578571
vt 1.000000 0.578571
vt 0.325472 0.578571
vt 0.000000 0.578571
vt 0.095491 0.578571
vt 0.345491 0.578571
vt 0.904508 0.636454
vt 0.904508 0.642857
vt 1.000000 0.668217
vt 0.654508 0.651886
vt 0.345491 0.642857
vt 0.095491 0.703136
vt 0.000000 0.642857
vt 0.095491 0.642857
vt 0.654508 0.642857
vt 0.904508 0.707143
vt 0.345491 0.707143
vt 0.000000 0.707143
vt 0.095491 0.707143
vt 0.654508 0.726655
vt 0.904508 0.771429
vt 1.000000 0.771429
vt 0.654508 0.771429
vt 0.345491 0.771429
vt 0.095491 0.771429
vt 0.000000 0.771429
vt 0.904508 0.835714
vt 1.000000 0.835714
vt 0.654508 0.835714
vt 0.345491 0.835714
vt 0.095491 0.835714
vt 0.000000 0.835714
vt 0.345491 0.892105
vt 0.654508 0.889955
vt 0.904508 0.900000
vt 1.000000 0.900000
vt 0.654508 0.900000
vt 0.345491 0.951945
vt 0.095491 0.917590
vt 0.000000 0.906277
vt 0.095491 0.900000
vt 0.904508 0.935369
vt 0.904508 0.964286
vt 1.000000 0.964286
vt 0.355094 1.026574
vt 0.095491 0.971481
vt 0.345491 0.973085
vt 0.654508 0.964286
vt 0.888177 1.028571
vt 1.000000 1.082149
vt 0.095491 1.028571
vt 0.000000 1.028571
vt 0.654508 1.028571
vt 0.904508 1.028571
vt 0.907316 1.092857
vt 0.345491 1.096158
vt 0.083438 1.092857
vt 0.095491 1.101778
vt 0.345491 1.096346
vt 0.878699 1.092857
vt 0.901986 1.157143
vt 1.000000 1.195081
vt 0.027821 1.157143
vt 0.654508 1.216046
vt 0.904508 1.157143
vt 0.904508 1.239810
vt 0.654508 1.256421
vt 0.345491 1.245682
vt 0.095492 1.234586
vt 0.000000 1.221429
vt 0.095491 1.221429
vt 0.345491 1.221429
vt 0.904508 1.240642
vt 1.002762 1.341077
vt 0.000000 1.315376
vt 0.095491 1.285714
vt 0.345491 1.285714
vt 0.654508 1.322172
vt 0.654508 1.356361
vt 0.345491 1.350000
vt 0.095491 1.361870
vt 0.095491 1.396565
vt 0.345491 1.366876
vt 0.904508 1.382966
vt 1.003741 1.414286
vt 0.345491 1.431616
vt 0.000000 1.471879
vt 0.654508 1.414286
vt 0.654508 1.498863
vt 0.969571 1.482095
vt 0.095491 1.503571
vt 0.095491 1.478571
vt 0.345491 1.478571
vt 0.654508 1.503271
vt 0.904508 1.478571
vt 0.904508 1.570211
vt 0.622108 1.606136
vt 0.000000 1.542857
vt 0.110315 1.542857
vt 0.905156 1.578803
vt 0.095491 1.640264
vt 0.000000 1.637013
vt 0.300262 1.631841
vt 0.654508 1.629236
vt 0.847887 1.694522
vt 0.910121 1.682167
vt 0.376297 1.733280
vt 0.093376 1.735714
vt 0.509567 1.800000
vt 0.427092 0.072000
vt 0.904508 0.196619
vt 1.000000 0.136286
vt 0.654508 0.185933
vt 0.345491 0.136286
vt 0.095491 0.136286
vt 0.071595 0.136286
vt 0.839048 0.136286
vt 1.000000 0.208968
vt 0.345491 0.220153
vt 0.095491 0.201716
vt 0.000000 0.212493
vt 0.095491 0.200571
vt 0.345491 0.200571
vt 0.654508 0.212068
vt 0.904508 0.200571
vt 0.854827 0.264857
vt 0.095491 0.264857
vt 0.345491 0.264857
vt 0.904508 0.264857
vt 0.904508 0.329143
vt 1.000000 0.348694
vt 0.654508 0.329143
vt 0.345491 0.329143
vt 0.006417 0.329143
vt 0.095491 0.329143
vt 0.654508 0.354943
vt 0.904508 0.344054
vt 0.904508 0.393429
vt 0.654508 0.393429
vt 0.345491 0.420230
vt 0.014983 0.393429
vt 0.095491 0.446564
vt 0.345491 0.393429
vt 0.904508 0.510309
vt 1.000000 0.457714
vt 0.654508 0.479189
vt 0.002837 0.520090
vt 0.000000 0.457714
vt 0.345492 0.482468
vt 0.654508 0.457714
vt 0.904508 0.471304
vt 1.000000 0.522000
vt 0.156106 0.522000
vt 0.095491 0.522000
vt 0.654508 0.522000
vt 0.904508 0.586286
vt 1.000000 0.586286
vt 0.654508 0.586286
vt 0.141943 0.586286
vt 0.000000 0.586286
vt 0.095491 0.586286
vt 0.345491 0.586286
vt 0.654508 0.604274
vt 0.904508 0.650571
vt 1.000000 0.650571
vt 0.653757 0.650728
vt 0.153428 0.650571
vt 0.000000 0.650571
vt 0.095491 0.650571
vt 0.345491 0.650571
vt 0.904508 0.714857
vt 1.000000 0.714857
vt 0.654508 0.714857
vt 0.095491 0.777617
vt 0.000000 0.714857
vt 0.095491 0.749377
vt 0.345491 0.714857
vt 0.904508 0.779143
vt 1.000000 0.779143
vt 0.654508 0.803662
vt 0.345491 0.795300
vt 0.000000 0.779143
vt 0.345491 0.779143
vt 0.654508 0.779143
vt 0.904508 0.843429
vt 1.000000 0.843429
vt 0.095491 0.881876
vt 0.000000 0.843429
vt 0.095491 0.843429
vt 0.345491 0.843429
vt 0.654508 0.843429
vt 0.894008 0.907714
vt 1.000000 0.907714
vt 0.345491 0.916773
vt 0.000000 0.907714
vt 0.095491 0.907714
vt 0.345491 0.959596
vt 0.654508 0.951628
vt 0.904508 0.913322
vt 0.904508 0.972000
vt 1.000000 0.972000
vt 0.654508 0.972000
vt 0.000000 0.972000
vt 0.095491 0.972000
vt 0.682734 1.036286
vt 1.000000 1.036286
vt 0.345491 1.045667
vt 0.095491 1.036286
vt 0.000000 1.098093
vt 0.095491 1.051091
vt 0.345491 1.036286
vt 0.654508 1.036286
vt 0.904508 1.036286
vt 0.648610 1.154596
vt 1.000000 1.100571
vt 0.095491 1.100571
vt 0.345491 1.100571
vt 0.871545 1.100571
vt 1.000000 1.164857
vt 0.345491 1.182657
vt 0.033622 1.164857
vt 0.095491 1.196986
vt 0.345491 1.182890
vt 0.654508 1.184432
vt 0.904508 1.180160
vt 0.705081 1.229143
vt 1.000000 1.229143
vt 0.095492 1.234303
vt 0.000000 1.229143
vt 0.904508 1.350974
vt 1.000000 1.321558
vt 0.654508 1.339719
vt 0.345491 1.326765
vt 0.000000 1.293429
vt 0.095491 1.293429
vt 0.360387 1.293429
vt 0.904508 1.293429
vt 0.095491 1.410402
vt 0.000000 1.375825
vt 0.095491 1.357714
vt 0.568599 1.357714
vt 0.904508 1.357714
vt 0.904508 1.483651
vt 0.905753 1.422000
vt 0.654508 1.467416
vt 0.345491 1.422000
vt 0.095491 1.422000
vt 0.345491 1.425848
vt 0.654508 1.422000
vt 0.922803 1.486286
vt 0.345491 1.486286
vt 0.095491 1.486286
vt 0.000000 1.530379
vt 0.096816 1.533741
vt 0.654508 1.524986
vt 0.991201 1.590518
vt 0.568993 1.663530
vt 0.345491 1.575559
vt 0.095491 1.593397
vt 0.000000 1.635705
vt 0.233864 1.614857
vt 0.654508 1.626772
vt 0.975559 1.731768
vt 0.227049 1.685014
vt 0.196802 1.743429
vt 0.322254 1.786228
vt 0.838237 1.807714
vt 0.502885 1.871317
vt 0.355210 0.144000
vt 0.841290 0.253305
vt 1.000000 0.208286
vt 0.345491 0.267921
vt 0.042155 0.208286
vt 0.095491 0.208286
vt 0.345491 0.208286
vt 0.654508 0.208286
vt 0.904508 0.208286
vt 1.000000 0.280795
vt 0.095491 0.284704
vt 0.000000 0.272571
vt 0.095491 0.272571
vt 0.345491 0.272571
vt 0.654508 0.310798
vt 0.904508 0.272571
vt 0.655883 0.400789
vt 0.654508 0.336857
vt 0.345491 0.336857
vt 0.000000 0.336857
vt 0.095491 0.336857
vt 0.904508 0.336857
vt 0.988659 0.401143
vt 0.345491 0.401143
vt 0.095491 0.401143
vt 0.000000 0.439921
vt 0.095491 0.440700
vt 0.532193 0.401143
vt 0.904508 0.452429
vt 0.654508 0.465429
vt 0.988029 0.465429
vt 0.221487 0.465429
vt 0.345491 0.465429
vt 0.654508 0.583717
vt 0.976040 0.529714
vt 0.345491 0.558126
vt 0.095491 0.529714
vt 0.000000 0.587863
vt 0.345491 0.584241
vt 0.654508 0.529714
vt 0.916017 0.537462
vt 0.904508 0.594000
vt 0.095491 0.610028
vt 0.095491 0.594000
vt 0.654508 0.594000
vt 0.904508 0.603172
vt 0.904508 0.658286
vt 1.000000 0.658286
vt 0.654508 0.658286
vt 0.345491 0.658286
vt 0.000000 0.712868
vt 0.095491 0.658286
vt 0.904508 0.722571
vt 0.920794 0.722571
vt 0.654508 0.722571
vt 0.345491 0.722571
vt 0.095491 0.744208
vt 0.095491 0.725637
vt 0.904508 0.841459
vt 1.000000 0.786857
vt 0.654508 0.786857
vt 0.345491 0.786857
vt 0.000000 0.786857
vt 0.904508 0.786857
vt 1.000000 0.851143
vt 0.654508 0.902633
vt 0.345491 0.861997
vt 0.095491 0.858488
vt 0.000000 0.851143
vt 0.095491 0.851143
vt 0.345491 0.851143
vt 0.654508 0.851143
vt 0.904508 0.851143
vt 0.904508 0.915429
vt 1.000000 0.915429
vt 0.000000 0.915429
vt 0.095491 0.915429
vt 0.345491 0.915429
vt 0.745406 0.915429
vt 0.842957 0.979714
vt 1.000000 1.014221
vt 0.345491 0.979714
vt 0.095491 0.979714
vt 0.000000 0.979714
vt 0.654508 1.028868
vt 0.904508 1.025120
vt 0.904508 1.044000
vt 0.654508 1.044000
vt 0.345491 1.055374
vt 0.095492 1.058966
vt 0.000000 1.049420
vt 0.095491 1.044000
vt 0.345491 1.077268
vt 0.904508 1.125128
vt 1.000000 1.108286
vt 0.654508 1.148883
vt 0.095491 1.108286
vt 0.654508 1.160394
vt 0.904508 1.108286
vt 1.000000 1.172571
vt 0.345491 1.172571
vt 0.095491 1.172571
vt 0.000000 1.172571
vt 0.904508 1.172571
vt 0.990695 1.236857
vt 0.654508 1.297373
vt 0.345491 1.282898
vt 0.095491 1.236857
vt 0.000000 1.236857
vt 0.345491 1.337008
vt 0.904508 1.256209
vt 0.904508 1.303944
vt 1.000000 1.315850
vt 0.095491 1.314834
vt 0.000000 1.301143
vt 0.095491 1.337443
vt 0.654508 1.359913
vt 0.345491 1.404757
vt 0.000000 1.365429
vt 0.904508 1.365429
vt 0.904508 1.439476
vt 1.000000 1.481272
vt 0.654508 1.433728
vt 0.095491 1.429714
vt 0.000000 1.429714
vt 0.225107 1.429714
vt 0.654508 1.429714
vt 0.904508 1.429714
vt 0.345491 1.540044
vt 0.095491 1.513400
vt 0.000000 1.494000
vt 0.221600 1.494000
vt 0.654508 1.494000
vt 0.904508 1.494000
vt 0.904508 1.597631
vt 1.000000 1.578410
vt 0.654508 1.558286
vt 0.000000 1.591979
vt 0.330548 1.598520
vt 0.654508 1.592729
vt 0.904509 1.583734
vt 0.562158 1.622571
vt 0.095491 1.644255
vt 0.316707 1.721427
vt 0.904508 1.729853
vt 1.000000 1.721127
vt 0.500986 1.709714
vt 0.199301 1.798620
vt 0.654508 1.709064
vt 0.904508 1.737464
vt 0.831918 1.837716
vt 0.886302 1.866736
vt 0.357670 1.855382
vt 0.496373 1.943933
vt 0.523252 0.216000
vt 0.654508 0.412572
vt 0.980672 0.283449
vt 0.345491 0.320786
vt 0.016613 0.280286
vt 0.095491 0.280286
vt 0.463674 0.284930
vt 0.904508 0.280286
vt 0.095491 0.399082
vt 0.000000 0.344571
vt 0.095491 0.344571
vt 0.489699 0.374571
vt 0.904508 0.388334
vt 1.000000 0.366045
vt 0.904508 0.408857
vt 0.345491 0.408857
vt 0.000000 0.411172
vt 0.095491 0.414388
vt 0.630289 0.468105
vt 0.904508 0.523333
vt 1.000000 0.473143
vt 0.240290 0.473143
vt 0.345491 0.473143
vt 0.904508 0.473143
vt 0.921652 0.537429
vt 0.654508 0.537429
vt 0.345491 0.537429
vt 0.095491 0.537429
vt 0.000000 0.549774
vt 0.095491 0.546605
vt 0.345491 0.547823
vt 0.904508 0.601714
vt 0.967609 0.601714
vt 0.654508 0.659265
vt 0.345491 0.611462
vt 0.095491 0.601714
vt 0.654508 0.659856
vt 0.904508 0.666000
vt 1.000000 0.666000
vt 0.095491 0.718394
vt 0.000000 0.666000
vt 0.095491 0.666000
vt 0.345491 0.666000
vt 0.904508 0.699151
vt 0.904508 0.733777
vt 1.000000 0.734190
vt 0.654508 0.730286
vt 0.345491 0.730286
vt 0.000000 0.730286
vt 0.095491 0.730286
vt 0.654508 0.794571
vt 0.345491 0.794571
vt 0.095491 0.794571
vt 0.000000 0.837060
vt 0.095491 0.837312
vt 0.904508 0.820989
vt 0.904508 0.909045
vt 1.000000 0.858857
vt 0.654508 0.868700
vt 0.345491 0.858857
vt 0.095491 0.858857
vt 0.345491 0.916735
vt 0.654508 0.858857
vt 1.000000 0.923143
vt 0.345491 0.954949
vt 0.095492 0.942488
vt 0.000000 0.942105
vt 0.095491 0.923143
vt 0.654508 0.963708
vt 0.904508 0.923143
vt 0.904508 0.987429
vt 1.000000 0.987429
vt 0.654508 0.987429
vt 0.095491 0.987429
vt 0.345491 0.987429
vt 0.904508 1.051714
vt 1.000000 1.108239
vt 0.654508 1.051714
vt 0.345491 1.051714
vt 0.095491 1.051714
vt 0.000000 1.051714
vt 0.877988 1.051714
vt 0.904508 1.116000
vt 0.654508 1.126408
vt 0.345491 1.116000
vt 0.088433 1.116000
vt 0.095491 1.128845
vt 0.609208 1.117434
vt 0.904508 1.131145
vt 0.904508 1.180286
vt 1.000000 1.180286
vt 0.345491 1.180286
vt 0.058992 1.180286
vt 0.345491 1.235016
vt 0.904508 1.244571
vt 1.000000 1.244571
vt 0.654508 1.278988
vt 0.345491 1.264650
vt 0.095491 1.256063
vt 0.000000 1.244571
vt 0.095491 1.244571
vt 0.654508 1.244571
vt 0.904508 1.308857
vt 1.000000 1.308857
vt 0.000000 1.308857
vt 0.095491 1.308857
vt 0.345491 1.308857
vt 0.654508 1.308857
vt 0.904508 1.384049
vt 1.000000 1.373143
vt 0.654508 1.416776
vt 0.310775 1.373143
vt 0.000000 1.393839
vt 0.095491 1.373143
vt 0.345492 1.399179
vt 0.654508 1.411869
vt 0.904508 1.429160
vt 1.000000 1.437429
vt 0.261513 1.437428
vt 0.095491 1.477275
vt 0.904508 1.529888
vt 1.000000 1.501714
vt 0.345491 1.521773
vt 0.095491 1.501714
vt 0.000000 1.501714
vt 0.345491 1.501714
vt 0.654508 1.501714
vt 0.904508 1.501714
vt 1.000000 1.566000
vt 0.585604 1.625770
vt 0.095491 1.566000
vt 0.000000 1.566000
vt 0.345491 1.584195
vt 0.654508 1.578217
vt 0.904508 1.568918
vt 0.904508 1.679215
vt 1.000000 1.671248
vt 0.095491 1.676770
vt 0.035488 1.630286
vt 0.567299 1.694571
vt 0.083068 1.700294
vt 0.654508 1.727085
vt 0.904508 1.713166
vt 0.846284 1.758857
vt 1.000000 1.800311
vt 0.345491 1.764543
vt 0.060529 1.783004
vt 0.345491 1.815840
vt 0.846206 1.864249
vt 0.095491 1.851448
vt 0.876891 1.875313
vt 0.971271 1.914646
vt 0.447469 2.016036
vt 0.026072 1.926748
vt 0.601031 1.910111
vt 0.443646 0.288000
vt 0.654508 0.383279
vt 0.929876 0.373703
vt 0.345491 0.352286
vt 0.095491 0.384511
vt 0.000000 0.363022
vt 0.091528 0.352862
vt 0.487415 0.354421
vt 0.904508 0.359313
vt 0.300486 0.428144
vt 1.000000 0.426327
vt 0.904508 0.528318
vt 0.654508 0.532564
vt 0.345491 0.509199
vt 0.000000 0.523280
vt 0.262769 0.480857
vt 0.654508 0.480857
vt 0.904508 0.480857
vt 1.000000 0.545143
vt 0.095491 0.545143
vt 0.306265 0.545143
vt 0.654508 0.545143
vt 0.904508 0.545143
vt 0.904508 0.647600
vt 1.000000 0.609429
vt 0.654508 0.645808
vt 0.345491 0.609429
vt 0.095491 0.609429
vt 0.000000 0.609429
vt 0.095491 0.635978
vt 0.345491 0.651469
vt 0.654508 0.642319
vt 0.904508 0.609429
vt 1.000000 0.673714
vt 0.345491 0.673714
vt 0.095491 0.673714
vt 0.000000 0.673714
vt 0.904508 0.673714
vt 0.904508 0.738000
vt 1.000000 0.738000
vt 0.654508 0.738000
vt 0.345491 0.738000
vt 0.095491 0.738000
vt 0.000000 0.738000
vt 0.904508 0.798922
vt 0.904508 0.804017
vt 1.000000 0.802286
vt 0.654508 0.802286
vt 0.345491 0.802286
vt 0.095491 0.802286
vt 0.086506 0.802286
vt 1.000000 0.866571
vt 0.654508 0.919571
vt 0.345491 0.866571
vt 0.095491 0.866571
vt 0.082651 0.866571
vt 0.654508 0.866571
vt 0.904508 0.866571
vt 0.904508 0.930857
vt 1.000000 0.961154
vt 0.345491 0.950635
vt 0.095491 0.930857
vt 0.000000 0.930857
vt 0.345491 0.991599
vt 0.654508 0.947975
vt 0.904508 0.938244
vt 0.904508 0.995143
vt 0.654508 0.995143
vt 0.015685 0.995143
vt 0.095491 0.995143
vt 0.904508 1.059429
vt 1.000000 1.070649
vt 0.654508 1.059429
vt 0.345491 1.059429
vt 0.001358 1.059429
vt 0.095491 1.059429
vt 0.904508 1.180256
vt 0.654508 1.123714
vt 0.345491 1.123714
vt 0.002389 1.168311
vt 0.095491 1.123714
vt 0.904508 1.123714
vt 1.000000 1.188000
vt 0.654508 1.213547
vt 0.256727 1.188000
vt 0.095491 1.227719
vt 0.345491 1.215444
vt 0.654508 1.207013
vt 0.904508 1.225011
vt 0.904508 1.252286
vt 1.000000 1.252286
vt 0.120125 1.253430
vt 0.000000 1.252286
vt 0.904508 1.316571
vt 1.000000 1.316571
vt 0.654508 1.316571
vt 0.345491 1.372753
vt 0.000000 1.316571
vt 0.095491 1.316571
vt 0.345491 1.374557
vt 0.904508 1.380857
vt 1.000000 1.381881
vt 0.654508 1.380857
vt 0.095491 1.400324
vt 0.000000 1.380857
vt 0.095491 1.380857
vt 0.904508 1.393424
vt 0.904508 1.445143
vt 0.654508 1.445143
vt 0.345491 1.445143
vt 0.000000 1.445143
vt 0.095491 1.445143
vt 0.654508 1.462265
vt 0.904508 1.553535
vt 1.000000 1.509429
vt 0.430605 1.509429
vt 0.095491 1.528131
vt 0.000000 1.557321
vt 0.095491 1.547101
vt 0.345491 1.509429
vt 0.904508 1.509429
vt 1.000000 1.573714
vt 0.414957 1.573714
vt 0.345491 1.621072
vt 0.904508 1.592171
vt 0.904508 1.638000
vt 1.000000 1.660926
vt 0.425617 1.652423
vt 0.095491 1.638000
vt 0.025865 1.638000
vt 0.654508 1.661622
vt 0.860287 1.702286
vt 0.095491 1.761130
vt 0.000000 1.751006
vt 0.095491 1.702286
vt 0.345491 1.711143
vt 0.904508 1.733394
vt 0.739683 1.766571
vt 1.000000 1.804482
vt 0.345491 1.793334
vt 0.095491 1.781209
vt 0.733695 1.800173
vt 0.679785 1.830857
vt 0.084975 1.857386
vt 0.998406 1.909813
vt 0.298553 2.027732
vt 0.044748 1.947145
vt 0.365915 1.929230
vt 0.894357 1.895143
vt 0.904508 1.970441
vt 0.545337 2.086748
s 1
f 1/1/1 25/2/2 26/3/3
f 2/4/4 26/3/3 27/5/5
f 3/6/6 27/5/5 28/7/7
f 4/8/8 28/7/7 29/9/9
f 5/10/10 29/9/9 30/11/11
f 6/12/12 30/11/11 31/13/13
f 7/14/14 31/13/13 32/15/15
f 8/16/16 32/15/15 33/17/17
f 9/18/18 33/17/17 34/19/19
f 10/20/20 34/19/19 35/21/21
f 11/22/22 35/21/21 36/23/23
f 12/24/24 36/23/23 37/25/25
f 14/26/26 13/27/27 38/28/28
f 15/29/29 38/28/28 39/30/30
f 16/31/31 39/30/30 40/32/32
f 17/33/33 40/32/32 41/34/34
f 18/35/35 41/34/34 42/36/36
f 19/37/37 42/36/36 43/38/38
f 20/39/39 43/38/38 44/40/40
f 21/41/41 44/40/40 45/42/42
f 22/43/43 45/42/42 46/44/44
f 23/45/45 46/44/44 47/46/46
f 24/47/47 47/46/46 48/48/48
f 25/2/2 49/49/49 26/3/3
f 26/3/3 49/49/49 50/50/50
f 26/3/3 50/50/50 27/5/5
f 27/5/5 50/50/50 28/7/7
f 29/9/9 28/7/7 51/51/51
f 29/9/9 51/51/51 30/11/11
f 30/11/11 51/51/51 31/13/13
f 31/13/13 51/51/51 52/52/52
f 31/13/13 52/52/52 32/15/15
f 32/15/15 52/52/52 33/17/17
f 34/19/19 33/17/17 53/53/53
f 34/19/19 53/53/53 35/21/21
f 35/21/21 53/53/53 54/54/54
f 35/21/21 54/54/54 36/23/23
f 36/23/23 54/54/54 37/25/25
f 37/25/25 54/54/54 55/55/55
f 37/25/25 55/55/55 13/27/27
f 13/27/27 55/55/55 38/28/28
f 38/28/28 55/55/55 56/56/56
f 38/28/28 56/56/56 39/30/30
f 39/30/30 56/56/56 57/57/57
f 39/30/30 57/57/57 40/32/32
f 40/32/32 57/57/57 41/34/34
f 41/34/34 57/57/57 58/58/58
f 41/34/34 58/58/58 42/36/36
f 42/36/36 58/58/58 43/38/38
f 43/38/38 58/58/58 59/59/59
f 43/38/38 59/59/59 44/40/40
f 44/40/40 59/59/59 60/60/60
f 44/40/40 60/60/60 45/42/42
f 45/42/42 60/60/60 46/44/44
f 47/46/46 46/44/44 61/61/61
f 47/46/46 61/61/61 48/48/48
f 48/48/48 61/61/61 62/62/62
f 49/49/49 63/63/63 50/50/50
f 50/50/50 63/63/63 64/64/64
f 50/50/50 64/64/64 28/7/7
f 28/7/7 64/64/64 65/65/65
f 28/7/7 65/65/65 51/51/51
f 51/51/51 65/65/65 66/66/66
f 51/51/51 66/66/66 67/67/67
f 51/51/51 67/67/67 52/52/52
f 52/52/52 67/67/67 68/68/68
f 52/52/52 68/68/68 33/17/17
f 33/17/17 68/68/68 69/69/69
f 33/17/17 69/69/69 53/53/53
f 53/53/53 69/69/69 54/54/54
f 54/54/54 69/69/69 70/70/70
f 54/54/54 70/70/70 55/55/55
f 55/55/55 70/70/70 71/71/71
f 55/55/55 71/71/71 72/72/72
f 55/55/55 72/72/72 56/56/56
f 56/56/56 72/72/72 57/57/57
f 57/57/57 72/72/72 73/73/73
f 57/57/57 73/73/73 58/58/58
f 58/58/58 73/73/73 74/74/74
f 58/58/58 74/74/74 75/75/75
f 58/58/58 75/75/75 59/59/59
f 59/59/59 75/75/75 76/76/76
f 59/59/59 76/76/76 60/60/60
f 60/60/60 76/76/76 77/77/77
f 60/60/60 77/77/77 46/44/44
f 46/44/44 77/77/77 78/78/78
f 46/44/44 78/78/78 61/61/61
f 61/61/61 78/78/78 79/79/79
f 61/61/61 79/79/79 62/62/62
f 62/62/62 79/79/79 80/80/80
f 63/63/63 81/81/81 64/64/64
f 64/64/64 81/81/81 82/82/82
f 64/64/64 82/82/82 65/65/65
f 65/65/65 82/82/82 83/83/83
f 65/65/65 83/83/83 66/66/66
f 66/66/66 83/83/83 84/84/84
f 66/66/66 84/84/84 67/67/67
f 67/67/67 84/84/84 85/85/85
f 67/67/67 85/85/85 68/68/68
f 68/68/68 85/85/85 86/86/86
f 68/68/68 86/86/86 69/69/69
f 69/69/69 86/86/86 87/87/87
f 69/69/69 87/87/87 88/88/88
f 69/69/69 88/88/88 70/70/70
f 70/70/70 88/88/88 89/89/89
f 70/70/70 89/89/89 71/71/71
f 71/71/71 89/89/89 90/90/90
f 71/71/71 90/90/90 72/72/72
f 72/72/72 90/90/90 91/91/91
f 72/72/72 91/91/91 92/92/92
f 72/72/72 92/92/92 73/73/73
f 73/73/73 92/92/92 93/93/93
f 73/73/73 93/93/93 74/74/74
f 74/74/74 93/93/93 94/94/94
f 74/74/74 94/94/94 75/75/75
f 75/75/75 94/94/94 95/95/95
f 75/75/75 95/95/95 76/76/76
f 76/76/76 95/95/95 96/96/96
f 76/76/76 96/96/96 77/77/77
f 78/78/78 77/77/77 97/97/97
f 78/78/78 97/97/97 79/79/79
f 79/79/79 97/97/97 98/98/98
f 79/79/79 98/98/98 80/80/80
f 82/82/82 81/81/81 99/99/99
f 82/82/82 99/99/99 100/100/100
f 82/82/82 100/100/100 83/83/83
f 83/83/83 100/100/100 101/101/101
f 83/83/83 101/101/101 84/84/84
f 84/84/84 101/101/101 102/102/102
f 84/84/84 102/102/102 85/85/85
f 86/86/86 85/85/85 103/103/103
f 86/86/86 103/103/103 87/87/87
f 87/87/87 103/103/103 104/104/104
f 87/87/87 104/104/104 88/88/88
f 88/88/88 104/104/104 105/105/105
f 88/88/88 105/105/105 89/89/89
f 90/90/90 89/89/89 106/106/106
f 90/90/90 106/106/106 91/91/91
f 91/91/91 106/106/106 107/107/107
f 91/91/91 107/107/107 92/92/92
f 92/92/92 107/107/107 108/108/108
f 92/92/92 108/108/108 93/93/93
f 93/93/93 108/108/108 109/109/109
f 93/93/93 109/109/109 94/94/94
f 94/94/94 109/109/109 110/110/110
f 94/94/94 110/110/110 95/95/95
f 95/95/95 110/110/110 111/111/111
f 95/95/95 111/111/111 96/96/96
f 96/96/96 111/111/111 112/112/112
f 96/96/96 112/112/112 77/77/77
f 77/77/77 112/112/112 113/113/113
f 77/77/77 113/113/113 97/97/97
f 97/97/97 113/113/113 114/114/114
f 97/97/97 114/114/114 98/98/98
f 98/98/98 114/114/114 115/115/115
f 98/98/98 115/115/115 116/116/116
f 81/81/81 117/117/117 99/99/99
f 99/99/99 117/117/117 118/118/118
f 99/99/99 118/118/118 100/100/100
f 100/100/100 118/118/118 119/119/119
f 100/100/100 119/119/119 101/101/101
f 101/101/101 119/119/119 120/120/120
f 101/101/101 120/120/120 102/102/102
f 102/102/102 120/120/120 121/121/121
f 102/102/102 121/121/121 85/85/85
f 85/85/85 121/121/121 122/122/122
f 85/85/85 122/122/122 103/103/103
f 103/103/103 122/122/122 123/123/123
f 103/103/103 123/123/123 104/104/104
f 104/104/104 123/123/123 124/124/124
f 104/104/104 124/124/124 105/105/105
f 105/105/105 124/124/124 125/125/125
f 105/105/105 125/125/125 89/89/89
f 89/89/89 125/125/125 126/126/126
f 89/89/89 126/126/126 106/106/106
f 106/106/106 126/126/126 127/127/127
f 106/106/106 127/127/127 107/107/107
f 107/107/107 127/127/127 128/128/128
f 107/107/107 128/128/128 108/108/108
f 109/109/109 108/108/108 129/129/129
f 109/109/109 129/129/129 110/110/110
f 110/110/110 129/129/129 130/130/130
f 110/110/110 130/130/130 111/111/111
f 111/111/111 130/130/130 131/131/131
f 111/111/111 131/131/131 112/112/112
f 112/112/112 131/131/131 132/132/132
f 112/112/112 132/132/132 113/113/113
f 113/113/113 132/132/132 133/133/133
f 113/113/113 133/133/133 114/114/114
f 114/114/114 133/133/133 134/134/134
f 114/114/114 134/134/134 115/115/115
f 115/115/115 134/134/134 116/116/116
f 116/116/116 134/134/134 135/135/135
f 117/117/117 136/136/136 118/118/118
f 118/118/118 136/136/136 137/137/137
f 118/118/118 137/137/137 119/119/119
f 119/119/119 137/137/137 138/138/138
f 119/119/119 138/138/138 120/120/120
f 120/120/120 138/138/138 139/139/139
f 120/120/120 139/139/139 121/121/121
f 121/121/121 139/139/139 140/140/140
f 121/121/121 140/140/140 122/122/122
f 122/122/122 140/140/140 141/141/141
f 122/122/122 141/141/141 123/123/123
f 123/123/123 141/141/141 142/142/142
f 123/123/123 142/142/142 124/124/124
f 124/124/124 142/142/142 143/143/143
f 124/124/124 143/143/143 125/125/125
f 125/125/125 143/143/143 144/144/144
f 125/125/125 144/144/144 126/126/126
f 126/126/126 144/144/144 145/145/145
f 126/126/126 145/145/145 127/127/127
f 127/127/127 145/145/145 146/146/146
f 127/127/127 146/146/146 128/128/128
f 128/128/128 146/146/146 147/147/147
f 128/128/128 147/147/147 108/108/108
f 108/108/108 147/147/147 148/148/148
f 108/108/108 148/148/148 129/129/129
f 129/129/129 148/148/148 149/149/149
f 129/129/129 149/149/149 130/130/130
f 130/130/130 149/149/149 150/150/150
f 130/130/130 150/150/150 131/131/131
f 131/131/131 150/150/150 151/151/151
f 131/131/131 151/151/151 132/132/132
f 132/132/132 151/151/151 152/152/152
f 132/132/132 152/152/152 133/133/133
f 134/134/134 133/133/133 153/153/153
f 134/134/134 153/153/153 135/135/135
f 135/135/135 153/153/153 154/154/154
f 136/136/136 155/155/155 137/137/137
f 138/138/138 137/137/137 156/156/156
f 138/138/138 156/156/156 139/139/139
f 139/139/139 156/156/156 157/157/157
f 139/139/139 157/157/157 140/140/140
f 140/140/140 157/157/157 158/158/158
f 140/140/140 158/158/158 141/141/141
f 142/142/142 141/141/141 159/159/159
f 142/142/142 159/159/159 143/143/143
f 143/143/143 159/159/159 160/160/160
f 143/143/143 160/160/160 144/144/144
f 144/144/144 160/160/160 161/161/161
f 144/144/144 161/161/161 145/145/145
f 145/145/145 161/161/161 162/162/162
f 145/145/145 162/162/162 146/146/146
f 146/146/146 162/162/162 163/163/163
f 146/146/146 163/163/163 147/147/147
f 147/147/147 163/163/163 148/148/148
f 148/148/148 163/163/163 164/164/164
f 148/148/148 164/164/164 149/149/149
f 149/149/149 164/164/164 165/165/165
f 149/149/149 165/165/165 150/150/150
f 150/150/150 165/165/165 166/166/166
f 150/150/150 166/166/166 151/151/151
f 151/151/151 166/166/166 167/167/167
f 151/151/151 167/167/167 152/152/152
f 152/152/152 167/167/167 168/168/168
f 152/152/152 168/168/168 133/133/133
f 133/133/133 168/168/168 169/169/169
f 133/133/133 169/169/169 153/153/153
f 153/153/153 169/169/169 170/170/170
f 153/153/153 170/170/170 154/154/154
f 154/154/154 170/170/170 171/171/171
f 155/155/155 172/172/172 137/137/137
f 137/137/137 172/172/172 173/173/173
f 137/137/137 173/173/173 156/156/156
f 156/156/156 173/173/173 174/174/174
f 156/156/156 174/174/174 157/157/157
f 157/157/157 174/174/174 158/158/158
f 158/158/158 174/174/174 175/175/175
f 158/158/158 175/175/175 141/141/141
f 141/141/141 175/175/175 176/176/176
f 141/141/141 176/176/176 159/159/159
f 159/159/159 176/176/176 177/177/177
f 159/159/159 177/177/177 160/160/160
f 160/160/160 177/177/177 178/178/178
f 160/160/160 178/178/178 161/161/161
f 162/162/162 161/161/161 179/179/179
f 162/162/162 179/179/179 163/163/163
f 163/163/163 179/179/179 180/180/180
f 163/163/163 180/180/180 181/181/181
f 163/163/163 181/181/181 164/164/164
f 165/165/165 164/164/164 182/182/182
f 165/165/165 182/182/182 166/166/166
f 166/166/166 182/182/182 183/183/183
f 166/166/166 183/183/183 167/167/167
f 167/167/167 183/183/183 184/184/184
f 167/167/167 184/184/184 168/168/168
f 168/168/168 184/184/184 185/185/185
f 168/168/168 185/185/185 169/169/169
f 169/169/169 185/185/185 186/186/186
f 169/169/169 186/186/186 170/170/170
f 170/170/170 186/186/186 171/171/171
f 171/171/171 186/186/186 187/187/187
f 172/172/172 188/188/188 173/173/173
f 173/173/173 188/188/188 189/189/189
f 173/173/173 189/189/189 174/174/174
f 174/174/174 189/189/189 190/190/190
f 174/174/174 190/190/190 191/191/191
f 174/174/174 191/191/191 175/175/175
f 175/175/175 191/191/191 192/192/192
f 175/175/175 192/192/192 176/176/176
f 176/176/176 192/192/192 193/193/193
f 176/176/176 193/193/193 177/177/177
f 177/177/177 193/193/193 178/178/178
f 178/178/178 193/193/193 194/194/194
f 178/178/178 194/194/194 161/161/161
f 161/161/161 194/194/194 195/195/195
f 161/161/161 195/195/195 179/179/179
f 179/179/179 195/195/195 196/196/196
f 179/179/179 196/196/196 180/180/180
f 180/180/180 196/196/196 181/181/181
f 181/181/181 196/196/196 197/197/197
f 181/181/181 197/197/197 164/164/164
f 164/164/164 197/197/197 198/198/198
f 164/164/164 198/198/198 182/182/182
f 182/182/182 198/198/198 199/199/199
f 182/182/182 199/199/199 183/183/183
f 183/183/183 199/199/199 200/200/200
f 183/183/183 200/200/200 184/184/184
f 184/184/184 200/200/200 185/185/185
f 185/185/185 200/200/200 201/201/201
f 185/185/185 201/201/201 186/186/186
f 186/186/186 201/201/201 202/202/202
f 186/186/186 202/202/202 187/187/187
f 189/189/189 188/188/188 203/203/203
f 189/189/189 203/203/203 204/204/204
f 189/189/189 204/204/204 190/190/190
f 190/190/190 204/204/204 205/205/205
f 190/190/190 205/205/205 191/191/191
f 192/192/192 191/191/191 206/206/206
f 192/192/192 206/206/206 207/207/207
f 192/192/192 207/207/207 193/193/193
f 193/193/193 207/207/207 208/208/208
f 193/193/193 208/208/208 209/209/209
f 193/193/193 209/209/209 194/194/194
f 195/195/195 194/194/194 210/210/210
f 195/195/195 210/210/210 211/211/211
f 195/195/195 211/211/211 196/196/196
f 196/196/196 211/211/211 212/212/212
f 196/196/196 212/212/212 213/213/213
f 196/196/196 213/213/213 197/197/197
f 198/198/198 197/197/197 214/214/214
f 198/198/198 214/214/214 215/215/215
f 198/198/198 215/215/215 199/199/199
f 199/199/199 215/215/215 216/216/216
f 199/199/199 216/216/216 200/200/200
f 200/200/200 216/216/216 217/217/217
f 200/200/200 217/217/217 218/218/218
f 200/200/200 218/218/218 201/201/201
f 201/201/201 218/218/218 219/219/219
f 201/201/201 219/219/219 220/220/220
f 201/201/201 220/220/220 202/202/202
f 202/202/202 220/220/220 221/221/221
f 202/202/202 221/221/221 222/222/222
f 202/202/202 222/222/222 187/187/187
f 187/187/187 222/222/222 223/223/223
f 188/188/188 224/224/224 203/203/203
f 203/203/203 225/225/225 204/204/204
f 204/204/204 226/226/226 205/205/205
f 205/205/205 227/227/227 191/191/191
f 191/191/191 228/228/228 206/206/206
f 206/206/206 229/229/229 207/207/207
f 207/207/207 230/230/230 208/208/208
f 208/208/208 231/231/231 209/209/209
f 209/209/209 232/232/232 194/194/194
f 194/194/194 233/233/233 210/210/210
f 210/210/210 234/234/234 211/211/211
f 211/211/211 235/235/235 212/212/212
f 212/212/212 236/236/236 213/213/213
f 213/213/213 237/237/237 197/197/197
f 197/197/197 238/238/238 214/214/214
f 214/214/214 239/239/239 215/215/215
f 215/215/215 240/240/240 216/216/216
f 216/216/216 241/241/241 217/217/217
f 217/217/217 242/242/242 218/218/218
f 218/218/218 243/243/243 219/219/219
f 219/219/219 244/244/244 220/220/220
f 220/220/220 245/245/245 221/221/221
f 221/221/221 246/246/246 222/222/222
f 222/222/222 247/247/247 223/223/223
f 248/248/248 250/249/249 249/250/250
f 248/248/248 251/251/251 250/249/249
f 248/248/248 252/252/252 251/251/251
f 248/248/248 253/253/253 252/252/252
f 248/248/248 254/254/254 253/253/253
f 248/248/248 255/252/255 254/254/254
f 248/248/248 256/255/256 255/252/255
f 248/248/248 249/250/250 256/255/256
f 251/251/251 252/252/252 257/256/257
f 252/252/252 253/253/253 258/257/258
f 252/252/252 258/257/258 257/256/257
f 253/253/253 254/254/254 259/258/259
f 253/253/253 259/258/259 258/257/258
f 254/254/254 255/252/255 260/256/260
f 254/254/254 260/256/260 259/258/259
f 255/252/255 256/255/256 261/259/261
f 255/252/255 261/259/261 260/256/260
f 256/255/256 249/250/250 261/259/261
f 249/250/250 250/249/249 263/260/262
f 249/250/250 263/260/262 262/261/263
f 250/249/249 251/251/251 264/262/264
f 250/249/249 264/262/264 263/260/262
f 251/251/251 257/256/257 265/263/265
f 251/251/251 265/263/265 264/262/264
f 257/256/257 258/257/258 266/264/266
f 257/256/257 266/264/266 265/263/265
f 258/257/258 259/258/259 267/265/267
f 258/257/258 267/265/267 266/264/266
f 259/258/259 268/266/268 267/265/267
f 259/258/259 260/256/260 269/267/269
f 259/258/259 269/267/269 268/266/268
f 260/256/260 261/259/261 270/268/270
f 260/256/260 270/268/270 269/267/269
f 261/259/261 271/269/271 270/268/270
f 261/259/261 249/250/250 262/261/263
f 261/259/261 262/261/263 271/269/271
f 262/261/263 263/260/262 272/270/272
f 263/260/262 264/262/264 272/270/272
f 264/262/264 265/263/265 272/270/272
f 266/264/266 267/265/267 273/271/273
f 267/265/267 268/266/268 274/272/274
f 267/265/267 274/272/274 273/271/273
f 268/266/268 269/267/269 275/273/275
f 268/266/268 275/273/275 274/272/274
f 269/267/269 270/268/270 275/273/275
f 262/261/263 272/270/272 277/274/276
f 262/261/263 277/274/276 276/275/277
f 272/270/272 278/276/278 277/274/276
f 272/270/272 265/263/265 279/277/279
f 272/270/272 279/277/279 278/276/278
f 265/263/265 266/264/266 280/278/280
f 265/263/265 280/278/280 279/277/279
f 266/264/266 273/271/273 280/278/280
f 273/271/273 274/272/274 281/279/281
f 274/272/274 275/273/275 282/280/282
f 274/272/274 282/280/282 281/279/281
f 275/273/275 270/268/270 283/281/283
f 275/273/275 283/281/283 282/280/282
f 270/268/270 271/269/271 284/282/284
f 270/268/270 284/282/284 283/281/283
f 271/269/271 262/261/263 276/275/277
f 271/269/271 276/275/277 284/282/284
f 277/274/276 278/276/278 285/283/285
f 278/276/278 279/277/279 285/283/285
f 280/278/280 273/271/273 286/284/286
f 273/271/273 281/279/281 287/285/287
f 273/271/273 287/285/287 286/284/286
f 281/279/281 282/280/282 288/286/288
f 281/279/281 288/286/288 287/285/287
f 282/280/282 283/281/283 289/283/289
f 282/280/282 289/283/289 288/286/288
f 284/282/284 276/275/277 283/281/283
f 276/275/277 277/274/276 291/287/290
f 276/275/277 291/287/290 290/288/291
f 277/274/276 285/283/285 292/289/292
f 277/274/276 292/289/292 291/287/290
f 285/283/285 279/277/279 293/290/293
f 285/283/285 293/290/293 292/289/292
f 279/277/279 280/278/280 294/291/294
f 279/277/279 294/291/294 293/290/293
f 280/278/280 286/284/286 295/292/295
f 280/278/280 295/292/295 294/291/294
f 286/284/286 287/285/287 295/292/295
f 287/285/287 288/286/288 296/293/296
f 289/283/289 283/281/283 297/294/297
f 289/283/289 297/294/297 288/286/288
f 283/281/283 276/275/277 290/288/291
f 283/281/283 290/288/291 297/294/297
f 290/288/291 291/287/290 299/295/298
f 290/288/291 299/295/298 298/296/299
f 291/287/290 292/289/292 300/297/300
f 291/287/290 300/297/300 299/295/298
f 292/289/292 293/290/293 301/298/301
f 292/289/292 301/298/301 300/297/300
f 293/290/293 294/291/294 301/298/301
f 294/291/294 295/292/295 302/299/302
f 294/291/294 302/299/302 301/298/301
f 295/292/295 287/285/287 303/300/303
f 295/292/295 303/300/303 302/299/302
f 287/285/287 296/293/296 303/300/303
f 296/293/296 288/286/288 304/301/304
f 288/286/288 297/294/297 304/301/304
f 297/294/297 290/288/291 298/296/299
f 298/296/299 299/295/298 306/302/305
f 298/296/299 306/302/305 305/303/306
f 299/295/298 300/297/300 306/302/305
f 300/297/300 301/298/301 307/304/307
f 301/298/301 302/299/302 308/305/308
f 301/298/301 308/305/308 307/304/307
f 302/299/302 303/300/303 309/306/309
f 302/299/302 309/306/309 308/305/308
f 303/300/303 296/293/296 310/307/310
f 303/300/303 310/307/310 309/306/309
f 296/293/296 304/301/304 310/307/310
f 304/301/304 297/294/297 311/308/311
f 297/294/297 298/296/299 305/303/306
f 297/294/297 305/303/306 311/308/311
f 305/303/306 306/302/305 313/309/312
f 305/303/306 313/309/312 312/310/313
f 306/302/305 300/297/300 314/311/314
f 306/302/305 314/311/314 313/309/312
f 300/297/300 307/304/307 315/312/315
f 300/297/300 315/312/315 314/311/314
f 307/304/307 316/313/316 315/312/315
f 307/304/307 308/305/308 317/314/317
f 307/304/307 317/314/317 316/313/316
f 308/305/308 309/306/309 318/315/318
f 308/305/308 318/315/318 317/314/317
f 309/306/309 310/307/310 319/312/319
f 309/306/309 319/312/319 318/315/318
f 310/307/310 304/301/304 320/316/320
f 310/307/310 320/316/320 319/312/319
f 304/301/304 311/308/311 320/316/320
f 311/308/311 305/303/306 312/310/313
f 312/310/313 313/309/312 321/317/321
f 313/309/312 314/311/314 321/317/321
f 314/311/314 315/312/315 322/318/322
f 315/312/315 316/313/316 322/318/322
f 316/313/316 317/314/317 323/319/323
f 317/314/317 318/315/318 324/320/324
f 317/314/317 324/320/324 323/319/323
f 318/315/318 319/312/319 325/318/325
f 318/315/318 325/318/325 324/320/324
f 319/312/319 320/316/320 326/321/326
f 319/312/319 326/321/326 325/318/325
f 320/316/320 311/308/311 327/317/327
f 320/316/320 327/317/327 326/321/326
f 311/308/311 312/310/313 327/317/327
f 312/310/313 321/317/321 329/322/328
f 312/310/313 329/322/328 328/323/329
f 321/317/321 314/311/314 330/324/330
f 321/317/321 330/324/330 329/322/328
f 314/311/314 322/318/322 331/325/331
f 314/311/314 331/325/331 330/324/330
f 322/318/322 316/313/316 332/326/332
f 322/318/322 332/326/332 331/325/331
f 316/313/316 323/319/323 333/327/333
f 316/313/316 333/327/333 332/326/332
f 323/319/323 324/320/324 334/326/334
f 323/319/323 334/326/334 333/327/333
f 324/320/324 325/318/325 335/325/335
f 324/320/324 335/325/335 334/326/334
f 325/318/325 326/321/326 335/325/335
f 326/321/326 327/317/327 336/322/336
f 327/317/327 312/310/313 328/323/329
f 327/317/327 328/323/329 336/322/336
f 328/323/329 329/322/328 338/328/337
f 328/323/329 338/328/337 337/329/338
f 329/322/328 330/324/330 339/330/339
f 329/322/328 339/330/339 338/328/337
f 330/324/330 331/325/331 340/331/340
f 330/324/330 340/331/340 339/330/339
f 331/325/331 332/326/332 341/332/341
f 331/325/331 341/332/341 340/331/340
f 332/326/332 333/327/333 342/333/342
f 332/326/332 342/333/342 341/332/341
f 333/327/333 334/326/334 343/332/343
f 333/327/333 343/332/343 342/333/342
f 334/326/334 335/325/335 344/334/344
f 334/326/334 344/334/344 343/332/343
f 335/325/335 326/321/326 345/335/345
f 335/325/335 345/335/345 344/334/344
f 326/321/326 336/322/336 346/328/346
f 326/321/326 346/328/346 345/335/345
f 336/322/336 328/323/329 337/329/338
f 336/322/336 337/329/338 346/328/346
f 337/329/338 338/328/337 348/336/347
f 337/329/338 348/336/347 347/337/348
f 338/328/337 339/330/339 349/338/349
f 338/328/337 349/338/349 348/336/347
f 339/330/339 340/331/340 350/339/350
f 339/330/339 350/339/350 349/338/349
f 340/331/340 341/332/341 351/340/351
f 340/331/340 351/340/351 350/339/350
f 341/332/341 342/333/342 352/341/352
f 341/332/341 352/341/352 351/340/351
f 342/333/342 343/332/343 353/342/353
f 342/333/342 353/342/353 352/341/352
f 343/332/343 344/334/344 353/342/353
f 345/335/345 346/328/346 354/343/354
f 346/328/346 337/329/338 347/337/348
f 346/328/346 347/337/348 354/343/354
f 347/337/348 348/336/347 356/344/355
f 347/337/348 356/344/355 355/345/356
f 348/336/347 349/338/349 357/346/357
f 348/336/347 357/346/357 356/344/355
f 349/338/349 350/339/350 357/346/357
f 352/341/352 353/342/353 358/347/358
f 353/342/353 344/334/344 359/348/359
f 353/342/353 359/348/359 358/347/358
f 344/334/344 345/335/345 360/349/360
f 344/334/344 360/349/360 359/348/359
f 345/335/345 354/343/354 360/349/360
f 354/343/354 347/337/348 355/345/356
f 355/345/356 356/344/355 362/350/361
f 355/345/356 362/350/361 361/351/362
f 356/344/355 357/346/357 362/350/361
f 350/339/350 351/340/351 363/352/363
f 350/339/350 363/352/363 357/346/357
f 351/340/351 352/341/352 364/353/364
f 351/340/351 364/353/364 363/352/363
f 352/341/352 358/347/358 364/353/364
f 359/348/359 360/349/360 365/354/365
f 360/349/360 354/343/354 366/355/366
f 360/349/360 366/355/366 365/354/365
f 354/343/354 355/345/356 361/351/362
f 354/343/354 361/351/362 366/355/366
f 361/351/362 362/350/361 367/356/367
f 362/350/361 357/346/357 368/357/368
f 362/350/361 368/357/368 367/356/367
f 357/346/357 363/352/363 369/358/369
f 357/346/357 369/358/369 368/357/368
f 363/352/363 364/353/364 369/358/369
f 364/353/364 358/347/358 370/359/370
f 364/353/364 370/359/370 369/358/369
f 358/347/358 359/348/359 371/360/371
f 358/347/358 371/360/371 370/359/370
f 359/348/359 365/354/365 372/361/372
f 359/348/359 372/361/372 371/360/371
f 365/354/365 366/355/366 372/361/372
f 366/355/366 361/351/362 372/361/372
f 361/351/362 367/356/367 374/362/373
f 361/351/362 374/362/373 373/363/374
f 367/356/367 368/357/368 374/362/373
f 368/357/368 369/358/369 375/364/375
f 369/358/369 370/359/370 375/364/375
f 371/360/371 372/361/372 376/365/376
f 372/361/372 377/366/377 376/365/376
f 372/361/372 361/351/362 373/363/374
f 372/361/372 373/363/374 377/366/377
f 373/363/374 374/362/373 378/367/378
f 374/362/373 379/368/379 378/367/378
f 374/362/373 368/357/368 380/369/380
f 374/362/373 380/369/380 379/368/379
f 368/357/368 375/364/375 381/370/381
f 368/357/368 381/370/381 380/369/380
f 375/364/375 382/371/382 381/370/381
f 375/364/375 370/359/370 383/372/383
f 375/364/375 383/372/383 382/371/382
f 370/359/370 371/360/371 384/373/384
f 370/359/370 384/373/384 383/372/383
f 371/360/371 376/365/376 384/373/384
f 376/365/376 377/366/377 385/374/385
f 377/366/377 373/363/374 385/374/385
f 373/363/374 378/367/378 386/375/386
f 381/370/381 382/371/382 387/376/387
f 382/371/382 383/372/383 388/377/388
f 382/371/382 388/377/388 387/376/387
f 383/372/383 384/373/384 389/378/389
f 383/372/383 389/378/389 388/377/388
f 384/373/384 376/365/376 390/379/390
f 384/373/384 390/379/390 389/378/389
f 376/365/376 385/374/385 390/379/390
f 385/374/385 373/363/374 386/375/386
f 378/367/378 379/368/379 391/380/391
f 378/367/378 391/380/391 386/375/386
f 379/368/379 380/369/380 392/381/392
f 379/368/379 392/381/392 391/380/391
f 380/369/380 381/370/381 393/382/393
f 380/369/380 393/382/393 392/381/392
f 381/370/381 387/376/387 393/382/393
f 387/376/387 388/377/388 394/383/394
f 388/377/388 389/378/389 395/384/395
f 388/377/388 395/384/395 394/383/394
f 389/378/389 390/379/390 395/384/395
f 390/379/390 385/374/385 396/385/396
f 385/374/385 386/375/386 396/385/396
f 386/375/386 391/380/391 397/386/397
f 391/380/391 392/381/392 398/387/398
f 392/381/392 393/382/393 398/387/398
f 393/382/393 387/376/387 399/388/399
f 387/376/387 394/383/394 399/388/399
f 395/384/395 390/379/390 400/389/400
f 390/379/390 396/385/396 400/389/400
f 396/385/396 386/375/386 397/386/397
f 397/386/397 391/380/391 402/390/401
f 397/386/397 402/390/401 401/391/402
f 391/380/391 398/387/398 402/390/401
f 398/387/398 393/382/393 403/392/403
f 393/382/393 399/388/399 403/392/403
f 399/388/399 394/383/394 404/393/404
f 394/383/394 395/384/395 405/394/405
f 394/383/394 405/394/405 404/393/404
f 395/384/395 400/389/400 406/395/406
f 395/384/395 406/395/406 405/394/405
f 400/389/400 396/385/396 407/396/407
f 400/389/400 407/396/407 406/395/406
f 396/385/396 397/386/397 401/391/402
f 396/385/396 401/391/402 407/396/407
f 401/391/402 402/390/401 408/397/408
f 402/390/401 398/387/398 412/398/409
f 398/387/398 403/392/403 412/398/409
f 403/392/403 399/388/399 409/399/410
f 399/388/399 404/393/404 410/400/411
f 399/388/399 410/400/411 409/399/410
f 404/393/404 405/394/405 410/400/411
f 405/394/405 406/395/406 410/400/411
f 406/395/406 407/396/407 411/401/412
f 407/396/407 401/391/402 411/401/412
f 401/391/402 408/397/408 411/401/412
f 408/397/408 402/390/401 412/398/409
f 412/398/409 403/392/403 413/402/413
f 403/392/403 409/399/410 414/403/414
f 403/392/403 414/403/414 413/402/413
f 409/399/410 410/400/411 415/404/415
f 409/399/410 415/404/415 414/403/414
f 410/400/411 406/395/406 416/405/416
f 410/400/411 416/405/416 415/404/415
f 406/395/406 411/401/412 416/405/416
f 411/401/412 408/397/408 418/406/417
f 411/401/412 418/406/417 417/407/418
f 408/397/408 412/398/409 418/406/417
f 412/398/409 413/402/413 418/406/417
f 414/403/414 415/404/415 419/408/419
f 416/405/416 411/401/412 417/407/418
f 418/406/417 413/402/413 420/409/420
f 413/402/413 414/403/414 420/409/420
f 414/403/414 419/408/419 420/409/420
f 415/404/415 416/405/416 419/408/419
f 416/405/416 417/407/418 419/408/419
f 417/407/418 418/406/417 421/410/421
f 418/406/417 420/409/420 421/410/421
f 420/409/420 419/408/419 421/410/421
f 419/408/419 417/407/418 421/410/421
f 422/411/422 424/412/423 423/413/424
f 422/411/422 425/414/425 424/412/423
f 422/411/422 426/415/426 425/414/425
f 422/411/422 427/416/427 426/415/426
f 422/411/422 428/417/428 427/416/427
f 422/411/422 429/415/429 428/417/428
f 422/411/422 430/418/430 429/415/429
f 422/411/422 423/413/424 430/418/430
f 423/413/424 424/412/423 431/419/431
f 425/414/425 426/415/426 432/420/432
f 426/415/426 427/416/427 433/421/433
f 426/415/426 433/421/433 432/420/432
f 427/416/427 428/417/428 434/422/434
f 427/416/427 434/422/434 433/421/433
f 428/417/428 435/423/435 434/422/434
f 428/417/428 429/415/429 436/424/436
f 428/417/428 436/424/436 435/423/435
f 429/415/429 430/418/430 437/425/437
f 429/415/429 437/425/437 436/424/436
f 430/418/430 438/426/438 437/425/437
f 430/418/430 423/413/424 431/419/431
f 430/418/430 431/419/431 438/426/438
f 431/419/431 424/412/423 439/427/439
f 424/412/423 425/414/425 439/427/439
f 425/414/425 432/420/432 439/427/439
f 434/422/434 435/423/435 440/428/440
f 435/423/435 436/424/436 441/429/441
f 435/423/435 441/429/441 440/428/440
f 436/424/436 437/425/437 441/429/441
f 437/425/437 438/426/438 442/430/442
f 438/426/438 431/419/431 442/430/442
f 431/419/431 439/427/439 444/431/443
f 431/419/431 444/431/443 443/432/444
f 439/427/439 445/433/445 444/431/443
f 439/427/439 432/420/432 446/434/446
f 439/427/439 446/434/446 445/433/445
f 432/420/432 433/421/433 447/435/447
f 432/420/432 447/435/447 446/434/446
f 433/421/433 434/422/434 447/435/447
f 434/422/434 440/428/440 448/436/448
f 434/422/434 448/436/448 447/435/447
f 440/428/440 441/429/441 449/434/449
f 440/428/440 449/434/449 448/436/448
f 441/429/441 437/425/437 450/437/450
f 441/429/441 450/437/450 449/434/449
f 437/425/437 442/430/442 451/438/451
f 437/425/437 451/438/451 450/437/450
f 442/430/442 431/419/431 443/432/444
f 442/430/442 443/432/444 451/438/451
f 443/432/444 444/431/443 452/439/452
f 444/431/443 445/433/445 453/440/453
f 444/431/443 453/440/453 452/439/452
f 445/433/445 446/434/446 454/441/454
f 445/433/445 454/441/454 453/440/453
f 446/434/446 447/435/447 455/442/455
f 446/434/446 455/442/455 454/441/454
f 447/435/447 448/436/448 456/443/456
f 447/435/447 456/443/456 455/442/455
f 448/436/448 449/434/449 457/444/457
f 448/436/448 457/444/457 456/443/456
f 449/434/449 450/437/450 457/444/457
f 443/432/444 452/439/452 459/445/458
f 443/432/444 459/445/458 458/446/459
f 452/439/452 453/440/453 460/447/460
f 452/439/452 460/447/460 459/445/458
f 453/440/453 454/441/454 460/447/460
f 454/441/454 455/442/455 461/448/461
f 455/442/455 462/449/462 461/448/461
f 455/442/455 456/443/456 462/449/462
f 456/443/456 457/444/457 463/450/463
f 457/444/457 450/437/450 464/451/464
f 457/444/457 464/451/464 463/450/463
f 450/437/450 451/438/451 465/452/465
f 450/437/450 465/452/465 464/451/464
f 451/438/451 443/432/444 458/446/459
f 451/438/451 458/446/459 465/452/465
f 458/446/459 459/445/458 466/453/466
f 460/447/460 454/441/454 467/454/467
f 454/441/454 461/448/461 467/454/467
f 462/449/462 456/443/456 468/455/468
f 462/449/462 468/455/468 461/448/461
f 456/443/456 463/450/463 468/455/468
f 463/450/463 464/451/464 469/456/469
f 464/451/464 465/452/465 469/456/469
f 465/452/465 458/446/459 466/453/466
f 466/453/466 459/445/458 471/457/470
f 466/453/466 471/457/470 470/458/471
f 459/445/458 460/447/460 472/459/472
f 459/445/458 472/459/472 471/457/470
f 460/447/460 467/454/467 473/460/473
f 460/447/460 473/460/473 472/459/472
f 467/454/467 461/448/461 474/461/474
f 467/454/467 474/461/474 473/460/473
f 461/448/461 468/455/468 475/462/475
f 461/448/461 475/462/475 474/461/474
f 468/455/468 463/450/463 476/463/476
f 468/455/468 476/463/476 475/462/475
f 463/450/463 469/456/469 477/464/477
f 463/450/463 477/464/477 476/463/476
f 469/456/469 465/452/465 478/457/478
f 469/456/469 478/457/478 477/464/477
f 465/452/465 466/453/466 470/458/471
f 465/452/465 470/458/471 478/457/478
f 470/458/471 471/457/470 480/465/479
f 470/458/471 480/465/479 479/466/480
f 471/457/470 472/459/472 481/467/481
f 471/457/470 481/467/481 480/465/479
f 472/459/472 473/460/473 482/468/482
f 472/459/472 482/468/482 481/467/481
f 473/460/473 474/461/474 483/469/483
f 473/460/473 483/469/483 482/468/482
f 474/461/474 475/462/475 484/470/484
f 474/461/474 484/470/484 483/469/483
f 475/462/475 476/463/476 485/471/485
f 475/462/475 485/471/485 484/470/484
f 476/463/476 477/464/477 485/471/485
f 477/464/477 478/457/478 486/465/486
f 478/457/478 470/458/471 479/466/480
f 478/457/478 479/466/480 486/465/486
f 479/466/480 480/465/479 488/472/487
f 479/466/480 488/472/487 487/473/488
f 480/465/479 481/467/481 489/474/489
f 480/465/479 489/474/489 488/472/487
f 482/468/482 490/475/490 481/467/481
f 482/468/482 483/469/483 491/476/491
f 482/468/482 491/476/491 490/475/490
f 483/469/483 484/470/484 492/477/492
f 483/469/483 492/477/492 491/476/491
f 484/470/484 485/471/485 493/478/493
f 484/470/484 493/478/493 492/477/492
f 485/471/485 477/464/477 494/474/494
f 485/471/485 494/474/494 493/478/493
f 477/464/477 486/465/486 495/472/495
f 477/464/477 495/472/495 494/474/494
f 486/465/486 479/466/480 487/473/488
f 486/465/486 487/473/488 495/472/495
f 487/473/488 488/472/487 497/479/496
f 487/473/488 497/479/496 496/480/497
f 488/472/487 489/474/489 498/481/498
f 488/472/487 498/481/498 497/479/496
f 489/474/489 481/467/481 499/482/499
f 489/474/489 499/482/499 498/481/498
f 481/467/481 490/475/490 499/482/499
f 490/475/490 491/476/491 500/483/500
f 491/476/491 492/477/492 500/483/500
f 492/477/492 493/478/493 501/484/501
f 493/478/493 494/474/494 502/485/502
f 493/478/493 502/485/502 501/484/501
f 494/474/494 495/472/495 503/479/503
f 494/474/494 503/479/503 502/485/502
f 495/472/495 487/473/488 496/480/497
f 495/472/495 496/480/497 503/479/503
f 496/480/497 497/479/496 505/486/504
f 496/480/497 505/486/504 504/487/505
f 497/479/496 498/481/498 505/486/504
f 499/482/499 490/475/490 506/488/506
f 490/475/490 500/483/500 507/489/507
f 490/475/490 507/489/507 506/488/506
f 500/483/500 492/477/492 508/490/508
f 500/483/500 508/490/508 507/489/507
f 492/477/492 501/484/501 509/491/509
f 492/477/492 509/491/509 508/490/508
f 501/484/501 502/485/502 510/492/510
f 501/484/501 510/492/510 509/491/509
f 502/485/502 503/479/503 511/486/511
f 502/485/502 511/486/511 510/492/510
f 503/479/503 496/480/497 504/487/505
f 503/479/503 504/487/505 511/486/511
f 504/487/505 505/486/504 513/493/512
f 504/487/505 513/493/512 512/494/513
f 505/486/504 498/481/498 513/493/512
f 498/481/498 499/482/499 514/495/514
f 498/481/498 514/495/514 513/493/512
f 499/482/499 506/488/506 514/495/514
f 506/488/506 507/489/507 515/496/515
f 507/489/507 508/490/508 516/497/516
f 507/489/507 516/497/516 515/496/515
f 508/490/508 509/491/509 517/498/517
f 508/490/508 517/498/517 516/497/516
f 509/491/509 510/492/510 518/499/518
f 509/491/509 518/499/518 517/498/517
f 510/492/510 511/486/511 519/500/519
f 510/492/510 519/500/519 518/499/518
f 511/486/511 504/487/505 512/494/513
f 511/486/511 512/494/513 519/500/519
f 512/494/513 513/493/512 521/501/520
f 512/494/513 521/501/520 520/502/521
f 513/493/512 522/503/522 521/501/520
f 513/493/512 514/495/514 522/503/522
f 506/488/506 515/496/515 523/504/523
f 515/496/515 516/497/516 524/505/524
f 515/496/515 524/505/524 523/504/523
f 516/497/516 517/498/517 524/505/524
f 519/500/519 512/494/513 520/502/521
f 520/502/521 521/501/520 526/506/525
f 520/502/521 526/506/525 525/507/526
f 521/501/520 522/503/522 526/506/525
f 522/503/522 514/495/514 527/508/527
f 522/503/522 527/508/527 526/506/525
f 514/495/514 506/488/506 528/509/528
f 514/495/514 528/509/528 527/508/527
f 506/488/506 523/504/523 529/510/529
f 506/488/506 529/510/529 528/509/528
f 523/504/523 524/505/524 530/511/530
f 523/504/523 530/511/530 529/510/529
f 524/505/524 517/498/517 531/512/531
f 524/505/524 531/512/531 530/511/530
f 517/498/517 518/499/518 532/513/532
f 517/498/517 532/513/532 531/512/531
f 518/499/518 519/500/519 533/514/533
f 518/499/518 533/514/533 532/513/532
f 519/500/519 520/502/521 525/507/526
f 519/500/519 525/507/526 533/514/533
f 525/507/526 526/506/525 535/515/534
f 525/507/526 535/515/534 534/516/535
f 526/506/525 527/508/527 535/515/534
f 527/508/527 528/509/528 536/517/536
f 528/509/528 529/510/529 536/517/536
f 530/511/530 531/512/531 537/518/537
f 531/512/531 532/513/532 538/519/538
f 531/512/531 538/519/538 537/518/537
f 532/513/532 533/514/533 538/519/538
f 533/514/533 525/507/526 534/516/535
f 533/514/533 534/516/535 538/519/538
f 534/516/535 535/515/534 539/520/539
f 535/515/534 527/508/527 540/521/540
f 527/508/527 536/517/536 541/522/541
f 527/508/527 541/522/541 540/521/540
f 536/517/536 529/510/529 541/522/541
f 529/510/529 530/511/530 542/523/542
f 529/510/529 542/523/542 541/522/541
f 530/511/530 537/518/537 543/524/543
f 530/511/530 543/524/543 542/523/542
f 537/518/537 538/519/538 544/525/544
f 537/518/537 544/525/544 543/524/543
f 538/519/538 545/526/545 544/525/544
f 538/519/538 534/516/535 539/520/539
f 538/519/538 539/520/539 545/526/545
f 539/520/539 535/515/534 547/527/546
f 539/520/539 547/527/546 546/528/547
f 535/515/534 540/521/540 547/527/546
f 540/521/540 541/522/541 548/529/548
f 541/522/541 549/530/549 548/529/548
f 541/522/541 542/523/542 549/530/549
f 545/526/545 539/520/539 546/528/547
f 546/528/547 547/527/546 551/531/550
f 546/528/547 551/531/550 550/532/551
f 547/527/546 552/533/552 551/531/550
f 547/527/546 540/521/540 553/534/553
f 547/527/546 553/534/553 552/533/552
f 540/521/540 548/529/548 553/534/553
f 548/529/548 549/530/549 554/535/554
f 549/530/549 542/523/542 555/536/555
f 549/530/549 555/536/555 554/535/554
f 542/523/542 543/524/543 556/537/556
f 542/523/542 556/537/556 555/536/555
f 543/524/543 544/525/544 556/537/556
f 544/525/544 545/526/545 557/538/557
f 544/525/544 557/538/557 556/537/556
f 545/526/545 546/528/547 550/532/551
f 545/526/545 550/532/551 557/538/557
f 553/534/553 548/529/548 558/539/558
f 548/529/548 554/535/554 559/540/559
f 548/529/548 559/540/559 558/539/558
f 554/535/554 555/536/555 560/541/560
f 554/535/554 560/541/560 559/540/559
f 555/536/555 556/537/556 561/542/561
f 555/536/555 561/542/561 560/541/560
f 556/537/556 557/538/557 562/543/562
f 556/537/556 562/543/562 561/542/561
f 557/538/557 550/532/551 562/543/562
f 550/532/551 551/531/550 564/544/563
f 550/532/551 564/544/563 563/545/564
f 551/531/550 552/533/552 565/546/565
f 551/531/550 565/546/565 564/544/563
f 552/533/552 553/534/553 566/547/566
f 552/533/552 566/547/566 565/546/565
f 553/534/553 558/539/558 566/547/566
f 559/540/559 560/541/560 567/548/567
f 560/541/560 561/542/561 568/549/568
f 560/541/560 568/549/568 567/548/567
f 561/542/561 569/550/569 568/549/568
f 561/542/561 562/543/562 563/545/564
f 561/542/561 563/545/564 569/550/569
f 562/543/562 550/532/551 563/545/564
f 563/545/564 564/544/563 570/551/570
f 565/546/565 566/547/566 571/552/571
f 566/547/566 558/539/558 572/553/572
f 566/547/566 572/553/572 571/552/571
f 558/539/558 559/540/559 573/554/573
f 558/539/558 573/554/573 572/553/572
f 559/540/559 567/548/567 574/555/574
f 559/540/559 574/555/574 573/554/573
f 567/548/567 568/549/568 574/555/574
f 568/549/568 569/550/569 575/556/575
f 569/550/569 563/545/564 570/551/570
f 569/550/569 570/551/570 575/556/575
f 570/551/570 564/544/563 576/557/576
f 564/544/563 565/546/565 577/558/577
f 565/546/565 571/552/571 578/559/578
f 565/546/565 578/559/578 577/558/577
f 571/552/571 572/553/572 579/560/579
f 571/552/571 579/560/579 578/559/578
f 572/553/572 573/554/573 579/560/579
f 568/549/568 575/556/575 574/555/574
f 575/556/575 570/551/570 576/557/576
f 579/560/579 573/554/573 580/561/580
f 573/554/573 574/555/574 581/562/581
f 573/554/573 581/562/581 580/561/580
f 574/555/574 575/556/575 582/563/582
f 574/555/574 582/563/582 581/562/581
f 575/556/575 576/557/576 582/563/582
f 576/557/576 564/544/563 583/564/583
f 564/544/563 577/558/577 583/564/583
f 578/559/578 579/560/579 577/558/577
f 580/561/580 581/562/581 584/565/584
f 581/562/581 582/563/582 584/565/584
f 583/564/583 577/558/577 585/566/585
f 577/558/577 579/560/579 585/566/585
f 579/560/579 580/561/580 585/566/585
f 584/565/584 582/563/582 586/567/586
f 582/563/582 576/557/576 583/564/583
f 582/563/582 583/564/583 586/567/586
f 583/564/583 585/566/585 587/568/587
f 585/566/585 588/569/588 587/568/587
f 585/566/585 580/561/580 588/569/588
f 580/561/580 584/565/584 588/569/588
f 584/565/584 586/567/586 588/569/588
f 586/567/586 583/564/583 587/568/587
f 586/567/586 587/568/587 588/569/588
f 589/570/589 591/571/590 590/572/591
f 589/570/589 592/573/592 591/571/590
f 589/570/589 593/574/593 592/573/592
f 589/570/589 594/575/594 593/574/593
f 589/570/589 595/576/595 594/575/594
f 589/570/589 596/577/596 595/576/595
f 589/570/589 597/578/597 596/577/596
f 589/570/589 590/572/591 597/578/597
f 590/572/591 591/571/590 598/579/598
f 592/573/592 593/574/593 599/580/599
f 593/574/593 600/581/600 599/580/599
f 593/574/593 594/575/594 601/582/601
f 593/574/593 601/582/601 600/581/600
f 594/575/594 595/576/595 602/583/602
f 594/575/594 602/583/602 601/582/601
f 595/576/595 596/577/596 603/584/603
f 595/576/595 603/584/603 602/583/602
f 596/577/596 597/578/597 604/585/604
f 596/577/596 604/585/604 603/584/603
f 597/578/597 590/572/591 598/579/598
f 597/578/597 598/579/598 604/585/604
f 598/579/598 591/571/590 605/586/605
f 591/571/590 606/587/606 605/586/605
f 591/571/590 592/573/592 607/588/607
f 591/571/590 607/588/607 606/587/606
f 592/573/592 599/580/599 607/588/607
f 599/580/599 600/581/600 608/589/608
f 600/581/600 601/582/601 609/590/609
f 600/581/600 609/590/609 608/589/608
f 601/582/601 602/583/602 610/588/610
f 601/582/601 610/588/610 609/590/609
f 602/583/602 603/584/603 610/588/610
f 603/584/603 604/585/604 611/591/611
f 604/585/604 598/579/598 611/591/611
f 598/579/598 605/586/605 612/592/612
f 606/587/606 607/588/607 613/593/613
f 606/587/606 613/593/613 605/586/605
f 607/588/607 599/580/599 614/594/614
f 607/588/607 614/594/614 613/593/613
f 599/580/599 608/589/608 615/595/615
f 599/580/599 615/595/615 614/594/614
f 608/589/608 609/590/609 616/596/616
f 608/589/608 616/596/616 615/595/615
f 609/590/609 610/588/610 617/597/617
f 609/590/609 617/597/617 616/596/616
f 610/588/610 603/584/603 617/597/617
f 603/584/603 611/591/611 618/598/618
f 603/584/603 618/598/618 617/597/617
f 611/591/611 598/579/598 612/592/612
f 611/591/611 612/592/612 618/598/618
f 612/592/612 605/586/605 620/599/619
f 612/592/612 620/599/619 619/600/620
f 605/586/605 613/593/613 621/601/621
f 605/586/605 621/601/621 620/599/619
f 613/593/613 614/594/614 621/601/621
f 614/594/614 615/595/615 621/601/621
f 616/596/616 617/597/617 622/602/622
f 617/597/617 623/599/623 622/602/622
f 617/597/617 618/598/618 623/599/623
f 618/598/618 612/592/612 619/600/620
f 619/600/620 620/599/619 625/603/624
f 619/600/620 625/603/624 624/604/625
f 620/599/619 621/601/621 626/605/626
f 620/599/619 626/605/626 625/603/624
f 621/601/621 627/606/627 626/605/626
f 621/601/621 615/595/615 628/607/628
f 621/601/621 628/607/628 627/606/627
f 615/595/615 616/596/616 629/606/629
f 615/595/615 629/606/629 628/607/628
f 616/596/616 622/602/622 630/608/630
f 616/596/616 630/608/630 629/606/629
f 622/602/622 623/599/623 631/609/631
f 622/602/622 631/609/631 630/608/630
f 623/599/623 618/598/618 632/610/632
f 623/599/623 632/610/632 631/609/631
f 618/598/618 619/600/620 624/604/625
f 618/598/618 624/604/625 632/610/632
f 624/604/625 633/611/633 632/610/632
f 624/604/625 625/603/624 633/611/633
f 626/605/626 627/606/627 634/612/634
f 627/606/627 628/607/628 634/612/634
f 628/607/628 629/606/629 635/613/635
f 629/606/629 630/608/630 635/613/635
f 630/608/630 631/609/631 636/614/636
f 631/609/631 632/610/632 637/615/637
f 631/609/631 637/615/637 636/614/636
f 632/610/632 633/611/633 639/616/638
f 632/610/632 639/616/638 638/617/639
f 633/611/633 625/603/624 640/618/640
f 633/611/633 640/618/640 639/616/638
f 625/603/624 626/605/626 641/619/641
f 625/603/624 641/619/641 640/618/640
f 626/605/626 634/612/634 641/619/641
f 634/612/634 628/607/628 642/620/642
f 628/607/628 635/613/635 643/621/643
f 628/607/628 643/621/643 642/620/642
f 635/613/635 630/608/630 644/619/644
f 635/613/635 644/619/644 643/621/643
f 630/608/630 636/614/636 645/618/645
f 630/608/630 645/618/645 644/619/644
f 636/614/636 637/615/637 645/618/645
f 637/615/637 632/610/632 638/617/639
f 638/617/639 639/616/638 647/622/646
f 638/617/639 647/622/646 646/623/647
f 639/616/638 640/618/640 648/624/648
f 639/616/638 648/624/648 647/622/646
f 640/618/640 641/619/641 649/625/649
f 640/618/640 649/625/649 648/624/648
f 641/619/641 634/612/634 650/626/650
f 641/619/641 650/626/650 649/625/649
f 634/612/634 642/620/642 650/626/650
f 642/620/642 643/621/643 651/627/651
f 643/621/643 644/619/644 652/625/652
f 643/621/643 652/625/652 651/627/651
f 644/619/644 645/618/645 653/624/653
f 644/619/644 653/624/653 652/625/652
f 645/618/645 637/615/637 646/623/647
f 645/618/645 646/623/647 653/624/653
f 637/615/637 638/617/639 646/623/647
f 646/623/647 647/622/646 655/628/654
f 646/623/647 655/628/654 654/629/655
f 647/622/646 648/624/648 656/630/656
f 647/622/646 656/630/656 655/628/654
f 648/624/648 649/625/649 657/631/657
f 648/624/648 657/631/657 656/630/656
f 649/625/649 650/626/650 657/631/657
f 650/626/650 642/620/642 658/632/658
f 642/620/642 651/627/651 658/632/658
f 651/627/651 652/625/652 659/631/659
f 652/625/652 653/624/653 660/630/660
f 652/625/652 660/630/660 659/631/659
f 653/624/653 646/623/647 661/633/661
f 653/624/653 661/633/661 660/630/660
f 646/623/647 654/629/655 661/633/661
f 654/629/655 655/628/654 662/634/662
f 655/628/654 656/630/656 663/635/663
f 656/630/656 657/631/657 664/636/664
f 656/630/656 664/636/664 663/635/663
f 657/631/657 650/626/650 665/637/665
f 657/631/657 665/637/665 664/636/664
f 650/626/650 658/632/658 666/638/666
f 650/626/650 666/638/666 665/637/665
f 658/632/658 651/627/651 667/639/667
f 658/632/658 667/639/667 666/638/666
f 651/627/651 659/631/659 668/640/668
f 651/627/651 668/640/668 667/639/667
f 659/631/659 660/630/660 669/641/669
f 659/631/659 669/641/669 668/640/668
f 660/630/660 661/633/661 670/642/670
f 660/630/660 670/642/670 669/641/669
f 661/633/661 654/629/655 662/634/662
f 661/633/661 662/634/662 670/642/670
f 662/634/662 655/628/654 672/643/671
f 662/634/662 672/643/671 671/644/672
f 655/628/654 663/635/663 672/643/671
f 665/637/665 666/638/666 673/645/673
f 666/638/666 667/639/667 674/646/674
f 666/638/666 674/646/674 673/645/673
f 667/639/667 668/640/668 675/647/675
f 667/639/667 675/647/675 674/646/674
f 668/640/668 669/641/669 676/648/676
f 668/640/668 676/648/676 675/647/675
f 669/641/669 670/642/670 676/648/676
f 670/642/670 662/634/662 671/644/672
f 670/642/670 671/644/672 676/648/676
f 671/644/672 672/643/671 678/649/677
f 671/644/672 678/649/677 677/650/678
f 672/643/671 663/635/663 678/649/677
f 663/635/663 664/636/664 679/651/679
f 663/635/663 679/651/679 678/649/677
f 664/636/664 665/637/665 680/652/680
f 664/636/664 680/652/680 679/651/679
f 665/637/665 673/645/673 681/653/681
f 665/637/665 681/653/681 680/652/680
f 673/645/673 674/646/674 682/652/682
f 673/645/673 682/652/682 681/653/681
f 674/646/674 675/647/675 683/651/683
f 674/646/674 683/651/683 682/652/682
f 675/647/675 676/648/676 684/654/684
f 675/647/675 684/654/684 683/651/683
f 676/648/676 685/655/685 684/654/684
f 676/648/676 671/644/672 677/650/678
f 676/648/676 677/650/678 685/655/685
f 677/650/678 678/649/677 686/656/686
f 678/649/677 687/657/687 686/656/686
f 678/649/677 679/651/679 688/658/688
f 678/649/677 688/658/688 687/657/687
f 679/651/679 680/652/680 689/659/689
f 679/651/679 689/659/689 688/658/688
f 680/652/680 681/653/681 690/660/690
f 680/652/680 690/660/690 689/659/689
f 681/653/681 682/652/682 691/661/691
f 681/653/681 691/661/691 690/660/690
f 682/652/682 683/651/683 692/662/692
f 682/652/682 692/662/692 691/661/691
f 683/651/683 684/654/684 692/662/692
f 677/650/678 686/656/686 694/663/693
f 677/650/678 694/663/693 693/664/694
f 686/656/686 687/657/687 695/665/695
f 686/656/686 695/665/695 694/663/693
f 687/657/687 688/658/688 695/665/695
f 690/660/690 691/661/691 696/666/696
f 691/661/691 692/662/692 696/666/696
f 692/662/692 684/654/684 697/667/697
f 684/654/684 685/655/685 698/668/698
f 684/654/684 698/668/698 697/667/697
f 685/655/685 677/650/678 693/664/694
f 685/655/685 693/664/694 698/668/698
f 693/664/694 694/663/693 699/669/699
f 695/665/695 688/658/688 700/670/700
f 688/658/688 689/659/689 701/671/701
f 688/658/688 701/671/701 700/670/700
f 689/659/689 690/660/690 702/672/702
f 689/659/689 702/672/702 701/671/701
f 690/660/690 696/666/696 703/671/703
f 690/660/690 703/671/703 702/672/702
f 696/666/696 692/662/692 704/670/704
f 696/666/696 704/670/704 703/671/703
f 692/662/692 697/667/697 704/670/704
f 697/667/697 698/668/698 705/673/705
f 698/668/698 693/664/694 699/669/699
f 698/668/698 699/669/699 705/673/705
f 699/669/699 694/663/693 706/674/706
f 694/663/693 695/665/695 707/675/707
f 694/663/693 707/675/707 706/674/706
f 695/665/695 700/670/700 708/676/708
f 695/665/695 708/676/708 707/675/707
f 700/670/700 701/671/701 709/677/709
f 700/670/700 709/677/709 708/676/708
f 701/671/701 702/672/702 710/678/710
f 701/671/701 710/678/710 709/677/709
f 702/672/702 703/671/703 711/677/711
f 702/672/702 711/677/711 710/678/710
f 703/671/703 704/670/704 712/679/712
f 703/671/703 712/679/712 711/677/711
f 704/670/704 697/667/697 712/679/712
f 697/667/697 705/673/705 713/680/713
f 705/673/705 699/669/699 706/674/706
f 705/673/705 706/674/706 713/680/713
f 706/674/706 715/681/714 714/682/715
f 706/674/706 707/675/707 715/681/714
f 708/676/708 709/677/709 716/683/716
f 709/677/709 710/678/710 717/684/717
f 709/677/709 717/684/717 716/683/716
f 710/678/710 711/677/711 718/685/718
f 710/678/710 718/685/718 717/684/717
f 711/677/711 712/679/712 718/685/718
f 712/679/712 697/667/697 719/686/719
f 697/667/697 713/680/713 719/686/719
f 713/680/713 706/674/706 714/682/715
f 707/675/707 708/676/708 720/687/720
f 708/676/708 716/683/716 720/687/720
f 716/683/716 717/684/717 721/688/721
f 717/684/717 718/685/718 721/688/721
f 719/686/719 713/680/713 722/689/722
f 713/680/713 714/682/715 722/689/722
f 714/682/715 715/681/714 724/690/723
f 714/682/715 724/690/723 723/691/724
f 715/681/714 707/675/707 725/692/725
f 715/681/714 725/692/725 724/690/723
f 707/675/707 720/687/720 725/692/725
f 720/687/720 716/683/716 726/693/726
f 716/683/716 721/688/721 727/694/727
f 716/683/716 727/694/727 726/693/726
f 721/688/721 718/685/718 728/695/728
f 721/688/721 728/695/728 727/694/727
f 718/685/718 712/679/712 728/695/728
f 712/679/712 719/686/719 729/696/729
f 712/679/712 729/696/729 728/695/728
f 719/686/719 722/689/722 730/697/730
f 719/686/719 730/697/730 729/696/729
f 722/689/722 714/682/715 723/691/724
f 722/689/722 723/691/724 730/697/730
f 725/692/725 720/687/720 731/698/731
f 720/687/720 726/693/726 732/699/732
f 720/687/720 732/699/732 731/698/731
f 726/693/726 727/694/727 733/700/733
f 726/693/726 733/700/733 732/699/732
f 727/694/727 728/695/728 734/701/734
f 727/694/727 734/701/734 733/700/733
f 728/695/728 729/696/729 735/702/735
f 728/695/728 735/702/735 734/701/734
f 729/696/729 730/697/730 736/703/736
f 729/696/729 736/703/736 735/702/735
f 730/697/730 723/691/724 736/703/736
f 723/691/724 724/690/723 738/704/737
f 723/691/724 738/704/737 737/705/738
f 724/690/723 725/692/725 739/706/739
f 724/690/723 739/706/739 738/704/737
f 725/692/725 731/698/731 739/706/739
f 732/699/732 733/700/733 740/707/740
f 733/700/733 734/701/734 741/708/741
f 733/700/733 741/708/741 740/707/740
f 734/701/734 735/702/735 742/709/742
f 734/701/734 742/709/742 741/708/741
f 735/702/735 736/703/736 743/710/743
f 735/702/735 743/710/743 742/709/742
f 736/703/736 723/691/724 737/705/738
f 736/703/736 737/705/738 743/710/743
f 738/704/737 739/706/739 744/711/744
f 739/706/739 731/698/731 744/711/744
f 731/698/731 732/699/732 745/712/745
f 731/698/731 745/712/745 744/711/744
f 732/699/732 740/707/740 745/712/745
f 740/707/740 741/708/741 746/713/746
f 737/705/738 738/704/737 748/714/747
f 737/705/738 748/714/747 747/715/748
f 738/704/737 744/711/744 749/716/749
f 738/704/737 749/716/749 748/714/747
f 744/711/744 745/712/745 749/716/749
f 745/712/745 740/707/740 750/717/750
f 740/707/740 746/713/746 750/717/750
f 741/708/741 742/709/742 751/718/751
f 741/708/741 751/718/751 746/713/746
f 742/709/742 743/710/743 752/719/752
f 742/709/742 752/719/752 751/718/751
f 743/710/743 737/705/738 747/715/748
f 743/710/743 747/715/748 752/719/752
f 747/715/748 748/714/747 753/720/753
f 747/715/748 753/720/753 755/721/754
f 748/714/747 749/716/749 753/720/753
f 749/716/749 754/722/755 753/720/753
f 749/716/749 745/712/745 754/722/755
f 745/712/745 750/717/750 754/722/755
f 746/713/746 751/718/751 755/721/754
f 746/713/746 755/721/754 750/717/750
f 751/718/751 752/719/752 755/721/754
f 752/719/752 747/715/748 755/721/754
f 754/722/755 750/717/750 756/723/756
f 755/721/754 753/720/753 756/723/756
f 753/720/753 754/722/755 756/723/756
f 750/717/750 755/721/754 756/723/756
f 757/724/757 759/725/758 758/726/759
f 757/724/757 760/727/760 759/725/758
f 757/724/757 761/728/761 760/727/760
f 757/724/757 762/729/762 761/728/761
f 757/724/757 763/730/763 762/729/762
f 757/724/757 764/731/764 763/730/763
f 757/724/757 758/726/759 764/731/764
f 760/727/760 761/728/761 766/732/765
f 761/728/761 767/733/766 766/732/765
f 761/728/761 762/729/762 768/734/767
f 761/728/761 768/734/767 767/733/766
f 762/729/762 763/730/763 769/735/768
f 762/729/762 769/735/768 768/734/767
f 763/730/763 764/731/764 770/736/769
f 764/731/764 758/726/759 765/737/770
f 764/731/764 765/737/770 770/736/769
f 765/737/770 758/726/759 771/738/771
f 758/726/759 759/725/758 771/738/771
f 759/725/758 760/727/760 772/739/772
f 760/727/760 766/732/765 772/739/772
f 766/732/765 767/733/766 773/740/773
f 767/733/766 768/734/767 774/741/774
f 767/733/766 774/741/774 773/740/773
f 768/734/767 769/735/768 775/742/775
f 768/734/767 775/742/775 774/741/774
f 763/730/763 770/736/769 769/735/768
f 765/737/770 771/738/771 777/743/776
f 765/737/770 777/743/776 776/744/777
f 771/738/771 759/725/758 777/743/776
f 759/725/758 772/739/772 778/745/778
f 772/739/772 766/732/765 778/745/778
f 766/732/765 773/740/773 778/745/778
f 774/741/774 775/742/775 779/746/779
f 769/735/768 770/736/769 780/747/780
f 769/735/768 780/747/780 775/742/775
f 770/736/769 765/737/770 776/744/777
f 770/736/769 776/744/777 780/747/780
f 776/744/777 777/743/776 781/748/781
f 777/743/776 759/725/758 782/749/782
f 759/725/758 778/745/778 783/750/783
f 759/725/758 783/750/783 782/749/782
f 778/745/778 784/751/784 783/750/783
f 778/745/778 773/740/773 785/752/785
f 778/745/778 785/752/785 784/751/784
f 773/740/773 774/741/774 786/753/786
f 773/740/773 786/753/786 785/752/785
f 774/741/774 779/746/779 787/754/787
f 774/741/774 787/754/787 786/753/786
f 779/746/779 775/742/775 788/749/788
f 779/746/779 788/749/788 787/754/787
f 775/742/775 780/747/780 781/748/781
f 775/742/775 781/748/781 788/749/788
f 780/747/780 776/744/777 781/748/781
f 781/748/781 777/743/776 790/755/789
f 781/748/781 790/755/789 789/756/790
f 777/743/776 782/749/782 791/757/791
f 777/743/776 791/757/791 790/755/789
f 782/749/782 783/750/783 792/758/792
f 782/749/782 792/758/792 791/757/791
f 783/750/783 784/751/784 793/759/793
f 783/750/783 793/759/793 792/758/792
f 784/751/784 785/752/785 793/759/793
f 787/754/787 788/749/788 794/760/794
f 788/749/788 781/748/781 789/756/790
f 788/749/788 789/756/790 794/760/794
f 789/756/790 790/755/789 796/761/795
f 789/756/790 796/761/795 795/762/796
f 790/755/789 791/757/791 796/761/795
f 792/758/792 793/759/793 797/763/797
f 793/759/793 785/752/785 798/764/798
f 793/759/793 798/764/798 797/763/797
f 785/752/785 786/753/786 799/765/799
f 785/752/785 799/765/799 798/764/798
f 786/753/786 787/754/787 800/766/800
f 786/753/786 800/766/800 799/765/799
f 787/754/787 794/760/794 800/766/800
f 794/760/794 789/756/790 801/767/801
f 789/756/790 795/762/796 801/767/801
f 795/762/796 796/761/795 803/768/802
f 795/762/796 803/768/802 802/769/803
f 796/761/795 791/757/791 804/770/804
f 796/761/795 804/770/804 803/768/802
f 791/757/791 792/758/792 805/771/805
f 791/757/791 805/771/805 804/770/804
f 792/758/792 797/763/797 805/771/805
f 797/763/797 798/764/798 806/772/806
f 798/764/798 799/765/799 807/773/807
f 798/764/798 807/773/807 806/772/806
f 799/765/799 800/766/800 808/771/808
f 799/765/799 808/771/808 807/773/807
f 800/766/800 794/760/794 809/770/809
f 800/766/800 809/770/809 808/771/808
f 794/760/794 801/767/801 809/770/809
f 801/767/801 795/762/796 802/769/803
f 803/768/802 804/770/804 810/774/810
f 804/770/804 805/771/805 811/775/811
f 804/770/804 811/775/811 810/774/810
f 805/771/805 797/763/797 812/776/812
f 805/771/805 812/776/812 811/775/811
f 797/763/797 806/772/806 813/777/813
f 797/763/797 813/777/813 812/776/812
f 806/772/806 807/773/807 814/778/814
f 806/772/806 814/778/814 813/777/813
f 807/773/807 808/771/808 815/775/815
f 807/773/807 815/775/815 814/778/814
f 808/771/808 809/770/809 816/774/816
f 808/771/808 816/774/816 815/775/815
f 809/770/809 801/767/801 817/779/817
f 809/770/809 817/779/817 816/774/816
f 801/767/801 802/769/803 817/779/817
f 802/769/803 803/768/802 819/780/818
f 802/769/803 819/780/818 818/781/819
f 803/768/802 810/774/810 820/782/820
f 803/768/802 820/782/820 819/780/818
f 810/774/810 811/775/811 821/783/821
f 810/774/810 821/783/821 820/782/820
f 811/775/811 812/776/812 822/784/822
f 811/775/811 822/784/822 821/783/821
f 812/776/812 813/777/813 822/784/822
f 814/778/814 815/775/815 823/785/823
f 815/775/815 816/774/816 824/786/824
f 815/775/815 824/786/824 823/785/823
f 816/774/816 817/779/817 824/786/824
f 817/779/817 802/769/803 818/781/819
f 818/781/819 819/780/818 825/787/825
f 820/782/820 821/783/821 826/788/826
f 821/783/821 822/784/822 827/789/827
f 821/783/821 827/789/827 826/788/826
f 822/784/822 813/777/813 828/790/828
f 822/784/822 828/790/828 827/789/827
f 813/777/813 814/778/814 829/791/829
f 813/777/813 829/791/829 828/790/828
f 814/778/814 823/785/823 829/791/829
f 823/785/823 824/786/824 830/792/830
f 824/786/824 817/779/817 831/793/831
f 824/786/824 831/793/831 830/792/830
f 817/779/817 818/781/819 825/787/825
f 817/779/817 825/787/825 831/793/831
f 825/787/825 819/780/818 833/794/832
f 825/787/825 833/794/832 832/795/833
f 819/780/818 820/782/820 834/796/834
f 819/780/818 834/796/834 833/794/832
f 820/782/820 826/788/826 834/796/834
f 828/790/828 829/791/829 835/797/835
f 829/791/829 823/785/823 836/798/836
f 829/791/829 836/798/836 835/797/835
f 823/785/823 830/792/830 836/798/836
f 830/792/830 831/793/831 837/794/837
f 831/793/831 825/787/825 832/795/833
f 831/793/831 832/795/833 837/794/837
f 832/795/833 833/794/832 839/799/838
f 832/795/833 839/799/838 838/800/839
f 833/794/832 834/796/834 840/801/840
f 833/794/832 840/801/840 839/799/838
f 834/796/834 826/788/826 841/802/841
f 834/796/834 841/802/841 840/801/840
f 826/788/826 827/789/827 842/803/842
f 826/788/826 842/803/842 841/802/841
f 827/789/827 828/790/828 843/804/843
f 827/789/827 843/804/843 842/803/842
f 828/790/828 835/797/835 844/803/844
f 828/790/828 844/803/844 843/804/843
f 835/797/835 836/798/836 845/802/845
f 835/797/835 845/802/845 844/803/844
f 836/798/836 830/792/830 846/805/846
f 836/798/836 846/805/846 845/802/845
f 830/792/830 837/794/837 846/805/846
f 837/794/837 832/795/833 838/800/839
f 837/794/837 838/800/839 846/805/846
f 838/800/839 839/799/838 847/806/847
f 839/799/838 840/801/840 848/807/848
f 839/799/838 848/807/848 847/806/847
f 840/801/840 841/802/841 849/808/849
f 840/801/840 849/808/849 848/807/848
f 841/802/841 842/803/842 850/809/850
f 841/802/841 850/809/850 849/808/849
f 842/803/842 843/804/843 850/809/850
f 843/804/843 844/803/844 851/810/851
f 843/804/843 851/810/851 850/809/850
f 844/803/844 845/802/845 852/811/852
f 844/803/844 852/811/852 851/810/851
f 845/802/845 846/805/846 852/811/852
f 846/805/846 853/812/853 852/811/852
f 846/805/846 838/800/839 853/812/853
f 838/800/839 847/806/847 855/813/854
f 838/800/839 855/813/854 854/814/855
f 847/806/847 848/807/848 855/813/854
f 848/807/848 849/808/849 856/815/856
f 849/808/849 850/809/850 857/816/857
f 849/808/849 857/816/857 856/815/856
f 850/809/850 851/810/851 857/816/857
f 851/810/851 852/811/852 858/817/858
f 853/812/853 838/800/839 854/814/855
f 854/814/855 855/813/854 860/818/859
f 854/814/855 860/818/859 859/819/860
f 855/813/854 848/807/848 861/820/861
f 855/813/854 861/820/861 860/818/859
f 848/807/848 856/815/856 862/821/862
f 848/807/848 862/821/862 861/820/861
f 856/815/856 857/816/857 863/822/863
f 856/815/856 863/822/863 862/821/862
f 857/816/857 864/823/864 863/822/863
f 857/816/857 851/810/851 865/824/865
f 857/816/857 865/824/865 864/823/864
f 851/810/851 858/817/858 865/824/865
f 858/817/858 852/811/852 866/825/866
f 852/811/852 853/812/853 867/818/867
f 852/811/852 867/818/867 866/825/866
f 853/812/853 854/814/855 859/819/860
f 853/812/853 859/819/860 867/818/867
f 859/819/860 860/818/859 869/826/868
f 859/819/860 869/826/868 868/827/869
f 860/818/859 861/820/861 869/826/868
f 863/822/863 864/823/864 870/828/870
f 864/823/864 865/824/865 871/829/871
f 864/823/864 871/829/871 870/828/870
f 865/824/865 858/817/858 872/830/872
f 865/824/865 872/830/872 871/829/871
f 858/817/858 866/825/866 873/831/873
f 858/817/858 873/831/873 872/830/872
f 866/825/866 867/818/867 874/826/874
f 866/825/866 874/826/874 873/831/873
f 867/818/867 859/819/860 868/827/869
f 867/818/867 868/827/869 874/826/874
f 868/827/869 869/826/868 876/832/875
f 868/827/869 876/832/875 875/833/876
f 869/826/868 861/820/861 877/834/877
f 869/826/868 877/834/877 876/832/875
f 861/820/861 862/821/862 878/835/878
f 861/820/861 878/835/878 877/834/877
f 862/821/862 863/822/863 878/835/878
f 863/822/863 870/828/870 879/836/879
f 863/822/863 879/836/879 878/835/878
f 870/828/870 871/829/871 880/837/880
f 870/828/870 880/837/880 879/836/879
f 871/829/871 872/830/872 881/838/881
f 871/829/871 881/838/881 880/837/880
f 872/830/872 873/831/873 882/839/882
f 872/830/872 882/839/882 881/838/881
f 873/831/873 874/826/874 883/840/883
f 873/831/873 883/840/883 882/839/882
f 874/826/874 868/827/869 875/833/876
f 874/826/874 875/833/876 883/840/883
f 875/833/876 876/832/875 884/841/884
f 877/834/877 878/835/878 885/842/885
f 878/835/878 879/836/879 885/842/885
f 879/836/879 880/837/880 886/843/886
f 880/837/880 881/838/881 886/843/886
f 883/840/883 875/833/876 884/841/884
f 884/841/884 876/832/875 888/844/887
f 884/841/884 888/844/887 887/845/888
f 876/832/875 877/834/877 888/844/887
f 877/834/877 885/842/885 889/846/889
f 885/842/885 890/847/890 889/846/889
f 885/842/885 879/836/879 891/848/891
f 885/842/885 891/848/891 890/847/890
f 879/836/879 886/843/886 891/848/891
f 886/843/886 881/838/881 892/849/892
f 881/838/881 882/839/882 893/850/893
f 881/838/881 893/850/893 892/849/892
f 882/839/882 883/840/883 894/851/894
f 882/839/882 894/851/894 893/850/893
f 883/840/883 884/841/884 887/845/888
f 883/840/883 887/845/888 894/851/894
f 887/845/888 888/844/887 895/852/895
f 888/844/887 877/834/877 896/853/896
f 877/834/877 889/846/889 896/853/896
f 889/846/889 890/847/890 897/854/897
f 890/847/890 891/848/891 898/855/898
f 890/847/890 898/855/898 897/854/897
f 891/848/891 886/843/886 899/854/899
f 891/848/891 899/854/899 898/855/898
f 886/843/886 892/849/892 900/856/900
f 886/843/886 900/856/900 899/854/899
f 892/849/892 893/850/893 901/857/901
f 892/849/892 901/857/901 900/856/900
f 893/850/893 894/851/894 902/858/902
f 893/850/893 902/858/902 901/857/901
f 894/851/894 887/845/888 895/852/895
f 894/851/894 895/852/895 902/858/902
f 895/852/895 888/844/887 904/859/903
f 895/852/895 904/859/903 903/860/904
f 888/844/887 896/853/896 904/859/903
f 889/846/889 897/854/897 905/861/905
f 889/846/889 905/861/905 896/853/896
f 897/854/897 898/855/898 906/862/906
f 897/854/897 906/862/906 905/861/905
f 898/855/898 899/854/899 906/862/906
f 899/854/899 900/856/900 906/862/906
f 902/858/902 895/852/895 903/860/904
f 904/859/903 896/853/896 907/863/907
f 896/853/896 905/861/905 907/863/907
f 905/861/905 906/862/906 908/864/908
f 906/862/906 900/856/900 908/864/908
f 900/856/900 901/857/901 909/865/909
f 901/857/901 902/858/902 910/866/910
f 901/857/901 910/866/910 909/865/909
f 902/858/902 903/860/904 910/866/910
f 903/860/904 904/859/903 912/867/911
f 903/860/904 912/867/911 911/868/912
f 904/859/903 907/863/907 912/867/911
f 907/863/907 913/869/913 912/867/911
f 907/863/907 905/861/905 914/870/914
f 907/863/907 914/870/914 913/869/913
f 905/861/905 908/864/908 914/870/914
f 908/864/908 900/856/900 915/871/915
f 900/856/900 909/865/909 915/871/915
f 910/866/910 903/860/904 911/868/912
f 911/868/912 912/867/911 916/872/916
f 912/867/911 913/869/913 916/872/916
f 914/870/914 908/864/908 917/873/917
f 908/864/908 915/871/915 917/873/917
f 915/871/915 909/865/909 918/874/918
f 909/865/909 910/866/910 918/874/918
f 910/866/910 911/868/912 918/874/918
f 911/868/912 916/872/916 919/875/919
f 916/872/916 913/869/913 920/876/920
f 913/869/913 914/870/914 921/877/921
f 913/869/913 921/877/921 920/876/920
f 914/870/914 917/873/917 921/877/921
f 917/873/917 915/871/915 922/878/922
f 915/871/915 918/874/918 922/878/922
f 918/874/918 911/868/912 919/875/919
f 916/872/916 920/876/920 919/875/919
f 921/877/921 917/873/917 920/876/920
f 917/873/917 922/878/922 920/876/920
f 922/878/922 918/874/918 920/876/920
f 918/874/918 919/875/919 920/876/920
f 923/879/923 925/880/924 924/881/925
f 923/879/923 926/882/926 925/880/924
f 923/879/923 927/883/927 926/882/926
f 923/879/923 928/884/928 927/883/927
f 923/879/923 929/885/929 928/884/928
f 923/879/923 930/886/930 929/885/929
f 923/879/923 931/887/931 930/886/930
f 923/879/923 924/881/925 931/887/931
f 925/880/924 926/882/926 933/888/932
f 926/882/926 927/883/927 933/888/932
f 931/887/931 924/881/925 932/889/933
f 932/889/933 924/881/925 934/890/934
f 924/881/925 925/880/924 935/891/935
f 924/881/925 935/891/935 934/890/934
f 925/880/924 933/888/932 936/892/936
f 925/880/924 936/892/936 935/891/935
f 927/883/927 928/884/928 937/893/937
f 927/883/927 937/893/937 933/888/932
f 928/884/928 929/885/929 938/894/938
f 928/884/928 938/894/938 937/893/937
f 929/885/929 930/886/930 939/895/939
f 929/885/929 939/895/939 938/894/938
f 930/886/930 931/887/931 940/896/940
f 930/886/930 940/896/940 939/895/939
f 931/887/931 932/889/933 940/896/940
f 932/889/933 934/890/934 941/897/941
f 936/892/936 933/888/932 942/898/942
f 933/888/932 937/893/937 942/898/942
f 937/893/937 938/894/938 943/899/943
f 938/894/938 939/895/939 944/900/944
f 938/894/938 944/900/944 943/899/943
f 939/895/939 940/896/940 945/901/945
f 939/895/939 945/901/945 944/900/944
f 940/896/940 932/889/933 941/897/941
f 940/896/940 941/897/941 945/901/945
f 941/897/941 934/890/934 947/902/946
f 941/897/941 947/902/946 946/903/947
f 934/890/934 935/891/935 948/904/948
f 934/890/934 948/904/948 947/902/946
f 935/891/935 936/892/936 949/905/949
f 935/891/935 949/905/949 948/904/948
f 936/892/936 942/898/942 950/906/950
f 936/892/936 950/906/950 949/905/949
f 942/898/942 937/893/937 951/907/951
f 942/898/942 951/907/951 950/906/950
f 937/893/937 943/899/943 952/908/952
f 937/893/937 952/908/952 951/907/951
f 943/899/943 953/909/953 952/908/952
f 943/899/943 944/900/944 954/910/954
f 943/899/943 954/910/954 953/909/953
f 944/900/944 945/901/945 955/911/955
f 944/900/944 955/911/955 954/910/954
f 945/901/945 941/897/941 946/903/947
f 945/901/945 946/903/947 955/911/955
f 946/903/947 947/902/946 956/912/956
f 948/904/948 949/905/949 957/913/957
f 949/905/949 950/906/950 958/914/958
f 949/905/949 958/914/958 957/913/957
f 950/906/950 951/907/951 959/915/959
f 950/906/950 959/915/959 958/914/958
f 951/907/951 952/908/952 959/915/959
f 954/910/954 955/911/955 960/916/960
f 955/911/955 946/903/947 956/912/956
f 955/911/955 956/912/956 960/916/960
f 956/912/956 947/902/946 962/917/961
f 956/912/956 962/917/961 961/918/962
f 947/902/946 948/904/948 963/919/963
f 947/902/946 963/919/963 962/917/961
f 948/904/948 957/913/957 964/920/964
f 948/904/948 964/920/964 963/919/963
f 957/913/957 958/914/958 965/921/965
f 957/913/957 965/921/965 964/920/964
f 958/914/958 959/915/959 966/922/966
f 958/914/958 966/922/966 965/921/965
f 959/915/959 952/908/952 967/921/967
f 959/915/959 967/921/967 966/922/966
f 952/908/952 953/909/953 968/920/968
f 952/908/952 968/920/968 967/921/967
f 953/909/953 954/910/954 969/919/969
f 953/909/953 969/919/969 968/920/968
f 954/910/954 960/916/960 970/923/970
f 954/910/954 970/923/970 969/919/969
f 960/916/960 956/912/956 961/918/962
f 960/916/960 961/918/962 970/923/970
f 961/918/962 962/917/961 972/924/971
f 961/918/962 972/924/971 971/925/972
f 962/917/961 963/919/963 973/926/973
f 962/917/961 973/926/973 972/924/971
f 963/919/963 964/920/964 974/927/974
f 963/919/963 974/927/974 973/926/973
f 964/920/964 965/921/965 975/928/975
f 964/920/964 975/928/975 974/927/974
f 965/921/965 966/922/966 976/929/976
f 965/921/965 976/929/976 975/928/975
f 966/922/966 967/921/967 976/929/976
f 967/921/967 968/920/968 977/927/977
f 967/921/967 977/927/977 976/929/976
f 968/920/968 969/919/969 978/926/978
f 968/920/968 978/926/978 977/927/977
f 969/919/969 970/923/970 978/926/978
f 970/923/970 961/918/962 971/925/972
f 971/925/972 972/924/971 979/930/979
f 972/924/971 973/926/973 980/931/980
f 973/926/973 974/927/974 981/932/981
f 973/926/973 981/932/981 980/931/980
f 974/927/974 975/928/975 982/933/982
f 974/927/974 982/933/982 981/932/981
f 975/928/975 976/929/976 983/934/983
f 975/928/975 983/934/983 982/933/982
f 976/929/976 977/927/977 984/932/984
f 976/929/976 984/932/984 983/934/983
f 977/927/977 978/926/978 985/935/985
f 977/927/977 985/935/985 984/932/984
f 978/926/978 970/923/970 986/936/986
f 978/926/978 986/936/986 985/935/985
f 970/923/970 971/925/972 979/930/979
f 970/923/970 979/930/979 986/936/986
f 979/930/979 972/924/971 988/937/987
f 979/930/979 988/937/987 987/938/988
f 972/924/971 980/931/980 988/937/987
f 980/931/980 981/932/981 989/939/989
f 981/932/981 982/933/982 990/940/990
f 981/932/981 990/940/990 989/939/989
f 982/933/982 983/934/983 991/941/991
f 982/933/982 991/941/991 990/940/990
f 983/934/983 992/940/992 991/941/991
f 983/934/983 984/932/984 993/942/993
f 983/934/983 993/942/993 992/940/992
f 984/932/984 985/935/985 994/943/994
f 984/932/984 994/943/994 993/942/993
f 985/935/985 986/936/986 995/944/995
f 985/935/985 995/944/995 994/943/994
f 986/936/986 979/930/979 987/938/988
f 986/936/986 987/938/988 995/944/995
f 987/938/988 988/937/987 996/945/996
f 988/937/987 980/931/980 997/946/997
f 988/937/987 997/946/997 996/945/996
f 980/931/980 989/939/989 997/946/997
f 989/939/989 990/940/990 998/947/998
f 990/940/990 991/941/991 998/947/998
f 991/941/991 992/940/992 999/948/999
f 991/941/991 999/948/999 998/947/998
f 992/940/992 993/942/993 999/948/999
f 987/938/988 996/945/996 1001/949/1000
f 987/938/988 1001/949/1000 1000/950/1001
f 996/945/996 997/946/997 1002/951/1002
f 996/945/996 1002/951/1002 1001/949/1000
f 997/946/997 989/939/989 1003/952/1003
f 997/946/997 1003/952/1003 1002/951/1002
f 989/939/989 998/947/998 1004/953/1004
f 989/939/989 1004/953/1004 1003/952/1003
f 998/947/998 999/948/999 1005/954/1005
f 998/947/998 1005/954/1005 1004/953/1004
f 999/948/999 993/942/993 1006/952/1006
f 999/948/999 1006/952/1006 1005/954/1005
f 993/942/993 994/943/994 1007/951/1007
f 993/942/993 1007/951/1007 1006/952/1006
f 994/943/994 995/944/995 1008/949/1008
f 994/943/994 1008/949/1008 1007/951/1007
f 995/944/995 987/938/988 1000/950/1001
f 995/944/995 1000/950/1001 1008/949/1008
f 1000/950/1001 1001/949/1000 1009/955/1009
f 1001/949/1000 1002/951/1002 1010/956/1010
f 1001/949/1000 1010/956/1010 1009/955/1009
f 1002/951/1002 1003/952/1003 1011/957/1011
f 1002/951/1002 1011/957/1011 1010/956/1010
f 1003/952/1003 1004/953/1004 1012/958/1012
f 1003/952/1003 1012/958/1012 1011/957/1011
f 1004/953/1004 1005/954/1005 1013/959/1013
f 1004/953/1004 1013/959/1013 1012/958/1012
f 1005/954/1005 1006/952/1006 1014/957/1014
f 1005/954/1005 1014/957/1014 1013/959/1013
f 1006/952/1006 1007/951/1007 1015/956/1015
f 1006/952/1006 1015/956/1015 1014/957/1014
f 1007/951/1007 1008/949/1008 1016/960/1016
f 1007/951/1007 1016/960/1016 1015/956/1015
f 1008/949/1008 1000/950/1001 1016/960/1016
f 1000/950/1001 1009/955/1009 1017/961/1017
f 1009/955/1009 1010/956/1010 1018/962/1018
f 1010/956/1010 1011/957/1011 1019/963/1019
f 1010/956/1010 1019/963/1019 1018/962/1018
f 1011/957/1011 1012/958/1012 1019/963/1019
f 1012/958/1012 1013/959/1013 1020/964/1020
f 1013/959/1013 1014/957/1014 1021/965/1021
f 1013/959/1013 1021/965/1021 1020/964/1020
f 1014/957/1014 1015/956/1015 1022/966/1022
f 1014/957/1014 1022/966/1022 1021/965/1021
f 1015/956/1015 1016/960/1016 1023/967/1023
f 1015/956/1015 1023/967/1023 1022/966/1022
f 1016/960/1016 1000/950/1001 1017/961/1017
f 1016/960/1016 1017/961/1017 1023/967/1023
f 1017/961/1017 1009/955/1009 1025/968/1024
f 1017/961/1017 1025/968/1024 1024/969/1025
f 1009/955/1009 1018/962/1018 1025/968/1024
f 1018/962/1018 1019/963/1019 1026/970/1026
f 1019/963/1019 1012/958/1012 1027/971/1027
f 1019/963/1019 1027/971/1027 1026/970/1026
f 1012/958/1012 1020/964/1020 1027/971/1027
f 1023/967/1023 1017/961/1017 1024/969/1025
f 1024/969/1025 1025/968/1024 1029/972/1028
f 1024/969/1025 1029/972/1028 1028/973/1029
f 1025/968/1024 1018/962/1018 1030/974/1030
f 1025/968/1024 1030/974/1030 1029/972/1028
f 1018/962/1018 1026/970/1026 1031/975/1031
f 1018/962/1018 1031/975/1031 1030/974/1030
f 1026/970/1026 1027/971/1027 1032/976/1032
f 1027/971/1027 1020/964/1020 1033/977/1033
f 1027/971/1027 1033/977/1033 1032/976/1032
f 1020/964/1020 1021/965/1021 1034/978/1034
f 1020/964/1020 1034/978/1034 1033/977/1033
f 1021/965/1021 1022/966/1022 1035/974/1035
f 1021/965/1021 1035/974/1035 1034/978/1034
f 1022/966/1022 1023/967/1023 1036/972/1036
f 1022/966/1022 1036/972/1036 1035/974/1035
f 1023/967/1023 1024/969/1025 1028/973/1029
f 1023/967/1023 1028/973/1029 1036/972/1036
f 1028/973/1029 1029/972/1028 1038/979/1037
f 1028/973/1029 1038/979/1037 1037/980/1038
f 1029/972/1028 1030/974/1030 1039/981/1039
f 1029/972/1028 1039/981/1039 1038/979/1037
f 1030/974/1030 1031/975/1031 1039/981/1039
f 1031/975/1031 1026/970/1026 1040/982/1040
f 1026/970/1026 1032/976/1032 1041/983/1041
f 1026/970/1026 1041/983/1041 1040/982/1040
f 1032/976/1032 1033/977/1033 1042/984/1042
f 1032/976/1032 1042/984/1042 1041/983/1041
f 1033/977/1033 1034/978/1034 1042/984/1042
f 1034/978/1034 1035/974/1035 1043/981/1043
f 1035/974/1035 1036/972/1036 1044/985/1044
f 1035/974/1035 1044/985/1044 1043/981/1043
f 1036/972/1036 1028/973/1029 1037/980/1038
f 1036/972/1036 1037/980/1038 1044/985/1044
f 1037/980/1038 1038/979/1037 1045/986/1045
f 1038/979/1037 1039/981/1039 1046/987/1046
f 1038/979/1037 1046/987/1046 1045/986/1045
f 1039/981/1039 1031/975/1031 1047/988/1047
f 1039/981/1039 1047/988/1047 1046/987/1046
f 1031/975/1031 1040/982/1040 1047/988/1047
f 1040/982/1040 1041/983/1041 1048/989/1048
f 1041/983/1041 1042/984/1042 1049/990/1049
f 1041/983/1041 1049/990/1049 1048/989/1048
f 1042/984/1042 1034/978/1034 1050/988/1050
f 1042/984/1042 1050/988/1050 1049/990/1049
f 1034/978/1034 1043/981/1043 1051/991/1051
f 1034/978/1034 1051/991/1051 1050/988/1050
f 1043/981/1043 1044/985/1044 1051/991/1051
f 1037/980/1038 1045/986/1045 1053/992/1052
f 1037/980/1038 1053/992/1052 1052/993/1053
f 1045/986/1045 1046/987/1046 1054/994/1054
f 1045/986/1045 1054/994/1054 1053/992/1052
f 1046/987/1046 1047/988/1047 1054/994/1054
f 1047/988/1047 1040/982/1040 1055/995/1055
f 1047/988/1047 1055/995/1055 1054/994/1054
f 1040/982/1040 1048/989/1048 1056/996/1056
f 1040/982/1040 1056/996/1056 1055/995/1055
f 1048/989/1048 1049/990/1049 1057/997/1057
f 1048/989/1048 1057/997/1057 1056/996/1056
f 1049/990/1049 1050/988/1050 1058/998/1058
f 1049/990/1049 1058/998/1058 1057/997/1057
f 1050/988/1050 1051/991/1051 1058/998/1058
f 1051/991/1051 1044/985/1044 1059/999/1059
f 1044/985/1044 1037/980/1038 1052/993/1053
f 1044/985/1044 1052/993/1053 1059/999/1059
f 1052/993/1053 1053/992/1052 1060/1000/1060
f 1053/992/1052 1054/994/1054 1061/1001/1061
f 1054/994/1054 1055/995/1055 1061/1001/1061
f 1057/997/1057 1058/998/1058 1062/1002/1062
f 1058/998/1058 1051/991/1051 1062/1002/1062
f 1051/991/1051 1059/999/1059 1063/1003/1063
f 1059/999/1059 1052/993/1053 1060/1000/1060
f 1059/999/1059 1060/1000/1060 1063/1003/1063
f 1060/1000/1060 1053/992/1052 1065/1004/1064
f 1060/1000/1060 1065/1004/1064 1064/1005/1065
f 1053/992/1052 1061/1001/1061 1066/1006/1066
f 1053/992/1052 1066/1006/1066 1065/1004/1064
f 1061/1001/1061 1055/995/1055 1067/1007/1067
f 1061/1001/1061 1067/1007/1067 1066/1006/1066
f 1055/995/1055 1056/996/1056 1068/1008/1068
f 1055/995/1055 1068/1008/1068 1067/1007/1067
f 1056/996/1056 1057/997/1057 1068/1008/1068
f 1057/997/1057 1062/1002/1062 1068/1008/1068
f 1062/1002/1062 1051/991/1051 1069/1009/1069
f 1051/991/1051 1063/1003/1063 1069/1009/1069
f 1063/1003/1063 1060/1000/1060 1064/1005/1065
f 1064/1005/1065 1065/1004/1064 1070/1010/1070
f 1065/1004/1064 1066/1006/1066 1070/1010/1070
f 1066/1006/1066 1067/1007/1067 1071/1011/1071
f 1067/1007/1067 1068/1008/1068 1072/1012/1072
f 1067/1007/1067 1072/1012/1072 1071/1011/1071
f 1068/1008/1068 1073/1013/1073 1072/1012/1072
f 1068/1008/1068 1062/1002/1062 1074/1014/1074
f 1068/1008/1068 1074/1014/1074 1073/1013/1073
f 1062/1002/1062 1069/1009/1069 1074/1014/1074
f 1069/1009/1069 1063/1003/1063 1075/1015/1075
f 1063/1003/1063 1064/1005/1065 1075/1015/1075
f 1064/1005/1065 1070/1010/1070 1077/1016/1076
f 1064/1005/1065 1077/1016/1076 1076/1017/1077
f 1070/1010/1070 1066/1006/1066 1078/1018/1078
f 1070/1010/1070 1078/1018/1078 1077/1016/1076
f 1066/1006/1066 1071/1011/1071 1078/1018/1078
f 1072/1012/1072 1073/1013/1073 1079/1019/1079
f 1073/1013/1073 1074/1014/1074 1079/1019/1079
f 1074/1014/1074 1069/1009/1069 1080/1020/1080
f 1069/1009/1069 1075/1015/1075 1080/1020/1080
f 1075/1015/1075 1064/1005/1065 1076/1017/1077
f 1076/1017/1077 1077/1016/1076 1081/1021/1081
f 1077/1016/1076 1078/1018/1078 1081/1021/1081
f 1078/1018/1078 1071/1011/1071 1082/1022/1082
f 1071/1011/1071 1072/1012/1072 1082/1022/1082
f 1072/1012/1072 1079/1019/1079 1082/1022/1082
f 1075/1015/1075 1076/1017/1077 1080/1020/1080
f 1076/1017/1077 1081/1021/1081 1083/1023/1083
f 1081/1021/1081 1086/1024/1084 1083/1023/1083
f 1081/1021/1081 1078/1018/1078 1086/1024/1084
f 1082/1022/1082 1079/1019/1079 1087/1025/1085
f 1079/1019/1079 1074/1014/1074 1084/1026/1086
f 1079/1019/1079 1084/1026/1086 1087/1025/1085
f 1074/1014/1074 1080/1020/1080 1085/1027/1087
f 1074/1014/1074 1085/1027/1087 1084/1026/1086
f 1080/1020/1080 1076/1017/1077 1083/1023/1083
f 1080/1020/1080 1083/1023/1083 1085/1027/1087
f 1078/1018/1078 1082/1022/1082 1086/1024/1084
f 1082/1022/1082 1087/1025/1085 1086/1024/1084
f 1085/1027/1087 1088/1028/1088 1084/1026/1086
f 1085/1027/1087 1083/1023/1083 1088/1028/1088
f 1083/1023/1083 1086/1024/1084 1089/1029/1089
f 1086/1024/1084 1087/1025/1085 1089/1029/1089
f 1087/1025/1085 1084/1026/1086 1089/1029/1089
f 1084/1026/1086 1088/1028/1088 1089/1029/1089
f 1088/1028/1088 1083/1023/1083 1089/1029/1089
