# Made in Blockbench 5.2.1
mtllib steel_chains.mtl

o tube
v 0.9609150376868413 -0.3802488120792801 0.01562500000000001
v 0.9609150376868413 -0.3802488120792801 -0.01562499999999999
v 0.9591628920440942 -0.3813713469506345 0.01562500000000001
v 0.9591628920440942 -0.3813713469506345 -0.01562499999999999
v 0.9730301076305092 -0.4010294812802018 0.01562500000000001
v 0.9730301076305092 -0.4010294812802018 -0.015624999999999991
v 0.9707581183682541 -0.40126034170448865 0.015625000000000007
v 0.9707581183682541 -0.4012603417044886 -0.015624999999999991
v 0.9770841403822703 -0.4226292452265222 0.015625000000000007
v 0.9770841403822703 -0.4226292452265222 -0.015624999999999995
v 0.9746381972700516 -0.4219332847968986 0.015625000000000007
v 0.9746381972700516 -0.4219332847968986 -0.015624999999999995
v 0.9724599462055674 -0.4417597356597616 0.015625000000000003
v 0.9724599462055674 -0.4417597356597616 -0.015624999999999998
v 0.9702124219096908 -0.4402429080427409 0.015625000000000003
v 0.9702124219096908 -0.4402429080427409 -0.015624999999999998
v 0.9598615167453787 -0.45550850882978705 0.015624999999999998
v 0.9598615167453787 -0.45550850882978705 -0.015625000000000003
v 0.9581545764660331 -0.453401737279984 0.015624999999999998
v 0.9581545764660331 -0.453401737279984 -0.015625000000000003
v 0.9412068486819707 -0.4617824386544013 0.015624999999999995
v 0.9412068486819707 -0.4617824386544013 -0.015625000000000007
v 0.9403003586032341 -0.45940646004234176 0.015624999999999995
v 0.9403003586032341 -0.45940646004234176 -0.015625000000000007
v 0.9193359461230101 -0.45962637619112223 0.015624999999999991
v 0.9193359461230101 -0.4596263761911222 -0.01562500000000001
v 0.9193679111420172 -0.45734291172219255 0.015624999999999991
v 0.9193679111420172 -0.4573429117221925 -0.015625000000000007
v 0.8975784557228732 -0.44936856240522927 0.01562499999999999
v 0.8975784557228732 -0.44936856240522927 -0.01562500000000001
v 0.8985440094552438 -0.447525248845167 0.01562499999999999
v 0.8985440094552438 -0.447525248845167 -0.01562500000000001
v 0.8792467581628393 -0.43257065645831105 0.01562499999999999
v 0.8792467581628393 -0.43257065645831105 -0.01562500000000001
v 0.8809989038055863 -0.4314481215869566 0.01562499999999999
v 0.8809989038055863 -0.4314481215869566 -0.01562500000000001
v 0.8671316882191713 -0.4117899872573893 0.015624999999999991
v 0.8671316882191713 -0.4117899872573893 -0.01562500000000001
v 0.8694036774814264 -0.41155912683310253 0.015624999999999991
v 0.8694036774814264 -0.41155912683310253 -0.015625000000000007
v 0.8630776554674102 -0.39019022331106895 0.015624999999999995
v 0.8630776554674102 -0.39019022331106895 -0.015625000000000007
v 0.8655235985796289 -0.3908861837406925 0.015624999999999995
v 0.8655235985796289 -0.3908861837406925 -0.015625000000000007
v 0.8677018496441132 -0.37105973287782956 0.015624999999999998
v 0.8677018496441132 -0.37105973287782956 -0.015625000000000003
v 0.8699493739399897 -0.3725765604948502 0.015624999999999998
v 0.8699493739399897 -0.3725765604948502 -0.015625000000000003
v 0.8803002791043019 -0.3573109597078041 0.015625000000000003
v 0.8803002791043019 -0.3573109597078041 -0.015624999999999998
v 0.8820072193836476 -0.3594177312576071 0.015625000000000003
v 0.8820072193836476 -0.3594177312576071 -0.015624999999999998
v 0.8989549471677099 -0.3510370298831899 0.015625000000000007
v 0.8989549471677099 -0.3510370298831899 -0.015624999999999995
v 0.8998614372464464 -0.35341300849524937 0.015625000000000007
v 0.8998614372464464 -0.35341300849524937 -0.015624999999999995
v 0.9208258497266705 -0.35319309234646895 0.01562500000000001
v 0.9208258497266705 -0.35319309234646895 -0.015624999999999991
v 0.9207938847076633 -0.35547655681539864 0.015625000000000007
v 0.9207938847076633 -0.35547655681539864 -0.015624999999999991
v 0.9425833401268073 -0.36345090613236186 0.01562500000000001
v 0.9425833401268073 -0.36345090613236186 -0.01562499999999999
v 0.9416177863944367 -0.36529421969242415 0.01562500000000001
v 0.9416177863944367 -0.36529421969242415 -0.01562499999999999
vt 0 0.75
vt 0.09945625 0.75
vt 0.09945625 1
vt 0 1
vt 0.0951875 1
vt 0 1
vt 0 0.75
vt 0.0951875 0.75
vt 5.551115123125783e-16 0.9978666893684354
vt 5.551115123125783e-16 0.9026780146793606
vt 0.010726279727053867 0.9005452143418925
vt 0.010728336702654107 1
vt 0 0.989271707421881
vt 0.0994547856793792 0.989271707421881
vt 0.09732220718886293 0.9999980312583259
vt 0.0021335325201474534 1
vt 0 0.75
vt 0.09945625 0.75
vt 0.09945625 1
vt 0 1
vt 0.0951875 1
vt 0 1
vt 0 0.75
vt 0.0951875 0.75
vt 2.220446049250313e-16 0.9978654214042931
vt 2.7755575615628914e-16 0.9026755904044366
vt 0.010725925987123686 0.9005410118087297
vt 0.010725925987123686 1
vt 0 0.9892740740128763
vt 0.09945898819127032 0.9892740740128763
vt 0.09732440959556345 0.9999999999999998
vt 0.0021345785957068986 0.9999999999999998
vt 0 0.75
vt 0.09945625 0.75
vt 0.09945625 1
vt 0 1
vt 0.0951875 1
vt 0 1
vt 0 0.75
vt 0.0951875 0.75
vt 5.551115123125783e-16 0.9978671996625319
vt 5.551115123125783e-16 0.9026785249734571
vt 0.010728336702654107 0.9005452143418925
vt 0.010726279727053867 1
vt 0 0.989271707421881
vt 0.09945478567937921 0.989271707421881
vt 0.09732125315923176 1
vt 0.0021325784905162765 0.999998031258326
vt 0 0.75
vt 0.09945625 0.75
vt 0.09945625 1
vt 0 1
vt 0.0951875 1
vt 0 1
vt 0 0.75
vt 0.0951875 0.75
vt 0 0.997865625
vt 0 0.902678125
vt 0.010728125000000005 0.90054375
vt 0.010728125000000005 1
vt 0.010728125000000005 0.90054375
vt 0.010728125000000005 1
vt 0 0.997865625
vt 0 0.902678125
vt 0 0.75
vt 0.09945625 0.75
vt 0.09945625 1
vt 0 1
vt 0.0951875 1
vt 0 1
vt 0 0.75
vt 0.0951875 0.75
vt 0.09732147502654287 0.9999999999999994
vt 0.002132800337468113 0.9999999999999994
vt 0 0.9892737202729461
vt 0.09945478565810749 0.989271663297346
vt 0.010728292578118998 0.9005452143206207
vt 0.010728292578118998 1
vt 0.0000019687416740465924 0.9978674215094837
vt 0 0.9026787468407682
vt 0 0.75
vt 0.09945625 0.75
vt 0.09945625 1
vt 0 1
vt 0.0951875 1
vt 0 1
vt 0 0.75
vt 0.0951875 0.75
vt 0.09732440959556345 0.9999999999999998
vt 0.0021345785957068986 0.9999999999999998
vt 0 0.9892740740128763
vt 0.09945898819127032 0.9892740740128763
vt 0.010725925987123686 0.9005410118087297
vt 0.010725925987123686 1
vt 2.220446049250313e-16 0.9978654214042931
vt 2.7755575615628914e-16 0.9026755904044366
vt 0 0.75
vt 0.09945625 0.75
vt 0.09945625 1
vt 0 1
vt 0.0951875 1
vt 0 1
vt 0 0.75
vt 0.0951875 0.75
vt 0.09732198532063939 0.9999999999999994
vt 0.0021333106315646264 0.9999999999999994
vt 0 0.989271663297346
vt 0.09945478565810748 0.9892737202729461
vt 0.010728292578119025 0.9005452143206208
vt 0.010728292578119025 1
vt 0 0.9978664674798525
vt 0.000001968741674129859 0.902677792811137
vt 0 0.75
vt 0.09945625 0.75
vt 0.09945625 1
vt 0 1
vt 0.0951875 1
vt 0 1
vt 0 0.75
vt 0.0951875 0.75
vt 0.097321875 1
vt 0.002134375000000001 1
vt 0 0.989271875
vt 0.09945625 0.989271875
vt 0.09945625 1
vt 0 1
vt 0.002134375000000001 0.989271875
vt 0.097321875 0.989271875
vt 0 0.75
vt 0.09945625 0.75
vt 0.09945625 1
vt 0 1
vt 0.0951875 1
vt 0 1
vt 0 0.75
vt 0.0951875 0.75
vt 0.010728336702654856 0.9026785249734571
vt 0.010728336702654856 0.9978671996625319
vt 0.0000020569756015165197 1
vt 1.27675647831893e-15 0.9005452143418925
vt 0.0994547856793792 0.9999999999999992
vt 0 0.9999999999999991
vt 0.0021325784905162765 0.9892736761635542
vt 0.09732125315923175 0.9892717074218802
vt 0 0.75
vt 0.09945625 0.75
vt 0.09945625 1
vt 0 1
vt 0.0951875 1
vt 0 1
vt 0 0.75
vt 0.0951875 0.75
vt 0.010725925987123935 0.9026755904044366
vt 0.010725925987123908 0.9978654214042931
vt 4.996003610813204e-16 1
vt 4.996003610813204e-16 0.9005410118087297
vt 0.09945898819127032 0.9999999999999996
vt 0 0.9999999999999996
vt 0.002134578595706871 0.989274074012876
vt 0.09732440959556342 0.989274074012876
vt 0 0.75
vt 0.09945625 0.75
vt 0.09945625 1
vt 0 1
vt 0.0951875 1
vt 0 1
vt 0 0.75
vt 0.0951875 0.75
vt 0.010728336702654828 0.9026780146793606
vt 0.010728336702654828 0.9978666893684354
vt 1.27675647831893e-15 1
vt 0.0000020569756015165197 0.9005452143418925
vt 0.09945478567937921 0.9999999999999992
vt 0 0.9999999999999992
vt 0.0021335325201474464 0.9892717074218802
vt 0.09732220718886293 0.9892736761635543
vt 0 0.75
vt 0.09945625 0.75
vt 0.09945625 1
vt 0 1
vt 0.0951875 1
vt 0 1
vt 0 0.75
vt 0.0951875 0.75
vt 0.010728125000000005 0.902678125
vt 0.010728125000000005 0.997865625
vt 0 1
vt 0 0.90054375
vt 0 1
vt 0 0.90054375
vt 0.010728125000000005 0.902678125
vt 0.010728125000000005 0.997865625
vt 0 0.75
vt 0.09945625 0.75
vt 0.09945625 1
vt 0 1
vt 0.0951875 1
vt 0 1
vt 0 0.75
vt 0.0951875 0.75
vt 0.0021333106315646194 0.9892716632973452
vt 0.09732198532063938 0.9892716632973451
vt 0.09945478565810749 0.9999979430243984
vt 0 0.9999999999999988
vt 7.771561172376096e-16 1
vt 8.326672684688674e-16 0.9005452143206208
vt 0.010726323836445756 0.9026777928111371
vt 0.010728292578119775 0.9978664674798525
vt 0 0.75
vt 0.09945625 0.75
vt 0.09945625 1
vt 0 1
vt 0.0951875 1
vt 0 1
vt 0 0.75
vt 0.0951875 0.75
vt 0.002134578595706871 0.989274074012876
vt 0.09732440959556342 0.989274074012876
vt 0.09945898819127032 0.9999999999999996
vt 0 0.9999999999999996
vt 4.996003610813204e-16 1
vt 4.996003610813204e-16 0.9005410118087297
vt 0.010725925987123935 0.9026755904044366
vt 0.010725925987123908 0.9978654214042931
vt 0 0.75
vt 0.09945625 0.75
vt 0.09945625 1
vt 0 1
vt 0.0951875 1
vt 0 1
vt 0 0.75
vt 0.0951875 0.75
vt 0.0021328003374680854 0.9892716632973452
vt 0.09732147502654284 0.9892716632973452
vt 0.09945478565810748 0.9999999999999987
vt 0 0.9999979430243985
vt 7.771561172376096e-16 1
vt 7.771561172376096e-16 0.9005452143206207
vt 0.010728292578119775 0.9026787468407682
vt 0.010726323836445728 0.9978674215094837
vt 0 0.75
vt 0.09945625 0.75
vt 0.09945625 1
vt 0 1
vt 0.0951875 1
vt 0 1
vt 0 0.75
vt 0.0951875 0.75
vt 0.002134375000000001 0.989271875
vt 0.097321875 0.989271875
vt 0.09945625 1
vt 0 1
vt 0 0.989271875
vt 0.09945625 0.989271875
vt 0.097321875 1
vt 0.002134375000000001 1
vn 0.8639052963731444 0.503654285098846 2.1204790113309118e-16
vn -0.8639052963731446 -0.5036542850988459 -2.1204790113309118e-16
vn -1.5001116074123913e-16 -1.6370845497218327e-16 1
vn 1.5001116074123913e-16 1.6370845497218327e-16 -1
vn 0.9828385681786026 0.18446774487870365 1.776356839400251e-16
vn -0.9828385681786026 -0.18446774487870354 -1.7763568394002508e-16
vn -1.5001116074123913e-16 -1.6370845497218327e-16 1
vn 1.5001116074123913e-16 1.6370845497218327e-16 -1
vn 0.9720069502101598 -0.23495209882685425 1.0734824575816188e-16
vn -0.97200695021016 0.23495209882685408 -1.0734824575816194e-16
vn -1.5001116074123913e-16 -1.6370845497218327e-16 1
vn 1.5001116074123913e-16 1.6370845497218327e-16 -1
vn 0.7372773368101242 -0.6755902076156601 0
vn -0.7372773368101242 0.6755902076156601 0
vn -1.5001116074123913e-16 -1.6370845497218327e-16 1
vn 1.5001116074123913e-16 1.6370845497218327e-16 -1
vn 0.3187740228582928 -0.9478307456243128 -1.073482457581619e-16
vn -0.3187740228582937 0.9478307456243125 1.0734824575816171e-16
vn -1.5001116074123913e-16 -1.6370845497218327e-16 1
vn 1.5001116074123913e-16 1.6370845497218327e-16 -1
vn -0.09810576400645321 -0.9951759940174956 -1.77635683940025e-16
vn 0.09810576400645363 0.9951759940174956 1.776356839400251e-16
vn -1.5001116074123913e-16 -1.6370845497218327e-16 1
vn 1.5001116074123913e-16 1.6370845497218327e-16 -1
vn -0.4264434207176213 -0.9045142392061354 -2.1204790113309116e-16
vn 0.42644342071762154 0.9045142392061354 2.120479011330912e-16
vn -1.5001116074123913e-16 -1.6370845497218327e-16 1
vn 1.5001116074123913e-16 1.6370845497218327e-16 -1
vn -0.6755902076156601 -0.7372773368101242 -2.220446049250313e-16
vn 0.6755902076156601 0.7372773368101242 2.220446049250313e-16
vn -1.5001116074123913e-16 -1.6370845497218327e-16 1
vn 1.5001116074123913e-16 1.6370845497218327e-16 -1
vn -0.8639052963731444 -0.5036542850988459 -2.1204790113309116e-16
vn 0.863905296373144 0.5036542850988465 2.1204790113309116e-16
vn -1.5001116074123913e-16 -1.6370845497218327e-16 1
vn 1.5001116074123913e-16 1.6370845497218327e-16 -1
vn -0.9828385681786027 -0.18446774487870338 -1.7763568394002508e-16
vn 0.9828385681786027 0.18446774487870266 1.7763568394002496e-16
vn -1.5001116074123913e-16 -1.6370845497218327e-16 1
vn 1.5001116074123913e-16 1.6370845497218327e-16 -1
vn -0.9720069502101598 0.23495209882685453 -1.0734824575816183e-16
vn 0.97200695021016 -0.23495209882685342 1.0734824575816203e-16
vn -1.5001116074123913e-16 -1.6370845497218327e-16 1
vn 1.5001116074123913e-16 1.6370845497218327e-16 -1
vn -0.737277336810125 0.6755902076156594 -2.478669739132334e-31
vn 0.7372773368101242 -0.6755902076156601 0
vn -1.5001116074123913e-16 -1.6370845497218327e-16 1
vn 1.5001116074123913e-16 1.6370845497218327e-16 -1
vn -0.31877402285829265 0.9478307456243129 1.0734824575816196e-16
vn 0.3187740228582934 -0.9478307456243126 -1.0734824575816177e-16
vn -1.5001116074123913e-16 -1.6370845497218327e-16 1
vn 1.5001116074123913e-16 1.6370845497218327e-16 -1
vn 0.09810576400645338 0.9951759940174955 1.77635683940025e-16
vn -0.09810576400645388 -0.9951759940174953 -1.7763568394002508e-16
vn -1.5001116074123913e-16 -1.6370845497218327e-16 1
vn 1.5001116074123913e-16 1.6370845497218327e-16 -1
vn 0.42644342071762154 0.9045142392061354 2.120479011330912e-16
vn -0.426443420717621 -0.9045142392061357 -2.1204790113309118e-16
vn -1.5001116074123913e-16 -1.6370845497218327e-16 1
vn 1.5001116074123913e-16 1.6370845497218327e-16 -1
vn 0.6755902076156597 0.7372773368101245 2.220446049250313e-16
vn -0.6755902076156601 -0.7372773368101242 -2.220446049250313e-16
vn -1.5001116074123913e-16 -1.6370845497218327e-16 1
vn 1.5001116074123913e-16 1.6370845497218327e-16 -1
usemtl none
f 1/1/1 5/2/1 6/3/1 2/4/1
f 4/5/2 8/6/2 7/7/2 3/8/2
f 3/9/3 7/10/3 5/11/3 1/12/3
f 2/13/4 6/14/4 8/15/4 4/16/4
f 5/17/5 9/18/5 10/19/5 6/20/5
f 8/21/6 12/22/6 11/23/6 7/24/6
f 7/25/7 11/26/7 9/27/7 5/28/7
f 6/29/8 10/30/8 12/31/8 8/32/8
f 9/33/9 13/34/9 14/35/9 10/36/9
f 12/37/10 16/38/10 15/39/10 11/40/10
f 11/41/11 15/42/11 13/43/11 9/44/11
f 10/45/12 14/46/12 16/47/12 12/48/12
f 13/49/13 17/50/13 18/51/13 14/52/13
f 16/53/14 20/54/14 19/55/14 15/56/14
f 15/57/15 19/58/15 17/59/15 13/60/15
f 14/61/16 18/62/16 20/63/16 16/64/16
f 17/65/17 21/66/17 22/67/17 18/68/17
f 20/69/18 24/70/18 23/71/18 19/72/18
f 19/73/19 23/74/19 21/75/19 17/76/19
f 18/77/20 22/78/20 24/79/20 20/80/20
f 21/81/21 25/82/21 26/83/21 22/84/21
f 24/85/22 28/86/22 27/87/22 23/88/22
f 23/89/23 27/90/23 25/91/23 21/92/23
f 22/93/24 26/94/24 28/95/24 24/96/24
f 25/97/25 29/98/25 30/99/25 26/100/25
f 28/101/26 32/102/26 31/103/26 27/104/26
f 27/105/27 31/106/27 29/107/27 25/108/27
f 26/109/28 30/110/28 32/111/28 28/112/28
f 29/113/29 33/114/29 34/115/29 30/116/29
f 32/117/30 36/118/30 35/119/30 31/120/30
f 31/121/31 35/122/31 33/123/31 29/124/31
f 30/125/32 34/126/32 36/127/32 32/128/32
f 33/129/33 37/130/33 38/131/33 34/132/33
f 36/133/34 40/134/34 39/135/34 35/136/34
f 35/137/35 39/138/35 37/139/35 33/140/35
f 34/141/36 38/142/36 40/143/36 36/144/36
f 37/145/37 41/146/37 42/147/37 38/148/37
f 40/149/38 44/150/38 43/151/38 39/152/38
f 39/153/39 43/154/39 41/155/39 37/156/39
f 38/157/40 42/158/40 44/159/40 40/160/40
f 41/161/41 45/162/41 46/163/41 42/164/41
f 44/165/42 48/166/42 47/167/42 43/168/42
f 43/169/43 47/170/43 45/171/43 41/172/43
f 42/173/44 46/174/44 48/175/44 44/176/44
f 45/177/45 49/178/45 50/179/45 46/180/45
f 48/181/46 52/182/46 51/183/46 47/184/46
f 47/185/47 51/186/47 49/187/47 45/188/47
f 46/189/48 50/190/48 52/191/48 48/192/48
f 49/193/49 53/194/49 54/195/49 50/196/49
f 52/197/50 56/198/50 55/199/50 51/200/50
f 51/201/51 55/202/51 53/203/51 49/204/51
f 50/205/52 54/206/52 56/207/52 52/208/52
f 53/209/53 57/210/53 58/211/53 54/212/53
f 56/213/54 60/214/54 59/215/54 55/216/54
f 55/217/55 59/218/55 57/219/55 53/220/55
f 54/221/56 58/222/56 60/223/56 56/224/56
f 57/225/57 61/226/57 62/227/57 58/228/57
f 60/229/58 64/230/58 63/231/58 59/232/58
f 59/233/59 63/234/59 61/235/59 57/236/59
f 58/237/60 62/238/60 64/239/60 60/240/60
f 61/241/61 1/242/61 2/243/61 62/244/61
f 64/245/62 4/246/62 3/247/62 63/248/62
f 63/249/63 3/250/63 1/251/63 61/252/63
f 62/253/64 2/254/64 4/255/64 64/256/64
o tube
v 0.06856783863179775 0.3526653879051586 -0.009324017220921452
v 0.08968003261978713 0.37570530468047497 -0.009324017220921452
v 0.06659060634418662 0.3544771874885705 -0.008923934441126019
v 0.087702800332176 0.37751710426388685 -0.008923934441126019
v 0.06155260168844523 0.3590936682094712 -0.026552554563305682
v 0.08266479567643462 0.3821335849847876 -0.026552554563305682
v 0.05987638509296758 0.36062963773031276 -0.025413215200383803
v 0.08098857908095697 0.3836695545056291 -0.025413215200383803
v 0.048590134033084376 0.3709715814142709 -0.039738706172933125
v 0.06970232802107376 0.3940114981895873 -0.039738706172933125
v 0.0474701219114604 0.37199788343659235 -0.03803356431675261
v 0.06858231589944977 0.39503780021190876 -0.03803356431675261
v 0.031653853861181955 0.3864908229076783 -0.046875
v 0.05276604784917133 0.40953073968299464 -0.046875
v 0.031260557905993726 0.3868512122520322 -0.04486364804101492
v 0.052372751893983105 0.4098911290273486 -0.04486364804101492
v 0.013322156301148042 0.4032887288545965 -0.046875
v 0.034434350289137425 0.42632864562991285 -0.046875
v 0.013715452256336268 0.40292833951024254 -0.04486364804101492
v 0.03482764624432565 0.4259682562855589 -0.04486364804101492
v -0.0036141238707543683 0.4188079703480038 -0.039738706172933146
v 0.017498070117235007 0.4418478871233202 -0.039738706172933146
v -0.00249411174913039 0.41778166832568236 -0.038033564316752644
v 0.018618082238858986 0.4408215851009987 -0.038033564316752644
v -0.016576591526115257 0.4306858835528035 -0.026552554563305703
v 0.004535602461874122 0.45372580032811993 -0.026552554563305703
v -0.01490037493063761 0.429149914031962 -0.025413215200383824
v 0.0062118190573517695 0.45218983080727837 -0.025413215200383824
v -0.023591828469467772 0.4371141638571161 -0.0093240172209215
v -0.0024796344814783933 0.4601540806324325 -0.0093240172209215
v -0.02161459618185664 0.4353023642737043 -0.008923934441126064
v -0.0005024021938672615 0.45834228104902064 -0.008923934441126064
v -0.02359182846946778 0.43711416385711616 0.00932401722092146
v -0.0024796344814784 0.4601540806324325 0.00932401722092146
v -0.021614596181856648 0.4353023642737043 0.008923934441126026
v -0.0005024021938672685 0.45834228104902064 0.008923934441126026
v -0.01657659152611527 0.4306858835528035 0.026552554563305672
v 0.004535602461874108 0.45372580032811993 0.026552554563305672
v -0.014900374930637623 0.429149914031962 0.0254132152003838
v 0.006211819057351756 0.45218983080727837 0.0254132152003838
v -0.003614123870754396 0.4188079703480038 0.039738706172933125
v 0.017498070117234983 0.44184788712332024 0.039738706172933125
v -0.0024941117491304177 0.41778166832568236 0.03803356431675261
v 0.018618082238858965 0.4408215851009988 0.03803356431675261
v 0.013322156301148008 0.4032887288545965 0.046874999999999986
v 0.03443435028913738 0.4263286456299129 0.046874999999999986
v 0.013715452256336233 0.40292833951024254 0.04486364804101492
v 0.03482764624432561 0.42596825628555895 0.04486364804101492
v 0.031653853861181934 0.3864908229076783 0.046875
v 0.05276604784917131 0.40953073968299464 0.046875
v 0.03126055790599371 0.38685121225203223 0.04486364804101492
v 0.05237275189398309 0.4098911290273486 0.04486364804101492
v 0.04859013403308434 0.37097158141427095 0.039738706172933146
v 0.06970232802107372 0.3940114981895873 0.039738706172933146
v 0.04747012191146036 0.3719978834365924 0.038033564316752644
v 0.06858231589944974 0.39503780021190876 0.038033564316752644
v 0.06155260168844522 0.35909366820947125 0.026552554563305703
v 0.0826647956764346 0.3821335849847876 0.026552554563305703
v 0.059876385092967575 0.36062963773031276 0.025413215200383824
v 0.08098857908095695 0.3836695545056291 0.025413215200383824
v 0.06856783863179775 0.3526653879051586 0.009324017220921505
v 0.08968003261978712 0.375705304680475 0.009324017220921505
v 0.06659060634418662 0.3544771874885705 0.008923934441126068
v 0.08770280033217599 0.37751710426388685 0.008923934441126068
vt 0 0.75
vt 0.09945625 0.75
vt 0.09945625 1
vt 0 1
vt 0.0951875 1
vt 0 1
vt 0 0.75
vt 0.0951875 0.75
vt 5.551115123125783e-16 0.9978666893684354
vt 5.551115123125783e-16 0.9026780146793606
vt 0.010726279727053867 0.9005452143418925
vt 0.010728336702654107 1
vt 0 0.989271707421881
vt 0.0994547856793792 0.989271707421881
vt 0.09732220718886293 0.9999980312583259
vt 0.0021335325201474534 1
vt 0 0.75
vt 0.09945625 0.75
vt 0.09945625 1
vt 0 1
vt 0.0951875 1
vt 0 1
vt 0 0.75
vt 0.0951875 0.75
vt 2.220446049250313e-16 0.9978654214042931
vt 2.7755575615628914e-16 0.9026755904044366
vt 0.010725925987123686 0.9005410118087297
vt 0.010725925987123686 1
vt 0 0.9892740740128763
vt 0.09945898819127032 0.9892740740128763
vt 0.09732440959556345 0.9999999999999998
vt 0.0021345785957068986 0.9999999999999998
vt 0 0.75
vt 0.09945625 0.75
vt 0.09945625 1
vt 0 1
vt 0.0951875 1
vt 0 1
vt 0 0.75
vt 0.0951875 0.75
vt 5.551115123125783e-16 0.9978671996625319
vt 5.551115123125783e-16 0.9026785249734571
vt 0.010728336702654107 0.9005452143418925
vt 0.010726279727053867 1
vt 0 0.989271707421881
vt 0.09945478567937921 0.989271707421881
vt 0.09732125315923176 1
vt 0.0021325784905162765 0.999998031258326
vt 0 0.75
vt 0.09945625 0.75
vt 0.09945625 1
vt 0 1
vt 0.0951875 1
vt 0 1
vt 0 0.75
vt 0.0951875 0.75
vt 0 0.997865625
vt 0 0.902678125
vt 0.010728125000000005 0.90054375
vt 0.010728125000000005 1
vt 0.010728125000000005 0.90054375
vt 0.010728125000000005 1
vt 0 0.997865625
vt 0 0.902678125
vt 0 0.75
vt 0.09945625 0.75
vt 0.09945625 1
vt 0 1
vt 0.0951875 1
vt 0 1
vt 0 0.75
vt 0.0951875 0.75
vt 0.09732147502654287 0.9999999999999994
vt 0.002132800337468113 0.9999999999999994
vt 0 0.9892737202729461
vt 0.09945478565810749 0.989271663297346
vt 0.010728292578118998 0.9005452143206207
vt 0.010728292578118998 1
vt 0.0000019687416740465924 0.9978674215094837
vt 0 0.9026787468407682
vt 0 0.75
vt 0.09945625 0.75
vt 0.09945625 1
vt 0 1
vt 0.0951875 1
vt 0 1
vt 0 0.75
vt 0.0951875 0.75
vt 0.09732440959556345 0.9999999999999998
vt 0.0021345785957068986 0.9999999999999998
vt 0 0.9892740740128763
vt 0.09945898819127032 0.9892740740128763
vt 0.010725925987123686 0.9005410118087297
vt 0.010725925987123686 1
vt 2.220446049250313e-16 0.9978654214042931
vt 2.7755575615628914e-16 0.9026755904044366
vt 0 0.75
vt 0.09945625 0.75
vt 0.09945625 1
vt 0 1
vt 0.0951875 1
vt 0 1
vt 0 0.75
vt 0.0951875 0.75
vt 0.09732198532063939 0.9999999999999994
vt 0.0021333106315646264 0.9999999999999994
vt 0 0.989271663297346
vt 0.09945478565810748 0.9892737202729461
vt 0.010728292578119025 0.9005452143206208
vt 0.010728292578119025 1
vt 0 0.9978664674798525
vt 0.000001968741674129859 0.902677792811137
vt 0 0.75
vt 0.09945625 0.75
vt 0.09945625 1
vt 0 1
vt 0.0951875 1
vt 0 1
vt 0 0.75
vt 0.0951875 0.75
vt 0.097321875 1
vt 0.002134375000000001 1
vt 0 0.989271875
vt 0.09945625 0.989271875
vt 0.09945625 1
vt 0 1
vt 0.002134375000000001 0.989271875
vt 0.097321875 0.989271875
vt 0 0.75
vt 0.09945625 0.75
vt 0.09945625 1
vt 0 1
vt 0.0951875 1
vt 0 1
vt 0 0.75
vt 0.0951875 0.75
vt 0.010728336702654856 0.9026785249734571
vt 0.010728336702654856 0.9978671996625319
vt 0.0000020569756015165197 1
vt 1.27675647831893e-15 0.9005452143418925
vt 0.0994547856793792 0.9999999999999992
vt 0 0.9999999999999991
vt 0.0021325784905162765 0.9892736761635542
vt 0.09732125315923175 0.9892717074218802
vt 0 0.75
vt 0.09945625 0.75
vt 0.09945625 1
vt 0 1
vt 0.0951875 1
vt 0 1
vt 0 0.75
vt 0.0951875 0.75
vt 0.010725925987123935 0.9026755904044366
vt 0.010725925987123908 0.9978654214042931
vt 4.996003610813204e-16 1
vt 4.996003610813204e-16 0.9005410118087297
vt 0.09945898819127032 0.9999999999999996
vt 0 0.9999999999999996
vt 0.002134578595706871 0.989274074012876
vt 0.09732440959556342 0.989274074012876
vt 0 0.75
vt 0.09945625 0.75
vt 0.09945625 1
vt 0 1
vt 0.0951875 1
vt 0 1
vt 0 0.75
vt 0.0951875 0.75
vt 0.010728336702654828 0.9026780146793606
vt 0.010728336702654828 0.9978666893684354
vt 1.27675647831893e-15 1
vt 0.0000020569756015165197 0.9005452143418925
vt 0.09945478567937921 0.9999999999999992
vt 0 0.9999999999999992
vt 0.0021335325201474464 0.9892717074218802
vt 0.09732220718886293 0.9892736761635543
vt 0 0.75
vt 0.09945625 0.75
vt 0.09945625 1
vt 0 1
vt 0.0951875 1
vt 0 1
vt 0 0.75
vt 0.0951875 0.75
vt 0.010728125000000005 0.902678125
vt 0.010728125000000005 0.997865625
vt 0 1
vt 0 0.90054375
vt 0 1
vt 0 0.90054375
vt 0.010728125000000005 0.902678125
vt 0.010728125000000005 0.997865625
vt 0 0.75
vt 0.09945625 0.75
vt 0.09945625 1
vt 0 1
vt 0.0951875 1
vt 0 1
vt 0 0.75
vt 0.0951875 0.75
vt 0.0021333106315646194 0.9892716632973452
vt 0.09732198532063938 0.9892716632973451
vt 0.09945478565810749 0.9999979430243984
vt 0 0.9999999999999988
vt 7.771561172376096e-16 1
vt 8.326672684688674e-16 0.9005452143206208
vt 0.010726323836445756 0.9026777928111371
vt 0.010728292578119775 0.9978664674798525
vt 0 0.75
vt 0.09945625 0.75
vt 0.09945625 1
vt 0 1
vt 0.0951875 1
vt 0 1
vt 0 0.75
vt 0.0951875 0.75
vt 0.002134578595706871 0.989274074012876
vt 0.09732440959556342 0.989274074012876
vt 0.09945898819127032 0.9999999999999996
vt 0 0.9999999999999996
vt 4.996003610813204e-16 1
vt 4.996003610813204e-16 0.9005410118087297
vt 0.010725925987123935 0.9026755904044366
vt 0.010725925987123908 0.9978654214042931
vt 0 0.75
vt 0.09945625 0.75
vt 0.09945625 1
vt 0 1
vt 0.0951875 1
vt 0 1
vt 0 0.75
vt 0.0951875 0.75
vt 0.0021328003374680854 0.9892716632973452
vt 0.09732147502654284 0.9892716632973452
vt 0.09945478565810748 0.9999999999999987
vt 0 0.9999979430243985
vt 7.771561172376096e-16 1
vt 7.771561172376096e-16 0.9005452143206207
vt 0.010728292578119775 0.9026787468407682
vt 0.010726323836445728 0.9978674215094837
vt 0 0.75
vt 0.09945625 0.75
vt 0.09945625 1
vt 0 1
vt 0.0951875 1
vt 0 1
vt 0 0.75
vt 0.0951875 0.75
vt 0.002134375000000001 0.989271875
vt 0.097321875 0.989271875
vt 0.09945625 1
vt 0 1
vt 0 0.989271875
vt 0.09945625 0.989271875
vt 0.097321875 1
vt 0.002134375000000001 1
vn 0.6453904865342265 -0.5913914222255836 -0.4834535195953343
vn -0.6453904865342265 0.5913914222255836 0.483453519595334
vn -0.6755902076156601 -0.7372773368101242 0
vn 0.6755902076156601 0.7372773368101242 0
vn 0.44236640208607486 -0.4053541245693964 -0.7999999999999996
vn -0.44236640208607475 0.40535412456939635 0.7999999999999997
vn -0.6755902076156601 -0.7372773368101242 0
vn 0.6755902076156601 0.7372773368101242 0
vn 0.21873093782776165 -0.2004299770536448 -0.9549788485276851
vn -0.21873093782776173 0.20042997705364488 0.9549788485276851
vn -0.6755902076156601 -0.7372773368101242 0
vn 0.6755902076156601 0.7372773368101242 0
vn 1.6370845497218327e-16 -1.5001116074123913e-16 -1
vn -1.6370845497218327e-16 1.5001116074123913e-16 1
vn -0.6755902076156601 -0.7372773368101242 0
vn 0.6755902076156601 0.7372773368101242 0
vn -0.21873093782776126 0.20042997705364446 -0.9549788485276852
vn 0.2187309378277609 -0.20042997705364413 0.9549788485276854
vn -0.6755902076156601 -0.7372773368101242 0
vn 0.6755902076156601 0.7372773368101242 0
vn -0.44236640208607425 0.4053541245693958 -0.8000000000000003
vn 0.4423664020860744 -0.40535412456939596 0.8
vn -0.6755902076156601 -0.7372773368101242 0
vn 0.6755902076156601 0.7372773368101242 0
vn -0.6453904865342261 0.5913914222255833 -0.4834535195953347
vn 0.6453904865342264 -0.5913914222255835 0.4834535195953344
vn -0.6755902076156601 -0.7372773368101242 0
vn 0.6755902076156601 0.7372773368101242 0
vn -0.7372773368101242 0.6755902076156601 -2.220446049250313e-16
vn 0.7372773368101242 -0.6755902076156601 2.220446049250313e-16
vn -0.6755902076156601 -0.7372773368101242 0
vn 0.6755902076156601 0.7372773368101242 0
vn -0.6453904865342265 0.5913914222255836 0.48345351959533406
vn 0.6453904865342268 -0.5913914222255839 -0.48345351959533345
vn -0.6755902076156601 -0.7372773368101242 0
vn 0.6755902076156601 0.7372773368101242 0
vn -0.44236640208607464 0.4053541245693962 0.7999999999999999
vn 0.4423664020860743 -0.4053541245693959 -0.8000000000000003
vn -0.6755902076156601 -0.7372773368101242 0
vn 0.6755902076156601 0.7372773368101242 0
vn -0.21873093782776157 0.2004299770536447 0.9549788485276851
vn 0.21873093782776207 -0.20042997705364518 -0.9549788485276851
vn -0.6755902076156601 -0.7372773368101242 0
vn 0.6755902076156601 0.7372773368101242 0
vn -5.752174454104644e-16 5.270896770682738e-16 1
vn 1.6370845497218327e-16 -1.5001116074123913e-16 -1
vn -0.6755902076156601 -0.7372773368101242 0
vn 0.6755902076156601 0.7372773368101242 0
vn 0.2187309378277614 -0.2004299770536446 0.9549788485276852
vn -0.21873093782776104 0.20042997705364424 -0.9549788485276854
vn -0.6755902076156601 -0.7372773368101242 0
vn 0.6755902076156601 0.7372773368101242 0
vn 0.44236640208607425 -0.4053541245693958 0.8000000000000003
vn -0.44236640208607453 0.4053541245693961 -0.7999999999999999
vn -0.6755902076156601 -0.7372773368101242 0
vn 0.6755902076156601 0.7372773368101242 0
vn 0.6453904865342261 -0.5913914222255833 0.48345351959533467
vn -0.6453904865342261 0.5913914222255833 -0.483453519595335
vn -0.6755902076156601 -0.7372773368101242 0
vn 0.6755902076156601 0.7372773368101242 0
vn 0.7372773368101242 -0.6755902076156601 9.662403458270915e-16
vn -0.7372773368101242 0.6755902076156601 -2.220446049250313e-16
vn -0.6755902076156601 -0.7372773368101242 0
vn 0.6755902076156601 0.7372773368101242 0
usemtl none
f 65/257/65 69/258/65 70/259/65 66/260/65
f 68/261/66 72/262/66 71/263/66 67/264/66
f 67/265/67 71/266/67 69/267/67 65/268/67
f 66/269/68 70/270/68 72/271/68 68/272/68
f 69/273/69 73/274/69 74/275/69 70/276/69
f 72/277/70 76/278/70 75/279/70 71/280/70
f 71/281/71 75/282/71 73/283/71 69/284/71
f 70/285/72 74/286/72 76/287/72 72/288/72
f 73/289/73 77/290/73 78/291/73 74/292/73
f 76/293/74 80/294/74 79/295/74 75/296/74
f 75/297/75 79/298/75 77/299/75 73/300/75
f 74/301/76 78/302/76 80/303/76 76/304/76
f 77/305/77 81/306/77 82/307/77 78/308/77
f 80/309/78 84/310/78 83/311/78 79/312/78
f 79/313/79 83/314/79 81/315/79 77/316/79
f 78/317/80 82/318/80 84/319/80 80/320/80
f 81/321/81 85/322/81 86/323/81 82/324/81
f 84/325/82 88/326/82 87/327/82 83/328/82
f 83/329/83 87/330/83 85/331/83 81/332/83
f 82/333/84 86/334/84 88/335/84 84/336/84
f 85/337/85 89/338/85 90/339/85 86/340/85
f 88/341/86 92/342/86 91/343/86 87/344/86
f 87/345/87 91/346/87 89/347/87 85/348/87
f 86/349/88 90/350/88 92/351/88 88/352/88
f 89/353/89 93/354/89 94/355/89 90/356/89
f 92/357/90 96/358/90 95/359/90 91/360/90
f 91/361/91 95/362/91 93/363/91 89/364/91
f 90/365/92 94/366/92 96/367/92 92/368/92
f 93/369/93 97/370/93 98/371/93 94/372/93
f 96/373/94 100/374/94 99/375/94 95/376/94
f 95/377/95 99/378/95 97/379/95 93/380/95
f 94/381/96 98/382/96 100/383/96 96/384/96
f 97/385/97 101/386/97 102/387/97 98/388/97
f 100/389/98 104/390/98 103/391/98 99/392/98
f 99/393/99 103/394/99 101/395/99 97/396/99
f 98/397/100 102/398/100 104/399/100 100/400/100
f 101/401/101 105/402/101 106/403/101 102/404/101
f 104/405/102 108/406/102 107/407/102 103/408/102
f 103/409/103 107/410/103 105/411/103 101/412/103
f 102/413/104 106/414/104 108/415/104 104/416/104
f 105/417/105 109/418/105 110/419/105 106/420/105
f 108/421/106 112/422/106 111/423/106 107/424/106
f 107/425/107 111/426/107 109/427/107 105/428/107
f 106/429/108 110/430/108 112/431/108 108/432/108
f 109/433/109 113/434/109 114/435/109 110/436/109
f 112/437/110 116/438/110 115/439/110 111/440/110
f 111/441/111 115/442/111 113/443/111 109/444/111
f 110/445/112 114/446/112 116/447/112 112/448/112
f 113/449/113 117/450/113 118/451/113 114/452/113
f 116/453/114 120/454/114 119/455/114 115/456/114
f 115/457/115 119/458/115 117/459/115 113/460/115
f 114/461/116 118/462/116 120/463/116 116/464/116
f 117/465/117 121/466/117 122/467/117 118/468/117
f 120/469/118 124/470/118 123/471/118 119/472/118
f 119/473/119 123/474/119 121/475/119 117/476/119
f 118/477/120 122/478/120 124/479/120 120/480/120
f 121/481/121 125/482/121 126/483/121 122/484/121
f 124/485/122 128/486/122 127/487/122 123/488/122
f 123/489/123 127/490/123 125/491/123 121/492/123
f 122/493/124 126/494/124 128/495/124 124/496/124
f 125/497/125 65/498/125 66/499/125 126/500/125
f 128/501/126 68/502/126 67/503/126 127/504/126
f 127/505/127 67/506/127 65/507/127 125/508/127
f 126/509/128 66/510/128 68/511/128 128/512/128
o tube
v 0.154517950550768 0.3586779775003482 0.01562500000000001
v 0.154517950550768 0.3586779775003482 -0.01562499999999999
v 0.15276580490802089 0.35755544262899375 0.01562500000000001
v 0.15276580490802089 0.35755544262899375 -0.01562499999999999
v 0.16663302049443596 0.33789730829942644 0.01562500000000001
v 0.16663302049443598 0.33789730829942644 -0.015624999999999991
v 0.16436103123218085 0.3376664478751396 0.015625000000000007
v 0.16436103123218085 0.33766644787513966 -0.015624999999999991
v 0.17068705324619707 0.3162975443531061 0.015625000000000007
v 0.17068705324619707 0.3162975443531061 -0.015624999999999995
v 0.16824111013397833 0.31699350478272964 0.015625000000000007
v 0.16824111013397833 0.31699350478272964 -0.015624999999999995
v 0.16606285906949408 0.29716705391986664 0.015625000000000003
v 0.16606285906949408 0.29716705391986664 -0.015624999999999998
v 0.1638153347736175 0.29868388153688735 0.015625000000000003
v 0.1638153347736175 0.29868388153688735 -0.015624999999999998
v 0.15346442960930542 0.2834182807498412 0.015624999999999998
v 0.15346442960930542 0.2834182807498412 -0.015625000000000003
v 0.15175748932995975 0.28552505229964426 0.015624999999999998
v 0.15175748932995975 0.28552505229964426 -0.015625000000000003
v 0.1348097615458974 0.27714435092522705 0.015624999999999995
v 0.1348097615458974 0.27714435092522705 -0.015625000000000007
v 0.13390327146716086 0.2795203295372865 0.015624999999999995
v 0.13390327146716086 0.2795203295372865 -0.015625000000000007
v 0.11293885898693676 0.2793004133885061 0.015624999999999991
v 0.11293885898693676 0.2793004133885061 -0.01562500000000001
v 0.11297082400594391 0.28158387785743577 0.015624999999999991
v 0.11297082400594391 0.28158387785743577 -0.015625000000000007
v 0.0911813685867999 0.289558227174399 0.01562499999999999
v 0.0911813685867999 0.289558227174399 -0.01562500000000001
v 0.09214692231917056 0.2914015407344613 0.01562499999999999
v 0.09214692231917057 0.2914015407344613 -0.01562500000000001
v 0.07284967102676597 0.30635613312131726 0.01562499999999999
v 0.07284967102676597 0.30635613312131726 -0.01562500000000001
v 0.07460181666951309 0.30747866799267165 0.01562499999999999
v 0.07460181666951309 0.30747866799267165 -0.01562500000000001
v 0.060734601083098014 0.32713680232223896 0.015624999999999991
v 0.060734601083098014 0.32713680232223896 -0.01562500000000001
v 0.06300659034535312 0.32736766274652573 0.015624999999999991
v 0.06300659034535314 0.32736766274652573 -0.015625000000000007
v 0.05668056833133692 0.3487365662685593 0.015624999999999995
v 0.05668056833133692 0.3487365662685593 -0.015625000000000007
v 0.05912651144355566 0.34804060583893576 0.015624999999999995
v 0.05912651144355566 0.34804060583893576 -0.015625000000000007
v 0.06130476250803991 0.3678670567017987 0.015624999999999998
v 0.06130476250803991 0.3678670567017987 -0.015625000000000003
v 0.06355228680391647 0.36635022908477805 0.015624999999999998
v 0.06355228680391647 0.36635022908477805 -0.015625000000000003
v 0.07390319196822856 0.3816158298718242 0.015625000000000003
v 0.07390319196822856 0.3816158298718242 -0.015624999999999998
v 0.07561013224757424 0.37950905832202114 0.015625000000000003
v 0.07561013224757424 0.37950905832202114 -0.015624999999999998
v 0.09255786003163657 0.38788975969643835 0.015625000000000007
v 0.09255786003163657 0.38788975969643835 -0.015624999999999995
v 0.09346435011037313 0.38551378108437884 0.015625000000000007
v 0.09346435011037313 0.38551378108437884 -0.015624999999999995
v 0.11442876259059723 0.3857336972331593 0.01562500000000001
v 0.11442876259059723 0.3857336972331593 -0.015624999999999991
v 0.11439679757159006 0.3834502327642296 0.015625000000000007
v 0.11439679757159006 0.3834502327642296 -0.015624999999999991
v 0.13618625299073406 0.3754758834472664 0.01562500000000001
v 0.13618625299073409 0.3754758834472664 -0.01562499999999999
v 0.1352206992583634 0.3736325698872041 0.01562500000000001
v 0.1352206992583634 0.3736325698872041 -0.01562499999999999
vt 0 0.75
vt 0.09945625 0.75
vt 0.09945625 1
vt 0 1
vt 0.0951875 1
vt 0 1
vt 0 0.75
vt 0.0951875 0.75
vt 5.551115123125783e-16 0.9978666893684354
vt 5.551115123125783e-16 0.9026780146793606
vt 0.010726279727053867 0.9005452143418925
vt 0.010728336702654107 1
vt 0 0.989271707421881
vt 0.0994547856793792 0.989271707421881
vt 0.09732220718886293 0.9999980312583259
vt 0.0021335325201474534 1
vt 0 0.75
vt 0.09945625 0.75
vt 0.09945625 1
vt 0 1
vt 0.0951875 1
vt 0 1
vt 0 0.75
vt 0.0951875 0.75
vt 2.220446049250313e-16 0.9978654214042931
vt 2.7755575615628914e-16 0.9026755904044366
vt 0.010725925987123686 0.9005410118087297
vt 0.010725925987123686 1
vt 0 0.9892740740128763
vt 0.09945898819127032 0.9892740740128763
vt 0.09732440959556345 0.9999999999999998
vt 0.0021345785957068986 0.9999999999999998
vt 0 0.75
vt 0.09945625 0.75
vt 0.09945625 1
vt 0 1
vt 0.0951875 1
vt 0 1
vt 0 0.75
vt 0.0951875 0.75
vt 5.551115123125783e-16 0.9978671996625319
vt 5.551115123125783e-16 0.9026785249734571
vt 0.010728336702654107 0.9005452143418925
vt 0.010726279727053867 1
vt 0 0.989271707421881
vt 0.09945478567937921 0.989271707421881
vt 0.09732125315923176 1
vt 0.0021325784905162765 0.999998031258326
vt 0 0.75
vt 0.09945625 0.75
vt 0.09945625 1
vt 0 1
vt 0.0951875 1
vt 0 1
vt 0 0.75
vt 0.0951875 0.75
vt 0 0.997865625
vt 0 0.902678125
vt 0.010728125000000005 0.90054375
vt 0.010728125000000005 1
vt 0.010728125000000005 0.90054375
vt 0.010728125000000005 1
vt 0 0.997865625
vt 0 0.902678125
vt 0 0.75
vt 0.09945625 0.75
vt 0.09945625 1
vt 0 1
vt 0.0951875 1
vt 0 1
vt 0 0.75
vt 0.0951875 0.75
vt 0.09732147502654287 0.9999999999999994
vt 0.002132800337468113 0.9999999999999994
vt 0 0.9892737202729461
vt 0.09945478565810749 0.989271663297346
vt 0.010728292578118998 0.9005452143206207
vt 0.010728292578118998 1
vt 0.0000019687416740465924 0.9978674215094837
vt 0 0.9026787468407682
vt 0 0.75
vt 0.09945625 0.75
vt 0.09945625 1
vt 0 1
vt 0.0951875 1
vt 0 1
vt 0 0.75
vt 0.0951875 0.75
vt 0.09732440959556345 0.9999999999999998
vt 0.0021345785957068986 0.9999999999999998
vt 0 0.9892740740128763
vt 0.09945898819127032 0.9892740740128763
vt 0.010725925987123686 0.9005410118087297
vt 0.010725925987123686 1
vt 2.220446049250313e-16 0.9978654214042931
vt 2.7755575615628914e-16 0.9026755904044366
vt 0 0.75
vt 0.09945625 0.75
vt 0.09945625 1
vt 0 1
vt 0.0951875 1
vt 0 1
vt 0 0.75
vt 0.0951875 0.75
vt 0.09732198532063939 0.9999999999999994
vt 0.0021333106315646264 0.9999999999999994
vt 0 0.989271663297346
vt 0.09945478565810748 0.9892737202729461
vt 0.010728292578119025 0.9005452143206208
vt 0.010728292578119025 1
vt 0 0.9978664674798525
vt 0.000001968741674129859 0.902677792811137
vt 0 0.75
vt 0.09945625 0.75
vt 0.09945625 1
vt 0 1
vt 0.0951875 1
vt 0 1
vt 0 0.75
vt 0.0951875 0.75
vt 0.097321875 1
vt 0.002134375000000001 1
vt 0 0.989271875
vt 0.09945625 0.989271875
vt 0.09945625 1
vt 0 1
vt 0.002134375000000001 0.989271875
vt 0.097321875 0.989271875
vt 0 0.75
vt 0.09945625 0.75
vt 0.09945625 1
vt 0 1
vt 0.0951875 1
vt 0 1
vt 0 0.75
vt 0.0951875 0.75
vt 0.010728336702654856 0.9026785249734571
vt 0.010728336702654856 0.9978671996625319
vt 0.0000020569756015165197 1
vt 1.27675647831893e-15 0.9005452143418925
vt 0.0994547856793792 0.9999999999999992
vt 0 0.9999999999999991
vt 0.0021325784905162765 0.9892736761635542
vt 0.09732125315923175 0.9892717074218802
vt 0 0.75
vt 0.09945625 0.75
vt 0.09945625 1
vt 0 1
vt 0.0951875 1
vt 0 1
vt 0 0.75
vt 0.0951875 0.75
vt 0.010725925987123935 0.9026755904044366
vt 0.010725925987123908 0.9978654214042931
vt 4.996003610813204e-16 1
vt 4.996003610813204e-16 0.9005410118087297
vt 0.09945898819127032 0.9999999999999996
vt 0 0.9999999999999996
vt 0.002134578595706871 0.989274074012876
vt 0.09732440959556342 0.989274074012876
vt 0 0.75
vt 0.09945625 0.75
vt 0.09945625 1
vt 0 1
vt 0.0951875 1
vt 0 1
vt 0 0.75
vt 0.0951875 0.75
vt 0.010728336702654828 0.9026780146793606
vt 0.010728336702654828 0.9978666893684354
vt 1.27675647831893e-15 1
vt 0.0000020569756015165197 0.9005452143418925
vt 0.09945478567937921 0.9999999999999992
vt 0 0.9999999999999992
vt 0.0021335325201474464 0.9892717074218802
vt 0.09732220718886293 0.9892736761635543
vt 0 0.75
vt 0.09945625 0.75
vt 0.09945625 1
vt 0 1
vt 0.0951875 1
vt 0 1
vt 0 0.75
vt 0.0951875 0.75
vt 0.010728125000000005 0.902678125
vt 0.010728125000000005 0.997865625
vt 0 1
vt 0 0.90054375
vt 0 1
vt 0 0.90054375
vt 0.010728125000000005 0.902678125
vt 0.010728125000000005 0.997865625
vt 0 0.75
vt 0.09945625 0.75
vt 0.09945625 1
vt 0 1
vt 0.0951875 1
vt 0 1
vt 0 0.75
vt 0.0951875 0.75
vt 0.0021333106315646194 0.9892716632973452
vt 0.09732198532063938 0.9892716632973451
vt 0.09945478565810749 0.9999979430243984
vt 0 0.9999999999999988
vt 7.771561172376096e-16 1
vt 8.326672684688674e-16 0.9005452143206208
vt 0.010726323836445756 0.9026777928111371
vt 0.010728292578119775 0.9978664674798525
vt 0 0.75
vt 0.09945625 0.75
vt 0.09945625 1
vt 0 1
vt 0.0951875 1
vt 0 1
vt 0 0.75
vt 0.0951875 0.75
vt 0.002134578595706871 0.989274074012876
vt 0.09732440959556342 0.989274074012876
vt 0.09945898819127032 0.9999999999999996
vt 0 0.9999999999999996
vt 4.996003610813204e-16 1
vt 4.996003610813204e-16 0.9005410118087297
vt 0.010725925987123935 0.9026755904044366
vt 0.010725925987123908 0.9978654214042931
vt 0 0.75
vt 0.09945625 0.75
vt 0.09945625 1
vt 0 1
vt 0.0951875 1
vt 0 1
vt 0 0.75
vt 0.0951875 0.75
vt 0.0021328003374680854 0.9892716632973452
vt 0.09732147502654284 0.9892716632973452
vt 0.09945478565810748 0.9999999999999987
vt 0 0.9999979430243985
vt 7.771561172376096e-16 1
vt 7.771561172376096e-16 0.9005452143206207
vt 0.010728292578119775 0.9026787468407682
vt 0.010726323836445728 0.9978674215094837
vt 0 0.75
vt 0.09945625 0.75
vt 0.09945625 1
vt 0 1
vt 0.0951875 1
vt 0 1
vt 0 0.75
vt 0.0951875 0.75
vt 0.002134375000000001 0.989271875
vt 0.097321875 0.989271875
vt 0.09945625 1
vt 0 1
vt 0 0.989271875
vt 0.09945625 0.989271875
vt 0.097321875 1
vt 0.002134375000000001 1
vn 0.8639052963731444 0.503654285098846 2.1204790113309118e-16
vn -0.8639052963731446 -0.5036542850988459 -2.1204790113309118e-16
vn -1.5001116074123913e-16 -1.6370845497218327e-16 1
vn 1.5001116074123913e-16 1.6370845497218327e-16 -1
vn 0.9828385681786026 0.18446774487870365 1.776356839400251e-16
vn -0.9828385681786026 -0.18446774487870354 -1.7763568394002508e-16
vn -1.5001116074123913e-16 -1.6370845497218327e-16 1
vn 1.5001116074123913e-16 1.6370845497218327e-16 -1
vn 0.9720069502101598 -0.23495209882685425 1.0734824575816188e-16
vn -0.97200695021016 0.23495209882685408 -1.0734824575816194e-16
vn -1.5001116074123913e-16 -1.6370845497218327e-16 1
vn 1.5001116074123913e-16 1.6370845497218327e-16 -1
vn 0.7372773368101242 -0.6755902076156601 0
vn -0.7372773368101242 0.6755902076156601 0
vn -1.5001116074123913e-16 -1.6370845497218327e-16 1
vn 1.5001116074123913e-16 1.6370845497218327e-16 -1
vn 0.3187740228582928 -0.9478307456243128 -1.073482457581619e-16
vn -0.3187740228582937 0.9478307456243125 1.0734824575816171e-16
vn -1.5001116074123913e-16 -1.6370845497218327e-16 1
vn 1.5001116074123913e-16 1.6370845497218327e-16 -1
vn -0.09810576400645321 -0.9951759940174956 -1.77635683940025e-16
vn 0.09810576400645363 0.9951759940174956 1.776356839400251e-16
vn -1.5001116074123913e-16 -1.6370845497218327e-16 1
vn 1.5001116074123913e-16 1.6370845497218327e-16 -1
vn -0.4264434207176213 -0.9045142392061354 -2.1204790113309116e-16
vn 0.42644342071762154 0.9045142392061354 2.120479011330912e-16
vn -1.5001116074123913e-16 -1.6370845497218327e-16 1
vn 1.5001116074123913e-16 1.6370845497218327e-16 -1
vn -0.6755902076156601 -0.7372773368101242 -2.220446049250313e-16
vn 0.6755902076156601 0.7372773368101242 2.220446049250313e-16
vn -1.5001116074123913e-16 -1.6370845497218327e-16 1
vn 1.5001116074123913e-16 1.6370845497218327e-16 -1
vn -0.8639052963731444 -0.5036542850988459 -2.1204790113309116e-16
vn 0.863905296373144 0.5036542850988465 2.1204790113309116e-16
vn -1.5001116074123913e-16 -1.6370845497218327e-16 1
vn 1.5001116074123913e-16 1.6370845497218327e-16 -1
vn -0.9828385681786027 -0.18446774487870338 -1.7763568394002508e-16
vn 0.9828385681786027 0.18446774487870266 1.7763568394002496e-16
vn -1.5001116074123913e-16 -1.6370845497218327e-16 1
vn 1.5001116074123913e-16 1.6370845497218327e-16 -1
vn -0.9720069502101598 0.23495209882685453 -1.0734824575816183e-16
vn 0.97200695021016 -0.23495209882685342 1.0734824575816203e-16
vn -1.5001116074123913e-16 -1.6370845497218327e-16 1
vn 1.5001116074123913e-16 1.6370845497218327e-16 -1
vn -0.737277336810125 0.6755902076156594 -2.478669739132334e-31
vn 0.7372773368101242 -0.6755902076156601 0
vn -1.5001116074123913e-16 -1.6370845497218327e-16 1
vn 1.5001116074123913e-16 1.6370845497218327e-16 -1
vn -0.31877402285829265 0.9478307456243129 1.0734824575816196e-16
vn 0.3187740228582934 -0.9478307456243126 -1.0734824575816177e-16
vn -1.5001116074123913e-16 -1.6370845497218327e-16 1
vn 1.5001116074123913e-16 1.6370845497218327e-16 -1
vn 0.09810576400645338 0.9951759940174955 1.77635683940025e-16
vn -0.09810576400645388 -0.9951759940174953 -1.7763568394002508e-16
vn -1.5001116074123913e-16 -1.6370845497218327e-16 1
vn 1.5001116074123913e-16 1.6370845497218327e-16 -1
vn 0.42644342071762154 0.9045142392061354 2.120479011330912e-16
vn -0.426443420717621 -0.9045142392061357 -2.1204790113309118e-16
vn -1.5001116074123913e-16 -1.6370845497218327e-16 1
vn 1.5001116074123913e-16 1.6370845497218327e-16 -1
vn 0.6755902076156597 0.7372773368101245 2.220446049250313e-16
vn -0.6755902076156601 -0.7372773368101242 -2.220446049250313e-16
vn -1.5001116074123913e-16 -1.6370845497218327e-16 1
vn 1.5001116074123913e-16 1.6370845497218327e-16 -1
usemtl none
f 129/513/129 133/514/129 134/515/129 130/516/129
f 132/517/130 136/518/130 135/519/130 131/520/130
f 131/521/131 135/522/131 133/523/131 129/524/131
f 130/525/132 134/526/132 136/527/132 132/528/132
f 133/529/133 137/530/133 138/531/133 134/532/133
f 136/533/134 140/534/134 139/535/134 135/536/134
f 135/537/135 139/538/135 137/539/135 133/540/135
f 134/541/136 138/542/136 140/543/136 136/544/136
f 137/545/137 141/546/137 142/547/137 138/548/137
f 140/549/138 144/550/138 143/551/138 139/552/138
f 139/553/139 143/554/139 141/555/139 137/556/139
f 138/557/140 142/558/140 144/559/140 140/560/140
f 141/561/141 145/562/141 146/563/141 142/564/141
f 144/565/142 148/566/142 147/567/142 143/568/142
f 143/569/143 147/570/143 145/571/143 141/572/143
f 142/573/144 146/574/144 148/575/144 144/576/144
f 145/577/145 149/578/145 150/579/145 146/580/145
f 148/581/146 152/582/146 151/583/146 147/584/146
f 147/585/147 151/586/147 149/587/147 145/588/147
f 146/589/148 150/590/148 152/591/148 148/592/148
f 149/593/149 153/594/149 154/595/149 150/596/149
f 152/597/150 156/598/150 155/599/150 151/600/150
f 151/601/151 155/602/151 153/603/151 149/604/151
f 150/605/152 154/606/152 156/607/152 152/608/152
f 153/609/153 157/610/153 158/611/153 154/612/153
f 156/613/154 160/614/154 159/615/154 155/616/154
f 155/617/155 159/618/155 157/619/155 153/620/155
f 154/621/156 158/622/156 160/623/156 156/624/156
f 157/625/157 161/626/157 162/627/157 158/628/157
f 160/629/158 164/630/158 163/631/158 159/632/158
f 159/633/159 163/634/159 161/635/159 157/636/159
f 158/637/160 162/638/160 164/639/160 160/640/160
f 161/641/161 165/642/161 166/643/161 162/644/161
f 164/645/162 168/646/162 167/647/162 163/648/162
f 163/649/163 167/650/163 165/651/163 161/652/163
f 162/653/164 166/654/164 168/655/164 164/656/164
f 165/657/165 169/658/165 170/659/165 166/660/165
f 168/661/166 172/662/166 171/663/166 167/664/166
f 167/665/167 171/666/167 169/667/167 165/668/167
f 166/669/168 170/670/168 172/671/168 168/672/168
f 169/673/169 173/674/169 174/675/169 170/676/169
f 172/677/170 176/678/170 175/679/170 171/680/170
f 171/681/171 175/682/171 173/683/171 169/684/171
f 170/685/172 174/686/172 176/687/172 172/688/172
f 173/689/173 177/690/173 178/691/173 174/692/173
f 176/693/174 180/694/174 179/695/174 175/696/174
f 175/697/175 179/698/175 177/699/175 173/700/175
f 174/701/176 178/702/176 180/703/176 176/704/176
f 177/705/177 181/706/177 182/707/177 178/708/177
f 180/709/178 184/710/178 183/711/178 179/712/178
f 179/713/179 183/714/179 181/715/179 177/716/179
f 178/717/180 182/718/180 184/719/180 180/720/180
f 181/721/181 185/722/181 186/723/181 182/724/181
f 184/725/182 188/726/182 187/727/182 183/728/182
f 183/729/183 187/730/183 185/731/183 181/732/183
f 182/733/184 186/734/184 188/735/184 184/736/184
f 185/737/185 189/738/185 190/739/185 186/740/185
f 188/741/186 192/742/186 191/743/186 187/744/186
f 187/745/187 191/746/187 189/747/187 185/748/187
f 186/749/188 190/750/188 192/751/188 188/752/188
f 189/753/189 129/754/189 130/755/189 190/756/189
f 192/757/190 132/758/190 131/759/190 191/760/190
f 191/761/191 131/762/191 129/763/191 189/764/191
f 190/765/192 130/766/192 132/767/192 192/768/192
o tube
v 0.31579736797798263 0.21089261958442254 0.01562500000000001
v 0.31579736797798263 0.21089261958442254 -0.01562499999999999
v 0.3140452223352355 0.20977008471306813 0.01562500000000001
v 0.3140452223352355 0.20977008471306813 -0.01562499999999999
v 0.3279124379216506 0.19011195038350082 0.01562500000000001
v 0.3279124379216506 0.19011195038350082 -0.015624999999999991
v 0.32564044865939545 0.18988108995921402 0.015625000000000007
v 0.32564044865939545 0.18988108995921402 -0.015624999999999991
v 0.33196647067341173 0.16851218643718047 0.015625000000000007
v 0.33196647067341173 0.16851218643718047 -0.015624999999999995
v 0.329520527561193 0.16920814686680402 0.015625000000000007
v 0.329520527561193 0.16920814686680402 -0.015624999999999995
v 0.3273422764967087 0.14938169600394102 0.015625000000000003
v 0.3273422764967087 0.14938169600394102 -0.015624999999999998
v 0.3250947522008321 0.15089852362096173 0.015625000000000003
v 0.3250947522008321 0.15089852362096173 -0.015624999999999998
v 0.3147438470365201 0.1356329228339156 0.015624999999999998
v 0.3147438470365201 0.1356329228339156 -0.015625000000000003
v 0.3130369067571744 0.13773969438371864 0.015624999999999998
v 0.3130369067571744 0.13773969438371864 -0.015625000000000003
v 0.29608917897311204 0.1293589930093014 0.015624999999999995
v 0.29608917897311204 0.1293589930093014 -0.015625000000000007
v 0.2951826888943755 0.13173497162136089 0.015624999999999995
v 0.2951826888943755 0.13173497162136089 -0.015625000000000007
v 0.27421827641415136 0.13151505547258044 0.015624999999999991
v 0.2742182764141514 0.13151505547258044 -0.01562500000000001
v 0.27425024143315857 0.13379851994151012 0.015624999999999991
v 0.27425024143315857 0.13379851994151012 -0.015625000000000007
v 0.25246078601401456 0.14177286925847338 0.01562499999999999
v 0.25246078601401456 0.1417728692584734 -0.01562500000000001
v 0.2534263397463852 0.14361618281853566 0.01562499999999999
v 0.2534263397463852 0.14361618281853566 -0.01562500000000001
v 0.23412908845398062 0.15857077520539162 0.01562499999999999
v 0.23412908845398062 0.15857077520539162 -0.01562500000000001
v 0.23588123409672773 0.15969331007674603 0.01562499999999999
v 0.23588123409672773 0.15969331007674603 -0.01562500000000001
v 0.22201401851031266 0.17935144440631332 0.015624999999999991
v 0.22201401851031266 0.17935144440631334 -0.01562500000000001
v 0.22428600777256774 0.17958230483060011 0.015624999999999991
v 0.22428600777256777 0.17958230483060011 -0.015625000000000007
v 0.21795998575855155 0.2009512083526337 0.015624999999999995
v 0.21795998575855155 0.2009512083526337 -0.015625000000000007
v 0.2204059288707703 0.20025524792301014 0.015624999999999995
v 0.2204059288707703 0.20025524792301014 -0.015625000000000007
v 0.22258417993525453 0.22008169878587308 0.015624999999999998
v 0.22258417993525453 0.22008169878587308 -0.015625000000000003
v 0.2248317042311311 0.21856487116885243 0.015624999999999998
v 0.2248317042311311 0.21856487116885243 -0.015625000000000003
v 0.2351826093954432 0.23383047195589857 0.015625000000000003
v 0.2351826093954432 0.23383047195589857 -0.015624999999999998
v 0.23688954967478887 0.23172370040609552 0.015625000000000003
v 0.23688954967478887 0.23172370040609552 -0.015624999999999998
v 0.2538372774588512 0.24010440178051276 0.015625000000000007
v 0.2538372774588512 0.24010440178051276 -0.015624999999999995
v 0.25474376753758776 0.23772842316845325 0.015625000000000007
v 0.25474376753758776 0.23772842316845325 -0.015624999999999995
v 0.27570818001781183 0.2379483393172337 0.01562500000000001
v 0.2757081800178119 0.23794833931723372 -0.015624999999999991
v 0.2756762149988047 0.235664874848304 0.015625000000000007
v 0.2756762149988047 0.235664874848304 -0.015624999999999991
v 0.2974656704179487 0.22769052553134075 0.01562500000000001
v 0.2974656704179487 0.22769052553134075 -0.01562499999999999
v 0.2965001166855781 0.2258472119712785 0.01562500000000001
v 0.2965001166855781 0.2258472119712785 -0.01562499999999999
vt 0 0.75
vt 0.09945625 0.75
vt 0.09945625 1
vt 0 1
vt 0.0951875 1
vt 0 1
vt 0 0.75
vt 0.0951875 0.75
vt 5.551115123125783e-16 0.9978666893684354
vt 5.551115123125783e-16 0.9026780146793606
vt 0.010726279727053867 0.9005452143418925
vt 0.010728336702654107 1
vt 0 0.989271707421881
vt 0.0994547856793792 0.989271707421881
vt 0.09732220718886293 0.9999980312583259
vt 0.0021335325201474534 1
vt 0 0.75
vt 0.09945625 0.75
vt 0.09945625 1
vt 0 1
vt 0.0951875 1
vt 0 1
vt 0 0.75
vt 0.0951875 0.75
vt 2.220446049250313e-16 0.9978654214042931
vt 2.7755575615628914e-16 0.9026755904044366
vt 0.010725925987123686 0.9005410118087297
vt 0.010725925987123686 1
vt 0 0.9892740740128763
vt 0.09945898819127032 0.9892740740128763
vt 0.09732440959556345 0.9999999999999998
vt 0.0021345785957068986 0.9999999999999998
vt 0 0.75
vt 0.09945625 0.75
vt 0.09945625 1
vt 0 1
vt 0.0951875 1
vt 0 1
vt 0 0.75
vt 0.0951875 0.75
vt 5.551115123125783e-16 0.9978671996625319
vt 5.551115123125783e-16 0.9026785249734571
vt 0.010728336702654107 0.9005452143418925
vt 0.010726279727053867 1
vt 0 0.989271707421881
vt 0.09945478567937921 0.989271707421881
vt 0.09732125315923176 1
vt 0.0021325784905162765 0.999998031258326
vt 0 0.75
vt 0.09945625 0.75
vt 0.09945625 1
vt 0 1
vt 0.0951875 1
vt 0 1
vt 0 0.75
vt 0.0951875 0.75
vt 0 0.997865625
vt 0 0.902678125
vt 0.010728125000000005 0.90054375
vt 0.010728125000000005 1
vt 0.010728125000000005 0.90054375
vt 0.010728125000000005 1
vt 0 0.997865625
vt 0 0.902678125
vt 0 0.75
vt 0.09945625 0.75
vt 0.09945625 1
vt 0 1
vt 0.0951875 1
vt 0 1
vt 0 0.75
vt 0.0951875 0.75
vt 0.09732147502654287 0.9999999999999994
vt 0.002132800337468113 0.9999999999999994
vt 0 0.9892737202729461
vt 0.09945478565810749 0.989271663297346
vt 0.010728292578118998 0.9005452143206207
vt 0.010728292578118998 1
vt 0.0000019687416740465924 0.9978674215094837
vt 0 0.9026787468407682
vt 0 0.75
vt 0.09945625 0.75
vt 0.09945625 1
vt 0 1
vt 0.0951875 1
vt 0 1
vt 0 0.75
vt 0.0951875 0.75
vt 0.09732440959556345 0.9999999999999998
vt 0.0021345785957068986 0.9999999999999998
vt 0 0.9892740740128763
vt 0.09945898819127032 0.9892740740128763
vt 0.010725925987123686 0.9005410118087297
vt 0.010725925987123686 1
vt 2.220446049250313e-16 0.9978654214042931
vt 2.7755575615628914e-16 0.9026755904044366
vt 0 0.75
vt 0.09945625 0.75
vt 0.09945625 1
vt 0 1
vt 0.0951875 1
vt 0 1
vt 0 0.75
vt 0.0951875 0.75
vt 0.09732198532063939 0.9999999999999994
vt 0.0021333106315646264 0.9999999999999994
vt 0 0.989271663297346
vt 0.09945478565810748 0.9892737202729461
vt 0.010728292578119025 0.9005452143206208
vt 0.010728292578119025 1
vt 0 0.9978664674798525
vt 0.000001968741674129859 0.902677792811137
vt 0 0.75
vt 0.09945625 0.75
vt 0.09945625 1
vt 0 1
vt 0.0951875 1
vt 0 1
vt 0 0.75
vt 0.0951875 0.75
vt 0.097321875 1
vt 0.002134375000000001 1
vt 0 0.989271875
vt 0.09945625 0.989271875
vt 0.09945625 1
vt 0 1
vt 0.002134375000000001 0.989271875
vt 0.097321875 0.989271875
vt 0 0.75
vt 0.09945625 0.75
vt 0.09945625 1
vt 0 1
vt 0.0951875 1
vt 0 1
vt 0 0.75
vt 0.0951875 0.75
vt 0.010728336702654856 0.9026785249734571
vt 0.010728336702654856 0.9978671996625319
vt 0.0000020569756015165197 1
vt 1.27675647831893e-15 0.9005452143418925
vt 0.0994547856793792 0.9999999999999992
vt 0 0.9999999999999991
vt 0.0021325784905162765 0.9892736761635542
vt 0.09732125315923175 0.9892717074218802
vt 0 0.75
vt 0.09945625 0.75
vt 0.09945625 1
vt 0 1
vt 0.0951875 1
vt 0 1
vt 0 0.75
vt 0.0951875 0.75
vt 0.010725925987123935 0.9026755904044366
vt 0.010725925987123908 0.9978654214042931
vt 4.996003610813204e-16 1
vt 4.996003610813204e-16 0.9005410118087297
vt 0.09945898819127032 0.9999999999999996
vt 0 0.9999999999999996
vt 0.002134578595706871 0.989274074012876
vt 0.09732440959556342 0.989274074012876
vt 0 0.75
vt 0.09945625 0.75
vt 0.09945625 1
vt 0 1
vt 0.0951875 1
vt 0 1
vt 0 0.75
vt 0.0951875 0.75
vt 0.010728336702654828 0.9026780146793606
vt 0.010728336702654828 0.9978666893684354
vt 1.27675647831893e-15 1
vt 0.0000020569756015165197 0.9005452143418925
vt 0.09945478567937921 0.9999999999999992
vt 0 0.9999999999999992
vt 0.0021335325201474464 0.9892717074218802
vt 0.09732220718886293 0.9892736761635543
vt 0 0.75
vt 0.09945625 0.75
vt 0.09945625 1
vt 0 1
vt 0.0951875 1
vt 0 1
vt 0 0.75
vt 0.0951875 0.75
vt 0.010728125000000005 0.902678125
vt 0.010728125000000005 0.997865625
vt 0 1
vt 0 0.90054375
vt 0 1
vt 0 0.90054375
vt 0.010728125000000005 0.902678125
vt 0.010728125000000005 0.997865625
vt 0 0.75
vt 0.09945625 0.75
vt 0.09945625 1
vt 0 1
vt 0.0951875 1
vt 0 1
vt 0 0.75
vt 0.0951875 0.75
vt 0.0021333106315646194 0.9892716632973452
vt 0.09732198532063938 0.9892716632973451
vt 0.09945478565810749 0.9999979430243984
vt 0 0.9999999999999988
vt 7.771561172376096e-16 1
vt 8.326672684688674e-16 0.9005452143206208
vt 0.010726323836445756 0.9026777928111371
vt 0.010728292578119775 0.9978664674798525
vt 0 0.75
vt 0.09945625 0.75
vt 0.09945625 1
vt 0 1
vt 0.0951875 1
vt 0 1
vt 0 0.75
vt 0.0951875 0.75
vt 0.002134578595706871 0.989274074012876
vt 0.09732440959556342 0.989274074012876
vt 0.09945898819127032 0.9999999999999996
vt 0 0.9999999999999996
vt 4.996003610813204e-16 1
vt 4.996003610813204e-16 0.9005410118087297
vt 0.010725925987123935 0.9026755904044366
vt 0.010725925987123908 0.9978654214042931
vt 0 0.75
vt 0.09945625 0.75
vt 0.09945625 1
vt 0 1
vt 0.0951875 1
vt 0 1
vt 0 0.75
vt 0.0951875 0.75
vt 0.0021328003374680854 0.9892716632973452
vt 0.09732147502654284 0.9892716632973452
vt 0.09945478565810748 0.9999999999999987
vt 0 0.9999979430243985
vt 7.771561172376096e-16 1
vt 7.771561172376096e-16 0.9005452143206207
vt 0.010728292578119775 0.9026787468407682
vt 0.010726323836445728 0.9978674215094837
vt 0 0.75
vt 0.09945625 0.75
vt 0.09945625 1
vt 0 1
vt 0.0951875 1
vt 0 1
vt 0 0.75
vt 0.0951875 0.75
vt 0.002134375000000001 0.989271875
vt 0.097321875 0.989271875
vt 0.09945625 1
vt 0 1
vt 0 0.989271875
vt 0.09945625 0.989271875
vt 0.097321875 1
vt 0.002134375000000001 1
vn 0.8639052963731444 0.503654285098846 2.1204790113309118e-16
vn -0.8639052963731446 -0.5036542850988459 -2.1204790113309118e-16
vn -1.5001116074123913e-16 -1.6370845497218327e-16 1
vn 1.5001116074123913e-16 1.6370845497218327e-16 -1
vn 0.9828385681786026 0.18446774487870365 1.776356839400251e-16
vn -0.9828385681786026 -0.18446774487870354 -1.7763568394002508e-16
vn -1.5001116074123913e-16 -1.6370845497218327e-16 1
vn 1.5001116074123913e-16 1.6370845497218327e-16 -1
vn 0.9720069502101598 -0.23495209882685425 1.0734824575816188e-16
vn -0.97200695021016 0.23495209882685408 -1.0734824575816194e-16
vn -1.5001116074123913e-16 -1.6370845497218327e-16 1
vn 1.5001116074123913e-16 1.6370845497218327e-16 -1
vn 0.7372773368101242 -0.6755902076156601 0
vn -0.7372773368101242 0.6755902076156601 0
vn -1.5001116074123913e-16 -1.6370845497218327e-16 1
vn 1.5001116074123913e-16 1.6370845497218327e-16 -1
vn 0.3187740228582928 -0.9478307456243128 -1.073482457581619e-16
vn -0.3187740228582937 0.9478307456243125 1.0734824575816171e-16
vn -1.5001116074123913e-16 -1.6370845497218327e-16 1
vn 1.5001116074123913e-16 1.6370845497218327e-16 -1
vn -0.09810576400645321 -0.9951759940174956 -1.77635683940025e-16
vn 0.09810576400645363 0.9951759940174956 1.776356839400251e-16
vn -1.5001116074123913e-16 -1.6370845497218327e-16 1
vn 1.5001116074123913e-16 1.6370845497218327e-16 -1
vn -0.4264434207176213 -0.9045142392061354 -2.1204790113309116e-16
vn 0.42644342071762154 0.9045142392061354 2.120479011330912e-16
vn -1.5001116074123913e-16 -1.6370845497218327e-16 1
vn 1.5001116074123913e-16 1.6370845497218327e-16 -1
vn -0.6755902076156601 -0.7372773368101242 -2.220446049250313e-16
vn 0.6755902076156601 0.7372773368101242 2.220446049250313e-16
vn -1.5001116074123913e-16 -1.6370845497218327e-16 1
vn 1.5001116074123913e-16 1.6370845497218327e-16 -1
vn -0.8639052963731444 -0.5036542850988459 -2.1204790113309116e-16
vn 0.863905296373144 0.5036542850988465 2.1204790113309116e-16
vn -1.5001116074123913e-16 -1.6370845497218327e-16 1
vn 1.5001116074123913e-16 1.6370845497218327e-16 -1
vn -0.9828385681786027 -0.18446774487870338 -1.7763568394002508e-16
vn 0.9828385681786027 0.18446774487870266 1.7763568394002496e-16
vn -1.5001116074123913e-16 -1.6370845497218327e-16 1
vn 1.5001116074123913e-16 1.6370845497218327e-16 -1
vn -0.9720069502101598 0.23495209882685453 -1.0734824575816183e-16
vn 0.97200695021016 -0.23495209882685342 1.0734824575816203e-16
vn -1.5001116074123913e-16 -1.6370845497218327e-16 1
vn 1.5001116074123913e-16 1.6370845497218327e-16 -1
vn -0.737277336810125 0.6755902076156594 -2.478669739132334e-31
vn 0.7372773368101242 -0.6755902076156601 0
vn -1.5001116074123913e-16 -1.6370845497218327e-16 1
vn 1.5001116074123913e-16 1.6370845497218327e-16 -1
vn -0.31877402285829265 0.9478307456243129 1.0734824575816196e-16
vn 0.3187740228582934 -0.9478307456243126 -1.0734824575816177e-16
vn -1.5001116074123913e-16 -1.6370845497218327e-16 1
vn 1.5001116074123913e-16 1.6370845497218327e-16 -1
vn 0.09810576400645338 0.9951759940174955 1.77635683940025e-16
vn -0.09810576400645388 -0.9951759940174953 -1.7763568394002508e-16
vn -1.5001116074123913e-16 -1.6370845497218327e-16 1
vn 1.5001116074123913e-16 1.6370845497218327e-16 -1
vn 0.42644342071762154 0.9045142392061354 2.120479011330912e-16
vn -0.426443420717621 -0.9045142392061357 -2.1204790113309118e-16
vn -1.5001116074123913e-16 -1.6370845497218327e-16 1
vn 1.5001116074123913e-16 1.6370845497218327e-16 -1
vn 0.6755902076156597 0.7372773368101245 2.220446049250313e-16
vn -0.6755902076156601 -0.7372773368101242 -2.220446049250313e-16
vn -1.5001116074123913e-16 -1.6370845497218327e-16 1
vn 1.5001116074123913e-16 1.6370845497218327e-16 -1
usemtl none
f 193/769/193 197/770/193 198/771/193 194/772/193
f 196/773/194 200/774/194 199/775/194 195/776/194
f 195/777/195 199/778/195 197/779/195 193/780/195
f 194/781/196 198/782/196 200/783/196 196/784/196
f 197/785/197 201/786/197 202/787/197 198/788/197
f 200/789/198 204/790/198 203/791/198 199/792/198
f 199/793/199 203/794/199 201/795/199 197/796/199
f 198/797/200 202/798/200 204/799/200 200/800/200
f 201/801/201 205/802/201 206/803/201 202/804/201
f 204/805/202 208/806/202 207/807/202 203/808/202
f 203/809/203 207/810/203 205/811/203 201/812/203
f 202/813/204 206/814/204 208/815/204 204/816/204
f 205/817/205 209/818/205 210/819/205 206/820/205
f 208/821/206 212/822/206 211/823/206 207/824/206
f 207/825/207 211/826/207 209/827/207 205/828/207
f 206/829/208 210/830/208 212/831/208 208/832/208
f 209/833/209 213/834/209 214/835/209 210/836/209
f 212/837/210 216/838/210 215/839/210 211/840/210
f 211/841/211 215/842/211 213/843/211 209/844/211
f 210/845/212 214/846/212 216/847/212 212/848/212
f 213/849/213 217/850/213 218/851/213 214/852/213
f 216/853/214 220/854/214 219/855/214 215/856/214
f 215/857/215 219/858/215 217/859/215 213/860/215
f 214/861/216 218/862/216 220/863/216 216/864/216
f 217/865/217 221/866/217 222/867/217 218/868/217
f 220/869/218 224/870/218 223/871/218 219/872/218
f 219/873/219 223/874/219 221/875/219 217/876/219
f 218/877/220 222/878/220 224/879/220 220/880/220
f 221/881/221 225/882/221 226/883/221 222/884/221
f 224/885/222 228/886/222 227/887/222 223/888/222
f 223/889/223 227/890/223 225/891/223 221/892/223
f 222/893/224 226/894/224 228/895/224 224/896/224
f 225/897/225 229/898/225 230/899/225 226/900/225
f 228/901/226 232/902/226 231/903/226 227/904/226
f 227/905/227 231/906/227 229/907/227 225/908/227
f 226/909/228 230/910/228 232/911/228 228/912/228
f 229/913/229 233/914/229 234/915/229 230/916/229
f 232/917/230 236/918/230 235/919/230 231/920/230
f 231/921/231 235/922/231 233/923/231 229/924/231
f 230/925/232 234/926/232 236/927/232 232/928/232
f 233/929/233 237/930/233 238/931/233 234/932/233
f 236/933/234 240/934/234 239/935/234 235/936/234
f 235/937/235 239/938/235 237/939/235 233/940/235
f 234/941/236 238/942/236 240/943/236 236/944/236
f 237/945/237 241/946/237 242/947/237 238/948/237
f 240/949/238 244/950/238 243/951/238 239/952/238
f 239/953/239 243/954/239 241/955/239 237/956/239
f 238/957/240 242/958/240 244/959/240 240/960/240
f 241/961/241 245/962/241 246/963/241 242/964/241
f 244/965/242 248/966/242 247/967/242 243/968/242
f 243/969/243 247/970/243 245/971/243 241/972/243
f 242/973/244 246/974/244 248/975/244 244/976/244
f 245/977/245 249/978/245 250/979/245 246/980/245
f 248/981/246 252/982/246 251/983/246 247/984/246
f 247/985/247 251/986/247 249/987/247 245/988/247
f 246/989/248 250/990/248 252/991/248 248/992/248
f 249/993/249 253/994/249 254/995/249 250/996/249
f 252/997/250 256/998/250 255/999/250 251/1000/250
f 251/1001/251 255/1002/251 253/1003/251 249/1004/251
f 250/1005/252 254/1006/252 256/1007/252 252/1008/252
f 253/1009/253 193/1010/253 194/1011/253 254/1012/253
f 256/1013/254 196/1014/254 195/1015/254 255/1016/254
f 255/1017/255 195/1018/255 193/1019/255 253/1020/255
f 254/1021/256 194/1022/256 196/1023/256 256/1024/256
o tube
v 0.22984725605901238 0.20488002998923294 -0.009324017220921452
v 0.25095945004700176 0.22791994676454932 -0.009324017220921452
v 0.22787002377140125 0.20669182957264481 -0.008923934441126019
v 0.24898221775939064 0.22973174634796117 -0.008923934441126019
v 0.22283201911565986 0.21130831029354555 -0.026552554563305682
v 0.24394421310364925 0.23434822706886194 -0.026552554563305682
v 0.22115580252018222 0.21284427981438708 -0.025413215200383803
v 0.2422679965081716 0.23588419658970344 -0.025413215200383803
v 0.209869551460299 0.22318622349834524 -0.039738706172933125
v 0.2309817454482884 0.2462261402736616 -0.039738706172933125
v 0.20874953933867502 0.22421252552066667 -0.03803356431675261
v 0.2298617333266644 0.24725244229598306 -0.03803356431675261
v 0.19293327128839657 0.2387054649917526 -0.046875
v 0.21404546527638596 0.26174538176706896 -0.046875
v 0.19253997533320835 0.23906585433610653 -0.04486364804101492
v 0.21365216932119774 0.2621057711114229 -0.04486364804101492
v 0.17460157372836269 0.2555033709386708 -0.046875
v 0.19571376771635204 0.2785432877139872 -0.046875
v 0.1749948696835509 0.25514298159431686 -0.04486364804101492
v 0.1961070636715403 0.2781828983696332 -0.04486364804101492
v 0.15766529355646025 0.27102261243207815 -0.039738706172933146
v 0.17877748754444964 0.2940625292073945 -0.039738706172933146
v 0.15878530567808424 0.2699963104097567 -0.038033564316752644
v 0.17989749966607363 0.29303622718507305 -0.038033564316752644
v 0.14470282590109937 0.28290052563687784 -0.026552554563305703
v 0.16581501988908876 0.3059404424121942 -0.026552554563305703
v 0.14637904249657702 0.28136455611603634 -0.025413215200383824
v 0.1674912364845664 0.3044044728913527 -0.025413215200383824
v 0.13768758895774685 0.2893288059411905 -0.0093240172209215
v 0.15879978294573624 0.31236872271650684 -0.0093240172209215
v 0.139664821245358 0.2875170063577786 -0.008923934441126064
v 0.16077701523334736 0.31055692313309496 -0.008923934441126064
v 0.13768758895774685 0.2893288059411905 0.00932401722092146
v 0.15879978294573624 0.31236872271650684 0.00932401722092146
v 0.13966482124535798 0.2875170063577786 0.008923934441126026
v 0.16077701523334736 0.31055692313309496 0.008923934441126026
v 0.14470282590109937 0.28290052563687784 0.026552554563305672
v 0.16581501988908876 0.30594044241219426 0.026552554563305672
v 0.14637904249657702 0.28136455611603634 0.0254132152003838
v 0.16749123648456637 0.3044044728913527 0.0254132152003838
v 0.15766529355646025 0.27102261243207815 0.039738706172933125
v 0.1787774875444496 0.2940625292073945 0.039738706172933125
v 0.15878530567808422 0.2699963104097567 0.03803356431675261
v 0.1798974996660736 0.2930362271850731 0.03803356431675261
v 0.17460157372836263 0.2555033709386708 0.046874999999999986
v 0.19571376771635202 0.2785432877139872 0.046874999999999986
v 0.17499486968355088 0.2551429815943169 0.04486364804101492
v 0.19610706367154024 0.2781828983696333 0.04486364804101492
v 0.19293327128839657 0.2387054649917526 0.046875
v 0.21404546527638596 0.26174538176706896 0.046875
v 0.19253997533320835 0.23906585433610653 0.04486364804101492
v 0.21365216932119774 0.2621057711114229 0.04486364804101492
v 0.20986955146029898 0.22318622349834527 0.039738706172933146
v 0.23098174544828837 0.24622614027366166 0.039738706172933146
v 0.208749539338675 0.22421252552066673 0.038033564316752644
v 0.22986173332666437 0.2472524422959831 0.038033564316752644
v 0.22283201911565986 0.21130831029354555 0.026552554563305703
v 0.24394421310364922 0.23434822706886194 0.026552554563305703
v 0.22115580252018222 0.21284427981438708 0.025413215200383824
v 0.2422679965081716 0.23588419658970347 0.025413215200383824
v 0.22984725605901238 0.20488002998923294 0.009324017220921505
v 0.25095945004700176 0.22791994676454932 0.009324017220921505
v 0.22787002377140125 0.20669182957264481 0.008923934441126068
v 0.2489822177593906 0.22973174634796117 0.008923934441126068
vt 0 0.75
vt 0.09945625 0.75
vt 0.09945625 1
vt 0 1
vt 0.0951875 1
vt 0 1
vt 0 0.75
vt 0.0951875 0.75
vt 5.551115123125783e-16 0.9978666893684354
vt 5.551115123125783e-16 0.9026780146793606
vt 0.010726279727053867 0.9005452143418925
vt 0.010728336702654107 1
vt 0 0.989271707421881
vt 0.0994547856793792 0.989271707421881
vt 0.09732220718886293 0.9999980312583259
vt 0.0021335325201474534 1
vt 0 0.75
vt 0.09945625 0.75
vt 0.09945625 1
vt 0 1
vt 0.0951875 1
vt 0 1
vt 0 0.75
vt 0.0951875 0.75
vt 2.220446049250313e-16 0.9978654214042931
vt 2.7755575615628914e-16 0.9026755904044366
vt 0.010725925987123686 0.9005410118087297
vt 0.010725925987123686 1
vt 0 0.9892740740128763
vt 0.09945898819127032 0.9892740740128763
vt 0.09732440959556345 0.9999999999999998
vt 0.0021345785957068986 0.9999999999999998
vt 0 0.75
vt 0.09945625 0.75
vt 0.09945625 1
vt 0 1
vt 0.0951875 1
vt 0 1
vt 0 0.75
vt 0.0951875 0.75
vt 5.551115123125783e-16 0.9978671996625319
vt 5.551115123125783e-16 0.9026785249734571
vt 0.010728336702654107 0.9005452143418925
vt 0.010726279727053867 1
vt 0 0.989271707421881
vt 0.09945478567937921 0.989271707421881
vt 0.09732125315923176 1
vt 0.0021325784905162765 0.999998031258326
vt 0 0.75
vt 0.09945625 0.75
vt 0.09945625 1
vt 0 1
vt 0.0951875 1
vt 0 1
vt 0 0.75
vt 0.0951875 0.75
vt 0 0.997865625
vt 0 0.902678125
vt 0.010728125000000005 0.90054375
vt 0.010728125000000005 1
vt 0.010728125000000005 0.90054375
vt 0.010728125000000005 1
vt 0 0.997865625
vt 0 0.902678125
vt 0 0.75
vt 0.09945625 0.75
vt 0.09945625 1
vt 0 1
vt 0.0951875 1
vt 0 1
vt 0 0.75
vt 0.0951875 0.75
vt 0.09732147502654287 0.9999999999999994
vt 0.002132800337468113 0.9999999999999994
vt 0 0.9892737202729461
vt 0.09945478565810749 0.989271663297346
vt 0.010728292578118998 0.9005452143206207
vt 0.010728292578118998 1
vt 0.0000019687416740465924 0.9978674215094837
vt 0 0.9026787468407682
vt 0 0.75
vt 0.09945625 0.75
vt 0.09945625 1
vt 0 1
vt 0.0951875 1
vt 0 1
vt 0 0.75
vt 0.0951875 0.75
vt 0.09732440959556345 0.9999999999999998
vt 0.0021345785957068986 0.9999999999999998
vt 0 0.9892740740128763
vt 0.09945898819127032 0.9892740740128763
vt 0.010725925987123686 0.9005410118087297
vt 0.010725925987123686 1
vt 2.220446049250313e-16 0.9978654214042931
vt 2.7755575615628914e-16 0.9026755904044366
vt 0 0.75
vt 0.09945625 0.75
vt 0.09945625 1
vt 0 1
vt 0.0951875 1
vt 0 1
vt 0 0.75
vt 0.0951875 0.75
vt 0.09732198532063939 0.9999999999999994
vt 0.0021333106315646264 0.9999999999999994
vt 0 0.989271663297346
vt 0.09945478565810748 0.9892737202729461
vt 0.010728292578119025 0.9005452143206208
vt 0.010728292578119025 1
vt 0 0.9978664674798525
vt 0.000001968741674129859 0.902677792811137
vt 0 0.75
vt 0.09945625 0.75
vt 0.09945625 1
vt 0 1
vt 0.0951875 1
vt 0 1
vt 0 0.75
vt 0.0951875 0.75
vt 0.097321875 1
vt 0.002134375000000001 1
vt 0 0.989271875
vt 0.09945625 0.989271875
vt 0.09945625 1
vt 0 1
vt 0.002134375000000001 0.989271875
vt 0.097321875 0.989271875
vt 0 0.75
vt 0.09945625 0.75
vt 0.09945625 1
vt 0 1
vt 0.0951875 1
vt 0 1
vt 0 0.75
vt 0.0951875 0.75
vt 0.010728336702654856 0.9026785249734571
vt 0.010728336702654856 0.9978671996625319
vt 0.0000020569756015165197 1
vt 1.27675647831893e-15 0.9005452143418925
vt 0.0994547856793792 0.9999999999999992
vt 0 0.9999999999999991
vt 0.0021325784905162765 0.9892736761635542
vt 0.09732125315923175 0.9892717074218802
vt 0 0.75
vt 0.09945625 0.75
vt 0.09945625 1
vt 0 1
vt 0.0951875 1
vt 0 1
vt 0 0.75
vt 0.0951875 0.75
vt 0.010725925987123935 0.9026755904044366
vt 0.010725925987123908 0.9978654214042931
vt 4.996003610813204e-16 1
vt 4.996003610813204e-16 0.9005410118087297
vt 0.09945898819127032 0.9999999999999996
vt 0 0.9999999999999996
vt 0.002134578595706871 0.989274074012876
vt 0.09732440959556342 0.989274074012876
vt 0 0.75
vt 0.09945625 0.75
vt 0.09945625 1
vt 0 1
vt 0.0951875 1
vt 0 1
vt 0 0.75
vt 0.0951875 0.75
vt 0.010728336702654828 0.9026780146793606
vt 0.010728336702654828 0.9978666893684354
vt 1.27675647831893e-15 1
vt 0.0000020569756015165197 0.9005452143418925
vt 0.09945478567937921 0.9999999999999992
vt 0 0.9999999999999992
vt 0.0021335325201474464 0.9892717074218802
vt 0.09732220718886293 0.9892736761635543
vt 0 0.75
vt 0.09945625 0.75
vt 0.09945625 1
vt 0 1
vt 0.0951875 1
vt 0 1
vt 0 0.75
vt 0.0951875 0.75
vt 0.010728125000000005 0.902678125
vt 0.010728125000000005 0.997865625
vt 0 1
vt 0 0.90054375
vt 0 1
vt 0 0.90054375
vt 0.010728125000000005 0.902678125
vt 0.010728125000000005 0.997865625
vt 0 0.75
vt 0.09945625 0.75
vt 0.09945625 1
vt 0 1
vt 0.0951875 1
vt 0 1
vt 0 0.75
vt 0.0951875 0.75
vt 0.0021333106315646194 0.9892716632973452
vt 0.09732198532063938 0.9892716632973451
vt 0.09945478565810749 0.9999979430243984
vt 0 0.9999999999999988
vt 7.771561172376096e-16 1
vt 8.326672684688674e-16 0.9005452143206208
vt 0.010726323836445756 0.9026777928111371
vt 0.010728292578119775 0.9978664674798525
vt 0 0.75
vt 0.09945625 0.75
vt 0.09945625 1
vt 0 1
vt 0.0951875 1
vt 0 1
vt 0 0.75
vt 0.0951875 0.75
vt 0.002134578595706871 0.989274074012876
vt 0.09732440959556342 0.989274074012876
vt 0.09945898819127032 0.9999999999999996
vt 0 0.9999999999999996
vt 4.996003610813204e-16 1
vt 4.996003610813204e-16 0.9005410118087297
vt 0.010725925987123935 0.9026755904044366
vt 0.010725925987123908 0.9978654214042931
vt 0 0.75
vt 0.09945625 0.75
vt 0.09945625 1
vt 0 1
vt 0.0951875 1
vt 0 1
vt 0 0.75
vt 0.0951875 0.75
vt 0.0021328003374680854 0.9892716632973452
vt 0.09732147502654284 0.9892716632973452
vt 0.09945478565810748 0.9999999999999987
vt 0 0.9999979430243985
vt 7.771561172376096e-16 1
vt 7.771561172376096e-16 0.9005452143206207
vt 0.010728292578119775 0.9026787468407682
vt 0.010726323836445728 0.9978674215094837
vt 0 0.75
vt 0.09945625 0.75
vt 0.09945625 1
vt 0 1
vt 0.0951875 1
vt 0 1
vt 0 0.75
vt 0.0951875 0.75
vt 0.002134375000000001 0.989271875
vt 0.097321875 0.989271875
vt 0.09945625 1
vt 0 1
vt 0 0.989271875
vt 0.09945625 0.989271875
vt 0.097321875 1
vt 0.002134375000000001 1
vn 0.6453904865342265 -0.5913914222255836 -0.4834535195953343
vn -0.6453904865342265 0.5913914222255836 0.483453519595334
vn -0.6755902076156601 -0.7372773368101242 0
vn 0.6755902076156601 0.7372773368101242 0
vn 0.44236640208607486 -0.4053541245693964 -0.7999999999999996
vn -0.44236640208607475 0.40535412456939635 0.7999999999999997
vn -0.6755902076156601 -0.7372773368101242 0
vn 0.6755902076156601 0.7372773368101242 0
vn 0.21873093782776165 -0.2004299770536448 -0.9549788485276851
vn -0.21873093782776173 0.20042997705364488 0.9549788485276851
vn -0.6755902076156601 -0.7372773368101242 0
vn 0.6755902076156601 0.7372773368101242 0
vn 1.6370845497218327e-16 -1.5001116074123913e-16 -1
vn -1.6370845497218327e-16 1.5001116074123913e-16 1
vn -0.6755902076156601 -0.7372773368101242 0
vn 0.6755902076156601 0.7372773368101242 0
vn -0.21873093782776126 0.20042997705364446 -0.9549788485276852
vn 0.2187309378277609 -0.20042997705364413 0.9549788485276854
vn -0.6755902076156601 -0.7372773368101242 0
vn 0.6755902076156601 0.7372773368101242 0
vn -0.44236640208607425 0.4053541245693958 -0.8000000000000003
vn 0.4423664020860744 -0.40535412456939596 0.8
vn -0.6755902076156601 -0.7372773368101242 0
vn 0.6755902076156601 0.7372773368101242 0
vn -0.6453904865342261 0.5913914222255833 -0.4834535195953347
vn 0.6453904865342264 -0.5913914222255835 0.4834535195953344
vn -0.6755902076156601 -0.7372773368101242 0
vn 0.6755902076156601 0.7372773368101242 0
vn -0.7372773368101242 0.6755902076156601 -2.220446049250313e-16
vn 0.7372773368101242 -0.6755902076156601 2.220446049250313e-16
vn -0.6755902076156601 -0.7372773368101242 0
vn 0.6755902076156601 0.7372773368101242 0
vn -0.6453904865342265 0.5913914222255836 0.48345351959533406
vn 0.6453904865342268 -0.5913914222255839 -0.48345351959533345
vn -0.6755902076156601 -0.7372773368101242 0
vn 0.6755902076156601 0.7372773368101242 0
vn -0.44236640208607464 0.4053541245693962 0.7999999999999999
vn 0.4423664020860743 -0.4053541245693959 -0.8000000000000003
vn -0.6755902076156601 -0.7372773368101242 0
vn 0.6755902076156601 0.7372773368101242 0
vn -0.21873093782776157 0.2004299770536447 0.9549788485276851
vn 0.21873093782776207 -0.20042997705364518 -0.9549788485276851
vn -0.6755902076156601 -0.7372773368101242 0
vn 0.6755902076156601 0.7372773368101242 0
vn -5.752174454104644e-16 5.270896770682738e-16 1
vn 1.6370845497218327e-16 -1.5001116074123913e-16 -1
vn -0.6755902076156601 -0.7372773368101242 0
vn 0.6755902076156601 0.7372773368101242 0
vn 0.2187309378277614 -0.2004299770536446 0.9549788485276852
vn -0.21873093782776104 0.20042997705364424 -0.9549788485276854
vn -0.6755902076156601 -0.7372773368101242 0
vn 0.6755902076156601 0.7372773368101242 0
vn 0.44236640208607425 -0.4053541245693958 0.8000000000000003
vn -0.44236640208607453 0.4053541245693961 -0.7999999999999999
vn -0.6755902076156601 -0.7372773368101242 0
vn 0.6755902076156601 0.7372773368101242 0
vn 0.6453904865342261 -0.5913914222255833 0.48345351959533467
vn -0.6453904865342261 0.5913914222255833 -0.483453519595335
vn -0.6755902076156601 -0.7372773368101242 0
vn 0.6755902076156601 0.7372773368101242 0
vn 0.7372773368101242 -0.6755902076156601 9.662403458270915e-16
vn -0.7372773368101242 0.6755902076156601 -2.220446049250313e-16
vn -0.6755902076156601 -0.7372773368101242 0
vn 0.6755902076156601 0.7372773368101242 0
usemtl none
f 257/1025/257 261/1026/257 262/1027/257 258/1028/257
f 260/1029/258 264/1030/258 263/1031/258 259/1032/258
f 259/1033/259 263/1034/259 261/1035/259 257/1036/259
f 258/1037/260 262/1038/260 264/1039/260 260/1040/260
f 261/1041/261 265/1042/261 266/1043/261 262/1044/261
f 264/1045/262 268/1046/262 267/1047/262 263/1048/262
f 263/1049/263 267/1050/263 265/1051/263 261/1052/263
f 262/1053/264 266/1054/264 268/1055/264 264/1056/264
f 265/1057/265 269/1058/265 270/1059/265 266/1060/265
f 268/1061/266 272/1062/266 271/1063/266 267/1064/266
f 267/1065/267 271/1066/267 269/1067/267 265/1068/267
f 266/1069/268 270/1070/268 272/1071/268 268/1072/268
f 269/1073/269 273/1074/269 274/1075/269 270/1076/269
f 272/1077/270 276/1078/270 275/1079/270 271/1080/270
f 271/1081/271 275/1082/271 273/1083/271 269/1084/271
f 270/1085/272 274/1086/272 276/1087/272 272/1088/272
f 273/1089/273 277/1090/273 278/1091/273 274/1092/273
f 276/1093/274 280/1094/274 279/1095/274 275/1096/274
f 275/1097/275 279/1098/275 277/1099/275 273/1100/275
f 274/1101/276 278/1102/276 280/1103/276 276/1104/276
f 277/1105/277 281/1106/277 282/1107/277 278/1108/277
f 280/1109/278 284/1110/278 283/1111/278 279/1112/278
f 279/1113/279 283/1114/279 281/1115/279 277/1116/279
f 278/1117/280 282/1118/280 284/1119/280 280/1120/280
f 281/1121/281 285/1122/281 286/1123/281 282/1124/281
f 284/1125/282 288/1126/282 287/1127/282 283/1128/282
f 283/1129/283 287/1130/283 285/1131/283 281/1132/283
f 282/1133/284 286/1134/284 288/1135/284 284/1136/284
f 285/1137/285 289/1138/285 290/1139/285 286/1140/285
f 288/1141/286 292/1142/286 291/1143/286 287/1144/286
f 287/1145/287 291/1146/287 289/1147/287 285/1148/287
f 286/1149/288 290/1150/288 292/1151/288 288/1152/288
f 289/1153/289 293/1154/289 294/1155/289 290/1156/289
f 292/1157/290 296/1158/290 295/1159/290 291/1160/290
f 291/1161/291 295/1162/291 293/1163/291 289/1164/291
f 290/1165/292 294/1166/292 296/1167/292 292/1168/292
f 293/1169/293 297/1170/293 298/1171/293 294/1172/293
f 296/1173/294 300/1174/294 299/1175/294 295/1176/294
f 295/1177/295 299/1178/295 297/1179/295 293/1180/295
f 294/1181/296 298/1182/296 300/1183/296 296/1184/296
f 297/1185/297 301/1186/297 302/1187/297 298/1188/297
f 300/1189/298 304/1190/298 303/1191/298 299/1192/298
f 299/1193/299 303/1194/299 301/1195/299 297/1196/299
f 298/1197/300 302/1198/300 304/1199/300 300/1200/300
f 301/1201/301 305/1202/301 306/1203/301 302/1204/301
f 304/1205/302 308/1206/302 307/1207/302 303/1208/302
f 303/1209/303 307/1210/303 305/1211/303 301/1212/303
f 302/1213/304 306/1214/304 308/1215/304 304/1216/304
f 305/1217/305 309/1218/305 310/1219/305 306/1220/305
f 308/1221/306 312/1222/306 311/1223/306 307/1224/306
f 307/1225/307 311/1226/307 309/1227/307 305/1228/307
f 306/1229/308 310/1230/308 312/1231/308 308/1232/308
f 309/1233/309 313/1234/309 314/1235/309 310/1236/309
f 312/1237/310 316/1238/310 315/1239/310 311/1240/310
f 311/1241/311 315/1242/311 313/1243/311 309/1244/311
f 310/1245/312 314/1246/312 316/1247/312 312/1248/312
f 313/1249/313 317/1250/313 318/1251/313 314/1252/313
f 316/1253/314 320/1254/314 319/1255/314 315/1256/314
f 315/1257/315 319/1258/315 317/1259/315 313/1260/315
f 314/1261/316 318/1262/316 320/1263/316 316/1264/316
f 317/1265/317 257/1266/317 258/1267/317 318/1268/317
f 320/1269/318 260/1270/318 259/1271/318 319/1272/318
f 319/1273/319 259/1274/319 257/1275/319 317/1276/319
f 318/1277/320 258/1278/320 260/1279/320 320/1280/320
o tube
v 0.3911266734862271 0.05709467207330729 -0.009324017220921452
v 0.41223886747421645 0.08013458884862368 -0.009324017220921452
v 0.38914944119861594 0.05890647165671915 -0.008923934441126019
v 0.4102616351866053 0.08194638843203553 -0.008923934441126019
v 0.38411143654287455 0.0635229523776199 -0.026552554563305682
v 0.4052236305308639 0.08656286915293629 -0.026552554563305682
v 0.38243521994739693 0.06505892189846144 -0.025413215200383803
v 0.4035474139353863 0.08809883867377781 -0.025413215200383803
v 0.3711489688875137 0.0754008655824196 -0.039738706172933125
v 0.39226116287550306 0.09844078235773597 -0.039738706172933125
v 0.3700289567658897 0.07642716760474104 -0.03803356431675261
v 0.3911411507538791 0.09946708438005741 -0.03803356431675261
v 0.3542126887156113 0.09092010707582694 -0.046875
v 0.37532488270360065 0.11396002385114332 -0.046875
v 0.35381939276042307 0.09128049642018088 -0.04486364804101492
v 0.3749315867484124 0.11432041319549725 -0.04486364804101492
v 0.33588099115557735 0.10771801302274514 -0.046875
v 0.35699318514356676 0.13075792979806153 -0.046875
v 0.33627428711076557 0.10735762367839122 -0.04486364804101492
v 0.357386481098755 0.1303975404537076 -0.04486364804101492
v 0.31894471098367494 0.12323725451615249 -0.039738706172933146
v 0.34005690497166435 0.14627717129146886 -0.039738706172933146
v 0.32006472310529893 0.12221095249383104 -0.038033564316752644
v 0.3411769170932883 0.14525086926914743 -0.038033564316752644
v 0.3059822433283141 0.1351151677209522 -0.026552554563305703
v 0.32709443731630344 0.15815508449626858 -0.026552554563305703
v 0.3076584599237917 0.13357919820011066 -0.025413215200383824
v 0.32877065391178106 0.15661911497542705 -0.025413215200383824
v 0.29896700638496154 0.1415434480252648 -0.0093240172209215
v 0.3200792003729509 0.1645833648005812 -0.0093240172209215
v 0.3009442386725727 0.13973164844185293 -0.008923934441126064
v 0.32205643266056205 0.16277156521716932 -0.008923934441126064
v 0.29896700638496154 0.1415434480252648 0.00932401722092146
v 0.3200792003729509 0.1645833648005812 0.00932401722092146
v 0.3009442386725727 0.13973164844185296 0.008923934441126026
v 0.32205643266056205 0.16277156521716935 0.008923934441126026
v 0.30598224332831403 0.13511516772095222 0.026552554563305672
v 0.32709443731630344 0.15815508449626858 0.026552554563305672
v 0.3076584599237917 0.1335791982001107 0.0254132152003838
v 0.32877065391178106 0.15661911497542708 0.0254132152003838
v 0.31894471098367494 0.1232372545161525 0.039738706172933125
v 0.3400569049716643 0.1462771712914689 0.039738706172933125
v 0.3200647231052989 0.12221095249383106 0.03803356431675261
v 0.3411769170932883 0.14525086926914743 0.03803356431675261
v 0.33588099115557735 0.10771801302274517 0.046874999999999986
v 0.3569931851435667 0.13075792979806156 0.046874999999999986
v 0.33627428711076557 0.10735762367839125 0.04486364804101492
v 0.3573864810987549 0.13039754045370763 0.04486364804101492
v 0.35421268871561123 0.09092010707582696 0.046875
v 0.37532488270360065 0.11396002385114334 0.046875
v 0.353819392760423 0.09128049642018088 0.04486364804101492
v 0.3749315867484124 0.11432041319549727 0.04486364804101492
v 0.37114896888751364 0.07540086558241962 0.039738706172933146
v 0.39226116287550306 0.098440782357736 0.039738706172933146
v 0.3700289567658897 0.07642716760474107 0.038033564316752644
v 0.39114115075387906 0.09946708438005744 0.038033564316752644
v 0.38411143654287455 0.0635229523776199 0.026552554563305703
v 0.4052236305308639 0.08656286915293629 0.026552554563305703
v 0.3824352199473969 0.06505892189846144 0.025413215200383824
v 0.4035474139353863 0.08809883867377782 0.025413215200383824
v 0.39112667348622704 0.057094672073307304 0.009324017220921505
v 0.41223886747421645 0.08013458884862368 0.009324017220921505
v 0.38914944119861594 0.05890647165671916 0.008923934441126068
v 0.4102616351866053 0.08194638843203554 0.008923934441126068
vt 0 0.75
vt 0.09945625 0.75
vt 0.09945625 1
vt 0 1
vt 0.0951875 1
vt 0 1
vt 0 0.75
vt 0.0951875 0.75
vt 5.551115123125783e-16 0.9978666893684354
vt 5.551115123125783e-16 0.9026780146793606
vt 0.010726279727053867 0.9005452143418925
vt 0.010728336702654107 1
vt 0 0.989271707421881
vt 0.0994547856793792 0.989271707421881
vt 0.09732220718886293 0.9999980312583259
vt 0.0021335325201474534 1
vt 0 0.75
vt 0.09945625 0.75
vt 0.09945625 1
vt 0 1
vt 0.0951875 1
vt 0 1
vt 0 0.75
vt 0.0951875 0.75
vt 2.220446049250313e-16 0.9978654214042931
vt 2.7755575615628914e-16 0.9026755904044366
vt 0.010725925987123686 0.9005410118087297
vt 0.010725925987123686 1
vt 0 0.9892740740128763
vt 0.09945898819127032 0.9892740740128763
vt 0.09732440959556345 0.9999999999999998
vt 0.0021345785957068986 0.9999999999999998
vt 0 0.75
vt 0.09945625 0.75
vt 0.09945625 1
vt 0 1
vt 0.0951875 1
vt 0 1
vt 0 0.75
vt 0.0951875 0.75
vt 5.551115123125783e-16 0.9978671996625319
vt 5.551115123125783e-16 0.9026785249734571
vt 0.010728336702654107 0.9005452143418925
vt 0.010726279727053867 1
vt 0 0.989271707421881
vt 0.09945478567937921 0.989271707421881
vt 0.09732125315923176 1
vt 0.0021325784905162765 0.999998031258326
vt 0 0.75
vt 0.09945625 0.75
vt 0.09945625 1
vt 0 1
vt 0.0951875 1
vt 0 1
vt 0 0.75
vt 0.0951875 0.75
vt 0 0.997865625
vt 0 0.902678125
vt 0.010728125000000005 0.90054375
vt 0.010728125000000005 1
vt 0.010728125000000005 0.90054375
vt 0.010728125000000005 1
vt 0 0.997865625
vt 0 0.902678125
vt 0 0.75
vt 0.09945625 0.75
vt 0.09945625 1
vt 0 1
vt 0.0951875 1
vt 0 1
vt 0 0.75
vt 0.0951875 0.75
vt 0.09732147502654287 0.9999999999999994
vt 0.002132800337468113 0.9999999999999994
vt 0 0.9892737202729461
vt 0.09945478565810749 0.989271663297346
vt 0.010728292578118998 0.9005452143206207
vt 0.010728292578118998 1
vt 0.0000019687416740465924 0.9978674215094837
vt 0 0.9026787468407682
vt 0 0.75
vt 0.09945625 0.75
vt 0.09945625 1
vt 0 1
vt 0.0951875 1
vt 0 1
vt 0 0.75
vt 0.0951875 0.75
vt 0.09732440959556345 0.9999999999999998
vt 0.0021345785957068986 0.9999999999999998
vt 0 0.9892740740128763
vt 0.09945898819127032 0.9892740740128763
vt 0.010725925987123686 0.9005410118087297
vt 0.010725925987123686 1
vt 2.220446049250313e-16 0.9978654214042931
vt 2.7755575615628914e-16 0.9026755904044366
vt 0 0.75
vt 0.09945625 0.75
vt 0.09945625 1
vt 0 1
vt 0.0951875 1
vt 0 1
vt 0 0.75
vt 0.0951875 0.75
vt 0.09732198532063939 0.9999999999999994
vt 0.0021333106315646264 0.9999999999999994
vt 0 0.989271663297346
vt 0.09945478565810748 0.9892737202729461
vt 0.010728292578119025 0.9005452143206208
vt 0.010728292578119025 1
vt 0 0.9978664674798525
vt 0.000001968741674129859 0.902677792811137
vt 0 0.75
vt 0.09945625 0.75
vt 0.09945625 1
vt 0 1
vt 0.0951875 1
vt 0 1
vt 0 0.75
vt 0.0951875 0.75
vt 0.097321875 1
vt 0.002134375000000001 1
vt 0 0.989271875
vt 0.09945625 0.989271875
vt 0.09945625 1
vt 0 1
vt 0.002134375000000001 0.989271875
vt 0.097321875 0.989271875
vt 0 0.75
vt 0.09945625 0.75
vt 0.09945625 1
vt 0 1
vt 0.0951875 1
vt 0 1
vt 0 0.75
vt 0.0951875 0.75
vt 0.010728336702654856 0.9026785249734571
vt 0.010728336702654856 0.9978671996625319
vt 0.0000020569756015165197 1
vt 1.27675647831893e-15 0.9005452143418925
vt 0.0994547856793792 0.9999999999999992
vt 0 0.9999999999999991
vt 0.0021325784905162765 0.9892736761635542
vt 0.09732125315923175 0.9892717074218802
vt 0 0.75
vt 0.09945625 0.75
vt 0.09945625 1
vt 0 1
vt 0.0951875 1
vt 0 1
vt 0 0.75
vt 0.0951875 0.75
vt 0.010725925987123935 0.9026755904044366
vt 0.010725925987123908 0.9978654214042931
vt 4.996003610813204e-16 1
vt 4.996003610813204e-16 0.9005410118087297
vt 0.09945898819127032 0.9999999999999996
vt 0 0.9999999999999996
vt 0.002134578595706871 0.989274074012876
vt 0.09732440959556342 0.989274074012876
vt 0 0.75
vt 0.09945625 0.75
vt 0.09945625 1
vt 0 1
vt 0.0951875 1
vt 0 1
vt 0 0.75
vt 0.0951875 0.75
vt 0.010728336702654828 0.9026780146793606
vt 0.010728336702654828 0.9978666893684354
vt 1.27675647831893e-15 1
vt 0.0000020569756015165197 0.9005452143418925
vt 0.09945478567937921 0.9999999999999992
vt 0 0.9999999999999992
vt 0.0021335325201474464 0.9892717074218802
vt 0.09732220718886293 0.9892736761635543
vt 0 0.75
vt 0.09945625 0.75
vt 0.09945625 1
vt 0 1
vt 0.0951875 1
vt 0 1
vt 0 0.75
vt 0.0951875 0.75
vt 0.010728125000000005 0.902678125
vt 0.010728125000000005 0.997865625
vt 0 1
vt 0 0.90054375
vt 0 1
vt 0 0.90054375
vt 0.010728125000000005 0.902678125
vt 0.010728125000000005 0.997865625
vt 0 0.75
vt 0.09945625 0.75
vt 0.09945625 1
vt 0 1
vt 0.0951875 1
vt 0 1
vt 0 0.75
vt 0.0951875 0.75
vt 0.0021333106315646194 0.9892716632973452
vt 0.09732198532063938 0.9892716632973451
vt 0.09945478565810749 0.9999979430243984
vt 0 0.9999999999999988
vt 7.771561172376096e-16 1
vt 8.326672684688674e-16 0.9005452143206208
vt 0.010726323836445756 0.9026777928111371
vt 0.010728292578119775 0.9978664674798525
vt 0 0.75
vt 0.09945625 0.75
vt 0.09945625 1
vt 0 1
vt 0.0951875 1
vt 0 1
vt 0 0.75
vt 0.0951875 0.75
vt 0.002134578595706871 0.989274074012876
vt 0.09732440959556342 0.989274074012876
vt 0.09945898819127032 0.9999999999999996
vt 0 0.9999999999999996
vt 4.996003610813204e-16 1
vt 4.996003610813204e-16 0.9005410118087297
vt 0.010725925987123935 0.9026755904044366
vt 0.010725925987123908 0.9978654214042931
vt 0 0.75
vt 0.09945625 0.75
vt 0.09945625 1
vt 0 1
vt 0.0951875 1
vt 0 1
vt 0 0.75
vt 0.0951875 0.75
vt 0.0021328003374680854 0.9892716632973452
vt 0.09732147502654284 0.9892716632973452
vt 0.09945478565810748 0.9999999999999987
vt 0 0.9999979430243985
vt 7.771561172376096e-16 1
vt 7.771561172376096e-16 0.9005452143206207
vt 0.010728292578119775 0.9026787468407682
vt 0.010726323836445728 0.9978674215094837
vt 0 0.75
vt 0.09945625 0.75
vt 0.09945625 1
vt 0 1
vt 0.0951875 1
vt 0 1
vt 0 0.75
vt 0.0951875 0.75
vt 0.002134375000000001 0.989271875
vt 0.097321875 0.989271875
vt 0.09945625 1
vt 0 1
vt 0 0.989271875
vt 0.09945625 0.989271875
vt 0.097321875 1
vt 0.002134375000000001 1
vn 0.6453904865342265 -0.5913914222255836 -0.4834535195953343
vn -0.6453904865342265 0.5913914222255836 0.483453519595334
vn -0.6755902076156601 -0.7372773368101242 0
vn 0.6755902076156601 0.7372773368101242 0
vn 0.44236640208607486 -0.4053541245693964 -0.7999999999999996
vn -0.44236640208607475 0.40535412456939635 0.7999999999999997
vn -0.6755902076156601 -0.7372773368101242 0
vn 0.6755902076156601 0.7372773368101242 0
vn 0.21873093782776165 -0.2004299770536448 -0.9549788485276851
vn -0.21873093782776173 0.20042997705364488 0.9549788485276851
vn -0.6755902076156601 -0.7372773368101242 0
vn 0.6755902076156601 0.7372773368101242 0
vn 1.6370845497218327e-16 -1.5001116074123913e-16 -1
vn -1.6370845497218327e-16 1.5001116074123913e-16 1
vn -0.6755902076156601 -0.7372773368101242 0
vn 0.6755902076156601 0.7372773368101242 0
vn -0.21873093782776126 0.20042997705364446 -0.9549788485276852
vn 0.2187309378277609 -0.20042997705364413 0.9549788485276854
vn -0.6755902076156601 -0.7372773368101242 0
vn 0.6755902076156601 0.7372773368101242 0
vn -0.44236640208607425 0.4053541245693958 -0.8000000000000003
vn 0.4423664020860744 -0.40535412456939596 0.8
vn -0.6755902076156601 -0.7372773368101242 0
vn 0.6755902076156601 0.7372773368101242 0
vn -0.6453904865342261 0.5913914222255833 -0.4834535195953347
vn 0.6453904865342264 -0.5913914222255835 0.4834535195953344
vn -0.6755902076156601 -0.7372773368101242 0
vn 0.6755902076156601 0.7372773368101242 0
vn -0.7372773368101242 0.6755902076156601 -2.220446049250313e-16
vn 0.7372773368101242 -0.6755902076156601 2.220446049250313e-16
vn -0.6755902076156601 -0.7372773368101242 0
vn 0.6755902076156601 0.7372773368101242 0
vn -0.6453904865342265 0.5913914222255836 0.48345351959533406
vn 0.6453904865342268 -0.5913914222255839 -0.48345351959533345
vn -0.6755902076156601 -0.7372773368101242 0
vn 0.6755902076156601 0.7372773368101242 0
vn -0.44236640208607464 0.4053541245693962 0.7999999999999999
vn 0.4423664020860743 -0.4053541245693959 -0.8000000000000003
vn -0.6755902076156601 -0.7372773368101242 0
vn 0.6755902076156601 0.7372773368101242 0
vn -0.21873093782776157 0.2004299770536447 0.9549788485276851
vn 0.21873093782776207 -0.20042997705364518 -0.9549788485276851
vn -0.6755902076156601 -0.7372773368101242 0
vn 0.6755902076156601 0.7372773368101242 0
vn -5.752174454104644e-16 5.270896770682738e-16 1
vn 1.6370845497218327e-16 -1.5001116074123913e-16 -1
vn -0.6755902076156601 -0.7372773368101242 0
vn 0.6755902076156601 0.7372773368101242 0
vn 0.2187309378277614 -0.2004299770536446 0.9549788485276852
vn -0.21873093782776104 0.20042997705364424 -0.9549788485276854
vn -0.6755902076156601 -0.7372773368101242 0
vn 0.6755902076156601 0.7372773368101242 0
vn 0.44236640208607425 -0.4053541245693958 0.8000000000000003
vn -0.44236640208607453 0.4053541245693961 -0.7999999999999999
vn -0.6755902076156601 -0.7372773368101242 0
vn 0.6755902076156601 0.7372773368101242 0
vn 0.6453904865342261 -0.5913914222255833 0.48345351959533467
vn -0.6453904865342261 0.5913914222255833 -0.483453519595335
vn -0.6755902076156601 -0.7372773368101242 0
vn 0.6755902076156601 0.7372773368101242 0
vn 0.7372773368101242 -0.6755902076156601 9.662403458270915e-16
vn -0.7372773368101242 0.6755902076156601 -2.220446049250313e-16
vn -0.6755902076156601 -0.7372773368101242 0
vn 0.6755902076156601 0.7372773368101242 0
usemtl none
f 321/1281/321 325/1282/321 326/1283/321 322/1284/321
f 324/1285/322 328/1286/322 327/1287/322 323/1288/322
f 323/1289/323 327/1290/323 325/1291/323 321/1292/323
f 322/1293/324 326/1294/324 328/1295/324 324/1296/324
f 325/1297/325 329/1298/325 330/1299/325 326/1300/325
f 328/1301/326 332/1302/326 331/1303/326 327/1304/326
f 327/1305/327 331/1306/327 329/1307/327 325/1308/327
f 326/1309/328 330/1310/328 332/1311/328 328/1312/328
f 329/1313/329 333/1314/329 334/1315/329 330/1316/329
f 332/1317/330 336/1318/330 335/1319/330 331/1320/330
f 331/1321/331 335/1322/331 333/1323/331 329/1324/331
f 330/1325/332 334/1326/332 336/1327/332 332/1328/332
f 333/1329/333 337/1330/333 338/1331/333 334/1332/333
f 336/1333/334 340/1334/334 339/1335/334 335/1336/334
f 335/1337/335 339/1338/335 337/1339/335 333/1340/335
f 334/1341/336 338/1342/336 340/1343/336 336/1344/336
f 337/1345/337 341/1346/337 342/1347/337 338/1348/337
f 340/1349/338 344/1350/338 343/1351/338 339/1352/338
f 339/1353/339 343/1354/339 341/1355/339 337/1356/339
f 338/1357/340 342/1358/340 344/1359/340 340/1360/340
f 341/1361/341 345/1362/341 346/1363/341 342/1364/341
f 344/1365/342 348/1366/342 347/1367/342 343/1368/342
f 343/1369/343 347/1370/343 345/1371/343 341/1372/343
f 342/1373/344 346/1374/344 348/1375/344 344/1376/344
f 345/1377/345 349/1378/345 350/1379/345 346/1380/345
f 348/1381/346 352/1382/346 351/1383/346 347/1384/346
f 347/1385/347 351/1386/347 349/1387/347 345/1388/347
f 346/1389/348 350/1390/348 352/1391/348 348/1392/348
f 349/1393/349 353/1394/349 354/1395/349 350/1396/349
f 352/1397/350 356/1398/350 355/1399/350 351/1400/350
f 351/1401/351 355/1402/351 353/1403/351 349/1404/351
f 350/1405/352 354/1406/352 356/1407/352 352/1408/352
f 353/1409/353 357/1410/353 358/1411/353 354/1412/353
f 356/1413/354 360/1414/354 359/1415/354 355/1416/354
f 355/1417/355 359/1418/355 357/1419/355 353/1420/355
f 354/1421/356 358/1422/356 360/1423/356 356/1424/356
f 357/1425/357 361/1426/357 362/1427/357 358/1428/357
f 360/1429/358 364/1430/358 363/1431/358 359/1432/358
f 359/1433/359 363/1434/359 361/1435/359 357/1436/359
f 358/1437/360 362/1438/360 364/1439/360 360/1440/360
f 361/1441/361 365/1442/361 366/1443/361 362/1444/361
f 364/1445/362 368/1446/362 367/1447/362 363/1448/362
f 363/1449/363 367/1450/363 365/1451/363 361/1452/363
f 362/1453/364 366/1454/364 368/1455/364 364/1456/364
f 365/1457/365 369/1458/365 370/1459/365 366/1460/365
f 368/1461/366 372/1462/366 371/1463/366 367/1464/366
f 367/1465/367 371/1466/367 369/1467/367 365/1468/367
f 366/1469/368 370/1470/368 372/1471/368 368/1472/368
f 369/1473/369 373/1474/369 374/1475/369 370/1476/369
f 372/1477/370 376/1478/370 375/1479/370 371/1480/370
f 371/1481/371 375/1482/371 373/1483/371 369/1484/371
f 370/1485/372 374/1486/372 376/1487/372 372/1488/372
f 373/1489/373 377/1490/373 378/1491/373 374/1492/373
f 376/1493/374 380/1494/374 379/1495/374 375/1496/374
f 375/1497/375 379/1498/375 377/1499/375 373/1500/375
f 374/1501/376 378/1502/376 380/1503/376 376/1504/376
f 377/1505/377 381/1506/377 382/1507/377 378/1508/377
f 380/1509/378 384/1510/378 383/1511/378 379/1512/378
f 379/1513/379 383/1514/379 381/1515/379 377/1516/379
f 378/1517/380 382/1518/380 384/1519/380 380/1520/380
f 381/1521/381 321/1522/381 322/1523/381 382/1524/381
f 384/1525/382 324/1526/382 323/1527/382 383/1528/382
f 383/1529/383 323/1530/383 321/1531/383 381/1532/383
f 382/1533/384 322/1534/384 324/1535/384 384/1536/384
o tube
v 0.4770767854051973 0.06310726166849688 0.01562500000000001
v 0.4770767854051973 0.06310726166849688 -0.01562499999999999
v 0.4753246397624502 0.06198472679714247 0.01562500000000001
v 0.4753246397624502 0.06198472679714247 -0.01562499999999999
v 0.4891918553488653 0.04232659246757514 0.01562500000000001
v 0.48919185534886533 0.04232659246757515 -0.015624999999999991
v 0.4869198660866102 0.04209573204328834 0.015625000000000007
v 0.4869198660866102 0.042095732043288356 -0.015624999999999991
v 0.4932458881006264 0.020726828521254802 0.015625000000000007
v 0.4932458881006264 0.020726828521254802 -0.015624999999999995
v 0.4907999449884077 0.02142278895087835 0.015625000000000007
v 0.4907999449884077 0.02142278895087835 -0.015624999999999995
v 0.4886216939239234 0.0015963380880153685 0.015625000000000003
v 0.4886216939239234 0.0015963380880153685 -0.015624999999999998
v 0.4863741696280468 0.0031131657050360653 0.015625000000000003
v 0.4863741696280468 0.0031131657050360653 -0.015624999999999998
v 0.4760232644637348 -0.012152435082010062 0.015624999999999998
v 0.4760232644637348 -0.012152435082010062 -0.015625000000000003
v 0.47431632418438907 -0.010045663532207025 0.015624999999999998
v 0.47431632418438907 -0.010045663532207025 -0.015625000000000003
v 0.45736859640032673 -0.01842636490662427 0.015624999999999995
v 0.45736859640032673 -0.01842636490662427 -0.015625000000000007
v 0.4564621063215902 -0.016050386294564768 0.015624999999999995
v 0.4564621063215902 -0.016050386294564768 -0.015625000000000007
v 0.43549769384136605 -0.01627030244334523 0.015624999999999991
v 0.43549769384136605 -0.016270302443345222 -0.01562500000000001
v 0.4355296588603732 -0.013986837974415543 0.015624999999999991
v 0.43552965886037326 -0.013986837974415536 -0.015625000000000007
v 0.4137402034412292 -0.0060124886574522765 0.01562499999999999
v 0.4137402034412292 -0.00601248865745227 -0.01562500000000001
v 0.41470575717359986 -0.004169175097389996 0.01562499999999999
v 0.41470575717359986 -0.004169175097389996 -0.01562500000000001
v 0.3954085058811953 0.01078541728946595 0.01562499999999999
v 0.3954085058811953 0.01078541728946595 -0.01562500000000001
v 0.3971606515239424 0.01190795216082036 0.01562499999999999
v 0.3971606515239424 0.011907952160820363 -0.01562500000000001
v 0.38329343593752735 0.031566086490387654 0.015624999999999991
v 0.38329343593752735 0.03156608649038767 -0.01562500000000001
v 0.38556542519978243 0.03179694691467445 0.015624999999999991
v 0.38556542519978243 0.031796946914674454 -0.015625000000000007
v 0.3792394031857662 0.05316585043670803 0.015624999999999995
v 0.3792394031857662 0.05316585043670803 -0.015625000000000007
v 0.381685346297985 0.05246989000708448 0.015624999999999995
v 0.381685346297985 0.05246989000708448 -0.015625000000000007
v 0.3838635973624692 0.07229634086994743 0.015624999999999998
v 0.3838635973624692 0.07229634086994743 -0.015625000000000003
v 0.3861111216583458 0.07077951325292675 0.015624999999999998
v 0.3861111216583458 0.07077951325292675 -0.015625000000000003
v 0.39646202682265785 0.08604511403997289 0.015625000000000003
v 0.39646202682265785 0.08604511403997289 -0.015624999999999998
v 0.39816896710200356 0.08393834249016985 0.015625000000000003
v 0.39816896710200356 0.08393834249016985 -0.015624999999999998
v 0.4151166948860659 0.09231904386458709 0.015625000000000007
v 0.4151166948860659 0.09231904386458709 -0.015624999999999995
v 0.41602318496480245 0.08994306525252757 0.015625000000000007
v 0.41602318496480245 0.08994306525252757 -0.015624999999999995
v 0.4369875974450265 0.09016298140130805 0.01562500000000001
v 0.4369875974450266 0.09016298140130805 -0.015624999999999991
v 0.43695563242601937 0.08787951693237836 0.015625000000000007
v 0.43695563242601937 0.08787951693237836 -0.015624999999999991
v 0.4587450878451634 0.07990516761541509 0.01562500000000001
v 0.4587450878451634 0.07990516761541509 -0.01562499999999999
v 0.45777953411279276 0.07806185405535282 0.01562500000000001
v 0.45777953411279276 0.07806185405535282 -0.01562499999999999
vt 0 0.75
vt 0.09945625 0.75
vt 0.09945625 1
vt 0 1
vt 0.0951875 1
vt 0 1
vt 0 0.75
vt 0.0951875 0.75
vt 5.551115123125783e-16 0.9978666893684354
vt 5.551115123125783e-16 0.9026780146793606
vt 0.010726279727053867 0.9005452143418925
vt 0.010728336702654107 1
vt 0 0.989271707421881
vt 0.0994547856793792 0.989271707421881
vt 0.09732220718886293 0.9999980312583259
vt 0.0021335325201474534 1
vt 0 0.75
vt 0.09945625 0.75
vt 0.09945625 1
vt 0 1
vt 0.0951875 1
vt 0 1
vt 0 0.75
vt 0.0951875 0.75
vt 2.220446049250313e-16 0.9978654214042931
vt 2.7755575615628914e-16 0.9026755904044366
vt 0.010725925987123686 0.9005410118087297
vt 0.010725925987123686 1
vt 0 0.9892740740128763
vt 0.09945898819127032 0.9892740740128763
vt 0.09732440959556345 0.9999999999999998
vt 0.0021345785957068986 0.9999999999999998
vt 0 0.75
vt 0.09945625 0.75
vt 0.09945625 1
vt 0 1
vt 0.0951875 1
vt 0 1
vt 0 0.75
vt 0.0951875 0.75
vt 5.551115123125783e-16 0.9978671996625319
vt 5.551115123125783e-16 0.9026785249734571
vt 0.010728336702654107 0.9005452143418925
vt 0.010726279727053867 1
vt 0 0.989271707421881
vt 0.09945478567937921 0.989271707421881
vt 0.09732125315923176 1
vt 0.0021325784905162765 0.999998031258326
vt 0 0.75
vt 0.09945625 0.75
vt 0.09945625 1
vt 0 1
vt 0.0951875 1
vt 0 1
vt 0 0.75
vt 0.0951875 0.75
vt 0 0.997865625
vt 0 0.902678125
vt 0.010728125000000005 0.90054375
vt 0.010728125000000005 1
vt 0.010728125000000005 0.90054375
vt 0.010728125000000005 1
vt 0 0.997865625
vt 0 0.902678125
vt 0 0.75
vt 0.09945625 0.75
vt 0.09945625 1
vt 0 1
vt 0.0951875 1
vt 0 1
vt 0 0.75
vt 0.0951875 0.75
vt 0.09732147502654287 0.9999999999999994
vt 0.002132800337468113 0.9999999999999994
vt 0 0.9892737202729461
vt 0.09945478565810749 0.989271663297346
vt 0.010728292578118998 0.9005452143206207
vt 0.010728292578118998 1
vt 0.0000019687416740465924 0.9978674215094837
vt 0 0.9026787468407682
vt 0 0.75
vt 0.09945625 0.75
vt 0.09945625 1
vt 0 1
vt 0.0951875 1
vt 0 1
vt 0 0.75
vt 0.0951875 0.75
vt 0.09732440959556345 0.9999999999999998
vt 0.0021345785957068986 0.9999999999999998
vt 0 0.9892740740128763
vt 0.09945898819127032 0.9892740740128763
vt 0.010725925987123686 0.9005410118087297
vt 0.010725925987123686 1
vt 2.220446049250313e-16 0.9978654214042931
vt 2.7755575615628914e-16 0.9026755904044366
vt 0 0.75
vt 0.09945625 0.75
vt 0.09945625 1
vt 0 1
vt 0.0951875 1
vt 0 1
vt 0 0.75
vt 0.0951875 0.75
vt 0.09732198532063939 0.9999999999999994
vt 0.0021333106315646264 0.9999999999999994
vt 0 0.989271663297346
vt 0.09945478565810748 0.9892737202729461
vt 0.010728292578119025 0.9005452143206208
vt 0.010728292578119025 1
vt 0 0.9978664674798525
vt 0.000001968741674129859 0.902677792811137
vt 0 0.75
vt 0.09945625 0.75
vt 0.09945625 1
vt 0 1
vt 0.0951875 1
vt 0 1
vt 0 0.75
vt 0.0951875 0.75
vt 0.097321875 1
vt 0.002134375000000001 1
vt 0 0.989271875
vt 0.09945625 0.989271875
vt 0.09945625 1
vt 0 1
vt 0.002134375000000001 0.989271875
vt 0.097321875 0.989271875
vt 0 0.75
vt 0.09945625 0.75
vt 0.09945625 1
vt 0 1
vt 0.0951875 1
vt 0 1
vt 0 0.75
vt 0.0951875 0.75
vt 0.010728336702654856 0.9026785249734571
vt 0.010728336702654856 0.9978671996625319
vt 0.0000020569756015165197 1
vt 1.27675647831893e-15 0.9005452143418925
vt 0.0994547856793792 0.9999999999999992
vt 0 0.9999999999999991
vt 0.0021325784905162765 0.9892736761635542
vt 0.09732125315923175 0.9892717074218802
vt 0 0.75
vt 0.09945625 0.75
vt 0.09945625 1
vt 0 1
vt 0.0951875 1
vt 0 1
vt 0 0.75
vt 0.0951875 0.75
vt 0.010725925987123935 0.9026755904044366
vt 0.010725925987123908 0.9978654214042931
vt 4.996003610813204e-16 1
vt 4.996003610813204e-16 0.9005410118087297
vt 0.09945898819127032 0.9999999999999996
vt 0 0.9999999999999996
vt 0.002134578595706871 0.989274074012876
vt 0.09732440959556342 0.989274074012876
vt 0 0.75
vt 0.09945625 0.75
vt 0.09945625 1
vt 0 1
vt 0.0951875 1
vt 0 1
vt 0 0.75
vt 0.0951875 0.75
vt 0.010728336702654828 0.9026780146793606
vt 0.010728336702654828 0.9978666893684354
vt 1.27675647831893e-15 1
vt 0.0000020569756015165197 0.9005452143418925
vt 0.09945478567937921 0.9999999999999992
vt 0 0.9999999999999992
vt 0.0021335325201474464 0.9892717074218802
vt 0.09732220718886293 0.9892736761635543
vt 0 0.75
vt 0.09945625 0.75
vt 0.09945625 1
vt 0 1
vt 0.0951875 1
vt 0 1
vt 0 0.75
vt 0.0951875 0.75
vt 0.010728125000000005 0.902678125
vt 0.010728125000000005 0.997865625
vt 0 1
vt 0 0.90054375
vt 0 1
vt 0 0.90054375
vt 0.010728125000000005 0.902678125
vt 0.010728125000000005 0.997865625
vt 0 0.75
vt 0.09945625 0.75
vt 0.09945625 1
vt 0 1
vt 0.0951875 1
vt 0 1
vt 0 0.75
vt 0.0951875 0.75
vt 0.0021333106315646194 0.9892716632973452
vt 0.09732198532063938 0.9892716632973451
vt 0.09945478565810749 0.9999979430243984
vt 0 0.9999999999999988
vt 7.771561172376096e-16 1
vt 8.326672684688674e-16 0.9005452143206208
vt 0.010726323836445756 0.9026777928111371
vt 0.010728292578119775 0.9978664674798525
vt 0 0.75
vt 0.09945625 0.75
vt 0.09945625 1
vt 0 1
vt 0.0951875 1
vt 0 1
vt 0 0.75
vt 0.0951875 0.75
vt 0.002134578595706871 0.989274074012876
vt 0.09732440959556342 0.989274074012876
vt 0.09945898819127032 0.9999999999999996
vt 0 0.9999999999999996
vt 4.996003610813204e-16 1
vt 4.996003610813204e-16 0.9005410118087297
vt 0.010725925987123935 0.9026755904044366
vt 0.010725925987123908 0.9978654214042931
vt 0 0.75
vt 0.09945625 0.75
vt 0.09945625 1
vt 0 1
vt 0.0951875 1
vt 0 1
vt 0 0.75
vt 0.0951875 0.75
vt 0.0021328003374680854 0.9892716632973452
vt 0.09732147502654284 0.9892716632973452
vt 0.09945478565810748 0.9999999999999987
vt 0 0.9999979430243985
vt 7.771561172376096e-16 1
vt 7.771561172376096e-16 0.9005452143206207
vt 0.010728292578119775 0.9026787468407682
vt 0.010726323836445728 0.9978674215094837
vt 0 0.75
vt 0.09945625 0.75
vt 0.09945625 1
vt 0 1
vt 0.0951875 1
vt 0 1
vt 0 0.75
vt 0.0951875 0.75
vt 0.002134375000000001 0.989271875
vt 0.097321875 0.989271875
vt 0.09945625 1
vt 0 1
vt 0 0.989271875
vt 0.09945625 0.989271875
vt 0.097321875 1
vt 0.002134375000000001 1
vn 0.8639052963731444 0.503654285098846 2.1204790113309118e-16
vn -0.8639052963731446 -0.5036542850988459 -2.1204790113309118e-16
vn -1.5001116074123913e-16 -1.6370845497218327e-16 1
vn 1.5001116074123913e-16 1.6370845497218327e-16 -1
vn 0.9828385681786026 0.18446774487870365 1.776356839400251e-16
vn -0.9828385681786026 -0.18446774487870354 -1.7763568394002508e-16
vn -1.5001116074123913e-16 -1.6370845497218327e-16 1
vn 1.5001116074123913e-16 1.6370845497218327e-16 -1
vn 0.9720069502101598 -0.23495209882685425 1.0734824575816188e-16
vn -0.97200695021016 0.23495209882685408 -1.0734824575816194e-16
vn -1.5001116074123913e-16 -1.6370845497218327e-16 1
vn 1.5001116074123913e-16 1.6370845497218327e-16 -1
vn 0.7372773368101242 -0.6755902076156601 0
vn -0.7372773368101242 0.6755902076156601 0
vn -1.5001116074123913e-16 -1.6370845497218327e-16 1
vn 1.5001116074123913e-16 1.6370845497218327e-16 -1
vn 0.3187740228582928 -0.9478307456243128 -1.073482457581619e-16
vn -0.3187740228582937 0.9478307456243125 1.0734824575816171e-16
vn -1.5001116074123913e-16 -1.6370845497218327e-16 1
vn 1.5001116074123913e-16 1.6370845497218327e-16 -1
vn -0.09810576400645321 -0.9951759940174956 -1.77635683940025e-16
vn 0.09810576400645363 0.9951759940174956 1.776356839400251e-16
vn -1.5001116074123913e-16 -1.6370845497218327e-16 1
vn 1.5001116074123913e-16 1.6370845497218327e-16 -1
vn -0.4264434207176213 -0.9045142392061354 -2.1204790113309116e-16
vn 0.42644342071762154 0.9045142392061354 2.120479011330912e-16
vn -1.5001116074123913e-16 -1.6370845497218327e-16 1
vn 1.5001116074123913e-16 1.6370845497218327e-16 -1
vn -0.6755902076156601 -0.7372773368101242 -2.220446049250313e-16
vn 0.6755902076156601 0.7372773368101242 2.220446049250313e-16
vn -1.5001116074123913e-16 -1.6370845497218327e-16 1
vn 1.5001116074123913e-16 1.6370845497218327e-16 -1
vn -0.8639052963731444 -0.5036542850988459 -2.1204790113309116e-16
vn 0.863905296373144 0.5036542850988465 2.1204790113309116e-16
vn -1.5001116074123913e-16 -1.6370845497218327e-16 1
vn 1.5001116074123913e-16 1.6370845497218327e-16 -1
vn -0.9828385681786027 -0.18446774487870338 -1.7763568394002508e-16
vn 0.9828385681786027 0.18446774487870266 1.7763568394002496e-16
vn -1.5001116074123913e-16 -1.6370845497218327e-16 1
vn 1.5001116074123913e-16 1.6370845497218327e-16 -1
vn -0.9720069502101598 0.23495209882685453 -1.0734824575816183e-16
vn 0.97200695021016 -0.23495209882685342 1.0734824575816203e-16
vn -1.5001116074123913e-16 -1.6370845497218327e-16 1
vn 1.5001116074123913e-16 1.6370845497218327e-16 -1
vn -0.737277336810125 0.6755902076156594 -2.478669739132334e-31
vn 0.7372773368101242 -0.6755902076156601 0
vn -1.5001116074123913e-16 -1.6370845497218327e-16 1
vn 1.5001116074123913e-16 1.6370845497218327e-16 -1
vn -0.31877402285829265 0.9478307456243129 1.0734824575816196e-16
vn 0.3187740228582934 -0.9478307456243126 -1.0734824575816177e-16
vn -1.5001116074123913e-16 -1.6370845497218327e-16 1
vn 1.5001116074123913e-16 1.6370845497218327e-16 -1
vn 0.09810576400645338 0.9951759940174955 1.77635683940025e-16
vn -0.09810576400645388 -0.9951759940174953 -1.7763568394002508e-16
vn -1.5001116074123913e-16 -1.6370845497218327e-16 1
vn 1.5001116074123913e-16 1.6370845497218327e-16 -1
vn 0.42644342071762154 0.9045142392061354 2.120479011330912e-16
vn -0.426443420717621 -0.9045142392061357 -2.1204790113309118e-16
vn -1.5001116074123913e-16 -1.6370845497218327e-16 1
vn 1.5001116074123913e-16 1.6370845497218327e-16 -1
vn 0.6755902076156597 0.7372773368101245 2.220446049250313e-16
vn -0.6755902076156601 -0.7372773368101242 -2.220446049250313e-16
vn -1.5001116074123913e-16 -1.6370845497218327e-16 1
vn 1.5001116074123913e-16 1.6370845497218327e-16 -1
usemtl none
f 385/1537/385 389/1538/385 390/1539/385 386/1540/385
f 388/1541/386 392/1542/386 391/1543/386 387/1544/386
f 387/1545/387 391/1546/387 389/1547/387 385/1548/387
f 386/1549/388 390/1550/388 392/1551/388 388/1552/388
f 389/1553/389 393/1554/389 394/1555/389 390/1556/389
f 392/1557/390 396/1558/390 395/1559/390 391/1560/390
f 391/1561/391 395/1562/391 393/1563/391 389/1564/391
f 390/1565/392 394/1566/392 396/1567/392 392/1568/392
f 393/1569/393 397/1570/393 398/1571/393 394/1572/393
f 396/1573/394 400/1574/394 399/1575/394 395/1576/394
f 395/1577/395 399/1578/395 397/1579/395 393/1580/395
f 394/1581/396 398/1582/396 400/1583/396 396/1584/396
f 397/1585/397 401/1586/397 402/1587/397 398/1588/397
f 400/1589/398 404/1590/398 403/1591/398 399/1592/398
f 399/1593/399 403/1594/399 401/1595/399 397/1596/399
f 398/1597/400 402/1598/400 404/1599/400 400/1600/400
f 401/1601/401 405/1602/401 406/1603/401 402/1604/401
f 404/1605/402 408/1606/402 407/1607/402 403/1608/402
f 403/1609/403 407/1610/403 405/1611/403 401/1612/403
f 402/1613/404 406/1614/404 408/1615/404 404/1616/404
f 405/1617/405 409/1618/405 410/1619/405 406/1620/405
f 408/1621/406 412/1622/406 411/1623/406 407/1624/406
f 407/1625/407 411/1626/407 409/1627/407 405/1628/407
f 406/1629/408 410/1630/408 412/1631/408 408/1632/408
f 409/1633/409 413/1634/409 414/1635/409 410/1636/409
f 412/1637/410 416/1638/410 415/1639/410 411/1640/410
f 411/1641/411 415/1642/411 413/1643/411 409/1644/411
f 410/1645/412 414/1646/412 416/1647/412 412/1648/412
f 413/1649/413 417/1650/413 418/1651/413 414/1652/413
f 416/1653/414 420/1654/414 419/1655/414 415/1656/414
f 415/1657/415 419/1658/415 417/1659/415 413/1660/415
f 414/1661/416 418/1662/416 420/1663/416 416/1664/416
f 417/1665/417 421/1666/417 422/1667/417 418/1668/417
f 420/1669/418 424/1670/418 423/1671/418 419/1672/418
f 419/1673/419 423/1674/419 421/1675/419 417/1676/419
f 418/1677/420 422/1678/420 424/1679/420 420/1680/420
f 421/1681/421 425/1682/421 426/1683/421 422/1684/421
f 424/1685/422 428/1686/422 427/1687/422 423/1688/422
f 423/1689/423 427/1690/423 425/1691/423 421/1692/423
f 422/1693/424 426/1694/424 428/1695/424 424/1696/424
f 425/1697/425 429/1698/425 430/1699/425 426/1700/425
f 428/1701/426 432/1702/426 431/1703/426 427/1704/426
f 427/1705/427 431/1706/427 429/1707/427 425/1708/427
f 426/1709/428 430/1710/428 432/1711/428 428/1712/428
f 429/1713/429 433/1714/429 434/1715/429 430/1716/429
f 432/1717/430 436/1718/430 435/1719/430 431/1720/430
f 431/1721/431 435/1722/431 433/1723/431 429/1724/431
f 430/1725/432 434/1726/432 436/1727/432 432/1728/432
f 433/1729/433 437/1730/433 438/1731/433 434/1732/433
f 436/1733/434 440/1734/434 439/1735/434 435/1736/434
f 435/1737/435 439/1738/435 437/1739/435 433/1740/435
f 434/1741/436 438/1742/436 440/1743/436 436/1744/436
f 437/1745/437 441/1746/437 442/1747/437 438/1748/437
f 440/1749/438 444/1750/438 443/1751/438 439/1752/438
f 439/1753/439 443/1754/439 441/1755/439 437/1756/439
f 438/1757/440 442/1758/440 444/1759/440 440/1760/440
f 441/1761/441 445/1762/441 446/1763/441 442/1764/441
f 444/1765/442 448/1766/442 447/1767/442 443/1768/442
f 443/1769/443 447/1770/443 445/1771/443 441/1772/443
f 442/1773/444 446/1774/444 448/1775/444 444/1776/444
f 445/1777/445 385/1778/445 386/1779/445 446/1780/445
f 448/1781/446 388/1782/446 387/1783/446 447/1784/446
f 447/1785/447 387/1786/447 385/1787/447 445/1788/447
f 446/1789/448 386/1790/448 388/1791/448 448/1792/448
o tube
v 0.8749649257678711 -0.38626140167446965 -0.009324017220921452
v 0.8960771197558605 -0.3632214848991533 -0.009324017220921452
v 0.87298769348026 -0.3844496020910578 -0.008923934441126019
v 0.8940998874682493 -0.3614096853157414 -0.008923934441126019
v 0.8679496888245186 -0.379833121370157 -0.026552554563305682
v 0.889061882812508 -0.35679320459484065 -0.026552554563305682
v 0.8662734722290409 -0.3782971518493155 -0.025413215200383803
v 0.8873856662170303 -0.35525723507399914 -0.025413215200383803
v 0.8549872211691577 -0.3679552081653574 -0.039738706172933125
v 0.8760994151571471 -0.34491529139004096 -0.039738706172933125
v 0.8538672090475338 -0.3669289061430359 -0.03803356431675261
v 0.8749794030355231 -0.3438889893677195 -0.03803356431675261
v 0.8380509409972553 -0.35243596667195 -0.046875
v 0.8591631349852447 -0.3293960498966336 -0.046875
v 0.8376576450420671 -0.3520755773275961 -0.04486364804101492
v 0.8587698390300564 -0.3290356605522797 -0.04486364804101492
v 0.8197192434372214 -0.3356380607250318 -0.046875
v 0.8408314374252107 -0.3125981439497154 -0.046875
v 0.8201125393924096 -0.3359984500693857 -0.04486364804101492
v 0.8412247333803989 -0.31295853329406936 -0.04486364804101492
v 0.802782963265319 -0.32011881923162444 -0.039738706172933146
v 0.8238951572533083 -0.2970789024563081 -0.039738706172933146
v 0.8039029753869429 -0.3211451212539459 -0.038033564316752644
v 0.8250151693749324 -0.29810520447862954 -0.038033564316752644
v 0.789820495609958 -0.30824090602682475 -0.026552554563305703
v 0.8109326895979474 -0.2852009892515084 -0.026552554563305703
v 0.7914967122054357 -0.30977687554766625 -0.025413215200383824
v 0.8126089061934251 -0.2867369587723499 -0.025413215200383824
v 0.7828052586666056 -0.3018126257225121 -0.0093240172209215
v 0.8039174526545949 -0.27877270894719575 -0.0093240172209215
v 0.7847824909542167 -0.303624425305924 -0.008923934441126064
v 0.8058946849422061 -0.2805845085306076 -0.008923934441126064
v 0.7828052586666056 -0.3018126257225121 0.00932401722092146
v 0.8039174526545949 -0.27877270894719575 0.00932401722092146
v 0.7847824909542167 -0.303624425305924 0.008923934441126026
v 0.8058946849422061 -0.2805845085306076 0.008923934441126026
v 0.789820495609958 -0.30824090602682475 0.026552554563305672
v 0.8109326895979474 -0.28520098925150833 0.026552554563305672
v 0.7914967122054357 -0.30977687554766625 0.0254132152003838
v 0.8126089061934251 -0.2867369587723499 0.0254132152003838
v 0.802782963265319 -0.32011881923162444 0.039738706172933125
v 0.8238951572533083 -0.2970789024563081 0.039738706172933125
v 0.8039029753869429 -0.3211451212539459 0.03803356431675261
v 0.8250151693749322 -0.2981052044786295 0.03803356431675261
v 0.8197192434372214 -0.3356380607250318 0.046874999999999986
v 0.8408314374252107 -0.3125981439497154 0.046874999999999986
v 0.8201125393924096 -0.33599845006938567 0.04486364804101492
v 0.8412247333803989 -0.3129585332940693 0.04486364804101492
v 0.8380509409972553 -0.35243596667195 0.046875
v 0.8591631349852447 -0.3293960498966336 0.046875
v 0.8376576450420671 -0.35207557732759603 0.04486364804101492
v 0.8587698390300564 -0.3290356605522797 0.04486364804101492
v 0.8549872211691577 -0.3679552081653573 0.039738706172933146
v 0.8760994151571471 -0.34491529139004096 0.039738706172933146
v 0.8538672090475337 -0.36692890614303586 0.038033564316752644
v 0.8749794030355231 -0.3438889893677195 0.038033564316752644
v 0.8679496888245185 -0.379833121370157 0.026552554563305703
v 0.889061882812508 -0.35679320459484065 0.026552554563305703
v 0.8662734722290409 -0.3782971518493155 0.025413215200383824
v 0.8873856662170303 -0.35525723507399914 0.025413215200383824
v 0.8749649257678711 -0.38626140167446965 0.009324017220921505
v 0.8960771197558605 -0.36322148489915324 0.009324017220921505
v 0.87298769348026 -0.3844496020910578 0.008923934441126068
v 0.8940998874682493 -0.3614096853157414 0.008923934441126068
vt 0 0.75
vt 0.09945625 0.75
vt 0.09945625 1
vt 0 1
vt 0.0951875 1
vt 0 1
vt 0 0.75
vt 0.0951875 0.75
vt 5.551115123125783e-16 0.9978666893684354
vt 5.551115123125783e-16 0.9026780146793606
vt 0.010726279727053867 0.9005452143418925
vt 0.010728336702654107 1
vt 0 0.989271707421881
vt 0.0994547856793792 0.989271707421881
vt 0.09732220718886293 0.9999980312583259
vt 0.0021335325201474534 1
vt 0 0.75
vt 0.09945625 0.75
vt 0.09945625 1
vt 0 1
vt 0.0951875 1
vt 0 1
vt 0 0.75
vt 0.0951875 0.75
vt 2.220446049250313e-16 0.9978654214042931
vt 2.7755575615628914e-16 0.9026755904044366
vt 0.010725925987123686 0.9005410118087297
vt 0.010725925987123686 1
vt 0 0.9892740740128763
vt 0.09945898819127032 0.9892740740128763
vt 0.09732440959556345 0.9999999999999998
vt 0.0021345785957068986 0.9999999999999998
vt 0 0.75
vt 0.09945625 0.75
vt 0.09945625 1
vt 0 1
vt 0.0951875 1
vt 0 1
vt 0 0.75
vt 0.0951875 0.75
vt 5.551115123125783e-16 0.9978671996625319
vt 5.551115123125783e-16 0.9026785249734571
vt 0.010728336702654107 0.9005452143418925
vt 0.010726279727053867 1
vt 0 0.989271707421881
vt 0.09945478567937921 0.989271707421881
vt 0.09732125315923176 1
vt 0.0021325784905162765 0.999998031258326
vt 0 0.75
vt 0.09945625 0.75
vt 0.09945625 1
vt 0 1
vt 0.0951875 1
vt 0 1
vt 0 0.75
vt 0.0951875 0.75
vt 0 0.997865625
vt 0 0.902678125
vt 0.010728125000000005 0.90054375
vt 0.010728125000000005 1
vt 0.010728125000000005 0.90054375
vt 0.010728125000000005 1
vt 0 0.997865625
vt 0 0.902678125
vt 0 0.75
vt 0.09945625 0.75
vt 0.09945625 1
vt 0 1
vt 0.0951875 1
vt 0 1
vt 0 0.75
vt 0.0951875 0.75
vt 0.09732147502654287 0.9999999999999994
vt 0.002132800337468113 0.9999999999999994
vt 0 0.9892737202729461
vt 0.09945478565810749 0.989271663297346
vt 0.010728292578118998 0.9005452143206207
vt 0.010728292578118998 1
vt 0.0000019687416740465924 0.9978674215094837
vt 0 0.9026787468407682
vt 0 0.75
vt 0.09945625 0.75
vt 0.09945625 1
vt 0 1
vt 0.0951875 1
vt 0 1
vt 0 0.75
vt 0.0951875 0.75
vt 0.09732440959556345 0.9999999999999998
vt 0.0021345785957068986 0.9999999999999998
vt 0 0.9892740740128763
vt 0.09945898819127032 0.9892740740128763
vt 0.010725925987123686 0.9005410118087297
vt 0.010725925987123686 1
vt 2.220446049250313e-16 0.9978654214042931
vt 2.7755575615628914e-16 0.9026755904044366
vt 0 0.75
vt 0.09945625 0.75
vt 0.09945625 1
vt 0 1
vt 0.0951875 1
vt 0 1
vt 0 0.75
vt 0.0951875 0.75
vt 0.09732198532063939 0.9999999999999994
vt 0.0021333106315646264 0.9999999999999994
vt 0 0.989271663297346
vt 0.09945478565810748 0.9892737202729461
vt 0.010728292578119025 0.9005452143206208
vt 0.010728292578119025 1
vt 0 0.9978664674798525
vt 0.000001968741674129859 0.902677792811137
vt 0 0.75
vt 0.09945625 0.75
vt 0.09945625 1
vt 0 1
vt 0.0951875 1
vt 0 1
vt 0 0.75
vt 0.0951875 0.75
vt 0.097321875 1
vt 0.002134375000000001 1
vt 0 0.989271875
vt 0.09945625 0.989271875
vt 0.09945625 1
vt 0 1
vt 0.002134375000000001 0.989271875
vt 0.097321875 0.989271875
vt 0 0.75
vt 0.09945625 0.75
vt 0.09945625 1
vt 0 1
vt 0.0951875 1
vt 0 1
vt 0 0.75
vt 0.0951875 0.75
vt 0.010728336702654856 0.9026785249734571
vt 0.010728336702654856 0.9978671996625319
vt 0.0000020569756015165197 1
vt 1.27675647831893e-15 0.9005452143418925
vt 0.0994547856793792 0.9999999999999992
vt 0 0.9999999999999991
vt 0.0021325784905162765 0.9892736761635542
vt 0.09732125315923175 0.9892717074218802
vt 0 0.75
vt 0.09945625 0.75
vt 0.09945625 1
vt 0 1
vt 0.0951875 1
vt 0 1
vt 0 0.75
vt 0.0951875 0.75
vt 0.010725925987123935 0.9026755904044366
vt 0.010725925987123908 0.9978654214042931
vt 4.996003610813204e-16 1
vt 4.996003610813204e-16 0.9005410118087297
vt 0.09945898819127032 0.9999999999999996
vt 0 0.9999999999999996
vt 0.002134578595706871 0.989274074012876
vt 0.09732440959556342 0.989274074012876
vt 0 0.75
vt 0.09945625 0.75
vt 0.09945625 1
vt 0 1
vt 0.0951875 1
vt 0 1
vt 0 0.75
vt 0.0951875 0.75
vt 0.010728336702654828 0.9026780146793606
vt 0.010728336702654828 0.9978666893684354
vt 1.27675647831893e-15 1
vt 0.0000020569756015165197 0.9005452143418925
vt 0.09945478567937921 0.9999999999999992
vt 0 0.9999999999999992
vt 0.0021335325201474464 0.9892717074218802
vt 0.09732220718886293 0.9892736761635543
vt 0 0.75
vt 0.09945625 0.75
vt 0.09945625 1
vt 0 1
vt 0.0951875 1
vt 0 1
vt 0 0.75
vt 0.0951875 0.75
vt 0.010728125000000005 0.902678125
vt 0.010728125000000005 0.997865625
vt 0 1
vt 0 0.90054375
vt 0 1
vt 0 0.90054375
vt 0.010728125000000005 0.902678125
vt 0.010728125000000005 0.997865625
vt 0 0.75
vt 0.09945625 0.75
vt 0.09945625 1
vt 0 1
vt 0.0951875 1
vt 0 1
vt 0 0.75
vt 0.0951875 0.75
vt 0.0021333106315646194 0.9892716632973452
vt 0.09732198532063938 0.9892716632973451
vt 0.09945478565810749 0.9999979430243984
vt 0 0.9999999999999988
vt 7.771561172376096e-16 1
vt 8.326672684688674e-16 0.9005452143206208
vt 0.010726323836445756 0.9026777928111371
vt 0.010728292578119775 0.9978664674798525
vt 0 0.75
vt 0.09945625 0.75
vt 0.09945625 1
vt 0 1
vt 0.0951875 1
vt 0 1
vt 0 0.75
vt 0.0951875 0.75
vt 0.002134578595706871 0.989274074012876
vt 0.09732440959556342 0.989274074012876
vt 0.09945898819127032 0.9999999999999996
vt 0 0.9999999999999996
vt 4.996003610813204e-16 1
vt 4.996003610813204e-16 0.9005410118087297
vt 0.010725925987123935 0.9026755904044366
vt 0.010725925987123908 0.9978654214042931
vt 0 0.75
vt 0.09945625 0.75
vt 0.09945625 1
vt 0 1
vt 0.0951875 1
vt 0 1
vt 0 0.75
vt 0.0951875 0.75
vt 0.0021328003374680854 0.9892716632973452
vt 0.09732147502654284 0.9892716632973452
vt 0.09945478565810748 0.9999999999999987
vt 0 0.9999979430243985
vt 7.771561172376096e-16 1
vt 7.771561172376096e-16 0.9005452143206207
vt 0.010728292578119775 0.9026787468407682
vt 0.010726323836445728 0.9978674215094837
vt 0 0.75
vt 0.09945625 0.75
vt 0.09945625 1
vt 0 1
vt 0.0951875 1
vt 0 1
vt 0 0.75
vt 0.0951875 0.75
vt 0.002134375000000001 0.989271875
vt 0.097321875 0.989271875
vt 0.09945625 1
vt 0 1
vt 0 0.989271875
vt 0.09945625 0.989271875
vt 0.097321875 1
vt 0.002134375000000001 1
vn 0.6453904865342265 -0.5913914222255836 -0.4834535195953343
vn -0.6453904865342265 0.5913914222255836 0.483453519595334
vn -0.6755902076156601 -0.7372773368101242 0
vn 0.6755902076156601 0.7372773368101242 0
vn 0.44236640208607486 -0.4053541245693964 -0.7999999999999996
vn -0.44236640208607475 0.40535412456939635 0.7999999999999997
vn -0.6755902076156601 -0.7372773368101242 0
vn 0.6755902076156601 0.7372773368101242 0
vn 0.21873093782776165 -0.2004299770536448 -0.9549788485276851
vn -0.21873093782776173 0.20042997705364488 0.9549788485276851
vn -0.6755902076156601 -0.7372773368101242 0
vn 0.6755902076156601 0.7372773368101242 0
vn 1.6370845497218327e-16 -1.5001116074123913e-16 -1
vn -1.6370845497218327e-16 1.5001116074123913e-16 1
vn -0.6755902076156601 -0.7372773368101242 0
vn 0.6755902076156601 0.7372773368101242 0
vn -0.21873093782776126 0.20042997705364446 -0.9549788485276852
vn 0.2187309378277609 -0.20042997705364413 0.9549788485276854
vn -0.6755902076156601 -0.7372773368101242 0
vn 0.6755902076156601 0.7372773368101242 0
vn -0.44236640208607425 0.4053541245693958 -0.8000000000000003
vn 0.4423664020860744 -0.40535412456939596 0.8
vn -0.6755902076156601 -0.7372773368101242 0
vn 0.6755902076156601 0.7372773368101242 0
vn -0.6453904865342261 0.5913914222255833 -0.4834535195953347
vn 0.6453904865342264 -0.5913914222255835 0.4834535195953344
vn -0.6755902076156601 -0.7372773368101242 0
vn 0.6755902076156601 0.7372773368101242 0
vn -0.7372773368101242 0.6755902076156601 -2.220446049250313e-16
vn 0.7372773368101242 -0.6755902076156601 2.220446049250313e-16
vn -0.6755902076156601 -0.7372773368101242 0
vn 0.6755902076156601 0.7372773368101242 0
vn -0.6453904865342265 0.5913914222255836 0.48345351959533406
vn 0.6453904865342268 -0.5913914222255839 -0.48345351959533345
vn -0.6755902076156601 -0.7372773368101242 0
vn 0.6755902076156601 0.7372773368101242 0
vn -0.44236640208607464 0.4053541245693962 0.7999999999999999
vn 0.4423664020860743 -0.4053541245693959 -0.8000000000000003
vn -0.6755902076156601 -0.7372773368101242 0
vn 0.6755902076156601 0.7372773368101242 0
vn -0.21873093782776157 0.2004299770536447 0.9549788485276851
vn 0.21873093782776207 -0.20042997705364518 -0.9549788485276851
vn -0.6755902076156601 -0.7372773368101242 0
vn 0.6755902076156601 0.7372773368101242 0
vn -5.752174454104644e-16 5.270896770682738e-16 1
vn 1.6370845497218327e-16 -1.5001116074123913e-16 -1
vn -0.6755902076156601 -0.7372773368101242 0
vn 0.6755902076156601 0.7372773368101242 0
vn 0.2187309378277614 -0.2004299770536446 0.9549788485276852
vn -0.21873093782776104 0.20042997705364424 -0.9549788485276854
vn -0.6755902076156601 -0.7372773368101242 0
vn 0.6755902076156601 0.7372773368101242 0
vn 0.44236640208607425 -0.4053541245693958 0.8000000000000003
vn -0.44236640208607453 0.4053541245693961 -0.7999999999999999
vn -0.6755902076156601 -0.7372773368101242 0
vn 0.6755902076156601 0.7372773368101242 0
vn 0.6453904865342261 -0.5913914222255833 0.48345351959533467
vn -0.6453904865342261 0.5913914222255833 -0.483453519595335
vn -0.6755902076156601 -0.7372773368101242 0
vn 0.6755902076156601 0.7372773368101242 0
vn 0.7372773368101242 -0.6755902076156601 9.662403458270915e-16
vn -0.7372773368101242 0.6755902076156601 -2.220446049250313e-16
vn -0.6755902076156601 -0.7372773368101242 0
vn 0.6755902076156601 0.7372773368101242 0
usemtl none
f 449/1793/449 453/1794/449 454/1795/449 450/1796/449
f 452/1797/450 456/1798/450 455/1799/450 451/1800/450
f 451/1801/451 455/1802/451 453/1803/451 449/1804/451
f 450/1805/452 454/1806/452 456/1807/452 452/1808/452
f 453/1809/453 457/1810/453 458/1811/453 454/1812/453
f 456/1813/454 460/1814/454 459/1815/454 455/1816/454
f 455/1817/455 459/1818/455 457/1819/455 453/1820/455
f 454/1821/456 458/1822/456 460/1823/456 456/1824/456
f 457/1825/457 461/1826/457 462/1827/457 458/1828/457
f 460/1829/458 464/1830/458 463/1831/458 459/1832/458
f 459/1833/459 463/1834/459 461/1835/459 457/1836/459
f 458/1837/460 462/1838/460 464/1839/460 460/1840/460
f 461/1841/461 465/1842/461 466/1843/461 462/1844/461
f 464/1845/462 468/1846/462 467/1847/462 463/1848/462
f 463/1849/463 467/1850/463 465/1851/463 461/1852/463
f 462/1853/464 466/1854/464 468/1855/464 464/1856/464
f 465/1857/465 469/1858/465 470/1859/465 466/1860/465
f 468/1861/466 472/1862/466 471/1863/466 467/1864/466
f 467/1865/467 471/1866/467 469/1867/467 465/1868/467
f 466/1869/468 470/1870/468 472/1871/468 468/1872/468
f 469/1873/469 473/1874/469 474/1875/469 470/1876/469
f 472/1877/470 476/1878/470 475/1879/470 471/1880/470
f 471/1881/471 475/1882/471 473/1883/471 469/1884/471
f 470/1885/472 474/1886/472 476/1887/472 472/1888/472
f 473/1889/473 477/1890/473 478/1891/473 474/1892/473
f 476/1893/474 480/1894/474 479/1895/474 475/1896/474
f 475/1897/475 479/1898/475 477/1899/475 473/1900/475
f 474/1901/476 478/1902/476 480/1903/476 476/1904/476
f 477/1905/477 481/1906/477 482/1907/477 478/1908/477
f 480/1909/478 484/1910/478 483/1911/478 479/1912/478
f 479/1913/479 483/1914/479 481/1915/479 477/1916/479
f 478/1917/480 482/1918/480 484/1919/480 480/1920/480
f 481/1921/481 485/1922/481 486/1923/481 482/1924/481
f 484/1925/482 488/1926/482 487/1927/482 483/1928/482
f 483/1929/483 487/1930/483 485/1931/483 481/1932/483
f 482/1933/484 486/1934/484 488/1935/484 484/1936/484
f 485/1937/485 489/1938/485 490/1939/485 486/1940/485
f 488/1941/486 492/1942/486 491/1943/486 487/1944/486
f 487/1945/487 491/1946/487 489/1947/487 485/1948/487
f 486/1949/488 490/1950/488 492/1951/488 488/1952/488
f 489/1953/489 493/1954/489 494/1955/489 490/1956/489
f 492/1957/490 496/1958/490 495/1959/490 491/1960/490
f 491/1961/491 495/1962/491 493/1963/491 489/1964/491
f 490/1965/492 494/1966/492 496/1967/492 492/1968/492
f 493/1969/493 497/1970/493 498/1971/493 494/1972/493
f 496/1973/494 500/1974/494 499/1975/494 495/1976/494
f 495/1977/495 499/1978/495 497/1979/495 493/1980/495
f 494/1981/496 498/1982/496 500/1983/496 496/1984/496
f 497/1985/497 501/1986/497 502/1987/497 498/1988/497
f 500/1989/498 504/1990/498 503/1991/498 499/1992/498
f 499/1993/499 503/1994/499 501/1995/499 497/1996/499
f 498/1997/500 502/1998/500 504/1999/500 500/2000/500
f 501/2001/501 505/2002/501 506/2003/501 502/2004/501
f 504/2005/502 508/2006/502 507/2007/502 503/2008/502
f 503/2009/503 507/2010/503 505/2011/503 501/2012/503
f 502/2013/504 506/2014/504 508/2015/504 504/2016/504
f 505/2017/505 509/2018/505 510/2019/505 506/2020/505
f 508/2021/506 512/2022/506 511/2023/506 507/2024/506
f 507/2025/507 511/2026/507 509/2027/507 505/2028/507
f 506/2029/508 510/2030/508 512/2031/508 508/2032/508
f 509/2033/509 449/2034/509 450/2035/509 510/2036/509
f 512/2037/510 452/2038/510 451/2039/510 511/2040/510
f 511/2041/511 451/2042/511 449/2043/511 509/2044/511
f 510/2045/512 450/2046/512 452/2047/512 512/2048/512
o tube
v 0.7136855083406565 -0.23847604375854403 -0.009324017220921452
v 0.7347977023286458 -0.21543612698322764 -0.009324017220921452
v 0.7117082760530453 -0.23666424417513215 -0.008923934441126019
v 0.7328204700410347 -0.2136243273998158 -0.008923934441126019
v 0.7066702713973039 -0.23204776345423142 -0.026552554563305682
v 0.7277824653852933 -0.20900784667891503 -0.026552554563305682
v 0.7049940548018263 -0.23051179393338989 -0.025413215200383803
v 0.7261062487898157 -0.20747187715807353 -0.025413215200383803
v 0.6937078037419431 -0.22016985024943173 -0.039738706172933125
v 0.7148199977299324 -0.19712993347411537 -0.039738706172933125
v 0.6925877916203191 -0.2191435482271103 -0.03803356431675261
v 0.7136999856083085 -0.1961036314517939 -0.03803356431675261
v 0.6767715235700407 -0.20465060875602437 -0.046875
v 0.69788371755803 -0.181610691980708 -0.046875
v 0.6763782276148524 -0.20429021941167044 -0.04486364804101492
v 0.6974904216028418 -0.18125030263635405 -0.04486364804101492
v 0.6584398260100067 -0.18785270280910618 -0.046875
v 0.6795520199979961 -0.1648127860337898 -0.046875
v 0.658833121965195 -0.1882130921534601 -0.04486364804101492
v 0.6799453159531843 -0.16517317537814374 -0.04486364804101492
v 0.6415035458381043 -0.17233346131569885 -0.039738706172933146
v 0.6626157398260937 -0.14929354454038246 -0.039738706172933146
v 0.6426235579597284 -0.17335976333802028 -0.038033564316752644
v 0.6637357519477177 -0.1503198465627039 -0.038033564316752644
v 0.6285410781827434 -0.16045554811089913 -0.026552554563305703
v 0.6496532721707329 -0.13741563133558274 -0.026552554563305703
v 0.6302172947782211 -0.16199151763174063 -0.025413215200383824
v 0.6513294887662104 -0.13895160085642427 -0.025413215200383824
v 0.6215258412393909 -0.15402726780658652 -0.0093240172209215
v 0.6426380352273803 -0.13098735103127013 -0.0093240172209215
v 0.6235030735270021 -0.15583906738999836 -0.008923934441126064
v 0.6446152675149914 -0.132799150614682 -0.008923934441126064
v 0.6215258412393909 -0.15402726780658652 0.00932401722092146
v 0.6426380352273803 -0.13098735103127013 0.00932401722092146
v 0.6235030735270021 -0.15583906738999836 0.008923934441126026
v 0.6446152675149914 -0.132799150614682 0.008923934441126026
v 0.6285410781827434 -0.16045554811089913 0.026552554563305672
v 0.6496532721707328 -0.13741563133558274 0.026552554563305672
v 0.6302172947782211 -0.16199151763174063 0.0254132152003838
v 0.6513294887662104 -0.13895160085642425 0.0254132152003838
v 0.6415035458381043 -0.17233346131569882 0.039738706172933125
v 0.6626157398260937 -0.14929354454038243 0.039738706172933125
v 0.6426235579597283 -0.17335976333802025 0.03803356431675261
v 0.6637357519477176 -0.1503198465627039 0.03803356431675261
v 0.6584398260100067 -0.18785270280910615 0.046874999999999986
v 0.6795520199979961 -0.16481278603378977 0.046874999999999986
v 0.658833121965195 -0.18821309215346008 0.04486364804101492
v 0.6799453159531843 -0.1651731753781437 0.04486364804101492
v 0.6767715235700407 -0.20465060875602437 0.046875
v 0.69788371755803 -0.18161069198070798 0.046875
v 0.6763782276148524 -0.20429021941167044 0.04486364804101492
v 0.6974904216028418 -0.18125030263635405 0.04486364804101492
v 0.6937078037419431 -0.2201698502494317 0.039738706172933146
v 0.7148199977299324 -0.1971299334741153 0.039738706172933146
v 0.692587791620319 -0.21914354822711024 0.038033564316752644
v 0.7136999856083084 -0.19610363145179388 0.038033564316752644
v 0.7066702713973039 -0.23204776345423142 0.026552554563305703
v 0.7277824653852933 -0.20900784667891503 0.026552554563305703
v 0.7049940548018263 -0.23051179393338989 0.025413215200383824
v 0.7261062487898157 -0.2074718771580735 0.025413215200383824
v 0.7136855083406565 -0.23847604375854403 0.009324017220921505
v 0.7347977023286458 -0.21543612698322764 0.009324017220921505
v 0.7117082760530453 -0.23666424417513215 0.008923934441126068
v 0.7328204700410347 -0.2136243273998158 0.008923934441126068
vt 0 0.75
vt 0.09945625 0.75
vt 0.09945625 1
vt 0 1
vt 0.0951875 1
vt 0 1
vt 0 0.75
vt 0.0951875 0.75
vt 5.551115123125783e-16 0.9978666893684354
vt 5.551115123125783e-16 0.9026780146793606
vt 0.010726279727053867 0.9005452143418925
vt 0.010728336702654107 1
vt 0 0.989271707421881
vt 0.0994547856793792 0.989271707421881
vt 0.09732220718886293 0.9999980312583259
vt 0.0021335325201474534 1
vt 0 0.75
vt 0.09945625 0.75
vt 0.09945625 1
vt 0 1
vt 0.0951875 1
vt 0 1
vt 0 0.75
vt 0.0951875 0.75
vt 2.220446049250313e-16 0.9978654214042931
vt 2.7755575615628914e-16 0.9026755904044366
vt 0.010725925987123686 0.9005410118087297
vt 0.010725925987123686 1
vt 0 0.9892740740128763
vt 0.09945898819127032 0.9892740740128763
vt 0.09732440959556345 0.9999999999999998
vt 0.0021345785957068986 0.9999999999999998
vt 0 0.75
vt 0.09945625 0.75
vt 0.09945625 1
vt 0 1
vt 0.0951875 1
vt 0 1
vt 0 0.75
vt 0.0951875 0.75
vt 5.551115123125783e-16 0.9978671996625319
vt 5.551115123125783e-16 0.9026785249734571
vt 0.010728336702654107 0.9005452143418925
vt 0.010726279727053867 1
vt 0 0.989271707421881
vt 0.09945478567937921 0.989271707421881
vt 0.09732125315923176 1
vt 0.0021325784905162765 0.999998031258326
vt 0 0.75
vt 0.09945625 0.75
vt 0.09945625 1
vt 0 1
vt 0.0951875 1
vt 0 1
vt 0 0.75
vt 0.0951875 0.75
vt 0 0.997865625
vt 0 0.902678125
vt 0.010728125000000005 0.90054375
vt 0.010728125000000005 1
vt 0.010728125000000005 0.90054375
vt 0.010728125000000005 1
vt 0 0.997865625
vt 0 0.902678125
vt 0 0.75
vt 0.09945625 0.75
vt 0.09945625 1
vt 0 1
vt 0.0951875 1
vt 0 1
vt 0 0.75
vt 0.0951875 0.75
vt 0.09732147502654287 0.9999999999999994
vt 0.002132800337468113 0.9999999999999994
vt 0 0.9892737202729461
vt 0.09945478565810749 0.989271663297346
vt 0.010728292578118998 0.9005452143206207
vt 0.010728292578118998 1
vt 0.0000019687416740465924 0.9978674215094837
vt 0 0.9026787468407682
vt 0 0.75
vt 0.09945625 0.75
vt 0.09945625 1
vt 0 1
vt 0.0951875 1
vt 0 1
vt 0 0.75
vt 0.0951875 0.75
vt 0.09732440959556345 0.9999999999999998
vt 0.0021345785957068986 0.9999999999999998
vt 0 0.9892740740128763
vt 0.09945898819127032 0.9892740740128763
vt 0.010725925987123686 0.9005410118087297
vt 0.010725925987123686 1
vt 2.220446049250313e-16 0.9978654214042931
vt 2.7755575615628914e-16 0.9026755904044366
vt 0 0.75
vt 0.09945625 0.75
vt 0.09945625 1
vt 0 1
vt 0.0951875 1
vt 0 1
vt 0 0.75
vt 0.0951875 0.75
vt 0.09732198532063939 0.9999999999999994
vt 0.0021333106315646264 0.9999999999999994
vt 0 0.989271663297346
vt 0.09945478565810748 0.9892737202729461
vt 0.010728292578119025 0.9005452143206208
vt 0.010728292578119025 1
vt 0 0.9978664674798525
vt 0.000001968741674129859 0.902677792811137
vt 0 0.75
vt 0.09945625 0.75
vt 0.09945625 1
vt 0 1
vt 0.0951875 1
vt 0 1
vt 0 0.75
vt 0.0951875 0.75
vt 0.097321875 1
vt 0.002134375000000001 1
vt 0 0.989271875
vt 0.09945625 0.989271875
vt 0.09945625 1
vt 0 1
vt 0.002134375000000001 0.989271875
vt 0.097321875 0.989271875
vt 0 0.75
vt 0.09945625 0.75
vt 0.09945625 1
vt 0 1
vt 0.0951875 1
vt 0 1
vt 0 0.75
vt 0.0951875 0.75
vt 0.010728336702654856 0.9026785249734571
vt 0.010728336702654856 0.9978671996625319
vt 0.0000020569756015165197 1
vt 1.27675647831893e-15 0.9005452143418925
vt 0.0994547856793792 0.9999999999999992
vt 0 0.9999999999999991
vt 0.0021325784905162765 0.9892736761635542
vt 0.09732125315923175 0.9892717074218802
vt 0 0.75
vt 0.09945625 0.75
vt 0.09945625 1
vt 0 1
vt 0.0951875 1
vt 0 1
vt 0 0.75
vt 0.0951875 0.75
vt 0.010725925987123935 0.9026755904044366
vt 0.010725925987123908 0.9978654214042931
vt 4.996003610813204e-16 1
vt 4.996003610813204e-16 0.9005410118087297
vt 0.09945898819127032 0.9999999999999996
vt 0 0.9999999999999996
vt 0.002134578595706871 0.989274074012876
vt 0.09732440959556342 0.989274074012876
vt 0 0.75
vt 0.09945625 0.75
vt 0.09945625 1
vt 0 1
vt 0.0951875 1
vt 0 1
vt 0 0.75
vt 0.0951875 0.75
vt 0.010728336702654828 0.9026780146793606
vt 0.010728336702654828 0.9978666893684354
vt 1.27675647831893e-15 1
vt 0.0000020569756015165197 0.9005452143418925
vt 0.09945478567937921 0.9999999999999992
vt 0 0.9999999999999992
vt 0.0021335325201474464 0.9892717074218802
vt 0.09732220718886293 0.9892736761635543
vt 0 0.75
vt 0.09945625 0.75
vt 0.09945625 1
vt 0 1
vt 0.0951875 1
vt 0 1
vt 0 0.75
vt 0.0951875 0.75
vt 0.010728125000000005 0.902678125
vt 0.010728125000000005 0.997865625
vt 0 1
vt 0 0.90054375
vt 0 1
vt 0 0.90054375
vt 0.010728125000000005 0.902678125
vt 0.010728125000000005 0.997865625
vt 0 0.75
vt 0.09945625 0.75
vt 0.09945625 1
vt 0 1
vt 0.0951875 1
vt 0 1
vt 0 0.75
vt 0.0951875 0.75
vt 0.0021333106315646194 0.9892716632973452
vt 0.09732198532063938 0.9892716632973451
vt 0.09945478565810749 0.9999979430243984
vt 0 0.9999999999999988
vt 7.771561172376096e-16 1
vt 8.326672684688674e-16 0.9005452143206208
vt 0.010726323836445756 0.9026777928111371
vt 0.010728292578119775 0.9978664674798525
vt 0 0.75
vt 0.09945625 0.75
vt 0.09945625 1
vt 0 1
vt 0.0951875 1
vt 0 1
vt 0 0.75
vt 0.0951875 0.75
vt 0.002134578595706871 0.989274074012876
vt 0.09732440959556342 0.989274074012876
vt 0.09945898819127032 0.9999999999999996
vt 0 0.9999999999999996
vt 4.996003610813204e-16 1
vt 4.996003610813204e-16 0.9005410118087297
vt 0.010725925987123935 0.9026755904044366
vt 0.010725925987123908 0.9978654214042931
vt 0 0.75
vt 0.09945625 0.75
vt 0.09945625 1
vt 0 1
vt 0.0951875 1
vt 0 1
vt 0 0.75
vt 0.0951875 0.75
vt 0.0021328003374680854 0.9892716632973452
vt 0.09732147502654284 0.9892716632973452
vt 0.09945478565810748 0.9999999999999987
vt 0 0.9999979430243985
vt 7.771561172376096e-16 1
vt 7.771561172376096e-16 0.9005452143206207
vt 0.010728292578119775 0.9026787468407682
vt 0.010726323836445728 0.9978674215094837
vt 0 0.75
vt 0.09945625 0.75
vt 0.09945625 1
vt 0 1
vt 0.0951875 1
vt 0 1
vt 0 0.75
vt 0.0951875 0.75
vt 0.002134375000000001 0.989271875
vt 0.097321875 0.989271875
vt 0.09945625 1
vt 0 1
vt 0 0.989271875
vt 0.09945625 0.989271875
vt 0.097321875 1
vt 0.002134375000000001 1
vn 0.6453904865342265 -0.5913914222255836 -0.4834535195953343
vn -0.6453904865342265 0.5913914222255836 0.483453519595334
vn -0.6755902076156601 -0.7372773368101242 0
vn 0.6755902076156601 0.7372773368101242 0
vn 0.44236640208607486 -0.4053541245693964 -0.7999999999999996
vn -0.44236640208607475 0.40535412456939635 0.7999999999999997
vn -0.6755902076156601 -0.7372773368101242 0
vn 0.6755902076156601 0.7372773368101242 0
vn 0.21873093782776165 -0.2004299770536448 -0.9549788485276851
vn -0.21873093782776173 0.20042997705364488 0.9549788485276851
vn -0.6755902076156601 -0.7372773368101242 0
vn 0.6755902076156601 0.7372773368101242 0
vn 1.6370845497218327e-16 -1.5001116074123913e-16 -1
vn -1.6370845497218327e-16 1.5001116074123913e-16 1
vn -0.6755902076156601 -0.7372773368101242 0
vn 0.6755902076156601 0.7372773368101242 0
vn -0.21873093782776126 0.20042997705364446 -0.9549788485276852
vn 0.2187309378277609 -0.20042997705364413 0.9549788485276854
vn -0.6755902076156601 -0.7372773368101242 0
vn 0.6755902076156601 0.7372773368101242 0
vn -0.44236640208607425 0.4053541245693958 -0.8000000000000003
vn 0.4423664020860744 -0.40535412456939596 0.8
vn -0.6755902076156601 -0.7372773368101242 0
vn 0.6755902076156601 0.7372773368101242 0
vn -0.6453904865342261 0.5913914222255833 -0.4834535195953347
vn 0.6453904865342264 -0.5913914222255835 0.4834535195953344
vn -0.6755902076156601 -0.7372773368101242 0
vn 0.6755902076156601 0.7372773368101242 0
vn -0.7372773368101242 0.6755902076156601 -2.220446049250313e-16
vn 0.7372773368101242 -0.6755902076156601 2.220446049250313e-16
vn -0.6755902076156601 -0.7372773368101242 0
vn 0.6755902076156601 0.7372773368101242 0
vn -0.6453904865342265 0.5913914222255836 0.48345351959533406
vn 0.6453904865342268 -0.5913914222255839 -0.48345351959533345
vn -0.6755902076156601 -0.7372773368101242 0
vn 0.6755902076156601 0.7372773368101242 0
vn -0.44236640208607464 0.4053541245693962 0.7999999999999999
vn 0.4423664020860743 -0.4053541245693959 -0.8000000000000003
vn -0.6755902076156601 -0.7372773368101242 0
vn 0.6755902076156601 0.7372773368101242 0
vn -0.21873093782776157 0.2004299770536447 0.9549788485276851
vn 0.21873093782776207 -0.20042997705364518 -0.9549788485276851
vn -0.6755902076156601 -0.7372773368101242 0
vn 0.6755902076156601 0.7372773368101242 0
vn -5.752174454104644e-16 5.270896770682738e-16 1
vn 1.6370845497218327e-16 -1.5001116074123913e-16 -1
vn -0.6755902076156601 -0.7372773368101242 0
vn 0.6755902076156601 0.7372773368101242 0
vn 0.2187309378277614 -0.2004299770536446 0.9549788485276852
vn -0.21873093782776104 0.20042997705364424 -0.9549788485276854
vn -0.6755902076156601 -0.7372773368101242 0
vn 0.6755902076156601 0.7372773368101242 0
vn 0.44236640208607425 -0.4053541245693958 0.8000000000000003
vn -0.44236640208607453 0.4053541245693961 -0.7999999999999999
vn -0.6755902076156601 -0.7372773368101242 0
vn 0.6755902076156601 0.7372773368101242 0
vn 0.6453904865342261 -0.5913914222255833 0.48345351959533467
vn -0.6453904865342261 0.5913914222255833 -0.483453519595335
vn -0.6755902076156601 -0.7372773368101242 0
vn 0.6755902076156601 0.7372773368101242 0
vn 0.7372773368101242 -0.6755902076156601 9.662403458270915e-16
vn -0.7372773368101242 0.6755902076156601 -2.220446049250313e-16
vn -0.6755902076156601 -0.7372773368101242 0
vn 0.6755902076156601 0.7372773368101242 0
usemtl none
f 513/2049/513 517/2050/513 518/2051/513 514/2052/513
f 516/2053/514 520/2054/514 519/2055/514 515/2056/514
f 515/2057/515 519/2058/515 517/2059/515 513/2060/515
f 514/2061/516 518/2062/516 520/2063/516 516/2064/516
f 517/2065/517 521/2066/517 522/2067/517 518/2068/517
f 520/2069/518 524/2070/518 523/2071/518 519/2072/518
f 519/2073/519 523/2074/519 521/2075/519 517/2076/519
f 518/2077/520 522/2078/520 524/2079/520 520/2080/520
f 521/2081/521 525/2082/521 526/2083/521 522/2084/521
f 524/2085/522 528/2086/522 527/2087/522 523/2088/522
f 523/2089/523 527/2090/523 525/2091/523 521/2092/523
f 522/2093/524 526/2094/524 528/2095/524 524/2096/524
f 525/2097/525 529/2098/525 530/2099/525 526/2100/525
f 528/2101/526 532/2102/526 531/2103/526 527/2104/526
f 527/2105/527 531/2106/527 529/2107/527 525/2108/527
f 526/2109/528 530/2110/528 532/2111/528 528/2112/528
f 529/2113/529 533/2114/529 534/2115/529 530/2116/529
f 532/2117/530 536/2118/530 535/2119/530 531/2120/530
f 531/2121/531 535/2122/531 533/2123/531 529/2124/531
f 530/2125/532 534/2126/532 536/2127/532 532/2128/532
f 533/2129/533 537/2130/533 538/2131/533 534/2132/533
f 536/2133/534 540/2134/534 539/2135/534 535/2136/534
f 535/2137/535 539/2138/535 537/2139/535 533/2140/535
f 534/2141/536 538/2142/536 540/2143/536 536/2144/536
f 537/2145/537 541/2146/537 542/2147/537 538/2148/537
f 540/2149/538 544/2150/538 543/2151/538 539/2152/538
f 539/2153/539 543/2154/539 541/2155/539 537/2156/539
f 538/2157/540 542/2158/540 544/2159/540 540/2160/540
f 541/2161/541 545/2162/541 546/2163/541 542/2164/541
f 544/2165/542 548/2166/542 547/2167/542 543/2168/542
f 543/2169/543 547/2170/543 545/2171/543 541/2172/543
f 542/2173/544 546/2174/544 548/2175/544 544/2176/544
f 545/2177/545 549/2178/545 550/2179/545 546/2180/545
f 548/2181/546 552/2182/546 551/2183/546 547/2184/546
f 547/2185/547 551/2186/547 549/2187/547 545/2188/547
f 546/2189/548 550/2190/548 552/2191/548 548/2192/548
f 549/2193/549 553/2194/549 554/2195/549 550/2196/549
f 552/2197/550 556/2198/550 555/2199/550 551/2200/550
f 551/2201/551 555/2202/551 553/2203/551 549/2204/551
f 550/2205/552 554/2206/552 556/2207/552 552/2208/552
f 553/2209/553 557/2210/553 558/2211/553 554/2212/553
f 556/2213/554 560/2214/554 559/2215/554 555/2216/554
f 555/2217/555 559/2218/555 557/2219/555 553/2220/555
f 554/2221/556 558/2222/556 560/2223/556 556/2224/556
f 557/2225/557 561/2226/557 562/2227/557 558/2228/557
f 560/2229/558 564/2230/558 563/2231/558 559/2232/558
f 559/2233/559 563/2234/559 561/2235/559 557/2236/559
f 558/2237/560 562/2238/560 564/2239/560 560/2240/560
f 561/2241/561 565/2242/561 566/2243/561 562/2244/561
f 564/2245/562 568/2246/562 567/2247/562 563/2248/562
f 563/2249/563 567/2250/563 565/2251/563 561/2252/563
f 562/2253/564 566/2254/564 568/2255/564 564/2256/564
f 565/2257/565 569/2258/565 570/2259/565 566/2260/565
f 568/2261/566 572/2262/566 571/2263/566 567/2264/566
f 567/2265/567 571/2266/567 569/2267/567 565/2268/567
f 566/2269/568 570/2270/568 572/2271/568 568/2272/568
f 569/2273/569 573/2274/569 574/2275/569 570/2276/569
f 572/2277/570 576/2278/570 575/2279/570 571/2280/570
f 571/2281/571 575/2282/571 573/2283/571 569/2284/571
f 570/2285/572 574/2286/572 576/2287/572 572/2288/572
f 573/2289/573 513/2290/573 514/2291/573 574/2292/573
f 576/2293/574 516/2294/574 515/2295/574 575/2296/574
f 575/2297/575 515/2298/575 513/2299/575 573/2300/575
f 574/2301/576 514/2302/576 516/2303/576 576/2304/576
o tube
v 0.7996356202596268 -0.23246345416335443 0.01562500000000001
v 0.7996356202596268 -0.23246345416335443 -0.01562499999999999
v 0.7978834746168797 -0.23358598903470884 0.01562500000000001
v 0.7978834746168797 -0.23358598903470884 -0.01562499999999999
v 0.8117506902032947 -0.25324412336427615 0.01562500000000001
v 0.8117506902032947 -0.25324412336427615 -0.015624999999999991
v 0.8094787009410396 -0.253474983788563 0.015625000000000007
v 0.8094787009410396 -0.2534749837885629 -0.015624999999999991
v 0.8158047229550558 -0.2748438873105965 0.015625000000000007
v 0.8158047229550558 -0.2748438873105965 -0.015624999999999995
v 0.8133587798428371 -0.27414792688097295 0.015625000000000007
v 0.8133587798428371 -0.27414792688097295 -0.015624999999999995
v 0.8111805287783529 -0.29397437774383595 0.015625000000000003
v 0.8111805287783529 -0.29397437774383595 -0.015624999999999998
v 0.8089330044824763 -0.29245755012681524 0.015625000000000003
v 0.8089330044824763 -0.29245755012681524 -0.015624999999999998
v 0.7985820993181642 -0.3077231509138614 0.015624999999999998
v 0.7985820993181642 -0.3077231509138614 -0.015625000000000003
v 0.7968751590388186 -0.30561637936405833 0.015624999999999998
v 0.7968751590388186 -0.30561637936405833 -0.015625000000000003
v 0.7799274312547562 -0.31399708073847554 0.015624999999999995
v 0.7799274312547562 -0.31399708073847554 -0.015625000000000007
v 0.7790209411760196 -0.3116211021264161 0.015624999999999995
v 0.7790209411760196 -0.3116211021264161 -0.015625000000000007
v 0.7580565286957955 -0.3118410182751965 0.015624999999999991
v 0.7580565286957955 -0.3118410182751965 -0.01562500000000001
v 0.7580884937148027 -0.3095575538062668 0.015624999999999991
v 0.7580884937148027 -0.3095575538062668 -0.015625000000000007
v 0.7362990382956587 -0.3015832044893036 0.01562499999999999
v 0.7362990382956587 -0.3015832044893036 -0.01562500000000001
v 0.7372645920280293 -0.2997398909292413 0.01562499999999999
v 0.7372645920280293 -0.2997398909292413 -0.01562500000000001
v 0.7179673407356247 -0.2847852985423853 0.01562499999999999
v 0.7179673407356247 -0.2847852985423853 -0.01562500000000001
v 0.7197194863783718 -0.28366276367103094 0.01562499999999999
v 0.7197194863783718 -0.28366276367103094 -0.01562500000000001
v 0.7058522707919568 -0.2640046293414636 0.015624999999999991
v 0.7058522707919568 -0.2640046293414636 -0.01562500000000001
v 0.7081242600542119 -0.26377376891717685 0.015624999999999991
v 0.7081242600542119 -0.26377376891717685 -0.015625000000000007
v 0.7017982380401957 -0.24240486539514328 0.015624999999999995
v 0.7017982380401957 -0.24240486539514328 -0.015625000000000007
v 0.7042441811524144 -0.24310082582476683 0.015624999999999995
v 0.7042441811524144 -0.24310082582476683 -0.015625000000000007
v 0.7064224322168987 -0.2232743749619039 0.015624999999999998
v 0.7064224322168987 -0.2232743749619039 -0.015625000000000003
v 0.7086699565127752 -0.22479120257892454 0.015624999999999998
v 0.7086699565127752 -0.22479120257892454 -0.015625000000000003
v 0.7190208616770873 -0.2095256017918784 0.015625000000000003
v 0.7190208616770873 -0.2095256017918784 -0.015624999999999998
v 0.720727801956433 -0.21163237334168145 0.015625000000000003
v 0.720727801956433 -0.21163237334168145 -0.015624999999999998
v 0.7376755297404953 -0.2032516719672642 0.015625000000000007
v 0.7376755297404953 -0.2032516719672642 -0.015624999999999995
v 0.7385820198192319 -0.20562765057932372 0.015625000000000007
v 0.7385820198192319 -0.20562765057932372 -0.015624999999999995
v 0.759546432299456 -0.20540773443054328 0.01562500000000001
v 0.759546432299456 -0.20540773443054325 -0.015624999999999991
v 0.7595144672804488 -0.20769119889947296 0.015625000000000007
v 0.7595144672804488 -0.20769119889947296 -0.015624999999999991
v 0.7813039226995928 -0.21566554821643621 0.01562500000000001
v 0.7813039226995928 -0.21566554821643621 -0.01562499999999999
v 0.7803383689672222 -0.21750886177649847 0.01562500000000001
v 0.7803383689672222 -0.21750886177649847 -0.01562499999999999
vt 0 0.75
vt 0.09945625 0.75
vt 0.09945625 1
vt 0 1
vt 0.0951875 1
vt 0 1
vt 0 0.75
vt 0.0951875 0.75
vt 5.551115123125783e-16 0.9978666893684354
vt 5.551115123125783e-16 0.9026780146793606
vt 0.010726279727053867 0.9005452143418925
vt 0.010728336702654107 1
vt 0 0.989271707421881
vt 0.0994547856793792 0.989271707421881
vt 0.09732220718886293 0.9999980312583259
vt 0.0021335325201474534 1
vt 0 0.75
vt 0.09945625 0.75
vt 0.09945625 1
vt 0 1
vt 0.0951875 1
vt 0 1
vt 0 0.75
vt 0.0951875 0.75
vt 2.220446049250313e-16 0.9978654214042931
vt 2.7755575615628914e-16 0.9026755904044366
vt 0.010725925987123686 0.9005410118087297
vt 0.010725925987123686 1
vt 0 0.9892740740128763
vt 0.09945898819127032 0.9892740740128763
vt 0.09732440959556345 0.9999999999999998
vt 0.0021345785957068986 0.9999999999999998
vt 0 0.75
vt 0.09945625 0.75
vt 0.09945625 1
vt 0 1
vt 0.0951875 1
vt 0 1
vt 0 0.75
vt 0.0951875 0.75
vt 5.551115123125783e-16 0.9978671996625319
vt 5.551115123125783e-16 0.9026785249734571
vt 0.010728336702654107 0.9005452143418925
vt 0.010726279727053867 1
vt 0 0.989271707421881
vt 0.09945478567937921 0.989271707421881
vt 0.09732125315923176 1
vt 0.0021325784905162765 0.999998031258326
vt 0 0.75
vt 0.09945625 0.75
vt 0.09945625 1
vt 0 1
vt 0.0951875 1
vt 0 1
vt 0 0.75
vt 0.0951875 0.75
vt 0 0.997865625
vt 0 0.902678125
vt 0.010728125000000005 0.90054375
vt 0.010728125000000005 1
vt 0.010728125000000005 0.90054375
vt 0.010728125000000005 1
vt 0 0.997865625
vt 0 0.902678125
vt 0 0.75
vt 0.09945625 0.75
vt 0.09945625 1
vt 0 1
vt 0.0951875 1
vt 0 1
vt 0 0.75
vt 0.0951875 0.75
vt 0.09732147502654287 0.9999999999999994
vt 0.002132800337468113 0.9999999999999994
vt 0 0.9892737202729461
vt 0.09945478565810749 0.989271663297346
vt 0.010728292578118998 0.9005452143206207
vt 0.010728292578118998 1
vt 0.0000019687416740465924 0.9978674215094837
vt 0 0.9026787468407682
vt 0 0.75
vt 0.09945625 0.75
vt 0.09945625 1
vt 0 1
vt 0.0951875 1
vt 0 1
vt 0 0.75
vt 0.0951875 0.75
vt 0.09732440959556345 0.9999999999999998
vt 0.0021345785957068986 0.9999999999999998
vt 0 0.9892740740128763
vt 0.09945898819127032 0.9892740740128763
vt 0.010725925987123686 0.9005410118087297
vt 0.010725925987123686 1
vt 2.220446049250313e-16 0.9978654214042931
vt 2.7755575615628914e-16 0.9026755904044366
vt 0 0.75
vt 0.09945625 0.75
vt 0.09945625 1
vt 0 1
vt 0.0951875 1
vt 0 1
vt 0 0.75
vt 0.0951875 0.75
vt 0.09732198532063939 0.9999999999999994
vt 0.0021333106315646264 0.9999999999999994
vt 0 0.989271663297346
vt 0.09945478565810748 0.9892737202729461
vt 0.010728292578119025 0.9005452143206208
vt 0.010728292578119025 1
vt 0 0.9978664674798525
vt 0.000001968741674129859 0.902677792811137
vt 0 0.75
vt 0.09945625 0.75
vt 0.09945625 1
vt 0 1
vt 0.0951875 1
vt 0 1
vt 0 0.75
vt 0.0951875 0.75
vt 0.097321875 1
vt 0.002134375000000001 1
vt 0 0.989271875
vt 0.09945625 0.989271875
vt 0.09945625 1
vt 0 1
vt 0.002134375000000001 0.989271875
vt 0.097321875 0.989271875
vt 0 0.75
vt 0.09945625 0.75
vt 0.09945625 1
vt 0 1
vt 0.0951875 1
vt 0 1
vt 0 0.75
vt 0.0951875 0.75
vt 0.010728336702654856 0.9026785249734571
vt 0.010728336702654856 0.9978671996625319
vt 0.0000020569756015165197 1
vt 1.27675647831893e-15 0.9005452143418925
vt 0.0994547856793792 0.9999999999999992
vt 0 0.9999999999999991
vt 0.0021325784905162765 0.9892736761635542
vt 0.09732125315923175 0.9892717074218802
vt 0 0.75
vt 0.09945625 0.75
vt 0.09945625 1
vt 0 1
vt 0.0951875 1
vt 0 1
vt 0 0.75
vt 0.0951875 0.75
vt 0.010725925987123935 0.9026755904044366
vt 0.010725925987123908 0.9978654214042931
vt 4.996003610813204e-16 1
vt 4.996003610813204e-16 0.9005410118087297
vt 0.09945898819127032 0.9999999999999996
vt 0 0.9999999999999996
vt 0.002134578595706871 0.989274074012876
vt 0.09732440959556342 0.989274074012876
vt 0 0.75
vt 0.09945625 0.75
vt 0.09945625 1
vt 0 1
vt 0.0951875 1
vt 0 1
vt 0 0.75
vt 0.0951875 0.75
vt 0.010728336702654828 0.9026780146793606
vt 0.010728336702654828 0.9978666893684354
vt 1.27675647831893e-15 1
vt 0.0000020569756015165197 0.9005452143418925
vt 0.09945478567937921 0.9999999999999992
vt 0 0.9999999999999992
vt 0.0021335325201474464 0.9892717074218802
vt 0.09732220718886293 0.9892736761635543
vt 0 0.75
vt 0.09945625 0.75
vt 0.09945625 1
vt 0 1
vt 0.0951875 1
vt 0 1
vt 0 0.75
vt 0.0951875 0.75
vt 0.010728125000000005 0.902678125
vt 0.010728125000000005 0.997865625
vt 0 1
vt 0 0.90054375
vt 0 1
vt 0 0.90054375
vt 0.010728125000000005 0.902678125
vt 0.010728125000000005 0.997865625
vt 0 0.75
vt 0.09945625 0.75
vt 0.09945625 1
vt 0 1
vt 0.0951875 1
vt 0 1
vt 0 0.75
vt 0.0951875 0.75
vt 0.0021333106315646194 0.9892716632973452
vt 0.09732198532063938 0.9892716632973451
vt 0.09945478565810749 0.9999979430243984
vt 0 0.9999999999999988
vt 7.771561172376096e-16 1
vt 8.326672684688674e-16 0.9005452143206208
vt 0.010726323836445756 0.9026777928111371
vt 0.010728292578119775 0.9978664674798525
vt 0 0.75
vt 0.09945625 0.75
vt 0.09945625 1
vt 0 1
vt 0.0951875 1
vt 0 1
vt 0 0.75
vt 0.0951875 0.75
vt 0.002134578595706871 0.989274074012876
vt 0.09732440959556342 0.989274074012876
vt 0.09945898819127032 0.9999999999999996
vt 0 0.9999999999999996
vt 4.996003610813204e-16 1
vt 4.996003610813204e-16 0.9005410118087297
vt 0.010725925987123935 0.9026755904044366
vt 0.010725925987123908 0.9978654214042931
vt 0 0.75
vt 0.09945625 0.75
vt 0.09945625 1
vt 0 1
vt 0.0951875 1
vt 0 1
vt 0 0.75
vt 0.0951875 0.75
vt 0.0021328003374680854 0.9892716632973452
vt 0.09732147502654284 0.9892716632973452
vt 0.09945478565810748 0.9999999999999987
vt 0 0.9999979430243985
vt 7.771561172376096e-16 1
vt 7.771561172376096e-16 0.9005452143206207
vt 0.010728292578119775 0.9026787468407682
vt 0.010726323836445728 0.9978674215094837
vt 0 0.75
vt 0.09945625 0.75
vt 0.09945625 1
vt 0 1
vt 0.0951875 1
vt 0 1
vt 0 0.75
vt 0.0951875 0.75
vt 0.002134375000000001 0.989271875
vt 0.097321875 0.989271875
vt 0.09945625 1
vt 0 1
vt 0 0.989271875
vt 0.09945625 0.989271875
vt 0.097321875 1
vt 0.002134375000000001 1
vn 0.8639052963731444 0.503654285098846 2.1204790113309118e-16
vn -0.8639052963731446 -0.5036542850988459 -2.1204790113309118e-16
vn -1.5001116074123913e-16 -1.6370845497218327e-16 1
vn 1.5001116074123913e-16 1.6370845497218327e-16 -1
vn 0.9828385681786026 0.18446774487870365 1.776356839400251e-16
vn -0.9828385681786026 -0.18446774487870354 -1.7763568394002508e-16
vn -1.5001116074123913e-16 -1.6370845497218327e-16 1
vn 1.5001116074123913e-16 1.6370845497218327e-16 -1
vn 0.9720069502101598 -0.23495209882685425 1.0734824575816188e-16
vn -0.97200695021016 0.23495209882685408 -1.0734824575816194e-16
vn -1.5001116074123913e-16 -1.6370845497218327e-16 1
vn 1.5001116074123913e-16 1.6370845497218327e-16 -1
vn 0.7372773368101242 -0.6755902076156601 0
vn -0.7372773368101242 0.6755902076156601 0
vn -1.5001116074123913e-16 -1.6370845497218327e-16 1
vn 1.5001116074123913e-16 1.6370845497218327e-16 -1
vn 0.3187740228582928 -0.9478307456243128 -1.073482457581619e-16
vn -0.3187740228582937 0.9478307456243125 1.0734824575816171e-16
vn -1.5001116074123913e-16 -1.6370845497218327e-16 1
vn 1.5001116074123913e-16 1.6370845497218327e-16 -1
vn -0.09810576400645321 -0.9951759940174956 -1.77635683940025e-16
vn 0.09810576400645363 0.9951759940174956 1.776356839400251e-16
vn -1.5001116074123913e-16 -1.6370845497218327e-16 1
vn 1.5001116074123913e-16 1.6370845497218327e-16 -1
vn -0.4264434207176213 -0.9045142392061354 -2.1204790113309116e-16
vn 0.42644342071762154 0.9045142392061354 2.120479011330912e-16
vn -1.5001116074123913e-16 -1.6370845497218327e-16 1
vn 1.5001116074123913e-16 1.6370845497218327e-16 -1
vn -0.6755902076156601 -0.7372773368101242 -2.220446049250313e-16
vn 0.6755902076156601 0.7372773368101242 2.220446049250313e-16
vn -1.5001116074123913e-16 -1.6370845497218327e-16 1
vn 1.5001116074123913e-16 1.6370845497218327e-16 -1
vn -0.8639052963731444 -0.5036542850988459 -2.1204790113309116e-16
vn 0.863905296373144 0.5036542850988465 2.1204790113309116e-16
vn -1.5001116074123913e-16 -1.6370845497218327e-16 1
vn 1.5001116074123913e-16 1.6370845497218327e-16 -1
vn -0.9828385681786027 -0.18446774487870338 -1.7763568394002508e-16
vn 0.9828385681786027 0.18446774487870266 1.7763568394002496e-16
vn -1.5001116074123913e-16 -1.6370845497218327e-16 1
vn 1.5001116074123913e-16 1.6370845497218327e-16 -1
vn -0.9720069502101598 0.23495209882685453 -1.0734824575816183e-16
vn 0.97200695021016 -0.23495209882685342 1.0734824575816203e-16
vn -1.5001116074123913e-16 -1.6370845497218327e-16 1
vn 1.5001116074123913e-16 1.6370845497218327e-16 -1
vn -0.737277336810125 0.6755902076156594 -2.478669739132334e-31
vn 0.7372773368101242 -0.6755902076156601 0
vn -1.5001116074123913e-16 -1.6370845497218327e-16 1
vn 1.5001116074123913e-16 1.6370845497218327e-16 -1
vn -0.31877402285829265 0.9478307456243129 1.0734824575816196e-16
vn 0.3187740228582934 -0.9478307456243126 -1.0734824575816177e-16
vn -1.5001116074123913e-16 -1.6370845497218327e-16 1
vn 1.5001116074123913e-16 1.6370845497218327e-16 -1
vn 0.09810576400645338 0.9951759940174955 1.77635683940025e-16
vn -0.09810576400645388 -0.9951759940174953 -1.7763568394002508e-16
vn -1.5001116074123913e-16 -1.6370845497218327e-16 1
vn 1.5001116074123913e-16 1.6370845497218327e-16 -1
vn 0.42644342071762154 0.9045142392061354 2.120479011330912e-16
vn -0.426443420717621 -0.9045142392061357 -2.1204790113309118e-16
vn -1.5001116074123913e-16 -1.6370845497218327e-16 1
vn 1.5001116074123913e-16 1.6370845497218327e-16 -1
vn 0.6755902076156597 0.7372773368101245 2.220446049250313e-16
vn -0.6755902076156601 -0.7372773368101242 -2.220446049250313e-16
vn -1.5001116074123913e-16 -1.6370845497218327e-16 1
vn 1.5001116074123913e-16 1.6370845497218327e-16 -1
usemtl none
f 577/2305/577 581/2306/577 582/2307/577 578/2308/577
f 580/2309/578 584/2310/578 583/2311/578 579/2312/578
f 579/2313/579 583/2314/579 581/2315/579 577/2316/579
f 578/2317/580 582/2318/580 584/2319/580 580/2320/580
f 581/2321/581 585/2322/581 586/2323/581 582/2324/581
f 584/2325/582 588/2326/582 587/2327/582 583/2328/582
f 583/2329/583 587/2330/583 585/2331/583 581/2332/583
f 582/2333/584 586/2334/584 588/2335/584 584/2336/584
f 585/2337/585 589/2338/585 590/2339/585 586/2340/585
f 588/2341/586 592/2342/586 591/2343/586 587/2344/586
f 587/2345/587 591/2346/587 589/2347/587 585/2348/587
f 586/2349/588 590/2350/588 592/2351/588 588/2352/588
f 589/2353/589 593/2354/589 594/2355/589 590/2356/589
f 592/2357/590 596/2358/590 595/2359/590 591/2360/590
f 591/2361/591 595/2362/591 593/2363/591 589/2364/591
f 590/2365/592 594/2366/592 596/2367/592 592/2368/592
f 593/2369/593 597/2370/593 598/2371/593 594/2372/593
f 596/2373/594 600/2374/594 599/2375/594 595/2376/594
f 595/2377/595 599/2378/595 597/2379/595 593/2380/595
f 594/2381/596 598/2382/596 600/2383/596 596/2384/596
f 597/2385/597 601/2386/597 602/2387/597 598/2388/597
f 600/2389/598 604/2390/598 603/2391/598 599/2392/598
f 599/2393/599 603/2394/599 601/2395/599 597/2396/599
f 598/2397/600 602/2398/600 604/2399/600 600/2400/600
f 601/2401/601 605/2402/601 606/2403/601 602/2404/601
f 604/2405/602 608/2406/602 607/2407/602 603/2408/602
f 603/2409/603 607/2410/603 605/2411/603 601/2412/603
f 602/2413/604 606/2414/604 608/2415/604 604/2416/604
f 605/2417/605 609/2418/605 610/2419/605 606/2420/605
f 608/2421/606 612/2422/606 611/2423/606 607/2424/606
f 607/2425/607 611/2426/607 609/2427/607 605/2428/607
f 606/2429/608 610/2430/608 612/2431/608 608/2432/608
f 609/2433/609 613/2434/609 614/2435/609 610/2436/609
f 612/2437/610 616/2438/610 615/2439/610 611/2440/610
f 611/2441/611 615/2442/611 613/2443/611 609/2444/611
f 610/2445/612 614/2446/612 616/2447/612 612/2448/612
f 613/2449/613 617/2450/613 618/2451/613 614/2452/613
f 616/2453/614 620/2454/614 619/2455/614 615/2456/614
f 615/2457/615 619/2458/615 617/2459/615 613/2460/615
f 614/2461/616 618/2462/616 620/2463/616 616/2464/616
f 617/2465/617 621/2466/617 622/2467/617 618/2468/617
f 620/2469/618 624/2470/618 623/2471/618 619/2472/618
f 619/2473/619 623/2474/619 621/2475/619 617/2476/619
f 618/2477/620 622/2478/620 624/2479/620 620/2480/620
f 621/2481/621 625/2482/621 626/2483/621 622/2484/621
f 624/2485/622 628/2486/622 627/2487/622 623/2488/622
f 623/2489/623 627/2490/623 625/2491/623 621/2492/623
f 622/2493/624 626/2494/624 628/2495/624 624/2496/624
f 625/2497/625 629/2498/625 630/2499/625 626/2500/625
f 628/2501/626 632/2502/626 631/2503/626 627/2504/626
f 627/2505/627 631/2506/627 629/2507/627 625/2508/627
f 626/2509/628 630/2510/628 632/2511/628 628/2512/628
f 629/2513/629 633/2514/629 634/2515/629 630/2516/629
f 632/2517/630 636/2518/630 635/2519/630 631/2520/630
f 631/2521/631 635/2522/631 633/2523/631 629/2524/631
f 630/2525/632 634/2526/632 636/2527/632 632/2528/632
f 633/2529/633 637/2530/633 638/2531/633 634/2532/633
f 636/2533/634 640/2534/634 639/2535/634 635/2536/634
f 635/2537/635 639/2538/635 637/2539/635 633/2540/635
f 634/2541/636 638/2542/636 640/2543/636 636/2544/636
f 637/2545/637 577/2546/637 578/2547/637 638/2548/637
f 640/2549/638 580/2550/638 579/2551/638 639/2552/638
f 639/2553/639 579/2554/639 577/2555/639 637/2556/639
f 638/2557/640 578/2558/640 580/2559/640 640/2560/640
o tube
v 0.638356202832412 -0.08467809624742878 0.01562500000000001
v 0.638356202832412 -0.08467809624742877 -0.01562499999999999
v 0.636604057189665 -0.0858006311187832 0.01562500000000001
v 0.636604057189665 -0.08580063111878318 -0.01562499999999999
v 0.65047127277608 -0.1054587654483505 0.01562500000000001
v 0.65047127277608 -0.1054587654483505 -0.015624999999999991
v 0.6481992835138248 -0.1056896258726373 0.015625000000000007
v 0.6481992835138248 -0.1056896258726373 -0.015624999999999991
v 0.654525305527841 -0.12705852939467085 0.015625000000000007
v 0.654525305527841 -0.12705852939467085 -0.015624999999999995
v 0.6520793624156224 -0.1263625689650473 0.015625000000000007
v 0.6520793624156224 -0.1263625689650473 -0.015624999999999995
v 0.6499011113511381 -0.14618901982791027 0.015625000000000003
v 0.6499011113511381 -0.14618901982791027 -0.015624999999999998
v 0.6476535870552615 -0.1446721922108896 0.015625000000000003
v 0.6476535870552615 -0.1446721922108896 -0.015624999999999998
v 0.6373026818909494 -0.1599377929979357 0.015624999999999998
v 0.6373026818909494 -0.1599377929979357 -0.015625000000000003
v 0.6355957416116038 -0.15783102144813269 0.015624999999999998
v 0.6355957416116038 -0.15783102144813269 -0.015625000000000003
v 0.6186480138275414 -0.16621172282254992 0.015624999999999995
v 0.6186480138275414 -0.16621172282254992 -0.015625000000000007
v 0.6177415237488049 -0.1638357442104904 0.015624999999999995
v 0.6177415237488049 -0.1638357442104904 -0.015625000000000007
v 0.5967771112685808 -0.16405566035927088 0.015624999999999991
v 0.5967771112685808 -0.16405566035927088 -0.01562500000000001
v 0.596809076287588 -0.1617721958903412 0.015624999999999991
v 0.596809076287588 -0.1617721958903412 -0.015625000000000007
v 0.5750196208684439 -0.15379784657337792 0.01562499999999999
v 0.5750196208684439 -0.15379784657337792 -0.01562500000000001
v 0.5759851746008146 -0.15195453301331566 0.01562499999999999
v 0.5759851746008146 -0.15195453301331566 -0.01562500000000001
v 0.55668792330841 -0.1369999406264597 0.01562499999999999
v 0.55668792330841 -0.1369999406264597 -0.01562500000000001
v 0.558440068951157 -0.1358774057551053 0.01562499999999999
v 0.558440068951157 -0.1358774057551053 -0.01562500000000001
v 0.544572853364742 -0.11621927142553799 0.015624999999999991
v 0.544572853364742 -0.11621927142553799 -0.01562500000000001
v 0.5468448426269972 -0.11598841100125121 0.015624999999999991
v 0.5468448426269972 -0.11598841100125121 -0.015625000000000007
v 0.540518820612981 -0.09461950747921763 0.015624999999999995
v 0.540518820612981 -0.09461950747921763 -0.015625000000000007
v 0.5429647637251996 -0.09531546790884117 0.015624999999999995
v 0.5429647637251996 -0.09531546790884117 -0.015625000000000007
v 0.545143014789684 -0.07548901704597823 0.015624999999999998
v 0.545143014789684 -0.07548901704597823 -0.015625000000000003
v 0.5473905390855605 -0.07700584466299891 0.015624999999999998
v 0.5473905390855605 -0.07700584466299891 -0.015625000000000003
v 0.5577414442498726 -0.06174024387595277 0.015625000000000003
v 0.5577414442498726 -0.06174024387595277 -0.015624999999999998
v 0.5594483845292183 -0.0638470154257558 0.015625000000000003
v 0.5594483845292183 -0.0638470154257558 -0.015624999999999998
v 0.5763961123132806 -0.05546631405133857 0.015625000000000007
v 0.5763961123132806 -0.05546631405133857 -0.015624999999999995
v 0.5773026023920171 -0.057842292663398076 0.015625000000000007
v 0.5773026023920171 -0.057842292663398076 -0.015624999999999995
v 0.5982670148722412 -0.057622376514617615 0.01562500000000001
v 0.5982670148722412 -0.05762237651461761 -0.015624999999999991
v 0.5982350498532341 -0.0599058409835473 0.015625000000000007
v 0.5982350498532341 -0.0599058409835473 -0.015624999999999991
v 0.6200245052723781 -0.06788019030051057 0.01562500000000001
v 0.6200245052723781 -0.06788019030051057 -0.01562499999999999
v 0.6190589515400075 -0.06972350386057283 0.01562500000000001
v 0.6190589515400075 -0.06972350386057283 -0.01562499999999999
vt 0 0.75
vt 0.09945625 0.75
vt 0.09945625 1
vt 0 1
vt 0.0951875 1
vt 0 1
vt 0 0.75
vt 0.0951875 0.75
vt 5.551115123125783e-16 0.9978666893684354
vt 5.551115123125783e-16 0.9026780146793606
vt 0.010726279727053867 0.9005452143418925
vt 0.010728336702654107 1
vt 0 0.989271707421881
vt 0.0994547856793792 0.989271707421881
vt 0.09732220718886293 0.9999980312583259
vt 0.0021335325201474534 1
vt 0 0.75
vt 0.09945625 0.75
vt 0.09945625 1
vt 0 1
vt 0.0951875 1
vt 0 1
vt 0 0.75
vt 0.0951875 0.75
vt 2.220446049250313e-16 0.9978654214042931
vt 2.7755575615628914e-16 0.9026755904044366
vt 0.010725925987123686 0.9005410118087297
vt 0.010725925987123686 1
vt 0 0.9892740740128763
vt 0.09945898819127032 0.9892740740128763
vt 0.09732440959556345 0.9999999999999998
vt 0.0021345785957068986 0.9999999999999998
vt 0 0.75
vt 0.09945625 0.75
vt 0.09945625 1
vt 0 1
vt 0.0951875 1
vt 0 1
vt 0 0.75
vt 0.0951875 0.75
vt 5.551115123125783e-16 0.9978671996625319
vt 5.551115123125783e-16 0.9026785249734571
vt 0.010728336702654107 0.9005452143418925
vt 0.010726279727053867 1
vt 0 0.989271707421881
vt 0.09945478567937921 0.989271707421881
vt 0.09732125315923176 1
vt 0.0021325784905162765 0.999998031258326
vt 0 0.75
vt 0.09945625 0.75
vt 0.09945625 1
vt 0 1
vt 0.0951875 1
vt 0 1
vt 0 0.75
vt 0.0951875 0.75
vt 0 0.997865625
vt 0 0.902678125
vt 0.010728125000000005 0.90054375
vt 0.010728125000000005 1
vt 0.010728125000000005 0.90054375
vt 0.010728125000000005 1
vt 0 0.997865625
vt 0 0.902678125
vt 0 0.75
vt 0.09945625 0.75
vt 0.09945625 1
vt 0 1
vt 0.0951875 1
vt 0 1
vt 0 0.75
vt 0.0951875 0.75
vt 0.09732147502654287 0.9999999999999994
vt 0.002132800337468113 0.9999999999999994
vt 0 0.9892737202729461
vt 0.09945478565810749 0.989271663297346
vt 0.010728292578118998 0.9005452143206207
vt 0.010728292578118998 1
vt 0.0000019687416740465924 0.9978674215094837
vt 0 0.9026787468407682
vt 0 0.75
vt 0.09945625 0.75
vt 0.09945625 1
vt 0 1
vt 0.0951875 1
vt 0 1
vt 0 0.75
vt 0.0951875 0.75
vt 0.09732440959556345 0.9999999999999998
vt 0.0021345785957068986 0.9999999999999998
vt 0 0.9892740740128763
vt 0.09945898819127032 0.9892740740128763
vt 0.010725925987123686 0.9005410118087297
vt 0.010725925987123686 1
vt 2.220446049250313e-16 0.9978654214042931
vt 2.7755575615628914e-16 0.9026755904044366
vt 0 0.75
vt 0.09945625 0.75
vt 0.09945625 1
vt 0 1
vt 0.0951875 1
vt 0 1
vt 0 0.75
vt 0.0951875 0.75
vt 0.09732198532063939 0.9999999999999994
vt 0.0021333106315646264 0.9999999999999994
vt 0 0.989271663297346
vt 0.09945478565810748 0.9892737202729461
vt 0.010728292578119025 0.9005452143206208
vt 0.010728292578119025 1
vt 0 0.9978664674798525
vt 0.000001968741674129859 0.902677792811137
vt 0 0.75
vt 0.09945625 0.75
vt 0.09945625 1
vt 0 1
vt 0.0951875 1
vt 0 1
vt 0 0.75
vt 0.0951875 0.75
vt 0.097321875 1
vt 0.002134375000000001 1
vt 0 0.989271875
vt 0.09945625 0.989271875
vt 0.09945625 1
vt 0 1
vt 0.002134375000000001 0.989271875
vt 0.097321875 0.989271875
vt 0 0.75
vt 0.09945625 0.75
vt 0.09945625 1
vt 0 1
vt 0.0951875 1
vt 0 1
vt 0 0.75
vt 0.0951875 0.75
vt 0.010728336702654856 0.9026785249734571
vt 0.010728336702654856 0.9978671996625319
vt 0.0000020569756015165197 1
vt 1.27675647831893e-15 0.9005452143418925
vt 0.0994547856793792 0.9999999999999992
vt 0 0.9999999999999991
vt 0.0021325784905162765 0.9892736761635542
vt 0.09732125315923175 0.9892717074218802
vt 0 0.75
vt 0.09945625 0.75
vt 0.09945625 1
vt 0 1
vt 0.0951875 1
vt 0 1
vt 0 0.75
vt 0.0951875 0.75
vt 0.010725925987123935 0.9026755904044366
vt 0.010725925987123908 0.9978654214042931
vt 4.996003610813204e-16 1
vt 4.996003610813204e-16 0.9005410118087297
vt 0.09945898819127032 0.9999999999999996
vt 0 0.9999999999999996
vt 0.002134578595706871 0.989274074012876
vt 0.09732440959556342 0.989274074012876
vt 0 0.75
vt 0.09945625 0.75
vt 0.09945625 1
vt 0 1
vt 0.0951875 1
vt 0 1
vt 0 0.75
vt 0.0951875 0.75
vt 0.010728336702654828 0.9026780146793606
vt 0.010728336702654828 0.9978666893684354
vt 1.27675647831893e-15 1
vt 0.0000020569756015165197 0.9005452143418925
vt 0.09945478567937921 0.9999999999999992
vt 0 0.9999999999999992
vt 0.0021335325201474464 0.9892717074218802
vt 0.09732220718886293 0.9892736761635543
vt 0 0.75
vt 0.09945625 0.75
vt 0.09945625 1
vt 0 1
vt 0.0951875 1
vt 0 1
vt 0 0.75
vt 0.0951875 0.75
vt 0.010728125000000005 0.902678125
vt 0.010728125000000005 0.997865625
vt 0 1
vt 0 0.90054375
vt 0 1
vt 0 0.90054375
vt 0.010728125000000005 0.902678125
vt 0.010728125000000005 0.997865625
vt 0 0.75
vt 0.09945625 0.75
vt 0.09945625 1
vt 0 1
vt 0.0951875 1
vt 0 1
vt 0 0.75
vt 0.0951875 0.75
vt 0.0021333106315646194 0.9892716632973452
vt 0.09732198532063938 0.9892716632973451
vt 0.09945478565810749 0.9999979430243984
vt 0 0.9999999999999988
vt 7.771561172376096e-16 1
vt 8.326672684688674e-16 0.9005452143206208
vt 0.010726323836445756 0.9026777928111371
vt 0.010728292578119775 0.9978664674798525
vt 0 0.75
vt 0.09945625 0.75
vt 0.09945625 1
vt 0 1
vt 0.0951875 1
vt 0 1
vt 0 0.75
vt 0.0951875 0.75
vt 0.002134578595706871 0.989274074012876
vt 0.09732440959556342 0.989274074012876
vt 0.09945898819127032 0.9999999999999996
vt 0 0.9999999999999996
vt 4.996003610813204e-16 1
vt 4.996003610813204e-16 0.9005410118087297
vt 0.010725925987123935 0.9026755904044366
vt 0.010725925987123908 0.9978654214042931
vt 0 0.75
vt 0.09945625 0.75
vt 0.09945625 1
vt 0 1
vt 0.0951875 1
vt 0 1
vt 0 0.75
vt 0.0951875 0.75
vt 0.0021328003374680854 0.9892716632973452
vt 0.09732147502654284 0.9892716632973452
vt 0.09945478565810748 0.9999999999999987
vt 0 0.9999979430243985
vt 7.771561172376096e-16 1
vt 7.771561172376096e-16 0.9005452143206207
vt 0.010728292578119775 0.9026787468407682
vt 0.010726323836445728 0.9978674215094837
vt 0 0.75
vt 0.09945625 0.75
vt 0.09945625 1
vt 0 1
vt 0.0951875 1
vt 0 1
vt 0 0.75
vt 0.0951875 0.75
vt 0.002134375000000001 0.989271875
vt 0.097321875 0.989271875
vt 0.09945625 1
vt 0 1
vt 0 0.989271875
vt 0.09945625 0.989271875
vt 0.097321875 1
vt 0.002134375000000001 1
vn 0.8639052963731444 0.503654285098846 2.1204790113309118e-16
vn -0.8639052963731446 -0.5036542850988459 -2.1204790113309118e-16
vn -1.5001116074123913e-16 -1.6370845497218327e-16 1
vn 1.5001116074123913e-16 1.6370845497218327e-16 -1
vn 0.9828385681786026 0.18446774487870365 1.776356839400251e-16
vn -0.9828385681786026 -0.18446774487870354 -1.7763568394002508e-16
vn -1.5001116074123913e-16 -1.6370845497218327e-16 1
vn 1.5001116074123913e-16 1.6370845497218327e-16 -1
vn 0.9720069502101598 -0.23495209882685425 1.0734824575816188e-16
vn -0.97200695021016 0.23495209882685408 -1.0734824575816194e-16
vn -1.5001116074123913e-16 -1.6370845497218327e-16 1
vn 1.5001116074123913e-16 1.6370845497218327e-16 -1
vn 0.7372773368101242 -0.6755902076156601 0
vn -0.7372773368101242 0.6755902076156601 0
vn -1.5001116074123913e-16 -1.6370845497218327e-16 1
vn 1.5001116074123913e-16 1.6370845497218327e-16 -1
vn 0.3187740228582928 -0.9478307456243128 -1.073482457581619e-16
vn -0.3187740228582937 0.9478307456243125 1.0734824575816171e-16
vn -1.5001116074123913e-16 -1.6370845497218327e-16 1
vn 1.5001116074123913e-16 1.6370845497218327e-16 -1
vn -0.09810576400645321 -0.9951759940174956 -1.77635683940025e-16
vn 0.09810576400645363 0.9951759940174956 1.776356839400251e-16
vn -1.5001116074123913e-16 -1.6370845497218327e-16 1
vn 1.5001116074123913e-16 1.6370845497218327e-16 -1
vn -0.4264434207176213 -0.9045142392061354 -2.1204790113309116e-16
vn 0.42644342071762154 0.9045142392061354 2.120479011330912e-16
vn -1.5001116074123913e-16 -1.6370845497218327e-16 1
vn 1.5001116074123913e-16 1.6370845497218327e-16 -1
vn -0.6755902076156601 -0.7372773368101242 -2.220446049250313e-16
vn 0.6755902076156601 0.7372773368101242 2.220446049250313e-16
vn -1.5001116074123913e-16 -1.6370845497218327e-16 1
vn 1.5001116074123913e-16 1.6370845497218327e-16 -1
vn -0.8639052963731444 -0.5036542850988459 -2.1204790113309116e-16
vn 0.863905296373144 0.5036542850988465 2.1204790113309116e-16
vn -1.5001116074123913e-16 -1.6370845497218327e-16 1
vn 1.5001116074123913e-16 1.6370845497218327e-16 -1
vn -0.9828385681786027 -0.18446774487870338 -1.7763568394002508e-16
vn 0.9828385681786027 0.18446774487870266 1.7763568394002496e-16
vn -1.5001116074123913e-16 -1.6370845497218327e-16 1
vn 1.5001116074123913e-16 1.6370845497218327e-16 -1
vn -0.9720069502101598 0.23495209882685453 -1.0734824575816183e-16
vn 0.97200695021016 -0.23495209882685342 1.0734824575816203e-16
vn -1.5001116074123913e-16 -1.6370845497218327e-16 1
vn 1.5001116074123913e-16 1.6370845497218327e-16 -1
vn -0.737277336810125 0.6755902076156594 -2.478669739132334e-31
vn 0.7372773368101242 -0.6755902076156601 0
vn -1.5001116074123913e-16 -1.6370845497218327e-16 1
vn 1.5001116074123913e-16 1.6370845497218327e-16 -1
vn -0.31877402285829265 0.9478307456243129 1.0734824575816196e-16
vn 0.3187740228582934 -0.9478307456243126 -1.0734824575816177e-16
vn -1.5001116074123913e-16 -1.6370845497218327e-16 1
vn 1.5001116074123913e-16 1.6370845497218327e-16 -1
vn 0.09810576400645338 0.9951759940174955 1.77635683940025e-16
vn -0.09810576400645388 -0.9951759940174953 -1.7763568394002508e-16
vn -1.5001116074123913e-16 -1.6370845497218327e-16 1
vn 1.5001116074123913e-16 1.6370845497218327e-16 -1
vn 0.42644342071762154 0.9045142392061354 2.120479011330912e-16
vn -0.426443420717621 -0.9045142392061357 -2.1204790113309118e-16
vn -1.5001116074123913e-16 -1.6370845497218327e-16 1
vn 1.5001116074123913e-16 1.6370845497218327e-16 -1
vn 0.6755902076156597 0.7372773368101245 2.220446049250313e-16
vn -0.6755902076156601 -0.7372773368101242 -2.220446049250313e-16
vn -1.5001116074123913e-16 -1.6370845497218327e-16 1
vn 1.5001116074123913e-16 1.6370845497218327e-16 -1
usemtl none
f 641/2561/641 645/2562/641 646/2563/641 642/2564/641
f 644/2565/642 648/2566/642 647/2567/642 643/2568/642
f 643/2569/643 647/2570/643 645/2571/643 641/2572/643
f 642/2573/644 646/2574/644 648/2575/644 644/2576/644
f 645/2577/645 649/2578/645 650/2579/645 646/2580/645
f 648/2581/646 652/2582/646 651/2583/646 647/2584/646
f 647/2585/647 651/2586/647 649/2587/647 645/2588/647
f 646/2589/648 650/2590/648 652/2591/648 648/2592/648
f 649/2593/649 653/2594/649 654/2595/649 650/2596/649
f 652/2597/650 656/2598/650 655/2599/650 651/2600/650
f 651/2601/651 655/2602/651 653/2603/651 649/2604/651
f 650/2605/652 654/2606/652 656/2607/652 652/2608/652
f 653/2609/653 657/2610/653 658/2611/653 654/2612/653
f 656/2613/654 660/2614/654 659/2615/654 655/2616/654
f 655/2617/655 659/2618/655 657/2619/655 653/2620/655
f 654/2621/656 658/2622/656 660/2623/656 656/2624/656
f 657/2625/657 661/2626/657 662/2627/657 658/2628/657
f 660/2629/658 664/2630/658 663/2631/658 659/2632/658
f 659/2633/659 663/2634/659 661/2635/659 657/2636/659
f 658/2637/660 662/2638/660 664/2639/660 660/2640/660
f 661/2641/661 665/2642/661 666/2643/661 662/2644/661
f 664/2645/662 668/2646/662 667/2647/662 663/2648/662
f 663/2649/663 667/2650/663 665/2651/663 661/2652/663
f 662/2653/664 666/2654/664 668/2655/664 664/2656/664
f 665/2657/665 669/2658/665 670/2659/665 666/2660/665
f 668/2661/666 672/2662/666 671/2663/666 667/2664/666
f 667/2665/667 671/2666/667 669/2667/667 665/2668/667
f 666/2669/668 670/2670/668 672/2671/668 668/2672/668
f 669/2673/669 673/2674/669 674/2675/669 670/2676/669
f 672/2677/670 676/2678/670 675/2679/670 671/2680/670
f 671/2681/671 675/2682/671 673/2683/671 669/2684/671
f 670/2685/672 674/2686/672 676/2687/672 672/2688/672
f 673/2689/673 677/2690/673 678/2691/673 674/2692/673
f 676/2693/674 680/2694/674 679/2695/674 675/2696/674
f 675/2697/675 679/2698/675 677/2699/675 673/2700/675
f 674/2701/676 678/2702/676 680/2703/676 676/2704/676
f 677/2705/677 681/2706/677 682/2707/677 678/2708/677
f 680/2709/678 684/2710/678 683/2711/678 679/2712/678
f 679/2713/679 683/2714/679 681/2715/679 677/2716/679
f 678/2717/680 682/2718/680 684/2719/680 680/2720/680
f 681/2721/681 685/2722/681 686/2723/681 682/2724/681
f 684/2725/682 688/2726/682 687/2727/682 683/2728/682
f 683/2729/683 687/2730/683 685/2731/683 681/2732/683
f 682/2733/684 686/2734/684 688/2735/684 684/2736/684
f 685/2737/685 689/2738/685 690/2739/685 686/2740/685
f 688/2741/686 692/2742/686 691/2743/686 687/2744/686
f 687/2745/687 691/2746/687 689/2747/687 685/2748/687
f 686/2749/688 690/2750/688 692/2751/688 688/2752/688
f 689/2753/689 693/2754/689 694/2755/689 690/2756/689
f 692/2757/690 696/2758/690 695/2759/690 691/2760/690
f 691/2761/691 695/2762/691 693/2763/691 689/2764/691
f 690/2765/692 694/2766/692 696/2767/692 692/2768/692
f 693/2769/693 697/2770/693 698/2771/693 694/2772/693
f 696/2773/694 700/2774/694 699/2775/694 695/2776/694
f 695/2777/695 699/2778/695 697/2779/695 693/2780/695
f 694/2781/696 698/2782/696 700/2783/696 696/2784/696
f 697/2785/697 701/2786/697 702/2787/697 698/2788/697
f 700/2789/698 704/2790/698 703/2791/698 699/2792/698
f 699/2793/699 703/2794/699 701/2795/699 697/2796/699
f 698/2797/700 702/2798/700 704/2799/700 700/2800/700
f 701/2801/701 641/2802/701 642/2803/701 702/2804/701
f 704/2805/702 644/2806/702 643/2807/702 703/2808/702
f 703/2809/703 643/2810/703 641/2811/703 701/2812/703
f 702/2813/704 642/2814/704 644/2815/704 704/2816/704
o tube
v 0.5524060909134417 -0.09069068584261836 -0.009324017220921452
v 0.5735182849014311 -0.06765076906730198 -0.009324017220921452
v 0.5504288586258306 -0.08887888625920651 -0.008923934441126019
v 0.5715410526138199 -0.06583896948389012 -0.008923934441126019
v 0.5453908539700891 -0.08426240553830575 -0.026552554563305682
v 0.5665030479580786 -0.06122248876298937 -0.026552554563305682
v 0.5437146373746116 -0.08272643601746422 -0.025413215200383803
v 0.5648268313626009 -0.059686519242147844 -0.025413215200383803
v 0.5324283863147283 -0.07238449233350606 -0.039738706172933125
v 0.5535405803027177 -0.049344575558189684 -0.039738706172933125
v 0.5313083741931044 -0.07135819031118462 -0.03803356431675261
v 0.5524205681810938 -0.048318273535868234 -0.03803356431675261
v 0.5154921061428259 -0.05686525084009871 -0.046875
v 0.5366043001308153 -0.03382533406478233 -0.046875
v 0.5150988101876377 -0.05650486149574478 -0.04486364804101492
v 0.5362110041756271 -0.0334649447204284 -0.04486364804101492
v 0.497160408582792 -0.04006734489318051 -0.046875
v 0.5182726025707813 -0.017027428117864132 -0.046875
v 0.4975537045379802 -0.04042773423753444 -0.04486364804101492
v 0.5186658985259696 -0.017387817462218062 -0.04486364804101492
v 0.4802241284108896 -0.024548103399773168 -0.039738706172933146
v 0.5013363223988789 -0.0015081866244567865 -0.039738706172933146
v 0.48134414053251356 -0.02557440542209461 -0.038033564316752644
v 0.502456334520503 -0.0025344886467782296 -0.038033564316752644
v 0.4672616607555287 -0.012670190194973452 -0.026552554563305703
v 0.4883738547435181 0.01036972658034293 -0.026552554563305703
v 0.46893787735100634 -0.01420615971581498 -0.025413215200383824
v 0.4900500713389957 0.008833757059501401 -0.025413215200383824
v 0.4602464238121762 -0.0062419098906608475 -0.0093240172209215
v 0.48135861780016553 0.016798006884655534 -0.0093240172209215
v 0.46222365609978733 -0.00805370947407271 -0.008923934441126064
v 0.4833358500877767 0.01498620730124367 -0.008923934441126064
v 0.4602464238121762 -0.0062419098906608406 0.00932401722092146
v 0.48135861780016553 0.01679800688465554 0.00932401722092146
v 0.46222365609978733 -0.008053709474072704 0.008923934441126026
v 0.4833358500877767 0.014986207301243677 0.008923934441126026
v 0.46726166075552866 -0.012670190194973445 0.026552554563305672
v 0.4883738547435181 0.010369726580342936 0.026552554563305672
v 0.46893787735100634 -0.014206159715814966 0.0254132152003838
v 0.4900500713389957 0.008833757059501415 0.0254132152003838
v 0.4802241284108896 -0.024548103399773147 0.039738706172933125
v 0.5013363223988789 -0.0015081866244567657 0.039738706172933125
v 0.4813441405325135 -0.025574405422094597 0.03803356431675261
v 0.5024563345205029 -0.0025344886467782157 0.03803356431675261
v 0.497160408582792 -0.04006734489318048 0.046874999999999986
v 0.5182726025707813 -0.017027428117864098 0.046874999999999986
v 0.4975537045379802 -0.04042773423753441 0.04486364804101492
v 0.5186658985259696 -0.017387817462218028 0.04486364804101492
v 0.5154921061428259 -0.0568652508400987 0.046875
v 0.5366043001308153 -0.03382533406478232 0.046875
v 0.5150988101876377 -0.05650486149574477 0.04486364804101492
v 0.5362110041756271 -0.03346494472042839 0.04486364804101492
v 0.5324283863147283 -0.07238449233350602 0.039738706172933146
v 0.5535405803027177 -0.04934457555818965 0.039738706172933146
v 0.5313083741931043 -0.0713581903111846 0.038033564316752644
v 0.5524205681810936 -0.048318273535868206 0.038033564316752644
v 0.5453908539700891 -0.08426240553830575 0.026552554563305703
v 0.5665030479580786 -0.061222488762989365 0.026552554563305703
v 0.5437146373746116 -0.08272643601746421 0.025413215200383824
v 0.5648268313626009 -0.05968651924214784 0.025413215200383824
v 0.5524060909134417 -0.09069068584261836 0.009324017220921505
v 0.5735182849014311 -0.06765076906730197 0.009324017220921505
v 0.5504288586258306 -0.0888788862592065 0.008923934441126068
v 0.5715410526138199 -0.06583896948389012 0.008923934441126068
vt 0 0.75
vt 0.09945625 0.75
vt 0.09945625 1
vt 0 1
vt 0.0951875 1
vt 0 1
vt 0 0.75
vt 0.0951875 0.75
vt 5.551115123125783e-16 0.9978666893684354
vt 5.551115123125783e-16 0.9026780146793606
vt 0.010726279727053867 0.9005452143418925
vt 0.010728336702654107 1
vt 0 0.989271707421881
vt 0.0994547856793792 0.989271707421881
vt 0.09732220718886293 0.9999980312583259
vt 0.0021335325201474534 1
vt 0 0.75
vt 0.09945625 0.75
vt 0.09945625 1
vt 0 1
vt 0.0951875 1
vt 0 1
vt 0 0.75
vt 0.0951875 0.75
vt 2.220446049250313e-16 0.9978654214042931
vt 2.7755575615628914e-16 0.9026755904044366
vt 0.010725925987123686 0.9005410118087297
vt 0.010725925987123686 1
vt 0 0.9892740740128763
vt 0.09945898819127032 0.9892740740128763
vt 0.09732440959556345 0.9999999999999998
vt 0.0021345785957068986 0.9999999999999998
vt 0 0.75
vt 0.09945625 0.75
vt 0.09945625 1
vt 0 1
vt 0.0951875 1
vt 0 1
vt 0 0.75
vt 0.0951875 0.75
vt 5.551115123125783e-16 0.9978671996625319
vt 5.551115123125783e-16 0.9026785249734571
vt 0.010728336702654107 0.9005452143418925
vt 0.010726279727053867 1
vt 0 0.989271707421881
vt 0.09945478567937921 0.989271707421881
vt 0.09732125315923176 1
vt 0.0021325784905162765 0.999998031258326
vt 0 0.75
vt 0.09945625 0.75
vt 0.09945625 1
vt 0 1
vt 0.0951875 1
vt 0 1
vt 0 0.75
vt 0.0951875 0.75
vt 0 0.997865625
vt 0 0.902678125
vt 0.010728125000000005 0.90054375
vt 0.010728125000000005 1
vt 0.010728125000000005 0.90054375
vt 0.010728125000000005 1
vt 0 0.997865625
vt 0 0.902678125
vt 0 0.75
vt 0.09945625 0.75
vt 0.09945625 1
vt 0 1
vt 0.0951875 1
vt 0 1
vt 0 0.75
vt 0.0951875 0.75
vt 0.09732147502654287 0.9999999999999994
vt 0.002132800337468113 0.9999999999999994
vt 0 0.9892737202729461
vt 0.09945478565810749 0.989271663297346
vt 0.010728292578118998 0.9005452143206207
vt 0.010728292578118998 1
vt 0.0000019687416740465924 0.9978674215094837
vt 0 0.9026787468407682
vt 0 0.75
vt 0.09945625 0.75
vt 0.09945625 1
vt 0 1
vt 0.0951875 1
vt 0 1
vt 0 0.75
vt 0.0951875 0.75
vt 0.09732440959556345 0.9999999999999998
vt 0.0021345785957068986 0.9999999999999998
vt 0 0.9892740740128763
vt 0.09945898819127032 0.9892740740128763
vt 0.010725925987123686 0.9005410118087297
vt 0.010725925987123686 1
vt 2.220446049250313e-16 0.9978654214042931
vt 2.7755575615628914e-16 0.9026755904044366
vt 0 0.75
vt 0.09945625 0.75
vt 0.09945625 1
vt 0 1
vt 0.0951875 1
vt 0 1
vt 0 0.75
vt 0.0951875 0.75
vt 0.09732198532063939 0.9999999999999994
vt 0.0021333106315646264 0.9999999999999994
vt 0 0.989271663297346
vt 0.09945478565810748 0.9892737202729461
vt 0.010728292578119025 0.9005452143206208
vt 0.010728292578119025 1
vt 0 0.9978664674798525
vt 0.000001968741674129859 0.902677792811137
vt 0 0.75
vt 0.09945625 0.75
vt 0.09945625 1
vt 0 1
vt 0.0951875 1
vt 0 1
vt 0 0.75
vt 0.0951875 0.75
vt 0.097321875 1
vt 0.002134375000000001 1
vt 0 0.989271875
vt 0.09945625 0.989271875
vt 0.09945625 1
vt 0 1
vt 0.002134375000000001 0.989271875
vt 0.097321875 0.989271875
vt 0 0.75
vt 0.09945625 0.75
vt 0.09945625 1
vt 0 1
vt 0.0951875 1
vt 0 1
vt 0 0.75
vt 0.0951875 0.75
vt 0.010728336702654856 0.9026785249734571
vt 0.010728336702654856 0.9978671996625319
vt 0.0000020569756015165197 1
vt 1.27675647831893e-15 0.9005452143418925
vt 0.0994547856793792 0.9999999999999992
vt 0 0.9999999999999991
vt 0.0021325784905162765 0.9892736761635542
vt 0.09732125315923175 0.9892717074218802
vt 0 0.75
vt 0.09945625 0.75
vt 0.09945625 1
vt 0 1
vt 0.0951875 1
vt 0 1
vt 0 0.75
vt 0.0951875 0.75
vt 0.010725925987123935 0.9026755904044366
vt 0.010725925987123908 0.9978654214042931
vt 4.996003610813204e-16 1
vt 4.996003610813204e-16 0.9005410118087297
vt 0.09945898819127032 0.9999999999999996
vt 0 0.9999999999999996
vt 0.002134578595706871 0.989274074012876
vt 0.09732440959556342 0.989274074012876
vt 0 0.75
vt 0.09945625 0.75
vt 0.09945625 1
vt 0 1
vt 0.0951875 1
vt 0 1
vt 0 0.75
vt 0.0951875 0.75
vt 0.010728336702654828 0.9026780146793606
vt 0.010728336702654828 0.9978666893684354
vt 1.27675647831893e-15 1
vt 0.0000020569756015165197 0.9005452143418925
vt 0.09945478567937921 0.9999999999999992
vt 0 0.9999999999999992
vt 0.0021335325201474464 0.9892717074218802
vt 0.09732220718886293 0.9892736761635543
vt 0 0.75
vt 0.09945625 0.75
vt 0.09945625 1
vt 0 1
vt 0.0951875 1
vt 0 1
vt 0 0.75
vt 0.0951875 0.75
vt 0.010728125000000005 0.902678125
vt 0.010728125000000005 0.997865625
vt 0 1
vt 0 0.90054375
vt 0 1
vt 0 0.90054375
vt 0.010728125000000005 0.902678125
vt 0.010728125000000005 0.997865625
vt 0 0.75
vt 0.09945625 0.75
vt 0.09945625 1
vt 0 1
vt 0.0951875 1
vt 0 1
vt 0 0.75
vt 0.0951875 0.75
vt 0.0021333106315646194 0.9892716632973452
vt 0.09732198532063938 0.9892716632973451
vt 0.09945478565810749 0.9999979430243984
vt 0 0.9999999999999988
vt 7.771561172376096e-16 1
vt 8.326672684688674e-16 0.9005452143206208
vt 0.010726323836445756 0.9026777928111371
vt 0.010728292578119775 0.9978664674798525
vt 0 0.75
vt 0.09945625 0.75
vt 0.09945625 1
vt 0 1
vt 0.0951875 1
vt 0 1
vt 0 0.75
vt 0.0951875 0.75
vt 0.002134578595706871 0.989274074012876
vt 0.09732440959556342 0.989274074012876
vt 0.09945898819127032 0.9999999999999996
vt 0 0.9999999999999996
vt 4.996003610813204e-16 1
vt 4.996003610813204e-16 0.9005410118087297
vt 0.010725925987123935 0.9026755904044366
vt 0.010725925987123908 0.9978654214042931
vt 0 0.75
vt 0.09945625 0.75
vt 0.09945625 1
vt 0 1
vt 0.0951875 1
vt 0 1
vt 0 0.75
vt 0.0951875 0.75
vt 0.0021328003374680854 0.9892716632973452
vt 0.09732147502654284 0.9892716632973452
vt 0.09945478565810748 0.9999999999999987
vt 0 0.9999979430243985
vt 7.771561172376096e-16 1
vt 7.771561172376096e-16 0.9005452143206207
vt 0.010728292578119775 0.9026787468407682
vt 0.010726323836445728 0.9978674215094837
vt 0 0.75
vt 0.09945625 0.75
vt 0.09945625 1
vt 0 1
vt 0.0951875 1
vt 0 1
vt 0 0.75
vt 0.0951875 0.75
vt 0.002134375000000001 0.989271875
vt 0.097321875 0.989271875
vt 0.09945625 1
vt 0 1
vt 0 0.989271875
vt 0.09945625 0.989271875
vt 0.097321875 1
vt 0.002134375000000001 1
vn 0.6453904865342265 -0.5913914222255836 -0.4834535195953343
vn -0.6453904865342265 0.5913914222255836 0.483453519595334
vn -0.6755902076156601 -0.7372773368101242 0
vn 0.6755902076156601 0.7372773368101242 0
vn 0.44236640208607486 -0.4053541245693964 -0.7999999999999996
vn -0.44236640208607475 0.40535412456939635 0.7999999999999997
vn -0.6755902076156601 -0.7372773368101242 0
vn 0.6755902076156601 0.7372773368101242 0
vn 0.21873093782776165 -0.2004299770536448 -0.9549788485276851
vn -0.21873093782776173 0.20042997705364488 0.9549788485276851
vn -0.6755902076156601 -0.7372773368101242 0
vn 0.6755902076156601 0.7372773368101242 0
vn 1.6370845497218327e-16 -1.5001116074123913e-16 -1
vn -1.6370845497218327e-16 1.5001116074123913e-16 1
vn -0.6755902076156601 -0.7372773368101242 0
vn 0.6755902076156601 0.7372773368101242 0
vn -0.21873093782776126 0.20042997705364446 -0.9549788485276852
vn 0.2187309378277609 -0.20042997705364413 0.9549788485276854
vn -0.6755902076156601 -0.7372773368101242 0
vn 0.6755902076156601 0.7372773368101242 0
vn -0.44236640208607425 0.4053541245693958 -0.8000000000000003
vn 0.4423664020860744 -0.40535412456939596 0.8
vn -0.6755902076156601 -0.7372773368101242 0
vn 0.6755902076156601 0.7372773368101242 0
vn -0.6453904865342261 0.5913914222255833 -0.4834535195953347
vn 0.6453904865342264 -0.5913914222255835 0.4834535195953344
vn -0.6755902076156601 -0.7372773368101242 0
vn 0.6755902076156601 0.7372773368101242 0
vn -0.7372773368101242 0.6755902076156601 -2.220446049250313e-16
vn 0.7372773368101242 -0.6755902076156601 2.220446049250313e-16
vn -0.6755902076156601 -0.7372773368101242 0
vn 0.6755902076156601 0.7372773368101242 0
vn -0.6453904865342265 0.5913914222255836 0.48345351959533406
vn 0.6453904865342268 -0.5913914222255839 -0.48345351959533345
vn -0.6755902076156601 -0.7372773368101242 0
vn 0.6755902076156601 0.7372773368101242 0
vn -0.44236640208607464 0.4053541245693962 0.7999999999999999
vn 0.4423664020860743 -0.4053541245693959 -0.8000000000000003
vn -0.6755902076156601 -0.7372773368101242 0
vn 0.6755902076156601 0.7372773368101242 0
vn -0.21873093782776157 0.2004299770536447 0.9549788485276851
vn 0.21873093782776207 -0.20042997705364518 -0.9549788485276851
vn -0.6755902076156601 -0.7372773368101242 0
vn 0.6755902076156601 0.7372773368101242 0
vn -5.752174454104644e-16 5.270896770682738e-16 1
vn 1.6370845497218327e-16 -1.5001116074123913e-16 -1
vn -0.6755902076156601 -0.7372773368101242 0
vn 0.6755902076156601 0.7372773368101242 0
vn 0.2187309378277614 -0.2004299770536446 0.9549788485276852
vn -0.21873093782776104 0.20042997705364424 -0.9549788485276854
vn -0.6755902076156601 -0.7372773368101242 0
vn 0.6755902076156601 0.7372773368101242 0
vn 0.44236640208607425 -0.4053541245693958 0.8000000000000003
vn -0.44236640208607453 0.4053541245693961 -0.7999999999999999
vn -0.6755902076156601 -0.7372773368101242 0
vn 0.6755902076156601 0.7372773368101242 0
vn 0.6453904865342261 -0.5913914222255833 0.48345351959533467
vn -0.6453904865342261 0.5913914222255833 -0.483453519595335
vn -0.6755902076156601 -0.7372773368101242 0
vn 0.6755902076156601 0.7372773368101242 0
vn 0.7372773368101242 -0.6755902076156601 9.662403458270915e-16
vn -0.7372773368101242 0.6755902076156601 -2.220446049250313e-16
vn -0.6755902076156601 -0.7372773368101242 0
vn 0.6755902076156601 0.7372773368101242 0
usemtl none
f 705/2817/705 709/2818/705 710/2819/705 706/2820/705
f 708/2821/706 712/2822/706 711/2823/706 707/2824/706
f 707/2825/707 711/2826/707 709/2827/707 705/2828/707
f 706/2829/708 710/2830/708 712/2831/708 708/2832/708
f 709/2833/709 713/2834/709 714/2835/709 710/2836/709
f 712/2837/710 716/2838/710 715/2839/710 711/2840/710
f 711/2841/711 715/2842/711 713/2843/711 709/2844/711
f 710/2845/712 714/2846/712 716/2847/712 712/2848/712
f 713/2849/713 717/2850/713 718/2851/713 714/2852/713
f 716/2853/714 720/2854/714 719/2855/714 715/2856/714
f 715/2857/715 719/2858/715 717/2859/715 713/2860/715
f 714/2861/716 718/2862/716 720/2863/716 716/2864/716
f 717/2865/717 721/2866/717 722/2867/717 718/2868/717
f 720/2869/718 724/2870/718 723/2871/718 719/2872/718
f 719/2873/719 723/2874/719 721/2875/719 717/2876/719
f 718/2877/720 722/2878/720 724/2879/720 720/2880/720
f 721/2881/721 725/2882/721 726/2883/721 722/2884/721
f 724/2885/722 728/2886/722 727/2887/722 723/2888/722
f 723/2889/723 727/2890/723 725/2891/723 721/2892/723
f 722/2893/724 726/2894/724 728/2895/724 724/2896/724
f 725/2897/725 729/2898/725 730/2899/725 726/2900/725
f 728/2901/726 732/2902/726 731/2903/726 727/2904/726
f 727/2905/727 731/2906/727 729/2907/727 725/2908/727
f 726/2909/728 730/2910/728 732/2911/728 728/2912/728
f 729/2913/729 733/2914/729 734/2915/729 730/2916/729
f 732/2917/730 736/2918/730 735/2919/730 731/2920/730
f 731/2921/731 735/2922/731 733/2923/731 729/2924/731
f 730/2925/732 734/2926/732 736/2927/732 732/2928/732
f 733/2929/733 737/2930/733 738/2931/733 734/2932/733
f 736/2933/734 740/2934/734 739/2935/734 735/2936/734
f 735/2937/735 739/2938/735 737/2939/735 733/2940/735
f 734/2941/736 738/2942/736 740/2943/736 736/2944/736
f 737/2945/737 741/2946/737 742/2947/737 738/2948/737
f 740/2949/738 744/2950/738 743/2951/738 739/2952/738
f 739/2953/739 743/2954/739 741/2955/739 737/2956/739
f 738/2957/740 742/2958/740 744/2959/740 740/2960/740
f 741/2961/741 745/2962/741 746/2963/741 742/2964/741
f 744/2965/742 748/2966/742 747/2967/742 743/2968/742
f 743/2969/743 747/2970/743 745/2971/743 741/2972/743
f 742/2973/744 746/2974/744 748/2975/744 744/2976/744
f 745/2977/745 749/2978/745 750/2979/745 746/2980/745
f 748/2981/746 752/2982/746 751/2983/746 747/2984/746
f 747/2985/747 751/2986/747 749/2987/747 745/2988/747
f 746/2989/748 750/2990/748 752/2991/748 748/2992/748
f 749/2993/749 753/2994/749 754/2995/749 750/2996/749
f 752/2997/750 756/2998/750 755/2999/750 751/3000/750
f 751/3001/751 755/3002/751 753/3003/751 749/3004/751
f 750/3005/752 754/3006/752 756/3007/752 752/3008/752
f 753/3009/753 757/3010/753 758/3011/753 754/3012/753
f 756/3013/754 760/3014/754 759/3015/754 755/3016/754
f 755/3017/755 759/3018/755 757/3019/755 753/3020/755
f 754/3021/756 758/3022/756 760/3023/756 756/3024/756
f 757/3025/757 761/3026/757 762/3027/757 758/3028/757
f 760/3029/758 764/3030/758 763/3031/758 759/3032/758
f 759/3033/759 763/3034/759 761/3035/759 757/3036/759
f 758/3037/760 762/3038/760 764/3039/760 760/3040/760
f 761/3041/761 765/3042/761 766/3043/761 762/3044/761
f 764/3045/762 768/3046/762 767/3047/762 763/3048/762
f 763/3049/763 767/3050/763 765/3051/763 761/3052/763
f 762/3053/764 766/3054/764 768/3055/764 764/3056/764
f 765/3057/765 705/3058/765 706/3059/765 766/3060/765
f 768/3061/766 708/3062/766 707/3063/766 767/3064/766
f 767/3065/767 707/3066/767 705/3067/767 765/3068/767
f 766/3069/768 706/3070/768 708/3071/768 768/3072/768
o tube
v 0.02341503768684134 0.3802488120792801 0.01562500000000001
v 0.02341503768684134 0.3802488120792801 -0.01562499999999999
v 0.021662892044094224 0.3813713469506345 0.01562500000000001
v 0.02166289204409423 0.3813713469506345 -0.01562499999999999
v 0.0355301076305093 0.4010294812802018 0.01562500000000001
v 0.03553010763050932 0.4010294812802018 -0.015624999999999991
v 0.03325811836825418 0.40126034170448865 0.015625000000000007
v 0.03325811836825418 0.4012603417044886 -0.015624999999999991
v 0.03958414038227041 0.4226292452265222 0.015625000000000007
v 0.03958414038227041 0.4226292452265222 -0.015624999999999995
v 0.037138197270051666 0.4219332847968986 0.015625000000000007
v 0.037138197270051666 0.4219332847968986 -0.015624999999999995
v 0.034959946205567416 0.4417597356597616 0.015625000000000003
v 0.034959946205567416 0.4417597356597616 -0.015624999999999998
v 0.032712421909690835 0.4402429080427409 0.015625000000000003
v 0.032712421909690835 0.4402429080427409 -0.015624999999999998
v 0.022361516745378764 0.45550850882978705 0.015624999999999998
v 0.022361516745378764 0.45550850882978705 -0.015625000000000003
v 0.02065457646603308 0.453401737279984 0.015624999999999998
v 0.02065457646603308 0.453401737279984 -0.015625000000000003
v 0.0037068486819707425 0.4617824386544013 0.015624999999999995
v 0.0037068486819707425 0.4617824386544013 -0.015625000000000007
v 0.002800358603234184 0.45940646004234176 0.015624999999999995
v 0.002800358603234184 0.45940646004234176 -0.015625000000000007
v -0.018164053876989918 0.45962637619112223 0.015624999999999991
v -0.01816405387698991 0.4596263761911222 -0.01562500000000001
v -0.01813208885798276 0.45734291172219255 0.015624999999999991
v -0.018132088857982752 0.4573429117221925 -0.015625000000000007
v -0.03992154427712677 0.44936856240522927 0.01562499999999999
v -0.03992154427712677 0.44936856240522927 -0.01562500000000001
v -0.03895599054475611 0.447525248845167 0.01562499999999999
v -0.038955990544756104 0.447525248845167 -0.01562500000000001
v -0.0582532418371607 0.43257065645831105 0.01562499999999999
v -0.0582532418371607 0.43257065645831105 -0.01562500000000001
v -0.05650109619441358 0.4314481215869566 0.01562499999999999
v -0.05650109619441358 0.4314481215869566 -0.01562500000000001
v -0.07036831178082865 0.4117899872573893 0.015624999999999991
v -0.07036831178082865 0.4117899872573893 -0.01562500000000001
v -0.06809632251857355 0.41155912683310253 0.015624999999999991
v -0.06809632251857353 0.41155912683310253 -0.015625000000000007
v -0.07442234453258975 0.39019022331106895 0.015624999999999995
v -0.07442234453258975 0.39019022331106895 -0.015625000000000007
v -0.07197640142037101 0.3908861837406925 0.015624999999999995
v -0.07197640142037101 0.3908861837406925 -0.015625000000000007
v -0.06979815035588677 0.37105973287782956 0.015624999999999998
v -0.06979815035588677 0.37105973287782956 -0.015625000000000003
v -0.0675506260600102 0.3725765604948502 0.015624999999999998
v -0.0675506260600102 0.3725765604948502 -0.015625000000000003
v -0.05719972089569811 0.3573109597078041 0.015625000000000003
v -0.05719972089569811 0.3573109597078041 -0.015624999999999998
v -0.055492780616352426 0.3594177312576071 0.015625000000000003
v -0.055492780616352426 0.3594177312576071 -0.015624999999999998
v -0.038545052832290094 0.3510370298831899 0.015625000000000007
v -0.038545052832290094 0.3510370298831899 -0.015624999999999995
v -0.03763856275355354 0.35341300849524937 0.015625000000000007
v -0.03763856275355354 0.35341300849524937 -0.015624999999999995
v -0.016674150273329445 0.35319309234646895 0.01562500000000001
v -0.016674150273329438 0.35319309234646895 -0.015624999999999991
v -0.01670611529233661 0.35547655681539864 0.015625000000000007
v -0.016706115292336603 0.35547655681539864 -0.015624999999999991
v 0.0050833401268074035 0.36345090613236186 0.01562500000000001
v 0.005083340126807407 0.36345090613236186 -0.01562499999999999
v 0.004117786394436749 0.36529421969242415 0.01562500000000001
v 0.004117786394436752 0.36529421969242415 -0.01562499999999999
vt 0.09945625 1
vt 0.09945625 0.75
vt 0 0.75
vt 0 1
vt 0 0.75
vt 0 1
vt 0.0951875 1
vt 0.0951875 0.75
vt 0.010726279727053867 0.9005452143418925
vt 5.551115123125783e-16 0.9026780146793606
vt 5.551115123125783e-16 0.9978666893684354
vt 0.010728336702654107 1
vt 0.09732220718886293 0.9999980312583259
vt 0.0994547856793792 0.989271707421881
vt 0 0.989271707421881
vt 0.0021335325201474534 1
vt 0.09945625 1
vt 0.09945625 0.75
vt 0 0.75
vt 0 1
vt 0 0.75
vt 0 1
vt 0.0951875 1
vt 0.0951875 0.75
vt 0.010725925987123686 0.9005410118087297
vt 2.7755575615628914e-16 0.9026755904044366
vt 2.220446049250313e-16 0.9978654214042931
vt 0.010725925987123686 1
vt 0.09732440959556345 0.9999999999999998
vt 0.09945898819127032 0.9892740740128763
vt 0 0.9892740740128763
vt 0.0021345785957068986 0.9999999999999998
vt 0.09945625 1
vt 0.09945625 0.75
vt 0 0.75
vt 0 1
vt 0 0.75
vt 0 1
vt 0.0951875 1
vt 0.0951875 0.75
vt 0.010728336702654107 0.9005452143418925
vt 5.551115123125783e-16 0.9026785249734571
vt 5.551115123125783e-16 0.9978671996625319
vt 0.010726279727053867 1
vt 0.09732125315923176 1
vt 0.09945478567937921 0.989271707421881
vt 0 0.989271707421881
vt 0.0021325784905162765 0.999998031258326
vt 0.09945625 1
vt 0.09945625 0.75
vt 0 0.75
vt 0 1
vt 0 0.75
vt 0 1
vt 0.0951875 1
vt 0.0951875 0.75
vt 0.010728125000000005 0.90054375
vt 0 0.902678125
vt 0 0.997865625
vt 0.010728125000000005 1
vt 0 0.997865625
vt 0.010728125000000005 1
vt 0.010728125000000005 0.90054375
vt 0 0.902678125
vt 0.09945625 1
vt 0.09945625 0.75
vt 0 0.75
vt 0 1
vt 0 0.75
vt 0 1
vt 0.0951875 1
vt 0.0951875 0.75
vt 0 0.9892737202729461
vt 0.002132800337468113 0.9999999999999994
vt 0.09732147502654287 0.9999999999999994
vt 0.09945478565810749 0.989271663297346
vt 0.0000019687416740465924 0.9978674215094837
vt 0.010728292578118998 1
vt 0.010728292578118998 0.9005452143206207
vt 0 0.9026787468407682
vt 0.09945625 1
vt 0.09945625 0.75
vt 0 0.75
vt 0 1
vt 0 0.75
vt 0 1
vt 0.0951875 1
vt 0.0951875 0.75
vt 0 0.9892740740128763
vt 0.0021345785957068986 0.9999999999999998
vt 0.09732440959556345 0.9999999999999998
vt 0.09945898819127032 0.9892740740128763
vt 2.220446049250313e-16 0.9978654214042931
vt 0.010725925987123686 1
vt 0.010725925987123686 0.9005410118087297
vt 2.7755575615628914e-16 0.9026755904044366
vt 0.09945625 1
vt 0.09945625 0.75
vt 0 0.75
vt 0 1
vt 0 0.75
vt 0 1
vt 0.0951875 1
vt 0.0951875 0.75
vt 0 0.989271663297346
vt 0.0021333106315646264 0.9999999999999994
vt 0.09732198532063939 0.9999999999999994
vt 0.09945478565810748 0.9892737202729461
vt 0 0.9978664674798525
vt 0.010728292578119025 1
vt 0.010728292578119025 0.9005452143206208
vt 0.000001968741674129859 0.902677792811137
vt 0.09945625 1
vt 0.09945625 0.75
vt 0 0.75
vt 0 1
vt 0 0.75
vt 0 1
vt 0.0951875 1
vt 0.0951875 0.75
vt 0 0.989271875
vt 0.002134375000000001 1
vt 0.097321875 1
vt 0.09945625 0.989271875
vt 0.002134375000000001 0.989271875
vt 0 1
vt 0.09945625 1
vt 0.097321875 0.989271875
vt 0.09945625 1
vt 0.09945625 0.75
vt 0 0.75
vt 0 1
vt 0 0.75
vt 0 1
vt 0.0951875 1
vt 0.0951875 0.75
vt 0.0000020569756015165197 1
vt 0.010728336702654856 0.9978671996625319
vt 0.010728336702654856 0.9026785249734571
vt 1.27675647831893e-15 0.9005452143418925
vt 0.0021325784905162765 0.9892736761635542
vt 0 0.9999999999999991
vt 0.0994547856793792 0.9999999999999992
vt 0.09732125315923175 0.9892717074218802
vt 0.09945625 1
vt 0.09945625 0.75
vt 0 0.75
vt 0 1
vt 0 0.75
vt 0 1
vt 0.0951875 1
vt 0.0951875 0.75
vt 4.996003610813204e-16 1
vt 0.010725925987123908 0.9978654214042931
vt 0.010725925987123935 0.9026755904044366
vt 4.996003610813204e-16 0.9005410118087297
vt 0.002134578595706871 0.989274074012876
vt 0 0.9999999999999996
vt 0.09945898819127032 0.9999999999999996
vt 0.09732440959556342 0.989274074012876
vt 0.09945625 1
vt 0.09945625 0.75
vt 0 0.75
vt 0 1
vt 0 0.75
vt 0 1
vt 0.0951875 1
vt 0.0951875 0.75
vt 1.27675647831893e-15 1
vt 0.010728336702654828 0.9978666893684354
vt 0.010728336702654828 0.9026780146793606
vt 0.0000020569756015165197 0.9005452143418925
vt 0.0021335325201474464 0.9892717074218802
vt 0 0.9999999999999992
vt 0.09945478567937921 0.9999999999999992
vt 0.09732220718886293 0.9892736761635543
vt 0.09945625 1
vt 0.09945625 0.75
vt 0 0.75
vt 0 1
vt 0 0.75
vt 0 1
vt 0.0951875 1
vt 0.0951875 0.75
vt 0 1
vt 0.010728125000000005 0.997865625
vt 0.010728125000000005 0.902678125
vt 0 0.90054375
vt 0.010728125000000005 0.902678125
vt 0 0.90054375
vt 0 1
vt 0.010728125000000005 0.997865625
vt 0.09945625 1
vt 0.09945625 0.75
vt 0 0.75
vt 0 1
vt 0 0.75
vt 0 1
vt 0.0951875 1
vt 0.0951875 0.75
vt 0.09945478565810749 0.9999979430243984
vt 0.09732198532063938 0.9892716632973451
vt 0.0021333106315646194 0.9892716632973452
vt 0 0.9999999999999988
vt 0.010726323836445756 0.9026777928111371
vt 8.326672684688674e-16 0.9005452143206208
vt 7.771561172376096e-16 1
vt 0.010728292578119775 0.9978664674798525
vt 0.09945625 1
vt 0.09945625 0.75
vt 0 0.75
vt 0 1
vt 0 0.75
vt 0 1
vt 0.0951875 1
vt 0.0951875 0.75
vt 0.09945898819127032 0.9999999999999996
vt 0.09732440959556342 0.989274074012876
vt 0.002134578595706871 0.989274074012876
vt 0 0.9999999999999996
vt 0.010725925987123935 0.9026755904044366
vt 4.996003610813204e-16 0.9005410118087297
vt 4.996003610813204e-16 1
vt 0.010725925987123908 0.9978654214042931
vt 0.09945625 1
vt 0.09945625 0.75
vt 0 0.75
vt 0 1
vt 0 0.75
vt 0 1
vt 0.0951875 1
vt 0.0951875 0.75
vt 0.09945478565810748 0.9999999999999987
vt 0.09732147502654284 0.9892716632973452
vt 0.0021328003374680854 0.9892716632973452
vt 0 0.9999979430243985
vt 0.010728292578119775 0.9026787468407682
vt 7.771561172376096e-16 0.9005452143206207
vt 7.771561172376096e-16 1
vt 0.010726323836445728 0.9978674215094837
vt 0.09945625 1
vt 0.09945625 0.75
vt 0 0.75
vt 0 1
vt 0 0.75
vt 0 1
vt 0.0951875 1
vt 0.0951875 0.75
vt 0.09945625 1
vt 0.097321875 0.989271875
vt 0.002134375000000001 0.989271875
vt 0 1
vt 0.097321875 1
vt 0.09945625 0.989271875
vt 0 0.989271875
vt 0.002134375000000001 1
vn 0.8639052963731444 -0.503654285098846 2.1204790113309118e-16
vn -0.8639052963731446 0.5036542850988459 -2.1204790113309118e-16
vn -1.5001116074123913e-16 1.6370845497218327e-16 1
vn 1.5001116074123913e-16 -1.6370845497218327e-16 -1
vn 0.9828385681786026 -0.18446774487870365 1.776356839400251e-16
vn -0.9828385681786026 0.18446774487870354 -1.7763568394002508e-16
vn -1.5001116074123913e-16 1.6370845497218327e-16 1
vn 1.5001116074123913e-16 -1.6370845497218327e-16 -1
vn 0.9720069502101598 0.23495209882685425 1.0734824575816188e-16
vn -0.97200695021016 -0.23495209882685408 -1.0734824575816194e-16
vn -1.5001116074123913e-16 1.6370845497218327e-16 1
vn 1.5001116074123913e-16 -1.6370845497218327e-16 -1
vn 0.7372773368101242 0.6755902076156601 0
vn -0.7372773368101242 -0.6755902076156601 0
vn -1.5001116074123913e-16 1.6370845497218327e-16 1
vn 1.5001116074123913e-16 -1.6370845497218327e-16 -1
vn 0.3187740228582928 0.9478307456243128 -1.073482457581619e-16
vn -0.3187740228582937 -0.9478307456243125 1.0734824575816171e-16
vn -1.5001116074123913e-16 1.6370845497218327e-16 1
vn 1.5001116074123913e-16 -1.6370845497218327e-16 -1
vn -0.09810576400645321 0.9951759940174956 -1.77635683940025e-16
vn 0.09810576400645363 -0.9951759940174956 1.776356839400251e-16
vn -1.5001116074123913e-16 1.6370845497218327e-16 1
vn 1.5001116074123913e-16 -1.6370845497218327e-16 -1
vn -0.4264434207176213 0.9045142392061354 -2.1204790113309116e-16
vn 0.42644342071762154 -0.9045142392061354 2.120479011330912e-16
vn -1.5001116074123913e-16 1.6370845497218327e-16 1
vn 1.5001116074123913e-16 -1.6370845497218327e-16 -1
vn -0.6755902076156601 0.7372773368101242 -2.220446049250313e-16
vn 0.6755902076156601 -0.7372773368101242 2.220446049250313e-16
vn -1.5001116074123913e-16 1.6370845497218327e-16 1
vn 1.5001116074123913e-16 -1.6370845497218327e-16 -1
vn -0.8639052963731444 0.5036542850988459 -2.1204790113309116e-16
vn 0.863905296373144 -0.5036542850988465 2.1204790113309116e-16
vn -1.5001116074123913e-16 1.6370845497218327e-16 1
vn 1.5001116074123913e-16 -1.6370845497218327e-16 -1
vn -0.9828385681786027 0.18446774487870338 -1.7763568394002508e-16
vn 0.9828385681786027 -0.18446774487870266 1.7763568394002496e-16
vn -1.5001116074123913e-16 1.6370845497218327e-16 1
vn 1.5001116074123913e-16 -1.6370845497218327e-16 -1
vn -0.9720069502101598 -0.23495209882685453 -1.0734824575816183e-16
vn 0.97200695021016 0.23495209882685342 1.0734824575816203e-16
vn -1.5001116074123913e-16 1.6370845497218327e-16 1
vn 1.5001116074123913e-16 -1.6370845497218327e-16 -1
vn -0.737277336810125 -0.6755902076156594 -2.478669739132334e-31
vn 0.7372773368101242 0.6755902076156601 0
vn -1.5001116074123913e-16 1.6370845497218327e-16 1
vn 1.5001116074123913e-16 -1.6370845497218327e-16 -1
vn -0.31877402285829265 -0.9478307456243129 1.0734824575816196e-16
vn 0.3187740228582934 0.9478307456243126 -1.0734824575816177e-16
vn -1.5001116074123913e-16 1.6370845497218327e-16 1
vn 1.5001116074123913e-16 -1.6370845497218327e-16 -1
vn 0.09810576400645338 -0.9951759940174955 1.77635683940025e-16
vn -0.09810576400645388 0.9951759940174953 -1.7763568394002508e-16
vn -1.5001116074123913e-16 1.6370845497218327e-16 1
vn 1.5001116074123913e-16 -1.6370845497218327e-16 -1
vn 0.42644342071762154 -0.9045142392061354 2.120479011330912e-16
vn -0.426443420717621 0.9045142392061357 -2.1204790113309118e-16
vn -1.5001116074123913e-16 1.6370845497218327e-16 1
vn 1.5001116074123913e-16 -1.6370845497218327e-16 -1
vn 0.6755902076156597 -0.7372773368101245 2.220446049250313e-16
vn -0.6755902076156601 0.7372773368101242 -2.220446049250313e-16
vn -1.5001116074123913e-16 1.6370845497218327e-16 1
vn 1.5001116074123913e-16 -1.6370845497218327e-16 -1
usemtl none
f 774/3073/769 773/3074/769 769/3075/769 770/3076/769
f 775/3077/770 776/3078/770 772/3079/770 771/3080/770
f 773/3081/771 775/3082/771 771/3083/771 769/3084/771
f 776/3085/772 774/3086/772 770/3087/772 772/3088/772
f 778/3089/773 777/3090/773 773/3091/773 774/3092/773
f 779/3093/774 780/3094/774 776/3095/774 775/3096/774
f 777/3097/775 779/3098/775 775/3099/775 773/3100/775
f 780/3101/776 778/3102/776 774/3103/776 776/3104/776
f 782/3105/777 781/3106/777 777/3107/777 778/3108/777
f 783/3109/778 784/3110/778 780/3111/778 779/3112/778
f 781/3113/779 783/3114/779 779/3115/779 777/3116/779
f 784/3117/780 782/3118/780 778/3119/780 780/3120/780
f 786/3121/781 785/3122/781 781/3123/781 782/3124/781
f 787/3125/782 788/3126/782 784/3127/782 783/3128/782
f 785/3129/783 787/3130/783 783/3131/783 781/3132/783
f 788/3133/784 786/3134/784 782/3135/784 784/3136/784
f 790/3137/785 789/3138/785 785/3139/785 786/3140/785
f 791/3141/786 792/3142/786 788/3143/786 787/3144/786
f 789/3145/787 791/3146/787 787/3147/787 785/3148/787
f 792/3149/788 790/3150/788 786/3151/788 788/3152/788
f 794/3153/789 793/3154/789 789/3155/789 790/3156/789
f 795/3157/790 796/3158/790 792/3159/790 791/3160/790
f 793/3161/791 795/3162/791 791/3163/791 789/3164/791
f 796/3165/792 794/3166/792 790/3167/792 792/3168/792
f 798/3169/793 797/3170/793 793/3171/793 794/3172/793
f 799/3173/794 800/3174/794 796/3175/794 795/3176/794
f 797/3177/795 799/3178/795 795/3179/795 793/3180/795
f 800/3181/796 798/3182/796 794/3183/796 796/3184/796
f 802/3185/797 801/3186/797 797/3187/797 798/3188/797
f 803/3189/798 804/3190/798 800/3191/798 799/3192/798
f 801/3193/799 803/3194/799 799/3195/799 797/3196/799
f 804/3197/800 802/3198/800 798/3199/800 800/3200/800
f 806/3201/801 805/3202/801 801/3203/801 802/3204/801
f 807/3205/802 808/3206/802 804/3207/802 803/3208/802
f 805/3209/803 807/3210/803 803/3211/803 801/3212/803
f 808/3213/804 806/3214/804 802/3215/804 804/3216/804
f 810/3217/805 809/3218/805 805/3219/805 806/3220/805
f 811/3221/806 812/3222/806 808/3223/806 807/3224/806
f 809/3225/807 811/3226/807 807/3227/807 805/3228/807
f 812/3229/808 810/3230/808 806/3231/808 808/3232/808
f 814/3233/809 813/3234/809 809/3235/809 810/3236/809
f 815/3237/810 816/3238/810 812/3239/810 811/3240/810
f 813/3241/811 815/3242/811 811/3243/811 809/3244/811
f 816/3245/812 814/3246/812 810/3247/812 812/3248/812
f 818/3249/813 817/3250/813 813/3251/813 814/3252/813
f 819/3253/814 820/3254/814 816/3255/814 815/3256/814
f 817/3257/815 819/3258/815 815/3259/815 813/3260/815
f 820/3261/816 818/3262/816 814/3263/816 816/3264/816
f 822/3265/817 821/3266/817 817/3267/817 818/3268/817
f 823/3269/818 824/3270/818 820/3271/818 819/3272/818
f 821/3273/819 823/3274/819 819/3275/819 817/3276/819
f 824/3277/820 822/3278/820 818/3279/820 820/3280/820
f 826/3281/821 825/3282/821 821/3283/821 822/3284/821
f 827/3285/822 828/3286/822 824/3287/822 823/3288/822
f 825/3289/823 827/3290/823 823/3291/823 821/3292/823
f 828/3293/824 826/3294/824 822/3295/824 824/3296/824
f 830/3297/825 829/3298/825 825/3299/825 826/3300/825
f 831/3301/826 832/3302/826 828/3303/826 827/3304/826
f 829/3305/827 831/3306/827 827/3307/827 825/3308/827
f 832/3309/828 830/3310/828 826/3311/828 828/3312/828
f 770/3313/829 769/3314/829 829/3315/829 830/3316/829
f 771/3317/830 772/3318/830 832/3319/830 831/3320/830
f 769/3321/831 771/3322/831 831/3323/831 829/3324/831
f 772/3325/832 770/3326/832 830/3327/832 832/3328/832
o tube
v -0.8689321613682022 -0.3526653879051586 -0.009324017220921452
v -0.8478199673802128 -0.37570530468047497 -0.009324017220921452
v -0.8709093936558133 -0.3544771874885705 -0.008923934441126019
v -0.849797199667824 -0.37751710426388685 -0.008923934441126019
v -0.8759473983115547 -0.3590936682094712 -0.026552554563305682
v -0.8548352043235653 -0.3821335849847876 -0.026552554563305682
v -0.8776236149070323 -0.36062963773031276 -0.025413215200383803
v -0.856511420919043 -0.3836695545056291 -0.025413215200383803
v -0.8889098659669156 -0.3709715814142709 -0.039738706172933125
v -0.8677976719789262 -0.3940114981895873 -0.039738706172933125
v -0.8900298780885395 -0.37199788343659235 -0.03803356431675261
v -0.8689176841005501 -0.39503780021190876 -0.03803356431675261
v -0.905846146138818 -0.3864908229076783 -0.046875
v -0.8847339521508286 -0.40953073968299464 -0.046875
v -0.9062394420940062 -0.3868512122520322 -0.04486364804101492
v -0.8851272481060168 -0.4098911290273486 -0.04486364804101492
v -0.9241778436988519 -0.4032887288545965 -0.046875
v -0.9030656497108626 -0.42632864562991285 -0.046875
v -0.9237845477436637 -0.40292833951024254 -0.04486364804101492
v -0.9026723537556743 -0.4259682562855589 -0.04486364804101492
v -0.9411141238707543 -0.4188079703480038 -0.039738706172933146
v -0.920001929882765 -0.4418478871233202 -0.039738706172933146
v -0.9399941117491304 -0.41778166832568236 -0.038033564316752644
v -0.9188819177611409 -0.4408215851009987 -0.038033564316752644
v -0.9540765915261152 -0.4306858835528035 -0.026552554563305703
v -0.9329643975381259 -0.45372580032811993 -0.026552554563305703
v -0.9524003749306376 -0.429149914031962 -0.025413215200383824
v -0.9312881809426482 -0.45218983080727837 -0.025413215200383824
v -0.9610918284694677 -0.4371141638571161 -0.0093240172209215
v -0.9399796344814784 -0.4601540806324325 -0.0093240172209215
v -0.9591145961818566 -0.4353023642737043 -0.008923934441126064
v -0.9380024021938672 -0.45834228104902064 -0.008923934441126064
v -0.9610918284694677 -0.43711416385711616 0.00932401722092146
v -0.9399796344814784 -0.4601540806324325 0.00932401722092146
v -0.9591145961818566 -0.4353023642737043 0.008923934441126026
v -0.9380024021938672 -0.45834228104902064 0.008923934441126026
v -0.9540765915261152 -0.4306858835528035 0.026552554563305672
v -0.9329643975381259 -0.45372580032811993 0.026552554563305672
v -0.9524003749306376 -0.429149914031962 0.0254132152003838
v -0.9312881809426482 -0.45218983080727837 0.0254132152003838
v -0.9411141238707543 -0.4188079703480038 0.039738706172933125
v -0.920001929882765 -0.44184788712332024 0.039738706172933125
v -0.9399941117491304 -0.41778166832568236 0.03803356431675261
v -0.918881917761141 -0.4408215851009988 0.03803356431675261
v -0.9241778436988519 -0.4032887288545965 0.046874999999999986
v -0.9030656497108626 -0.4263286456299129 0.046874999999999986
v -0.9237845477436637 -0.40292833951024254 0.04486364804101492
v -0.9026723537556743 -0.42596825628555895 0.04486364804101492
v -0.905846146138818 -0.3864908229076783 0.046875
v -0.8847339521508286 -0.40953073968299464 0.046875
v -0.9062394420940062 -0.38685121225203223 0.04486364804101492
v -0.8851272481060168 -0.4098911290273486 0.04486364804101492
v -0.8889098659669156 -0.37097158141427095 0.039738706172933146
v -0.8677976719789262 -0.3940114981895873 0.039738706172933146
v -0.8900298780885396 -0.3719978834365924 0.038033564316752644
v -0.8689176841005501 -0.39503780021190876 0.038033564316752644
v -0.8759473983115548 -0.35909366820947125 0.026552554563305703
v -0.8548352043235653 -0.3821335849847876 0.026552554563305703
v -0.8776236149070323 -0.36062963773031276 0.025413215200383824
v -0.856511420919043 -0.3836695545056291 0.025413215200383824
v -0.8689321613682022 -0.3526653879051586 0.009324017220921505
v -0.8478199673802128 -0.375705304680475 0.009324017220921505
v -0.8709093936558133 -0.3544771874885705 0.008923934441126068
v -0.849797199667824 -0.37751710426388685 0.008923934441126068
vt 0.09945625 1
vt 0.09945625 0.75
vt 0 0.75
vt 0 1
vt 0 0.75
vt 0 1
vt 0.0951875 1
vt 0.0951875 0.75
vt 0.010726279727053867 0.9005452143418925
vt 5.551115123125783e-16 0.9026780146793606
vt 5.551115123125783e-16 0.9978666893684354
vt 0.010728336702654107 1
vt 0.09732220718886293 0.9999980312583259
vt 0.0994547856793792 0.989271707421881
vt 0 0.989271707421881
vt 0.0021335325201474534 1
vt 0.09945625 1
vt 0.09945625 0.75
vt 0 0.75
vt 0 1
vt 0 0.75
vt 0 1
vt 0.0951875 1
vt 0.0951875 0.75
vt 0.010725925987123686 0.9005410118087297
vt 2.7755575615628914e-16 0.9026755904044366
vt 2.220446049250313e-16 0.9978654214042931
vt 0.010725925987123686 1
vt 0.09732440959556345 0.9999999999999998
vt 0.09945898819127032 0.9892740740128763
vt 0 0.9892740740128763
vt 0.0021345785957068986 0.9999999999999998
vt 0.09945625 1
vt 0.09945625 0.75
vt 0 0.75
vt 0 1
vt 0 0.75
vt 0 1
vt 0.0951875 1
vt 0.0951875 0.75
vt 0.010728336702654107 0.9005452143418925
vt 5.551115123125783e-16 0.9026785249734571
vt 5.551115123125783e-16 0.9978671996625319
vt 0.010726279727053867 1
vt 0.09732125315923176 1
vt 0.09945478567937921 0.989271707421881
vt 0 0.989271707421881
vt 0.0021325784905162765 0.999998031258326
vt 0.09945625 1
vt 0.09945625 0.75
vt 0 0.75
vt 0 1
vt 0 0.75
vt 0 1
vt 0.0951875 1
vt 0.0951875 0.75
vt 0.010728125000000005 0.90054375
vt 0 0.902678125
vt 0 0.997865625
vt 0.010728125000000005 1
vt 0 0.997865625
vt 0.010728125000000005 1
vt 0.010728125000000005 0.90054375
vt 0 0.902678125
vt 0.09945625 1
vt 0.09945625 0.75
vt 0 0.75
vt 0 1
vt 0 0.75
vt 0 1
vt 0.0951875 1
vt 0.0951875 0.75
vt 0 0.9892737202729461
vt 0.002132800337468113 0.9999999999999994
vt 0.09732147502654287 0.9999999999999994
vt 0.09945478565810749 0.989271663297346
vt 0.0000019687416740465924 0.9978674215094837
vt 0.010728292578118998 1
vt 0.010728292578118998 0.9005452143206207
vt 0 0.9026787468407682
vt 0.09945625 1
vt 0.09945625 0.75
vt 0 0.75
vt 0 1
vt 0 0.75
vt 0 1
vt 0.0951875 1
vt 0.0951875 0.75
vt 0 0.9892740740128763
vt 0.0021345785957068986 0.9999999999999998
vt 0.09732440959556345 0.9999999999999998
vt 0.09945898819127032 0.9892740740128763
vt 2.220446049250313e-16 0.9978654214042931
vt 0.010725925987123686 1
vt 0.010725925987123686 0.9005410118087297
vt 2.7755575615628914e-16 0.9026755904044366
vt 0.09945625 1
vt 0.09945625 0.75
vt 0 0.75
vt 0 1
vt 0 0.75
vt 0 1
vt 0.0951875 1
vt 0.0951875 0.75
vt 0 0.989271663297346
vt 0.0021333106315646264 0.9999999999999994
vt 0.09732198532063939 0.9999999999999994
vt 0.09945478565810748 0.9892737202729461
vt 0 0.9978664674798525
vt 0.010728292578119025 1
vt 0.010728292578119025 0.9005452143206208
vt 0.000001968741674129859 0.902677792811137
vt 0.09945625 1
vt 0.09945625 0.75
vt 0 0.75
vt 0 1
vt 0 0.75
vt 0 1
vt 0.0951875 1
vt 0.0951875 0.75
vt 0 0.989271875
vt 0.002134375000000001 1
vt 0.097321875 1
vt 0.09945625 0.989271875
vt 0.002134375000000001 0.989271875
vt 0 1
vt 0.09945625 1
vt 0.097321875 0.989271875
vt 0.09945625 1
vt 0.09945625 0.75
vt 0 0.75
vt 0 1
vt 0 0.75
vt 0 1
vt 0.0951875 1
vt 0.0951875 0.75
vt 0.0000020569756015165197 1
vt 0.010728336702654856 0.9978671996625319
vt 0.010728336702654856 0.9026785249734571
vt 1.27675647831893e-15 0.9005452143418925
vt 0.0021325784905162765 0.9892736761635542
vt 0 0.9999999999999991
vt 0.0994547856793792 0.9999999999999992
vt 0.09732125315923175 0.9892717074218802
vt 0.09945625 1
vt 0.09945625 0.75
vt 0 0.75
vt 0 1
vt 0 0.75
vt 0 1
vt 0.0951875 1
vt 0.0951875 0.75
vt 4.996003610813204e-16 1
vt 0.010725925987123908 0.9978654214042931
vt 0.010725925987123935 0.9026755904044366
vt 4.996003610813204e-16 0.9005410118087297
vt 0.002134578595706871 0.989274074012876
vt 0 0.9999999999999996
vt 0.09945898819127032 0.9999999999999996
vt 0.09732440959556342 0.989274074012876
vt 0.09945625 1
vt 0.09945625 0.75
vt 0 0.75
vt 0 1
vt 0 0.75
vt 0 1
vt 0.0951875 1
vt 0.0951875 0.75
vt 1.27675647831893e-15 1
vt 0.010728336702654828 0.9978666893684354
vt 0.010728336702654828 0.9026780146793606
vt 0.0000020569756015165197 0.9005452143418925
vt 0.0021335325201474464 0.9892717074218802
vt 0 0.9999999999999992
vt 0.09945478567937921 0.9999999999999992
vt 0.09732220718886293 0.9892736761635543
vt 0.09945625 1
vt 0.09945625 0.75
vt 0 0.75
vt 0 1
vt 0 0.75
vt 0 1
vt 0.0951875 1
vt 0.0951875 0.75
vt 0 1
vt 0.010728125000000005 0.997865625
vt 0.010728125000000005 0.902678125
vt 0 0.90054375
vt 0.010728125000000005 0.902678125
vt 0 0.90054375
vt 0 1
vt 0.010728125000000005 0.997865625
vt 0.09945625 1
vt 0.09945625 0.75
vt 0 0.75
vt 0 1
vt 0 0.75
vt 0 1
vt 0.0951875 1
vt 0.0951875 0.75
vt 0.09945478565810749 0.9999979430243984
vt 0.09732198532063938 0.9892716632973451
vt 0.0021333106315646194 0.9892716632973452
vt 0 0.9999999999999988
vt 0.010726323836445756 0.9026777928111371
vt 8.326672684688674e-16 0.9005452143206208
vt 7.771561172376096e-16 1
vt 0.010728292578119775 0.9978664674798525
vt 0.09945625 1
vt 0.09945625 0.75
vt 0 0.75
vt 0 1
vt 0 0.75
vt 0 1
vt 0.0951875 1
vt 0.0951875 0.75
vt 0.09945898819127032 0.9999999999999996
vt 0.09732440959556342 0.989274074012876
vt 0.002134578595706871 0.989274074012876
vt 0 0.9999999999999996
vt 0.010725925987123935 0.9026755904044366
vt 4.996003610813204e-16 0.9005410118087297
vt 4.996003610813204e-16 1
vt 0.010725925987123908 0.9978654214042931
vt 0.09945625 1
vt 0.09945625 0.75
vt 0 0.75
vt 0 1
vt 0 0.75
vt 0 1
vt 0.0951875 1
vt 0.0951875 0.75
vt 0.09945478565810748 0.9999999999999987
vt 0.09732147502654284 0.9892716632973452
vt 0.0021328003374680854 0.9892716632973452
vt 0 0.9999979430243985
vt 0.010728292578119775 0.9026787468407682
vt 7.771561172376096e-16 0.9005452143206207
vt 7.771561172376096e-16 1
vt 0.010726323836445728 0.9978674215094837
vt 0.09945625 1
vt 0.09945625 0.75
vt 0 0.75
vt 0 1
vt 0 0.75
vt 0 1
vt 0.0951875 1
vt 0.0951875 0.75
vt 0.09945625 1
vt 0.097321875 0.989271875
vt 0.002134375000000001 0.989271875
vt 0 1
vt 0.097321875 1
vt 0.09945625 0.989271875
vt 0 0.989271875
vt 0.002134375000000001 1
vn 0.6453904865342265 0.5913914222255836 -0.4834535195953343
vn -0.6453904865342265 -0.5913914222255836 0.483453519595334
vn -0.6755902076156601 0.7372773368101242 0
vn 0.6755902076156601 -0.7372773368101242 0
vn 0.44236640208607486 0.4053541245693964 -0.7999999999999996
vn -0.44236640208607475 -0.40535412456939635 0.7999999999999997
vn -0.6755902076156601 0.7372773368101242 0
vn 0.6755902076156601 -0.7372773368101242 0
vn 0.21873093782776165 0.2004299770536448 -0.9549788485276851
vn -0.21873093782776173 -0.20042997705364488 0.9549788485276851
vn -0.6755902076156601 0.7372773368101242 0
vn 0.6755902076156601 -0.7372773368101242 0
vn 1.6370845497218327e-16 1.5001116074123913e-16 -1
vn -1.6370845497218327e-16 -1.5001116074123913e-16 1
vn -0.6755902076156601 0.7372773368101242 0
vn 0.6755902076156601 -0.7372773368101242 0
vn -0.21873093782776126 -0.20042997705364446 -0.9549788485276852
vn 0.2187309378277609 0.20042997705364413 0.9549788485276854
vn -0.6755902076156601 0.7372773368101242 0
vn 0.6755902076156601 -0.7372773368101242 0
vn -0.44236640208607425 -0.4053541245693958 -0.8000000000000003
vn 0.4423664020860744 0.40535412456939596 0.8
vn -0.6755902076156601 0.7372773368101242 0
vn 0.6755902076156601 -0.7372773368101242 0
vn -0.6453904865342261 -0.5913914222255833 -0.4834535195953347
vn 0.6453904865342264 0.5913914222255835 0.4834535195953344
vn -0.6755902076156601 0.7372773368101242 0
vn 0.6755902076156601 -0.7372773368101242 0
vn -0.7372773368101242 -0.6755902076156601 -2.220446049250313e-16
vn 0.7372773368101242 0.6755902076156601 2.220446049250313e-16
vn -0.6755902076156601 0.7372773368101242 0
vn 0.6755902076156601 -0.7372773368101242 0
vn -0.6453904865342265 -0.5913914222255836 0.48345351959533406
vn 0.6453904865342268 0.5913914222255839 -0.48345351959533345
vn -0.6755902076156601 0.7372773368101242 0
vn 0.6755902076156601 -0.7372773368101242 0
vn -0.44236640208607464 -0.4053541245693962 0.7999999999999999
vn 0.4423664020860743 0.4053541245693959 -0.8000000000000003
vn -0.6755902076156601 0.7372773368101242 0
vn 0.6755902076156601 -0.7372773368101242 0
vn -0.21873093782776157 -0.2004299770536447 0.9549788485276851
vn 0.21873093782776207 0.20042997705364518 -0.9549788485276851
vn -0.6755902076156601 0.7372773368101242 0
vn 0.6755902076156601 -0.7372773368101242 0
vn -5.752174454104644e-16 -5.270896770682738e-16 1
vn 1.6370845497218327e-16 1.5001116074123913e-16 -1
vn -0.6755902076156601 0.7372773368101242 0
vn 0.6755902076156601 -0.7372773368101242 0
vn 0.2187309378277614 0.2004299770536446 0.9549788485276852
vn -0.21873093782776104 -0.20042997705364424 -0.9549788485276854
vn -0.6755902076156601 0.7372773368101242 0
vn 0.6755902076156601 -0.7372773368101242 0
vn 0.44236640208607425 0.4053541245693958 0.8000000000000003
vn -0.44236640208607453 -0.4053541245693961 -0.7999999999999999
vn -0.6755902076156601 0.7372773368101242 0
vn 0.6755902076156601 -0.7372773368101242 0
vn 0.6453904865342261 0.5913914222255833 0.48345351959533467
vn -0.6453904865342261 -0.5913914222255833 -0.483453519595335
vn -0.6755902076156601 0.7372773368101242 0
vn 0.6755902076156601 -0.7372773368101242 0
vn 0.7372773368101242 0.6755902076156601 9.662403458270915e-16
vn -0.7372773368101242 -0.6755902076156601 -2.220446049250313e-16
vn -0.6755902076156601 0.7372773368101242 0
vn 0.6755902076156601 -0.7372773368101242 0
usemtl none
f 838/3329/833 837/3330/833 833/3331/833 834/3332/833
f 839/3333/834 840/3334/834 836/3335/834 835/3336/834
f 837/3337/835 839/3338/835 835/3339/835 833/3340/835
f 840/3341/836 838/3342/836 834/3343/836 836/3344/836
f 842/3345/837 841/3346/837 837/3347/837 838/3348/837
f 843/3349/838 844/3350/838 840/3351/838 839/3352/838
f 841/3353/839 843/3354/839 839/3355/839 837/3356/839
f 844/3357/840 842/3358/840 838/3359/840 840/3360/840
f 846/3361/841 845/3362/841 841/3363/841 842/3364/841
f 847/3365/842 848/3366/842 844/3367/842 843/3368/842
f 845/3369/843 847/3370/843 843/3371/843 841/3372/843
f 848/3373/844 846/3374/844 842/3375/844 844/3376/844
f 850/3377/845 849/3378/845 845/3379/845 846/3380/845
f 851/3381/846 852/3382/846 848/3383/846 847/3384/846
f 849/3385/847 851/3386/847 847/3387/847 845/3388/847
f 852/3389/848 850/3390/848 846/3391/848 848/3392/848
f 854/3393/849 853/3394/849 849/3395/849 850/3396/849
f 855/3397/850 856/3398/850 852/3399/850 851/3400/850
f 853/3401/851 855/3402/851 851/3403/851 849/3404/851
f 856/3405/852 854/3406/852 850/3407/852 852/3408/852
f 858/3409/853 857/3410/853 853/3411/853 854/3412/853
f 859/3413/854 860/3414/854 856/3415/854 855/3416/854
f 857/3417/855 859/3418/855 855/3419/855 853/3420/855
f 860/3421/856 858/3422/856 854/3423/856 856/3424/856
f 862/3425/857 861/3426/857 857/3427/857 858/3428/857
f 863/3429/858 864/3430/858 860/3431/858 859/3432/858
f 861/3433/859 863/3434/859 859/3435/859 857/3436/859
f 864/3437/860 862/3438/860 858/3439/860 860/3440/860
f 866/3441/861 865/3442/861 861/3443/861 862/3444/861
f 867/3445/862 868/3446/862 864/3447/862 863/3448/862
f 865/3449/863 867/3450/863 863/3451/863 861/3452/863
f 868/3453/864 866/3454/864 862/3455/864 864/3456/864
f 870/3457/865 869/3458/865 865/3459/865 866/3460/865
f 871/3461/866 872/3462/866 868/3463/866 867/3464/866
f 869/3465/867 871/3466/867 867/3467/867 865/3468/867
f 872/3469/868 870/3470/868 866/3471/868 868/3472/868
f 874/3473/869 873/3474/869 869/3475/869 870/3476/869
f 875/3477/870 876/3478/870 872/3479/870 871/3480/870
f 873/3481/871 875/3482/871 871/3483/871 869/3484/871
f 876/3485/872 874/3486/872 870/3487/872 872/3488/872
f 878/3489/873 877/3490/873 873/3491/873 874/3492/873
f 879/3493/874 880/3494/874 876/3495/874 875/3496/874
f 877/3497/875 879/3498/875 875/3499/875 873/3500/875
f 880/3501/876 878/3502/876 874/3503/876 876/3504/876
f 882/3505/877 881/3506/877 877/3507/877 878/3508/877
f 883/3509/878 884/3510/878 880/3511/878 879/3512/878
f 881/3513/879 883/3514/879 879/3515/879 877/3516/879
f 884/3517/880 882/3518/880 878/3519/880 880/3520/880
f 886/3521/881 885/3522/881 881/3523/881 882/3524/881
f 887/3525/882 888/3526/882 884/3527/882 883/3528/882
f 885/3529/883 887/3530/883 883/3531/883 881/3532/883
f 888/3533/884 886/3534/884 882/3535/884 884/3536/884
f 890/3537/885 889/3538/885 885/3539/885 886/3540/885
f 891/3541/886 892/3542/886 888/3543/886 887/3544/886
f 889/3545/887 891/3546/887 887/3547/887 885/3548/887
f 892/3549/888 890/3550/888 886/3551/888 888/3552/888
f 894/3553/889 893/3554/889 889/3555/889 890/3556/889
f 895/3557/890 896/3558/890 892/3559/890 891/3560/890
f 893/3561/891 895/3562/891 891/3563/891 889/3564/891
f 896/3565/892 894/3566/892 890/3567/892 892/3568/892
f 834/3569/893 833/3570/893 893/3571/893 894/3572/893
f 835/3573/894 836/3574/894 896/3575/894 895/3576/894
f 833/3577/895 835/3578/895 895/3579/895 893/3580/895
f 836/3581/896 834/3582/896 894/3583/896 896/3584/896
o tube
v -0.782982049449232 -0.3586779775003482 0.01562500000000001
v -0.782982049449232 -0.3586779775003482 -0.01562499999999999
v -0.7847341950919791 -0.35755544262899375 0.01562500000000001
v -0.7847341950919791 -0.35755544262899375 -0.01562499999999999
v -0.770866979505564 -0.33789730829942644 0.01562500000000001
v -0.770866979505564 -0.33789730829942644 -0.015624999999999991
v -0.7731389687678192 -0.3376664478751396 0.015625000000000007
v -0.7731389687678192 -0.33766644787513966 -0.015624999999999991
v -0.766812946753803 -0.3162975443531061 0.015625000000000007
v -0.766812946753803 -0.3162975443531061 -0.015624999999999995
v -0.7692588898660216 -0.31699350478272964 0.015625000000000007
v -0.7692588898660216 -0.31699350478272964 -0.015624999999999995
v -0.7714371409305059 -0.29716705391986664 0.015625000000000003
v -0.7714371409305059 -0.29716705391986664 -0.015624999999999998
v -0.7736846652263825 -0.29868388153688735 0.015625000000000003
v -0.7736846652263825 -0.29868388153688735 -0.015624999999999998
v -0.7840355703906946 -0.2834182807498412 0.015624999999999998
v -0.7840355703906946 -0.2834182807498412 -0.015625000000000003
v -0.7857425106700402 -0.28552505229964426 0.015624999999999998
v -0.7857425106700402 -0.28552505229964426 -0.015625000000000003
v -0.8026902384541026 -0.27714435092522705 0.015624999999999995
v -0.8026902384541026 -0.27714435092522705 -0.015625000000000007
v -0.8035967285328391 -0.2795203295372865 0.015624999999999995
v -0.8035967285328391 -0.2795203295372865 -0.015625000000000007
v -0.8245611410130632 -0.2793004133885061 0.015624999999999991
v -0.8245611410130632 -0.2793004133885061 -0.01562500000000001
v -0.8245291759940561 -0.28158387785743577 0.015624999999999991
v -0.8245291759940561 -0.28158387785743577 -0.015625000000000007
v -0.8463186314132001 -0.289558227174399 0.01562499999999999
v -0.8463186314132001 -0.289558227174399 -0.01562500000000001
v -0.8453530776808295 -0.2914015407344613 0.01562499999999999
v -0.8453530776808295 -0.2914015407344613 -0.01562500000000001
v -0.864650328973234 -0.30635613312131726 0.01562499999999999
v -0.864650328973234 -0.30635613312131726 -0.01562500000000001
v -0.862898183330487 -0.30747866799267165 0.01562499999999999
v -0.862898183330487 -0.30747866799267165 -0.01562500000000001
v -0.876765398916902 -0.32713680232223896 0.015624999999999991
v -0.876765398916902 -0.32713680232223896 -0.01562500000000001
v -0.8744934096546468 -0.32736766274652573 0.015624999999999991
v -0.8744934096546468 -0.32736766274652573 -0.015625000000000007
v -0.880819431668663 -0.3487365662685593 0.015624999999999995
v -0.880819431668663 -0.3487365662685593 -0.015625000000000007
v -0.8783734885564444 -0.34804060583893576 0.015624999999999995
v -0.8783734885564444 -0.34804060583893576 -0.015625000000000007
v -0.87619523749196 -0.3678670567017987 0.015624999999999998
v -0.87619523749196 -0.3678670567017987 -0.015625000000000003
v -0.8739477131960836 -0.36635022908477805 0.015624999999999998
v -0.8739477131960836 -0.36635022908477805 -0.015625000000000003
v -0.8635968080317714 -0.3816158298718242 0.015625000000000003
v -0.8635968080317714 -0.3816158298718242 -0.015624999999999998
v -0.8618898677524257 -0.37950905832202114 0.015625000000000003
v -0.8618898677524257 -0.37950905832202114 -0.015624999999999998
v -0.8449421399683634 -0.38788975969643835 0.015625000000000007
v -0.8449421399683634 -0.38788975969643835 -0.015624999999999995
v -0.8440356498896269 -0.38551378108437884 0.015625000000000007
v -0.8440356498896269 -0.38551378108437884 -0.015624999999999995
v -0.8230712374094028 -0.3857336972331593 0.01562500000000001
v -0.8230712374094028 -0.3857336972331593 -0.015624999999999991
v -0.82310320242841 -0.3834502327642296 0.015625000000000007
v -0.82310320242841 -0.3834502327642296 -0.015624999999999991
v -0.8013137470092659 -0.3754758834472664 0.01562500000000001
v -0.8013137470092659 -0.3754758834472664 -0.01562499999999999
v -0.8022793007416366 -0.3736325698872041 0.01562500000000001
v -0.8022793007416366 -0.3736325698872041 -0.01562499999999999
vt 0.09945625 1
vt 0.09945625 0.75
vt 0 0.75
vt 0 1
vt 0 0.75
vt 0 1
vt 0.0951875 1
vt 0.0951875 0.75
vt 0.010726279727053867 0.9005452143418925
vt 5.551115123125783e-16 0.9026780146793606
vt 5.551115123125783e-16 0.9978666893684354
vt 0.010728336702654107 1
vt 0.09732220718886293 0.9999980312583259
vt 0.0994547856793792 0.989271707421881
vt 0 0.989271707421881
vt 0.0021335325201474534 1
vt 0.09945625 1
vt 0.09945625 0.75
vt 0 0.75
vt 0 1
vt 0 0.75
vt 0 1
vt 0.0951875 1
vt 0.0951875 0.75
vt 0.010725925987123686 0.9005410118087297
vt 2.7755575615628914e-16 0.9026755904044366
vt 2.220446049250313e-16 0.9978654214042931
vt 0.010725925987123686 1
vt 0.09732440959556345 0.9999999999999998
vt 0.09945898819127032 0.9892740740128763
vt 0 0.9892740740128763
vt 0.0021345785957068986 0.9999999999999998
vt 0.09945625 1
vt 0.09945625 0.75
vt 0 0.75
vt 0 1
vt 0 0.75
vt 0 1
vt 0.0951875 1
vt 0.0951875 0.75
vt 0.010728336702654107 0.9005452143418925
vt 5.551115123125783e-16 0.9026785249734571
vt 5.551115123125783e-16 0.9978671996625319
vt 0.010726279727053867 1
vt 0.09732125315923176 1
vt 0.09945478567937921 0.989271707421881
vt 0 0.989271707421881
vt 0.0021325784905162765 0.999998031258326
vt 0.09945625 1
vt 0.09945625 0.75
vt 0 0.75
vt 0 1
vt 0 0.75
vt 0 1
vt 0.0951875 1
vt 0.0951875 0.75
vt 0.010728125000000005 0.90054375
vt 0 0.902678125
vt 0 0.997865625
vt 0.010728125000000005 1
vt 0 0.997865625
vt 0.010728125000000005 1
vt 0.010728125000000005 0.90054375
vt 0 0.902678125
vt 0.09945625 1
vt 0.09945625 0.75
vt 0 0.75
vt 0 1
vt 0 0.75
vt 0 1
vt 0.0951875 1
vt 0.0951875 0.75
vt 0 0.9892737202729461
vt 0.002132800337468113 0.9999999999999994
vt 0.09732147502654287 0.9999999999999994
vt 0.09945478565810749 0.989271663297346
vt 0.0000019687416740465924 0.9978674215094837
vt 0.010728292578118998 1
vt 0.010728292578118998 0.9005452143206207
vt 0 0.9026787468407682
vt 0.09945625 1
vt 0.09945625 0.75
vt 0 0.75
vt 0 1
vt 0 0.75
vt 0 1
vt 0.0951875 1
vt 0.0951875 0.75
vt 0 0.9892740740128763
vt 0.0021345785957068986 0.9999999999999998
vt 0.09732440959556345 0.9999999999999998
vt 0.09945898819127032 0.9892740740128763
vt 2.220446049250313e-16 0.9978654214042931
vt 0.010725925987123686 1
vt 0.010725925987123686 0.9005410118087297
vt 2.7755575615628914e-16 0.9026755904044366
vt 0.09945625 1
vt 0.09945625 0.75
vt 0 0.75
vt 0 1
vt 0 0.75
vt 0 1
vt 0.0951875 1
vt 0.0951875 0.75
vt 0 0.989271663297346
vt 0.0021333106315646264 0.9999999999999994
vt 0.09732198532063939 0.9999999999999994
vt 0.09945478565810748 0.9892737202729461
vt 0 0.9978664674798525
vt 0.010728292578119025 1
vt 0.010728292578119025 0.9005452143206208
vt 0.000001968741674129859 0.902677792811137
vt 0.09945625 1
vt 0.09945625 0.75
vt 0 0.75
vt 0 1
vt 0 0.75
vt 0 1
vt 0.0951875 1
vt 0.0951875 0.75
vt 0 0.989271875
vt 0.002134375000000001 1
vt 0.097321875 1
vt 0.09945625 0.989271875
vt 0.002134375000000001 0.989271875
vt 0 1
vt 0.09945625 1
vt 0.097321875 0.989271875
vt 0.09945625 1
vt 0.09945625 0.75
vt 0 0.75
vt 0 1
vt 0 0.75
vt 0 1
vt 0.0951875 1
vt 0.0951875 0.75
vt 0.0000020569756015165197 1
vt 0.010728336702654856 0.9978671996625319
vt 0.010728336702654856 0.9026785249734571
vt 1.27675647831893e-15 0.9005452143418925
vt 0.0021325784905162765 0.9892736761635542
vt 0 0.9999999999999991
vt 0.0994547856793792 0.9999999999999992
vt 0.09732125315923175 0.9892717074218802
vt 0.09945625 1
vt 0.09945625 0.75
vt 0 0.75
vt 0 1
vt 0 0.75
vt 0 1
vt 0.0951875 1
vt 0.0951875 0.75
vt 4.996003610813204e-16 1
vt 0.010725925987123908 0.9978654214042931
vt 0.010725925987123935 0.9026755904044366
vt 4.996003610813204e-16 0.9005410118087297
vt 0.002134578595706871 0.989274074012876
vt 0 0.9999999999999996
vt 0.09945898819127032 0.9999999999999996
vt 0.09732440959556342 0.989274074012876
vt 0.09945625 1
vt 0.09945625 0.75
vt 0 0.75
vt 0 1
vt 0 0.75
vt 0 1
vt 0.0951875 1
vt 0.0951875 0.75
vt 1.27675647831893e-15 1
vt 0.010728336702654828 0.9978666893684354
vt 0.010728336702654828 0.9026780146793606
vt 0.0000020569756015165197 0.9005452143418925
vt 0.0021335325201474464 0.9892717074218802
vt 0 0.9999999999999992
vt 0.09945478567937921 0.9999999999999992
vt 0.09732220718886293 0.9892736761635543
vt 0.09945625 1
vt 0.09945625 0.75
vt 0 0.75
vt 0 1
vt 0 0.75
vt 0 1
vt 0.0951875 1
vt 0.0951875 0.75
vt 0 1
vt 0.010728125000000005 0.997865625
vt 0.010728125000000005 0.902678125
vt 0 0.90054375
vt 0.010728125000000005 0.902678125
vt 0 0.90054375
vt 0 1
vt 0.010728125000000005 0.997865625
vt 0.09945625 1
vt 0.09945625 0.75
vt 0 0.75
vt 0 1
vt 0 0.75
vt 0 1
vt 0.0951875 1
vt 0.0951875 0.75
vt 0.09945478565810749 0.9999979430243984
vt 0.09732198532063938 0.9892716632973451
vt 0.0021333106315646194 0.9892716632973452
vt 0 0.9999999999999988
vt 0.010726323836445756 0.9026777928111371
vt 8.326672684688674e-16 0.9005452143206208
vt 7.771561172376096e-16 1
vt 0.010728292578119775 0.9978664674798525
vt 0.09945625 1
vt 0.09945625 0.75
vt 0 0.75
vt 0 1
vt 0 0.75
vt 0 1
vt 0.0951875 1
vt 0.0951875 0.75
vt 0.09945898819127032 0.9999999999999996
vt 0.09732440959556342 0.989274074012876
vt 0.002134578595706871 0.989274074012876
vt 0 0.9999999999999996
vt 0.010725925987123935 0.9026755904044366
vt 4.996003610813204e-16 0.9005410118087297
vt 4.996003610813204e-16 1
vt 0.010725925987123908 0.9978654214042931
vt 0.09945625 1
vt 0.09945625 0.75
vt 0 0.75
vt 0 1
vt 0 0.75
vt 0 1
vt 0.0951875 1
vt 0.0951875 0.75
vt 0.09945478565810748 0.9999999999999987
vt 0.09732147502654284 0.9892716632973452
vt 0.0021328003374680854 0.9892716632973452
vt 0 0.9999979430243985
vt 0.010728292578119775 0.9026787468407682
vt 7.771561172376096e-16 0.9005452143206207
vt 7.771561172376096e-16 1
vt 0.010726323836445728 0.9978674215094837
vt 0.09945625 1
vt 0.09945625 0.75
vt 0 0.75
vt 0 1
vt 0 0.75
vt 0 1
vt 0.0951875 1
vt 0.0951875 0.75
vt 0.09945625 1
vt 0.097321875 0.989271875
vt 0.002134375000000001 0.989271875
vt 0 1
vt 0.097321875 1
vt 0.09945625 0.989271875
vt 0 0.989271875
vt 0.002134375000000001 1
vn 0.8639052963731444 -0.503654285098846 2.1204790113309118e-16
vn -0.8639052963731446 0.5036542850988459 -2.1204790113309118e-16
vn -1.5001116074123913e-16 1.6370845497218327e-16 1
vn 1.5001116074123913e-16 -1.6370845497218327e-16 -1
vn 0.9828385681786026 -0.18446774487870365 1.776356839400251e-16
vn -0.9828385681786026 0.18446774487870354 -1.7763568394002508e-16
vn -1.5001116074123913e-16 1.6370845497218327e-16 1
vn 1.5001116074123913e-16 -1.6370845497218327e-16 -1
vn 0.9720069502101598 0.23495209882685425 1.0734824575816188e-16
vn -0.97200695021016 -0.23495209882685408 -1.0734824575816194e-16
vn -1.5001116074123913e-16 1.6370845497218327e-16 1
vn 1.5001116074123913e-16 -1.6370845497218327e-16 -1
vn 0.7372773368101242 0.6755902076156601 0
vn -0.7372773368101242 -0.6755902076156601 0
vn -1.5001116074123913e-16 1.6370845497218327e-16 1
vn 1.5001116074123913e-16 -1.6370845497218327e-16 -1
vn 0.3187740228582928 0.9478307456243128 -1.073482457581619e-16
vn -0.3187740228582937 -0.9478307456243125 1.0734824575816171e-16
vn -1.5001116074123913e-16 1.6370845497218327e-16 1
vn 1.5001116074123913e-16 -1.6370845497218327e-16 -1
vn -0.09810576400645321 0.9951759940174956 -1.77635683940025e-16
vn 0.09810576400645363 -0.9951759940174956 1.776356839400251e-16
vn -1.5001116074123913e-16 1.6370845497218327e-16 1
vn 1.5001116074123913e-16 -1.6370845497218327e-16 -1
vn -0.4264434207176213 0.9045142392061354 -2.1204790113309116e-16
vn 0.42644342071762154 -0.9045142392061354 2.120479011330912e-16
vn -1.5001116074123913e-16 1.6370845497218327e-16 1
vn 1.5001116074123913e-16 -1.6370845497218327e-16 -1
vn -0.6755902076156601 0.7372773368101242 -2.220446049250313e-16
vn 0.6755902076156601 -0.7372773368101242 2.220446049250313e-16
vn -1.5001116074123913e-16 1.6370845497218327e-16 1
vn 1.5001116074123913e-16 -1.6370845497218327e-16 -1
vn -0.8639052963731444 0.5036542850988459 -2.1204790113309116e-16
vn 0.863905296373144 -0.5036542850988465 2.1204790113309116e-16
vn -1.5001116074123913e-16 1.6370845497218327e-16 1
vn 1.5001116074123913e-16 -1.6370845497218327e-16 -1
vn -0.9828385681786027 0.18446774487870338 -1.7763568394002508e-16
vn 0.9828385681786027 -0.18446774487870266 1.7763568394002496e-16
vn -1.5001116074123913e-16 1.6370845497218327e-16 1
vn 1.5001116074123913e-16 -1.6370845497218327e-16 -1
vn -0.9720069502101598 -0.23495209882685453 -1.0734824575816183e-16
vn 0.97200695021016 0.23495209882685342 1.0734824575816203e-16
vn -1.5001116074123913e-16 1.6370845497218327e-16 1
vn 1.5001116074123913e-16 -1.6370845497218327e-16 -1
vn -0.737277336810125 -0.6755902076156594 -2.478669739132334e-31
vn 0.7372773368101242 0.6755902076156601 0
vn -1.5001116074123913e-16 1.6370845497218327e-16 1
vn 1.5001116074123913e-16 -1.6370845497218327e-16 -1
vn -0.31877402285829265 -0.9478307456243129 1.0734824575816196e-16
vn 0.3187740228582934 0.9478307456243126 -1.0734824575816177e-16
vn -1.5001116074123913e-16 1.6370845497218327e-16 1
vn 1.5001116074123913e-16 -1.6370845497218327e-16 -1
vn 0.09810576400645338 -0.9951759940174955 1.77635683940025e-16
vn -0.09810576400645388 0.9951759940174953 -1.7763568394002508e-16
vn -1.5001116074123913e-16 1.6370845497218327e-16 1
vn 1.5001116074123913e-16 -1.6370845497218327e-16 -1
vn 0.42644342071762154 -0.9045142392061354 2.120479011330912e-16
vn -0.426443420717621 0.9045142392061357 -2.1204790113309118e-16
vn -1.5001116074123913e-16 1.6370845497218327e-16 1
vn 1.5001116074123913e-16 -1.6370845497218327e-16 -1
vn 0.6755902076156597 -0.7372773368101245 2.220446049250313e-16
vn -0.6755902076156601 0.7372773368101242 -2.220446049250313e-16
vn -1.5001116074123913e-16 1.6370845497218327e-16 1
vn 1.5001116074123913e-16 -1.6370845497218327e-16 -1
usemtl none
f 902/3585/897 901/3586/897 897/3587/897 898/3588/897
f 903/3589/898 904/3590/898 900/3591/898 899/3592/898
f 901/3593/899 903/3594/899 899/3595/899 897/3596/899
f 904/3597/900 902/3598/900 898/3599/900 900/3600/900
f 906/3601/901 905/3602/901 901/3603/901 902/3604/901
f 907/3605/902 908/3606/902 904/3607/902 903/3608/902
f 905/3609/903 907/3610/903 903/3611/903 901/3612/903
f 908/3613/904 906/3614/904 902/3615/904 904/3616/904
f 910/3617/905 909/3618/905 905/3619/905 906/3620/905
f 911/3621/906 912/3622/906 908/3623/906 907/3624/906
f 909/3625/907 911/3626/907 907/3627/907 905/3628/907
f 912/3629/908 910/3630/908 906/3631/908 908/3632/908
f 914/3633/909 913/3634/909 909/3635/909 910/3636/909
f 915/3637/910 916/3638/910 912/3639/910 911/3640/910
f 913/3641/911 915/3642/911 911/3643/911 909/3644/911
f 916/3645/912 914/3646/912 910/3647/912 912/3648/912
f 918/3649/913 917/3650/913 913/3651/913 914/3652/913
f 919/3653/914 920/3654/914 916/3655/914 915/3656/914
f 917/3657/915 919/3658/915 915/3659/915 913/3660/915
f 920/3661/916 918/3662/916 914/3663/916 916/3664/916
f 922/3665/917 921/3666/917 917/3667/917 918/3668/917
f 923/3669/918 924/3670/918 920/3671/918 919/3672/918
f 921/3673/919 923/3674/919 919/3675/919 917/3676/919
f 924/3677/920 922/3678/920 918/3679/920 920/3680/920
f 926/3681/921 925/3682/921 921/3683/921 922/3684/921
f 927/3685/922 928/3686/922 924/3687/922 923/3688/922
f 925/3689/923 927/3690/923 923/3691/923 921/3692/923
f 928/3693/924 926/3694/924 922/3695/924 924/3696/924
f 930/3697/925 929/3698/925 925/3699/925 926/3700/925
f 931/3701/926 932/3702/926 928/3703/926 927/3704/926
f 929/3705/927 931/3706/927 927/3707/927 925/3708/927
f 932/3709/928 930/3710/928 926/3711/928 928/3712/928
f 934/3713/929 933/3714/929 929/3715/929 930/3716/929
f 935/3717/930 936/3718/930 932/3719/930 931/3720/930
f 933/3721/931 935/3722/931 931/3723/931 929/3724/931
f 936/3725/932 934/3726/932 930/3727/932 932/3728/932
f 938/3729/933 937/3730/933 933/3731/933 934/3732/933
f 939/3733/934 940/3734/934 936/3735/934 935/3736/934
f 937/3737/935 939/3738/935 935/3739/935 933/3740/935
f 940/3741/936 938/3742/936 934/3743/936 936/3744/936
f 942/3745/937 941/3746/937 937/3747/937 938/3748/937
f 943/3749/938 944/3750/938 940/3751/938 939/3752/938
f 941/3753/939 943/3754/939 939/3755/939 937/3756/939
f 944/3757/940 942/3758/940 938/3759/940 940/3760/940
f 946/3761/941 945/3762/941 941/3763/941 942/3764/941
f 947/3765/942 948/3766/942 944/3767/942 943/3768/942
f 945/3769/943 947/3770/943 943/3771/943 941/3772/943
f 948/3773/944 946/3774/944 942/3775/944 944/3776/944
f 950/3777/945 949/3778/945 945/3779/945 946/3780/945
f 951/3781/946 952/3782/946 948/3783/946 947/3784/946
f 949/3785/947 951/3786/947 947/3787/947 945/3788/947
f 952/3789/948 950/3790/948 946/3791/948 948/3792/948
f 954/3793/949 953/3794/949 949/3795/949 950/3796/949
f 955/3797/950 956/3798/950 952/3799/950 951/3800/950
f 953/3801/951 955/3802/951 951/3803/951 949/3804/951
f 956/3805/952 954/3806/952 950/3807/952 952/3808/952
f 958/3809/953 957/3810/953 953/3811/953 954/3812/953
f 959/3813/954 960/3814/954 956/3815/954 955/3816/954
f 957/3817/955 959/3818/955 955/3819/955 953/3820/955
f 960/3821/956 958/3822/956 954/3823/956 956/3824/956
f 898/3825/957 897/3826/957 957/3827/957 958/3828/957
f 899/3829/958 900/3830/958 960/3831/958 959/3832/958
f 897/3833/959 899/3834/959 959/3835/959 957/3836/959
f 900/3837/960 898/3838/960 958/3839/960 960/3840/960
o tube
v -0.6217026320220174 -0.21089261958442254 0.01562500000000001
v -0.6217026320220174 -0.21089261958442254 -0.01562499999999999
v -0.6234547776647644 -0.20977008471306813 0.01562500000000001
v -0.6234547776647644 -0.20977008471306813 -0.01562499999999999
v -0.6095875620783494 -0.19011195038350082 0.01562500000000001
v -0.6095875620783494 -0.19011195038350082 -0.015624999999999991
v -0.6118595513406045 -0.18988108995921402 0.015625000000000007
v -0.6118595513406045 -0.18988108995921402 -0.015624999999999991
v -0.6055335293265883 -0.16851218643718047 0.015625000000000007
v -0.6055335293265883 -0.16851218643718047 -0.015624999999999995
v -0.607979472438807 -0.16920814686680402 0.015625000000000007
v -0.607979472438807 -0.16920814686680402 -0.015624999999999995
v -0.6101577235032913 -0.14938169600394102 0.015625000000000003
v -0.6101577235032913 -0.14938169600394102 -0.015624999999999998
v -0.6124052477991678 -0.15089852362096173 0.015625000000000003
v -0.6124052477991678 -0.15089852362096173 -0.015624999999999998
v -0.62275615296348 -0.1356329228339156 0.015624999999999998
v -0.62275615296348 -0.1356329228339156 -0.015625000000000003
v -0.6244630932428257 -0.13773969438371864 0.015624999999999998
v -0.6244630932428257 -0.13773969438371864 -0.015625000000000003
v -0.641410821026888 -0.1293589930093014 0.015624999999999995
v -0.641410821026888 -0.1293589930093014 -0.015625000000000007
v -0.6423173111056245 -0.13173497162136089 0.015624999999999995
v -0.6423173111056245 -0.13173497162136089 -0.015625000000000007
v -0.6632817235858486 -0.13151505547258044 0.015624999999999991
v -0.6632817235858486 -0.13151505547258044 -0.01562500000000001
v -0.6632497585668414 -0.13379851994151012 0.015624999999999991
v -0.6632497585668414 -0.13379851994151012 -0.015625000000000007
v -0.6850392139859854 -0.14177286925847338 0.01562499999999999
v -0.6850392139859854 -0.1417728692584734 -0.01562500000000001
v -0.6840736602536148 -0.14361618281853566 0.01562499999999999
v -0.6840736602536148 -0.14361618281853566 -0.01562500000000001
v -0.7033709115460194 -0.15857077520539162 0.01562499999999999
v -0.7033709115460194 -0.15857077520539162 -0.01562500000000001
v -0.7016187659032723 -0.15969331007674603 0.01562499999999999
v -0.7016187659032723 -0.15969331007674603 -0.01562500000000001
v -0.7154859814896873 -0.17935144440631332 0.015624999999999991
v -0.7154859814896873 -0.17935144440631334 -0.01562500000000001
v -0.7132139922274322 -0.17958230483060011 0.015624999999999991
v -0.7132139922274322 -0.17958230483060011 -0.015625000000000007
v -0.7195400142414484 -0.2009512083526337 0.015624999999999995
v -0.7195400142414484 -0.2009512083526337 -0.015625000000000007
v -0.7170940711292297 -0.20025524792301014 0.015624999999999995
v -0.7170940711292297 -0.20025524792301014 -0.015625000000000007
v -0.7149158200647454 -0.22008169878587308 0.015624999999999998
v -0.7149158200647454 -0.22008169878587308 -0.015625000000000003
v -0.7126682957688689 -0.21856487116885243 0.015624999999999998
v -0.7126682957688689 -0.21856487116885243 -0.015625000000000003
v -0.7023173906045568 -0.23383047195589857 0.015625000000000003
v -0.7023173906045568 -0.23383047195589857 -0.015624999999999998
v -0.7006104503252111 -0.23172370040609552 0.015625000000000003
v -0.7006104503252111 -0.23172370040609552 -0.015624999999999998
v -0.6836627225411488 -0.24010440178051276 0.015625000000000007
v -0.6836627225411488 -0.24010440178051276 -0.015624999999999995
v -0.6827562324624122 -0.23772842316845325 0.015625000000000007
v -0.6827562324624122 -0.23772842316845325 -0.015624999999999995
v -0.6617918199821882 -0.2379483393172337 0.01562500000000001
v -0.6617918199821882 -0.23794833931723372 -0.015624999999999991
v -0.6618237850011953 -0.235664874848304 0.015625000000000007
v -0.6618237850011953 -0.235664874848304 -0.015624999999999991
v -0.6400343295820513 -0.22769052553134075 0.01562500000000001
v -0.6400343295820513 -0.22769052553134075 -0.01562499999999999
v -0.6409998833144219 -0.2258472119712785 0.01562500000000001
v -0.6409998833144219 -0.2258472119712785 -0.01562499999999999
vt 0.09945625 1
vt 0.09945625 0.75
vt 0 0.75
vt 0 1
vt 0 0.75
vt 0 1
vt 0.0951875 1
vt 0.0951875 0.75
vt 0.010726279727053867 0.9005452143418925
vt 5.551115123125783e-16 0.9026780146793606
vt 5.551115123125783e-16 0.9978666893684354
vt 0.010728336702654107 1
vt 0.09732220718886293 0.9999980312583259
vt 0.0994547856793792 0.989271707421881
vt 0 0.989271707421881
vt 0.0021335325201474534 1
vt 0.09945625 1
vt 0.09945625 0.75
vt 0 0.75
vt 0 1
vt 0 0.75
vt 0 1
vt 0.0951875 1
vt 0.0951875 0.75
vt 0.010725925987123686 0.9005410118087297
vt 2.7755575615628914e-16 0.9026755904044366
vt 2.220446049250313e-16 0.9978654214042931
vt 0.010725925987123686 1
vt 0.09732440959556345 0.9999999999999998
vt 0.09945898819127032 0.9892740740128763
vt 0 0.9892740740128763
vt 0.0021345785957068986 0.9999999999999998
vt 0.09945625 1
vt 0.09945625 0.75
vt 0 0.75
vt 0 1
vt 0 0.75
vt 0 1
vt 0.0951875 1
vt 0.0951875 0.75
vt 0.010728336702654107 0.9005452143418925
vt 5.551115123125783e-16 0.9026785249734571
vt 5.551115123125783e-16 0.9978671996625319
vt 0.010726279727053867 1
vt 0.09732125315923176 1
vt 0.09945478567937921 0.989271707421881
vt 0 0.989271707421881
vt 0.0021325784905162765 0.999998031258326
vt 0.09945625 1
vt 0.09945625 0.75
vt 0 0.75
vt 0 1
vt 0 0.75
vt 0 1
vt 0.0951875 1
vt 0.0951875 0.75
vt 0.010728125000000005 0.90054375
vt 0 0.902678125
vt 0 0.997865625
vt 0.010728125000000005 1
vt 0 0.997865625
vt 0.010728125000000005 1
vt 0.010728125000000005 0.90054375
vt 0 0.902678125
vt 0.09945625 1
vt 0.09945625 0.75
vt 0 0.75
vt 0 1
vt 0 0.75
vt 0 1
vt 0.0951875 1
vt 0.0951875 0.75
vt 0 0.9892737202729461
vt 0.002132800337468113 0.9999999999999994
vt 0.09732147502654287 0.9999999999999994
vt 0.09945478565810749 0.989271663297346
vt 0.0000019687416740465924 0.9978674215094837
vt 0.010728292578118998 1
vt 0.010728292578118998 0.9005452143206207
vt 0 0.9026787468407682
vt 0.09945625 1
vt 0.09945625 0.75
vt 0 0.75
vt 0 1
vt 0 0.75
vt 0 1
vt 0.0951875 1
vt 0.0951875 0.75
vt 0 0.9892740740128763
vt 0.0021345785957068986 0.9999999999999998
vt 0.09732440959556345 0.9999999999999998
vt 0.09945898819127032 0.9892740740128763
vt 2.220446049250313e-16 0.9978654214042931
vt 0.010725925987123686 1
vt 0.010725925987123686 0.9005410118087297
vt 2.7755575615628914e-16 0.9026755904044366
vt 0.09945625 1
vt 0.09945625 0.75
vt 0 0.75
vt 0 1
vt 0 0.75
vt 0 1
vt 0.0951875 1
vt 0.0951875 0.75
vt 0 0.989271663297346
vt 0.0021333106315646264 0.9999999999999994
vt 0.09732198532063939 0.9999999999999994
vt 0.09945478565810748 0.9892737202729461
vt 0 0.9978664674798525
vt 0.010728292578119025 1
vt 0.010728292578119025 0.9005452143206208
vt 0.000001968741674129859 0.902677792811137
vt 0.09945625 1
vt 0.09945625 0.75
vt 0 0.75
vt 0 1
vt 0 0.75
vt 0 1
vt 0.0951875 1
vt 0.0951875 0.75
vt 0 0.989271875
vt 0.002134375000000001 1
vt 0.097321875 1
vt 0.09945625 0.989271875
vt 0.002134375000000001 0.989271875
vt 0 1
vt 0.09945625 1
vt 0.097321875 0.989271875
vt 0.09945625 1
vt 0.09945625 0.75
vt 0 0.75
vt 0 1
vt 0 0.75
vt 0 1
vt 0.0951875 1
vt 0.0951875 0.75
vt 0.0000020569756015165197 1
vt 0.010728336702654856 0.9978671996625319
vt 0.010728336702654856 0.9026785249734571
vt 1.27675647831893e-15 0.9005452143418925
vt 0.0021325784905162765 0.9892736761635542
vt 0 0.9999999999999991
vt 0.0994547856793792 0.9999999999999992
vt 0.09732125315923175 0.9892717074218802
vt 0.09945625 1
vt 0.09945625 0.75
vt 0 0.75
vt 0 1
vt 0 0.75
vt 0 1
vt 0.0951875 1
vt 0.0951875 0.75
vt 4.996003610813204e-16 1
vt 0.010725925987123908 0.9978654214042931
vt 0.010725925987123935 0.9026755904044366
vt 4.996003610813204e-16 0.9005410118087297
vt 0.002134578595706871 0.989274074012876
vt 0 0.9999999999999996
vt 0.09945898819127032 0.9999999999999996
vt 0.09732440959556342 0.989274074012876
vt 0.09945625 1
vt 0.09945625 0.75
vt 0 0.75
vt 0 1
vt 0 0.75
vt 0 1
vt 0.0951875 1
vt 0.0951875 0.75
vt 1.27675647831893e-15 1
vt 0.010728336702654828 0.9978666893684354
vt 0.010728336702654828 0.9026780146793606
vt 0.0000020569756015165197 0.9005452143418925
vt 0.0021335325201474464 0.9892717074218802
vt 0 0.9999999999999992
vt 0.09945478567937921 0.9999999999999992
vt 0.09732220718886293 0.9892736761635543
vt 0.09945625 1
vt 0.09945625 0.75
vt 0 0.75
vt 0 1
vt 0 0.75
vt 0 1
vt 0.0951875 1
vt 0.0951875 0.75
vt 0 1
vt 0.010728125000000005 0.997865625
vt 0.010728125000000005 0.902678125
vt 0 0.90054375
vt 0.010728125000000005 0.902678125
vt 0 0.90054375
vt 0 1
vt 0.010728125000000005 0.997865625
vt 0.09945625 1
vt 0.09945625 0.75
vt 0 0.75
vt 0 1
vt 0 0.75
vt 0 1
vt 0.0951875 1
vt 0.0951875 0.75
vt 0.09945478565810749 0.9999979430243984
vt 0.09732198532063938 0.9892716632973451
vt 0.0021333106315646194 0.9892716632973452
vt 0 0.9999999999999988
vt 0.010726323836445756 0.9026777928111371
vt 8.326672684688674e-16 0.9005452143206208
vt 7.771561172376096e-16 1
vt 0.010728292578119775 0.9978664674798525
vt 0.09945625 1
vt 0.09945625 0.75
vt 0 0.75
vt 0 1
vt 0 0.75
vt 0 1
vt 0.0951875 1
vt 0.0951875 0.75
vt 0.09945898819127032 0.9999999999999996
vt 0.09732440959556342 0.989274074012876
vt 0.002134578595706871 0.989274074012876
vt 0 0.9999999999999996
vt 0.010725925987123935 0.9026755904044366
vt 4.996003610813204e-16 0.9005410118087297
vt 4.996003610813204e-16 1
vt 0.010725925987123908 0.9978654214042931
vt 0.09945625 1
vt 0.09945625 0.75
vt 0 0.75
vt 0 1
vt 0 0.75
vt 0 1
vt 0.0951875 1
vt 0.0951875 0.75
vt 0.09945478565810748 0.9999999999999987
vt 0.09732147502654284 0.9892716632973452
vt 0.0021328003374680854 0.9892716632973452
vt 0 0.9999979430243985
vt 0.010728292578119775 0.9026787468407682
vt 7.771561172376096e-16 0.9005452143206207
vt 7.771561172376096e-16 1
vt 0.010726323836445728 0.9978674215094837
vt 0.09945625 1
vt 0.09945625 0.75
vt 0 0.75
vt 0 1
vt 0 0.75
vt 0 1
vt 0.0951875 1
vt 0.0951875 0.75
vt 0.09945625 1
vt 0.097321875 0.989271875
vt 0.002134375000000001 0.989271875
vt 0 1
vt 0.097321875 1
vt 0.09945625 0.989271875
vt 0 0.989271875
vt 0.002134375000000001 1
vn 0.8639052963731444 -0.503654285098846 2.1204790113309118e-16
vn -0.8639052963731446 0.5036542850988459 -2.1204790113309118e-16
vn -1.5001116074123913e-16 1.6370845497218327e-16 1
vn 1.5001116074123913e-16 -1.6370845497218327e-16 -1
vn 0.9828385681786026 -0.18446774487870365 1.776356839400251e-16
vn -0.9828385681786026 0.18446774487870354 -1.7763568394002508e-16
vn -1.5001116074123913e-16 1.6370845497218327e-16 1
vn 1.5001116074123913e-16 -1.6370845497218327e-16 -1
vn 0.9720069502101598 0.23495209882685425 1.0734824575816188e-16
vn -0.97200695021016 -0.23495209882685408 -1.0734824575816194e-16
vn -1.5001116074123913e-16 1.6370845497218327e-16 1
vn 1.5001116074123913e-16 -1.6370845497218327e-16 -1
vn 0.7372773368101242 0.6755902076156601 0
vn -0.7372773368101242 -0.6755902076156601 0
vn -1.5001116074123913e-16 1.6370845497218327e-16 1
vn 1.5001116074123913e-16 -1.6370845497218327e-16 -1
vn 0.3187740228582928 0.9478307456243128 -1.073482457581619e-16
vn -0.3187740228582937 -0.9478307456243125 1.0734824575816171e-16
vn -1.5001116074123913e-16 1.6370845497218327e-16 1
vn 1.5001116074123913e-16 -1.6370845497218327e-16 -1
vn -0.09810576400645321 0.9951759940174956 -1.77635683940025e-16
vn 0.09810576400645363 -0.9951759940174956 1.776356839400251e-16
vn -1.5001116074123913e-16 1.6370845497218327e-16 1
vn 1.5001116074123913e-16 -1.6370845497218327e-16 -1
vn -0.4264434207176213 0.9045142392061354 -2.1204790113309116e-16
vn 0.42644342071762154 -0.9045142392061354 2.120479011330912e-16
vn -1.5001116074123913e-16 1.6370845497218327e-16 1
vn 1.5001116074123913e-16 -1.6370845497218327e-16 -1
vn -0.6755902076156601 0.7372773368101242 -2.220446049250313e-16
vn 0.6755902076156601 -0.7372773368101242 2.220446049250313e-16
vn -1.5001116074123913e-16 1.6370845497218327e-16 1
vn 1.5001116074123913e-16 -1.6370845497218327e-16 -1
vn -0.8639052963731444 0.5036542850988459 -2.1204790113309116e-16
vn 0.863905296373144 -0.5036542850988465 2.1204790113309116e-16
vn -1.5001116074123913e-16 1.6370845497218327e-16 1
vn 1.5001116074123913e-16 -1.6370845497218327e-16 -1
vn -0.9828385681786027 0.18446774487870338 -1.7763568394002508e-16
vn 0.9828385681786027 -0.18446774487870266 1.7763568394002496e-16
vn -1.5001116074123913e-16 1.6370845497218327e-16 1
vn 1.5001116074123913e-16 -1.6370845497218327e-16 -1
vn -0.9720069502101598 -0.23495209882685453 -1.0734824575816183e-16
vn 0.97200695021016 0.23495209882685342 1.0734824575816203e-16
vn -1.5001116074123913e-16 1.6370845497218327e-16 1
vn 1.5001116074123913e-16 -1.6370845497218327e-16 -1
vn -0.737277336810125 -0.6755902076156594 -2.478669739132334e-31
vn 0.7372773368101242 0.6755902076156601 0
vn -1.5001116074123913e-16 1.6370845497218327e-16 1
vn 1.5001116074123913e-16 -1.6370845497218327e-16 -1
vn -0.31877402285829265 -0.9478307456243129 1.0734824575816196e-16
vn 0.3187740228582934 0.9478307456243126 -1.0734824575816177e-16
vn -1.5001116074123913e-16 1.6370845497218327e-16 1
vn 1.5001116074123913e-16 -1.6370845497218327e-16 -1
vn 0.09810576400645338 -0.9951759940174955 1.77635683940025e-16
vn -0.09810576400645388 0.9951759940174953 -1.7763568394002508e-16
vn -1.5001116074123913e-16 1.6370845497218327e-16 1
vn 1.5001116074123913e-16 -1.6370845497218327e-16 -1
vn 0.42644342071762154 -0.9045142392061354 2.120479011330912e-16
vn -0.426443420717621 0.9045142392061357 -2.1204790113309118e-16
vn -1.5001116074123913e-16 1.6370845497218327e-16 1
vn 1.5001116074123913e-16 -1.6370845497218327e-16 -1
vn 0.6755902076156597 -0.7372773368101245 2.220446049250313e-16
vn -0.6755902076156601 0.7372773368101242 -2.220446049250313e-16
vn -1.5001116074123913e-16 1.6370845497218327e-16 1
vn 1.5001116074123913e-16 -1.6370845497218327e-16 -1
usemtl none
f 966/3841/961 965/3842/961 961/3843/961 962/3844/961
f 967/3845/962 968/3846/962 964/3847/962 963/3848/962
f 965/3849/963 967/3850/963 963/3851/963 961/3852/963
f 968/3853/964 966/3854/964 962/3855/964 964/3856/964
f 970/3857/965 969/3858/965 965/3859/965 966/3860/965
f 971/3861/966 972/3862/966 968/3863/966 967/3864/966
f 969/3865/967 971/3866/967 967/3867/967 965/3868/967
f 972/3869/968 970/3870/968 966/3871/968 968/3872/968
f 974/3873/969 973/3874/969 969/3875/969 970/3876/969
f 975/3877/970 976/3878/970 972/3879/970 971/3880/970
f 973/3881/971 975/3882/971 971/3883/971 969/3884/971
f 976/3885/972 974/3886/972 970/3887/972 972/3888/972
f 978/3889/973 977/3890/973 973/3891/973 974/3892/973
f 979/3893/974 980/3894/974 976/3895/974 975/3896/974
f 977/3897/975 979/3898/975 975/3899/975 973/3900/975
f 980/3901/976 978/3902/976 974/3903/976 976/3904/976
f 982/3905/977 981/3906/977 977/3907/977 978/3908/977
f 983/3909/978 984/3910/978 980/3911/978 979/3912/978
f 981/3913/979 983/3914/979 979/3915/979 977/3916/979
f 984/3917/980 982/3918/980 978/3919/980 980/3920/980
f 986/3921/981 985/3922/981 981/3923/981 982/3924/981
f 987/3925/982 988/3926/982 984/3927/982 983/3928/982
f 985/3929/983 987/3930/983 983/3931/983 981/3932/983
f 988/3933/984 986/3934/984 982/3935/984 984/3936/984
f 990/3937/985 989/3938/985 985/3939/985 986/3940/985
f 991/3941/986 992/3942/986 988/3943/986 987/3944/986
f 989/3945/987 991/3946/987 987/3947/987 985/3948/987
f 992/3949/988 990/3950/988 986/3951/988 988/3952/988
f 994/3953/989 993/3954/989 989/3955/989 990/3956/989
f 995/3957/990 996/3958/990 992/3959/990 991/3960/990
f 993/3961/991 995/3962/991 991/3963/991 989/3964/991
f 996/3965/992 994/3966/992 990/3967/992 992/3968/992
f 998/3969/993 997/3970/993 993/3971/993 994/3972/993
f 999/3973/994 1000/3974/994 996/3975/994 995/3976/994
f 997/3977/995 999/3978/995 995/3979/995 993/3980/995
f 1000/3981/996 998/3982/996 994/3983/996 996/3984/996
f 1002/3985/997 1001/3986/997 997/3987/997 998/3988/997
f 1003/3989/998 1004/3990/998 1000/3991/998 999/3992/998
f 1001/3993/999 1003/3994/999 999/3995/999 997/3996/999
f 1004/3997/1000 1002/3998/1000 998/3999/1000 1000/4000/1000
f 1006/4001/1001 1005/4002/1001 1001/4003/1001 1002/4004/1001
f 1007/4005/1002 1008/4006/1002 1004/4007/1002 1003/4008/1002
f 1005/4009/1003 1007/4010/1003 1003/4011/1003 1001/4012/1003
f 1008/4013/1004 1006/4014/1004 1002/4015/1004 1004/4016/1004
f 1010/4017/1005 1009/4018/1005 1005/4019/1005 1006/4020/1005
f 1011/4021/1006 1012/4022/1006 1008/4023/1006 1007/4024/1006
f 1009/4025/1007 1011/4026/1007 1007/4027/1007 1005/4028/1007
f 1012/4029/1008 1010/4030/1008 1006/4031/1008 1008/4032/1008
f 1014/4033/1009 1013/4034/1009 1009/4035/1009 1010/4036/1009
f 1015/4037/1010 1016/4038/1010 1012/4039/1010 1011/4040/1010
f 1013/4041/1011 1015/4042/1011 1011/4043/1011 1009/4044/1011
f 1016/4045/1012 1014/4046/1012 1010/4047/1012 1012/4048/1012
f 1018/4049/1013 1017/4050/1013 1013/4051/1013 1014/4052/1013
f 1019/4053/1014 1020/4054/1014 1016/4055/1014 1015/4056/1014
f 1017/4057/1015 1019/4058/1015 1015/4059/1015 1013/4060/1015
f 1020/4061/1016 1018/4062/1016 1014/4063/1016 1016/4064/1016
f 1022/4065/1017 1021/4066/1017 1017/4067/1017 1018/4068/1017
f 1023/4069/1018 1024/4070/1018 1020/4071/1018 1019/4072/1018
f 1021/4073/1019 1023/4074/1019 1019/4075/1019 1017/4076/1019
f 1024/4077/1020 1022/4078/1020 1018/4079/1020 1020/4080/1020
f 962/4081/1021 961/4082/1021 1021/4083/1021 1022/4084/1021
f 963/4085/1022 964/4086/1022 1024/4087/1022 1023/4088/1022
f 961/4089/1023 963/4090/1023 1023/4091/1023 1021/4092/1023
f 964/4093/1024 962/4094/1024 1022/4095/1024 1024/4096/1024
o tube
v -0.7076527439409876 -0.20488002998923294 -0.009324017220921452
v -0.6865405499529983 -0.22791994676454932 -0.009324017220921452
v -0.7096299762285988 -0.20669182957264481 -0.008923934441126019
v -0.6885177822406094 -0.22973174634796117 -0.008923934441126019
v -0.7146679808843401 -0.21130831029354555 -0.026552554563305682
v -0.6935557868963508 -0.23434822706886194 -0.026552554563305682
v -0.7163441974798178 -0.21284427981438708 -0.025413215200383803
v -0.6952320034918285 -0.23588419658970344 -0.025413215200383803
v -0.727630448539701 -0.22318622349834524 -0.039738706172933125
v -0.7065182545517117 -0.2462261402736616 -0.039738706172933125
v -0.728750460661325 -0.22421252552066667 -0.03803356431675261
v -0.7076382666733356 -0.24725244229598306 -0.03803356431675261
v -0.7445667287116035 -0.2387054649917526 -0.046875
v -0.7234545347236141 -0.26174538176706896 -0.046875
v -0.7449600246667917 -0.23906585433610653 -0.04486364804101492
v -0.7238478306788023 -0.2621057711114229 -0.04486364804101492
v -0.7628984262716374 -0.2555033709386708 -0.046875
v -0.741786232283648 -0.2785432877139872 -0.046875
v -0.7625051303164492 -0.25514298159431686 -0.04486364804101492
v -0.7413929363284598 -0.2781828983696332 -0.04486364804101492
v -0.7798347064435398 -0.27102261243207815 -0.039738706172933146
v -0.7587225124555504 -0.2940625292073945 -0.039738706172933146
v -0.7787146943219159 -0.2699963104097567 -0.038033564316752644
v -0.7576025003339264 -0.29303622718507305 -0.038033564316752644
v -0.7927971740989007 -0.28290052563687784 -0.026552554563305703
v -0.7716849801109114 -0.3059404424121942 -0.026552554563305703
v -0.791120957503423 -0.28136455611603634 -0.025413215200383824
v -0.7700087635154337 -0.3044044728913527 -0.025413215200383824
v -0.7998124110422532 -0.2893288059411905 -0.0093240172209215
v -0.7787002170542638 -0.31236872271650684 -0.0093240172209215
v -0.797835178754642 -0.2875170063577786 -0.008923934441126064
v -0.7767229847666527 -0.31055692313309496 -0.008923934441126064
v -0.7998124110422532 -0.2893288059411905 0.00932401722092146
v -0.7787002170542638 -0.31236872271650684 0.00932401722092146
v -0.797835178754642 -0.2875170063577786 0.008923934441126026
v -0.7767229847666527 -0.31055692313309496 0.008923934441126026
v -0.7927971740989007 -0.28290052563687784 0.026552554563305672
v -0.7716849801109114 -0.30594044241219426 0.026552554563305672
v -0.791120957503423 -0.28136455611603634 0.0254132152003838
v -0.7700087635154337 -0.3044044728913527 0.0254132152003838
v -0.7798347064435398 -0.27102261243207815 0.039738706172933125
v -0.7587225124555504 -0.2940625292073945 0.039738706172933125
v -0.7787146943219159 -0.2699963104097567 0.03803356431675261
v -0.7576025003339265 -0.2930362271850731 0.03803356431675261
v -0.7628984262716374 -0.2555033709386708 0.046874999999999986
v -0.741786232283648 -0.2785432877139872 0.046874999999999986
v -0.7625051303164492 -0.2551429815943169 0.04486364804101492
v -0.7413929363284598 -0.2781828983696333 0.04486364804101492
v -0.7445667287116035 -0.2387054649917526 0.046875
v -0.7234545347236141 -0.26174538176706896 0.046875
v -0.7449600246667917 -0.23906585433610653 0.04486364804101492
v -0.7238478306788023 -0.2621057711114229 0.04486364804101492
v -0.727630448539701 -0.22318622349834527 0.039738706172933146
v -0.7065182545517117 -0.24622614027366166 0.039738706172933146
v -0.7287504606613251 -0.22421252552066673 0.038033564316752644
v -0.7076382666733356 -0.2472524422959831 0.038033564316752644
v -0.7146679808843402 -0.21130831029354555 0.026552554563305703
v -0.6935557868963508 -0.23434822706886194 0.026552554563305703
v -0.7163441974798178 -0.21284427981438708 0.025413215200383824
v -0.6952320034918285 -0.23588419658970347 0.025413215200383824
v -0.7076527439409876 -0.20488002998923294 0.009324017220921505
v -0.6865405499529983 -0.22791994676454932 0.009324017220921505
v -0.7096299762285988 -0.20669182957264481 0.008923934441126068
v -0.6885177822406094 -0.22973174634796117 0.008923934441126068
vt 0.09945625 1
vt 0.09945625 0.75
vt 0 0.75
vt 0 1
vt 0 0.75
vt 0 1
vt 0.0951875 1
vt 0.0951875 0.75
vt 0.010726279727053867 0.9005452143418925
vt 5.551115123125783e-16 0.9026780146793606
vt 5.551115123125783e-16 0.9978666893684354
vt 0.010728336702654107 1
vt 0.09732220718886293 0.9999980312583259
vt 0.0994547856793792 0.989271707421881
vt 0 0.989271707421881
vt 0.0021335325201474534 1
vt 0.09945625 1
vt 0.09945625 0.75
vt 0 0.75
vt 0 1
vt 0 0.75
vt 0 1
vt 0.0951875 1
vt 0.0951875 0.75
vt 0.010725925987123686 0.9005410118087297
vt 2.7755575615628914e-16 0.9026755904044366
vt 2.220446049250313e-16 0.9978654214042931
vt 0.010725925987123686 1
vt 0.09732440959556345 0.9999999999999998
vt 0.09945898819127032 0.9892740740128763
vt 0 0.9892740740128763
vt 0.0021345785957068986 0.9999999999999998
vt 0.09945625 1
vt 0.09945625 0.75
vt 0 0.75
vt 0 1
vt 0 0.75
vt 0 1
vt 0.0951875 1
vt 0.0951875 0.75
vt 0.010728336702654107 0.9005452143418925
vt 5.551115123125783e-16 0.9026785249734571
vt 5.551115123125783e-16 0.9978671996625319
vt 0.010726279727053867 1
vt 0.09732125315923176 1
vt 0.09945478567937921 0.989271707421881
vt 0 0.989271707421881
vt 0.0021325784905162765 0.999998031258326
vt 0.09945625 1
vt 0.09945625 0.75
vt 0 0.75
vt 0 1
vt 0 0.75
vt 0 1
vt 0.0951875 1
vt 0.0951875 0.75
vt 0.010728125000000005 0.90054375
vt 0 0.902678125
vt 0 0.997865625
vt 0.010728125000000005 1
vt 0 0.997865625
vt 0.010728125000000005 1
vt 0.010728125000000005 0.90054375
vt 0 0.902678125
vt 0.09945625 1
vt 0.09945625 0.75
vt 0 0.75
vt 0 1
vt 0 0.75
vt 0 1
vt 0.0951875 1
vt 0.0951875 0.75
vt 0 0.9892737202729461
vt 0.002132800337468113 0.9999999999999994
vt 0.09732147502654287 0.9999999999999994
vt 0.09945478565810749 0.989271663297346
vt 0.0000019687416740465924 0.9978674215094837
vt 0.010728292578118998 1
vt 0.010728292578118998 0.9005452143206207
vt 0 0.9026787468407682
vt 0.09945625 1
vt 0.09945625 0.75
vt 0 0.75
vt 0 1
vt 0 0.75
vt 0 1
vt 0.0951875 1
vt 0.0951875 0.75
vt 0 0.9892740740128763
vt 0.0021345785957068986 0.9999999999999998
vt 0.09732440959556345 0.9999999999999998
vt 0.09945898819127032 0.9892740740128763
vt 2.220446049250313e-16 0.9978654214042931
vt 0.010725925987123686 1
vt 0.010725925987123686 0.9005410118087297
vt 2.7755575615628914e-16 0.9026755904044366
vt 0.09945625 1
vt 0.09945625 0.75
vt 0 0.75
vt 0 1
vt 0 0.75
vt 0 1
vt 0.0951875 1
vt 0.0951875 0.75
vt 0 0.989271663297346
vt 0.0021333106315646264 0.9999999999999994
vt 0.09732198532063939 0.9999999999999994
vt 0.09945478565810748 0.9892737202729461
vt 0 0.9978664674798525
vt 0.010728292578119025 1
vt 0.010728292578119025 0.9005452143206208
vt 0.000001968741674129859 0.902677792811137
vt 0.09945625 1
vt 0.09945625 0.75
vt 0 0.75
vt 0 1
vt 0 0.75
vt 0 1
vt 0.0951875 1
vt 0.0951875 0.75
vt 0 0.989271875
vt 0.002134375000000001 1
vt 0.097321875 1
vt 0.09945625 0.989271875
vt 0.002134375000000001 0.989271875
vt 0 1
vt 0.09945625 1
vt 0.097321875 0.989271875
vt 0.09945625 1
vt 0.09945625 0.75
vt 0 0.75
vt 0 1
vt 0 0.75
vt 0 1
vt 0.0951875 1
vt 0.0951875 0.75
vt 0.0000020569756015165197 1
vt 0.010728336702654856 0.9978671996625319
vt 0.010728336702654856 0.9026785249734571
vt 1.27675647831893e-15 0.9005452143418925
vt 0.0021325784905162765 0.9892736761635542
vt 0 0.9999999999999991
vt 0.0994547856793792 0.9999999999999992
vt 0.09732125315923175 0.9892717074218802
vt 0.09945625 1
vt 0.09945625 0.75
vt 0 0.75
vt 0 1
vt 0 0.75
vt 0 1
vt 0.0951875 1
vt 0.0951875 0.75
vt 4.996003610813204e-16 1
vt 0.010725925987123908 0.9978654214042931
vt 0.010725925987123935 0.9026755904044366
vt 4.996003610813204e-16 0.9005410118087297
vt 0.002134578595706871 0.989274074012876
vt 0 0.9999999999999996
vt 0.09945898819127032 0.9999999999999996
vt 0.09732440959556342 0.989274074012876
vt 0.09945625 1
vt 0.09945625 0.75
vt 0 0.75
vt 0 1
vt 0 0.75
vt 0 1
vt 0.0951875 1
vt 0.0951875 0.75
vt 1.27675647831893e-15 1
vt 0.010728336702654828 0.9978666893684354
vt 0.010728336702654828 0.9026780146793606
vt 0.0000020569756015165197 0.9005452143418925
vt 0.0021335325201474464 0.9892717074218802
vt 0 0.9999999999999992
vt 0.09945478567937921 0.9999999999999992
vt 0.09732220718886293 0.9892736761635543
vt 0.09945625 1
vt 0.09945625 0.75
vt 0 0.75
vt 0 1
vt 0 0.75
vt 0 1
vt 0.0951875 1
vt 0.0951875 0.75
vt 0 1
vt 0.010728125000000005 0.997865625
vt 0.010728125000000005 0.902678125
vt 0 0.90054375
vt 0.010728125000000005 0.902678125
vt 0 0.90054375
vt 0 1
vt 0.010728125000000005 0.997865625
vt 0.09945625 1
vt 0.09945625 0.75
vt 0 0.75
vt 0 1
vt 0 0.75
vt 0 1
vt 0.0951875 1
vt 0.0951875 0.75
vt 0.09945478565810749 0.9999979430243984
vt 0.09732198532063938 0.9892716632973451
vt 0.0021333106315646194 0.9892716632973452
vt 0 0.9999999999999988
vt 0.010726323836445756 0.9026777928111371
vt 8.326672684688674e-16 0.9005452143206208
vt 7.771561172376096e-16 1
vt 0.010728292578119775 0.9978664674798525
vt 0.09945625 1
vt 0.09945625 0.75
vt 0 0.75
vt 0 1
vt 0 0.75
vt 0 1
vt 0.0951875 1
vt 0.0951875 0.75
vt 0.09945898819127032 0.9999999999999996
vt 0.09732440959556342 0.989274074012876
vt 0.002134578595706871 0.989274074012876
vt 0 0.9999999999999996
vt 0.010725925987123935 0.9026755904044366
vt 4.996003610813204e-16 0.9005410118087297
vt 4.996003610813204e-16 1
vt 0.010725925987123908 0.9978654214042931
vt 0.09945625 1
vt 0.09945625 0.75
vt 0 0.75
vt 0 1
vt 0 0.75
vt 0 1
vt 0.0951875 1
vt 0.0951875 0.75
vt 0.09945478565810748 0.9999999999999987
vt 0.09732147502654284 0.9892716632973452
vt 0.0021328003374680854 0.9892716632973452
vt 0 0.9999979430243985
vt 0.010728292578119775 0.9026787468407682
vt 7.771561172376096e-16 0.9005452143206207
vt 7.771561172376096e-16 1
vt 0.010726323836445728 0.9978674215094837
vt 0.09945625 1
vt 0.09945625 0.75
vt 0 0.75
vt 0 1
vt 0 0.75
vt 0 1
vt 0.0951875 1
vt 0.0951875 0.75
vt 0.09945625 1
vt 0.097321875 0.989271875
vt 0.002134375000000001 0.989271875
vt 0 1
vt 0.097321875 1
vt 0.09945625 0.989271875
vt 0 0.989271875
vt 0.002134375000000001 1
vn 0.6453904865342265 0.5913914222255836 -0.4834535195953343
vn -0.6453904865342265 -0.5913914222255836 0.483453519595334
vn -0.6755902076156601 0.7372773368101242 0
vn 0.6755902076156601 -0.7372773368101242 0
vn 0.44236640208607486 0.4053541245693964 -0.7999999999999996
vn -0.44236640208607475 -0.40535412456939635 0.7999999999999997
vn -0.6755902076156601 0.7372773368101242 0
vn 0.6755902076156601 -0.7372773368101242 0
vn 0.21873093782776165 0.2004299770536448 -0.9549788485276851
vn -0.21873093782776173 -0.20042997705364488 0.9549788485276851
vn -0.6755902076156601 0.7372773368101242 0
vn 0.6755902076156601 -0.7372773368101242 0
vn 1.6370845497218327e-16 1.5001116074123913e-16 -1
vn -1.6370845497218327e-16 -1.5001116074123913e-16 1
vn -0.6755902076156601 0.7372773368101242 0
vn 0.6755902076156601 -0.7372773368101242 0
vn -0.21873093782776126 -0.20042997705364446 -0.9549788485276852
vn 0.2187309378277609 0.20042997705364413 0.9549788485276854
vn -0.6755902076156601 0.7372773368101242 0
vn 0.6755902076156601 -0.7372773368101242 0
vn -0.44236640208607425 -0.4053541245693958 -0.8000000000000003
vn 0.4423664020860744 0.40535412456939596 0.8
vn -0.6755902076156601 0.7372773368101242 0
vn 0.6755902076156601 -0.7372773368101242 0
vn -0.6453904865342261 -0.5913914222255833 -0.4834535195953347
vn 0.6453904865342264 0.5913914222255835 0.4834535195953344
vn -0.6755902076156601 0.7372773368101242 0
vn 0.6755902076156601 -0.7372773368101242 0
vn -0.7372773368101242 -0.6755902076156601 -2.220446049250313e-16
vn 0.7372773368101242 0.6755902076156601 2.220446049250313e-16
vn -0.6755902076156601 0.7372773368101242 0
vn 0.6755902076156601 -0.7372773368101242 0
vn -0.6453904865342265 -0.5913914222255836 0.48345351959533406
vn 0.6453904865342268 0.5913914222255839 -0.48345351959533345
vn -0.6755902076156601 0.7372773368101242 0
vn 0.6755902076156601 -0.7372773368101242 0
vn -0.44236640208607464 -0.4053541245693962 0.7999999999999999
vn 0.4423664020860743 0.4053541245693959 -0.8000000000000003
vn -0.6755902076156601 0.7372773368101242 0
vn 0.6755902076156601 -0.7372773368101242 0
vn -0.21873093782776157 -0.2004299770536447 0.9549788485276851
vn 0.21873093782776207 0.20042997705364518 -0.9549788485276851
vn -0.6755902076156601 0.7372773368101242 0
vn 0.6755902076156601 -0.7372773368101242 0
vn -5.752174454104644e-16 -5.270896770682738e-16 1
vn 1.6370845497218327e-16 1.5001116074123913e-16 -1
vn -0.6755902076156601 0.7372773368101242 0
vn 0.6755902076156601 -0.7372773368101242 0
vn 0.2187309378277614 0.2004299770536446 0.9549788485276852
vn -0.21873093782776104 -0.20042997705364424 -0.9549788485276854
vn -0.6755902076156601 0.7372773368101242 0
vn 0.6755902076156601 -0.7372773368101242 0
vn 0.44236640208607425 0.4053541245693958 0.8000000000000003
vn -0.44236640208607453 -0.4053541245693961 -0.7999999999999999
vn -0.6755902076156601 0.7372773368101242 0
vn 0.6755902076156601 -0.7372773368101242 0
vn 0.6453904865342261 0.5913914222255833 0.48345351959533467
vn -0.6453904865342261 -0.5913914222255833 -0.483453519595335
vn -0.6755902076156601 0.7372773368101242 0
vn 0.6755902076156601 -0.7372773368101242 0
vn 0.7372773368101242 0.6755902076156601 9.662403458270915e-16
vn -0.7372773368101242 -0.6755902076156601 -2.220446049250313e-16
vn -0.6755902076156601 0.7372773368101242 0
vn 0.6755902076156601 -0.7372773368101242 0
usemtl none
f 1030/4097/1025 1029/4098/1025 1025/4099/1025 1026/4100/1025
f 1031/4101/1026 1032/4102/1026 1028/4103/1026 1027/4104/1026
f 1029/4105/1027 1031/4106/1027 1027/4107/1027 1025/4108/1027
f 1032/4109/1028 1030/4110/1028 1026/4111/1028 1028/4112/1028
f 1034/4113/1029 1033/4114/1029 1029/4115/1029 1030/4116/1029
f 1035/4117/1030 1036/4118/1030 1032/4119/1030 1031/4120/1030
f 1033/4121/1031 1035/4122/1031 1031/4123/1031 1029/4124/1031
f 1036/4125/1032 1034/4126/1032 1030/4127/1032 1032/4128/1032
f 1038/4129/1033 1037/4130/1033 1033/4131/1033 1034/4132/1033
f 1039/4133/1034 1040/4134/1034 1036/4135/1034 1035/4136/1034
f 1037/4137/1035 1039/4138/1035 1035/4139/1035 1033/4140/1035
f 1040/4141/1036 1038/4142/1036 1034/4143/1036 1036/4144/1036
f 1042/4145/1037 1041/4146/1037 1037/4147/1037 1038/4148/1037
f 1043/4149/1038 1044/4150/1038 1040/4151/1038 1039/4152/1038
f 1041/4153/1039 1043/4154/1039 1039/4155/1039 1037/4156/1039
f 1044/4157/1040 1042/4158/1040 1038/4159/1040 1040/4160/1040
f 1046/4161/1041 1045/4162/1041 1041/4163/1041 1042/4164/1041
f 1047/4165/1042 1048/4166/1042 1044/4167/1042 1043/4168/1042
f 1045/4169/1043 1047/4170/1043 1043/4171/1043 1041/4172/1043
f 1048/4173/1044 1046/4174/1044 1042/4175/1044 1044/4176/1044
f 1050/4177/1045 1049/4178/1045 1045/4179/1045 1046/4180/1045
f 1051/4181/1046 1052/4182/1046 1048/4183/1046 1047/4184/1046
f 1049/4185/1047 1051/4186/1047 1047/4187/1047 1045/4188/1047
f 1052/4189/1048 1050/4190/1048 1046/4191/1048 1048/4192/1048
f 1054/4193/1049 1053/4194/1049 1049/4195/1049 1050/4196/1049
f 1055/4197/1050 1056/4198/1050 1052/4199/1050 1051/4200/1050
f 1053/4201/1051 1055/4202/1051 1051/4203/1051 1049/4204/1051
f 1056/4205/1052 1054/4206/1052 1050/4207/1052 1052/4208/1052
f 1058/4209/1053 1057/4210/1053 1053/4211/1053 1054/4212/1053
f 1059/4213/1054 1060/4214/1054 1056/4215/1054 1055/4216/1054
f 1057/4217/1055 1059/4218/1055 1055/4219/1055 1053/4220/1055
f 1060/4221/1056 1058/4222/1056 1054/4223/1056 1056/4224/1056
f 1062/4225/1057 1061/4226/1057 1057/4227/1057 1058/4228/1057
f 1063/4229/1058 1064/4230/1058 1060/4231/1058 1059/4232/1058
f 1061/4233/1059 1063/4234/1059 1059/4235/1059 1057/4236/1059
f 1064/4237/1060 1062/4238/1060 1058/4239/1060 1060/4240/1060
f 1066/4241/1061 1065/4242/1061 1061/4243/1061 1062/4244/1061
f 1067/4245/1062 1068/4246/1062 1064/4247/1062 1063/4248/1062
f 1065/4249/1063 1067/4250/1063 1063/4251/1063 1061/4252/1063
f 1068/4253/1064 1066/4254/1064 1062/4255/1064 1064/4256/1064
f 1070/4257/1065 1069/4258/1065 1065/4259/1065 1066/4260/1065
f 1071/4261/1066 1072/4262/1066 1068/4263/1066 1067/4264/1066
f 1069/4265/1067 1071/4266/1067 1067/4267/1067 1065/4268/1067
f 1072/4269/1068 1070/4270/1068 1066/4271/1068 1068/4272/1068
f 1074/4273/1069 1073/4274/1069 1069/4275/1069 1070/4276/1069
f 1075/4277/1070 1076/4278/1070 1072/4279/1070 1071/4280/1070
f 1073/4281/1071 1075/4282/1071 1071/4283/1071 1069/4284/1071
f 1076/4285/1072 1074/4286/1072 1070/4287/1072 1072/4288/1072
f 1078/4289/1073 1077/4290/1073 1073/4291/1073 1074/4292/1073
f 1079/4293/1074 1080/4294/1074 1076/4295/1074 1075/4296/1074
f 1077/4297/1075 1079/4298/1075 1075/4299/1075 1073/4300/1075
f 1080/4301/1076 1078/4302/1076 1074/4303/1076 1076/4304/1076
f 1082/4305/1077 1081/4306/1077 1077/4307/1077 1078/4308/1077
f 1083/4309/1078 1084/4310/1078 1080/4311/1078 1079/4312/1078
f 1081/4313/1079 1083/4314/1079 1079/4315/1079 1077/4316/1079
f 1084/4317/1080 1082/4318/1080 1078/4319/1080 1080/4320/1080
f 1086/4321/1081 1085/4322/1081 1081/4323/1081 1082/4324/1081
f 1087/4325/1082 1088/4326/1082 1084/4327/1082 1083/4328/1082
f 1085/4329/1083 1087/4330/1083 1083/4331/1083 1081/4332/1083
f 1088/4333/1084 1086/4334/1084 1082/4335/1084 1084/4336/1084
f 1026/4337/1085 1025/4338/1085 1085/4339/1085 1086/4340/1085
f 1027/4341/1086 1028/4342/1086 1088/4343/1086 1087/4344/1086
f 1025/4345/1087 1027/4346/1087 1087/4347/1087 1085/4348/1087
f 1028/4349/1088 1026/4350/1088 1086/4351/1088 1088/4352/1088
o tube
v -0.5463733265137729 -0.05709467207330729 -0.009324017220921452
v -0.5252611325257835 -0.08013458884862368 -0.009324017220921452
v -0.5483505588013841 -0.05890647165671915 -0.008923934441126019
v -0.5272383648133947 -0.08194638843203553 -0.008923934441126019
v -0.5533885634571254 -0.0635229523776199 -0.026552554563305682
v -0.532276369469136 -0.08656286915293629 -0.026552554563305682
v -0.5550647800526031 -0.06505892189846144 -0.025413215200383803
v -0.5339525860646137 -0.08809883867377781 -0.025413215200383803
v -0.5663510311124863 -0.0754008655824196 -0.039738706172933125
v -0.545238837124497 -0.09844078235773597 -0.039738706172933125
v -0.5674710432341102 -0.07642716760474104 -0.03803356431675261
v -0.5463588492461209 -0.09946708438005741 -0.03803356431675261
v -0.5832873112843887 -0.09092010707582694 -0.046875
v -0.5621751172963994 -0.11396002385114332 -0.046875
v -0.5836806072395769 -0.09128049642018088 -0.04486364804101492
v -0.5625684132515876 -0.11432041319549725 -0.04486364804101492
v -0.6016190088444227 -0.10771801302274514 -0.046875
v -0.5805068148564333 -0.13075792979806153 -0.046875
v -0.6012257128892344 -0.10735762367839122 -0.04486364804101492
v -0.5801135189012451 -0.1303975404537076 -0.04486364804101492
v -0.6185552890163251 -0.12323725451615249 -0.039738706172933146
v -0.5974430950283357 -0.14627717129146886 -0.039738706172933146
v -0.6174352768947011 -0.12221095249383104 -0.038033564316752644
v -0.5963230829067117 -0.14525086926914743 -0.038033564316752644
v -0.631517756671686 -0.1351151677209522 -0.026552554563305703
v -0.6104055626836966 -0.15815508449626858 -0.026552554563305703
v -0.6298415400762083 -0.13357919820011066 -0.025413215200383824
v -0.6087293460882189 -0.15661911497542705 -0.025413215200383824
v -0.6385329936150385 -0.1415434480252648 -0.0093240172209215
v -0.6174207996270491 -0.1645833648005812 -0.0093240172209215
v -0.6365557613274273 -0.13973164844185293 -0.008923934441126064
v -0.615443567339438 -0.16277156521716932 -0.008923934441126064
v -0.6385329936150385 -0.1415434480252648 0.00932401722092146
v -0.6174207996270491 -0.1645833648005812 0.00932401722092146
v -0.6365557613274273 -0.13973164844185296 0.008923934441126026
v -0.615443567339438 -0.16277156521716935 0.008923934441126026
v -0.631517756671686 -0.13511516772095222 0.026552554563305672
v -0.6104055626836966 -0.15815508449626858 0.026552554563305672
v -0.6298415400762083 -0.1335791982001107 0.0254132152003838
v -0.6087293460882189 -0.15661911497542708 0.0254132152003838
v -0.6185552890163251 -0.1232372545161525 0.039738706172933125
v -0.5974430950283357 -0.1462771712914689 0.039738706172933125
v -0.6174352768947011 -0.12221095249383106 0.03803356431675261
v -0.5963230829067118 -0.14525086926914743 0.03803356431675261
v -0.6016190088444227 -0.10771801302274517 0.046874999999999986
v -0.5805068148564333 -0.13075792979806156 0.046874999999999986
v -0.6012257128892344 -0.10735762367839125 0.04486364804101492
v -0.5801135189012451 -0.13039754045370763 0.04486364804101492
v -0.5832873112843887 -0.09092010707582696 0.046875
v -0.5621751172963994 -0.11396002385114334 0.046875
v -0.5836806072395769 -0.09128049642018088 0.04486364804101492
v -0.5625684132515876 -0.11432041319549727 0.04486364804101492
v -0.5663510311124863 -0.07540086558241962 0.039738706172933146
v -0.545238837124497 -0.098440782357736 0.039738706172933146
v -0.5674710432341104 -0.07642716760474107 0.038033564316752644
v -0.5463588492461209 -0.09946708438005744 0.038033564316752644
v -0.5533885634571255 -0.0635229523776199 0.026552554563305703
v -0.532276369469136 -0.08656286915293629 0.026552554563305703
v -0.5550647800526031 -0.06505892189846144 0.025413215200383824
v -0.5339525860646137 -0.08809883867377782 0.025413215200383824
v -0.5463733265137729 -0.057094672073307304 0.009324017220921505
v -0.5252611325257835 -0.08013458884862368 0.009324017220921505
v -0.5483505588013841 -0.05890647165671916 0.008923934441126068
v -0.5272383648133947 -0.08194638843203554 0.008923934441126068
vt 0.09945625 1
vt 0.09945625 0.75
vt 0 0.75
vt 0 1
vt 0 0.75
vt 0 1
vt 0.0951875 1
vt 0.0951875 0.75
vt 0.010726279727053867 0.9005452143418925
vt 5.551115123125783e-16 0.9026780146793606
vt 5.551115123125783e-16 0.9978666893684354
vt 0.010728336702654107 1
vt 0.09732220718886293 0.9999980312583259
vt 0.0994547856793792 0.989271707421881
vt 0 0.989271707421881
vt 0.0021335325201474534 1
vt 0.09945625 1
vt 0.09945625 0.75
vt 0 0.75
vt 0 1
vt 0 0.75
vt 0 1
vt 0.0951875 1
vt 0.0951875 0.75
vt 0.010725925987123686 0.9005410118087297
vt 2.7755575615628914e-16 0.9026755904044366
vt 2.220446049250313e-16 0.9978654214042931
vt 0.010725925987123686 1
vt 0.09732440959556345 0.9999999999999998
vt 0.09945898819127032 0.9892740740128763
vt 0 0.9892740740128763
vt 0.0021345785957068986 0.9999999999999998
vt 0.09945625 1
vt 0.09945625 0.75
vt 0 0.75
vt 0 1
vt 0 0.75
vt 0 1
vt 0.0951875 1
vt 0.0951875 0.75
vt 0.010728336702654107 0.9005452143418925
vt 5.551115123125783e-16 0.9026785249734571
vt 5.551115123125783e-16 0.9978671996625319
vt 0.010726279727053867 1
vt 0.09732125315923176 1
vt 0.09945478567937921 0.989271707421881
vt 0 0.989271707421881
vt 0.0021325784905162765 0.999998031258326
vt 0.09945625 1
vt 0.09945625 0.75
vt 0 0.75
vt 0 1
vt 0 0.75
vt 0 1
vt 0.0951875 1
vt 0.0951875 0.75
vt 0.010728125000000005 0.90054375
vt 0 0.902678125
vt 0 0.997865625
vt 0.010728125000000005 1
vt 0 0.997865625
vt 0.010728125000000005 1
vt 0.010728125000000005 0.90054375
vt 0 0.902678125
vt 0.09945625 1
vt 0.09945625 0.75
vt 0 0.75
vt 0 1
vt 0 0.75
vt 0 1
vt 0.0951875 1
vt 0.0951875 0.75
vt 0 0.9892737202729461
vt 0.002132800337468113 0.9999999999999994
vt 0.09732147502654287 0.9999999999999994
vt 0.09945478565810749 0.989271663297346
vt 0.0000019687416740465924 0.9978674215094837
vt 0.010728292578118998 1
vt 0.010728292578118998 0.9005452143206207
vt 0 0.9026787468407682
vt 0.09945625 1
vt 0.09945625 0.75
vt 0 0.75
vt 0 1
vt 0 0.75
vt 0 1
vt 0.0951875 1
vt 0.0951875 0.75
vt 0 0.9892740740128763
vt 0.0021345785957068986 0.9999999999999998
vt 0.09732440959556345 0.9999999999999998
vt 0.09945898819127032 0.9892740740128763
vt 2.220446049250313e-16 0.9978654214042931
vt 0.010725925987123686 1
vt 0.010725925987123686 0.9005410118087297
vt 2.7755575615628914e-16 0.9026755904044366
vt 0.09945625 1
vt 0.09945625 0.75
vt 0 0.75
vt 0 1
vt 0 0.75
vt 0 1
vt 0.0951875 1
vt 0.0951875 0.75
vt 0 0.989271663297346
vt 0.0021333106315646264 0.9999999999999994
vt 0.09732198532063939 0.9999999999999994
vt 0.09945478565810748 0.9892737202729461
vt 0 0.9978664674798525
vt 0.010728292578119025 1
vt 0.010728292578119025 0.9005452143206208
vt 0.000001968741674129859 0.902677792811137
vt 0.09945625 1
vt 0.09945625 0.75
vt 0 0.75
vt 0 1
vt 0 0.75
vt 0 1
vt 0.0951875 1
vt 0.0951875 0.75
vt 0 0.989271875
vt 0.002134375000000001 1
vt 0.097321875 1
vt 0.09945625 0.989271875
vt 0.002134375000000001 0.989271875
vt 0 1
vt 0.09945625 1
vt 0.097321875 0.989271875
vt 0.09945625 1
vt 0.09945625 0.75
vt 0 0.75
vt 0 1
vt 0 0.75
vt 0 1
vt 0.0951875 1
vt 0.0951875 0.75
vt 0.0000020569756015165197 1
vt 0.010728336702654856 0.9978671996625319
vt 0.010728336702654856 0.9026785249734571
vt 1.27675647831893e-15 0.9005452143418925
vt 0.0021325784905162765 0.9892736761635542
vt 0 0.9999999999999991
vt 0.0994547856793792 0.9999999999999992
vt 0.09732125315923175 0.9892717074218802
vt 0.09945625 1
vt 0.09945625 0.75
vt 0 0.75
vt 0 1
vt 0 0.75
vt 0 1
vt 0.0951875 1
vt 0.0951875 0.75
vt 4.996003610813204e-16 1
vt 0.010725925987123908 0.9978654214042931
vt 0.010725925987123935 0.9026755904044366
vt 4.996003610813204e-16 0.9005410118087297
vt 0.002134578595706871 0.989274074012876
vt 0 0.9999999999999996
vt 0.09945898819127032 0.9999999999999996
vt 0.09732440959556342 0.989274074012876
vt 0.09945625 1
vt 0.09945625 0.75
vt 0 0.75
vt 0 1
vt 0 0.75
vt 0 1
vt 0.0951875 1
vt 0.0951875 0.75
vt 1.27675647831893e-15 1
vt 0.010728336702654828 0.9978666893684354
vt 0.010728336702654828 0.9026780146793606
vt 0.0000020569756015165197 0.9005452143418925
vt 0.0021335325201474464 0.9892717074218802
vt 0 0.9999999999999992
vt 0.09945478567937921 0.9999999999999992
vt 0.09732220718886293 0.9892736761635543
vt 0.09945625 1
vt 0.09945625 0.75
vt 0 0.75
vt 0 1
vt 0 0.75
vt 0 1
vt 0.0951875 1
vt 0.0951875 0.75
vt 0 1
vt 0.010728125000000005 0.997865625
vt 0.010728125000000005 0.902678125
vt 0 0.90054375
vt 0.010728125000000005 0.902678125
vt 0 0.90054375
vt 0 1
vt 0.010728125000000005 0.997865625
vt 0.09945625 1
vt 0.09945625 0.75
vt 0 0.75
vt 0 1
vt 0 0.75
vt 0 1
vt 0.0951875 1
vt 0.0951875 0.75
vt 0.09945478565810749 0.9999979430243984
vt 0.09732198532063938 0.9892716632973451
vt 0.0021333106315646194 0.9892716632973452
vt 0 0.9999999999999988
vt 0.010726323836445756 0.9026777928111371
vt 8.326672684688674e-16 0.9005452143206208
vt 7.771561172376096e-16 1
vt 0.010728292578119775 0.9978664674798525
vt 0.09945625 1
vt 0.09945625 0.75
vt 0 0.75
vt 0 1
vt 0 0.75
vt 0 1
vt 0.0951875 1
vt 0.0951875 0.75
vt 0.09945898819127032 0.9999999999999996
vt 0.09732440959556342 0.989274074012876
vt 0.002134578595706871 0.989274074012876
vt 0 0.9999999999999996
vt 0.010725925987123935 0.9026755904044366
vt 4.996003610813204e-16 0.9005410118087297
vt 4.996003610813204e-16 1
vt 0.010725925987123908 0.9978654214042931
vt 0.09945625 1
vt 0.09945625 0.75
vt 0 0.75
vt 0 1
vt 0 0.75
vt 0 1
vt 0.0951875 1
vt 0.0951875 0.75
vt 0.09945478565810748 0.9999999999999987
vt 0.09732147502654284 0.9892716632973452
vt 0.0021328003374680854 0.9892716632973452
vt 0 0.9999979430243985
vt 0.010728292578119775 0.9026787468407682
vt 7.771561172376096e-16 0.9005452143206207
vt 7.771561172376096e-16 1
vt 0.010726323836445728 0.9978674215094837
vt 0.09945625 1
vt 0.09945625 0.75
vt 0 0.75
vt 0 1
vt 0 0.75
vt 0 1
vt 0.0951875 1
vt 0.0951875 0.75
vt 0.09945625 1
vt 0.097321875 0.989271875
vt 0.002134375000000001 0.989271875
vt 0 1
vt 0.097321875 1
vt 0.09945625 0.989271875
vt 0 0.989271875
vt 0.002134375000000001 1
vn 0.6453904865342265 0.5913914222255836 -0.4834535195953343
vn -0.6453904865342265 -0.5913914222255836 0.483453519595334
vn -0.6755902076156601 0.7372773368101242 0
vn 0.6755902076156601 -0.7372773368101242 0
vn 0.44236640208607486 0.4053541245693964 -0.7999999999999996
vn -0.44236640208607475 -0.40535412456939635 0.7999999999999997
vn -0.6755902076156601 0.7372773368101242 0
vn 0.6755902076156601 -0.7372773368101242 0
vn 0.21873093782776165 0.2004299770536448 -0.9549788485276851
vn -0.21873093782776173 -0.20042997705364488 0.9549788485276851
vn -0.6755902076156601 0.7372773368101242 0
vn 0.6755902076156601 -0.7372773368101242 0
vn 1.6370845497218327e-16 1.5001116074123913e-16 -1
vn -1.6370845497218327e-16 -1.5001116074123913e-16 1
vn -0.6755902076156601 0.7372773368101242 0
vn 0.6755902076156601 -0.7372773368101242 0
vn -0.21873093782776126 -0.20042997705364446 -0.9549788485276852
vn 0.2187309378277609 0.20042997705364413 0.9549788485276854
vn -0.6755902076156601 0.7372773368101242 0
vn 0.6755902076156601 -0.7372773368101242 0
vn -0.44236640208607425 -0.4053541245693958 -0.8000000000000003
vn 0.4423664020860744 0.40535412456939596 0.8
vn -0.6755902076156601 0.7372773368101242 0
vn 0.6755902076156601 -0.7372773368101242 0
vn -0.6453904865342261 -0.5913914222255833 -0.4834535195953347
vn 0.6453904865342264 0.5913914222255835 0.4834535195953344
vn -0.6755902076156601 0.7372773368101242 0
vn 0.6755902076156601 -0.7372773368101242 0
vn -0.7372773368101242 -0.6755902076156601 -2.220446049250313e-16
vn 0.7372773368101242 0.6755902076156601 2.220446049250313e-16
vn -0.6755902076156601 0.7372773368101242 0
vn 0.6755902076156601 -0.7372773368101242 0
vn -0.6453904865342265 -0.5913914222255836 0.48345351959533406
vn 0.6453904865342268 0.5913914222255839 -0.48345351959533345
vn -0.6755902076156601 0.7372773368101242 0
vn 0.6755902076156601 -0.7372773368101242 0
vn -0.44236640208607464 -0.4053541245693962 0.7999999999999999
vn 0.4423664020860743 0.4053541245693959 -0.8000000000000003
vn -0.6755902076156601 0.7372773368101242 0
vn 0.6755902076156601 -0.7372773368101242 0
vn -0.21873093782776157 -0.2004299770536447 0.9549788485276851
vn 0.21873093782776207 0.20042997705364518 -0.9549788485276851
vn -0.6755902076156601 0.7372773368101242 0
vn 0.6755902076156601 -0.7372773368101242 0
vn -5.752174454104644e-16 -5.270896770682738e-16 1
vn 1.6370845497218327e-16 1.5001116074123913e-16 -1
vn -0.6755902076156601 0.7372773368101242 0
vn 0.6755902076156601 -0.7372773368101242 0
vn 0.2187309378277614 0.2004299770536446 0.9549788485276852
vn -0.21873093782776104 -0.20042997705364424 -0.9549788485276854
vn -0.6755902076156601 0.7372773368101242 0
vn 0.6755902076156601 -0.7372773368101242 0
vn 0.44236640208607425 0.4053541245693958 0.8000000000000003
vn -0.44236640208607453 -0.4053541245693961 -0.7999999999999999
vn -0.6755902076156601 0.7372773368101242 0
vn 0.6755902076156601 -0.7372773368101242 0
vn 0.6453904865342261 0.5913914222255833 0.48345351959533467
vn -0.6453904865342261 -0.5913914222255833 -0.483453519595335
vn -0.6755902076156601 0.7372773368101242 0
vn 0.6755902076156601 -0.7372773368101242 0
vn 0.7372773368101242 0.6755902076156601 9.662403458270915e-16
vn -0.7372773368101242 -0.6755902076156601 -2.220446049250313e-16
vn -0.6755902076156601 0.7372773368101242 0
vn 0.6755902076156601 -0.7372773368101242 0
usemtl none
f 1094/4353/1089 1093/4354/1089 1089/4355/1089 1090/4356/1089
f 1095/4357/1090 1096/4358/1090 1092/4359/1090 1091/4360/1090
f 1093/4361/1091 1095/4362/1091 1091/4363/1091 1089/4364/1091
f 1096/4365/1092 1094/4366/1092 1090/4367/1092 1092/4368/1092
f 1098/4369/1093 1097/4370/1093 1093/4371/1093 1094/4372/1093
f 1099/4373/1094 1100/4374/1094 1096/4375/1094 1095/4376/1094
f 1097/4377/1095 1099/4378/1095 1095/4379/1095 1093/4380/1095
f 1100/4381/1096 1098/4382/1096 1094/4383/1096 1096/4384/1096
f 1102/4385/1097 1101/4386/1097 1097/4387/1097 1098/4388/1097
f 1103/4389/1098 1104/4390/1098 1100/4391/1098 1099/4392/1098
f 1101/4393/1099 1103/4394/1099 1099/4395/1099 1097/4396/1099
f 1104/4397/1100 1102/4398/1100 1098/4399/1100 1100/4400/1100
f 1106/4401/1101 1105/4402/1101 1101/4403/1101 1102/4404/1101
f 1107/4405/1102 1108/4406/1102 1104/4407/1102 1103/4408/1102
f 1105/4409/1103 1107/4410/1103 1103/4411/1103 1101/4412/1103
f 1108/4413/1104 1106/4414/1104 1102/4415/1104 1104/4416/1104
f 1110/4417/1105 1109/4418/1105 1105/4419/1105 1106/4420/1105
f 1111/4421/1106 1112/4422/1106 1108/4423/1106 1107/4424/1106
f 1109/4425/1107 1111/4426/1107 1107/4427/1107 1105/4428/1107
f 1112/4429/1108 1110/4430/1108 1106/4431/1108 1108/4432/1108
f 1114/4433/1109 1113/4434/1109 1109/4435/1109 1110/4436/1109
f 1115/4437/1110 1116/4438/1110 1112/4439/1110 1111/4440/1110
f 1113/4441/1111 1115/4442/1111 1111/4443/1111 1109/4444/1111
f 1116/4445/1112 1114/4446/1112 1110/4447/1112 1112/4448/1112
f 1118/4449/1113 1117/4450/1113 1113/4451/1113 1114/4452/1113
f 1119/4453/1114 1120/4454/1114 1116/4455/1114 1115/4456/1114
f 1117/4457/1115 1119/4458/1115 1115/4459/1115 1113/4460/1115
f 1120/4461/1116 1118/4462/1116 1114/4463/1116 1116/4464/1116
f 1122/4465/1117 1121/4466/1117 1117/4467/1117 1118/4468/1117
f 1123/4469/1118 1124/4470/1118 1120/4471/1118 1119/4472/1118
f 1121/4473/1119 1123/4474/1119 1119/4475/1119 1117/4476/1119
f 1124/4477/1120 1122/4478/1120 1118/4479/1120 1120/4480/1120
f 1126/4481/1121 1125/4482/1121 1121/4483/1121 1122/4484/1121
f 1127/4485/1122 1128/4486/1122 1124/4487/1122 1123/4488/1122
f 1125/4489/1123 1127/4490/1123 1123/4491/1123 1121/4492/1123
f 1128/4493/1124 1126/4494/1124 1122/4495/1124 1124/4496/1124
f 1130/4497/1125 1129/4498/1125 1125/4499/1125 1126/4500/1125
f 1131/4501/1126 1132/4502/1126 1128/4503/1126 1127/4504/1126
f 1129/4505/1127 1131/4506/1127 1127/4507/1127 1125/4508/1127
f 1132/4509/1128 1130/4510/1128 1126/4511/1128 1128/4512/1128
f 1134/4513/1129 1133/4514/1129 1129/4515/1129 1130/4516/1129
f 1135/4517/1130 1136/4518/1130 1132/4519/1130 1131/4520/1130
f 1133/4521/1131 1135/4522/1131 1131/4523/1131 1129/4524/1131
f 1136/4525/1132 1134/4526/1132 1130/4527/1132 1132/4528/1132
f 1138/4529/1133 1137/4530/1133 1133/4531/1133 1134/4532/1133
f 1139/4533/1134 1140/4534/1134 1136/4535/1134 1135/4536/1134
f 1137/4537/1135 1139/4538/1135 1135/4539/1135 1133/4540/1135
f 1140/4541/1136 1138/4542/1136 1134/4543/1136 1136/4544/1136
f 1142/4545/1137 1141/4546/1137 1137/4547/1137 1138/4548/1137
f 1143/4549/1138 1144/4550/1138 1140/4551/1138 1139/4552/1138
f 1141/4553/1139 1143/4554/1139 1139/4555/1139 1137/4556/1139
f 1144/4557/1140 1142/4558/1140 1138/4559/1140 1140/4560/1140
f 1146/4561/1141 1145/4562/1141 1141/4563/1141 1142/4564/1141
f 1147/4565/1142 1148/4566/1142 1144/4567/1142 1143/4568/1142
f 1145/4569/1143 1147/4570/1143 1143/4571/1143 1141/4572/1143
f 1148/4573/1144 1146/4574/1144 1142/4575/1144 1144/4576/1144
f 1150/4577/1145 1149/4578/1145 1145/4579/1145 1146/4580/1145
f 1151/4581/1146 1152/4582/1146 1148/4583/1146 1147/4584/1146
f 1149/4585/1147 1151/4586/1147 1147/4587/1147 1145/4588/1147
f 1152/4589/1148 1150/4590/1148 1146/4591/1148 1148/4592/1148
f 1090/4593/1149 1089/4594/1149 1149/4595/1149 1150/4596/1149
f 1091/4597/1150 1092/4598/1150 1152/4599/1150 1151/4600/1150
f 1089/4601/1151 1091/4602/1151 1151/4603/1151 1149/4604/1151
f 1092/4605/1152 1090/4606/1152 1150/4607/1152 1152/4608/1152
o tube
v -0.4604232145948026 -0.06310726166849688 0.01562500000000001
v -0.4604232145948026 -0.06310726166849688 -0.01562499999999999
v -0.46217536023754974 -0.06198472679714247 0.01562500000000001
v -0.46217536023754974 -0.06198472679714247 -0.01562499999999999
v -0.44830814465113467 -0.04232659246757514 0.01562500000000001
v -0.44830814465113467 -0.04232659246757515 -0.015624999999999991
v -0.4505801339133898 -0.04209573204328834 0.015625000000000007
v -0.4505801339133898 -0.042095732043288356 -0.015624999999999991
v -0.4442541118993735 -0.020726828521254802 0.015625000000000007
v -0.4442541118993735 -0.020726828521254802 -0.015624999999999995
v -0.44670005501159227 -0.02142278895087835 0.015625000000000007
v -0.44670005501159227 -0.02142278895087835 -0.015624999999999995
v -0.44887830607607654 -0.0015963380880153685 0.015625000000000003
v -0.44887830607607654 -0.0015963380880153685 -0.015624999999999998
v -0.45112583037195314 -0.0031131657050360653 0.015625000000000003
v -0.45112583037195314 -0.0031131657050360653 -0.015624999999999998
v -0.46147673553626517 0.012152435082010062 0.015624999999999998
v -0.46147673553626517 0.012152435082010062 -0.015625000000000003
v -0.4631836758156109 0.010045663532207025 0.015624999999999998
v -0.4631836758156109 0.010045663532207025 -0.015625000000000003
v -0.4801314035996732 0.01842636490662427 0.015624999999999995
v -0.4801314035996732 0.01842636490662427 -0.015625000000000007
v -0.48103789367840977 0.016050386294564768 0.015624999999999995
v -0.48103789367840977 0.016050386294564768 -0.015625000000000007
v -0.5020023061586338 0.01627030244334523 0.015624999999999991
v -0.5020023061586338 0.016270302443345222 -0.01562500000000001
v -0.5019703411396267 0.013986837974415543 0.015624999999999991
v -0.5019703411396267 0.013986837974415536 -0.015625000000000007
v -0.5237597965587707 0.0060124886574522765 0.01562499999999999
v -0.5237597965587707 0.00601248865745227 -0.01562500000000001
v -0.5227942428264001 0.004169175097389996 0.01562499999999999
v -0.5227942428264001 0.004169175097389996 -0.01562500000000001
v -0.5420914941188046 -0.01078541728946595 0.01562499999999999
v -0.5420914941188046 -0.01078541728946595 -0.01562500000000001
v -0.5403393484760576 -0.01190795216082036 0.01562499999999999
v -0.5403393484760576 -0.011907952160820363 -0.01562500000000001
v -0.5542065640624726 -0.031566086490387654 0.015624999999999991
v -0.5542065640624726 -0.03156608649038767 -0.01562500000000001
v -0.5519345748002175 -0.03179694691467445 0.015624999999999991
v -0.5519345748002175 -0.031796946914674454 -0.015625000000000007
v -0.5582605968142337 -0.05316585043670803 0.015624999999999995
v -0.5582605968142337 -0.05316585043670803 -0.015625000000000007
v -0.555814653702015 -0.05246989000708448 0.015624999999999995
v -0.555814653702015 -0.05246989000708448 -0.015625000000000007
v -0.5536364026375307 -0.07229634086994743 0.015624999999999998
v -0.5536364026375307 -0.07229634086994743 -0.015625000000000003
v -0.5513888783416542 -0.07077951325292675 0.015624999999999998
v -0.5513888783416542 -0.07077951325292675 -0.015625000000000003
v -0.541037973177342 -0.08604511403997289 0.015625000000000003
v -0.541037973177342 -0.08604511403997289 -0.015624999999999998
v -0.5393310328979963 -0.08393834249016985 0.015625000000000003
v -0.5393310328979963 -0.08393834249016985 -0.015624999999999998
v -0.522383305113934 -0.09231904386458709 0.015625000000000007
v -0.522383305113934 -0.09231904386458709 -0.015624999999999995
v -0.5214768150351975 -0.08994306525252757 0.015625000000000007
v -0.5214768150351975 -0.08994306525252757 -0.015624999999999995
v -0.5005124025549734 -0.09016298140130805 0.01562500000000001
v -0.5005124025549734 -0.09016298140130805 -0.015624999999999991
v -0.5005443675739806 -0.08787951693237836 0.015625000000000007
v -0.5005443675739806 -0.08787951693237836 -0.015624999999999991
v -0.47875491215483656 -0.07990516761541509 0.01562500000000001
v -0.47875491215483656 -0.07990516761541509 -0.01562499999999999
v -0.4797204658872072 -0.07806185405535282 0.01562500000000001
v -0.4797204658872072 -0.07806185405535282 -0.01562499999999999
vt 0.09945625 1
vt 0.09945625 0.75
vt 0 0.75
vt 0 1
vt 0 0.75
vt 0 1
vt 0.0951875 1
vt 0.0951875 0.75
vt 0.010726279727053867 0.9005452143418925
vt 5.551115123125783e-16 0.9026780146793606
vt 5.551115123125783e-16 0.9978666893684354
vt 0.010728336702654107 1
vt 0.09732220718886293 0.9999980312583259
vt 0.0994547856793792 0.989271707421881
vt 0 0.989271707421881
vt 0.0021335325201474534 1
vt 0.09945625 1
vt 0.09945625 0.75
vt 0 0.75
vt 0 1
vt 0 0.75
vt 0 1
vt 0.0951875 1
vt 0.0951875 0.75
vt 0.010725925987123686 0.9005410118087297
vt 2.7755575615628914e-16 0.9026755904044366
vt 2.220446049250313e-16 0.9978654214042931
vt 0.010725925987123686 1
vt 0.09732440959556345 0.9999999999999998
vt 0.09945898819127032 0.9892740740128763
vt 0 0.9892740740128763
vt 0.0021345785957068986 0.9999999999999998
vt 0.09945625 1
vt 0.09945625 0.75
vt 0 0.75
vt 0 1
vt 0 0.75
vt 0 1
vt 0.0951875 1
vt 0.0951875 0.75
vt 0.010728336702654107 0.9005452143418925
vt 5.551115123125783e-16 0.9026785249734571
vt 5.551115123125783e-16 0.9978671996625319
vt 0.010726279727053867 1
vt 0.09732125315923176 1
vt 0.09945478567937921 0.989271707421881
vt 0 0.989271707421881
vt 0.0021325784905162765 0.999998031258326
vt 0.09945625 1
vt 0.09945625 0.75
vt 0 0.75
vt 0 1
vt 0 0.75
vt 0 1
vt 0.0951875 1
vt 0.0951875 0.75
vt 0.010728125000000005 0.90054375
vt 0 0.902678125
vt 0 0.997865625
vt 0.010728125000000005 1
vt 0 0.997865625
vt 0.010728125000000005 1
vt 0.010728125000000005 0.90054375
vt 0 0.902678125
vt 0.09945625 1
vt 0.09945625 0.75
vt 0 0.75
vt 0 1
vt 0 0.75
vt 0 1
vt 0.0951875 1
vt 0.0951875 0.75
vt 0 0.9892737202729461
vt 0.002132800337468113 0.9999999999999994
vt 0.09732147502654287 0.9999999999999994
vt 0.09945478565810749 0.989271663297346
vt 0.0000019687416740465924 0.9978674215094837
vt 0.010728292578118998 1
vt 0.010728292578118998 0.9005452143206207
vt 0 0.9026787468407682
vt 0.09945625 1
vt 0.09945625 0.75
vt 0 0.75
vt 0 1
vt 0 0.75
vt 0 1
vt 0.0951875 1
vt 0.0951875 0.75
vt 0 0.9892740740128763
vt 0.0021345785957068986 0.9999999999999998
vt 0.09732440959556345 0.9999999999999998
vt 0.09945898819127032 0.9892740740128763
vt 2.220446049250313e-16 0.9978654214042931
vt 0.010725925987123686 1
vt 0.010725925987123686 0.9005410118087297
vt 2.7755575615628914e-16 0.9026755904044366
vt 0.09945625 1
vt 0.09945625 0.75
vt 0 0.75
vt 0 1
vt 0 0.75
vt 0 1
vt 0.0951875 1
vt 0.0951875 0.75
vt 0 0.989271663297346
vt 0.0021333106315646264 0.9999999999999994
vt 0.09732198532063939 0.9999999999999994
vt 0.09945478565810748 0.9892737202729461
vt 0 0.9978664674798525
vt 0.010728292578119025 1
vt 0.010728292578119025 0.9005452143206208
vt 0.000001968741674129859 0.902677792811137
vt 0.09945625 1
vt 0.09945625 0.75
vt 0 0.75
vt 0 1
vt 0 0.75
vt 0 1
vt 0.0951875 1
vt 0.0951875 0.75
vt 0 0.989271875
vt 0.002134375000000001 1
vt 0.097321875 1
vt 0.09945625 0.989271875
vt 0.002134375000000001 0.989271875
vt 0 1
vt 0.09945625 1
vt 0.097321875 0.989271875
vt 0.09945625 1
vt 0.09945625 0.75
vt 0 0.75
vt 0 1
vt 0 0.75
vt 0 1
vt 0.0951875 1
vt 0.0951875 0.75
vt 0.0000020569756015165197 1
vt 0.010728336702654856 0.9978671996625319
vt 0.010728336702654856 0.9026785249734571
vt 1.27675647831893e-15 0.9005452143418925
vt 0.0021325784905162765 0.9892736761635542
vt 0 0.9999999999999991
vt 0.0994547856793792 0.9999999999999992
vt 0.09732125315923175 0.9892717074218802
vt 0.09945625 1
vt 0.09945625 0.75
vt 0 0.75
vt 0 1
vt 0 0.75
vt 0 1
vt 0.0951875 1
vt 0.0951875 0.75
vt 4.996003610813204e-16 1
vt 0.010725925987123908 0.9978654214042931
vt 0.010725925987123935 0.9026755904044366
vt 4.996003610813204e-16 0.9005410118087297
vt 0.002134578595706871 0.989274074012876
vt 0 0.9999999999999996
vt 0.09945898819127032 0.9999999999999996
vt 0.09732440959556342 0.989274074012876
vt 0.09945625 1
vt 0.09945625 0.75
vt 0 0.75
vt 0 1
vt 0 0.75
vt 0 1
vt 0.0951875 1
vt 0.0951875 0.75
vt 1.27675647831893e-15 1
vt 0.010728336702654828 0.9978666893684354
vt 0.010728336702654828 0.9026780146793606
vt 0.0000020569756015165197 0.9005452143418925
vt 0.0021335325201474464 0.9892717074218802
vt 0 0.9999999999999992
vt 0.09945478567937921 0.9999999999999992
vt 0.09732220718886293 0.9892736761635543
vt 0.09945625 1
vt 0.09945625 0.75
vt 0 0.75
vt 0 1
vt 0 0.75
vt 0 1
vt 0.0951875 1
vt 0.0951875 0.75
vt 0 1
vt 0.010728125000000005 0.997865625
vt 0.010728125000000005 0.902678125
vt 0 0.90054375
vt 0.010728125000000005 0.902678125
vt 0 0.90054375
vt 0 1
vt 0.010728125000000005 0.997865625
vt 0.09945625 1
vt 0.09945625 0.75
vt 0 0.75
vt 0 1
vt 0 0.75
vt 0 1
vt 0.0951875 1
vt 0.0951875 0.75
vt 0.09945478565810749 0.9999979430243984
vt 0.09732198532063938 0.9892716632973451
vt 0.0021333106315646194 0.9892716632973452
vt 0 0.9999999999999988
vt 0.010726323836445756 0.9026777928111371
vt 8.326672684688674e-16 0.9005452143206208
vt 7.771561172376096e-16 1
vt 0.010728292578119775 0.9978664674798525
vt 0.09945625 1
vt 0.09945625 0.75
vt 0 0.75
vt 0 1
vt 0 0.75
vt 0 1
vt 0.0951875 1
vt 0.0951875 0.75
vt 0.09945898819127032 0.9999999999999996
vt 0.09732440959556342 0.989274074012876
vt 0.002134578595706871 0.989274074012876
vt 0 0.9999999999999996
vt 0.010725925987123935 0.9026755904044366
vt 4.996003610813204e-16 0.9005410118087297
vt 4.996003610813204e-16 1
vt 0.010725925987123908 0.9978654214042931
vt 0.09945625 1
vt 0.09945625 0.75
vt 0 0.75
vt 0 1
vt 0 0.75
vt 0 1
vt 0.0951875 1
vt 0.0951875 0.75
vt 0.09945478565810748 0.9999999999999987
vt 0.09732147502654284 0.9892716632973452
vt 0.0021328003374680854 0.9892716632973452
vt 0 0.9999979430243985
vt 0.010728292578119775 0.9026787468407682
vt 7.771561172376096e-16 0.9005452143206207
vt 7.771561172376096e-16 1
vt 0.010726323836445728 0.9978674215094837
vt 0.09945625 1
vt 0.09945625 0.75
vt 0 0.75
vt 0 1
vt 0 0.75
vt 0 1
vt 0.0951875 1
vt 0.0951875 0.75
vt 0.09945625 1
vt 0.097321875 0.989271875
vt 0.002134375000000001 0.989271875
vt 0 1
vt 0.097321875 1
vt 0.09945625 0.989271875
vt 0 0.989271875
vt 0.002134375000000001 1
vn 0.8639052963731444 -0.503654285098846 2.1204790113309118e-16
vn -0.8639052963731446 0.5036542850988459 -2.1204790113309118e-16
vn -1.5001116074123913e-16 1.6370845497218327e-16 1
vn 1.5001116074123913e-16 -1.6370845497218327e-16 -1
vn 0.9828385681786026 -0.18446774487870365 1.776356839400251e-16
vn -0.9828385681786026 0.18446774487870354 -1.7763568394002508e-16
vn -1.5001116074123913e-16 1.6370845497218327e-16 1
vn 1.5001116074123913e-16 -1.6370845497218327e-16 -1
vn 0.9720069502101598 0.23495209882685425 1.0734824575816188e-16
vn -0.97200695021016 -0.23495209882685408 -1.0734824575816194e-16
vn -1.5001116074123913e-16 1.6370845497218327e-16 1
vn 1.5001116074123913e-16 -1.6370845497218327e-16 -1
vn 0.7372773368101242 0.6755902076156601 0
vn -0.7372773368101242 -0.6755902076156601 0
vn -1.5001116074123913e-16 1.6370845497218327e-16 1
vn 1.5001116074123913e-16 -1.6370845497218327e-16 -1
vn 0.3187740228582928 0.9478307456243128 -1.073482457581619e-16
vn -0.3187740228582937 -0.9478307456243125 1.0734824575816171e-16
vn -1.5001116074123913e-16 1.6370845497218327e-16 1
vn 1.5001116074123913e-16 -1.6370845497218327e-16 -1
vn -0.09810576400645321 0.9951759940174956 -1.77635683940025e-16
vn 0.09810576400645363 -0.9951759940174956 1.776356839400251e-16
vn -1.5001116074123913e-16 1.6370845497218327e-16 1
vn 1.5001116074123913e-16 -1.6370845497218327e-16 -1
vn -0.4264434207176213 0.9045142392061354 -2.1204790113309116e-16
vn 0.42644342071762154 -0.9045142392061354 2.120479011330912e-16
vn -1.5001116074123913e-16 1.6370845497218327e-16 1
vn 1.5001116074123913e-16 -1.6370845497218327e-16 -1
vn -0.6755902076156601 0.7372773368101242 -2.220446049250313e-16
vn 0.6755902076156601 -0.7372773368101242 2.220446049250313e-16
vn -1.5001116074123913e-16 1.6370845497218327e-16 1
vn 1.5001116074123913e-16 -1.6370845497218327e-16 -1
vn -0.8639052963731444 0.5036542850988459 -2.1204790113309116e-16
vn 0.863905296373144 -0.5036542850988465 2.1204790113309116e-16
vn -1.5001116074123913e-16 1.6370845497218327e-16 1
vn 1.5001116074123913e-16 -1.6370845497218327e-16 -1
vn -0.9828385681786027 0.18446774487870338 -1.7763568394002508e-16
vn 0.9828385681786027 -0.18446774487870266 1.7763568394002496e-16
vn -1.5001116074123913e-16 1.6370845497218327e-16 1
vn 1.5001116074123913e-16 -1.6370845497218327e-16 -1
vn -0.9720069502101598 -0.23495209882685453 -1.0734824575816183e-16
vn 0.97200695021016 0.23495209882685342 1.0734824575816203e-16
vn -1.5001116074123913e-16 1.6370845497218327e-16 1
vn 1.5001116074123913e-16 -1.6370845497218327e-16 -1
vn -0.737277336810125 -0.6755902076156594 -2.478669739132334e-31
vn 0.7372773368101242 0.6755902076156601 0
vn -1.5001116074123913e-16 1.6370845497218327e-16 1
vn 1.5001116074123913e-16 -1.6370845497218327e-16 -1
vn -0.31877402285829265 -0.9478307456243129 1.0734824575816196e-16
vn 0.3187740228582934 0.9478307456243126 -1.0734824575816177e-16
vn -1.5001116074123913e-16 1.6370845497218327e-16 1
vn 1.5001116074123913e-16 -1.6370845497218327e-16 -1
vn 0.09810576400645338 -0.9951759940174955 1.77635683940025e-16
vn -0.09810576400645388 0.9951759940174953 -1.7763568394002508e-16
vn -1.5001116074123913e-16 1.6370845497218327e-16 1
vn 1.5001116074123913e-16 -1.6370845497218327e-16 -1
vn 0.42644342071762154 -0.9045142392061354 2.120479011330912e-16
vn -0.426443420717621 0.9045142392061357 -2.1204790113309118e-16
vn -1.5001116074123913e-16 1.6370845497218327e-16 1
vn 1.5001116074123913e-16 -1.6370845497218327e-16 -1
vn 0.6755902076156597 -0.7372773368101245 2.220446049250313e-16
vn -0.6755902076156601 0.7372773368101242 -2.220446049250313e-16
vn -1.5001116074123913e-16 1.6370845497218327e-16 1
vn 1.5001116074123913e-16 -1.6370845497218327e-16 -1
usemtl none
f 1158/4609/1153 1157/4610/1153 1153/4611/1153 1154/4612/1153
f 1159/4613/1154 1160/4614/1154 1156/4615/1154 1155/4616/1154
f 1157/4617/1155 1159/4618/1155 1155/4619/1155 1153/4620/1155
f 1160/4621/1156 1158/4622/1156 1154/4623/1156 1156/4624/1156
f 1162/4625/1157 1161/4626/1157 1157/4627/1157 1158/4628/1157
f 1163/4629/1158 1164/4630/1158 1160/4631/1158 1159/4632/1158
f 1161/4633/1159 1163/4634/1159 1159/4635/1159 1157/4636/1159
f 1164/4637/1160 1162/4638/1160 1158/4639/1160 1160/4640/1160
f 1166/4641/1161 1165/4642/1161 1161/4643/1161 1162/4644/1161
f 1167/4645/1162 1168/4646/1162 1164/4647/1162 1163/4648/1162
f 1165/4649/1163 1167/4650/1163 1163/4651/1163 1161/4652/1163
f 1168/4653/1164 1166/4654/1164 1162/4655/1164 1164/4656/1164
f 1170/4657/1165 1169/4658/1165 1165/4659/1165 1166/4660/1165
f 1171/4661/1166 1172/4662/1166 1168/4663/1166 1167/4664/1166
f 1169/4665/1167 1171/4666/1167 1167/4667/1167 1165/4668/1167
f 1172/4669/1168 1170/4670/1168 1166/4671/1168 1168/4672/1168
f 1174/4673/1169 1173/4674/1169 1169/4675/1169 1170/4676/1169
f 1175/4677/1170 1176/4678/1170 1172/4679/1170 1171/4680/1170
f 1173/4681/1171 1175/4682/1171 1171/4683/1171 1169/4684/1171
f 1176/4685/1172 1174/4686/1172 1170/4687/1172 1172/4688/1172
f 1178/4689/1173 1177/4690/1173 1173/4691/1173 1174/4692/1173
f 1179/4693/1174 1180/4694/1174 1176/4695/1174 1175/4696/1174
f 1177/4697/1175 1179/4698/1175 1175/4699/1175 1173/4700/1175
f 1180/4701/1176 1178/4702/1176 1174/4703/1176 1176/4704/1176
f 1182/4705/1177 1181/4706/1177 1177/4707/1177 1178/4708/1177
f 1183/4709/1178 1184/4710/1178 1180/4711/1178 1179/4712/1178
f 1181/4713/1179 1183/4714/1179 1179/4715/1179 1177/4716/1179
f 1184/4717/1180 1182/4718/1180 1178/4719/1180 1180/4720/1180
f 1186/4721/1181 1185/4722/1181 1181/4723/1181 1182/4724/1181
f 1187/4725/1182 1188/4726/1182 1184/4727/1182 1183/4728/1182
f 1185/4729/1183 1187/4730/1183 1183/4731/1183 1181/4732/1183
f 1188/4733/1184 1186/4734/1184 1182/4735/1184 1184/4736/1184
f 1190/4737/1185 1189/4738/1185 1185/4739/1185 1186/4740/1185
f 1191/4741/1186 1192/4742/1186 1188/4743/1186 1187/4744/1186
f 1189/4745/1187 1191/4746/1187 1187/4747/1187 1185/4748/1187
f 1192/4749/1188 1190/4750/1188 1186/4751/1188 1188/4752/1188
f 1194/4753/1189 1193/4754/1189 1189/4755/1189 1190/4756/1189
f 1195/4757/1190 1196/4758/1190 1192/4759/1190 1191/4760/1190
f 1193/4761/1191 1195/4762/1191 1191/4763/1191 1189/4764/1191
f 1196/4765/1192 1194/4766/1192 1190/4767/1192 1192/4768/1192
f 1198/4769/1193 1197/4770/1193 1193/4771/1193 1194/4772/1193
f 1199/4773/1194 1200/4774/1194 1196/4775/1194 1195/4776/1194
f 1197/4777/1195 1199/4778/1195 1195/4779/1195 1193/4780/1195
f 1200/4781/1196 1198/4782/1196 1194/4783/1196 1196/4784/1196
f 1202/4785/1197 1201/4786/1197 1197/4787/1197 1198/4788/1197
f 1203/4789/1198 1204/4790/1198 1200/4791/1198 1199/4792/1198
f 1201/4793/1199 1203/4794/1199 1199/4795/1199 1197/4796/1199
f 1204/4797/1200 1202/4798/1200 1198/4799/1200 1200/4800/1200
f 1206/4801/1201 1205/4802/1201 1201/4803/1201 1202/4804/1201
f 1207/4805/1202 1208/4806/1202 1204/4807/1202 1203/4808/1202
f 1205/4809/1203 1207/4810/1203 1203/4811/1203 1201/4812/1203
f 1208/4813/1204 1206/4814/1204 1202/4815/1204 1204/4816/1204
f 1210/4817/1205 1209/4818/1205 1205/4819/1205 1206/4820/1205
f 1211/4821/1206 1212/4822/1206 1208/4823/1206 1207/4824/1206
f 1209/4825/1207 1211/4826/1207 1207/4827/1207 1205/4828/1207
f 1212/4829/1208 1210/4830/1208 1206/4831/1208 1208/4832/1208
f 1214/4833/1209 1213/4834/1209 1209/4835/1209 1210/4836/1209
f 1215/4837/1210 1216/4838/1210 1212/4839/1210 1211/4840/1210
f 1213/4841/1211 1215/4842/1211 1211/4843/1211 1209/4844/1211
f 1216/4845/1212 1214/4846/1212 1210/4847/1212 1212/4848/1212
f 1154/4849/1213 1153/4850/1213 1213/4851/1213 1214/4852/1213
f 1155/4853/1214 1156/4854/1214 1216/4855/1214 1215/4856/1214
f 1153/4857/1215 1155/4858/1215 1215/4859/1215 1213/4860/1215
f 1156/4861/1216 1154/4862/1216 1214/4863/1216 1216/4864/1216
o tube
v -0.06253507423212892 0.38626140167446965 -0.009324017220921452
v -0.04142288024413954 0.3632214848991533 -0.009324017220921452
v -0.06451230651974005 0.3844496020910578 -0.008923934441126019
v -0.04340011253175067 0.3614096853157414 -0.008923934441126019
v -0.06955031117548144 0.379833121370157 -0.026552554563305682
v -0.04843811718749206 0.35679320459484065 -0.026552554563305682
v -0.07122652777095909 0.3782971518493155 -0.025413215200383803
v -0.05011433378296971 0.35525723507399914 -0.025413215200383803
v -0.08251277883084229 0.3679552081653574 -0.039738706172933125
v -0.06140058484285291 0.34491529139004096 -0.039738706172933125
v -0.08363279095246627 0.3669289061430359 -0.03803356431675261
v -0.0625205969644769 0.3438889893677195 -0.03803356431675261
v -0.09944905900274471 0.35243596667195 -0.046875
v -0.07833686501475534 0.3293960498966336 -0.046875
v -0.09984235495793295 0.3520755773275961 -0.04486364804101492
v -0.07873016096994356 0.3290356605522797 -0.04486364804101492
v -0.11778075656277863 0.3356380607250318 -0.046875
v -0.09666856257478924 0.3125981439497154 -0.046875
v -0.1173874606075904 0.3359984500693857 -0.04486364804101492
v -0.09627526661960102 0.31295853329406936 -0.04486364804101492
v -0.13471703673468105 0.32011881923162444 -0.039738706172933146
v -0.11360484274669166 0.2970789024563081 -0.039738706172933146
v -0.13359702461305706 0.3211451212539459 -0.038033564316752644
v -0.11248483062506769 0.29810520447862954 -0.038033564316752644
v -0.14767950439004193 0.30824090602682475 -0.026552554563305703
v -0.12656731040205255 0.2852009892515084 -0.026552554563305703
v -0.14600328779456428 0.30977687554766625 -0.025413215200383824
v -0.1248910938065749 0.2867369587723499 -0.025413215200383824
v -0.15469474133339445 0.3018126257225121 -0.0093240172209215
v -0.13358254734540506 0.27877270894719575 -0.0093240172209215
v -0.1527175090457833 0.303624425305924 -0.008923934441126064
v -0.13160531505779394 0.2805845085306076 -0.008923934441126064
v -0.15469474133339445 0.3018126257225121 0.00932401722092146
v -0.13358254734540506 0.27877270894719575 0.00932401722092146
v -0.15271750904578332 0.303624425305924 0.008923934441126026
v -0.13160531505779394 0.2805845085306076 0.008923934441126026
v -0.14767950439004193 0.30824090602682475 0.026552554563305672
v -0.12656731040205255 0.28520098925150833 0.026552554563305672
v -0.14600328779456428 0.30977687554766625 0.0254132152003838
v -0.12489109380657491 0.2867369587723499 0.0254132152003838
v -0.13471703673468105 0.32011881923162444 0.039738706172933125
v -0.11360484274669169 0.2970789024563081 0.039738706172933125
v -0.13359702461305709 0.3211451212539459 0.03803356431675261
v -0.1124848306250677 0.2981052044786295 0.03803356431675261
v -0.11778075656277866 0.3356380607250318 0.046874999999999986
v -0.09666856257478929 0.3125981439497154 0.046874999999999986
v -0.11738746060759044 0.33599845006938567 0.04486364804101492
v -0.09627526661960106 0.3129585332940693 0.04486364804101492
v -0.09944905900274473 0.35243596667195 0.046875
v -0.07833686501475536 0.3293960498966336 0.046875
v -0.09984235495793296 0.35207557732759603 0.04486364804101492
v -0.07873016096994358 0.3290356605522797 0.04486364804101492
v -0.08251277883084232 0.3679552081653573 0.039738706172933146
v -0.06140058484285295 0.34491529139004096 0.039738706172933146
v -0.08363279095246631 0.36692890614303586 0.038033564316752644
v -0.06252059696447693 0.3438889893677195 0.038033564316752644
v -0.06955031117548144 0.379833121370157 0.026552554563305703
v -0.048438117187492066 0.35679320459484065 0.026552554563305703
v -0.07122652777095909 0.3782971518493155 0.025413215200383824
v -0.050114333782969714 0.35525723507399914 0.025413215200383824
v -0.06253507423212892 0.38626140167446965 0.009324017220921505
v -0.04142288024413955 0.36322148489915324 0.009324017220921505
v -0.06451230651974005 0.3844496020910578 0.008923934441126068
v -0.043400112531750676 0.3614096853157414 0.008923934441126068
vt 0.09945625 1
vt 0.09945625 0.75
vt 0 0.75
vt 0 1
vt 0 0.75
vt 0 1
vt 0.0951875 1
vt 0.0951875 0.75
vt 0.010726279727053867 0.9005452143418925
vt 5.551115123125783e-16 0.9026780146793606
vt 5.551115123125783e-16 0.9978666893684354
vt 0.010728336702654107 1
vt 0.09732220718886293 0.9999980312583259
vt 0.0994547856793792 0.989271707421881
vt 0 0.989271707421881
vt 0.0021335325201474534 1
vt 0.09945625 1
vt 0.09945625 0.75
vt 0 0.75
vt 0 1
vt 0 0.75
vt 0 1
vt 0.0951875 1
vt 0.0951875 0.75
vt 0.010725925987123686 0.9005410118087297
vt 2.7755575615628914e-16 0.9026755904044366
vt 2.220446049250313e-16 0.9978654214042931
vt 0.010725925987123686 1
vt 0.09732440959556345 0.9999999999999998
vt 0.09945898819127032 0.9892740740128763
vt 0 0.9892740740128763
vt 0.0021345785957068986 0.9999999999999998
vt 0.09945625 1
vt 0.09945625 0.75
vt 0 0.75
vt 0 1
vt 0 0.75
vt 0 1
vt 0.0951875 1
vt 0.0951875 0.75
vt 0.010728336702654107 0.9005452143418925
vt 5.551115123125783e-16 0.9026785249734571
vt 5.551115123125783e-16 0.9978671996625319
vt 0.010726279727053867 1
vt 0.09732125315923176 1
vt 0.09945478567937921 0.989271707421881
vt 0 0.989271707421881
vt 0.0021325784905162765 0.999998031258326
vt 0.09945625 1
vt 0.09945625 0.75
vt 0 0.75
vt 0 1
vt 0 0.75
vt 0 1
vt 0.0951875 1
vt 0.0951875 0.75
vt 0.010728125000000005 0.90054375
vt 0 0.902678125
vt 0 0.997865625
vt 0.010728125000000005 1
vt 0 0.997865625
vt 0.010728125000000005 1
vt 0.010728125000000005 0.90054375
vt 0 0.902678125
vt 0.09945625 1
vt 0.09945625 0.75
vt 0 0.75
vt 0 1
vt 0 0.75
vt 0 1
vt 0.0951875 1
vt 0.0951875 0.75
vt 0 0.9892737202729461
vt 0.002132800337468113 0.9999999999999994
vt 0.09732147502654287 0.9999999999999994
vt 0.09945478565810749 0.989271663297346
vt 0.0000019687416740465924 0.9978674215094837
vt 0.010728292578118998 1
vt 0.010728292578118998 0.9005452143206207
vt 0 0.9026787468407682
vt 0.09945625 1
vt 0.09945625 0.75
vt 0 0.75
vt 0 1
vt 0 0.75
vt 0 1
vt 0.0951875 1
vt 0.0951875 0.75
vt 0 0.9892740740128763
vt 0.0021345785957068986 0.9999999999999998
vt 0.09732440959556345 0.9999999999999998
vt 0.09945898819127032 0.9892740740128763
vt 2.220446049250313e-16 0.9978654214042931
vt 0.010725925987123686 1
vt 0.010725925987123686 0.9005410118087297
vt 2.7755575615628914e-16 0.9026755904044366
vt 0.09945625 1
vt 0.09945625 0.75
vt 0 0.75
vt 0 1
vt 0 0.75
vt 0 1
vt 0.0951875 1
vt 0.0951875 0.75
vt 0 0.989271663297346
vt 0.0021333106315646264 0.9999999999999994
vt 0.09732198532063939 0.9999999999999994
vt 0.09945478565810748 0.9892737202729461
vt 0 0.9978664674798525
vt 0.010728292578119025 1
vt 0.010728292578119025 0.9005452143206208
vt 0.000001968741674129859 0.902677792811137
vt 0.09945625 1
vt 0.09945625 0.75
vt 0 0.75
vt 0 1
vt 0 0.75
vt 0 1
vt 0.0951875 1
vt 0.0951875 0.75
vt 0 0.989271875
vt 0.002134375000000001 1
vt 0.097321875 1
vt 0.09945625 0.989271875
vt 0.002134375000000001 0.989271875
vt 0 1
vt 0.09945625 1
vt 0.097321875 0.989271875
vt 0.09945625 1
vt 0.09945625 0.75
vt 0 0.75
vt 0 1
vt 0 0.75
vt 0 1
vt 0.0951875 1
vt 0.0951875 0.75
vt 0.0000020569756015165197 1
vt 0.010728336702654856 0.9978671996625319
vt 0.010728336702654856 0.9026785249734571
vt 1.27675647831893e-15 0.9005452143418925
vt 0.0021325784905162765 0.9892736761635542
vt 0 0.9999999999999991
vt 0.0994547856793792 0.9999999999999992
vt 0.09732125315923175 0.9892717074218802
vt 0.09945625 1
vt 0.09945625 0.75
vt 0 0.75
vt 0 1
vt 0 0.75
vt 0 1
vt 0.0951875 1
vt 0.0951875 0.75
vt 4.996003610813204e-16 1
vt 0.010725925987123908 0.9978654214042931
vt 0.010725925987123935 0.9026755904044366
vt 4.996003610813204e-16 0.9005410118087297
vt 0.002134578595706871 0.989274074012876
vt 0 0.9999999999999996
vt 0.09945898819127032 0.9999999999999996
vt 0.09732440959556342 0.989274074012876
vt 0.09945625 1
vt 0.09945625 0.75
vt 0 0.75
vt 0 1
vt 0 0.75
vt 0 1
vt 0.0951875 1
vt 0.0951875 0.75
vt 1.27675647831893e-15 1
vt 0.010728336702654828 0.9978666893684354
vt 0.010728336702654828 0.9026780146793606
vt 0.0000020569756015165197 0.9005452143418925
vt 0.0021335325201474464 0.9892717074218802
vt 0 0.9999999999999992
vt 0.09945478567937921 0.9999999999999992
vt 0.09732220718886293 0.9892736761635543
vt 0.09945625 1
vt 0.09945625 0.75
vt 0 0.75
vt 0 1
vt 0 0.75
vt 0 1
vt 0.0951875 1
vt 0.0951875 0.75
vt 0 1
vt 0.010728125000000005 0.997865625
vt 0.010728125000000005 0.902678125
vt 0 0.90054375
vt 0.010728125000000005 0.902678125
vt 0 0.90054375
vt 0 1
vt 0.010728125000000005 0.997865625
vt 0.09945625 1
vt 0.09945625 0.75
vt 0 0.75
vt 0 1
vt 0 0.75
vt 0 1
vt 0.0951875 1
vt 0.0951875 0.75
vt 0.09945478565810749 0.9999979430243984
vt 0.09732198532063938 0.9892716632973451
vt 0.0021333106315646194 0.9892716632973452
vt 0 0.9999999999999988
vt 0.010726323836445756 0.9026777928111371
vt 8.326672684688674e-16 0.9005452143206208
vt 7.771561172376096e-16 1
vt 0.010728292578119775 0.9978664674798525
vt 0.09945625 1
vt 0.09945625 0.75
vt 0 0.75
vt 0 1
vt 0 0.75
vt 0 1
vt 0.0951875 1
vt 0.0951875 0.75
vt 0.09945898819127032 0.9999999999999996
vt 0.09732440959556342 0.989274074012876
vt 0.002134578595706871 0.989274074012876
vt 0 0.9999999999999996
vt 0.010725925987123935 0.9026755904044366
vt 4.996003610813204e-16 0.9005410118087297
vt 4.996003610813204e-16 1
vt 0.010725925987123908 0.9978654214042931
vt 0.09945625 1
vt 0.09945625 0.75
vt 0 0.75
vt 0 1
vt 0 0.75
vt 0 1
vt 0.0951875 1
vt 0.0951875 0.75
vt 0.09945478565810748 0.9999999999999987
vt 0.09732147502654284 0.9892716632973452
vt 0.0021328003374680854 0.9892716632973452
vt 0 0.9999979430243985
vt 0.010728292578119775 0.9026787468407682
vt 7.771561172376096e-16 0.9005452143206207
vt 7.771561172376096e-16 1
vt 0.010726323836445728 0.9978674215094837
vt 0.09945625 1
vt 0.09945625 0.75
vt 0 0.75
vt 0 1
vt 0 0.75
vt 0 1
vt 0.0951875 1
vt 0.0951875 0.75
vt 0.09945625 1
vt 0.097321875 0.989271875
vt 0.002134375000000001 0.989271875
vt 0 1
vt 0.097321875 1
vt 0.09945625 0.989271875
vt 0 0.989271875
vt 0.002134375000000001 1
vn 0.6453904865342265 0.5913914222255836 -0.4834535195953343
vn -0.6453904865342265 -0.5913914222255836 0.483453519595334
vn -0.6755902076156601 0.7372773368101242 0
vn 0.6755902076156601 -0.7372773368101242 0
vn 0.44236640208607486 0.4053541245693964 -0.7999999999999996
vn -0.44236640208607475 -0.40535412456939635 0.7999999999999997
vn -0.6755902076156601 0.7372773368101242 0
vn 0.6755902076156601 -0.7372773368101242 0
vn 0.21873093782776165 0.2004299770536448 -0.9549788485276851
vn -0.21873093782776173 -0.20042997705364488 0.9549788485276851
vn -0.6755902076156601 0.7372773368101242 0
vn 0.6755902076156601 -0.7372773368101242 0
vn 1.6370845497218327e-16 1.5001116074123913e-16 -1
vn -1.6370845497218327e-16 -1.5001116074123913e-16 1
vn -0.6755902076156601 0.7372773368101242 0
vn 0.6755902076156601 -0.7372773368101242 0
vn -0.21873093782776126 -0.20042997705364446 -0.9549788485276852
vn 0.2187309378277609 0.20042997705364413 0.9549788485276854
vn -0.6755902076156601 0.7372773368101242 0
vn 0.6755902076156601 -0.7372773368101242 0
vn -0.44236640208607425 -0.4053541245693958 -0.8000000000000003
vn 0.4423664020860744 0.40535412456939596 0.8
vn -0.6755902076156601 0.7372773368101242 0
vn 0.6755902076156601 -0.7372773368101242 0
vn -0.6453904865342261 -0.5913914222255833 -0.4834535195953347
vn 0.6453904865342264 0.5913914222255835 0.4834535195953344
vn -0.6755902076156601 0.7372773368101242 0
vn 0.6755902076156601 -0.7372773368101242 0
vn -0.7372773368101242 -0.6755902076156601 -2.220446049250313e-16
vn 0.7372773368101242 0.6755902076156601 2.220446049250313e-16
vn -0.6755902076156601 0.7372773368101242 0
vn 0.6755902076156601 -0.7372773368101242 0
vn -0.6453904865342265 -0.5913914222255836 0.48345351959533406
vn 0.6453904865342268 0.5913914222255839 -0.48345351959533345
vn -0.6755902076156601 0.7372773368101242 0
vn 0.6755902076156601 -0.7372773368101242 0
vn -0.44236640208607464 -0.4053541245693962 0.7999999999999999
vn 0.4423664020860743 0.4053541245693959 -0.8000000000000003
vn -0.6755902076156601 0.7372773368101242 0
vn 0.6755902076156601 -0.7372773368101242 0
vn -0.21873093782776157 -0.2004299770536447 0.9549788485276851
vn 0.21873093782776207 0.20042997705364518 -0.9549788485276851
vn -0.6755902076156601 0.7372773368101242 0
vn 0.6755902076156601 -0.7372773368101242 0
vn -5.752174454104644e-16 -5.270896770682738e-16 1
vn 1.6370845497218327e-16 1.5001116074123913e-16 -1
vn -0.6755902076156601 0.7372773368101242 0
vn 0.6755902076156601 -0.7372773368101242 0
vn 0.2187309378277614 0.2004299770536446 0.9549788485276852
vn -0.21873093782776104 -0.20042997705364424 -0.9549788485276854
vn -0.6755902076156601 0.7372773368101242 0
vn 0.6755902076156601 -0.7372773368101242 0
vn 0.44236640208607425 0.4053541245693958 0.8000000000000003
vn -0.44236640208607453 -0.4053541245693961 -0.7999999999999999
vn -0.6755902076156601 0.7372773368101242 0
vn 0.6755902076156601 -0.7372773368101242 0
vn 0.6453904865342261 0.5913914222255833 0.48345351959533467
vn -0.6453904865342261 -0.5913914222255833 -0.483453519595335
vn -0.6755902076156601 0.7372773368101242 0
vn 0.6755902076156601 -0.7372773368101242 0
vn 0.7372773368101242 0.6755902076156601 9.662403458270915e-16
vn -0.7372773368101242 -0.6755902076156601 -2.220446049250313e-16
vn -0.6755902076156601 0.7372773368101242 0
vn 0.6755902076156601 -0.7372773368101242 0
usemtl none
f 1222/4865/1217 1221/4866/1217 1217/4867/1217 1218/4868/1217
f 1223/4869/1218 1224/4870/1218 1220/4871/1218 1219/4872/1218
f 1221/4873/1219 1223/4874/1219 1219/4875/1219 1217/4876/1219
f 1224/4877/1220 1222/4878/1220 1218/4879/1220 1220/4880/1220
f 1226/4881/1221 1225/4882/1221 1221/4883/1221 1222/4884/1221
f 1227/4885/1222 1228/4886/1222 1224/4887/1222 1223/4888/1222
f 1225/4889/1223 1227/4890/1223 1223/4891/1223 1221/4892/1223
f 1228/4893/1224 1226/4894/1224 1222/4895/1224 1224/4896/1224
f 1230/4897/1225 1229/4898/1225 1225/4899/1225 1226/4900/1225
f 1231/4901/1226 1232/4902/1226 1228/4903/1226 1227/4904/1226
f 1229/4905/1227 1231/4906/1227 1227/4907/1227 1225/4908/1227
f 1232/4909/1228 1230/4910/1228 1226/4911/1228 1228/4912/1228
f 1234/4913/1229 1233/4914/1229 1229/4915/1229 1230/4916/1229
f 1235/4917/1230 1236/4918/1230 1232/4919/1230 1231/4920/1230
f 1233/4921/1231 1235/4922/1231 1231/4923/1231 1229/4924/1231
f 1236/4925/1232 1234/4926/1232 1230/4927/1232 1232/4928/1232
f 1238/4929/1233 1237/4930/1233 1233/4931/1233 1234/4932/1233
f 1239/4933/1234 1240/4934/1234 1236/4935/1234 1235/4936/1234
f 1237/4937/1235 1239/4938/1235 1235/4939/1235 1233/4940/1235
f 1240/4941/1236 1238/4942/1236 1234/4943/1236 1236/4944/1236
f 1242/4945/1237 1241/4946/1237 1237/4947/1237 1238/4948/1237
f 1243/4949/1238 1244/4950/1238 1240/4951/1238 1239/4952/1238
f 1241/4953/1239 1243/4954/1239 1239/4955/1239 1237/4956/1239
f 1244/4957/1240 1242/4958/1240 1238/4959/1240 1240/4960/1240
f 1246/4961/1241 1245/4962/1241 1241/4963/1241 1242/4964/1241
f 1247/4965/1242 1248/4966/1242 1244/4967/1242 1243/4968/1242
f 1245/4969/1243 1247/4970/1243 1243/4971/1243 1241/4972/1243
f 1248/4973/1244 1246/4974/1244 1242/4975/1244 1244/4976/1244
f 1250/4977/1245 1249/4978/1245 1245/4979/1245 1246/4980/1245
f 1251/4981/1246 1252/4982/1246 1248/4983/1246 1247/4984/1246
f 1249/4985/1247 1251/4986/1247 1247/4987/1247 1245/4988/1247
f 1252/4989/1248 1250/4990/1248 1246/4991/1248 1248/4992/1248
f 1254/4993/1249 1253/4994/1249 1249/4995/1249 1250/4996/1249
f 1255/4997/1250 1256/4998/1250 1252/4999/1250 1251/5000/1250
f 1253/5001/1251 1255/5002/1251 1251/5003/1251 1249/5004/1251
f 1256/5005/1252 1254/5006/1252 1250/5007/1252 1252/5008/1252
f 1258/5009/1253 1257/5010/1253 1253/5011/1253 1254/5012/1253
f 1259/5013/1254 1260/5014/1254 1256/5015/1254 1255/5016/1254
f 1257/5017/1255 1259/5018/1255 1255/5019/1255 1253/5020/1255
f 1260/5021/1256 1258/5022/1256 1254/5023/1256 1256/5024/1256
f 1262/5025/1257 1261/5026/1257 1257/5027/1257 1258/5028/1257
f 1263/5029/1258 1264/5030/1258 1260/5031/1258 1259/5032/1258
f 1261/5033/1259 1263/5034/1259 1259/5035/1259 1257/5036/1259
f 1264/5037/1260 1262/5038/1260 1258/5039/1260 1260/5040/1260
f 1266/5041/1261 1265/5042/1261 1261/5043/1261 1262/5044/1261
f 1267/5045/1262 1268/5046/1262 1264/5047/1262 1263/5048/1262
f 1265/5049/1263 1267/5050/1263 1263/5051/1263 1261/5052/1263
f 1268/5053/1264 1266/5054/1264 1262/5055/1264 1264/5056/1264
f 1270/5057/1265 1269/5058/1265 1265/5059/1265 1266/5060/1265
f 1271/5061/1266 1272/5062/1266 1268/5063/1266 1267/5064/1266
f 1269/5065/1267 1271/5066/1267 1267/5067/1267 1265/5068/1267
f 1272/5069/1268 1270/5070/1268 1266/5071/1268 1268/5072/1268
f 1274/5073/1269 1273/5074/1269 1269/5075/1269 1270/5076/1269
f 1275/5077/1270 1276/5078/1270 1272/5079/1270 1271/5080/1270
f 1273/5081/1271 1275/5082/1271 1271/5083/1271 1269/5084/1271
f 1276/5085/1272 1274/5086/1272 1270/5087/1272 1272/5088/1272
f 1278/5089/1273 1277/5090/1273 1273/5091/1273 1274/5092/1273
f 1279/5093/1274 1280/5094/1274 1276/5095/1274 1275/5096/1274
f 1277/5097/1275 1279/5098/1275 1275/5099/1275 1273/5100/1275
f 1280/5101/1276 1278/5102/1276 1274/5103/1276 1276/5104/1276
f 1218/5105/1277 1217/5106/1277 1277/5107/1277 1278/5108/1277
f 1219/5109/1278 1220/5110/1278 1280/5111/1278 1279/5112/1278
f 1217/5113/1279 1219/5114/1279 1279/5115/1279 1277/5116/1279
f 1220/5117/1280 1218/5118/1280 1278/5119/1280 1280/5120/1280
o tube
v -0.22381449165934356 0.23847604375854403 -0.009324017220921452
v -0.20270229767135417 0.21543612698322764 -0.009324017220921452
v -0.22579172394695468 0.23666424417513215 -0.008923934441126019
v -0.2046795299589653 0.2136243273998158 -0.008923934441126019
v -0.23082972860269607 0.23204776345423142 -0.026552554563305682
v -0.20971753461470669 0.20900784667891503 -0.026552554563305682
v -0.23250594519817372 0.23051179393338989 -0.025413215200383803
v -0.21139375121018433 0.20747187715807353 -0.025413215200383803
v -0.24379219625805693 0.22016985024943173 -0.039738706172933125
v -0.22268000227006754 0.19712993347411537 -0.039738706172933125
v -0.24491220837968092 0.2191435482271103 -0.03803356431675261
v -0.22380001439169153 0.1961036314517939 -0.03803356431675261
v -0.26072847642995933 0.20465060875602437 -0.046875
v -0.23961628244196997 0.181610691980708 -0.046875
v -0.26112177238514755 0.20429021941167044 -0.04486364804101492
v -0.2400095783971582 0.18125030263635405 -0.04486364804101492
v -0.2790601739899933 0.18785270280910618 -0.046875
v -0.25794798000200386 0.1648127860337898 -0.046875
v -0.27866687803480505 0.1882130921534601 -0.04486364804101492
v -0.25755468404681564 0.16517317537814374 -0.04486364804101492
v -0.2959964541618957 0.17233346131569885 -0.039738706172933146
v -0.27488426017390627 0.14929354454038246 -0.039738706172933146
v -0.2948764420402717 0.17335976333802028 -0.038033564316752644
v -0.27376424805228233 0.1503198465627039 -0.038033564316752644
v -0.30895892181725654 0.16045554811089913 -0.026552554563305703
v -0.2878467278292672 0.13741563133558274 -0.026552554563305703
v -0.3072827052217789 0.16199151763174063 -0.025413215200383824
v -0.28617051123378956 0.13895160085642427 -0.025413215200383824
v -0.3159741587606091 0.15402726780658652 -0.0093240172209215
v -0.2948619647726197 0.13098735103127013 -0.0093240172209215
v -0.31399692647299793 0.15583906738999836 -0.008923934441126064
v -0.29288473248500857 0.132799150614682 -0.008923934441126064
v -0.3159741587606091 0.15402726780658652 0.00932401722092146
v -0.2948619647726197 0.13098735103127013 0.00932401722092146
v -0.31399692647299793 0.15583906738999836 0.008923934441126026
v -0.29288473248500857 0.132799150614682 0.008923934441126026
v -0.3089589218172566 0.16045554811089913 0.026552554563305672
v -0.2878467278292672 0.13741563133558274 0.026552554563305672
v -0.3072827052217789 0.16199151763174063 0.0254132152003838
v -0.28617051123378956 0.13895160085642425 0.0254132152003838
v -0.2959964541618957 0.17233346131569882 0.039738706172933125
v -0.2748842601739063 0.14929354454038243 0.039738706172933125
v -0.29487644204027175 0.17335976333802025 0.03803356431675261
v -0.27376424805228233 0.1503198465627039 0.03803356431675261
v -0.2790601739899933 0.18785270280910615 0.046874999999999986
v -0.2579479800020039 0.16481278603378977 0.046874999999999986
v -0.27866687803480505 0.18821309215346008 0.04486364804101492
v -0.2575546840468157 0.1651731753781437 0.04486364804101492
v -0.2607284764299594 0.20465060875602437 0.046875
v -0.23961628244196997 0.18161069198070798 0.046875
v -0.2611217723851476 0.20429021941167044 0.04486364804101492
v -0.2400095783971582 0.18125030263635405 0.04486364804101492
v -0.24379219625805695 0.2201698502494317 0.039738706172933146
v -0.22268000227006757 0.1971299334741153 0.039738706172933146
v -0.24491220837968095 0.21914354822711024 0.038033564316752644
v -0.22380001439169156 0.19610363145179388 0.038033564316752644
v -0.23082972860269607 0.23204776345423142 0.026552554563305703
v -0.2097175346147067 0.20900784667891503 0.026552554563305703
v -0.23250594519817372 0.23051179393338989 0.025413215200383824
v -0.21139375121018433 0.2074718771580735 0.025413215200383824
v -0.22381449165934356 0.23847604375854403 0.009324017220921505
v -0.20270229767135417 0.21543612698322764 0.009324017220921505
v -0.22579172394695468 0.23666424417513215 0.008923934441126068
v -0.20467952995896532 0.2136243273998158 0.008923934441126068
vt 0.09945625 1
vt 0.09945625 0.75
vt 0 0.75
vt 0 1
vt 0 0.75
vt 0 1
vt 0.0951875 1
vt 0.0951875 0.75
vt 0.010726279727053867 0.9005452143418925
vt 5.551115123125783e-16 0.9026780146793606
vt 5.551115123125783e-16 0.9978666893684354
vt 0.010728336702654107 1
vt 0.09732220718886293 0.9999980312583259
vt 0.0994547856793792 0.989271707421881
vt 0 0.989271707421881
vt 0.0021335325201474534 1
vt 0.09945625 1
vt 0.09945625 0.75
vt 0 0.75
vt 0 1
vt 0 0.75
vt 0 1
vt 0.0951875 1
vt 0.0951875 0.75
vt 0.010725925987123686 0.9005410118087297
vt 2.7755575615628914e-16 0.9026755904044366
vt 2.220446049250313e-16 0.9978654214042931
vt 0.010725925987123686 1
vt 0.09732440959556345 0.9999999999999998
vt 0.09945898819127032 0.9892740740128763
vt 0 0.9892740740128763
vt 0.0021345785957068986 0.9999999999999998
vt 0.09945625 1
vt 0.09945625 0.75
vt 0 0.75
vt 0 1
vt 0 0.75
vt 0 1
vt 0.0951875 1
vt 0.0951875 0.75
vt 0.010728336702654107 0.9005452143418925
vt 5.551115123125783e-16 0.9026785249734571
vt 5.551115123125783e-16 0.9978671996625319
vt 0.010726279727053867 1
vt 0.09732125315923176 1
vt 0.09945478567937921 0.989271707421881
vt 0 0.989271707421881
vt 0.0021325784905162765 0.999998031258326
vt 0.09945625 1
vt 0.09945625 0.75
vt 0 0.75
vt 0 1
vt 0 0.75
vt 0 1
vt 0.0951875 1
vt 0.0951875 0.75
vt 0.010728125000000005 0.90054375
vt 0 0.902678125
vt 0 0.997865625
vt 0.010728125000000005 1
vt 0 0.997865625
vt 0.010728125000000005 1
vt 0.010728125000000005 0.90054375
vt 0 0.902678125
vt 0.09945625 1
vt 0.09945625 0.75
vt 0 0.75
vt 0 1
vt 0 0.75
vt 0 1
vt 0.0951875 1
vt 0.0951875 0.75
vt 0 0.9892737202729461
vt 0.002132800337468113 0.9999999999999994
vt 0.09732147502654287 0.9999999999999994
vt 0.09945478565810749 0.989271663297346
vt 0.0000019687416740465924 0.9978674215094837
vt 0.010728292578118998 1
vt 0.010728292578118998 0.9005452143206207
vt 0 0.9026787468407682
vt 0.09945625 1
vt 0.09945625 0.75
vt 0 0.75
vt 0 1
vt 0 0.75
vt 0 1
vt 0.0951875 1
vt 0.0951875 0.75
vt 0 0.9892740740128763
vt 0.0021345785957068986 0.9999999999999998
vt 0.09732440959556345 0.9999999999999998
vt 0.09945898819127032 0.9892740740128763
vt 2.220446049250313e-16 0.9978654214042931
vt 0.010725925987123686 1
vt 0.010725925987123686 0.9005410118087297
vt 2.7755575615628914e-16 0.9026755904044366
vt 0.09945625 1
vt 0.09945625 0.75
vt 0 0.75
vt 0 1
vt 0 0.75
vt 0 1
vt 0.0951875 1
vt 0.0951875 0.75
vt 0 0.989271663297346
vt 0.0021333106315646264 0.9999999999999994
vt 0.09732198532063939 0.9999999999999994
vt 0.09945478565810748 0.9892737202729461
vt 0 0.9978664674798525
vt 0.010728292578119025 1
vt 0.010728292578119025 0.9005452143206208
vt 0.000001968741674129859 0.902677792811137
vt 0.09945625 1
vt 0.09945625 0.75
vt 0 0.75
vt 0 1
vt 0 0.75
vt 0 1
vt 0.0951875 1
vt 0.0951875 0.75
vt 0 0.989271875
vt 0.002134375000000001 1
vt 0.097321875 1
vt 0.09945625 0.989271875
vt 0.002134375000000001 0.989271875
vt 0 1
vt 0.09945625 1
vt 0.097321875 0.989271875
vt 0.09945625 1
vt 0.09945625 0.75
vt 0 0.75
vt 0 1
vt 0 0.75
vt 0 1
vt 0.0951875 1
vt 0.0951875 0.75
vt 0.0000020569756015165197 1
vt 0.010728336702654856 0.9978671996625319
vt 0.010728336702654856 0.9026785249734571
vt 1.27675647831893e-15 0.9005452143418925
vt 0.0021325784905162765 0.9892736761635542
vt 0 0.9999999999999991
vt 0.0994547856793792 0.9999999999999992
vt 0.09732125315923175 0.9892717074218802
vt 0.09945625 1
vt 0.09945625 0.75
vt 0 0.75
vt 0 1
vt 0 0.75
vt 0 1
vt 0.0951875 1
vt 0.0951875 0.75
vt 4.996003610813204e-16 1
vt 0.010725925987123908 0.9978654214042931
vt 0.010725925987123935 0.9026755904044366
vt 4.996003610813204e-16 0.9005410118087297
vt 0.002134578595706871 0.989274074012876
vt 0 0.9999999999999996
vt 0.09945898819127032 0.9999999999999996
vt 0.09732440959556342 0.989274074012876
vt 0.09945625 1
vt 0.09945625 0.75
vt 0 0.75
vt 0 1
vt 0 0.75
vt 0 1
vt 0.0951875 1
vt 0.0951875 0.75
vt 1.27675647831893e-15 1
vt 0.010728336702654828 0.9978666893684354
vt 0.010728336702654828 0.9026780146793606
vt 0.0000020569756015165197 0.9005452143418925
vt 0.0021335325201474464 0.9892717074218802
vt 0 0.9999999999999992
vt 0.09945478567937921 0.9999999999999992
vt 0.09732220718886293 0.9892736761635543
vt 0.09945625 1
vt 0.09945625 0.75
vt 0 0.75
vt 0 1
vt 0 0.75
vt 0 1
vt 0.0951875 1
vt 0.0951875 0.75
vt 0 1
vt 0.010728125000000005 0.997865625
vt 0.010728125000000005 0.902678125
vt 0 0.90054375
vt 0.010728125000000005 0.902678125
vt 0 0.90054375
vt 0 1
vt 0.010728125000000005 0.997865625
vt 0.09945625 1
vt 0.09945625 0.75
vt 0 0.75
vt 0 1
vt 0 0.75
vt 0 1
vt 0.0951875 1
vt 0.0951875 0.75
vt 0.09945478565810749 0.9999979430243984
vt 0.09732198532063938 0.9892716632973451
vt 0.0021333106315646194 0.9892716632973452
vt 0 0.9999999999999988
vt 0.010726323836445756 0.9026777928111371
vt 8.326672684688674e-16 0.9005452143206208
vt 7.771561172376096e-16 1
vt 0.010728292578119775 0.9978664674798525
vt 0.09945625 1
vt 0.09945625 0.75
vt 0 0.75
vt 0 1
vt 0 0.75
vt 0 1
vt 0.0951875 1
vt 0.0951875 0.75
vt 0.09945898819127032 0.9999999999999996
vt 0.09732440959556342 0.989274074012876
vt 0.002134578595706871 0.989274074012876
vt 0 0.9999999999999996
vt 0.010725925987123935 0.9026755904044366
vt 4.996003610813204e-16 0.9005410118087297
vt 4.996003610813204e-16 1
vt 0.010725925987123908 0.9978654214042931
vt 0.09945625 1
vt 0.09945625 0.75
vt 0 0.75
vt 0 1
vt 0 0.75
vt 0 1
vt 0.0951875 1
vt 0.0951875 0.75
vt 0.09945478565810748 0.9999999999999987
vt 0.09732147502654284 0.9892716632973452
vt 0.0021328003374680854 0.9892716632973452
vt 0 0.9999979430243985
vt 0.010728292578119775 0.9026787468407682
vt 7.771561172376096e-16 0.9005452143206207
vt 7.771561172376096e-16 1
vt 0.010726323836445728 0.9978674215094837
vt 0.09945625 1
vt 0.09945625 0.75
vt 0 0.75
vt 0 1
vt 0 0.75
vt 0 1
vt 0.0951875 1
vt 0.0951875 0.75
vt 0.09945625 1
vt 0.097321875 0.989271875
vt 0.002134375000000001 0.989271875
vt 0 1
vt 0.097321875 1
vt 0.09945625 0.989271875
vt 0 0.989271875
vt 0.002134375000000001 1
vn 0.6453904865342265 0.5913914222255836 -0.4834535195953343
vn -0.6453904865342265 -0.5913914222255836 0.483453519595334
vn -0.6755902076156601 0.7372773368101242 0
vn 0.6755902076156601 -0.7372773368101242 0
vn 0.44236640208607486 0.4053541245693964 -0.7999999999999996
vn -0.44236640208607475 -0.40535412456939635 0.7999999999999997
vn -0.6755902076156601 0.7372773368101242 0
vn 0.6755902076156601 -0.7372773368101242 0
vn 0.21873093782776165 0.2004299770536448 -0.9549788485276851
vn -0.21873093782776173 -0.20042997705364488 0.9549788485276851
vn -0.6755902076156601 0.7372773368101242 0
vn 0.6755902076156601 -0.7372773368101242 0
vn 1.6370845497218327e-16 1.5001116074123913e-16 -1
vn -1.6370845497218327e-16 -1.5001116074123913e-16 1
vn -0.6755902076156601 0.7372773368101242 0
vn 0.6755902076156601 -0.7372773368101242 0
vn -0.21873093782776126 -0.20042997705364446 -0.9549788485276852
vn 0.2187309378277609 0.20042997705364413 0.9549788485276854
vn -0.6755902076156601 0.7372773368101242 0
vn 0.6755902076156601 -0.7372773368101242 0
vn -0.44236640208607425 -0.4053541245693958 -0.8000000000000003
vn 0.4423664020860744 0.40535412456939596 0.8
vn -0.6755902076156601 0.7372773368101242 0
vn 0.6755902076156601 -0.7372773368101242 0
vn -0.6453904865342261 -0.5913914222255833 -0.4834535195953347
vn 0.6453904865342264 0.5913914222255835 0.4834535195953344
vn -0.6755902076156601 0.7372773368101242 0
vn 0.6755902076156601 -0.7372773368101242 0
vn -0.7372773368101242 -0.6755902076156601 -2.220446049250313e-16
vn 0.7372773368101242 0.6755902076156601 2.220446049250313e-16
vn -0.6755902076156601 0.7372773368101242 0
vn 0.6755902076156601 -0.7372773368101242 0
vn -0.6453904865342265 -0.5913914222255836 0.48345351959533406
vn 0.6453904865342268 0.5913914222255839 -0.48345351959533345
vn -0.6755902076156601 0.7372773368101242 0
vn 0.6755902076156601 -0.7372773368101242 0
vn -0.44236640208607464 -0.4053541245693962 0.7999999999999999
vn 0.4423664020860743 0.4053541245693959 -0.8000000000000003
vn -0.6755902076156601 0.7372773368101242 0
vn 0.6755902076156601 -0.7372773368101242 0
vn -0.21873093782776157 -0.2004299770536447 0.9549788485276851
vn 0.21873093782776207 0.20042997705364518 -0.9549788485276851
vn -0.6755902076156601 0.7372773368101242 0
vn 0.6755902076156601 -0.7372773368101242 0
vn -5.752174454104644e-16 -5.270896770682738e-16 1
vn 1.6370845497218327e-16 1.5001116074123913e-16 -1
vn -0.6755902076156601 0.7372773368101242 0
vn 0.6755902076156601 -0.7372773368101242 0
vn 0.2187309378277614 0.2004299770536446 0.9549788485276852
vn -0.21873093782776104 -0.20042997705364424 -0.9549788485276854
vn -0.6755902076156601 0.7372773368101242 0
vn 0.6755902076156601 -0.7372773368101242 0
vn 0.44236640208607425 0.4053541245693958 0.8000000000000003
vn -0.44236640208607453 -0.4053541245693961 -0.7999999999999999
vn -0.6755902076156601 0.7372773368101242 0
vn 0.6755902076156601 -0.7372773368101242 0
vn 0.6453904865342261 0.5913914222255833 0.48345351959533467
vn -0.6453904865342261 -0.5913914222255833 -0.483453519595335
vn -0.6755902076156601 0.7372773368101242 0
vn 0.6755902076156601 -0.7372773368101242 0
vn 0.7372773368101242 0.6755902076156601 9.662403458270915e-16
vn -0.7372773368101242 -0.6755902076156601 -2.220446049250313e-16
vn -0.6755902076156601 0.7372773368101242 0
vn 0.6755902076156601 -0.7372773368101242 0
usemtl none
f 1286/5121/1281 1285/5122/1281 1281/5123/1281 1282/5124/1281
f 1287/5125/1282 1288/5126/1282 1284/5127/1282 1283/5128/1282
f 1285/5129/1283 1287/5130/1283 1283/5131/1283 1281/5132/1283
f 1288/5133/1284 1286/5134/1284 1282/5135/1284 1284/5136/1284
f 1290/5137/1285 1289/5138/1285 1285/5139/1285 1286/5140/1285
f 1291/5141/1286 1292/5142/1286 1288/5143/1286 1287/5144/1286
f 1289/5145/1287 1291/5146/1287 1287/5147/1287 1285/5148/1287
f 1292/5149/1288 1290/5150/1288 1286/5151/1288 1288/5152/1288
f 1294/5153/1289 1293/5154/1289 1289/5155/1289 1290/5156/1289
f 1295/5157/1290 1296/5158/1290 1292/5159/1290 1291/5160/1290
f 1293/5161/1291 1295/5162/1291 1291/5163/1291 1289/5164/1291
f 1296/5165/1292 1294/5166/1292 1290/5167/1292 1292/5168/1292
f 1298/5169/1293 1297/5170/1293 1293/5171/1293 1294/5172/1293
f 1299/5173/1294 1300/5174/1294 1296/5175/1294 1295/5176/1294
f 1297/5177/1295 1299/5178/1295 1295/5179/1295 1293/5180/1295
f 1300/5181/1296 1298/5182/1296 1294/5183/1296 1296/5184/1296
f 1302/5185/1297 1301/5186/1297 1297/5187/1297 1298/5188/1297
f 1303/5189/1298 1304/5190/1298 1300/5191/1298 1299/5192/1298
f 1301/5193/1299 1303/5194/1299 1299/5195/1299 1297/5196/1299
f 1304/5197/1300 1302/5198/1300 1298/5199/1300 1300/5200/1300
f 1306/5201/1301 1305/5202/1301 1301/5203/1301 1302/5204/1301
f 1307/5205/1302 1308/5206/1302 1304/5207/1302 1303/5208/1302
f 1305/5209/1303 1307/5210/1303 1303/5211/1303 1301/5212/1303
f 1308/5213/1304 1306/5214/1304 1302/5215/1304 1304/5216/1304
f 1310/5217/1305 1309/5218/1305 1305/5219/1305 1306/5220/1305
f 1311/5221/1306 1312/5222/1306 1308/5223/1306 1307/5224/1306
f 1309/5225/1307 1311/5226/1307 1307/5227/1307 1305/5228/1307
f 1312/5229/1308 1310/5230/1308 1306/5231/1308 1308/5232/1308
f 1314/5233/1309 1313/5234/1309 1309/5235/1309 1310/5236/1309
f 1315/5237/1310 1316/5238/1310 1312/5239/1310 1311/5240/1310
f 1313/5241/1311 1315/5242/1311 1311/5243/1311 1309/5244/1311
f 1316/5245/1312 1314/5246/1312 1310/5247/1312 1312/5248/1312
f 1318/5249/1313 1317/5250/1313 1313/5251/1313 1314/5252/1313
f 1319/5253/1314 1320/5254/1314 1316/5255/1314 1315/5256/1314
f 1317/5257/1315 1319/5258/1315 1315/5259/1315 1313/5260/1315
f 1320/5261/1316 1318/5262/1316 1314/5263/1316 1316/5264/1316
f 1322/5265/1317 1321/5266/1317 1317/5267/1317 1318/5268/1317
f 1323/5269/1318 1324/5270/1318 1320/5271/1318 1319/5272/1318
f 1321/5273/1319 1323/5274/1319 1319/5275/1319 1317/5276/1319
f 1324/5277/1320 1322/5278/1320 1318/5279/1320 1320/5280/1320
f 1326/5281/1321 1325/5282/1321 1321/5283/1321 1322/5284/1321
f 1327/5285/1322 1328/5286/1322 1324/5287/1322 1323/5288/1322
f 1325/5289/1323 1327/5290/1323 1323/5291/1323 1321/5292/1323
f 1328/5293/1324 1326/5294/1324 1322/5295/1324 1324/5296/1324
f 1330/5297/1325 1329/5298/1325 1325/5299/1325 1326/5300/1325
f 1331/5301/1326 1332/5302/1326 1328/5303/1326 1327/5304/1326
f 1329/5305/1327 1331/5306/1327 1327/5307/1327 1325/5308/1327
f 1332/5309/1328 1330/5310/1328 1326/5311/1328 1328/5312/1328
f 1334/5313/1329 1333/5314/1329 1329/5315/1329 1330/5316/1329
f 1335/5317/1330 1336/5318/1330 1332/5319/1330 1331/5320/1330
f 1333/5321/1331 1335/5322/1331 1331/5323/1331 1329/5324/1331
f 1336/5325/1332 1334/5326/1332 1330/5327/1332 1332/5328/1332
f 1338/5329/1333 1337/5330/1333 1333/5331/1333 1334/5332/1333
f 1339/5333/1334 1340/5334/1334 1336/5335/1334 1335/5336/1334
f 1337/5337/1335 1339/5338/1335 1335/5339/1335 1333/5340/1335
f 1340/5341/1336 1338/5342/1336 1334/5343/1336 1336/5344/1336
f 1342/5345/1337 1341/5346/1337 1337/5347/1337 1338/5348/1337
f 1343/5349/1338 1344/5350/1338 1340/5351/1338 1339/5352/1338
f 1341/5353/1339 1343/5354/1339 1339/5355/1339 1337/5356/1339
f 1344/5357/1340 1342/5358/1340 1338/5359/1340 1340/5360/1340
f 1282/5361/1341 1281/5362/1341 1341/5363/1341 1342/5364/1341
f 1283/5365/1342 1284/5366/1342 1344/5367/1342 1343/5368/1342
f 1281/5369/1343 1283/5370/1343 1343/5371/1343 1341/5372/1343
f 1284/5373/1344 1282/5374/1344 1342/5375/1344 1344/5376/1344
o tube
v -0.1378643797403733 0.23246345416335443 0.01562500000000001
v -0.1378643797403733 0.23246345416335443 -0.01562499999999999
v -0.13961652538312042 0.23358598903470884 0.01562500000000001
v -0.13961652538312042 0.23358598903470884 -0.01562499999999999
v -0.12574930979670534 0.25324412336427615 0.01562500000000001
v -0.12574930979670532 0.25324412336427615 -0.015624999999999991
v -0.12802129905896045 0.253474983788563 0.015625000000000007
v -0.12802129905896045 0.2534749837885629 -0.015624999999999991
v -0.12169527704494423 0.2748438873105965 0.015625000000000007
v -0.12169527704494423 0.2748438873105965 -0.015624999999999995
v -0.12414122015716297 0.27414792688097295 0.015625000000000007
v -0.12414122015716297 0.27414792688097295 -0.015624999999999995
v -0.12631947122164722 0.29397437774383595 0.015625000000000003
v -0.12631947122164722 0.29397437774383595 -0.015624999999999998
v -0.1285669955175238 0.29245755012681524 0.015625000000000003
v -0.1285669955175238 0.29245755012681524 -0.015624999999999998
v -0.13891790068183588 0.3077231509138614 0.015624999999999998
v -0.13891790068183588 0.3077231509138614 -0.015625000000000003
v -0.14062484096118155 0.30561637936405833 0.015624999999999998
v -0.14062484096118155 0.30561637936405833 -0.015625000000000003
v -0.1575725687452439 0.31399708073847554 0.015624999999999995
v -0.1575725687452439 0.31399708073847554 -0.015625000000000007
v -0.15847905882398045 0.3116211021264161 0.015624999999999995
v -0.15847905882398045 0.3116211021264161 -0.015625000000000007
v -0.17944347130420454 0.3118410182751965 0.015624999999999991
v -0.17944347130420454 0.3118410182751965 -0.01562500000000001
v -0.1794115062851974 0.3095575538062668 0.015624999999999991
v -0.1794115062851974 0.3095575538062668 -0.015625000000000007
v -0.2012009617043414 0.3015832044893036 0.01562499999999999
v -0.2012009617043414 0.3015832044893036 -0.01562500000000001
v -0.20023540797197076 0.2997398909292413 0.01562499999999999
v -0.20023540797197073 0.2997398909292413 -0.01562500000000001
v -0.21953265926437532 0.2847852985423853 0.01562499999999999
v -0.21953265926437532 0.2847852985423853 -0.01562500000000001
v -0.2177805136216282 0.28366276367103094 0.01562499999999999
v -0.2177805136216282 0.28366276367103094 -0.01562500000000001
v -0.23164772920804327 0.2640046293414636 0.015624999999999991
v -0.23164772920804327 0.2640046293414636 -0.01562500000000001
v -0.2293757399457882 0.26377376891717685 0.015624999999999991
v -0.22937573994578817 0.26377376891717685 -0.015625000000000007
v -0.23570176195980438 0.24240486539514328 0.015624999999999995
v -0.23570176195980438 0.24240486539514328 -0.015625000000000007
v -0.23325581884758564 0.24310082582476683 0.015624999999999995
v -0.23325581884758564 0.24310082582476683 -0.015625000000000007
v -0.2310775677831014 0.2232743749619039 0.015624999999999998
v -0.2310775677831014 0.2232743749619039 -0.015625000000000003
v -0.22883004348722483 0.22479120257892454 0.015624999999999998
v -0.22883004348722483 0.22479120257892454 -0.015625000000000003
v -0.21847913832291274 0.2095256017918784 0.015625000000000003
v -0.21847913832291274 0.2095256017918784 -0.015624999999999998
v -0.21677219804356707 0.21163237334168145 0.015625000000000003
v -0.21677219804356707 0.21163237334168145 -0.015624999999999998
v -0.19982447025950473 0.2032516719672642 0.015625000000000007
v -0.19982447025950473 0.2032516719672642 -0.015624999999999995
v -0.19891798018076817 0.20562765057932372 0.015625000000000007
v -0.19891798018076817 0.20562765057932372 -0.015624999999999995
v -0.17795356770054407 0.20540773443054328 0.01562500000000001
v -0.17795356770054407 0.20540773443054325 -0.015624999999999991
v -0.17798553271955125 0.20769119889947296 0.015625000000000007
v -0.17798553271955123 0.20769119889947296 -0.015624999999999991
v -0.15619607730040724 0.21566554821643621 0.01562500000000001
v -0.15619607730040722 0.21566554821643621 -0.01562499999999999
v -0.1571616310327779 0.21750886177649847 0.01562500000000001
v -0.1571616310327779 0.21750886177649847 -0.01562499999999999
vt 0.09945625 1
vt 0.09945625 0.75
vt 0 0.75
vt 0 1
vt 0 0.75
vt 0 1
vt 0.0951875 1
vt 0.0951875 0.75
vt 0.010726279727053867 0.9005452143418925
vt 5.551115123125783e-16 0.9026780146793606
vt 5.551115123125783e-16 0.9978666893684354
vt 0.010728336702654107 1
vt 0.09732220718886293 0.9999980312583259
vt 0.0994547856793792 0.989271707421881
vt 0 0.989271707421881
vt 0.0021335325201474534 1
vt 0.09945625 1
vt 0.09945625 0.75
vt 0 0.75
vt 0 1
vt 0 0.75
vt 0 1
vt 0.0951875 1
vt 0.0951875 0.75
vt 0.010725925987123686 0.9005410118087297
vt 2.7755575615628914e-16 0.9026755904044366
vt 2.220446049250313e-16 0.9978654214042931
vt 0.010725925987123686 1
vt 0.09732440959556345 0.9999999999999998
vt 0.09945898819127032 0.9892740740128763
vt 0 0.9892740740128763
vt 0.0021345785957068986 0.9999999999999998
vt 0.09945625 1
vt 0.09945625 0.75
vt 0 0.75
vt 0 1
vt 0 0.75
vt 0 1
vt 0.0951875 1
vt 0.0951875 0.75
vt 0.010728336702654107 0.9005452143418925
vt 5.551115123125783e-16 0.9026785249734571
vt 5.551115123125783e-16 0.9978671996625319
vt 0.010726279727053867 1
vt 0.09732125315923176 1
vt 0.09945478567937921 0.989271707421881
vt 0 0.989271707421881
vt 0.0021325784905162765 0.999998031258326
vt 0.09945625 1
vt 0.09945625 0.75
vt 0 0.75
vt 0 1
vt 0 0.75
vt 0 1
vt 0.0951875 1
vt 0.0951875 0.75
vt 0.010728125000000005 0.90054375
vt 0 0.902678125
vt 0 0.997865625
vt 0.010728125000000005 1
vt 0 0.997865625
vt 0.010728125000000005 1
vt 0.010728125000000005 0.90054375
vt 0 0.902678125
vt 0.09945625 1
vt 0.09945625 0.75
vt 0 0.75
vt 0 1
vt 0 0.75
vt 0 1
vt 0.0951875 1
vt 0.0951875 0.75
vt 0 0.9892737202729461
vt 0.002132800337468113 0.9999999999999994
vt 0.09732147502654287 0.9999999999999994
vt 0.09945478565810749 0.989271663297346
vt 0.0000019687416740465924 0.9978674215094837
vt 0.010728292578118998 1
vt 0.010728292578118998 0.9005452143206207
vt 0 0.9026787468407682
vt 0.09945625 1
vt 0.09945625 0.75
vt 0 0.75
vt 0 1
vt 0 0.75
vt 0 1
vt 0.0951875 1
vt 0.0951875 0.75
vt 0 0.9892740740128763
vt 0.0021345785957068986 0.9999999999999998
vt 0.09732440959556345 0.9999999999999998
vt 0.09945898819127032 0.9892740740128763
vt 2.220446049250313e-16 0.9978654214042931
vt 0.010725925987123686 1
vt 0.010725925987123686 0.9005410118087297
vt 2.7755575615628914e-16 0.9026755904044366
vt 0.09945625 1
vt 0.09945625 0.75
vt 0 0.75
vt 0 1
vt 0 0.75
vt 0 1
vt 0.0951875 1
vt 0.0951875 0.75
vt 0 0.989271663297346
vt 0.0021333106315646264 0.9999999999999994
vt 0.09732198532063939 0.9999999999999994
vt 0.09945478565810748 0.9892737202729461
vt 0 0.9978664674798525
vt 0.010728292578119025 1
vt 0.010728292578119025 0.9005452143206208
vt 0.000001968741674129859 0.902677792811137
vt 0.09945625 1
vt 0.09945625 0.75
vt 0 0.75
vt 0 1
vt 0 0.75
vt 0 1
vt 0.0951875 1
vt 0.0951875 0.75
vt 0 0.989271875
vt 0.002134375000000001 1
vt 0.097321875 1
vt 0.09945625 0.989271875
vt 0.002134375000000001 0.989271875
vt 0 1
vt 0.09945625 1
vt 0.097321875 0.989271875
vt 0.09945625 1
vt 0.09945625 0.75
vt 0 0.75
vt 0 1
vt 0 0.75
vt 0 1
vt 0.0951875 1
vt 0.0951875 0.75
vt 0.0000020569756015165197 1
vt 0.010728336702654856 0.9978671996625319
vt 0.010728336702654856 0.9026785249734571
vt 1.27675647831893e-15 0.9005452143418925
vt 0.0021325784905162765 0.9892736761635542
vt 0 0.9999999999999991
vt 0.0994547856793792 0.9999999999999992
vt 0.09732125315923175 0.9892717074218802
vt 0.09945625 1
vt 0.09945625 0.75
vt 0 0.75
vt 0 1
vt 0 0.75
vt 0 1
vt 0.0951875 1
vt 0.0951875 0.75
vt 4.996003610813204e-16 1
vt 0.010725925987123908 0.9978654214042931
vt 0.010725925987123935 0.9026755904044366
vt 4.996003610813204e-16 0.9005410118087297
vt 0.002134578595706871 0.989274074012876
vt 0 0.9999999999999996
vt 0.09945898819127032 0.9999999999999996
vt 0.09732440959556342 0.989274074012876
vt 0.09945625 1
vt 0.09945625 0.75
vt 0 0.75
vt 0 1
vt 0 0.75
vt 0 1
vt 0.0951875 1
vt 0.0951875 0.75
vt 1.27675647831893e-15 1
vt 0.010728336702654828 0.9978666893684354
vt 0.010728336702654828 0.9026780146793606
vt 0.0000020569756015165197 0.9005452143418925
vt 0.0021335325201474464 0.9892717074218802
vt 0 0.9999999999999992
vt 0.09945478567937921 0.9999999999999992
vt 0.09732220718886293 0.9892736761635543
vt 0.09945625 1
vt 0.09945625 0.75
vt 0 0.75
vt 0 1
vt 0 0.75
vt 0 1
vt 0.0951875 1
vt 0.0951875 0.75
vt 0 1
vt 0.010728125000000005 0.997865625
vt 0.010728125000000005 0.902678125
vt 0 0.90054375
vt 0.010728125000000005 0.902678125
vt 0 0.90054375
vt 0 1
vt 0.010728125000000005 0.997865625
vt 0.09945625 1
vt 0.09945625 0.75
vt 0 0.75
vt 0 1
vt 0 0.75
vt 0 1
vt 0.0951875 1
vt 0.0951875 0.75
vt 0.09945478565810749 0.9999979430243984
vt 0.09732198532063938 0.9892716632973451
vt 0.0021333106315646194 0.9892716632973452
vt 0 0.9999999999999988
vt 0.010726323836445756 0.9026777928111371
vt 8.326672684688674e-16 0.9005452143206208
vt 7.771561172376096e-16 1
vt 0.010728292578119775 0.9978664674798525
vt 0.09945625 1
vt 0.09945625 0.75
vt 0 0.75
vt 0 1
vt 0 0.75
vt 0 1
vt 0.0951875 1
vt 0.0951875 0.75
vt 0.09945898819127032 0.9999999999999996
vt 0.09732440959556342 0.989274074012876
vt 0.002134578595706871 0.989274074012876
vt 0 0.9999999999999996
vt 0.010725925987123935 0.9026755904044366
vt 4.996003610813204e-16 0.9005410118087297
vt 4.996003610813204e-16 1
vt 0.010725925987123908 0.9978654214042931
vt 0.09945625 1
vt 0.09945625 0.75
vt 0 0.75
vt 0 1
vt 0 0.75
vt 0 1
vt 0.0951875 1
vt 0.0951875 0.75
vt 0.09945478565810748 0.9999999999999987
vt 0.09732147502654284 0.9892716632973452
vt 0.0021328003374680854 0.9892716632973452
vt 0 0.9999979430243985
vt 0.010728292578119775 0.9026787468407682
vt 7.771561172376096e-16 0.9005452143206207
vt 7.771561172376096e-16 1
vt 0.010726323836445728 0.9978674215094837
vt 0.09945625 1
vt 0.09945625 0.75
vt 0 0.75
vt 0 1
vt 0 0.75
vt 0 1
vt 0.0951875 1
vt 0.0951875 0.75
vt 0.09945625 1
vt 0.097321875 0.989271875
vt 0.002134375000000001 0.989271875
vt 0 1
vt 0.097321875 1
vt 0.09945625 0.989271875
vt 0 0.989271875
vt 0.002134375000000001 1
vn 0.8639052963731444 -0.503654285098846 2.1204790113309118e-16
vn -0.8639052963731446 0.5036542850988459 -2.1204790113309118e-16
vn -1.5001116074123913e-16 1.6370845497218327e-16 1
vn 1.5001116074123913e-16 -1.6370845497218327e-16 -1
vn 0.9828385681786026 -0.18446774487870365 1.776356839400251e-16
vn -0.9828385681786026 0.18446774487870354 -1.7763568394002508e-16
vn -1.5001116074123913e-16 1.6370845497218327e-16 1
vn 1.5001116074123913e-16 -1.6370845497218327e-16 -1
vn 0.9720069502101598 0.23495209882685425 1.0734824575816188e-16
vn -0.97200695021016 -0.23495209882685408 -1.0734824575816194e-16
vn -1.5001116074123913e-16 1.6370845497218327e-16 1
vn 1.5001116074123913e-16 -1.6370845497218327e-16 -1
vn 0.7372773368101242 0.6755902076156601 0
vn -0.7372773368101242 -0.6755902076156601 0
vn -1.5001116074123913e-16 1.6370845497218327e-16 1
vn 1.5001116074123913e-16 -1.6370845497218327e-16 -1
vn 0.3187740228582928 0.9478307456243128 -1.073482457581619e-16
vn -0.3187740228582937 -0.9478307456243125 1.0734824575816171e-16
vn -1.5001116074123913e-16 1.6370845497218327e-16 1
vn 1.5001116074123913e-16 -1.6370845497218327e-16 -1
vn -0.09810576400645321 0.9951759940174956 -1.77635683940025e-16
vn 0.09810576400645363 -0.9951759940174956 1.776356839400251e-16
vn -1.5001116074123913e-16 1.6370845497218327e-16 1
vn 1.5001116074123913e-16 -1.6370845497218327e-16 -1
vn -0.4264434207176213 0.9045142392061354 -2.1204790113309116e-16
vn 0.42644342071762154 -0.9045142392061354 2.120479011330912e-16
vn -1.5001116074123913e-16 1.6370845497218327e-16 1
vn 1.5001116074123913e-16 -1.6370845497218327e-16 -1
vn -0.6755902076156601 0.7372773368101242 -2.220446049250313e-16
vn 0.6755902076156601 -0.7372773368101242 2.220446049250313e-16
vn -1.5001116074123913e-16 1.6370845497218327e-16 1
vn 1.5001116074123913e-16 -1.6370845497218327e-16 -1
vn -0.8639052963731444 0.5036542850988459 -2.1204790113309116e-16
vn 0.863905296373144 -0.5036542850988465 2.1204790113309116e-16
vn -1.5001116074123913e-16 1.6370845497218327e-16 1
vn 1.5001116074123913e-16 -1.6370845497218327e-16 -1
vn -0.9828385681786027 0.18446774487870338 -1.7763568394002508e-16
vn 0.9828385681786027 -0.18446774487870266 1.7763568394002496e-16
vn -1.5001116074123913e-16 1.6370845497218327e-16 1
vn 1.5001116074123913e-16 -1.6370845497218327e-16 -1
vn -0.9720069502101598 -0.23495209882685453 -1.0734824575816183e-16
vn 0.97200695021016 0.23495209882685342 1.0734824575816203e-16
vn -1.5001116074123913e-16 1.6370845497218327e-16 1
vn 1.5001116074123913e-16 -1.6370845497218327e-16 -1
vn -0.737277336810125 -0.6755902076156594 -2.478669739132334e-31
vn 0.7372773368101242 0.6755902076156601 0
vn -1.5001116074123913e-16 1.6370845497218327e-16 1
vn 1.5001116074123913e-16 -1.6370845497218327e-16 -1
vn -0.31877402285829265 -0.9478307456243129 1.0734824575816196e-16
vn 0.3187740228582934 0.9478307456243126 -1.0734824575816177e-16
vn -1.5001116074123913e-16 1.6370845497218327e-16 1
vn 1.5001116074123913e-16 -1.6370845497218327e-16 -1
vn 0.09810576400645338 -0.9951759940174955 1.77635683940025e-16
vn -0.09810576400645388 0.9951759940174953 -1.7763568394002508e-16
vn -1.5001116074123913e-16 1.6370845497218327e-16 1
vn 1.5001116074123913e-16 -1.6370845497218327e-16 -1
vn 0.42644342071762154 -0.9045142392061354 2.120479011330912e-16
vn -0.426443420717621 0.9045142392061357 -2.1204790113309118e-16
vn -1.5001116074123913e-16 1.6370845497218327e-16 1
vn 1.5001116074123913e-16 -1.6370845497218327e-16 -1
vn 0.6755902076156597 -0.7372773368101245 2.220446049250313e-16
vn -0.6755902076156601 0.7372773368101242 -2.220446049250313e-16
vn -1.5001116074123913e-16 1.6370845497218327e-16 1
vn 1.5001116074123913e-16 -1.6370845497218327e-16 -1
usemtl none
f 1350/5377/1345 1349/5378/1345 1345/5379/1345 1346/5380/1345
f 1351/5381/1346 1352/5382/1346 1348/5383/1346 1347/5384/1346
f 1349/5385/1347 1351/5386/1347 1347/5387/1347 1345/5388/1347
f 1352/5389/1348 1350/5390/1348 1346/5391/1348 1348/5392/1348
f 1354/5393/1349 1353/5394/1349 1349/5395/1349 1350/5396/1349
f 1355/5397/1350 1356/5398/1350 1352/5399/1350 1351/5400/1350
f 1353/5401/1351 1355/5402/1351 1351/5403/1351 1349/5404/1351
f 1356/5405/1352 1354/5406/1352 1350/5407/1352 1352/5408/1352
f 1358/5409/1353 1357/5410/1353 1353/5411/1353 1354/5412/1353
f 1359/5413/1354 1360/5414/1354 1356/5415/1354 1355/5416/1354
f 1357/5417/1355 1359/5418/1355 1355/5419/1355 1353/5420/1355
f 1360/5421/1356 1358/5422/1356 1354/5423/1356 1356/5424/1356
f 1362/5425/1357 1361/5426/1357 1357/5427/1357 1358/5428/1357
f 1363/5429/1358 1364/5430/1358 1360/5431/1358 1359/5432/1358
f 1361/5433/1359 1363/5434/1359 1359/5435/1359 1357/5436/1359
f 1364/5437/1360 1362/5438/1360 1358/5439/1360 1360/5440/1360
f 1366/5441/1361 1365/5442/1361 1361/5443/1361 1362/5444/1361
f 1367/5445/1362 1368/5446/1362 1364/5447/1362 1363/5448/1362
f 1365/5449/1363 1367/5450/1363 1363/5451/1363 1361/5452/1363
f 1368/5453/1364 1366/5454/1364 1362/5455/1364 1364/5456/1364
f 1370/5457/1365 1369/5458/1365 1365/5459/1365 1366/5460/1365
f 1371/5461/1366 1372/5462/1366 1368/5463/1366 1367/5464/1366
f 1369/5465/1367 1371/5466/1367 1367/5467/1367 1365/5468/1367
f 1372/5469/1368 1370/5470/1368 1366/5471/1368 1368/5472/1368
f 1374/5473/1369 1373/5474/1369 1369/5475/1369 1370/5476/1369
f 1375/5477/1370 1376/5478/1370 1372/5479/1370 1371/5480/1370
f 1373/5481/1371 1375/5482/1371 1371/5483/1371 1369/5484/1371
f 1376/5485/1372 1374/5486/1372 1370/5487/1372 1372/5488/1372
f 1378/5489/1373 1377/5490/1373 1373/5491/1373 1374/5492/1373
f 1379/5493/1374 1380/5494/1374 1376/5495/1374 1375/5496/1374
f 1377/5497/1375 1379/5498/1375 1375/5499/1375 1373/5500/1375
f 1380/5501/1376 1378/5502/1376 1374/5503/1376 1376/5504/1376
f 1382/5505/1377 1381/5506/1377 1377/5507/1377 1378/5508/1377
f 1383/5509/1378 1384/5510/1378 1380/5511/1378 1379/5512/1378
f 1381/5513/1379 1383/5514/1379 1379/5515/1379 1377/5516/1379
f 1384/5517/1380 1382/5518/1380 1378/5519/1380 1380/5520/1380
f 1386/5521/1381 1385/5522/1381 1381/5523/1381 1382/5524/1381
f 1387/5525/1382 1388/5526/1382 1384/5527/1382 1383/5528/1382
f 1385/5529/1383 1387/5530/1383 1383/5531/1383 1381/5532/1383
f 1388/5533/1384 1386/5534/1384 1382/5535/1384 1384/5536/1384
f 1390/5537/1385 1389/5538/1385 1385/5539/1385 1386/5540/1385
f 1391/5541/1386 1392/5542/1386 1388/5543/1386 1387/5544/1386
f 1389/5545/1387 1391/5546/1387 1387/5547/1387 1385/5548/1387
f 1392/5549/1388 1390/5550/1388 1386/5551/1388 1388/5552/1388
f 1394/5553/1389 1393/5554/1389 1389/5555/1389 1390/5556/1389
f 1395/5557/1390 1396/5558/1390 1392/5559/1390 1391/5560/1390
f 1393/5561/1391 1395/5562/1391 1391/5563/1391 1389/5564/1391
f 1396/5565/1392 1394/5566/1392 1390/5567/1392 1392/5568/1392
f 1398/5569/1393 1397/5570/1393 1393/5571/1393 1394/5572/1393
f 1399/5573/1394 1400/5574/1394 1396/5575/1394 1395/5576/1394
f 1397/5577/1395 1399/5578/1395 1395/5579/1395 1393/5580/1395
f 1400/5581/1396 1398/5582/1396 1394/5583/1396 1396/5584/1396
f 1402/5585/1397 1401/5586/1397 1397/5587/1397 1398/5588/1397
f 1403/5589/1398 1404/5590/1398 1400/5591/1398 1399/5592/1398
f 1401/5593/1399 1403/5594/1399 1399/5595/1399 1397/5596/1399
f 1404/5597/1400 1402/5598/1400 1398/5599/1400 1400/5600/1400
f 1406/5601/1401 1405/5602/1401 1401/5603/1401 1402/5604/1401
f 1407/5605/1402 1408/5606/1402 1404/5607/1402 1403/5608/1402
f 1405/5609/1403 1407/5610/1403 1403/5611/1403 1401/5612/1403
f 1408/5613/1404 1406/5614/1404 1402/5615/1404 1404/5616/1404
f 1346/5617/1405 1345/5618/1405 1405/5619/1405 1406/5620/1405
f 1347/5621/1406 1348/5622/1406 1408/5623/1406 1407/5624/1406
f 1345/5625/1407 1347/5626/1407 1407/5627/1407 1405/5628/1407
f 1348/5629/1408 1346/5630/1408 1406/5631/1408 1408/5632/1408
o tube
v -0.299143797167588 0.08467809624742878 0.01562500000000001
v -0.299143797167588 0.08467809624742877 -0.01562499999999999
v -0.3008959428103351 0.0858006311187832 0.01562500000000001
v -0.3008959428103351 0.08580063111878318 -0.01562499999999999
v -0.28702872722392003 0.1054587654483505 0.01562500000000001
v -0.28702872722392003 0.1054587654483505 -0.015624999999999991
v -0.28930071648617517 0.1056896258726373 0.015625000000000007
v -0.28930071648617517 0.1056896258726373 -0.015624999999999991
v -0.2829746944721589 0.12705852939467085 0.015625000000000007
v -0.2829746944721589 0.12705852939467085 -0.015624999999999995
v -0.28542063758437763 0.1263625689650473 0.015625000000000007
v -0.28542063758437763 0.1263625689650473 -0.015624999999999995
v -0.2875988886488619 0.14618901982791027 0.015625000000000003
v -0.2875988886488619 0.14618901982791027 -0.015624999999999998
v -0.2898464129447385 0.1446721922108896 0.015625000000000003
v -0.2898464129447385 0.1446721922108896 -0.015624999999999998
v -0.30019731810905054 0.1599377929979357 0.015624999999999998
v -0.30019731810905054 0.1599377929979357 -0.015625000000000003
v -0.30190425838839624 0.15783102144813269 0.015624999999999998
v -0.30190425838839624 0.15783102144813269 -0.015625000000000003
v -0.3188519861724586 0.16621172282254992 0.015624999999999995
v -0.3188519861724586 0.16621172282254992 -0.015625000000000007
v -0.31975847625119513 0.1638357442104904 0.015624999999999995
v -0.31975847625119513 0.1638357442104904 -0.015625000000000007
v -0.34072288873141926 0.16405566035927088 0.015624999999999991
v -0.3407228887314192 0.16405566035927088 -0.01562500000000001
v -0.34069092371241205 0.1617721958903412 0.015624999999999991
v -0.34069092371241205 0.1617721958903412 -0.015625000000000007
v -0.36248037913155606 0.15379784657337792 0.01562499999999999
v -0.36248037913155606 0.15379784657337792 -0.01562500000000001
v -0.36151482539918545 0.15195453301331566 0.01562499999999999
v -0.36151482539918545 0.15195453301331566 -0.01562500000000001
v -0.38081207669159 0.1369999406264597 0.01562499999999999
v -0.38081207669159 0.1369999406264597 -0.01562500000000001
v -0.3790599310488429 0.1358774057551053 0.01562499999999999
v -0.3790599310488429 0.1358774057551053 -0.01562500000000001
v -0.39292714663525796 0.11621927142553799 0.015624999999999991
v -0.39292714663525796 0.11621927142553799 -0.01562500000000001
v -0.3906551573730029 0.11598841100125121 0.015624999999999991
v -0.3906551573730028 0.11598841100125121 -0.015625000000000007
v -0.39698117938701905 0.09461950747921763 0.015624999999999995
v -0.39698117938701905 0.09461950747921763 -0.015625000000000007
v -0.39453523627480036 0.09531546790884117 0.015624999999999995
v -0.39453523627480036 0.09531546790884117 -0.015625000000000007
v -0.3923569852103161 0.07548901704597823 0.015624999999999998
v -0.3923569852103161 0.07548901704597823 -0.015625000000000003
v -0.39010946091443954 0.07700584466299891 0.015624999999999998
v -0.39010946091443954 0.07700584466299891 -0.015625000000000003
v -0.3797585557501274 0.06174024387595277 0.015625000000000003
v -0.3797585557501274 0.06174024387595277 -0.015624999999999998
v -0.37805161547078175 0.0638470154257558 0.015625000000000003
v -0.37805161547078175 0.0638470154257558 -0.015624999999999998
v -0.3611038876867194 0.05546631405133857 0.015625000000000007
v -0.3611038876867194 0.05546631405133857 -0.015624999999999995
v -0.36019739760798286 0.057842292663398076 0.015625000000000007
v -0.36019739760798286 0.057842292663398076 -0.015624999999999995
v -0.3392329851277588 0.057622376514617615 0.01562500000000001
v -0.33923298512775873 0.05762237651461761 -0.015624999999999991
v -0.33926495014676594 0.0599058409835473 0.015625000000000007
v -0.33926495014676594 0.0599058409835473 -0.015624999999999991
v -0.31747549472762193 0.06788019030051057 0.01562500000000001
v -0.31747549472762193 0.06788019030051057 -0.01562499999999999
v -0.31844104845999255 0.06972350386057283 0.01562500000000001
v -0.31844104845999255 0.06972350386057283 -0.01562499999999999
vt 0.09945625 1
vt 0.09945625 0.75
vt 0 0.75
vt 0 1
vt 0 0.75
vt 0 1
vt 0.0951875 1
vt 0.0951875 0.75
vt 0.010726279727053867 0.9005452143418925
vt 5.551115123125783e-16 0.9026780146793606
vt 5.551115123125783e-16 0.9978666893684354
vt 0.010728336702654107 1
vt 0.09732220718886293 0.9999980312583259
vt 0.0994547856793792 0.989271707421881
vt 0 0.989271707421881
vt 0.0021335325201474534 1
vt 0.09945625 1
vt 0.09945625 0.75
vt 0 0.75
vt 0 1
vt 0 0.75
vt 0 1
vt 0.0951875 1
vt 0.0951875 0.75
vt 0.010725925987123686 0.9005410118087297
vt 2.7755575615628914e-16 0.9026755904044366
vt 2.220446049250313e-16 0.9978654214042931
vt 0.010725925987123686 1
vt 0.09732440959556345 0.9999999999999998
vt 0.09945898819127032 0.9892740740128763
vt 0 0.9892740740128763
vt 0.0021345785957068986 0.9999999999999998
vt 0.09945625 1
vt 0.09945625 0.75
vt 0 0.75
vt 0 1
vt 0 0.75
vt 0 1
vt 0.0951875 1
vt 0.0951875 0.75
vt 0.010728336702654107 0.9005452143418925
vt 5.551115123125783e-16 0.9026785249734571
vt 5.551115123125783e-16 0.9978671996625319
vt 0.010726279727053867 1
vt 0.09732125315923176 1
vt 0.09945478567937921 0.989271707421881
vt 0 0.989271707421881
vt 0.0021325784905162765 0.999998031258326
vt 0.09945625 1
vt 0.09945625 0.75
vt 0 0.75
vt 0 1
vt 0 0.75
vt 0 1
vt 0.0951875 1
vt 0.0951875 0.75
vt 0.010728125000000005 0.90054375
vt 0 0.902678125
vt 0 0.997865625
vt 0.010728125000000005 1
vt 0 0.997865625
vt 0.010728125000000005 1
vt 0.010728125000000005 0.90054375
vt 0 0.902678125
vt 0.09945625 1
vt 0.09945625 0.75
vt 0 0.75
vt 0 1
vt 0 0.75
vt 0 1
vt 0.0951875 1
vt 0.0951875 0.75
vt 0 0.9892737202729461
vt 0.002132800337468113 0.9999999999999994
vt 0.09732147502654287 0.9999999999999994
vt 0.09945478565810749 0.989271663297346
vt 0.0000019687416740465924 0.9978674215094837
vt 0.010728292578118998 1
vt 0.010728292578118998 0.9005452143206207
vt 0 0.9026787468407682
vt 0.09945625 1
vt 0.09945625 0.75
vt 0 0.75
vt 0 1
vt 0 0.75
vt 0 1
vt 0.0951875 1
vt 0.0951875 0.75
vt 0 0.9892740740128763
vt 0.0021345785957068986 0.9999999999999998
vt 0.09732440959556345 0.9999999999999998
vt 0.09945898819127032 0.9892740740128763
vt 2.220446049250313e-16 0.9978654214042931
vt 0.010725925987123686 1
vt 0.010725925987123686 0.9005410118087297
vt 2.7755575615628914e-16 0.9026755904044366
vt 0.09945625 1
vt 0.09945625 0.75
vt 0 0.75
vt 0 1
vt 0 0.75
vt 0 1
vt 0.0951875 1
vt 0.0951875 0.75
vt 0 0.989271663297346
vt 0.0021333106315646264 0.9999999999999994
vt 0.09732198532063939 0.9999999999999994
vt 0.09945478565810748 0.9892737202729461
vt 0 0.9978664674798525
vt 0.010728292578119025 1
vt 0.010728292578119025 0.9005452143206208
vt 0.000001968741674129859 0.902677792811137
vt 0.09945625 1
vt 0.09945625 0.75
vt 0 0.75
vt 0 1
vt 0 0.75
vt 0 1
vt 0.0951875 1
vt 0.0951875 0.75
vt 0 0.989271875
vt 0.002134375000000001 1
vt 0.097321875 1
vt 0.09945625 0.989271875
vt 0.002134375000000001 0.989271875
vt 0 1
vt 0.09945625 1
vt 0.097321875 0.989271875
vt 0.09945625 1
vt 0.09945625 0.75
vt 0 0.75
vt 0 1
vt 0 0.75
vt 0 1
vt 0.0951875 1
vt 0.0951875 0.75
vt 0.0000020569756015165197 1
vt 0.010728336702654856 0.9978671996625319
vt 0.010728336702654856 0.9026785249734571
vt 1.27675647831893e-15 0.9005452143418925
vt 0.0021325784905162765 0.9892736761635542
vt 0 0.9999999999999991
vt 0.0994547856793792 0.9999999999999992
vt 0.09732125315923175 0.9892717074218802
vt 0.09945625 1
vt 0.09945625 0.75
vt 0 0.75
vt 0 1
vt 0 0.75
vt 0 1
vt 0.0951875 1
vt 0.0951875 0.75
vt 4.996003610813204e-16 1
vt 0.010725925987123908 0.9978654214042931
vt 0.010725925987123935 0.9026755904044366
vt 4.996003610813204e-16 0.9005410118087297
vt 0.002134578595706871 0.989274074012876
vt 0 0.9999999999999996
vt 0.09945898819127032 0.9999999999999996
vt 0.09732440959556342 0.989274074012876
vt 0.09945625 1
vt 0.09945625 0.75
vt 0 0.75
vt 0 1
vt 0 0.75
vt 0 1
vt 0.0951875 1
vt 0.0951875 0.75
vt 1.27675647831893e-15 1
vt 0.010728336702654828 0.9978666893684354
vt 0.010728336702654828 0.9026780146793606
vt 0.0000020569756015165197 0.9005452143418925
vt 0.0021335325201474464 0.9892717074218802
vt 0 0.9999999999999992
vt 0.09945478567937921 0.9999999999999992
vt 0.09732220718886293 0.9892736761635543
vt 0.09945625 1
vt 0.09945625 0.75
vt 0 0.75
vt 0 1
vt 0 0.75
vt 0 1
vt 0.0951875 1
vt 0.0951875 0.75
vt 0 1
vt 0.010728125000000005 0.997865625
vt 0.010728125000000005 0.902678125
vt 0 0.90054375
vt 0.010728125000000005 0.902678125
vt 0 0.90054375
vt 0 1
vt 0.010728125000000005 0.997865625
vt 0.09945625 1
vt 0.09945625 0.75
vt 0 0.75
vt 0 1
vt 0 0.75
vt 0 1
vt 0.0951875 1
vt 0.0951875 0.75
vt 0.09945478565810749 0.9999979430243984
vt 0.09732198532063938 0.9892716632973451
vt 0.0021333106315646194 0.9892716632973452
vt 0 0.9999999999999988
vt 0.010726323836445756 0.9026777928111371
vt 8.326672684688674e-16 0.9005452143206208
vt 7.771561172376096e-16 1
vt 0.010728292578119775 0.9978664674798525
vt 0.09945625 1
vt 0.09945625 0.75
vt 0 0.75
vt 0 1
vt 0 0.75
vt 0 1
vt 0.0951875 1
vt 0.0951875 0.75
vt 0.09945898819127032 0.9999999999999996
vt 0.09732440959556342 0.989274074012876
vt 0.002134578595706871 0.989274074012876
vt 0 0.9999999999999996
vt 0.010725925987123935 0.9026755904044366
vt 4.996003610813204e-16 0.9005410118087297
vt 4.996003610813204e-16 1
vt 0.010725925987123908 0.9978654214042931
vt 0.09945625 1
vt 0.09945625 0.75
vt 0 0.75
vt 0 1
vt 0 0.75
vt 0 1
vt 0.0951875 1
vt 0.0951875 0.75
vt 0.09945478565810748 0.9999999999999987
vt 0.09732147502654284 0.9892716632973452
vt 0.0021328003374680854 0.9892716632973452
vt 0 0.9999979430243985
vt 0.010728292578119775 0.9026787468407682
vt 7.771561172376096e-16 0.9005452143206207
vt 7.771561172376096e-16 1
vt 0.010726323836445728 0.9978674215094837
vt 0.09945625 1
vt 0.09945625 0.75
vt 0 0.75
vt 0 1
vt 0 0.75
vt 0 1
vt 0.0951875 1
vt 0.0951875 0.75
vt 0.09945625 1
vt 0.097321875 0.989271875
vt 0.002134375000000001 0.989271875
vt 0 1
vt 0.097321875 1
vt 0.09945625 0.989271875
vt 0 0.989271875
vt 0.002134375000000001 1
vn 0.8639052963731444 -0.503654285098846 2.1204790113309118e-16
vn -0.8639052963731446 0.5036542850988459 -2.1204790113309118e-16
vn -1.5001116074123913e-16 1.6370845497218327e-16 1
vn 1.5001116074123913e-16 -1.6370845497218327e-16 -1
vn 0.9828385681786026 -0.18446774487870365 1.776356839400251e-16
vn -0.9828385681786026 0.18446774487870354 -1.7763568394002508e-16
vn -1.5001116074123913e-16 1.6370845497218327e-16 1
vn 1.5001116074123913e-16 -1.6370845497218327e-16 -1
vn 0.9720069502101598 0.23495209882685425 1.0734824575816188e-16
vn -0.97200695021016 -0.23495209882685408 -1.0734824575816194e-16
vn -1.5001116074123913e-16 1.6370845497218327e-16 1
vn 1.5001116074123913e-16 -1.6370845497218327e-16 -1
vn 0.7372773368101242 0.6755902076156601 0
vn -0.7372773368101242 -0.6755902076156601 0
vn -1.5001116074123913e-16 1.6370845497218327e-16 1
vn 1.5001116074123913e-16 -1.6370845497218327e-16 -1
vn 0.3187740228582928 0.9478307456243128 -1.073482457581619e-16
vn -0.3187740228582937 -0.9478307456243125 1.0734824575816171e-16
vn -1.5001116074123913e-16 1.6370845497218327e-16 1
vn 1.5001116074123913e-16 -1.6370845497218327e-16 -1
vn -0.09810576400645321 0.9951759940174956 -1.77635683940025e-16
vn 0.09810576400645363 -0.9951759940174956 1.776356839400251e-16
vn -1.5001116074123913e-16 1.6370845497218327e-16 1
vn 1.5001116074123913e-16 -1.6370845497218327e-16 -1
vn -0.4264434207176213 0.9045142392061354 -2.1204790113309116e-16
vn 0.42644342071762154 -0.9045142392061354 2.120479011330912e-16
vn -1.5001116074123913e-16 1.6370845497218327e-16 1
vn 1.5001116074123913e-16 -1.6370845497218327e-16 -1
vn -0.6755902076156601 0.7372773368101242 -2.220446049250313e-16
vn 0.6755902076156601 -0.7372773368101242 2.220446049250313e-16
vn -1.5001116074123913e-16 1.6370845497218327e-16 1
vn 1.5001116074123913e-16 -1.6370845497218327e-16 -1
vn -0.8639052963731444 0.5036542850988459 -2.1204790113309116e-16
vn 0.863905296373144 -0.5036542850988465 2.1204790113309116e-16
vn -1.5001116074123913e-16 1.6370845497218327e-16 1
vn 1.5001116074123913e-16 -1.6370845497218327e-16 -1
vn -0.9828385681786027 0.18446774487870338 -1.7763568394002508e-16
vn 0.9828385681786027 -0.18446774487870266 1.7763568394002496e-16
vn -1.5001116074123913e-16 1.6370845497218327e-16 1
vn 1.5001116074123913e-16 -1.6370845497218327e-16 -1
vn -0.9720069502101598 -0.23495209882685453 -1.0734824575816183e-16
vn 0.97200695021016 0.23495209882685342 1.0734824575816203e-16
vn -1.5001116074123913e-16 1.6370845497218327e-16 1
vn 1.5001116074123913e-16 -1.6370845497218327e-16 -1
vn -0.737277336810125 -0.6755902076156594 -2.478669739132334e-31
vn 0.7372773368101242 0.6755902076156601 0
vn -1.5001116074123913e-16 1.6370845497218327e-16 1
vn 1.5001116074123913e-16 -1.6370845497218327e-16 -1
vn -0.31877402285829265 -0.9478307456243129 1.0734824575816196e-16
vn 0.3187740228582934 0.9478307456243126 -1.0734824575816177e-16
vn -1.5001116074123913e-16 1.6370845497218327e-16 1
vn 1.5001116074123913e-16 -1.6370845497218327e-16 -1
vn 0.09810576400645338 -0.9951759940174955 1.77635683940025e-16
vn -0.09810576400645388 0.9951759940174953 -1.7763568394002508e-16
vn -1.5001116074123913e-16 1.6370845497218327e-16 1
vn 1.5001116074123913e-16 -1.6370845497218327e-16 -1
vn 0.42644342071762154 -0.9045142392061354 2.120479011330912e-16
vn -0.426443420717621 0.9045142392061357 -2.1204790113309118e-16
vn -1.5001116074123913e-16 1.6370845497218327e-16 1
vn 1.5001116074123913e-16 -1.6370845497218327e-16 -1
vn 0.6755902076156597 -0.7372773368101245 2.220446049250313e-16
vn -0.6755902076156601 0.7372773368101242 -2.220446049250313e-16
vn -1.5001116074123913e-16 1.6370845497218327e-16 1
vn 1.5001116074123913e-16 -1.6370845497218327e-16 -1
usemtl none
f 1414/5633/1409 1413/5634/1409 1409/5635/1409 1410/5636/1409
f 1415/5637/1410 1416/5638/1410 1412/5639/1410 1411/5640/1410
f 1413/5641/1411 1415/5642/1411 1411/5643/1411 1409/5644/1411
f 1416/5645/1412 1414/5646/1412 1410/5647/1412 1412/5648/1412
f 1418/5649/1413 1417/5650/1413 1413/5651/1413 1414/5652/1413
f 1419/5653/1414 1420/5654/1414 1416/5655/1414 1415/5656/1414
f 1417/5657/1415 1419/5658/1415 1415/5659/1415 1413/5660/1415
f 1420/5661/1416 1418/5662/1416 1414/5663/1416 1416/5664/1416
f 1422/5665/1417 1421/5666/1417 1417/5667/1417 1418/5668/1417
f 1423/5669/1418 1424/5670/1418 1420/5671/1418 1419/5672/1418
f 1421/5673/1419 1423/5674/1419 1419/5675/1419 1417/5676/1419
f 1424/5677/1420 1422/5678/1420 1418/5679/1420 1420/5680/1420
f 1426/5681/1421 1425/5682/1421 1421/5683/1421 1422/5684/1421
f 1427/5685/1422 1428/5686/1422 1424/5687/1422 1423/5688/1422
f 1425/5689/1423 1427/5690/1423 1423/5691/1423 1421/5692/1423
f 1428/5693/1424 1426/5694/1424 1422/5695/1424 1424/5696/1424
f 1430/5697/1425 1429/5698/1425 1425/5699/1425 1426/5700/1425
f 1431/5701/1426 1432/5702/1426 1428/5703/1426 1427/5704/1426
f 1429/5705/1427 1431/5706/1427 1427/5707/1427 1425/5708/1427
f 1432/5709/1428 1430/5710/1428 1426/5711/1428 1428/5712/1428
f 1434/5713/1429 1433/5714/1429 1429/5715/1429 1430/5716/1429
f 1435/5717/1430 1436/5718/1430 1432/5719/1430 1431/5720/1430
f 1433/5721/1431 1435/5722/1431 1431/5723/1431 1429/5724/1431
f 1436/5725/1432 1434/5726/1432 1430/5727/1432 1432/5728/1432
f 1438/5729/1433 1437/5730/1433 1433/5731/1433 1434/5732/1433
f 1439/5733/1434 1440/5734/1434 1436/5735/1434 1435/5736/1434
f 1437/5737/1435 1439/5738/1435 1435/5739/1435 1433/5740/1435
f 1440/5741/1436 1438/5742/1436 1434/5743/1436 1436/5744/1436
f 1442/5745/1437 1441/5746/1437 1437/5747/1437 1438/5748/1437
f 1443/5749/1438 1444/5750/1438 1440/5751/1438 1439/5752/1438
f 1441/5753/1439 1443/5754/1439 1439/5755/1439 1437/5756/1439
f 1444/5757/1440 1442/5758/1440 1438/5759/1440 1440/5760/1440
f 1446/5761/1441 1445/5762/1441 1441/5763/1441 1442/5764/1441
f 1447/5765/1442 1448/5766/1442 1444/5767/1442 1443/5768/1442
f 1445/5769/1443 1447/5770/1443 1443/5771/1443 1441/5772/1443
f 1448/5773/1444 1446/5774/1444 1442/5775/1444 1444/5776/1444
f 1450/5777/1445 1449/5778/1445 1445/5779/1445 1446/5780/1445
f 1451/5781/1446 1452/5782/1446 1448/5783/1446 1447/5784/1446
f 1449/5785/1447 1451/5786/1447 1447/5787/1447 1445/5788/1447
f 1452/5789/1448 1450/5790/1448 1446/5791/1448 1448/5792/1448
f 1454/5793/1449 1453/5794/1449 1449/5795/1449 1450/5796/1449
f 1455/5797/1450 1456/5798/1450 1452/5799/1450 1451/5800/1450
f 1453/5801/1451 1455/5802/1451 1451/5803/1451 1449/5804/1451
f 1456/5805/1452 1454/5806/1452 1450/5807/1452 1452/5808/1452
f 1458/5809/1453 1457/5810/1453 1453/5811/1453 1454/5812/1453
f 1459/5813/1454 1460/5814/1454 1456/5815/1454 1455/5816/1454
f 1457/5817/1455 1459/5818/1455 1455/5819/1455 1453/5820/1455
f 1460/5821/1456 1458/5822/1456 1454/5823/1456 1456/5824/1456
f 1462/5825/1457 1461/5826/1457 1457/5827/1457 1458/5828/1457
f 1463/5829/1458 1464/5830/1458 1460/5831/1458 1459/5832/1458
f 1461/5833/1459 1463/5834/1459 1459/5835/1459 1457/5836/1459
f 1464/5837/1460 1462/5838/1460 1458/5839/1460 1460/5840/1460
f 1466/5841/1461 1465/5842/1461 1461/5843/1461 1462/5844/1461
f 1467/5845/1462 1468/5846/1462 1464/5847/1462 1463/5848/1462
f 1465/5849/1463 1467/5850/1463 1463/5851/1463 1461/5852/1463
f 1468/5853/1464 1466/5854/1464 1462/5855/1464 1464/5856/1464
f 1470/5857/1465 1469/5858/1465 1465/5859/1465 1466/5860/1465
f 1471/5861/1466 1472/5862/1466 1468/5863/1466 1467/5864/1466
f 1469/5865/1467 1471/5866/1467 1467/5867/1467 1465/5868/1467
f 1472/5869/1468 1470/5870/1468 1466/5871/1468 1468/5872/1468
f 1410/5873/1469 1409/5874/1469 1469/5875/1469 1470/5876/1469
f 1411/5877/1470 1412/5878/1470 1472/5879/1470 1471/5880/1470
f 1409/5881/1471 1411/5882/1471 1471/5883/1471 1469/5884/1471
f 1412/5885/1472 1410/5886/1472 1470/5887/1472 1472/5888/1472
o tube
v -0.3850939090865582 0.09069068584261836 -0.009324017220921452
v -0.36398171509856886 0.06765076906730198 -0.009324017220921452
v -0.38707114137416937 0.08887888625920651 -0.008923934441126019
v -0.36595894738618 0.06583896948389012 -0.008923934441126019
v -0.39210914602991076 0.08426240553830575 -0.026552554563305682
v -0.3709969520419214 0.06122248876298937 -0.026552554563305682
v -0.39378536262538844 0.08272643601746422 -0.025413215200383803
v -0.372673168637399 0.059686519242147844 -0.025413215200383803
v -0.4050716136852716 0.07238449233350606 -0.039738706172933125
v -0.3839594196972822 0.049344575558189684 -0.039738706172933125
v -0.4061916258068956 0.07135819031118462 -0.03803356431675261
v -0.3850794318189062 0.048318273535868234 -0.03803356431675261
v -0.422007893857174 0.05686525084009871 -0.046875
v -0.40089569986918466 0.03382533406478233 -0.046875
v -0.42240118981236224 0.05650486149574478 -0.04486364804101492
v -0.4012889958243729 0.0334649447204284 -0.04486364804101492
v -0.44033959141720797 0.04006734489318051 -0.046875
v -0.41922739742921855 0.017027428117864132 -0.046875
v -0.43994629546201974 0.04042773423753444 -0.04486364804101492
v -0.41883410147403033 0.017387817462218062 -0.04486364804101492
v -0.45727587158911037 0.024548103399773168 -0.039738706172933146
v -0.43616367760112096 0.0015081866244567865 -0.039738706172933146
v -0.4561558594674864 0.02557440542209461 -0.038033564316752644
v -0.435043665479497 0.0025344886467782296 -0.038033564316752644
v -0.4702383392444712 0.012670190194973452 -0.026552554563305703
v -0.44912614525648187 -0.01036972658034293 -0.026552554563305703
v -0.4685621226489936 0.01420615971581498 -0.025413215200383824
v -0.4474499286610042 -0.008833757059501401 -0.025413215200383824
v -0.47725357618782377 0.0062419098906608475 -0.0093240172209215
v -0.45614138219983436 -0.016798006884655534 -0.0093240172209215
v -0.4752763439002126 0.00805370947407271 -0.008923934441126064
v -0.45416414991222326 -0.01498620730124367 -0.008923934441126064
v -0.47725357618782377 0.0062419098906608406 0.00932401722092146
v -0.4561413821998344 -0.01679800688465554 0.00932401722092146
v -0.4752763439002126 0.008053709474072704 0.008923934441126026
v -0.45416414991222326 -0.014986207301243677 0.008923934441126026
v -0.4702383392444713 0.012670190194973445 0.026552554563305672
v -0.44912614525648187 -0.010369726580342936 0.026552554563305672
v -0.4685621226489936 0.014206159715814966 0.0254132152003838
v -0.44744992866100425 -0.008833757059501415 0.0254132152003838
v -0.45727587158911037 0.024548103399773147 0.039738706172933125
v -0.436163677601121 0.0015081866244567657 0.039738706172933125
v -0.4561558594674864 0.025574405422094597 0.03803356431675261
v -0.435043665479497 0.0025344886467782157 0.03803356431675261
v -0.44033959141720797 0.04006734489318048 0.046874999999999986
v -0.4192273974292186 0.017027428117864098 0.046874999999999986
v -0.43994629546201974 0.04042773423753441 0.04486364804101492
v -0.4188341014740304 0.017387817462218028 0.04486364804101492
v -0.4220078938571741 0.0568652508400987 0.046875
v -0.40089569986918466 0.03382533406478232 0.046875
v -0.4224011898123623 0.05650486149574477 0.04486364804101492
v -0.4012889958243729 0.03346494472042839 0.04486364804101492
v -0.40507161368527167 0.07238449233350602 0.039738706172933146
v -0.38395941969728226 0.04934457555818965 0.039738706172933146
v -0.4061916258068956 0.0713581903111846 0.038033564316752644
v -0.38507943181890625 0.048318273535868206 0.038033564316752644
v -0.39210914602991076 0.08426240553830575 0.026552554563305703
v -0.3709969520419214 0.061222488762989365 0.026552554563305703
v -0.39378536262538844 0.08272643601746421 0.025413215200383824
v -0.372673168637399 0.05968651924214784 0.025413215200383824
v -0.3850939090865583 0.09069068584261836 0.009324017220921505
v -0.36398171509856886 0.06765076906730197 0.009324017220921505
v -0.38707114137416937 0.0888788862592065 0.008923934441126068
v -0.36595894738618 0.06583896948389012 0.008923934441126068
vt 0.09945625 1
vt 0.09945625 0.75
vt 0 0.75
vt 0 1
vt 0 0.75
vt 0 1
vt 0.0951875 1
vt 0.0951875 0.75
vt 0.010726279727053867 0.9005452143418925
vt 5.551115123125783e-16 0.9026780146793606
vt 5.551115123125783e-16 0.9978666893684354
vt 0.010728336702654107 1
vt 0.09732220718886293 0.9999980312583259
vt 0.0994547856793792 0.989271707421881
vt 0 0.989271707421881
vt 0.0021335325201474534 1
vt 0.09945625 1
vt 0.09945625 0.75
vt 0 0.75
vt 0 1
vt 0 0.75
vt 0 1
vt 0.0951875 1
vt 0.0951875 0.75
vt 0.010725925987123686 0.9005410118087297
vt 2.7755575615628914e-16 0.9026755904044366
vt 2.220446049250313e-16 0.9978654214042931
vt 0.010725925987123686 1
vt 0.09732440959556345 0.9999999999999998
vt 0.09945898819127032 0.9892740740128763
vt 0 0.9892740740128763
vt 0.0021345785957068986 0.9999999999999998
vt 0.09945625 1
vt 0.09945625 0.75
vt 0 0.75
vt 0 1
vt 0 0.75
vt 0 1
vt 0.0951875 1
vt 0.0951875 0.75
vt 0.010728336702654107 0.9005452143418925
vt 5.551115123125783e-16 0.9026785249734571
vt 5.551115123125783e-16 0.9978671996625319
vt 0.010726279727053867 1
vt 0.09732125315923176 1
vt 0.09945478567937921 0.989271707421881
vt 0 0.989271707421881
vt 0.0021325784905162765 0.999998031258326
vt 0.09945625 1
vt 0.09945625 0.75
vt 0 0.75
vt 0 1
vt 0 0.75
vt 0 1
vt 0.0951875 1
vt 0.0951875 0.75
vt 0.010728125000000005 0.90054375
vt 0 0.902678125
vt 0 0.997865625
vt 0.010728125000000005 1
vt 0 0.997865625
vt 0.010728125000000005 1
vt 0.010728125000000005 0.90054375
vt 0 0.902678125
vt 0.09945625 1
vt 0.09945625 0.75
vt 0 0.75
vt 0 1
vt 0 0.75
vt 0 1
vt 0.0951875 1
vt 0.0951875 0.75
vt 0 0.9892737202729461
vt 0.002132800337468113 0.9999999999999994
vt 0.09732147502654287 0.9999999999999994
vt 0.09945478565810749 0.989271663297346
vt 0.0000019687416740465924 0.9978674215094837
vt 0.010728292578118998 1
vt 0.010728292578118998 0.9005452143206207
vt 0 0.9026787468407682
vt 0.09945625 1
vt 0.09945625 0.75
vt 0 0.75
vt 0 1
vt 0 0.75
vt 0 1
vt 0.0951875 1
vt 0.0951875 0.75
vt 0 0.9892740740128763
vt 0.0021345785957068986 0.9999999999999998
vt 0.09732440959556345 0.9999999999999998
vt 0.09945898819127032 0.9892740740128763
vt 2.220446049250313e-16 0.9978654214042931
vt 0.010725925987123686 1
vt 0.010725925987123686 0.9005410118087297
vt 2.7755575615628914e-16 0.9026755904044366
vt 0.09945625 1
vt 0.09945625 0.75
vt 0 0.75
vt 0 1
vt 0 0.75
vt 0 1
vt 0.0951875 1
vt 0.0951875 0.75
vt 0 0.989271663297346
vt 0.0021333106315646264 0.9999999999999994
vt 0.09732198532063939 0.9999999999999994
vt 0.09945478565810748 0.9892737202729461
vt 0 0.9978664674798525
vt 0.010728292578119025 1
vt 0.010728292578119025 0.9005452143206208
vt 0.000001968741674129859 0.902677792811137
vt 0.09945625 1
vt 0.09945625 0.75
vt 0 0.75
vt 0 1
vt 0 0.75
vt 0 1
vt 0.0951875 1
vt 0.0951875 0.75
vt 0 0.989271875
vt 0.002134375000000001 1
vt 0.097321875 1
vt 0.09945625 0.989271875
vt 0.002134375000000001 0.989271875
vt 0 1
vt 0.09945625 1
vt 0.097321875 0.989271875
vt 0.09945625 1
vt 0.09945625 0.75
vt 0 0.75
vt 0 1
vt 0 0.75
vt 0 1
vt 0.0951875 1
vt 0.0951875 0.75
vt 0.0000020569756015165197 1
vt 0.010728336702654856 0.9978671996625319
vt 0.010728336702654856 0.9026785249734571
vt 1.27675647831893e-15 0.9005452143418925
vt 0.0021325784905162765 0.9892736761635542
vt 0 0.9999999999999991
vt 0.0994547856793792 0.9999999999999992
vt 0.09732125315923175 0.9892717074218802
vt 0.09945625 1
vt 0.09945625 0.75
vt 0 0.75
vt 0 1
vt 0 0.75
vt 0 1
vt 0.0951875 1
vt 0.0951875 0.75
vt 4.996003610813204e-16 1
vt 0.010725925987123908 0.9978654214042931
vt 0.010725925987123935 0.9026755904044366
vt 4.996003610813204e-16 0.9005410118087297
vt 0.002134578595706871 0.989274074012876
vt 0 0.9999999999999996
vt 0.09945898819127032 0.9999999999999996
vt 0.09732440959556342 0.989274074012876
vt 0.09945625 1
vt 0.09945625 0.75
vt 0 0.75
vt 0 1
vt 0 0.75
vt 0 1
vt 0.0951875 1
vt 0.0951875 0.75
vt 1.27675647831893e-15 1
vt 0.010728336702654828 0.9978666893684354
vt 0.010728336702654828 0.9026780146793606
vt 0.0000020569756015165197 0.9005452143418925
vt 0.0021335325201474464 0.9892717074218802
vt 0 0.9999999999999992
vt 0.09945478567937921 0.9999999999999992
vt 0.09732220718886293 0.9892736761635543
vt 0.09945625 1
vt 0.09945625 0.75
vt 0 0.75
vt 0 1
vt 0 0.75
vt 0 1
vt 0.0951875 1
vt 0.0951875 0.75
vt 0 1
vt 0.010728125000000005 0.997865625
vt 0.010728125000000005 0.902678125
vt 0 0.90054375
vt 0.010728125000000005 0.902678125
vt 0 0.90054375
vt 0 1
vt 0.010728125000000005 0.997865625
vt 0.09945625 1
vt 0.09945625 0.75
vt 0 0.75
vt 0 1
vt 0 0.75
vt 0 1
vt 0.0951875 1
vt 0.0951875 0.75
vt 0.09945478565810749 0.9999979430243984
vt 0.09732198532063938 0.9892716632973451
vt 0.0021333106315646194 0.9892716632973452
vt 0 0.9999999999999988
vt 0.010726323836445756 0.9026777928111371
vt 8.326672684688674e-16 0.9005452143206208
vt 7.771561172376096e-16 1
vt 0.010728292578119775 0.9978664674798525
vt 0.09945625 1
vt 0.09945625 0.75
vt 0 0.75
vt 0 1
vt 0 0.75
vt 0 1
vt 0.0951875 1
vt 0.0951875 0.75
vt 0.09945898819127032 0.9999999999999996
vt 0.09732440959556342 0.989274074012876
vt 0.002134578595706871 0.989274074012876
vt 0 0.9999999999999996
vt 0.010725925987123935 0.9026755904044366
vt 4.996003610813204e-16 0.9005410118087297
vt 4.996003610813204e-16 1
vt 0.010725925987123908 0.9978654214042931
vt 0.09945625 1
vt 0.09945625 0.75
vt 0 0.75
vt 0 1
vt 0 0.75
vt 0 1
vt 0.0951875 1
vt 0.0951875 0.75
vt 0.09945478565810748 0.9999999999999987
vt 0.09732147502654284 0.9892716632973452
vt 0.0021328003374680854 0.9892716632973452
vt 0 0.9999979430243985
vt 0.010728292578119775 0.9026787468407682
vt 7.771561172376096e-16 0.9005452143206207
vt 7.771561172376096e-16 1
vt 0.010726323836445728 0.9978674215094837
vt 0.09945625 1
vt 0.09945625 0.75
vt 0 0.75
vt 0 1
vt 0 0.75
vt 0 1
vt 0.0951875 1
vt 0.0951875 0.75
vt 0.09945625 1
vt 0.097321875 0.989271875
vt 0.002134375000000001 0.989271875
vt 0 1
vt 0.097321875 1
vt 0.09945625 0.989271875
vt 0 0.989271875
vt 0.002134375000000001 1
vn 0.6453904865342265 0.5913914222255836 -0.4834535195953343
vn -0.6453904865342265 -0.5913914222255836 0.483453519595334
vn -0.6755902076156601 0.7372773368101242 0
vn 0.6755902076156601 -0.7372773368101242 0
vn 0.44236640208607486 0.4053541245693964 -0.7999999999999996
vn -0.44236640208607475 -0.40535412456939635 0.7999999999999997
vn -0.6755902076156601 0.7372773368101242 0
vn 0.6755902076156601 -0.7372773368101242 0
vn 0.21873093782776165 0.2004299770536448 -0.9549788485276851
vn -0.21873093782776173 -0.20042997705364488 0.9549788485276851
vn -0.6755902076156601 0.7372773368101242 0
vn 0.6755902076156601 -0.7372773368101242 0
vn 1.6370845497218327e-16 1.5001116074123913e-16 -1
vn -1.6370845497218327e-16 -1.5001116074123913e-16 1
vn -0.6755902076156601 0.7372773368101242 0
vn 0.6755902076156601 -0.7372773368101242 0
vn -0.21873093782776126 -0.20042997705364446 -0.9549788485276852
vn 0.2187309378277609 0.20042997705364413 0.9549788485276854
vn -0.6755902076156601 0.7372773368101242 0
vn 0.6755902076156601 -0.7372773368101242 0
vn -0.44236640208607425 -0.4053541245693958 -0.8000000000000003
vn 0.4423664020860744 0.40535412456939596 0.8
vn -0.6755902076156601 0.7372773368101242 0
vn 0.6755902076156601 -0.7372773368101242 0
vn -0.6453904865342261 -0.5913914222255833 -0.4834535195953347
vn 0.6453904865342264 0.5913914222255835 0.4834535195953344
vn -0.6755902076156601 0.7372773368101242 0
vn 0.6755902076156601 -0.7372773368101242 0
vn -0.7372773368101242 -0.6755902076156601 -2.220446049250313e-16
vn 0.7372773368101242 0.6755902076156601 2.220446049250313e-16
vn -0.6755902076156601 0.7372773368101242 0
vn 0.6755902076156601 -0.7372773368101242 0
vn -0.6453904865342265 -0.5913914222255836 0.48345351959533406
vn 0.6453904865342268 0.5913914222255839 -0.48345351959533345
vn -0.6755902076156601 0.7372773368101242 0
vn 0.6755902076156601 -0.7372773368101242 0
vn -0.44236640208607464 -0.4053541245693962 0.7999999999999999
vn 0.4423664020860743 0.4053541245693959 -0.8000000000000003
vn -0.6755902076156601 0.7372773368101242 0
vn 0.6755902076156601 -0.7372773368101242 0
vn -0.21873093782776157 -0.2004299770536447 0.9549788485276851
vn 0.21873093782776207 0.20042997705364518 -0.9549788485276851
vn -0.6755902076156601 0.7372773368101242 0
vn 0.6755902076156601 -0.7372773368101242 0
vn -5.752174454104644e-16 -5.270896770682738e-16 1
vn 1.6370845497218327e-16 1.5001116074123913e-16 -1
vn -0.6755902076156601 0.7372773368101242 0
vn 0.6755902076156601 -0.7372773368101242 0
vn 0.2187309378277614 0.2004299770536446 0.9549788485276852
vn -0.21873093782776104 -0.20042997705364424 -0.9549788485276854
vn -0.6755902076156601 0.7372773368101242 0
vn 0.6755902076156601 -0.7372773368101242 0
vn 0.44236640208607425 0.4053541245693958 0.8000000000000003
vn -0.44236640208607453 -0.4053541245693961 -0.7999999999999999
vn -0.6755902076156601 0.7372773368101242 0
vn 0.6755902076156601 -0.7372773368101242 0
vn 0.6453904865342261 0.5913914222255833 0.48345351959533467
vn -0.6453904865342261 -0.5913914222255833 -0.483453519595335
vn -0.6755902076156601 0.7372773368101242 0
vn 0.6755902076156601 -0.7372773368101242 0
vn 0.7372773368101242 0.6755902076156601 9.662403458270915e-16
vn -0.7372773368101242 -0.6755902076156601 -2.220446049250313e-16
vn -0.6755902076156601 0.7372773368101242 0
vn 0.6755902076156601 -0.7372773368101242 0
usemtl none
f 1478/5889/1473 1477/5890/1473 1473/5891/1473 1474/5892/1473
f 1479/5893/1474 1480/5894/1474 1476/5895/1474 1475/5896/1474
f 1477/5897/1475 1479/5898/1475 1475/5899/1475 1473/5900/1475
f 1480/5901/1476 1478/5902/1476 1474/5903/1476 1476/5904/1476
f 1482/5905/1477 1481/5906/1477 1477/5907/1477 1478/5908/1477
f 1483/5909/1478 1484/5910/1478 1480/5911/1478 1479/5912/1478
f 1481/5913/1479 1483/5914/1479 1479/5915/1479 1477/5916/1479
f 1484/5917/1480 1482/5918/1480 1478/5919/1480 1480/5920/1480
f 1486/5921/1481 1485/5922/1481 1481/5923/1481 1482/5924/1481
f 1487/5925/1482 1488/5926/1482 1484/5927/1482 1483/5928/1482
f 1485/5929/1483 1487/5930/1483 1483/5931/1483 1481/5932/1483
f 1488/5933/1484 1486/5934/1484 1482/5935/1484 1484/5936/1484
f 1490/5937/1485 1489/5938/1485 1485/5939/1485 1486/5940/1485
f 1491/5941/1486 1492/5942/1486 1488/5943/1486 1487/5944/1486
f 1489/5945/1487 1491/5946/1487 1487/5947/1487 1485/5948/1487
f 1492/5949/1488 1490/5950/1488 1486/5951/1488 1488/5952/1488
f 1494/5953/1489 1493/5954/1489 1489/5955/1489 1490/5956/1489
f 1495/5957/1490 1496/5958/1490 1492/5959/1490 1491/5960/1490
f 1493/5961/1491 1495/5962/1491 1491/5963/1491 1489/5964/1491
f 1496/5965/1492 1494/5966/1492 1490/5967/1492 1492/5968/1492
f 1498/5969/1493 1497/5970/1493 1493/5971/1493 1494/5972/1493
f 1499/5973/1494 1500/5974/1494 1496/5975/1494 1495/5976/1494
f 1497/5977/1495 1499/5978/1495 1495/5979/1495 1493/5980/1495
f 1500/5981/1496 1498/5982/1496 1494/5983/1496 1496/5984/1496
f 1502/5985/1497 1501/5986/1497 1497/5987/1497 1498/5988/1497
f 1503/5989/1498 1504/5990/1498 1500/5991/1498 1499/5992/1498
f 1501/5993/1499 1503/5994/1499 1499/5995/1499 1497/5996/1499
f 1504/5997/1500 1502/5998/1500 1498/5999/1500 1500/6000/1500
f 1506/6001/1501 1505/6002/1501 1501/6003/1501 1502/6004/1501
f 1507/6005/1502 1508/6006/1502 1504/6007/1502 1503/6008/1502
f 1505/6009/1503 1507/6010/1503 1503/6011/1503 1501/6012/1503
f 1508/6013/1504 1506/6014/1504 1502/6015/1504 1504/6016/1504
f 1510/6017/1505 1509/6018/1505 1505/6019/1505 1506/6020/1505
f 1511/6021/1506 1512/6022/1506 1508/6023/1506 1507/6024/1506
f 1509/6025/1507 1511/6026/1507 1507/6027/1507 1505/6028/1507
f 1512/6029/1508 1510/6030/1508 1506/6031/1508 1508/6032/1508
f 1514/6033/1509 1513/6034/1509 1509/6035/1509 1510/6036/1509
f 1515/6037/1510 1516/6038/1510 1512/6039/1510 1511/6040/1510
f 1513/6041/1511 1515/6042/1511 1511/6043/1511 1509/6044/1511
f 1516/6045/1512 1514/6046/1512 1510/6047/1512 1512/6048/1512
f 1518/6049/1513 1517/6050/1513 1513/6051/1513 1514/6052/1513
f 1519/6053/1514 1520/6054/1514 1516/6055/1514 1515/6056/1514
f 1517/6057/1515 1519/6058/1515 1515/6059/1515 1513/6060/1515
f 1520/6061/1516 1518/6062/1516 1514/6063/1516 1516/6064/1516
f 1522/6065/1517 1521/6066/1517 1517/6067/1517 1518/6068/1517
f 1523/6069/1518 1524/6070/1518 1520/6071/1518 1519/6072/1518
f 1521/6073/1519 1523/6074/1519 1519/6075/1519 1517/6076/1519
f 1524/6077/1520 1522/6078/1520 1518/6079/1520 1520/6080/1520
f 1526/6081/1521 1525/6082/1521 1521/6083/1521 1522/6084/1521
f 1527/6085/1522 1528/6086/1522 1524/6087/1522 1523/6088/1522
f 1525/6089/1523 1527/6090/1523 1523/6091/1523 1521/6092/1523
f 1528/6093/1524 1526/6094/1524 1522/6095/1524 1524/6096/1524
f 1530/6097/1525 1529/6098/1525 1525/6099/1525 1526/6100/1525
f 1531/6101/1526 1532/6102/1526 1528/6103/1526 1527/6104/1526
f 1529/6105/1527 1531/6106/1527 1527/6107/1527 1525/6108/1527
f 1532/6109/1528 1530/6110/1528 1526/6111/1528 1528/6112/1528
f 1534/6113/1529 1533/6114/1529 1529/6115/1529 1530/6116/1529
f 1535/6117/1530 1536/6118/1530 1532/6119/1530 1531/6120/1530
f 1533/6121/1531 1535/6122/1531 1531/6123/1531 1529/6124/1531
f 1536/6125/1532 1534/6126/1532 1530/6127/1532 1532/6128/1532
f 1474/6129/1533 1473/6130/1533 1533/6131/1533 1534/6132/1533
f 1475/6133/1534 1476/6134/1534 1536/6135/1534 1535/6136/1534
f 1473/6137/1535 1475/6138/1535 1535/6139/1535 1533/6140/1535
f 1476/6141/1536 1474/6142/1536 1534/6143/1536 1536/6144/1536
o tube
v 0.04184873442111889 0.4206637804999796 -0.007916765746676126
v 0.0428125958147824 0.44273983588163246 -0.03001385265875574
v 0.039822843518102516 0.42037467179043553 -0.008293967408848545
v 0.04078670491176602 0.4424507271720884 -0.03039105432092816
v 0.03542775210374967 0.43720282209743017 0.008326455032957938
v 0.03639161349741317 0.4592788774790831 -0.013770631879121682
v 0.033677378115136464 0.43620404226859505 0.007252275580164835
v 0.03464123950879998 0.4582800976502479 -0.014844811331914778
v 0.022796428013923207 0.45019818438242887 0.020758477994186557
v 0.023760289407586718 0.4722742397640817 -0.0013386089178930617
v 0.021588049512299836 0.4486417886092811 0.019150854834999544
v 0.022551910905963344 0.470717843990934 -0.002946232077080075
v 0.00587776674107756 0.45767144125033704 0.02748664033773146
v 0.006841628134741071 0.4797474966319899 0.0053895534256518385
v 0.005395348399337774 0.45579437668057565 0.025590319524996533
v 0.006359209793001284 0.4778704320622285 0.0034932326129169175
v -0.012752518904042862 0.4584848570882579 0.02748664033773146
v -0.011788657510379351 0.4805609124699108 0.0053895534256518385
v -0.012435533266502341 0.45657288978699634 0.025590319524996533
v -0.011471671872838832 0.4786489451686492 0.0034932326129169106
v -0.030258136815928392 0.45251459670850097 0.020758477994186543
v -0.029294275422264884 0.47459065209015383 -0.0013386089178930687
v -0.02919000538894115 0.4508588063653295 0.019150854834999544
v -0.028226143995277644 0.4729348617469824 -0.002946232077080068
v -0.04397401535631604 0.44066957813333907 0.00832645503295791
v -0.04301015396265252 0.4627456335149919 -0.013770631879121706
v -0.04231735146700538 0.43952204381822874 0.0072522755801648076
v -0.04135349007334187 0.46159809919988165 -0.014844811331914802
v -0.051812036352180305 0.4247530980654799 -0.007916765746676133
v -0.05084817495851679 0.44682915344713275 -0.03001385265875575
v -0.04981905205999822 0.4242885214754818 -0.008293967408848558
v -0.048855190666334716 0.44636457685713465 -0.030391054320928174
v -0.05257893215873814 0.4071882963120038 -0.025498301226179403
v -0.05161507076507464 0.4292643516936567 -0.04759538813825902
v -0.05055304125572177 0.4074774050215479 -0.02512109956400698
v -0.049589179862058255 0.42955346040320075 -0.047218186476086596
v -0.04615794984136892 0.39064925471455325 -0.04174152200581344
v -0.04519408844770542 0.4127253100962061 -0.06383860891789306
v -0.044407575852755746 0.39164803454338837 -0.040667342553020354
v -0.04344371445909223 0.4137240899250412 -0.06276442946509997
v -0.03352662575154246 0.37765389242955455 -0.054173544967042075
v -0.03256276435787894 0.3997299478112074 -0.0762706318791217
v -0.03231824724991908 0.37921028820270225 -0.05256592180785506
v -0.03135438585625557 0.40128634358435517 -0.07466300871993467
v -0.016607964478696828 0.3701806355616464 -0.06090170731058696
v -0.01564410308503332 0.39225669094329924 -0.08299879422266658
v -0.016125546136957047 0.37205770013140776 -0.05900538649785205
v -0.015161684743293536 0.3941337555130606 -0.08110247340993167
v 0.0020223211664236107 0.3693672197237255 -0.06090170731058697
v 0.0029861825600871195 0.39144327510537835 -0.0829987942226666
v 0.0017053355288830906 0.3712791870249871 -0.059005386497852044
v 0.0026691969225466003 0.39335524240663994 -0.08110247340993167
v 0.019527939078309135 0.37533748010348245 -0.05417354496704206
v 0.020491800471972643 0.3974135354851353 -0.07627063187912167
v 0.01845980765132189 0.37699327044665387 -0.05256592180785506
v 0.0194236690449854 0.3990693258283068 -0.07466300871993467
v 0.03324381761869677 0.38718249867864435 -0.04174152200581343
v 0.034207679012360284 0.4092585540602972 -0.06383860891789304
v 0.031587153729386114 0.3883300329937546 -0.04066734255302033
v 0.032551015123049615 0.41040608837540754 -0.06276442946509994
v 0.041081838614561036 0.4030989787465035 -0.02549830122617939
v 0.04204570000822454 0.4251750341281564 -0.047595388138259004
v 0.03908885432237896 0.4035635553365016 -0.025121099564006964
v 0.04005271571604248 0.4256396107181545 -0.04721818647608658
vt 0.09945625 1
vt 0.09945625 0.75
vt 0 0.75
vt 0 1
vt 0 0.75
vt 0 1
vt 0.0951875 1
vt 0.0951875 0.75
vt 0.010726279727053867 0.9005452143418925
vt 5.551115123125783e-16 0.9026780146793606
vt 5.551115123125783e-16 0.9978666893684354
vt 0.010728336702654107 1
vt 0.09732220718886293 0.9999980312583259
vt 0.0994547856793792 0.989271707421881
vt 0 0.989271707421881
vt 0.0021335325201474534 1
vt 0.09945625 1
vt 0.09945625 0.75
vt 0 0.75
vt 0 1
vt 0 0.75
vt 0 1
vt 0.0951875 1
vt 0.0951875 0.75
vt 0.010725925987123686 0.9005410118087297
vt 2.7755575615628914e-16 0.9026755904044366
vt 2.220446049250313e-16 0.9978654214042931
vt 0.010725925987123686 1
vt 0.09732440959556345 0.9999999999999998
vt 0.09945898819127032 0.9892740740128763
vt 0 0.9892740740128763
vt 0.0021345785957068986 0.9999999999999998
vt 0.09945625 1
vt 0.09945625 0.75
vt 0 0.75
vt 0 1
vt 0 0.75
vt 0 1
vt 0.0951875 1
vt 0.0951875 0.75
vt 0.010728336702654107 0.9005452143418925
vt 5.551115123125783e-16 0.9026785249734571
vt 5.551115123125783e-16 0.9978671996625319
vt 0.010726279727053867 1
vt 0.09732125315923176 1
vt 0.09945478567937921 0.989271707421881
vt 0 0.989271707421881
vt 0.0021325784905162765 0.999998031258326
vt 0.09945625 1
vt 0.09945625 0.75
vt 0 0.75
vt 0 1
vt 0 0.75
vt 0 1
vt 0.0951875 1
vt 0.0951875 0.75
vt 0.010728125000000005 0.90054375
vt 0 0.902678125
vt 0 0.997865625
vt 0.010728125000000005 1
vt 0 0.997865625
vt 0.010728125000000005 1
vt 0.010728125000000005 0.90054375
vt 0 0.902678125
vt 0.09945625 1
vt 0.09945625 0.75
vt 0 0.75
vt 0 1
vt 0 0.75
vt 0 1
vt 0.0951875 1
vt 0.0951875 0.75
vt 0 0.9892737202729461
vt 0.002132800337468113 0.9999999999999994
vt 0.09732147502654287 0.9999999999999994
vt 0.09945478565810749 0.989271663297346
vt 0.0000019687416740465924 0.9978674215094837
vt 0.010728292578118998 1
vt 0.010728292578118998 0.9005452143206207
vt 0 0.9026787468407682
vt 0.09945625 1
vt 0.09945625 0.75
vt 0 0.75
vt 0 1
vt 0 0.75
vt 0 1
vt 0.0951875 1
vt 0.0951875 0.75
vt 0 0.9892740740128763
vt 0.0021345785957068986 0.9999999999999998
vt 0.09732440959556345 0.9999999999999998
vt 0.09945898819127032 0.9892740740128763
vt 2.220446049250313e-16 0.9978654214042931
vt 0.010725925987123686 1
vt 0.010725925987123686 0.9005410118087297
vt 2.7755575615628914e-16 0.9026755904044366
vt 0.09945625 1
vt 0.09945625 0.75
vt 0 0.75
vt 0 1
vt 0 0.75
vt 0 1
vt 0.0951875 1
vt 0.0951875 0.75
vt 0 0.989271663297346
vt 0.0021333106315646264 0.9999999999999994
vt 0.09732198532063939 0.9999999999999994
vt 0.09945478565810748 0.9892737202729461
vt 0 0.9978664674798525
vt 0.010728292578119025 1
vt 0.010728292578119025 0.9005452143206208
vt 0.000001968741674129859 0.902677792811137
vt 0.09945625 1
vt 0.09945625 0.75
vt 0 0.75
vt 0 1
vt 0 0.75
vt 0 1
vt 0.0951875 1
vt 0.0951875 0.75
vt 0 0.989271875
vt 0.002134375000000001 1
vt 0.097321875 1
vt 0.09945625 0.989271875
vt 0.002134375000000001 0.989271875
vt 0 1
vt 0.09945625 1
vt 0.097321875 0.989271875
vt 0.09945625 1
vt 0.09945625 0.75
vt 0 0.75
vt 0 1
vt 0 0.75
vt 0 1
vt 0.0951875 1
vt 0.0951875 0.75
vt 0.0000020569756015165197 1
vt 0.010728336702654856 0.9978671996625319
vt 0.010728336702654856 0.9026785249734571
vt 1.27675647831893e-15 0.9005452143418925
vt 0.0021325784905162765 0.9892736761635542
vt 0 0.9999999999999991
vt 0.0994547856793792 0.9999999999999992
vt 0.09732125315923175 0.9892717074218802
vt 0.09945625 1
vt 0.09945625 0.75
vt 0 0.75
vt 0 1
vt 0 0.75
vt 0 1
vt 0.0951875 1
vt 0.0951875 0.75
vt 4.996003610813204e-16 1
vt 0.010725925987123908 0.9978654214042931
vt 0.010725925987123935 0.9026755904044366
vt 4.996003610813204e-16 0.9005410118087297
vt 0.002134578595706871 0.989274074012876
vt 0 0.9999999999999996
vt 0.09945898819127032 0.9999999999999996
vt 0.09732440959556342 0.989274074012876
vt 0.09945625 1
vt 0.09945625 0.75
vt 0 0.75
vt 0 1
vt 0 0.75
vt 0 1
vt 0.0951875 1
vt 0.0951875 0.75
vt 1.27675647831893e-15 1
vt 0.010728336702654828 0.9978666893684354
vt 0.010728336702654828 0.9026780146793606
vt 0.0000020569756015165197 0.9005452143418925
vt 0.0021335325201474464 0.9892717074218802
vt 0 0.9999999999999992
vt 0.09945478567937921 0.9999999999999992
vt 0.09732220718886293 0.9892736761635543
vt 0.09945625 1
vt 0.09945625 0.75
vt 0 0.75
vt 0 1
vt 0 0.75
vt 0 1
vt 0.0951875 1
vt 0.0951875 0.75
vt 0 1
vt 0.010728125000000005 0.997865625
vt 0.010728125000000005 0.902678125
vt 0 0.90054375
vt 0.010728125000000005 0.902678125
vt 0 0.90054375
vt 0 1
vt 0.010728125000000005 0.997865625
vt 0.09945625 1
vt 0.09945625 0.75
vt 0 0.75
vt 0 1
vt 0 0.75
vt 0 1
vt 0.0951875 1
vt 0.0951875 0.75
vt 0.09945478565810749 0.9999979430243984
vt 0.09732198532063938 0.9892716632973451
vt 0.0021333106315646194 0.9892716632973452
vt 0 0.9999999999999988
vt 0.010726323836445756 0.9026777928111371
vt 8.326672684688674e-16 0.9005452143206208
vt 7.771561172376096e-16 1
vt 0.010728292578119775 0.9978664674798525
vt 0.09945625 1
vt 0.09945625 0.75
vt 0 0.75
vt 0 1
vt 0 0.75
vt 0 1
vt 0.0951875 1
vt 0.0951875 0.75
vt 0.09945898819127032 0.9999999999999996
vt 0.09732440959556342 0.989274074012876
vt 0.002134578595706871 0.989274074012876
vt 0 0.9999999999999996
vt 0.010725925987123935 0.9026755904044366
vt 4.996003610813204e-16 0.9005410118087297
vt 4.996003610813204e-16 1
vt 0.010725925987123908 0.9978654214042931
vt 0.09945625 1
vt 0.09945625 0.75
vt 0 0.75
vt 0 1
vt 0 0.75
vt 0 1
vt 0.0951875 1
vt 0.0951875 0.75
vt 0.09945478565810748 0.9999999999999987
vt 0.09732147502654284 0.9892716632973452
vt 0.0021328003374680854 0.9892716632973452
vt 0 0.9999979430243985
vt 0.010728292578119775 0.9026787468407682
vt 7.771561172376096e-16 0.9005452143206207
vt 7.771561172376096e-16 1
vt 0.010726323836445728 0.9978674215094837
vt 0.09945625 1
vt 0.09945625 0.75
vt 0 0.75
vt 0 1
vt 0 0.75
vt 0 1
vt 0.0951875 1
vt 0.0951875 0.75
vt 0.09945625 1
vt 0.097321875 0.989271875
vt 0.002134375000000001 0.989271875
vt 0 1
vt 0.097321875 1
vt 0.09945625 0.989271875
vt 0 0.989271875
vt 0.002134375000000001 1
vn 0.9632204006569325 0.1679248651210714 0.20978012163302917
vn -0.9632204006569325 -0.16792486512107155 -0.20978012163302928
vn -0.03084356459723214 -0.7064337722128919 0.7071067811865478
vn 0.03084356459723214 0.7064337722128919 -0.7071067811865478
vn 0.8177447160238254 0.38896475343546627 0.4242640687119287
vn -0.8177447160238254 -0.38896475343546627 -0.4242640687119287
vn -0.03084356459723214 -0.7064337722128919 0.7071067811865478
vn 0.03084356459723214 0.7064337722128919 -0.7071067811865478
vn 0.5099929111235296 0.597303008035541 0.6189800862672741
vn -0.5099929111235298 -0.5973030080355409 -0.618980086267274
vn -0.03084356459723214 -0.7064337722128919 0.7071067811865478
vn 0.03084356459723214 0.7064337722128919 -0.7071067811865478
vn 0.0308435645972317 0.7064337722128923 0.7071067811865476
vn -0.0308435645972317 -0.7064337722128923 -0.7071067811865476
vn -0.03084356459723214 -0.7064337722128919 0.7071067811865478
vn 0.03084356459723214 0.7064337722128919 -0.7071067811865478
vn -0.4559938468148875 0.639478900724269 0.6189800862672737
vn 0.4559938468148867 -0.6394789007242693 -0.6189800862672741
vn -0.03084356459723214 -0.7064337722128919 0.7071067811865478
vn 0.03084356459723214 0.7064337722128919 -0.7071067811865478
vn -0.7807324385071469 0.4587557732200044 0.4242640687119284
vn 0.7807324385071474 -0.45875577322000427 -0.4242640687119282
vn -0.03084356459723214 -0.7064337722128919 0.7071067811865478
vn 0.03084356459723214 0.7064337722128919 -0.7071067811865478
vn -0.9449194398828159 0.25123604976033487 0.20978012163302825
vn 0.9449194398828159 -0.25123604976033476 -0.2097801216330281
vn -0.03084356459723214 -0.7064337722128919 0.7071067811865478
vn 0.03084356459723214 0.7064337722128919 -0.7071067811865478
vn -0.9990482215818579 0.04361938736533606 -5.20417042793042e-16
vn 0.9990482215818579 -0.04361938736533606 5.20417042793042e-16
vn -0.03084356459723214 -0.7064337722128919 0.7071067811865478
vn 0.03084356459723214 0.7064337722128919 -0.7071067811865478
vn -0.9632204006569326 -0.1679248651210715 -0.20978012163302925
vn 0.9632204006569326 0.16792486512107105 0.2097801216330288
vn -0.03084356459723214 -0.7064337722128919 0.7071067811865478
vn 0.03084356459723214 0.7064337722128919 -0.7071067811865478
vn -0.8177447160238251 -0.3889647534354663 -0.42426406871192873
vn 0.8177447160238248 0.3889647534354669 0.42426406871192923
vn -0.03084356459723214 -0.7064337722128919 0.7071067811865478
vn 0.03084356459723214 0.7064337722128919 -0.7071067811865478
vn -0.5099929111235294 -0.5973030080355411 -0.6189800862672743
vn 0.5099929111235303 0.5973030080355407 0.6189800862672737
vn -0.03084356459723214 -0.7064337722128919 0.7071067811865478
vn 0.03084356459723214 0.7064337722128919 -0.7071067811865478
vn -0.030843564597232805 -0.7064337722128922 -0.7071067811865475
vn 0.0308435645972317 0.7064337722128923 0.7071067811865476
vn -0.03084356459723214 -0.7064337722128919 0.7071067811865478
vn 0.03084356459723214 0.7064337722128919 -0.7071067811865478
vn 0.4559938468148877 -0.6394789007242689 -0.6189800862672736
vn -0.45599384681488697 0.6394789007242693 0.618980086267274
vn -0.03084356459723214 -0.7064337722128919 0.7071067811865478
vn 0.03084356459723214 0.7064337722128919 -0.7071067811865478
vn 0.7807324385071471 -0.4587557732200044 -0.42426406871192834
vn -0.7807324385071475 0.4587557732200041 0.424264068711928
vn -0.03084356459723214 -0.7064337722128919 0.7071067811865478
vn 0.03084356459723214 0.7064337722128919 -0.7071067811865478
vn 0.9449194398828159 -0.25123604976033476 -0.2097801216330281
vn -0.9449194398828158 0.25123604976033515 0.20978012163302853
vn -0.03084356459723214 -0.7064337722128919 0.7071067811865478
vn 0.03084356459723214 0.7064337722128919 -0.7071067811865478
vn 0.9990482215818579 -0.04361938736533646 1.2574765160154667e-16
vn -0.9990482215818579 0.04361938736533606 -5.20417042793042e-16
vn -0.03084356459723214 -0.7064337722128919 0.7071067811865478
vn 0.03084356459723214 0.7064337722128919 -0.7071067811865478
usemtl none
f 1542/6145/1537 1541/6146/1537 1537/6147/1537 1538/6148/1537
f 1543/6149/1538 1544/6150/1538 1540/6151/1538 1539/6152/1538
f 1541/6153/1539 1543/6154/1539 1539/6155/1539 1537/6156/1539
f 1544/6157/1540 1542/6158/1540 1538/6159/1540 1540/6160/1540
f 1546/6161/1541 1545/6162/1541 1541/6163/1541 1542/6164/1541
f 1547/6165/1542 1548/6166/1542 1544/6167/1542 1543/6168/1542
f 1545/6169/1543 1547/6170/1543 1543/6171/1543 1541/6172/1543
f 1548/6173/1544 1546/6174/1544 1542/6175/1544 1544/6176/1544
f 1550/6177/1545 1549/6178/1545 1545/6179/1545 1546/6180/1545
f 1551/6181/1546 1552/6182/1546 1548/6183/1546 1547/6184/1546
f 1549/6185/1547 1551/6186/1547 1547/6187/1547 1545/6188/1547
f 1552/6189/1548 1550/6190/1548 1546/6191/1548 1548/6192/1548
f 1554/6193/1549 1553/6194/1549 1549/6195/1549 1550/6196/1549
f 1555/6197/1550 1556/6198/1550 1552/6199/1550 1551/6200/1550
f 1553/6201/1551 1555/6202/1551 1551/6203/1551 1549/6204/1551
f 1556/6205/1552 1554/6206/1552 1550/6207/1552 1552/6208/1552
f 1558/6209/1553 1557/6210/1553 1553/6211/1553 1554/6212/1553
f 1559/6213/1554 1560/6214/1554 1556/6215/1554 1555/6216/1554
f 1557/6217/1555 1559/6218/1555 1555/6219/1555 1553/6220/1555
f 1560/6221/1556 1558/6222/1556 1554/6223/1556 1556/6224/1556
f 1562/6225/1557 1561/6226/1557 1557/6227/1557 1558/6228/1557
f 1563/6229/1558 1564/6230/1558 1560/6231/1558 1559/6232/1558
f 1561/6233/1559 1563/6234/1559 1559/6235/1559 1557/6236/1559
f 1564/6237/1560 1562/6238/1560 1558/6239/1560 1560/6240/1560
f 1566/6241/1561 1565/6242/1561 1561/6243/1561 1562/6244/1561
f 1567/6245/1562 1568/6246/1562 1564/6247/1562 1563/6248/1562
f 1565/6249/1563 1567/6250/1563 1563/6251/1563 1561/6252/1563
f 1568/6253/1564 1566/6254/1564 1562/6255/1564 1564/6256/1564
f 1570/6257/1565 1569/6258/1565 1565/6259/1565 1566/6260/1565
f 1571/6261/1566 1572/6262/1566 1568/6263/1566 1567/6264/1566
f 1569/6265/1567 1571/6266/1567 1567/6267/1567 1565/6268/1567
f 1572/6269/1568 1570/6270/1568 1566/6271/1568 1568/6272/1568
f 1574/6273/1569 1573/6274/1569 1569/6275/1569 1570/6276/1569
f 1575/6277/1570 1576/6278/1570 1572/6279/1570 1571/6280/1570
f 1573/6281/1571 1575/6282/1571 1571/6283/1571 1569/6284/1571
f 1576/6285/1572 1574/6286/1572 1570/6287/1572 1572/6288/1572
f 1578/6289/1573 1577/6290/1573 1573/6291/1573 1574/6292/1573
f 1579/6293/1574 1580/6294/1574 1576/6295/1574 1575/6296/1574
f 1577/6297/1575 1579/6298/1575 1575/6299/1575 1573/6300/1575
f 1580/6301/1576 1578/6302/1576 1574/6303/1576 1576/6304/1576
f 1582/6305/1577 1581/6306/1577 1577/6307/1577 1578/6308/1577
f 1583/6309/1578 1584/6310/1578 1580/6311/1578 1579/6312/1578
f 1581/6313/1579 1583/6314/1579 1579/6315/1579 1577/6316/1579
f 1584/6317/1580 1582/6318/1580 1578/6319/1580 1580/6320/1580
f 1586/6321/1581 1585/6322/1581 1581/6323/1581 1582/6324/1581
f 1587/6325/1582 1588/6326/1582 1584/6327/1582 1583/6328/1582
f 1585/6329/1583 1587/6330/1583 1583/6331/1583 1581/6332/1583
f 1588/6333/1584 1586/6334/1584 1582/6335/1584 1584/6336/1584
f 1590/6337/1585 1589/6338/1585 1585/6339/1585 1586/6340/1585
f 1591/6341/1586 1592/6342/1586 1588/6343/1586 1587/6344/1586
f 1589/6345/1587 1591/6346/1587 1587/6347/1587 1585/6348/1587
f 1592/6349/1588 1590/6350/1588 1586/6351/1588 1588/6352/1588
f 1594/6353/1589 1593/6354/1589 1589/6355/1589 1590/6356/1589
f 1595/6357/1590 1596/6358/1590 1592/6359/1590 1591/6360/1590
f 1593/6361/1591 1595/6362/1591 1591/6363/1591 1589/6364/1591
f 1596/6365/1592 1594/6366/1592 1590/6367/1592 1592/6368/1592
f 1598/6369/1593 1597/6370/1593 1593/6371/1593 1594/6372/1593
f 1599/6373/1594 1600/6374/1594 1596/6375/1594 1595/6376/1594
f 1597/6377/1595 1599/6378/1595 1595/6379/1595 1593/6380/1595
f 1600/6381/1596 1598/6382/1596 1594/6383/1596 1596/6384/1596
f 1538/6385/1597 1537/6386/1597 1597/6387/1597 1598/6388/1597
f 1539/6389/1598 1540/6390/1598 1600/6391/1598 1599/6392/1598
f 1537/6393/1599 1539/6394/1599 1599/6395/1599 1597/6396/1599
f 1540/6397/1600 1538/6398/1600 1598/6399/1600 1600/6400/1600
o tube
v -0.05538665157545249 -0.3735436017483755 -0.8408928250381869
v -0.02416639465101943 -0.3749067076035422 -0.8408928250381869
v -0.05548170790661498 -0.37572074967121527 -0.8425062446042925
v -0.024261450982181923 -0.377083855526382 -0.8425062446042925
v -0.055148740390536785 -0.3680945397477169 -0.8598034029664573
v -0.023928483466103725 -0.36945764560288363 -0.8598034029664573
v -0.0552540052150933 -0.370505500609856 -0.8606053915360495
v -0.024033748290660236 -0.37186860646502273 -0.8606053915360495
v -0.05528430969685692 -0.37119958735523695 -0.8815594431486075
v -0.024064052772423863 -0.3725626932104037 -0.8815594431486075
v -0.05538375739949674 -0.37347731422082936 -0.8814279052320103
v -0.024163500475063677 -0.3748404200759961 -0.8814279052320102
v -0.05577272029646449 -0.3823860292200174 -0.9028487856859002
v -0.024552463372031423 -0.38374913507518416 -0.9028487856859002
v -0.05585121086595636 -0.3841837588214221 -0.9018037467385214
v -0.024630953941523297 -0.38554686467658883 -0.9018037467385214
v -0.05653961610302233 -0.3999508309734935 -0.9204303211654035
v -0.025319359178589268 -0.40131393682866023 -0.9204303211654035
v -0.056585200061679906 -0.400994875275356 -0.9186308788936798
v -0.025364943137246843 -0.40235798113052273 -0.9186308788936798
v -0.05746824418190982 -0.42121991077402277 -0.9316274201873788
v -0.026247987257476756 -0.4225830166291895 -0.9316274201873788
v -0.0574739817852471 -0.4213513234956697 -0.9293475233651954
v -0.02625372486081404 -0.4227144293508365 -0.9293475233651954
v -0.05841722932615084 -0.4429552440266633 -0.934735425927686
v -0.027196972401717777 -0.44431834988183005 -0.934735425927686
v -0.058382247076071224 -0.4421540187724832 -0.9323221681789041
v -0.02716199015163816 -0.44351712462765 -0.9323221681789041
v -0.059242097150106435 -0.461847823274987 -0.9292811726865053
v -0.028021840225673375 -0.46321092913015377 -0.9292811726865053
v -0.05917172077706967 -0.46023593932680384 -0.9271019506271411
v -0.027951463852636603 -0.4615990451819706 -0.9271019506271411
v -0.059817269005024834 -0.47502142459009405 -0.9160950210768779
v -0.028597012080591767 -0.4763845304452608 -0.9160950210768779
v -0.05972221267386234 -0.47284427666725426 -0.9144816015107723
v -0.028501955749429275 -0.474207382522421 -0.9144816015107723
v -0.060055180189940535 -0.48047048659075264 -0.8971844431486075
v -0.028834923265507476 -0.4818335924459194 -0.8971844431486075
v -0.05994991536538402 -0.47805952572861354 -0.8963824545790152
v -0.02872965844095096 -0.4794226315837803 -0.8963824545790152
v -0.0599196108836204 -0.4773654389832326 -0.8754284029664573
v -0.028699353959187338 -0.47872854483839933 -0.8754284029664573
v -0.05982016318098059 -0.47508771211764017 -0.8755599408830544
v -0.02859990625654752 -0.4764508179728069 -0.8755599408830544
v -0.05943120028401284 -0.4661789971184521 -0.8541390604291647
v -0.028210943359579774 -0.46754210297361887 -0.8541390604291647
v -0.05935270971452097 -0.46438126751704745 -0.8551840993765434
v -0.0281324527900879 -0.4657443733722142 -0.8551840993765434
v -0.05866430447745499 -0.44861419536497604 -0.8365575249496613
v -0.027444047553021933 -0.4499773012201428 -0.8365575249496613
v -0.05861872051879742 -0.4475701510631135 -0.838356967221385
v -0.027398463594364354 -0.44893325691828023 -0.838356967221385
v -0.057735676398567505 -0.42734511556444676 -0.825360425927686
v -0.026515419474134442 -0.4287082214196135 -0.825360425927686
v -0.05772993879523022 -0.4272137028427998 -0.8276403227498693
v -0.02650968187079716 -0.42857680869796655 -0.8276403227498693
v -0.056786691254326484 -0.4056097823118062 -0.8222524201873788
v -0.025566434329893424 -0.40697288816697297 -0.8222524201873788
v -0.0568216735044061 -0.4064110075659863 -0.8246656779361606
v -0.025601416579973037 -0.40777411342115305 -0.8246656779361606
v -0.055961823430370886 -0.38671720306348256 -0.8277066734285594
v -0.024741566505937822 -0.3880803089186493 -0.8277066734285594
v -0.05603219980340766 -0.3883290870116657 -0.8298858954879237
v -0.024811942878974595 -0.38969219286683243 -0.8298858954879237
vt 0.09945625 1
vt 0.09945625 0.75
vt 0 0.75
vt 0 1
vt 0 0.75
vt 0 1
vt 0.0951875 1
vt 0.0951875 0.75
vt 0.010726279727053867 0.9005452143418925
vt 5.551115123125783e-16 0.9026780146793606
vt 5.551115123125783e-16 0.9978666893684354
vt 0.010728336702654107 1
vt 0.09732220718886293 0.9999980312583259
vt 0.0994547856793792 0.989271707421881
vt 0 0.989271707421881
vt 0.0021335325201474534 1
vt 0.09945625 1
vt 0.09945625 0.75
vt 0 0.75
vt 0 1
vt 0 0.75
vt 0 1
vt 0.0951875 1
vt 0.0951875 0.75
vt 0.010725925987123686 0.9005410118087297
vt 2.7755575615628914e-16 0.9026755904044366
vt 2.220446049250313e-16 0.9978654214042931
vt 0.010725925987123686 1
vt 0.09732440959556345 0.9999999999999998
vt 0.09945898819127032 0.9892740740128763
vt 0 0.9892740740128763
vt 0.0021345785957068986 0.9999999999999998
vt 0.09945625 1
vt 0.09945625 0.75
vt 0 0.75
vt 0 1
vt 0 0.75
vt 0 1
vt 0.0951875 1
vt 0.0951875 0.75
vt 0.010728336702654107 0.9005452143418925
vt 5.551115123125783e-16 0.9026785249734571
vt 5.551115123125783e-16 0.9978671996625319
vt 0.010726279727053867 1
vt 0.09732125315923176 1
vt 0.09945478567937921 0.989271707421881
vt 0 0.989271707421881
vt 0.0021325784905162765 0.999998031258326
vt 0.09945625 1
vt 0.09945625 0.75
vt 0 0.75
vt 0 1
vt 0 0.75
vt 0 1
vt 0.0951875 1
vt 0.0951875 0.75
vt 0.010728125000000005 0.90054375
vt 0 0.902678125
vt 0 0.997865625
vt 0.010728125000000005 1
vt 0 0.997865625
vt 0.010728125000000005 1
vt 0.010728125000000005 0.90054375
vt 0 0.902678125
vt 0.09945625 1
vt 0.09945625 0.75
vt 0 0.75
vt 0 1
vt 0 0.75
vt 0 1
vt 0.0951875 1
vt 0.0951875 0.75
vt 0 0.9892737202729461
vt 0.002132800337468113 0.9999999999999994
vt 0.09732147502654287 0.9999999999999994
vt 0.09945478565810749 0.989271663297346
vt 0.0000019687416740465924 0.9978674215094837
vt 0.010728292578118998 1
vt 0.010728292578118998 0.9005452143206207
vt 0 0.9026787468407682
vt 0.09945625 1
vt 0.09945625 0.75
vt 0 0.75
vt 0 1
vt 0 0.75
vt 0 1
vt 0.0951875 1
vt 0.0951875 0.75
vt 0 0.9892740740128763
vt 0.0021345785957068986 0.9999999999999998
vt 0.09732440959556345 0.9999999999999998
vt 0.09945898819127032 0.9892740740128763
vt 2.220446049250313e-16 0.9978654214042931
vt 0.010725925987123686 1
vt 0.010725925987123686 0.9005410118087297
vt 2.7755575615628914e-16 0.9026755904044366
vt 0.09945625 1
vt 0.09945625 0.75
vt 0 0.75
vt 0 1
vt 0 0.75
vt 0 1
vt 0.0951875 1
vt 0.0951875 0.75
vt 0 0.989271663297346
vt 0.0021333106315646264 0.9999999999999994
vt 0.09732198532063939 0.9999999999999994
vt 0.09945478565810748 0.9892737202729461
vt 0 0.9978664674798525
vt 0.010728292578119025 1
vt 0.010728292578119025 0.9005452143206208
vt 0.000001968741674129859 0.902677792811137
vt 0.09945625 1
vt 0.09945625 0.75
vt 0 0.75
vt 0 1
vt 0 0.75
vt 0 1
vt 0.0951875 1
vt 0.0951875 0.75
vt 0 0.989271875
vt 0.002134375000000001 1
vt 0.097321875 1
vt 0.09945625 0.989271875
vt 0.002134375000000001 0.989271875
vt 0 1
vt 0.09945625 1
vt 0.097321875 0.989271875
vt 0.09945625 1
vt 0.09945625 0.75
vt 0 0.75
vt 0 1
vt 0 0.75
vt 0 1
vt 0.0951875 1
vt 0.0951875 0.75
vt 0.0000020569756015165197 1
vt 0.010728336702654856 0.9978671996625319
vt 0.010728336702654856 0.9026785249734571
vt 1.27675647831893e-15 0.9005452143418925
vt 0.0021325784905162765 0.9892736761635542
vt 0 0.9999999999999991
vt 0.0994547856793792 0.9999999999999992
vt 0.09732125315923175 0.9892717074218802
vt 0.09945625 1
vt 0.09945625 0.75
vt 0 0.75
vt 0 1
vt 0 0.75
vt 0 1
vt 0.0951875 1
vt 0.0951875 0.75
vt 4.996003610813204e-16 1
vt 0.010725925987123908 0.9978654214042931
vt 0.010725925987123935 0.9026755904044366
vt 4.996003610813204e-16 0.9005410118087297
vt 0.002134578595706871 0.989274074012876
vt 0 0.9999999999999996
vt 0.09945898819127032 0.9999999999999996
vt 0.09732440959556342 0.989274074012876
vt 0.09945625 1
vt 0.09945625 0.75
vt 0 0.75
vt 0 1
vt 0 0.75
vt 0 1
vt 0.0951875 1
vt 0.0951875 0.75
vt 1.27675647831893e-15 1
vt 0.010728336702654828 0.9978666893684354
vt 0.010728336702654828 0.9026780146793606
vt 0.0000020569756015165197 0.9005452143418925
vt 0.0021335325201474464 0.9892717074218802
vt 0 0.9999999999999992
vt 0.09945478567937921 0.9999999999999992
vt 0.09732220718886293 0.9892736761635543
vt 0.09945625 1
vt 0.09945625 0.75
vt 0 0.75
vt 0 1
vt 0 0.75
vt 0 1
vt 0.0951875 1
vt 0.0951875 0.75
vt 0 1
vt 0.010728125000000005 0.997865625
vt 0.010728125000000005 0.902678125
vt 0 0.90054375
vt 0.010728125000000005 0.902678125
vt 0 0.90054375
vt 0 1
vt 0.010728125000000005 0.997865625
vt 0.09945625 1
vt 0.09945625 0.75
vt 0 0.75
vt 0 1
vt 0 0.75
vt 0 1
vt 0.0951875 1
vt 0.0951875 0.75
vt 0.09945478565810749 0.9999979430243984
vt 0.09732198532063938 0.9892716632973451
vt 0.0021333106315646194 0.9892716632973452
vt 0 0.9999999999999988
vt 0.010726323836445756 0.9026777928111371
vt 8.326672684688674e-16 0.9005452143206208
vt 7.771561172376096e-16 1
vt 0.010728292578119775 0.9978664674798525
vt 0.09945625 1
vt 0.09945625 0.75
vt 0 0.75
vt 0 1
vt 0 0.75
vt 0 1
vt 0.0951875 1
vt 0.0951875 0.75
vt 0.09945898819127032 0.9999999999999996
vt 0.09732440959556342 0.989274074012876
vt 0.002134578595706871 0.989274074012876
vt 0 0.9999999999999996
vt 0.010725925987123935 0.9026755904044366
vt 4.996003610813204e-16 0.9005410118087297
vt 4.996003610813204e-16 1
vt 0.010725925987123908 0.9978654214042931
vt 0.09945625 1
vt 0.09945625 0.75
vt 0 0.75
vt 0 1
vt 0 0.75
vt 0 1
vt 0.0951875 1
vt 0.0951875 0.75
vt 0.09945478565810748 0.9999999999999987
vt 0.09732147502654284 0.9892716632973452
vt 0.0021328003374680854 0.9892716632973452
vt 0 0.9999979430243985
vt 0.010728292578119775 0.9026787468407682
vt 7.771561172376096e-16 0.9005452143206207
vt 7.771561172376096e-16 1
vt 0.010726323836445728 0.9978674215094837
vt 0.09945625 1
vt 0.09945625 0.75
vt 0 0.75
vt 0 1
vt 0 0.75
vt 0 1
vt 0.0951875 1
vt 0.0951875 0.75
vt 0.09945625 1
vt 0.097321875 0.989271875
vt 0.002134375000000001 0.989271875
vt 0 1
vt 0.097321875 1
vt 0.09945625 0.989271875
vt 0 0.989271875
vt 0.002134375000000001 1
vn 0.04191096201571896 0.9599188479172365 0.27712682417290946
vn -0.04191096201571896 -0.9599188479172365 -0.2771268241729097
vn -0.9990482215818579 0.04361938736533591 -3.67761376907083e-16
vn 0.9990482215818579 -0.04361938736533591 3.67761376907083e-16
vn 0.04318099043612455 0.989007281098049 -0.14142135623730925
vn -0.04318099043612456 -0.9890072810980491 0.14142135623730934
vn -0.9990482215818579 0.04361938736533591 -3.67761376907083e-16
vn 0.9990482215818579 -0.04361938736533591 3.67761376907083e-16
vn 0.03860543219061213 0.8842097677896398 -0.4654918980506185
vn -0.03860543219061213 -0.8842097677896399 0.4654918980506185
vn -0.9990482215818579 0.04361938736533591 -3.67761376907083e-16
vn 0.9990482215818579 -0.04361938736533591 3.67761376907083e-16
vn 0.03084356459723192 0.706433772212892 -0.7071067811865477
vn -0.03084356459723192 -0.706433772212892 0.7071067811865477
vn -0.9990482215818579 0.04361938736533591 -3.67761376907083e-16
vn 0.9990482215818579 -0.04361938736533591 3.67761376907083e-16
vn 0.020304471416495495 0.4650488529082336 -0.8850521413166756
vn -0.020304471416495516 -0.46504885290823406 0.8850521413166754
vn -0.9990482215818579 0.04361938736533591 -3.67761376907083e-16
vn 0.9990482215818579 -0.04361938736533591 3.67761376907083e-16
vn 0.006168712919446541 0.14128675444257868 -0.9899494936611666
vn -0.006168712919446527 -0.1412867544425784 0.9899494936611667
vn -0.9990482215818579 0.04361938736533591 -3.67761376907083e-16
vn 0.9990482215818579 -0.04361938736533591 3.67761376907083e-16
vn -0.01208810229292329 -0.2768630608425732 -0.9608333483616383
vn 0.012088102292923314 0.2768630608425737 0.9608333483616383
vn -0.9990482215818579 0.04361938736533591 -3.67761376907083e-16
vn 0.9990482215818579 -0.04361938736533591 3.67761376907083e-16
vn -0.030843564597231685 -0.706433772212892 -0.7071067811865476
vn 0.030843564597231685 0.706433772212892 0.7071067811865476
vn -0.9990482215818579 0.04361938736533591 -3.67761376907083e-16
vn 0.9990482215818579 -0.04361938736533591 3.67761376907083e-16
vn -0.04191096201571896 -0.9599188479172365 -0.2771268241729096
vn 0.04191096201571894 0.9599188479172361 0.27712682417291035
vn -0.9990482215818579 0.04361938736533591 -3.67761376907083e-16
vn 0.9990482215818579 -0.04361938736533591 3.67761376907083e-16
vn -0.04318099043612455 -0.989007281098049 0.1414213562373097
vn 0.04318099043612454 0.9890072810980489 -0.14142135623731025
vn -0.9990482215818579 0.04361938736533591 -3.67761376907083e-16
vn 0.9990482215818579 -0.04361938736533591 3.67761376907083e-16
vn -0.03860543219061213 -0.8842097677896399 0.46549189805061875
vn 0.03860543219061214 0.8842097677896401 -0.4654918980506181
vn -0.9990482215818579 0.04361938736533591 -3.67761376907083e-16
vn 0.9990482215818579 -0.04361938736533591 3.67761376907083e-16
vn -0.030843564597231938 -0.7064337722128925 0.7071067811865472
vn 0.03084356459723192 0.706433772212892 -0.7071067811865477
vn -0.9990482215818579 0.04361938736533591 -3.67761376907083e-16
vn 0.9990482215818579 -0.04361938736533591 3.67761376907083e-16
vn -0.02030447141649549 -0.4650488529082335 0.8850521413166758
vn 0.020304471416495516 0.46504885290823406 -0.8850521413166756
vn -0.9990482215818579 0.04361938736533591 -3.67761376907083e-16
vn 0.9990482215818579 -0.04361938736533591 3.67761376907083e-16
vn -0.006168712919446541 -0.14128675444257868 0.9899494936611666
vn 0.006168712919446515 0.1412867544425781 -0.9899494936611666
vn -0.9990482215818579 0.04361938736533591 -3.67761376907083e-16
vn 0.9990482215818579 -0.04361938736533591 3.67761376907083e-16
vn 0.012088102292923298 0.27686306084257334 0.9608333483616385
vn -0.012088102292923284 -0.27686306084257306 -0.9608333483616385
vn -0.9990482215818579 0.04361938736533591 -3.67761376907083e-16
vn 0.9990482215818579 -0.04361938736533591 3.67761376907083e-16
vn 0.03084356459723166 0.7064337722128915 0.7071067811865481
vn -0.030843564597231685 -0.706433772212892 -0.7071067811865476
vn -0.9990482215818579 0.04361938736533591 -3.67761376907083e-16
vn 0.9990482215818579 -0.04361938736533591 3.67761376907083e-16
usemtl none
f 1606/6401/1601 1605/6402/1601 1601/6403/1601 1602/6404/1601
f 1607/6405/1602 1608/6406/1602 1604/6407/1602 1603/6408/1602
f 1605/6409/1603 1607/6410/1603 1603/6411/1603 1601/6412/1603
f 1608/6413/1604 1606/6414/1604 1602/6415/1604 1604/6416/1604
f 1610/6417/1605 1609/6418/1605 1605/6419/1605 1606/6420/1605
f 1611/6421/1606 1612/6422/1606 1608/6423/1606 1607/6424/1606
f 1609/6425/1607 1611/6426/1607 1607/6427/1607 1605/6428/1607
f 1612/6429/1608 1610/6430/1608 1606/6431/1608 1608/6432/1608
f 1614/6433/1609 1613/6434/1609 1609/6435/1609 1610/6436/1609
f 1615/6437/1610 1616/6438/1610 1612/6439/1610 1611/6440/1610
f 1613/6441/1611 1615/6442/1611 1611/6443/1611 1609/6444/1611
f 1616/6445/1612 1614/6446/1612 1610/6447/1612 1612/6448/1612
f 1618/6449/1613 1617/6450/1613 1613/6451/1613 1614/6452/1613
f 1619/6453/1614 1620/6454/1614 1616/6455/1614 1615/6456/1614
f 1617/6457/1615 1619/6458/1615 1615/6459/1615 1613/6460/1615
f 1620/6461/1616 1618/6462/1616 1614/6463/1616 1616/6464/1616
f 1622/6465/1617 1621/6466/1617 1617/6467/1617 1618/6468/1617
f 1623/6469/1618 1624/6470/1618 1620/6471/1618 1619/6472/1618
f 1621/6473/1619 1623/6474/1619 1619/6475/1619 1617/6476/1619
f 1624/6477/1620 1622/6478/1620 1618/6479/1620 1620/6480/1620
f 1626/6481/1621 1625/6482/1621 1621/6483/1621 1622/6484/1621
f 1627/6485/1622 1628/6486/1622 1624/6487/1622 1623/6488/1622
f 1625/6489/1623 1627/6490/1623 1623/6491/1623 1621/6492/1623
f 1628/6493/1624 1626/6494/1624 1622/6495/1624 1624/6496/1624
f 1630/6497/1625 1629/6498/1625 1625/6499/1625 1626/6500/1625
f 1631/6501/1626 1632/6502/1626 1628/6503/1626 1627/6504/1626
f 1629/6505/1627 1631/6506/1627 1627/6507/1627 1625/6508/1627
f 1632/6509/1628 1630/6510/1628 1626/6511/1628 1628/6512/1628
f 1634/6513/1629 1633/6514/1629 1629/6515/1629 1630/6516/1629
f 1635/6517/1630 1636/6518/1630 1632/6519/1630 1631/6520/1630
f 1633/6521/1631 1635/6522/1631 1631/6523/1631 1629/6524/1631
f 1636/6525/1632 1634/6526/1632 1630/6527/1632 1632/6528/1632
f 1638/6529/1633 1637/6530/1633 1633/6531/1633 1634/6532/1633
f 1639/6533/1634 1640/6534/1634 1636/6535/1634 1635/6536/1634
f 1637/6537/1635 1639/6538/1635 1635/6539/1635 1633/6540/1635
f 1640/6541/1636 1638/6542/1636 1634/6543/1636 1636/6544/1636
f 1642/6545/1637 1641/6546/1637 1637/6547/1637 1638/6548/1637
f 1643/6549/1638 1644/6550/1638 1640/6551/1638 1639/6552/1638
f 1641/6553/1639 1643/6554/1639 1639/6555/1639 1637/6556/1639
f 1644/6557/1640 1642/6558/1640 1638/6559/1640 1640/6560/1640
f 1646/6561/1641 1645/6562/1641 1641/6563/1641 1642/6564/1641
f 1647/6565/1642 1648/6566/1642 1644/6567/1642 1643/6568/1642
f 1645/6569/1643 1647/6570/1643 1643/6571/1643 1641/6572/1643
f 1648/6573/1644 1646/6574/1644 1642/6575/1644 1644/6576/1644
f 1650/6577/1645 1649/6578/1645 1645/6579/1645 1646/6580/1645
f 1651/6581/1646 1652/6582/1646 1648/6583/1646 1647/6584/1646
f 1649/6585/1647 1651/6586/1647 1647/6587/1647 1645/6588/1647
f 1652/6589/1648 1650/6590/1648 1646/6591/1648 1648/6592/1648
f 1654/6593/1649 1653/6594/1649 1649/6595/1649 1650/6596/1649
f 1655/6597/1650 1656/6598/1650 1652/6599/1650 1651/6600/1650
f 1653/6601/1651 1655/6602/1651 1651/6603/1651 1649/6604/1651
f 1656/6605/1652 1654/6606/1652 1650/6607/1652 1652/6608/1652
f 1658/6609/1653 1657/6610/1653 1653/6611/1653 1654/6612/1653
f 1659/6613/1654 1660/6614/1654 1656/6615/1654 1655/6616/1654
f 1657/6617/1655 1659/6618/1655 1655/6619/1655 1653/6620/1655
f 1660/6621/1656 1658/6622/1656 1654/6623/1656 1656/6624/1656
f 1662/6625/1657 1661/6626/1657 1657/6627/1657 1658/6628/1657
f 1663/6629/1658 1664/6630/1658 1660/6631/1658 1659/6632/1658
f 1661/6633/1659 1663/6634/1659 1659/6635/1659 1657/6636/1659
f 1664/6637/1660 1662/6638/1660 1658/6639/1660 1660/6640/1660
f 1602/6641/1661 1601/6642/1661 1661/6643/1661 1662/6644/1661
f 1603/6645/1662 1604/6646/1662 1664/6647/1662 1663/6648/1662
f 1601/6649/1663 1603/6650/1663 1663/6651/1663 1661/6652/1663
f 1604/6653/1664 1602/6654/1664 1662/6655/1664 1664/6656/1664
o tube
v 0.008113585642896846 -0.3519981578578716 -0.7813148076694624
v 0.009077447036560354 -0.3299221024762187 -0.8034118945815419
v 0.006087694739880467 -0.35228726656741566 -0.7816920093316347
v 0.007051556133543975 -0.3302112111857628 -0.8037890962437144
v 0.0016926033255276196 -0.335459116260421 -0.7650715868898282
v 0.0026564647191911275 -0.3133830608787681 -0.7871686738019079
v -0.000057770663085578156 -0.33645789608925614 -0.7661457663426214
v 0.0009060907305779298 -0.3143818407076033 -0.788242853254701
v -0.010938720764298838 -0.3224637539754223 -0.7526395639285997
v -0.009974859370635327 -0.30038769859376946 -0.7747366508406793
v -0.01214709926592221 -0.3240201497485701 -0.7542471870877867
v -0.011183237872258701 -0.30194409436691716 -0.7763442739998663
v -0.027857382037144485 -0.31499049710751414 -0.7459114015850548
v -0.026893520643480974 -0.2929144417258613 -0.7680084884971343
v -0.02833980037888427 -0.31686756167727553 -0.7478077223977897
v -0.02737593898522076 -0.2947915062956227 -0.7699048093098693
v -0.04648766768226491 -0.31417708126959326 -0.7459114015850548
v -0.0455238062886014 -0.2921010258879404 -0.7680084884971343
v -0.04617068204472439 -0.31608904857085485 -0.7478077223977897
v -0.04520682065106088 -0.294012993189202 -0.7699048093098693
v -0.06399328559415043 -0.3201473416493502 -0.7526395639285997
v -0.06302942420048693 -0.29807128626769736 -0.7747366508406793
v -0.0629251541671632 -0.32180313199252164 -0.7542471870877867
v -0.06196129277349969 -0.2997270766108688 -0.7763442739998663
v -0.07770916413453807 -0.3319923602245121 -0.7650715868898283
v -0.07674530274087457 -0.30991630484285926 -0.7871686738019079
v -0.07605250024522742 -0.33313989453962245 -0.7661457663426214
v -0.07508863885156392 -0.31106383915796953 -0.788242853254701
v -0.08554718513040235 -0.3479088402923713 -0.7813148076694624
v -0.08458332373673884 -0.32583278491071843 -0.8034118945815419
v -0.08355420083822027 -0.3483734168823694 -0.7816920093316347
v -0.08259033944455677 -0.32629736150071653 -0.8037890962437144
v -0.08631408093696019 -0.3654736420458474 -0.7988963431489656
v -0.08535021954329669 -0.3433975866641945 -0.8209934300610452
v -0.0842881900339438 -0.3651845333363033 -0.7985191414867931
v -0.0833243286402803 -0.34310847795465044 -0.8206162283988728
v -0.07989309861959097 -0.38201268364329793 -0.8151395639285997
v -0.07892923722592746 -0.3599366282616451 -0.8372366508406792
v -0.0781427246309778 -0.3810139038144628 -0.8140653844758066
v -0.07717886323731428 -0.35893784843280996 -0.8361624713878861
v -0.0672617745297645 -0.39500804592829664 -0.8275715868898282
v -0.06629791313610099 -0.3729319905466438 -0.8496686738019079
v -0.06605339602814113 -0.39345165015514894 -0.8259639637306413
v -0.06508953463447761 -0.371375594773496 -0.8480610506427209
v -0.05034311325691888 -0.4024813027962048 -0.8342997492333731
v -0.04937925186325537 -0.38040524741455195 -0.8563968361454528
v -0.04986069491517909 -0.4006042382264434 -0.8324034284206383
v -0.04889683352151558 -0.37852818284479056 -0.8545005153327179
v -0.03171282761179844 -0.4032947186341257 -0.8342997492333732
v -0.030748966218134926 -0.38121866325247283 -0.8563968361454528
v -0.032029813249338956 -0.4013827513328641 -0.8324034284206383
v -0.031065951855675445 -0.37930669595121125 -0.8545005153327179
v -0.01420720969991291 -0.39732445825436874 -0.8275715868898282
v -0.013243348306249403 -0.3752484028727159 -0.8496686738019079
v -0.015275341126900155 -0.3956686679111973 -0.8259639637306413
v -0.014311479733236647 -0.37359261252954445 -0.8480610506427209
v -0.0004913311595252726 -0.38547943967920684 -0.8151395639285997
v 0.00047253023413823536 -0.363403384297554 -0.8372366508406792
v -0.002147995048835935 -0.38433190536409656 -0.8140653844758066
v -0.0011841336551724271 -0.36225584998244365 -0.8361624713878861
v 0.007346689836338988 -0.36956295961134766 -0.7988963431489656
v 0.008310551230002496 -0.3474869042296948 -0.8209934300610452
v 0.005353705544156921 -0.36909838302134956 -0.7985191414867931
v 0.006317566937820429 -0.3470223276396967 -0.8206162283988728
vt 0.09945625 1
vt 0.09945625 0.75
vt 0 0.75
vt 0 1
vt 0 0.75
vt 0 1
vt 0.0951875 1
vt 0.0951875 0.75
vt 0.010726279727053867 0.9005452143418925
vt 5.551115123125783e-16 0.9026780146793606
vt 5.551115123125783e-16 0.9978666893684354
vt 0.010728336702654107 1
vt 0.09732220718886293 0.9999980312583259
vt 0.0994547856793792 0.989271707421881
vt 0 0.989271707421881
vt 0.0021335325201474534 1
vt 0.09945625 1
vt 0.09945625 0.75
vt 0 0.75
vt 0 1
vt 0 0.75
vt 0 1
vt 0.0951875 1
vt 0.0951875 0.75
vt 0.010725925987123686 0.9005410118087297
vt 2.7755575615628914e-16 0.9026755904044366
vt 2.220446049250313e-16 0.9978654214042931
vt 0.010725925987123686 1
vt 0.09732440959556345 0.9999999999999998
vt 0.09945898819127032 0.9892740740128763
vt 0 0.9892740740128763
vt 0.0021345785957068986 0.9999999999999998
vt 0.09945625 1
vt 0.09945625 0.75
vt 0 0.75
vt 0 1
vt 0 0.75
vt 0 1
vt 0.0951875 1
vt 0.0951875 0.75
vt 0.010728336702654107 0.9005452143418925
vt 5.551115123125783e-16 0.9026785249734571
vt 5.551115123125783e-16 0.9978671996625319
vt 0.010726279727053867 1
vt 0.09732125315923176 1
vt 0.09945478567937921 0.989271707421881
vt 0 0.989271707421881
vt 0.0021325784905162765 0.999998031258326
vt 0.09945625 1
vt 0.09945625 0.75
vt 0 0.75
vt 0 1
vt 0 0.75
vt 0 1
vt 0.0951875 1
vt 0.0951875 0.75
vt 0.010728125000000005 0.90054375
vt 0 0.902678125
vt 0 0.997865625
vt 0.010728125000000005 1
vt 0 0.997865625
vt 0.010728125000000005 1
vt 0.010728125000000005 0.90054375
vt 0 0.902678125
vt 0.09945625 1
vt 0.09945625 0.75
vt 0 0.75
vt 0 1
vt 0 0.75
vt 0 1
vt 0.0951875 1
vt 0.0951875 0.75
vt 0 0.9892737202729461
vt 0.002132800337468113 0.9999999999999994
vt 0.09732147502654287 0.9999999999999994
vt 0.09945478565810749 0.989271663297346
vt 0.0000019687416740465924 0.9978674215094837
vt 0.010728292578118998 1
vt 0.010728292578118998 0.9005452143206207
vt 0 0.9026787468407682
vt 0.09945625 1
vt 0.09945625 0.75
vt 0 0.75
vt 0 1
vt 0 0.75
vt 0 1
vt 0.0951875 1
vt 0.0951875 0.75
vt 0 0.9892740740128763
vt 0.0021345785957068986 0.9999999999999998
vt 0.09732440959556345 0.9999999999999998
vt 0.09945898819127032 0.9892740740128763
vt 2.220446049250313e-16 0.9978654214042931
vt 0.010725925987123686 1
vt 0.010725925987123686 0.9005410118087297
vt 2.7755575615628914e-16 0.9026755904044366
vt 0.09945625 1
vt 0.09945625 0.75
vt 0 0.75
vt 0 1
vt 0 0.75
vt 0 1
vt 0.0951875 1
vt 0.0951875 0.75
vt 0 0.989271663297346
vt 0.0021333106315646264 0.9999999999999994
vt 0.09732198532063939 0.9999999999999994
vt 0.09945478565810748 0.9892737202729461
vt 0 0.9978664674798525
vt 0.010728292578119025 1
vt 0.010728292578119025 0.9005452143206208
vt 0.000001968741674129859 0.902677792811137
vt 0.09945625 1
vt 0.09945625 0.75
vt 0 0.75
vt 0 1
vt 0 0.75
vt 0 1
vt 0.0951875 1
vt 0.0951875 0.75
vt 0 0.989271875
vt 0.002134375000000001 1
vt 0.097321875 1
vt 0.09945625 0.989271875
vt 0.002134375000000001 0.989271875
vt 0 1
vt 0.09945625 1
vt 0.097321875 0.989271875
vt 0.09945625 1
vt 0.09945625 0.75
vt 0 0.75
vt 0 1
vt 0 0.75
vt 0 1
vt 0.0951875 1
vt 0.0951875 0.75
vt 0.0000020569756015165197 1
vt 0.010728336702654856 0.9978671996625319
vt 0.010728336702654856 0.9026785249734571
vt 1.27675647831893e-15 0.9005452143418925
vt 0.0021325784905162765 0.9892736761635542
vt 0 0.9999999999999991
vt 0.0994547856793792 0.9999999999999992
vt 0.09732125315923175 0.9892717074218802
vt 0.09945625 1
vt 0.09945625 0.75
vt 0 0.75
vt 0 1
vt 0 0.75
vt 0 1
vt 0.0951875 1
vt 0.0951875 0.75
vt 4.996003610813204e-16 1
vt 0.010725925987123908 0.9978654214042931
vt 0.010725925987123935 0.9026755904044366
vt 4.996003610813204e-16 0.9005410118087297
vt 0.002134578595706871 0.989274074012876
vt 0 0.9999999999999996
vt 0.09945898819127032 0.9999999999999996
vt 0.09732440959556342 0.989274074012876
vt 0.09945625 1
vt 0.09945625 0.75
vt 0 0.75
vt 0 1
vt 0 0.75
vt 0 1
vt 0.0951875 1
vt 0.0951875 0.75
vt 1.27675647831893e-15 1
vt 0.010728336702654828 0.9978666893684354
vt 0.010728336702654828 0.9026780146793606
vt 0.0000020569756015165197 0.9005452143418925
vt 0.0021335325201474464 0.9892717074218802
vt 0 0.9999999999999992
vt 0.09945478567937921 0.9999999999999992
vt 0.09732220718886293 0.9892736761635543
vt 0.09945625 1
vt 0.09945625 0.75
vt 0 0.75
vt 0 1
vt 0 0.75
vt 0 1
vt 0.0951875 1
vt 0.0951875 0.75
vt 0 1
vt 0.010728125000000005 0.997865625
vt 0.010728125000000005 0.902678125
vt 0 0.90054375
vt 0.010728125000000005 0.902678125
vt 0 0.90054375
vt 0 1
vt 0.010728125000000005 0.997865625
vt 0.09945625 1
vt 0.09945625 0.75
vt 0 0.75
vt 0 1
vt 0 0.75
vt 0 1
vt 0.0951875 1
vt 0.0951875 0.75
vt 0.09945478565810749 0.9999979430243984
vt 0.09732198532063938 0.9892716632973451
vt 0.0021333106315646194 0.9892716632973452
vt 0 0.9999999999999988
vt 0.010726323836445756 0.9026777928111371
vt 8.326672684688674e-16 0.9005452143206208
vt 7.771561172376096e-16 1
vt 0.010728292578119775 0.9978664674798525
vt 0.09945625 1
vt 0.09945625 0.75
vt 0 0.75
vt 0 1
vt 0 0.75
vt 0 1
vt 0.0951875 1
vt 0.0951875 0.75
vt 0.09945898819127032 0.9999999999999996
vt 0.09732440959556342 0.989274074012876
vt 0.002134578595706871 0.989274074012876
vt 0 0.9999999999999996
vt 0.010725925987123935 0.9026755904044366
vt 4.996003610813204e-16 0.9005410118087297
vt 4.996003610813204e-16 1
vt 0.010725925987123908 0.9978654214042931
vt 0.09945625 1
vt 0.09945625 0.75
vt 0 0.75
vt 0 1
vt 0 0.75
vt 0 1
vt 0.0951875 1
vt 0.0951875 0.75
vt 0.09945478565810748 0.9999999999999987
vt 0.09732147502654284 0.9892716632973452
vt 0.0021328003374680854 0.9892716632973452
vt 0 0.9999979430243985
vt 0.010728292578119775 0.9026787468407682
vt 7.771561172376096e-16 0.9005452143206207
vt 7.771561172376096e-16 1
vt 0.010726323836445728 0.9978674215094837
vt 0.09945625 1
vt 0.09945625 0.75
vt 0 0.75
vt 0 1
vt 0 0.75
vt 0 1
vt 0.0951875 1
vt 0.0951875 0.75
vt 0.09945625 1
vt 0.097321875 0.989271875
vt 0.002134375000000001 0.989271875
vt 0 1
vt 0.097321875 1
vt 0.09945625 0.989271875
vt 0 0.989271875
vt 0.002134375000000001 1
vn 0.9632204006569325 0.1679248651210714 0.20978012163302917
vn -0.9632204006569325 -0.16792486512107155 -0.20978012163302928
vn -0.03084356459723214 -0.7064337722128919 0.7071067811865478
vn 0.03084356459723214 0.7064337722128919 -0.7071067811865478
vn 0.8177447160238254 0.38896475343546627 0.4242640687119287
vn -0.8177447160238254 -0.38896475343546627 -0.4242640687119287
vn -0.03084356459723214 -0.7064337722128919 0.7071067811865478
vn 0.03084356459723214 0.7064337722128919 -0.7071067811865478
vn 0.5099929111235296 0.597303008035541 0.6189800862672741
vn -0.5099929111235298 -0.5973030080355409 -0.618980086267274
vn -0.03084356459723214 -0.7064337722128919 0.7071067811865478
vn 0.03084356459723214 0.7064337722128919 -0.7071067811865478
vn 0.0308435645972317 0.7064337722128923 0.7071067811865476
vn -0.0308435645972317 -0.7064337722128923 -0.7071067811865476
vn -0.03084356459723214 -0.7064337722128919 0.7071067811865478
vn 0.03084356459723214 0.7064337722128919 -0.7071067811865478
vn -0.4559938468148875 0.639478900724269 0.6189800862672737
vn 0.4559938468148867 -0.6394789007242693 -0.6189800862672741
vn -0.03084356459723214 -0.7064337722128919 0.7071067811865478
vn 0.03084356459723214 0.7064337722128919 -0.7071067811865478
vn -0.7807324385071469 0.4587557732200044 0.4242640687119284
vn 0.7807324385071474 -0.45875577322000427 -0.4242640687119282
vn -0.03084356459723214 -0.7064337722128919 0.7071067811865478
vn 0.03084356459723214 0.7064337722128919 -0.7071067811865478
vn -0.9449194398828159 0.25123604976033487 0.20978012163302825
vn 0.9449194398828159 -0.25123604976033476 -0.2097801216330281
vn -0.03084356459723214 -0.7064337722128919 0.7071067811865478
vn 0.03084356459723214 0.7064337722128919 -0.7071067811865478
vn -0.9990482215818579 0.04361938736533606 -5.20417042793042e-16
vn 0.9990482215818579 -0.04361938736533606 5.20417042793042e-16
vn -0.03084356459723214 -0.7064337722128919 0.7071067811865478
vn 0.03084356459723214 0.7064337722128919 -0.7071067811865478
vn -0.9632204006569326 -0.1679248651210715 -0.20978012163302925
vn 0.9632204006569326 0.16792486512107105 0.2097801216330288
vn -0.03084356459723214 -0.7064337722128919 0.7071067811865478
vn 0.03084356459723214 0.7064337722128919 -0.7071067811865478
vn -0.8177447160238251 -0.3889647534354663 -0.42426406871192873
vn 0.8177447160238248 0.3889647534354669 0.42426406871192923
vn -0.03084356459723214 -0.7064337722128919 0.7071067811865478
vn 0.03084356459723214 0.7064337722128919 -0.7071067811865478
vn -0.5099929111235294 -0.5973030080355411 -0.6189800862672743
vn 0.5099929111235303 0.5973030080355407 0.6189800862672737
vn -0.03084356459723214 -0.7064337722128919 0.7071067811865478
vn 0.03084356459723214 0.7064337722128919 -0.7071067811865478
vn -0.030843564597232805 -0.7064337722128922 -0.7071067811865475
vn 0.0308435645972317 0.7064337722128923 0.7071067811865476
vn -0.03084356459723214 -0.7064337722128919 0.7071067811865478
vn 0.03084356459723214 0.7064337722128919 -0.7071067811865478
vn 0.4559938468148877 -0.6394789007242689 -0.6189800862672736
vn -0.45599384681488697 0.6394789007242693 0.618980086267274
vn -0.03084356459723214 -0.7064337722128919 0.7071067811865478
vn 0.03084356459723214 0.7064337722128919 -0.7071067811865478
vn 0.7807324385071471 -0.4587557732200044 -0.42426406871192834
vn -0.7807324385071475 0.4587557732200041 0.424264068711928
vn -0.03084356459723214 -0.7064337722128919 0.7071067811865478
vn 0.03084356459723214 0.7064337722128919 -0.7071067811865478
vn 0.9449194398828159 -0.25123604976033476 -0.2097801216330281
vn -0.9449194398828158 0.25123604976033515 0.20978012163302853
vn -0.03084356459723214 -0.7064337722128919 0.7071067811865478
vn 0.03084356459723214 0.7064337722128919 -0.7071067811865478
vn 0.9990482215818579 -0.04361938736533646 1.2574765160154667e-16
vn -0.9990482215818579 0.04361938736533606 -5.20417042793042e-16
vn -0.03084356459723214 -0.7064337722128919 0.7071067811865478
vn 0.03084356459723214 0.7064337722128919 -0.7071067811865478
usemtl none
f 1670/6657/1665 1669/6658/1665 1665/6659/1665 1666/6660/1665
f 1671/6661/1666 1672/6662/1666 1668/6663/1666 1667/6664/1666
f 1669/6665/1667 1671/6666/1667 1667/6667/1667 1665/6668/1667
f 1672/6669/1668 1670/6670/1668 1666/6671/1668 1668/6672/1668
f 1674/6673/1669 1673/6674/1669 1669/6675/1669 1670/6676/1669
f 1675/6677/1670 1676/6678/1670 1672/6679/1670 1671/6680/1670
f 1673/6681/1671 1675/6682/1671 1671/6683/1671 1669/6684/1671
f 1676/6685/1672 1674/6686/1672 1670/6687/1672 1672/6688/1672
f 1678/6689/1673 1677/6690/1673 1673/6691/1673 1674/6692/1673
f 1679/6693/1674 1680/6694/1674 1676/6695/1674 1675/6696/1674
f 1677/6697/1675 1679/6698/1675 1675/6699/1675 1673/6700/1675
f 1680/6701/1676 1678/6702/1676 1674/6703/1676 1676/6704/1676
f 1682/6705/1677 1681/6706/1677 1677/6707/1677 1678/6708/1677
f 1683/6709/1678 1684/6710/1678 1680/6711/1678 1679/6712/1678
f 1681/6713/1679 1683/6714/1679 1679/6715/1679 1677/6716/1679
f 1684/6717/1680 1682/6718/1680 1678/6719/1680 1680/6720/1680
f 1686/6721/1681 1685/6722/1681 1681/6723/1681 1682/6724/1681
f 1687/6725/1682 1688/6726/1682 1684/6727/1682 1683/6728/1682
f 1685/6729/1683 1687/6730/1683 1683/6731/1683 1681/6732/1683
f 1688/6733/1684 1686/6734/1684 1682/6735/1684 1684/6736/1684
f 1690/6737/1685 1689/6738/1685 1685/6739/1685 1686/6740/1685
f 1691/6741/1686 1692/6742/1686 1688/6743/1686 1687/6744/1686
f 1689/6745/1687 1691/6746/1687 1687/6747/1687 1685/6748/1687
f 1692/6749/1688 1690/6750/1688 1686/6751/1688 1688/6752/1688
f 1694/6753/1689 1693/6754/1689 1689/6755/1689 1690/6756/1689
f 1695/6757/1690 1696/6758/1690 1692/6759/1690 1691/6760/1690
f 1693/6761/1691 1695/6762/1691 1691/6763/1691 1689/6764/1691
f 1696/6765/1692 1694/6766/1692 1690/6767/1692 1692/6768/1692
f 1698/6769/1693 1697/6770/1693 1693/6771/1693 1694/6772/1693
f 1699/6773/1694 1700/6774/1694 1696/6775/1694 1695/6776/1694
f 1697/6777/1695 1699/6778/1695 1695/6779/1695 1693/6780/1695
f 1700/6781/1696 1698/6782/1696 1694/6783/1696 1696/6784/1696
f 1702/6785/1697 1701/6786/1697 1697/6787/1697 1698/6788/1697
f 1703/6789/1698 1704/6790/1698 1700/6791/1698 1699/6792/1698
f 1701/6793/1699 1703/6794/1699 1699/6795/1699 1697/6796/1699
f 1704/6797/1700 1702/6798/1700 1698/6799/1700 1700/6800/1700
f 1706/6801/1701 1705/6802/1701 1701/6803/1701 1702/6804/1701
f 1707/6805/1702 1708/6806/1702 1704/6807/1702 1703/6808/1702
f 1705/6809/1703 1707/6810/1703 1703/6811/1703 1701/6812/1703
f 1708/6813/1704 1706/6814/1704 1702/6815/1704 1704/6816/1704
f 1710/6817/1705 1709/6818/1705 1705/6819/1705 1706/6820/1705
f 1711/6821/1706 1712/6822/1706 1708/6823/1706 1707/6824/1706
f 1709/6825/1707 1711/6826/1707 1707/6827/1707 1705/6828/1707
f 1712/6829/1708 1710/6830/1708 1706/6831/1708 1708/6832/1708
f 1714/6833/1709 1713/6834/1709 1709/6835/1709 1710/6836/1709
f 1715/6837/1710 1716/6838/1710 1712/6839/1710 1711/6840/1710
f 1713/6841/1711 1715/6842/1711 1711/6843/1711 1709/6844/1711
f 1716/6845/1712 1714/6846/1712 1710/6847/1712 1712/6848/1712
f 1718/6849/1713 1717/6850/1713 1713/6851/1713 1714/6852/1713
f 1719/6853/1714 1720/6854/1714 1716/6855/1714 1715/6856/1714
f 1717/6857/1715 1719/6858/1715 1715/6859/1715 1713/6860/1715
f 1720/6861/1716 1718/6862/1716 1714/6863/1716 1716/6864/1716
f 1722/6865/1717 1721/6866/1717 1717/6867/1717 1718/6868/1717
f 1723/6869/1718 1724/6870/1718 1720/6871/1718 1719/6872/1718
f 1721/6873/1719 1723/6874/1719 1719/6875/1719 1717/6876/1719
f 1724/6877/1720 1722/6878/1720 1718/6879/1720 1720/6880/1720
f 1726/6881/1721 1725/6882/1721 1721/6883/1721 1722/6884/1721
f 1727/6885/1722 1728/6886/1722 1724/6887/1722 1723/6888/1722
f 1725/6889/1723 1727/6890/1723 1723/6891/1723 1721/6892/1723
f 1728/6893/1724 1726/6894/1724 1722/6895/1724 1724/6896/1724
f 1666/6897/1725 1665/6898/1725 1725/6899/1725 1726/6900/1725
f 1667/6901/1726 1668/6902/1726 1728/6903/1726 1727/6904/1726
f 1665/6905/1727 1667/6906/1727 1727/6907/1727 1725/6908/1727
f 1668/6909/1728 1666/6910/1728 1726/6911/1728 1728/6912/1728
o tube
v 0.014860615398541256 -0.19746577018630132 -0.6266351992849052
v 0.015824476792204764 -0.17538971480464843 -0.6487322861969848
v 0.012834724495524877 -0.1977548788958454 -0.6270124009470776
v 0.013798585889188385 -0.17567882351419253 -0.6491094878591572
v 0.00843963308117203 -0.18092672858885073 -0.610391978505271
v 0.009403494474835537 -0.15885067320719787 -0.6324890654173507
v 0.006689259092558832 -0.18192550841768587 -0.6114661579580642
v 0.0076531204862223395 -0.15984945303603298 -0.6335632448701438
v -0.004191691008654429 -0.16793136630385205 -0.5979599555440425
v -0.0032278296149909173 -0.14585531092219917 -0.6200570424561221
v -0.0054000695102778 -0.16948776207699978 -0.5995675787032295
v -0.004436208116614292 -0.14741170669534692 -0.6216646656153091
v -0.021110352281500076 -0.16045810943594388 -0.5912317932004976
v -0.020146490887836564 -0.138382054054291 -0.6133288801125771
v -0.02159277062323986 -0.16233517400570527 -0.5931281140132325
v -0.020628909229576352 -0.14025911862405238 -0.6152252009253121
v -0.0397406379266205 -0.159644693598023 -0.5912317932004976
v -0.03877677653295699 -0.13756863821637014 -0.6133288801125771
v -0.03942365228907998 -0.1615566608992846 -0.5931281140132325
v -0.03845979089541647 -0.1394806055176317 -0.6152252009253121
v -0.057246255838506024 -0.16561495397777995 -0.5979599555440425
v -0.05628239444484252 -0.14353889859612706 -0.6200570424561221
v -0.05617812441151879 -0.1672707443209514 -0.5995675787032295
v -0.05521426301785528 -0.14519468893929852 -0.6216646656153091
v -0.07096213437889368 -0.17745997255294185 -0.6103919785052712
v -0.06999827298523016 -0.15538391717128897 -0.6324890654173507
v -0.06930547048958302 -0.17860750686805216 -0.6114661579580642
v -0.0683416090959195 -0.15653145148639927 -0.6335632448701438
v -0.07880015537475793 -0.19337645262080105 -0.6266351992849052
v -0.07783629398109443 -0.17130039723914817 -0.6487322861969848
v -0.07680717108257586 -0.19384102921079913 -0.6270124009470776
v -0.07584330968891234 -0.17176497382914624 -0.6491094878591572
v -0.07956705118131578 -0.21094125437427713 -0.6442167347644084
v -0.07860318978765227 -0.18886519899262424 -0.666313821676488
v -0.07754116027829941 -0.21065214566473306 -0.643839533102236
v -0.0765772988846359 -0.18857609028308017 -0.6659366200143156
v -0.07314606886394656 -0.2274802959717277 -0.6604599555440425
v -0.07218220747028306 -0.2054042405900748 -0.682557042456122
v -0.07139569487533337 -0.22648151614289258 -0.6593857760912494
v -0.07043183348166987 -0.2044054607612397 -0.6814828630033289
v -0.06051474477412009 -0.2404756582567264 -0.672891978505271
v -0.05955088338045658 -0.2183996028750735 -0.6949890654173507
v -0.05930636627249672 -0.23891926248357864 -0.6712843553460841
v -0.058342504878833204 -0.21684320710192578 -0.6933814422581637
v -0.04359608350127447 -0.24794891512463454 -0.679620140848816
v -0.04263222210761096 -0.22587285974298166 -0.7017172277608956
v -0.04311366515953468 -0.24607185055487318 -0.6777238200360811
v -0.04214980376587117 -0.2239957951732203 -0.6998209069481607
v -0.024965797856154024 -0.24876233096255543 -0.6796201408488161
v -0.024001936462490516 -0.22668627558090257 -0.7017172277608956
v -0.025282783493694547 -0.24685036366129387 -0.6777238200360811
v -0.024318922100031035 -0.22477430827964096 -0.6998209069481607
v -0.007460179944268501 -0.2427920705827985 -0.672891978505271
v -0.006496318550604993 -0.22071601520114562 -0.6949890654173507
v -0.008528311371255745 -0.24113628023962705 -0.6712843553460841
v -0.007564449977592237 -0.21906022485797416 -0.6933814422581637
v 0.006255698596119137 -0.2309470520076366 -0.6604599555440425
v 0.007219559989782645 -0.2088709966259837 -0.682557042456122
v 0.004599034706808475 -0.2297995176925263 -0.6593857760912494
v 0.005562896100471983 -0.2077234623108734 -0.6814828630033289
v 0.014093719591983397 -0.2150305719397774 -0.6442167347644084
v 0.015057580985646905 -0.1929545165581245 -0.666313821676488
v 0.012100735299801331 -0.21456599534977933 -0.643839533102236
v 0.013064596693464839 -0.19248993996812644 -0.6659366200143156
vt 0.09945625 1
vt 0.09945625 0.75
vt 0 0.75
vt 0 1
vt 0 0.75
vt 0 1
vt 0.0951875 1
vt 0.0951875 0.75
vt 0.010726279727053867 0.9005452143418925
vt 5.551115123125783e-16 0.9026780146793606
vt 5.551115123125783e-16 0.9978666893684354
vt 0.010728336702654107 1
vt 0.09732220718886293 0.9999980312583259
vt 0.0994547856793792 0.989271707421881
vt 0 0.989271707421881
vt 0.0021335325201474534 1
vt 0.09945625 1
vt 0.09945625 0.75
vt 0 0.75
vt 0 1
vt 0 0.75
vt 0 1
vt 0.0951875 1
vt 0.0951875 0.75
vt 0.010725925987123686 0.9005410118087297
vt 2.7755575615628914e-16 0.9026755904044366
vt 2.220446049250313e-16 0.9978654214042931
vt 0.010725925987123686 1
vt 0.09732440959556345 0.9999999999999998
vt 0.09945898819127032 0.9892740740128763
vt 0 0.9892740740128763
vt 0.0021345785957068986 0.9999999999999998
vt 0.09945625 1
vt 0.09945625 0.75
vt 0 0.75
vt 0 1
vt 0 0.75
vt 0 1
vt 0.0951875 1
vt 0.0951875 0.75
vt 0.010728336702654107 0.9005452143418925
vt 5.551115123125783e-16 0.9026785249734571
vt 5.551115123125783e-16 0.9978671996625319
vt 0.010726279727053867 1
vt 0.09732125315923176 1
vt 0.09945478567937921 0.989271707421881
vt 0 0.989271707421881
vt 0.0021325784905162765 0.999998031258326
vt 0.09945625 1
vt 0.09945625 0.75
vt 0 0.75
vt 0 1
vt 0 0.75
vt 0 1
vt 0.0951875 1
vt 0.0951875 0.75
vt 0.010728125000000005 0.90054375
vt 0 0.902678125
vt 0 0.997865625
vt 0.010728125000000005 1
vt 0 0.997865625
vt 0.010728125000000005 1
vt 0.010728125000000005 0.90054375
vt 0 0.902678125
vt 0.09945625 1
vt 0.09945625 0.75
vt 0 0.75
vt 0 1
vt 0 0.75
vt 0 1
vt 0.0951875 1
vt 0.0951875 0.75
vt 0 0.9892737202729461
vt 0.002132800337468113 0.9999999999999994
vt 0.09732147502654287 0.9999999999999994
vt 0.09945478565810749 0.989271663297346
vt 0.0000019687416740465924 0.9978674215094837
vt 0.010728292578118998 1
vt 0.010728292578118998 0.9005452143206207
vt 0 0.9026787468407682
vt 0.09945625 1
vt 0.09945625 0.75
vt 0 0.75
vt 0 1
vt 0 0.75
vt 0 1
vt 0.0951875 1
vt 0.0951875 0.75
vt 0 0.9892740740128763
vt 0.0021345785957068986 0.9999999999999998
vt 0.09732440959556345 0.9999999999999998
vt 0.09945898819127032 0.9892740740128763
vt 2.220446049250313e-16 0.9978654214042931
vt 0.010725925987123686 1
vt 0.010725925987123686 0.9005410118087297
vt 2.7755575615628914e-16 0.9026755904044366
vt 0.09945625 1
vt 0.09945625 0.75
vt 0 0.75
vt 0 1
vt 0 0.75
vt 0 1
vt 0.0951875 1
vt 0.0951875 0.75
vt 0 0.989271663297346
vt 0.0021333106315646264 0.9999999999999994
vt 0.09732198532063939 0.9999999999999994
vt 0.09945478565810748 0.9892737202729461
vt 0 0.9978664674798525
vt 0.010728292578119025 1
vt 0.010728292578119025 0.9005452143206208
vt 0.000001968741674129859 0.902677792811137
vt 0.09945625 1
vt 0.09945625 0.75
vt 0 0.75
vt 0 1
vt 0 0.75
vt 0 1
vt 0.0951875 1
vt 0.0951875 0.75
vt 0 0.989271875
vt 0.002134375000000001 1
vt 0.097321875 1
vt 0.09945625 0.989271875
vt 0.002134375000000001 0.989271875
vt 0 1
vt 0.09945625 1
vt 0.097321875 0.989271875
vt 0.09945625 1
vt 0.09945625 0.75
vt 0 0.75
vt 0 1
vt 0 0.75
vt 0 1
vt 0.0951875 1
vt 0.0951875 0.75
vt 0.0000020569756015165197 1
vt 0.010728336702654856 0.9978671996625319
vt 0.010728336702654856 0.9026785249734571
vt 1.27675647831893e-15 0.9005452143418925
vt 0.0021325784905162765 0.9892736761635542
vt 0 0.9999999999999991
vt 0.0994547856793792 0.9999999999999992
vt 0.09732125315923175 0.9892717074218802
vt 0.09945625 1
vt 0.09945625 0.75
vt 0 0.75
vt 0 1
vt 0 0.75
vt 0 1
vt 0.0951875 1
vt 0.0951875 0.75
vt 4.996003610813204e-16 1
vt 0.010725925987123908 0.9978654214042931
vt 0.010725925987123935 0.9026755904044366
vt 4.996003610813204e-16 0.9005410118087297
vt 0.002134578595706871 0.989274074012876
vt 0 0.9999999999999996
vt 0.09945898819127032 0.9999999999999996
vt 0.09732440959556342 0.989274074012876
vt 0.09945625 1
vt 0.09945625 0.75
vt 0 0.75
vt 0 1
vt 0 0.75
vt 0 1
vt 0.0951875 1
vt 0.0951875 0.75
vt 1.27675647831893e-15 1
vt 0.010728336702654828 0.9978666893684354
vt 0.010728336702654828 0.9026780146793606
vt 0.0000020569756015165197 0.9005452143418925
vt 0.0021335325201474464 0.9892717074218802
vt 0 0.9999999999999992
vt 0.09945478567937921 0.9999999999999992
vt 0.09732220718886293 0.9892736761635543
vt 0.09945625 1
vt 0.09945625 0.75
vt 0 0.75
vt 0 1
vt 0 0.75
vt 0 1
vt 0.0951875 1
vt 0.0951875 0.75
vt 0 1
vt 0.010728125000000005 0.997865625
vt 0.010728125000000005 0.902678125
vt 0 0.90054375
vt 0.010728125000000005 0.902678125
vt 0 0.90054375
vt 0 1
vt 0.010728125000000005 0.997865625
vt 0.09945625 1
vt 0.09945625 0.75
vt 0 0.75
vt 0 1
vt 0 0.75
vt 0 1
vt 0.0951875 1
vt 0.0951875 0.75
vt 0.09945478565810749 0.9999979430243984
vt 0.09732198532063938 0.9892716632973451
vt 0.0021333106315646194 0.9892716632973452
vt 0 0.9999999999999988
vt 0.010726323836445756 0.9026777928111371
vt 8.326672684688674e-16 0.9005452143206208
vt 7.771561172376096e-16 1
vt 0.010728292578119775 0.9978664674798525
vt 0.09945625 1
vt 0.09945625 0.75
vt 0 0.75
vt 0 1
vt 0 0.75
vt 0 1
vt 0.0951875 1
vt 0.0951875 0.75
vt 0.09945898819127032 0.9999999999999996
vt 0.09732440959556342 0.989274074012876
vt 0.002134578595706871 0.989274074012876
vt 0 0.9999999999999996
vt 0.010725925987123935 0.9026755904044366
vt 4.996003610813204e-16 0.9005410118087297
vt 4.996003610813204e-16 1
vt 0.010725925987123908 0.9978654214042931
vt 0.09945625 1
vt 0.09945625 0.75
vt 0 0.75
vt 0 1
vt 0 0.75
vt 0 1
vt 0.0951875 1
vt 0.0951875 0.75
vt 0.09945478565810748 0.9999999999999987
vt 0.09732147502654284 0.9892716632973452
vt 0.0021328003374680854 0.9892716632973452
vt 0 0.9999979430243985
vt 0.010728292578119775 0.9026787468407682
vt 7.771561172376096e-16 0.9005452143206207
vt 7.771561172376096e-16 1
vt 0.010726323836445728 0.9978674215094837
vt 0.09945625 1
vt 0.09945625 0.75
vt 0 0.75
vt 0 1
vt 0 0.75
vt 0 1
vt 0.0951875 1
vt 0.0951875 0.75
vt 0.09945625 1
vt 0.097321875 0.989271875
vt 0.002134375000000001 0.989271875
vt 0 1
vt 0.097321875 1
vt 0.09945625 0.989271875
vt 0 0.989271875
vt 0.002134375000000001 1
vn 0.9632204006569325 0.1679248651210714 0.20978012163302917
vn -0.9632204006569325 -0.16792486512107155 -0.20978012163302928
vn -0.03084356459723214 -0.7064337722128919 0.7071067811865478
vn 0.03084356459723214 0.7064337722128919 -0.7071067811865478
vn 0.8177447160238254 0.38896475343546627 0.4242640687119287
vn -0.8177447160238254 -0.38896475343546627 -0.4242640687119287
vn -0.03084356459723214 -0.7064337722128919 0.7071067811865478
vn 0.03084356459723214 0.7064337722128919 -0.7071067811865478
vn 0.5099929111235296 0.597303008035541 0.6189800862672741
vn -0.5099929111235298 -0.5973030080355409 -0.618980086267274
vn -0.03084356459723214 -0.7064337722128919 0.7071067811865478
vn 0.03084356459723214 0.7064337722128919 -0.7071067811865478
vn 0.0308435645972317 0.7064337722128923 0.7071067811865476
vn -0.0308435645972317 -0.7064337722128923 -0.7071067811865476
vn -0.03084356459723214 -0.7064337722128919 0.7071067811865478
vn 0.03084356459723214 0.7064337722128919 -0.7071067811865478
vn -0.4559938468148875 0.639478900724269 0.6189800862672737
vn 0.4559938468148867 -0.6394789007242693 -0.6189800862672741
vn -0.03084356459723214 -0.7064337722128919 0.7071067811865478
vn 0.03084356459723214 0.7064337722128919 -0.7071067811865478
vn -0.7807324385071469 0.4587557732200044 0.4242640687119284
vn 0.7807324385071474 -0.45875577322000427 -0.4242640687119282
vn -0.03084356459723214 -0.7064337722128919 0.7071067811865478
vn 0.03084356459723214 0.7064337722128919 -0.7071067811865478
vn -0.9449194398828159 0.25123604976033487 0.20978012163302825
vn 0.9449194398828159 -0.25123604976033476 -0.2097801216330281
vn -0.03084356459723214 -0.7064337722128919 0.7071067811865478
vn 0.03084356459723214 0.7064337722128919 -0.7071067811865478
vn -0.9990482215818579 0.04361938736533606 -5.20417042793042e-16
vn 0.9990482215818579 -0.04361938736533606 5.20417042793042e-16
vn -0.03084356459723214 -0.7064337722128919 0.7071067811865478
vn 0.03084356459723214 0.7064337722128919 -0.7071067811865478
vn -0.9632204006569326 -0.1679248651210715 -0.20978012163302925
vn 0.9632204006569326 0.16792486512107105 0.2097801216330288
vn -0.03084356459723214 -0.7064337722128919 0.7071067811865478
vn 0.03084356459723214 0.7064337722128919 -0.7071067811865478
vn -0.8177447160238251 -0.3889647534354663 -0.42426406871192873
vn 0.8177447160238248 0.3889647534354669 0.42426406871192923
vn -0.03084356459723214 -0.7064337722128919 0.7071067811865478
vn 0.03084356459723214 0.7064337722128919 -0.7071067811865478
vn -0.5099929111235294 -0.5973030080355411 -0.6189800862672743
vn 0.5099929111235303 0.5973030080355407 0.6189800862672737
vn -0.03084356459723214 -0.7064337722128919 0.7071067811865478
vn 0.03084356459723214 0.7064337722128919 -0.7071067811865478
vn -0.030843564597232805 -0.7064337722128922 -0.7071067811865475
vn 0.0308435645972317 0.7064337722128923 0.7071067811865476
vn -0.03084356459723214 -0.7064337722128919 0.7071067811865478
vn 0.03084356459723214 0.7064337722128919 -0.7071067811865478
vn 0.4559938468148877 -0.6394789007242689 -0.6189800862672736
vn -0.45599384681488697 0.6394789007242693 0.618980086267274
vn -0.03084356459723214 -0.7064337722128919 0.7071067811865478
vn 0.03084356459723214 0.7064337722128919 -0.7071067811865478
vn 0.7807324385071471 -0.4587557732200044 -0.42426406871192834
vn -0.7807324385071475 0.4587557732200041 0.424264068711928
vn -0.03084356459723214 -0.7064337722128919 0.7071067811865478
vn 0.03084356459723214 0.7064337722128919 -0.7071067811865478
vn 0.9449194398828159 -0.25123604976033476 -0.2097801216330281
vn -0.9449194398828158 0.25123604976033515 0.20978012163302853
vn -0.03084356459723214 -0.7064337722128919 0.7071067811865478
vn 0.03084356459723214 0.7064337722128919 -0.7071067811865478
vn 0.9990482215818579 -0.04361938736533646 1.2574765160154667e-16
vn -0.9990482215818579 0.04361938736533606 -5.20417042793042e-16
vn -0.03084356459723214 -0.7064337722128919 0.7071067811865478
vn 0.03084356459723214 0.7064337722128919 -0.7071067811865478
usemtl none
f 1734/6913/1729 1733/6914/1729 1729/6915/1729 1730/6916/1729
f 1735/6917/1730 1736/6918/1730 1732/6919/1730 1731/6920/1730
f 1733/6921/1731 1735/6922/1731 1731/6923/1731 1729/6924/1731
f 1736/6925/1732 1734/6926/1732 1730/6927/1732 1732/6928/1732
f 1738/6929/1733 1737/6930/1733 1733/6931/1733 1734/6932/1733
f 1739/6933/1734 1740/6934/1734 1736/6935/1734 1735/6936/1734
f 1737/6937/1735 1739/6938/1735 1735/6939/1735 1733/6940/1735
f 1740/6941/1736 1738/6942/1736 1734/6943/1736 1736/6944/1736
f 1742/6945/1737 1741/6946/1737 1737/6947/1737 1738/6948/1737
f 1743/6949/1738 1744/6950/1738 1740/6951/1738 1739/6952/1738
f 1741/6953/1739 1743/6954/1739 1739/6955/1739 1737/6956/1739
f 1744/6957/1740 1742/6958/1740 1738/6959/1740 1740/6960/1740
f 1746/6961/1741 1745/6962/1741 1741/6963/1741 1742/6964/1741
f 1747/6965/1742 1748/6966/1742 1744/6967/1742 1743/6968/1742
f 1745/6969/1743 1747/6970/1743 1743/6971/1743 1741/6972/1743
f 1748/6973/1744 1746/6974/1744 1742/6975/1744 1744/6976/1744
f 1750/6977/1745 1749/6978/1745 1745/6979/1745 1746/6980/1745
f 1751/6981/1746 1752/6982/1746 1748/6983/1746 1747/6984/1746
f 1749/6985/1747 1751/6986/1747 1747/6987/1747 1745/6988/1747
f 1752/6989/1748 1750/6990/1748 1746/6991/1748 1748/6992/1748
f 1754/6993/1749 1753/6994/1749 1749/6995/1749 1750/6996/1749
f 1755/6997/1750 1756/6998/1750 1752/6999/1750 1751/7000/1750
f 1753/7001/1751 1755/7002/1751 1751/7003/1751 1749/7004/1751
f 1756/7005/1752 1754/7006/1752 1750/7007/1752 1752/7008/1752
f 1758/7009/1753 1757/7010/1753 1753/7011/1753 1754/7012/1753
f 1759/7013/1754 1760/7014/1754 1756/7015/1754 1755/7016/1754
f 1757/7017/1755 1759/7018/1755 1755/7019/1755 1753/7020/1755
f 1760/7021/1756 1758/7022/1756 1754/7023/1756 1756/7024/1756
f 1762/7025/1757 1761/7026/1757 1757/7027/1757 1758/7028/1757
f 1763/7029/1758 1764/7030/1758 1760/7031/1758 1759/7032/1758
f 1761/7033/1759 1763/7034/1759 1759/7035/1759 1757/7036/1759
f 1764/7037/1760 1762/7038/1760 1758/7039/1760 1760/7040/1760
f 1766/7041/1761 1765/7042/1761 1761/7043/1761 1762/7044/1761
f 1767/7045/1762 1768/7046/1762 1764/7047/1762 1763/7048/1762
f 1765/7049/1763 1767/7050/1763 1763/7051/1763 1761/7052/1763
f 1768/7053/1764 1766/7054/1764 1762/7055/1764 1764/7056/1764
f 1770/7057/1765 1769/7058/1765 1765/7059/1765 1766/7060/1765
f 1771/7061/1766 1772/7062/1766 1768/7063/1766 1767/7064/1766
f 1769/7065/1767 1771/7066/1767 1767/7067/1767 1765/7068/1767
f 1772/7069/1768 1770/7070/1768 1766/7071/1768 1768/7072/1768
f 1774/7073/1769 1773/7074/1769 1769/7075/1769 1770/7076/1769
f 1775/7077/1770 1776/7078/1770 1772/7079/1770 1771/7080/1770
f 1773/7081/1771 1775/7082/1771 1771/7083/1771 1769/7084/1771
f 1776/7085/1772 1774/7086/1772 1770/7087/1772 1772/7088/1772
f 1778/7089/1773 1777/7090/1773 1773/7091/1773 1774/7092/1773
f 1779/7093/1774 1780/7094/1774 1776/7095/1774 1775/7096/1774
f 1777/7097/1775 1779/7098/1775 1775/7099/1775 1773/7100/1775
f 1780/7101/1776 1778/7102/1776 1774/7103/1776 1776/7104/1776
f 1782/7105/1777 1781/7106/1777 1777/7107/1777 1778/7108/1777
f 1783/7109/1778 1784/7110/1778 1780/7111/1778 1779/7112/1778
f 1781/7113/1779 1783/7114/1779 1779/7115/1779 1777/7116/1779
f 1784/7117/1780 1782/7118/1780 1778/7119/1780 1780/7120/1780
f 1786/7121/1781 1785/7122/1781 1781/7123/1781 1782/7124/1781
f 1787/7125/1782 1788/7126/1782 1784/7127/1782 1783/7128/1782
f 1785/7129/1783 1787/7130/1783 1783/7131/1783 1781/7132/1783
f 1788/7133/1784 1786/7134/1784 1782/7135/1784 1784/7136/1784
f 1790/7137/1785 1789/7138/1785 1785/7139/1785 1786/7140/1785
f 1791/7141/1786 1792/7142/1786 1788/7143/1786 1787/7144/1786
f 1789/7145/1787 1791/7146/1787 1787/7147/1787 1785/7148/1787
f 1792/7149/1788 1790/7150/1788 1786/7151/1788 1788/7152/1788
f 1730/7153/1789 1729/7154/1789 1789/7155/1789 1790/7156/1789
f 1731/7157/1790 1732/7158/1790 1792/7159/1790 1791/7160/1790
f 1729/7161/1791 1731/7162/1791 1791/7163/1791 1789/7164/1791
f 1732/7165/1792 1730/7166/1792 1790/7167/1792 1792/7168/1792
o tube
v -0.048639621819808077 -0.21901121407680524 -0.6862132166536297
v -0.017419364895375013 -0.22037431993197198 -0.6862132166536297
v -0.04873467815097057 -0.22118836199964503 -0.6878266362197353
v -0.017514421226537506 -0.22255146785481178 -0.6878266362197353
v -0.048401710634892375 -0.21356215207614665 -0.7051237945819001
v -0.01718145371045931 -0.2149252579313134 -0.7051237945819001
v -0.04850697545944888 -0.21597311293828575 -0.7059257831514923
v -0.01728671853501582 -0.2173362187934525 -0.7059257831514923
v -0.048537279941212506 -0.2166671996836667 -0.7268798347640503
v -0.017317023016779447 -0.21803030553883346 -0.7268798347640503
v -0.04863672764385232 -0.21894492654925912 -0.7267482968474531
v -0.01741647071941926 -0.22030803240442587 -0.726748296847453
v -0.049025690540820066 -0.22785364154844717 -0.748169177301343
v -0.017805433616387006 -0.22921674740361392 -0.748169177301343
v -0.049104181110311944 -0.22965137114985187 -0.7471241383539642
v -0.01788392418587888 -0.23101447700501862 -0.7471241383539642
v -0.04979258634737791 -0.24541844330192322 -0.7657507127808463
v -0.01857232942294485 -0.24678154915708997 -0.7657507127808463
v -0.04983817030603549 -0.24646248760378578 -0.7639512705091226
v -0.018617913381602427 -0.24782559345895253 -0.7639512705091226
v -0.0507212144262654 -0.26668752310245253 -0.7769478118028216
v -0.01950095750183234 -0.2680506289576193 -0.7769478118028216
v -0.05072695202960269 -0.2668189358240995 -0.7746679149806383
v -0.019506695105169624 -0.26818204167926624 -0.7746679149806383
v -0.05167019957050642 -0.28842285635509307 -0.7800558175431288
v -0.02044994264607336 -0.2897859622102598 -0.7800558175431288
v -0.05163521732042681 -0.287621631100913 -0.7776425597943469
v -0.020414960395993744 -0.28898473695607974 -0.7776425597943469
v -0.052495067394462025 -0.3073154356034168 -0.7746015643019482
v -0.02127481047002896 -0.30867854145858353 -0.7746015643019482
v -0.052424691021425246 -0.3057035516552336 -0.7724223422425839
v -0.021204434096992186 -0.30706665751040035 -0.7724223422425839
v -0.05307023924938041 -0.3204890369185238 -0.7614154126923207
v -0.02184998232494735 -0.32185214277369056 -0.7614154126923207
v -0.05297518291821792 -0.318311888995684 -0.7598019931262151
v -0.021754925993784858 -0.31967499485085077 -0.7598019931262151
v -0.05330815043429612 -0.3259380989191824 -0.7425048347640503
v -0.02208789350986306 -0.32730120477434915 -0.7425048347640503
v -0.05320288560973961 -0.3235271380570433 -0.741702846194458
v -0.021982628685306545 -0.32489024391221005 -0.741702846194458
v -0.05317258112797598 -0.32283305131166234 -0.7207487945819001
v -0.02195232420354292 -0.3241961571668291 -0.7207487945819001
v -0.053073133425336164 -0.32055532444606993 -0.7208803324984973
v -0.021852876500903104 -0.3219184303012367 -0.7208803324984973
v -0.05268417052836842 -0.3116466094468819 -0.6994594520446075
v -0.021463913603935358 -0.31300971530204863 -0.6994594520446075
v -0.05260567995887655 -0.3098488798454772 -0.7005044909919862
v -0.021385423034443483 -0.31121198570064396 -0.7005044909919862
v -0.051917274721810576 -0.2940818076934058 -0.6818779165651041
v -0.020697017797377516 -0.29544491354857255 -0.6818779165651041
v -0.051871690763153 -0.2930377633915433 -0.6836773588368278
v -0.020651433838719938 -0.29440086924671005 -0.6836773588368278
v -0.05098864664292309 -0.2728127278928765 -0.6706808175431288
v -0.019768389718490025 -0.2741758337480433 -0.6706808175431288
v -0.0509829090395858 -0.27268131517122957 -0.6729607143653121
v -0.019762652115152744 -0.2740444210263963 -0.6729607143653121
v -0.05003966149868207 -0.25107739464023604 -0.6675728118028216
v -0.018819404574249007 -0.2524405004954028 -0.6675728118028216
v -0.05007464374876168 -0.25187861989441607 -0.6699860695516034
v -0.01885438682432862 -0.2532417257495828 -0.6699860695516034
v -0.04921479367472647 -0.2321848153919123 -0.6730270650440022
v -0.017994536750293406 -0.23354792124707904 -0.6730270650440022
v -0.04928517004776324 -0.23379669934009548 -0.6752062871033665
v -0.018064913123330178 -0.23515980519526222 -0.6752062871033665
vt 0.09945625 1
vt 0.09945625 0.75
vt 0 0.75
vt 0 1
vt 0 0.75
vt 0 1
vt 0.0951875 1
vt 0.0951875 0.75
vt 0.010726279727053867 0.9005452143418925
vt 5.551115123125783e-16 0.9026780146793606
vt 5.551115123125783e-16 0.9978666893684354
vt 0.010728336702654107 1
vt 0.09732220718886293 0.9999980312583259
vt 0.0994547856793792 0.989271707421881
vt 0 0.989271707421881
vt 0.0021335325201474534 1
vt 0.09945625 1
vt 0.09945625 0.75
vt 0 0.75
vt 0 1
vt 0 0.75
vt 0 1
vt 0.0951875 1
vt 0.0951875 0.75
vt 0.010725925987123686 0.9005410118087297
vt 2.7755575615628914e-16 0.9026755904044366
vt 2.220446049250313e-16 0.9978654214042931
vt 0.010725925987123686 1
vt 0.09732440959556345 0.9999999999999998
vt 0.09945898819127032 0.9892740740128763
vt 0 0.9892740740128763
vt 0.0021345785957068986 0.9999999999999998
vt 0.09945625 1
vt 0.09945625 0.75
vt 0 0.75
vt 0 1
vt 0 0.75
vt 0 1
vt 0.0951875 1
vt 0.0951875 0.75
vt 0.010728336702654107 0.9005452143418925
vt 5.551115123125783e-16 0.9026785249734571
vt 5.551115123125783e-16 0.9978671996625319
vt 0.010726279727053867 1
vt 0.09732125315923176 1
vt 0.09945478567937921 0.989271707421881
vt 0 0.989271707421881
vt 0.0021325784905162765 0.999998031258326
vt 0.09945625 1
vt 0.09945625 0.75
vt 0 0.75
vt 0 1
vt 0 0.75
vt 0 1
vt 0.0951875 1
vt 0.0951875 0.75
vt 0.010728125000000005 0.90054375
vt 0 0.902678125
vt 0 0.997865625
vt 0.010728125000000005 1
vt 0 0.997865625
vt 0.010728125000000005 1
vt 0.010728125000000005 0.90054375
vt 0 0.902678125
vt 0.09945625 1
vt 0.09945625 0.75
vt 0 0.75
vt 0 1
vt 0 0.75
vt 0 1
vt 0.0951875 1
vt 0.0951875 0.75
vt 0 0.9892737202729461
vt 0.002132800337468113 0.9999999999999994
vt 0.09732147502654287 0.9999999999999994
vt 0.09945478565810749 0.989271663297346
vt 0.0000019687416740465924 0.9978674215094837
vt 0.010728292578118998 1
vt 0.010728292578118998 0.9005452143206207
vt 0 0.9026787468407682
vt 0.09945625 1
vt 0.09945625 0.75
vt 0 0.75
vt 0 1
vt 0 0.75
vt 0 1
vt 0.0951875 1
vt 0.0951875 0.75
vt 0 0.9892740740128763
vt 0.0021345785957068986 0.9999999999999998
vt 0.09732440959556345 0.9999999999999998
vt 0.09945898819127032 0.9892740740128763
vt 2.220446049250313e-16 0.9978654214042931
vt 0.010725925987123686 1
vt 0.010725925987123686 0.9005410118087297
vt 2.7755575615628914e-16 0.9026755904044366
vt 0.09945625 1
vt 0.09945625 0.75
vt 0 0.75
vt 0 1
vt 0 0.75
vt 0 1
vt 0.0951875 1
vt 0.0951875 0.75
vt 0 0.989271663297346
vt 0.0021333106315646264 0.9999999999999994
vt 0.09732198532063939 0.9999999999999994
vt 0.09945478565810748 0.9892737202729461
vt 0 0.9978664674798525
vt 0.010728292578119025 1
vt 0.010728292578119025 0.9005452143206208
vt 0.000001968741674129859 0.902677792811137
vt 0.09945625 1
vt 0.09945625 0.75
vt 0 0.75
vt 0 1
vt 0 0.75
vt 0 1
vt 0.0951875 1
vt 0.0951875 0.75
vt 0 0.989271875
vt 0.002134375000000001 1
vt 0.097321875 1
vt 0.09945625 0.989271875
vt 0.002134375000000001 0.989271875
vt 0 1
vt 0.09945625 1
vt 0.097321875 0.989271875
vt 0.09945625 1
vt 0.09945625 0.75
vt 0 0.75
vt 0 1
vt 0 0.75
vt 0 1
vt 0.0951875 1
vt 0.0951875 0.75
vt 0.0000020569756015165197 1
vt 0.010728336702654856 0.9978671996625319
vt 0.010728336702654856 0.9026785249734571
vt 1.27675647831893e-15 0.9005452143418925
vt 0.0021325784905162765 0.9892736761635542
vt 0 0.9999999999999991
vt 0.0994547856793792 0.9999999999999992
vt 0.09732125315923175 0.9892717074218802
vt 0.09945625 1
vt 0.09945625 0.75
vt 0 0.75
vt 0 1
vt 0 0.75
vt 0 1
vt 0.0951875 1
vt 0.0951875 0.75
vt 4.996003610813204e-16 1
vt 0.010725925987123908 0.9978654214042931
vt 0.010725925987123935 0.9026755904044366
vt 4.996003610813204e-16 0.9005410118087297
vt 0.002134578595706871 0.989274074012876
vt 0 0.9999999999999996
vt 0.09945898819127032 0.9999999999999996
vt 0.09732440959556342 0.989274074012876
vt 0.09945625 1
vt 0.09945625 0.75
vt 0 0.75
vt 0 1
vt 0 0.75
vt 0 1
vt 0.0951875 1
vt 0.0951875 0.75
vt 1.27675647831893e-15 1
vt 0.010728336702654828 0.9978666893684354
vt 0.010728336702654828 0.9026780146793606
vt 0.0000020569756015165197 0.9005452143418925
vt 0.0021335325201474464 0.9892717074218802
vt 0 0.9999999999999992
vt 0.09945478567937921 0.9999999999999992
vt 0.09732220718886293 0.9892736761635543
vt 0.09945625 1
vt 0.09945625 0.75
vt 0 0.75
vt 0 1
vt 0 0.75
vt 0 1
vt 0.0951875 1
vt 0.0951875 0.75
vt 0 1
vt 0.010728125000000005 0.997865625
vt 0.010728125000000005 0.902678125
vt 0 0.90054375
vt 0.010728125000000005 0.902678125
vt 0 0.90054375
vt 0 1
vt 0.010728125000000005 0.997865625
vt 0.09945625 1
vt 0.09945625 0.75
vt 0 0.75
vt 0 1
vt 0 0.75
vt 0 1
vt 0.0951875 1
vt 0.0951875 0.75
vt 0.09945478565810749 0.9999979430243984
vt 0.09732198532063938 0.9892716632973451
vt 0.0021333106315646194 0.9892716632973452
vt 0 0.9999999999999988
vt 0.010726323836445756 0.9026777928111371
vt 8.326672684688674e-16 0.9005452143206208
vt 7.771561172376096e-16 1
vt 0.010728292578119775 0.9978664674798525
vt 0.09945625 1
vt 0.09945625 0.75
vt 0 0.75
vt 0 1
vt 0 0.75
vt 0 1
vt 0.0951875 1
vt 0.0951875 0.75
vt 0.09945898819127032 0.9999999999999996
vt 0.09732440959556342 0.989274074012876
vt 0.002134578595706871 0.989274074012876
vt 0 0.9999999999999996
vt 0.010725925987123935 0.9026755904044366
vt 4.996003610813204e-16 0.9005410118087297
vt 4.996003610813204e-16 1
vt 0.010725925987123908 0.9978654214042931
vt 0.09945625 1
vt 0.09945625 0.75
vt 0 0.75
vt 0 1
vt 0 0.75
vt 0 1
vt 0.0951875 1
vt 0.0951875 0.75
vt 0.09945478565810748 0.9999999999999987
vt 0.09732147502654284 0.9892716632973452
vt 0.0021328003374680854 0.9892716632973452
vt 0 0.9999979430243985
vt 0.010728292578119775 0.9026787468407682
vt 7.771561172376096e-16 0.9005452143206207
vt 7.771561172376096e-16 1
vt 0.010726323836445728 0.9978674215094837
vt 0.09945625 1
vt 0.09945625 0.75
vt 0 0.75
vt 0 1
vt 0 0.75
vt 0 1
vt 0.0951875 1
vt 0.0951875 0.75
vt 0.09945625 1
vt 0.097321875 0.989271875
vt 0.002134375000000001 0.989271875
vt 0 1
vt 0.097321875 1
vt 0.09945625 0.989271875
vt 0 0.989271875
vt 0.002134375000000001 1
vn 0.04191096201571896 0.9599188479172365 0.27712682417290946
vn -0.04191096201571896 -0.9599188479172365 -0.2771268241729097
vn -0.9990482215818579 0.04361938736533591 -3.67761376907083e-16
vn 0.9990482215818579 -0.04361938736533591 3.67761376907083e-16
vn 0.04318099043612455 0.989007281098049 -0.14142135623730925
vn -0.04318099043612456 -0.9890072810980491 0.14142135623730934
vn -0.9990482215818579 0.04361938736533591 -3.67761376907083e-16
vn 0.9990482215818579 -0.04361938736533591 3.67761376907083e-16
vn 0.03860543219061213 0.8842097677896398 -0.4654918980506185
vn -0.03860543219061213 -0.8842097677896399 0.4654918980506185
vn -0.9990482215818579 0.04361938736533591 -3.67761376907083e-16
vn 0.9990482215818579 -0.04361938736533591 3.67761376907083e-16
vn 0.03084356459723192 0.706433772212892 -0.7071067811865477
vn -0.03084356459723192 -0.706433772212892 0.7071067811865477
vn -0.9990482215818579 0.04361938736533591 -3.67761376907083e-16
vn 0.9990482215818579 -0.04361938736533591 3.67761376907083e-16
vn 0.020304471416495495 0.4650488529082336 -0.8850521413166756
vn -0.020304471416495516 -0.46504885290823406 0.8850521413166754
vn -0.9990482215818579 0.04361938736533591 -3.67761376907083e-16
vn 0.9990482215818579 -0.04361938736533591 3.67761376907083e-16
vn 0.006168712919446541 0.14128675444257868 -0.9899494936611666
vn -0.006168712919446527 -0.1412867544425784 0.9899494936611667
vn -0.9990482215818579 0.04361938736533591 -3.67761376907083e-16
vn 0.9990482215818579 -0.04361938736533591 3.67761376907083e-16
vn -0.01208810229292329 -0.2768630608425732 -0.9608333483616383
vn 0.012088102292923314 0.2768630608425737 0.9608333483616383
vn -0.9990482215818579 0.04361938736533591 -3.67761376907083e-16
vn 0.9990482215818579 -0.04361938736533591 3.67761376907083e-16
vn -0.030843564597231685 -0.706433772212892 -0.7071067811865476
vn 0.030843564597231685 0.706433772212892 0.7071067811865476
vn -0.9990482215818579 0.04361938736533591 -3.67761376907083e-16
vn 0.9990482215818579 -0.04361938736533591 3.67761376907083e-16
vn -0.04191096201571896 -0.9599188479172365 -0.2771268241729096
vn 0.04191096201571894 0.9599188479172361 0.27712682417291035
vn -0.9990482215818579 0.04361938736533591 -3.67761376907083e-16
vn 0.9990482215818579 -0.04361938736533591 3.67761376907083e-16
vn -0.04318099043612455 -0.989007281098049 0.1414213562373097
vn 0.04318099043612454 0.9890072810980489 -0.14142135623731025
vn -0.9990482215818579 0.04361938736533591 -3.67761376907083e-16
vn 0.9990482215818579 -0.04361938736533591 3.67761376907083e-16
vn -0.03860543219061213 -0.8842097677896399 0.46549189805061875
vn 0.03860543219061214 0.8842097677896401 -0.4654918980506181
vn -0.9990482215818579 0.04361938736533591 -3.67761376907083e-16
vn 0.9990482215818579 -0.04361938736533591 3.67761376907083e-16
vn -0.030843564597231938 -0.7064337722128925 0.7071067811865472
vn 0.03084356459723192 0.706433772212892 -0.7071067811865477
vn -0.9990482215818579 0.04361938736533591 -3.67761376907083e-16
vn 0.9990482215818579 -0.04361938736533591 3.67761376907083e-16
vn -0.02030447141649549 -0.4650488529082335 0.8850521413166758
vn 0.020304471416495516 0.46504885290823406 -0.8850521413166756
vn -0.9990482215818579 0.04361938736533591 -3.67761376907083e-16
vn 0.9990482215818579 -0.04361938736533591 3.67761376907083e-16
vn -0.006168712919446541 -0.14128675444257868 0.9899494936611666
vn 0.006168712919446515 0.1412867544425781 -0.9899494936611666
vn -0.9990482215818579 0.04361938736533591 -3.67761376907083e-16
vn 0.9990482215818579 -0.04361938736533591 3.67761376907083e-16
vn 0.012088102292923298 0.27686306084257334 0.9608333483616385
vn -0.012088102292923284 -0.27686306084257306 -0.9608333483616385
vn -0.9990482215818579 0.04361938736533591 -3.67761376907083e-16
vn 0.9990482215818579 -0.04361938736533591 3.67761376907083e-16
vn 0.03084356459723166 0.7064337722128915 0.7071067811865481
vn -0.030843564597231685 -0.706433772212892 -0.7071067811865476
vn -0.9990482215818579 0.04361938736533591 -3.67761376907083e-16
vn 0.9990482215818579 -0.04361938736533591 3.67761376907083e-16
usemtl none
f 1798/7169/1793 1797/7170/1793 1793/7171/1793 1794/7172/1793
f 1799/7173/1794 1800/7174/1794 1796/7175/1794 1795/7176/1794
f 1797/7177/1795 1799/7178/1795 1795/7179/1795 1793/7180/1795
f 1800/7181/1796 1798/7182/1796 1794/7183/1796 1796/7184/1796
f 1802/7185/1797 1801/7186/1797 1797/7187/1797 1798/7188/1797
f 1803/7189/1798 1804/7190/1798 1800/7191/1798 1799/7192/1798
f 1801/7193/1799 1803/7194/1799 1799/7195/1799 1797/7196/1799
f 1804/7197/1800 1802/7198/1800 1798/7199/1800 1800/7200/1800
f 1806/7201/1801 1805/7202/1801 1801/7203/1801 1802/7204/1801
f 1807/7205/1802 1808/7206/1802 1804/7207/1802 1803/7208/1802
f 1805/7209/1803 1807/7210/1803 1803/7211/1803 1801/7212/1803
f 1808/7213/1804 1806/7214/1804 1802/7215/1804 1804/7216/1804
f 1810/7217/1805 1809/7218/1805 1805/7219/1805 1806/7220/1805
f 1811/7221/1806 1812/7222/1806 1808/7223/1806 1807/7224/1806
f 1809/7225/1807 1811/7226/1807 1807/7227/1807 1805/7228/1807
f 1812/7229/1808 1810/7230/1808 1806/7231/1808 1808/7232/1808
f 1814/7233/1809 1813/7234/1809 1809/7235/1809 1810/7236/1809
f 1815/7237/1810 1816/7238/1810 1812/7239/1810 1811/7240/1810
f 1813/7241/1811 1815/7242/1811 1811/7243/1811 1809/7244/1811
f 1816/7245/1812 1814/7246/1812 1810/7247/1812 1812/7248/1812
f 1818/7249/1813 1817/7250/1813 1813/7251/1813 1814/7252/1813
f 1819/7253/1814 1820/7254/1814 1816/7255/1814 1815/7256/1814
f 1817/7257/1815 1819/7258/1815 1815/7259/1815 1813/7260/1815
f 1820/7261/1816 1818/7262/1816 1814/7263/1816 1816/7264/1816
f 1822/7265/1817 1821/7266/1817 1817/7267/1817 1818/7268/1817
f 1823/7269/1818 1824/7270/1818 1820/7271/1818 1819/7272/1818
f 1821/7273/1819 1823/7274/1819 1819/7275/1819 1817/7276/1819
f 1824/7277/1820 1822/7278/1820 1818/7279/1820 1820/7280/1820
f 1826/7281/1821 1825/7282/1821 1821/7283/1821 1822/7284/1821
f 1827/7285/1822 1828/7286/1822 1824/7287/1822 1823/7288/1822
f 1825/7289/1823 1827/7290/1823 1823/7291/1823 1821/7292/1823
f 1828/7293/1824 1826/7294/1824 1822/7295/1824 1824/7296/1824
f 1830/7297/1825 1829/7298/1825 1825/7299/1825 1826/7300/1825
f 1831/7301/1826 1832/7302/1826 1828/7303/1826 1827/7304/1826
f 1829/7305/1827 1831/7306/1827 1827/7307/1827 1825/7308/1827
f 1832/7309/1828 1830/7310/1828 1826/7311/1828 1828/7312/1828
f 1834/7313/1829 1833/7314/1829 1829/7315/1829 1830/7316/1829
f 1835/7317/1830 1836/7318/1830 1832/7319/1830 1831/7320/1830
f 1833/7321/1831 1835/7322/1831 1831/7323/1831 1829/7324/1831
f 1836/7325/1832 1834/7326/1832 1830/7327/1832 1832/7328/1832
f 1838/7329/1833 1837/7330/1833 1833/7331/1833 1834/7332/1833
f 1839/7333/1834 1840/7334/1834 1836/7335/1834 1835/7336/1834
f 1837/7337/1835 1839/7338/1835 1835/7339/1835 1833/7340/1835
f 1840/7341/1836 1838/7342/1836 1834/7343/1836 1836/7344/1836
f 1842/7345/1837 1841/7346/1837 1837/7347/1837 1838/7348/1837
f 1843/7349/1838 1844/7350/1838 1840/7351/1838 1839/7352/1838
f 1841/7353/1839 1843/7354/1839 1839/7355/1839 1837/7356/1839
f 1844/7357/1840 1842/7358/1840 1838/7359/1840 1840/7360/1840
f 1846/7361/1841 1845/7362/1841 1841/7363/1841 1842/7364/1841
f 1847/7365/1842 1848/7366/1842 1844/7367/1842 1843/7368/1842
f 1845/7369/1843 1847/7370/1843 1843/7371/1843 1841/7372/1843
f 1848/7373/1844 1846/7374/1844 1842/7375/1844 1844/7376/1844
f 1850/7377/1845 1849/7378/1845 1845/7379/1845 1846/7380/1845
f 1851/7381/1846 1852/7382/1846 1848/7383/1846 1847/7384/1846
f 1849/7385/1847 1851/7386/1847 1847/7387/1847 1845/7388/1847
f 1852/7389/1848 1850/7390/1848 1846/7391/1848 1848/7392/1848
f 1854/7393/1849 1853/7394/1849 1849/7395/1849 1850/7396/1849
f 1855/7397/1850 1856/7398/1850 1852/7399/1850 1851/7400/1850
f 1853/7401/1851 1855/7402/1851 1851/7403/1851 1849/7404/1851
f 1856/7405/1852 1854/7406/1852 1850/7407/1852 1852/7408/1852
f 1794/7409/1853 1793/7410/1853 1853/7411/1853 1854/7412/1853
f 1795/7413/1854 1796/7414/1854 1856/7415/1854 1855/7416/1854
f 1793/7417/1855 1795/7418/1855 1855/7419/1855 1853/7420/1855
f 1796/7421/1856 1794/7422/1856 1854/7423/1856 1856/7424/1856
o tube
v -0.04189259206416367 -0.064478826405235 -0.5315336082690725
v -0.010672335139730607 -0.06584193226040175 -0.5315336082690725
v -0.04198764839532616 -0.06665597432807481 -0.5331470278351781
v -0.0107673914708931 -0.06801908018324156 -0.5331470278351781
v -0.041654680879247966 -0.05902976440457641 -0.5504441861973429
v -0.010434423954814902 -0.06039287025974316 -0.5504441861973429
v -0.04175994570380448 -0.06144072526671554 -0.5512461747669352
v -0.010539688779371413 -0.06280383112188229 -0.5512461747669352
v -0.041790250185568104 -0.062134812012096474 -0.5722002263794931
v -0.01056999326113504 -0.06349791786726322 -0.5722002263794931
v -0.041889697888207914 -0.06441253887768889 -0.5720686884628959
v -0.010669440963774854 -0.06577564473285563 -0.5720686884628958
v -0.04227866078517566 -0.07332125387687695 -0.5934895689167858
v -0.0110584038607426 -0.0746843597320437 -0.5934895689167858
v -0.042357151354667534 -0.07511898347828165 -0.592444529969407
v -0.011136894430234474 -0.0764820893334484 -0.592444529969407
v -0.04304555659173351 -0.09088605563035301 -0.6110711043962891
v -0.011825299667300445 -0.09224916148551976 -0.6110711043962891
v -0.04309114055039109 -0.09193009993221556 -0.6092716621245654
v -0.01187088362595802 -0.0932932057873823 -0.6092716621245654
v -0.043974184670620996 -0.11215513543088232 -0.6222682034182644
v -0.012753927746187933 -0.11351824128604907 -0.6222682034182644
v -0.04397992227395828 -0.11228654815252928 -0.6199883065960811
v -0.012759665349525218 -0.11364965400769603 -0.6199883065960811
v -0.04492316981486201 -0.13389046868352283 -0.6253762091585716
v -0.013702912890428954 -0.13525357453868958 -0.6253762091585716
v -0.0448881875647824 -0.13308924342934278 -0.6229629514097897
v -0.013667930640349338 -0.13445234928450953 -0.6229629514097897
v -0.045748037638817615 -0.15278304793184655 -0.619921955917391
v -0.014527780714384552 -0.1541461537870133 -0.619921955917391
v -0.04567766126578084 -0.15117116398366337 -0.6177427338580267
v -0.01445740434134778 -0.15253426983883012 -0.6177427338580267
v -0.04632320949373601 -0.1659566492469536 -0.6067358043077635
v -0.015102952569302946 -0.16731975510212035 -0.6067358043077635
v -0.04622815316257352 -0.16377950132411379 -0.6051223847416579
v -0.015007896238140452 -0.16514260717928053 -0.6051223847416579
v -0.046561120678651716 -0.1714057112476122 -0.5878252263794931
v -0.01534086375421865 -0.17276881710277894 -0.5878252263794931
v -0.0464558558540952 -0.16899475038547307 -0.5870232378099008
v -0.015235598929662137 -0.17035785624063982 -0.5870232378099008
v -0.04642555137233158 -0.1683006636400921 -0.5660691861973429
v -0.015205294447898513 -0.16966376949525885 -0.5660691861973429
v -0.04632610366969176 -0.1660229367744997 -0.5662007241139401
v -0.015105846745258696 -0.16738604262966644 -0.5662007241139401
v -0.04593714077272401 -0.15711422177531167 -0.5447798436600503
v -0.014716883848290951 -0.15847732763047842 -0.5447798436600503
v -0.04585865020323214 -0.15531649217390697 -0.545824882607429
v -0.014638393278799079 -0.15667959802907372 -0.545824882607429
v -0.04517024496616617 -0.1395494200218356 -0.5271983081805469
v -0.01394998804173311 -0.14091252587700234 -0.5271983081805469
v -0.045124661007508594 -0.13850537571997307 -0.5289977504522706
v -0.01390440408307553 -0.1398684815751398 -0.5289977504522706
v -0.04424161688727868 -0.1182803402213063 -0.5160012091585716
v -0.013021359962845619 -0.11964344607647305 -0.5160012091585716
v -0.0442358792839414 -0.11814892749965933 -0.5182811059807549
v -0.013015622359508337 -0.11951203335482607 -0.5182811059807549
v -0.043292631743037664 -0.09654500696866579 -0.5128932034182644
v -0.012072374818604601 -0.09790811282383254 -0.5128932034182644
v -0.04332761399311728 -0.09734623222284584 -0.5153064611670463
v -0.012107357068684214 -0.09870933807801259 -0.5153064611670463
v -0.042467763919082066 -0.07765242772034207 -0.518347456659445
v -0.011247506994649 -0.07901553357550882 -0.518347456659445
v -0.04253814029211883 -0.07926431166852525 -0.5205266787188093
v -0.011317883367685772 -0.080627417523692 -0.5205266787188093
vt 0.09945625 1
vt 0.09945625 0.75
vt 0 0.75
vt 0 1
vt 0 0.75
vt 0 1
vt 0.0951875 1
vt 0.0951875 0.75
vt 0.010726279727053867 0.9005452143418925
vt 5.551115123125783e-16 0.9026780146793606
vt 5.551115123125783e-16 0.9978666893684354
vt 0.010728336702654107 1
vt 0.09732220718886293 0.9999980312583259
vt 0.0994547856793792 0.989271707421881
vt 0 0.989271707421881
vt 0.0021335325201474534 1
vt 0.09945625 1
vt 0.09945625 0.75
vt 0 0.75
vt 0 1
vt 0 0.75
vt 0 1
vt 0.0951875 1
vt 0.0951875 0.75
vt 0.010725925987123686 0.9005410118087297
vt 2.7755575615628914e-16 0.9026755904044366
vt 2.220446049250313e-16 0.9978654214042931
vt 0.010725925987123686 1
vt 0.09732440959556345 0.9999999999999998
vt 0.09945898819127032 0.9892740740128763
vt 0 0.9892740740128763
vt 0.0021345785957068986 0.9999999999999998
vt 0.09945625 1
vt 0.09945625 0.75
vt 0 0.75
vt 0 1
vt 0 0.75
vt 0 1
vt 0.0951875 1
vt 0.0951875 0.75
vt 0.010728336702654107 0.9005452143418925
vt 5.551115123125783e-16 0.9026785249734571
vt 5.551115123125783e-16 0.9978671996625319
vt 0.010726279727053867 1
vt 0.09732125315923176 1
vt 0.09945478567937921 0.989271707421881
vt 0 0.989271707421881
vt 0.0021325784905162765 0.999998031258326
vt 0.09945625 1
vt 0.09945625 0.75
vt 0 0.75
vt 0 1
vt 0 0.75
vt 0 1
vt 0.0951875 1
vt 0.0951875 0.75
vt 0.010728125000000005 0.90054375
vt 0 0.902678125
vt 0 0.997865625
vt 0.010728125000000005 1
vt 0 0.997865625
vt 0.010728125000000005 1
vt 0.010728125000000005 0.90054375
vt 0 0.902678125
vt 0.09945625 1
vt 0.09945625 0.75
vt 0 0.75
vt 0 1
vt 0 0.75
vt 0 1
vt 0.0951875 1
vt 0.0951875 0.75
vt 0 0.9892737202729461
vt 0.002132800337468113 0.9999999999999994
vt 0.09732147502654287 0.9999999999999994
vt 0.09945478565810749 0.989271663297346
vt 0.0000019687416740465924 0.9978674215094837
vt 0.010728292578118998 1
vt 0.010728292578118998 0.9005452143206207
vt 0 0.9026787468407682
vt 0.09945625 1
vt 0.09945625 0.75
vt 0 0.75
vt 0 1
vt 0 0.75
vt 0 1
vt 0.0951875 1
vt 0.0951875 0.75
vt 0 0.9892740740128763
vt 0.0021345785957068986 0.9999999999999998
vt 0.09732440959556345 0.9999999999999998
vt 0.09945898819127032 0.9892740740128763
vt 2.220446049250313e-16 0.9978654214042931
vt 0.010725925987123686 1
vt 0.010725925987123686 0.9005410118087297
vt 2.7755575615628914e-16 0.9026755904044366
vt 0.09945625 1
vt 0.09945625 0.75
vt 0 0.75
vt 0 1
vt 0 0.75
vt 0 1
vt 0.0951875 1
vt 0.0951875 0.75
vt 0 0.989271663297346
vt 0.0021333106315646264 0.9999999999999994
vt 0.09732198532063939 0.9999999999999994
vt 0.09945478565810748 0.9892737202729461
vt 0 0.9978664674798525
vt 0.010728292578119025 1
vt 0.010728292578119025 0.9005452143206208
vt 0.000001968741674129859 0.902677792811137
vt 0.09945625 1
vt 0.09945625 0.75
vt 0 0.75
vt 0 1
vt 0 0.75
vt 0 1
vt 0.0951875 1
vt 0.0951875 0.75
vt 0 0.989271875
vt 0.002134375000000001 1
vt 0.097321875 1
vt 0.09945625 0.989271875
vt 0.002134375000000001 0.989271875
vt 0 1
vt 0.09945625 1
vt 0.097321875 0.989271875
vt 0.09945625 1
vt 0.09945625 0.75
vt 0 0.75
vt 0 1
vt 0 0.75
vt 0 1
vt 0.0951875 1
vt 0.0951875 0.75
vt 0.0000020569756015165197 1
vt 0.010728336702654856 0.9978671996625319
vt 0.010728336702654856 0.9026785249734571
vt 1.27675647831893e-15 0.9005452143418925
vt 0.0021325784905162765 0.9892736761635542
vt 0 0.9999999999999991
vt 0.0994547856793792 0.9999999999999992
vt 0.09732125315923175 0.9892717074218802
vt 0.09945625 1
vt 0.09945625 0.75
vt 0 0.75
vt 0 1
vt 0 0.75
vt 0 1
vt 0.0951875 1
vt 0.0951875 0.75
vt 4.996003610813204e-16 1
vt 0.010725925987123908 0.9978654214042931
vt 0.010725925987123935 0.9026755904044366
vt 4.996003610813204e-16 0.9005410118087297
vt 0.002134578595706871 0.989274074012876
vt 0 0.9999999999999996
vt 0.09945898819127032 0.9999999999999996
vt 0.09732440959556342 0.989274074012876
vt 0.09945625 1
vt 0.09945625 0.75
vt 0 0.75
vt 0 1
vt 0 0.75
vt 0 1
vt 0.0951875 1
vt 0.0951875 0.75
vt 1.27675647831893e-15 1
vt 0.010728336702654828 0.9978666893684354
vt 0.010728336702654828 0.9026780146793606
vt 0.0000020569756015165197 0.9005452143418925
vt 0.0021335325201474464 0.9892717074218802
vt 0 0.9999999999999992
vt 0.09945478567937921 0.9999999999999992
vt 0.09732220718886293 0.9892736761635543
vt 0.09945625 1
vt 0.09945625 0.75
vt 0 0.75
vt 0 1
vt 0 0.75
vt 0 1
vt 0.0951875 1
vt 0.0951875 0.75
vt 0 1
vt 0.010728125000000005 0.997865625
vt 0.010728125000000005 0.902678125
vt 0 0.90054375
vt 0.010728125000000005 0.902678125
vt 0 0.90054375
vt 0 1
vt 0.010728125000000005 0.997865625
vt 0.09945625 1
vt 0.09945625 0.75
vt 0 0.75
vt 0 1
vt 0 0.75
vt 0 1
vt 0.0951875 1
vt 0.0951875 0.75
vt 0.09945478565810749 0.9999979430243984
vt 0.09732198532063938 0.9892716632973451
vt 0.0021333106315646194 0.9892716632973452
vt 0 0.9999999999999988
vt 0.010726323836445756 0.9026777928111371
vt 8.326672684688674e-16 0.9005452143206208
vt 7.771561172376096e-16 1
vt 0.010728292578119775 0.9978664674798525
vt 0.09945625 1
vt 0.09945625 0.75
vt 0 0.75
vt 0 1
vt 0 0.75
vt 0 1
vt 0.0951875 1
vt 0.0951875 0.75
vt 0.09945898819127032 0.9999999999999996
vt 0.09732440959556342 0.989274074012876
vt 0.002134578595706871 0.989274074012876
vt 0 0.9999999999999996
vt 0.010725925987123935 0.9026755904044366
vt 4.996003610813204e-16 0.9005410118087297
vt 4.996003610813204e-16 1
vt 0.010725925987123908 0.9978654214042931
vt 0.09945625 1
vt 0.09945625 0.75
vt 0 0.75
vt 0 1
vt 0 0.75
vt 0 1
vt 0.0951875 1
vt 0.0951875 0.75
vt 0.09945478565810748 0.9999999999999987
vt 0.09732147502654284 0.9892716632973452
vt 0.0021328003374680854 0.9892716632973452
vt 0 0.9999979430243985
vt 0.010728292578119775 0.9026787468407682
vt 7.771561172376096e-16 0.9005452143206207
vt 7.771561172376096e-16 1
vt 0.010726323836445728 0.9978674215094837
vt 0.09945625 1
vt 0.09945625 0.75
vt 0 0.75
vt 0 1
vt 0 0.75
vt 0 1
vt 0.0951875 1
vt 0.0951875 0.75
vt 0.09945625 1
vt 0.097321875 0.989271875
vt 0.002134375000000001 0.989271875
vt 0 1
vt 0.097321875 1
vt 0.09945625 0.989271875
vt 0 0.989271875
vt 0.002134375000000001 1
vn 0.04191096201571896 0.9599188479172365 0.27712682417290946
vn -0.04191096201571896 -0.9599188479172365 -0.2771268241729097
vn -0.9990482215818579 0.04361938736533591 -3.67761376907083e-16
vn 0.9990482215818579 -0.04361938736533591 3.67761376907083e-16
vn 0.04318099043612455 0.989007281098049 -0.14142135623730925
vn -0.04318099043612456 -0.9890072810980491 0.14142135623730934
vn -0.9990482215818579 0.04361938736533591 -3.67761376907083e-16
vn 0.9990482215818579 -0.04361938736533591 3.67761376907083e-16
vn 0.03860543219061213 0.8842097677896398 -0.4654918980506185
vn -0.03860543219061213 -0.8842097677896399 0.4654918980506185
vn -0.9990482215818579 0.04361938736533591 -3.67761376907083e-16
vn 0.9990482215818579 -0.04361938736533591 3.67761376907083e-16
vn 0.03084356459723192 0.706433772212892 -0.7071067811865477
vn -0.03084356459723192 -0.706433772212892 0.7071067811865477
vn -0.9990482215818579 0.04361938736533591 -3.67761376907083e-16
vn 0.9990482215818579 -0.04361938736533591 3.67761376907083e-16
vn 0.020304471416495495 0.4650488529082336 -0.8850521413166756
vn -0.020304471416495516 -0.46504885290823406 0.8850521413166754
vn -0.9990482215818579 0.04361938736533591 -3.67761376907083e-16
vn 0.9990482215818579 -0.04361938736533591 3.67761376907083e-16
vn 0.006168712919446541 0.14128675444257868 -0.9899494936611666
vn -0.006168712919446527 -0.1412867544425784 0.9899494936611667
vn -0.9990482215818579 0.04361938736533591 -3.67761376907083e-16
vn 0.9990482215818579 -0.04361938736533591 3.67761376907083e-16
vn -0.01208810229292329 -0.2768630608425732 -0.9608333483616383
vn 0.012088102292923314 0.2768630608425737 0.9608333483616383
vn -0.9990482215818579 0.04361938736533591 -3.67761376907083e-16
vn 0.9990482215818579 -0.04361938736533591 3.67761376907083e-16
vn -0.030843564597231685 -0.706433772212892 -0.7071067811865476
vn 0.030843564597231685 0.706433772212892 0.7071067811865476
vn -0.9990482215818579 0.04361938736533591 -3.67761376907083e-16
vn 0.9990482215818579 -0.04361938736533591 3.67761376907083e-16
vn -0.04191096201571896 -0.9599188479172365 -0.2771268241729096
vn 0.04191096201571894 0.9599188479172361 0.27712682417291035
vn -0.9990482215818579 0.04361938736533591 -3.67761376907083e-16
vn 0.9990482215818579 -0.04361938736533591 3.67761376907083e-16
vn -0.04318099043612455 -0.989007281098049 0.1414213562373097
vn 0.04318099043612454 0.9890072810980489 -0.14142135623731025
vn -0.9990482215818579 0.04361938736533591 -3.67761376907083e-16
vn 0.9990482215818579 -0.04361938736533591 3.67761376907083e-16
vn -0.03860543219061213 -0.8842097677896399 0.46549189805061875
vn 0.03860543219061214 0.8842097677896401 -0.4654918980506181
vn -0.9990482215818579 0.04361938736533591 -3.67761376907083e-16
vn 0.9990482215818579 -0.04361938736533591 3.67761376907083e-16
vn -0.030843564597231938 -0.7064337722128925 0.7071067811865472
vn 0.03084356459723192 0.706433772212892 -0.7071067811865477
vn -0.9990482215818579 0.04361938736533591 -3.67761376907083e-16
vn 0.9990482215818579 -0.04361938736533591 3.67761376907083e-16
vn -0.02030447141649549 -0.4650488529082335 0.8850521413166758
vn 0.020304471416495516 0.46504885290823406 -0.8850521413166756
vn -0.9990482215818579 0.04361938736533591 -3.67761376907083e-16
vn 0.9990482215818579 -0.04361938736533591 3.67761376907083e-16
vn -0.006168712919446541 -0.14128675444257868 0.9899494936611666
vn 0.006168712919446515 0.1412867544425781 -0.9899494936611666
vn -0.9990482215818579 0.04361938736533591 -3.67761376907083e-16
vn 0.9990482215818579 -0.04361938736533591 3.67761376907083e-16
vn 0.012088102292923298 0.27686306084257334 0.9608333483616385
vn -0.012088102292923284 -0.27686306084257306 -0.9608333483616385
vn -0.9990482215818579 0.04361938736533591 -3.67761376907083e-16
vn 0.9990482215818579 -0.04361938736533591 3.67761376907083e-16
vn 0.03084356459723166 0.7064337722128915 0.7071067811865481
vn -0.030843564597231685 -0.706433772212892 -0.7071067811865476
vn -0.9990482215818579 0.04361938736533591 -3.67761376907083e-16
vn 0.9990482215818579 -0.04361938736533591 3.67761376907083e-16
usemtl none
f 1862/7425/1857 1861/7426/1857 1857/7427/1857 1858/7428/1857
f 1863/7429/1858 1864/7430/1858 1860/7431/1858 1859/7432/1858
f 1861/7433/1859 1863/7434/1859 1859/7435/1859 1857/7436/1859
f 1864/7437/1860 1862/7438/1860 1858/7439/1860 1860/7440/1860
f 1866/7441/1861 1865/7442/1861 1861/7443/1861 1862/7444/1861
f 1867/7445/1862 1868/7446/1862 1864/7447/1862 1863/7448/1862
f 1865/7449/1863 1867/7450/1863 1863/7451/1863 1861/7452/1863
f 1868/7453/1864 1866/7454/1864 1862/7455/1864 1864/7456/1864
f 1870/7457/1865 1869/7458/1865 1865/7459/1865 1866/7460/1865
f 1871/7461/1866 1872/7462/1866 1868/7463/1866 1867/7464/1866
f 1869/7465/1867 1871/7466/1867 1867/7467/1867 1865/7468/1867
f 1872/7469/1868 1870/7470/1868 1866/7471/1868 1868/7472/1868
f 1874/7473/1869 1873/7474/1869 1869/7475/1869 1870/7476/1869
f 1875/7477/1870 1876/7478/1870 1872/7479/1870 1871/7480/1870
f 1873/7481/1871 1875/7482/1871 1871/7483/1871 1869/7484/1871
f 1876/7485/1872 1874/7486/1872 1870/7487/1872 1872/7488/1872
f 1878/7489/1873 1877/7490/1873 1873/7491/1873 1874/7492/1873
f 1879/7493/1874 1880/7494/1874 1876/7495/1874 1875/7496/1874
f 1877/7497/1875 1879/7498/1875 1875/7499/1875 1873/7500/1875
f 1880/7501/1876 1878/7502/1876 1874/7503/1876 1876/7504/1876
f 1882/7505/1877 1881/7506/1877 1877/7507/1877 1878/7508/1877
f 1883/7509/1878 1884/7510/1878 1880/7511/1878 1879/7512/1878
f 1881/7513/1879 1883/7514/1879 1879/7515/1879 1877/7516/1879
f 1884/7517/1880 1882/7518/1880 1878/7519/1880 1880/7520/1880
f 1886/7521/1881 1885/7522/1881 1881/7523/1881 1882/7524/1881
f 1887/7525/1882 1888/7526/1882 1884/7527/1882 1883/7528/1882
f 1885/7529/1883 1887/7530/1883 1883/7531/1883 1881/7532/1883
f 1888/7533/1884 1886/7534/1884 1882/7535/1884 1884/7536/1884
f 1890/7537/1885 1889/7538/1885 1885/7539/1885 1886/7540/1885
f 1891/7541/1886 1892/7542/1886 1888/7543/1886 1887/7544/1886
f 1889/7545/1887 1891/7546/1887 1887/7547/1887 1885/7548/1887
f 1892/7549/1888 1890/7550/1888 1886/7551/1888 1888/7552/1888
f 1894/7553/1889 1893/7554/1889 1889/7555/1889 1890/7556/1889
f 1895/7557/1890 1896/7558/1890 1892/7559/1890 1891/7560/1890
f 1893/7561/1891 1895/7562/1891 1891/7563/1891 1889/7564/1891
f 1896/7565/1892 1894/7566/1892 1890/7567/1892 1892/7568/1892
f 1898/7569/1893 1897/7570/1893 1893/7571/1893 1894/7572/1893
f 1899/7573/1894 1900/7574/1894 1896/7575/1894 1895/7576/1894
f 1897/7577/1895 1899/7578/1895 1895/7579/1895 1893/7580/1895
f 1900/7581/1896 1898/7582/1896 1894/7583/1896 1896/7584/1896
f 1902/7585/1897 1901/7586/1897 1897/7587/1897 1898/7588/1897
f 1903/7589/1898 1904/7590/1898 1900/7591/1898 1899/7592/1898
f 1901/7593/1899 1903/7594/1899 1899/7595/1899 1897/7596/1899
f 1904/7597/1900 1902/7598/1900 1898/7599/1900 1900/7600/1900
f 1906/7601/1901 1905/7602/1901 1901/7603/1901 1902/7604/1901
f 1907/7605/1902 1908/7606/1902 1904/7607/1902 1903/7608/1902
f 1905/7609/1903 1907/7610/1903 1903/7611/1903 1901/7612/1903
f 1908/7613/1904 1906/7614/1904 1902/7615/1904 1904/7616/1904
f 1910/7617/1905 1909/7618/1905 1905/7619/1905 1906/7620/1905
f 1911/7621/1906 1912/7622/1906 1908/7623/1906 1907/7624/1906
f 1909/7625/1907 1911/7626/1907 1907/7627/1907 1905/7628/1907
f 1912/7629/1908 1910/7630/1908 1906/7631/1908 1908/7632/1908
f 1914/7633/1909 1913/7634/1909 1909/7635/1909 1910/7636/1909
f 1915/7637/1910 1916/7638/1910 1912/7639/1910 1911/7640/1910
f 1913/7641/1911 1915/7642/1911 1911/7643/1911 1909/7644/1911
f 1916/7645/1912 1914/7646/1912 1910/7647/1912 1912/7648/1912
f 1918/7649/1913 1917/7650/1913 1913/7651/1913 1914/7652/1913
f 1919/7653/1914 1920/7654/1914 1916/7655/1914 1915/7656/1914
f 1917/7657/1915 1919/7658/1915 1915/7659/1915 1913/7660/1915
f 1920/7661/1916 1918/7662/1916 1914/7663/1916 1916/7664/1916
f 1858/7665/1917 1857/7666/1917 1917/7667/1917 1918/7668/1917
f 1859/7669/1918 1860/7670/1918 1920/7671/1918 1919/7672/1918
f 1857/7673/1919 1859/7674/1919 1919/7675/1919 1917/7676/1919
f 1860/7677/1920 1858/7678/1920 1918/7679/1920 1920/7680/1920
o tube
v 0.021607645154185662 -0.0429333825147311 -0.47195559090034783
v 0.02257150654784917 -0.020857327133078217 -0.49405267781242745
v 0.019581754251169283 -0.04322249122427518 -0.47233279256252025
v 0.02054561564483279 -0.0211464358426223 -0.4944298794745999
v 0.015186662836816436 -0.026394340917280518 -0.4557123701207138
v 0.016150524230479944 -0.004318285535627631 -0.4778094570327934
v 0.013436288848203238 -0.02739312074611565 -0.4567865495735069
v 0.014400150241866746 -0.005317065364462768 -0.4788836364855865
v 0.0025553387469899776 -0.01339897863228184 -0.44328034715948517
v 0.003519200140653489 0.008677076749371043 -0.4653774340715648
v 0.0013469602453666067 -0.014955374405429569 -0.44488797031867217
v 0.0023108216390301146 0.007120680976223315 -0.4669850572307518
v -0.01436332252585567 -0.0059257217643736496 -0.43655218481594027
v -0.013399461132192158 0.016150333617279224 -0.4586492717280199
v -0.014845740867595455 -0.007802786334135052 -0.4384485056286752
v -0.013881879473931946 0.014273269047517828 -0.46054559254075483
v -0.03299360817097609 -0.00511230592645278 -0.43655218481594027
v -0.03202974677731258 0.016963749455200093 -0.4586492717280199
v -0.03267662253343557 -0.007024273227714373 -0.4384485056286752
v -0.03171276113977206 0.015051782153938514 -0.46054559254075483
v -0.05049922608286162 -0.01108256630620973 -0.44328034715948517
v -0.049535364689198114 0.010993489075443147 -0.4653774340715648
v -0.04943109465587438 -0.01273835664938118 -0.44488797031867217
v -0.048467233262210876 0.009337698732271707 -0.4669850572307518
v -0.06421510462324927 -0.022927584881371636 -0.4557123701207138
v -0.06325124322958575 -0.0008515294997187492 -0.4778094570327934
v -0.06255844073393861 -0.024075119196481934 -0.45678654957350695
v -0.061594579340275096 -0.0019990638148290538 -0.4788836364855865
v -0.07205312561911353 -0.038844064949230823 -0.4719555909003479
v -0.07108926422545002 -0.016768009567577943 -0.49405267781242745
v -0.07006014132693145 -0.0393086415392289 -0.4723327925625203
v -0.06909627993326795 -0.01723258615757602 -0.4944298794745999
v -0.07282002142567137 -0.05640886670270691 -0.48953712637985114
v -0.07185616003200787 -0.03433281132105403 -0.5116342132919307
v -0.070794130522655 -0.05611975799316282 -0.4891599247176787
v -0.06983026912899148 -0.03404370261150995 -0.5112570116297583
v -0.06639903910830215 -0.07294790830015746 -0.5057803471594852
v -0.06543517771463865 -0.050871852918504594 -0.5278774340715648
v -0.06464866511968898 -0.07194912847132234 -0.5047061677066921
v -0.06368480372602546 -0.04987307308966946 -0.5268032546187718
v -0.05376771501847569 -0.08594327058515616 -0.5182123701207138
v -0.05280385362481217 -0.06386721520350327 -0.5403094570327934
v -0.05255933651685231 -0.08438687481200843 -0.5166047469615268
v -0.0515954751231888 -0.06231081943035555 -0.5387018338736064
v -0.03684905374563006 -0.09341652745306432 -0.5249405324642586
v -0.03588519235196655 -0.07134047207141145 -0.5470376193763383
v -0.03636663540389028 -0.09153946288330295 -0.5230442116515238
v -0.03540277401022676 -0.06946340750165006 -0.5451412985636034
v -0.018218768100509618 -0.09422994329098522 -0.5249405324642586
v -0.01725490670684611 -0.07215388790933233 -0.5470376193763383
v -0.018535753738050137 -0.09231797598972363 -0.5230442116515238
v -0.01757189234438663 -0.07024192060807075 -0.5451412985636034
v -0.0007131501886240947 -0.08825968291122827 -0.5182123701207138
v 0.0002507112050394132 -0.06618362752957539 -0.5403094570327934
v -0.0017812816156113388 -0.08660389256805683 -0.5166047469615268
v -0.0008174202219478309 -0.06452783718640394 -0.5387018338736064
v 0.013002728351763543 -0.07641466433606636 -0.5057803471594852
v 0.013966589745427051 -0.05433860895441348 -0.5278774340715647
v 0.011346064462452881 -0.07526713002095606 -0.5047061677066921
v 0.012309925856116389 -0.053191074639303185 -0.5268032546187716
v 0.020840749347627804 -0.060498184268207175 -0.48953712637985114
v 0.02180461074129131 -0.0384221288865543 -0.5116342132919307
v 0.018847765055445737 -0.0600336076782091 -0.4891599247176787
v 0.019811626449109245 -0.03795755229655622 -0.5112570116297583
vt 0.09945625 1
vt 0.09945625 0.75
vt 0 0.75
vt 0 1
vt 0 0.75
vt 0 1
vt 0.0951875 1
vt 0.0951875 0.75
vt 0.010726279727053867 0.9005452143418925
vt 5.551115123125783e-16 0.9026780146793606
vt 5.551115123125783e-16 0.9978666893684354
vt 0.010728336702654107 1
vt 0.09732220718886293 0.9999980312583259
vt 0.0994547856793792 0.989271707421881
vt 0 0.989271707421881
vt 0.0021335325201474534 1
vt 0.09945625 1
vt 0.09945625 0.75
vt 0 0.75
vt 0 1
vt 0 0.75
vt 0 1
vt 0.0951875 1
vt 0.0951875 0.75
vt 0.010725925987123686 0.9005410118087297
vt 2.7755575615628914e-16 0.9026755904044366
vt 2.220446049250313e-16 0.9978654214042931
vt 0.010725925987123686 1
vt 0.09732440959556345 0.9999999999999998
vt 0.09945898819127032 0.9892740740128763
vt 0 0.9892740740128763
vt 0.0021345785957068986 0.9999999999999998
vt 0.09945625 1
vt 0.09945625 0.75
vt 0 0.75
vt 0 1
vt 0 0.75
vt 0 1
vt 0.0951875 1
vt 0.0951875 0.75
vt 0.010728336702654107 0.9005452143418925
vt 5.551115123125783e-16 0.9026785249734571
vt 5.551115123125783e-16 0.9978671996625319
vt 0.010726279727053867 1
vt 0.09732125315923176 1
vt 0.09945478567937921 0.989271707421881
vt 0 0.989271707421881
vt 0.0021325784905162765 0.999998031258326
vt 0.09945625 1
vt 0.09945625 0.75
vt 0 0.75
vt 0 1
vt 0 0.75
vt 0 1
vt 0.0951875 1
vt 0.0951875 0.75
vt 0.010728125000000005 0.90054375
vt 0 0.902678125
vt 0 0.997865625
vt 0.010728125000000005 1
vt 0 0.997865625
vt 0.010728125000000005 1
vt 0.010728125000000005 0.90054375
vt 0 0.902678125
vt 0.09945625 1
vt 0.09945625 0.75
vt 0 0.75
vt 0 1
vt 0 0.75
vt 0 1
vt 0.0951875 1
vt 0.0951875 0.75
vt 0 0.9892737202729461
vt 0.002132800337468113 0.9999999999999994
vt 0.09732147502654287 0.9999999999999994
vt 0.09945478565810749 0.989271663297346
vt 0.0000019687416740465924 0.9978674215094837
vt 0.010728292578118998 1
vt 0.010728292578118998 0.9005452143206207
vt 0 0.9026787468407682
vt 0.09945625 1
vt 0.09945625 0.75
vt 0 0.75
vt 0 1
vt 0 0.75
vt 0 1
vt 0.0951875 1
vt 0.0951875 0.75
vt 0 0.9892740740128763
vt 0.0021345785957068986 0.9999999999999998
vt 0.09732440959556345 0.9999999999999998
vt 0.09945898819127032 0.9892740740128763
vt 2.220446049250313e-16 0.9978654214042931
vt 0.010725925987123686 1
vt 0.010725925987123686 0.9005410118087297
vt 2.7755575615628914e-16 0.9026755904044366
vt 0.09945625 1
vt 0.09945625 0.75
vt 0 0.75
vt 0 1
vt 0 0.75
vt 0 1
vt 0.0951875 1
vt 0.0951875 0.75
vt 0 0.989271663297346
vt 0.0021333106315646264 0.9999999999999994
vt 0.09732198532063939 0.9999999999999994
vt 0.09945478565810748 0.9892737202729461
vt 0 0.9978664674798525
vt 0.010728292578119025 1
vt 0.010728292578119025 0.9005452143206208
vt 0.000001968741674129859 0.902677792811137
vt 0.09945625 1
vt 0.09945625 0.75
vt 0 0.75
vt 0 1
vt 0 0.75
vt 0 1
vt 0.0951875 1
vt 0.0951875 0.75
vt 0 0.989271875
vt 0.002134375000000001 1
vt 0.097321875 1
vt 0.09945625 0.989271875
vt 0.002134375000000001 0.989271875
vt 0 1
vt 0.09945625 1
vt 0.097321875 0.989271875
vt 0.09945625 1
vt 0.09945625 0.75
vt 0 0.75
vt 0 1
vt 0 0.75
vt 0 1
vt 0.0951875 1
vt 0.0951875 0.75
vt 0.0000020569756015165197 1
vt 0.010728336702654856 0.9978671996625319
vt 0.010728336702654856 0.9026785249734571
vt 1.27675647831893e-15 0.9005452143418925
vt 0.0021325784905162765 0.9892736761635542
vt 0 0.9999999999999991
vt 0.0994547856793792 0.9999999999999992
vt 0.09732125315923175 0.9892717074218802
vt 0.09945625 1
vt 0.09945625 0.75
vt 0 0.75
vt 0 1
vt 0 0.75
vt 0 1
vt 0.0951875 1
vt 0.0951875 0.75
vt 4.996003610813204e-16 1
vt 0.010725925987123908 0.9978654214042931
vt 0.010725925987123935 0.9026755904044366
vt 4.996003610813204e-16 0.9005410118087297
vt 0.002134578595706871 0.989274074012876
vt 0 0.9999999999999996
vt 0.09945898819127032 0.9999999999999996
vt 0.09732440959556342 0.989274074012876
vt 0.09945625 1
vt 0.09945625 0.75
vt 0 0.75
vt 0 1
vt 0 0.75
vt 0 1
vt 0.0951875 1
vt 0.0951875 0.75
vt 1.27675647831893e-15 1
vt 0.010728336702654828 0.9978666893684354
vt 0.010728336702654828 0.9026780146793606
vt 0.0000020569756015165197 0.9005452143418925
vt 0.0021335325201474464 0.9892717074218802
vt 0 0.9999999999999992
vt 0.09945478567937921 0.9999999999999992
vt 0.09732220718886293 0.9892736761635543
vt 0.09945625 1
vt 0.09945625 0.75
vt 0 0.75
vt 0 1
vt 0 0.75
vt 0 1
vt 0.0951875 1
vt 0.0951875 0.75
vt 0 1
vt 0.010728125000000005 0.997865625
vt 0.010728125000000005 0.902678125
vt 0 0.90054375
vt 0.010728125000000005 0.902678125
vt 0 0.90054375
vt 0 1
vt 0.010728125000000005 0.997865625
vt 0.09945625 1
vt 0.09945625 0.75
vt 0 0.75
vt 0 1
vt 0 0.75
vt 0 1
vt 0.0951875 1
vt 0.0951875 0.75
vt 0.09945478565810749 0.9999979430243984
vt 0.09732198532063938 0.9892716632973451
vt 0.0021333106315646194 0.9892716632973452
vt 0 0.9999999999999988
vt 0.010726323836445756 0.9026777928111371
vt 8.326672684688674e-16 0.9005452143206208
vt 7.771561172376096e-16 1
vt 0.010728292578119775 0.9978664674798525
vt 0.09945625 1
vt 0.09945625 0.75
vt 0 0.75
vt 0 1
vt 0 0.75
vt 0 1
vt 0.0951875 1
vt 0.0951875 0.75
vt 0.09945898819127032 0.9999999999999996
vt 0.09732440959556342 0.989274074012876
vt 0.002134578595706871 0.989274074012876
vt 0 0.9999999999999996
vt 0.010725925987123935 0.9026755904044366
vt 4.996003610813204e-16 0.9005410118087297
vt 4.996003610813204e-16 1
vt 0.010725925987123908 0.9978654214042931
vt 0.09945625 1
vt 0.09945625 0.75
vt 0 0.75
vt 0 1
vt 0 0.75
vt 0 1
vt 0.0951875 1
vt 0.0951875 0.75
vt 0.09945478565810748 0.9999999999999987
vt 0.09732147502654284 0.9892716632973452
vt 0.0021328003374680854 0.9892716632973452
vt 0 0.9999979430243985
vt 0.010728292578119775 0.9026787468407682
vt 7.771561172376096e-16 0.9005452143206207
vt 7.771561172376096e-16 1
vt 0.010726323836445728 0.9978674215094837
vt 0.09945625 1
vt 0.09945625 0.75
vt 0 0.75
vt 0 1
vt 0 0.75
vt 0 1
vt 0.0951875 1
vt 0.0951875 0.75
vt 0.09945625 1
vt 0.097321875 0.989271875
vt 0.002134375000000001 0.989271875
vt 0 1
vt 0.097321875 1
vt 0.09945625 0.989271875
vt 0 0.989271875
vt 0.002134375000000001 1
vn 0.9632204006569325 0.1679248651210714 0.20978012163302917
vn -0.9632204006569325 -0.16792486512107155 -0.20978012163302928
vn -0.03084356459723214 -0.7064337722128919 0.7071067811865478
vn 0.03084356459723214 0.7064337722128919 -0.7071067811865478
vn 0.8177447160238254 0.38896475343546627 0.4242640687119287
vn -0.8177447160238254 -0.38896475343546627 -0.4242640687119287
vn -0.03084356459723214 -0.7064337722128919 0.7071067811865478
vn 0.03084356459723214 0.7064337722128919 -0.7071067811865478
vn 0.5099929111235296 0.597303008035541 0.6189800862672741
vn -0.5099929111235298 -0.5973030080355409 -0.618980086267274
vn -0.03084356459723214 -0.7064337722128919 0.7071067811865478
vn 0.03084356459723214 0.7064337722128919 -0.7071067811865478
vn 0.0308435645972317 0.7064337722128923 0.7071067811865476
vn -0.0308435645972317 -0.7064337722128923 -0.7071067811865476
vn -0.03084356459723214 -0.7064337722128919 0.7071067811865478
vn 0.03084356459723214 0.7064337722128919 -0.7071067811865478
vn -0.4559938468148875 0.639478900724269 0.6189800862672737
vn 0.4559938468148867 -0.6394789007242693 -0.6189800862672741
vn -0.03084356459723214 -0.7064337722128919 0.7071067811865478
vn 0.03084356459723214 0.7064337722128919 -0.7071067811865478
vn -0.7807324385071469 0.4587557732200044 0.4242640687119284
vn 0.7807324385071474 -0.45875577322000427 -0.4242640687119282
vn -0.03084356459723214 -0.7064337722128919 0.7071067811865478
vn 0.03084356459723214 0.7064337722128919 -0.7071067811865478
vn -0.9449194398828159 0.25123604976033487 0.20978012163302825
vn 0.9449194398828159 -0.25123604976033476 -0.2097801216330281
vn -0.03084356459723214 -0.7064337722128919 0.7071067811865478
vn 0.03084356459723214 0.7064337722128919 -0.7071067811865478
vn -0.9990482215818579 0.04361938736533606 -5.20417042793042e-16
vn 0.9990482215818579 -0.04361938736533606 5.20417042793042e-16
vn -0.03084356459723214 -0.7064337722128919 0.7071067811865478
vn 0.03084356459723214 0.7064337722128919 -0.7071067811865478
vn -0.9632204006569326 -0.1679248651210715 -0.20978012163302925
vn 0.9632204006569326 0.16792486512107105 0.2097801216330288
vn -0.03084356459723214 -0.7064337722128919 0.7071067811865478
vn 0.03084356459723214 0.7064337722128919 -0.7071067811865478
vn -0.8177447160238251 -0.3889647534354663 -0.42426406871192873
vn 0.8177447160238248 0.3889647534354669 0.42426406871192923
vn -0.03084356459723214 -0.7064337722128919 0.7071067811865478
vn 0.03084356459723214 0.7064337722128919 -0.7071067811865478
vn -0.5099929111235294 -0.5973030080355411 -0.6189800862672743
vn 0.5099929111235303 0.5973030080355407 0.6189800862672737
vn -0.03084356459723214 -0.7064337722128919 0.7071067811865478
vn 0.03084356459723214 0.7064337722128919 -0.7071067811865478
vn -0.030843564597232805 -0.7064337722128922 -0.7071067811865475
vn 0.0308435645972317 0.7064337722128923 0.7071067811865476
vn -0.03084356459723214 -0.7064337722128919 0.7071067811865478
vn 0.03084356459723214 0.7064337722128919 -0.7071067811865478
vn 0.4559938468148877 -0.6394789007242689 -0.6189800862672736
vn -0.45599384681488697 0.6394789007242693 0.618980086267274
vn -0.03084356459723214 -0.7064337722128919 0.7071067811865478
vn 0.03084356459723214 0.7064337722128919 -0.7071067811865478
vn 0.7807324385071471 -0.4587557732200044 -0.42426406871192834
vn -0.7807324385071475 0.4587557732200041 0.424264068711928
vn -0.03084356459723214 -0.7064337722128919 0.7071067811865478
vn 0.03084356459723214 0.7064337722128919 -0.7071067811865478
vn 0.9449194398828159 -0.25123604976033476 -0.2097801216330281
vn -0.9449194398828158 0.25123604976033515 0.20978012163302853
vn -0.03084356459723214 -0.7064337722128919 0.7071067811865478
vn 0.03084356459723214 0.7064337722128919 -0.7071067811865478
vn 0.9990482215818579 -0.04361938736533646 1.2574765160154667e-16
vn -0.9990482215818579 0.04361938736533606 -5.20417042793042e-16
vn -0.03084356459723214 -0.7064337722128919 0.7071067811865478
vn 0.03084356459723214 0.7064337722128919 -0.7071067811865478
usemtl none
f 1926/7681/1921 1925/7682/1921 1921/7683/1921 1922/7684/1921
f 1927/7685/1922 1928/7686/1922 1924/7687/1922 1923/7688/1922
f 1925/7689/1923 1927/7690/1923 1923/7691/1923 1921/7692/1923
f 1928/7693/1924 1926/7694/1924 1922/7695/1924 1924/7696/1924
f 1930/7697/1925 1929/7698/1925 1925/7699/1925 1926/7700/1925
f 1931/7701/1926 1932/7702/1926 1928/7703/1926 1927/7704/1926
f 1929/7705/1927 1931/7706/1927 1927/7707/1927 1925/7708/1927
f 1932/7709/1928 1930/7710/1928 1926/7711/1928 1928/7712/1928
f 1934/7713/1929 1933/7714/1929 1929/7715/1929 1930/7716/1929
f 1935/7717/1930 1936/7718/1930 1932/7719/1930 1931/7720/1930
f 1933/7721/1931 1935/7722/1931 1931/7723/1931 1929/7724/1931
f 1936/7725/1932 1934/7726/1932 1930/7727/1932 1932/7728/1932
f 1938/7729/1933 1937/7730/1933 1933/7731/1933 1934/7732/1933
f 1939/7733/1934 1940/7734/1934 1936/7735/1934 1935/7736/1934
f 1937/7737/1935 1939/7738/1935 1935/7739/1935 1933/7740/1935
f 1940/7741/1936 1938/7742/1936 1934/7743/1936 1936/7744/1936
f 1942/7745/1937 1941/7746/1937 1937/7747/1937 1938/7748/1937
f 1943/7749/1938 1944/7750/1938 1940/7751/1938 1939/7752/1938
f 1941/7753/1939 1943/7754/1939 1939/7755/1939 1937/7756/1939
f 1944/7757/1940 1942/7758/1940 1938/7759/1940 1940/7760/1940
f 1946/7761/1941 1945/7762/1941 1941/7763/1941 1942/7764/1941
f 1947/7765/1942 1948/7766/1942 1944/7767/1942 1943/7768/1942
f 1945/7769/1943 1947/7770/1943 1943/7771/1943 1941/7772/1943
f 1948/7773/1944 1946/7774/1944 1942/7775/1944 1944/7776/1944
f 1950/7777/1945 1949/7778/1945 1945/7779/1945 1946/7780/1945
f 1951/7781/1946 1952/7782/1946 1948/7783/1946 1947/7784/1946
f 1949/7785/1947 1951/7786/1947 1947/7787/1947 1945/7788/1947
f 1952/7789/1948 1950/7790/1948 1946/7791/1948 1948/7792/1948
f 1954/7793/1949 1953/7794/1949 1949/7795/1949 1950/7796/1949
f 1955/7797/1950 1956/7798/1950 1952/7799/1950 1951/7800/1950
f 1953/7801/1951 1955/7802/1951 1951/7803/1951 1949/7804/1951
f 1956/7805/1952 1954/7806/1952 1950/7807/1952 1952/7808/1952
f 1958/7809/1953 1957/7810/1953 1953/7811/1953 1954/7812/1953
f 1959/7813/1954 1960/7814/1954 1956/7815/1954 1955/7816/1954
f 1957/7817/1955 1959/7818/1955 1955/7819/1955 1953/7820/1955
f 1960/7821/1956 1958/7822/1956 1954/7823/1956 1956/7824/1956
f 1962/7825/1957 1961/7826/1957 1957/7827/1957 1958/7828/1957
f 1963/7829/1958 1964/7830/1958 1960/7831/1958 1959/7832/1958
f 1961/7833/1959 1963/7834/1959 1959/7835/1959 1957/7836/1959
f 1964/7837/1960 1962/7838/1960 1958/7839/1960 1960/7840/1960
f 1966/7841/1961 1965/7842/1961 1961/7843/1961 1962/7844/1961
f 1967/7845/1962 1968/7846/1962 1964/7847/1962 1963/7848/1962
f 1965/7849/1963 1967/7850/1963 1963/7851/1963 1961/7852/1963
f 1968/7853/1964 1966/7854/1964 1962/7855/1964 1964/7856/1964
f 1970/7857/1965 1969/7858/1965 1965/7859/1965 1966/7860/1965
f 1971/7861/1966 1972/7862/1966 1968/7863/1966 1967/7864/1966
f 1969/7865/1967 1971/7866/1967 1967/7867/1967 1965/7868/1967
f 1972/7869/1968 1970/7870/1968 1966/7871/1968 1968/7872/1968
f 1974/7873/1969 1973/7874/1969 1969/7875/1969 1970/7876/1969
f 1975/7877/1970 1976/7878/1970 1972/7879/1970 1971/7880/1970
f 1973/7881/1971 1975/7882/1971 1971/7883/1971 1969/7884/1971
f 1976/7885/1972 1974/7886/1972 1970/7887/1972 1972/7888/1972
f 1978/7889/1973 1977/7890/1973 1973/7891/1973 1974/7892/1973
f 1979/7893/1974 1980/7894/1974 1976/7895/1974 1975/7896/1974
f 1977/7897/1975 1979/7898/1975 1975/7899/1975 1973/7900/1975
f 1980/7901/1976 1978/7902/1976 1974/7903/1976 1976/7904/1976
f 1982/7905/1977 1981/7906/1977 1977/7907/1977 1978/7908/1977
f 1983/7909/1978 1984/7910/1978 1980/7911/1978 1979/7912/1978
f 1981/7913/1979 1983/7914/1979 1979/7915/1979 1977/7916/1979
f 1984/7917/1980 1982/7918/1980 1978/7919/1980 1980/7920/1980
f 1922/7921/1981 1921/7922/1981 1981/7923/1981 1982/7924/1981
f 1923/7925/1982 1924/7926/1982 1984/7927/1982 1983/7928/1982
f 1921/7929/1983 1923/7930/1983 1983/7931/1983 1981/7932/1983
f 1924/7933/1984 1922/7934/1984 1982/7935/1984 1984/7936/1984
o tube
v -0.021651502797230437 0.3991183366094757 -0.06749478311540066
v 0.009568754127202624 0.39775523075430896 -0.06749478311540065
v -0.021746559128392934 0.3969411886866359 -0.06910820268150628
v 0.009473697796040131 0.39557808283146917 -0.06910820268150626
v -0.021413591612314736 0.4045673986101343 -0.08640536104367111
v 0.009806665312118329 0.40320429275496755 -0.08640536104367111
v -0.021518856436871247 0.4021564377479952 -0.0872073496132633
v 0.009701400487561818 0.40079333189282845 -0.08720734961326329
v -0.02154916091863487 0.40146235100261424 -0.10816140122582121
v 0.00967109600579819 0.4000992451474475 -0.1081614012258212
v -0.021648608621274684 0.3991846241370218 -0.10802986330922404
v 0.009571648303158377 0.3978215182818551 -0.10802986330922404
v -0.022037571518242434 0.3902759091378338 -0.12945074376311394
v 0.009182685406190631 0.38891280328266703 -0.12945074376311394
v -0.022116062087734305 0.38847817953642905 -0.12840570481573518
v 0.009104194836698757 0.3871150736812623 -0.12840570481573518
v -0.022804467324800272 0.3727111073843577 -0.1470322792426172
v 0.008415789599632786 0.37134800152919095 -0.1470322792426172
v -0.022850051283457854 0.3716670630824952 -0.14523283697089356
v 0.00837020564097521 0.37030395722732845 -0.14523283697089356
v -0.023733095403687766 0.3514420275838284 -0.15822937826459257
v 0.0074871615207452984 0.3500789217286617 -0.15822937826459257
v -0.023738833007025048 0.35131061486218146 -0.15594948144240922
v 0.007481423917408013 0.3499475090070147 -0.15594948144240922
v -0.02468208054792878 0.3297066943311879 -0.16133738400489975
v 0.006538176376504277 0.32834358847602113 -0.16133738400489975
v -0.024647098297849168 0.33050791958536796 -0.1589241262561179
v 0.006573158626583893 0.3291448137302012 -0.1589241262561179
v -0.025506948371884386 0.31081411508286416 -0.15588313076371912
v 0.005713308552548679 0.3094510092276974 -0.15588313076371912
v -0.025436571998847614 0.31242599903104734 -0.15370390870435488
v 0.005783684925585451 0.3110628931758806 -0.15370390870435485
v -0.026082120226802778 0.29764051376775713 -0.14269697915409166
v 0.005138136697630285 0.2962774079125904 -0.14269697915409166
v -0.025987063895640282 0.2998176616905969 -0.14108355958798605
v 0.0052331930287927795 0.2984545558354302 -0.14108355958798605
v -0.02632003141171848 0.29219145176709854 -0.12378640122582124
v 0.00490022551271458 0.2908283459119318 -0.12378640122582123
v -0.026214766587161972 0.29460241262923764 -0.12298441265622904
v 0.005005490337271094 0.2932393067740709 -0.12298441265622903
v -0.02618446210539834 0.2952964993746186 -0.10203036104367111
v 0.005035794819034718 0.29393339351945186 -0.10203036104367111
v -0.02608501440275853 0.297574226240211 -0.10216189896026828
v 0.005135242521674535 0.29621112038504427 -0.10216189896026827
v -0.025696051505790782 0.30648294123939906 -0.0807410185063784
v 0.00552420541864228 0.3051198353842323 -0.0807410185063784
v -0.02561756093629891 0.30828067084080374 -0.08178605745375717
v 0.005602695988134152 0.306917564985637 -0.08178605745375717
v -0.024929155699232937 0.32404774299287514 -0.06315948302687512
v 0.006291101225200121 0.3226846371377084 -0.06315948302687512
v -0.024883571740575365 0.32509178729473764 -0.06495892529859873
v 0.0063366851838577015 0.3237286814395709 -0.06495892529859873
v -0.02400052762034545 0.3453168227934044 -0.051962384004899755
v 0.007219729304087612 0.3439537169382377 -0.05196238400489975
v -0.023994790017008168 0.3454482355150514 -0.05424228082708309
v 0.007225466907424894 0.34408512965988464 -0.054242280827083086
v -0.02305154247610443 0.3670521560460449 -0.04885437826459259
v 0.00816871444832863 0.36568905019087816 -0.04885437826459258
v -0.023086524726184048 0.3662509307918649 -0.05126763601337442
v 0.008133732198249017 0.36488782493669814 -0.051267636013374404
v -0.02222667465214883 0.3859447352943687 -0.05430863150577321
v 0.008993582272284232 0.38458162943920193 -0.05430863150577321
v -0.022297051025185602 0.38433285134618544 -0.056487853565137455
v 0.00892320589924746 0.3829697454910187 -0.05648785356513745
vt 0.09945625 1
vt 0.09945625 0.75
vt 0 0.75
vt 0 1
vt 0 0.75
vt 0 1
vt 0.0951875 1
vt 0.0951875 0.75
vt 0.010726279727053867 0.9005452143418925
vt 5.551115123125783e-16 0.9026780146793606
vt 5.551115123125783e-16 0.9978666893684354
vt 0.010728336702654107 1
vt 0.09732220718886293 0.9999980312583259
vt 0.0994547856793792 0.989271707421881
vt 0 0.989271707421881
vt 0.0021335325201474534 1
vt 0.09945625 1
vt 0.09945625 0.75
vt 0 0.75
vt 0 1
vt 0 0.75
vt 0 1
vt 0.0951875 1
vt 0.0951875 0.75
vt 0.010725925987123686 0.9005410118087297
vt 2.7755575615628914e-16 0.9026755904044366
vt 2.220446049250313e-16 0.9978654214042931
vt 0.010725925987123686 1
vt 0.09732440959556345 0.9999999999999998
vt 0.09945898819127032 0.9892740740128763
vt 0 0.9892740740128763
vt 0.0021345785957068986 0.9999999999999998
vt 0.09945625 1
vt 0.09945625 0.75
vt 0 0.75
vt 0 1
vt 0 0.75
vt 0 1
vt 0.0951875 1
vt 0.0951875 0.75
vt 0.010728336702654107 0.9005452143418925
vt 5.551115123125783e-16 0.9026785249734571
vt 5.551115123125783e-16 0.9978671996625319
vt 0.010726279727053867 1
vt 0.09732125315923176 1
vt 0.09945478567937921 0.989271707421881
vt 0 0.989271707421881
vt 0.0021325784905162765 0.999998031258326
vt 0.09945625 1
vt 0.09945625 0.75
vt 0 0.75
vt 0 1
vt 0 0.75
vt 0 1
vt 0.0951875 1
vt 0.0951875 0.75
vt 0.010728125000000005 0.90054375
vt 0 0.902678125
vt 0 0.997865625
vt 0.010728125000000005 1
vt 0 0.997865625
vt 0.010728125000000005 1
vt 0.010728125000000005 0.90054375
vt 0 0.902678125
vt 0.09945625 1
vt 0.09945625 0.75
vt 0 0.75
vt 0 1
vt 0 0.75
vt 0 1
vt 0.0951875 1
vt 0.0951875 0.75
vt 0 0.9892737202729461
vt 0.002132800337468113 0.9999999999999994
vt 0.09732147502654287 0.9999999999999994
vt 0.09945478565810749 0.989271663297346
vt 0.0000019687416740465924 0.9978674215094837
vt 0.010728292578118998 1
vt 0.010728292578118998 0.9005452143206207
vt 0 0.9026787468407682
vt 0.09945625 1
vt 0.09945625 0.75
vt 0 0.75
vt 0 1
vt 0 0.75
vt 0 1
vt 0.0951875 1
vt 0.0951875 0.75
vt 0 0.9892740740128763
vt 0.0021345785957068986 0.9999999999999998
vt 0.09732440959556345 0.9999999999999998
vt 0.09945898819127032 0.9892740740128763
vt 2.220446049250313e-16 0.9978654214042931
vt 0.010725925987123686 1
vt 0.010725925987123686 0.9005410118087297
vt 2.7755575615628914e-16 0.9026755904044366
vt 0.09945625 1
vt 0.09945625 0.75
vt 0 0.75
vt 0 1
vt 0 0.75
vt 0 1
vt 0.0951875 1
vt 0.0951875 0.75
vt 0 0.989271663297346
vt 0.0021333106315646264 0.9999999999999994
vt 0.09732198532063939 0.9999999999999994
vt 0.09945478565810748 0.9892737202729461
vt 0 0.9978664674798525
vt 0.010728292578119025 1
vt 0.010728292578119025 0.9005452143206208
vt 0.000001968741674129859 0.902677792811137
vt 0.09945625 1
vt 0.09945625 0.75
vt 0 0.75
vt 0 1
vt 0 0.75
vt 0 1
vt 0.0951875 1
vt 0.0951875 0.75
vt 0 0.989271875
vt 0.002134375000000001 1
vt 0.097321875 1
vt 0.09945625 0.989271875
vt 0.002134375000000001 0.989271875
vt 0 1
vt 0.09945625 1
vt 0.097321875 0.989271875
vt 0.09945625 1
vt 0.09945625 0.75
vt 0 0.75
vt 0 1
vt 0 0.75
vt 0 1
vt 0.0951875 1
vt 0.0951875 0.75
vt 0.0000020569756015165197 1
vt 0.010728336702654856 0.9978671996625319
vt 0.010728336702654856 0.9026785249734571
vt 1.27675647831893e-15 0.9005452143418925
vt 0.0021325784905162765 0.9892736761635542
vt 0 0.9999999999999991
vt 0.0994547856793792 0.9999999999999992
vt 0.09732125315923175 0.9892717074218802
vt 0.09945625 1
vt 0.09945625 0.75
vt 0 0.75
vt 0 1
vt 0 0.75
vt 0 1
vt 0.0951875 1
vt 0.0951875 0.75
vt 4.996003610813204e-16 1
vt 0.010725925987123908 0.9978654214042931
vt 0.010725925987123935 0.9026755904044366
vt 4.996003610813204e-16 0.9005410118087297
vt 0.002134578595706871 0.989274074012876
vt 0 0.9999999999999996
vt 0.09945898819127032 0.9999999999999996
vt 0.09732440959556342 0.989274074012876
vt 0.09945625 1
vt 0.09945625 0.75
vt 0 0.75
vt 0 1
vt 0 0.75
vt 0 1
vt 0.0951875 1
vt 0.0951875 0.75
vt 1.27675647831893e-15 1
vt 0.010728336702654828 0.9978666893684354
vt 0.010728336702654828 0.9026780146793606
vt 0.0000020569756015165197 0.9005452143418925
vt 0.0021335325201474464 0.9892717074218802
vt 0 0.9999999999999992
vt 0.09945478567937921 0.9999999999999992
vt 0.09732220718886293 0.9892736761635543
vt 0.09945625 1
vt 0.09945625 0.75
vt 0 0.75
vt 0 1
vt 0 0.75
vt 0 1
vt 0.0951875 1
vt 0.0951875 0.75
vt 0 1
vt 0.010728125000000005 0.997865625
vt 0.010728125000000005 0.902678125
vt 0 0.90054375
vt 0.010728125000000005 0.902678125
vt 0 0.90054375
vt 0 1
vt 0.010728125000000005 0.997865625
vt 0.09945625 1
vt 0.09945625 0.75
vt 0 0.75
vt 0 1
vt 0 0.75
vt 0 1
vt 0.0951875 1
vt 0.0951875 0.75
vt 0.09945478565810749 0.9999979430243984
vt 0.09732198532063938 0.9892716632973451
vt 0.0021333106315646194 0.9892716632973452
vt 0 0.9999999999999988
vt 0.010726323836445756 0.9026777928111371
vt 8.326672684688674e-16 0.9005452143206208
vt 7.771561172376096e-16 1
vt 0.010728292578119775 0.9978664674798525
vt 0.09945625 1
vt 0.09945625 0.75
vt 0 0.75
vt 0 1
vt 0 0.75
vt 0 1
vt 0.0951875 1
vt 0.0951875 0.75
vt 0.09945898819127032 0.9999999999999996
vt 0.09732440959556342 0.989274074012876
vt 0.002134578595706871 0.989274074012876
vt 0 0.9999999999999996
vt 0.010725925987123935 0.9026755904044366
vt 4.996003610813204e-16 0.9005410118087297
vt 4.996003610813204e-16 1
vt 0.010725925987123908 0.9978654214042931
vt 0.09945625 1
vt 0.09945625 0.75
vt 0 0.75
vt 0 1
vt 0 0.75
vt 0 1
vt 0.0951875 1
vt 0.0951875 0.75
vt 0.09945478565810748 0.9999999999999987
vt 0.09732147502654284 0.9892716632973452
vt 0.0021328003374680854 0.9892716632973452
vt 0 0.9999979430243985
vt 0.010728292578119775 0.9026787468407682
vt 7.771561172376096e-16 0.9005452143206207
vt 7.771561172376096e-16 1
vt 0.010726323836445728 0.9978674215094837
vt 0.09945625 1
vt 0.09945625 0.75
vt 0 0.75
vt 0 1
vt 0 0.75
vt 0 1
vt 0.0951875 1
vt 0.0951875 0.75
vt 0.09945625 1
vt 0.097321875 0.989271875
vt 0.002134375000000001 0.989271875
vt 0 1
vt 0.097321875 1
vt 0.09945625 0.989271875
vt 0 0.989271875
vt 0.002134375000000001 1
vn 0.04191096201571896 0.9599188479172365 0.27712682417290946
vn -0.04191096201571896 -0.9599188479172365 -0.2771268241729097
vn -0.9990482215818579 0.04361938736533591 -3.67761376907083e-16
vn 0.9990482215818579 -0.04361938736533591 3.67761376907083e-16
vn 0.04318099043612455 0.989007281098049 -0.14142135623730925
vn -0.04318099043612456 -0.9890072810980491 0.14142135623730934
vn -0.9990482215818579 0.04361938736533591 -3.67761376907083e-16
vn 0.9990482215818579 -0.04361938736533591 3.67761376907083e-16
vn 0.03860543219061213 0.8842097677896398 -0.4654918980506185
vn -0.03860543219061213 -0.8842097677896399 0.4654918980506185
vn -0.9990482215818579 0.04361938736533591 -3.67761376907083e-16
vn 0.9990482215818579 -0.04361938736533591 3.67761376907083e-16
vn 0.03084356459723192 0.706433772212892 -0.7071067811865477
vn -0.03084356459723192 -0.706433772212892 0.7071067811865477
vn -0.9990482215818579 0.04361938736533591 -3.67761376907083e-16
vn 0.9990482215818579 -0.04361938736533591 3.67761376907083e-16
vn 0.020304471416495495 0.4650488529082336 -0.8850521413166756
vn -0.020304471416495516 -0.46504885290823406 0.8850521413166754
vn -0.9990482215818579 0.04361938736533591 -3.67761376907083e-16
vn 0.9990482215818579 -0.04361938736533591 3.67761376907083e-16
vn 0.006168712919446541 0.14128675444257868 -0.9899494936611666
vn -0.006168712919446527 -0.1412867544425784 0.9899494936611667
vn -0.9990482215818579 0.04361938736533591 -3.67761376907083e-16
vn 0.9990482215818579 -0.04361938736533591 3.67761376907083e-16
vn -0.01208810229292329 -0.2768630608425732 -0.9608333483616383
vn 0.012088102292923314 0.2768630608425737 0.9608333483616383
vn -0.9990482215818579 0.04361938736533591 -3.67761376907083e-16
vn 0.9990482215818579 -0.04361938736533591 3.67761376907083e-16
vn -0.030843564597231685 -0.706433772212892 -0.7071067811865476
vn 0.030843564597231685 0.706433772212892 0.7071067811865476
vn -0.9990482215818579 0.04361938736533591 -3.67761376907083e-16
vn 0.9990482215818579 -0.04361938736533591 3.67761376907083e-16
vn -0.04191096201571896 -0.9599188479172365 -0.2771268241729096
vn 0.04191096201571894 0.9599188479172361 0.27712682417291035
vn -0.9990482215818579 0.04361938736533591 -3.67761376907083e-16
vn 0.9990482215818579 -0.04361938736533591 3.67761376907083e-16
vn -0.04318099043612455 -0.989007281098049 0.1414213562373097
vn 0.04318099043612454 0.9890072810980489 -0.14142135623731025
vn -0.9990482215818579 0.04361938736533591 -3.67761376907083e-16
vn 0.9990482215818579 -0.04361938736533591 3.67761376907083e-16
vn -0.03860543219061213 -0.8842097677896399 0.46549189805061875
vn 0.03860543219061214 0.8842097677896401 -0.4654918980506181
vn -0.9990482215818579 0.04361938736533591 -3.67761376907083e-16
vn 0.9990482215818579 -0.04361938736533591 3.67761376907083e-16
vn -0.030843564597231938 -0.7064337722128925 0.7071067811865472
vn 0.03084356459723192 0.706433772212892 -0.7071067811865477
vn -0.9990482215818579 0.04361938736533591 -3.67761376907083e-16
vn 0.9990482215818579 -0.04361938736533591 3.67761376907083e-16
vn -0.02030447141649549 -0.4650488529082335 0.8850521413166758
vn 0.020304471416495516 0.46504885290823406 -0.8850521413166756
vn -0.9990482215818579 0.04361938736533591 -3.67761376907083e-16
vn 0.9990482215818579 -0.04361938736533591 3.67761376907083e-16
vn -0.006168712919446541 -0.14128675444257868 0.9899494936611666
vn 0.006168712919446515 0.1412867544425781 -0.9899494936611666
vn -0.9990482215818579 0.04361938736533591 -3.67761376907083e-16
vn 0.9990482215818579 -0.04361938736533591 3.67761376907083e-16
vn 0.012088102292923298 0.27686306084257334 0.9608333483616385
vn -0.012088102292923284 -0.27686306084257306 -0.9608333483616385
vn -0.9990482215818579 0.04361938736533591 -3.67761376907083e-16
vn 0.9990482215818579 -0.04361938736533591 3.67761376907083e-16
vn 0.03084356459723166 0.7064337722128915 0.7071067811865481
vn -0.030843564597231685 -0.706433772212892 -0.7071067811865476
vn -0.9990482215818579 0.04361938736533591 -3.67761376907083e-16
vn 0.9990482215818579 -0.04361938736533591 3.67761376907083e-16
usemtl none
f 1990/7937/1985 1989/7938/1985 1985/7939/1985 1986/7940/1985
f 1991/7941/1986 1992/7942/1986 1988/7943/1986 1987/7944/1986
f 1989/7945/1987 1991/7946/1987 1987/7947/1987 1985/7948/1987
f 1992/7949/1988 1990/7950/1988 1986/7951/1988 1988/7952/1988
f 1994/7953/1989 1993/7954/1989 1989/7955/1989 1990/7956/1989
f 1995/7957/1990 1996/7958/1990 1992/7959/1990 1991/7960/1990
f 1993/7961/1991 1995/7962/1991 1991/7963/1991 1989/7964/1991
f 1996/7965/1992 1994/7966/1992 1990/7967/1992 1992/7968/1992
f 1998/7969/1993 1997/7970/1993 1993/7971/1993 1994/7972/1993
f 1999/7973/1994 2000/7974/1994 1996/7975/1994 1995/7976/1994
f 1997/7977/1995 1999/7978/1995 1995/7979/1995 1993/7980/1995
f 2000/7981/1996 1998/7982/1996 1994/7983/1996 1996/7984/1996
f 2002/7985/1997 2001/7986/1997 1997/7987/1997 1998/7988/1997
f 2003/7989/1998 2004/7990/1998 2000/7991/1998 1999/7992/1998
f 2001/7993/1999 2003/7994/1999 1999/7995/1999 1997/7996/1999
f 2004/7997/2000 2002/7998/2000 1998/7999/2000 2000/8000/2000
f 2006/8001/2001 2005/8002/2001 2001/8003/2001 2002/8004/2001
f 2007/8005/2002 2008/8006/2002 2004/8007/2002 2003/8008/2002
f 2005/8009/2003 2007/8010/2003 2003/8011/2003 2001/8012/2003
f 2008/8013/2004 2006/8014/2004 2002/8015/2004 2004/8016/2004
f 2010/8017/2005 2009/8018/2005 2005/8019/2005 2006/8020/2005
f 2011/8021/2006 2012/8022/2006 2008/8023/2006 2007/8024/2006
f 2009/8025/2007 2011/8026/2007 2007/8027/2007 2005/8028/2007
f 2012/8029/2008 2010/8030/2008 2006/8031/2008 2008/8032/2008
f 2014/8033/2009 2013/8034/2009 2009/8035/2009 2010/8036/2009
f 2015/8037/2010 2016/8038/2010 2012/8039/2010 2011/8040/2010
f 2013/8041/2011 2015/8042/2011 2011/8043/2011 2009/8044/2011
f 2016/8045/2012 2014/8046/2012 2010/8047/2012 2012/8048/2012
f 2018/8049/2013 2017/8050/2013 2013/8051/2013 2014/8052/2013
f 2019/8053/2014 2020/8054/2014 2016/8055/2014 2015/8056/2014
f 2017/8057/2015 2019/8058/2015 2015/8059/2015 2013/8060/2015
f 2020/8061/2016 2018/8062/2016 2014/8063/2016 2016/8064/2016
f 2022/8065/2017 2021/8066/2017 2017/8067/2017 2018/8068/2017
f 2023/8069/2018 2024/8070/2018 2020/8071/2018 2019/8072/2018
f 2021/8073/2019 2023/8074/2019 2019/8075/2019 2017/8076/2019
f 2024/8077/2020 2022/8078/2020 2018/8079/2020 2020/8080/2020
f 2026/8081/2021 2025/8082/2021 2021/8083/2021 2022/8084/2021
f 2027/8085/2022 2028/8086/2022 2024/8087/2022 2023/8088/2022
f 2025/8089/2023 2027/8090/2023 2023/8091/2023 2021/8092/2023
f 2028/8093/2024 2026/8094/2024 2022/8095/2024 2024/8096/2024
f 2030/8097/2025 2029/8098/2025 2025/8099/2025 2026/8100/2025
f 2031/8101/2026 2032/8102/2026 2028/8103/2026 2027/8104/2026
f 2029/8105/2027 2031/8106/2027 2027/8107/2027 2025/8108/2027
f 2032/8109/2028 2030/8110/2028 2026/8111/2028 2028/8112/2028
f 2034/8113/2029 2033/8114/2029 2029/8115/2029 2030/8116/2029
f 2035/8117/2030 2036/8118/2030 2032/8119/2030 2031/8120/2030
f 2033/8121/2031 2035/8122/2031 2031/8123/2031 2029/8124/2031
f 2036/8125/2032 2034/8126/2032 2030/8127/2032 2032/8128/2032
f 2038/8129/2033 2037/8130/2033 2033/8131/2033 2034/8132/2033
f 2039/8133/2034 2040/8134/2034 2036/8135/2034 2035/8136/2034
f 2037/8137/2035 2039/8138/2035 2035/8139/2035 2033/8140/2035
f 2040/8141/2036 2038/8142/2036 2034/8143/2036 2036/8144/2036
f 2042/8145/2037 2041/8146/2037 2037/8147/2037 2038/8148/2037
f 2043/8149/2038 2044/8150/2038 2040/8151/2038 2039/8152/2038
f 2041/8153/2039 2043/8154/2039 2039/8155/2039 2037/8156/2039
f 2044/8157/2040 2042/8158/2040 2038/8159/2040 2040/8160/2040
f 2046/8161/2041 2045/8162/2041 2041/8163/2041 2042/8164/2041
f 2047/8165/2042 2048/8166/2042 2044/8167/2042 2043/8168/2042
f 2045/8169/2043 2047/8170/2043 2043/8171/2043 2041/8172/2043
f 2048/8173/2044 2046/8174/2044 2042/8175/2044 2044/8176/2044
f 1986/8177/2045 1985/8178/2045 2045/8179/2045 2046/8180/2045
f 1987/8181/2046 1988/8182/2046 2048/8183/2046 2047/8184/2046
f 1985/8185/2047 1987/8186/2047 2047/8187/2047 2045/8188/2047
f 1988/8189/2048 1986/8190/2048 2046/8191/2048 2048/8192/2048
o tube
v -0.028398532552874847 0.24458594893790545 -0.2221743914999579
v 0.002821724371558214 0.2432228430827387 -0.22217439149995788
v -0.028493588884037344 0.24240880101506565 -0.22378781106606352
v 0.0027266680403957213 0.2410456951598989 -0.2237878110660635
v -0.028160621367959146 0.25003501093856406 -0.24108496942822835
v 0.003059635556473919 0.24867190508339732 -0.24108496942822835
v -0.028265886192515657 0.2476240500764249 -0.24188695799782053
v 0.002954370731917408 0.24626094422125816 -0.24188695799782053
v -0.02829619067427928 0.246929963331044 -0.26284100961037843
v 0.002924066250153781 0.24556685747587725 -0.26284100961037843
v -0.028395638376919094 0.2446522364654516 -0.2627094716937813
v 0.0028246185475139674 0.24328913061028484 -0.2627094716937813
v -0.028784601273886844 0.2357435214662635 -0.2841303521476712
v 0.002435655650546221 0.23438041561109677 -0.2841303521476712
v -0.028863091843378715 0.2339457918648588 -0.2830853132002924
v 0.002357165081054347 0.23258268600969206 -0.2830853132002924
v -0.02955149708044468 0.21817871971278746 -0.30171188762717444
v 0.0016687598439883763 0.21681561385762071 -0.30171188762717444
v -0.029597081039102264 0.2171346754109249 -0.2999124453554508
v 0.001623175885330801 0.21577156955575816 -0.2999124453554508
v -0.030480125159332176 0.19690963991225816 -0.31290898664914985
v 0.0007401317651008887 0.1955465340570914 -0.3129089866491498
v -0.030485862762669458 0.19677822719061117 -0.31062908982696646
v 0.0007343941617636036 0.19541512133544442 -0.31062908982696646
v -0.03142911030357319 0.17517430665961764 -0.316016992389457
v -0.00020885337914013265 0.1738112008044509 -0.31601699238945696
v -0.03139412805349358 0.17597553191379767 -0.31360373464067515
v -0.00017387112906051654 0.17461242605863092 -0.31360373464067515
v -0.032253978127528796 0.15628172741129392 -0.31056273914827637
v -0.0010337212030957308 0.15491862155612718 -0.31056273914827637
v -0.032183601754492024 0.1578936113594771 -0.3083835170889121
v -0.0009633448300589587 0.15653050550431036 -0.3083835170889121
v -0.03282914998244719 0.14310812609618684 -0.29737658753864893
v -0.0016088930580141249 0.1417450202410201 -0.29737658753864893
v -0.03273409365128469 0.14528527401902666 -0.2957631679725433
v -0.0015138367268516303 0.14392216816385991 -0.2957631679725433
v -0.03306706116736289 0.13765906409552825 -0.2784660096103785
v -0.0018468042429298295 0.1362959582403615 -0.2784660096103785
v -0.03296179634280638 0.14007002495766738 -0.2776640210407863
v -0.0017415394183733154 0.13870691910250063 -0.2776640210407863
v -0.03293149186104275 0.14076411170304834 -0.2567099694282284
v -0.0017112349366096916 0.1394010058478816 -0.2567099694282283
v -0.03283204415840294 0.14304183856864075 -0.2568415073448255
v -0.0016117872339698747 0.141678732713474 -0.2568415073448255
v -0.03244308126143519 0.1519505535678288 -0.23542062689093562
v -0.0012228243370021302 0.15058744771266205 -0.23542062689093562
v -0.03236459069194332 0.1537482831692335 -0.2364656658383144
v -0.0011443337675102576 0.15238517731406676 -0.2364656658383144
v -0.03167618545487735 0.16951535532130485 -0.21783909141143237
v -0.00045592853044428873 0.1681522494661381 -0.21783909141143237
v -0.031630601496219775 0.1705593996231674 -0.21963853368315597
v -0.00041034457178670825 0.16919629376800066 -0.21963853368315597
v -0.03074755737598986 0.19078443512183416 -0.206641992389457
v 0.00047269954844320235 0.1894213292666674 -0.206641992389457
v -0.030741819772652577 0.19091584784348112 -0.20892188921164034
v 0.000478437151780484 0.18955274198831437 -0.20892188921164034
v -0.02979857223174884 0.21251976837447467 -0.20353398664914985
v 0.0014216846926842202 0.21115666251930792 -0.20353398664914982
v -0.029833554481828457 0.21171854312029462 -0.20594724439793166
v 0.0013867024426046076 0.21035543726512787 -0.20594724439793166
v -0.02897370440779324 0.2314123476227984 -0.20898823989033044
v 0.002246552516639822 0.23004924176763164 -0.20898823989033044
v -0.02904408078083001 0.2298004636746152 -0.2111674619496947
v 0.0021761761436030497 0.22843735781944846 -0.21116746194969468
vt 0.09945625 1
vt 0.09945625 0.75
vt 0 0.75
vt 0 1
vt 0 0.75
vt 0 1
vt 0.0951875 1
vt 0.0951875 0.75
vt 0.010726279727053867 0.9005452143418925
vt 5.551115123125783e-16 0.9026780146793606
vt 5.551115123125783e-16 0.9978666893684354
vt 0.010728336702654107 1
vt 0.09732220718886293 0.9999980312583259
vt 0.0994547856793792 0.989271707421881
vt 0 0.989271707421881
vt 0.0021335325201474534 1
vt 0.09945625 1
vt 0.09945625 0.75
vt 0 0.75
vt 0 1
vt 0 0.75
vt 0 1
vt 0.0951875 1
vt 0.0951875 0.75
vt 0.010725925987123686 0.9005410118087297
vt 2.7755575615628914e-16 0.9026755904044366
vt 2.220446049250313e-16 0.9978654214042931
vt 0.010725925987123686 1
vt 0.09732440959556345 0.9999999999999998
vt 0.09945898819127032 0.9892740740128763
vt 0 0.9892740740128763
vt 0.0021345785957068986 0.9999999999999998
vt 0.09945625 1
vt 0.09945625 0.75
vt 0 0.75
vt 0 1
vt 0 0.75
vt 0 1
vt 0.0951875 1
vt 0.0951875 0.75
vt 0.010728336702654107 0.9005452143418925
vt 5.551115123125783e-16 0.9026785249734571
vt 5.551115123125783e-16 0.9978671996625319
vt 0.010726279727053867 1
vt 0.09732125315923176 1
vt 0.09945478567937921 0.989271707421881
vt 0 0.989271707421881
vt 0.0021325784905162765 0.999998031258326
vt 0.09945625 1
vt 0.09945625 0.75
vt 0 0.75
vt 0 1
vt 0 0.75
vt 0 1
vt 0.0951875 1
vt 0.0951875 0.75
vt 0.010728125000000005 0.90054375
vt 0 0.902678125
vt 0 0.997865625
vt 0.010728125000000005 1
vt 0 0.997865625
vt 0.010728125000000005 1
vt 0.010728125000000005 0.90054375
vt 0 0.902678125
vt 0.09945625 1
vt 0.09945625 0.75
vt 0 0.75
vt 0 1
vt 0 0.75
vt 0 1
vt 0.0951875 1
vt 0.0951875 0.75
vt 0 0.9892737202729461
vt 0.002132800337468113 0.9999999999999994
vt 0.09732147502654287 0.9999999999999994
vt 0.09945478565810749 0.989271663297346
vt 0.0000019687416740465924 0.9978674215094837
vt 0.010728292578118998 1
vt 0.010728292578118998 0.9005452143206207
vt 0 0.9026787468407682
vt 0.09945625 1
vt 0.09945625 0.75
vt 0 0.75
vt 0 1
vt 0 0.75
vt 0 1
vt 0.0951875 1
vt 0.0951875 0.75
vt 0 0.9892740740128763
vt 0.0021345785957068986 0.9999999999999998
vt 0.09732440959556345 0.9999999999999998
vt 0.09945898819127032 0.9892740740128763
vt 2.220446049250313e-16 0.9978654214042931
vt 0.010725925987123686 1
vt 0.010725925987123686 0.9005410118087297
vt 2.7755575615628914e-16 0.9026755904044366
vt 0.09945625 1
vt 0.09945625 0.75
vt 0 0.75
vt 0 1
vt 0 0.75
vt 0 1
vt 0.0951875 1
vt 0.0951875 0.75
vt 0 0.989271663297346
vt 0.0021333106315646264 0.9999999999999994
vt 0.09732198532063939 0.9999999999999994
vt 0.09945478565810748 0.9892737202729461
vt 0 0.9978664674798525
vt 0.010728292578119025 1
vt 0.010728292578119025 0.9005452143206208
vt 0.000001968741674129859 0.902677792811137
vt 0.09945625 1
vt 0.09945625 0.75
vt 0 0.75
vt 0 1
vt 0 0.75
vt 0 1
vt 0.0951875 1
vt 0.0951875 0.75
vt 0 0.989271875
vt 0.002134375000000001 1
vt 0.097321875 1
vt 0.09945625 0.989271875
vt 0.002134375000000001 0.989271875
vt 0 1
vt 0.09945625 1
vt 0.097321875 0.989271875
vt 0.09945625 1
vt 0.09945625 0.75
vt 0 0.75
vt 0 1
vt 0 0.75
vt 0 1
vt 0.0951875 1
vt 0.0951875 0.75
vt 0.0000020569756015165197 1
vt 0.010728336702654856 0.9978671996625319
vt 0.010728336702654856 0.9026785249734571
vt 1.27675647831893e-15 0.9005452143418925
vt 0.0021325784905162765 0.9892736761635542
vt 0 0.9999999999999991
vt 0.0994547856793792 0.9999999999999992
vt 0.09732125315923175 0.9892717074218802
vt 0.09945625 1
vt 0.09945625 0.75
vt 0 0.75
vt 0 1
vt 0 0.75
vt 0 1
vt 0.0951875 1
vt 0.0951875 0.75
vt 4.996003610813204e-16 1
vt 0.010725925987123908 0.9978654214042931
vt 0.010725925987123935 0.9026755904044366
vt 4.996003610813204e-16 0.9005410118087297
vt 0.002134578595706871 0.989274074012876
vt 0 0.9999999999999996
vt 0.09945898819127032 0.9999999999999996
vt 0.09732440959556342 0.989274074012876
vt 0.09945625 1
vt 0.09945625 0.75
vt 0 0.75
vt 0 1
vt 0 0.75
vt 0 1
vt 0.0951875 1
vt 0.0951875 0.75
vt 1.27675647831893e-15 1
vt 0.010728336702654828 0.9978666893684354
vt 0.010728336702654828 0.9026780146793606
vt 0.0000020569756015165197 0.9005452143418925
vt 0.0021335325201474464 0.9892717074218802
vt 0 0.9999999999999992
vt 0.09945478567937921 0.9999999999999992
vt 0.09732220718886293 0.9892736761635543
vt 0.09945625 1
vt 0.09945625 0.75
vt 0 0.75
vt 0 1
vt 0 0.75
vt 0 1
vt 0.0951875 1
vt 0.0951875 0.75
vt 0 1
vt 0.010728125000000005 0.997865625
vt 0.010728125000000005 0.902678125
vt 0 0.90054375
vt 0.010728125000000005 0.902678125
vt 0 0.90054375
vt 0 1
vt 0.010728125000000005 0.997865625
vt 0.09945625 1
vt 0.09945625 0.75
vt 0 0.75
vt 0 1
vt 0 0.75
vt 0 1
vt 0.0951875 1
vt 0.0951875 0.75
vt 0.09945478565810749 0.9999979430243984
vt 0.09732198532063938 0.9892716632973451
vt 0.0021333106315646194 0.9892716632973452
vt 0 0.9999999999999988
vt 0.010726323836445756 0.9026777928111371
vt 8.326672684688674e-16 0.9005452143206208
vt 7.771561172376096e-16 1
vt 0.010728292578119775 0.9978664674798525
vt 0.09945625 1
vt 0.09945625 0.75
vt 0 0.75
vt 0 1
vt 0 0.75
vt 0 1
vt 0.0951875 1
vt 0.0951875 0.75
vt 0.09945898819127032 0.9999999999999996
vt 0.09732440959556342 0.989274074012876
vt 0.002134578595706871 0.989274074012876
vt 0 0.9999999999999996
vt 0.010725925987123935 0.9026755904044366
vt 4.996003610813204e-16 0.9005410118087297
vt 4.996003610813204e-16 1
vt 0.010725925987123908 0.9978654214042931
vt 0.09945625 1
vt 0.09945625 0.75
vt 0 0.75
vt 0 1
vt 0 0.75
vt 0 1
vt 0.0951875 1
vt 0.0951875 0.75
vt 0.09945478565810748 0.9999999999999987
vt 0.09732147502654284 0.9892716632973452
vt 0.0021328003374680854 0.9892716632973452
vt 0 0.9999979430243985
vt 0.010728292578119775 0.9026787468407682
vt 7.771561172376096e-16 0.9005452143206207
vt 7.771561172376096e-16 1
vt 0.010726323836445728 0.9978674215094837
vt 0.09945625 1
vt 0.09945625 0.75
vt 0 0.75
vt 0 1
vt 0 0.75
vt 0 1
vt 0.0951875 1
vt 0.0951875 0.75
vt 0.09945625 1
vt 0.097321875 0.989271875
vt 0.002134375000000001 0.989271875
vt 0 1
vt 0.097321875 1
vt 0.09945625 0.989271875
vt 0 0.989271875
vt 0.002134375000000001 1
vn 0.04191096201571896 0.9599188479172365 0.27712682417290946
vn -0.04191096201571896 -0.9599188479172365 -0.2771268241729097
vn -0.9990482215818579 0.04361938736533591 -3.67761376907083e-16
vn 0.9990482215818579 -0.04361938736533591 3.67761376907083e-16
vn 0.04318099043612455 0.989007281098049 -0.14142135623730925
vn -0.04318099043612456 -0.9890072810980491 0.14142135623730934
vn -0.9990482215818579 0.04361938736533591 -3.67761376907083e-16
vn 0.9990482215818579 -0.04361938736533591 3.67761376907083e-16
vn 0.03860543219061213 0.8842097677896398 -0.4654918980506185
vn -0.03860543219061213 -0.8842097677896399 0.4654918980506185
vn -0.9990482215818579 0.04361938736533591 -3.67761376907083e-16
vn 0.9990482215818579 -0.04361938736533591 3.67761376907083e-16
vn 0.03084356459723192 0.706433772212892 -0.7071067811865477
vn -0.03084356459723192 -0.706433772212892 0.7071067811865477
vn -0.9990482215818579 0.04361938736533591 -3.67761376907083e-16
vn 0.9990482215818579 -0.04361938736533591 3.67761376907083e-16
vn 0.020304471416495495 0.4650488529082336 -0.8850521413166756
vn -0.020304471416495516 -0.46504885290823406 0.8850521413166754
vn -0.9990482215818579 0.04361938736533591 -3.67761376907083e-16
vn 0.9990482215818579 -0.04361938736533591 3.67761376907083e-16
vn 0.006168712919446541 0.14128675444257868 -0.9899494936611666
vn -0.006168712919446527 -0.1412867544425784 0.9899494936611667
vn -0.9990482215818579 0.04361938736533591 -3.67761376907083e-16
vn 0.9990482215818579 -0.04361938736533591 3.67761376907083e-16
vn -0.01208810229292329 -0.2768630608425732 -0.9608333483616383
vn 0.012088102292923314 0.2768630608425737 0.9608333483616383
vn -0.9990482215818579 0.04361938736533591 -3.67761376907083e-16
vn 0.9990482215818579 -0.04361938736533591 3.67761376907083e-16
vn -0.030843564597231685 -0.706433772212892 -0.7071067811865476
vn 0.030843564597231685 0.706433772212892 0.7071067811865476
vn -0.9990482215818579 0.04361938736533591 -3.67761376907083e-16
vn 0.9990482215818579 -0.04361938736533591 3.67761376907083e-16
vn -0.04191096201571896 -0.9599188479172365 -0.2771268241729096
vn 0.04191096201571894 0.9599188479172361 0.27712682417291035
vn -0.9990482215818579 0.04361938736533591 -3.67761376907083e-16
vn 0.9990482215818579 -0.04361938736533591 3.67761376907083e-16
vn -0.04318099043612455 -0.989007281098049 0.1414213562373097
vn 0.04318099043612454 0.9890072810980489 -0.14142135623731025
vn -0.9990482215818579 0.04361938736533591 -3.67761376907083e-16
vn 0.9990482215818579 -0.04361938736533591 3.67761376907083e-16
vn -0.03860543219061213 -0.8842097677896399 0.46549189805061875
vn 0.03860543219061214 0.8842097677896401 -0.4654918980506181
vn -0.9990482215818579 0.04361938736533591 -3.67761376907083e-16
vn 0.9990482215818579 -0.04361938736533591 3.67761376907083e-16
vn -0.030843564597231938 -0.7064337722128925 0.7071067811865472
vn 0.03084356459723192 0.706433772212892 -0.7071067811865477
vn -0.9990482215818579 0.04361938736533591 -3.67761376907083e-16
vn 0.9990482215818579 -0.04361938736533591 3.67761376907083e-16
vn -0.02030447141649549 -0.4650488529082335 0.8850521413166758
vn 0.020304471416495516 0.46504885290823406 -0.8850521413166756
vn -0.9990482215818579 0.04361938736533591 -3.67761376907083e-16
vn 0.9990482215818579 -0.04361938736533591 3.67761376907083e-16
vn -0.006168712919446541 -0.14128675444257868 0.9899494936611666
vn 0.006168712919446515 0.1412867544425781 -0.9899494936611666
vn -0.9990482215818579 0.04361938736533591 -3.67761376907083e-16
vn 0.9990482215818579 -0.04361938736533591 3.67761376907083e-16
vn 0.012088102292923298 0.27686306084257334 0.9608333483616385
vn -0.012088102292923284 -0.27686306084257306 -0.9608333483616385
vn -0.9990482215818579 0.04361938736533591 -3.67761376907083e-16
vn 0.9990482215818579 -0.04361938736533591 3.67761376907083e-16
vn 0.03084356459723166 0.7064337722128915 0.7071067811865481
vn -0.030843564597231685 -0.706433772212892 -0.7071067811865476
vn -0.9990482215818579 0.04361938736533591 -3.67761376907083e-16
vn 0.9990482215818579 -0.04361938736533591 3.67761376907083e-16
usemtl none
f 2054/8193/2049 2053/8194/2049 2049/8195/2049 2050/8196/2049
f 2055/8197/2050 2056/8198/2050 2052/8199/2050 2051/8200/2050
f 2053/8201/2051 2055/8202/2051 2051/8203/2051 2049/8204/2051
f 2056/8205/2052 2054/8206/2052 2050/8207/2052 2052/8208/2052
f 2058/8209/2053 2057/8210/2053 2053/8211/2053 2054/8212/2053
f 2059/8213/2054 2060/8214/2054 2056/8215/2054 2055/8216/2054
f 2057/8217/2055 2059/8218/2055 2055/8219/2055 2053/8220/2055
f 2060/8221/2056 2058/8222/2056 2054/8223/2056 2056/8224/2056
f 2062/8225/2057 2061/8226/2057 2057/8227/2057 2058/8228/2057
f 2063/8229/2058 2064/8230/2058 2060/8231/2058 2059/8232/2058
f 2061/8233/2059 2063/8234/2059 2059/8235/2059 2057/8236/2059
f 2064/8237/2060 2062/8238/2060 2058/8239/2060 2060/8240/2060
f 2066/8241/2061 2065/8242/2061 2061/8243/2061 2062/8244/2061
f 2067/8245/2062 2068/8246/2062 2064/8247/2062 2063/8248/2062
f 2065/8249/2063 2067/8250/2063 2063/8251/2063 2061/8252/2063
f 2068/8253/2064 2066/8254/2064 2062/8255/2064 2064/8256/2064
f 2070/8257/2065 2069/8258/2065 2065/8259/2065 2066/8260/2065
f 2071/8261/2066 2072/8262/2066 2068/8263/2066 2067/8264/2066
f 2069/8265/2067 2071/8266/2067 2067/8267/2067 2065/8268/2067
f 2072/8269/2068 2070/8270/2068 2066/8271/2068 2068/8272/2068
f 2074/8273/2069 2073/8274/2069 2069/8275/2069 2070/8276/2069
f 2075/8277/2070 2076/8278/2070 2072/8279/2070 2071/8280/2070
f 2073/8281/2071 2075/8282/2071 2071/8283/2071 2069/8284/2071
f 2076/8285/2072 2074/8286/2072 2070/8287/2072 2072/8288/2072
f 2078/8289/2073 2077/8290/2073 2073/8291/2073 2074/8292/2073
f 2079/8293/2074 2080/8294/2074 2076/8295/2074 2075/8296/2074
f 2077/8297/2075 2079/8298/2075 2075/8299/2075 2073/8300/2075
f 2080/8301/2076 2078/8302/2076 2074/8303/2076 2076/8304/2076
f 2082/8305/2077 2081/8306/2077 2077/8307/2077 2078/8308/2077
f 2083/8309/2078 2084/8310/2078 2080/8311/2078 2079/8312/2078
f 2081/8313/2079 2083/8314/2079 2079/8315/2079 2077/8316/2079
f 2084/8317/2080 2082/8318/2080 2078/8319/2080 2080/8320/2080
f 2086/8321/2081 2085/8322/2081 2081/8323/2081 2082/8324/2081
f 2087/8325/2082 2088/8326/2082 2084/8327/2082 2083/8328/2082
f 2085/8329/2083 2087/8330/2083 2083/8331/2083 2081/8332/2083
f 2088/8333/2084 2086/8334/2084 2082/8335/2084 2084/8336/2084
f 2090/8337/2085 2089/8338/2085 2085/8339/2085 2086/8340/2085
f 2091/8341/2086 2092/8342/2086 2088/8343/2086 2087/8344/2086
f 2089/8345/2087 2091/8346/2087 2087/8347/2087 2085/8348/2087
f 2092/8349/2088 2090/8350/2088 2086/8351/2088 2088/8352/2088
f 2094/8353/2089 2093/8354/2089 2089/8355/2089 2090/8356/2089
f 2095/8357/2090 2096/8358/2090 2092/8359/2090 2091/8360/2090
f 2093/8361/2091 2095/8362/2091 2091/8363/2091 2089/8364/2091
f 2096/8365/2092 2094/8366/2092 2090/8367/2092 2092/8368/2092
f 2098/8369/2093 2097/8370/2093 2093/8371/2093 2094/8372/2093
f 2099/8373/2094 2100/8374/2094 2096/8375/2094 2095/8376/2094
f 2097/8377/2095 2099/8378/2095 2095/8379/2095 2093/8380/2095
f 2100/8381/2096 2098/8382/2096 2094/8383/2096 2096/8384/2096
f 2102/8385/2097 2101/8386/2097 2097/8387/2097 2098/8388/2097
f 2103/8389/2098 2104/8390/2098 2100/8391/2098 2099/8392/2098
f 2101/8393/2099 2103/8394/2099 2099/8395/2099 2097/8396/2099
f 2104/8397/2100 2102/8398/2100 2098/8399/2100 2100/8400/2100
f 2106/8401/2101 2105/8402/2101 2101/8403/2101 2102/8404/2101
f 2107/8405/2102 2108/8406/2102 2104/8407/2102 2103/8408/2102
f 2105/8409/2103 2107/8410/2103 2103/8411/2103 2101/8412/2103
f 2108/8413/2104 2106/8414/2104 2102/8415/2104 2104/8416/2104
f 2110/8417/2105 2109/8418/2105 2105/8419/2105 2106/8420/2105
f 2111/8421/2106 2112/8422/2106 2108/8423/2106 2107/8424/2106
f 2109/8425/2107 2111/8426/2107 2107/8427/2107 2105/8428/2107
f 2112/8429/2108 2110/8430/2108 2106/8431/2108 2108/8432/2108
f 2050/8433/2109 2049/8434/2109 2109/8435/2109 2110/8436/2109
f 2051/8437/2110 2052/8438/2110 2112/8439/2110 2111/8440/2110
f 2049/8441/2111 2051/8442/2111 2111/8443/2111 2109/8444/2111
f 2052/8445/2112 2050/8446/2112 2110/8447/2112 2112/8448/2112
o tube
v 0.035101704665474485 0.26613139282840936 -0.16259637413123337
v 0.03606556605913799 0.2882074482100622 -0.184693461043313
v 0.033075813762458106 0.2658422841188653 -0.1629735757934058
v 0.034039675156121614 0.28791833950051815 -0.1850706627054854
v 0.02868072234810526 0.28267043442585993 -0.14635315335159932
v 0.029644583741768767 0.30474648980751284 -0.1684502402636789
v 0.02693034835949206 0.2816716545970248 -0.1474273328043924
v 0.02789420975315557 0.30374770997867767 -0.16952441971647203
v 0.0160493982582788 0.29566579671085863 -0.13392113039037068
v 0.01701325965194231 0.3177418520925115 -0.1560182173024503
v 0.014841019756655428 0.2941094009377109 -0.1355287535495577
v 0.015804881150318938 0.3161854563193638 -0.15762584046163733
v -0.0008692630145668481 0.3031390535787668 -0.12719296804682578
v 0.00009459837909666334 0.32521510896041966 -0.1492900549589054
v -0.001351681356306634 0.3012619890090054 -0.12908928885956072
v -0.00038781996264312425 0.3233380443906583 -0.15118637577164032
v -0.01949954865968727 0.3039524694166877 -0.12719296804682578
v -0.01853568726602376 0.32602852479834055 -0.1492900549589054
v -0.01918256302214675 0.3020405021154261 -0.12908928885956072
v -0.01821870162848324 0.32411655749707896 -0.15118637577164035
v -0.0370051665715728 0.29798220903693073 -0.1339211303903707
v -0.036041305177909294 0.3200582644185836 -0.1560182173024503
v -0.03593703514458556 0.2963264186937593 -0.1355287535495577
v -0.03497317375092205 0.31840247407541217 -0.1576258404616373
v -0.05072104511196044 0.28613719046176883 -0.14635315335159932
v -0.04975718371829693 0.3082132458434217 -0.16845024026367894
v -0.049064381222649785 0.2849896561466585 -0.14742733280439244
v -0.04810051982898628 0.3070657115283114 -0.16952441971647206
v -0.05855906610782471 0.27022071039390966 -0.16259637413123337
v -0.0575952047141612 0.2922967657755625 -0.184693461043313
v -0.05656608181564263 0.26975613380391156 -0.1629735757934058
v -0.05560222042197912 0.2918321891855644 -0.18507066270548542
v -0.05932596191438255 0.2526559086404335 -0.18017790961073665
v -0.058362100520719044 0.27473196402208644 -0.20227499652281627
v -0.05730007101136617 0.25294501734997765 -0.17980070794856423
v -0.056336209617702665 0.2750210727316305 -0.20189779486064385
v -0.05290497959701333 0.236116867042983 -0.19642113039037068
v -0.051941118203349824 0.2581929224246359 -0.2185182173024503
v -0.05115460560840015 0.23711564687181813 -0.1953469509375776
v -0.05019074421473664 0.259191702253471 -0.2174440378496572
v -0.04027365550718686 0.2231215047579843 -0.20885315335159932
v -0.03930979411352335 0.24519756013963717 -0.23095024026367894
v -0.03906527700556349 0.224677900531132 -0.2072455301924123
v -0.03810141561189998 0.2467539559127849 -0.2293426171044919
v -0.023354994234341238 0.21564824789007614 -0.21558131569514422
v -0.02239113284067773 0.237724303271729 -0.23767840260722384
v -0.022872575892601454 0.21752531245983753 -0.2136849948824093
v -0.021908714498937942 0.2396013678414904 -0.2357820817944889
v -0.004724708589220797 0.21483483205215526 -0.21558131569514422
v -0.0037608471955572886 0.23691088743380811 -0.23767840260722384
v -0.005041694226761317 0.21674679935341684 -0.21368499488240927
v -0.004077832833097808 0.2388228547350697 -0.2357820817944889
v 0.012780909322664727 0.2208050924319122 -0.20885315335159932
v 0.013744770716328234 0.24288114781356507 -0.2309502402636789
v 0.011712777895677482 0.22246088277508363 -0.20724553019241232
v 0.01267663928934099 0.24453693815673652 -0.2293426171044919
v 0.026496787863052366 0.2326501110070741 -0.19642113039037068
v 0.027460649256715874 0.25472616638872697 -0.2185182173024503
v 0.024840123973741704 0.2337976453221844 -0.19534695093757756
v 0.025803985367405212 0.2558737007038373 -0.21744403784965718
v 0.03433480885891663 0.24856659107493329 -0.18017790961073663
v 0.035298670252580135 0.27064264645658614 -0.20227499652281625
v 0.03234182456673456 0.24903116766493136 -0.1798007079485642
v 0.03330568596039807 0.27110722304658424 -0.20189779486064383
vt 0.09945625 1
vt 0.09945625 0.75
vt 0 0.75
vt 0 1
vt 0 0.75
vt 0 1
vt 0.0951875 1
vt 0.0951875 0.75
vt 0.010726279727053867 0.9005452143418925
vt 5.551115123125783e-16 0.9026780146793606
vt 5.551115123125783e-16 0.9978666893684354
vt 0.010728336702654107 1
vt 0.09732220718886293 0.9999980312583259
vt 0.0994547856793792 0.989271707421881
vt 0 0.989271707421881
vt 0.0021335325201474534 1
vt 0.09945625 1
vt 0.09945625 0.75
vt 0 0.75
vt 0 1
vt 0 0.75
vt 0 1
vt 0.0951875 1
vt 0.0951875 0.75
vt 0.010725925987123686 0.9005410118087297
vt 2.7755575615628914e-16 0.9026755904044366
vt 2.220446049250313e-16 0.9978654214042931
vt 0.010725925987123686 1
vt 0.09732440959556345 0.9999999999999998
vt 0.09945898819127032 0.9892740740128763
vt 0 0.9892740740128763
vt 0.0021345785957068986 0.9999999999999998
vt 0.09945625 1
vt 0.09945625 0.75
vt 0 0.75
vt 0 1
vt 0 0.75
vt 0 1
vt 0.0951875 1
vt 0.0951875 0.75
vt 0.010728336702654107 0.9005452143418925
vt 5.551115123125783e-16 0.9026785249734571
vt 5.551115123125783e-16 0.9978671996625319
vt 0.010726279727053867 1
vt 0.09732125315923176 1
vt 0.09945478567937921 0.989271707421881
vt 0 0.989271707421881
vt 0.0021325784905162765 0.999998031258326
vt 0.09945625 1
vt 0.09945625 0.75
vt 0 0.75
vt 0 1
vt 0 0.75
vt 0 1
vt 0.0951875 1
vt 0.0951875 0.75
vt 0.010728125000000005 0.90054375
vt 0 0.902678125
vt 0 0.997865625
vt 0.010728125000000005 1
vt 0 0.997865625
vt 0.010728125000000005 1
vt 0.010728125000000005 0.90054375
vt 0 0.902678125
vt 0.09945625 1
vt 0.09945625 0.75
vt 0 0.75
vt 0 1
vt 0 0.75
vt 0 1
vt 0.0951875 1
vt 0.0951875 0.75
vt 0 0.9892737202729461
vt 0.002132800337468113 0.9999999999999994
vt 0.09732147502654287 0.9999999999999994
vt 0.09945478565810749 0.989271663297346
vt 0.0000019687416740465924 0.9978674215094837
vt 0.010728292578118998 1
vt 0.010728292578118998 0.9005452143206207
vt 0 0.9026787468407682
vt 0.09945625 1
vt 0.09945625 0.75
vt 0 0.75
vt 0 1
vt 0 0.75
vt 0 1
vt 0.0951875 1
vt 0.0951875 0.75
vt 0 0.9892740740128763
vt 0.0021345785957068986 0.9999999999999998
vt 0.09732440959556345 0.9999999999999998
vt 0.09945898819127032 0.9892740740128763
vt 2.220446049250313e-16 0.9978654214042931
vt 0.010725925987123686 1
vt 0.010725925987123686 0.9005410118087297
vt 2.7755575615628914e-16 0.9026755904044366
vt 0.09945625 1
vt 0.09945625 0.75
vt 0 0.75
vt 0 1
vt 0 0.75
vt 0 1
vt 0.0951875 1
vt 0.0951875 0.75
vt 0 0.989271663297346
vt 0.0021333106315646264 0.9999999999999994
vt 0.09732198532063939 0.9999999999999994
vt 0.09945478565810748 0.9892737202729461
vt 0 0.9978664674798525
vt 0.010728292578119025 1
vt 0.010728292578119025 0.9005452143206208
vt 0.000001968741674129859 0.902677792811137
vt 0.09945625 1
vt 0.09945625 0.75
vt 0 0.75
vt 0 1
vt 0 0.75
vt 0 1
vt 0.0951875 1
vt 0.0951875 0.75
vt 0 0.989271875
vt 0.002134375000000001 1
vt 0.097321875 1
vt 0.09945625 0.989271875
vt 0.002134375000000001 0.989271875
vt 0 1
vt 0.09945625 1
vt 0.097321875 0.989271875
vt 0.09945625 1
vt 0.09945625 0.75
vt 0 0.75
vt 0 1
vt 0 0.75
vt 0 1
vt 0.0951875 1
vt 0.0951875 0.75
vt 0.0000020569756015165197 1
vt 0.010728336702654856 0.9978671996625319
vt 0.010728336702654856 0.9026785249734571
vt 1.27675647831893e-15 0.9005452143418925
vt 0.0021325784905162765 0.9892736761635542
vt 0 0.9999999999999991
vt 0.0994547856793792 0.9999999999999992
vt 0.09732125315923175 0.9892717074218802
vt 0.09945625 1
vt 0.09945625 0.75
vt 0 0.75
vt 0 1
vt 0 0.75
vt 0 1
vt 0.0951875 1
vt 0.0951875 0.75
vt 4.996003610813204e-16 1
vt 0.010725925987123908 0.9978654214042931
vt 0.010725925987123935 0.9026755904044366
vt 4.996003610813204e-16 0.9005410118087297
vt 0.002134578595706871 0.989274074012876
vt 0 0.9999999999999996
vt 0.09945898819127032 0.9999999999999996
vt 0.09732440959556342 0.989274074012876
vt 0.09945625 1
vt 0.09945625 0.75
vt 0 0.75
vt 0 1
vt 0 0.75
vt 0 1
vt 0.0951875 1
vt 0.0951875 0.75
vt 1.27675647831893e-15 1
vt 0.010728336702654828 0.9978666893684354
vt 0.010728336702654828 0.9026780146793606
vt 0.0000020569756015165197 0.9005452143418925
vt 0.0021335325201474464 0.9892717074218802
vt 0 0.9999999999999992
vt 0.09945478567937921 0.9999999999999992
vt 0.09732220718886293 0.9892736761635543
vt 0.09945625 1
vt 0.09945625 0.75
vt 0 0.75
vt 0 1
vt 0 0.75
vt 0 1
vt 0.0951875 1
vt 0.0951875 0.75
vt 0 1
vt 0.010728125000000005 0.997865625
vt 0.010728125000000005 0.902678125
vt 0 0.90054375
vt 0.010728125000000005 0.902678125
vt 0 0.90054375
vt 0 1
vt 0.010728125000000005 0.997865625
vt 0.09945625 1
vt 0.09945625 0.75
vt 0 0.75
vt 0 1
vt 0 0.75
vt 0 1
vt 0.0951875 1
vt 0.0951875 0.75
vt 0.09945478565810749 0.9999979430243984
vt 0.09732198532063938 0.9892716632973451
vt 0.0021333106315646194 0.9892716632973452
vt 0 0.9999999999999988
vt 0.010726323836445756 0.9026777928111371
vt 8.326672684688674e-16 0.9005452143206208
vt 7.771561172376096e-16 1
vt 0.010728292578119775 0.9978664674798525
vt 0.09945625 1
vt 0.09945625 0.75
vt 0 0.75
vt 0 1
vt 0 0.75
vt 0 1
vt 0.0951875 1
vt 0.0951875 0.75
vt 0.09945898819127032 0.9999999999999996
vt 0.09732440959556342 0.989274074012876
vt 0.002134578595706871 0.989274074012876
vt 0 0.9999999999999996
vt 0.010725925987123935 0.9026755904044366
vt 4.996003610813204e-16 0.9005410118087297
vt 4.996003610813204e-16 1
vt 0.010725925987123908 0.9978654214042931
vt 0.09945625 1
vt 0.09945625 0.75
vt 0 0.75
vt 0 1
vt 0 0.75
vt 0 1
vt 0.0951875 1
vt 0.0951875 0.75
vt 0.09945478565810748 0.9999999999999987
vt 0.09732147502654284 0.9892716632973452
vt 0.0021328003374680854 0.9892716632973452
vt 0 0.9999979430243985
vt 0.010728292578119775 0.9026787468407682
vt 7.771561172376096e-16 0.9005452143206207
vt 7.771561172376096e-16 1
vt 0.010726323836445728 0.9978674215094837
vt 0.09945625 1
vt 0.09945625 0.75
vt 0 0.75
vt 0 1
vt 0 0.75
vt 0 1
vt 0.0951875 1
vt 0.0951875 0.75
vt 0.09945625 1
vt 0.097321875 0.989271875
vt 0.002134375000000001 0.989271875
vt 0 1
vt 0.097321875 1
vt 0.09945625 0.989271875
vt 0 0.989271875
vt 0.002134375000000001 1
vn 0.9632204006569325 0.1679248651210714 0.20978012163302917
vn -0.9632204006569325 -0.16792486512107155 -0.20978012163302928
vn -0.03084356459723214 -0.7064337722128919 0.7071067811865478
vn 0.03084356459723214 0.7064337722128919 -0.7071067811865478
vn 0.8177447160238254 0.38896475343546627 0.4242640687119287
vn -0.8177447160238254 -0.38896475343546627 -0.4242640687119287
vn -0.03084356459723214 -0.7064337722128919 0.7071067811865478
vn 0.03084356459723214 0.7064337722128919 -0.7071067811865478
vn 0.5099929111235296 0.597303008035541 0.6189800862672741
vn -0.5099929111235298 -0.5973030080355409 -0.618980086267274
vn -0.03084356459723214 -0.7064337722128919 0.7071067811865478
vn 0.03084356459723214 0.7064337722128919 -0.7071067811865478
vn 0.0308435645972317 0.7064337722128923 0.7071067811865476
vn -0.0308435645972317 -0.7064337722128923 -0.7071067811865476
vn -0.03084356459723214 -0.7064337722128919 0.7071067811865478
vn 0.03084356459723214 0.7064337722128919 -0.7071067811865478
vn -0.4559938468148875 0.639478900724269 0.6189800862672737
vn 0.4559938468148867 -0.6394789007242693 -0.6189800862672741
vn -0.03084356459723214 -0.7064337722128919 0.7071067811865478
vn 0.03084356459723214 0.7064337722128919 -0.7071067811865478
vn -0.7807324385071469 0.4587557732200044 0.4242640687119284
vn 0.7807324385071474 -0.45875577322000427 -0.4242640687119282
vn -0.03084356459723214 -0.7064337722128919 0.7071067811865478
vn 0.03084356459723214 0.7064337722128919 -0.7071067811865478
vn -0.9449194398828159 0.25123604976033487 0.20978012163302825
vn 0.9449194398828159 -0.25123604976033476 -0.2097801216330281
vn -0.03084356459723214 -0.7064337722128919 0.7071067811865478
vn 0.03084356459723214 0.7064337722128919 -0.7071067811865478
vn -0.9990482215818579 0.04361938736533606 -5.20417042793042e-16
vn 0.9990482215818579 -0.04361938736533606 5.20417042793042e-16
vn -0.03084356459723214 -0.7064337722128919 0.7071067811865478
vn 0.03084356459723214 0.7064337722128919 -0.7071067811865478
vn -0.9632204006569326 -0.1679248651210715 -0.20978012163302925
vn 0.9632204006569326 0.16792486512107105 0.2097801216330288
vn -0.03084356459723214 -0.7064337722128919 0.7071067811865478
vn 0.03084356459723214 0.7064337722128919 -0.7071067811865478
vn -0.8177447160238251 -0.3889647534354663 -0.42426406871192873
vn 0.8177447160238248 0.3889647534354669 0.42426406871192923
vn -0.03084356459723214 -0.7064337722128919 0.7071067811865478
vn 0.03084356459723214 0.7064337722128919 -0.7071067811865478
vn -0.5099929111235294 -0.5973030080355411 -0.6189800862672743
vn 0.5099929111235303 0.5973030080355407 0.6189800862672737
vn -0.03084356459723214 -0.7064337722128919 0.7071067811865478
vn 0.03084356459723214 0.7064337722128919 -0.7071067811865478
vn -0.030843564597232805 -0.7064337722128922 -0.7071067811865475
vn 0.0308435645972317 0.7064337722128923 0.7071067811865476
vn -0.03084356459723214 -0.7064337722128919 0.7071067811865478
vn 0.03084356459723214 0.7064337722128919 -0.7071067811865478
vn 0.4559938468148877 -0.6394789007242689 -0.6189800862672736
vn -0.45599384681488697 0.6394789007242693 0.618980086267274
vn -0.03084356459723214 -0.7064337722128919 0.7071067811865478
vn 0.03084356459723214 0.7064337722128919 -0.7071067811865478
vn 0.7807324385071471 -0.4587557732200044 -0.42426406871192834
vn -0.7807324385071475 0.4587557732200041 0.424264068711928
vn -0.03084356459723214 -0.7064337722128919 0.7071067811865478
vn 0.03084356459723214 0.7064337722128919 -0.7071067811865478
vn 0.9449194398828159 -0.25123604976033476 -0.2097801216330281
vn -0.9449194398828158 0.25123604976033515 0.20978012163302853
vn -0.03084356459723214 -0.7064337722128919 0.7071067811865478
vn 0.03084356459723214 0.7064337722128919 -0.7071067811865478
vn 0.9990482215818579 -0.04361938736533646 1.2574765160154667e-16
vn -0.9990482215818579 0.04361938736533606 -5.20417042793042e-16
vn -0.03084356459723214 -0.7064337722128919 0.7071067811865478
vn 0.03084356459723214 0.7064337722128919 -0.7071067811865478
usemtl none
f 2118/8449/2113 2117/8450/2113 2113/8451/2113 2114/8452/2113
f 2119/8453/2114 2120/8454/2114 2116/8455/2114 2115/8456/2114
f 2117/8457/2115 2119/8458/2115 2115/8459/2115 2113/8460/2115
f 2120/8461/2116 2118/8462/2116 2114/8463/2116 2116/8464/2116
f 2122/8465/2117 2121/8466/2117 2117/8467/2117 2118/8468/2117
f 2123/8469/2118 2124/8470/2118 2120/8471/2118 2119/8472/2118
f 2121/8473/2119 2123/8474/2119 2119/8475/2119 2117/8476/2119
f 2124/8477/2120 2122/8478/2120 2118/8479/2120 2120/8480/2120
f 2126/8481/2121 2125/8482/2121 2121/8483/2121 2122/8484/2121
f 2127/8485/2122 2128/8486/2122 2124/8487/2122 2123/8488/2122
f 2125/8489/2123 2127/8490/2123 2123/8491/2123 2121/8492/2123
f 2128/8493/2124 2126/8494/2124 2122/8495/2124 2124/8496/2124
f 2130/8497/2125 2129/8498/2125 2125/8499/2125 2126/8500/2125
f 2131/8501/2126 2132/8502/2126 2128/8503/2126 2127/8504/2126
f 2129/8505/2127 2131/8506/2127 2127/8507/2127 2125/8508/2127
f 2132/8509/2128 2130/8510/2128 2126/8511/2128 2128/8512/2128
f 2134/8513/2129 2133/8514/2129 2129/8515/2129 2130/8516/2129
f 2135/8517/2130 2136/8518/2130 2132/8519/2130 2131/8520/2130
f 2133/8521/2131 2135/8522/2131 2131/8523/2131 2129/8524/2131
f 2136/8525/2132 2134/8526/2132 2130/8527/2132 2132/8528/2132
f 2138/8529/2133 2137/8530/2133 2133/8531/2133 2134/8532/2133
f 2139/8533/2134 2140/8534/2134 2136/8535/2134 2135/8536/2134
f 2137/8537/2135 2139/8538/2135 2135/8539/2135 2133/8540/2135
f 2140/8541/2136 2138/8542/2136 2134/8543/2136 2136/8544/2136
f 2142/8545/2137 2141/8546/2137 2137/8547/2137 2138/8548/2137
f 2143/8549/2138 2144/8550/2138 2140/8551/2138 2139/8552/2138
f 2141/8553/2139 2143/8554/2139 2139/8555/2139 2137/8556/2139
f 2144/8557/2140 2142/8558/2140 2138/8559/2140 2140/8560/2140
f 2146/8561/2141 2145/8562/2141 2141/8563/2141 2142/8564/2141
f 2147/8565/2142 2148/8566/2142 2144/8567/2142 2143/8568/2142
f 2145/8569/2143 2147/8570/2143 2143/8571/2143 2141/8572/2143
f 2148/8573/2144 2146/8574/2144 2142/8575/2144 2144/8576/2144
f 2150/8577/2145 2149/8578/2145 2145/8579/2145 2146/8580/2145
f 2151/8581/2146 2152/8582/2146 2148/8583/2146 2147/8584/2146
f 2149/8585/2147 2151/8586/2147 2147/8587/2147 2145/8588/2147
f 2152/8589/2148 2150/8590/2148 2146/8591/2148 2148/8592/2148
f 2154/8593/2149 2153/8594/2149 2149/8595/2149 2150/8596/2149
f 2155/8597/2150 2156/8598/2150 2152/8599/2150 2151/8600/2150
f 2153/8601/2151 2155/8602/2151 2151/8603/2151 2149/8604/2151
f 2156/8605/2152 2154/8606/2152 2150/8607/2152 2152/8608/2152
f 2158/8609/2153 2157/8610/2153 2153/8611/2153 2154/8612/2153
f 2159/8613/2154 2160/8614/2154 2156/8615/2154 2155/8616/2154
f 2157/8617/2155 2159/8618/2155 2155/8619/2155 2153/8620/2155
f 2160/8621/2156 2158/8622/2156 2154/8623/2156 2156/8624/2156
f 2162/8625/2157 2161/8626/2157 2157/8627/2157 2158/8628/2157
f 2163/8629/2158 2164/8630/2158 2160/8631/2158 2159/8632/2158
f 2161/8633/2159 2163/8634/2159 2159/8635/2159 2157/8636/2159
f 2164/8637/2160 2162/8638/2160 2158/8639/2160 2160/8640/2160
f 2166/8641/2161 2165/8642/2161 2161/8643/2161 2162/8644/2161
f 2167/8645/2162 2168/8646/2162 2164/8647/2162 2163/8648/2162
f 2165/8649/2163 2167/8650/2163 2163/8651/2163 2161/8652/2163
f 2168/8653/2164 2166/8654/2164 2162/8655/2164 2164/8656/2164
f 2170/8657/2165 2169/8658/2165 2165/8659/2165 2166/8660/2165
f 2171/8661/2166 2172/8662/2166 2168/8663/2166 2167/8664/2166
f 2169/8665/2167 2171/8666/2167 2167/8667/2167 2165/8668/2167
f 2172/8669/2168 2170/8670/2168 2166/8671/2168 2168/8672/2168
f 2174/8673/2169 2173/8674/2169 2169/8675/2169 2170/8676/2169
f 2175/8677/2170 2176/8678/2170 2172/8679/2170 2171/8680/2170
f 2173/8681/2171 2175/8682/2171 2171/8683/2171 2169/8684/2171
f 2176/8685/2172 2174/8686/2172 2170/8687/2172 2172/8688/2172
f 2114/8689/2173 2113/8690/2173 2173/8691/2173 2174/8692/2173
f 2115/8693/2174 2116/8694/2174 2176/8695/2174 2175/8696/2174
f 2113/8697/2175 2115/8698/2175 2175/8699/2175 2173/8700/2175
f 2116/8701/2176 2114/8702/2176 2174/8703/2176 2176/8704/2176
o tube
v 0.028354674909830072 0.11159900515683914 -0.3172759825157906
v 0.02931853630349358 0.133675060538492 -0.3393730694278702
v 0.026328784006813693 0.11130989644729505 -0.317653184177963
v 0.0272926454004772 0.13338595182894794 -0.33975027109004263
v 0.021933692592460845 0.12813804675428972 -0.30103276173615656
v 0.022897553986124353 0.1502141021359426 -0.3231298486482362
v 0.020183318603847648 0.1271392669254546 -0.30210694118894965
v 0.021147179997511156 0.14921532230710746 -0.3242040281010293
v 0.009302368502634387 0.1411334090392884 -0.2886007387749279
v 0.010266229896297899 0.16320946442094128 -0.31069782568700754
v 0.008093990001011016 0.13957701326614066 -0.2902083619341149
v 0.009057851394674524 0.16165306864779355 -0.31230544884619454
v -0.0076162927702112596 0.1486066659071966 -0.281872576431383
v -0.006652431376547748 0.17068272128884945 -0.30396966334346265
v -0.008098711111951045 0.14672960133743518 -0.28376889724411797
v -0.007134849718287536 0.16880565671908807 -0.3058659841561976
v -0.026246578415331682 0.14942008174511745 -0.281872576431383
v -0.02528271702166817 0.17149613712677034 -0.30396966334346265
v -0.02592959277779116 0.14750811444385586 -0.28376889724411797
v -0.02496573138412765 0.16958416982550875 -0.3058659841561976
v -0.04375219632721721 0.1434498213653605 -0.2886007387749279
v -0.042788334933553704 0.16552587674701338 -0.31069782568700754
v -0.04268406490022997 0.14179403102218907 -0.2902083619341149
v -0.04172020350656647 0.16387008640384193 -0.31230544884619454
v -0.05746807486760486 0.1316048027901986 -0.30103276173615656
v -0.05650421347394134 0.15368085817185148 -0.3231298486482362
v -0.0558114109782942 0.1304572684750883 -0.30210694118894965
v -0.054847549584630687 0.15253332385674118 -0.3242040281010293
v -0.06530609586346912 0.1156883227223394 -0.31727598251579064
v -0.06434223446980561 0.13776437810399228 -0.3393730694278702
v -0.06331311157128704 0.11522374613234133 -0.31765318417796307
v -0.062349250177623536 0.1372998015139942 -0.33975027109004263
v -0.06607299167002696 0.09812352096886333 -0.3348575179952939
v -0.06510913027636346 0.1201995763505162 -0.3569546049073735
v -0.06404710076701059 0.09841262967840742 -0.3344803163331215
v -0.06308323937334707 0.12048868506006029 -0.3565774032452011
v -0.05965200935265774 0.08158447937141278 -0.3511007387749279
v -0.05868814795899424 0.10366053475306564 -0.37319782568700754
v -0.057901635364044565 0.0825832592002479 -0.35002655932213483
v -0.05693777397038105 0.10465931458190077 -0.37212364623421446
v -0.04702068526283128 0.06858911708641408 -0.36353276173615656
v -0.04605682386916776 0.09066517246806696 -0.3856298486482362
v -0.0458123067612079 0.0701455128595618 -0.36192513857696956
v -0.04484844536754439 0.09222156824121469 -0.3840222254890492
v -0.030102023989985648 0.061115860218505916 -0.37026092407970146
v -0.02913816259632214 0.08319191560015879 -0.3923580109917811
v -0.029619605648245867 0.06299292478826729 -0.3683646032669665
v -0.028655744254582356 0.08506898016992018 -0.39046169017904614
v -0.011471738344865208 0.060302444380585025 -0.37026092407970146
v -0.0105078769512017 0.0823784997622379 -0.3923580109917811
v -0.011788723982405729 0.062214411681846604 -0.3683646032669665
v -0.01082486258874222 0.08429046706349949 -0.39046169017904614
v 0.006033879567020315 0.06627270476034197 -0.36353276173615656
v 0.006997740960683823 0.08834876014199484 -0.3856298486482362
v 0.004965748140033071 0.06792849510351341 -0.36192513857696956
v 0.005929609533696579 0.0900045504851663 -0.3840222254890492
v 0.019749758107407953 0.07811772333550387 -0.3511007387749279
v 0.02071361950107146 0.10019377871715676 -0.37319782568700754
v 0.01809309421809729 0.07926525765061418 -0.35002655932213483
v 0.0190569556117608 0.10134131303226705 -0.37212364623421446
v 0.027587779103272213 0.09403420340336306 -0.3348575179952939
v 0.02855164049693572 0.11611025878501594 -0.3569546049073735
v 0.025594794811090147 0.09449877999336113 -0.3344803163331215
v 0.026558656204753655 0.11657483537501402 -0.35657740324520104
vt 0.09945625 1
vt 0.09945625 0.75
vt 0 0.75
vt 0 1
vt 0 0.75
vt 0 1
vt 0.0951875 1
vt 0.0951875 0.75
vt 0.010726279727053867 0.9005452143418925
vt 5.551115123125783e-16 0.9026780146793606
vt 5.551115123125783e-16 0.9978666893684354
vt 0.010728336702654107 1
vt 0.09732220718886293 0.9999980312583259
vt 0.0994547856793792 0.989271707421881
vt 0 0.989271707421881
vt 0.0021335325201474534 1
vt 0.09945625 1
vt 0.09945625 0.75
vt 0 0.75
vt 0 1
vt 0 0.75
vt 0 1
vt 0.0951875 1
vt 0.0951875 0.75
vt 0.010725925987123686 0.9005410118087297
vt 2.7755575615628914e-16 0.9026755904044366
vt 2.220446049250313e-16 0.9978654214042931
vt 0.010725925987123686 1
vt 0.09732440959556345 0.9999999999999998
vt 0.09945898819127032 0.9892740740128763
vt 0 0.9892740740128763
vt 0.0021345785957068986 0.9999999999999998
vt 0.09945625 1
vt 0.09945625 0.75
vt 0 0.75
vt 0 1
vt 0 0.75
vt 0 1
vt 0.0951875 1
vt 0.0951875 0.75
vt 0.010728336702654107 0.9005452143418925
vt 5.551115123125783e-16 0.9026785249734571
vt 5.551115123125783e-16 0.9978671996625319
vt 0.010726279727053867 1
vt 0.09732125315923176 1
vt 0.09945478567937921 0.989271707421881
vt 0 0.989271707421881
vt 0.0021325784905162765 0.999998031258326
vt 0.09945625 1
vt 0.09945625 0.75
vt 0 0.75
vt 0 1
vt 0 0.75
vt 0 1
vt 0.0951875 1
vt 0.0951875 0.75
vt 0.010728125000000005 0.90054375
vt 0 0.902678125
vt 0 0.997865625
vt 0.010728125000000005 1
vt 0 0.997865625
vt 0.010728125000000005 1
vt 0.010728125000000005 0.90054375
vt 0 0.902678125
vt 0.09945625 1
vt 0.09945625 0.75
vt 0 0.75
vt 0 1
vt 0 0.75
vt 0 1
vt 0.0951875 1
vt 0.0951875 0.75
vt 0 0.9892737202729461
vt 0.002132800337468113 0.9999999999999994
vt 0.09732147502654287 0.9999999999999994
vt 0.09945478565810749 0.989271663297346
vt 0.0000019687416740465924 0.9978674215094837
vt 0.010728292578118998 1
vt 0.010728292578118998 0.9005452143206207
vt 0 0.9026787468407682
vt 0.09945625 1
vt 0.09945625 0.75
vt 0 0.75
vt 0 1
vt 0 0.75
vt 0 1
vt 0.0951875 1
vt 0.0951875 0.75
vt 0 0.9892740740128763
vt 0.0021345785957068986 0.9999999999999998
vt 0.09732440959556345 0.9999999999999998
vt 0.09945898819127032 0.9892740740128763
vt 2.220446049250313e-16 0.9978654214042931
vt 0.010725925987123686 1
vt 0.010725925987123686 0.9005410118087297
vt 2.7755575615628914e-16 0.9026755904044366
vt 0.09945625 1
vt 0.09945625 0.75
vt 0 0.75
vt 0 1
vt 0 0.75
vt 0 1
vt 0.0951875 1
vt 0.0951875 0.75
vt 0 0.989271663297346
vt 0.0021333106315646264 0.9999999999999994
vt 0.09732198532063939 0.9999999999999994
vt 0.09945478565810748 0.9892737202729461
vt 0 0.9978664674798525
vt 0.010728292578119025 1
vt 0.010728292578119025 0.9005452143206208
vt 0.000001968741674129859 0.902677792811137
vt 0.09945625 1
vt 0.09945625 0.75
vt 0 0.75
vt 0 1
vt 0 0.75
vt 0 1
vt 0.0951875 1
vt 0.0951875 0.75
vt 0 0.989271875
vt 0.002134375000000001 1
vt 0.097321875 1
vt 0.09945625 0.989271875
vt 0.002134375000000001 0.989271875
vt 0 1
vt 0.09945625 1
vt 0.097321875 0.989271875
vt 0.09945625 1
vt 0.09945625 0.75
vt 0 0.75
vt 0 1
vt 0 0.75
vt 0 1
vt 0.0951875 1
vt 0.0951875 0.75
vt 0.0000020569756015165197 1
vt 0.010728336702654856 0.9978671996625319
vt 0.010728336702654856 0.9026785249734571
vt 1.27675647831893e-15 0.9005452143418925
vt 0.0021325784905162765 0.9892736761635542
vt 0 0.9999999999999991
vt 0.0994547856793792 0.9999999999999992
vt 0.09732125315923175 0.9892717074218802
vt 0.09945625 1
vt 0.09945625 0.75
vt 0 0.75
vt 0 1
vt 0 0.75
vt 0 1
vt 0.0951875 1
vt 0.0951875 0.75
vt 4.996003610813204e-16 1
vt 0.010725925987123908 0.9978654214042931
vt 0.010725925987123935 0.9026755904044366
vt 4.996003610813204e-16 0.9005410118087297
vt 0.002134578595706871 0.989274074012876
vt 0 0.9999999999999996
vt 0.09945898819127032 0.9999999999999996
vt 0.09732440959556342 0.989274074012876
vt 0.09945625 1
vt 0.09945625 0.75
vt 0 0.75
vt 0 1
vt 0 0.75
vt 0 1
vt 0.0951875 1
vt 0.0951875 0.75
vt 1.27675647831893e-15 1
vt 0.010728336702654828 0.9978666893684354
vt 0.010728336702654828 0.9026780146793606
vt 0.0000020569756015165197 0.9005452143418925
vt 0.0021335325201474464 0.9892717074218802
vt 0 0.9999999999999992
vt 0.09945478567937921 0.9999999999999992
vt 0.09732220718886293 0.9892736761635543
vt 0.09945625 1
vt 0.09945625 0.75
vt 0 0.75
vt 0 1
vt 0 0.75
vt 0 1
vt 0.0951875 1
vt 0.0951875 0.75
vt 0 1
vt 0.010728125000000005 0.997865625
vt 0.010728125000000005 0.902678125
vt 0 0.90054375
vt 0.010728125000000005 0.902678125
vt 0 0.90054375
vt 0 1
vt 0.010728125000000005 0.997865625
vt 0.09945625 1
vt 0.09945625 0.75
vt 0 0.75
vt 0 1
vt 0 0.75
vt 0 1
vt 0.0951875 1
vt 0.0951875 0.75
vt 0.09945478565810749 0.9999979430243984
vt 0.09732198532063938 0.9892716632973451
vt 0.0021333106315646194 0.9892716632973452
vt 0 0.9999999999999988
vt 0.010726323836445756 0.9026777928111371
vt 8.326672684688674e-16 0.9005452143206208
vt 7.771561172376096e-16 1
vt 0.010728292578119775 0.9978664674798525
vt 0.09945625 1
vt 0.09945625 0.75
vt 0 0.75
vt 0 1
vt 0 0.75
vt 0 1
vt 0.0951875 1
vt 0.0951875 0.75
vt 0.09945898819127032 0.9999999999999996
vt 0.09732440959556342 0.989274074012876
vt 0.002134578595706871 0.989274074012876
vt 0 0.9999999999999996
vt 0.010725925987123935 0.9026755904044366
vt 4.996003610813204e-16 0.9005410118087297
vt 4.996003610813204e-16 1
vt 0.010725925987123908 0.9978654214042931
vt 0.09945625 1
vt 0.09945625 0.75
vt 0 0.75
vt 0 1
vt 0 0.75
vt 0 1
vt 0.0951875 1
vt 0.0951875 0.75
vt 0.09945478565810748 0.9999999999999987
vt 0.09732147502654284 0.9892716632973452
vt 0.0021328003374680854 0.9892716632973452
vt 0 0.9999979430243985
vt 0.010728292578119775 0.9026787468407682
vt 7.771561172376096e-16 0.9005452143206207
vt 7.771561172376096e-16 1
vt 0.010726323836445728 0.9978674215094837
vt 0.09945625 1
vt 0.09945625 0.75
vt 0 0.75
vt 0 1
vt 0 0.75
vt 0 1
vt 0.0951875 1
vt 0.0951875 0.75
vt 0.09945625 1
vt 0.097321875 0.989271875
vt 0.002134375000000001 0.989271875
vt 0 1
vt 0.097321875 1
vt 0.09945625 0.989271875
vt 0 0.989271875
vt 0.002134375000000001 1
vn 0.9632204006569325 0.1679248651210714 0.20978012163302917
vn -0.9632204006569325 -0.16792486512107155 -0.20978012163302928
vn -0.03084356459723214 -0.7064337722128919 0.7071067811865478
vn 0.03084356459723214 0.7064337722128919 -0.7071067811865478
vn 0.8177447160238254 0.38896475343546627 0.4242640687119287
vn -0.8177447160238254 -0.38896475343546627 -0.4242640687119287
vn -0.03084356459723214 -0.7064337722128919 0.7071067811865478
vn 0.03084356459723214 0.7064337722128919 -0.7071067811865478
vn 0.5099929111235296 0.597303008035541 0.6189800862672741
vn -0.5099929111235298 -0.5973030080355409 -0.618980086267274
vn -0.03084356459723214 -0.7064337722128919 0.7071067811865478
vn 0.03084356459723214 0.7064337722128919 -0.7071067811865478
vn 0.0308435645972317 0.7064337722128923 0.7071067811865476
vn -0.0308435645972317 -0.7064337722128923 -0.7071067811865476
vn -0.03084356459723214 -0.7064337722128919 0.7071067811865478
vn 0.03084356459723214 0.7064337722128919 -0.7071067811865478
vn -0.4559938468148875 0.639478900724269 0.6189800862672737
vn 0.4559938468148867 -0.6394789007242693 -0.6189800862672741
vn -0.03084356459723214 -0.7064337722128919 0.7071067811865478
vn 0.03084356459723214 0.7064337722128919 -0.7071067811865478
vn -0.7807324385071469 0.4587557732200044 0.4242640687119284
vn 0.7807324385071474 -0.45875577322000427 -0.4242640687119282
vn -0.03084356459723214 -0.7064337722128919 0.7071067811865478
vn 0.03084356459723214 0.7064337722128919 -0.7071067811865478
vn -0.9449194398828159 0.25123604976033487 0.20978012163302825
vn 0.9449194398828159 -0.25123604976033476 -0.2097801216330281
vn -0.03084356459723214 -0.7064337722128919 0.7071067811865478
vn 0.03084356459723214 0.7064337722128919 -0.7071067811865478
vn -0.9990482215818579 0.04361938736533606 -5.20417042793042e-16
vn 0.9990482215818579 -0.04361938736533606 5.20417042793042e-16
vn -0.03084356459723214 -0.7064337722128919 0.7071067811865478
vn 0.03084356459723214 0.7064337722128919 -0.7071067811865478
vn -0.9632204006569326 -0.1679248651210715 -0.20978012163302925
vn 0.9632204006569326 0.16792486512107105 0.2097801216330288
vn -0.03084356459723214 -0.7064337722128919 0.7071067811865478
vn 0.03084356459723214 0.7064337722128919 -0.7071067811865478
vn -0.8177447160238251 -0.3889647534354663 -0.42426406871192873
vn 0.8177447160238248 0.3889647534354669 0.42426406871192923
vn -0.03084356459723214 -0.7064337722128919 0.7071067811865478
vn 0.03084356459723214 0.7064337722128919 -0.7071067811865478
vn -0.5099929111235294 -0.5973030080355411 -0.6189800862672743
vn 0.5099929111235303 0.5973030080355407 0.6189800862672737
vn -0.03084356459723214 -0.7064337722128919 0.7071067811865478
vn 0.03084356459723214 0.7064337722128919 -0.7071067811865478
vn -0.030843564597232805 -0.7064337722128922 -0.7071067811865475
vn 0.0308435645972317 0.7064337722128923 0.7071067811865476
vn -0.03084356459723214 -0.7064337722128919 0.7071067811865478
vn 0.03084356459723214 0.7064337722128919 -0.7071067811865478
vn 0.4559938468148877 -0.6394789007242689 -0.6189800862672736
vn -0.45599384681488697 0.6394789007242693 0.618980086267274
vn -0.03084356459723214 -0.7064337722128919 0.7071067811865478
vn 0.03084356459723214 0.7064337722128919 -0.7071067811865478
vn 0.7807324385071471 -0.4587557732200044 -0.42426406871192834
vn -0.7807324385071475 0.4587557732200041 0.424264068711928
vn -0.03084356459723214 -0.7064337722128919 0.7071067811865478
vn 0.03084356459723214 0.7064337722128919 -0.7071067811865478
vn 0.9449194398828159 -0.25123604976033476 -0.2097801216330281
vn -0.9449194398828158 0.25123604976033515 0.20978012163302853
vn -0.03084356459723214 -0.7064337722128919 0.7071067811865478
vn 0.03084356459723214 0.7064337722128919 -0.7071067811865478
vn 0.9990482215818579 -0.04361938736533646 1.2574765160154667e-16
vn -0.9990482215818579 0.04361938736533606 -5.20417042793042e-16
vn -0.03084356459723214 -0.7064337722128919 0.7071067811865478
vn 0.03084356459723214 0.7064337722128919 -0.7071067811865478
usemtl none
f 2182/8705/2177 2181/8706/2177 2177/8707/2177 2178/8708/2177
f 2183/8709/2178 2184/8710/2178 2180/8711/2178 2179/8712/2178
f 2181/8713/2179 2183/8714/2179 2179/8715/2179 2177/8716/2179
f 2184/8717/2180 2182/8718/2180 2178/8719/2180 2180/8720/2180
f 2186/8721/2181 2185/8722/2181 2181/8723/2181 2182/8724/2181
f 2187/8725/2182 2188/8726/2182 2184/8727/2182 2183/8728/2182
f 2185/8729/2183 2187/8730/2183 2183/8731/2183 2181/8732/2183
f 2188/8733/2184 2186/8734/2184 2182/8735/2184 2184/8736/2184
f 2190/8737/2185 2189/8738/2185 2185/8739/2185 2186/8740/2185
f 2191/8741/2186 2192/8742/2186 2188/8743/2186 2187/8744/2186
f 2189/8745/2187 2191/8746/2187 2187/8747/2187 2185/8748/2187
f 2192/8749/2188 2190/8750/2188 2186/8751/2188 2188/8752/2188
f 2194/8753/2189 2193/8754/2189 2189/8755/2189 2190/8756/2189
f 2195/8757/2190 2196/8758/2190 2192/8759/2190 2191/8760/2190
f 2193/8761/2191 2195/8762/2191 2191/8763/2191 2189/8764/2191
f 2196/8765/2192 2194/8766/2192 2190/8767/2192 2192/8768/2192
f 2198/8769/2193 2197/8770/2193 2193/8771/2193 2194/8772/2193
f 2199/8773/2194 2200/8774/2194 2196/8775/2194 2195/8776/2194
f 2197/8777/2195 2199/8778/2195 2195/8779/2195 2193/8780/2195
f 2200/8781/2196 2198/8782/2196 2194/8783/2196 2196/8784/2196
f 2202/8785/2197 2201/8786/2197 2197/8787/2197 2198/8788/2197
f 2203/8789/2198 2204/8790/2198 2200/8791/2198 2199/8792/2198
f 2201/8793/2199 2203/8794/2199 2199/8795/2199 2197/8796/2199
f 2204/8797/2200 2202/8798/2200 2198/8799/2200 2200/8800/2200
f 2206/8801/2201 2205/8802/2201 2201/8803/2201 2202/8804/2201
f 2207/8805/2202 2208/8806/2202 2204/8807/2202 2203/8808/2202
f 2205/8809/2203 2207/8810/2203 2203/8811/2203 2201/8812/2203
f 2208/8813/2204 2206/8814/2204 2202/8815/2204 2204/8816/2204
f 2210/8817/2205 2209/8818/2205 2205/8819/2205 2206/8820/2205
f 2211/8821/2206 2212/8822/2206 2208/8823/2206 2207/8824/2206
f 2209/8825/2207 2211/8826/2207 2207/8827/2207 2205/8828/2207
f 2212/8829/2208 2210/8830/2208 2206/8831/2208 2208/8832/2208
f 2214/8833/2209 2213/8834/2209 2209/8835/2209 2210/8836/2209
f 2215/8837/2210 2216/8838/2210 2212/8839/2210 2211/8840/2210
f 2213/8841/2211 2215/8842/2211 2211/8843/2211 2209/8844/2211
f 2216/8845/2212 2214/8846/2212 2210/8847/2212 2212/8848/2212
f 2218/8849/2213 2217/8850/2213 2213/8851/2213 2214/8852/2213
f 2219/8853/2214 2220/8854/2214 2216/8855/2214 2215/8856/2214
f 2217/8857/2215 2219/8858/2215 2215/8859/2215 2213/8860/2215
f 2220/8861/2216 2218/8862/2216 2214/8863/2216 2216/8864/2216
f 2222/8865/2217 2221/8866/2217 2217/8867/2217 2218/8868/2217
f 2223/8869/2218 2224/8870/2218 2220/8871/2218 2219/8872/2218
f 2221/8873/2219 2223/8874/2219 2219/8875/2219 2217/8876/2219
f 2224/8877/2220 2222/8878/2220 2218/8879/2220 2220/8880/2220
f 2226/8881/2221 2225/8882/2221 2221/8883/2221 2222/8884/2221
f 2227/8885/2222 2228/8886/2222 2224/8887/2222 2223/8888/2222
f 2225/8889/2223 2227/8890/2223 2223/8891/2223 2221/8892/2223
f 2228/8893/2224 2226/8894/2224 2222/8895/2224 2224/8896/2224
f 2230/8897/2225 2229/8898/2225 2225/8899/2225 2226/8900/2225
f 2231/8901/2226 2232/8902/2226 2228/8903/2226 2227/8904/2226
f 2229/8905/2227 2231/8906/2227 2227/8907/2227 2225/8908/2227
f 2232/8909/2228 2230/8910/2228 2226/8911/2228 2228/8912/2228
f 2234/8913/2229 2233/8914/2229 2229/8915/2229 2230/8916/2229
f 2235/8917/2230 2236/8918/2230 2232/8919/2230 2231/8920/2230
f 2233/8921/2231 2235/8922/2231 2231/8923/2231 2229/8924/2231
f 2236/8925/2232 2234/8926/2232 2230/8927/2232 2232/8928/2232
f 2238/8929/2233 2237/8930/2233 2233/8931/2233 2234/8932/2233
f 2239/8933/2234 2240/8934/2234 2236/8935/2234 2235/8936/2234
f 2237/8937/2235 2239/8938/2235 2235/8939/2235 2233/8940/2235
f 2240/8941/2236 2238/8942/2236 2234/8943/2236 2236/8944/2236
f 2178/8945/2237 2177/8946/2237 2237/8947/2237 2238/8948/2237
f 2179/8949/2238 2180/8950/2238 2240/8951/2238 2239/8952/2238
f 2177/8953/2239 2179/8954/2239 2239/8955/2239 2237/8956/2239
f 2180/8957/2240 2178/8958/2240 2238/8959/2240 2240/8960/2240
o tube
v -0.03514556230851926 0.09005356126633524 -0.3768539998845152
v -0.003925305384086197 0.08869045541116849 -0.3768539998845152
v -0.03524061863968175 0.08787641334349543 -0.3784674194506208
v -0.00402036171524869 0.08651330748832868 -0.3784674194506208
v -0.034907651123603556 0.09550262326699382 -0.3957645778127857
v -0.0036873941991704927 0.09413951741182708 -0.3957645778127856
v -0.03501291594816007 0.0930916624048547 -0.39656656638237786
v -0.0037926590237270033 0.09172855654968795 -0.39656656638237786
v -0.035043220429923694 0.09239757565947376 -0.4175206179949357
v -0.0038229635054906307 0.09103446980430702 -0.4175206179949357
v -0.035142668132563504 0.09011984879388135 -0.4173890800783386
v -0.003922411208130444 0.0887567429387146 -0.4173890800783386
v -0.03553163102953125 0.08121113379469329 -0.4388099605322285
v -0.00431137410509819 0.07984802793952654 -0.4388099605322285
v -0.035610121599023124 0.07941340419328859 -0.4377649215848497
v -0.004389864674590065 0.07805029833812184 -0.4377649215848497
v -0.0362985268360891 0.06364633204121722 -0.45639149601173173
v -0.005078269911656035 0.062283226186050485 -0.45639149601173173
v -0.03634411079474668 0.06260228773935468 -0.4545920537400081
v -0.0051238538703136105 0.061239181884187935 -0.4545920537400081
v -0.037227154914976586 0.042377252240687925 -0.46758859503370714
v -0.006006897990543523 0.04101414638552118 -0.4675885950337071
v -0.03723289251831387 0.042245839519040956 -0.46530869821152376
v -0.006012635593880808 0.04088273366387421 -0.46530869821152376
v -0.0381761400592176 0.02064191898804741 -0.4706966007740143
v -0.006955883134784544 0.019278813132880664 -0.47069660077401426
v -0.03814115780913799 0.021443144242227458 -0.46828334302523245
v -0.006920900884704928 0.02008003838706071 -0.46828334302523245
v -0.039001007883173205 0.0017493397397236946 -0.46524234753283367
v -0.007780750958740142 0.00038623388455694824 -0.46524234753283367
v -0.03893063151013643 0.003361223687906874 -0.4630631254734694
v -0.00771037458570337 0.0019981178327401275 -0.4630631254734694
v -0.0395761797380916 -0.011424261575383371 -0.4520561959232062
v -0.008355922813658536 -0.012787367430550117 -0.4520561959232062
v -0.03948112340692911 -0.009247113652543562 -0.4504427763571006
v -0.008260866482496042 -0.010610219507710308 -0.4504427763571006
v -0.039814090923007306 -0.016873323576041967 -0.4331456179949358
v -0.008593833998574241 -0.018236429431208713 -0.4331456179949358
v -0.03970882609845079 -0.014462362713902846 -0.4323436294253436
v -0.008488569174017727 -0.015825468569069592 -0.4323436294253436
v -0.03967852161668717 -0.013768275968521884 -0.4113895778127857
v -0.008458264692254103 -0.01513138182368863 -0.4113895778127856
v -0.03957907391404735 -0.011490549102929473 -0.4115211157293828
v -0.008358816989614286 -0.01285365495809622 -0.4115211157293828
v -0.0391901110170796 -0.0025818341037414302 -0.3901002352754929
v -0.007969854092646542 -0.0039449399589081766 -0.3901002352754929
v -0.03911162044758773 -0.0007841045023367355 -0.3911452742228717
v -0.007891363523154669 -0.0021472103575034818 -0.3911452742228717
v -0.03842321521052176 0.014982967649734641 -0.37251869979598967
v -0.0072029582860887 0.013619861794567895 -0.37251869979598967
v -0.038377631251864185 0.016027011951597184 -0.3743181420677133
v -0.00715737432743112 0.014663906096430437 -0.3743181420677133
v -0.03749458713163427 0.03625204745026393 -0.3613216007740143
v -0.006274330207201209 0.034888941595097187 -0.3613216007740143
v -0.03748884952829699 0.03638346017191091 -0.36360149759619764
v -0.0062685926038639275 0.03502035431674416 -0.36360149759619764
v -0.036545601987393254 0.05798738070290445 -0.35821359503370714
v -0.005325345062960191 0.0566242748477377 -0.35821359503370714
v -0.03658058423747287 0.05718615544872439 -0.36062685278248896
v -0.005360327313039804 0.05582304959355765 -0.36062685278248896
v -0.035720734163437656 0.07687995995122816 -0.36366784827488774
v -0.00450047723900459 0.07551685409606142 -0.36366784827488774
v -0.03579111053647442 0.07526807600304498 -0.365847070334252
v -0.004570853612041362 0.07390497014787824 -0.365847070334252
vt 0.09945625 1
vt 0.09945625 0.75
vt 0 0.75
vt 0 1
vt 0 0.75
vt 0 1
vt 0.0951875 1
vt 0.0951875 0.75
vt 0.010726279727053867 0.9005452143418925
vt 5.551115123125783e-16 0.9026780146793606
vt 5.551115123125783e-16 0.9978666893684354
vt 0.010728336702654107 1
vt 0.09732220718886293 0.9999980312583259
vt 0.0994547856793792 0.989271707421881
vt 0 0.989271707421881
vt 0.0021335325201474534 1
vt 0.09945625 1
vt 0.09945625 0.75
vt 0 0.75
vt 0 1
vt 0 0.75
vt 0 1
vt 0.0951875 1
vt 0.0951875 0.75
vt 0.010725925987123686 0.9005410118087297
vt 2.7755575615628914e-16 0.9026755904044366
vt 2.220446049250313e-16 0.9978654214042931
vt 0.010725925987123686 1
vt 0.09732440959556345 0.9999999999999998
vt 0.09945898819127032 0.9892740740128763
vt 0 0.9892740740128763
vt 0.0021345785957068986 0.9999999999999998
vt 0.09945625 1
vt 0.09945625 0.75
vt 0 0.75
vt 0 1
vt 0 0.75
vt 0 1
vt 0.0951875 1
vt 0.0951875 0.75
vt 0.010728336702654107 0.9005452143418925
vt 5.551115123125783e-16 0.9026785249734571
vt 5.551115123125783e-16 0.9978671996625319
vt 0.010726279727053867 1
vt 0.09732125315923176 1
vt 0.09945478567937921 0.989271707421881
vt 0 0.989271707421881
vt 0.0021325784905162765 0.999998031258326
vt 0.09945625 1
vt 0.09945625 0.75
vt 0 0.75
vt 0 1
vt 0 0.75
vt 0 1
vt 0.0951875 1
vt 0.0951875 0.75
vt 0.010728125000000005 0.90054375
vt 0 0.902678125
vt 0 0.997865625
vt 0.010728125000000005 1
vt 0 0.997865625
vt 0.010728125000000005 1
vt 0.010728125000000005 0.90054375
vt 0 0.902678125
vt 0.09945625 1
vt 0.09945625 0.75
vt 0 0.75
vt 0 1
vt 0 0.75
vt 0 1
vt 0.0951875 1
vt 0.0951875 0.75
vt 0 0.9892737202729461
vt 0.002132800337468113 0.9999999999999994
vt 0.09732147502654287 0.9999999999999994
vt 0.09945478565810749 0.989271663297346
vt 0.0000019687416740465924 0.9978674215094837
vt 0.010728292578118998 1
vt 0.010728292578118998 0.9005452143206207
vt 0 0.9026787468407682
vt 0.09945625 1
vt 0.09945625 0.75
vt 0 0.75
vt 0 1
vt 0 0.75
vt 0 1
vt 0.0951875 1
vt 0.0951875 0.75
vt 0 0.9892740740128763
vt 0.0021345785957068986 0.9999999999999998
vt 0.09732440959556345 0.9999999999999998
vt 0.09945898819127032 0.9892740740128763
vt 2.220446049250313e-16 0.9978654214042931
vt 0.010725925987123686 1
vt 0.010725925987123686 0.9005410118087297
vt 2.7755575615628914e-16 0.9026755904044366
vt 0.09945625 1
vt 0.09945625 0.75
vt 0 0.75
vt 0 1
vt 0 0.75
vt 0 1
vt 0.0951875 1
vt 0.0951875 0.75
vt 0 0.989271663297346
vt 0.0021333106315646264 0.9999999999999994
vt 0.09732198532063939 0.9999999999999994
vt 0.09945478565810748 0.9892737202729461
vt 0 0.9978664674798525
vt 0.010728292578119025 1
vt 0.010728292578119025 0.9005452143206208
vt 0.000001968741674129859 0.902677792811137
vt 0.09945625 1
vt 0.09945625 0.75
vt 0 0.75
vt 0 1
vt 0 0.75
vt 0 1
vt 0.0951875 1
vt 0.0951875 0.75
vt 0 0.989271875
vt 0.002134375000000001 1
vt 0.097321875 1
vt 0.09945625 0.989271875
vt 0.002134375000000001 0.989271875
vt 0 1
vt 0.09945625 1
vt 0.097321875 0.989271875
vt 0.09945625 1
vt 0.09945625 0.75
vt 0 0.75
vt 0 1
vt 0 0.75
vt 0 1
vt 0.0951875 1
vt 0.0951875 0.75
vt 0.0000020569756015165197 1
vt 0.010728336702654856 0.9978671996625319
vt 0.010728336702654856 0.9026785249734571
vt 1.27675647831893e-15 0.9005452143418925
vt 0.0021325784905162765 0.9892736761635542
vt 0 0.9999999999999991
vt 0.0994547856793792 0.9999999999999992
vt 0.09732125315923175 0.9892717074218802
vt 0.09945625 1
vt 0.09945625 0.75
vt 0 0.75
vt 0 1
vt 0 0.75
vt 0 1
vt 0.0951875 1
vt 0.0951875 0.75
vt 4.996003610813204e-16 1
vt 0.010725925987123908 0.9978654214042931
vt 0.010725925987123935 0.9026755904044366
vt 4.996003610813204e-16 0.9005410118087297
vt 0.002134578595706871 0.989274074012876
vt 0 0.9999999999999996
vt 0.09945898819127032 0.9999999999999996
vt 0.09732440959556342 0.989274074012876
vt 0.09945625 1
vt 0.09945625 0.75
vt 0 0.75
vt 0 1
vt 0 0.75
vt 0 1
vt 0.0951875 1
vt 0.0951875 0.75
vt 1.27675647831893e-15 1
vt 0.010728336702654828 0.9978666893684354
vt 0.010728336702654828 0.9026780146793606
vt 0.0000020569756015165197 0.9005452143418925
vt 0.0021335325201474464 0.9892717074218802
vt 0 0.9999999999999992
vt 0.09945478567937921 0.9999999999999992
vt 0.09732220718886293 0.9892736761635543
vt 0.09945625 1
vt 0.09945625 0.75
vt 0 0.75
vt 0 1
vt 0 0.75
vt 0 1
vt 0.0951875 1
vt 0.0951875 0.75
vt 0 1
vt 0.010728125000000005 0.997865625
vt 0.010728125000000005 0.902678125
vt 0 0.90054375
vt 0.010728125000000005 0.902678125
vt 0 0.90054375
vt 0 1
vt 0.010728125000000005 0.997865625
vt 0.09945625 1
vt 0.09945625 0.75
vt 0 0.75
vt 0 1
vt 0 0.75
vt 0 1
vt 0.0951875 1
vt 0.0951875 0.75
vt 0.09945478565810749 0.9999979430243984
vt 0.09732198532063938 0.9892716632973451
vt 0.0021333106315646194 0.9892716632973452
vt 0 0.9999999999999988
vt 0.010726323836445756 0.9026777928111371
vt 8.326672684688674e-16 0.9005452143206208
vt 7.771561172376096e-16 1
vt 0.010728292578119775 0.9978664674798525
vt 0.09945625 1
vt 0.09945625 0.75
vt 0 0.75
vt 0 1
vt 0 0.75
vt 0 1
vt 0.0951875 1
vt 0.0951875 0.75
vt 0.09945898819127032 0.9999999999999996
vt 0.09732440959556342 0.989274074012876
vt 0.002134578595706871 0.989274074012876
vt 0 0.9999999999999996
vt 0.010725925987123935 0.9026755904044366
vt 4.996003610813204e-16 0.9005410118087297
vt 4.996003610813204e-16 1
vt 0.010725925987123908 0.9978654214042931
vt 0.09945625 1
vt 0.09945625 0.75
vt 0 0.75
vt 0 1
vt 0 0.75
vt 0 1
vt 0.0951875 1
vt 0.0951875 0.75
vt 0.09945478565810748 0.9999999999999987
vt 0.09732147502654284 0.9892716632973452
vt 0.0021328003374680854 0.9892716632973452
vt 0 0.9999979430243985
vt 0.010728292578119775 0.9026787468407682
vt 7.771561172376096e-16 0.9005452143206207
vt 7.771561172376096e-16 1
vt 0.010726323836445728 0.9978674215094837
vt 0.09945625 1
vt 0.09945625 0.75
vt 0 0.75
vt 0 1
vt 0 0.75
vt 0 1
vt 0.0951875 1
vt 0.0951875 0.75
vt 0.09945625 1
vt 0.097321875 0.989271875
vt 0.002134375000000001 0.989271875
vt 0 1
vt 0.097321875 1
vt 0.09945625 0.989271875
vt 0 0.989271875
vt 0.002134375000000001 1
vn 0.04191096201571896 0.9599188479172365 0.27712682417290946
vn -0.04191096201571896 -0.9599188479172365 -0.2771268241729097
vn -0.9990482215818579 0.04361938736533591 -3.67761376907083e-16
vn 0.9990482215818579 -0.04361938736533591 3.67761376907083e-16
vn 0.04318099043612455 0.989007281098049 -0.14142135623730925
vn -0.04318099043612456 -0.9890072810980491 0.14142135623730934
vn -0.9990482215818579 0.04361938736533591 -3.67761376907083e-16
vn 0.9990482215818579 -0.04361938736533591 3.67761376907083e-16
vn 0.03860543219061213 0.8842097677896398 -0.4654918980506185
vn -0.03860543219061213 -0.8842097677896399 0.4654918980506185
vn -0.9990482215818579 0.04361938736533591 -3.67761376907083e-16
vn 0.9990482215818579 -0.04361938736533591 3.67761376907083e-16
vn 0.03084356459723192 0.706433772212892 -0.7071067811865477
vn -0.03084356459723192 -0.706433772212892 0.7071067811865477
vn -0.9990482215818579 0.04361938736533591 -3.67761376907083e-16
vn 0.9990482215818579 -0.04361938736533591 3.67761376907083e-16
vn 0.020304471416495495 0.4650488529082336 -0.8850521413166756
vn -0.020304471416495516 -0.46504885290823406 0.8850521413166754
vn -0.9990482215818579 0.04361938736533591 -3.67761376907083e-16
vn 0.9990482215818579 -0.04361938736533591 3.67761376907083e-16
vn 0.006168712919446541 0.14128675444257868 -0.9899494936611666
vn -0.006168712919446527 -0.1412867544425784 0.9899494936611667
vn -0.9990482215818579 0.04361938736533591 -3.67761376907083e-16
vn 0.9990482215818579 -0.04361938736533591 3.67761376907083e-16
vn -0.01208810229292329 -0.2768630608425732 -0.9608333483616383
vn 0.012088102292923314 0.2768630608425737 0.9608333483616383
vn -0.9990482215818579 0.04361938736533591 -3.67761376907083e-16
vn 0.9990482215818579 -0.04361938736533591 3.67761376907083e-16
vn -0.030843564597231685 -0.706433772212892 -0.7071067811865476
vn 0.030843564597231685 0.706433772212892 0.7071067811865476
vn -0.9990482215818579 0.04361938736533591 -3.67761376907083e-16
vn 0.9990482215818579 -0.04361938736533591 3.67761376907083e-16
vn -0.04191096201571896 -0.9599188479172365 -0.2771268241729096
vn 0.04191096201571894 0.9599188479172361 0.27712682417291035
vn -0.9990482215818579 0.04361938736533591 -3.67761376907083e-16
vn 0.9990482215818579 -0.04361938736533591 3.67761376907083e-16
vn -0.04318099043612455 -0.989007281098049 0.1414213562373097
vn 0.04318099043612454 0.9890072810980489 -0.14142135623731025
vn -0.9990482215818579 0.04361938736533591 -3.67761376907083e-16
vn 0.9990482215818579 -0.04361938736533591 3.67761376907083e-16
vn -0.03860543219061213 -0.8842097677896399 0.46549189805061875
vn 0.03860543219061214 0.8842097677896401 -0.4654918980506181
vn -0.9990482215818579 0.04361938736533591 -3.67761376907083e-16
vn 0.9990482215818579 -0.04361938736533591 3.67761376907083e-16
vn -0.030843564597231938 -0.7064337722128925 0.7071067811865472
vn 0.03084356459723192 0.706433772212892 -0.7071067811865477
vn -0.9990482215818579 0.04361938736533591 -3.67761376907083e-16
vn 0.9990482215818579 -0.04361938736533591 3.67761376907083e-16
vn -0.02030447141649549 -0.4650488529082335 0.8850521413166758
vn 0.020304471416495516 0.46504885290823406 -0.8850521413166756
vn -0.9990482215818579 0.04361938736533591 -3.67761376907083e-16
vn 0.9990482215818579 -0.04361938736533591 3.67761376907083e-16
vn -0.006168712919446541 -0.14128675444257868 0.9899494936611666
vn 0.006168712919446515 0.1412867544425781 -0.9899494936611666
vn -0.9990482215818579 0.04361938736533591 -3.67761376907083e-16
vn 0.9990482215818579 -0.04361938736533591 3.67761376907083e-16
vn 0.012088102292923298 0.27686306084257334 0.9608333483616385
vn -0.012088102292923284 -0.27686306084257306 -0.9608333483616385
vn -0.9990482215818579 0.04361938736533591 -3.67761376907083e-16
vn 0.9990482215818579 -0.04361938736533591 3.67761376907083e-16
vn 0.03084356459723166 0.7064337722128915 0.7071067811865481
vn -0.030843564597231685 -0.706433772212892 -0.7071067811865476
vn -0.9990482215818579 0.04361938736533591 -3.67761376907083e-16
vn 0.9990482215818579 -0.04361938736533591 3.67761376907083e-16
usemtl none
f 2246/8961/2241 2245/8962/2241 2241/8963/2241 2242/8964/2241
f 2247/8965/2242 2248/8966/2242 2244/8967/2242 2243/8968/2242
f 2245/8969/2243 2247/8970/2243 2243/8971/2243 2241/8972/2243
f 2248/8973/2244 2246/8974/2244 2242/8975/2244 2244/8976/2244
f 2250/8977/2245 2249/8978/2245 2245/8979/2245 2246/8980/2245
f 2251/8981/2246 2252/8982/2246 2248/8983/2246 2247/8984/2246
f 2249/8985/2247 2251/8986/2247 2247/8987/2247 2245/8988/2247
f 2252/8989/2248 2250/8990/2248 2246/8991/2248 2248/8992/2248
f 2254/8993/2249 2253/8994/2249 2249/8995/2249 2250/8996/2249
f 2255/8997/2250 2256/8998/2250 2252/8999/2250 2251/9000/2250
f 2253/9001/2251 2255/9002/2251 2251/9003/2251 2249/9004/2251
f 2256/9005/2252 2254/9006/2252 2250/9007/2252 2252/9008/2252
f 2258/9009/2253 2257/9010/2253 2253/9011/2253 2254/9012/2253
f 2259/9013/2254 2260/9014/2254 2256/9015/2254 2255/9016/2254
f 2257/9017/2255 2259/9018/2255 2255/9019/2255 2253/9020/2255
f 2260/9021/2256 2258/9022/2256 2254/9023/2256 2256/9024/2256
f 2262/9025/2257 2261/9026/2257 2257/9027/2257 2258/9028/2257
f 2263/9029/2258 2264/9030/2258 2260/9031/2258 2259/9032/2258
f 2261/9033/2259 2263/9034/2259 2259/9035/2259 2257/9036/2259
f 2264/9037/2260 2262/9038/2260 2258/9039/2260 2260/9040/2260
f 2266/9041/2261 2265/9042/2261 2261/9043/2261 2262/9044/2261
f 2267/9045/2262 2268/9046/2262 2264/9047/2262 2263/9048/2262
f 2265/9049/2263 2267/9050/2263 2263/9051/2263 2261/9052/2263
f 2268/9053/2264 2266/9054/2264 2262/9055/2264 2264/9056/2264
f 2270/9057/2265 2269/9058/2265 2265/9059/2265 2266/9060/2265
f 2271/9061/2266 2272/9062/2266 2268/9063/2266 2267/9064/2266
f 2269/9065/2267 2271/9066/2267 2267/9067/2267 2265/9068/2267
f 2272/9069/2268 2270/9070/2268 2266/9071/2268 2268/9072/2268
f 2274/9073/2269 2273/9074/2269 2269/9075/2269 2270/9076/2269
f 2275/9077/2270 2276/9078/2270 2272/9079/2270 2271/9080/2270
f 2273/9081/2271 2275/9082/2271 2271/9083/2271 2269/9084/2271
f 2276/9085/2272 2274/9086/2272 2270/9087/2272 2272/9088/2272
f 2278/9089/2273 2277/9090/2273 2273/9091/2273 2274/9092/2273
f 2279/9093/2274 2280/9094/2274 2276/9095/2274 2275/9096/2274
f 2277/9097/2275 2279/9098/2275 2275/9099/2275 2273/9100/2275
f 2280/9101/2276 2278/9102/2276 2274/9103/2276 2276/9104/2276
f 2282/9105/2277 2281/9106/2277 2277/9107/2277 2278/9108/2277
f 2283/9109/2278 2284/9110/2278 2280/9111/2278 2279/9112/2278
f 2281/9113/2279 2283/9114/2279 2279/9115/2279 2277/9116/2279
f 2284/9117/2280 2282/9118/2280 2278/9119/2280 2280/9120/2280
f 2286/9121/2281 2285/9122/2281 2281/9123/2281 2282/9124/2281
f 2287/9125/2282 2288/9126/2282 2284/9127/2282 2283/9128/2282
f 2285/9129/2283 2287/9130/2283 2283/9131/2283 2281/9132/2283
f 2288/9133/2284 2286/9134/2284 2282/9135/2284 2284/9136/2284
f 2290/9137/2285 2289/9138/2285 2285/9139/2285 2286/9140/2285
f 2291/9141/2286 2292/9142/2286 2288/9143/2286 2287/9144/2286
f 2289/9145/2287 2291/9146/2287 2287/9147/2287 2285/9148/2287
f 2292/9149/2288 2290/9150/2288 2286/9151/2288 2288/9152/2288
f 2294/9153/2289 2293/9154/2289 2289/9155/2289 2290/9156/2289
f 2295/9157/2290 2296/9158/2290 2292/9159/2290 2291/9160/2290
f 2293/9161/2291 2295/9162/2291 2291/9163/2291 2289/9164/2291
f 2296/9165/2292 2294/9166/2292 2290/9167/2292 2292/9168/2292
f 2298/9169/2293 2297/9170/2293 2293/9171/2293 2294/9172/2293
f 2299/9173/2294 2300/9174/2294 2296/9175/2294 2295/9176/2294
f 2297/9177/2295 2299/9178/2295 2295/9179/2295 2293/9180/2295
f 2300/9181/2296 2298/9182/2296 2294/9183/2296 2296/9184/2296
f 2302/9185/2297 2301/9186/2297 2297/9187/2297 2298/9188/2297
f 2303/9189/2298 2304/9190/2298 2300/9191/2298 2299/9192/2298
f 2301/9193/2299 2303/9194/2299 2299/9195/2299 2297/9196/2299
f 2304/9197/2300 2302/9198/2300 2298/9199/2300 2300/9200/2300
f 2242/9201/2301 2241/9202/2301 2301/9203/2301 2302/9204/2301
f 2243/9205/2302 2244/9206/2302 2304/9207/2302 2303/9208/2302
f 2241/9209/2303 2243/9210/2303 2303/9211/2303 2301/9212/2303
f 2244/9213/2304 2242/9214/2304 2302/9215/2304 2304/9216/2304
o tube
v 0.08872373442111889 -0.4206637804999796 0.8827082342533238
v 0.0896875958147824 -0.44273983588163246 0.8606111473412442
v 0.08669784351810252 -0.42037467179043553 0.8823310325911514
v 0.08766170491176603 -0.4424507271720884 0.8602339456790717
v 0.08230275210374967 -0.43720282209743017 0.8989514550329579
v 0.08326661349741318 -0.4592788774790831 0.8768543681208782
v 0.08055237811513646 -0.43620404226859505 0.8978772755801647
v 0.08151623950879998 -0.4582800976502479 0.8757801886680852
v 0.0696714280139232 -0.45019818438242887 0.9113834779941865
v 0.07063528940758672 -0.4722742397640817 0.8892863910821068
v 0.06846304951229984 -0.4486417886092811 0.9097758548349995
v 0.06942691090596334 -0.470717843990934 0.8876787679229199
v 0.05275276674107757 -0.45767144125033704 0.9181116403377314
v 0.053716628134741075 -0.4797474966319899 0.8960145534256518
v 0.05227034839933778 -0.45579437668057565 0.9162153195249965
v 0.05323420979300129 -0.4778704320622285 0.8941182326129169
v 0.03412248109595714 -0.4584848570882579 0.9181116403377314
v 0.03508634248962065 -0.4805609124699108 0.8960145534256518
v 0.03443946673349766 -0.45657288978699634 0.9162153195249965
v 0.03540332812716117 -0.4786489451686492 0.8941182326129169
v 0.01661686318407161 -0.45251459670850097 0.9113834779941865
v 0.01758072457773512 -0.47459065209015383 0.8892863910821068
v 0.017684994611058852 -0.4508588063653295 0.9097758548349995
v 0.01864885600472236 -0.4729348617469824 0.8876787679229199
v 0.0029009846436839695 -0.44066957813333907 0.8989514550329578
v 0.0038648460373474774 -0.4627456335149919 0.8768543681208782
v 0.004557648532994625 -0.43952204381822874 0.8978772755801647
v 0.005521509926658133 -0.46159809919988165 0.8757801886680852
v -0.004937036352180298 -0.4247530980654799 0.8827082342533238
v -0.00397317495851679 -0.44682915344713275 0.8606111473412442
v -0.0029440520599982173 -0.4242885214754818 0.8823310325911514
v -0.0019801906663347094 -0.44636457685713465 0.8602339456790717
v -0.0057039321587381425 -0.4071882963120038 0.8651266987738205
v -0.004740070765074635 -0.4292643516936567 0.843029611861741
v -0.003678041255721763 -0.4074774050215479 0.865503900435993
v -0.0027141798620582552 -0.42955346040320075 0.8434068135239133
v 0.0007170501586310774 -0.39064925471455325 0.8488834779941865
v 0.0016809115522945853 -0.4127253100962061 0.8267863910821069
v 0.0024674241472442612 -0.39164803454338837 0.8499576574469796
v 0.003431285540907769 -0.4137240899250412 0.8278605705349
v 0.01334837424845755 -0.37765389242955455 0.8364514550329579
v 0.014312235642121057 -0.3997299478112074 0.8143543681208782
v 0.014556752750080924 -0.37921028820270225 0.8380590781921449
v 0.015520614143744432 -0.40128634358435517 0.8159619912800653
v 0.030267035521303172 -0.3701806355616464 0.829723292689413
v 0.031230896914966683 -0.39225669094329924 0.8076262057773334
v 0.03074945386304296 -0.37205770013140776 0.8316196135021479
v 0.03171331525670647 -0.3941337555130606 0.8095225265900683
v 0.04889732116642361 -0.3693672197237255 0.8297232926894129
v 0.04986118256008712 -0.39144327510537835 0.8076262057773334
v 0.04858033552888309 -0.3712791870249871 0.8316196135021479
v 0.04954419692254661 -0.39335524240663994 0.8095225265900683
v 0.06640293907830913 -0.37533748010348245 0.8364514550329579
v 0.06736680047197265 -0.3974135354851353 0.8143543681208782
v 0.0653348076513219 -0.37699327044665387 0.8380590781921449
v 0.06629866904498541 -0.3990693258283068 0.8159619912800653
v 0.08011881761869677 -0.38718249867864435 0.8488834779941865
v 0.08108267901236028 -0.4092585540602972 0.8267863910821069
v 0.07846215372938611 -0.3883300329937546 0.8499576574469796
v 0.07942601512304961 -0.41040608837540754 0.8278605705349
v 0.08795683861456104 -0.4030989787465035 0.8651266987738205
v 0.08892070000822455 -0.4251750341281564 0.843029611861741
v 0.08596385432237896 -0.4035635553365016 0.865503900435993
v 0.08692771571604248 -0.4256396107181545 0.8434068135239133
vt 0.037465625 0.515625
vt 0.049490625 0.515625
vt 0.049490625 0.53125
vt 0.037465625 0.53125
vt 0.5878 0.5
vt 0.5762875 0.5
vt 0.5762875 0.484375
vt 0.5878 0.484375
vt 0.052825000000000025 0.9833687500000001
vt 0.06381562500000003 0.9799531250000002
vt 0.06457812500000003 0.9808062500000002
vt 0.05309062500000003 0.9843750000000002
vt 0.287465625 0.953125
vt 0.298953125 0.95669375
vt 0.298190625 0.957546875
vt 0.2872 0.95413125
vt 0.049490625 0.515625
vt 0.060478125 0.515625
vt 0.060478125 0.53125
vt 0.049490625 0.53125
vt 0.5762875 0.5
vt 0.565771875 0.5
vt 0.565771875 0.484375
vt 0.5762875 0.484375
vt 0.06381562500000003 0.9799531250000002
vt 0.07223125000000002 0.9736437500000001
vt 0.07336875000000002 0.9742125000000001
vt 0.06457812500000003 0.9808062500000002
vt 0.298953125 0.95669375
vt 0.30774375 0.9632875
vt 0.30660624999999997 0.96385625
vt 0.298190625 0.957546875
vt 0.657371875 0.421875
vt 0.6672125 0.421875
vt 0.6672125 0.4375
vt 0.657371875 0.4375
vt 0.77950625 0.5625
vt 0.7700875 0.5625
vt 0.7700875 0.546875
vt 0.77950625 0.546875
vt 0.07223125000000002 0.9736437500000001
vt 0.07678437500000003 0.9654000000000001
vt 0.07812500000000003 0.9656000000000001
vt 0.07336875000000002 0.9742125000000001
vt 0.30774375 0.9632875
vt 0.3125 0.9719
vt 0.311159375 0.9721
vt 0.30660624999999997 0.96385625
vt 0.6672125 0.421875
vt 0.6765375 0.421875
vt 0.6765375 0.4375
vt 0.6672125 0.4375
vt 0.7700875 0.5625
vt 0.7611625 0.5625
vt 0.7611625 0.546875
vt 0.7700875 0.546875
vt 0.07678437500000003 0.9654000000000001
vt 0.07678437500000003 0.9564750000000002
vt 0.07812500000000003 0.9562750000000002
vt 0.07812500000000003 0.9656000000000001
vt 0.3125 0.9719
vt 0.3125 0.981225
vt 0.311159375 0.9810249999999999
vt 0.311159375 0.9721
vt 0.6765375 0.421875
vt 0.686378125 0.421875
vt 0.686378125 0.4375
vt 0.6765375 0.4375
vt 0.7611625 0.5625
vt 0.75174375 0.5625
vt 0.75174375 0.546875
vt 0.7611625 0.546875
vt 0.07678437500000003 0.9564750000000002
vt 0.07223125000000004 0.9482312500000002
vt 0.07336875000000004 0.9476625000000002
vt 0.07812500000000003 0.9562750000000002
vt 0.3125 0.981225
vt 0.30774375 0.9898374999999999
vt 0.30660625 0.98926875
vt 0.311159375 0.9810249999999999
vt 0.439521875 0.796875
vt 0.450509375 0.796875
vt 0.450509375 0.8125
vt 0.439521875 0.8125
vt 0.527978125 0.4375
vt 0.5174625 0.4375
vt 0.5174625 0.421875
vt 0.527978125 0.421875
vt 0.07223125000000004 0.9482312500000002
vt 0.06381562500000006 0.9419218750000001
vt 0.06457812500000006 0.9410687500000001
vt 0.07336875000000004 0.9476625000000002
vt 0.30774375 0.9898374999999999
vt 0.29895312500000004 0.99643125
vt 0.29819062500000004 0.995578125
vt 0.30660625 0.98926875
vt 0.450509375 0.796875
vt 0.462534375 0.796875
vt 0.462534375 0.8125
vt 0.450509375 0.8125
vt 0.5174625 0.4375
vt 0.50595 0.4375
vt 0.50595 0.421875
vt 0.5174625 0.421875
vt 0.06381562500000006 0.9419218750000001
vt 0.05282500000000007 0.9385062500000001
vt 0.05309062500000008 0.9375000000000001
vt 0.06457812500000006 0.9410687500000001
vt 0.29895312500000004 0.99643125
vt 0.287465625 1
vt 0.2872 0.99899375
vt 0.29819062500000004 0.995578125
vt 0.462534375 0.796875
vt 0.474965625 0.796875
vt 0.474965625 0.8125
vt 0.462534375 0.8125
vt 0.50595 0.4375
vt 0.49405 0.4375
vt 0.49405 0.421875
vt 0.50595 0.421875
vt 0.05282500000000007 0.9385062500000001
vt 0.04092500000000007 0.93850625
vt 0.04065937500000008 0.9375
vt 0.05309062500000008 0.9375000000000001
vt 0.287465625 1
vt 0.275034375 1
vt 0.27530000000000004 0.99899375
vt 0.2872 0.99899375
vt 0.474965625 0.796875
vt 0.486990625 0.796875
vt 0.486990625 0.8125
vt 0.474965625 0.8125
vt 0.49405 0.4375
vt 0.4825375 0.4375
vt 0.4825375 0.421875
vt 0.49405 0.421875
vt 0.04092499999999994 0.9385062500000002
vt 0.029934374999999947 0.9419218750000001
vt 0.029171874999999944 0.9410687500000002
vt 0.04065937499999994 0.9375000000000001
vt 0.27503437500000005 1
vt 0.263546875 0.99643125
vt 0.264309375 0.995578125
vt 0.27530000000000004 0.99899375
vt 0.486990625 0.796875
vt 0.497978125 0.796875
vt 0.497978125 0.8125
vt 0.486990625 0.8125
vt 0.4825375 0.4375
vt 0.472021875 0.4375
vt 0.472021875 0.421875
vt 0.4825375 0.421875
vt 0.029934374999999947 0.9419218750000001
vt 0.02151874999999996 0.9482312500000002
vt 0.020381249999999962 0.9476625000000002
vt 0.029171874999999944 0.9410687500000002
vt 0.263546875 0.99643125
vt 0.25475625 0.9898375
vt 0.25589375000000003 0.98926875
vt 0.264309375 0.995578125
vt 0.657371875 0.359375
vt 0.6672125 0.359375
vt 0.6672125 0.375
vt 0.657371875 0.375
vt 0.52950625 0.25
vt 0.5200875 0.25
vt 0.5200875 0.234375
vt 0.52950625 0.234375
vt 0.02151874999999996 0.9482312500000002
vt 0.016965624999999977 0.9564750000000002
vt 0.015624999999999972 0.9562750000000002
vt 0.020381249999999962 0.9476625000000002
vt 0.25475625 0.9898375
vt 0.25 0.981225
vt 0.25134062500000004 0.981025
vt 0.25589375000000003 0.98926875
vt 0.6672125 0.359375
vt 0.6765375 0.359375
vt 0.6765375 0.375
vt 0.6672125 0.375
vt 0.5200875 0.25
vt 0.5111625 0.25
vt 0.5111625 0.234375
vt 0.5200875 0.234375
vt 0.016965624999999977 0.9564750000000002
vt 0.016965625 0.9654000000000003
vt 0.015625 0.9656000000000002
vt 0.015624999999999972 0.9562750000000002
vt 0.25 0.981225
vt 0.25 0.9719
vt 0.251340625 0.9721
vt 0.25134062500000004 0.981025
vt 0.6765375 0.359375
vt 0.686378125 0.359375
vt 0.686378125 0.375
vt 0.6765375 0.375
vt 0.5111625 0.25
vt 0.50174375 0.25
vt 0.50174375 0.234375
vt 0.5111625 0.234375
vt 0.016965625 0.9654000000000003
vt 0.02151875000000001 0.9736437500000003
vt 0.02038125000000001 0.9742125000000001
vt 0.015625000000000007 0.9656000000000002
vt 0.25 0.9719
vt 0.25475625 0.9632875
vt 0.25589375 0.96385625
vt 0.251340625 0.9721
vt 0.0020218749999999994 0.515625
vt 0.013009375 0.515625
vt 0.013009375 0.53125
vt 0.0020218749999999994 0.53125
vt 0.621728125 0.5
vt 0.6112125 0.5
vt 0.6112125 0.484375
vt 0.621728125 0.484375
vt 0.02151875000000001 0.9736437500000003
vt 0.029934375000000023 0.9799531250000002
vt 0.029171875000000028 0.9808062500000002
vt 0.02038125000000001 0.9742125000000001
vt 0.25475625 0.9632875
vt 0.26354687499999996 0.95669375
vt 0.264309375 0.957546875
vt 0.25589375 0.96385625
vt 0.013009375 0.515625
vt 0.025034375 0.515625
vt 0.025034375 0.53125
vt 0.013009375 0.53125
vt 0.6112125 0.5
vt 0.5997 0.5
vt 0.5997 0.484375
vt 0.6112125 0.484375
vt 0.029934375000000023 0.9799531250000002
vt 0.04092500000000003 0.9833687500000001
vt 0.040659375000000025 0.9843750000000002
vt 0.029171875000000028 0.9808062500000002
vt 0.26354687499999996 0.95669375
vt 0.275034375 0.953125
vt 0.2753 0.95413125
vt 0.26430937499999996 0.957546875
vt 0.025034375 0.515625
vt 0.037465625 0.515625
vt 0.037465625 0.53125
vt 0.025034375 0.53125
vt 0.5997 0.5
vt 0.5878 0.5
vt 0.5878 0.484375
vt 0.5997 0.484375
vt 0.04092500000000003 0.9833687500000001
vt 0.052825000000000025 0.9833687500000001
vt 0.05309062500000003 0.9843750000000002
vt 0.040659375000000025 0.9843750000000002
vt 0.275034375 0.953125
vt 0.287465625 0.953125
vt 0.2872 0.95413125
vt 0.2753 0.95413125
vn 0.9632204006569325 -0.1679248651210714 0.20978012163302917
vn -0.9632204006569325 0.16792486512107155 -0.20978012163302928
vn -0.03084356459723214 0.7064337722128919 0.7071067811865478
vn 0.03084356459723214 -0.7064337722128919 -0.7071067811865478
vn 0.8177447160238254 -0.38896475343546627 0.4242640687119287
vn -0.8177447160238254 0.38896475343546627 -0.4242640687119287
vn -0.03084356459723214 0.7064337722128919 0.7071067811865478
vn 0.03084356459723214 -0.7064337722128919 -0.7071067811865478
vn 0.5099929111235296 -0.597303008035541 0.6189800862672741
vn -0.5099929111235298 0.5973030080355409 -0.618980086267274
vn -0.03084356459723214 0.7064337722128919 0.7071067811865478
vn 0.03084356459723214 -0.7064337722128919 -0.7071067811865478
vn 0.0308435645972317 -0.7064337722128923 0.7071067811865476
vn -0.0308435645972317 0.7064337722128923 -0.7071067811865476
vn -0.03084356459723214 0.7064337722128919 0.7071067811865478
vn 0.03084356459723214 -0.7064337722128919 -0.7071067811865478
vn -0.4559938468148875 -0.639478900724269 0.6189800862672737
vn 0.4559938468148867 0.6394789007242693 -0.6189800862672741
vn -0.03084356459723214 0.7064337722128919 0.7071067811865478
vn 0.03084356459723214 -0.7064337722128919 -0.7071067811865478
vn -0.7807324385071469 -0.4587557732200044 0.4242640687119284
vn 0.7807324385071474 0.45875577322000427 -0.4242640687119282
vn -0.03084356459723214 0.7064337722128919 0.7071067811865478
vn 0.03084356459723214 -0.7064337722128919 -0.7071067811865478
vn -0.9449194398828159 -0.25123604976033487 0.20978012163302825
vn 0.9449194398828159 0.25123604976033476 -0.2097801216330281
vn -0.03084356459723214 0.7064337722128919 0.7071067811865478
vn 0.03084356459723214 -0.7064337722128919 -0.7071067811865478
vn -0.9990482215818579 -0.04361938736533606 -5.20417042793042e-16
vn 0.9990482215818579 0.04361938736533606 5.20417042793042e-16
vn -0.03084356459723214 0.7064337722128919 0.7071067811865478
vn 0.03084356459723214 -0.7064337722128919 -0.7071067811865478
vn -0.9632204006569326 0.1679248651210715 -0.20978012163302925
vn 0.9632204006569326 -0.16792486512107105 0.2097801216330288
vn -0.03084356459723214 0.7064337722128919 0.7071067811865478
vn 0.03084356459723214 -0.7064337722128919 -0.7071067811865478
vn -0.8177447160238251 0.3889647534354663 -0.42426406871192873
vn 0.8177447160238248 -0.3889647534354669 0.42426406871192923
vn -0.03084356459723214 0.7064337722128919 0.7071067811865478
vn 0.03084356459723214 -0.7064337722128919 -0.7071067811865478
vn -0.5099929111235294 0.5973030080355411 -0.6189800862672743
vn 0.5099929111235303 -0.5973030080355407 0.6189800862672737
vn -0.03084356459723214 0.7064337722128919 0.7071067811865478
vn 0.03084356459723214 -0.7064337722128919 -0.7071067811865478
vn -0.030843564597232805 0.7064337722128922 -0.7071067811865475
vn 0.0308435645972317 -0.7064337722128923 0.7071067811865476
vn -0.03084356459723214 0.7064337722128919 0.7071067811865478
vn 0.03084356459723214 -0.7064337722128919 -0.7071067811865478
vn 0.4559938468148877 0.6394789007242689 -0.6189800862672736
vn -0.45599384681488697 -0.6394789007242693 0.618980086267274
vn -0.03084356459723214 0.7064337722128919 0.7071067811865478
vn 0.03084356459723214 -0.7064337722128919 -0.7071067811865478
vn 0.7807324385071471 0.4587557732200044 -0.42426406871192834
vn -0.7807324385071475 -0.4587557732200041 0.424264068711928
vn -0.03084356459723214 0.7064337722128919 0.7071067811865478
vn 0.03084356459723214 -0.7064337722128919 -0.7071067811865478
vn 0.9449194398828159 0.25123604976033476 -0.2097801216330281
vn -0.9449194398828158 -0.25123604976033515 0.20978012163302853
vn -0.03084356459723214 0.7064337722128919 0.7071067811865478
vn 0.03084356459723214 -0.7064337722128919 -0.7071067811865478
vn 0.9990482215818579 0.04361938736533646 1.2574765160154667e-16
vn -0.9990482215818579 -0.04361938736533606 -5.20417042793042e-16
vn -0.03084356459723214 0.7064337722128919 0.7071067811865478
vn 0.03084356459723214 -0.7064337722128919 -0.7071067811865478
usemtl none
f 2305/9217/2305 2309/9218/2305 2310/9219/2305 2306/9220/2305
f 2308/9221/2306 2312/9222/2306 2311/9223/2306 2307/9224/2306
f 2307/9225/2307 2311/9226/2307 2309/9227/2307 2305/9228/2307
f 2306/9229/2308 2310/9230/2308 2312/9231/2308 2308/9232/2308
f 2309/9233/2309 2313/9234/2309 2314/9235/2309 2310/9236/2309
f 2312/9237/2310 2316/9238/2310 2315/9239/2310 2311/9240/2310
f 2311/9241/2311 2315/9242/2311 2313/9243/2311 2309/9244/2311
f 2310/9245/2312 2314/9246/2312 2316/9247/2312 2312/9248/2312
f 2313/9249/2313 2317/9250/2313 2318/9251/2313 2314/9252/2313
f 2316/9253/2314 2320/9254/2314 2319/9255/2314 2315/9256/2314
f 2315/9257/2315 2319/9258/2315 2317/9259/2315 2313/9260/2315
f 2314/9261/2316 2318/9262/2316 2320/9263/2316 2316/9264/2316
f 2317/9265/2317 2321/9266/2317 2322/9267/2317 2318/9268/2317
f 2320/9269/2318 2324/9270/2318 2323/9271/2318 2319/9272/2318
f 2319/9273/2319 2323/9274/2319 2321/9275/2319 2317/9276/2319
f 2318/9277/2320 2322/9278/2320 2324/9279/2320 2320/9280/2320
f 2321/9281/2321 2325/9282/2321 2326/9283/2321 2322/9284/2321
f 2324/9285/2322 2328/9286/2322 2327/9287/2322 2323/9288/2322
f 2323/9289/2323 2327/9290/2323 2325/9291/2323 2321/9292/2323
f 2322/9293/2324 2326/9294/2324 2328/9295/2324 2324/9296/2324
f 2325/9297/2325 2329/9298/2325 2330/9299/2325 2326/9300/2325
f 2328/9301/2326 2332/9302/2326 2331/9303/2326 2327/9304/2326
f 2327/9305/2327 2331/9306/2327 2329/9307/2327 2325/9308/2327
f 2326/9309/2328 2330/9310/2328 2332/9311/2328 2328/9312/2328
f 2329/9313/2329 2333/9314/2329 2334/9315/2329 2330/9316/2329
f 2332/9317/2330 2336/9318/2330 2335/9319/2330 2331/9320/2330
f 2331/9321/2331 2335/9322/2331 2333/9323/2331 2329/9324/2331
f 2330/9325/2332 2334/9326/2332 2336/9327/2332 2332/9328/2332
f 2333/9329/2333 2337/9330/2333 2338/9331/2333 2334/9332/2333
f 2336/9333/2334 2340/9334/2334 2339/9335/2334 2335/9336/2334
f 2335/9337/2335 2339/9338/2335 2337/9339/2335 2333/9340/2335
f 2334/9341/2336 2338/9342/2336 2340/9343/2336 2336/9344/2336
f 2337/9345/2337 2341/9346/2337 2342/9347/2337 2338/9348/2337
f 2340/9349/2338 2344/9350/2338 2343/9351/2338 2339/9352/2338
f 2339/9353/2339 2343/9354/2339 2341/9355/2339 2337/9356/2339
f 2338/9357/2340 2342/9358/2340 2344/9359/2340 2340/9360/2340
f 2341/9361/2341 2345/9362/2341 2346/9363/2341 2342/9364/2341
f 2344/9365/2342 2348/9366/2342 2347/9367/2342 2343/9368/2342
f 2343/9369/2343 2347/9370/2343 2345/9371/2343 2341/9372/2343
f 2342/9373/2344 2346/9374/2344 2348/9375/2344 2344/9376/2344
f 2345/9377/2345 2349/9378/2345 2350/9379/2345 2346/9380/2345
f 2348/9381/2346 2352/9382/2346 2351/9383/2346 2347/9384/2346
f 2347/9385/2347 2351/9386/2347 2349/9387/2347 2345/9388/2347
f 2346/9389/2348 2350/9390/2348 2352/9391/2348 2348/9392/2348
f 2349/9393/2349 2353/9394/2349 2354/9395/2349 2350/9396/2349
f 2352/9397/2350 2356/9398/2350 2355/9399/2350 2351/9400/2350
f 2351/9401/2351 2355/9402/2351 2353/9403/2351 2349/9404/2351
f 2350/9405/2352 2354/9406/2352 2356/9407/2352 2352/9408/2352
f 2353/9409/2353 2357/9410/2353 2358/9411/2353 2354/9412/2353
f 2356/9413/2354 2360/9414/2354 2359/9415/2354 2355/9416/2354
f 2355/9417/2355 2359/9418/2355 2357/9419/2355 2353/9420/2355
f 2354/9421/2356 2358/9422/2356 2360/9423/2356 2356/9424/2356
f 2357/9425/2357 2361/9426/2357 2362/9427/2357 2358/9428/2357
f 2360/9429/2358 2364/9430/2358 2363/9431/2358 2359/9432/2358
f 2359/9433/2359 2363/9434/2359 2361/9435/2359 2357/9436/2359
f 2358/9437/2360 2362/9438/2360 2364/9439/2360 2360/9440/2360
f 2361/9441/2361 2365/9442/2361 2366/9443/2361 2362/9444/2361
f 2364/9445/2362 2368/9446/2362 2367/9447/2362 2363/9448/2362
f 2363/9449/2363 2367/9450/2363 2365/9451/2363 2361/9452/2363
f 2362/9453/2364 2366/9454/2364 2368/9455/2364 2364/9456/2364
f 2365/9457/2365 2305/9458/2365 2306/9459/2365 2366/9460/2365
f 2368/9461/2366 2308/9462/2366 2307/9463/2366 2367/9464/2366
f 2367/9465/2367 2307/9466/2367 2305/9467/2367 2365/9468/2367
f 2366/9469/2368 2306/9470/2368 2308/9471/2368 2368/9472/2368
o tube
v -0.008511651575452488 0.3735436017483755 0.04973217496181307
v 0.022708605348980573 0.3749067076035422 0.04973217496181308
v -0.008606707906614983 0.37572074967121527 0.04811875539570746
v 0.02261354901781808 0.377083855526382 0.048118755395707466
v -0.008273740390536785 0.3680945397477169 0.030821597033542612
v 0.022946516533896278 0.36945764560288363 0.03082159703354262
v -0.008379005215093297 0.370505500609856 0.030019608463950426
v 0.022841251709339767 0.37186860646502273 0.030019608463950433
v -0.008409309696856921 0.37119958735523695 0.009065556851392521
v 0.02281094722757614 0.3725626932104037 0.009065556851392528
v -0.008508757399496737 0.37347731422082936 0.009197094767989685
v 0.022711499524936327 0.3748404200759961 0.009197094767989692
v -0.008897720296464483 0.3823860292200174 -0.012223785685900226
v 0.02232253662796858 0.38374913507518416 -0.012223785685900226
v -0.008976210865956355 0.3841837588214221 -0.011178746738521449
v 0.022244046058476706 0.38554686467658883 -0.011178746738521449
v -0.009664616103022324 0.3999508309734935 -0.02980532116540347
v 0.021555640821410735 0.40131393682866023 -0.02980532116540347
v -0.009710200061679905 0.400994875275356 -0.02800587889367985
v 0.02151005686275316 0.40235798113052273 -0.02800587889367985
v -0.010593244181909815 0.42121991077402277 -0.04100242018737885
v 0.020627012742523248 0.4225830166291895 -0.041002420187378846
v -0.010598981785247097 0.4213513234956697 -0.03872252336519551
v 0.020621275139185963 0.4227144293508365 -0.03872252336519551
v -0.011542229326150833 0.4429552440266633 -0.04411042592768602
v 0.019678027598282227 0.44431834988183005 -0.04411042592768601
v -0.01150724707607122 0.4421540187724832 -0.04169716817890419
v 0.019713009848361843 0.44351712462765 -0.04169716817890419
v -0.012367097150106435 0.461847823274987 -0.03865617268650539
v 0.01885315977432663 0.46321092913015377 -0.03865617268650538
v -0.012296720777069663 0.46023593932680384 -0.036476950627141146
v 0.0189235361473634 0.4615990451819706 -0.03647695062714114
v -0.012942269005024827 0.47502142459009405 -0.025470021076877937
v 0.018277987919408233 0.4763845304452608 -0.02547002107687793
v -0.012847212673862334 0.47284427666725426 -0.023856601510772325
v 0.01837304425057073 0.474207382522421 -0.02385660151077232
v -0.013180180189940532 0.48047048659075264 -0.006559443148607506
v 0.01804007673449253 0.4818335924459194 -0.0065594431486074994
v -0.013074915365384021 0.47805952572861354 -0.005757454579015317
v 0.018145341559049045 0.4794226315837803 -0.00575745457901531
v -0.013044610883620394 0.4773654389832326 0.015196597033542616
v 0.01817564604081267 0.47872854483839933 0.015196597033542623
v -0.01294516318098058 0.47508771211764017 0.015065059116945452
v 0.018275093743452486 0.4764508179728069 0.015065059116945459
v -0.012556200284012834 0.4661789971184521 0.03648593957083533
v 0.01866405664042023 0.46754210297361887 0.03648593957083533
v -0.012477709714520963 0.46438126751704745 0.03544090062345656
v 0.0187425472099121 0.4657443733722142 0.03544090062345656
v -0.01178930447745499 0.44861419536497604 0.05406747505033861
v 0.01943095244697807 0.4499773012201428 0.05406747505033861
v -0.011743720518797414 0.4475701510631135 0.05226803277861499
v 0.019476536405635653 0.44893325691828023 0.05226803277861499
v -0.010860676398567502 0.42734511556444676 0.06526457407231398
v 0.02035958052586556 0.4287082214196135 0.06526457407231398
v -0.010854938795230216 0.4272137028427998 0.06298467725013063
v 0.020365318129202843 0.42857680869796655 0.06298467725013064
v -0.009911691254326482 0.4056097823118062 0.06837257981262114
v 0.02130856567010658 0.40697288816697297 0.06837257981262115
v -0.009946673504406096 0.4064110075659863 0.06595932206383931
v 0.021273583420026967 0.40777411342115305 0.06595932206383932
v -0.009086823430370882 0.38671720306348256 0.06291832657144052
v 0.02213343349406218 0.3880803089186493 0.06291832657144052
v -0.009157199803407654 0.3883290870116657 0.06073910451207627
v 0.02206305712102541 0.38969219286683243 0.06073910451207628
vt 0.5515375 0.296875
vt 0.561378125 0.296875
vt 0.561378125 0.3125
vt 0.5515375 0.3125
vt 0.5736625 0.25
vt 0.56424375 0.25
vt 0.56424375 0.234375
vt 0.5736625 0.234375
vt 0.3169625 0.717409375
vt 0.32520625 0.71285625
vt 0.325775 0.71399375
vt 0.3171625 0.71875
vt 0.3796625 0.9375
vt 0.388275 0.94225625
vt 0.38770625000000003 0.94339375
vt 0.37946250000000004 0.938840625
vt 0.095771875 0.515625
vt 0.106759375 0.515625
vt 0.106759375 0.53125
vt 0.095771875 0.53125
vt 0.621728125 0.4375
vt 0.6112125 0.4375
vt 0.6112125 0.421875
vt 0.621728125 0.421875
vt 0.32520625 0.71285625
vt 0.331515625 0.7044406249999999
vt 0.33236875 0.7052031249999999
vt 0.325775 0.71399375
vt 0.388275 0.94225625
vt 0.39486875 0.9510468750000001
vt 0.394015625 0.9518093750000001
vt 0.38770625000000003 0.94339375
vt 0.106759375 0.515625
vt 0.118784375 0.515625
vt 0.118784375 0.53125
vt 0.106759375 0.53125
vt 0.6112125 0.4375
vt 0.5997 0.4375
vt 0.5997 0.421875
vt 0.6112125 0.421875
vt 0.331515625 0.7044406249999999
vt 0.33493125 0.69345
vt 0.3359375 0.6937156250000001
vt 0.33236875 0.7052031249999999
vt 0.39486875 0.9510468750000001
vt 0.3984375 0.962534375
vt 0.39743125 0.9628
vt 0.394015625 0.9518093750000001
vt 0.118784375 0.515625
vt 0.131215625 0.515625
vt 0.131215625 0.53125
vt 0.118784375 0.53125
vt 0.5997 0.4375
vt 0.5878 0.4375
vt 0.5878 0.421875
vt 0.5997 0.421875
vt 0.33493125 0.69345
vt 0.33493124999999996 0.68155
vt 0.3359375 0.6812843749999999
vt 0.3359375 0.6937156250000001
vt 0.3984375 0.962534375
vt 0.3984375 0.9749656250000001
vt 0.39743125 0.9747
vt 0.39743125 0.9628
vt 0.131215625 0.515625
vt 0.143240625 0.515625
vt 0.143240625 0.53125
vt 0.131215625 0.53125
vt 0.5878 0.4375
vt 0.5762875 0.4375
vt 0.5762875 0.421875
vt 0.5878 0.421875
vt 0.33493124999999996 0.68155
vt 0.331515625 0.6705593750000001
vt 0.33236875 0.6697968750000001
vt 0.3359375 0.6812843749999999
vt 0.3984375 0.9749656250000001
vt 0.39486875 0.986453125
vt 0.394015625 0.985690625
vt 0.39743125 0.9747
vt 0.143240625 0.515625
vt 0.154228125 0.515625
vt 0.154228125 0.53125
vt 0.143240625 0.53125
vt 0.5762875 0.4375
vt 0.565771875 0.4375
vt 0.565771875 0.421875
vt 0.5762875 0.421875
vt 0.331515625 0.6705593750000001
vt 0.32520625 0.66214375
vt 0.3257749999999999 0.66100625
vt 0.33236875 0.6697968750000001
vt 0.39486875 0.986453125
vt 0.3882749999999999 0.99524375
vt 0.3877062499999999 0.99410625
vt 0.394015625 0.985690625
vt 0.469871875 0.296875
vt 0.4797125 0.296875
vt 0.4797125 0.3125
vt 0.469871875 0.3125
vt 0.77950625 0.5
vt 0.7700875 0.5
vt 0.7700875 0.484375
vt 0.77950625 0.484375
vt 0.32520625 0.66214375
vt 0.3169624999999999 0.6575906250000001
vt 0.3171624999999999 0.65625
vt 0.3257749999999999 0.66100625
vt 0.3882749999999999 0.99524375
vt 0.3796624999999999 0.9999999999999999
vt 0.3794624999999999 0.9986593749999999
vt 0.3877062499999999 0.99410625
vt 0.4797125 0.296875
vt 0.4890375 0.296875
vt 0.4890375 0.3125
vt 0.4797125 0.3125
vt 0.7700875 0.5
vt 0.7611625 0.5
vt 0.7611625 0.484375
vt 0.7700875 0.484375
vt 0.3169624999999999 0.6575906250000001
vt 0.3080374999999999 0.6575906250000001
vt 0.30783749999999993 0.6562500000000001
vt 0.3171624999999999 0.65625
vt 0.3796624999999999 0.9999999999999999
vt 0.3703374999999999 0.9999999999999999
vt 0.3705374999999999 0.9986593749999999
vt 0.3794624999999999 0.9986593749999999
vt 0.4890375 0.296875
vt 0.498878125 0.296875
vt 0.498878125 0.3125
vt 0.4890375 0.3125
vt 0.7611625 0.5
vt 0.75174375 0.5
vt 0.75174375 0.484375
vt 0.7611625 0.484375
vt 0.3080375000000001 0.657590625
vt 0.2997937500000001 0.66214375
vt 0.2992250000000001 0.66100625
vt 0.30783750000000004 0.65625
vt 0.37033750000000004 1
vt 0.361725 0.99524375
vt 0.36229375 0.99410625
vt 0.3705375 0.998659375
vt 0.189521875 0.515625
vt 0.200509375 0.515625
vt 0.200509375 0.53125
vt 0.189521875 0.53125
vt 0.059228125 0.40625
vt 0.0487125 0.40625
vt 0.0487125 0.390625
vt 0.059228125 0.390625
vt 0.2997937500000001 0.66214375
vt 0.2934843750000001 0.6705593750000001
vt 0.29263125000000006 0.6697968750000001
vt 0.2992250000000001 0.66100625
vt 0.361725 0.99524375
vt 0.35513125 0.986453125
vt 0.355984375 0.985690625
vt 0.36229375 0.99410625
vt 0.200509375 0.515625
vt 0.212534375 0.515625
vt 0.212534375 0.53125
vt 0.200509375 0.53125
vt 0.0487125 0.40625
vt 0.037200000000000004 0.40625
vt 0.037200000000000004 0.390625
vt 0.0487125 0.390625
vt 0.2934843750000001 0.6705593750000001
vt 0.29006875000000004 0.68155
vt 0.28906250000000006 0.6812843749999999
vt 0.29263125000000006 0.6697968750000001
vt 0.35513125 0.986453125
vt 0.3515625 0.9749656250000001
vt 0.35256875 0.9747
vt 0.355984375 0.985690625
vt 0.212534375 0.515625
vt 0.224965625 0.515625
vt 0.224965625 0.53125
vt 0.212534375 0.53125
vt 0.037200000000000004 0.40625
vt 0.0253 0.40625
vt 0.0253 0.390625
vt 0.037200000000000004 0.390625
vt 0.29006875000000004 0.68155
vt 0.29006875 0.69345
vt 0.2890625 0.6937156250000001
vt 0.28906250000000006 0.6812843749999999
vt 0.3515625 0.9749656250000001
vt 0.3515625 0.962534375
vt 0.35256875 0.9628
vt 0.35256875 0.9747
vt 0.224965625 0.515625
vt 0.236990625 0.515625
vt 0.236990625 0.53125
vt 0.224965625 0.53125
vt 0.0253 0.40625
vt 0.013787500000000001 0.40625
vt 0.013787500000000001 0.390625
vt 0.0253 0.390625
vt 0.29006875 0.69345
vt 0.293484375 0.7044406249999999
vt 0.29263125 0.7052031249999999
vt 0.2890625 0.6937156250000001
vt 0.3515625 0.962534375
vt 0.35513125 0.9510468750000001
vt 0.355984375 0.9518093750000001
vt 0.35256875 0.9628
vt 0.236990625 0.515625
vt 0.247978125 0.515625
vt 0.247978125 0.53125
vt 0.236990625 0.53125
vt 0.013787500000000001 0.40625
vt 0.0032718750000000005 0.40625
vt 0.0032718750000000005 0.390625
vt 0.013787500000000001 0.390625
vt 0.293484375 0.7044406249999999
vt 0.29979374999999997 0.71285625
vt 0.29922499999999996 0.71399375
vt 0.29263125 0.7052031249999999
vt 0.35513125 0.9510468750000001
vt 0.361725 0.94225625
vt 0.36229374999999997 0.94339375
vt 0.355984375 0.9518093750000001
vt 0.532371875 0.296875
vt 0.5422125 0.296875
vt 0.5422125 0.3125
vt 0.532371875 0.3125
vt 0.59200625 0.25
vt 0.5825875 0.25
vt 0.5825875 0.234375
vt 0.59200625 0.234375
vt 0.29979374999999997 0.71285625
vt 0.30803749999999996 0.717409375
vt 0.3078375 0.71875
vt 0.299225 0.71399375
vt 0.361725 0.94225625
vt 0.3703375 0.9375
vt 0.3705375 0.938840625
vt 0.36229374999999997 0.94339375
vt 0.5422125 0.296875
vt 0.5515375 0.296875
vt 0.5515375 0.3125
vt 0.5422125 0.3125
vt 0.5825875 0.25
vt 0.5736625 0.25
vt 0.5736625 0.234375
vt 0.5825875 0.234375
vt 0.30803749999999996 0.717409375
vt 0.3169625 0.717409375
vt 0.3171625 0.71875
vt 0.3078375 0.71875
vt 0.3703375 0.9375
vt 0.3796625 0.9375
vt 0.37946250000000004 0.938840625
vt 0.3705375 0.938840625
vn 0.04191096201571896 -0.9599188479172365 0.27712682417290946
vn -0.04191096201571896 0.9599188479172365 -0.2771268241729097
vn -0.9990482215818579 -0.04361938736533591 -3.67761376907083e-16
vn 0.9990482215818579 0.04361938736533591 3.67761376907083e-16
vn 0.04318099043612455 -0.989007281098049 -0.14142135623730925
vn -0.04318099043612456 0.9890072810980491 0.14142135623730934
vn -0.9990482215818579 -0.04361938736533591 -3.67761376907083e-16
vn 0.9990482215818579 0.04361938736533591 3.67761376907083e-16
vn 0.03860543219061213 -0.8842097677896398 -0.4654918980506185
vn -0.03860543219061213 0.8842097677896399 0.4654918980506185
vn -0.9990482215818579 -0.04361938736533591 -3.67761376907083e-16
vn 0.9990482215818579 0.04361938736533591 3.67761376907083e-16
vn 0.03084356459723192 -0.706433772212892 -0.7071067811865477
vn -0.03084356459723192 0.706433772212892 0.7071067811865477
vn -0.9990482215818579 -0.04361938736533591 -3.67761376907083e-16
vn 0.9990482215818579 0.04361938736533591 3.67761376907083e-16
vn 0.020304471416495495 -0.4650488529082336 -0.8850521413166756
vn -0.020304471416495516 0.46504885290823406 0.8850521413166754
vn -0.9990482215818579 -0.04361938736533591 -3.67761376907083e-16
vn 0.9990482215818579 0.04361938736533591 3.67761376907083e-16
vn 0.006168712919446541 -0.14128675444257868 -0.9899494936611666
vn -0.006168712919446527 0.1412867544425784 0.9899494936611667
vn -0.9990482215818579 -0.04361938736533591 -3.67761376907083e-16
vn 0.9990482215818579 0.04361938736533591 3.67761376907083e-16
vn -0.01208810229292329 0.2768630608425732 -0.9608333483616383
vn 0.012088102292923314 -0.2768630608425737 0.9608333483616383
vn -0.9990482215818579 -0.04361938736533591 -3.67761376907083e-16
vn 0.9990482215818579 0.04361938736533591 3.67761376907083e-16
vn -0.030843564597231685 0.706433772212892 -0.7071067811865476
vn 0.030843564597231685 -0.706433772212892 0.7071067811865476
vn -0.9990482215818579 -0.04361938736533591 -3.67761376907083e-16
vn 0.9990482215818579 0.04361938736533591 3.67761376907083e-16
vn -0.04191096201571896 0.9599188479172365 -0.2771268241729096
vn 0.04191096201571894 -0.9599188479172361 0.27712682417291035
vn -0.9990482215818579 -0.04361938736533591 -3.67761376907083e-16
vn 0.9990482215818579 0.04361938736533591 3.67761376907083e-16
vn -0.04318099043612455 0.989007281098049 0.1414213562373097
vn 0.04318099043612454 -0.9890072810980489 -0.14142135623731025
vn -0.9990482215818579 -0.04361938736533591 -3.67761376907083e-16
vn 0.9990482215818579 0.04361938736533591 3.67761376907083e-16
vn -0.03860543219061213 0.8842097677896399 0.46549189805061875
vn 0.03860543219061214 -0.8842097677896401 -0.4654918980506181
vn -0.9990482215818579 -0.04361938736533591 -3.67761376907083e-16
vn 0.9990482215818579 0.04361938736533591 3.67761376907083e-16
vn -0.030843564597231938 0.7064337722128925 0.7071067811865472
vn 0.03084356459723192 -0.706433772212892 -0.7071067811865477
vn -0.9990482215818579 -0.04361938736533591 -3.67761376907083e-16
vn 0.9990482215818579 0.04361938736533591 3.67761376907083e-16
vn -0.02030447141649549 0.4650488529082335 0.8850521413166758
vn 0.020304471416495516 -0.46504885290823406 -0.8850521413166756
vn -0.9990482215818579 -0.04361938736533591 -3.67761376907083e-16
vn 0.9990482215818579 0.04361938736533591 3.67761376907083e-16
vn -0.006168712919446541 0.14128675444257868 0.9899494936611666
vn 0.006168712919446515 -0.1412867544425781 -0.9899494936611666
vn -0.9990482215818579 -0.04361938736533591 -3.67761376907083e-16
vn 0.9990482215818579 0.04361938736533591 3.67761376907083e-16
vn 0.012088102292923298 -0.27686306084257334 0.9608333483616385
vn -0.012088102292923284 0.27686306084257306 -0.9608333483616385
vn -0.9990482215818579 -0.04361938736533591 -3.67761376907083e-16
vn 0.9990482215818579 0.04361938736533591 3.67761376907083e-16
vn 0.03084356459723166 -0.7064337722128915 0.7071067811865481
vn -0.030843564597231685 0.706433772212892 -0.7071067811865476
vn -0.9990482215818579 -0.04361938736533591 -3.67761376907083e-16
vn 0.9990482215818579 0.04361938736533591 3.67761376907083e-16
usemtl none
f 2369/9473/2369 2373/9474/2369 2374/9475/2369 2370/9476/2369
f 2372/9477/2370 2376/9478/2370 2375/9479/2370 2371/9480/2370
f 2371/9481/2371 2375/9482/2371 2373/9483/2371 2369/9484/2371
f 2370/9485/2372 2374/9486/2372 2376/9487/2372 2372/9488/2372
f 2373/9489/2373 2377/9490/2373 2378/9491/2373 2374/9492/2373
f 2376/9493/2374 2380/9494/2374 2379/9495/2374 2375/9496/2374
f 2375/9497/2375 2379/9498/2375 2377/9499/2375 2373/9500/2375
f 2374/9501/2376 2378/9502/2376 2380/9503/2376 2376/9504/2376
f 2377/9505/2377 2381/9506/2377 2382/9507/2377 2378/9508/2377
f 2380/9509/2378 2384/9510/2378 2383/9511/2378 2379/9512/2378
f 2379/9513/2379 2383/9514/2379 2381/9515/2379 2377/9516/2379
f 2378/9517/2380 2382/9518/2380 2384/9519/2380 2380/9520/2380
f 2381/9521/2381 2385/9522/2381 2386/9523/2381 2382/9524/2381
f 2384/9525/2382 2388/9526/2382 2387/9527/2382 2383/9528/2382
f 2383/9529/2383 2387/9530/2383 2385/9531/2383 2381/9532/2383
f 2382/9533/2384 2386/9534/2384 2388/9535/2384 2384/9536/2384
f 2385/9537/2385 2389/9538/2385 2390/9539/2385 2386/9540/2385
f 2388/9541/2386 2392/9542/2386 2391/9543/2386 2387/9544/2386
f 2387/9545/2387 2391/9546/2387 2389/9547/2387 2385/9548/2387
f 2386/9549/2388 2390/9550/2388 2392/9551/2388 2388/9552/2388
f 2389/9553/2389 2393/9554/2389 2394/9555/2389 2390/9556/2389
f 2392/9557/2390 2396/9558/2390 2395/9559/2390 2391/9560/2390
f 2391/9561/2391 2395/9562/2391 2393/9563/2391 2389/9564/2391
f 2390/9565/2392 2394/9566/2392 2396/9567/2392 2392/9568/2392
f 2393/9569/2393 2397/9570/2393 2398/9571/2393 2394/9572/2393
f 2396/9573/2394 2400/9574/2394 2399/9575/2394 2395/9576/2394
f 2395/9577/2395 2399/9578/2395 2397/9579/2395 2393/9580/2395
f 2394/9581/2396 2398/9582/2396 2400/9583/2396 2396/9584/2396
f 2397/9585/2397 2401/9586/2397 2402/9587/2397 2398/9588/2397
f 2400/9589/2398 2404/9590/2398 2403/9591/2398 2399/9592/2398
f 2399/9593/2399 2403/9594/2399 2401/9595/2399 2397/9596/2399
f 2398/9597/2400 2402/9598/2400 2404/9599/2400 2400/9600/2400
f 2401/9601/2401 2405/9602/2401 2406/9603/2401 2402/9604/2401
f 2404/9605/2402 2408/9606/2402 2407/9607/2402 2403/9608/2402
f 2403/9609/2403 2407/9610/2403 2405/9611/2403 2401/9612/2403
f 2402/9613/2404 2406/9614/2404 2408/9615/2404 2404/9616/2404
f 2405/9617/2405 2409/9618/2405 2410/9619/2405 2406/9620/2405
f 2408/9621/2406 2412/9622/2406 2411/9623/2406 2407/9624/2406
f 2407/9625/2407 2411/9626/2407 2409/9627/2407 2405/9628/2407
f 2406/9629/2408 2410/9630/2408 2412/9631/2408 2408/9632/2408
f 2409/9633/2409 2413/9634/2409 2414/9635/2409 2410/9636/2409
f 2412/9637/2410 2416/9638/2410 2415/9639/2410 2411/9640/2410
f 2411/9641/2411 2415/9642/2411 2413/9643/2411 2409/9644/2411
f 2410/9645/2412 2414/9646/2412 2416/9647/2412 2412/9648/2412
f 2413/9649/2413 2417/9650/2413 2418/9651/2413 2414/9652/2413
f 2416/9653/2414 2420/9654/2414 2419/9655/2414 2415/9656/2414
f 2415/9657/2415 2419/9658/2415 2417/9659/2415 2413/9660/2415
f 2414/9661/2416 2418/9662/2416 2420/9663/2416 2416/9664/2416
f 2417/9665/2417 2421/9666/2417 2422/9667/2417 2418/9668/2417
f 2420/9669/2418 2424/9670/2418 2423/9671/2418 2419/9672/2418
f 2419/9673/2419 2423/9674/2419 2421/9675/2419 2417/9676/2419
f 2418/9677/2420 2422/9678/2420 2424/9679/2420 2420/9680/2420
f 2421/9681/2421 2425/9682/2421 2426/9683/2421 2422/9684/2421
f 2424/9685/2422 2428/9686/2422 2427/9687/2422 2423/9688/2422
f 2423/9689/2423 2427/9690/2423 2425/9691/2423 2421/9692/2423
f 2422/9693/2424 2426/9694/2424 2428/9695/2424 2424/9696/2424
f 2425/9697/2425 2429/9698/2425 2430/9699/2425 2426/9700/2425
f 2428/9701/2426 2432/9702/2426 2431/9703/2426 2427/9704/2426
f 2427/9705/2427 2431/9706/2427 2429/9707/2427 2425/9708/2427
f 2426/9709/2428 2430/9710/2428 2432/9711/2428 2428/9712/2428
f 2429/9713/2429 2369/9714/2429 2370/9715/2429 2430/9716/2429
f 2432/9717/2430 2372/9718/2430 2371/9719/2430 2431/9720/2430
f 2431/9721/2431 2371/9722/2431 2369/9723/2431 2429/9724/2431
f 2430/9725/2432 2370/9726/2432 2372/9727/2432 2432/9728/2432
o tube
v 0.054988585642896846 0.3519981578578716 0.1093101923305376
v 0.055952447036560354 0.3299221024762187 0.08721310541845799
v 0.05296269473988047 0.35228726656741566 0.10893299066836518
v 0.053926556133543975 0.3302112111857628 0.08683590375628557
v 0.04856760332552762 0.335459116260421 0.12555341311017165
v 0.04953146471919113 0.3133830608787681 0.10345632619809204
v 0.04681722933691442 0.33645789608925614 0.12447923365737856
v 0.04778109073057793 0.3143818407076033 0.10238214674529895
v 0.03593627923570116 0.3224637539754223 0.1379854360714003
v 0.03690014062936467 0.30038769859376946 0.11588834915932067
v 0.03472790073407779 0.3240201497485701 0.13637781291221326
v 0.0356917621277413 0.30194409436691716 0.11428072600013366
v 0.01901761796285551 0.31499049710751414 0.1447135984149452
v 0.019981479356519026 0.2929144417258613 0.12261651150286557
v 0.018535199621115727 0.31686756167727553 0.14281727760221025
v 0.01949906101477924 0.2947915062956227 0.12072019069013065
v 0.0003873323177350906 0.31417708126959326 0.1447135984149452
v 0.0013511937113986012 0.2921010258879404 0.12261651150286557
v 0.0007043179552756115 0.31608904857085485 0.14281727760221025
v 0.0016681793489391212 0.294012993189202 0.12072019069013064
v -0.01711828559415044 0.3201473416493502 0.13798543607140026
v -0.016154424200486933 0.29807128626769736 0.11588834915932066
v -0.016050154167163197 0.32180313199252164 0.13637781291221326
v -0.01508629277349969 0.2997270766108688 0.11428072600013366
v -0.03083416413453808 0.3319923602245121 0.12555341311017165
v -0.02987030274087457 0.30991630484285926 0.10345632619809202
v -0.029177500245227424 0.33313989453962245 0.12447923365737854
v -0.028213638851563916 0.31106383915796953 0.10238214674529893
v -0.038672185130402346 0.3479088402923713 0.1093101923305376
v -0.03770832373673884 0.32583278491071843 0.08721310541845798
v -0.036679200838220266 0.3483734168823694 0.10893299066836518
v -0.03571533944455676 0.32629736150071653 0.08683590375628555
v -0.03943908093696019 0.3654736420458474 0.09172865685103433
v -0.03847521954329668 0.3433975866641945 0.06963156993895471
v -0.03741319003394381 0.3651845333363033 0.09210585851320675
v -0.036449328640280304 0.34310847795465044 0.07000877160112713
v -0.03301809861959097 0.38201268364329793 0.07548543607140029
v -0.032054237225927464 0.3599366282616451 0.05338834915932067
v -0.03126772463097779 0.3810139038144628 0.07655961552419338
v -0.03030386323731428 0.35893784843280996 0.05446252861211376
v -0.0203867745297645 0.39500804592829664 0.06305341311017165
v -0.01942291313610099 0.3729319905466438 0.04095632619809204
v -0.01917839602814113 0.39345165015514894 0.06466103626935867
v -0.01821453463447762 0.371375594773496 0.04256394935727905
v -0.003468113256918877 0.4024813027962048 0.05632525076662677
v -0.0025042518632553672 0.38040524741455195 0.03422816385454715
v -0.0029856949151790928 0.4006042382264434 0.058221571579361676
v -0.002021833521515583 0.37852818284479056 0.03612448466728206
v 0.015162172388201563 0.4032947186341257 0.056325250766626755
v 0.01612603378186507 0.38121866325247283 0.03422816385454713
v 0.014845186750661044 0.4013827513328641 0.05822157157936168
v 0.01580904814432455 0.37930669595121125 0.03612448466728206
v 0.03266779030008709 0.39732445825436874 0.06305341311017167
v 0.0336316516937506 0.3752484028727159 0.04095632619809205
v 0.031599658873099845 0.3956686679111973 0.06466103626935867
v 0.03256352026676335 0.37359261252954445 0.04256394935727905
v 0.04638366884047473 0.38547943967920684 0.0754854360714003
v 0.047347530234138235 0.363403384297554 0.05338834915932068
v 0.044727004951164065 0.38433190536409656 0.0765596155241934
v 0.04569086634482757 0.36225584998244365 0.054462528612113786
v 0.05422168983633899 0.36956295961134766 0.09172865685103433
v 0.055185551230002496 0.3474869042296948 0.06963156993895472
v 0.05222870554415692 0.36909838302134956 0.09210585851320677
v 0.05319256693782043 0.3470223276396967 0.07000877160112715
vt 0.318715625 0.515625
vt 0.330740625 0.515625
vt 0.330740625 0.53125
vt 0.318715625 0.53125
vt 0.2128 0.40625
vt 0.2012875 0.40625
vt 0.2012875 0.390625
vt 0.2128 0.390625
vt 0.052825000000000025 0.8896187500000001
vt 0.06381562500000003 0.8862031250000002
vt 0.06457812500000003 0.8870562500000002
vt 0.05309062500000003 0.8906250000000002
vt 0.287465625 0.859375
vt 0.298953125 0.8629437499999999
vt 0.298190625 0.863796875
vt 0.2872 0.86038125
vt 0.330740625 0.515625
vt 0.341728125 0.515625
vt 0.341728125 0.53125
vt 0.330740625 0.53125
vt 0.2012875 0.40625
vt 0.190771875 0.40625
vt 0.190771875 0.390625
vt 0.2012875 0.390625
vt 0.06381562500000003 0.8862031250000002
vt 0.07223125000000002 0.8798937500000001
vt 0.07336875000000002 0.8804625000000001
vt 0.06457812500000003 0.8870562500000002
vt 0.298953125 0.8629437499999999
vt 0.30774375 0.8695375
vt 0.30660624999999997 0.87010625
vt 0.298190625 0.863796875
vt 0.594871875 0.296875
vt 0.6047125 0.296875
vt 0.6047125 0.3125
vt 0.594871875 0.3125
vt 0.65450625 0.25
vt 0.6450875 0.25
vt 0.6450875 0.234375
vt 0.65450625 0.234375
vt 0.07223125000000002 0.8798937500000001
vt 0.07678437500000003 0.8716500000000001
vt 0.07812500000000003 0.8718500000000002
vt 0.07336875000000002 0.8804625000000001
vt 0.30774375 0.8695375
vt 0.3125 0.87815
vt 0.311159375 0.87835
vt 0.30660624999999997 0.87010625
vt 0.6047125 0.296875
vt 0.6140375 0.296875
vt 0.6140375 0.3125
vt 0.6047125 0.3125
vt 0.6450875 0.25
vt 0.6361625 0.25
vt 0.6361625 0.234375
vt 0.6450875 0.234375
vt 0.07678437500000003 0.8716500000000001
vt 0.07678437500000003 0.8627250000000002
vt 0.07812500000000003 0.8625250000000002
vt 0.07812500000000003 0.8718500000000002
vt 0.3125 0.87815
vt 0.3125 0.887475
vt 0.311159375 0.8872749999999999
vt 0.311159375 0.87835
vt 0.6140375 0.296875
vt 0.623878125 0.296875
vt 0.623878125 0.3125
vt 0.6140375 0.3125
vt 0.6361625 0.25
vt 0.62674375 0.25
vt 0.62674375 0.234375
vt 0.6361625 0.234375
vt 0.07678437500000003 0.8627250000000002
vt 0.07223125000000004 0.8544812500000002
vt 0.07336875000000004 0.8539125000000002
vt 0.07812500000000003 0.8625250000000002
vt 0.3125 0.887475
vt 0.30774375 0.8960874999999999
vt 0.30660625 0.8955187499999999
vt 0.311159375 0.8872749999999999
vt 0.470771875 0.734375
vt 0.481759375 0.734375
vt 0.481759375 0.75
vt 0.470771875 0.75
vt 0.152978125 0.40625
vt 0.1424625 0.40625
vt 0.1424625 0.390625
vt 0.152978125 0.390625
vt 0.07223125000000004 0.8544812500000002
vt 0.06381562500000006 0.8481718750000001
vt 0.06457812500000006 0.8473187500000001
vt 0.07336875000000004 0.8539125000000002
vt 0.30774375 0.8960874999999999
vt 0.29895312500000004 0.90268125
vt 0.29819062500000004 0.901828125
vt 0.30660625 0.8955187499999999
vt 0.481759375 0.734375
vt 0.493784375 0.734375
vt 0.493784375 0.75
vt 0.481759375 0.75
vt 0.1424625 0.40625
vt 0.13095 0.40625
vt 0.13095 0.390625
vt 0.1424625 0.390625
vt 0.06381562500000006 0.8481718750000001
vt 0.05282500000000007 0.8447562500000001
vt 0.05309062500000008 0.8437500000000001
vt 0.06457812500000006 0.8473187500000001
vt 0.29895312500000004 0.90268125
vt 0.287465625 0.90625
vt 0.2872 0.90524375
vt 0.29819062500000004 0.901828125
vt 0.493784375 0.734375
vt 0.5062156250000001 0.734375
vt 0.5062156250000001 0.75
vt 0.493784375 0.75
vt 0.13095 0.40625
vt 0.11905 0.40625
vt 0.11905 0.390625
vt 0.13095 0.390625
vt 0.05282500000000007 0.8447562500000001
vt 0.04092500000000007 0.84475625
vt 0.04065937500000008 0.84375
vt 0.05309062500000008 0.8437500000000001
vt 0.287465625 0.90625
vt 0.275034375 0.90625
vt 0.27530000000000004 0.90524375
vt 0.2872 0.90524375
vt 0.5062156250000001 0.734375
vt 0.518240625 0.734375
vt 0.518240625 0.75
vt 0.5062156250000001 0.75
vt 0.11905 0.40625
vt 0.10753750000000001 0.40625
vt 0.10753750000000001 0.390625
vt 0.11905 0.390625
vt 0.04092499999999994 0.8447562500000001
vt 0.029934374999999947 0.8481718750000002
vt 0.029171874999999944 0.8473187500000001
vt 0.04065937499999994 0.8437500000000002
vt 0.27503437500000005 0.90625
vt 0.263546875 0.90268125
vt 0.264309375 0.901828125
vt 0.27530000000000004 0.90524375
vt 0.518240625 0.734375
vt 0.529228125 0.734375
vt 0.529228125 0.75
vt 0.518240625 0.75
vt 0.10753750000000001 0.40625
vt 0.09702187500000001 0.40625
vt 0.09702187500000001 0.390625
vt 0.10753750000000001 0.390625
vt 0.029934374999999947 0.8481718750000002
vt 0.02151874999999996 0.8544812500000002
vt 0.020381249999999962 0.8539125000000002
vt 0.029171874999999944 0.8473187500000001
vt 0.263546875 0.90268125
vt 0.25475625 0.8960875
vt 0.25589375000000003 0.89551875
vt 0.264309375 0.901828125
vt 0.657371875 0.296875
vt 0.6672125 0.296875
vt 0.6672125 0.3125
vt 0.657371875 0.3125
vt 0.71700625 0.25
vt 0.7075875 0.25
vt 0.7075875 0.234375
vt 0.71700625 0.234375
vt 0.02151874999999996 0.8544812500000002
vt 0.016965624999999977 0.8627250000000002
vt 0.015624999999999972 0.8625250000000002
vt 0.020381249999999962 0.8539125000000002
vt 0.25475625 0.8960875
vt 0.25 0.887475
vt 0.25134062500000004 0.887275
vt 0.25589375000000003 0.89551875
vt 0.6672125 0.296875
vt 0.6765375 0.296875
vt 0.6765375 0.3125
vt 0.6672125 0.3125
vt 0.7075875 0.25
vt 0.6986625 0.25
vt 0.6986625 0.234375
vt 0.7075875 0.234375
vt 0.016965624999999977 0.8627250000000002
vt 0.016965625 0.8716500000000003
vt 0.015625 0.8718500000000002
vt 0.015624999999999972 0.8625250000000002
vt 0.25 0.887475
vt 0.25 0.87815
vt 0.251340625 0.87835
vt 0.25134062500000004 0.887275
vt 0.6765375 0.296875
vt 0.686378125 0.296875
vt 0.686378125 0.3125
vt 0.6765375 0.3125
vt 0.6986625 0.25
vt 0.68924375 0.25
vt 0.68924375 0.234375
vt 0.6986625 0.234375
vt 0.016965625 0.8716500000000003
vt 0.02151875000000001 0.8798937500000001
vt 0.02038125000000001 0.8804625000000001
vt 0.015625000000000007 0.8718500000000002
vt 0.25 0.87815
vt 0.25475625 0.8695375
vt 0.25589375 0.87010625
vt 0.251340625 0.87835
vt 0.283271875 0.515625
vt 0.294259375 0.515625
vt 0.294259375 0.53125
vt 0.283271875 0.53125
vt 0.246728125 0.40625
vt 0.2362125 0.40625
vt 0.2362125 0.390625
vt 0.246728125 0.390625
vt 0.02151875000000001 0.8798937500000001
vt 0.029934375000000023 0.8862031250000002
vt 0.029171875000000028 0.8870562500000002
vt 0.02038125000000001 0.8804625000000001
vt 0.25475625 0.8695375
vt 0.26354687499999996 0.86294375
vt 0.264309375 0.863796875
vt 0.25589375 0.87010625
vt 0.294259375 0.515625
vt 0.306284375 0.515625
vt 0.306284375 0.53125
vt 0.294259375 0.53125
vt 0.2362125 0.40625
vt 0.2247 0.40625
vt 0.2247 0.390625
vt 0.2362125 0.390625
vt 0.029934375000000023 0.8862031250000002
vt 0.04092500000000003 0.8896187500000001
vt 0.040659375000000025 0.8906250000000002
vt 0.029171875000000028 0.8870562500000002
vt 0.26354687499999996 0.86294375
vt 0.275034375 0.859375
vt 0.2753 0.86038125
vt 0.26430937499999996 0.863796875
vt 0.306284375 0.515625
vt 0.318715625 0.515625
vt 0.318715625 0.53125
vt 0.306284375 0.53125
vt 0.2247 0.40625
vt 0.2128 0.40625
vt 0.2128 0.390625
vt 0.2247 0.390625
vt 0.04092500000000003 0.8896187500000001
vt 0.052825000000000025 0.8896187500000001
vt 0.05309062500000003 0.8906250000000002
vt 0.040659375000000025 0.8906250000000002
vt 0.275034375 0.859375
vt 0.287465625 0.859375
vt 0.2872 0.86038125
vt 0.2753 0.86038125
vn 0.9632204006569325 -0.1679248651210714 0.20978012163302917
vn -0.9632204006569325 0.16792486512107155 -0.20978012163302928
vn -0.03084356459723214 0.7064337722128919 0.7071067811865478
vn 0.03084356459723214 -0.7064337722128919 -0.7071067811865478
vn 0.8177447160238254 -0.38896475343546627 0.4242640687119287
vn -0.8177447160238254 0.38896475343546627 -0.4242640687119287
vn -0.03084356459723214 0.7064337722128919 0.7071067811865478
vn 0.03084356459723214 -0.7064337722128919 -0.7071067811865478
vn 0.5099929111235296 -0.597303008035541 0.6189800862672741
vn -0.5099929111235298 0.5973030080355409 -0.618980086267274
vn -0.03084356459723214 0.7064337722128919 0.7071067811865478
vn 0.03084356459723214 -0.7064337722128919 -0.7071067811865478
vn 0.0308435645972317 -0.7064337722128923 0.7071067811865476
vn -0.0308435645972317 0.7064337722128923 -0.7071067811865476
vn -0.03084356459723214 0.7064337722128919 0.7071067811865478
vn 0.03084356459723214 -0.7064337722128919 -0.7071067811865478
vn -0.4559938468148875 -0.639478900724269 0.6189800862672737
vn 0.4559938468148867 0.6394789007242693 -0.6189800862672741
vn -0.03084356459723214 0.7064337722128919 0.7071067811865478
vn 0.03084356459723214 -0.7064337722128919 -0.7071067811865478
vn -0.7807324385071469 -0.4587557732200044 0.4242640687119284
vn 0.7807324385071474 0.45875577322000427 -0.4242640687119282
vn -0.03084356459723214 0.7064337722128919 0.7071067811865478
vn 0.03084356459723214 -0.7064337722128919 -0.7071067811865478
vn -0.9449194398828159 -0.25123604976033487 0.20978012163302825
vn 0.9449194398828159 0.25123604976033476 -0.2097801216330281
vn -0.03084356459723214 0.7064337722128919 0.7071067811865478
vn 0.03084356459723214 -0.7064337722128919 -0.7071067811865478
vn -0.9990482215818579 -0.04361938736533606 -5.20417042793042e-16
vn 0.9990482215818579 0.04361938736533606 5.20417042793042e-16
vn -0.03084356459723214 0.7064337722128919 0.7071067811865478
vn 0.03084356459723214 -0.7064337722128919 -0.7071067811865478
vn -0.9632204006569326 0.1679248651210715 -0.20978012163302925
vn 0.9632204006569326 -0.16792486512107105 0.2097801216330288
vn -0.03084356459723214 0.7064337722128919 0.7071067811865478
vn 0.03084356459723214 -0.7064337722128919 -0.7071067811865478
vn -0.8177447160238251 0.3889647534354663 -0.42426406871192873
vn 0.8177447160238248 -0.3889647534354669 0.42426406871192923
vn -0.03084356459723214 0.7064337722128919 0.7071067811865478
vn 0.03084356459723214 -0.7064337722128919 -0.7071067811865478
vn -0.5099929111235294 0.5973030080355411 -0.6189800862672743
vn 0.5099929111235303 -0.5973030080355407 0.6189800862672737
vn -0.03084356459723214 0.7064337722128919 0.7071067811865478
vn 0.03084356459723214 -0.7064337722128919 -0.7071067811865478
vn -0.030843564597232805 0.7064337722128922 -0.7071067811865475
vn 0.0308435645972317 -0.7064337722128923 0.7071067811865476
vn -0.03084356459723214 0.7064337722128919 0.7071067811865478
vn 0.03084356459723214 -0.7064337722128919 -0.7071067811865478
vn 0.4559938468148877 0.6394789007242689 -0.6189800862672736
vn -0.45599384681488697 -0.6394789007242693 0.618980086267274
vn -0.03084356459723214 0.7064337722128919 0.7071067811865478
vn 0.03084356459723214 -0.7064337722128919 -0.7071067811865478
vn 0.7807324385071471 0.4587557732200044 -0.42426406871192834
vn -0.7807324385071475 -0.4587557732200041 0.424264068711928
vn -0.03084356459723214 0.7064337722128919 0.7071067811865478
vn 0.03084356459723214 -0.7064337722128919 -0.7071067811865478
vn 0.9449194398828159 0.25123604976033476 -0.2097801216330281
vn -0.9449194398828158 -0.25123604976033515 0.20978012163302853
vn -0.03084356459723214 0.7064337722128919 0.7071067811865478
vn 0.03084356459723214 -0.7064337722128919 -0.7071067811865478
vn 0.9990482215818579 0.04361938736533646 1.2574765160154667e-16
vn -0.9990482215818579 -0.04361938736533606 -5.20417042793042e-16
vn -0.03084356459723214 0.7064337722128919 0.7071067811865478
vn 0.03084356459723214 -0.7064337722128919 -0.7071067811865478
usemtl none
f 2433/9729/2433 2437/9730/2433 2438/9731/2433 2434/9732/2433
f 2436/9733/2434 2440/9734/2434 2439/9735/2434 2435/9736/2434
f 2435/9737/2435 2439/9738/2435 2437/9739/2435 2433/9740/2435
f 2434/9741/2436 2438/9742/2436 2440/9743/2436 2436/9744/2436
f 2437/9745/2437 2441/9746/2437 2442/9747/2437 2438/9748/2437
f 2440/9749/2438 2444/9750/2438 2443/9751/2438 2439/9752/2438
f 2439/9753/2439 2443/9754/2439 2441/9755/2439 2437/9756/2439
f 2438/9757/2440 2442/9758/2440 2444/9759/2440 2440/9760/2440
f 2441/9761/2441 2445/9762/2441 2446/9763/2441 2442/9764/2441
f 2444/9765/2442 2448/9766/2442 2447/9767/2442 2443/9768/2442
f 2443/9769/2443 2447/9770/2443 2445/9771/2443 2441/9772/2443
f 2442/9773/2444 2446/9774/2444 2448/9775/2444 2444/9776/2444
f 2445/9777/2445 2449/9778/2445 2450/9779/2445 2446/9780/2445
f 2448/9781/2446 2452/9782/2446 2451/9783/2446 2447/9784/2446
f 2447/9785/2447 2451/9786/2447 2449/9787/2447 2445/9788/2447
f 2446/9789/2448 2450/9790/2448 2452/9791/2448 2448/9792/2448
f 2449/9793/2449 2453/9794/2449 2454/9795/2449 2450/9796/2449
f 2452/9797/2450 2456/9798/2450 2455/9799/2450 2451/9800/2450
f 2451/9801/2451 2455/9802/2451 2453/9803/2451 2449/9804/2451
f 2450/9805/2452 2454/9806/2452 2456/9807/2452 2452/9808/2452
f 2453/9809/2453 2457/9810/2453 2458/9811/2453 2454/9812/2453
f 2456/9813/2454 2460/9814/2454 2459/9815/2454 2455/9816/2454
f 2455/9817/2455 2459/9818/2455 2457/9819/2455 2453/9820/2455
f 2454/9821/2456 2458/9822/2456 2460/9823/2456 2456/9824/2456
f 2457/9825/2457 2461/9826/2457 2462/9827/2457 2458/9828/2457
f 2460/9829/2458 2464/9830/2458 2463/9831/2458 2459/9832/2458
f 2459/9833/2459 2463/9834/2459 2461/9835/2459 2457/9836/2459
f 2458/9837/2460 2462/9838/2460 2464/9839/2460 2460/9840/2460
f 2461/9841/2461 2465/9842/2461 2466/9843/2461 2462/9844/2461
f 2464/9845/2462 2468/9846/2462 2467/9847/2462 2463/9848/2462
f 2463/9849/2463 2467/9850/2463 2465/9851/2463 2461/9852/2463
f 2462/9853/2464 2466/9854/2464 2468/9855/2464 2464/9856/2464
f 2465/9857/2465 2469/9858/2465 2470/9859/2465 2466/9860/2465
f 2468/9861/2466 2472/9862/2466 2471/9863/2466 2467/9864/2466
f 2467/9865/2467 2471/9866/2467 2469/9867/2467 2465/9868/2467
f 2466/9869/2468 2470/9870/2468 2472/9871/2468 2468/9872/2468
f 2469/9873/2469 2473/9874/2469 2474/9875/2469 2470/9876/2469
f 2472/9877/2470 2476/9878/2470 2475/9879/2470 2471/9880/2470
f 2471/9881/2471 2475/9882/2471 2473/9883/2471 2469/9884/2471
f 2470/9885/2472 2474/9886/2472 2476/9887/2472 2472/9888/2472
f 2473/9889/2473 2477/9890/2473 2478/9891/2473 2474/9892/2473
f 2476/9893/2474 2480/9894/2474 2479/9895/2474 2475/9896/2474
f 2475/9897/2475 2479/9898/2475 2477/9899/2475 2473/9900/2475
f 2474/9901/2476 2478/9902/2476 2480/9903/2476 2476/9904/2476
f 2477/9905/2477 2481/9906/2477 2482/9907/2477 2478/9908/2477
f 2480/9909/2478 2484/9910/2478 2483/9911/2478 2479/9912/2478
f 2479/9913/2479 2483/9914/2479 2481/9915/2479 2477/9916/2479
f 2478/9917/2480 2482/9918/2480 2484/9919/2480 2480/9920/2480
f 2481/9921/2481 2485/9922/2481 2486/9923/2481 2482/9924/2481
f 2484/9925/2482 2488/9926/2482 2487/9927/2482 2483/9928/2482
f 2483/9929/2483 2487/9930/2483 2485/9931/2483 2481/9932/2483
f 2482/9933/2484 2486/9934/2484 2488/9935/2484 2484/9936/2484
f 2485/9937/2485 2489/9938/2485 2490/9939/2485 2486/9940/2485
f 2488/9941/2486 2492/9942/2486 2491/9943/2486 2487/9944/2486
f 2487/9945/2487 2491/9946/2487 2489/9947/2487 2485/9948/2487
f 2486/9949/2488 2490/9950/2488 2492/9951/2488 2488/9952/2488
f 2489/9953/2489 2493/9954/2489 2494/9955/2489 2490/9956/2489
f 2492/9957/2490 2496/9958/2490 2495/9959/2490 2491/9960/2490
f 2491/9961/2491 2495/9962/2491 2493/9963/2491 2489/9964/2491
f 2490/9965/2492 2494/9966/2492 2496/9967/2492 2492/9968/2492
f 2493/9969/2493 2433/9970/2493 2434/9971/2493 2494/9972/2493
f 2496/9973/2494 2436/9974/2494 2435/9975/2494 2495/9976/2494
f 2495/9977/2495 2435/9978/2495 2433/9979/2495 2493/9980/2495
f 2494/9981/2496 2434/9982/2496 2436/9983/2496 2496/9984/2496
o tube
v 0.061735615398541256 0.19746577018630132 0.26398980071509487
v 0.06269947679220476 0.17538971480464843 0.24189271380301525
v 0.05970972449552488 0.1977548788958454 0.26361259905292245
v 0.060673585889188385 0.17567882351419253 0.24151551214084285
v 0.05531463308117203 0.18092672858885073 0.28023302149472895
v 0.05627849447483554 0.15885067320719787 0.25813593458264933
v 0.05356425909255883 0.18192550841768587 0.27915884204193586
v 0.05452812048622234 0.15984945303603298 0.25706175512985624
v 0.04268330899134557 0.16793136630385205 0.29266504445595753
v 0.04364717038500908 0.14585531092219917 0.2705679575438779
v 0.0414749304897222 0.16948776207699978 0.29105742129677054
v 0.04243879188338571 0.14741170669534692 0.2689603343846909
v 0.02576464771849992 0.16045810943594388 0.29939320679950243
v 0.026728509112163436 0.138382054054291 0.27729611988742286
v 0.025282229376760137 0.16233517400570527 0.29749688598676755
v 0.026246090770423648 0.14025911862405238 0.2753997990746879
v 0.0071343620733795 0.159644693598023 0.29939320679950243
v 0.00809822346704301 0.13756863821637014 0.27729611988742286
v 0.007451347710920021 0.1615566608992846 0.29749688598676755
v 0.008415209104583531 0.1394806055176317 0.2753997990746879
v -0.01037125583850603 0.16561495397777995 0.29266504445595753
v -0.009407394444842522 0.14353889859612706 0.2705679575438779
v -0.009303124411518789 0.1672707443209514 0.29105742129677054
v -0.008339263017855281 0.14519468893929852 0.2689603343846909
v -0.02408713437889367 0.17745997255294185 0.2802330214947289
v -0.02312327298523016 0.15538391717128897 0.2581359345826493
v -0.022430470489583014 0.17860750686805216 0.2791588420419358
v -0.021466609095919506 0.15653145148639927 0.2570617551298562
v -0.03192515537475794 0.19337645262080105 0.26398980071509487
v -0.03096129398109443 0.17130039723914817 0.24189271380301525
v -0.029932171082575856 0.19384102921079913 0.26361259905292245
v -0.02896830968891235 0.17176497382914624 0.24151551214084283
v -0.03269205118131578 0.21094125437427713 0.2464082652355916
v -0.031728189787652274 0.18886519899262424 0.224311178323512
v -0.030666160278299402 0.21065214566473306 0.246785466897764
v -0.029702298884635894 0.18857609028308017 0.22468837998568442
v -0.02627106886394656 0.2274802959717277 0.23016504445595756
v -0.025307207470283054 0.2054042405900748 0.20806795754387794
v -0.024520694875333378 0.22648151614289258 0.23123922390875065
v -0.02355683348166987 0.2044054607612397 0.20914213699667103
v -0.013639744774120091 0.2404756582567264 0.21773302149472892
v -0.012675883380456584 0.2183996028750735 0.1956359345826493
v -0.012431366272496717 0.23891926248357864 0.21934064465391595
v -0.01146750487883321 0.21684320710192578 0.19724355774183633
v 0.003278916498725533 0.24794891512463454 0.21100485915118405
v 0.0042427778923890425 0.22587285974298166 0.18890777223910443
v 0.003761334840465317 0.24607185055487318 0.21290117996391894
v 0.004725196234128827 0.2239957951732203 0.19080409305183932
v 0.021909202143845972 0.24876233096255543 0.21100485915118403
v 0.02287306353750948 0.22668627558090257 0.1889077722391044
v 0.021592216506305453 0.24685036366129387 0.21290117996391894
v 0.02255607789996896 0.22477430827964096 0.19080409305183932
v 0.0394148200557315 0.2427920705827985 0.21773302149472892
v 0.04037868144939501 0.22071601520114562 0.19563593458264933
v 0.038346688628744255 0.24113628023962705 0.21934064465391592
v 0.03931055002240776 0.21906022485797416 0.19724355774183633
v 0.05313069859611914 0.2309470520076366 0.23016504445595756
v 0.054094559989782645 0.2088709966259837 0.20806795754387797
v 0.051474034706808475 0.2297995176925263 0.23123922390875068
v 0.05243789610047198 0.2077234623108734 0.20914213699667106
v 0.0609687195919834 0.2150305719397774 0.24640826523559162
v 0.061932580985646905 0.1929545165581245 0.224311178323512
v 0.05897573529980133 0.21456599534977933 0.24678546689776404
v 0.05993959669346484 0.19248993996812644 0.22468837998568442
vt 0.412465625 0.515625
vt 0.424490625 0.515625
vt 0.424490625 0.53125
vt 0.412465625 0.53125
vt 0.4003 0.40625
vt 0.3887875 0.40625
vt 0.3887875 0.390625
vt 0.4003 0.390625
vt 0.177825 0.9833687500000001
vt 0.18881562500000004 0.9799531250000002
vt 0.18957812500000004 0.9808062500000002
vt 0.17809062500000003 0.9843750000000002
vt 0.287465625 0.765625
vt 0.298953125 0.7691937499999999
vt 0.298190625 0.770046875
vt 0.2872 0.76663125
vt 0.424490625 0.515625
vt 0.435478125 0.515625
vt 0.435478125 0.53125
vt 0.424490625 0.53125
vt 0.3887875 0.40625
vt 0.378271875 0.40625
vt 0.378271875 0.390625
vt 0.3887875 0.390625
vt 0.18881562500000004 0.9799531250000002
vt 0.19723125000000002 0.9736437500000001
vt 0.19836875000000004 0.9742125000000001
vt 0.18957812500000004 0.9808062500000002
vt 0.298953125 0.7691937499999999
vt 0.30774375 0.7757875
vt 0.30660624999999997 0.77635625
vt 0.298190625 0.770046875
vt 0.0011218749999999996 0.265625
vt 0.0109625 0.265625
vt 0.0109625 0.28125
vt 0.0011218749999999996 0.28125
vt 0.77950625 0.25
vt 0.7700875 0.25
vt 0.7700875 0.234375
vt 0.77950625 0.234375
vt 0.19723125000000002 0.9736437500000001
vt 0.20178437500000002 0.9654000000000001
vt 0.20312500000000003 0.9656000000000001
vt 0.19836875000000004 0.9742125000000001
vt 0.30774375 0.7757875
vt 0.3125 0.7844
vt 0.311159375 0.7846
vt 0.30660624999999997 0.77635625
vt 0.0109625 0.265625
vt 0.0202875 0.265625
vt 0.0202875 0.28125
vt 0.0109625 0.28125
vt 0.7700875 0.25
vt 0.7611625 0.25
vt 0.7611625 0.234375
vt 0.7700875 0.234375
vt 0.20178437500000002 0.9654000000000001
vt 0.20178437500000002 0.9564750000000002
vt 0.20312500000000003 0.9562750000000002
vt 0.20312500000000003 0.9656000000000001
vt 0.3125 0.7844
vt 0.3125 0.793725
vt 0.311159375 0.793525
vt 0.311159375 0.7846
vt 0.0202875 0.265625
vt 0.030128125 0.265625
vt 0.030128125 0.28125
vt 0.0202875 0.28125
vt 0.7611625 0.25
vt 0.75174375 0.25
vt 0.75174375 0.234375
vt 0.7611625 0.234375
vt 0.20178437500000002 0.9564750000000002
vt 0.19723125000000002 0.9482312500000002
vt 0.19836875000000004 0.9476625000000002
vt 0.20312500000000003 0.9562750000000002
vt 0.3125 0.793725
vt 0.30774375 0.8023374999999999
vt 0.30660625 0.8017687499999999
vt 0.311159375 0.793525
vt 0.470771875 0.671875
vt 0.481759375 0.671875
vt 0.481759375 0.6875
vt 0.470771875 0.6875
vt 0.340478125 0.40625
vt 0.3299625 0.40625
vt 0.3299625 0.390625
vt 0.340478125 0.390625
vt 0.19723125000000002 0.9482312500000002
vt 0.18881562500000004 0.9419218750000001
vt 0.18957812500000004 0.9410687500000001
vt 0.19836875000000004 0.9476625000000002
vt 0.30774375 0.8023374999999999
vt 0.29895312500000004 0.80893125
vt 0.29819062500000004 0.808078125
vt 0.30660625 0.8017687499999999
vt 0.481759375 0.671875
vt 0.493784375 0.671875
vt 0.493784375 0.6875
vt 0.481759375 0.6875
vt 0.3299625 0.40625
vt 0.31845 0.40625
vt 0.31845 0.390625
vt 0.3299625 0.390625
vt 0.18881562500000004 0.9419218750000001
vt 0.17782500000000007 0.9385062500000001
vt 0.17809062500000009 0.9375000000000001
vt 0.18957812500000004 0.9410687500000001
vt 0.29895312500000004 0.80893125
vt 0.287465625 0.8125
vt 0.2872 0.81149375
vt 0.29819062500000004 0.808078125
vt 0.493784375 0.671875
vt 0.5062156250000001 0.671875
vt 0.5062156250000001 0.6875
vt 0.493784375 0.6875
vt 0.31845 0.40625
vt 0.30655 0.40625
vt 0.30655 0.390625
vt 0.31845 0.390625
vt 0.17782500000000007 0.9385062500000001
vt 0.16592500000000007 0.93850625
vt 0.16565937500000008 0.9375
vt 0.17809062500000009 0.9375000000000001
vt 0.287465625 0.8125
vt 0.275034375 0.8125
vt 0.27530000000000004 0.81149375
vt 0.2872 0.81149375
vt 0.5062156250000001 0.671875
vt 0.518240625 0.671875
vt 0.518240625 0.6875
vt 0.5062156250000001 0.6875
vt 0.30655 0.40625
vt 0.2950375 0.40625
vt 0.2950375 0.390625
vt 0.30655 0.390625
vt 0.16592499999999993 0.9385062500000002
vt 0.15493437499999996 0.9419218750000001
vt 0.15417187499999996 0.9410687500000002
vt 0.16565937499999994 0.9375000000000001
vt 0.27503437500000005 0.8125
vt 0.263546875 0.80893125
vt 0.264309375 0.808078125
vt 0.27530000000000004 0.81149375
vt 0.518240625 0.671875
vt 0.529228125 0.671875
vt 0.529228125 0.6875
vt 0.518240625 0.6875
vt 0.2950375 0.40625
vt 0.284521875 0.40625
vt 0.284521875 0.390625
vt 0.2950375 0.390625
vt 0.15493437499999996 0.9419218750000001
vt 0.14651874999999998 0.9482312500000002
vt 0.14538124999999996 0.9476625000000002
vt 0.15417187499999996 0.9410687500000002
vt 0.263546875 0.80893125
vt 0.25475625 0.8023375
vt 0.25589375000000003 0.80176875
vt 0.264309375 0.808078125
vt 0.719871875 0.984375
vt 0.7297125 0.984375
vt 0.7297125 1
vt 0.719871875 1
vt 0.02950625 0.21875
vt 0.0200875 0.21875
vt 0.0200875 0.203125
vt 0.02950625 0.203125
vt 0.14651874999999998 0.9482312500000002
vt 0.14196562499999998 0.9564750000000002
vt 0.14062499999999997 0.9562750000000002
vt 0.14538124999999996 0.9476625000000002
vt 0.25475625 0.8023375
vt 0.25 0.793725
vt 0.25134062500000004 0.793525
vt 0.25589375000000003 0.80176875
vt 0.7297125 0.984375
vt 0.7390375 0.984375
vt 0.7390375 1
vt 0.7297125 1
vt 0.0200875 0.21875
vt 0.011162499999999999 0.21875
vt 0.011162499999999999 0.203125
vt 0.0200875 0.203125
vt 0.14196562499999998 0.9564750000000002
vt 0.141965625 0.9654000000000003
vt 0.140625 0.9656000000000002
vt 0.14062499999999997 0.9562750000000002
vt 0.25 0.793725
vt 0.25 0.7844
vt 0.251340625 0.7846
vt 0.25134062500000004 0.793525
vt 0.7390375 0.984375
vt 0.748878125 0.984375
vt 0.748878125 1
vt 0.7390375 1
vt 0.011162499999999999 0.21875
vt 0.0017437499999999988 0.21875
vt 0.0017437500000000022 0.203125
vt 0.011162500000000002 0.203125
vt 0.141965625 0.9654000000000003
vt 0.14651875 0.9736437500000003
vt 0.14538125000000002 0.9742125000000001
vt 0.140625 0.9656000000000002
vt 0.25 0.7844
vt 0.25475625 0.7757875
vt 0.25589375 0.77635625
vt 0.251340625 0.7846
vt 0.377021875 0.515625
vt 0.388009375 0.515625
vt 0.388009375 0.53125
vt 0.377021875 0.53125
vt 0.434228125 0.40625
vt 0.4237125 0.40625
vt 0.4237125 0.390625
vt 0.434228125 0.390625
vt 0.14651875 0.9736437500000003
vt 0.154934375 0.9799531250000002
vt 0.154171875 0.9808062500000002
vt 0.14538125000000002 0.9742125000000001
vt 0.25475625 0.7757875
vt 0.26354687499999996 0.76919375
vt 0.264309375 0.770046875
vt 0.25589375 0.77635625
vt 0.388009375 0.515625
vt 0.400034375 0.515625
vt 0.400034375 0.53125
vt 0.388009375 0.53125
vt 0.4237125 0.40625
vt 0.4122 0.40625
vt 0.4122 0.390625
vt 0.4237125 0.390625
vt 0.154934375 0.9799531250000002
vt 0.16592500000000004 0.9833687500000001
vt 0.16565937500000003 0.9843750000000002
vt 0.154171875 0.9808062500000002
vt 0.26354687499999996 0.76919375
vt 0.275034375 0.765625
vt 0.2753 0.76663125
vt 0.26430937499999996 0.770046875
vt 0.400034375 0.515625
vt 0.412465625 0.515625
vt 0.412465625 0.53125
vt 0.400034375 0.53125
vt 0.4122 0.40625
vt 0.4003 0.40625
vt 0.4003 0.390625
vt 0.4122 0.390625
vt 0.16592500000000004 0.9833687500000001
vt 0.177825 0.9833687500000001
vt 0.17809062500000003 0.9843750000000002
vt 0.16565937500000003 0.9843750000000002
vt 0.275034375 0.765625
vt 0.287465625 0.765625
vt 0.2872 0.76663125
vt 0.2753 0.76663125
vn 0.9632204006569325 -0.1679248651210714 0.20978012163302917
vn -0.9632204006569325 0.16792486512107155 -0.20978012163302928
vn -0.03084356459723214 0.7064337722128919 0.7071067811865478
vn 0.03084356459723214 -0.7064337722128919 -0.7071067811865478
vn 0.8177447160238254 -0.38896475343546627 0.4242640687119287
vn -0.8177447160238254 0.38896475343546627 -0.4242640687119287
vn -0.03084356459723214 0.7064337722128919 0.7071067811865478
vn 0.03084356459723214 -0.7064337722128919 -0.7071067811865478
vn 0.5099929111235296 -0.597303008035541 0.6189800862672741
vn -0.5099929111235298 0.5973030080355409 -0.618980086267274
vn -0.03084356459723214 0.7064337722128919 0.7071067811865478
vn 0.03084356459723214 -0.7064337722128919 -0.7071067811865478
vn 0.0308435645972317 -0.7064337722128923 0.7071067811865476
vn -0.0308435645972317 0.7064337722128923 -0.7071067811865476
vn -0.03084356459723214 0.7064337722128919 0.7071067811865478
vn 0.03084356459723214 -0.7064337722128919 -0.7071067811865478
vn -0.4559938468148875 -0.639478900724269 0.6189800862672737
vn 0.4559938468148867 0.6394789007242693 -0.6189800862672741
vn -0.03084356459723214 0.7064337722128919 0.7071067811865478
vn 0.03084356459723214 -0.7064337722128919 -0.7071067811865478
vn -0.7807324385071469 -0.4587557732200044 0.4242640687119284
vn 0.7807324385071474 0.45875577322000427 -0.4242640687119282
vn -0.03084356459723214 0.7064337722128919 0.7071067811865478
vn 0.03084356459723214 -0.7064337722128919 -0.7071067811865478
vn -0.9449194398828159 -0.25123604976033487 0.20978012163302825
vn 0.9449194398828159 0.25123604976033476 -0.2097801216330281
vn -0.03084356459723214 0.7064337722128919 0.7071067811865478
vn 0.03084356459723214 -0.7064337722128919 -0.7071067811865478
vn -0.9990482215818579 -0.04361938736533606 -5.20417042793042e-16
vn 0.9990482215818579 0.04361938736533606 5.20417042793042e-16
vn -0.03084356459723214 0.7064337722128919 0.7071067811865478
vn 0.03084356459723214 -0.7064337722128919 -0.7071067811865478
vn -0.9632204006569326 0.1679248651210715 -0.20978012163302925
vn 0.9632204006569326 -0.16792486512107105 0.2097801216330288
vn -0.03084356459723214 0.7064337722128919 0.7071067811865478
vn 0.03084356459723214 -0.7064337722128919 -0.7071067811865478
vn -0.8177447160238251 0.3889647534354663 -0.42426406871192873
vn 0.8177447160238248 -0.3889647534354669 0.42426406871192923
vn -0.03084356459723214 0.7064337722128919 0.7071067811865478
vn 0.03084356459723214 -0.7064337722128919 -0.7071067811865478
vn -0.5099929111235294 0.5973030080355411 -0.6189800862672743
vn 0.5099929111235303 -0.5973030080355407 0.6189800862672737
vn -0.03084356459723214 0.7064337722128919 0.7071067811865478
vn 0.03084356459723214 -0.7064337722128919 -0.7071067811865478
vn -0.030843564597232805 0.7064337722128922 -0.7071067811865475
vn 0.0308435645972317 -0.7064337722128923 0.7071067811865476
vn -0.03084356459723214 0.7064337722128919 0.7071067811865478
vn 0.03084356459723214 -0.7064337722128919 -0.7071067811865478
vn 0.4559938468148877 0.6394789007242689 -0.6189800862672736
vn -0.45599384681488697 -0.6394789007242693 0.618980086267274
vn -0.03084356459723214 0.7064337722128919 0.7071067811865478
vn 0.03084356459723214 -0.7064337722128919 -0.7071067811865478
vn 0.7807324385071471 0.4587557732200044 -0.42426406871192834
vn -0.7807324385071475 -0.4587557732200041 0.424264068711928
vn -0.03084356459723214 0.7064337722128919 0.7071067811865478
vn 0.03084356459723214 -0.7064337722128919 -0.7071067811865478
vn 0.9449194398828159 0.25123604976033476 -0.2097801216330281
vn -0.9449194398828158 -0.25123604976033515 0.20978012163302853
vn -0.03084356459723214 0.7064337722128919 0.7071067811865478
vn 0.03084356459723214 -0.7064337722128919 -0.7071067811865478
vn 0.9990482215818579 0.04361938736533646 1.2574765160154667e-16
vn -0.9990482215818579 -0.04361938736533606 -5.20417042793042e-16
vn -0.03084356459723214 0.7064337722128919 0.7071067811865478
vn 0.03084356459723214 -0.7064337722128919 -0.7071067811865478
usemtl none
f 2497/9985/2497 2501/9986/2497 2502/9987/2497 2498/9988/2497
f 2500/9989/2498 2504/9990/2498 2503/9991/2498 2499/9992/2498
f 2499/9993/2499 2503/9994/2499 2501/9995/2499 2497/9996/2499
f 2498/9997/2500 2502/9998/2500 2504/9999/2500 2500/10000/2500
f 2501/10001/2501 2505/10002/2501 2506/10003/2501 2502/10004/2501
f 2504/10005/2502 2508/10006/2502 2507/10007/2502 2503/10008/2502
f 2503/10009/2503 2507/10010/2503 2505/10011/2503 2501/10012/2503
f 2502/10013/2504 2506/10014/2504 2508/10015/2504 2504/10016/2504
f 2505/10017/2505 2509/10018/2505 2510/10019/2505 2506/10020/2505
f 2508/10021/2506 2512/10022/2506 2511/10023/2506 2507/10024/2506
f 2507/10025/2507 2511/10026/2507 2509/10027/2507 2505/10028/2507
f 2506/10029/2508 2510/10030/2508 2512/10031/2508 2508/10032/2508
f 2509/10033/2509 2513/10034/2509 2514/10035/2509 2510/10036/2509
f 2512/10037/2510 2516/10038/2510 2515/10039/2510 2511/10040/2510
f 2511/10041/2511 2515/10042/2511 2513/10043/2511 2509/10044/2511
f 2510/10045/2512 2514/10046/2512 2516/10047/2512 2512/10048/2512
f 2513/10049/2513 2517/10050/2513 2518/10051/2513 2514/10052/2513
f 2516/10053/2514 2520/10054/2514 2519/10055/2514 2515/10056/2514
f 2515/10057/2515 2519/10058/2515 2517/10059/2515 2513/10060/2515
f 2514/10061/2516 2518/10062/2516 2520/10063/2516 2516/10064/2516
f 2517/10065/2517 2521/10066/2517 2522/10067/2517 2518/10068/2517
f 2520/10069/2518 2524/10070/2518 2523/10071/2518 2519/10072/2518
f 2519/10073/2519 2523/10074/2519 2521/10075/2519 2517/10076/2519
f 2518/10077/2520 2522/10078/2520 2524/10079/2520 2520/10080/2520
f 2521/10081/2521 2525/10082/2521 2526/10083/2521 2522/10084/2521
f 2524/10085/2522 2528/10086/2522 2527/10087/2522 2523/10088/2522
f 2523/10089/2523 2527/10090/2523 2525/10091/2523 2521/10092/2523
f 2522/10093/2524 2526/10094/2524 2528/10095/2524 2524/10096/2524
f 2525/10097/2525 2529/10098/2525 2530/10099/2525 2526/10100/2525
f 2528/10101/2526 2532/10102/2526 2531/10103/2526 2527/10104/2526
f 2527/10105/2527 2531/10106/2527 2529/10107/2527 2525/10108/2527
f 2526/10109/2528 2530/10110/2528 2532/10111/2528 2528/10112/2528
f 2529/10113/2529 2533/10114/2529 2534/10115/2529 2530/10116/2529
f 2532/10117/2530 2536/10118/2530 2535/10119/2530 2531/10120/2530
f 2531/10121/2531 2535/10122/2531 2533/10123/2531 2529/10124/2531
f 2530/10125/2532 2534/10126/2532 2536/10127/2532 2532/10128/2532
f 2533/10129/2533 2537/10130/2533 2538/10131/2533 2534/10132/2533
f 2536/10133/2534 2540/10134/2534 2539/10135/2534 2535/10136/2534
f 2535/10137/2535 2539/10138/2535 2537/10139/2535 2533/10140/2535
f 2534/10141/2536 2538/10142/2536 2540/10143/2536 2536/10144/2536
f 2537/10145/2537 2541/10146/2537 2542/10147/2537 2538/10148/2537
f 2540/10149/2538 2544/10150/2538 2543/10151/2538 2539/10152/2538
f 2539/10153/2539 2543/10154/2539 2541/10155/2539 2537/10156/2539
f 2538/10157/2540 2542/10158/2540 2544/10159/2540 2540/10160/2540
f 2541/10161/2541 2545/10162/2541 2546/10163/2541 2542/10164/2541
f 2544/10165/2542 2548/10166/2542 2547/10167/2542 2543/10168/2542
f 2543/10169/2543 2547/10170/2543 2545/10171/2543 2541/10172/2543
f 2542/10173/2544 2546/10174/2544 2548/10175/2544 2544/10176/2544
f 2545/10177/2545 2549/10178/2545 2550/10179/2545 2546/10180/2545
f 2548/10181/2546 2552/10182/2546 2551/10183/2546 2547/10184/2546
f 2547/10185/2547 2551/10186/2547 2549/10187/2547 2545/10188/2547
f 2546/10189/2548 2550/10190/2548 2552/10191/2548 2548/10192/2548
f 2549/10193/2549 2553/10194/2549 2554/10195/2549 2550/10196/2549
f 2552/10197/2550 2556/10198/2550 2555/10199/2550 2551/10200/2550
f 2551/10201/2551 2555/10202/2551 2553/10203/2551 2549/10204/2551
f 2550/10205/2552 2554/10206/2552 2556/10207/2552 2552/10208/2552
f 2553/10209/2553 2557/10210/2553 2558/10211/2553 2554/10212/2553
f 2556/10213/2554 2560/10214/2554 2559/10215/2554 2555/10216/2554
f 2555/10217/2555 2559/10218/2555 2557/10219/2555 2553/10220/2555
f 2554/10221/2556 2558/10222/2556 2560/10223/2556 2556/10224/2556
f 2557/10225/2557 2497/10226/2557 2498/10227/2557 2558/10228/2557
f 2560/10229/2558 2500/10230/2558 2499/10231/2558 2559/10232/2558
f 2559/10233/2559 2499/10234/2559 2497/10235/2559 2557/10236/2559
f 2558/10237/2560 2498/10238/2560 2500/10239/2560 2560/10240/2560
o tube
v -0.0017646218198080765 0.21901121407680524 0.2044117833463703
v 0.029455635104624983 0.22037431993197198 0.20441178334637033
v -0.0018596781509705711 0.22118836199964503 0.2027983637802647
v 0.029360578773462494 0.22255146785481178 0.20279836378026472
v -0.0015267106348923736 0.21356215207614665 0.18550120541809986
v 0.02969354628954069 0.2149252579313134 0.18550120541809986
v -0.001631975459448886 0.21597311293828575 0.18469921684850768
v 0.029588281464984177 0.2173362187934525 0.18469921684850768
v -0.0016622799412125099 0.2166671996836667 0.16374516523594976
v 0.029557976983220553 0.21803030553883346 0.16374516523594979
v -0.001761727643852325 0.21894492654925912 0.16387670315254693
v 0.029458529280580736 0.22030803240442587 0.16387670315254693
v -0.0021506905408200713 0.22785364154844717 0.14245582269865703
v 0.029069566383612994 0.22921674740361392 0.14245582269865703
v -0.002229181110311944 0.22965137114985187 0.1435008616460358
v 0.028991075814121116 0.23101447700501862 0.1435008616460358
v -0.0029175863473779127 0.24541844330192322 0.12487428721915378
v 0.02830267057705515 0.24678154915708997 0.12487428721915378
v -0.002963170306035493 0.24646248760378578 0.1266737294908774
v 0.02825708661839757 0.24782559345895253 0.1266737294908774
v -0.0038462144262654038 0.26668752310245253 0.1136771881971784
v 0.02737404249816766 0.2680506289576193 0.1136771881971784
v -0.0038519520296026854 0.2668189358240995 0.11595708501936174
v 0.027368304894830373 0.26818204167926624 0.11595708501936174
v -0.004795199570506422 0.28842285635509307 0.11056918245687122
v 0.02642505735392664 0.2897859622102598 0.11056918245687122
v -0.004760217320426809 0.287621631100913 0.11298244020565305
v 0.026460039604006252 0.28898473695607974 0.11298244020565305
v -0.005620067394462023 0.3073154356034168 0.11602343569805185
v 0.02560018952997104 0.30867854145858353 0.11602343569805186
v -0.005549691021425251 0.3057035516552336 0.11820265775741609
v 0.025670565903007814 0.30706665751040035 0.1182026577574161
v -0.006195239249380416 0.3204890369185238 0.1292095873076793
v 0.025025017675052646 0.32185214277369056 0.1292095873076793
v -0.006100182918217923 0.318311888995684 0.13082300687378492
v 0.02512007400621514 0.31967499485085077 0.13082300687378492
v -0.00643315043429612 0.3259380989191824 0.14812016523594973
v 0.02478710649013694 0.32730120477434915 0.14812016523594973
v -0.00632788560973961 0.3235271380570433 0.1489221538055419
v 0.024892371314693455 0.32489024391221005 0.14892215380554194
v -0.006297581127975982 0.32283305131166234 0.16987620541809986
v 0.02492267579645708 0.3241961571668291 0.16987620541809986
v -0.006198133425336169 0.32055532444606993 0.1697446675015027
v 0.025022123499096896 0.3219184303012367 0.1697446675015027
v -0.005809170528368423 0.3116466094468819 0.1911655479553926
v 0.02541108639606464 0.31300971530204863 0.1911655479553926
v -0.005730679958876552 0.3098488798454772 0.1901205090080138
v 0.025489576965556513 0.31121198570064396 0.1901205090080138
v -0.005042274721810578 0.2940818076934058 0.20874708343489584
v 0.026177982202622484 0.29544491354857255 0.20874708343489584
v -0.004996690763153002 0.2930377633915433 0.20694764116317224
v 0.026223566161280062 0.29440086924671005 0.20694764116317224
v -0.00411364664292309 0.2728127278928765 0.21994418245687122
v 0.02710661028150997 0.2741758337480433 0.21994418245687122
v -0.004107909039585805 0.27268131517122957 0.21766428563468787
v 0.027112347884847253 0.2740444210263963 0.21766428563468787
v -0.0031646614986820705 0.25107739464023604 0.22305218819717837
v 0.028055595425750993 0.2524405004954028 0.2230521881971784
v -0.003199643748761685 0.25187861989441607 0.22063893044839655
v 0.02802061317567138 0.2532417257495828 0.22063893044839655
v -0.0023397936747264706 0.2321848153919123 0.21759793495599777
v 0.02888046324970659 0.23354792124707904 0.21759793495599777
v -0.0024101700477632427 0.23379669934009548 0.2154187128966335
v 0.02881008687666982 0.23515980519526222 0.21541871289663353
vt 0.7390375 0.921875
vt 0.748878125 0.921875
vt 0.748878125 0.9375
vt 0.7390375 0.9375
vt 0.07366249999999999 0.21875
vt 0.06424375 0.21875
vt 0.06424375 0.203125
vt 0.0736625 0.203125
vt 0.3794625 0.904909375
vt 0.38770625 0.90035625
vt 0.388275 0.90149375
vt 0.3796625 0.90625
vt 0.3796625 0.75
vt 0.388275 0.75475625
vt 0.38770625000000003 0.75589375
vt 0.37946250000000004 0.751340625
vt 0.470771875 0.609375
vt 0.481759375 0.609375
vt 0.481759375 0.625
vt 0.470771875 0.625
vt 0.684228125 1
vt 0.6737125 1
vt 0.6737125 0.984375
vt 0.684228125 0.984375
vt 0.38770625 0.90035625
vt 0.394015625 0.891940625
vt 0.39486875 0.892703125
vt 0.388275 0.90149375
vt 0.388275 0.75475625
vt 0.39486875 0.7635468750000001
vt 0.394015625 0.7643093750000001
vt 0.38770625000000003 0.75589375
vt 0.481759375 0.609375
vt 0.493784375 0.609375
vt 0.493784375 0.625
vt 0.481759375 0.625
vt 0.6737125 1
vt 0.6622 1
vt 0.6622 0.984375
vt 0.6737125 0.984375
vt 0.394015625 0.891940625
vt 0.39743125 0.88095
vt 0.3984375 0.8812156250000001
vt 0.39486875 0.892703125
vt 0.39486875 0.7635468750000001
vt 0.3984375 0.7750343749999999
vt 0.39743125 0.7753
vt 0.394015625 0.7643093750000001
vt 0.493784375 0.609375
vt 0.5062156250000001 0.609375
vt 0.5062156250000001 0.625
vt 0.493784375 0.625
vt 0.6622 1
vt 0.6503 1
vt 0.6503 0.984375
vt 0.6622 0.984375
vt 0.39743125 0.88095
vt 0.39743124999999996 0.86905
vt 0.3984375 0.8687843749999999
vt 0.3984375 0.8812156250000001
vt 0.3984375 0.7750343749999999
vt 0.3984375 0.7874656250000001
vt 0.39743125 0.7872
vt 0.39743125 0.7753
vt 0.5062156250000001 0.609375
vt 0.518240625 0.609375
vt 0.518240625 0.625
vt 0.5062156250000001 0.625
vt 0.6503 1
vt 0.6387875 1
vt 0.6387875 0.984375
vt 0.6503 0.984375
vt 0.39743124999999996 0.86905
vt 0.394015625 0.8580593750000001
vt 0.39486875 0.8572968750000001
vt 0.3984375 0.8687843749999999
vt 0.3984375 0.7874656250000001
vt 0.39486875 0.798953125
vt 0.394015625 0.798190625
vt 0.39743125 0.7872
vt 0.518240625 0.609375
vt 0.529228125 0.609375
vt 0.529228125 0.625
vt 0.518240625 0.625
vt 0.6387875 1
vt 0.628271875 1
vt 0.628271875 0.984375
vt 0.6387875 0.984375
vt 0.394015625 0.8580593750000001
vt 0.38770625 0.84964375
vt 0.3882749999999999 0.84850625
vt 0.39486875 0.8572968750000001
vt 0.39486875 0.798953125
vt 0.3882749999999999 0.80774375
vt 0.3877062499999999 0.80660625
vt 0.394015625 0.798190625
vt 0.063621875 0.265625
vt 0.0734625 0.265625
vt 0.0734625 0.28125
vt 0.063621875 0.28125
vt 0.81075625 1
vt 0.8013375 1
vt 0.8013375 0.984375
vt 0.81075625 0.984375
vt 0.38770625 0.84964375
vt 0.3794624999999999 0.8450906250000001
vt 0.3796624999999999 0.84375
vt 0.3882749999999999 0.84850625
vt 0.3882749999999999 0.80774375
vt 0.3796624999999999 0.8125
vt 0.3794624999999999 0.8111593749999999
vt 0.3877062499999999 0.80660625
vt 0.0734625 0.265625
vt 0.0827875 0.265625
vt 0.0827875 0.28125
vt 0.0734625 0.28125
vt 0.8013375 1
vt 0.7924125 1
vt 0.7924125 0.984375
vt 0.8013375 0.984375
vt 0.3794624999999999 0.8450906250000001
vt 0.3705374999999999 0.8450906250000001
vt 0.37033749999999993 0.8437500000000001
vt 0.3796624999999999 0.84375
vt 0.3796624999999999 0.8125
vt 0.3703374999999999 0.8124999999999999
vt 0.3705374999999999 0.8111593749999999
vt 0.3794624999999999 0.8111593749999999
vt 0.0827875 0.265625
vt 0.092628125 0.265625
vt 0.092628125 0.28125
vt 0.0827875 0.28125
vt 0.7924125 1
vt 0.78299375 1
vt 0.78299375 0.984375
vt 0.7924125 0.984375
vt 0.3705375000000001 0.845090625
vt 0.3622937500000001 0.84964375
vt 0.3617250000000001 0.84850625
vt 0.37033750000000004 0.84375
vt 0.37033750000000004 0.8125
vt 0.361725 0.80774375
vt 0.36229375 0.80660625
vt 0.3705375 0.811159375
vt 0.470771875 0.546875
vt 0.481759375 0.546875
vt 0.481759375 0.5625
vt 0.470771875 0.5625
vt 0.684228125 0.9375
vt 0.6737125 0.9375
vt 0.6737125 0.921875
vt 0.684228125 0.921875
vt 0.3622937500000001 0.84964375
vt 0.3559843750000001 0.858059375
vt 0.35513125000000006 0.857296875
vt 0.3617250000000001 0.84850625
vt 0.361725 0.80774375
vt 0.35513125 0.7989531249999999
vt 0.355984375 0.7981906249999999
vt 0.36229375 0.80660625
vt 0.481759375 0.546875
vt 0.493784375 0.546875
vt 0.493784375 0.5625
vt 0.481759375 0.5625
vt 0.6737125 0.9375
vt 0.6622 0.9375
vt 0.6622 0.921875
vt 0.6737125 0.921875
vt 0.3559843750000001 0.858059375
vt 0.35256875000000004 0.86905
vt 0.35156250000000006 0.8687843749999999
vt 0.35513125000000006 0.857296875
vt 0.35513125 0.7989531249999999
vt 0.3515625 0.7874656250000001
vt 0.35256875 0.7872
vt 0.355984375 0.7981906249999999
vt 0.493784375 0.546875
vt 0.5062156250000001 0.546875
vt 0.5062156250000001 0.5625
vt 0.493784375 0.5625
vt 0.6622 0.9375
vt 0.6503 0.9375
vt 0.6503 0.921875
vt 0.6622 0.921875
vt 0.35256875000000004 0.86905
vt 0.35256875 0.88095
vt 0.3515625 0.881215625
vt 0.35156250000000006 0.8687843749999999
vt 0.3515625 0.7874656250000001
vt 0.3515625 0.7750343749999999
vt 0.35256875 0.7753
vt 0.35256875 0.7872
vt 0.5062156250000001 0.546875
vt 0.518240625 0.546875
vt 0.518240625 0.5625
vt 0.5062156250000001 0.5625
vt 0.6503 0.9375
vt 0.6387875 0.9375
vt 0.6387875 0.921875
vt 0.6503 0.921875
vt 0.35256875 0.88095
vt 0.355984375 0.8919406249999999
vt 0.35513125 0.8927031249999999
vt 0.3515625 0.881215625
vt 0.3515625 0.7750343749999999
vt 0.35513125 0.7635468750000001
vt 0.355984375 0.7643093750000001
vt 0.35256875 0.7753
vt 0.518240625 0.546875
vt 0.529228125 0.546875
vt 0.529228125 0.5625
vt 0.518240625 0.5625
vt 0.6387875 0.9375
vt 0.628271875 0.9375
vt 0.628271875 0.921875
vt 0.6387875 0.921875
vt 0.355984375 0.8919406249999999
vt 0.36229374999999997 0.90035625
vt 0.36172499999999996 0.90149375
vt 0.35513125 0.8927031249999999
vt 0.35513125 0.7635468750000001
vt 0.361725 0.75475625
vt 0.36229374999999997 0.75589375
vt 0.355984375 0.7643093750000001
vt 0.719871875 0.921875
vt 0.7297125 0.921875
vt 0.7297125 0.9375
vt 0.719871875 0.9375
vt 0.09200625 0.21875
vt 0.08258750000000001 0.21875
vt 0.08258750000000001 0.203125
vt 0.09200625 0.203125
vt 0.36229374999999997 0.90035625
vt 0.37053749999999996 0.904909375
vt 0.3703375 0.90625
vt 0.361725 0.90149375
vt 0.361725 0.75475625
vt 0.3703375 0.75
vt 0.3705375 0.751340625
vt 0.36229374999999997 0.75589375
vt 0.7297125 0.921875
vt 0.7390375 0.921875
vt 0.7390375 0.9375
vt 0.7297125 0.9375
vt 0.08258750000000001 0.21875
vt 0.07366249999999999 0.21875
vt 0.07366249999999999 0.203125
vt 0.08258750000000001 0.203125
vt 0.37053749999999996 0.904909375
vt 0.3794625 0.904909375
vt 0.3796625 0.90625
vt 0.3703375 0.90625
vt 0.3703375 0.75
vt 0.3796625 0.75
vt 0.37946250000000004 0.751340625
vt 0.3705375 0.751340625
vn 0.04191096201571896 -0.9599188479172365 0.27712682417290946
vn -0.04191096201571896 0.9599188479172365 -0.2771268241729097
vn -0.9990482215818579 -0.04361938736533591 -3.67761376907083e-16
vn 0.9990482215818579 0.04361938736533591 3.67761376907083e-16
vn 0.04318099043612455 -0.989007281098049 -0.14142135623730925
vn -0.04318099043612456 0.9890072810980491 0.14142135623730934
vn -0.9990482215818579 -0.04361938736533591 -3.67761376907083e-16
vn 0.9990482215818579 0.04361938736533591 3.67761376907083e-16
vn 0.03860543219061213 -0.8842097677896398 -0.4654918980506185
vn -0.03860543219061213 0.8842097677896399 0.4654918980506185
vn -0.9990482215818579 -0.04361938736533591 -3.67761376907083e-16
vn 0.9990482215818579 0.04361938736533591 3.67761376907083e-16
vn 0.03084356459723192 -0.706433772212892 -0.7071067811865477
vn -0.03084356459723192 0.706433772212892 0.7071067811865477
vn -0.9990482215818579 -0.04361938736533591 -3.67761376907083e-16
vn 0.9990482215818579 0.04361938736533591 3.67761376907083e-16
vn 0.020304471416495495 -0.4650488529082336 -0.8850521413166756
vn -0.020304471416495516 0.46504885290823406 0.8850521413166754
vn -0.9990482215818579 -0.04361938736533591 -3.67761376907083e-16
vn 0.9990482215818579 0.04361938736533591 3.67761376907083e-16
vn 0.006168712919446541 -0.14128675444257868 -0.9899494936611666
vn -0.006168712919446527 0.1412867544425784 0.9899494936611667
vn -0.9990482215818579 -0.04361938736533591 -3.67761376907083e-16
vn 0.9990482215818579 0.04361938736533591 3.67761376907083e-16
vn -0.01208810229292329 0.2768630608425732 -0.9608333483616383
vn 0.012088102292923314 -0.2768630608425737 0.9608333483616383
vn -0.9990482215818579 -0.04361938736533591 -3.67761376907083e-16
vn 0.9990482215818579 0.04361938736533591 3.67761376907083e-16
vn -0.030843564597231685 0.706433772212892 -0.7071067811865476
vn 0.030843564597231685 -0.706433772212892 0.7071067811865476
vn -0.9990482215818579 -0.04361938736533591 -3.67761376907083e-16
vn 0.9990482215818579 0.04361938736533591 3.67761376907083e-16
vn -0.04191096201571896 0.9599188479172365 -0.2771268241729096
vn 0.04191096201571894 -0.9599188479172361 0.27712682417291035
vn -0.9990482215818579 -0.04361938736533591 -3.67761376907083e-16
vn 0.9990482215818579 0.04361938736533591 3.67761376907083e-16
vn -0.04318099043612455 0.989007281098049 0.1414213562373097
vn 0.04318099043612454 -0.9890072810980489 -0.14142135623731025
vn -0.9990482215818579 -0.04361938736533591 -3.67761376907083e-16
vn 0.9990482215818579 0.04361938736533591 3.67761376907083e-16
vn -0.03860543219061213 0.8842097677896399 0.46549189805061875
vn 0.03860543219061214 -0.8842097677896401 -0.4654918980506181
vn -0.9990482215818579 -0.04361938736533591 -3.67761376907083e-16
vn 0.9990482215818579 0.04361938736533591 3.67761376907083e-16
vn -0.030843564597231938 0.7064337722128925 0.7071067811865472
vn 0.03084356459723192 -0.706433772212892 -0.7071067811865477
vn -0.9990482215818579 -0.04361938736533591 -3.67761376907083e-16
vn 0.9990482215818579 0.04361938736533591 3.67761376907083e-16
vn -0.02030447141649549 0.4650488529082335 0.8850521413166758
vn 0.020304471416495516 -0.46504885290823406 -0.8850521413166756
vn -0.9990482215818579 -0.04361938736533591 -3.67761376907083e-16
vn 0.9990482215818579 0.04361938736533591 3.67761376907083e-16
vn -0.006168712919446541 0.14128675444257868 0.9899494936611666
vn 0.006168712919446515 -0.1412867544425781 -0.9899494936611666
vn -0.9990482215818579 -0.04361938736533591 -3.67761376907083e-16
vn 0.9990482215818579 0.04361938736533591 3.67761376907083e-16
vn 0.012088102292923298 -0.27686306084257334 0.9608333483616385
vn -0.012088102292923284 0.27686306084257306 -0.9608333483616385
vn -0.9990482215818579 -0.04361938736533591 -3.67761376907083e-16
vn 0.9990482215818579 0.04361938736533591 3.67761376907083e-16
vn 0.03084356459723166 -0.7064337722128915 0.7071067811865481
vn -0.030843564597231685 0.706433772212892 -0.7071067811865476
vn -0.9990482215818579 -0.04361938736533591 -3.67761376907083e-16
vn 0.9990482215818579 0.04361938736533591 3.67761376907083e-16
usemtl none
f 2561/10241/2561 2565/10242/2561 2566/10243/2561 2562/10244/2561
f 2564/10245/2562 2568/10246/2562 2567/10247/2562 2563/10248/2562
f 2563/10249/2563 2567/10250/2563 2565/10251/2563 2561/10252/2563
f 2562/10253/2564 2566/10254/2564 2568/10255/2564 2564/10256/2564
f 2565/10257/2565 2569/10258/2565 2570/10259/2565 2566/10260/2565
f 2568/10261/2566 2572/10262/2566 2571/10263/2566 2567/10264/2566
f 2567/10265/2567 2571/10266/2567 2569/10267/2567 2565/10268/2567
f 2566/10269/2568 2570/10270/2568 2572/10271/2568 2568/10272/2568
f 2569/10273/2569 2573/10274/2569 2574/10275/2569 2570/10276/2569
f 2572/10277/2570 2576/10278/2570 2575/10279/2570 2571/10280/2570
f 2571/10281/2571 2575/10282/2571 2573/10283/2571 2569/10284/2571
f 2570/10285/2572 2574/10286/2572 2576/10287/2572 2572/10288/2572
f 2573/10289/2573 2577/10290/2573 2578/10291/2573 2574/10292/2573
f 2576/10293/2574 2580/10294/2574 2579/10295/2574 2575/10296/2574
f 2575/10297/2575 2579/10298/2575 2577/10299/2575 2573/10300/2575
f 2574/10301/2576 2578/10302/2576 2580/10303/2576 2576/10304/2576
f 2577/10305/2577 2581/10306/2577 2582/10307/2577 2578/10308/2577
f 2580/10309/2578 2584/10310/2578 2583/10311/2578 2579/10312/2578
f 2579/10313/2579 2583/10314/2579 2581/10315/2579 2577/10316/2579
f 2578/10317/2580 2582/10318/2580 2584/10319/2580 2580/10320/2580
f 2581/10321/2581 2585/10322/2581 2586/10323/2581 2582/10324/2581
f 2584/10325/2582 2588/10326/2582 2587/10327/2582 2583/10328/2582
f 2583/10329/2583 2587/10330/2583 2585/10331/2583 2581/10332/2583
f 2582/10333/2584 2586/10334/2584 2588/10335/2584 2584/10336/2584
f 2585/10337/2585 2589/10338/2585 2590/10339/2585 2586/10340/2585
f 2588/10341/2586 2592/10342/2586 2591/10343/2586 2587/10344/2586
f 2587/10345/2587 2591/10346/2587 2589/10347/2587 2585/10348/2587
f 2586/10349/2588 2590/10350/2588 2592/10351/2588 2588/10352/2588
f 2589/10353/2589 2593/10354/2589 2594/10355/2589 2590/10356/2589
f 2592/10357/2590 2596/10358/2590 2595/10359/2590 2591/10360/2590
f 2591/10361/2591 2595/10362/2591 2593/10363/2591 2589/10364/2591
f 2590/10365/2592 2594/10366/2592 2596/10367/2592 2592/10368/2592
f 2593/10369/2593 2597/10370/2593 2598/10371/2593 2594/10372/2593
f 2596/10373/2594 2600/10374/2594 2599/10375/2594 2595/10376/2594
f 2595/10377/2595 2599/10378/2595 2597/10379/2595 2593/10380/2595
f 2594/10381/2596 2598/10382/2596 2600/10383/2596 2596/10384/2596
f 2597/10385/2597 2601/10386/2597 2602/10387/2597 2598/10388/2597
f 2600/10389/2598 2604/10390/2598 2603/10391/2598 2599/10392/2598
f 2599/10393/2599 2603/10394/2599 2601/10395/2599 2597/10396/2599
f 2598/10397/2600 2602/10398/2600 2604/10399/2600 2600/10400/2600
f 2601/10401/2601 2605/10402/2601 2606/10403/2601 2602/10404/2601
f 2604/10405/2602 2608/10406/2602 2607/10407/2602 2603/10408/2602
f 2603/10409/2603 2607/10410/2603 2605/10411/2603 2601/10412/2603
f 2602/10413/2604 2606/10414/2604 2608/10415/2604 2604/10416/2604
f 2605/10417/2605 2609/10418/2605 2610/10419/2605 2606/10420/2605
f 2608/10421/2606 2612/10422/2606 2611/10423/2606 2607/10424/2606
f 2607/10425/2607 2611/10426/2607 2609/10427/2607 2605/10428/2607
f 2606/10429/2608 2610/10430/2608 2612/10431/2608 2608/10432/2608
f 2609/10433/2609 2613/10434/2609 2614/10435/2609 2610/10436/2609
f 2612/10437/2610 2616/10438/2610 2615/10439/2610 2611/10440/2610
f 2611/10441/2611 2615/10442/2611 2613/10443/2611 2609/10444/2611
f 2610/10445/2612 2614/10446/2612 2616/10447/2612 2612/10448/2612
f 2613/10449/2613 2617/10450/2613 2618/10451/2613 2614/10452/2613
f 2616/10453/2614 2620/10454/2614 2619/10455/2614 2615/10456/2614
f 2615/10457/2615 2619/10458/2615 2617/10459/2615 2613/10460/2615
f 2614/10461/2616 2618/10462/2616 2620/10463/2616 2616/10464/2616
f 2617/10465/2617 2621/10466/2617 2622/10467/2617 2618/10468/2617
f 2620/10469/2618 2624/10470/2618 2623/10471/2618 2619/10472/2618
f 2619/10473/2619 2623/10474/2619 2621/10475/2619 2617/10476/2619
f 2618/10477/2620 2622/10478/2620 2624/10479/2620 2620/10480/2620
f 2621/10481/2621 2561/10482/2621 2562/10483/2621 2622/10484/2621
f 2624/10485/2622 2564/10486/2622 2563/10487/2622 2623/10488/2622
f 2623/10489/2623 2563/10490/2623 2561/10491/2623 2621/10492/2623
f 2622/10493/2624 2562/10494/2624 2564/10495/2624 2624/10496/2624
o tube
v 0.0049824079358363315 0.064478826405235 0.3590913917309276
v 0.03620266486026939 0.06584193226040175 0.3590913917309276
v 0.004887351604673837 0.06665597432807481 0.35747797216482197
v 0.0361076085291069 0.06801908018324156 0.35747797216482197
v 0.005220319120752034 0.05902976440457641 0.3401808138026571
v 0.036440576045185094 0.06039287025974316 0.3401808138026571
v 0.005115054296195522 0.06144072526671554 0.3393788252330649
v 0.03633531122062859 0.06280383112188229 0.3393788252330649
v 0.005084749814431898 0.062134812012096474 0.31842477362050703
v 0.036305006738864956 0.06349791786726322 0.31842477362050703
v 0.004985302111792083 0.06441253887768889 0.3185563115371042
v 0.036205559036225146 0.06577564473285563 0.3185563115371042
v 0.004596339214824337 0.07332125387687695 0.2971354310832143
v 0.0358165961392574 0.0746843597320437 0.2971354310832143
v 0.004517848645332464 0.07511898347828165 0.29818047003059306
v 0.035738105569765526 0.0764820893334484 0.29818047003059306
v 0.0038294434082664953 0.09088605563035301 0.279553895603711
v 0.03504970033269955 0.09224916148551976 0.279553895603711
v 0.003783859449608915 0.09193009993221556 0.28135333787543465
v 0.03500411637404198 0.0932932057873823 0.28135333787543465
v 0.0029008153293790043 0.11215513543088232 0.2683567965817356
v 0.03412107225381207 0.11351824128604907 0.2683567965817356
v 0.0028950777260417226 0.11228654815252928 0.270636693403919
v 0.03411533465047478 0.11364965400769603 0.270636693403919
v 0.0019518301851379864 0.13389046868352283 0.2652487908414285
v 0.03317208710957105 0.13525357453868958 0.2652487908414285
v 0.001986812435217599 0.13308924342934278 0.2676620485902103
v 0.03320706935965066 0.13445234928450953 0.2676620485902103
v 0.0011269623611823848 0.15278304793184655 0.2707030440826091
v 0.032347219285615444 0.1541461537870133 0.2707030440826091
v 0.0011973387342191569 0.15117116398366337 0.27288226614197336
v 0.032417595658652223 0.15253426983883012 0.27288226614197336
v 0.0005517905062639925 0.1659566492469536 0.28388919569223653
v 0.03177204743069705 0.16731975510212035 0.2838891956922366
v 0.0006468468374264853 0.16377950132411379 0.28550261525834214
v 0.03186710376185955 0.16514260717928053 0.2855026152583422
v 0.0003138793213482878 0.1714057112476122 0.302799773620507
v 0.03153413624578135 0.17276881710277894 0.302799773620507
v 0.0004191441459047984 0.16899475038547307 0.30360176219009916
v 0.031639401070337865 0.17035785624063982 0.30360176219009916
v 0.0004494486276684258 0.1683006636400921 0.3245558138026571
v 0.03166970555210149 0.16966376949525885 0.32455581380265713
v 0.0005488963303082392 0.1660229367744997 0.32442427588605993
v 0.031769153254741306 0.16738604262966644 0.32442427588605993
v 0.0009378592272759854 0.15711422177531167 0.34584515633994983
v 0.03215811615170905 0.15847732763047842 0.34584515633994983
v 0.0010163497967678563 0.15531649217390697 0.34480011739257105
v 0.03223660672120092 0.15667959802907372 0.34480011739257105
v 0.0017047550338338303 0.1395494200218356 0.3634266918194531
v 0.03292501195826689 0.14091252587700234 0.3634266918194531
v 0.0017503389924914056 0.13850537571997307 0.36162724954772946
v 0.03297059591692447 0.1398684815751398 0.36162724954772946
v 0.002633383112721318 0.1182803402213063 0.37462379084142844
v 0.03385364003715438 0.11964344607647305 0.3746237908414285
v 0.002639120716058603 0.11814892749965933 0.3723438940192451
v 0.03385937764049166 0.11951203335482607 0.3723438940192451
v 0.0035823682569623375 0.09654500696866579 0.3777317965817356
v 0.0348026251813954 0.09790811282383254 0.3777317965817356
v 0.003547386006882723 0.09734623222284584 0.3753185388329538
v 0.03476764293131579 0.09870933807801259 0.3753185388329538
v 0.004407236080917937 0.07765242772034207 0.372277543340555
v 0.035627493005351 0.07901553357550882 0.372277543340555
v 0.004336859707881165 0.07926431166852525 0.37009832128119075
v 0.03555711663231423 0.080627417523692 0.37009832128119075
vt 0.7390375 0.859375
vt 0.748878125 0.859375
vt 0.748878125 0.875
vt 0.7390375 0.875
vt 0.1361625 0.21875
vt 0.12674375 0.21875
vt 0.12674375 0.203125
vt 0.1361625 0.203125
vt 0.035712499999999994 0.623659375
vt 0.043956249999999995 0.61910625
vt 0.044524999999999995 0.62024375
vt 0.03591249999999999 0.625
vt 0.1296625 0.5625
vt 0.138275 0.56725625
vt 0.13770625 0.56839375
vt 0.1294625 0.563840625
vt 0.470771875 0.484375
vt 0.481759375 0.484375
vt 0.481759375 0.5
vt 0.470771875 0.5
vt 0.684228125 0.875
vt 0.6737125 0.875
vt 0.6737125 0.859375
vt 0.684228125 0.859375
vt 0.043956249999999995 0.61910625
vt 0.050265624999999994 0.6106906249999999
vt 0.05111875 0.6114531249999999
vt 0.044524999999999995 0.62024375
vt 0.138275 0.56725625
vt 0.14486875 0.5760468750000001
vt 0.144015625 0.5768093750000001
vt 0.13770625 0.56839375
vt 0.481759375 0.484375
vt 0.493784375 0.484375
vt 0.493784375 0.5
vt 0.481759375 0.5
vt 0.6737125 0.875
vt 0.6622 0.875
vt 0.6622 0.859375
vt 0.6737125 0.859375
vt 0.050265624999999994 0.6106906249999999
vt 0.05368124999999999 0.5997
vt 0.05468749999999999 0.5999656250000001
vt 0.05111875 0.6114531249999999
vt 0.14486875 0.5760468750000001
vt 0.1484375 0.5875343749999999
vt 0.14743125 0.5878
vt 0.144015625 0.5768093750000001
vt 0.493784375 0.484375
vt 0.5062156250000001 0.484375
vt 0.5062156250000001 0.5
vt 0.493784375 0.5
vt 0.6622 0.875
vt 0.6503 0.875
vt 0.6503 0.859375
vt 0.6622 0.859375
vt 0.05368124999999999 0.5997
vt 0.05368124999999998 0.5878
vt 0.05468749999999998 0.5875343749999999
vt 0.05468749999999999 0.5999656250000001
vt 0.1484375 0.5875343749999999
vt 0.1484375 0.5999656250000001
vt 0.14743124999999999 0.5997
vt 0.14743125 0.5878
vt 0.5062156250000001 0.484375
vt 0.518240625 0.484375
vt 0.518240625 0.5
vt 0.5062156250000001 0.5
vt 0.6503 0.875
vt 0.6387875 0.875
vt 0.6387875 0.859375
vt 0.6503 0.859375
vt 0.05368124999999998 0.5878
vt 0.050265624999999974 0.5768093750000001
vt 0.05111874999999997 0.5760468750000001
vt 0.05468749999999998 0.5875343749999999
vt 0.1484375 0.5999656250000001
vt 0.14486874999999996 0.6114531249999999
vt 0.14401562499999998 0.6106906249999999
vt 0.14743124999999999 0.5997
vt 0.518240625 0.484375
vt 0.529228125 0.484375
vt 0.529228125 0.5
vt 0.518240625 0.5
vt 0.6387875 0.875
vt 0.628271875 0.875
vt 0.628271875 0.859375
vt 0.6387875 0.859375
vt 0.050265624999999974 0.5768093750000001
vt 0.043956249999999954 0.56839375
vt 0.04452499999999995 0.56725625
vt 0.05111874999999997 0.5760468750000001
vt 0.14486874999999996 0.6114531249999999
vt 0.13827499999999993 0.62024375
vt 0.13770624999999992 0.61910625
vt 0.14401562499999998 0.6106906249999999
vt 0.126121875 0.265625
vt 0.1359625 0.265625
vt 0.1359625 0.28125
vt 0.126121875 0.28125
vt 0.81075625 0.9375
vt 0.8013375 0.9375
vt 0.8013375 0.921875
vt 0.81075625 0.921875
vt 0.043956249999999954 0.56839375
vt 0.03571249999999993 0.5638406250000001
vt 0.035912499999999924 0.5625
vt 0.04452499999999995 0.56725625
vt 0.13827499999999993 0.62024375
vt 0.1296624999999999 0.625
vt 0.12946249999999992 0.6236593749999999
vt 0.13770624999999992 0.61910625
vt 0.1359625 0.265625
vt 0.1452875 0.265625
vt 0.1452875 0.28125
vt 0.1359625 0.28125
vt 0.8013375 0.9375
vt 0.7924125 0.9375
vt 0.7924125 0.921875
vt 0.8013375 0.921875
vt 0.03571249999999993 0.5638406250000001
vt 0.02678749999999993 0.5638406250000001
vt 0.026587499999999924 0.5625000000000001
vt 0.035912499999999924 0.5625
vt 0.1296624999999999 0.625
vt 0.1203374999999999 0.6249999999999999
vt 0.12053749999999991 0.6236593749999999
vt 0.12946249999999992 0.6236593749999999
vt 0.1452875 0.265625
vt 0.155128125 0.265625
vt 0.155128125 0.28125
vt 0.1452875 0.28125
vt 0.7924125 0.9375
vt 0.78299375 0.9375
vt 0.78299375 0.921875
vt 0.7924125 0.921875
vt 0.026787500000000054 0.563840625
vt 0.018543750000000053 0.56839375
vt 0.017975000000000053 0.56725625
vt 0.026587500000000056 0.5625
vt 0.12033750000000004 0.625
vt 0.11172500000000005 0.62024375
vt 0.11229375000000004 0.61910625
vt 0.12053750000000005 0.623659375
vt 0.0020218749999999994 0.453125
vt 0.013009375 0.453125
vt 0.013009375 0.46875
vt 0.0020218749999999994 0.46875
vt 0.684228125 0.8125
vt 0.6737125 0.8125
vt 0.6737125 0.796875
vt 0.684228125 0.796875
vt 0.018543750000000053 0.56839375
vt 0.012234375000000054 0.5768093750000001
vt 0.011381250000000055 0.5760468750000001
vt 0.017975000000000053 0.56725625
vt 0.11172500000000005 0.62024375
vt 0.10513125000000004 0.6114531249999999
vt 0.10598437500000003 0.6106906249999999
vt 0.11229375000000004 0.61910625
vt 0.013009375 0.453125
vt 0.025034375 0.453125
vt 0.025034375 0.46875
vt 0.013009375 0.46875
vt 0.6737125 0.8125
vt 0.6622 0.8125
vt 0.6622 0.796875
vt 0.6737125 0.796875
vt 0.012234375000000054 0.5768093750000001
vt 0.008818750000000035 0.5878
vt 0.007812500000000035 0.5875343749999999
vt 0.011381250000000055 0.5760468750000001
vt 0.10513125000000004 0.6114531249999999
vt 0.10156250000000001 0.5999656250000001
vt 0.10256875000000001 0.5997
vt 0.10598437500000003 0.6106906249999999
vt 0.025034375 0.453125
vt 0.037465625 0.453125
vt 0.037465625 0.46875
vt 0.025034375 0.46875
vt 0.6622 0.8125
vt 0.6503 0.8125
vt 0.6503 0.796875
vt 0.6622 0.796875
vt 0.008818750000000035 0.5878
vt 0.008818750000000007 0.5997
vt 0.007812500000000007 0.5999656250000001
vt 0.007812500000000038 0.5875343749999999
vt 0.10156250000000001 0.5999656250000001
vt 0.1015625 0.5875343749999999
vt 0.10256875 0.5878
vt 0.10256875000000001 0.5997
vt 0.037465625 0.453125
vt 0.049490625 0.453125
vt 0.049490625 0.46875
vt 0.037465625 0.46875
vt 0.6503 0.8125
vt 0.6387875 0.8125
vt 0.6387875 0.796875
vt 0.6503 0.796875
vt 0.008818750000000007 0.5997
vt 0.012234375000000002 0.6106906249999999
vt 0.011381250000000002 0.6114531249999999
vt 0.007812500000000007 0.5999656250000001
vt 0.1015625 0.5875343749999999
vt 0.10513125 0.5760468750000001
vt 0.10598437499999999 0.5768093750000001
vt 0.10256875 0.5878
vt 0.049490625 0.453125
vt 0.060478125 0.453125
vt 0.060478125 0.46875
vt 0.049490625 0.46875
vt 0.6387875 0.8125
vt 0.628271875 0.8125
vt 0.628271875 0.796875
vt 0.6387875 0.796875
vt 0.012234375000000002 0.6106906249999999
vt 0.018543749999999994 0.61910625
vt 0.01797499999999999 0.62024375
vt 0.011381250000000006 0.6114531249999999
vt 0.10513125 0.5760468750000001
vt 0.11172499999999999 0.56725625
vt 0.11229375 0.56839375
vt 0.10598437499999999 0.5768093750000001
vt 0.719871875 0.859375
vt 0.7297125 0.859375
vt 0.7297125 0.875
vt 0.719871875 0.875
vt 0.15450625 0.21875
vt 0.1450875 0.21875
vt 0.1450875 0.203125
vt 0.15450625 0.203125
vt 0.018543749999999994 0.61910625
vt 0.026787499999999992 0.623659375
vt 0.026587499999999993 0.625
vt 0.017974999999999994 0.62024375
vt 0.11172499999999999 0.56725625
vt 0.1203375 0.5625
vt 0.1205375 0.563840625
vt 0.11229375 0.56839375
vt 0.7297125 0.859375
vt 0.7390375 0.859375
vt 0.7390375 0.875
vt 0.7297125 0.875
vt 0.1450875 0.21875
vt 0.1361625 0.21875
vt 0.1361625 0.203125
vt 0.1450875 0.203125
vt 0.026787499999999992 0.623659375
vt 0.035712499999999994 0.623659375
vt 0.03591249999999999 0.625
vt 0.026587499999999993 0.625
vt 0.1203375 0.5625
vt 0.1296625 0.5625
vt 0.1294625 0.563840625
vt 0.1205375 0.563840625
vn 0.04191096201571896 -0.9599188479172365 0.27712682417290946
vn -0.04191096201571896 0.9599188479172365 -0.2771268241729097
vn -0.9990482215818579 -0.04361938736533591 -3.67761376907083e-16
vn 0.9990482215818579 0.04361938736533591 3.67761376907083e-16
vn 0.04318099043612455 -0.989007281098049 -0.14142135623730925
vn -0.04318099043612456 0.9890072810980491 0.14142135623730934
vn -0.9990482215818579 -0.04361938736533591 -3.67761376907083e-16
vn 0.9990482215818579 0.04361938736533591 3.67761376907083e-16
vn 0.03860543219061213 -0.8842097677896398 -0.4654918980506185
vn -0.03860543219061213 0.8842097677896399 0.4654918980506185
vn -0.9990482215818579 -0.04361938736533591 -3.67761376907083e-16
vn 0.9990482215818579 0.04361938736533591 3.67761376907083e-16
vn 0.03084356459723192 -0.706433772212892 -0.7071067811865477
vn -0.03084356459723192 0.706433772212892 0.7071067811865477
vn -0.9990482215818579 -0.04361938736533591 -3.67761376907083e-16
vn 0.9990482215818579 0.04361938736533591 3.67761376907083e-16
vn 0.020304471416495495 -0.4650488529082336 -0.8850521413166756
vn -0.020304471416495516 0.46504885290823406 0.8850521413166754
vn -0.9990482215818579 -0.04361938736533591 -3.67761376907083e-16
vn 0.9990482215818579 0.04361938736533591 3.67761376907083e-16
vn 0.006168712919446541 -0.14128675444257868 -0.9899494936611666
vn -0.006168712919446527 0.1412867544425784 0.9899494936611667
vn -0.9990482215818579 -0.04361938736533591 -3.67761376907083e-16
vn 0.9990482215818579 0.04361938736533591 3.67761376907083e-16
vn -0.01208810229292329 0.2768630608425732 -0.9608333483616383
vn 0.012088102292923314 -0.2768630608425737 0.9608333483616383
vn -0.9990482215818579 -0.04361938736533591 -3.67761376907083e-16
vn 0.9990482215818579 0.04361938736533591 3.67761376907083e-16
vn -0.030843564597231685 0.706433772212892 -0.7071067811865476
vn 0.030843564597231685 -0.706433772212892 0.7071067811865476
vn -0.9990482215818579 -0.04361938736533591 -3.67761376907083e-16
vn 0.9990482215818579 0.04361938736533591 3.67761376907083e-16
vn -0.04191096201571896 0.9599188479172365 -0.2771268241729096
vn 0.04191096201571894 -0.9599188479172361 0.27712682417291035
vn -0.9990482215818579 -0.04361938736533591 -3.67761376907083e-16
vn 0.9990482215818579 0.04361938736533591 3.67761376907083e-16
vn -0.04318099043612455 0.989007281098049 0.1414213562373097
vn 0.04318099043612454 -0.9890072810980489 -0.14142135623731025
vn -0.9990482215818579 -0.04361938736533591 -3.67761376907083e-16
vn 0.9990482215818579 0.04361938736533591 3.67761376907083e-16
vn -0.03860543219061213 0.8842097677896399 0.46549189805061875
vn 0.03860543219061214 -0.8842097677896401 -0.4654918980506181
vn -0.9990482215818579 -0.04361938736533591 -3.67761376907083e-16
vn 0.9990482215818579 0.04361938736533591 3.67761376907083e-16
vn -0.030843564597231938 0.7064337722128925 0.7071067811865472
vn 0.03084356459723192 -0.706433772212892 -0.7071067811865477
vn -0.9990482215818579 -0.04361938736533591 -3.67761376907083e-16
vn 0.9990482215818579 0.04361938736533591 3.67761376907083e-16
vn -0.02030447141649549 0.4650488529082335 0.8850521413166758
vn 0.020304471416495516 -0.46504885290823406 -0.8850521413166756
vn -0.9990482215818579 -0.04361938736533591 -3.67761376907083e-16
vn 0.9990482215818579 0.04361938736533591 3.67761376907083e-16
vn -0.006168712919446541 0.14128675444257868 0.9899494936611666
vn 0.006168712919446515 -0.1412867544425781 -0.9899494936611666
vn -0.9990482215818579 -0.04361938736533591 -3.67761376907083e-16
vn 0.9990482215818579 0.04361938736533591 3.67761376907083e-16
vn 0.012088102292923298 -0.27686306084257334 0.9608333483616385
vn -0.012088102292923284 0.27686306084257306 -0.9608333483616385
vn -0.9990482215818579 -0.04361938736533591 -3.67761376907083e-16
vn 0.9990482215818579 0.04361938736533591 3.67761376907083e-16
vn 0.03084356459723166 -0.7064337722128915 0.7071067811865481
vn -0.030843564597231685 0.706433772212892 -0.7071067811865476
vn -0.9990482215818579 -0.04361938736533591 -3.67761376907083e-16
vn 0.9990482215818579 0.04361938736533591 3.67761376907083e-16
usemtl none
f 2625/10497/2625 2629/10498/2625 2630/10499/2625 2626/10500/2625
f 2628/10501/2626 2632/10502/2626 2631/10503/2626 2627/10504/2626
f 2627/10505/2627 2631/10506/2627 2629/10507/2627 2625/10508/2627
f 2626/10509/2628 2630/10510/2628 2632/10511/2628 2628/10512/2628
f 2629/10513/2629 2633/10514/2629 2634/10515/2629 2630/10516/2629
f 2632/10517/2630 2636/10518/2630 2635/10519/2630 2631/10520/2630
f 2631/10521/2631 2635/10522/2631 2633/10523/2631 2629/10524/2631
f 2630/10525/2632 2634/10526/2632 2636/10527/2632 2632/10528/2632
f 2633/10529/2633 2637/10530/2633 2638/10531/2633 2634/10532/2633
f 2636/10533/2634 2640/10534/2634 2639/10535/2634 2635/10536/2634
f 2635/10537/2635 2639/10538/2635 2637/10539/2635 2633/10540/2635
f 2634/10541/2636 2638/10542/2636 2640/10543/2636 2636/10544/2636
f 2637/10545/2637 2641/10546/2637 2642/10547/2637 2638/10548/2637
f 2640/10549/2638 2644/10550/2638 2643/10551/2638 2639/10552/2638
f 2639/10553/2639 2643/10554/2639 2641/10555/2639 2637/10556/2639
f 2638/10557/2640 2642/10558/2640 2644/10559/2640 2640/10560/2640
f 2641/10561/2641 2645/10562/2641 2646/10563/2641 2642/10564/2641
f 2644/10565/2642 2648/10566/2642 2647/10567/2642 2643/10568/2642
f 2643/10569/2643 2647/10570/2643 2645/10571/2643 2641/10572/2643
f 2642/10573/2644 2646/10574/2644 2648/10575/2644 2644/10576/2644
f 2645/10577/2645 2649/10578/2645 2650/10579/2645 2646/10580/2645
f 2648/10581/2646 2652/10582/2646 2651/10583/2646 2647/10584/2646
f 2647/10585/2647 2651/10586/2647 2649/10587/2647 2645/10588/2647
f 2646/10589/2648 2650/10590/2648 2652/10591/2648 2648/10592/2648
f 2649/10593/2649 2653/10594/2649 2654/10595/2649 2650/10596/2649
f 2652/10597/2650 2656/10598/2650 2655/10599/2650 2651/10600/2650
f 2651/10601/2651 2655/10602/2651 2653/10603/2651 2649/10604/2651
f 2650/10605/2652 2654/10606/2652 2656/10607/2652 2652/10608/2652
f 2653/10609/2653 2657/10610/2653 2658/10611/2653 2654/10612/2653
f 2656/10613/2654 2660/10614/2654 2659/10615/2654 2655/10616/2654
f 2655/10617/2655 2659/10618/2655 2657/10619/2655 2653/10620/2655
f 2654/10621/2656 2658/10622/2656 2660/10623/2656 2656/10624/2656
f 2657/10625/2657 2661/10626/2657 2662/10627/2657 2658/10628/2657
f 2660/10629/2658 2664/10630/2658 2663/10631/2658 2659/10632/2658
f 2659/10633/2659 2663/10634/2659 2661/10635/2659 2657/10636/2659
f 2658/10637/2660 2662/10638/2660 2664/10639/2660 2660/10640/2660
f 2661/10641/2661 2665/10642/2661 2666/10643/2661 2662/10644/2661
f 2664/10645/2662 2668/10646/2662 2667/10647/2662 2663/10648/2662
f 2663/10649/2663 2667/10650/2663 2665/10651/2663 2661/10652/2663
f 2662/10653/2664 2666/10654/2664 2668/10655/2664 2664/10656/2664
f 2665/10657/2665 2669/10658/2665 2670/10659/2665 2666/10660/2665
f 2668/10661/2666 2672/10662/2666 2671/10663/2666 2667/10664/2666
f 2667/10665/2667 2671/10666/2667 2669/10667/2667 2665/10668/2667
f 2666/10669/2668 2670/10670/2668 2672/10671/2668 2668/10672/2668
f 2669/10673/2669 2673/10674/2669 2674/10675/2669 2670/10676/2669
f 2672/10677/2670 2676/10678/2670 2675/10679/2670 2671/10680/2670
f 2671/10681/2671 2675/10682/2671 2673/10683/2671 2669/10684/2671
f 2670/10685/2672 2674/10686/2672 2676/10687/2672 2672/10688/2672
f 2673/10689/2673 2677/10690/2673 2678/10691/2673 2674/10692/2673
f 2676/10693/2674 2680/10694/2674 2679/10695/2674 2675/10696/2674
f 2675/10697/2675 2679/10698/2675 2677/10699/2675 2673/10700/2675
f 2674/10701/2676 2678/10702/2676 2680/10703/2676 2676/10704/2676
f 2677/10705/2677 2681/10706/2677 2682/10707/2677 2678/10708/2677
f 2680/10709/2678 2684/10710/2678 2683/10711/2678 2679/10712/2678
f 2679/10713/2679 2683/10714/2679 2681/10715/2679 2677/10716/2679
f 2678/10717/2680 2682/10718/2680 2684/10719/2680 2680/10720/2680
f 2681/10721/2681 2685/10722/2681 2686/10723/2681 2682/10724/2681
f 2684/10725/2682 2688/10726/2682 2687/10727/2682 2683/10728/2682
f 2683/10729/2683 2687/10730/2683 2685/10731/2683 2681/10732/2683
f 2682/10733/2684 2686/10734/2684 2688/10735/2684 2684/10736/2684
f 2685/10737/2685 2625/10738/2685 2626/10739/2685 2686/10740/2685
f 2688/10741/2686 2628/10742/2686 2627/10743/2686 2687/10744/2686
f 2687/10745/2687 2627/10746/2687 2625/10747/2687 2685/10748/2687
f 2686/10749/2688 2626/10750/2688 2628/10751/2688 2688/10752/2688
o tube
v 0.06848264515418566 0.0429333825147311 0.41866940909965217
v 0.06944650654784917 0.020857327133078217 0.39657232218757255
v 0.06645675425116929 0.04322249122427518 0.41829220743747975
v 0.06742061564483279 0.0211464358426223 0.3961951205254001
v 0.06206166283681644 0.026394340917280518 0.4349126298792862
v 0.06302552423047994 0.004318285535627631 0.4128155429672066
v 0.060311288848203234 0.02739312074611565 0.4338384504264931
v 0.06127515024186675 0.005317065364462768 0.4117413635144135
v 0.049430338746989974 0.01339897863228184 0.44734465284051483
v 0.05039420014065349 -0.008677076749371043 0.4252475659284352
v 0.04822196024536661 0.014955374405429569 0.44573702968132783
v 0.04918582163903011 -0.007120680976223315 0.4236399427692482
v 0.03251167747414433 0.0059257217643736496 0.45407281518405973
v 0.03347553886780784 -0.016150333617279224 0.4319757282719801
v 0.03202925913240454 0.007802786334135052 0.4521764943713248
v 0.03299312052606805 -0.014273269047517828 0.43007940745924517
v 0.013881391829023908 0.00511230592645278 0.45407281518405973
v 0.01484525322268742 -0.016963749455200093 0.4319757282719801
v 0.01419837746656443 0.007024273227714373 0.4521764943713248
v 0.015162238860227939 -0.015051782153938514 0.43007940745924517
v -0.0036242260828616216 0.01108256630620973 0.44734465284051483
v -0.0026603646891981136 -0.010993489075443147 0.4252475659284352
v -0.002556094655874381 0.01273835664938118 0.44573702968132783
v -0.001592233262210873 -0.009337698732271707 0.4236399427692482
v -0.017340104623249263 0.022927584881371636 0.4349126298792862
v -0.016376243229585755 0.0008515294997187492 0.4128155429672066
v -0.015683440733938608 0.024075119196481934 0.43383845042649305
v -0.0147195793402751 0.0019990638148290538 0.4117413635144135
v -0.02517812561911353 0.038844064949230823 0.4186694090996521
v -0.024214264225450022 0.016768009567577943 0.39657232218757255
v -0.02318514132693145 0.0393086415392289 0.4182922074374797
v -0.022221279933267942 0.01723258615757602 0.3961951205254001
v -0.025945021425671375 0.05640886670270691 0.40108787362014886
v -0.024981160032007867 0.03433281132105403 0.37899078670806924
v -0.023919130522654996 0.05611975799316282 0.4014650752823213
v -0.022955269128991488 0.03404370261150995 0.37936798837024166
v -0.019524039108302155 0.07294790830015746 0.38484465284051483
v -0.018560177714638647 0.050871852918504594 0.3627475659284352
v -0.01777366511968897 0.07194912847132234 0.3859188322933079
v -0.016809803726025464 0.04987307308966946 0.3638217453812283
v -0.0068927150184756834 0.08594327058515616 0.3724126298792862
v -0.0059288536248121755 0.06386721520350327 0.3503155429672066
v -0.005684336516852309 0.08438687481200843 0.3740202530384732
v -0.004720475123188801 0.06231081943035555 0.35192316612639357
v 0.010025946254369941 0.09341652745306432 0.3656844675357413
v 0.01098980764803345 0.07134047207141145 0.3435873806236617
v 0.010508364596109725 0.09153946288330295 0.36758078834847624
v 0.011472225989773235 0.06946340750165006 0.3454837014363966
v 0.028656231899490382 0.09422994329098522 0.3656844675357413
v 0.02962009329315389 0.07215388790933233 0.3435873806236617
v 0.028339246261949863 0.09231797598972363 0.36758078834847624
v 0.02930310765561337 0.07024192060807075 0.3454837014363966
v 0.0461618498113759 0.08825968291122827 0.3724126298792862
v 0.04712571120503942 0.06618362752957539 0.3503155429672066
v 0.045093718384388665 0.08660389256805683 0.3740202530384732
v 0.046057579778052166 0.06452783718640394 0.35192316612639357
v 0.05987772835176354 0.07641466433606636 0.38484465284051483
v 0.060841589745427055 0.05433860895441348 0.3627475659284352
v 0.058221064462452884 0.07526713002095606 0.3859188322933079
v 0.059184925856116385 0.053191074639303185 0.36382174538122836
v 0.06771574934762781 0.060498184268207175 0.40108787362014886
v 0.06867961074129131 0.0384221288865543 0.3789907867080693
v 0.06572276505544573 0.0600336076782091 0.4014650752823213
v 0.06668662644910925 0.03795755229655622 0.37936798837024166
vt 0.5687156250000001 0.921875
vt 0.580740625 0.921875
vt 0.580740625 0.9375
vt 0.5687156250000001 0.9375
vt 0.5878 0.375
vt 0.5762875 0.375
vt 0.5762875 0.359375
vt 0.5878 0.359375
vt 0.177825 0.8896187500000001
vt 0.18881562500000004 0.8862031250000002
vt 0.18957812500000004 0.8870562500000002
vt 0.17809062500000003 0.8906250000000002
vt 0.03746562499999999 0.671875
vt 0.048953124999999986 0.6754437499999999
vt 0.04819062499999999 0.676296875
vt 0.03719999999999998 0.67288125
vt 0.580740625 0.921875
vt 0.591728125 0.921875
vt 0.591728125 0.9375
vt 0.580740625 0.9375
vt 0.5762875 0.375
vt 0.565771875 0.375
vt 0.565771875 0.359375
vt 0.5762875 0.359375
vt 0.18881562500000004 0.8862031250000002
vt 0.19723125000000002 0.8798937500000001
vt 0.19836875000000004 0.8804625000000001
vt 0.18957812500000004 0.8870562500000002
vt 0.048953124999999986 0.6754437499999999
vt 0.05774374999999998 0.6820375
vt 0.05660624999999998 0.68260625
vt 0.04819062499999999 0.676296875
vt 0.188621875 0.265625
vt 0.1984625 0.265625
vt 0.1984625 0.28125
vt 0.188621875 0.28125
vt 0.81075625 0.875
vt 0.8013375 0.875
vt 0.8013375 0.859375
vt 0.81075625 0.859375
vt 0.19723125000000002 0.8798937500000001
vt 0.20178437500000002 0.8716500000000001
vt 0.20312500000000003 0.8718500000000002
vt 0.19836875000000004 0.8804625000000001
vt 0.05774374999999998 0.6820375
vt 0.062499999999999986 0.69065
vt 0.06115937499999999 0.69085
vt 0.05660624999999998 0.68260625
vt 0.1984625 0.265625
vt 0.2077875 0.265625
vt 0.2077875 0.28125
vt 0.1984625 0.28125
vt 0.8013375 0.875
vt 0.7924125 0.875
vt 0.7924125 0.859375
vt 0.8013375 0.859375
vt 0.20178437500000002 0.8716500000000001
vt 0.20178437500000002 0.8627250000000002
vt 0.20312500000000003 0.8625250000000002
vt 0.20312500000000003 0.8718500000000002
vt 0.062499999999999986 0.69065
vt 0.062499999999999986 0.699975
vt 0.06115937499999999 0.699775
vt 0.06115937499999999 0.69085
vt 0.2077875 0.265625
vt 0.217628125 0.265625
vt 0.217628125 0.28125
vt 0.2077875 0.28125
vt 0.7924125 0.875
vt 0.78299375 0.875
vt 0.78299375 0.859375
vt 0.7924125 0.859375
vt 0.20178437500000002 0.8627250000000002
vt 0.19723125000000002 0.8544812500000002
vt 0.19836875000000004 0.8539125000000002
vt 0.20312500000000003 0.8625250000000002
vt 0.062499999999999986 0.699975
vt 0.05774375000000001 0.7085874999999999
vt 0.05660625000000001 0.7080187499999999
vt 0.06115937499999999 0.699775
vt 0.533271875 0.984375
vt 0.544259375 0.984375
vt 0.544259375 1
vt 0.533271875 1
vt 0.527978125 0.375
vt 0.5174625 0.375
vt 0.5174625 0.359375
vt 0.527978125 0.359375
vt 0.19723125000000002 0.8544812500000002
vt 0.18881562500000004 0.8481718750000001
vt 0.18957812500000004 0.8473187500000001
vt 0.19836875000000004 0.8539125000000002
vt 0.05774375000000001 0.7085874999999999
vt 0.04895312500000003 0.71518125
vt 0.048190625000000015 0.714328125
vt 0.05660625000000001 0.7080187499999999
vt 0.544259375 0.984375
vt 0.556284375 0.984375
vt 0.556284375 1
vt 0.544259375 1
vt 0.5174625 0.375
vt 0.50595 0.375
vt 0.50595 0.359375
vt 0.5174625 0.359375
vt 0.18881562500000004 0.8481718750000001
vt 0.17782500000000007 0.8447562500000001
vt 0.17809062500000009 0.8437500000000001
vt 0.18957812500000004 0.8473187500000001
vt 0.04895312500000003 0.71518125
vt 0.037465625000000016 0.71875
vt 0.037200000000000025 0.71774375
vt 0.04819062500000003 0.714328125
vt 0.556284375 0.984375
vt 0.5687156250000001 0.984375
vt 0.5687156250000001 1
vt 0.556284375 1
vt 0.50595 0.375
vt 0.49405 0.375
vt 0.49405 0.359375
vt 0.50595 0.359375
vt 0.17782500000000007 0.8447562500000001
vt 0.16592500000000007 0.84475625
vt 0.16565937500000008 0.84375
vt 0.17809062500000009 0.8437500000000001
vt 0.037465625000000016 0.71875
vt 0.025034375000000022 0.71875
vt 0.025300000000000024 0.71774375
vt 0.037200000000000025 0.71774375
vt 0.5687156250000001 0.984375
vt 0.580740625 0.984375
vt 0.580740625 1
vt 0.5687156250000001 1
vt 0.49405 0.375
vt 0.4825375 0.375
vt 0.4825375 0.359375
vt 0.49405 0.359375
vt 0.16592499999999993 0.8447562500000001
vt 0.15493437499999996 0.8481718750000002
vt 0.15417187499999996 0.8473187500000001
vt 0.16565937499999994 0.8437500000000002
vt 0.025034375000000032 0.71875
vt 0.013546875000000031 0.71518125
vt 0.01430937500000003 0.714328125
vt 0.02530000000000003 0.7177437499999999
vt 0.580740625 0.984375
vt 0.591728125 0.984375
vt 0.591728125 1
vt 0.580740625 1
vt 0.4825375 0.375
vt 0.472021875 0.375
vt 0.472021875 0.359375
vt 0.4825375 0.359375
vt 0.15493437499999996 0.8481718750000002
vt 0.14651874999999998 0.8544812500000002
vt 0.14538124999999996 0.8539125000000002
vt 0.15417187499999996 0.8473187500000001
vt 0.013546875000000031 0.71518125
vt 0.004756250000000024 0.7085874999999999
vt 0.005893750000000024 0.7080187499999999
vt 0.01430937500000003 0.714328125
vt 0.719871875 0.796875
vt 0.7297125 0.796875
vt 0.7297125 0.8125
vt 0.719871875 0.8125
vt 0.21700625 0.21875
vt 0.2075875 0.21875
vt 0.2075875 0.203125
vt 0.21700625 0.203125
vt 0.14651874999999998 0.8544812500000002
vt 0.14196562499999998 0.8627250000000002
vt 0.14062499999999997 0.8625250000000002
vt 0.14538124999999996 0.8539125000000002
vt 0.004756250000000024 0.7085874999999999
vt 1.734723475976807e-17 0.699975
vt 0.0013406250000000189 0.699775
vt 0.0058937500000000205 0.7080187499999999
vt 0.7297125 0.796875
vt 0.7390375 0.796875
vt 0.7390375 0.8125
vt 0.7297125 0.8125
vt 0.2075875 0.21875
vt 0.1986625 0.21875
vt 0.1986625 0.203125
vt 0.2075875 0.203125
vt 0.14196562499999998 0.8627250000000002
vt 0.141965625 0.8716500000000003
vt 0.140625 0.8718500000000002
vt 0.14062499999999997 0.8625250000000002
vt 1.734723475976807e-17 0.699975
vt 1.0408340855860843e-17 0.69065
vt 0.001340625000000012 0.69085
vt 0.0013406250000000189 0.699775
vt 0.7390375 0.796875
vt 0.748878125 0.796875
vt 0.748878125 0.8125
vt 0.7390375 0.8125
vt 0.1986625 0.21875
vt 0.18924375 0.21875
vt 0.18924375 0.203125
vt 0.1986625 0.203125
vt 0.141965625 0.8716500000000003
vt 0.14651875 0.8798937500000001
vt 0.14538125000000002 0.8804625000000001
vt 0.140625 0.8718500000000002
vt 1.0408340855860843e-17 0.69065
vt 0.00475625 0.6820375
vt 0.00589375 0.68260625
vt 0.001340625000000012 0.69085
vt 0.533271875 0.921875
vt 0.544259375 0.921875
vt 0.544259375 0.9375
vt 0.533271875 0.9375
vt 0.621728125 0.375
vt 0.6112125 0.375
vt 0.6112125 0.359375
vt 0.621728125 0.359375
vt 0.14651875 0.8798937500000001
vt 0.154934375 0.8862031250000002
vt 0.154171875 0.8870562500000002
vt 0.14538125000000002 0.8804625000000001
vt 0.00475625 0.6820375
vt 0.013546874999999986 0.6754437499999999
vt 0.014309374999999989 0.676296875
vt 0.00589375 0.68260625
vt 0.544259375 0.921875
vt 0.556284375 0.921875
vt 0.556284375 0.9375
vt 0.544259375 0.9375
vt 0.6112125 0.375
vt 0.5997 0.375
vt 0.5997 0.359375
vt 0.6112125 0.359375
vt 0.154934375 0.8862031250000002
vt 0.16592500000000004 0.8896187500000001
vt 0.16565937500000003 0.8906250000000002
vt 0.154171875 0.8870562500000002
vt 0.013546874999999986 0.6754437499999999
vt 0.025034374999999984 0.671875
vt 0.025299999999999982 0.67288125
vt 0.014309374999999985 0.676296875
vt 0.556284375 0.921875
vt 0.5687156250000001 0.921875
vt 0.5687156250000001 0.9375
vt 0.556284375 0.9375
vt 0.5997 0.375
vt 0.5878 0.375
vt 0.5878 0.359375
vt 0.5997 0.359375
vt 0.16592500000000004 0.8896187500000001
vt 0.177825 0.8896187500000001
vt 0.17809062500000003 0.8906250000000002
vt 0.16565937500000003 0.8906250000000002
vt 0.025034374999999984 0.671875
vt 0.03746562499999999 0.671875
vt 0.03719999999999998 0.67288125
vt 0.025299999999999982 0.67288125
vn 0.9632204006569325 -0.1679248651210714 0.20978012163302917
vn -0.9632204006569325 0.16792486512107155 -0.20978012163302928
vn -0.03084356459723214 0.7064337722128919 0.7071067811865478
vn 0.03084356459723214 -0.7064337722128919 -0.7071067811865478
vn 0.8177447160238254 -0.38896475343546627 0.4242640687119287
vn -0.8177447160238254 0.38896475343546627 -0.4242640687119287
vn -0.03084356459723214 0.7064337722128919 0.7071067811865478
vn 0.03084356459723214 -0.7064337722128919 -0.7071067811865478
vn 0.5099929111235296 -0.597303008035541 0.6189800862672741
vn -0.5099929111235298 0.5973030080355409 -0.618980086267274
vn -0.03084356459723214 0.7064337722128919 0.7071067811865478
vn 0.03084356459723214 -0.7064337722128919 -0.7071067811865478
vn 0.0308435645972317 -0.7064337722128923 0.7071067811865476
vn -0.0308435645972317 0.7064337722128923 -0.7071067811865476
vn -0.03084356459723214 0.7064337722128919 0.7071067811865478
vn 0.03084356459723214 -0.7064337722128919 -0.7071067811865478
vn -0.4559938468148875 -0.639478900724269 0.6189800862672737
vn 0.4559938468148867 0.6394789007242693 -0.6189800862672741
vn -0.03084356459723214 0.7064337722128919 0.7071067811865478
vn 0.03084356459723214 -0.7064337722128919 -0.7071067811865478
vn -0.7807324385071469 -0.4587557732200044 0.4242640687119284
vn 0.7807324385071474 0.45875577322000427 -0.4242640687119282
vn -0.03084356459723214 0.7064337722128919 0.7071067811865478
vn 0.03084356459723214 -0.7064337722128919 -0.7071067811865478
vn -0.9449194398828159 -0.25123604976033487 0.20978012163302825
vn 0.9449194398828159 0.25123604976033476 -0.2097801216330281
vn -0.03084356459723214 0.7064337722128919 0.7071067811865478
vn 0.03084356459723214 -0.7064337722128919 -0.7071067811865478
vn -0.9990482215818579 -0.04361938736533606 -5.20417042793042e-16
vn 0.9990482215818579 0.04361938736533606 5.20417042793042e-16
vn -0.03084356459723214 0.7064337722128919 0.7071067811865478
vn 0.03084356459723214 -0.7064337722128919 -0.7071067811865478
vn -0.9632204006569326 0.1679248651210715 -0.20978012163302925
vn 0.9632204006569326 -0.16792486512107105 0.2097801216330288
vn -0.03084356459723214 0.7064337722128919 0.7071067811865478
vn 0.03084356459723214 -0.7064337722128919 -0.7071067811865478
vn -0.8177447160238251 0.3889647534354663 -0.42426406871192873
vn 0.8177447160238248 -0.3889647534354669 0.42426406871192923
vn -0.03084356459723214 0.7064337722128919 0.7071067811865478
vn 0.03084356459723214 -0.7064337722128919 -0.7071067811865478
vn -0.5099929111235294 0.5973030080355411 -0.6189800862672743
vn 0.5099929111235303 -0.5973030080355407 0.6189800862672737
vn -0.03084356459723214 0.7064337722128919 0.7071067811865478
vn 0.03084356459723214 -0.7064337722128919 -0.7071067811865478
vn -0.030843564597232805 0.7064337722128922 -0.7071067811865475
vn 0.0308435645972317 -0.7064337722128923 0.7071067811865476
vn -0.03084356459723214 0.7064337722128919 0.7071067811865478
vn 0.03084356459723214 -0.7064337722128919 -0.7071067811865478
vn 0.4559938468148877 0.6394789007242689 -0.6189800862672736
vn -0.45599384681488697 -0.6394789007242693 0.618980086267274
vn -0.03084356459723214 0.7064337722128919 0.7071067811865478
vn 0.03084356459723214 -0.7064337722128919 -0.7071067811865478
vn 0.7807324385071471 0.4587557732200044 -0.42426406871192834
vn -0.7807324385071475 -0.4587557732200041 0.424264068711928
vn -0.03084356459723214 0.7064337722128919 0.7071067811865478
vn 0.03084356459723214 -0.7064337722128919 -0.7071067811865478
vn 0.9449194398828159 0.25123604976033476 -0.2097801216330281
vn -0.9449194398828158 -0.25123604976033515 0.20978012163302853
vn -0.03084356459723214 0.7064337722128919 0.7071067811865478
vn 0.03084356459723214 -0.7064337722128919 -0.7071067811865478
vn 0.9990482215818579 0.04361938736533646 1.2574765160154667e-16
vn -0.9990482215818579 -0.04361938736533606 -5.20417042793042e-16
vn -0.03084356459723214 0.7064337722128919 0.7071067811865478
vn 0.03084356459723214 -0.7064337722128919 -0.7071067811865478
usemtl none
f 2689/10753/2689 2693/10754/2689 2694/10755/2689 2690/10756/2689
f 2692/10757/2690 2696/10758/2690 2695/10759/2690 2691/10760/2690
f 2691/10761/2691 2695/10762/2691 2693/10763/2691 2689/10764/2691
f 2690/10765/2692 2694/10766/2692 2696/10767/2692 2692/10768/2692
f 2693/10769/2693 2697/10770/2693 2698/10771/2693 2694/10772/2693
f 2696/10773/2694 2700/10774/2694 2699/10775/2694 2695/10776/2694
f 2695/10777/2695 2699/10778/2695 2697/10779/2695 2693/10780/2695
f 2694/10781/2696 2698/10782/2696 2700/10783/2696 2696/10784/2696
f 2697/10785/2697 2701/10786/2697 2702/10787/2697 2698/10788/2697
f 2700/10789/2698 2704/10790/2698 2703/10791/2698 2699/10792/2698
f 2699/10793/2699 2703/10794/2699 2701/10795/2699 2697/10796/2699
f 2698/10797/2700 2702/10798/2700 2704/10799/2700 2700/10800/2700
f 2701/10801/2701 2705/10802/2701 2706/10803/2701 2702/10804/2701
f 2704/10805/2702 2708/10806/2702 2707/10807/2702 2703/10808/2702
f 2703/10809/2703 2707/10810/2703 2705/10811/2703 2701/10812/2703
f 2702/10813/2704 2706/10814/2704 2708/10815/2704 2704/10816/2704
f 2705/10817/2705 2709/10818/2705 2710/10819/2705 2706/10820/2705
f 2708/10821/2706 2712/10822/2706 2711/10823/2706 2707/10824/2706
f 2707/10825/2707 2711/10826/2707 2709/10827/2707 2705/10828/2707
f 2706/10829/2708 2710/10830/2708 2712/10831/2708 2708/10832/2708
f 2709/10833/2709 2713/10834/2709 2714/10835/2709 2710/10836/2709
f 2712/10837/2710 2716/10838/2710 2715/10839/2710 2711/10840/2710
f 2711/10841/2711 2715/10842/2711 2713/10843/2711 2709/10844/2711
f 2710/10845/2712 2714/10846/2712 2716/10847/2712 2712/10848/2712
f 2713/10849/2713 2717/10850/2713 2718/10851/2713 2714/10852/2713
f 2716/10853/2714 2720/10854/2714 2719/10855/2714 2715/10856/2714
f 2715/10857/2715 2719/10858/2715 2717/10859/2715 2713/10860/2715
f 2714/10861/2716 2718/10862/2716 2720/10863/2716 2716/10864/2716
f 2717/10865/2717 2721/10866/2717 2722/10867/2717 2718/10868/2717
f 2720/10869/2718 2724/10870/2718 2723/10871/2718 2719/10872/2718
f 2719/10873/2719 2723/10874/2719 2721/10875/2719 2717/10876/2719
f 2718/10877/2720 2722/10878/2720 2724/10879/2720 2720/10880/2720
f 2721/10881/2721 2725/10882/2721 2726/10883/2721 2722/10884/2721
f 2724/10885/2722 2728/10886/2722 2727/10887/2722 2723/10888/2722
f 2723/10889/2723 2727/10890/2723 2725/10891/2723 2721/10892/2723
f 2722/10893/2724 2726/10894/2724 2728/10895/2724 2724/10896/2724
f 2725/10897/2725 2729/10898/2725 2730/10899/2725 2726/10900/2725
f 2728/10901/2726 2732/10902/2726 2731/10903/2726 2727/10904/2726
f 2727/10905/2727 2731/10906/2727 2729/10907/2727 2725/10908/2727
f 2726/10909/2728 2730/10910/2728 2732/10911/2728 2728/10912/2728
f 2729/10913/2729 2733/10914/2729 2734/10915/2729 2730/10916/2729
f 2732/10917/2730 2736/10918/2730 2735/10919/2730 2731/10920/2730
f 2731/10921/2731 2735/10922/2731 2733/10923/2731 2729/10924/2731
f 2730/10925/2732 2734/10926/2732 2736/10927/2732 2732/10928/2732
f 2733/10929/2733 2737/10930/2733 2738/10931/2733 2734/10932/2733
f 2736/10933/2734 2740/10934/2734 2739/10935/2734 2735/10936/2734
f 2735/10937/2735 2739/10938/2735 2737/10939/2735 2733/10940/2735
f 2734/10941/2736 2738/10942/2736 2740/10943/2736 2736/10944/2736
f 2737/10945/2737 2741/10946/2737 2742/10947/2737 2738/10948/2737
f 2740/10949/2738 2744/10950/2738 2743/10951/2738 2739/10952/2738
f 2739/10953/2739 2743/10954/2739 2741/10955/2739 2737/10956/2739
f 2738/10957/2740 2742/10958/2740 2744/10959/2740 2740/10960/2740
f 2741/10961/2741 2745/10962/2741 2746/10963/2741 2742/10964/2741
f 2744/10965/2742 2748/10966/2742 2747/10967/2742 2743/10968/2742
f 2743/10969/2743 2747/10970/2743 2745/10971/2743 2741/10972/2743
f 2742/10973/2744 2746/10974/2744 2748/10975/2744 2744/10976/2744
f 2745/10977/2745 2749/10978/2745 2750/10979/2745 2746/10980/2745
f 2748/10981/2746 2752/10982/2746 2751/10983/2746 2747/10984/2746
f 2747/10985/2747 2751/10986/2747 2749/10987/2747 2745/10988/2747
f 2746/10989/2748 2750/10990/2748 2752/10991/2748 2748/10992/2748
f 2749/10993/2749 2689/10994/2749 2690/10995/2749 2750/10996/2749
f 2752/10997/2750 2692/10998/2750 2691/10999/2750 2751/11000/2750
f 2751/11001/2751 2691/11002/2751 2689/11003/2751 2749/11004/2751
f 2750/11005/2752 2690/11006/2752 2692/11007/2752 2752/11008/2752
o tube
v 0.025223497202769563 -0.3991183366094757 0.8231302168845993
v 0.05644375412720262 -0.39775523075430896 0.8231302168845993
v 0.02512844087160707 -0.3969411886866359 0.8215167973184937
v 0.05634869779604013 -0.39557808283146917 0.8215167973184937
v 0.025461408387685267 -0.4045673986101343 0.8042196389563289
v 0.05668166531211833 -0.40320429275496755 0.8042196389563289
v 0.025356143563128757 -0.4021564377479952 0.8034176503867366
v 0.05657640048756182 -0.40079333189282845 0.8034176503867366
v 0.025325839081365133 -0.40146235100261424 0.7824635987741787
v 0.05654609600579819 -0.4000992451474475 0.7824635987741787
v 0.025226391378725316 -0.3991846241370218 0.7825951366907758
v 0.056446648303158375 -0.3978215182818551 0.782595136690776
v 0.02483742848175757 -0.3902759091378338 0.761174256236886
v 0.05605768540619063 -0.38891280328266703 0.761174256236886
v 0.024758937912265695 -0.38847817953642905 0.7622192951842648
v 0.05597919483669876 -0.3871150736812623 0.7622192951842648
v 0.024070532675199728 -0.3727111073843577 0.7435927207573827
v 0.05529078959963279 -0.37134800152919095 0.7435927207573827
v 0.02402494871654215 -0.3716670630824952 0.7453921630291064
v 0.05524520564097521 -0.37030395722732845 0.7453921630291064
v 0.023141904596312237 -0.3514420275838284 0.7323956217354074
v 0.0543621615207453 -0.3500789217286617 0.7323956217354074
v 0.023136166992974955 -0.35131061486218146 0.7346755185575907
v 0.05435642391740801 -0.3499475090070147 0.7346755185575907
v 0.02219291945207122 -0.3297066943311879 0.7292876159951002
v 0.05341317637650428 -0.32834358847602113 0.7292876159951002
v 0.022227901702150832 -0.33050791958536796 0.731700873743882
v 0.05344815862658389 -0.3291448137302012 0.731700873743882
v 0.021368051628115618 -0.31081411508286416 0.7347418692362808
v 0.05258830855254868 -0.3094510092276974 0.7347418692362808
v 0.02143842800115239 -0.31242599903104734 0.7369210912956451
v 0.05265868492558545 -0.3110628931758806 0.7369210912956451
v 0.020792879773197225 -0.29764051376775713 0.7479280208459083
v 0.05201313669763029 -0.2962774079125904 0.7479280208459083
v 0.020887936104359718 -0.2998176616905969 0.7495414404120139
v 0.052108193028792785 -0.2984545558354302 0.7495414404120139
v 0.02055496858828152 -0.29219145176709854 0.7668385987741787
v 0.05177522551271458 -0.2908283459119318 0.7668385987741787
v 0.02066023341283803 -0.29460241262923764 0.7676405873437709
v 0.051880490337271094 -0.2932393067740709 0.7676405873437709
v 0.02069053789460166 -0.2952964993746186 0.7885946389563289
v 0.05191079481903472 -0.29393339351945186 0.7885946389563289
v 0.020789985597241472 -0.297574226240211 0.7884631010397317
v 0.052010242521674535 -0.29621112038504427 0.7884631010397317
v 0.021178948494209218 -0.30648294123939906 0.8098839814936215
v 0.05239920541864228 -0.3051198353842323 0.8098839814936215
v 0.02125743906370109 -0.30828067084080374 0.8088389425462428
v 0.052477695988134156 -0.306917564985637 0.8088389425462428
v 0.021945844300767063 -0.32404774299287514 0.8274655169731249
v 0.05316610122520012 -0.3226846371377084 0.8274655169731249
v 0.02199142825942464 -0.32509178729473764 0.8256660747014012
v 0.0532116851838577 -0.3237286814395709 0.8256660747014012
v 0.02287447237965455 -0.3453168227934044 0.8386626159951002
v 0.05409472930408761 -0.3439537169382377 0.8386626159951002
v 0.022880209982991836 -0.3454482355150514 0.8363827191729168
v 0.0541004669074249 -0.34408512965988464 0.8363827191729168
v 0.023823457523895572 -0.3670521560460449 0.8417706217354074
v 0.05504371444832863 -0.36568905019087816 0.8417706217354074
v 0.023788475273815956 -0.3662509307918649 0.8393573639866255
v 0.05500873219824902 -0.36488782493669814 0.8393573639866255
v 0.02464832534785117 -0.3859447352943687 0.8363163684942267
v 0.05586858227228424 -0.38458162943920193 0.8363163684942267
v 0.024577948974814398 -0.38433285134618544 0.8341371464348625
v 0.05579820589924746 -0.3829697454910187 0.8341371464348625
vt 0.3327875 0.265625
vt 0.342628125 0.265625
vt 0.342628125 0.28125
vt 0.3327875 0.28125
vt 0.2611625 0.21875
vt 0.25174375 0.21875
vt 0.25174375 0.203125
vt 0.2611625 0.203125
vt 0.22321249999999998 0.623659375
vt 0.23145625 0.61910625
vt 0.23202499999999998 0.62024375
vt 0.22341249999999999 0.625
vt 0.3171625 0.5625
vt 0.325775 0.56725625
vt 0.32520625000000003 0.56839375
vt 0.31696250000000004 0.563840625
vt 0.095771875 0.453125
vt 0.106759375 0.453125
vt 0.106759375 0.46875
vt 0.095771875 0.46875
vt 0.059228125 0.34375
vt 0.0487125 0.34375
vt 0.0487125 0.328125
vt 0.059228125 0.328125
vt 0.23145625 0.61910625
vt 0.23776562499999998 0.6106906249999999
vt 0.23861875 0.6114531249999999
vt 0.23202499999999998 0.62024375
vt 0.325775 0.56725625
vt 0.33236875 0.5760468750000001
vt 0.331515625 0.5768093750000001
vt 0.32520625000000003 0.56839375
vt 0.106759375 0.453125
vt 0.118784375 0.453125
vt 0.118784375 0.46875
vt 0.106759375 0.46875
vt 0.0487125 0.34375
vt 0.037200000000000004 0.34375
vt 0.037200000000000004 0.328125
vt 0.0487125 0.328125
vt 0.23776562499999998 0.6106906249999999
vt 0.24118124999999999 0.5997
vt 0.2421875 0.5999656250000001
vt 0.23861875 0.6114531249999999
vt 0.33236875 0.5760468750000001
vt 0.3359375 0.5875343749999999
vt 0.33493125 0.5878
vt 0.331515625 0.5768093750000001
vt 0.118784375 0.453125
vt 0.131215625 0.453125
vt 0.131215625 0.46875
vt 0.118784375 0.46875
vt 0.037200000000000004 0.34375
vt 0.0253 0.34375
vt 0.0253 0.328125
vt 0.037200000000000004 0.328125
vt 0.24118124999999999 0.5997
vt 0.24118124999999999 0.5878
vt 0.24218749999999997 0.5875343749999999
vt 0.2421875 0.5999656250000001
vt 0.3359375 0.5875343749999999
vt 0.3359375 0.5999656250000001
vt 0.33493125 0.5997
vt 0.33493125 0.5878
vt 0.131215625 0.453125
vt 0.143240625 0.453125
vt 0.143240625 0.46875
vt 0.131215625 0.46875
vt 0.0253 0.34375
vt 0.013787500000000001 0.34375
vt 0.013787500000000001 0.328125
vt 0.0253 0.328125
vt 0.24118124999999999 0.5878
vt 0.23776562499999998 0.5768093750000001
vt 0.23861874999999996 0.5760468750000001
vt 0.24218749999999997 0.5875343749999999
vt 0.3359375 0.5999656250000001
vt 0.33236875 0.6114531249999999
vt 0.331515625 0.6106906249999999
vt 0.33493125 0.5997
vt 0.143240625 0.453125
vt 0.154228125 0.453125
vt 0.154228125 0.46875
vt 0.143240625 0.46875
vt 0.013787500000000001 0.34375
vt 0.0032718750000000005 0.34375
vt 0.0032718750000000005 0.328125
vt 0.013787500000000001 0.328125
vt 0.23776562499999998 0.5768093750000001
vt 0.23145624999999995 0.56839375
vt 0.23202499999999995 0.56725625
vt 0.23861874999999996 0.5760468750000001
vt 0.33236875 0.6114531249999999
vt 0.3257749999999999 0.62024375
vt 0.3252062499999999 0.61910625
vt 0.331515625 0.6106906249999999
vt 0.251121875 0.265625
vt 0.2609625 0.265625
vt 0.2609625 0.28125
vt 0.251121875 0.28125
vt 0.81075625 0.8125
vt 0.8013375 0.8125
vt 0.8013375 0.796875
vt 0.81075625 0.796875
vt 0.23145624999999995 0.56839375
vt 0.22321249999999992 0.5638406250000001
vt 0.22341249999999993 0.5625
vt 0.23202499999999995 0.56725625
vt 0.3257749999999999 0.62024375
vt 0.3171624999999999 0.625
vt 0.3169624999999999 0.6236593749999999
vt 0.3252062499999999 0.61910625
vt 0.2609625 0.265625
vt 0.2702875 0.265625
vt 0.2702875 0.28125
vt 0.2609625 0.28125
vt 0.8013375 0.8125
vt 0.7924125 0.8125
vt 0.7924125 0.796875
vt 0.8013375 0.796875
vt 0.22321249999999992 0.5638406250000001
vt 0.21428749999999994 0.5638406250000001
vt 0.21408749999999993 0.5625000000000001
vt 0.22341249999999993 0.5625
vt 0.3171624999999999 0.625
vt 0.3078374999999999 0.6249999999999999
vt 0.3080374999999999 0.6236593749999999
vt 0.3169624999999999 0.6236593749999999
vt 0.2702875 0.265625
vt 0.280128125 0.265625
vt 0.280128125 0.28125
vt 0.2702875 0.28125
vt 0.7924125 0.8125
vt 0.78299375 0.8125
vt 0.78299375 0.796875
vt 0.7924125 0.796875
vt 0.21428750000000005 0.563840625
vt 0.20604375000000005 0.56839375
vt 0.20547500000000005 0.56725625
vt 0.21408750000000004 0.5625
vt 0.30783750000000004 0.625
vt 0.299225 0.62024375
vt 0.29979375 0.61910625
vt 0.3080375 0.623659375
vt 0.533271875 0.859375
vt 0.544259375 0.859375
vt 0.544259375 0.875
vt 0.533271875 0.875
vt 0.152978125 0.34375
vt 0.1424625 0.34375
vt 0.1424625 0.328125
vt 0.152978125 0.328125
vt 0.20604375000000005 0.56839375
vt 0.19973437500000005 0.5768093750000001
vt 0.19888125000000006 0.5760468750000001
vt 0.20547500000000005 0.56725625
vt 0.299225 0.62024375
vt 0.29263125 0.6114531249999999
vt 0.293484375 0.6106906249999999
vt 0.29979375 0.61910625
vt 0.544259375 0.859375
vt 0.556284375 0.859375
vt 0.556284375 0.875
vt 0.544259375 0.875
vt 0.1424625 0.34375
vt 0.13095 0.34375
vt 0.13095 0.328125
vt 0.1424625 0.328125
vt 0.19973437500000005 0.5768093750000001
vt 0.19631875000000004 0.5878
vt 0.19531250000000003 0.5875343749999999
vt 0.19888125000000006 0.5760468750000001
vt 0.29263125 0.6114531249999999
vt 0.2890625 0.5999656250000001
vt 0.29006875 0.5997
vt 0.293484375 0.6106906249999999
vt 0.556284375 0.859375
vt 0.5687156250000001 0.859375
vt 0.5687156250000001 0.875
vt 0.556284375 0.875
vt 0.13095 0.34375
vt 0.11905 0.34375
vt 0.11905 0.328125
vt 0.13095 0.328125
vt 0.19631875000000004 0.5878
vt 0.19631875000000001 0.5997
vt 0.1953125 0.5999656250000001
vt 0.19531250000000003 0.5875343749999999
vt 0.2890625 0.5999656250000001
vt 0.2890625 0.5875343749999999
vt 0.29006875 0.5878
vt 0.29006875 0.5997
vt 0.5687156250000001 0.859375
vt 0.580740625 0.859375
vt 0.580740625 0.875
vt 0.5687156250000001 0.875
vt 0.11905 0.34375
vt 0.10753750000000001 0.34375
vt 0.10753750000000001 0.328125
vt 0.11905 0.328125
vt 0.19631875000000001 0.5997
vt 0.199734375 0.6106906249999999
vt 0.19888125 0.6114531249999999
vt 0.1953125 0.5999656250000001
vt 0.2890625 0.5875343749999999
vt 0.29263125 0.5760468750000001
vt 0.293484375 0.5768093750000001
vt 0.29006875 0.5878
vt 0.580740625 0.859375
vt 0.591728125 0.859375
vt 0.591728125 0.875
vt 0.580740625 0.875
vt 0.10753750000000001 0.34375
vt 0.09702187500000001 0.34375
vt 0.09702187500000001 0.328125
vt 0.10753750000000001 0.328125
vt 0.199734375 0.6106906249999999
vt 0.20604375 0.61910625
vt 0.205475 0.62024375
vt 0.19888125 0.6114531249999999
vt 0.29263125 0.5760468750000001
vt 0.299225 0.56725625
vt 0.29979374999999997 0.56839375
vt 0.293484375 0.5768093750000001
vt 0.313621875 0.265625
vt 0.3234625 0.265625
vt 0.3234625 0.28125
vt 0.313621875 0.28125
vt 0.27950625 0.21875
vt 0.2700875 0.21875
vt 0.2700875 0.203125
vt 0.27950625 0.203125
vt 0.20604375 0.61910625
vt 0.2142875 0.623659375
vt 0.2140875 0.625
vt 0.205475 0.62024375
vt 0.299225 0.56725625
vt 0.3078375 0.5625
vt 0.3080375 0.563840625
vt 0.29979374999999997 0.56839375
vt 0.3234625 0.265625
vt 0.3327875 0.265625
vt 0.3327875 0.28125
vt 0.3234625 0.28125
vt 0.2700875 0.21875
vt 0.2611625 0.21875
vt 0.2611625 0.203125
vt 0.2700875 0.203125
vt 0.2142875 0.623659375
vt 0.22321249999999998 0.623659375
vt 0.22341249999999999 0.625
vt 0.2140875 0.625
vt 0.3078375 0.5625
vt 0.3171625 0.5625
vt 0.31696250000000004 0.563840625
vt 0.3080375 0.563840625
vn 0.04191096201571896 -0.9599188479172365 0.27712682417290946
vn -0.04191096201571896 0.9599188479172365 -0.2771268241729097
vn -0.9990482215818579 -0.04361938736533591 -3.67761376907083e-16
vn 0.9990482215818579 0.04361938736533591 3.67761376907083e-16
vn 0.04318099043612455 -0.989007281098049 -0.14142135623730925
vn -0.04318099043612456 0.9890072810980491 0.14142135623730934
vn -0.9990482215818579 -0.04361938736533591 -3.67761376907083e-16
vn 0.9990482215818579 0.04361938736533591 3.67761376907083e-16
vn 0.03860543219061213 -0.8842097677896398 -0.4654918980506185
vn -0.03860543219061213 0.8842097677896399 0.4654918980506185
vn -0.9990482215818579 -0.04361938736533591 -3.67761376907083e-16
vn 0.9990482215818579 0.04361938736533591 3.67761376907083e-16
vn 0.03084356459723192 -0.706433772212892 -0.7071067811865477
vn -0.03084356459723192 0.706433772212892 0.7071067811865477
vn -0.9990482215818579 -0.04361938736533591 -3.67761376907083e-16
vn 0.9990482215818579 0.04361938736533591 3.67761376907083e-16
vn 0.020304471416495495 -0.4650488529082336 -0.8850521413166756
vn -0.020304471416495516 0.46504885290823406 0.8850521413166754
vn -0.9990482215818579 -0.04361938736533591 -3.67761376907083e-16
vn 0.9990482215818579 0.04361938736533591 3.67761376907083e-16
vn 0.006168712919446541 -0.14128675444257868 -0.9899494936611666
vn -0.006168712919446527 0.1412867544425784 0.9899494936611667
vn -0.9990482215818579 -0.04361938736533591 -3.67761376907083e-16
vn 0.9990482215818579 0.04361938736533591 3.67761376907083e-16
vn -0.01208810229292329 0.2768630608425732 -0.9608333483616383
vn 0.012088102292923314 -0.2768630608425737 0.9608333483616383
vn -0.9990482215818579 -0.04361938736533591 -3.67761376907083e-16
vn 0.9990482215818579 0.04361938736533591 3.67761376907083e-16
vn -0.030843564597231685 0.706433772212892 -0.7071067811865476
vn 0.030843564597231685 -0.706433772212892 0.7071067811865476
vn -0.9990482215818579 -0.04361938736533591 -3.67761376907083e-16
vn 0.9990482215818579 0.04361938736533591 3.67761376907083e-16
vn -0.04191096201571896 0.9599188479172365 -0.2771268241729096
vn 0.04191096201571894 -0.9599188479172361 0.27712682417291035
vn -0.9990482215818579 -0.04361938736533591 -3.67761376907083e-16
vn 0.9990482215818579 0.04361938736533591 3.67761376907083e-16
vn -0.04318099043612455 0.989007281098049 0.1414213562373097
vn 0.04318099043612454 -0.9890072810980489 -0.14142135623731025
vn -0.9990482215818579 -0.04361938736533591 -3.67761376907083e-16
vn 0.9990482215818579 0.04361938736533591 3.67761376907083e-16
vn -0.03860543219061213 0.8842097677896399 0.46549189805061875
vn 0.03860543219061214 -0.8842097677896401 -0.4654918980506181
vn -0.9990482215818579 -0.04361938736533591 -3.67761376907083e-16
vn 0.9990482215818579 0.04361938736533591 3.67761376907083e-16
vn -0.030843564597231938 0.7064337722128925 0.7071067811865472
vn 0.03084356459723192 -0.706433772212892 -0.7071067811865477
vn -0.9990482215818579 -0.04361938736533591 -3.67761376907083e-16
vn 0.9990482215818579 0.04361938736533591 3.67761376907083e-16
vn -0.02030447141649549 0.4650488529082335 0.8850521413166758
vn 0.020304471416495516 -0.46504885290823406 -0.8850521413166756
vn -0.9990482215818579 -0.04361938736533591 -3.67761376907083e-16
vn 0.9990482215818579 0.04361938736533591 3.67761376907083e-16
vn -0.006168712919446541 0.14128675444257868 0.9899494936611666
vn 0.006168712919446515 -0.1412867544425781 -0.9899494936611666
vn -0.9990482215818579 -0.04361938736533591 -3.67761376907083e-16
vn 0.9990482215818579 0.04361938736533591 3.67761376907083e-16
vn 0.012088102292923298 -0.27686306084257334 0.9608333483616385
vn -0.012088102292923284 0.27686306084257306 -0.9608333483616385
vn -0.9990482215818579 -0.04361938736533591 -3.67761376907083e-16
vn 0.9990482215818579 0.04361938736533591 3.67761376907083e-16
vn 0.03084356459723166 -0.7064337722128915 0.7071067811865481
vn -0.030843564597231685 0.706433772212892 -0.7071067811865476
vn -0.9990482215818579 -0.04361938736533591 -3.67761376907083e-16
vn 0.9990482215818579 0.04361938736533591 3.67761376907083e-16
usemtl none
f 2753/11009/2753 2757/11010/2753 2758/11011/2753 2754/11012/2753
f 2756/11013/2754 2760/11014/2754 2759/11015/2754 2755/11016/2754
f 2755/11017/2755 2759/11018/2755 2757/11019/2755 2753/11020/2755
f 2754/11021/2756 2758/11022/2756 2760/11023/2756 2756/11024/2756
f 2757/11025/2757 2761/11026/2757 2762/11027/2757 2758/11028/2757
f 2760/11029/2758 2764/11030/2758 2763/11031/2758 2759/11032/2758
f 2759/11033/2759 2763/11034/2759 2761/11035/2759 2757/11036/2759
f 2758/11037/2760 2762/11038/2760 2764/11039/2760 2760/11040/2760
f 2761/11041/2761 2765/11042/2761 2766/11043/2761 2762/11044/2761
f 2764/11045/2762 2768/11046/2762 2767/11047/2762 2763/11048/2762
f 2763/11049/2763 2767/11050/2763 2765/11051/2763 2761/11052/2763
f 2762/11053/2764 2766/11054/2764 2768/11055/2764 2764/11056/2764
f 2765/11057/2765 2769/11058/2765 2770/11059/2765 2766/11060/2765
f 2768/11061/2766 2772/11062/2766 2771/11063/2766 2767/11064/2766
f 2767/11065/2767 2771/11066/2767 2769/11067/2767 2765/11068/2767
f 2766/11069/2768 2770/11070/2768 2772/11071/2768 2768/11072/2768
f 2769/11073/2769 2773/11074/2769 2774/11075/2769 2770/11076/2769
f 2772/11077/2770 2776/11078/2770 2775/11079/2770 2771/11080/2770
f 2771/11081/2771 2775/11082/2771 2773/11083/2771 2769/11084/2771
f 2770/11085/2772 2774/11086/2772 2776/11087/2772 2772/11088/2772
f 2773/11089/2773 2777/11090/2773 2778/11091/2773 2774/11092/2773
f 2776/11093/2774 2780/11094/2774 2779/11095/2774 2775/11096/2774
f 2775/11097/2775 2779/11098/2775 2777/11099/2775 2773/11100/2775
f 2774/11101/2776 2778/11102/2776 2780/11103/2776 2776/11104/2776
f 2777/11105/2777 2781/11106/2777 2782/11107/2777 2778/11108/2777
f 2780/11109/2778 2784/11110/2778 2783/11111/2778 2779/11112/2778
f 2779/11113/2779 2783/11114/2779 2781/11115/2779 2777/11116/2779
f 2778/11117/2780 2782/11118/2780 2784/11119/2780 2780/11120/2780
f 2781/11121/2781 2785/11122/2781 2786/11123/2781 2782/11124/2781
f 2784/11125/2782 2788/11126/2782 2787/11127/2782 2783/11128/2782
f 2783/11129/2783 2787/11130/2783 2785/11131/2783 2781/11132/2783
f 2782/11133/2784 2786/11134/2784 2788/11135/2784 2784/11136/2784
f 2785/11137/2785 2789/11138/2785 2790/11139/2785 2786/11140/2785
f 2788/11141/2786 2792/11142/2786 2791/11143/2786 2787/11144/2786
f 2787/11145/2787 2791/11146/2787 2789/11147/2787 2785/11148/2787
f 2786/11149/2788 2790/11150/2788 2792/11151/2788 2788/11152/2788
f 2789/11153/2789 2793/11154/2789 2794/11155/2789 2790/11156/2789
f 2792/11157/2790 2796/11158/2790 2795/11159/2790 2791/11160/2790
f 2791/11161/2791 2795/11162/2791 2793/11163/2791 2789/11164/2791
f 2790/11165/2792 2794/11166/2792 2796/11167/2792 2792/11168/2792
f 2793/11169/2793 2797/11170/2793 2798/11171/2793 2794/11172/2793
f 2796/11173/2794 2800/11174/2794 2799/11175/2794 2795/11176/2794
f 2795/11177/2795 2799/11178/2795 2797/11179/2795 2793/11180/2795
f 2794/11181/2796 2798/11182/2796 2800/11183/2796 2796/11184/2796
f 2797/11185/2797 2801/11186/2797 2802/11187/2797 2798/11188/2797
f 2800/11189/2798 2804/11190/2798 2803/11191/2798 2799/11192/2798
f 2799/11193/2799 2803/11194/2799 2801/11195/2799 2797/11196/2799
f 2798/11197/2800 2802/11198/2800 2804/11199/2800 2800/11200/2800
f 2801/11201/2801 2805/11202/2801 2806/11203/2801 2802/11204/2801
f 2804/11205/2802 2808/11206/2802 2807/11207/2802 2803/11208/2802
f 2803/11209/2803 2807/11210/2803 2805/11211/2803 2801/11212/2803
f 2802/11213/2804 2806/11214/2804 2808/11215/2804 2804/11216/2804
f 2805/11217/2805 2809/11218/2805 2810/11219/2805 2806/11220/2805
f 2808/11221/2806 2812/11222/2806 2811/11223/2806 2807/11224/2806
f 2807/11225/2807 2811/11226/2807 2809/11227/2807 2805/11228/2807
f 2806/11229/2808 2810/11230/2808 2812/11231/2808 2808/11232/2808
f 2809/11233/2809 2813/11234/2809 2814/11235/2809 2810/11236/2809
f 2812/11237/2810 2816/11238/2810 2815/11239/2810 2811/11240/2810
f 2811/11241/2811 2815/11242/2811 2813/11243/2811 2809/11244/2811
f 2810/11245/2812 2814/11246/2812 2816/11247/2812 2812/11248/2812
f 2813/11249/2813 2753/11250/2813 2754/11251/2813 2814/11252/2813
f 2816/11253/2814 2756/11254/2814 2755/11255/2814 2815/11256/2814
f 2815/11257/2815 2755/11258/2815 2753/11259/2815 2813/11260/2815
f 2814/11261/2816 2754/11262/2816 2756/11263/2816 2816/11264/2816
o tube
v 0.018476467447125153 -0.24458594893790545 0.6684506085000421
v 0.04969672437155821 -0.2432228430827387 0.6684506085000421
v 0.01838141111596266 -0.24240880101506565 0.6668371889339365
v 0.04960166804039572 -0.2410456951598989 0.6668371889339365
v 0.018714378632040857 -0.25003501093856406 0.6495400305717717
v 0.04993463555647392 -0.24867190508339732 0.6495400305717717
v 0.018609113807484347 -0.2476240500764249 0.6487380420021794
v 0.04982937073191741 -0.24626094422125816 0.6487380420021794
v 0.018578809325720723 -0.246929963331044 0.6277839903896215
v 0.04979906625015378 -0.24556685747587725 0.6277839903896215
v 0.018479361623080906 -0.2446522364654516 0.6279155283062187
v 0.049699618547513966 -0.24328913061028484 0.6279155283062188
v 0.01809039872611316 -0.2357435214662635 0.6064946478523288
v 0.04931065565054622 -0.23438041561109677 0.6064946478523288
v 0.018011908156621285 -0.2339457918648588 0.6075396867997076
v 0.04923216508105435 -0.23258268600969206 0.6075396867997076
v 0.01732350291955532 -0.21817871971278746 0.5889131123728255
v 0.04854375984398838 -0.21681561385762071 0.5889131123728255
v 0.01727791896089774 -0.2171346754109249 0.5907125546445492
v 0.0484981758853308 -0.21577156955575816 0.5907125546445492
v 0.016394874840667827 -0.19690963991225816 0.5777160133508502
v 0.04761513176510089 -0.1955465340570914 0.5777160133508502
v 0.016389137237330546 -0.19677822719061117 0.5799959101730335
v 0.0476093941617636 -0.19541512133544442 0.5799959101730335
v 0.01544588969642681 -0.17517430665961764 0.574608007610543
v 0.04666614662085987 -0.1738112008044509 0.574608007610543
v 0.015480871946506422 -0.17597553191379767 0.5770212653593249
v 0.04670112887093948 -0.17461242605863092 0.5770212653593249
v 0.014621021872471208 -0.15628172741129392 0.5800622608517236
v 0.04584127879690427 -0.15491862155612718 0.5800622608517236
v 0.01469139824550798 -0.1578936113594771 0.5822414829110879
v 0.04591165516994104 -0.15653050550431036 0.5822414829110879
v 0.014045850017552815 -0.14310812609618684 0.5932484124613511
v 0.04526610694198588 -0.1417450202410201 0.5932484124613511
v 0.014140906348715308 -0.14528527401902666 0.5948618320274567
v 0.045361163273148375 -0.14392216816385991 0.5948618320274567
v 0.01380793883263711 -0.13765906409552825 0.6121589903896215
v 0.04502819575707017 -0.1362959582403615 0.6121589903896215
v 0.013913203657193621 -0.14007002495766738 0.6129609789592138
v 0.045133460581626685 -0.13870691910250063 0.6129609789592138
v 0.013943508138957249 -0.14076411170304834 0.6339150305717717
v 0.04516376506339031 -0.1394010058478816 0.6339150305717717
v 0.014042955841597062 -0.14304183856864075 0.6337834926551745
v 0.045263212766030125 -0.141678732713474 0.6337834926551745
v 0.014431918738564808 -0.1519505535678288 0.6552043731090643
v 0.04565217566299787 -0.15058744771266205 0.6552043731090643
v 0.01451040930805668 -0.1537482831692335 0.6541593341616856
v 0.045730666232489746 -0.15238517731406676 0.6541593341616856
v 0.015198814545122653 -0.16951535532130485 0.6727859085885677
v 0.04641907146955571 -0.1681522494661381 0.6727859085885677
v 0.015244398503780229 -0.1705593996231674 0.670986466316844
v 0.04646465542821329 -0.16919629376800066 0.670986466316844
v 0.01612744262401014 -0.19078443512183416 0.683983007610543
v 0.0473476995484432 -0.1894213292666674 0.683983007610543
v 0.016133180227347426 -0.19091584784348112 0.6817031107883597
v 0.04735343715178049 -0.18955274198831437 0.6817031107883597
v 0.017076427768251162 -0.21251976837447467 0.6870910133508502
v 0.04829668469268422 -0.21115666251930792 0.6870910133508502
v 0.017041445518171546 -0.21171854312029462 0.6846777556020683
v 0.04826170244260461 -0.21035543726512787 0.6846777556020683
v 0.01790129559220676 -0.2314123476227984 0.6816367601096696
v 0.04912155251663983 -0.23004924176763164 0.6816367601096696
v 0.01783091921916999 -0.2298004636746152 0.6794575380503053
v 0.04905117614360305 -0.22843735781944846 0.6794575380503053
vt 0.7390375 0.421875
vt 0.748878125 0.421875
vt 0.748878125 0.4375
vt 0.7390375 0.4375
vt 0.3861625 0.21875
vt 0.37674375 0.21875
vt 0.37674375 0.203125
vt 0.3861625 0.203125
vt 0.4107125 0.717409375
vt 0.41895625 0.71285625
vt 0.419525 0.71399375
vt 0.4109125 0.71875
vt 0.4109125 0.5625
vt 0.419525 0.56725625
vt 0.41895625000000003 0.56839375
vt 0.41071250000000004 0.563840625
vt 0.189521875 0.453125
vt 0.200509375 0.453125
vt 0.200509375 0.46875
vt 0.189521875 0.46875
vt 0.246728125 0.34375
vt 0.2362125 0.34375
vt 0.2362125 0.328125
vt 0.246728125 0.328125
vt 0.41895625 0.71285625
vt 0.425265625 0.7044406249999999
vt 0.42611875 0.7052031249999999
vt 0.419525 0.71399375
vt 0.419525 0.56725625
vt 0.42611875 0.5760468750000001
vt 0.425265625 0.5768093750000001
vt 0.41895625000000003 0.56839375
vt 0.200509375 0.453125
vt 0.212534375 0.453125
vt 0.212534375 0.46875
vt 0.200509375 0.46875
vt 0.2362125 0.34375
vt 0.2247 0.34375
vt 0.2247 0.328125
vt 0.2362125 0.328125
vt 0.425265625 0.7044406249999999
vt 0.42868125 0.69345
vt 0.4296875 0.6937156250000001
vt 0.42611875 0.7052031249999999
vt 0.42611875 0.5760468750000001
vt 0.4296875 0.5875343749999999
vt 0.42868125 0.5878
vt 0.425265625 0.5768093750000001
vt 0.212534375 0.453125
vt 0.224965625 0.453125
vt 0.224965625 0.46875
vt 0.212534375 0.46875
vt 0.2247 0.34375
vt 0.2128 0.34375
vt 0.2128 0.328125
vt 0.2247 0.328125
vt 0.42868125 0.69345
vt 0.42868124999999996 0.68155
vt 0.4296875 0.6812843749999999
vt 0.4296875 0.6937156250000001
vt 0.4296875 0.5875343749999999
vt 0.4296875 0.5999656250000001
vt 0.42868125 0.5997
vt 0.42868125 0.5878
vt 0.224965625 0.453125
vt 0.236990625 0.453125
vt 0.236990625 0.46875
vt 0.224965625 0.46875
vt 0.2128 0.34375
vt 0.2012875 0.34375
vt 0.2012875 0.328125
vt 0.2128 0.328125
vt 0.42868124999999996 0.68155
vt 0.425265625 0.6705593750000001
vt 0.42611875 0.6697968750000001
vt 0.4296875 0.6812843749999999
vt 0.4296875 0.5999656250000001
vt 0.42611875 0.6114531249999999
vt 0.425265625 0.6106906249999999
vt 0.42868125 0.5997
vt 0.236990625 0.453125
vt 0.247978125 0.453125
vt 0.247978125 0.46875
vt 0.236990625 0.46875
vt 0.2012875 0.34375
vt 0.190771875 0.34375
vt 0.190771875 0.328125
vt 0.2012875 0.328125
vt 0.425265625 0.6705593750000001
vt 0.41895625 0.66214375
vt 0.4195249999999999 0.66100625
vt 0.42611875 0.6697968750000001
vt 0.42611875 0.6114531249999999
vt 0.4195249999999999 0.62024375
vt 0.4189562499999999 0.61910625
vt 0.425265625 0.6106906249999999
vt 0.376121875 0.265625
vt 0.3859625 0.265625
vt 0.3859625 0.28125
vt 0.376121875 0.28125
vt 0.34200625 0.21875
vt 0.3325875 0.21875
vt 0.3325875 0.203125
vt 0.34200625 0.203125
vt 0.41895625 0.66214375
vt 0.4107124999999999 0.6575906250000001
vt 0.4109124999999999 0.65625
vt 0.4195249999999999 0.66100625
vt 0.4195249999999999 0.62024375
vt 0.4109124999999999 0.625
vt 0.4107124999999999 0.6236593749999999
vt 0.4189562499999999 0.61910625
vt 0.3859625 0.265625
vt 0.3952875 0.265625
vt 0.3952875 0.28125
vt 0.3859625 0.28125
vt 0.3325875 0.21875
vt 0.3236625 0.21875
vt 0.3236625 0.203125
vt 0.3325875 0.203125
vt 0.4107124999999999 0.6575906250000001
vt 0.4017874999999999 0.6575906250000001
vt 0.40158749999999993 0.6562500000000001
vt 0.4109124999999999 0.65625
vt 0.4109124999999999 0.625
vt 0.4015874999999999 0.6249999999999999
vt 0.4017874999999999 0.6236593749999999
vt 0.4107124999999999 0.6236593749999999
vt 0.3952875 0.265625
vt 0.405128125 0.265625
vt 0.405128125 0.28125
vt 0.3952875 0.28125
vt 0.3236625 0.21875
vt 0.31424375 0.21875
vt 0.31424375 0.203125
vt 0.3236625 0.203125
vt 0.4017875000000001 0.657590625
vt 0.3935437500000001 0.66214375
vt 0.3929750000000001 0.66100625
vt 0.40158750000000004 0.65625
vt 0.40158750000000004 0.625
vt 0.392975 0.62024375
vt 0.39354375 0.61910625
vt 0.4017875 0.623659375
vt 0.533271875 0.796875
vt 0.544259375 0.796875
vt 0.544259375 0.8125
vt 0.533271875 0.8125
vt 0.715478125 0.75
vt 0.7049625 0.75
vt 0.7049625 0.734375
vt 0.715478125 0.734375
vt 0.3935437500000001 0.66214375
vt 0.3872343750000001 0.6705593750000001
vt 0.38638125000000006 0.6697968750000001
vt 0.3929750000000001 0.66100625
vt 0.392975 0.62024375
vt 0.38638125 0.6114531249999999
vt 0.387234375 0.6106906249999999
vt 0.39354375 0.61910625
vt 0.544259375 0.796875
vt 0.556284375 0.796875
vt 0.556284375 0.8125
vt 0.544259375 0.8125
vt 0.7049625 0.75
vt 0.69345 0.75
vt 0.69345 0.734375
vt 0.7049625 0.734375
vt 0.3872343750000001 0.6705593750000001
vt 0.38381875000000004 0.68155
vt 0.38281250000000006 0.6812843749999999
vt 0.38638125000000006 0.6697968750000001
vt 0.38638125 0.6114531249999999
vt 0.3828125 0.5999656250000001
vt 0.38381875 0.5997
vt 0.387234375 0.6106906249999999
vt 0.556284375 0.796875
vt 0.5687156250000001 0.796875
vt 0.5687156250000001 0.8125
vt 0.556284375 0.8125
vt 0.69345 0.75
vt 0.68155 0.75
vt 0.68155 0.734375
vt 0.69345 0.734375
vt 0.38381875000000004 0.68155
vt 0.38381875 0.69345
vt 0.3828125 0.6937156250000001
vt 0.38281250000000006 0.6812843749999999
vt 0.3828125 0.5999656250000001
vt 0.3828125 0.5875343749999999
vt 0.38381875 0.5878
vt 0.38381875 0.5997
vt 0.5687156250000001 0.796875
vt 0.580740625 0.796875
vt 0.580740625 0.8125
vt 0.5687156250000001 0.8125
vt 0.68155 0.75
vt 0.6700375 0.75
vt 0.6700375 0.734375
vt 0.68155 0.734375
vt 0.38381875 0.69345
vt 0.387234375 0.7044406249999999
vt 0.38638125 0.7052031249999999
vt 0.3828125 0.6937156250000001
vt 0.3828125 0.5875343749999999
vt 0.38638125 0.5760468750000001
vt 0.387234375 0.5768093750000001
vt 0.38381875 0.5878
vt 0.580740625 0.796875
vt 0.591728125 0.796875
vt 0.591728125 0.8125
vt 0.580740625 0.8125
vt 0.6700375 0.75
vt 0.659521875 0.75
vt 0.659521875 0.734375
vt 0.6700375 0.734375
vt 0.387234375 0.7044406249999999
vt 0.39354374999999997 0.71285625
vt 0.39297499999999996 0.71399375
vt 0.38638125 0.7052031249999999
vt 0.38638125 0.5760468750000001
vt 0.392975 0.56725625
vt 0.39354374999999997 0.56839375
vt 0.387234375 0.5768093750000001
vt 0.719871875 0.421875
vt 0.7297125 0.421875
vt 0.7297125 0.4375
vt 0.719871875 0.4375
vt 0.40450625 0.21875
vt 0.3950875 0.21875
vt 0.3950875 0.203125
vt 0.40450625 0.203125
vt 0.39354374999999997 0.71285625
vt 0.40178749999999996 0.717409375
vt 0.4015875 0.71875
vt 0.392975 0.71399375
vt 0.392975 0.56725625
vt 0.4015875 0.5625
vt 0.4017875 0.563840625
vt 0.39354374999999997 0.56839375
vt 0.7297125 0.421875
vt 0.7390375 0.421875
vt 0.7390375 0.4375
vt 0.7297125 0.4375
vt 0.3950875 0.21875
vt 0.3861625 0.21875
vt 0.3861625 0.203125
vt 0.3950875 0.203125
vt 0.40178749999999996 0.717409375
vt 0.4107125 0.717409375
vt 0.4109125 0.71875
vt 0.4015875 0.71875
vt 0.4015875 0.5625
vt 0.4109125 0.5625
vt 0.41071250000000004 0.563840625
vt 0.4017875 0.563840625
vn 0.04191096201571896 -0.9599188479172365 0.27712682417290946
vn -0.04191096201571896 0.9599188479172365 -0.2771268241729097
vn -0.9990482215818579 -0.04361938736533591 -3.67761376907083e-16
vn 0.9990482215818579 0.04361938736533591 3.67761376907083e-16
vn 0.04318099043612455 -0.989007281098049 -0.14142135623730925
vn -0.04318099043612456 0.9890072810980491 0.14142135623730934
vn -0.9990482215818579 -0.04361938736533591 -3.67761376907083e-16
vn 0.9990482215818579 0.04361938736533591 3.67761376907083e-16
vn 0.03860543219061213 -0.8842097677896398 -0.4654918980506185
vn -0.03860543219061213 0.8842097677896399 0.4654918980506185
vn -0.9990482215818579 -0.04361938736533591 -3.67761376907083e-16
vn 0.9990482215818579 0.04361938736533591 3.67761376907083e-16
vn 0.03084356459723192 -0.706433772212892 -0.7071067811865477
vn -0.03084356459723192 0.706433772212892 0.7071067811865477
vn -0.9990482215818579 -0.04361938736533591 -3.67761376907083e-16
vn 0.9990482215818579 0.04361938736533591 3.67761376907083e-16
vn 0.020304471416495495 -0.4650488529082336 -0.8850521413166756
vn -0.020304471416495516 0.46504885290823406 0.8850521413166754
vn -0.9990482215818579 -0.04361938736533591 -3.67761376907083e-16
vn 0.9990482215818579 0.04361938736533591 3.67761376907083e-16
vn 0.006168712919446541 -0.14128675444257868 -0.9899494936611666
vn -0.006168712919446527 0.1412867544425784 0.9899494936611667
vn -0.9990482215818579 -0.04361938736533591 -3.67761376907083e-16
vn 0.9990482215818579 0.04361938736533591 3.67761376907083e-16
vn -0.01208810229292329 0.2768630608425732 -0.9608333483616383
vn 0.012088102292923314 -0.2768630608425737 0.9608333483616383
vn -0.9990482215818579 -0.04361938736533591 -3.67761376907083e-16
vn 0.9990482215818579 0.04361938736533591 3.67761376907083e-16
vn -0.030843564597231685 0.706433772212892 -0.7071067811865476
vn 0.030843564597231685 -0.706433772212892 0.7071067811865476
vn -0.9990482215818579 -0.04361938736533591 -3.67761376907083e-16
vn 0.9990482215818579 0.04361938736533591 3.67761376907083e-16
vn -0.04191096201571896 0.9599188479172365 -0.2771268241729096
vn 0.04191096201571894 -0.9599188479172361 0.27712682417291035
vn -0.9990482215818579 -0.04361938736533591 -3.67761376907083e-16
vn 0.9990482215818579 0.04361938736533591 3.67761376907083e-16
vn -0.04318099043612455 0.989007281098049 0.1414213562373097
vn 0.04318099043612454 -0.9890072810980489 -0.14142135623731025
vn -0.9990482215818579 -0.04361938736533591 -3.67761376907083e-16
vn 0.9990482215818579 0.04361938736533591 3.67761376907083e-16
vn -0.03860543219061213 0.8842097677896399 0.46549189805061875
vn 0.03860543219061214 -0.8842097677896401 -0.4654918980506181
vn -0.9990482215818579 -0.04361938736533591 -3.67761376907083e-16
vn 0.9990482215818579 0.04361938736533591 3.67761376907083e-16
vn -0.030843564597231938 0.7064337722128925 0.7071067811865472
vn 0.03084356459723192 -0.706433772212892 -0.7071067811865477
vn -0.9990482215818579 -0.04361938736533591 -3.67761376907083e-16
vn 0.9990482215818579 0.04361938736533591 3.67761376907083e-16
vn -0.02030447141649549 0.4650488529082335 0.8850521413166758
vn 0.020304471416495516 -0.46504885290823406 -0.8850521413166756
vn -0.9990482215818579 -0.04361938736533591 -3.67761376907083e-16
vn 0.9990482215818579 0.04361938736533591 3.67761376907083e-16
vn -0.006168712919446541 0.14128675444257868 0.9899494936611666
vn 0.006168712919446515 -0.1412867544425781 -0.9899494936611666
vn -0.9990482215818579 -0.04361938736533591 -3.67761376907083e-16
vn 0.9990482215818579 0.04361938736533591 3.67761376907083e-16
vn 0.012088102292923298 -0.27686306084257334 0.9608333483616385
vn -0.012088102292923284 0.27686306084257306 -0.9608333483616385
vn -0.9990482215818579 -0.04361938736533591 -3.67761376907083e-16
vn 0.9990482215818579 0.04361938736533591 3.67761376907083e-16
vn 0.03084356459723166 -0.7064337722128915 0.7071067811865481
vn -0.030843564597231685 0.706433772212892 -0.7071067811865476
vn -0.9990482215818579 -0.04361938736533591 -3.67761376907083e-16
vn 0.9990482215818579 0.04361938736533591 3.67761376907083e-16
usemtl none
f 2817/11265/2817 2821/11266/2817 2822/11267/2817 2818/11268/2817
f 2820/11269/2818 2824/11270/2818 2823/11271/2818 2819/11272/2818
f 2819/11273/2819 2823/11274/2819 2821/11275/2819 2817/11276/2819
f 2818/11277/2820 2822/11278/2820 2824/11279/2820 2820/11280/2820
f 2821/11281/2821 2825/11282/2821 2826/11283/2821 2822/11284/2821
f 2824/11285/2822 2828/11286/2822 2827/11287/2822 2823/11288/2822
f 2823/11289/2823 2827/11290/2823 2825/11291/2823 2821/11292/2823
f 2822/11293/2824 2826/11294/2824 2828/11295/2824 2824/11296/2824
f 2825/11297/2825 2829/11298/2825 2830/11299/2825 2826/11300/2825
f 2828/11301/2826 2832/11302/2826 2831/11303/2826 2827/11304/2826
f 2827/11305/2827 2831/11306/2827 2829/11307/2827 2825/11308/2827
f 2826/11309/2828 2830/11310/2828 2832/11311/2828 2828/11312/2828
f 2829/11313/2829 2833/11314/2829 2834/11315/2829 2830/11316/2829
f 2832/11317/2830 2836/11318/2830 2835/11319/2830 2831/11320/2830
f 2831/11321/2831 2835/11322/2831 2833/11323/2831 2829/11324/2831
f 2830/11325/2832 2834/11326/2832 2836/11327/2832 2832/11328/2832
f 2833/11329/2833 2837/11330/2833 2838/11331/2833 2834/11332/2833
f 2836/11333/2834 2840/11334/2834 2839/11335/2834 2835/11336/2834
f 2835/11337/2835 2839/11338/2835 2837/11339/2835 2833/11340/2835
f 2834/11341/2836 2838/11342/2836 2840/11343/2836 2836/11344/2836
f 2837/11345/2837 2841/11346/2837 2842/11347/2837 2838/11348/2837
f 2840/11349/2838 2844/11350/2838 2843/11351/2838 2839/11352/2838
f 2839/11353/2839 2843/11354/2839 2841/11355/2839 2837/11356/2839
f 2838/11357/2840 2842/11358/2840 2844/11359/2840 2840/11360/2840
f 2841/11361/2841 2845/11362/2841 2846/11363/2841 2842/11364/2841
f 2844/11365/2842 2848/11366/2842 2847/11367/2842 2843/11368/2842
f 2843/11369/2843 2847/11370/2843 2845/11371/2843 2841/11372/2843
f 2842/11373/2844 2846/11374/2844 2848/11375/2844 2844/11376/2844
f 2845/11377/2845 2849/11378/2845 2850/11379/2845 2846/11380/2845
f 2848/11381/2846 2852/11382/2846 2851/11383/2846 2847/11384/2846
f 2847/11385/2847 2851/11386/2847 2849/11387/2847 2845/11388/2847
f 2846/11389/2848 2850/11390/2848 2852/11391/2848 2848/11392/2848
f 2849/11393/2849 2853/11394/2849 2854/11395/2849 2850/11396/2849
f 2852/11397/2850 2856/11398/2850 2855/11399/2850 2851/11400/2850
f 2851/11401/2851 2855/11402/2851 2853/11403/2851 2849/11404/2851
f 2850/11405/2852 2854/11406/2852 2856/11407/2852 2852/11408/2852
f 2853/11409/2853 2857/11410/2853 2858/11411/2853 2854/11412/2853
f 2856/11413/2854 2860/11414/2854 2859/11415/2854 2855/11416/2854
f 2855/11417/2855 2859/11418/2855 2857/11419/2855 2853/11420/2855
f 2854/11421/2856 2858/11422/2856 2860/11423/2856 2856/11424/2856
f 2857/11425/2857 2861/11426/2857 2862/11427/2857 2858/11428/2857
f 2860/11429/2858 2864/11430/2858 2863/11431/2858 2859/11432/2858
f 2859/11433/2859 2863/11434/2859 2861/11435/2859 2857/11436/2859
f 2858/11437/2860 2862/11438/2860 2864/11439/2860 2860/11440/2860
f 2861/11441/2861 2865/11442/2861 2866/11443/2861 2862/11444/2861
f 2864/11445/2862 2868/11446/2862 2867/11447/2862 2863/11448/2862
f 2863/11449/2863 2867/11450/2863 2865/11451/2863 2861/11452/2863
f 2862/11453/2864 2866/11454/2864 2868/11455/2864 2864/11456/2864
f 2865/11457/2865 2869/11458/2865 2870/11459/2865 2866/11460/2865
f 2868/11461/2866 2872/11462/2866 2871/11463/2866 2867/11464/2866
f 2867/11465/2867 2871/11466/2867 2869/11467/2867 2865/11468/2867
f 2866/11469/2868 2870/11470/2868 2872/11471/2868 2868/11472/2868
f 2869/11473/2869 2873/11474/2869 2874/11475/2869 2870/11476/2869
f 2872/11477/2870 2876/11478/2870 2875/11479/2870 2871/11480/2870
f 2871/11481/2871 2875/11482/2871 2873/11483/2871 2869/11484/2871
f 2870/11485/2872 2874/11486/2872 2876/11487/2872 2872/11488/2872
f 2873/11489/2873 2877/11490/2873 2878/11491/2873 2874/11492/2873
f 2876/11493/2874 2880/11494/2874 2879/11495/2874 2875/11496/2874
f 2875/11497/2875 2879/11498/2875 2877/11499/2875 2873/11500/2875
f 2874/11501/2876 2878/11502/2876 2880/11503/2876 2876/11504/2876
f 2877/11505/2877 2817/11506/2877 2818/11507/2877 2878/11508/2877
f 2880/11509/2878 2820/11510/2878 2819/11511/2878 2879/11512/2878
f 2879/11513/2879 2819/11514/2879 2817/11515/2879 2877/11516/2879
f 2878/11517/2880 2818/11518/2880 2820/11519/2880 2880/11520/2880
o tube
v 0.08197670466547449 -0.26613139282840936 0.7280286258687666
v 0.082940566059138 -0.2882074482100622 0.705931538956687
v 0.0799508137624581 -0.2658422841188653 0.7276514242065942
v 0.08091467515612161 -0.28791833950051815 0.7055543372945146
v 0.07555572234810526 -0.28267043442585993 0.7442718466484007
v 0.07651958374176876 -0.30474648980751284 0.7221747597363211
v 0.07380534835949207 -0.2816716545970248 0.7431976671956075
v 0.07476920975315557 -0.30374770997867767 0.721100580283528
v 0.06292439825827881 -0.29566579671085863 0.7567038696096293
v 0.06388825965194231 -0.3177418520925115 0.7346067826975496
v 0.06171601975665543 -0.2941094009377109 0.7550962464504423
v 0.06267988115031894 -0.3161854563193638 0.7329991595383627
v 0.04600573698543316 -0.3031390535787668 0.7634320319531742
v 0.046969598379096665 -0.32521510896041966 0.7413349450410947
v 0.04552331864369337 -0.3012619890090054 0.7615357111404393
v 0.04648718003735688 -0.3233380443906583 0.7394386242283597
v 0.02737545134031273 -0.3039524694166877 0.7634320319531742
v 0.028339312733976243 -0.32602852479834055 0.7413349450410947
v 0.02769243697785325 -0.3020405021154261 0.7615357111404393
v 0.028656298371516762 -0.32411655749707896 0.7394386242283597
v 0.009869833428427201 -0.29798220903693073 0.7567038696096293
v 0.01083369482209071 -0.3200582644185836 0.7346067826975496
v 0.010937964855414442 -0.2963264186937593 0.7550962464504423
v 0.01190182624907795 -0.31840247407541217 0.7329991595383627
v -0.0038460451119604402 -0.28613719046176883 0.7442718466484006
v -0.0028821837182969323 -0.3082132458434217 0.7221747597363211
v -0.0021893812226497847 -0.2849896561466585 0.7431976671956075
v -0.0012255198289862768 -0.3070657115283114 0.721100580283528
v -0.011684066107824707 -0.27022071039390966 0.7280286258687666
v -0.0107202047141612 -0.2922967657755625 0.705931538956687
v -0.009691081815642627 -0.26975613380391156 0.7276514242065942
v -0.008727220421979119 -0.2918321891855644 0.7055543372945146
v -0.012450961914382552 -0.2526559086404335 0.7104470903892633
v -0.011487100520719044 -0.27473196402208644 0.6883500034771838
v -0.010425071011366173 -0.25294501734997765 0.7108242920514358
v -0.009461209617702665 -0.2750210727316305 0.6887272051393561
v -0.006029979597013332 -0.236116867042983 0.6942038696096293
v -0.0050661182033498245 -0.2581929224246359 0.6721067826975498
v -0.0042796056084001485 -0.23711564687181813 0.6952780490624224
v -0.0033157442147366406 -0.259191702253471 0.6731809621503428
v 0.0066013444928131396 -0.2231215047579843 0.6817718466484007
v 0.0075652058864766475 -0.24519756013963717 0.6596747597363211
v 0.007809722994436514 -0.224677900531132 0.6833794698075877
v 0.008773584388100022 -0.2467539559127849 0.6612823828955081
v 0.023520005765658762 -0.21564824789007614 0.6750436843048558
v 0.024483867159322274 -0.237724303271729 0.6529465973927762
v 0.02400242410739855 -0.21752531245983753 0.6769400051175907
v 0.024966285501062058 -0.2396013678414904 0.6548429182055111
v 0.0421502914107792 -0.21483483205215526 0.6750436843048557
v 0.04311415280444271 -0.23691088743380811 0.6529465973927762
v 0.04183330577323868 -0.21674679935341684 0.6769400051175907
v 0.0427971671669022 -0.2388228547350697 0.6548429182055111
v 0.05965590932266473 -0.2208050924319122 0.6817718466484007
v 0.060619770716328236 -0.24288114781356507 0.6596747597363211
v 0.058587777895677484 -0.22246088277508363 0.6833794698075877
v 0.05955163928934099 -0.24453693815673652 0.6612823828955081
v 0.07337178786305237 -0.2326501110070741 0.6942038696096293
v 0.07433564925671587 -0.25472616638872697 0.6721067826975498
v 0.0717151239737417 -0.2337976453221844 0.6952780490624224
v 0.07267898536740522 -0.2558737007038373 0.6731809621503428
v 0.08120980885891663 -0.24856659107493329 0.7104470903892633
v 0.08217367025258013 -0.27064264645658614 0.6883500034771838
v 0.07921682456673457 -0.24903116766493136 0.7108242920514358
v 0.08018068596039807 -0.27110722304658424 0.6887272051393561
vt 0.412465625 0.453125
vt 0.424490625 0.453125
vt 0.424490625 0.46875
vt 0.412465625 0.46875
vt 0.68155 0.6875
vt 0.6700375 0.6875
vt 0.6700375 0.671875
vt 0.68155 0.671875
vt 0.052825000000000025 0.7958687500000001
vt 0.06381562500000003 0.7924531250000002
vt 0.06457812500000003 0.7933062500000002
vt 0.05309062500000003 0.7968750000000002
vt 0.131215625 0.671875
vt 0.142703125 0.6754437499999999
vt 0.141940625 0.676296875
vt 0.13094999999999998 0.67288125
vt 0.424490625 0.453125
vt 0.435478125 0.453125
vt 0.435478125 0.46875
vt 0.424490625 0.46875
vt 0.6700375 0.6875
vt 0.659521875 0.6875
vt 0.659521875 0.671875
vt 0.6700375 0.671875
vt 0.06381562500000003 0.7924531250000002
vt 0.07223125000000002 0.7861437500000001
vt 0.07336875000000002 0.7867125000000001
vt 0.06457812500000003 0.7933062500000002
vt 0.142703125 0.6754437499999999
vt 0.15149374999999998 0.6820375
vt 0.15035624999999997 0.68260625
vt 0.141940625 0.676296875
vt 0.719871875 0.359375
vt 0.7297125 0.359375
vt 0.7297125 0.375
vt 0.719871875 0.375
vt 0.81075625 0.4375
vt 0.8013375 0.4375
vt 0.8013375 0.421875
vt 0.81075625 0.421875
vt 0.07223125000000002 0.7861437500000001
vt 0.07678437500000003 0.7779000000000001
vt 0.07812500000000003 0.7781000000000002
vt 0.07336875000000002 0.7867125000000001
vt 0.15149374999999998 0.6820375
vt 0.15625 0.69065
vt 0.154909375 0.69085
vt 0.15035624999999997 0.68260625
vt 0.7297125 0.359375
vt 0.7390375 0.359375
vt 0.7390375 0.375
vt 0.7297125 0.375
vt 0.8013375 0.4375
vt 0.7924125 0.4375
vt 0.7924125 0.421875
vt 0.8013375 0.421875
vt 0.07678437500000003 0.7779000000000001
vt 0.07678437500000003 0.7689750000000002
vt 0.07812500000000003 0.7687750000000002
vt 0.07812500000000003 0.7781000000000002
vt 0.15625 0.69065
vt 0.15625 0.699975
vt 0.154909375 0.699775
vt 0.154909375 0.69085
vt 0.7390375 0.359375
vt 0.748878125 0.359375
vt 0.748878125 0.375
vt 0.7390375 0.375
vt 0.7924125 0.4375
vt 0.78299375 0.4375
vt 0.78299375 0.421875
vt 0.7924125 0.421875
vt 0.07678437500000003 0.7689750000000002
vt 0.07223125000000004 0.7607312500000002
vt 0.07336875000000004 0.7601625000000002
vt 0.07812500000000003 0.7687750000000002
vt 0.15625 0.699975
vt 0.15149375 0.7085874999999999
vt 0.15035625000000002 0.7080187499999999
vt 0.154909375 0.699775
vt 0.283271875 0.453125
vt 0.294259375 0.453125
vt 0.294259375 0.46875
vt 0.283271875 0.46875
vt 0.340478125 0.34375
vt 0.3299625 0.34375
vt 0.3299625 0.328125
vt 0.340478125 0.328125
vt 0.07223125000000004 0.7607312500000002
vt 0.06381562500000006 0.7544218750000001
vt 0.06457812500000006 0.7535687500000001
vt 0.07336875000000004 0.7601625000000002
vt 0.15149375 0.7085874999999999
vt 0.14270312500000004 0.71518125
vt 0.14194062500000001 0.714328125
vt 0.15035625000000002 0.7080187499999999
vt 0.294259375 0.453125
vt 0.306284375 0.453125
vt 0.306284375 0.46875
vt 0.294259375 0.46875
vt 0.3299625 0.34375
vt 0.31845 0.34375
vt 0.31845 0.328125
vt 0.3299625 0.328125
vt 0.06381562500000006 0.7544218750000001
vt 0.05282500000000007 0.7510062500000001
vt 0.05309062500000008 0.7500000000000001
vt 0.06457812500000006 0.7535687500000001
vt 0.14270312500000004 0.71518125
vt 0.131215625 0.71875
vt 0.13095 0.71774375
vt 0.14194062500000004 0.714328125
vt 0.306284375 0.453125
vt 0.318715625 0.453125
vt 0.318715625 0.46875
vt 0.306284375 0.46875
vt 0.31845 0.34375
vt 0.30655 0.34375
vt 0.30655 0.328125
vt 0.31845 0.328125
vt 0.05282500000000007 0.7510062500000001
vt 0.04092500000000007 0.75100625
vt 0.04065937500000008 0.75
vt 0.05309062500000008 0.7500000000000001
vt 0.131215625 0.71875
vt 0.11878437500000003 0.71875
vt 0.11905000000000002 0.71774375
vt 0.13095 0.71774375
vt 0.318715625 0.453125
vt 0.330740625 0.453125
vt 0.330740625 0.46875
vt 0.318715625 0.46875
vt 0.30655 0.34375
vt 0.2950375 0.34375
vt 0.2950375 0.328125
vt 0.30655 0.328125
vt 0.04092499999999994 0.7510062500000001
vt 0.029934374999999947 0.7544218750000002
vt 0.029171874999999944 0.7535687500000001
vt 0.04065937499999994 0.7500000000000002
vt 0.11878437500000003 0.71875
vt 0.10729687500000003 0.71518125
vt 0.10805937500000003 0.714328125
vt 0.11905000000000003 0.7177437499999999
vt 0.330740625 0.453125
vt 0.341728125 0.453125
vt 0.341728125 0.46875
vt 0.330740625 0.46875
vt 0.2950375 0.34375
vt 0.284521875 0.34375
vt 0.284521875 0.328125
vt 0.2950375 0.328125
vt 0.029934374999999947 0.7544218750000002
vt 0.02151874999999996 0.7607312500000002
vt 0.020381249999999962 0.7601625000000002
vt 0.029171874999999944 0.7535687500000001
vt 0.10729687500000003 0.71518125
vt 0.09850625000000002 0.7085874999999999
vt 0.09964375000000003 0.7080187499999999
vt 0.10805937500000003 0.714328125
vt 0.719871875 0.296875
vt 0.7297125 0.296875
vt 0.7297125 0.3125
vt 0.719871875 0.3125
vt 0.81075625 0.375
vt 0.8013375 0.375
vt 0.8013375 0.359375
vt 0.81075625 0.359375
vt 0.02151874999999996 0.7607312500000002
vt 0.016965624999999977 0.7689750000000002
vt 0.015624999999999972 0.7687750000000002
vt 0.020381249999999962 0.7601625000000002
vt 0.09850625000000002 0.7085874999999999
vt 0.09375000000000001 0.699975
vt 0.09509062500000001 0.699775
vt 0.09964375000000002 0.7080187499999999
vt 0.7297125 0.296875
vt 0.7390375 0.296875
vt 0.7390375 0.3125
vt 0.7297125 0.3125
vt 0.8013375 0.375
vt 0.7924125 0.375
vt 0.7924125 0.359375
vt 0.8013375 0.359375
vt 0.016965624999999977 0.7689750000000002
vt 0.016965625 0.7779000000000003
vt 0.015625 0.7781000000000002
vt 0.015624999999999972 0.7687750000000002
vt 0.09375000000000001 0.699975
vt 0.09375000000000001 0.69065
vt 0.09509062500000001 0.69085
vt 0.09509062500000001 0.699775
vt 0.7390375 0.296875
vt 0.748878125 0.296875
vt 0.748878125 0.3125
vt 0.7390375 0.3125
vt 0.7924125 0.375
vt 0.78299375 0.375
vt 0.78299375 0.359375
vt 0.7924125 0.359375
vt 0.016965625 0.7779000000000003
vt 0.02151875000000001 0.7861437500000001
vt 0.02038125000000001 0.7867125000000001
vt 0.015625000000000007 0.7781000000000002
vt 0.09375000000000001 0.69065
vt 0.09850625 0.6820375
vt 0.09964375 0.68260625
vt 0.09509062500000001 0.69085
vt 0.377021875 0.453125
vt 0.388009375 0.453125
vt 0.388009375 0.46875
vt 0.377021875 0.46875
vt 0.715478125 0.6875
vt 0.7049625 0.6875
vt 0.7049625 0.671875
vt 0.715478125 0.671875
vt 0.02151875000000001 0.7861437500000001
vt 0.029934375000000023 0.7924531250000002
vt 0.029171875000000028 0.7933062500000002
vt 0.02038125000000001 0.7867125000000001
vt 0.09850625 0.6820375
vt 0.10729687499999999 0.6754437499999999
vt 0.10805937499999999 0.676296875
vt 0.09964375 0.68260625
vt 0.388009375 0.453125
vt 0.400034375 0.453125
vt 0.400034375 0.46875
vt 0.388009375 0.46875
vt 0.7049625 0.6875
vt 0.69345 0.6875
vt 0.69345 0.671875
vt 0.7049625 0.671875
vt 0.029934375000000023 0.7924531250000002
vt 0.04092500000000003 0.7958687500000001
vt 0.040659375000000025 0.7968750000000002
vt 0.029171875000000028 0.7933062500000002
vt 0.10729687499999999 0.6754437499999999
vt 0.11878437499999998 0.671875
vt 0.11904999999999999 0.67288125
vt 0.10805937499999999 0.676296875
vt 0.400034375 0.453125
vt 0.412465625 0.453125
vt 0.412465625 0.46875
vt 0.400034375 0.46875
vt 0.69345 0.6875
vt 0.68155 0.6875
vt 0.68155 0.671875
vt 0.69345 0.671875
vt 0.04092500000000003 0.7958687500000001
vt 0.052825000000000025 0.7958687500000001
vt 0.05309062500000003 0.7968750000000002
vt 0.040659375000000025 0.7968750000000002
vt 0.11878437499999998 0.671875
vt 0.131215625 0.671875
vt 0.13094999999999998 0.67288125
vt 0.11904999999999999 0.67288125
vn 0.9632204006569325 -0.1679248651210714 0.20978012163302917
vn -0.9632204006569325 0.16792486512107155 -0.20978012163302928
vn -0.03084356459723214 0.7064337722128919 0.7071067811865478
vn 0.03084356459723214 -0.7064337722128919 -0.7071067811865478
vn 0.8177447160238254 -0.38896475343546627 0.4242640687119287
vn -0.8177447160238254 0.38896475343546627 -0.4242640687119287
vn -0.03084356459723214 0.7064337722128919 0.7071067811865478
vn 0.03084356459723214 -0.7064337722128919 -0.7071067811865478
vn 0.5099929111235296 -0.597303008035541 0.6189800862672741
vn -0.5099929111235298 0.5973030080355409 -0.618980086267274
vn -0.03084356459723214 0.7064337722128919 0.7071067811865478
vn 0.03084356459723214 -0.7064337722128919 -0.7071067811865478
vn 0.0308435645972317 -0.7064337722128923 0.7071067811865476
vn -0.0308435645972317 0.7064337722128923 -0.7071067811865476
vn -0.03084356459723214 0.7064337722128919 0.7071067811865478
vn 0.03084356459723214 -0.7064337722128919 -0.7071067811865478
vn -0.4559938468148875 -0.639478900724269 0.6189800862672737
vn 0.4559938468148867 0.6394789007242693 -0.6189800862672741
vn -0.03084356459723214 0.7064337722128919 0.7071067811865478
vn 0.03084356459723214 -0.7064337722128919 -0.7071067811865478
vn -0.7807324385071469 -0.4587557732200044 0.4242640687119284
vn 0.7807324385071474 0.45875577322000427 -0.4242640687119282
vn -0.03084356459723214 0.7064337722128919 0.7071067811865478
vn 0.03084356459723214 -0.7064337722128919 -0.7071067811865478
vn -0.9449194398828159 -0.25123604976033487 0.20978012163302825
vn 0.9449194398828159 0.25123604976033476 -0.2097801216330281
vn -0.03084356459723214 0.7064337722128919 0.7071067811865478
vn 0.03084356459723214 -0.7064337722128919 -0.7071067811865478
vn -0.9990482215818579 -0.04361938736533606 -5.20417042793042e-16
vn 0.9990482215818579 0.04361938736533606 5.20417042793042e-16
vn -0.03084356459723214 0.7064337722128919 0.7071067811865478
vn 0.03084356459723214 -0.7064337722128919 -0.7071067811865478
vn -0.9632204006569326 0.1679248651210715 -0.20978012163302925
vn 0.9632204006569326 -0.16792486512107105 0.2097801216330288
vn -0.03084356459723214 0.7064337722128919 0.7071067811865478
vn 0.03084356459723214 -0.7064337722128919 -0.7071067811865478
vn -0.8177447160238251 0.3889647534354663 -0.42426406871192873
vn 0.8177447160238248 -0.3889647534354669 0.42426406871192923
vn -0.03084356459723214 0.7064337722128919 0.7071067811865478
vn 0.03084356459723214 -0.7064337722128919 -0.7071067811865478
vn -0.5099929111235294 0.5973030080355411 -0.6189800862672743
vn 0.5099929111235303 -0.5973030080355407 0.6189800862672737
vn -0.03084356459723214 0.7064337722128919 0.7071067811865478
vn 0.03084356459723214 -0.7064337722128919 -0.7071067811865478
vn -0.030843564597232805 0.7064337722128922 -0.7071067811865475
vn 0.0308435645972317 -0.7064337722128923 0.7071067811865476
vn -0.03084356459723214 0.7064337722128919 0.7071067811865478
vn 0.03084356459723214 -0.7064337722128919 -0.7071067811865478
vn 0.4559938468148877 0.6394789007242689 -0.6189800862672736
vn -0.45599384681488697 -0.6394789007242693 0.618980086267274
vn -0.03084356459723214 0.7064337722128919 0.7071067811865478
vn 0.03084356459723214 -0.7064337722128919 -0.7071067811865478
vn 0.7807324385071471 0.4587557732200044 -0.42426406871192834
vn -0.7807324385071475 -0.4587557732200041 0.424264068711928
vn -0.03084356459723214 0.7064337722128919 0.7071067811865478
vn 0.03084356459723214 -0.7064337722128919 -0.7071067811865478
vn 0.9449194398828159 0.25123604976033476 -0.2097801216330281
vn -0.9449194398828158 -0.25123604976033515 0.20978012163302853
vn -0.03084356459723214 0.7064337722128919 0.7071067811865478
vn 0.03084356459723214 -0.7064337722128919 -0.7071067811865478
vn 0.9990482215818579 0.04361938736533646 1.2574765160154667e-16
vn -0.9990482215818579 -0.04361938736533606 -5.20417042793042e-16
vn -0.03084356459723214 0.7064337722128919 0.7071067811865478
vn 0.03084356459723214 -0.7064337722128919 -0.7071067811865478
usemtl none
f 2881/11521/2881 2885/11522/2881 2886/11523/2881 2882/11524/2881
f 2884/11525/2882 2888/11526/2882 2887/11527/2882 2883/11528/2882
f 2883/11529/2883 2887/11530/2883 2885/11531/2883 2881/11532/2883
f 2882/11533/2884 2886/11534/2884 2888/11535/2884 2884/11536/2884
f 2885/11537/2885 2889/11538/2885 2890/11539/2885 2886/11540/2885
f 2888/11541/2886 2892/11542/2886 2891/11543/2886 2887/11544/2886
f 2887/11545/2887 2891/11546/2887 2889/11547/2887 2885/11548/2887
f 2886/11549/2888 2890/11550/2888 2892/11551/2888 2888/11552/2888
f 2889/11553/2889 2893/11554/2889 2894/11555/2889 2890/11556/2889
f 2892/11557/2890 2896/11558/2890 2895/11559/2890 2891/11560/2890
f 2891/11561/2891 2895/11562/2891 2893/11563/2891 2889/11564/2891
f 2890/11565/2892 2894/11566/2892 2896/11567/2892 2892/11568/2892
f 2893/11569/2893 2897/11570/2893 2898/11571/2893 2894/11572/2893
f 2896/11573/2894 2900/11574/2894 2899/11575/2894 2895/11576/2894
f 2895/11577/2895 2899/11578/2895 2897/11579/2895 2893/11580/2895
f 2894/11581/2896 2898/11582/2896 2900/11583/2896 2896/11584/2896
f 2897/11585/2897 2901/11586/2897 2902/11587/2897 2898/11588/2897
f 2900/11589/2898 2904/11590/2898 2903/11591/2898 2899/11592/2898
f 2899/11593/2899 2903/11594/2899 2901/11595/2899 2897/11596/2899
f 2898/11597/2900 2902/11598/2900 2904/11599/2900 2900/11600/2900
f 2901/11601/2901 2905/11602/2901 2906/11603/2901 2902/11604/2901
f 2904/11605/2902 2908/11606/2902 2907/11607/2902 2903/11608/2902
f 2903/11609/2903 2907/11610/2903 2905/11611/2903 2901/11612/2903
f 2902/11613/2904 2906/11614/2904 2908/11615/2904 2904/11616/2904
f 2905/11617/2905 2909/11618/2905 2910/11619/2905 2906/11620/2905
f 2908/11621/2906 2912/11622/2906 2911/11623/2906 2907/11624/2906
f 2907/11625/2907 2911/11626/2907 2909/11627/2907 2905/11628/2907
f 2906/11629/2908 2910/11630/2908 2912/11631/2908 2908/11632/2908
f 2909/11633/2909 2913/11634/2909 2914/11635/2909 2910/11636/2909
f 2912/11637/2910 2916/11638/2910 2915/11639/2910 2911/11640/2910
f 2911/11641/2911 2915/11642/2911 2913/11643/2911 2909/11644/2911
f 2910/11645/2912 2914/11646/2912 2916/11647/2912 2912/11648/2912
f 2913/11649/2913 2917/11650/2913 2918/11651/2913 2914/11652/2913
f 2916/11653/2914 2920/11654/2914 2919/11655/2914 2915/11656/2914
f 2915/11657/2915 2919/11658/2915 2917/11659/2915 2913/11660/2915
f 2914/11661/2916 2918/11662/2916 2920/11663/2916 2916/11664/2916
f 2917/11665/2917 2921/11666/2917 2922/11667/2917 2918/11668/2917
f 2920/11669/2918 2924/11670/2918 2923/11671/2918 2919/11672/2918
f 2919/11673/2919 2923/11674/2919 2921/11675/2919 2917/11676/2919
f 2918/11677/2920 2922/11678/2920 2924/11679/2920 2920/11680/2920
f 2921/11681/2921 2925/11682/2921 2926/11683/2921 2922/11684/2921
f 2924/11685/2922 2928/11686/2922 2927/11687/2922 2923/11688/2922
f 2923/11689/2923 2927/11690/2923 2925/11691/2923 2921/11692/2923
f 2922/11693/2924 2926/11694/2924 2928/11695/2924 2924/11696/2924
f 2925/11697/2925 2929/11698/2925 2930/11699/2925 2926/11700/2925
f 2928/11701/2926 2932/11702/2926 2931/11703/2926 2927/11704/2926
f 2927/11705/2927 2931/11706/2927 2929/11707/2927 2925/11708/2927
f 2926/11709/2928 2930/11710/2928 2932/11711/2928 2928/11712/2928
f 2929/11713/2929 2933/11714/2929 2934/11715/2929 2930/11716/2929
f 2932/11717/2930 2936/11718/2930 2935/11719/2930 2931/11720/2930
f 2931/11721/2931 2935/11722/2931 2933/11723/2931 2929/11724/2931
f 2930/11725/2932 2934/11726/2932 2936/11727/2932 2932/11728/2932
f 2933/11729/2933 2937/11730/2933 2938/11731/2933 2934/11732/2933
f 2936/11733/2934 2940/11734/2934 2939/11735/2934 2935/11736/2934
f 2935/11737/2935 2939/11738/2935 2937/11739/2935 2933/11740/2935
f 2934/11741/2936 2938/11742/2936 2940/11743/2936 2936/11744/2936
f 2937/11745/2937 2941/11746/2937 2942/11747/2937 2938/11748/2937
f 2940/11749/2938 2944/11750/2938 2943/11751/2938 2939/11752/2938
f 2939/11753/2939 2943/11754/2939 2941/11755/2939 2937/11756/2939
f 2938/11757/2940 2942/11758/2940 2944/11759/2940 2940/11760/2940
f 2941/11761/2941 2881/11762/2941 2882/11763/2941 2942/11764/2941
f 2944/11765/2942 2884/11766/2942 2883/11767/2942 2943/11768/2942
f 2943/11769/2943 2883/11770/2943 2881/11771/2943 2941/11772/2943
f 2942/11773/2944 2882/11774/2944 2884/11775/2944 2944/11776/2944
o tube
v 0.07522967490983007 -0.11159900515683914 0.5733490174842094
v 0.07619353630349358 -0.133675060538492 0.5512519305721298
v 0.0732037840068137 -0.11130989644729505 0.572971815822037
v 0.0741676454004772 -0.13338595182894794 0.5508747289099574
v 0.06880869259246085 -0.12813804675428972 0.5895922382638435
v 0.06977255398612435 -0.1502141021359426 0.5674951513517639
v 0.06705831860384764 -0.1271392669254546 0.5885180588110503
v 0.06802217999751116 -0.14921532230710746 0.5664209718989708
v 0.056177368502634384 -0.1411334090392884 0.6020242612250721
v 0.0571412298962979 -0.16320946442094128 0.5799271743129925
v 0.05496899000101102 -0.13957701326614066 0.6004166380658851
v 0.05593285139467452 -0.16165306864779355 0.5783195511538055
v 0.03925870722978874 -0.1486066659071966 0.608752423568617
v 0.04022256862345225 -0.17068272128884945 0.5866553366565375
v 0.03877628888804895 -0.14672960133743518 0.6068561027558821
v 0.03974015028171246 -0.16880565671908807 0.5847590158438025
v 0.020628421584668318 -0.14942008174511745 0.608752423568617
v 0.02159228297833183 -0.17149613712677034 0.5866553366565375
v 0.02094540722220884 -0.14750811444385586 0.6068561027558821
v 0.02190926861587235 -0.16958416982550875 0.5847590158438025
v 0.003122803672782788 -0.1434498213653605 0.6020242612250721
v 0.004086665066446296 -0.16552587674701338 0.5799271743129925
v 0.004190935099770029 -0.14179403102218907 0.6004166380658851
v 0.005154796493433537 -0.16387008640384193 0.5783195511538055
v -0.010593074867604853 -0.1316048027901986 0.5895922382638434
v -0.009629213473941346 -0.15368085817185148 0.5674951513517639
v -0.008936410978294198 -0.1304572684750883 0.5885180588110503
v -0.00797254958463069 -0.15253332385674118 0.5664209718989708
v -0.01843109586346912 -0.1156883227223394 0.5733490174842094
v -0.017467234469805613 -0.13776437810399228 0.5512519305721298
v -0.01643811157128704 -0.11522374613234133 0.572971815822037
v -0.015474250177623532 -0.1372998015139942 0.5508747289099574
v -0.019197991670026966 -0.09812352096886333 0.5557674820047062
v -0.018234130276363458 -0.1201995763505162 0.5336703950926266
v -0.017172100767010586 -0.09841262967840742 0.5561446836668786
v -0.016208239373347078 -0.12048868506006029 0.534047596754799
v -0.012777009352657746 -0.08158447937141278 0.5395242612250721
v -0.011813147958994238 -0.10366053475306564 0.5174271743129926
v -0.011026635364044562 -0.0825832592002479 0.5405984406778652
v -0.010062773970381054 -0.10465931458190077 0.5185013537657857
v -0.00014568526283127367 -0.06858911708641408 0.5270922382638435
v 0.0008181761308322343 -0.09066517246806696 0.5049951513517639
v 0.0010626932387921006 -0.0701455128595618 0.5286998614230305
v 0.0020265546324556086 -0.09222156824121469 0.5066027745109509
v 0.016772976010014352 -0.061115860218505916 0.5203640759202987
v 0.01773683740367786 -0.08319191560015879 0.498266989008219
v 0.017255394351754133 -0.06299292478826729 0.5222603967330335
v 0.018219255745417644 -0.08506898016992018 0.5001633098209539
v 0.03540326165513479 -0.060302444380585025 0.5203640759202985
v 0.0363671230487983 -0.0823784997622379 0.498266989008219
v 0.03508627601759427 -0.062214411681846604 0.5222603967330335
v 0.03605013741125778 -0.08429046706349949 0.5001633098209539
v 0.05290887956702031 -0.06627270476034197 0.5270922382638435
v 0.053872740960683826 -0.08834876014199484 0.5049951513517639
v 0.051840748140033074 -0.06792849510351341 0.5286998614230305
v 0.052804609533696575 -0.0900045504851663 0.5066027745109509
v 0.06662475810740795 -0.07811772333550387 0.5395242612250721
v 0.06758861950107146 -0.10019377871715676 0.5174271743129926
v 0.0649680942180973 -0.07926525765061418 0.5405984406778652
v 0.0659319556117608 -0.10134131303226705 0.5185013537657857
v 0.07446277910327222 -0.09403420340336306 0.5557674820047062
v 0.07542664049693572 -0.11611025878501594 0.5336703950926266
v 0.07246979481109014 -0.09449877999336113 0.5561446836668786
v 0.07343365620475366 -0.11657483537501402 0.534047596754799
vt 0.5999656250000001 0.671875
vt 0.611990625 0.671875
vt 0.611990625 0.6875
vt 0.5999656250000001 0.6875
vt 0.68155 0.625
vt 0.6700375 0.625
vt 0.6700375 0.609375
vt 0.68155 0.609375
vt 0.177825 0.7958687500000001
vt 0.18881562500000004 0.7924531250000002
vt 0.18957812500000004 0.7933062500000002
vt 0.17809062500000003 0.7968750000000002
vt 0.224965625 0.671875
vt 0.236453125 0.6754437499999999
vt 0.235690625 0.676296875
vt 0.22469999999999998 0.67288125
vt 0.611990625 0.671875
vt 0.622978125 0.671875
vt 0.622978125 0.6875
vt 0.611990625 0.6875
vt 0.6700375 0.625
vt 0.659521875 0.625
vt 0.659521875 0.609375
vt 0.6700375 0.609375
vt 0.18881562500000004 0.7924531250000002
vt 0.19723125000000002 0.7861437500000001
vt 0.19836875000000004 0.7867125000000001
vt 0.18957812500000004 0.7933062500000002
vt 0.236453125 0.6754437499999999
vt 0.24524374999999998 0.6820375
vt 0.24410624999999997 0.68260625
vt 0.235690625 0.676296875
vt 0.751121875 0.734375
vt 0.7609625 0.734375
vt 0.7609625 0.75
vt 0.751121875 0.75
vt 0.81075625 0.3125
vt 0.8013375 0.3125
vt 0.8013375 0.296875
vt 0.81075625 0.296875
vt 0.19723125000000002 0.7861437500000001
vt 0.20178437500000002 0.7779000000000001
vt 0.20312500000000003 0.7781000000000002
vt 0.19836875000000004 0.7867125000000001
vt 0.24524374999999998 0.6820375
vt 0.25 0.69065
vt 0.248659375 0.69085
vt 0.24410624999999997 0.68260625
vt 0.7609625 0.734375
vt 0.7702875 0.734375
vt 0.7702875 0.75
vt 0.7609625 0.75
vt 0.8013375 0.3125
vt 0.7924125 0.3125
vt 0.7924125 0.296875
vt 0.8013375 0.296875
vt 0.20178437500000002 0.7779000000000001
vt 0.20178437500000002 0.7689750000000002
vt 0.20312500000000003 0.7687750000000002
vt 0.20312500000000003 0.7781000000000002
vt 0.25 0.69065
vt 0.25 0.699975
vt 0.248659375 0.699775
vt 0.248659375 0.69085
vt 0.7702875 0.734375
vt 0.780128125 0.734375
vt 0.780128125 0.75
vt 0.7702875 0.75
vt 0.7924125 0.3125
vt 0.78299375 0.3125
vt 0.78299375 0.296875
vt 0.7924125 0.296875
vt 0.20178437500000002 0.7689750000000002
vt 0.19723125000000002 0.7607312500000002
vt 0.19836875000000004 0.7601625000000002
vt 0.20312500000000003 0.7687750000000002
vt 0.25 0.699975
vt 0.24524375 0.7085874999999999
vt 0.24410625000000002 0.7080187499999999
vt 0.248659375 0.699775
vt 0.564521875 0.734375
vt 0.575509375 0.734375
vt 0.575509375 0.75
vt 0.564521875 0.75
vt 0.434228125 0.34375
vt 0.4237125 0.34375
vt 0.4237125 0.328125
vt 0.434228125 0.328125
vt 0.19723125000000002 0.7607312500000002
vt 0.18881562500000004 0.7544218750000001
vt 0.18957812500000004 0.7535687500000001
vt 0.19836875000000004 0.7601625000000002
vt 0.24524375 0.7085874999999999
vt 0.23645312500000004 0.71518125
vt 0.23569062500000001 0.714328125
vt 0.24410625000000002 0.7080187499999999
vt 0.575509375 0.734375
vt 0.587534375 0.734375
vt 0.587534375 0.75
vt 0.575509375 0.75
vt 0.4237125 0.34375
vt 0.4122 0.34375
vt 0.4122 0.328125
vt 0.4237125 0.328125
vt 0.18881562500000004 0.7544218750000001
vt 0.17782500000000007 0.7510062500000001
vt 0.17809062500000009 0.7500000000000001
vt 0.18957812500000004 0.7535687500000001
vt 0.23645312500000004 0.71518125
vt 0.224965625 0.71875
vt 0.2247 0.71774375
vt 0.23569062500000004 0.714328125
vt 0.587534375 0.734375
vt 0.5999656250000001 0.734375
vt 0.5999656250000001 0.75
vt 0.587534375 0.75
vt 0.4122 0.34375
vt 0.4003 0.34375
vt 0.4003 0.328125
vt 0.4122 0.328125
vt 0.17782500000000007 0.7510062500000001
vt 0.16592500000000007 0.75100625
vt 0.16565937500000008 0.75
vt 0.17809062500000009 0.7500000000000001
vt 0.224965625 0.71875
vt 0.21253437500000003 0.71875
vt 0.21280000000000002 0.71774375
vt 0.2247 0.71774375
vt 0.5999656250000001 0.734375
vt 0.611990625 0.734375
vt 0.611990625 0.75
vt 0.5999656250000001 0.75
vt 0.4003 0.34375
vt 0.3887875 0.34375
vt 0.3887875 0.328125
vt 0.4003 0.328125
vt 0.16592499999999993 0.7510062500000001
vt 0.15493437499999996 0.7544218750000002
vt 0.15417187499999996 0.7535687500000001
vt 0.16565937499999994 0.7500000000000002
vt 0.21253437500000003 0.71875
vt 0.20104687500000004 0.71518125
vt 0.20180937500000004 0.714328125
vt 0.21280000000000004 0.7177437499999999
vt 0.611990625 0.734375
vt 0.622978125 0.734375
vt 0.622978125 0.75
vt 0.611990625 0.75
vt 0.3887875 0.34375
vt 0.378271875 0.34375
vt 0.378271875 0.328125
vt 0.3887875 0.328125
vt 0.15493437499999996 0.7544218750000002
vt 0.14651874999999998 0.7607312500000002
vt 0.14538124999999996 0.7601625000000002
vt 0.15417187499999996 0.7535687500000001
vt 0.20104687500000004 0.71518125
vt 0.19225625000000002 0.7085874999999999
vt 0.19339375000000003 0.7080187499999999
vt 0.20180937500000004 0.714328125
vt 0.751121875 0.671875
vt 0.7609625 0.671875
vt 0.7609625 0.6875
vt 0.751121875 0.6875
vt 0.84200625 0.75
vt 0.8325875 0.75
vt 0.8325875 0.734375
vt 0.84200625 0.734375
vt 0.14651874999999998 0.7607312500000002
vt 0.14196562499999998 0.7689750000000002
vt 0.14062499999999997 0.7687750000000002
vt 0.14538124999999996 0.7601625000000002
vt 0.19225625000000002 0.7085874999999999
vt 0.18750000000000003 0.699975
vt 0.188840625 0.699775
vt 0.19339375000000003 0.7080187499999999
vt 0.7609625 0.671875
vt 0.7702875 0.671875
vt 0.7702875 0.6875
vt 0.7609625 0.6875
vt 0.8325875 0.75
vt 0.8236625 0.75
vt 0.8236625 0.734375
vt 0.8325875 0.734375
vt 0.14196562499999998 0.7689750000000002
vt 0.141965625 0.7779000000000003
vt 0.140625 0.7781000000000002
vt 0.14062499999999997 0.7687750000000002
vt 0.18750000000000003 0.699975
vt 0.1875 0.69065
vt 0.188840625 0.69085
vt 0.188840625 0.699775
vt 0.7702875 0.671875
vt 0.780128125 0.671875
vt 0.780128125 0.6875
vt 0.7702875 0.6875
vt 0.8236625 0.75
vt 0.81424375 0.75
vt 0.81424375 0.734375
vt 0.8236625 0.734375
vt 0.141965625 0.7779000000000003
vt 0.14651875 0.7861437500000001
vt 0.14538125000000002 0.7867125000000001
vt 0.140625 0.7781000000000002
vt 0.1875 0.69065
vt 0.19225625 0.6820375
vt 0.19339375 0.68260625
vt 0.188840625 0.69085
vt 0.564521875 0.671875
vt 0.575509375 0.671875
vt 0.575509375 0.6875
vt 0.564521875 0.6875
vt 0.715478125 0.625
vt 0.7049625 0.625
vt 0.7049625 0.609375
vt 0.715478125 0.609375
vt 0.14651875 0.7861437500000001
vt 0.154934375 0.7924531250000002
vt 0.154171875 0.7933062500000002
vt 0.14538125000000002 0.7867125000000001
vt 0.19225625 0.6820375
vt 0.20104687499999999 0.6754437499999999
vt 0.20180937499999999 0.676296875
vt 0.19339375 0.68260625
vt 0.575509375 0.671875
vt 0.587534375 0.671875
vt 0.587534375 0.6875
vt 0.575509375 0.6875
vt 0.7049625 0.625
vt 0.69345 0.625
vt 0.69345 0.609375
vt 0.7049625 0.609375
vt 0.154934375 0.7924531250000002
vt 0.16592500000000004 0.7958687500000001
vt 0.16565937500000003 0.7968750000000002
vt 0.154171875 0.7933062500000002
vt 0.20104687499999999 0.6754437499999999
vt 0.212534375 0.671875
vt 0.2128 0.67288125
vt 0.20180937499999999 0.676296875
vt 0.587534375 0.671875
vt 0.5999656250000001 0.671875
vt 0.5999656250000001 0.6875
vt 0.587534375 0.6875
vt 0.69345 0.625
vt 0.68155 0.625
vt 0.68155 0.609375
vt 0.69345 0.609375
vt 0.16592500000000004 0.7958687500000001
vt 0.177825 0.7958687500000001
vt 0.17809062500000003 0.7968750000000002
vt 0.16565937500000003 0.7968750000000002
vt 0.212534375 0.671875
vt 0.224965625 0.671875
vt 0.22469999999999998 0.67288125
vt 0.2128 0.67288125
vn 0.9632204006569325 -0.1679248651210714 0.20978012163302917
vn -0.9632204006569325 0.16792486512107155 -0.20978012163302928
vn -0.03084356459723214 0.7064337722128919 0.7071067811865478
vn 0.03084356459723214 -0.7064337722128919 -0.7071067811865478
vn 0.8177447160238254 -0.38896475343546627 0.4242640687119287
vn -0.8177447160238254 0.38896475343546627 -0.4242640687119287
vn -0.03084356459723214 0.7064337722128919 0.7071067811865478
vn 0.03084356459723214 -0.7064337722128919 -0.7071067811865478
vn 0.5099929111235296 -0.597303008035541 0.6189800862672741
vn -0.5099929111235298 0.5973030080355409 -0.618980086267274
vn -0.03084356459723214 0.7064337722128919 0.7071067811865478
vn 0.03084356459723214 -0.7064337722128919 -0.7071067811865478
vn 0.0308435645972317 -0.7064337722128923 0.7071067811865476
vn -0.0308435645972317 0.7064337722128923 -0.7071067811865476
vn -0.03084356459723214 0.7064337722128919 0.7071067811865478
vn 0.03084356459723214 -0.7064337722128919 -0.7071067811865478
vn -0.4559938468148875 -0.639478900724269 0.6189800862672737
vn 0.4559938468148867 0.6394789007242693 -0.6189800862672741
vn -0.03084356459723214 0.7064337722128919 0.7071067811865478
vn 0.03084356459723214 -0.7064337722128919 -0.7071067811865478
vn -0.7807324385071469 -0.4587557732200044 0.4242640687119284
vn 0.7807324385071474 0.45875577322000427 -0.4242640687119282
vn -0.03084356459723214 0.7064337722128919 0.7071067811865478
vn 0.03084356459723214 -0.7064337722128919 -0.7071067811865478
vn -0.9449194398828159 -0.25123604976033487 0.20978012163302825
vn 0.9449194398828159 0.25123604976033476 -0.2097801216330281
vn -0.03084356459723214 0.7064337722128919 0.7071067811865478
vn 0.03084356459723214 -0.7064337722128919 -0.7071067811865478
vn -0.9990482215818579 -0.04361938736533606 -5.20417042793042e-16
vn 0.9990482215818579 0.04361938736533606 5.20417042793042e-16
vn -0.03084356459723214 0.7064337722128919 0.7071067811865478
vn 0.03084356459723214 -0.7064337722128919 -0.7071067811865478
vn -0.9632204006569326 0.1679248651210715 -0.20978012163302925
vn 0.9632204006569326 -0.16792486512107105 0.2097801216330288
vn -0.03084356459723214 0.7064337722128919 0.7071067811865478
vn 0.03084356459723214 -0.7064337722128919 -0.7071067811865478
vn -0.8177447160238251 0.3889647534354663 -0.42426406871192873
vn 0.8177447160238248 -0.3889647534354669 0.42426406871192923
vn -0.03084356459723214 0.7064337722128919 0.7071067811865478
vn 0.03084356459723214 -0.7064337722128919 -0.7071067811865478
vn -0.5099929111235294 0.5973030080355411 -0.6189800862672743
vn 0.5099929111235303 -0.5973030080355407 0.6189800862672737
vn -0.03084356459723214 0.7064337722128919 0.7071067811865478
vn 0.03084356459723214 -0.7064337722128919 -0.7071067811865478
vn -0.030843564597232805 0.7064337722128922 -0.7071067811865475
vn 0.0308435645972317 -0.7064337722128923 0.7071067811865476
vn -0.03084356459723214 0.7064337722128919 0.7071067811865478
vn 0.03084356459723214 -0.7064337722128919 -0.7071067811865478
vn 0.4559938468148877 0.6394789007242689 -0.6189800862672736
vn -0.45599384681488697 -0.6394789007242693 0.618980086267274
vn -0.03084356459723214 0.7064337722128919 0.7071067811865478
vn 0.03084356459723214 -0.7064337722128919 -0.7071067811865478
vn 0.7807324385071471 0.4587557732200044 -0.42426406871192834
vn -0.7807324385071475 -0.4587557732200041 0.424264068711928
vn -0.03084356459723214 0.7064337722128919 0.7071067811865478
vn 0.03084356459723214 -0.7064337722128919 -0.7071067811865478
vn 0.9449194398828159 0.25123604976033476 -0.2097801216330281
vn -0.9449194398828158 -0.25123604976033515 0.20978012163302853
vn -0.03084356459723214 0.7064337722128919 0.7071067811865478
vn 0.03084356459723214 -0.7064337722128919 -0.7071067811865478
vn 0.9990482215818579 0.04361938736533646 1.2574765160154667e-16
vn -0.9990482215818579 -0.04361938736533606 -5.20417042793042e-16
vn -0.03084356459723214 0.7064337722128919 0.7071067811865478
vn 0.03084356459723214 -0.7064337722128919 -0.7071067811865478
usemtl none
f 2945/11777/2945 2949/11778/2945 2950/11779/2945 2946/11780/2945
f 2948/11781/2946 2952/11782/2946 2951/11783/2946 2947/11784/2946
f 2947/11785/2947 2951/11786/2947 2949/11787/2947 2945/11788/2947
f 2946/11789/2948 2950/11790/2948 2952/11791/2948 2948/11792/2948
f 2949/11793/2949 2953/11794/2949 2954/11795/2949 2950/11796/2949
f 2952/11797/2950 2956/11798/2950 2955/11799/2950 2951/11800/2950
f 2951/11801/2951 2955/11802/2951 2953/11803/2951 2949/11804/2951
f 2950/11805/2952 2954/11806/2952 2956/11807/2952 2952/11808/2952
f 2953/11809/2953 2957/11810/2953 2958/11811/2953 2954/11812/2953
f 2956/11813/2954 2960/11814/2954 2959/11815/2954 2955/11816/2954
f 2955/11817/2955 2959/11818/2955 2957/11819/2955 2953/11820/2955
f 2954/11821/2956 2958/11822/2956 2960/11823/2956 2956/11824/2956
f 2957/11825/2957 2961/11826/2957 2962/11827/2957 2958/11828/2957
f 2960/11829/2958 2964/11830/2958 2963/11831/2958 2959/11832/2958
f 2959/11833/2959 2963/11834/2959 2961/11835/2959 2957/11836/2959
f 2958/11837/2960 2962/11838/2960 2964/11839/2960 2960/11840/2960
f 2961/11841/2961 2965/11842/2961 2966/11843/2961 2962/11844/2961
f 2964/11845/2962 2968/11846/2962 2967/11847/2962 2963/11848/2962
f 2963/11849/2963 2967/11850/2963 2965/11851/2963 2961/11852/2963
f 2962/11853/2964 2966/11854/2964 2968/11855/2964 2964/11856/2964
f 2965/11857/2965 2969/11858/2965 2970/11859/2965 2966/11860/2965
f 2968/11861/2966 2972/11862/2966 2971/11863/2966 2967/11864/2966
f 2967/11865/2967 2971/11866/2967 2969/11867/2967 2965/11868/2967
f 2966/11869/2968 2970/11870/2968 2972/11871/2968 2968/11872/2968
f 2969/11873/2969 2973/11874/2969 2974/11875/2969 2970/11876/2969
f 2972/11877/2970 2976/11878/2970 2975/11879/2970 2971/11880/2970
f 2971/11881/2971 2975/11882/2971 2973/11883/2971 2969/11884/2971
f 2970/11885/2972 2974/11886/2972 2976/11887/2972 2972/11888/2972
f 2973/11889/2973 2977/11890/2973 2978/11891/2973 2974/11892/2973
f 2976/11893/2974 2980/11894/2974 2979/11895/2974 2975/11896/2974
f 2975/11897/2975 2979/11898/2975 2977/11899/2975 2973/11900/2975
f 2974/11901/2976 2978/11902/2976 2980/11903/2976 2976/11904/2976
f 2977/11905/2977 2981/11906/2977 2982/11907/2977 2978/11908/2977
f 2980/11909/2978 2984/11910/2978 2983/11911/2978 2979/11912/2978
f 2979/11913/2979 2983/11914/2979 2981/11915/2979 2977/11916/2979
f 2978/11917/2980 2982/11918/2980 2984/11919/2980 2980/11920/2980
f 2981/11921/2981 2985/11922/2981 2986/11923/2981 2982/11924/2981
f 2984/11925/2982 2988/11926/2982 2987/11927/2982 2983/11928/2982
f 2983/11929/2983 2987/11930/2983 2985/11931/2983 2981/11932/2983
f 2982/11933/2984 2986/11934/2984 2988/11935/2984 2984/11936/2984
f 2985/11937/2985 2989/11938/2985 2990/11939/2985 2986/11940/2985
f 2988/11941/2986 2992/11942/2986 2991/11943/2986 2987/11944/2986
f 2987/11945/2987 2991/11946/2987 2989/11947/2987 2985/11948/2987
f 2986/11949/2988 2990/11950/2988 2992/11951/2988 2988/11952/2988
f 2989/11953/2989 2993/11954/2989 2994/11955/2989 2990/11956/2989
f 2992/11957/2990 2996/11958/2990 2995/11959/2990 2991/11960/2990
f 2991/11961/2991 2995/11962/2991 2993/11963/2991 2989/11964/2991
f 2990/11965/2992 2994/11966/2992 2996/11967/2992 2992/11968/2992
f 2993/11969/2993 2997/11970/2993 2998/11971/2993 2994/11972/2993
f 2996/11973/2994 3000/11974/2994 2999/11975/2994 2995/11976/2994
f 2995/11977/2995 2999/11978/2995 2997/11979/2995 2993/11980/2995
f 2994/11981/2996 2998/11982/2996 3000/11983/2996 2996/11984/2996
f 2997/11985/2997 3001/11986/2997 3002/11987/2997 2998/11988/2997
f 3000/11989/2998 3004/11990/2998 3003/11991/2998 2999/11992/2998
f 2999/11993/2999 3003/11994/2999 3001/11995/2999 2997/11996/2999
f 2998/11997/3000 3002/11998/3000 3004/11999/3000 3000/12000/3000
f 3001/12001/3001 3005/12002/3001 3006/12003/3001 3002/12004/3001
f 3004/12005/3002 3008/12006/3002 3007/12007/3002 3003/12008/3002
f 3003/12009/3003 3007/12010/3003 3005/12011/3003 3001/12012/3003
f 3002/12013/3004 3006/12014/3004 3008/12015/3004 3004/12016/3004
f 3005/12017/3005 2945/12018/3005 2946/12019/3005 3006/12020/3005
f 3008/12021/3006 2948/12022/3006 2947/12023/3006 3007/12024/3006
f 3007/12025/3007 2947/12026/3007 2945/12027/3007 3005/12028/3007
f 3006/12029/3008 2946/12030/3008 2948/12031/3008 3008/12032/3008
o tube
v 0.011729437691480741 -0.09005356126633524 0.5137710001154848
v 0.0429496946159138 -0.08869045541116849 0.5137710001154848
v 0.011634381360318247 -0.08787641334349543 0.5121575805493792
v 0.042854638284751306 -0.08651330748832868 0.5121575805493792
v 0.011967348876396444 -0.09550262326699382 0.4948604221872143
v 0.043187605800829504 -0.09413951741182708 0.4948604221872144
v 0.011862084051839932 -0.0930916624048547 0.49405843361762214
v 0.043082340976273 -0.09172855654968795 0.49405843361762214
v 0.011831779570076308 -0.09239757565947376 0.4731043820050643
v 0.043052036494509366 -0.09103446980430702 0.4731043820050643
v 0.011732331867436493 -0.09011984879388135 0.4732359199216614
v 0.042952588791869556 -0.0887567429387146 0.4732359199216614
v 0.011343368970468747 -0.08121113379469329 0.4518150394677715
v 0.04256362589490181 -0.07984802793952654 0.4518150394677715
v 0.011264878400976874 -0.07941340419328859 0.4528600784151503
v 0.042485135325409935 -0.07805029833812184 0.4528600784151503
v 0.010576473163910905 -0.06364633204121722 0.43423350398826827
v 0.04179673008834396 -0.062283226186050485 0.43423350398826827
v 0.010530889205253325 -0.06260228773935468 0.4360329462599919
v 0.04175114612968639 -0.061239181884187935 0.4360329462599919
v 0.009647845085023414 -0.042377252240687925 0.42303640496629286
v 0.04086810200945648 -0.04101414638552118 0.4230364049662929
v 0.009642107481686132 -0.042245839519040956 0.42531630178847624
v 0.04086236440611919 -0.04088273366387421 0.42531630178847624
v 0.008698859940782396 -0.02064191898804741 0.4199283992259857
v 0.03991911686521546 -0.019278813132880664 0.41992839922598574
v 0.008733842190862009 -0.021443144242227458 0.42234165697476755
v 0.03995409911529507 -0.02008003838706071 0.42234165697476755
v 0.007873992116826795 -0.0017493397397236946 0.42538265246716633
v 0.039094249041259854 -0.00038623388455694824 0.42538265246716633
v 0.007944368489863567 -0.003361223687906874 0.4275618745265306
v 0.03916462541429663 -0.0019981178327401275 0.4275618745265306
v 0.007298820261908402 0.011424261575383371 0.4385688040767938
v 0.03851907718634146 0.012787367430550117 0.4385688040767938
v 0.007393876593070895 0.009247113652543562 0.4401822236428994
v 0.03861413351750396 0.010610219507710308 0.4401822236428994
v 0.007060909076992698 0.016873323576041967 0.4574793820050642
v 0.03828116600142576 0.018236429431208713 0.4574793820050642
v 0.007166173901549208 0.014462362713902846 0.4582813705746564
v 0.038386430825982275 0.015825468569069592 0.4582813705746564
v 0.0071964783833128355 0.013768275968521884 0.4792354221872143
v 0.0384167353077459 0.01513138182368863 0.4792354221872144
v 0.007295926085952649 0.011490549102929473 0.4791038842706172
v 0.038516183010385716 0.01285365495809622 0.4791038842706172
v 0.007684888982920395 0.0025818341037414302 0.500524764724507
v 0.03890514590735346 0.0039449399589081766 0.500524764724507
v 0.007763379552412266 0.0007841045023367355 0.4994797257771283
v 0.03898363647684533 0.0021472103575034818 0.4994797257771283
v 0.00845178478947824 -0.014982967649734641 0.5181063002040104
v 0.039672041713911296 -0.013619861794567895 0.5181063002040104
v 0.008497368748135815 -0.016027011951597184 0.5163068579322867
v 0.03971762567256888 -0.014663906096430437 0.5163068579322867
v 0.009380412868365728 -0.03625204745026393 0.5293033992259857
v 0.04060066979279879 -0.034888941595097187 0.5293033992259857
v 0.009386150471703013 -0.03638346017191091 0.5270235024038024
v 0.04060640739613607 -0.03502035431674416 0.5270235024038024
v 0.010329398012606747 -0.05798738070290445 0.5324114049662929
v 0.04154965493703981 -0.0566242748477377 0.5324114049662929
v 0.010294415762527133 -0.05718615544872439 0.529998147217511
v 0.0415146726869602 -0.05582304959355765 0.529998147217511
v 0.011154265836562347 -0.07687995995122816 0.5269571517251123
v 0.04237452276099541 -0.07551685409606142 0.5269571517251123
v 0.011083889463525575 -0.07526807600304498 0.524777929665748
v 0.04230414638795864 -0.07390497014787824 0.524777929665748
vt 0.4577875 0.234375
vt 0.467628125 0.234375
vt 0.467628125 0.25
vt 0.4577875 0.25
vt 0.8236625 0.625
vt 0.81424375 0.625
vt 0.81424375 0.609375
vt 0.8236625 0.609375
vt 0.4732125 0.998659375
vt 0.48145625 0.99410625
vt 0.482025 0.99524375
vt 0.4734125 1
vt 0.4734125 0.84375
vt 0.482025 0.84850625
vt 0.48145625000000003 0.84964375
vt 0.47321250000000004 0.845090625
vt 0.564521875 0.609375
vt 0.575509375 0.609375
vt 0.575509375 0.625
vt 0.564521875 0.625
vt 0.715478125 0.5625
vt 0.7049625 0.5625
vt 0.7049625 0.546875
vt 0.715478125 0.546875
vt 0.48145625 0.99410625
vt 0.487765625 0.985690625
vt 0.48861875 0.986453125
vt 0.482025 0.99524375
vt 0.482025 0.84850625
vt 0.48861875 0.8572968750000001
vt 0.487765625 0.8580593750000001
vt 0.48145625000000003 0.84964375
vt 0.575509375 0.609375
vt 0.587534375 0.609375
vt 0.587534375 0.625
vt 0.575509375 0.625
vt 0.7049625 0.5625
vt 0.69345 0.5625
vt 0.69345 0.546875
vt 0.7049625 0.546875
vt 0.487765625 0.985690625
vt 0.49118125 0.9747
vt 0.4921875 0.974965625
vt 0.48861875 0.986453125
vt 0.48861875 0.8572968750000001
vt 0.4921875 0.8687843749999999
vt 0.49118125 0.86905
vt 0.487765625 0.8580593750000001
vt 0.587534375 0.609375
vt 0.5999656250000001 0.609375
vt 0.5999656250000001 0.625
vt 0.587534375 0.625
vt 0.69345 0.5625
vt 0.68155 0.5625
vt 0.68155 0.546875
vt 0.69345 0.546875
vt 0.49118125 0.9747
vt 0.49118124999999996 0.9628
vt 0.4921875 0.9625343749999999
vt 0.4921875 0.974965625
vt 0.4921875 0.8687843749999999
vt 0.4921875 0.8812156250000001
vt 0.49118125 0.88095
vt 0.49118125 0.86905
vt 0.5999656250000001 0.609375
vt 0.611990625 0.609375
vt 0.611990625 0.625
vt 0.5999656250000001 0.625
vt 0.68155 0.5625
vt 0.6700375 0.5625
vt 0.6700375 0.546875
vt 0.68155 0.546875
vt 0.49118124999999996 0.9628
vt 0.487765625 0.951809375
vt 0.48861875 0.951046875
vt 0.4921875 0.9625343749999999
vt 0.4921875 0.8812156250000001
vt 0.48861875 0.892703125
vt 0.487765625 0.891940625
vt 0.49118125 0.88095
vt 0.611990625 0.609375
vt 0.622978125 0.609375
vt 0.622978125 0.625
vt 0.611990625 0.625
vt 0.6700375 0.5625
vt 0.659521875 0.5625
vt 0.659521875 0.546875
vt 0.6700375 0.546875
vt 0.487765625 0.951809375
vt 0.48145625 0.94339375
vt 0.4820249999999999 0.94225625
vt 0.48861875 0.951046875
vt 0.48861875 0.892703125
vt 0.4820249999999999 0.90149375
vt 0.4814562499999999 0.90035625
vt 0.487765625 0.891940625
vt 0.751121875 0.609375
vt 0.7609625 0.609375
vt 0.7609625 0.625
vt 0.751121875 0.625
vt 0.84200625 0.6875
vt 0.8325875 0.6875
vt 0.8325875 0.671875
vt 0.84200625 0.671875
vt 0.48145625 0.94339375
vt 0.4732124999999999 0.9388406250000001
vt 0.4734124999999999 0.9375
vt 0.4820249999999999 0.94225625
vt 0.4820249999999999 0.90149375
vt 0.4734124999999999 0.9062499999999999
vt 0.4732124999999999 0.9049093749999999
vt 0.4814562499999999 0.90035625
vt 0.7609625 0.609375
vt 0.7702875 0.609375
vt 0.7702875 0.625
vt 0.7609625 0.625
vt 0.8325875 0.6875
vt 0.8236625 0.6875
vt 0.8236625 0.671875
vt 0.8325875 0.671875
vt 0.4732124999999999 0.9388406250000001
vt 0.4642874999999999 0.9388406250000001
vt 0.46408749999999993 0.9375000000000001
vt 0.4734124999999999 0.9375
vt 0.4734124999999999 0.9062499999999999
vt 0.4640874999999999 0.9062499999999999
vt 0.4642874999999999 0.9049093749999999
vt 0.4732124999999999 0.9049093749999999
vt 0.7702875 0.609375
vt 0.780128125 0.609375
vt 0.780128125 0.625
vt 0.7702875 0.625
vt 0.8236625 0.6875
vt 0.81424375 0.6875
vt 0.81424375 0.671875
vt 0.8236625 0.671875
vt 0.4642875000000001 0.938840625
vt 0.4560437500000001 0.94339375
vt 0.4554750000000001 0.94225625
vt 0.46408750000000004 0.9375
vt 0.46408750000000004 0.90625
vt 0.455475 0.90149375
vt 0.45604375 0.90035625
vt 0.4642875 0.904909375
vt 0.564521875 0.546875
vt 0.575509375 0.546875
vt 0.575509375 0.5625
vt 0.564521875 0.5625
vt 0.715478125 0.5
vt 0.7049625 0.5
vt 0.7049625 0.484375
vt 0.715478125 0.484375
vt 0.4560437500000001 0.94339375
vt 0.4497343750000001 0.951809375
vt 0.44888125000000006 0.951046875
vt 0.4554750000000001 0.94225625
vt 0.455475 0.90149375
vt 0.44888125 0.892703125
vt 0.449734375 0.891940625
vt 0.45604375 0.90035625
vt 0.575509375 0.546875
vt 0.587534375 0.546875
vt 0.587534375 0.5625
vt 0.575509375 0.5625
vt 0.7049625 0.5
vt 0.69345 0.5
vt 0.69345 0.484375
vt 0.7049625 0.484375
vt 0.4497343750000001 0.951809375
vt 0.44631875000000004 0.9628
vt 0.44531250000000006 0.9625343749999999
vt 0.44888125000000006 0.951046875
vt 0.44888125 0.892703125
vt 0.4453125 0.8812156250000001
vt 0.44631875 0.88095
vt 0.449734375 0.891940625
vt 0.587534375 0.546875
vt 0.5999656250000001 0.546875
vt 0.5999656250000001 0.5625
vt 0.587534375 0.5625
vt 0.69345 0.5
vt 0.68155 0.5
vt 0.68155 0.484375
vt 0.69345 0.484375
vt 0.44631875000000004 0.9628
vt 0.44631875 0.9747
vt 0.4453125 0.974965625
vt 0.44531250000000006 0.9625343749999999
vt 0.4453125 0.8812156250000001
vt 0.4453125 0.8687843749999999
vt 0.44631875 0.86905
vt 0.44631875 0.88095
vt 0.5999656250000001 0.546875
vt 0.611990625 0.546875
vt 0.611990625 0.5625
vt 0.5999656250000001 0.5625
vt 0.68155 0.5
vt 0.6700375 0.5
vt 0.6700375 0.484375
vt 0.68155 0.484375
vt 0.44631875 0.9747
vt 0.449734375 0.985690625
vt 0.44888125 0.986453125
vt 0.4453125 0.974965625
vt 0.4453125 0.8687843749999999
vt 0.44888125 0.8572968750000001
vt 0.449734375 0.8580593750000001
vt 0.44631875 0.86905
vt 0.611990625 0.546875
vt 0.622978125 0.546875
vt 0.622978125 0.5625
vt 0.611990625 0.5625
vt 0.6700375 0.5
vt 0.659521875 0.5
vt 0.659521875 0.484375
vt 0.6700375 0.484375
vt 0.449734375 0.985690625
vt 0.45604374999999997 0.99410625
vt 0.45547499999999996 0.99524375
vt 0.44888125 0.9864531249999999
vt 0.44888125 0.8572968750000001
vt 0.455475 0.84850625
vt 0.45604374999999997 0.84964375
vt 0.449734375 0.8580593750000001
vt 0.438621875 0.234375
vt 0.4484625 0.234375
vt 0.4484625 0.25
vt 0.438621875 0.25
vt 0.84200625 0.625
vt 0.8325875 0.625
vt 0.8325875 0.609375
vt 0.84200625 0.609375
vt 0.45604374999999997 0.99410625
vt 0.46428749999999996 0.998659375
vt 0.4640875 1
vt 0.455475 0.99524375
vt 0.455475 0.84850625
vt 0.4640875 0.84375
vt 0.4642875 0.845090625
vt 0.45604374999999997 0.84964375
vt 0.4484625 0.234375
vt 0.4577875 0.234375
vt 0.4577875 0.25
vt 0.4484625 0.25
vt 0.8325875 0.625
vt 0.8236625 0.625
vt 0.8236625 0.609375
vt 0.8325875 0.609375
vt 0.46428749999999996 0.998659375
vt 0.4732125 0.998659375
vt 0.4734125 1
vt 0.4640875 1
vt 0.4640875 0.84375
vt 0.4734125 0.84375
vt 0.47321250000000004 0.845090625
vt 0.4642875 0.845090625
vn 0.04191096201571896 -0.9599188479172365 0.27712682417290946
vn -0.04191096201571896 0.9599188479172365 -0.2771268241729097
vn -0.9990482215818579 -0.04361938736533591 -3.67761376907083e-16
vn 0.9990482215818579 0.04361938736533591 3.67761376907083e-16
vn 0.04318099043612455 -0.989007281098049 -0.14142135623730925
vn -0.04318099043612456 0.9890072810980491 0.14142135623730934
vn -0.9990482215818579 -0.04361938736533591 -3.67761376907083e-16
vn 0.9990482215818579 0.04361938736533591 3.67761376907083e-16
vn 0.03860543219061213 -0.8842097677896398 -0.4654918980506185
vn -0.03860543219061213 0.8842097677896399 0.4654918980506185
vn -0.9990482215818579 -0.04361938736533591 -3.67761376907083e-16
vn 0.9990482215818579 0.04361938736533591 3.67761376907083e-16
vn 0.03084356459723192 -0.706433772212892 -0.7071067811865477
vn -0.03084356459723192 0.706433772212892 0.7071067811865477
vn -0.9990482215818579 -0.04361938736533591 -3.67761376907083e-16
vn 0.9990482215818579 0.04361938736533591 3.67761376907083e-16
vn 0.020304471416495495 -0.4650488529082336 -0.8850521413166756
vn -0.020304471416495516 0.46504885290823406 0.8850521413166754
vn -0.9990482215818579 -0.04361938736533591 -3.67761376907083e-16
vn 0.9990482215818579 0.04361938736533591 3.67761376907083e-16
vn 0.006168712919446541 -0.14128675444257868 -0.9899494936611666
vn -0.006168712919446527 0.1412867544425784 0.9899494936611667
vn -0.9990482215818579 -0.04361938736533591 -3.67761376907083e-16
vn 0.9990482215818579 0.04361938736533591 3.67761376907083e-16
vn -0.01208810229292329 0.2768630608425732 -0.9608333483616383
vn 0.012088102292923314 -0.2768630608425737 0.9608333483616383
vn -0.9990482215818579 -0.04361938736533591 -3.67761376907083e-16
vn 0.9990482215818579 0.04361938736533591 3.67761376907083e-16
vn -0.030843564597231685 0.706433772212892 -0.7071067811865476
vn 0.030843564597231685 -0.706433772212892 0.7071067811865476
vn -0.9990482215818579 -0.04361938736533591 -3.67761376907083e-16
vn 0.9990482215818579 0.04361938736533591 3.67761376907083e-16
vn -0.04191096201571896 0.9599188479172365 -0.2771268241729096
vn 0.04191096201571894 -0.9599188479172361 0.27712682417291035
vn -0.9990482215818579 -0.04361938736533591 -3.67761376907083e-16
vn 0.9990482215818579 0.04361938736533591 3.67761376907083e-16
vn -0.04318099043612455 0.989007281098049 0.1414213562373097
vn 0.04318099043612454 -0.9890072810980489 -0.14142135623731025
vn -0.9990482215818579 -0.04361938736533591 -3.67761376907083e-16
vn 0.9990482215818579 0.04361938736533591 3.67761376907083e-16
vn -0.03860543219061213 0.8842097677896399 0.46549189805061875
vn 0.03860543219061214 -0.8842097677896401 -0.4654918980506181
vn -0.9990482215818579 -0.04361938736533591 -3.67761376907083e-16
vn 0.9990482215818579 0.04361938736533591 3.67761376907083e-16
vn -0.030843564597231938 0.7064337722128925 0.7071067811865472
vn 0.03084356459723192 -0.706433772212892 -0.7071067811865477
vn -0.9990482215818579 -0.04361938736533591 -3.67761376907083e-16
vn 0.9990482215818579 0.04361938736533591 3.67761376907083e-16
vn -0.02030447141649549 0.4650488529082335 0.8850521413166758
vn 0.020304471416495516 -0.46504885290823406 -0.8850521413166756
vn -0.9990482215818579 -0.04361938736533591 -3.67761376907083e-16
vn 0.9990482215818579 0.04361938736533591 3.67761376907083e-16
vn -0.006168712919446541 0.14128675444257868 0.9899494936611666
vn 0.006168712919446515 -0.1412867544425781 -0.9899494936611666
vn -0.9990482215818579 -0.04361938736533591 -3.67761376907083e-16
vn 0.9990482215818579 0.04361938736533591 3.67761376907083e-16
vn 0.012088102292923298 -0.27686306084257334 0.9608333483616385
vn -0.012088102292923284 0.27686306084257306 -0.9608333483616385
vn -0.9990482215818579 -0.04361938736533591 -3.67761376907083e-16
vn 0.9990482215818579 0.04361938736533591 3.67761376907083e-16
vn 0.03084356459723166 -0.7064337722128915 0.7071067811865481
vn -0.030843564597231685 0.706433772212892 -0.7071067811865476
vn -0.9990482215818579 -0.04361938736533591 -3.67761376907083e-16
vn 0.9990482215818579 0.04361938736533591 3.67761376907083e-16
usemtl none
f 3009/12033/3009 3013/12034/3009 3014/12035/3009 3010/12036/3009
f 3012/12037/3010 3016/12038/3010 3015/12039/3010 3011/12040/3010
f 3011/12041/3011 3015/12042/3011 3013/12043/3011 3009/12044/3011
f 3010/12045/3012 3014/12046/3012 3016/12047/3012 3012/12048/3012
f 3013/12049/3013 3017/12050/3013 3018/12051/3013 3014/12052/3013
f 3016/12053/3014 3020/12054/3014 3019/12055/3014 3015/12056/3014
f 3015/12057/3015 3019/12058/3015 3017/12059/3015 3013/12060/3015
f 3014/12061/3016 3018/12062/3016 3020/12063/3016 3016/12064/3016
f 3017/12065/3017 3021/12066/3017 3022/12067/3017 3018/12068/3017
f 3020/12069/3018 3024/12070/3018 3023/12071/3018 3019/12072/3018
f 3019/12073/3019 3023/12074/3019 3021/12075/3019 3017/12076/3019
f 3018/12077/3020 3022/12078/3020 3024/12079/3020 3020/12080/3020
f 3021/12081/3021 3025/12082/3021 3026/12083/3021 3022/12084/3021
f 3024/12085/3022 3028/12086/3022 3027/12087/3022 3023/12088/3022
f 3023/12089/3023 3027/12090/3023 3025/12091/3023 3021/12092/3023
f 3022/12093/3024 3026/12094/3024 3028/12095/3024 3024/12096/3024
f 3025/12097/3025 3029/12098/3025 3030/12099/3025 3026/12100/3025
f 3028/12101/3026 3032/12102/3026 3031/12103/3026 3027/12104/3026
f 3027/12105/3027 3031/12106/3027 3029/12107/3027 3025/12108/3027
f 3026/12109/3028 3030/12110/3028 3032/12111/3028 3028/12112/3028
f 3029/12113/3029 3033/12114/3029 3034/12115/3029 3030/12116/3029
f 3032/12117/3030 3036/12118/3030 3035/12119/3030 3031/12120/3030
f 3031/12121/3031 3035/12122/3031 3033/12123/3031 3029/12124/3031
f 3030/12125/3032 3034/12126/3032 3036/12127/3032 3032/12128/3032
f 3033/12129/3033 3037/12130/3033 3038/12131/3033 3034/12132/3033
f 3036/12133/3034 3040/12134/3034 3039/12135/3034 3035/12136/3034
f 3035/12137/3035 3039/12138/3035 3037/12139/3035 3033/12140/3035
f 3034/12141/3036 3038/12142/3036 3040/12143/3036 3036/12144/3036
f 3037/12145/3037 3041/12146/3037 3042/12147/3037 3038/12148/3037
f 3040/12149/3038 3044/12150/3038 3043/12151/3038 3039/12152/3038
f 3039/12153/3039 3043/12154/3039 3041/12155/3039 3037/12156/3039
f 3038/12157/3040 3042/12158/3040 3044/12159/3040 3040/12160/3040
f 3041/12161/3041 3045/12162/3041 3046/12163/3041 3042/12164/3041
f 3044/12165/3042 3048/12166/3042 3047/12167/3042 3043/12168/3042
f 3043/12169/3043 3047/12170/3043 3045/12171/3043 3041/12172/3043
f 3042/12173/3044 3046/12174/3044 3048/12175/3044 3044/12176/3044
f 3045/12177/3045 3049/12178/3045 3050/12179/3045 3046/12180/3045
f 3048/12181/3046 3052/12182/3046 3051/12183/3046 3047/12184/3046
f 3047/12185/3047 3051/12186/3047 3049/12187/3047 3045/12188/3047
f 3046/12189/3048 3050/12190/3048 3052/12191/3048 3048/12192/3048
f 3049/12193/3049 3053/12194/3049 3054/12195/3049 3050/12196/3049
f 3052/12197/3050 3056/12198/3050 3055/12199/3050 3051/12200/3050
f 3051/12201/3051 3055/12202/3051 3053/12203/3051 3049/12204/3051
f 3050/12205/3052 3054/12206/3052 3056/12207/3052 3052/12208/3052
f 3053/12209/3053 3057/12210/3053 3058/12211/3053 3054/12212/3053
f 3056/12213/3054 3060/12214/3054 3059/12215/3054 3055/12216/3054
f 3055/12217/3055 3059/12218/3055 3057/12219/3055 3053/12220/3055
f 3054/12221/3056 3058/12222/3056 3060/12223/3056 3056/12224/3056
f 3057/12225/3057 3061/12226/3057 3062/12227/3057 3058/12228/3057
f 3060/12229/3058 3064/12230/3058 3063/12231/3058 3059/12232/3058
f 3059/12233/3059 3063/12234/3059 3061/12235/3059 3057/12236/3059
f 3058/12237/3060 3062/12238/3060 3064/12239/3060 3060/12240/3060
f 3061/12241/3061 3065/12242/3061 3066/12243/3061 3062/12244/3061
f 3064/12245/3062 3068/12246/3062 3067/12247/3062 3063/12248/3062
f 3063/12249/3063 3067/12250/3063 3065/12251/3063 3061/12252/3063
f 3062/12253/3064 3066/12254/3064 3068/12255/3064 3064/12256/3064
f 3065/12257/3065 3069/12258/3065 3070/12259/3065 3066/12260/3065
f 3068/12261/3066 3072/12262/3066 3071/12263/3066 3067/12264/3066
f 3067/12265/3067 3071/12266/3067 3069/12267/3067 3065/12268/3067
f 3066/12269/3068 3070/12270/3068 3072/12271/3068 3068/12272/3068
f 3069/12273/3069 3009/12274/3069 3010/12275/3069 3070/12276/3069
f 3072/12277/3070 3012/12278/3070 3011/12279/3070 3071/12280/3070
f 3071/12281/3071 3011/12282/3071 3009/12283/3071 3069/12284/3071
f 3070/12285/3072 3010/12286/3072 3012/12287/3072 3072/12288/3072