# Reference-led flame ribbon, Y up, longitudinal flow UVs
o flame_curl_03_v13
v -3.1862302 0.0708075 5.9854083
v -3.1862405 0.0705710 5.9853410
v -3.1863230 0.0700000 5.9852447
v -3.1864084 0.0695559 5.9851941
v -3.1864677 0.0693719 5.9852005
v -3.1864662 0.0695559 5.9852601
v -3.1864047 0.0700000 5.9853381
v -3.1862982 0.0705710 5.9854071
v -3.3874447 0.1785543 5.8096809
v -3.3879373 0.1646260 5.8056675
v -3.3926750 0.1310000 5.7998492
v -3.3976534 0.1049258 5.7967610
v -3.4011853 0.0941255 5.7970853
v -3.4012018 0.1049258 5.8006320
v -3.3976932 0.1310000 5.8053236
v -3.3914857 0.1646260 5.8095384
v -3.5832881 0.2584036 5.6223759
v -3.5836844 0.2389545 5.6166666
v -3.5899517 0.1920000 5.6081618
v -3.5968123 0.1552831 5.6034594
v -3.6018537 0.1400744 5.6036981
v -3.6021227 0.1552831 5.6087380
v -3.5974617 0.1920000 5.6156268
v -3.5889948 0.2389545 5.6219452
v -3.7710861 0.3229908 5.4254478
v -3.7711751 0.3024909 5.4193220
v -3.7773882 0.2530000 5.4099657
v -3.7845785 0.2135155 5.4045240
v -3.7900413 0.1971605 5.4045204
v -3.7905767 0.2135155 5.4099570
v -3.7858710 0.2530000 5.4176490
v -3.7771733 0.3024909 5.4247549
v -3.9488067 0.3826553 5.2209194
v -3.9485513 0.3625466 5.2148103
v -3.9542363 0.3140000 5.2052591
v -3.9612949 0.2740416 5.1993600
v -3.9668288 0.2574903 5.1990694
v -3.9675964 0.2740416 5.2045575
v -3.9631480 0.3140000 5.2126095
v -3.9548528 0.3625466 5.2200078
v -4.1143971 0.4500613 5.0116022
v -4.1137234 0.4280764 5.0048244
v -4.1194659 0.3750000 4.9939884
v -4.1272261 0.3294797 4.9868214
v -4.1334927 0.3106246 4.9861420
v -4.1345951 0.3294797 4.9923483
v -4.1298873 0.3750000 5.0018047
v -4.1210924 0.4280764 5.0103513
v -4.2675885 0.5272476 4.7986945
v -4.2662705 0.5005218 4.7903542
v -4.2726486 0.4360000 4.7767244
v -4.2821577 0.3778770 4.7670072
v -4.2900564 0.3538017 4.7656769
v -4.2917177 0.3778770 4.7735127
v -4.2861685 0.4360000 4.7859244
v -4.2758305 0.5005218 4.7968597
v -4.4096700 0.6044725 4.5811178
v -4.4075153 0.5729945 4.5712044
v -4.4142890 0.4970000 4.5546415
v -4.4255740 0.4246946 4.5418614
v -4.4352090 0.3947448 4.5396206
v -4.4375498 0.4246946 4.5492317
v -4.4312253 0.4970000 4.5650647
v -4.4194910 0.5729945 4.5785747
v -4.5415380 0.6732282 4.3577492
v -4.5385781 0.6394787 4.3470613
v -4.5450243 0.5580000 4.3287918
v -4.5571710 0.4759011 4.3135156
v -4.5678323 0.4418946 4.3103085
v -4.5707630 0.4759011 4.3210491
v -4.5642463 0.5580000 4.3394458
v -4.5521701 0.6394787 4.3545947
v -4.6625561 0.7372413 4.1298201
v -4.6588631 0.7026092 4.1188363
v -4.6646222 0.6190000 4.0996037
v -4.6770463 0.5298182 4.0822073
v -4.6882710 0.4928779 4.0780189
v -4.6917210 0.5298182 4.0894921
v -4.6853755 0.6190000 4.1099059
v -4.6735379 0.7026092 4.1261210
v -4.7715193 0.8077431 3.9003095
v -4.7668509 0.7703280 3.8884767
v -4.7721377 0.6800000 3.8672192
v -4.7853746 0.5783581 3.8465165
v -4.7977158 0.5362567 3.8409688
v -4.8019320 0.5783581 3.8538260
v -4.7955535 0.6800000 3.8775564
v -4.7834083 0.7703280 3.8957861
v -4.8683020 0.8886261 3.6708262
v -4.8621776 0.8453874 3.6572509
v -4.8672045 0.7410000 3.6321843
v -4.8820785 0.6178554 3.6060928
v -4.8964461 0.5668473 3.5984778
v -4.9018909 0.6178554 3.6138000
v -4.8952235 0.7410000 3.6430839
v -4.8819900 0.8453874 3.6649581
v -4.9540949 0.9694224 3.4397308
v -4.9464048 0.9203855 3.4245119
v -4.9508853 0.8020000 3.3955766
v -4.9670048 0.6568368 3.3636955
v -4.9832276 0.5967082 3.3537234
v -4.9900508 0.6568368 3.3715017
v -4.9834772 0.8020000 3.4066163
v -4.9694508 0.9203855 3.4323182
v -5.0300465 1.0352060 3.2040576
v -5.0214706 0.9847680 3.1886433
v -5.0248395 0.8630000 3.1584187
v -5.0403640 0.7093947 3.1235650
v -5.0567658 0.6457694 3.1120229
v -5.0644369 0.7093947 3.1305538
v -5.0588837 0.8630000 3.1683024
v -5.0455435 0.9847680 3.1956321
v -5.0960416 1.0831504 2.9634327
v -5.0875978 1.0365363 2.9494496
v -5.0895841 0.9240000 2.9211399
v -5.1027112 0.7796036 2.8873917
v -5.1174152 0.7197927 2.8756695
v -5.1250827 0.7796036 2.8928400
v -5.1212223 0.9240000 2.9288450
v -5.1099693 1.0365363 2.9548979
v -5.1510417 1.1272493 2.7215817
v -5.1431157 1.0855854 2.7093434
v -5.1439005 0.9850000 2.6837447
v -5.1543605 0.8552459 2.6525948
v -5.1669443 0.8015001 2.6413270
v -5.1742805 0.8552459 2.6565420
v -5.1720716 0.9850000 2.6893269
v -5.1630357 1.0855854 2.7132905
v -5.1944573 1.1848409 2.4833346
v -5.1864238 1.1441754 2.4716560
v -5.1862369 1.0460000 2.4464186
v -5.1950763 0.9201141 2.4154554
v -5.2066938 0.8679704 2.4038550
v -5.2142841 0.9201141 2.4184126
v -5.2134009 1.0460000 2.4506006
v -5.2056316 1.1441754 2.4746132
v -5.2268518 1.2587226 2.2500805
v -5.2178110 1.2142841 2.2376127
v -5.2165757 1.1070000 2.2097937
v -5.2246607 0.9716907 2.1757758
v -5.2365388 0.9156438 2.1626299
v -5.2452518 0.9716907 2.1780567
v -5.2456959 1.1070000 2.2130193
v -5.2384021 1.2142841 2.2398936
v -5.2492382 1.3350229 2.0188801
v -5.2390461 1.2861030 2.0054738
v -5.2365555 1.1680000 1.9746212
v -5.2437037 1.0228466 1.9374007
v -5.2558250 0.9627221 1.9226102
v -5.2658188 1.0228466 1.9389138
v -5.2678309 1.1680000 1.9767611
v -5.2611612 1.2861030 2.0069869
v -5.2620636 1.4007135 1.7867651
v -5.2513678 1.3504198 1.7732994
v -5.2476421 1.2290000 1.7413813
v -5.2532290 1.0847149 1.7037204
v -5.2646957 1.0249500 1.6883655
v -5.2753251 1.0847149 1.7043114
v -5.2788907 1.2290000 1.7422172
v -5.2734639 1.3504198 1.7738905
v -5.2652997 1.4614697 1.5555332
v -5.2544111 1.4112474 1.5423909
v -5.2495181 1.2900000 1.5103545
v -5.2534216 1.1515627 1.4736397
v -5.2639004 1.0942200 1.4583044
v -5.2748162 1.1515627 1.4733318
v -5.2797746 1.2900000 1.5099191
v -5.2758056 1.4112474 1.5420830
v -5.2593831 1.5374248 1.3308973
v -5.2473108 1.4828222 1.3169275
v -5.2407011 1.3510000 1.2819588
v -5.2432472 1.2070494 1.2432343
v -5.2536363 1.1474232 1.2266794
v -5.2657826 1.2070494 1.2419917
v -5.2725710 1.3510000 1.2802014
v -5.2698463 1.4828222 1.3156848
v -5.2453860 1.6386937 1.1160211
v -5.2303950 1.5722966 1.0994114
v -5.2207653 1.4120000 1.0567717
v -5.2219674 1.2450824 1.0112967
v -5.2334675 1.1759429 0.9914080
v -5.2485292 1.2450824 1.0087562
v -5.2583294 1.4120000 1.0531789
v -5.2569568 1.5722966 1.0968710
v -5.2238517 1.7485135 0.9067857
v -5.2052074 1.6678175 0.8870540
v -5.1915366 1.4730000 0.8351543
v -5.1909076 1.2798140 0.7819306
v -5.2036287 1.1997937 0.7581188
v -5.2222481 1.2798140 0.7776674
v -5.2358588 1.4730000 0.8291251
v -5.2365480 1.6678175 0.8827908
v -5.1939350 1.8365491 0.6952034
v -5.1729320 1.7479345 0.6740411
v -5.1557221 1.5340000 0.6170410
v -5.1529559 1.3319219 0.5608198
v -5.1656844 1.2482184 0.5350843
v -5.1864516 1.3319219 0.5549100
v -5.2030921 1.5340000 0.6086833
v -5.2064277 1.7479345 0.6681313
v -5.1544777 1.8901561 0.4779687
v -5.1334046 1.8037069 0.4578336
v -5.1144350 1.5950000 0.4022998
v -5.1098989 1.4068557 0.3495110
v -5.1212356 1.3289238 0.3247774
v -5.1418042 1.4068557 0.3425876
v -5.1595559 1.5950000 0.3925087
v -5.1653099 1.8037069 0.4509102
v -5.1059245 1.9276429 0.2602475
v -5.0859287 1.8480805 0.2422118
v -5.0664313 1.6560000 0.1912494
v -5.0607031 1.4901603 0.1443854
v -5.0702501 1.4214672 0.1219001
v -5.0894799 1.4901603 0.1369650
v -5.1071278 1.6560000 0.1807553
v -5.1147055 1.8480805 0.2347914
v -5.0502921 1.9765894 0.0497998
v -5.0305467 1.9005574 0.0330724
v -5.0099371 1.7170000 -0.0154068
v -5.0030689 1.5644269 -0.0587731
v -5.0114326 1.5012290 -0.0800893
v -5.0301287 1.5644269 -0.0668687
v -5.0482055 1.7170000 -0.0268558
v -5.0576066 1.9005574 0.0249767
v -4.9887452 2.0421229 -0.1517738
v -4.9679456 1.9647631 -0.1682315
v -4.9449373 1.7780000 -0.2172439
v -4.9365743 1.6275278 -0.2602030
v -4.9443796 1.5652002 -0.2818412
v -4.9637808 1.6275278 -0.2694831
v -4.9834131 1.7780000 -0.2303679
v -4.9951521 1.9647631 -0.1775115
v -4.9199599 2.1033678 -0.3500089
v -4.8983724 2.0259362 -0.3658650
v -4.8732789 1.8390000 -0.4145166
v -4.8635214 1.6917849 -0.4566701
v -4.8706732 1.6308063 -0.4784267
v -4.8905446 1.6917849 -0.4670416
v -4.9114954 1.8390000 -0.4291841
v -4.9253956 2.0259362 -0.3762365
v -4.8420186 2.1425416 -0.5495481
v -4.8214588 2.0715028 -0.5634712
v -4.7965255 1.9000000 -0.6076440
v -4.7862373 1.7666898 -0.6458666
v -4.7922078 1.7114710 -0.6660728
v -4.8109396 1.7666898 -0.6564260
v -4.8314597 1.9000000 -0.6225773
v -4.8461611 2.0715028 -0.5740307
v -4.7558690 2.1708438 -0.7471225
v -4.7373903 2.1093820 -0.7585721
v -4.7141526 1.9610000 -0.7963089
v -4.7039892 1.8459136 -0.8292904
v -4.7086327 1.7982433 -0.8471332
v -4.7253630 1.8459136 -0.8393855
v -4.7443797 1.9610000 -0.8105856
v -4.7587641 2.1093820 -0.7686672
v -4.6656045 2.2186866 -0.9344077
v -4.6476075 2.1610784 -0.9445221
v -4.6242582 2.0220000 -0.9793632
v -4.6133999 1.9131166 -1.0104886
v -4.6172277 1.8680157 -1.0276984
v -4.6334993 1.9131166 -1.0209113
v -4.6526830 2.0220000 -0.9941031
v -4.6677068 2.1610784 -0.9549448
v -4.5743948 2.3012601 -1.1074110
v -4.5536484 2.2373332 -1.1178811
v -4.5259947 2.0830000 -1.1558655
v -4.5122461 1.9596122 -1.1909695
v -4.5158430 1.9085033 -1.2107736
v -4.5346785 1.9596122 -1.2036768
v -4.5577189 2.0830000 -1.1738363
v -4.5760809 2.2373332 -1.1305884
v -4.4807113 2.4003313 -1.2710915
v -4.4554197 2.3252536 -1.2824196
v -4.4208985 2.1440000 -1.3261245
v -4.4024341 1.9943709 -1.3683880
v -4.4057784 1.9323926 -1.3926692
v -4.4289724 1.9943709 -1.3847446
v -4.4584293 2.1440000 -1.3492562
v -4.4819580 2.3252536 -1.2987761
v -4.3797579 2.4834110 -1.4338854
v -4.3512814 2.4018663 -1.4450481
v -4.3115803 2.2050000 -1.4914156
v -4.2886004 2.0355395 -1.5388116
v -4.2911135 1.9653466 -1.5664870
v -4.3176477 2.0355395 -1.5582298
v -4.3526594 2.2050000 -1.5188770
v -4.3803287 2.4018663 -1.4644663
v -4.2688240 2.5373536 -1.5988482
v -4.2401087 2.4578760 -1.6085345
v -4.1992871 2.2660000 -1.6525373
v -4.1736022 2.0924237 -1.7004765
v -4.1747697 2.0205260 -1.7288738
v -4.2021057 2.0924237 -1.7210945
v -4.2395970 2.2660000 -1.6816956
v -4.2686121 2.4578760 -1.6291525
v -4.1502772 2.5783016 -1.7615054
v -4.1228344 2.5046970 -1.7693059
v -4.0830926 2.3270000 -1.8088522
v -4.0558466 2.1571611 -1.8550399
v -4.0555421 2.0868115 -1.8827516
v -4.0823574 2.1571611 -1.8757541
v -4.1205846 2.3270000 -1.8381464
v -4.1493453 2.5046970 -1.7900201
v -4.0285797 2.6292569 -1.9159849
v -4.0014801 2.5585944 -1.9223041
v -3.9615106 2.3880000 -1.9590187
v -3.9316588 2.2153118 -2.0051270
v -3.9298375 2.1437819 -2.0331142
v -3.9571135 2.2153118 -2.0265858
v -3.9975089 2.3880000 -1.9893660
v -4.0269348 2.5585944 -1.9437628
v -3.9048876 2.6932234 -2.0616238
v -3.8767779 2.6216920 -2.0668116
v -3.8345341 2.4490000 -2.1026238
v -3.8002645 2.2639767 -2.1509839
v -3.7966813 2.1873375 -2.1806615
v -3.8258835 2.2639767 -2.1742718
v -3.8707649 2.4490000 -2.1355579
v -3.9023969 2.6216920 -2.0900995
v -3.7757209 2.7520339 -2.2027101
v -3.7472993 2.6811438 -2.2066537
v -3.7037340 2.5100000 -2.2407260
v -3.6655629 2.3166388 -2.2900510
v -3.6601282 2.2365460 -2.3206517
v -3.6906133 2.3166388 -2.3146026
v -3.7391606 2.5100000 -2.2754471
v -3.7723497 2.6811438 -2.2312052
v -3.6374208 2.7899770 -2.3425122
v -3.6113085 2.7258401 -2.3450221
v -3.5704239 2.5710000 -2.3745042
v -3.5320470 2.3877078 -2.4199970
v -3.5253281 2.3117857 -2.4485427
v -3.5542029 2.3877078 -2.4434196
v -3.6017570 2.5710000 -2.4076288
v -3.6334644 2.7258401 -2.3684447
v -3.4913330 2.8143644 -2.4788674
v -3.4693552 2.7609511 -2.4801172
v -3.4341447 2.6320000 -2.5035073
v -3.3990959 2.4734590 -2.5416715
v -3.3919714 2.4077891 -2.5659183
v -3.4169445 2.4734590 -2.5620442
v -3.4593864 2.6320000 -2.5323187
v -3.4872038 2.7609511 -2.5004900
v -3.3436546 2.8503608 -2.6061000
v -3.3245767 2.8042709 -2.6065015
v -3.2932468 2.6930000 -2.6256491
v -3.2605598 2.5523851 -2.6583689
v -3.2531210 2.4941405 -2.6794516
v -3.2752881 2.5523851 -2.6765472
v -3.3140758 2.6930000 -2.6513572
v -3.3393050 2.8042709 -2.6246799
v -3.1996994 2.9160492 -2.7207604
v -3.1800185 2.8685861 -2.7205342
v -3.1468362 2.7540000 -2.7391555
v -3.1110032 2.6068475 -2.7721370
v -3.1020970 2.5458949 -2.7937379
v -3.1253348 2.6068475 -2.7913046
v -3.1671043 2.7540000 -2.7662627
v -3.1943502 2.8685861 -2.7397018
v -3.0586158 3.0044997 -2.8248070
v -3.0356429 2.9489965 -2.8238622
v -2.9958276 2.8150000 -2.8443198
v -2.9518903 2.6421583 -2.8814919
v -2.9401718 2.5705649 -2.9063077
v -2.9675366 2.6421583 -2.9042305
v -3.0179548 2.8150000 -2.8764770
v -3.0512891 2.9489965 -2.8466008
v -2.9144987 3.0918837 -2.9230281
v -2.8884484 3.0286528 -2.9212462
v -2.8420026 2.8760000 -2.9430064
v -2.7902727 2.6804460 -2.9831943
v -2.7756572 2.5994448 -3.0106360
v -2.8067178 2.6804460 -3.0092565
v -2.8652594 2.8760000 -2.9798639
v -2.9048935 3.0286528 -2.9473084
v -2.7630908 3.1630023 -3.0178437
v -2.7360009 3.0968077 -3.0152961
v -2.6863031 2.9370000 -3.0364053
v -2.6310792 2.7357981 -3.0757361
v -2.6147090 2.6524576 -3.1033188
v -2.6467821 2.7357981 -3.1029958
v -2.7085104 2.9370000 -3.0749564
v -2.7517038 3.0968077 -3.0425558
v -2.6067576 3.2264693 -3.1072728
v -2.5795898 3.1595522 -3.1040441
v -2.5283213 2.9980000 -3.1236330
v -2.4720653 2.7999276 -3.1602748
v -2.4546950 2.7178833 -3.1867950
v -2.4863858 2.7999276 -3.1876585
v -2.5485735 2.9980000 -3.1623593
v -2.5939102 3.1595522 -3.1314277
v -2.4516379 3.3021446 -3.1880520
v -2.4229755 3.2309292 -3.1839354
v -2.3673784 3.0590000 -3.2028443
v -2.3076625 2.8553037 -3.2382998
v -2.2885607 2.7709299 -3.2649349
v -2.3212626 2.8553037 -3.2671471
v -2.3866118 3.0590000 -3.2436406
v -2.4365756 3.2309292 -3.2127827
v -2.2995796 3.3942287 -3.2599382
v -2.2675427 3.3139090 -3.2545182
v -2.2037352 3.1200000 -3.2735640
v -2.1371237 2.8993555 -3.3094624
v -2.1151392 2.8079615 -3.3376410
v -2.1506601 2.8993555 -3.3415932
v -2.2228786 3.1200000 -3.3190038
v -2.2810791 3.3139090 -3.2866490
v -2.1443426 3.4814594 -3.3259975
v -2.1095584 3.3934569 -3.3191721
v -2.0385123 3.1810000 -3.3374288
v -1.9668090 2.9498572 -3.3723115
v -1.9424643 2.8541147 -3.4011479
v -1.9797392 2.9498572 -3.4070461
v -2.0567984 3.1810000 -3.3865510
v -2.1224886 3.3934569 -3.3539067
v -1.9776614 3.5382469 -3.3886866
v -1.9436751 3.4514782 -3.3810266
v -1.8725817 3.2420000 -3.3963356
v -1.8034620 3.0247155 -3.4264770
v -1.7793702 2.9347133 -3.4529631
v -1.8144189 3.0247155 -3.4602786
v -1.8880770 3.2420000 -3.4441383
v -1.9546320 3.4514782 -3.4148283
v -1.7991411 3.5643472 -3.4466906
v -1.7694323 3.4878004 -3.4390492
v -1.7058663 3.3030000 -3.4500724
v -1.6464377 3.1204648 -3.4730930
v -1.6252005 3.0448562 -3.4948359
v -1.6545951 3.1204648 -3.5025642
v -1.7174026 3.3030000 -3.4917510
v -1.7775897 3.4878004 -3.4685204
v -1.6182249 3.5881078 -3.4963568
v -1.5929891 3.5224682 -3.4889832
v -1.5378219 3.3640000 -3.4962133
v -1.4882257 3.2148866 -3.5130788
v -1.4700670 3.1531219 -3.5304331
v -1.4939830 3.2148866 -3.5381103
v -1.5459639 3.3640000 -3.5316131
v -1.5987464 3.5224682 -3.5140147
v -1.4449215 3.6374603 -3.5356643
v -1.4212362 3.5752321 -3.5278301
v -1.3683827 3.4250000 -3.5324882
v -1.3226097 3.2900572 -3.5459390
v -1.3054426 3.2341620 -3.5612742
v -1.3269377 3.2900572 -3.5695105
v -1.3745034 3.4250000 -3.5658233
v -1.4255642 3.5752321 -3.5514016
v -1.2795999 3.7112645 -3.5657171
v -1.2547609 3.6452861 -3.5564430
v -1.1982180 3.4860000 -3.5589598
v -1.1508776 3.3489214 -3.5707231
v -1.1326867 3.2921417 -3.5859122
v -1.1543013 3.3489214 -3.5956295
v -1.2030599 3.4860000 -3.5941828
v -1.2581846 3.6452861 -3.5813495
v -1.1140105 3.7843325 -3.5884204
v -1.0881609 3.7148194 -3.5775511
v -1.0281528 3.5470000 -3.5775546
v -0.9793204 3.4078940 -3.5874984
v -0.9600869 3.3502744 -3.6024880
v -0.9817190 3.4078940 -3.6137427
v -1.0315449 3.5470000 -3.6146698
v -1.0905594 3.7148194 -3.6037954
v -0.9423879 3.8396020 -3.6040012
v -0.9175155 3.7717673 -3.5922458
v -0.8586315 3.6080000 -3.5895745
v -0.8117261 3.4763391 -3.5970320
v -0.7927791 3.4218034 -3.6107700
v -0.8128893 3.4763391 -3.6227409
v -0.8602764 3.6080000 -3.6259323
v -0.9186786 3.7717673 -3.6179546
v -0.7690227 3.8883737 -3.6115862
v -0.7458467 3.8241206 -3.5992925
v -0.6898666 3.6690000 -3.5941468
v -0.6458336 3.5470136 -3.5991772
v -0.6275828 3.4964852 -3.6114231
v -0.6458053 3.5470136 -3.6237112
v -0.6898266 3.6690000 -3.6288431
v -0.7458184 3.8241206 -3.6238265
v -0.6029470 3.9545188 -3.6112737
v -0.5796795 3.8887588 -3.5974361
v -0.5222890 3.7300000 -3.5894140
v -0.4772572 3.6066683 -3.5925236
v -0.4581001 3.5555826 -3.6043263
v -0.4760397 3.6066683 -3.6179083
v -0.5205672 3.7300000 -3.6253134
v -0.5784619 3.8887588 -3.6228208
v -0.4463686 4.0427078 -3.6041667
v -0.4208682 3.9689843 -3.5871739
v -0.3565524 3.7910000 -3.5750090
v -0.3056405 3.6529098 -3.5761850
v -0.2834121 3.5957110 -3.5886261
v -0.3028883 3.6529098 -3.6050444
v -0.3526602 3.7910000 -3.6158223
v -0.4181159 3.9689843 -3.6160332
v -0.2912170 4.1296260 -3.5902963
v -0.2638333 4.0483113 -3.5698517
v -0.1930778 3.8520000 -3.5528545
v -0.1358981 3.6981166 -3.5514865
v -0.1102893 3.6343760 -3.5643240
v -0.1312527 3.6981166 -3.5838470
v -0.1865082 3.8520000 -3.5986192
v -0.2591879 4.0483113 -3.6022122
v -0.1280653 4.1885160 -3.5678450
v -0.1017330 4.1078192 -3.5458090
v -0.0318579 3.9130000 -3.5253171
v 0.0264793 3.7569056 -3.5210999
v 0.0532544 3.6922492 -3.5329011
v 0.0327828 3.7569056 -3.5538077
v -0.0229435 3.9130000 -3.5715728
v -0.0954296 4.1078192 -3.5785168
v 0.0433154 4.2176316 -3.5352877
v 0.0657538 4.1462735 -3.5142206
v 0.1270920 3.9740000 -3.4928427
v 0.1805941 3.8313554 -3.4863034
v 0.2057242 3.7722700 -3.4958069
v 0.1877612 3.8313554 -3.5157861
v 0.1372278 3.9740000 -3.5345374
v 0.0729209 4.1462735 -3.5437032
v 0.2139407 4.2402318 -3.4936392
v 0.2320415 4.1801208 -3.4745450
v 0.2832053 4.0350000 -3.4537578
v 0.3302923 3.9096161 -3.4455688
v 0.3528883 3.8576804 -3.4526607
v 0.3377568 3.9096161 -3.4708792
v 0.2937618 4.0350000 -3.4895522
v 0.2395061 4.1801208 -3.4998554
v 0.3753202 4.2784227 -3.4455033
v 0.3906198 4.2249923 -3.4273362
v 0.4355330 4.0960000 -3.4063687
v 0.4794886 3.9788137 -3.3963683
v 0.5009998 3.9302735 -3.4017080
v 0.4874656 3.9788137 -3.4192599
v 0.4468142 4.0960000 -3.4387423
v 0.3985967 4.2249923 -3.4502278
v 0.5271764 4.3320527 -3.3919609
v 0.5410300 4.2807810 -3.3734029
v 0.5834790 4.1570000 -3.3508831
v 0.6278908 4.0381535 -3.3383073
v 0.6500162 3.9889256 -3.3423283
v 0.6368943 4.0381535 -3.3605907
v 0.5962119 4.1570000 -3.3823967
v 0.5500335 4.2807810 -3.3956863
v 0.6750808 4.3846967 -3.3314687
v 0.6874266 4.3358724 -3.3127658
v 0.7271303 4.2180000 -3.2890384
v 0.7716420 4.0981294 -3.2738587
v 0.7941793 4.0484774 -3.2764456
v 0.7815404 4.0981294 -3.2952840
v 0.7411288 4.2180000 -3.3193384
v 0.6973250 4.3358724 -3.3341911
v 0.8221386 4.4263844 -3.2624511
v 0.8322659 4.3832165 -3.2450578
v 0.8666501 4.2790000 -3.2220727
v 0.9079247 4.1668466 -3.2055093
v 0.9291364 4.1203911 -3.2065210
v 0.9178595 4.1668466 -3.2245151
v 0.8807000 4.2790000 -3.2489510
v 0.8422007 4.3832165 -3.2640637
v 0.9647928 4.4659243 -3.1863890
v 0.9727511 4.4290419 -3.1708564
v 1.0014472 4.3400000 -3.1495210
v 1.0381904 4.2389952 -3.1324640
v 1.0573380 4.1971577 -3.1320940
v 1.0476734 4.2389952 -3.1486276
v 1.0148581 4.3400000 -3.1723797
v 0.9822341 4.4290419 -3.1870200
v 1.0968648 4.5204327 -3.1073056
v 1.1037489 4.4854517 -3.0920044
v 1.1302620 4.4010000 -3.0701815
v 1.1662359 4.3006915 -3.0511109
v 1.1852348 4.2591424 -3.0494735
v 1.1761293 4.3006915 -3.0662285
v 1.1442534 4.4010000 -3.0915610
v 1.1136423 4.4854517 -3.1071219
v 1.2164370 4.5956457 -3.0278376
v 1.2234076 4.5565018 -3.0101607
v 1.2522312 4.4620000 -2.9839936
v 1.2933076 4.3455106 -2.9593718
v 1.3152905 4.2972591 -2.9560112
v 1.3053026 4.3455106 -2.9758803
v 1.2691947 4.4620000 -3.0073402
v 1.2354026 4.5565018 -3.0266693
v 1.3277915 4.6789952 -2.9463347
v 1.3351013 4.6333052 -2.9251501
v 1.3676993 4.5230000 -2.8926025
v 1.4159806 4.3833661 -2.8601279
v 1.4421721 4.3255278 -2.8543794
v 1.4309312 4.3833661 -2.8787244
v 1.3888425 4.5230000 -2.9189020
v 1.3500518 4.6333052 -2.9437466
v 1.4367502 4.7520849 -2.8585633
v 1.4437799 4.7028539 -2.8352366
v 1.4777186 4.5840000 -2.7980413
v 1.5293674 4.4312471 -2.7592868
v 1.5577893 4.3679748 -2.7511542
v 1.5463349 4.4312471 -2.7784074
v 1.5017141 4.5840000 -2.8250819
v 1.4607473 4.7028539 -2.8543571
v 1.5448536 4.8085235 -2.7624633
v 1.5509173 4.7606286 -2.7393581
v 1.5827267 4.6450000 -2.7011324
v 1.6318940 4.4958725 -2.6601572
v 1.6593718 4.4341018 -2.6504563
v 1.6490641 4.4958725 -2.6777123
v 1.6070090 4.6450000 -2.7259591
v 1.5680875 4.7606286 -2.7569133
v 1.6485244 4.8583108 -2.6607097
v 1.6534940 4.8137000 -2.6388565
v 1.6819452 4.7060000 -2.6013699
v 1.7261236 4.5681726 -2.5606077
v 1.7512382 4.5110827 -2.5500493
v 1.7425771 4.5681726 -2.5758796
v 1.7052139 4.7060000 -2.6229677
v 1.6699475 4.8137000 -2.6541284
v 1.7436085 4.9148443 -2.5579174
v 1.7478091 4.8715417 -2.5364113
v 1.7742304 4.7670000 -2.4982061
v 1.8150446 4.6356167 -2.4566017
v 1.8386938 4.5811959 -2.4450497
v 1.8313247 4.6356167 -2.4703169
v 1.7972539 4.7670000 -2.5176022
v 1.7640892 4.8715417 -2.5501264
v 1.8299279 4.9792762 -2.4553750
v 1.8336127 4.9349685 -2.4330792
v 1.8593645 4.8280000 -2.3921272
v 1.8986203 4.6971752 -2.3479697
v 1.9218626 4.6429857 -2.3350121
v 1.9154765 4.6971752 -2.3608447
v 1.8832028 4.8280000 -2.4103352
v 1.8504688 4.9349685 -2.4459542
v 1.9108276 5.0397461 -2.3495532
v 1.9138982 4.9955936 -2.3270393
v 1.9382162 4.8890000 -2.2843698
v 1.9745769 4.7630933 -2.2392475
v 1.9966402 4.7109410 -2.2253969
v 1.9914818 4.7630933 -2.2509315
v 1.9621233 4.8890000 -2.3008936
v 1.9308031 4.9955936 -2.3387233
v 1.9886039 5.0864041 -2.2367866
v 1.9908341 5.0464522 -2.2161287
v 2.0115573 4.9500000 -2.1758219
v 2.0418359 4.8406271 -2.1343432
v 2.0607314 4.7953234 -2.1211244
v 2.0571751 4.8406271 -2.1439088
v 2.0332502 4.9500000 -2.1893497
v 2.0061733 5.0464522 -2.2256943
v 2.0614075 5.1248533 -2.1190683
v 2.0627968 5.0915064 -2.1015655
v 2.0789649 5.0110000 -2.0664909
v 2.1020197 4.9237396 -2.0315730
v 2.1168771 4.8875952 -2.0200839
v 2.1148338 4.9237396 -2.0387538
v 2.0970866 5.0110000 -2.0766461
v 2.0756108 5.0915064 -2.1087464
v 2.1252544 5.1718181 -2.0036832
v 2.1260371 5.1425821 -1.9880875
v 2.1391652 5.0720000 -1.9560655
v 2.1574621 4.9990722 -1.9253498
v 2.1696962 4.9688645 -1.9149588
v 2.1687008 4.9990722 -1.9309792
v 2.1550590 5.0720000 -1.9640267
v 2.1372757 5.1425821 -1.9937169
v 2.1785645 5.2373180 -1.8961749
v 2.1788970 5.2067640 -1.8795891
v 2.1914588 5.1330000 -1.8447756
v 2.2086496 5.0604253 -1.8126715
v 2.2206410 5.0303639 -1.8015392
v 2.2204087 5.0604253 -1.8178998
v 2.2080887 5.1330000 -1.8521695
v 2.1906561 5.2067640 -1.8848173
v 2.2237729 5.3138275 -1.7945128
v 2.2235542 5.2787308 -1.7751021
v 2.2365746 5.1940000 -1.7335394
v 2.2542159 5.1145749 -1.6967054
v 2.2671350 5.0816760 -1.6836431
v 2.2677642 5.1145749 -1.7020043
v 2.2557348 5.1940000 -1.7410331
v 2.2371025 5.2787308 -1.7804010
v 2.2644202 5.3849633 -1.6916413
v 2.2634773 5.3468979 -1.6701687
v 2.2759798 5.2550000 -1.6233541
v 2.2929699 5.1727501 -1.5834265
v 2.3061290 5.1386810 -1.5689692
v 2.3077487 5.1727501 -1.5884513
v 2.2968802 5.2550000 -1.6304603
v 2.2782561 5.3468979 -1.6751936
v 2.3016045 5.4431572 -1.5837142
v 2.2999317 5.4059137 -1.5622661
v 2.3104850 5.3160000 -1.5147317
v 2.3251522 5.2388707 -1.4755896
v 2.3372717 5.2069227 -1.4611352
v 2.3397441 5.2388707 -1.4798355
v 2.3311210 5.3160000 -1.5207362
v 2.3145235 5.4059137 -1.5665119
v 2.3338931 5.4955978 -1.4741840
v 2.3315717 5.4608613 -1.4537461
v 2.3397542 5.3770000 -1.4077649
v 2.3517341 5.3076762 -1.3710261
v 2.3624071 5.2789613 -1.3572003
v 2.3655211 5.3076762 -1.3743865
v 2.3592520 5.3770000 -1.4125174
v 2.3453587 5.4608613 -1.4571065
v 2.3600261 5.5527050 -1.3688836
v 2.3569801 5.5191087 -1.3486762
v 2.3631910 5.4380000 -1.3025780
v 2.3732370 5.3729294 -1.2665978
v 2.3830168 5.3459762 -1.2528072
v 2.3868016 5.3729294 -1.2692845
v 2.3823743 5.4380000 -1.3063775
v 2.3705447 5.5191087 -1.3513629
v 2.3805574 5.6144759 -1.2684359
v 2.3766149 5.5806538 -1.2476310
v 2.3810484 5.4990000 -1.1995482
v 2.3896889 5.4348748 -1.1625803
v 2.3990470 5.4083133 -1.1481560
v 2.4036407 5.4348748 -1.1647250
v 2.4007792 5.4990000 -1.2025812
v 2.3905667 5.5806538 -1.2497757
v 2.3967389 5.6712139 -1.1675740
v 2.3920261 5.6386401 -1.1470770
v 2.3944360 5.5600000 -1.0991166
v 2.4013799 5.4989400 -1.0624384
v 2.4099672 5.4736481 -1.0478769
v 2.4151675 5.4989400 -1.0639621
v 2.4139347 5.5600000 -1.1012715
v 2.4058137 5.6386401 -1.1486008
v 2.4088058 5.7163501 -1.0620911
v 2.4039146 5.6884227 -1.0441124
v 2.4042866 5.6210000 -1.0015397
v 2.4090558 5.5686691 -0.9688023
v 2.4160764 5.5469930 -0.9555865
v 2.4212360 5.5686691 -0.9696338
v 2.4215119 5.6210000 -1.0027156
v 2.4160948 5.6884227 -1.0449439
v 2.4160938 5.7547998 -0.9546022
v 2.4116573 5.7334772 -0.9405593
v 2.4105657 5.6820000 -0.9069146
v 2.4132647 5.6415946 -0.8806016
v 2.4183670 5.6248582 -0.8698092
v 2.4228837 5.6415946 -0.8808595
v 2.4241690 5.6820000 -0.9072793
v 2.4212763 5.7334772 -0.9408172
v 2.4184239 5.7973924 -0.8521234
v 2.4145436 5.7814613 -0.8413910
v 2.4126340 5.7430000 -0.8153761
v 2.4138857 5.7121147 -0.7944465
v 2.4174935 5.6993215 -0.7857339
v 2.4213440 5.7121147 -0.7943420
v 2.4231817 5.7430000 -0.8152283
v 2.4220019 5.7814613 -0.8412865
v 2.4165753 5.8494065 -0.7587972
v 2.4128285 5.8361073 -0.7496348
v 2.4102613 5.8040000 -0.7271625
v 2.4105851 5.7773330 -0.7083643
v 2.4134027 5.7662871 -0.7004320
v 2.4170634 5.7773330 -0.7080122
v 2.4194230 5.8040000 -0.7266645
v 2.4193068 5.8361073 -0.7492826
v 2.4113697 5.9068768 -0.6725706
v 2.4074131 5.8946114 -0.6639312
v 2.4040880 5.8650000 -0.6424862
v 2.4036125 5.8393193 -0.6236606
v 2.4059950 5.8286820 -0.6156193
v 2.4098397 5.8393193 -0.6230729
v 2.4128946 5.8650000 -0.6416551
v 2.4136403 5.8946114 -0.6633435
v 2.4029447 5.9631940 -0.5889838
v 2.3989560 5.9523002 -0.5811409
v 2.3950946 5.9260000 -0.5614323
v 2.3938561 5.9020045 -0.5431441
v 2.3957323 5.8920653 -0.5352482
v 2.3996242 5.9020045 -0.5423699
v 2.4032520 5.9260000 -0.5603374
v 2.4047242 5.9523002 -0.5803667
v 2.3912173 6.0164508 -0.5065202
v 2.3876605 6.0078248 -0.5001743
v 2.3838339 5.9870000 -0.4840253
v 2.3820797 5.9669139 -0.4681121
v 2.3833248 5.9585939 -0.4611774
v 2.3868398 5.9669139 -0.4672835
v 2.3905657 5.9870000 -0.4828536
v 2.3924206 6.0078248 -0.4993457
v 2.3765682 6.0692232 -0.4270492
v 2.3737021 6.0630071 -0.4223766
v 2.3703508 6.0480000 -0.4103321
v 2.3684208 6.0326681 -0.3977072
v 2.3690993 6.0263174 -0.3921613
v 2.3719887 6.0326681 -0.3969433
v 2.3753966 6.0480000 -0.4092519
v 2.3772700 6.0630071 -0.4216128
v 2.3594611 6.1228509 -0.3516637
v 2.3573831 6.1187940 -0.3485476
v 2.3547801 6.1090000 -0.3404105
v 2.3530067 6.0984136 -0.3313504
v 2.3532718 6.0940285 -0.3273432
v 2.3554203 6.0984136 -0.3307362
v 2.3581934 6.1090000 -0.3395419
v 2.3597967 6.1187940 -0.3479334
v 2.3384258 6.1704578 -0.2743973
v 2.3383532 6.1703237 -0.2742933
v 2.3382596 6.1700000 -0.2740198
v 2.3381893 6.1696313 -0.2736982
v 2.3381941 6.1694786 -0.2735557
v 2.3382711 6.1696313 -0.2736757
v 2.3383753 6.1700000 -0.2739879
v 2.3384350 6.1703237 -0.2742708
v -5.1053858 0.9242005 2.9250679
v -5.1053809 0.9241003 2.9250270
v -5.1053964 0.9239220 2.9249600
v -5.1054168 0.9238440 2.9249338
v -5.1054236 0.9239220 2.9249663
v -5.1054081 0.9241003 2.9250333
v -5.1346680 0.9939590 2.7987454
v -5.1341270 0.9852857 2.7951914
v -5.1354207 0.9696698 2.7892895
v -5.1372553 0.9627272 2.7869418
v -5.1379396 0.9696698 2.7898417
v -5.1366460 0.9852857 2.7957435
v -5.1618335 1.0530019 2.6685345
v -5.1608090 1.0410909 2.6636187
v -5.1625069 1.0183070 2.6549301
v -5.1652291 1.0074341 2.6511574
v -5.1663309 1.0183070 2.6556773
v -5.1646331 1.0410909 2.6643659
v -5.1859685 1.1116662 2.5383940
v -5.1843159 1.0966619 2.5321735
v -5.1863874 1.0653200 2.5201294
v -5.1901113 1.0489822 2.5143060
v -5.1916757 1.0653200 2.5210390
v -5.1896043 1.0966619 2.5330830
v -5.2067008 1.1769565 2.4111238
v -5.2039871 1.1554788 2.4022297
v -5.2067641 1.1072527 2.3835797
v -5.2122549 1.0805043 2.3738238
v -5.2146650 1.1072527 2.3847561
v -5.2118880 1.1554788 2.4034062
v -5.2256305 1.2206029 2.2758666
v -5.2234005 1.2033844 2.2687866
v -5.2253308 1.1640091 2.2534825
v -5.2294910 1.1418523 2.2452585
v -5.2314789 1.1640091 2.2542580
v -5.2295486 1.2033844 2.2695620
v -5.2406933 1.2810393 2.1476008
v -5.2380356 1.2595739 2.1388612
v -5.2399442 1.2123680 2.1204450
v -5.2445104 1.1866277 2.1107683
v -5.2469953 1.2123680 2.1211757
v -5.2450868 1.2595739 2.1395919
v -5.2527912 1.3450923 2.0213304
v -5.2495370 1.3174386 2.0101789
v -5.2513396 1.2608145 1.9880341
v -5.2563962 1.2318439 1.9770407
v -5.2596085 1.2608145 1.9887072
v -5.2578060 1.3174386 2.0108520
v -5.2620099 1.4153292 1.8981445
v -5.2576834 1.3782412 1.8833147
v -5.2593234 1.3077194 1.8557023
v -5.2652898 1.2742855 1.8429196
v -5.2697012 1.3077194 1.8563187
v -5.2680613 1.3782412 1.8839311
v -5.2690451 1.4589239 1.7652606
v -5.2649467 1.4255475 1.7520210
v -5.2658324 1.3653700 1.7284610
v -5.2708165 1.3385689 1.7181407
v -5.2750117 1.3653700 1.7288061
v -5.2741260 1.4255475 1.7523660
v -5.2731595 1.4942359 1.6299559
v -5.2696508 1.4685168 1.6198416
v -5.2699362 1.4228250 1.6019772
v -5.2737304 1.4028523 1.5942269
v -5.2772751 1.4228250 1.6020944
v -5.2769896 1.4685168 1.6199589
v -5.2742916 1.5608581 1.5077869
v -5.2689716 1.5269254 1.4945833
v -5.2688385 1.4645676 1.4702663
v -5.2740253 1.4361426 1.4591530
v -5.2793335 1.4645676 1.4702088
v -5.2794667 1.5269254 1.4945258
v -5.2727235 1.6047507 1.3777195
v -5.2671163 1.5737339 1.3658123
v -5.2664761 1.5122117 1.3419136
v -5.2714431 1.4817064 1.3299220
v -5.2770450 1.5122117 1.3416305
v -5.2776852 1.5737339 1.3655292
v -5.2684159 1.6505667 1.2494654
v -5.2625100 1.6212498 1.2383923
v -5.2613334 1.5577992 1.2138700
v -5.2660625 1.5236657 1.2004208
v -5.2720577 1.5577992 1.2133554
v -5.2732343 1.6212498 1.2378777
v -5.2610235 1.6809645 1.1164274
v -5.2567723 1.6607839 1.1089341
v -5.2555513 1.6147627 1.0912603
v -5.2585816 1.5889223 1.0810800
v -5.2629830 1.6147627 1.0907469
v -5.2642039 1.6607839 1.1084207
v -5.2519891 1.7464556 0.9980600
v -5.2460019 1.7175742 0.9875025
v -5.2437579 1.6522322 0.9625985
v -5.2475011 1.6157716 0.9482520
v -5.2537486 1.6522322 0.9616983
v -5.2559926 1.7175742 0.9866023
v -5.2404969 1.8065914 0.8788140
v -5.2335021 1.7713795 0.8661243
v -5.2303432 1.6961010 0.8376850
v -5.2341792 1.6560343 0.8219355
v -5.2413778 1.6961010 0.8364594
v -5.2445366 1.7713795 0.8648986
v -5.2258735 1.8489499 0.7541365
v -5.2195290 1.8159726 0.7424253
v -5.2163024 1.7506209 0.7179832
v -5.2194203 1.7182466 0.7052524
v -5.2257351 1.7506209 0.7167380
v -5.2289617 1.8159726 0.7411801
v -5.2086391 1.8884174 0.6297913
v -5.2029404 1.8587810 0.6194466
v -5.1998360 1.8038922 0.5991481
v -5.2024305 1.7786398 0.5891942
v -5.2078813 1.8038922 0.5979177
v -5.2109856 1.8587810 0.6182162
v -5.1892003 1.9311911 0.5081335
v -5.1835581 1.9028886 0.4984656
v -5.1803558 1.8524579 0.4800477
v -5.1827958 1.8303296 0.4712976
v -5.1880460 1.8524579 0.4787106
v -5.1912483 1.9028886 0.4971286
v -5.1687622 1.9924237 0.3946219
v -5.1609596 1.9558581 0.3824702
v -5.1563624 1.8903554 0.3588742
v -5.1595678 1.8614183 0.3474301
v -5.1668350 1.8903554 0.3568338
v -5.1714322 1.9558581 0.3804298
v -5.1431903 2.0125633 0.2678672
v -5.1374485 1.9879004 0.2599465
v -5.1338763 1.9412661 0.2433972
v -5.1360460 1.9192947 0.2347685
v -5.1415817 1.9412661 0.2417340
v -5.1451539 1.9879004 0.2582833
v -5.1163372 2.0466471 0.1478059
v -5.1112441 2.0265223 0.1415912
v -5.1078119 1.9850387 0.1271063
v -5.1094730 1.9636800 0.1188361
v -5.1146682 1.9850387 0.1254817
v -5.1181004 2.0265223 0.1399666
v -5.0875414 2.0834409 0.0303840
v -5.0829230 2.0660954 0.0252277
v -5.0795004 2.0274560 0.0119690
v -5.0806962 2.0061621 0.0038667
v -5.0856643 2.0274560 0.0103778
v -5.0890869 2.0660954 0.0236365
v -5.0579571 2.1339265 -0.0807178
v -5.0521374 2.1121007 -0.0870163
v -5.0474336 2.0621260 -0.1038476
v -5.0485497 2.0339770 -0.1143803
v -5.0549645 2.0621260 -0.1059522
v -5.0596683 2.1121007 -0.0891210
v -5.0252645 2.1718722 -0.1944066
v -5.0199995 2.1514132 -0.2001887
v -5.0154904 2.1060314 -0.2151721
v -5.0162464 2.0811086 -0.2243734
v -5.0219549 2.1060314 -0.2171175
v -5.0264640 2.1514132 -0.2021341
v -4.9896727 2.2005183 -0.3093649
v -4.9860063 2.1856448 -0.3134906
v -4.9827938 2.1548390 -0.3234491
v -4.9832478 2.1389065 -0.3292819
v -4.9870246 2.1548390 -0.3248139
v -4.9902371 2.1856448 -0.3148554
v -4.9537931 2.2444232 -0.4176137
v -4.9496293 2.2270679 -0.4223168
v -4.9459992 2.1937294 -0.4328560
v -4.9465328 2.1777461 -0.4386920
v -4.9505472 2.1937294 -0.4344225
v -4.9541774 2.2270679 -0.4238834
v -4.9152908 2.2805856 -0.5265732
v -4.9113572 2.2641758 -0.5308789
v -4.9079891 2.2344154 -0.5400679
v -4.9085546 2.2210649 -0.5449511
v -4.9121420 2.2344154 -0.5415900
v -4.9155100 2.2641758 -0.5324011
v -4.8748090 2.3148170 -0.6343126
v -4.8711292 2.2998691 -0.6380649
v -4.8680209 2.2733332 -0.6460576
v -4.8685923 2.2617452 -0.6502982
v -4.8718786 2.2733332 -0.6475579
v -4.8749870 2.2998691 -0.6395651
v -4.8309618 2.3353252 -0.7442411
v -4.8291314 2.3282482 -0.7459166
v -4.8275734 2.3153481 -0.7497025
v -4.8278456 2.3095251 -0.7518129
v -4.8295245 2.3153481 -0.7505055
v -4.8310826 2.3282482 -0.7467196
v -4.7866559 2.3661682 -0.8491594
v -4.7853300 2.3613390 -0.8502228
v -4.7841567 2.3518850 -0.8529229
v -4.7843094 2.3472602 -0.8545595
v -4.7856100 2.3518850 -0.8535544
v -4.7867833 2.3613390 -0.8508544
v -4.7399858 2.3910867 -0.9538217
v -4.7399639 2.3910105 -0.9538376
v -4.7399435 2.3908475 -0.9538835
v -4.7399449 2.3907607 -0.9539134
v -4.7399681 2.3908475 -0.9538945
v -4.7399886 2.3910105 -0.9538486
v -3.9795657 2.3881518 -1.9741270
v -3.9795281 2.3880759 -1.9741514
v -3.9794764 2.3879356 -1.9742118
v -3.9794622 2.3878712 -1.9742478
v -3.9794956 2.3879356 -1.9742283
v -3.9795474 2.3880759 -1.9741679
v -3.9205840 2.4566827 -2.0430340
v -3.9172259 2.4501273 -2.0450483
v -3.9123295 2.4370095 -2.0506677
v -3.9107912 2.4304471 -2.0542728
v -3.9141518 2.4370095 -2.0522556
v -3.9190483 2.4501273 -2.0466362
v -3.8588341 2.5193997 -2.1129763
v -3.8534632 2.5092422 -2.1159431
v -3.8450024 2.4870957 -2.1253380
v -3.8419124 2.4751068 -2.1317660
v -3.8479830 2.4870957 -2.1280223
v -3.8564438 2.5092422 -2.1186274
v -3.7990238 2.5886478 -2.1786786
v -3.7898788 2.5715635 -2.1835403
v -3.7746372 2.5325272 -2.1999128
v -3.7685406 2.5105751 -2.2114235
v -3.7795863 2.5325272 -2.2045201
v -3.7948279 2.5715635 -2.1881476
v -3.7326314 2.6425411 -2.2492842
v -3.7238937 2.6261191 -2.2539706
v -3.7091465 2.5891079 -2.2692928
v -3.7031370 2.5685186 -2.2799285
v -3.7135352 2.5891079 -2.2735169
v -3.7282824 2.6261191 -2.2581947
v -3.6686832 2.7040863 -2.3151192
v -3.6583314 2.6843832 -2.3208161
v -3.6413490 2.6425582 -2.3378781
v -3.6347184 2.6204363 -2.3492432
v -3.6460524 2.6425582 -2.3425595
v -3.6630348 2.6843832 -2.3254975
v -3.6032712 2.7632970 -2.3803071
v -3.5918295 2.7413337 -2.3866832
v -3.5739789 2.6981292 -2.4040204
v -3.5675699 2.6768880 -2.4149813
v -3.5787133 2.6981292 -2.4088949
v -3.5965639 2.7413337 -2.3915578
v -3.5456920 2.8423228 -2.4360490
v -3.5278123 2.8080170 -2.4458616
v -3.5012808 2.7448202 -2.4707629
v -3.4926290 2.7159294 -2.4858516
v -3.5082353 2.7448202 -2.4781727
v -3.5347668 2.8080170 -2.4532714
v -3.4741541 2.8890370 -2.5029195
v -3.4579925 2.8583414 -2.5113703
v -3.4347308 2.8037345 -2.5324592
v -3.4276306 2.7798232 -2.5450974
v -3.4409022 2.8037345 -2.5392666
v -3.4641640 2.8583414 -2.5181777
v -3.3992834 2.9292871 -2.5703534
v -3.3863636 2.9052034 -2.5765679
v -3.3676820 2.8619217 -2.5929197
v -3.3619202 2.8427237 -2.6030570
v -3.3727312 2.8619217 -2.5986883
v -3.3914128 2.9052034 -2.5823365
v -3.3312144 2.9863539 -2.6295524
v -3.3168524 2.9602162 -2.6357045
v -3.2951043 2.9104188 -2.6540728
v -3.2877183 2.8867591 -2.6662890
v -3.3009981 2.9104188 -2.6610510
v -3.3227462 2.9602162 -2.6426827
v -3.2617359 3.0409359 -2.6878876
v -3.2464340 3.0137027 -2.6936422
v -3.2214438 2.9570707 -2.7139957
v -3.2117556 2.9276718 -2.7285947
v -3.2280133 2.9570707 -2.7220617
v -3.2530034 3.0137027 -2.7017082
v -3.1922179 3.0960694 -2.7442102
v -3.1757927 3.0671554 -2.7497886
v -3.1469605 3.0023979 -2.7724174
v -3.1345535 2.9665544 -2.7894679
v -3.1540639 3.0023979 -2.7814681
v -3.1828962 3.0671554 -2.7588393
v -3.1123347 3.1286121 -2.8063696
v -3.1012441 3.1089780 -2.8100049
v -3.0810906 3.0640525 -2.8252349
v -3.0720278 3.0387610 -2.8368296
v -3.0856563 3.0640525 -2.8312765
v -3.1058097 3.1089780 -2.8160465
v -3.0469941 3.1940578 -2.8554105
v -3.0319076 3.1668934 -2.8604368
v -3.0048634 3.1069743 -2.8800978
v -2.9929057 3.0742197 -2.8947325
v -3.0105152 3.1069743 -2.8878720
v -3.0375594 3.1668934 -2.8682110
v -2.9794404 3.2548017 -2.9043290
v -2.9615960 3.2220757 -2.9103974
v -2.9310903 3.1548033 -2.9317113
v -2.9184291 3.1202569 -2.9469566
v -2.9370991 3.1548033 -2.9403114
v -2.9676047 3.2220757 -2.9189976
v -2.9099750 3.3115024 -2.9527703
v -2.8902461 3.2748320 -2.9594187
v -2.8584157 3.2048658 -2.9807685
v -2.8463142 3.1715699 -2.9954700
v -2.8645079 3.2048658 -2.9898513
v -2.8963383 3.2748320 -2.9685015
v -2.8291318 3.3433503 -3.0066964
v -2.8138361 3.3147361 -3.0115777
v -2.7902783 3.2630470 -3.0267281
v -2.7820164 3.2399722 -3.0369973
v -2.7947876 3.2630470 -3.0337396
v -2.8183453 3.3147361 -3.0185892
v -2.7524031 3.3842797 -3.0556658
v -2.7387439 3.3587346 -3.0595688
v -2.7180613 3.3133692 -3.0723051
v -2.7110380 3.2935489 -3.0811386
v -2.7220873 3.3133692 -3.0788429
v -2.7427698 3.3587346 -3.0661065
v -2.6843194 3.4440973 -3.0973826
v -2.6669067 3.4117117 -3.1015393
v -2.6398823 3.3523682 -3.1174499
v -2.6302708 3.3254103 -3.1292038
v -2.6452118 3.3523682 -3.1265022
v -2.6722362 3.4117117 -3.1105916
v -2.6029093 3.4744520 -3.1449189
v -2.5893829 3.4494736 -3.1474116
v -2.5669813 3.4001508 -3.1600000
v -2.5581061 3.3758065 -3.1700955
v -2.5713445 3.4001508 -3.1677646
v -2.5937461 3.4494736 -3.1551762
v -2.5242677 3.5105281 -3.1886163
v -2.5129082 3.4895954 -3.1901510
v -2.4924978 3.4444689 -3.2010774
v -2.4834468 3.4202751 -3.2104693
v -2.4962813 3.4444689 -3.2081450
v -2.5166918 3.4895954 -3.1972186
v -2.4441927 3.5429235 -3.2308591
v -2.4358300 3.5273603 -3.2317413
v -2.4198890 3.4919134 -3.2398540
v -2.4123107 3.4720298 -3.2470844
v -2.4226165 3.4919134 -3.2452134
v -2.4385575 3.5273603 -3.2371007
v -2.3752447 3.5995696 -3.2654930
v -2.3632375 3.5767193 -3.2666756
v -2.3401162 3.5249299 -3.2778352
v -2.3290021 3.4959907 -3.2878123
v -2.3437277 3.5249299 -3.2853177
v -2.3668489 3.5767193 -3.2741581
v -2.2994112 3.6402810 -3.3016318
v -2.2878067 3.6175666 -3.3028173
v -2.2662417 3.5688317 -3.3126622
v -2.2562814 3.5428112 -3.3213217
v -2.2693489 3.5688317 -3.3194684
v -2.2909138 3.6175666 -3.3096234
v -2.2199557 3.6719986 -3.3373445
v -2.2106888 3.6533606 -3.3382885
v -2.1944541 3.6162831 -3.3452776
v -2.1874863 3.5978437 -3.3513226
v -2.1966662 3.6162831 -3.3504160
v -2.2129009 3.6533606 -3.3434269
v -2.1428157 3.7080480 -3.3699577
v -2.1344133 3.6907534 -3.3707061
v -2.1205184 3.6586301 -3.3763273
v -2.1150259 3.6438016 -3.3812002
v -2.1223616 3.6586301 -3.3808834
v -2.1362565 3.6907534 -3.3752621
v -2.0667566 3.7456151 -3.4001273
v -2.0585140 3.7283286 -3.4006258
v -2.0453615 3.6974961 -3.4056061
v -2.0404516 3.6839499 -3.4100880
v -2.0470987 3.6974961 -3.4101936
v -2.0602511 3.7283286 -3.4052133
v -1.9908588 3.7825116 -3.4282662
v -1.9826274 3.7649844 -3.4283947
v -1.9694611 3.7336327 -3.4330397
v -1.9645263 3.7198082 -3.4375563
v -1.9712028 3.7336327 -3.4379764
v -1.9843690 3.7649844 -3.4333314
v -1.9077848 3.8008693 -3.4567877
v -1.9035734 3.7917801 -3.4566063
v -1.8965072 3.7746580 -3.4589165
v -1.8936523 3.7666252 -3.4614081
v -1.8974277 3.7746580 -3.4617320
v -1.9044939 3.7917801 -3.4594218
v -1.8300265 3.8304193 -3.4813723
v -1.8269047 3.8235761 -3.4810387
v -1.8212203 3.8095345 -3.4827500
v -1.8186577 3.8023361 -3.4847948
v -1.8219233 3.8095345 -3.4850851
v -1.8276077 3.8235761 -3.4833738
v -1.7523256 3.8584937 -3.5038746
v -1.7503374 3.8540350 -3.5035575
v -1.7464123 3.8441322 -3.5046373
v -1.7444755 3.8386881 -3.5060342
v -1.7468543 3.8441322 -3.5062439
v -1.7507794 3.8540350 -3.5051640
v -1.6733058 3.8813768 -3.5246328
v -1.6732707 3.8812967 -3.5246269
v -1.6731988 3.8811134 -3.5246457
v -1.6731621 3.8810101 -3.5246705
v -1.6732062 3.8811134 -3.5246740
v -1.6732781 3.8812967 -3.5246552
vt 1.0000000 0.0000000
vt 0.8535534 0.0000000
vt 0.5000000 0.0000000
vt 0.1464466 0.0000000
vt 0.0000000 0.0000000
vt 0.1464466 0.0000000
vt 0.5000000 0.0000000
vt 0.8535534 0.0000000
vt 1.0000000 0.0180000
vt 0.8535534 0.0180000
vt 0.5000000 0.0180000
vt 0.1464466 0.0180000
vt 0.0000000 0.0180000
vt 0.1464466 0.0180000
vt 0.5000000 0.0180000
vt 0.8535534 0.0180000
vt 1.0000000 0.0360000
vt 0.8535534 0.0360000
vt 0.5000000 0.0360000
vt 0.1464466 0.0360000
vt 0.0000000 0.0360000
vt 0.1464466 0.0360000
vt 0.5000000 0.0360000
vt 0.8535534 0.0360000
vt 1.0000000 0.0540000
vt 0.8535534 0.0540000
vt 0.5000000 0.0540000
vt 0.1464466 0.0540000
vt 0.0000000 0.0540000
vt 0.1464466 0.0540000
vt 0.5000000 0.0540000
vt 0.8535534 0.0540000
vt 1.0000000 0.0720000
vt 0.8535534 0.0720000
vt 0.5000000 0.0720000
vt 0.1464466 0.0720000
vt 0.0000000 0.0720000
vt 0.1464466 0.0720000
vt 0.5000000 0.0720000
vt 0.8535534 0.0720000
vt 1.0000000 0.0900000
vt 0.8535534 0.0900000
vt 0.5000000 0.0900000
vt 0.1464466 0.0900000
vt 0.0000000 0.0900000
vt 0.1464466 0.0900000
vt 0.5000000 0.0900000
vt 0.8535534 0.0900000
vt 1.0000000 0.1080000
vt 0.8535534 0.1080000
vt 0.5000000 0.1080000
vt 0.1464466 0.1080000
vt 0.0000000 0.1080000
vt 0.1464466 0.1080000
vt 0.5000000 0.1080000
vt 0.8535534 0.1080000
vt 1.0000000 0.1260000
vt 0.8535534 0.1260000
vt 0.5000000 0.1260000
vt 0.1464466 0.1260000
vt 0.0000000 0.1260000
vt 0.1464466 0.1260000
vt 0.5000000 0.1260000
vt 0.8535534 0.1260000
vt 1.0000000 0.1440000
vt 0.8535534 0.1440000
vt 0.5000000 0.1440000
vt 0.1464466 0.1440000
vt 0.0000000 0.1440000
vt 0.1464466 0.1440000
vt 0.5000000 0.1440000
vt 0.8535534 0.1440000
vt 1.0000000 0.1620000
vt 0.8535534 0.1620000
vt 0.5000000 0.1620000
vt 0.1464466 0.1620000
vt 0.0000000 0.1620000
vt 0.1464466 0.1620000
vt 0.5000000 0.1620000
vt 0.8535534 0.1620000
vt 1.0000000 0.1800000
vt 0.8535534 0.1800000
vt 0.5000000 0.1800000
vt 0.1464466 0.1800000
vt 0.0000000 0.1800000
vt 0.1464466 0.1800000
vt 0.5000000 0.1800000
vt 0.8535534 0.1800000
vt 1.0000000 0.1980000
vt 0.8535534 0.1980000
vt 0.5000000 0.1980000
vt 0.1464466 0.1980000
vt 0.0000000 0.1980000
vt 0.1464466 0.1980000
vt 0.5000000 0.1980000
vt 0.8535534 0.1980000
vt 1.0000000 0.2160000
vt 0.8535534 0.2160000
vt 0.5000000 0.2160000
vt 0.1464466 0.2160000
vt 0.0000000 0.2160000
vt 0.1464466 0.2160000
vt 0.5000000 0.2160000
vt 0.8535534 0.2160000
vt 1.0000000 0.2340000
vt 0.8535534 0.2340000
vt 0.5000000 0.2340000
vt 0.1464466 0.2340000
vt 0.0000000 0.2340000
vt 0.1464466 0.2340000
vt 0.5000000 0.2340000
vt 0.8535534 0.2340000
vt 1.0000000 0.2520000
vt 0.8535534 0.2520000
vt 0.5000000 0.2520000
vt 0.1464466 0.2520000
vt 0.0000000 0.2520000
vt 0.1464466 0.2520000
vt 0.5000000 0.2520000
vt 0.8535534 0.2520000
vt 1.0000000 0.2700000
vt 0.8535534 0.2700000
vt 0.5000000 0.2700000
vt 0.1464466 0.2700000
vt 0.0000000 0.2700000
vt 0.1464466 0.2700000
vt 0.5000000 0.2700000
vt 0.8535534 0.2700000
vt 1.0000000 0.2880000
vt 0.8535534 0.2880000
vt 0.5000000 0.2880000
vt 0.1464466 0.2880000
vt 0.0000000 0.2880000
vt 0.1464466 0.2880000
vt 0.5000000 0.2880000
vt 0.8535534 0.2880000
vt 1.0000000 0.3060000
vt 0.8535534 0.3060000
vt 0.5000000 0.3060000
vt 0.1464466 0.3060000
vt 0.0000000 0.3060000
vt 0.1464466 0.3060000
vt 0.5000000 0.3060000
vt 0.8535534 0.3060000
vt 1.0000000 0.3240000
vt 0.8535534 0.3240000
vt 0.5000000 0.3240000
vt 0.1464466 0.3240000
vt 0.0000000 0.3240000
vt 0.1464466 0.3240000
vt 0.5000000 0.3240000
vt 0.8535534 0.3240000
vt 1.0000000 0.3420000
vt 0.8535534 0.3420000
vt 0.5000000 0.3420000
vt 0.1464466 0.3420000
vt 0.0000000 0.3420000
vt 0.1464466 0.3420000
vt 0.5000000 0.3420000
vt 0.8535534 0.3420000
vt 1.0000000 0.3600000
vt 0.8535534 0.3600000
vt 0.5000000 0.3600000
vt 0.1464466 0.3600000
vt 0.0000000 0.3600000
vt 0.1464466 0.3600000
vt 0.5000000 0.3600000
vt 0.8535534 0.3600000
vt 1.0000000 0.3780000
vt 0.8535534 0.3780000
vt 0.5000000 0.3780000
vt 0.1464466 0.3780000
vt 0.0000000 0.3780000
vt 0.1464466 0.3780000
vt 0.5000000 0.3780000
vt 0.8535534 0.3780000
vt 1.0000000 0.3960000
vt 0.8535534 0.3960000
vt 0.5000000 0.3960000
vt 0.1464466 0.3960000
vt 0.0000000 0.3960000
vt 0.1464466 0.3960000
vt 0.5000000 0.3960000
vt 0.8535534 0.3960000
vt 1.0000000 0.4140000
vt 0.8535534 0.4140000
vt 0.5000000 0.4140000
vt 0.1464466 0.4140000
vt 0.0000000 0.4140000
vt 0.1464466 0.4140000
vt 0.5000000 0.4140000
vt 0.8535534 0.4140000
vt 1.0000000 0.4320000
vt 0.8535534 0.4320000
vt 0.5000000 0.4320000
vt 0.1464466 0.4320000
vt 0.0000000 0.4320000
vt 0.1464466 0.4320000
vt 0.5000000 0.4320000
vt 0.8535534 0.4320000
vt 1.0000000 0.4500000
vt 0.8535534 0.4500000
vt 0.5000000 0.4500000
vt 0.1464466 0.4500000
vt 0.0000000 0.4500000
vt 0.1464466 0.4500000
vt 0.5000000 0.4500000
vt 0.8535534 0.4500000
vt 1.0000000 0.4680000
vt 0.8535534 0.4680000
vt 0.5000000 0.4680000
vt 0.1464466 0.4680000
vt 0.0000000 0.4680000
vt 0.1464466 0.4680000
vt 0.5000000 0.4680000
vt 0.8535534 0.4680000
vt 1.0000000 0.4860000
vt 0.8535534 0.4860000
vt 0.5000000 0.4860000
vt 0.1464466 0.4860000
vt 0.0000000 0.4860000
vt 0.1464466 0.4860000
vt 0.5000000 0.4860000
vt 0.8535534 0.4860000
vt 1.0000000 0.5040000
vt 0.8535534 0.5040000
vt 0.5000000 0.5040000
vt 0.1464466 0.5040000
vt 0.0000000 0.5040000
vt 0.1464466 0.5040000
vt 0.5000000 0.5040000
vt 0.8535534 0.5040000
vt 1.0000000 0.5220000
vt 0.8535534 0.5220000
vt 0.5000000 0.5220000
vt 0.1464466 0.5220000
vt 0.0000000 0.5220000
vt 0.1464466 0.5220000
vt 0.5000000 0.5220000
vt 0.8535534 0.5220000
vt 1.0000000 0.5400000
vt 0.8535534 0.5400000
vt 0.5000000 0.5400000
vt 0.1464466 0.5400000
vt 0.0000000 0.5400000
vt 0.1464466 0.5400000
vt 0.5000000 0.5400000
vt 0.8535534 0.5400000
vt 1.0000000 0.5580000
vt 0.8535534 0.5580000
vt 0.5000000 0.5580000
vt 0.1464466 0.5580000
vt 0.0000000 0.5580000
vt 0.1464466 0.5580000
vt 0.5000000 0.5580000
vt 0.8535534 0.5580000
vt 1.0000000 0.5760000
vt 0.8535534 0.5760000
vt 0.5000000 0.5760000
vt 0.1464466 0.5760000
vt 0.0000000 0.5760000
vt 0.1464466 0.5760000
vt 0.5000000 0.5760000
vt 0.8535534 0.5760000
vt 1.0000000 0.5940000
vt 0.8535534 0.5940000
vt 0.5000000 0.5940000
vt 0.1464466 0.5940000
vt 0.0000000 0.5940000
vt 0.1464466 0.5940000
vt 0.5000000 0.5940000
vt 0.8535534 0.5940000
vt 1.0000000 0.6120000
vt 0.8535534 0.6120000
vt 0.5000000 0.6120000
vt 0.1464466 0.6120000
vt 0.0000000 0.6120000
vt 0.1464466 0.6120000
vt 0.5000000 0.6120000
vt 0.8535534 0.6120000
vt 1.0000000 0.6300000
vt 0.8535534 0.6300000
vt 0.5000000 0.6300000
vt 0.1464466 0.6300000
vt 0.0000000 0.6300000
vt 0.1464466 0.6300000
vt 0.5000000 0.6300000
vt 0.8535534 0.6300000
vt 1.0000000 0.6480000
vt 0.8535534 0.6480000
vt 0.5000000 0.6480000
vt 0.1464466 0.6480000
vt 0.0000000 0.6480000
vt 0.1464466 0.6480000
vt 0.5000000 0.6480000
vt 0.8535534 0.6480000
vt 1.0000000 0.6660000
vt 0.8535534 0.6660000
vt 0.5000000 0.6660000
vt 0.1464466 0.6660000
vt 0.0000000 0.6660000
vt 0.1464466 0.6660000
vt 0.5000000 0.6660000
vt 0.8535534 0.6660000
vt 1.0000000 0.6840000
vt 0.8535534 0.6840000
vt 0.5000000 0.6840000
vt 0.1464466 0.6840000
vt 0.0000000 0.6840000
vt 0.1464466 0.6840000
vt 0.5000000 0.6840000
vt 0.8535534 0.6840000
vt 1.0000000 0.7020000
vt 0.8535534 0.7020000
vt 0.5000000 0.7020000
vt 0.1464466 0.7020000
vt 0.0000000 0.7020000
vt 0.1464466 0.7020000
vt 0.5000000 0.7020000
vt 0.8535534 0.7020000
vt 1.0000000 0.7200000
vt 0.8535534 0.7200000
vt 0.5000000 0.7200000
vt 0.1464466 0.7200000
vt 0.0000000 0.7200000
vt 0.1464466 0.7200000
vt 0.5000000 0.7200000
vt 0.8535534 0.7200000
vt 1.0000000 0.7380000
vt 0.8535534 0.7380000
vt 0.5000000 0.7380000
vt 0.1464466 0.7380000
vt 0.0000000 0.7380000
vt 0.1464466 0.7380000
vt 0.5000000 0.7380000
vt 0.8535534 0.7380000
vt 1.0000000 0.7560000
vt 0.8535534 0.7560000
vt 0.5000000 0.7560000
vt 0.1464466 0.7560000
vt 0.0000000 0.7560000
vt 0.1464466 0.7560000
vt 0.5000000 0.7560000
vt 0.8535534 0.7560000
vt 1.0000000 0.7740000
vt 0.8535534 0.7740000
vt 0.5000000 0.7740000
vt 0.1464466 0.7740000
vt 0.0000000 0.7740000
vt 0.1464466 0.7740000
vt 0.5000000 0.7740000
vt 0.8535534 0.7740000
vt 1.0000000 0.7920000
vt 0.8535534 0.7920000
vt 0.5000000 0.7920000
vt 0.1464466 0.7920000
vt 0.0000000 0.7920000
vt 0.1464466 0.7920000
vt 0.5000000 0.7920000
vt 0.8535534 0.7920000
vt 1.0000000 0.8100000
vt 0.8535534 0.8100000
vt 0.5000000 0.8100000
vt 0.1464466 0.8100000
vt 0.0000000 0.8100000
vt 0.1464466 0.8100000
vt 0.5000000 0.8100000
vt 0.8535534 0.8100000
vt 1.0000000 0.8280000
vt 0.8535534 0.8280000
vt 0.5000000 0.8280000
vt 0.1464466 0.8280000
vt 0.0000000 0.8280000
vt 0.1464466 0.8280000
vt 0.5000000 0.8280000
vt 0.8535534 0.8280000
vt 1.0000000 0.8460000
vt 0.8535534 0.8460000
vt 0.5000000 0.8460000
vt 0.1464466 0.8460000
vt 0.0000000 0.8460000
vt 0.1464466 0.8460000
vt 0.5000000 0.8460000
vt 0.8535534 0.8460000
vt 1.0000000 0.8640000
vt 0.8535534 0.8640000
vt 0.5000000 0.8640000
vt 0.1464466 0.8640000
vt 0.0000000 0.8640000
vt 0.1464466 0.8640000
vt 0.5000000 0.8640000
vt 0.8535534 0.8640000
vt 1.0000000 0.8820000
vt 0.8535534 0.8820000
vt 0.5000000 0.8820000
vt 0.1464466 0.8820000
vt 0.0000000 0.8820000
vt 0.1464466 0.8820000
vt 0.5000000 0.8820000
vt 0.8535534 0.8820000
vt 1.0000000 0.9000000
vt 0.8535534 0.9000000
vt 0.5000000 0.9000000
vt 0.1464466 0.9000000
vt 0.0000000 0.9000000
vt 0.1464466 0.9000000
vt 0.5000000 0.9000000
vt 0.8535534 0.9000000
vt 1.0000000 0.9180000
vt 0.8535534 0.9180000
vt 0.5000000 0.9180000
vt 0.1464466 0.9180000
vt 0.0000000 0.9180000
vt 0.1464466 0.9180000
vt 0.5000000 0.9180000
vt 0.8535534 0.9180000
vt 1.0000000 0.9360000
vt 0.8535534 0.9360000
vt 0.5000000 0.9360000
vt 0.1464466 0.9360000
vt 0.0000000 0.9360000
vt 0.1464466 0.9360000
vt 0.5000000 0.9360000
vt 0.8535534 0.9360000
vt 1.0000000 0.9540000
vt 0.8535534 0.9540000
vt 0.5000000 0.9540000
vt 0.1464466 0.9540000
vt 0.0000000 0.9540000
vt 0.1464466 0.9540000
vt 0.5000000 0.9540000
vt 0.8535534 0.9540000
vt 1.0000000 0.9720000
vt 0.8535534 0.9720000
vt 0.5000000 0.9720000
vt 0.1464466 0.9720000
vt 0.0000000 0.9720000
vt 0.1464466 0.9720000
vt 0.5000000 0.9720000
vt 0.8535534 0.9720000
vt 1.0000000 0.9900000
vt 0.8535534 0.9900000
vt 0.5000000 0.9900000
vt 0.1464466 0.9900000
vt 0.0000000 0.9900000
vt 0.1464466 0.9900000
vt 0.5000000 0.9900000
vt 0.8535534 0.9900000
vt 1.0000000 1.0080000
vt 0.8535534 1.0080000
vt 0.5000000 1.0080000
vt 0.1464466 1.0080000
vt 0.0000000 1.0080000
vt 0.1464466 1.0080000
vt 0.5000000 1.0080000
vt 0.8535534 1.0080000
vt 1.0000000 1.0260000
vt 0.8535534 1.0260000
vt 0.5000000 1.0260000
vt 0.1464466 1.0260000
vt 0.0000000 1.0260000
vt 0.1464466 1.0260000
vt 0.5000000 1.0260000
vt 0.8535534 1.0260000
vt 1.0000000 1.0440000
vt 0.8535534 1.0440000
vt 0.5000000 1.0440000
vt 0.1464466 1.0440000
vt 0.0000000 1.0440000
vt 0.1464466 1.0440000
vt 0.5000000 1.0440000
vt 0.8535534 1.0440000
vt 1.0000000 1.0620000
vt 0.8535534 1.0620000
vt 0.5000000 1.0620000
vt 0.1464466 1.0620000
vt 0.0000000 1.0620000
vt 0.1464466 1.0620000
vt 0.5000000 1.0620000
vt 0.8535534 1.0620000
vt 1.0000000 1.0800000
vt 0.8535534 1.0800000
vt 0.5000000 1.0800000
vt 0.1464466 1.0800000
vt 0.0000000 1.0800000
vt 0.1464466 1.0800000
vt 0.5000000 1.0800000
vt 0.8535534 1.0800000
vt 1.0000000 1.0980000
vt 0.8535534 1.0980000
vt 0.5000000 1.0980000
vt 0.1464466 1.0980000
vt 0.0000000 1.0980000
vt 0.1464466 1.0980000
vt 0.5000000 1.0980000
vt 0.8535534 1.0980000
vt 1.0000000 1.1160000
vt 0.8535534 1.1160000
vt 0.5000000 1.1160000
vt 0.1464466 1.1160000
vt 0.0000000 1.1160000
vt 0.1464466 1.1160000
vt 0.5000000 1.1160000
vt 0.8535534 1.1160000
vt 1.0000000 1.1340000
vt 0.8535534 1.1340000
vt 0.5000000 1.1340000
vt 0.1464466 1.1340000
vt 0.0000000 1.1340000
vt 0.1464466 1.1340000
vt 0.5000000 1.1340000
vt 0.8535534 1.1340000
vt 1.0000000 1.1520000
vt 0.8535534 1.1520000
vt 0.5000000 1.1520000
vt 0.1464466 1.1520000
vt 0.0000000 1.1520000
vt 0.1464466 1.1520000
vt 0.5000000 1.1520000
vt 0.8535534 1.1520000
vt 1.0000000 1.1700000
vt 0.8535534 1.1700000
vt 0.5000000 1.1700000
vt 0.1464466 1.1700000
vt 0.0000000 1.1700000
vt 0.1464466 1.1700000
vt 0.5000000 1.1700000
vt 0.8535534 1.1700000
vt 1.0000000 1.1880000
vt 0.8535534 1.1880000
vt 0.5000000 1.1880000
vt 0.1464466 1.1880000
vt 0.0000000 1.1880000
vt 0.1464466 1.1880000
vt 0.5000000 1.1880000
vt 0.8535534 1.1880000
vt 1.0000000 1.2060000
vt 0.8535534 1.2060000
vt 0.5000000 1.2060000
vt 0.1464466 1.2060000
vt 0.0000000 1.2060000
vt 0.1464466 1.2060000
vt 0.5000000 1.2060000
vt 0.8535534 1.2060000
vt 1.0000000 1.2240000
vt 0.8535534 1.2240000
vt 0.5000000 1.2240000
vt 0.1464466 1.2240000
vt 0.0000000 1.2240000
vt 0.1464466 1.2240000
vt 0.5000000 1.2240000
vt 0.8535534 1.2240000
vt 1.0000000 1.2420000
vt 0.8535534 1.2420000
vt 0.5000000 1.2420000
vt 0.1464466 1.2420000
vt 0.0000000 1.2420000
vt 0.1464466 1.2420000
vt 0.5000000 1.2420000
vt 0.8535534 1.2420000
vt 1.0000000 1.2600000
vt 0.8535534 1.2600000
vt 0.5000000 1.2600000
vt 0.1464466 1.2600000
vt 0.0000000 1.2600000
vt 0.1464466 1.2600000
vt 0.5000000 1.2600000
vt 0.8535534 1.2600000
vt 1.0000000 1.2780000
vt 0.8535534 1.2780000
vt 0.5000000 1.2780000
vt 0.1464466 1.2780000
vt 0.0000000 1.2780000
vt 0.1464466 1.2780000
vt 0.5000000 1.2780000
vt 0.8535534 1.2780000
vt 1.0000000 1.2960000
vt 0.8535534 1.2960000
vt 0.5000000 1.2960000
vt 0.1464466 1.2960000
vt 0.0000000 1.2960000
vt 0.1464466 1.2960000
vt 0.5000000 1.2960000
vt 0.8535534 1.2960000
vt 1.0000000 1.3140000
vt 0.8535534 1.3140000
vt 0.5000000 1.3140000
vt 0.1464466 1.3140000
vt 0.0000000 1.3140000
vt 0.1464466 1.3140000
vt 0.5000000 1.3140000
vt 0.8535534 1.3140000
vt 1.0000000 1.3320000
vt 0.8535534 1.3320000
vt 0.5000000 1.3320000
vt 0.1464466 1.3320000
vt 0.0000000 1.3320000
vt 0.1464466 1.3320000
vt 0.5000000 1.3320000
vt 0.8535534 1.3320000
vt 1.0000000 1.3500000
vt 0.8535534 1.3500000
vt 0.5000000 1.3500000
vt 0.1464466 1.3500000
vt 0.0000000 1.3500000
vt 0.1464466 1.3500000
vt 0.5000000 1.3500000
vt 0.8535534 1.3500000
vt 1.0000000 1.3680000
vt 0.8535534 1.3680000
vt 0.5000000 1.3680000
vt 0.1464466 1.3680000
vt 0.0000000 1.3680000
vt 0.1464466 1.3680000
vt 0.5000000 1.3680000
vt 0.8535534 1.3680000
vt 1.0000000 1.3860000
vt 0.8535534 1.3860000
vt 0.5000000 1.3860000
vt 0.1464466 1.3860000
vt 0.0000000 1.3860000
vt 0.1464466 1.3860000
vt 0.5000000 1.3860000
vt 0.8535534 1.3860000
vt 1.0000000 1.4040000
vt 0.8535534 1.4040000
vt 0.5000000 1.4040000
vt 0.1464466 1.4040000
vt 0.0000000 1.4040000
vt 0.1464466 1.4040000
vt 0.5000000 1.4040000
vt 0.8535534 1.4040000
vt 1.0000000 1.4220000
vt 0.8535534 1.4220000
vt 0.5000000 1.4220000
vt 0.1464466 1.4220000
vt 0.0000000 1.4220000
vt 0.1464466 1.4220000
vt 0.5000000 1.4220000
vt 0.8535534 1.4220000
vt 1.0000000 1.4400000
vt 0.8535534 1.4400000
vt 0.5000000 1.4400000
vt 0.1464466 1.4400000
vt 0.0000000 1.4400000
vt 0.1464466 1.4400000
vt 0.5000000 1.4400000
vt 0.8535534 1.4400000
vt 1.0000000 1.4580000
vt 0.8535534 1.4580000
vt 0.5000000 1.4580000
vt 0.1464466 1.4580000
vt 0.0000000 1.4580000
vt 0.1464466 1.4580000
vt 0.5000000 1.4580000
vt 0.8535534 1.4580000
vt 1.0000000 1.4760000
vt 0.8535534 1.4760000
vt 0.5000000 1.4760000
vt 0.1464466 1.4760000
vt 0.0000000 1.4760000
vt 0.1464466 1.4760000
vt 0.5000000 1.4760000
vt 0.8535534 1.4760000
vt 1.0000000 1.4940000
vt 0.8535534 1.4940000
vt 0.5000000 1.4940000
vt 0.1464466 1.4940000
vt 0.0000000 1.4940000
vt 0.1464466 1.4940000
vt 0.5000000 1.4940000
vt 0.8535534 1.4940000
vt 1.0000000 1.5120000
vt 0.8535534 1.5120000
vt 0.5000000 1.5120000
vt 0.1464466 1.5120000
vt 0.0000000 1.5120000
vt 0.1464466 1.5120000
vt 0.5000000 1.5120000
vt 0.8535534 1.5120000
vt 1.0000000 1.5300000
vt 0.8535534 1.5300000
vt 0.5000000 1.5300000
vt 0.1464466 1.5300000
vt 0.0000000 1.5300000
vt 0.1464466 1.5300000
vt 0.5000000 1.5300000
vt 0.8535534 1.5300000
vt 1.0000000 1.5480000
vt 0.8535534 1.5480000
vt 0.5000000 1.5480000
vt 0.1464466 1.5480000
vt 0.0000000 1.5480000
vt 0.1464466 1.5480000
vt 0.5000000 1.5480000
vt 0.8535534 1.5480000
vt 1.0000000 1.5660000
vt 0.8535534 1.5660000
vt 0.5000000 1.5660000
vt 0.1464466 1.5660000
vt 0.0000000 1.5660000
vt 0.1464466 1.5660000
vt 0.5000000 1.5660000
vt 0.8535534 1.5660000
vt 1.0000000 1.5840000
vt 0.8535534 1.5840000
vt 0.5000000 1.5840000
vt 0.1464466 1.5840000
vt 0.0000000 1.5840000
vt 0.1464466 1.5840000
vt 0.5000000 1.5840000
vt 0.8535534 1.5840000
vt 1.0000000 1.6020000
vt 0.8535534 1.6020000
vt 0.5000000 1.6020000
vt 0.1464466 1.6020000
vt 0.0000000 1.6020000
vt 0.1464466 1.6020000
vt 0.5000000 1.6020000
vt 0.8535534 1.6020000
vt 1.0000000 1.6200000
vt 0.8535534 1.6200000
vt 0.5000000 1.6200000
vt 0.1464466 1.6200000
vt 0.0000000 1.6200000
vt 0.1464466 1.6200000
vt 0.5000000 1.6200000
vt 0.8535534 1.6200000
vt 1.0000000 1.6380000
vt 0.8535534 1.6380000
vt 0.5000000 1.6380000
vt 0.1464466 1.6380000
vt 0.0000000 1.6380000
vt 0.1464466 1.6380000
vt 0.5000000 1.6380000
vt 0.8535534 1.6380000
vt 1.0000000 1.6560000
vt 0.8535534 1.6560000
vt 0.5000000 1.6560000
vt 0.1464466 1.6560000
vt 0.0000000 1.6560000
vt 0.1464466 1.6560000
vt 0.5000000 1.6560000
vt 0.8535534 1.6560000
vt 1.0000000 1.6740000
vt 0.8535534 1.6740000
vt 0.5000000 1.6740000
vt 0.1464466 1.6740000
vt 0.0000000 1.6740000
vt 0.1464466 1.6740000
vt 0.5000000 1.6740000
vt 0.8535534 1.6740000
vt 1.0000000 1.6920000
vt 0.8535534 1.6920000
vt 0.5000000 1.6920000
vt 0.1464466 1.6920000
vt 0.0000000 1.6920000
vt 0.1464466 1.6920000
vt 0.5000000 1.6920000
vt 0.8535534 1.6920000
vt 1.0000000 1.7100000
vt 0.8535534 1.7100000
vt 0.5000000 1.7100000
vt 0.1464466 1.7100000
vt 0.0000000 1.7100000
vt 0.1464466 1.7100000
vt 0.5000000 1.7100000
vt 0.8535534 1.7100000
vt 1.0000000 1.7280000
vt 0.8535534 1.7280000
vt 0.5000000 1.7280000
vt 0.1464466 1.7280000
vt 0.0000000 1.7280000
vt 0.1464466 1.7280000
vt 0.5000000 1.7280000
vt 0.8535534 1.7280000
vt 1.0000000 1.7460000
vt 0.8535534 1.7460000
vt 0.5000000 1.7460000
vt 0.1464466 1.7460000
vt 0.0000000 1.7460000
vt 0.1464466 1.7460000
vt 0.5000000 1.7460000
vt 0.8535534 1.7460000
vt 1.0000000 1.7640000
vt 0.8535534 1.7640000
vt 0.5000000 1.7640000
vt 0.1464466 1.7640000
vt 0.0000000 1.7640000
vt 0.1464466 1.7640000
vt 0.5000000 1.7640000
vt 0.8535534 1.7640000
vt 1.0000000 1.7820000
vt 0.8535534 1.7820000
vt 0.5000000 1.7820000
vt 0.1464466 1.7820000
vt 0.0000000 1.7820000
vt 0.1464466 1.7820000
vt 0.5000000 1.7820000
vt 0.8535534 1.7820000
vt 1.0000000 1.8000000
vt 0.8535534 1.8000000
vt 0.5000000 1.8000000
vt 0.1464466 1.8000000
vt 0.0000000 1.8000000
vt 0.1464466 1.8000000
vt 0.5000000 1.8000000
vt 0.8535534 1.8000000
vt 1.0000000 0.1400000
vt 0.7500000 0.1400000
vt 0.2500000 0.1400000
vt 0.0000000 0.1400000
vt 0.2500000 0.1400000
vt 0.7500000 0.1400000
vt 1.0000000 0.1962500
vt 0.7500000 0.1962500
vt 0.2500000 0.1962500
vt 0.0000000 0.1962500
vt 0.2500000 0.1962500
vt 0.7500000 0.1962500
vt 1.0000000 0.2525000
vt 0.7500000 0.2525000
vt 0.2500000 0.2525000
vt 0.0000000 0.2525000
vt 0.2500000 0.2525000
vt 0.7500000 0.2525000
vt 1.0000000 0.3087500
vt 0.7500000 0.3087500
vt 0.2500000 0.3087500
vt 0.0000000 0.3087500
vt 0.2500000 0.3087500
vt 0.7500000 0.3087500
vt 1.0000000 0.3650000
vt 0.7500000 0.3650000
vt 0.2500000 0.3650000
vt 0.0000000 0.3650000
vt 0.2500000 0.3650000
vt 0.7500000 0.3650000
vt 1.0000000 0.4212500
vt 0.7500000 0.4212500
vt 0.2500000 0.4212500
vt 0.0000000 0.4212500
vt 0.2500000 0.4212500
vt 0.7500000 0.4212500
vt 1.0000000 0.4775000
vt 0.7500000 0.4775000
vt 0.2500000 0.4775000
vt 0.0000000 0.4775000
vt 0.2500000 0.4775000
vt 0.7500000 0.4775000
vt 1.0000000 0.5337500
vt 0.7500000 0.5337500
vt 0.2500000 0.5337500
vt 0.0000000 0.5337500
vt 0.2500000 0.5337500
vt 0.7500000 0.5337500
vt 1.0000000 0.5900000
vt 0.7500000 0.5900000
vt 0.2500000 0.5900000
vt 0.0000000 0.5900000
vt 0.2500000 0.5900000
vt 0.7500000 0.5900000
vt 1.0000000 0.6462500
vt 0.7500000 0.6462500
vt 0.2500000 0.6462500
vt 0.0000000 0.6462500
vt 0.2500000 0.6462500
vt 0.7500000 0.6462500
vt 1.0000000 0.7025000
vt 0.7500000 0.7025000
vt 0.2500000 0.7025000
vt 0.0000000 0.7025000
vt 0.2500000 0.7025000
vt 0.7500000 0.7025000
vt 1.0000000 0.7587500
vt 0.7500000 0.7587500
vt 0.2500000 0.7587500
vt 0.0000000 0.7587500
vt 0.2500000 0.7587500
vt 0.7500000 0.7587500
vt 1.0000000 0.8150000
vt 0.7500000 0.8150000
vt 0.2500000 0.8150000
vt 0.0000000 0.8150000
vt 0.2500000 0.8150000
vt 0.7500000 0.8150000
vt 1.0000000 0.8712500
vt 0.7500000 0.8712500
vt 0.2500000 0.8712500
vt 0.0000000 0.8712500
vt 0.2500000 0.8712500
vt 0.7500000 0.8712500
vt 1.0000000 0.9275000
vt 0.7500000 0.9275000
vt 0.2500000 0.9275000
vt 0.0000000 0.9275000
vt 0.2500000 0.9275000
vt 0.7500000 0.9275000
vt 1.0000000 0.9837500
vt 0.7500000 0.9837500
vt 0.2500000 0.9837500
vt 0.0000000 0.9837500
vt 0.2500000 0.9837500
vt 0.7500000 0.9837500
vt 1.0000000 1.0400000
vt 0.7500000 1.0400000
vt 0.2500000 1.0400000
vt 0.0000000 1.0400000
vt 0.2500000 1.0400000
vt 0.7500000 1.0400000
vt 1.0000000 1.0962500
vt 0.7500000 1.0962500
vt 0.2500000 1.0962500
vt 0.0000000 1.0962500
vt 0.2500000 1.0962500
vt 0.7500000 1.0962500
vt 1.0000000 1.1525000
vt 0.7500000 1.1525000
vt 0.2500000 1.1525000
vt 0.0000000 1.1525000
vt 0.2500000 1.1525000
vt 0.7500000 1.1525000
vt 1.0000000 1.2087500
vt 0.7500000 1.2087500
vt 0.2500000 1.2087500
vt 0.0000000 1.2087500
vt 0.2500000 1.2087500
vt 0.7500000 1.2087500
vt 1.0000000 1.2650000
vt 0.7500000 1.2650000
vt 0.2500000 1.2650000
vt 0.0000000 1.2650000
vt 0.2500000 1.2650000
vt 0.7500000 1.2650000
vt 1.0000000 1.3212500
vt 0.7500000 1.3212500
vt 0.2500000 1.3212500
vt 0.0000000 1.3212500
vt 0.2500000 1.3212500
vt 0.7500000 1.3212500
vt 1.0000000 1.3775000
vt 0.7500000 1.3775000
vt 0.2500000 1.3775000
vt 0.0000000 1.3775000
vt 0.2500000 1.3775000
vt 0.7500000 1.3775000
vt 1.0000000 1.4337500
vt 0.7500000 1.4337500
vt 0.2500000 1.4337500
vt 0.0000000 1.4337500
vt 0.2500000 1.4337500
vt 0.7500000 1.4337500
vt 1.0000000 1.4900000
vt 0.7500000 1.4900000
vt 0.2500000 1.4900000
vt 0.0000000 1.4900000
vt 0.2500000 1.4900000
vt 0.7500000 1.4900000
vt 1.0000000 1.5462500
vt 0.7500000 1.5462500
vt 0.2500000 1.5462500
vt 0.0000000 1.5462500
vt 0.2500000 1.5462500
vt 0.7500000 1.5462500
vt 1.0000000 1.6025000
vt 0.7500000 1.6025000
vt 0.2500000 1.6025000
vt 0.0000000 1.6025000
vt 0.2500000 1.6025000
vt 0.7500000 1.6025000
vt 1.0000000 1.6587500
vt 0.7500000 1.6587500
vt 0.2500000 1.6587500
vt 0.0000000 1.6587500
vt 0.2500000 1.6587500
vt 0.7500000 1.6587500
vt 1.0000000 1.7150000
vt 0.7500000 1.7150000
vt 0.2500000 1.7150000
vt 0.0000000 1.7150000
vt 0.2500000 1.7150000
vt 0.7500000 1.7150000
vt 1.0000000 1.7712500
vt 0.7500000 1.7712500
vt 0.2500000 1.7712500
vt 0.0000000 1.7712500
vt 0.2500000 1.7712500
vt 0.7500000 1.7712500
vt 1.0000000 1.8275000
vt 0.7500000 1.8275000
vt 0.2500000 1.8275000
vt 0.0000000 1.8275000
vt 0.2500000 1.8275000
vt 0.7500000 1.8275000
vt 1.0000000 1.8837500
vt 0.7500000 1.8837500
vt 0.2500000 1.8837500
vt 0.0000000 1.8837500
vt 0.2500000 1.8837500
vt 0.7500000 1.8837500
vt 1.0000000 1.9400000
vt 0.7500000 1.9400000
vt 0.2500000 1.9400000
vt 0.0000000 1.9400000
vt 0.2500000 1.9400000
vt 0.7500000 1.9400000
vt 1.0000000 0.3800000
vt 0.7500000 0.3800000
vt 0.2500000 0.3800000
vt 0.0000000 0.3800000
vt 0.2500000 0.3800000
vt 0.7500000 0.3800000
vt 1.0000000 0.4362500
vt 0.7500000 0.4362500
vt 0.2500000 0.4362500
vt 0.0000000 0.4362500
vt 0.2500000 0.4362500
vt 0.7500000 0.4362500
vt 1.0000000 0.4925000
vt 0.7500000 0.4925000
vt 0.2500000 0.4925000
vt 0.0000000 0.4925000
vt 0.2500000 0.4925000
vt 0.7500000 0.4925000
vt 1.0000000 0.5487500
vt 0.7500000 0.5487500
vt 0.2500000 0.5487500
vt 0.0000000 0.5487500
vt 0.2500000 0.5487500
vt 0.7500000 0.5487500
vt 1.0000000 0.6050000
vt 0.7500000 0.6050000
vt 0.2500000 0.6050000
vt 0.0000000 0.6050000
vt 0.2500000 0.6050000
vt 0.7500000 0.6050000
vt 1.0000000 0.6612500
vt 0.7500000 0.6612500
vt 0.2500000 0.6612500
vt 0.0000000 0.6612500
vt 0.2500000 0.6612500
vt 0.7500000 0.6612500
vt 1.0000000 0.7175000
vt 0.7500000 0.7175000
vt 0.2500000 0.7175000
vt 0.0000000 0.7175000
vt 0.2500000 0.7175000
vt 0.7500000 0.7175000
vt 1.0000000 0.7737500
vt 0.7500000 0.7737500
vt 0.2500000 0.7737500
vt 0.0000000 0.7737500
vt 0.2500000 0.7737500
vt 0.7500000 0.7737500
vt 1.0000000 0.8300000
vt 0.7500000 0.8300000
vt 0.2500000 0.8300000
vt 0.0000000 0.8300000
vt 0.2500000 0.8300000
vt 0.7500000 0.8300000
vt 1.0000000 0.8862500
vt 0.7500000 0.8862500
vt 0.2500000 0.8862500
vt 0.0000000 0.8862500
vt 0.2500000 0.8862500
vt 0.7500000 0.8862500
vt 1.0000000 0.9425000
vt 0.7500000 0.9425000
vt 0.2500000 0.9425000
vt 0.0000000 0.9425000
vt 0.2500000 0.9425000
vt 0.7500000 0.9425000
vt 1.0000000 0.9987500
vt 0.7500000 0.9987500
vt 0.2500000 0.9987500
vt 0.0000000 0.9987500
vt 0.2500000 0.9987500
vt 0.7500000 0.9987500
vt 1.0000000 1.0550000
vt 0.7500000 1.0550000
vt 0.2500000 1.0550000
vt 0.0000000 1.0550000
vt 0.2500000 1.0550000
vt 0.7500000 1.0550000
vt 1.0000000 1.1112500
vt 0.7500000 1.1112500
vt 0.2500000 1.1112500
vt 0.0000000 1.1112500
vt 0.2500000 1.1112500
vt 0.7500000 1.1112500
vt 1.0000000 1.1675000
vt 0.7500000 1.1675000
vt 0.2500000 1.1675000
vt 0.0000000 1.1675000
vt 0.2500000 1.1675000
vt 0.7500000 1.1675000
vt 1.0000000 1.2237500
vt 0.7500000 1.2237500
vt 0.2500000 1.2237500
vt 0.0000000 1.2237500
vt 0.2500000 1.2237500
vt 0.7500000 1.2237500
vt 1.0000000 1.2800000
vt 0.7500000 1.2800000
vt 0.2500000 1.2800000
vt 0.0000000 1.2800000
vt 0.2500000 1.2800000
vt 0.7500000 1.2800000
vt 1.0000000 1.3362500
vt 0.7500000 1.3362500
vt 0.2500000 1.3362500
vt 0.0000000 1.3362500
vt 0.2500000 1.3362500
vt 0.7500000 1.3362500
vt 1.0000000 1.3925000
vt 0.7500000 1.3925000
vt 0.2500000 1.3925000
vt 0.0000000 1.3925000
vt 0.2500000 1.3925000
vt 0.7500000 1.3925000
vt 1.0000000 1.4487500
vt 0.7500000 1.4487500
vt 0.2500000 1.4487500
vt 0.0000000 1.4487500
vt 0.2500000 1.4487500
vt 0.7500000 1.4487500
vt 1.0000000 1.5050000
vt 0.7500000 1.5050000
vt 0.2500000 1.5050000
vt 0.0000000 1.5050000
vt 0.2500000 1.5050000
vt 0.7500000 1.5050000
vt 1.0000000 1.5612500
vt 0.7500000 1.5612500
vt 0.2500000 1.5612500
vt 0.0000000 1.5612500
vt 0.2500000 1.5612500
vt 0.7500000 1.5612500
vt 1.0000000 1.6175000
vt 0.7500000 1.6175000
vt 0.2500000 1.6175000
vt 0.0000000 1.6175000
vt 0.2500000 1.6175000
vt 0.7500000 1.6175000
vt 1.0000000 1.6737500
vt 0.7500000 1.6737500
vt 0.2500000 1.6737500
vt 0.0000000 1.6737500
vt 0.2500000 1.6737500
vt 0.7500000 1.6737500
vt 1.0000000 1.7300000
vt 0.7500000 1.7300000
vt 0.2500000 1.7300000
vt 0.0000000 1.7300000
vt 0.2500000 1.7300000
vt 0.7500000 1.7300000
vt 1.0000000 1.7862500
vt 0.7500000 1.7862500
vt 0.2500000 1.7862500
vt 0.0000000 1.7862500
vt 0.2500000 1.7862500
vt 0.7500000 1.7862500
vt 1.0000000 1.8425000
vt 0.7500000 1.8425000
vt 0.2500000 1.8425000
vt 0.0000000 1.8425000
vt 0.2500000 1.8425000
vt 0.7500000 1.8425000
vt 1.0000000 1.8987500
vt 0.7500000 1.8987500
vt 0.2500000 1.8987500
vt 0.0000000 1.8987500
vt 0.2500000 1.8987500
vt 0.7500000 1.8987500
vt 1.0000000 1.9550000
vt 0.7500000 1.9550000
vt 0.2500000 1.9550000
vt 0.0000000 1.9550000
vt 0.2500000 1.9550000
vt 0.7500000 1.9550000
vt 1.0000000 2.0112500
vt 0.7500000 2.0112500
vt 0.2500000 2.0112500
vt 0.0000000 2.0112500
vt 0.2500000 2.0112500
vt 0.7500000 2.0112500
vt 1.0000000 2.0675000
vt 0.7500000 2.0675000
vt 0.2500000 2.0675000
vt 0.0000000 2.0675000
vt 0.2500000 2.0675000
vt 0.7500000 2.0675000
vt 1.0000000 2.1237500
vt 0.7500000 2.1237500
vt 0.2500000 2.1237500
vt 0.0000000 2.1237500
vt 0.2500000 2.1237500
vt 0.7500000 2.1237500
vt 1.0000000 2.1800000
vt 0.7500000 2.1800000
vt 0.2500000 2.1800000
vt 0.0000000 2.1800000
vt 0.2500000 2.1800000
vt 0.7500000 2.1800000
vn 0.7000975 0.1804878 -0.6908601
vn 0.6735339 0.0337877 -0.7383837
vn 0.6619286 -0.0363400 -0.7486855
vn 0.6284928 -0.2204725 -0.7459147
vn -0.6548060 -0.2438062 0.7153933
vn -0.6557485 -0.0485460 0.7534170
vn -0.6445934 0.0224100 0.7641971
vn -0.5990640 0.1600540 0.7845413
vn 0.6931203 0.5619931 -0.4513845
vn 0.6970702 0.0598128 -0.7145037
vn 0.6844681 -0.0100084 -0.7289741
vn 0.6642995 -0.1204705 -0.7376944
vn -0.5724789 -0.6776833 0.4615336
vn -0.6846802 -0.0813075 0.7242943
vn -0.6731457 0.0055084 0.7394894
vn -0.6507283 0.0883295 0.7541556
vn 0.3983326 0.9172286 -0.0047716
vn 0.7238737 0.0723269 -0.6861309
vn 0.7116817 -0.0029302 -0.7024960
vn 0.6923071 -0.1033580 -0.7141624
vn -0.3210551 -0.9466600 0.0275398
vn -0.7209884 -0.0934123 0.6866221
vn -0.7080830 0.0010183 0.7061285
vn -0.6889415 0.0788028 0.7205204
vn 0.1897201 0.9654521 0.1786296
vn 0.7522646 0.0779151 -0.6542379
vn 0.7411589 -0.0007614 -0.6713293
vn 0.7221476 -0.0991000 -0.6846036
vn -0.1998649 -0.9693671 -0.1427638
vn -0.7542887 -0.0966607 0.6493883
vn -0.7412145 0.0000341 0.6712682
vn -0.7233234 0.0783171 0.6860537
vn 0.2104443 0.9620987 0.1734335
vn 0.7825921 0.0795263 -0.6174343
vn 0.7719221 -0.0011294 -0.6357161
vn 0.7535657 -0.0997525 -0.6497601
vn -0.2242132 -0.9670727 -0.1204109
vn -0.7833106 -0.0958585 0.6141952
vn -0.7711169 0.0001595 0.6366936
vn -0.7530900 0.0808095 0.6529359
vn 0.3526044 0.9302523 0.1014932
vn 0.8131119 0.0788281 -0.5767453
vn 0.8027333 -0.0029863 -0.5963307
vn 0.7855787 -0.1026882 -0.6101813
vn -0.3248870 -0.9457237 -0.0074299
vn -0.8088237 -0.0929342 0.5806613
vn -0.7981342 0.0007107 0.6024792
vn -0.7791561 0.0847536 0.6210738
vn 0.3846783 0.9167591 0.1075889
vn 0.8401658 0.0801845 -0.5363692
vn 0.8306013 -0.0037112 -0.5568551
vn 0.8149358 -0.1024422 -0.5704255
vn -0.3510740 -0.9360710 0.0227622
vn -0.8334320 -0.0910860 0.5450638
vn -0.8239531 0.0006659 0.5666576
vn -0.8047010 0.0874511 0.5872040
vn 0.2922725 0.9412608 0.1691296
vn 0.8628282 0.0844620 -0.4983911
vn 0.8545983 -0.0027169 -0.5192826
vn 0.8401152 -0.0983361 -0.5334195
vn -0.2964547 -0.9541039 -0.0424296
vn -0.8582240 -0.0901086 0.5053038
vn -0.8493896 0.0002700 0.5277662
vn -0.8309922 0.0889438 0.5491274
vn 0.1888696 0.9582766 0.2145557
vn 0.8831437 0.0891286 -0.4605577
vn 0.8763311 -0.0014735 -0.4817070
vn 0.8628258 -0.0936670 -0.4967475
vn -0.2327111 -0.9654910 -0.1169298
vn -0.8816534 -0.0885467 0.4635157
vn -0.8733320 0.0000578 0.4871255
vn -0.8559731 0.0905828 0.5090234
vn 0.1862079 0.9562557 0.2256138
vn 0.9034457 0.0912691 -0.4188744
vn 0.8975910 -0.0015642 -0.4408263
vn 0.8853092 -0.0913061 -0.4559504
vn -0.2360245 -0.9645230 -0.1182698
vn -0.9016555 -0.0859713 0.4238235
vn -0.8942743 0.0000311 0.4475193
vn -0.8772228 0.0928459 0.4710200
vn 0.2621097 0.9376486 0.2282841
vn 0.9232944 0.0908353 -0.3731976
vn 0.9180641 -0.0028958 -0.3964213
vn 0.9073797 -0.0910070 -0.4103411
vn -0.2948034 -0.9537706 -0.0584170
vn -0.9183840 -0.0830968 0.3868666
vn -0.9122828 -0.0000904 0.4095608
vn -0.8949480 0.0950846 0.4359209
vn 0.2813324 0.9273547 0.2467091
vn 0.9399192 0.0912135 -0.3289863
vn 0.9356302 -0.0034586 -0.3529647
vn 0.9264111 -0.0893914 -0.3657482
vn -0.3061504 -0.9510995 -0.0410094
vn -0.9341024 -0.0807834 0.3477452
vn -0.9289988 -0.0003731 0.3700826
vn -0.9120114 0.0961444 0.3987374
vn 0.1872139 0.9466429 0.2623320
vn 0.9520287 0.0945377 -0.2910393
vn 0.9492760 -0.0019378 -0.3144382
vn 0.9408664 -0.0845024 -0.3280697
vn -0.2223397 -0.9670135 -0.1242977
vn -0.9501018 -0.0786385 0.3018650
vn -0.9454436 -0.0002974 0.3257858
vn -0.9301393 0.0962244 0.3543750
vn 0.0306258 0.9672472 0.2519821
vn 0.9611202 0.0993959 -0.2576206
vn 0.9601860 0.0008514 -0.2793603
vn 0.9521407 -0.0779317 -0.2955584
vn -0.0687179 -0.9611596 -0.2673015
vn -0.9650035 -0.0762798 0.2508976
vn -0.9606419 0.0003043 0.2777895
vn -0.9476283 0.0959384 0.3046250
vn -0.0828074 0.9683675 0.2353875
vn 0.9698087 0.1021919 -0.2214224
vn 0.9702648 0.0028172 -0.2420294
vn 0.9627008 -0.0729781 -0.2605405
vn 0.0631167 -0.9302822 -0.3613743
vn -0.9765174 -0.0743010 0.2022206
vn -0.9728988 0.0007823 0.2312300
vn -0.9617416 0.0951091 0.2569192
vn -0.0588552 0.9673765 0.2464117
vn 0.9792044 0.0997076 -0.1766840
vn 0.9801802 0.0022544 -0.1980950
vn 0.9734803 -0.0722182 -0.2170729
vn 0.0614371 -0.9358035 -0.3471271
vn -0.9840958 -0.0730281 0.1619331
vn -0.9817411 0.0006542 0.1902210
vn -0.9716451 0.0937909 0.2170464
vn 0.0824254 0.9554354 0.2834594
vn 0.9875581 0.0932235 -0.1266429
vn 0.9887126 -0.0001479 -0.1498242
vn 0.9830574 -0.0747881 -0.1673465
vn -0.0749242 -0.9627760 -0.2597088
vn -0.9892406 -0.0721047 0.1272945
vn -0.9882047 0.0001667 0.1531389
vn -0.9788072 0.0921700 0.1828690
vn 0.1598204 0.9363063 0.3127106
vn 0.9928197 0.0883659 -0.0806263
vn 0.9945318 -0.0015165 -0.1044230
vn 0.9897643 -0.0762498 -0.1206341
vn -0.1482708 -0.9654988 -0.2140744
vn -0.9934297 -0.0715007 0.0893597
vn -0.9934643 -0.0002111 0.1141435
vn -0.9852405 0.0897611 0.1457537
vn 0.1028353 0.9452322 0.3097756
vn 0.9952909 0.0872681 -0.0421935
vn 0.9978908 -0.0006985 -0.0649106
vn 0.9938515 -0.0746012 -0.0818161
vn -0.0697703 -0.9641879 -0.2558784
vn -0.9964785 -0.0710595 0.0445099
vn -0.9975097 -0.0000855 0.0705288
vn -0.9910326 0.0869411 0.1014671
vn 0.0187820 0.9569423 0.2896698
vn 0.9962074 0.0868277 -0.0056340
vn 0.9996391 0.0005379 -0.0268569
vn 0.9963283 -0.0726480 -0.0453007
vn 0.0392062 -0.9510314 -0.3065978
vn -0.9974818 -0.0709019 -0.0017117
vn -0.9996611 0.0002549 0.0260294
vn -0.9948857 0.0842464 0.0557220
vn 0.0522840 0.9475470 0.3153112
vn 0.9958540 0.0829366 0.0373682
vn 0.9998707 -0.0002374 0.0160801
vn 0.9972340 -0.0742863 -0.0024272
vn 0.0107920 -0.9568199 -0.2904810
vn -0.9965938 -0.0715755 -0.0409605
vn -0.9999082 0.0000072 -0.0135492
vn -0.9965329 0.0814114 0.0171540
vn 0.1964146 0.8942576 0.4021501
vn 0.9933207 0.0757559 0.0870350
vn 0.9979293 -0.0031601 0.0642426
vn 0.9956400 -0.0799339 0.0480789
vn -0.1547229 -0.9647618 -0.2128272
vn -0.9946667 -0.0732201 -0.0726428
vn -0.9988733 -0.0010985 -0.0474435
vn -0.9968748 0.0779333 -0.0129266
vn 0.2527530 0.8449472 0.4713598
vn 0.9885739 0.0706575 0.1331512
vn 0.9939362 -0.0052011 0.1098350
vn 0.9917782 -0.0846136 0.0960027
vn -0.2296854 -0.9593659 -0.1638954
vn -0.9914492 -0.0753370 -0.1065498
vn -0.9966091 -0.0022527 -0.0822507
vn -0.9962617 0.0740405 -0.0445043
vn 0.1605941 0.8746447 0.4573907
vn 0.9833378 0.0709787 0.1673584
vn 0.9892615 -0.0040450 0.1461005
vn 0.9877579 -0.0843340 0.1312333
vn -0.1258451 -0.9706440 -0.2049714
vn -0.9855504 -0.0766129 -0.1510657
vn -0.9922300 -0.0020562 -0.1244004
vn -0.9935731 0.0716836 -0.0876010
vn -0.0114559 0.9406899 0.3390740
vn 0.9784892 0.0750953 0.1921448
vn 0.9845744 -0.0005569 0.1749653
vn 0.9844181 -0.0806400 0.1562629
vn 0.0775209 -0.9515318 -0.2976201
vn -0.9760139 -0.0767575 -0.2037284
vn -0.9850307 -0.0004121 -0.1723783
vn -0.9875886 0.0716116 -0.1397871
vn -0.1524927 0.9667351 0.2053514
vn 0.9726560 0.0786868 0.2185149
vn 0.9788328 0.0024464 0.2046471
vn 0.9801231 -0.0779947 0.1824160
vn 0.2366211 -0.9058029 -0.3514707
vn -0.9642336 -0.0774728 -0.2534790
vn -0.9758734 0.0010718 -0.2183346
vn -0.9792172 0.0720445 -0.1895870
vn -0.1808515 0.9658804 0.1853853
vn 0.9636646 0.0781823 0.2554174
vn 0.9703712 0.0026501 0.2416043
vn 0.9726204 -0.0799521 0.2182138
vn 0.2591511 -0.9032371 -0.3420577
vn -0.9532149 -0.0801267 -0.2914807
vn -0.9666247 0.0010341 -0.2561945
vn -0.9709585 0.0713263 -0.2283685
vn -0.1198978 0.9560200 0.2676755
vn 0.9512065 0.0746383 0.2993916
vn 0.9589121 0.0006374 0.2837026
vn 0.9615287 -0.0856810 0.2610005
vn 0.1729851 -0.9358749 -0.3069437
vn -0.9433580 -0.0838161 -0.3210150
vn -0.9575840 -0.0000348 -0.2881543
vn -0.9633950 0.0698424 -0.2588283
vn -0.0980929 0.9474099 0.3046183
vn 0.9380896 0.0731149 0.3385884
vn 0.9465660 -0.0004203 0.3225100
vn 0.9497276 -0.0899375 0.2998813
vn 0.1292593 -0.9484684 -0.2893089
vn -0.9313495 -0.0868409 -0.3536196
vn -0.9467232 -0.0005353 -0.3220480
vn -0.9539083 0.0692375 -0.2920020
vn -0.1738820 0.9609120 0.2154369
vn 0.9266180 0.0760220 0.3682387
vn 0.9352283 0.0011560 0.3540434
vn 0.9398639 -0.0896862 0.3295636
vn 0.2073462 -0.9319350 -0.2974976
vn -0.9147658 -0.0886247 -0.3941436
vn -0.9324491 0.0002397 -0.3613012
vn -0.9402124 0.0704307 -0.3332269
vn -0.2656039 0.9597659 0.0911264
vn 0.9148312 0.0803277 0.3957667
vn 0.9235640 0.0034358 0.3834289
vn 0.9299955 -0.0879933 0.3568832
vn 0.3109502 -0.9025348 -0.2978942
vn -0.8957175 -0.0901107 -0.4353966
vn -0.9161398 0.0012007 -0.4008570
vn -0.9240507 0.0722984 -0.3753708
vn -0.2668925 0.9580464 0.1044776
vn 0.8980750 0.0806524 0.4323846
vn 0.9080662 0.0029558 0.4188163
vn 0.9153834 -0.0904960 0.3922801
vn 0.2923327 -0.9135530 -0.2827763
vn -0.8796814 -0.0923089 -0.4665187
vn -0.9012532 0.0007965 -0.4332921
vn -0.9101439 0.0731701 -0.4077796
vn -0.1346525 0.9397671 0.3141759
vn 0.8743738 0.0753462 0.4793677
vn 0.8868874 -0.0014669 0.4619833
vn 0.8933366 -0.0992983 0.4382803
vn 0.0867977 -0.9580973 -0.2729758
vn -0.8688834 -0.0945820 -0.4858969
vn -0.8892608 -0.0010661 -0.4573993
vn -0.9008535 0.0728961 -0.4279592
vn -0.0368724 0.8708836 0.4901042
vn 0.8488267 0.0708335 0.5239045
vn 0.8634951 -0.0059225 0.5043224
vn 0.8681640 -0.1075446 0.4844847
vn -0.1003785 -0.9617429 -0.2549014
vn -0.8574447 -0.0962923 -0.5054862
vn -0.8766883 -0.0030504 -0.4810492
vn -0.8917201 0.0723891 -0.4467606
vn -0.0814138 0.8762238 0.4749775
vn 0.8284256 0.0731322 0.5553041
vn 0.8436355 -0.0061196 0.5368815
vn 0.8482724 -0.1076331 0.5185066
vn -0.0902024 -0.9659024 -0.2426851
vn -0.8385416 -0.0963595 -0.5362488
vn -0.8587310 -0.0033728 -0.5124156
vn -0.8756562 0.0736833 -0.4772809
vn -0.1696245 0.9330964 0.3171099
vn 0.8137027 0.0810224 0.5756069
vn 0.8280584 -0.0026250 0.5606356
vn 0.8348739 -0.1011250 0.5410723
vn 0.0512735 -0.9664538 -0.2516705
vn -0.8116823 -0.0937933 -0.5765194
vn -0.8347618 -0.0016561 -0.5506087
vn -0.8515821 0.0777144 -0.5184288
vn -0.2234551 0.9612242 0.1616042
vn 0.7982690 0.0890059 0.5956883
vn 0.8119568 0.0009005 0.5837168
vn 0.8211401 -0.0942295 0.5628940
vn 0.1867173 -0.9474632 -0.2597115
vn -0.7828864 -0.0902240 -0.6155879
vn -0.8089509 0.0002655 -0.5878761
vn -0.8253321 0.0823044 -0.5586169
vn -0.2343322 0.9618693 0.1410527
vn 0.7755030 0.0922328 0.6245705
vn 0.7902409 0.0013363 0.6127948
vn 0.8002129 -0.0917017 0.5926636
vn 0.2051623 -0.9445053 -0.2565504
vn -0.7591767 -0.0878437 -0.6449296
vn -0.7860556 0.0005503 -0.6181555
vn -0.8035747 0.0851384 -0.5890833
vn -0.2246740 0.9492656 0.2200374
vn 0.7463570 0.0915418 0.6592203
vn 0.7633579 -0.0006719 0.6459754
vn 0.7725624 -0.0925664 0.6281551
vn 0.1292690 -0.9587500 -0.2531559
vn -0.7397118 -0.0864588 -0.6673465
vn -0.7656314 -0.0004472 -0.6432794
vn -0.7859125 0.0864381 -0.6122663
vn -0.2275357 0.9432207 0.2419965
vn 0.7190128 0.0927862 0.6887753
vn 0.7374640 -0.0012397 0.6753853
vn 0.7465145 -0.0909863 0.6591188
vn 0.1123687 -0.9617618 -0.2497749
vn -0.7159725 -0.0840436 -0.6930512
vn -0.7420130 -0.0006872 -0.6703852
vn -0.7644441 0.0882426 -0.6386223
vn -0.2455775 0.9598139 0.1358266
vn 0.6983444 0.0989859 0.7088842
vn 0.7165021 0.0016739 0.6975829
vn 0.7278428 -0.0839962 0.6805802
vn 0.2426864 -0.9406835 -0.2371032
vn -0.6828424 -0.0794593 -0.7262317
vn -0.7115520 0.0010012 -0.7026327
vn -0.7338234 0.0917127 -0.6731211
vn -0.2632292 0.9646427 -0.0132269
vn 0.6792234 0.1065958 0.7261494
vn 0.6965933 0.0057399 0.7174433
vn 0.7113890 -0.0752780 0.6987553
vn 0.4268459 -0.8830571 -0.1949684
vn -0.6452615 -0.0744060 -0.7603297
vn -0.6776212 0.0032756 -0.7354038
vn -0.6987244 0.0951674 -0.7090327
vn -0.2800724 0.9583804 -0.0553751
vn 0.6513633 0.1086865 0.7509414
vn 0.6698595 0.0066826 0.7424578
vn 0.6866536 -0.0712076 0.7234890
vn 0.4932137 -0.8568863 -0.1499537
vn -0.6143383 -0.0719239 -0.7857578
vn -0.6476823 0.0036845 -0.7619016
vn -0.6694548 0.0960225 -0.7366206
vn -0.2776423 0.9547347 0.1067534
vn 0.6102435 0.1013181 0.7857083
vn 0.6325101 0.0024375 0.7745483
vn 0.6481635 -0.0751114 0.7577878
vn 0.3396050 -0.9211144 -0.1903068
vn -0.5953274 -0.0724685 -0.8002085
vn -0.6253043 0.0015587 -0.7803795
vn -0.6512270 0.0940741 -0.7530295
vn -0.2571649 0.9021104 0.3465010
vn 0.5647317 0.0907162 0.8202735
vn 0.5906649 -0.0033938 0.8069098
vn 0.6025295 -0.0822711 0.7938449
vn 0.0722199 -0.9562900 -0.2833615
vn -0.5785205 -0.0736825 -0.8123330
vn -0.6047454 -0.0013327 -0.7964178
vn -0.6367452 0.0906535 -0.7657268
vn -0.2729179 0.8693461 0.4120111
vn 0.5276191 0.0863951 0.8450763
vn 0.5546114 -0.0052528 0.8320929
vn 0.5642319 -0.0839837 0.8213337
vn 0.0050236 -0.9554488 -0.2951142
vn -0.5505682 -0.0732845 -0.8315672
vn -0.5767344 -0.0025898 -0.8169276
vn -0.6123638 0.0874936 -0.7857197
vn -0.2984996 0.8983523 0.3222750
vn 0.5005213 0.0884534 0.8611936
vn 0.5259728 -0.0028754 0.8504965
vn 0.5370617 -0.0795210 0.8397863
vn 0.1391173 -0.9599581 -0.2431601
vn -0.5099153 -0.0705375 -0.8573277
vn -0.5394305 -0.0014230 -0.8420289
vn -0.5750463 0.0862102 -0.8135660
vn -0.3059949 0.9274141 0.2151050
vn 0.4739557 0.0907106 0.8758639
vn 0.4972744 -0.0001251 0.8675933
vn 0.5109214 -0.0747822 0.8563685
vn 0.2898762 -0.9397350 -0.1813008
vn -0.4661206 -0.0676432 -0.8821315
vn -0.4994097 0.0002630 -0.8663659
vn -0.5343616 0.0853234 -0.8409385
vn -0.3208025 0.9209547 0.2211971
vn 0.4378632 0.0878384 0.8947403
vn 0.4608635 -0.0004508 0.8874709
vn 0.4750277 -0.0749558 0.8767727
vn 0.2986139 -0.9389038 -0.1711413
vn -0.4296653 -0.0673904 -0.9004700
vn -0.4640824 0.0001106 -0.8857920
vn -0.5007819 0.0823146 -0.8616506
vn -0.3558204 0.8804380 0.3134019
vn 0.3938495 0.0812628 0.9155757
vn 0.4179090 -0.0031419 0.9084835
vn 0.4301575 -0.0792135 0.8992718
vn 0.2022245 -0.9571875 -0.2071167
vn -0.3990233 -0.0693357 -0.9143156
vn -0.4327550 -0.0016970 -0.9015100
vn -0.4734193 0.0772513 -0.8774431
vn -0.3842590 0.8628668 0.3283381
vn 0.3543479 0.0778321 0.9318689
vn 0.3779349 -0.0039486 0.9258237
vn 0.3892686 -0.0811541 0.9175424
vn 0.1902679 -0.9605044 -0.2030503
vn -0.3615924 -0.0702219 -0.9296880
vn -0.3966603 -0.0024542 -0.9179622
vn -0.4396224 0.0733038 -0.8951864
vn -0.3613771 0.9126717 0.1908847
vn 0.3267946 0.0809571 0.9416216
vn 0.3468921 -0.0005256 0.9379049
vn 0.3613634 -0.0769990 0.9292404
vn 0.3470121 -0.9305601 -0.1167928
vn -0.3099133 -0.0680488 -0.9483265
vn -0.3500185 -0.0002753 -0.9367427
vn -0.3907452 0.0732352 -0.9175810
vn -0.2780128 0.9599260 -0.0353695
vn 0.3042810 0.0871930 0.9485834
vn 0.3196511 0.0048715 0.9475228
vn 0.3395790 -0.0700435 0.9379659
vn 0.5408688 -0.8408039 0.0225775
vn -0.2508763 -0.0648473 -0.9658447
vn -0.2974966 0.0033405 -0.9547170
vn -0.3333376 0.0754843 -0.9397809
vn -0.2228662 0.9574693 -0.1832571
vn 0.2718549 0.0897766 0.9581415
vn 0.2852317 0.0077497 0.9584273
vn 0.3091533 -0.0668685 0.9486584
vn 0.6131295 -0.7792207 0.1299512
vn -0.1997818 -0.0649114 -0.9776880
vn -0.2497363 0.0050044 -0.9683010
vn -0.2822924 0.0759527 -0.9563170
vn -0.2662853 0.9542311 -0.1361436
vn 0.2213991 0.0846146 0.9715054
vn 0.2376188 0.0055252 0.9713428
vn 0.2621350 -0.0715363 0.9623761
vn 0.5502685 -0.8260218 0.1220351
vn -0.1649892 -0.0696980 -0.9838296
vn -0.2124241 0.0031912 -0.9771724
vn -0.2459285 0.0728505 -0.9665464
vn -0.3646877 0.9290497 0.0622053
vn 0.1623078 0.0757103 0.9838314
vn 0.1827376 0.0005533 0.9831616
vn 0.2053637 -0.0811575 0.9753149
vn 0.4091335 -0.9124555 -0.0058881
vn -0.1369829 -0.0758639 -0.9876641
vn -0.1796526 -0.0000646 -0.9837301
vn -0.2172613 0.0682402 -0.9737252
vn -0.4138630 0.8982859 0.1476479
vn 0.1113170 0.0714749 0.9912113
vn 0.1328248 -0.0019168 0.9911377
vn 0.1545982 -0.0874752 0.9840973
vn 0.3389488 -0.9381092 -0.0711678
vn -0.0991116 -0.0798657 -0.9918661
vn -0.1404073 -0.0016316 -0.9900925
vn -0.1807277 0.0655327 -0.9813475
vn -0.3842984 0.9217730 0.0514709
vn 0.0718327 0.0736744 0.9946920
vn 0.0914636 -0.0004270 0.9958083
vn 0.1152461 -0.0876456 0.9894628
vn 0.3823820 -0.9239877 -0.0055477
vn -0.0480764 -0.0813267 -0.9955273
vn -0.0919609 -0.0007621 -0.9957623
vn -0.1313681 0.0660462 -0.9891311
vn -0.3301204 0.9417537 -0.0641910
vn 0.0328871 0.0769962 0.9964888
vn 0.0508654 0.0016460 0.9987042
vn 0.0771244 -0.0869129 0.9932260
vn 0.4277730 -0.9008048 0.0745718
vn 0.0050398 -0.0825583 -0.9965735
vn -0.0417981 0.0004085 -0.9991260
vn -0.0795603 0.0675266 -0.9945403
vn -0.3599590 0.9321484 -0.0391004
vn -0.0173547 0.0757038 0.9969793
vn 0.0020023 0.0004524 0.9999979
vn 0.0283303 -0.0913430 0.9954164
vn 0.3968358 -0.9166910 0.0468925
vn 0.0481021 -0.0858403 -0.9951470
vn 0.0017401 -0.0005007 -0.9999984
vn -0.0373589 0.0670393 -0.9970507
vn -0.4679087 0.8790975 0.0908241
vn -0.0765477 0.0706227 0.9945617
vn -0.0543762 -0.0037313 0.9985135
vn -0.0307870 -0.1005190 0.9944587
vn 0.3086383 -0.9481846 -0.0754216
vn 0.0827734 -0.0904405 -0.9924561
vn 0.0394961 -0.0032029 -0.9992146
vn -0.0043648 0.0644738 -0.9979099
vn -0.5233111 0.8437616 0.1192135
vn -0.1295131 0.0689857 0.9891751
vn -0.1071226 -0.0061354 0.9942269
vn -0.0858481 -0.1063807 0.9906126
vn 0.2622384 -0.9568157 -0.1254379
vn 0.1235206 -0.0934089 -0.9879359
vn 0.0814125 -0.0048219 -0.9966688
vn 0.0337985 0.0630978 -0.9974349
vn -0.4494922 0.8932840 0.0007220
vn -0.1673316 0.0749316 0.9830490
vn -0.1483917 -0.0035489 0.9889223
vn -0.1257821 -0.1035860 0.9866351
vn 0.3109748 -0.9496995 -0.0369541
vn 0.1791164 -0.0924075 -0.9794785
vn 0.1342534 -0.0031211 -0.9909421
vn 0.0879450 0.0662205 -0.9939218
vn -0.2666614 0.9491794 -0.1671830
vn -0.1965199 0.0854398 0.9767702
vn -0.1824451 0.0021583 0.9832137
vn -0.1560567 -0.0953045 0.9831395
vn 0.3996426 -0.9079392 0.1262229
vn 0.2431308 -0.0884394 -0.9659533
vn 0.1936244 0.0007737 -0.9810754
vn 0.1520639 0.0727242 -0.9856915
vn -0.1284487 0.9530889 -0.2740849
vn -0.2322062 0.0936821 0.9681446
vn -0.2203566 0.0063342 0.9753988
vn -0.1911000 -0.0886047 0.9775633
vn 0.4403336 -0.8615309 0.2527269
vn 0.3007462 -0.0853322 -0.9498790
vn 0.2489313 0.0034915 -0.9685149
vn 0.2111223 0.0782751 -0.9743205
vn -0.1383558 0.9485392 -0.2848351
vn -0.2832046 0.0949367 0.9543491
vn -0.2688667 0.0058573 0.9631596
vn -0.2395310 -0.0881682 0.9668771
vn 0.4193593 -0.8691086 0.2622747
vn 0.3433144 -0.0852444 -0.9353441
vn 0.2940982 0.0030824 -0.9557702
vn 0.2563011 0.0803638 -0.9632504
vn -0.2453978 0.9424793 -0.2269642
vn -0.3418342 0.0916958 0.9352760
vn -0.3233130 0.0023611 0.9462891
vn -0.2960099 -0.0918260 0.9507608
vn 0.3783106 -0.9096851 0.1713305
vn 0.3774886 -0.0861487 -0.9219982
vn 0.3333703 0.0010138 -0.9427954
vn 0.2927871 0.0805535 -0.9527785
vn -0.2964044 0.9336025 -0.2013226
vn -0.3933127 0.0913306 0.9148573
vn -0.3730125 0.0006568 0.9278261
vn -0.3472818 -0.0923727 0.9332002
vn 0.3590043 -0.9245397 0.1278371
vn 0.4168344 -0.0849989 -0.9049996
vn 0.3757775 0.0001688 -0.9267099
vn 0.3334726 0.0819651 -0.9391899
vn -0.2327594 0.9401923 -0.2487197
vn -0.4340552 0.0964453 0.8957089
vn -0.4145351 0.0025739 0.9100297
vn -0.3883824 -0.0870204 0.9173803
vn 0.3638930 -0.9064437 0.2143402
vn 0.4647543 -0.0812509 -0.8817039
vn 0.4238625 0.0014452 -0.9057254
vn 0.3828140 0.0855485 -0.9198559
vn -0.1521327 0.9405665 -0.3036286
vn -0.4732524 0.1021401 0.8749854
vn -0.4544513 0.0049952 0.8907576
vn -0.4273760 -0.0806785 0.9004669
vn 0.3569999 -0.8743018 0.3288577
vn 0.5123465 -0.0772527 -0.8552971
vn 0.4715021 0.0029292 -0.8818601
vn 0.4322284 0.0890783 -0.8973537
vn -0.1933457 0.9356616 -0.2952198
vn -0.5211326 0.1013780 0.8474334
vn -0.5005799 0.0036239 0.8656827
vn -0.4743754 -0.0799819 0.8766817
vn 0.3443782 -0.8877149 0.3055583
vn 0.5496235 -0.0756652 -0.8319788
vn 0.5117207 0.0022401 -0.8591489
vn 0.4714942 0.0900387 -0.8772606
vn -0.3772989 0.9024308 -0.2080005
vn -0.5759109 0.0933676 0.8121633
vn -0.5523818 -0.0019409 0.8335890
vn -0.5298699 -0.0860309 0.8437041
vn 0.3525549 -0.9314887 0.0896323
vn 0.5774953 -0.0762660 -0.8128239
vn 0.5446858 -0.0007018 -0.8386399
vn 0.5000681 0.0881968 -0.8614831
vn -0.5085651 0.8456487 -0.1619873
vn -0.6246155 0.0869376 0.7760781
vn -0.6001877 -0.0064299 0.7998334
vn -0.5822099 -0.0910618 0.8079229
vn 0.3478546 -0.9348676 -0.0708496
vn 0.6078141 -0.0764422 -0.7903915
vn 0.5781694 -0.0034187 -0.8159096
vn 0.5295464 0.0852284 -0.8439886
vn -0.4803971 0.8518278 -0.2088252
vn -0.6598203 0.0883936 0.7462062
vn -0.6373586 -0.0056136 0.7705469
vn -0.6212147 -0.0882636 0.7786539
vn 0.3364938 -0.9416793 -0.0034667
vn 0.6482199 -0.0734260 -0.7579047
vn 0.6182632 -0.0031505 -0.7859648
vn 0.5702150 0.0843025 -0.8171585
vn -0.3422612 0.8985628 -0.2746675
vn -0.6856184 0.0950864 0.7217243
vn -0.6668260 -0.0009013 0.7452129
vn -0.6497307 -0.0798106 0.7559632
vn 0.3206436 -0.9225855 0.2145311
vn 0.6945468 -0.0673946 -0.7162840
vn 0.6625573 -0.0000042 -0.7490112
vn 0.6185309 0.0861529 -0.7810232
vn -0.2124864 0.9250976 -0.3147124
vn -0.7118457 0.1000635 0.6951712
vn -0.6961140 0.0032044 0.7179241
vn -0.6776154 -0.0723301 0.7318509
vn 0.2847774 -0.8693461 0.4039049
vn 0.7367200 -0.0621348 -0.6733372
vn 0.7038127 0.0029724 -0.7103794
vn 0.6637273 0.0875526 -0.7428328
vn -0.1960056 0.9226930 -0.3319932
vn -0.7445524 0.0983317 0.6602822
vn -0.7296661 0.0034670 0.6837949
vn -0.7111197 -0.0705396 0.6995233
vn 0.2590979 -0.8565209 0.4463634
vn 0.7689950 -0.0607539 -0.6363613
vn 0.7376965 0.0032401 -0.6751247
vn 0.6995047 0.0856628 -0.7094752
vn -0.2647416 0.9026428 -0.3393345
vn -0.7796718 0.0921454 0.6193715
vn -0.7646165 0.0011838 0.6444845
vn -0.7472864 -0.0729124 0.6604898
vn 0.2633329 -0.8826709 0.3892916
vn 0.7950791 -0.0619007 -0.6033386
vn 0.7665423 0.0015971 -0.6421919
vn 0.7290004 0.0813168 -0.6796660
vn -0.2751215 0.8936867 -0.3544464
vn -0.8091046 0.0886419 0.5809409
vn -0.7949850 0.0006793 0.6066288
vn -0.7784770 -0.0732197 0.6233878
vn 0.2499418 -0.8842591 0.3944807
vn 0.8224517 -0.0617951 -0.5654684
vn 0.7956559 0.0010778 -0.6057479
vn 0.7600340 0.0779572 -0.6451907
vn -0.1546537 0.9137192 -0.3757651
vn -0.8311678 0.0906345 0.5485850
vn -0.8193168 0.0037229 0.5733290
vn -0.8023097 -0.0685495 0.5929587
vn 0.1740404 -0.8333572 0.5246195
vn 0.8526753 -0.0591693 -0.5190798
vn 0.8264289 0.0030661 -0.5630327
vn 0.7948743 0.0775356 -0.6017999
vn 0.0144881 0.9205953 -0.3902491
vn -0.8511928 0.0937977 0.5164038
vn -0.8414951 0.0074759 0.5402130
vn -0.8235798 -0.0628571 0.5637068
vn 0.0573311 -0.7542909 0.6540324
vn 0.8806424 -0.0568757 -0.4703554
vn 0.8552343 0.0054899 -0.5182124
vn 0.8280612 0.0779057 -0.5551985
vn 0.0657480 0.9097396 -0.4099402
vn -0.8750946 0.0912565 0.4752702
vn -0.8657942 0.0075764 0.5003429
vn -0.8477910 -0.0625225 0.5266321
vn -0.0063870 -0.7415521 0.6708649
vn 0.9013188 -0.0586553 -0.4291667
vn 0.8783482 0.0052098 -0.4779930
vn 0.8538836 0.0755847 -0.5149464
vn -0.1162030 0.8948494 -0.4309773
vn -0.9023424 0.0808288 0.4233732
vn -0.8921070 0.0026505 0.4518164
vn -0.8751512 -0.0702575 0.4787215
vn 0.0870016 -0.8322203 0.5475765
vn 0.9152153 -0.0642175 -0.3978155
vn 0.8959771 0.0016892 -0.4440971
vn 0.8720497 0.0698856 -0.4844020
vn -0.3534397 0.8272447 -0.4367455
vn -0.9260510 0.0702602 0.3708006
vn -0.9158139 -0.0029926 0.4015917
vn -0.9003733 -0.0802992 0.4276447
vn 0.2418001 -0.8951478 0.3744906
vn 0.9280126 -0.0694926 -0.3660102
vn 0.9118713 -0.0022020 -0.4104703
vn 0.8878420 0.0632969 -0.4557743
vn -0.3660780 0.8062451 -0.4647104
vn -0.9424370 0.0676284 0.3274736
vn -0.9336789 -0.0041076 0.3580876
vn -0.9191855 -0.0838663 0.3847914
vn 0.2450074 -0.8979705 0.3655413
vn 0.9435165 -0.0714909 -0.3235209
vn 0.9289622 -0.0032278 -0.3701606
vn 0.9064644 0.0596591 -0.4180468
vn -0.2058516 0.8508744 -0.4833609
vn -0.9536293 0.0717061 0.2923173
vn -0.9469993 -0.0009427 0.3212342
vn -0.9328683 -0.0809565 0.3510025
vn 0.1347797 -0.8673411 0.4791178
vn 0.9598490 -0.0704113 -0.2715365
vn 0.9462905 -0.0012097 -0.3233155
vn 0.9267823 0.0601907 -0.3707447
vn -0.0424791 0.8796650 -0.4736929
vn -0.9635209 0.0760729 0.2565938
vn -0.9586899 0.0023876 0.2844433
vn -0.9449376 -0.0778575 0.3178540
vn 0.0286902 -0.8227307 0.5677069
vn 0.9731836 -0.0695261 -0.2192708
vn 0.9611444 0.0009836 -0.2760444
vn 0.9445318 0.0617556 -0.3225614
vn -0.0099227 0.8753110 -0.4834586
vn -0.9740204 0.0757189 0.2134266
vn -0.9701846 0.0025071 0.2423544
vn -0.9571520 -0.0795909 0.2784336
vn 0.0070561 -0.8180990 0.5750341
vn 0.9820853 -0.0715803 -0.1743124
vn 0.9723635 0.0008249 -0.2334706
vn 0.9577883 0.0610627 -0.2809143
vn -0.0661750 0.8530515 -0.5176138
vn -0.9835036 0.0723824 0.1657755
vn -0.9804651 0.0003607 0.1966929
vn -0.9683992 -0.0847935 0.2345486
vn 0.0466050 -0.8397474 0.5409734
vn 0.9880928 -0.0752332 -0.1342111
vn 0.9809870 -0.0008843 -0.1940716
vn 0.9679826 0.0586333 -0.2440733
vn -0.0437409 0.8473680 -0.5292015
vn -0.9898344 0.0724272 0.1224017
vn -0.9880594 0.0001380 0.1540732
vn -0.9770907 -0.0868649 0.1942892
vn 0.0369749 -0.8377627 0.5447812
vn 0.9929613 -0.0768777 -0.0900979
vn 0.9883886 -0.0010588 -0.1519434
vn 0.9773480 0.0581637 -0.2034891
vn 0.1157957 0.8678832 -0.4830840
vn -0.9931924 0.0783798 0.0861711
vn -0.9930836 0.0037948 0.1173477
vn -0.9834462 -0.0824980 0.1613310
vn -0.0688840 -0.7948386 0.6028985
vn 0.9964187 -0.0751477 -0.0387631
vn 0.9944959 0.0016636 -0.1047626
vn 0.9859383 0.0617446 -0.1552847
vn 0.3095573 0.8609641 -0.4036274
vn -0.9949745 0.0861969 0.0509496
vn -0.9965655 0.0087164 0.0823488
vn -0.9885810 -0.0754598 0.1304352
vn -0.2141225 -0.7284887 0.6507348
vn 0.9972664 -0.0726067 0.0137136
vn 0.9983780 0.0051103 -0.0567029
vn 0.9922013 0.0668319 -0.1052143
vn 0.4174829 0.8292242 -0.3716118
vn -0.9959600 0.0893980 0.0084670
vn -0.9990221 0.0106026 0.0429228
vn -0.9929488 -0.0720151 0.0941625
vn -0.3093400 -0.6938379 0.6503059
vn 0.9956204 -0.0728876 0.0585443
vn 0.9998889 0.0060181 -0.0136345
vn 0.9956845 0.0693001 -0.0617244
vn 0.3828945 0.8189717 -0.4274074
vn -0.9954596 0.0851723 -0.0424957
vn -0.9999670 0.0077165 -0.0025347
vn -0.9958823 -0.0751015 0.0507770
vn -0.2822033 -0.7259100 0.6272287
vn 0.9927596 -0.0758515 0.0931396
vn 0.9997260 0.0037792 0.0231013
vn 0.9972900 0.0682785 -0.0273972
vn 0.2429942 0.8175835 -0.5220259
vn -0.9924736 0.0786341 -0.0938771
vn -0.9987886 0.0031793 -0.0491043
vn -0.9967314 -0.0805955 0.0055627
vn -0.1581005 -0.7772434 0.6090131
vn 0.9891435 -0.0776933 0.1247354
vn 0.9983136 0.0010701 0.0580414
vn 0.9977730 0.0666108 0.0034579
vn 0.2052342 0.8058351 -0.5554356
vn -0.9873189 0.0774613 -0.1385679
vn -0.9958540 0.0018162 -0.0909476
vn -0.9961068 -0.0807867 -0.0352806
vn -0.1256180 -0.7826400 0.6096677
vn 0.9838600 -0.0763705 0.1618242
vn 0.9953656 0.0004689 0.0961619
vn 0.9970001 0.0670352 0.0386932
vn 0.3180121 0.7950808 -0.5164443
vn -0.9806104 0.0819896 -0.1779913
vn -0.9917476 0.0040381 -0.1281421
vn -0.9946302 -0.0747918 -0.0715333
vn -0.2411101 -0.7476229 0.6188101
vn 0.9762606 -0.0727447 0.2040183
vn 0.9905344 0.0018488 0.1372520
vn 0.9944650 0.0695012 0.0787972
vn 0.4517823 0.7666709 -0.4561891
vn -0.9721874 0.0871774 -0.2173746
vn -0.9863383 0.0066973 -0.1645964
vn -0.9919298 -0.0675830 -0.1072740
vn -0.3947948 -0.6938255 0.6022817
vn 0.9668983 -0.0690616 0.2456384
vn 0.9840656 0.0032262 0.1777767
vn 0.9903374 0.0717896 0.1186515
vn 0.5544257 0.7247968 -0.4090009
vn -0.9617113 0.0901036 -0.2588296
vn -0.9793140 0.0080658 -0.2021858
vn -0.9875607 -0.0617740 -0.1445955
vn -0.5277815 -0.6422816 0.5558067
vn 0.9565477 -0.0666377 0.2838590
vn 0.9763795 0.0035009 0.2160343
vn 0.9851097 0.0725082 0.1558890
vn 0.8164875 0.5475801 -0.1830416
vn -0.9489256 0.1023569 -0.2984348
vn -0.9715586 0.0137530 -0.2363994
vn -0.9821978 -0.0485162 -0.1814762
vn -0.8498984 -0.4346122 0.2979680
vn 0.9426937 -0.0675172 0.3267568
vn 0.9667585 0.0035464 0.2556666
vn 0.9775459 0.0700042 0.1987547
vn 0.9671905 0.2188674 0.1289944
vn -0.9163990 0.1781691 -0.3584251
vn -0.9629410 0.0309717 -0.2679280
vn -0.9754881 -0.0258710 -0.2185262
vn -0.9867515 -0.1449863 -0.0728043
vn 0.9053967 -0.1102590 0.4099997
vn 0.9560050 -0.0044722 0.2933162
vn 0.9683769 0.0530668 0.2437828
vn 0.9793672 0.1282630 -0.1561682
vn 0.9764926 0.0013706 -0.2155466
vn 0.9515836 -0.1578032 -0.2637931
vn -0.9693148 -0.1726125 0.1750251
vn -0.9728062 -0.0077096 0.2314924
vn -0.9516382 0.1156123 0.2846377
vn 0.8946504 0.4456049 0.0322018
vn 0.9810601 0.0301256 -0.1913464
vn 0.9707168 -0.0724727 -0.2290340
vn -0.8632534 -0.5043419 0.0208016
vn -0.9783005 -0.0370871 0.2038446
vn -0.9679235 0.0606914 0.2438046
vn 0.5510453 0.7889091 0.2719771
vn 0.9849234 0.0399973 -0.1683037
vn 0.9766866 -0.0602355 -0.2060458
vn -0.6769139 -0.7265966 -0.1176650
vn -0.9829726 -0.0457489 0.1779658
vn -0.9741282 0.0545941 0.2193028
vn 0.5701842 0.7665087 0.2955579
vn 0.9889956 0.0393719 -0.1426101
vn 0.9820128 -0.0603378 -0.1789139
vn -0.7279414 -0.6815309 -0.0749457
vn -0.9861955 -0.0454773 0.1592178
vn -0.9779234 0.0553929 0.2014883
vn 0.1593923 0.9146585 0.3714753
vn 0.9908287 0.0479315 -0.1263370
vn 0.9854557 -0.0485477 -0.1628504
vn -0.3147992 -0.9029489 -0.2925488
vn -0.9904651 -0.0460191 0.1298508
vn -0.9841293 0.0503568 0.1701577
vn 0.0401326 0.9238950 0.3805357
vn 0.9930774 0.0498959 -0.1063380
vn 0.9886967 -0.0429789 -0.1436375
vn 0.0076916 -0.9143113 -0.4049392
vn -0.9936229 -0.0442150 0.1037232
vn -0.9884683 0.0468882 0.1439859
vn 0.4891695 0.7966600 0.3550296
vn 0.9959861 0.0406882 -0.0797256
vn 0.9921369 -0.0477388 -0.1156956
vn -0.3438417 -0.8928900 -0.2907238
vn -0.9951399 -0.0413037 0.0893899
vn -0.9906469 0.0451562 0.1287619
vn 0.5672439 0.7372148 0.3670813
vn 0.9977327 0.0372365 -0.0560608
vn 0.9945172 -0.0495870 -0.0920690
vn -0.3235444 -0.9006416 -0.2901100
vn -0.9967198 -0.0412160 0.0696482
vn -0.9930939 0.0424103 0.1093890
vn 0.2165719 0.8904997 0.4001337
vn 0.9983302 0.0414437 -0.0402391
vn 0.9960591 -0.0455871 -0.0760796
vn 0.0594862 -0.9160037 -0.3967349
vn -0.9982435 -0.0427029 0.0410658
vn -0.9959094 0.0413625 0.0803341
vn -0.3978781 0.8677609 0.2977987
vn 0.9983960 0.0495671 -0.0273597
vn 0.9972125 -0.0401860 -0.0628673
vn 0.4479310 -0.7820030 -0.4333926
vn -0.9989138 -0.0458167 0.0084895
vn -0.9979088 0.0421037 0.0490443
vn 0.0173089 0.9157008 0.4014878
vn 0.9990482 0.0434861 0.0034050
vn 0.9981122 -0.0513215 -0.0337358
vn -0.0689722 -0.9271866 -0.3681955
vn -0.9988345 -0.0481988 -0.0025720
vn -0.9982348 0.0449898 0.0387706
vn 0.1726724 0.8932354 0.4151082
vn 0.9986752 0.0425031 0.0290044
vn 0.9983694 -0.0566396 -0.0071087
vn -0.3418141 -0.8931800 -0.2922202
vn -0.9985759 -0.0496499 -0.0195216
vn -0.9985962 0.0482312 0.0218967
vn -0.1703841 0.9227212 0.3457671
vn 0.9977524 0.0498624 0.0447655
vn 0.9986615 -0.0508269 0.0095854
vn -0.1708685 -0.9226657 -0.3456761
vn -0.9976183 -0.0504432 -0.0470451
vn -0.9987257 0.0501670 -0.0054996
vn -0.3709029 0.8896311 0.2664348
vn 0.9965755 0.0566667 0.0602179
vn 0.9987693 -0.0430753 0.0245857
vn 0.1851446 -0.8976080 -0.4000266
vn -0.9959821 -0.0488491 -0.0750555
vn -0.9981810 0.0498401 -0.0339224
vn -0.0564244 0.9267965 0.3713011
vn 0.9948747 0.0505301 0.0875847
vn 0.9976597 -0.0451582 0.0513404
vn -0.0602813 -0.9229867 -0.3800813
vn -0.9949109 -0.0455897 -0.0898545
vn -0.9976008 0.0488997 -0.0490053
vn 0.4255194 0.7793782 0.4598945
vn 0.9924522 0.0399141 0.1159545
vn 0.9953650 -0.0507642 0.0816798
vn -0.4222869 -0.8592855 -0.2886211
vn -0.9941538 -0.0427736 -0.0991399
vn -0.9971749 0.0462606 -0.0591784
vn 0.0791782 0.9111312 0.4044388
vn 0.9907930 0.0454592 0.1275253
vn 0.9948035 -0.0422221 0.0926466
vn 0.1851269 -0.9063194 -0.3798857
vn -0.9906240 -0.0415295 -0.1301512
vn -0.9948702 0.0431780 -0.0914816
vn -0.2518755 0.9234606 0.2894465
vn 0.9887102 0.0489385 0.1416230
vn 0.9935418 -0.0380096 0.1069112
vn 0.5306825 -0.7719758 -0.3498991
vn -0.9865747 -0.0418996 -0.1578443
vn -0.9919779 0.0417785 -0.1193078
vn -0.2531830 0.9217169 0.2938306
vn 0.9854401 0.0469359 0.1634164
vn 0.9907849 -0.0414381 0.1289505
vn 0.4583813 -0.8219091 -0.3381599
vn -0.9834856 -0.0443000 -0.1754809
vn -0.9896228 0.0417063 -0.1375036
vn 0.1877238 0.8719797 0.4521186
vn 0.9804654 0.0400612 0.1925686
vn 0.9860937 -0.0529555 0.1575277
vn -0.0845983 -0.9334430 -0.3486076
vn -0.9817030 -0.0464918 -0.1846558
vn -0.9882771 0.0438732 -0.1462311
vn -0.2017411 0.9315789 0.3024255
vn 0.9772777 0.0468188 0.2067276
vn 0.9835957 -0.0499718 0.1733270
vn 0.0819673 -0.9329475 -0.3505571
vn -0.9762190 -0.0497286 -0.2110059
vn -0.9837810 0.0462743 -0.1733021
vn -0.6056395 0.7928658 0.0675622
vn 0.9743685 0.0575432 0.2174735
vn 0.9817559 -0.0427105 0.1852866
vn 0.3918566 -0.8598536 -0.3272617
vn -0.9691632 -0.0528370 -0.2406886
vn -0.9781786 0.0481078 -0.2021193
vn -0.4053698 0.8930735 0.1951797
vn 0.9683028 0.0544545 0.2437711
vn 0.9764592 -0.0463751 0.2106578
vn 0.1271653 -0.9291781 -0.3470691
vn -0.9661415 -0.0512083 -0.2528800
vn -0.9752540 0.0501208 -0.2153314
vn -0.0196284 0.9274705 0.3733807
vn 0.9618877 0.0483848 0.2691299
vn 0.9703468 -0.0497582 0.2365401
vn -0.2374522 -0.9010697 -0.3628908
vn -0.9631507 -0.0472066 -0.2647871
vn -0.9723139 0.0513467 -0.2279675
vn 0.0319525 0.9219594 0.3859662
vn 0.9568042 0.0477626 0.2867831
vn 0.9658189 -0.0462288 0.2550622
vn -0.0650015 -0.9339521 -0.3514375
vn -0.9577561 -0.0445456 -0.2841109
vn -0.9672566 0.0485734 -0.2491089
vn -0.4177054 0.8955299 0.1534547
vn 0.9531702 0.0546791 0.2974504
vn 0.9632662 -0.0365863 0.2660446
vn 0.6302333 -0.7522529 -0.1921498
vn -0.9487804 -0.0444575 -0.3127926
vn -0.9592778 0.0436146 -0.2790769
vn -0.3117021 0.9247487 0.2183615
vn 0.9466361 0.0503320 0.3183501
vn 0.9571756 -0.0383069 0.2869626
vn 0.6230448 -0.7636421 -0.1693103
vn -0.9434063 -0.0439870 -0.3287091
vn -0.9543044 0.0417258 -0.2959088
vn -0.0190608 0.9332227 0.3587926
vn 0.9394272 0.0436845 0.3399532
vn 0.9497281 -0.0443867 0.3099133
vn 0.3010290 -0.9166812 -0.2628252
vn -0.9389437 -0.0436873 -0.3412861
vn -0.9497197 0.0424426 -0.3102115
vn -0.2927172 0.9302415 0.2212857
vn 0.9332545 0.0462097 0.3562312
vn 0.9441399 -0.0443823 0.3265427
vn 0.4315209 -0.8779710 -0.2072598
vn -0.9309440 -0.0470858 -0.3621136
vn -0.9427046 0.0424011 -0.3309234
vn -0.6740987 0.7367572 -0.0527226
vn 0.9271989 0.0532759 0.3707612
vn 0.9386502 -0.0408568 0.3424420
vn 0.6401998 -0.7632923 -0.0867699
vn -0.9213785 -0.0538510 -0.3849178
vn -0.9344821 0.0414989 -0.3535833
vn -0.8176369 0.5424592 -0.1928936
vn 0.9197049 0.0616794 0.3877351
vn 0.9324269 -0.0369917 0.3594602
vn 0.7647797 -0.6439065 0.0222812
vn -0.9117413 -0.0620721 -0.4060478
vn -0.9268784 0.0400627 -0.3732176
vn -0.8450170 0.4854921 -0.2241508
vn 0.9097732 0.0683534 0.4094394
vn 0.9239124 -0.0348065 0.3810175
vn 0.8291365 -0.5417158 0.1381183
vn -0.9045144 -0.0681270 -0.4209660
vn -0.9202756 0.0373056 -0.3894883
vn -0.9151792 0.1595597 -0.3701185
vn 0.8905270 0.1446689 0.4313149
vn 0.9162970 -0.0019786 0.4004946
vn 0.9255528 -0.1580664 0.3440450
vn -0.8789408 -0.1425041 -0.4551434
vn -0.9110649 0.0059803 -0.4122195
vn 0.6834448 0.1333898 0.7177119
vn 0.7516448 -0.0011071 0.6595672
vn 0.7871080 -0.1417679 0.6003023
vn -0.7077318 -0.1543277 -0.6894191
vn -0.7637120 -0.0094326 -0.6454882
vn -0.8105718 0.1211453 -0.5729722
vn 0.4473452 0.4199635 0.7896283
vn 0.7341612 0.0261835 0.6784701
vn 0.7666967 -0.0706088 0.6381148
vn -0.5500988 -0.4160731 -0.7240680
vn -0.7456888 -0.0361389 -0.6653136
vn -0.7825060 0.0602183 -0.6197242
vn 0.2118692 0.5842165 0.7834555
vn 0.7195681 0.0307451 0.6937409
vn 0.7517155 -0.0618539 0.6565805
vn -0.4512620 -0.5505688 -0.7023080
vn -0.7347325 -0.0420253 -0.6770539
vn -0.7720410 0.0510473 -0.6335195
vn -0.0951239 0.7774361 0.6217270
vn 0.7108440 0.0396052 0.7022338
vn 0.7439990 -0.0485049 0.6664178
vn -0.0703408 -0.7959393 -0.6012760
vn -0.7182425 -0.0418045 -0.6945359
vn -0.7543225 0.0453674 -0.6549346
vn -0.2564470 0.8382315 0.4812513
vn 0.7015064 0.0436149 0.7113273
vn 0.7356919 -0.0408954 0.6760807
vn 0.3528606 -0.8578292 -0.3736557
vn -0.7022283 -0.0395279 -0.7108536
vn -0.7384084 0.0421657 -0.6730342
vn -0.1639946 0.7942808 0.5849990
vn 0.6893761 0.0392696 0.7233384
vn 0.7232979 -0.0420776 0.6892529
vn 0.3346383 -0.8621050 -0.3805158
vn -0.6920909 -0.0386504 -0.7207748
vn -0.7280091 0.0393757 -0.6844357
vn 0.0382674 0.6221512 0.7819613
vn 0.6728945 0.0309044 0.7390926
vn 0.7074268 -0.0505582 0.7049760
vn 0.0770504 -0.8490765 -0.5226207
vn -0.6855101 -0.0406485 -0.7269275
vn -0.7230055 0.0358152 -0.6899133
vn -0.1811342 0.7710514 0.6104672
vn 0.6633602 0.0351061 0.7474763
vn 0.6980809 -0.0477474 0.7144251
vn 0.2831084 -0.8702360 -0.4031611
vn -0.6687333 -0.0416729 -0.7423336
vn -0.7067671 0.0368502 -0.7064859
vn -0.5553148 0.8310295 -0.0318662
vn 0.6588689 0.0486286 0.7506844
vn 0.6942009 -0.0379148 0.7187820
vn 0.6585234 -0.7473246 -0.0886163
vn -0.6433370 -0.0416820 -0.7644476
vn -0.6840141 0.0417400 -0.7282736
vn -0.4953457 0.8566048 0.1444325
vn 0.6410153 0.0451202 0.7662007
vn 0.6777579 -0.0462017 0.7338322
vn 0.4000888 -0.8573557 -0.3238366
vn -0.6354056 -0.0460644 -0.7708033
vn -0.6771966 0.0431270 -0.7345371
vn -0.3376013 0.8327877 0.4387369
vn 0.6213611 0.0399557 0.7825049
vn 0.6582271 -0.0551521 0.7507965
vn 0.0500011 -0.8393954 -0.5412164
vn -0.6290084 -0.0484321 -0.7758884
vn -0.6716606 0.0444226 -0.7395260
vn -0.3599978 0.8396133 0.4067569
vn 0.6071443 0.0422188 0.7934692
vn 0.6436095 -0.0534033 0.7634886
vn 0.0381723 -0.8407353 -0.5400991
vn -0.6151616 -0.0477016 -0.7869567
vn -0.6584195 0.0456556 -0.7512651
vn -0.4965701 0.8665923 0.0493557
vn 0.6014154 0.0543331 0.7970868
vn 0.6394541 -0.0385973 0.7678599
vn 0.5177164 -0.8288198 -0.2121966
vn -0.5895461 -0.0418036 -0.8066523
vn -0.6328380 0.0475726 -0.7728214
vn -0.4371317 0.8735734 0.2139752
vn 0.5843509 0.0503099 0.8099401
vn 0.6234174 -0.0382669 0.7809522
vn 0.5228697 -0.8259894 -0.2105916
vn -0.5764016 -0.0393141 -0.8162203
vn -0.6199039 0.0450678 -0.7833824
vn -0.1781608 0.7092264 0.6820973
vn 0.5616084 0.0355528 0.8266390
vn 0.5987790 -0.0483751 0.7994520
vn 0.1238410 -0.8569557 -0.5002902
vn -0.5746271 -0.0409373 -0.8173909
vn -0.6172140 0.0386174 -0.7858471
vn -0.2757271 0.7776048 0.5650711
vn 0.5498656 0.0380831 0.8343845
vn 0.5878391 -0.0438542 0.8077883
vn 0.4002632 -0.8708630 -0.2852839
vn -0.5543943 -0.0392007 -0.8313304
vn -0.5974451 0.0373697 -0.8010386
vn -0.4622918 0.8790903 0.1161317
vn 0.5425142 0.0459542 0.8387888
vn 0.5803197 -0.0364863 0.8135710
vn 0.6682397 -0.7437267 0.0180659
vn -0.5284599 -0.0374728 -0.8481309
vn -0.5718699 0.0399143 -0.8193727
vn -0.5279452 0.8285721 -0.1863926
vn 0.5302471 0.0509768 0.8463092
vn 0.5684034 -0.0346960 0.8220181
vn 0.7194268 -0.6808676 0.1372748
vn -0.5068550 -0.0395858 -0.8611220
vn -0.5518260 0.0418791 -0.8329071
vn -0.3774066 0.8356327 0.3991018
vn 0.5007684 0.0386555 0.8647177
vn 0.5402140 -0.0522784 0.8399023
vn 0.2919846 -0.8847270 -0.3633223
vn -0.5062368 -0.0464706 -0.8611416
vn -0.5512981 0.0405963 -0.8333201
vn -0.4327535 0.8765978 0.2104773
vn 0.4855532 0.0435867 0.8731199
vn 0.5243683 -0.0514693 0.8499346
vn 0.2953259 -0.8866698 -0.3558080
vn -0.4860325 -0.0479829 -0.8726225
vn -0.5315193 0.0443490 -0.8458844
vn -0.5016896 0.8372147 -0.2176676
vn 0.4762798 0.0556806 0.8775290
vn 0.5148183 -0.0419722 0.8562713
vn 0.5077187 -0.8502070 -0.1391753
vn -0.4580005 -0.0467919 -0.8877196
vn -0.5045781 0.0488548 -0.8619827
vn -0.4995286 0.8418154 -0.2044946
vn 0.4573212 0.0573854 0.8874482
vn 0.4971900 -0.0392811 0.8667521
vn 0.5539252 -0.8312216 -0.0473018
vn -0.4400735 -0.0452838 -0.8968192
vn -0.4862681 0.0488963 -0.8724405
vn -0.3967677 0.8705144 0.2911702
vn 0.4298453 0.0463773 0.9017107
vn 0.4696366 -0.0462319 0.8816485
vn 0.2722118 -0.8782207 -0.3932291
vn -0.4326806 -0.0437082 -0.9004871
vn -0.4780719 0.0467528 -0.8770755
vn -0.3171195 0.8131911 0.4880117
vn 0.4099004 0.0413810 0.9111911
vn 0.4481661 -0.0465807 0.8927359
vn 0.2404276 -0.8829696 -0.4031864
vn -0.4180989 -0.0416286 -0.9074472
vn -0.4618194 0.0432937 -0.8859167
vn -0.4522102 0.8910376 -0.0394712
vn 0.4012107 0.0509940 0.9145652
vn 0.4401923 -0.0346213 0.8972358
vn 0.6446148 -0.7305114 0.2254438
vn -0.3849001 -0.0383642 -0.9221606
vn -0.4283953 0.0424745 -0.9025926
vn -0.4681322 0.8674310 -0.1685695
vn 0.3825338 0.0504590 0.9225626
vn 0.4213356 -0.0342274 0.9062587
vn 0.6519831 -0.6726978 0.3498511
vn -0.3640785 -0.0394981 -0.9305304
vn -0.4071893 0.0408250 -0.9124309
vn -0.4400328 0.8967920 0.0462096
vn 0.3581290 0.0446848 0.9326022
vn 0.3967970 -0.0412231 0.9169802
vn 0.5578447 -0.8163752 0.1494685
vn -0.3501153 -0.0424272 -0.9357453
vn -0.3923228 0.0404210 -0.9189391
vn -0.4160912 0.8973962 0.1467932
vn 0.3349326 0.0427669 0.9412710
vn 0.3737429 -0.0471489 0.9263332
vn 0.4448123 -0.8929051 -0.0697325
vn -0.3322260 -0.0453522 -0.9421088
vn -0.3748664 0.0421471 -0.9261203
vn -0.4519125 0.7945338 -0.4055750
vn 0.3195343 0.0521881 0.9461365
vn 0.3574773 -0.0416554 0.9329924
vn 0.5449225 -0.8080217 0.2239650
vn -0.3023751 -0.0497294 -0.9518909
vn -0.3458948 0.0438524 -0.9372480
vn -0.4199684 0.6166041 -0.6659023
vn 0.3005139 0.0616906 0.9517803
vn 0.3390361 -0.0364242 0.9400680
vn 0.5688300 -0.6948238 0.4400594
vn -0.2742118 -0.0549097 -0.9601004
vn -0.3200763 0.0443355 -0.9463538
vn -0.4471209 0.7625757 -0.4675053
vn 0.2709442 0.0572537 0.9608909
vn 0.3109223 -0.0417279 0.9495189
vn 0.4989449 -0.8328339 0.2396698
vn -0.2604599 -0.0531096 -0.9640228
vn -0.3040488 0.0463426 -0.9515286
vn -0.3922318 0.5039932 -0.7695096
vn 0.2485320 0.0718563 0.9659547
vn 0.2887757 -0.0303262 0.9569164
vn 0.4607804 -0.4560917 0.7613552
vn -0.2328672 -0.0601894 -0.9706442
vn -0.2757591 0.0378064 -0.9604830
vn -0.2971738 0.1748749 -0.9386727
vn 0.2091449 0.1549986 0.9655226
vn 0.2644202 -0.0016566 0.9644061
vn 0.3227641 -0.1310161 0.9373676
vn -0.1867256 -0.1143836 -0.9757305
vn -0.2468903 0.0091170 -0.9690005
s 1
f 1/1/1 2/2/2 10/10/10
f 1/1/1 10/10/10 9/9/9
f 2/2/2 3/3/3 11/11/11
f 2/2/2 11/11/11 10/10/10
f 3/3/3 4/4/4 12/12/12
f 3/3/3 12/12/12 11/11/11
f 4/4/4 5/5/5 13/13/13
f 4/4/4 13/13/13 12/12/12
f 5/5/5 6/6/6 14/14/14
f 5/5/5 14/14/14 13/13/13
f 6/6/6 7/7/7 15/15/15
f 6/6/6 15/15/15 14/14/14
f 7/7/7 8/8/8 16/16/16
f 7/7/7 16/16/16 15/15/15
f 8/8/8 1/1/1 9/9/9
f 8/8/8 9/9/9 16/16/16
f 9/9/9 10/10/10 18/18/18
f 9/9/9 18/18/18 17/17/17
f 10/10/10 11/11/11 19/19/19
f 10/10/10 19/19/19 18/18/18
f 11/11/11 12/12/12 20/20/20
f 11/11/11 20/20/20 19/19/19
f 12/12/12 13/13/13 21/21/21
f 12/12/12 21/21/21 20/20/20
f 13/13/13 14/14/14 22/22/22
f 13/13/13 22/22/22 21/21/21
f 14/14/14 15/15/15 23/23/23
f 14/14/14 23/23/23 22/22/22
f 15/15/15 16/16/16 24/24/24
f 15/15/15 24/24/24 23/23/23
f 16/16/16 9/9/9 17/17/17
f 16/16/16 17/17/17 24/24/24
f 17/17/17 18/18/18 26/26/26
f 17/17/17 26/26/26 25/25/25
f 18/18/18 19/19/19 27/27/27
f 18/18/18 27/27/27 26/26/26
f 19/19/19 20/20/20 28/28/28
f 19/19/19 28/28/28 27/27/27
f 20/20/20 21/21/21 29/29/29
f 20/20/20 29/29/29 28/28/28
f 21/21/21 22/22/22 30/30/30
f 21/21/21 30/30/30 29/29/29
f 22/22/22 23/23/23 31/31/31
f 22/22/22 31/31/31 30/30/30
f 23/23/23 24/24/24 32/32/32
f 23/23/23 32/32/32 31/31/31
f 24/24/24 17/17/17 25/25/25
f 24/24/24 25/25/25 32/32/32
f 25/25/25 26/26/26 34/34/34
f 25/25/25 34/34/34 33/33/33
f 26/26/26 27/27/27 35/35/35
f 26/26/26 35/35/35 34/34/34
f 27/27/27 28/28/28 36/36/36
f 27/27/27 36/36/36 35/35/35
f 28/28/28 29/29/29 37/37/37
f 28/28/28 37/37/37 36/36/36
f 29/29/29 30/30/30 38/38/38
f 29/29/29 38/38/38 37/37/37
f 30/30/30 31/31/31 39/39/39
f 30/30/30 39/39/39 38/38/38
f 31/31/31 32/32/32 40/40/40
f 31/31/31 40/40/40 39/39/39
f 32/32/32 25/25/25 33/33/33
f 32/32/32 33/33/33 40/40/40
f 33/33/33 34/34/34 42/42/42
f 33/33/33 42/42/42 41/41/41
f 34/34/34 35/35/35 43/43/43
f 34/34/34 43/43/43 42/42/42
f 35/35/35 36/36/36 44/44/44
f 35/35/35 44/44/44 43/43/43
f 36/36/36 37/37/37 45/45/45
f 36/36/36 45/45/45 44/44/44
f 37/37/37 38/38/38 46/46/46
f 37/37/37 46/46/46 45/45/45
f 38/38/38 39/39/39 47/47/47
f 38/38/38 47/47/47 46/46/46
f 39/39/39 40/40/40 48/48/48
f 39/39/39 48/48/48 47/47/47
f 40/40/40 33/33/33 41/41/41
f 40/40/40 41/41/41 48/48/48
f 41/41/41 42/42/42 50/50/50
f 41/41/41 50/50/50 49/49/49
f 42/42/42 43/43/43 51/51/51
f 42/42/42 51/51/51 50/50/50
f 43/43/43 44/44/44 52/52/52
f 43/43/43 52/52/52 51/51/51
f 44/44/44 45/45/45 53/53/53
f 44/44/44 53/53/53 52/52/52
f 45/45/45 46/46/46 54/54/54
f 45/45/45 54/54/54 53/53/53
f 46/46/46 47/47/47 55/55/55
f 46/46/46 55/55/55 54/54/54
f 47/47/47 48/48/48 56/56/56
f 47/47/47 56/56/56 55/55/55
f 48/48/48 41/41/41 49/49/49
f 48/48/48 49/49/49 56/56/56
f 49/49/49 50/50/50 58/58/58
f 49/49/49 58/58/58 57/57/57
f 50/50/50 51/51/51 59/59/59
f 50/50/50 59/59/59 58/58/58
f 51/51/51 52/52/52 60/60/60
f 51/51/51 60/60/60 59/59/59
f 52/52/52 53/53/53 61/61/61
f 52/52/52 61/61/61 60/60/60
f 53/53/53 54/54/54 62/62/62
f 53/53/53 62/62/62 61/61/61
f 54/54/54 55/55/55 63/63/63
f 54/54/54 63/63/63 62/62/62
f 55/55/55 56/56/56 64/64/64
f 55/55/55 64/64/64 63/63/63
f 56/56/56 49/49/49 57/57/57
f 56/56/56 57/57/57 64/64/64
f 57/57/57 58/58/58 66/66/66
f 57/57/57 66/66/66 65/65/65
f 58/58/58 59/59/59 67/67/67
f 58/58/58 67/67/67 66/66/66
f 59/59/59 60/60/60 68/68/68
f 59/59/59 68/68/68 67/67/67
f 60/60/60 61/61/61 69/69/69
f 60/60/60 69/69/69 68/68/68
f 61/61/61 62/62/62 70/70/70
f 61/61/61 70/70/70 69/69/69
f 62/62/62 63/63/63 71/71/71
f 62/62/62 71/71/71 70/70/70
f 63/63/63 64/64/64 72/72/72
f 63/63/63 72/72/72 71/71/71
f 64/64/64 57/57/57 65/65/65
f 64/64/64 65/65/65 72/72/72
f 65/65/65 66/66/66 74/74/74
f 65/65/65 74/74/74 73/73/73
f 66/66/66 67/67/67 75/75/75
f 66/66/66 75/75/75 74/74/74
f 67/67/67 68/68/68 76/76/76
f 67/67/67 76/76/76 75/75/75
f 68/68/68 69/69/69 77/77/77
f 68/68/68 77/77/77 76/76/76
f 69/69/69 70/70/70 78/78/78
f 69/69/69 78/78/78 77/77/77
f 70/70/70 71/71/71 79/79/79
f 70/70/70 79/79/79 78/78/78
f 71/71/71 72/72/72 80/80/80
f 71/71/71 80/80/80 79/79/79
f 72/72/72 65/65/65 73/73/73
f 72/72/72 73/73/73 80/80/80
f 73/73/73 74/74/74 82/82/82
f 73/73/73 82/82/82 81/81/81
f 74/74/74 75/75/75 83/83/83
f 74/74/74 83/83/83 82/82/82
f 75/75/75 76/76/76 84/84/84
f 75/75/75 84/84/84 83/83/83
f 76/76/76 77/77/77 85/85/85
f 76/76/76 85/85/85 84/84/84
f 77/77/77 78/78/78 86/86/86
f 77/77/77 86/86/86 85/85/85
f 78/78/78 79/79/79 87/87/87
f 78/78/78 87/87/87 86/86/86
f 79/79/79 80/80/80 88/88/88
f 79/79/79 88/88/88 87/87/87
f 80/80/80 73/73/73 81/81/81
f 80/80/80 81/81/81 88/88/88
f 81/81/81 82/82/82 90/90/90
f 81/81/81 90/90/90 89/89/89
f 82/82/82 83/83/83 91/91/91
f 82/82/82 91/91/91 90/90/90
f 83/83/83 84/84/84 92/92/92
f 83/83/83 92/92/92 91/91/91
f 84/84/84 85/85/85 93/93/93
f 84/84/84 93/93/93 92/92/92
f 85/85/85 86/86/86 94/94/94
f 85/85/85 94/94/94 93/93/93
f 86/86/86 87/87/87 95/95/95
f 86/86/86 95/95/95 94/94/94
f 87/87/87 88/88/88 96/96/96
f 87/87/87 96/96/96 95/95/95
f 88/88/88 81/81/81 89/89/89
f 88/88/88 89/89/89 96/96/96
f 89/89/89 90/90/90 98/98/98
f 89/89/89 98/98/98 97/97/97
f 90/90/90 91/91/91 99/99/99
f 90/90/90 99/99/99 98/98/98
f 91/91/91 92/92/92 100/100/100
f 91/91/91 100/100/100 99/99/99
f 92/92/92 93/93/93 101/101/101
f 92/92/92 101/101/101 100/100/100
f 93/93/93 94/94/94 102/102/102
f 93/93/93 102/102/102 101/101/101
f 94/94/94 95/95/95 103/103/103
f 94/94/94 103/103/103 102/102/102
f 95/95/95 96/96/96 104/104/104
f 95/95/95 104/104/104 103/103/103
f 96/96/96 89/89/89 97/97/97
f 96/96/96 97/97/97 104/104/104
f 97/97/97 98/98/98 106/106/106
f 97/97/97 106/106/106 105/105/105
f 98/98/98 99/99/99 107/107/107
f 98/98/98 107/107/107 106/106/106
f 99/99/99 100/100/100 108/108/108
f 99/99/99 108/108/108 107/107/107
f 100/100/100 101/101/101 109/109/109
f 100/100/100 109/109/109 108/108/108
f 101/101/101 102/102/102 110/110/110
f 101/101/101 110/110/110 109/109/109
f 102/102/102 103/103/103 111/111/111
f 102/102/102 111/111/111 110/110/110
f 103/103/103 104/104/104 112/112/112
f 103/103/103 112/112/112 111/111/111
f 104/104/104 97/97/97 105/105/105
f 104/104/104 105/105/105 112/112/112
f 105/105/105 106/106/106 114/114/114
f 105/105/105 114/114/114 113/113/113
f 106/106/106 107/107/107 115/115/115
f 106/106/106 115/115/115 114/114/114
f 107/107/107 108/108/108 116/116/116
f 107/107/107 116/116/116 115/115/115
f 108/108/108 109/109/109 117/117/117
f 108/108/108 117/117/117 116/116/116
f 109/109/109 110/110/110 118/118/118
f 109/109/109 118/118/118 117/117/117
f 110/110/110 111/111/111 119/119/119
f 110/110/110 119/119/119 118/118/118
f 111/111/111 112/112/112 120/120/120
f 111/111/111 120/120/120 119/119/119
f 112/112/112 105/105/105 113/113/113
f 112/112/112 113/113/113 120/120/120
f 113/113/113 114/114/114 122/122/122
f 113/113/113 122/122/122 121/121/121
f 114/114/114 115/115/115 123/123/123
f 114/114/114 123/123/123 122/122/122
f 115/115/115 116/116/116 124/124/124
f 115/115/115 124/124/124 123/123/123
f 116/116/116 117/117/117 125/125/125
f 116/116/116 125/125/125 124/124/124
f 117/117/117 118/118/118 126/126/126
f 117/117/117 126/126/126 125/125/125
f 118/118/118 119/119/119 127/127/127
f 118/118/118 127/127/127 126/126/126
f 119/119/119 120/120/120 128/128/128
f 119/119/119 128/128/128 127/127/127
f 120/120/120 113/113/113 121/121/121
f 120/120/120 121/121/121 128/128/128
f 121/121/121 122/122/122 130/130/130
f 121/121/121 130/130/130 129/129/129
f 122/122/122 123/123/123 131/131/131
f 122/122/122 131/131/131 130/130/130
f 123/123/123 124/124/124 132/132/132
f 123/123/123 132/132/132 131/131/131
f 124/124/124 125/125/125 133/133/133
f 124/124/124 133/133/133 132/132/132
f 125/125/125 126/126/126 134/134/134
f 125/125/125 134/134/134 133/133/133
f 126/126/126 127/127/127 135/135/135
f 126/126/126 135/135/135 134/134/134
f 127/127/127 128/128/128 136/136/136
f 127/127/127 136/136/136 135/135/135
f 128/128/128 121/121/121 129/129/129
f 128/128/128 129/129/129 136/136/136
f 129/129/129 130/130/130 138/138/138
f 129/129/129 138/138/138 137/137/137
f 130/130/130 131/131/131 139/139/139
f 130/130/130 139/139/139 138/138/138
f 131/131/131 132/132/132 140/140/140
f 131/131/131 140/140/140 139/139/139
f 132/132/132 133/133/133 141/141/141
f 132/132/132 141/141/141 140/140/140
f 133/133/133 134/134/134 142/142/142
f 133/133/133 142/142/142 141/141/141
f 134/134/134 135/135/135 143/143/143
f 134/134/134 143/143/143 142/142/142
f 135/135/135 136/136/136 144/144/144
f 135/135/135 144/144/144 143/143/143
f 136/136/136 129/129/129 137/137/137
f 136/136/136 137/137/137 144/144/144
f 137/137/137 138/138/138 146/146/146
f 137/137/137 146/146/146 145/145/145
f 138/138/138 139/139/139 147/147/147
f 138/138/138 147/147/147 146/146/146
f 139/139/139 140/140/140 148/148/148
f 139/139/139 148/148/148 147/147/147
f 140/140/140 141/141/141 149/149/149
f 140/140/140 149/149/149 148/148/148
f 141/141/141 142/142/142 150/150/150
f 141/141/141 150/150/150 149/149/149
f 142/142/142 143/143/143 151/151/151
f 142/142/142 151/151/151 150/150/150
f 143/143/143 144/144/144 152/152/152
f 143/143/143 152/152/152 151/151/151
f 144/144/144 137/137/137 145/145/145
f 144/144/144 145/145/145 152/152/152
f 145/145/145 146/146/146 154/154/154
f 145/145/145 154/154/154 153/153/153
f 146/146/146 147/147/147 155/155/155
f 146/146/146 155/155/155 154/154/154
f 147/147/147 148/148/148 156/156/156
f 147/147/147 156/156/156 155/155/155
f 148/148/148 149/149/149 157/157/157
f 148/148/148 157/157/157 156/156/156
f 149/149/149 150/150/150 158/158/158
f 149/149/149 158/158/158 157/157/157
f 150/150/150 151/151/151 159/159/159
f 150/150/150 159/159/159 158/158/158
f 151/151/151 152/152/152 160/160/160
f 151/151/151 160/160/160 159/159/159
f 152/152/152 145/145/145 153/153/153
f 152/152/152 153/153/153 160/160/160
f 153/153/153 154/154/154 162/162/162
f 153/153/153 162/162/162 161/161/161
f 154/154/154 155/155/155 163/163/163
f 154/154/154 163/163/163 162/162/162
f 155/155/155 156/156/156 164/164/164
f 155/155/155 164/164/164 163/163/163
f 156/156/156 157/157/157 165/165/165
f 156/156/156 165/165/165 164/164/164
f 157/157/157 158/158/158 166/166/166
f 157/157/157 166/166/166 165/165/165
f 158/158/158 159/159/159 167/167/167
f 158/158/158 167/167/167 166/166/166
f 159/159/159 160/160/160 168/168/168
f 159/159/159 168/168/168 167/167/167
f 160/160/160 153/153/153 161/161/161
f 160/160/160 161/161/161 168/168/168
f 161/161/161 162/162/162 170/170/170
f 161/161/161 170/170/170 169/169/169
f 162/162/162 163/163/163 171/171/171
f 162/162/162 171/171/171 170/170/170
f 163/163/163 164/164/164 172/172/172
f 163/163/163 172/172/172 171/171/171
f 164/164/164 165/165/165 173/173/173
f 164/164/164 173/173/173 172/172/172
f 165/165/165 166/166/166 174/174/174
f 165/165/165 174/174/174 173/173/173
f 166/166/166 167/167/167 175/175/175
f 166/166/166 175/175/175 174/174/174
f 167/167/167 168/168/168 176/176/176
f 167/167/167 176/176/176 175/175/175
f 168/168/168 161/161/161 169/169/169
f 168/168/168 169/169/169 176/176/176
f 169/169/169 170/170/170 178/178/178
f 169/169/169 178/178/178 177/177/177
f 170/170/170 171/171/171 179/179/179
f 170/170/170 179/179/179 178/178/178
f 171/171/171 172/172/172 180/180/180
f 171/171/171 180/180/180 179/179/179
f 172/172/172 173/173/173 181/181/181
f 172/172/172 181/181/181 180/180/180
f 173/173/173 174/174/174 182/182/182
f 173/173/173 182/182/182 181/181/181
f 174/174/174 175/175/175 183/183/183
f 174/174/174 183/183/183 182/182/182
f 175/175/175 176/176/176 184/184/184
f 175/175/175 184/184/184 183/183/183
f 176/176/176 169/169/169 177/177/177
f 176/176/176 177/177/177 184/184/184
f 177/177/177 178/178/178 186/186/186
f 177/177/177 186/186/186 185/185/185
f 178/178/178 179/179/179 187/187/187
f 178/178/178 187/187/187 186/186/186
f 179/179/179 180/180/180 188/188/188
f 179/179/179 188/188/188 187/187/187
f 180/180/180 181/181/181 189/189/189
f 180/180/180 189/189/189 188/188/188
f 181/181/181 182/182/182 190/190/190
f 181/181/181 190/190/190 189/189/189
f 182/182/182 183/183/183 191/191/191
f 182/182/182 191/191/191 190/190/190
f 183/183/183 184/184/184 192/192/192
f 183/183/183 192/192/192 191/191/191
f 184/184/184 177/177/177 185/185/185
f 184/184/184 185/185/185 192/192/192
f 185/185/185 186/186/186 194/194/194
f 185/185/185 194/194/194 193/193/193
f 186/186/186 187/187/187 195/195/195
f 186/186/186 195/195/195 194/194/194
f 187/187/187 188/188/188 196/196/196
f 187/187/187 196/196/196 195/195/195
f 188/188/188 189/189/189 197/197/197
f 188/188/188 197/197/197 196/196/196
f 189/189/189 190/190/190 198/198/198
f 189/189/189 198/198/198 197/197/197
f 190/190/190 191/191/191 199/199/199
f 190/190/190 199/199/199 198/198/198
f 191/191/191 192/192/192 200/200/200
f 191/191/191 200/200/200 199/199/199
f 192/192/192 185/185/185 193/193/193
f 192/192/192 193/193/193 200/200/200
f 193/193/193 194/194/194 202/202/202
f 193/193/193 202/202/202 201/201/201
f 194/194/194 195/195/195 203/203/203
f 194/194/194 203/203/203 202/202/202
f 195/195/195 196/196/196 204/204/204
f 195/195/195 204/204/204 203/203/203
f 196/196/196 197/197/197 205/205/205
f 196/196/196 205/205/205 204/204/204
f 197/197/197 198/198/198 206/206/206
f 197/197/197 206/206/206 205/205/205
f 198/198/198 199/199/199 207/207/207
f 198/198/198 207/207/207 206/206/206
f 199/199/199 200/200/200 208/208/208
f 199/199/199 208/208/208 207/207/207
f 200/200/200 193/193/193 201/201/201
f 200/200/200 201/201/201 208/208/208
f 201/201/201 202/202/202 210/210/210
f 201/201/201 210/210/210 209/209/209
f 202/202/202 203/203/203 211/211/211
f 202/202/202 211/211/211 210/210/210
f 203/203/203 204/204/204 212/212/212
f 203/203/203 212/212/212 211/211/211
f 204/204/204 205/205/205 213/213/213
f 204/204/204 213/213/213 212/212/212
f 205/205/205 206/206/206 214/214/214
f 205/205/205 214/214/214 213/213/213
f 206/206/206 207/207/207 215/215/215
f 206/206/206 215/215/215 214/214/214
f 207/207/207 208/208/208 216/216/216
f 207/207/207 216/216/216 215/215/215
f 208/208/208 201/201/201 209/209/209
f 208/208/208 209/209/209 216/216/216
f 209/209/209 210/210/210 218/218/218
f 209/209/209 218/218/218 217/217/217
f 210/210/210 211/211/211 219/219/219
f 210/210/210 219/219/219 218/218/218
f 211/211/211 212/212/212 220/220/220
f 211/211/211 220/220/220 219/219/219
f 212/212/212 213/213/213 221/221/221
f 212/212/212 221/221/221 220/220/220
f 213/213/213 214/214/214 222/222/222
f 213/213/213 222/222/222 221/221/221
f 214/214/214 215/215/215 223/223/223
f 214/214/214 223/223/223 222/222/222
f 215/215/215 216/216/216 224/224/224
f 215/215/215 224/224/224 223/223/223
f 216/216/216 209/209/209 217/217/217
f 216/216/216 217/217/217 224/224/224
f 217/217/217 218/218/218 226/226/226
f 217/217/217 226/226/226 225/225/225
f 218/218/218 219/219/219 227/227/227
f 218/218/218 227/227/227 226/226/226
f 219/219/219 220/220/220 228/228/228
f 219/219/219 228/228/228 227/227/227
f 220/220/220 221/221/221 229/229/229
f 220/220/220 229/229/229 228/228/228
f 221/221/221 222/222/222 230/230/230
f 221/221/221 230/230/230 229/229/229
f 222/222/222 223/223/223 231/231/231
f 222/222/222 231/231/231 230/230/230
f 223/223/223 224/224/224 232/232/232
f 223/223/223 232/232/232 231/231/231
f 224/224/224 217/217/217 225/225/225
f 224/224/224 225/225/225 232/232/232
f 225/225/225 226/226/226 234/234/234
f 225/225/225 234/234/234 233/233/233
f 226/226/226 227/227/227 235/235/235
f 226/226/226 235/235/235 234/234/234
f 227/227/227 228/228/228 236/236/236
f 227/227/227 236/236/236 235/235/235
f 228/228/228 229/229/229 237/237/237
f 228/228/228 237/237/237 236/236/236
f 229/229/229 230/230/230 238/238/238
f 229/229/229 238/238/238 237/237/237
f 230/230/230 231/231/231 239/239/239
f 230/230/230 239/239/239 238/238/238
f 231/231/231 232/232/232 240/240/240
f 231/231/231 240/240/240 239/239/239
f 232/232/232 225/225/225 233/233/233
f 232/232/232 233/233/233 240/240/240
f 233/233/233 234/234/234 242/242/242
f 233/233/233 242/242/242 241/241/241
f 234/234/234 235/235/235 243/243/243
f 234/234/234 243/243/243 242/242/242
f 235/235/235 236/236/236 244/244/244
f 235/235/235 244/244/244 243/243/243
f 236/236/236 237/237/237 245/245/245
f 236/236/236 245/245/245 244/244/244
f 237/237/237 238/238/238 246/246/246
f 237/237/237 246/246/246 245/245/245
f 238/238/238 239/239/239 247/247/247
f 238/238/238 247/247/247 246/246/246
f 239/239/239 240/240/240 248/248/248
f 239/239/239 248/248/248 247/247/247
f 240/240/240 233/233/233 241/241/241
f 240/240/240 241/241/241 248/248/248
f 241/241/241 242/242/242 250/250/250
f 241/241/241 250/250/250 249/249/249
f 242/242/242 243/243/243 251/251/251
f 242/242/242 251/251/251 250/250/250
f 243/243/243 244/244/244 252/252/252
f 243/243/243 252/252/252 251/251/251
f 244/244/244 245/245/245 253/253/253
f 244/244/244 253/253/253 252/252/252
f 245/245/245 246/246/246 254/254/254
f 245/245/245 254/254/254 253/253/253
f 246/246/246 247/247/247 255/255/255
f 246/246/246 255/255/255 254/254/254
f 247/247/247 248/248/248 256/256/256
f 247/247/247 256/256/256 255/255/255
f 248/248/248 241/241/241 249/249/249
f 248/248/248 249/249/249 256/256/256
f 249/249/249 250/250/250 258/258/258
f 249/249/249 258/258/258 257/257/257
f 250/250/250 251/251/251 259/259/259
f 250/250/250 259/259/259 258/258/258
f 251/251/251 252/252/252 260/260/260
f 251/251/251 260/260/260 259/259/259
f 252/252/252 253/253/253 261/261/261
f 252/252/252 261/261/261 260/260/260
f 253/253/253 254/254/254 262/262/262
f 253/253/253 262/262/262 261/261/261
f 254/254/254 255/255/255 263/263/263
f 254/254/254 263/263/263 262/262/262
f 255/255/255 256/256/256 264/264/264
f 255/255/255 264/264/264 263/263/263
f 256/256/256 249/249/249 257/257/257
f 256/256/256 257/257/257 264/264/264
f 257/257/257 258/258/258 266/266/266
f 257/257/257 266/266/266 265/265/265
f 258/258/258 259/259/259 267/267/267
f 258/258/258 267/267/267 266/266/266
f 259/259/259 260/260/260 268/268/268
f 259/259/259 268/268/268 267/267/267
f 260/260/260 261/261/261 269/269/269
f 260/260/260 269/269/269 268/268/268
f 261/261/261 262/262/262 270/270/270
f 261/261/261 270/270/270 269/269/269
f 262/262/262 263/263/263 271/271/271
f 262/262/262 271/271/271 270/270/270
f 263/263/263 264/264/264 272/272/272
f 263/263/263 272/272/272 271/271/271
f 264/264/264 257/257/257 265/265/265
f 264/264/264 265/265/265 272/272/272
f 265/265/265 266/266/266 274/274/274
f 265/265/265 274/274/274 273/273/273
f 266/266/266 267/267/267 275/275/275
f 266/266/266 275/275/275 274/274/274
f 267/267/267 268/268/268 276/276/276
f 267/267/267 276/276/276 275/275/275
f 268/268/268 269/269/269 277/277/277
f 268/268/268 277/277/277 276/276/276
f 269/269/269 270/270/270 278/278/278
f 269/269/269 278/278/278 277/277/277
f 270/270/270 271/271/271 279/279/279
f 270/270/270 279/279/279 278/278/278
f 271/271/271 272/272/272 280/280/280
f 271/271/271 280/280/280 279/279/279
f 272/272/272 265/265/265 273/273/273
f 272/272/272 273/273/273 280/280/280
f 273/273/273 274/274/274 282/282/282
f 273/273/273 282/282/282 281/281/281
f 274/274/274 275/275/275 283/283/283
f 274/274/274 283/283/283 282/282/282
f 275/275/275 276/276/276 284/284/284
f 275/275/275 284/284/284 283/283/283
f 276/276/276 277/277/277 285/285/285
f 276/276/276 285/285/285 284/284/284
f 277/277/277 278/278/278 286/286/286
f 277/277/277 286/286/286 285/285/285
f 278/278/278 279/279/279 287/287/287
f 278/278/278 287/287/287 286/286/286
f 279/279/279 280/280/280 288/288/288
f 279/279/279 288/288/288 287/287/287
f 280/280/280 273/273/273 281/281/281
f 280/280/280 281/281/281 288/288/288
f 281/281/281 282/282/282 290/290/290
f 281/281/281 290/290/290 289/289/289
f 282/282/282 283/283/283 291/291/291
f 282/282/282 291/291/291 290/290/290
f 283/283/283 284/284/284 292/292/292
f 283/283/283 292/292/292 291/291/291
f 284/284/284 285/285/285 293/293/293
f 284/284/284 293/293/293 292/292/292
f 285/285/285 286/286/286 294/294/294
f 285/285/285 294/294/294 293/293/293
f 286/286/286 287/287/287 295/295/295
f 286/286/286 295/295/295 294/294/294
f 287/287/287 288/288/288 296/296/296
f 287/287/287 296/296/296 295/295/295
f 288/288/288 281/281/281 289/289/289
f 288/288/288 289/289/289 296/296/296
f 289/289/289 290/290/290 298/298/298
f 289/289/289 298/298/298 297/297/297
f 290/290/290 291/291/291 299/299/299
f 290/290/290 299/299/299 298/298/298
f 291/291/291 292/292/292 300/300/300
f 291/291/291 300/300/300 299/299/299
f 292/292/292 293/293/293 301/301/301
f 292/292/292 301/301/301 300/300/300
f 293/293/293 294/294/294 302/302/302
f 293/293/293 302/302/302 301/301/301
f 294/294/294 295/295/295 303/303/303
f 294/294/294 303/303/303 302/302/302
f 295/295/295 296/296/296 304/304/304
f 295/295/295 304/304/304 303/303/303
f 296/296/296 289/289/289 297/297/297
f 296/296/296 297/297/297 304/304/304
f 297/297/297 298/298/298 306/306/306
f 297/297/297 306/306/306 305/305/305
f 298/298/298 299/299/299 307/307/307
f 298/298/298 307/307/307 306/306/306
f 299/299/299 300/300/300 308/308/308
f 299/299/299 308/308/308 307/307/307
f 300/300/300 301/301/301 309/309/309
f 300/300/300 309/309/309 308/308/308
f 301/301/301 302/302/302 310/310/310
f 301/301/301 310/310/310 309/309/309
f 302/302/302 303/303/303 311/311/311
f 302/302/302 311/311/311 310/310/310
f 303/303/303 304/304/304 312/312/312
f 303/303/303 312/312/312 311/311/311
f 304/304/304 297/297/297 305/305/305
f 304/304/304 305/305/305 312/312/312
f 305/305/305 306/306/306 314/314/314
f 305/305/305 314/314/314 313/313/313
f 306/306/306 307/307/307 315/315/315
f 306/306/306 315/315/315 314/314/314
f 307/307/307 308/308/308 316/316/316
f 307/307/307 316/316/316 315/315/315
f 308/308/308 309/309/309 317/317/317
f 308/308/308 317/317/317 316/316/316
f 309/309/309 310/310/310 318/318/318
f 309/309/309 318/318/318 317/317/317
f 310/310/310 311/311/311 319/319/319
f 310/310/310 319/319/319 318/318/318
f 311/311/311 312/312/312 320/320/320
f 311/311/311 320/320/320 319/319/319
f 312/312/312 305/305/305 313/313/313
f 312/312/312 313/313/313 320/320/320
f 313/313/313 314/314/314 322/322/322
f 313/313/313 322/322/322 321/321/321
f 314/314/314 315/315/315 323/323/323
f 314/314/314 323/323/323 322/322/322
f 315/315/315 316/316/316 324/324/324
f 315/315/315 324/324/324 323/323/323
f 316/316/316 317/317/317 325/325/325
f 316/316/316 325/325/325 324/324/324
f 317/317/317 318/318/318 326/326/326
f 317/317/317 326/326/326 325/325/325
f 318/318/318 319/319/319 327/327/327
f 318/318/318 327/327/327 326/326/326
f 319/319/319 320/320/320 328/328/328
f 319/319/319 328/328/328 327/327/327
f 320/320/320 313/313/313 321/321/321
f 320/320/320 321/321/321 328/328/328
f 321/321/321 322/322/322 330/330/330
f 321/321/321 330/330/330 329/329/329
f 322/322/322 323/323/323 331/331/331
f 322/322/322 331/331/331 330/330/330
f 323/323/323 324/324/324 332/332/332
f 323/323/323 332/332/332 331/331/331
f 324/324/324 325/325/325 333/333/333
f 324/324/324 333/333/333 332/332/332
f 325/325/325 326/326/326 334/334/334
f 325/325/325 334/334/334 333/333/333
f 326/326/326 327/327/327 335/335/335
f 326/326/326 335/335/335 334/334/334
f 327/327/327 328/328/328 336/336/336
f 327/327/327 336/336/336 335/335/335
f 328/328/328 321/321/321 329/329/329
f 328/328/328 329/329/329 336/336/336
f 329/329/329 330/330/330 338/338/338
f 329/329/329 338/338/338 337/337/337
f 330/330/330 331/331/331 339/339/339
f 330/330/330 339/339/339 338/338/338
f 331/331/331 332/332/332 340/340/340
f 331/331/331 340/340/340 339/339/339
f 332/332/332 333/333/333 341/341/341
f 332/332/332 341/341/341 340/340/340
f 333/333/333 334/334/334 342/342/342
f 333/333/333 342/342/342 341/341/341
f 334/334/334 335/335/335 343/343/343
f 334/334/334 343/343/343 342/342/342
f 335/335/335 336/336/336 344/344/344
f 335/335/335 344/344/344 343/343/343
f 336/336/336 329/329/329 337/337/337
f 336/336/336 337/337/337 344/344/344
f 337/337/337 338/338/338 346/346/346
f 337/337/337 346/346/346 345/345/345
f 338/338/338 339/339/339 347/347/347
f 338/338/338 347/347/347 346/346/346
f 339/339/339 340/340/340 348/348/348
f 339/339/339 348/348/348 347/347/347
f 340/340/340 341/341/341 349/349/349
f 340/340/340 349/349/349 348/348/348
f 341/341/341 342/342/342 350/350/350
f 341/341/341 350/350/350 349/349/349
f 342/342/342 343/343/343 351/351/351
f 342/342/342 351/351/351 350/350/350
f 343/343/343 344/344/344 352/352/352
f 343/343/343 352/352/352 351/351/351
f 344/344/344 337/337/337 345/345/345
f 344/344/344 345/345/345 352/352/352
f 345/345/345 346/346/346 354/354/354
f 345/345/345 354/354/354 353/353/353
f 346/346/346 347/347/347 355/355/355
f 346/346/346 355/355/355 354/354/354
f 347/347/347 348/348/348 356/356/356
f 347/347/347 356/356/356 355/355/355
f 348/348/348 349/349/349 357/357/357
f 348/348/348 357/357/357 356/356/356
f 349/349/349 350/350/350 358/358/358
f 349/349/349 358/358/358 357/357/357
f 350/350/350 351/351/351 359/359/359
f 350/350/350 359/359/359 358/358/358
f 351/351/351 352/352/352 360/360/360
f 351/351/351 360/360/360 359/359/359
f 352/352/352 345/345/345 353/353/353
f 352/352/352 353/353/353 360/360/360
f 353/353/353 354/354/354 362/362/362
f 353/353/353 362/362/362 361/361/361
f 354/354/354 355/355/355 363/363/363
f 354/354/354 363/363/363 362/362/362
f 355/355/355 356/356/356 364/364/364
f 355/355/355 364/364/364 363/363/363
f 356/356/356 357/357/357 365/365/365
f 356/356/356 365/365/365 364/364/364
f 357/357/357 358/358/358 366/366/366
f 357/357/357 366/366/366 365/365/365
f 358/358/358 359/359/359 367/367/367
f 358/358/358 367/367/367 366/366/366
f 359/359/359 360/360/360 368/368/368
f 359/359/359 368/368/368 367/367/367
f 360/360/360 353/353/353 361/361/361
f 360/360/360 361/361/361 368/368/368
f 361/361/361 362/362/362 370/370/370
f 361/361/361 370/370/370 369/369/369
f 362/362/362 363/363/363 371/371/371
f 362/362/362 371/371/371 370/370/370
f 363/363/363 364/364/364 372/372/372
f 363/363/363 372/372/372 371/371/371
f 364/364/364 365/365/365 373/373/373
f 364/364/364 373/373/373 372/372/372
f 365/365/365 366/366/366 374/374/374
f 365/365/365 374/374/374 373/373/373
f 366/366/366 367/367/367 375/375/375
f 366/366/366 375/375/375 374/374/374
f 367/367/367 368/368/368 376/376/376
f 367/367/367 376/376/376 375/375/375
f 368/368/368 361/361/361 369/369/369
f 368/368/368 369/369/369 376/376/376
f 369/369/369 370/370/370 378/378/378
f 369/369/369 378/378/378 377/377/377
f 370/370/370 371/371/371 379/379/379
f 370/370/370 379/379/379 378/378/378
f 371/371/371 372/372/372 380/380/380
f 371/371/371 380/380/380 379/379/379
f 372/372/372 373/373/373 381/381/381
f 372/372/372 381/381/381 380/380/380
f 373/373/373 374/374/374 382/382/382
f 373/373/373 382/382/382 381/381/381
f 374/374/374 375/375/375 383/383/383
f 374/374/374 383/383/383 382/382/382
f 375/375/375 376/376/376 384/384/384
f 375/375/375 384/384/384 383/383/383
f 376/376/376 369/369/369 377/377/377
f 376/376/376 377/377/377 384/384/384
f 377/377/377 378/378/378 386/386/386
f 377/377/377 386/386/386 385/385/385
f 378/378/378 379/379/379 387/387/387
f 378/378/378 387/387/387 386/386/386
f 379/379/379 380/380/380 388/388/388
f 379/379/379 388/388/388 387/387/387
f 380/380/380 381/381/381 389/389/389
f 380/380/380 389/389/389 388/388/388
f 381/381/381 382/382/382 390/390/390
f 381/381/381 390/390/390 389/389/389
f 382/382/382 383/383/383 391/391/391
f 382/382/382 391/391/391 390/390/390
f 383/383/383 384/384/384 392/392/392
f 383/383/383 392/392/392 391/391/391
f 384/384/384 377/377/377 385/385/385
f 384/384/384 385/385/385 392/392/392
f 385/385/385 386/386/386 394/394/394
f 385/385/385 394/394/394 393/393/393
f 386/386/386 387/387/387 395/395/395
f 386/386/386 395/395/395 394/394/394
f 387/387/387 388/388/388 396/396/396
f 387/387/387 396/396/396 395/395/395
f 388/388/388 389/389/389 397/397/397
f 388/388/388 397/397/397 396/396/396
f 389/389/389 390/390/390 398/398/398
f 389/389/389 398/398/398 397/397/397
f 390/390/390 391/391/391 399/399/399
f 390/390/390 399/399/399 398/398/398
f 391/391/391 392/392/392 400/400/400
f 391/391/391 400/400/400 399/399/399
f 392/392/392 385/385/385 393/393/393
f 392/392/392 393/393/393 400/400/400
f 393/393/393 394/394/394 402/402/402
f 393/393/393 402/402/402 401/401/401
f 394/394/394 395/395/395 403/403/403
f 394/394/394 403/403/403 402/402/402
f 395/395/395 396/396/396 404/404/404
f 395/395/395 404/404/404 403/403/403
f 396/396/396 397/397/397 405/405/405
f 396/396/396 405/405/405 404/404/404
f 397/397/397 398/398/398 406/406/406
f 397/397/397 406/406/406 405/405/405
f 398/398/398 399/399/399 407/407/407
f 398/398/398 407/407/407 406/406/406
f 399/399/399 400/400/400 408/408/408
f 399/399/399 408/408/408 407/407/407
f 400/400/400 393/393/393 401/401/401
f 400/400/400 401/401/401 408/408/408
f 401/401/401 402/402/402 410/410/410
f 401/401/401 410/410/410 409/409/409
f 402/402/402 403/403/403 411/411/411
f 402/402/402 411/411/411 410/410/410
f 403/403/403 404/404/404 412/412/412
f 403/403/403 412/412/412 411/411/411
f 404/404/404 405/405/405 413/413/413
f 404/404/404 413/413/413 412/412/412
f 405/405/405 406/406/406 414/414/414
f 405/405/405 414/414/414 413/413/413
f 406/406/406 407/407/407 415/415/415
f 406/406/406 415/415/415 414/414/414
f 407/407/407 408/408/408 416/416/416
f 407/407/407 416/416/416 415/415/415
f 408/408/408 401/401/401 409/409/409
f 408/408/408 409/409/409 416/416/416
f 409/409/409 410/410/410 418/418/418
f 409/409/409 418/418/418 417/417/417
f 410/410/410 411/411/411 419/419/419
f 410/410/410 419/419/419 418/418/418
f 411/411/411 412/412/412 420/420/420
f 411/411/411 420/420/420 419/419/419
f 412/412/412 413/413/413 421/421/421
f 412/412/412 421/421/421 420/420/420
f 413/413/413 414/414/414 422/422/422
f 413/413/413 422/422/422 421/421/421
f 414/414/414 415/415/415 423/423/423
f 414/414/414 423/423/423 422/422/422
f 415/415/415 416/416/416 424/424/424
f 415/415/415 424/424/424 423/423/423
f 416/416/416 409/409/409 417/417/417
f 416/416/416 417/417/417 424/424/424
f 417/417/417 418/418/418 426/426/426
f 417/417/417 426/426/426 425/425/425
f 418/418/418 419/419/419 427/427/427
f 418/418/418 427/427/427 426/426/426
f 419/419/419 420/420/420 428/428/428
f 419/419/419 428/428/428 427/427/427
f 420/420/420 421/421/421 429/429/429
f 420/420/420 429/429/429 428/428/428
f 421/421/421 422/422/422 430/430/430
f 421/421/421 430/430/430 429/429/429
f 422/422/422 423/423/423 431/431/431
f 422/422/422 431/431/431 430/430/430
f 423/423/423 424/424/424 432/432/432
f 423/423/423 432/432/432 431/431/431
f 424/424/424 417/417/417 425/425/425
f 424/424/424 425/425/425 432/432/432
f 425/425/425 426/426/426 434/434/434
f 425/425/425 434/434/434 433/433/433
f 426/426/426 427/427/427 435/435/435
f 426/426/426 435/435/435 434/434/434
f 427/427/427 428/428/428 436/436/436
f 427/427/427 436/436/436 435/435/435
f 428/428/428 429/429/429 437/437/437
f 428/428/428 437/437/437 436/436/436
f 429/429/429 430/430/430 438/438/438
f 429/429/429 438/438/438 437/437/437
f 430/430/430 431/431/431 439/439/439
f 430/430/430 439/439/439 438/438/438
f 431/431/431 432/432/432 440/440/440
f 431/431/431 440/440/440 439/439/439
f 432/432/432 425/425/425 433/433/433
f 432/432/432 433/433/433 440/440/440
f 433/433/433 434/434/434 442/442/442
f 433/433/433 442/442/442 441/441/441
f 434/434/434 435/435/435 443/443/443
f 434/434/434 443/443/443 442/442/442
f 435/435/435 436/436/436 444/444/444
f 435/435/435 444/444/444 443/443/443
f 436/436/436 437/437/437 445/445/445
f 436/436/436 445/445/445 444/444/444
f 437/437/437 438/438/438 446/446/446
f 437/437/437 446/446/446 445/445/445
f 438/438/438 439/439/439 447/447/447
f 438/438/438 447/447/447 446/446/446
f 439/439/439 440/440/440 448/448/448
f 439/439/439 448/448/448 447/447/447
f 440/440/440 433/433/433 441/441/441
f 440/440/440 441/441/441 448/448/448
f 441/441/441 442/442/442 450/450/450
f 441/441/441 450/450/450 449/449/449
f 442/442/442 443/443/443 451/451/451
f 442/442/442 451/451/451 450/450/450
f 443/443/443 444/444/444 452/452/452
f 443/443/443 452/452/452 451/451/451
f 444/444/444 445/445/445 453/453/453
f 444/444/444 453/453/453 452/452/452
f 445/445/445 446/446/446 454/454/454
f 445/445/445 454/454/454 453/453/453
f 446/446/446 447/447/447 455/455/455
f 446/446/446 455/455/455 454/454/454
f 447/447/447 448/448/448 456/456/456
f 447/447/447 456/456/456 455/455/455
f 448/448/448 441/441/441 449/449/449
f 448/448/448 449/449/449 456/456/456
f 449/449/449 450/450/450 458/458/458
f 449/449/449 458/458/458 457/457/457
f 450/450/450 451/451/451 459/459/459
f 450/450/450 459/459/459 458/458/458
f 451/451/451 452/452/452 460/460/460
f 451/451/451 460/460/460 459/459/459
f 452/452/452 453/453/453 461/461/461
f 452/452/452 461/461/461 460/460/460
f 453/453/453 454/454/454 462/462/462
f 453/453/453 462/462/462 461/461/461
f 454/454/454 455/455/455 463/463/463
f 454/454/454 463/463/463 462/462/462
f 455/455/455 456/456/456 464/464/464
f 455/455/455 464/464/464 463/463/463
f 456/456/456 449/449/449 457/457/457
f 456/456/456 457/457/457 464/464/464
f 457/457/457 458/458/458 466/466/466
f 457/457/457 466/466/466 465/465/465
f 458/458/458 459/459/459 467/467/467
f 458/458/458 467/467/467 466/466/466
f 459/459/459 460/460/460 468/468/468
f 459/459/459 468/468/468 467/467/467
f 460/460/460 461/461/461 469/469/469
f 460/460/460 469/469/469 468/468/468
f 461/461/461 462/462/462 470/470/470
f 461/461/461 470/470/470 469/469/469
f 462/462/462 463/463/463 471/471/471
f 462/462/462 471/471/471 470/470/470
f 463/463/463 464/464/464 472/472/472
f 463/463/463 472/472/472 471/471/471
f 464/464/464 457/457/457 465/465/465
f 464/464/464 465/465/465 472/472/472
f 465/465/465 466/466/466 474/474/474
f 465/465/465 474/474/474 473/473/473
f 466/466/466 467/467/467 475/475/475
f 466/466/466 475/475/475 474/474/474
f 467/467/467 468/468/468 476/476/476
f 467/467/467 476/476/476 475/475/475
f 468/468/468 469/469/469 477/477/477
f 468/468/468 477/477/477 476/476/476
f 469/469/469 470/470/470 478/478/478
f 469/469/469 478/478/478 477/477/477
f 470/470/470 471/471/471 479/479/479
f 470/470/470 479/479/479 478/478/478
f 471/471/471 472/472/472 480/480/480
f 471/471/471 480/480/480 479/479/479
f 472/472/472 465/465/465 473/473/473
f 472/472/472 473/473/473 480/480/480
f 473/473/473 474/474/474 482/482/482
f 473/473/473 482/482/482 481/481/481
f 474/474/474 475/475/475 483/483/483
f 474/474/474 483/483/483 482/482/482
f 475/475/475 476/476/476 484/484/484
f 475/475/475 484/484/484 483/483/483
f 476/476/476 477/477/477 485/485/485
f 476/476/476 485/485/485 484/484/484
f 477/477/477 478/478/478 486/486/486
f 477/477/477 486/486/486 485/485/485
f 478/478/478 479/479/479 487/487/487
f 478/478/478 487/487/487 486/486/486
f 479/479/479 480/480/480 488/488/488
f 479/479/479 488/488/488 487/487/487
f 480/480/480 473/473/473 481/481/481
f 480/480/480 481/481/481 488/488/488
f 481/481/481 482/482/482 490/490/490
f 481/481/481 490/490/490 489/489/489
f 482/482/482 483/483/483 491/491/491
f 482/482/482 491/491/491 490/490/490
f 483/483/483 484/484/484 492/492/492
f 483/483/483 492/492/492 491/491/491
f 484/484/484 485/485/485 493/493/493
f 484/484/484 493/493/493 492/492/492
f 485/485/485 486/486/486 494/494/494
f 485/485/485 494/494/494 493/493/493
f 486/486/486 487/487/487 495/495/495
f 486/486/486 495/495/495 494/494/494
f 487/487/487 488/488/488 496/496/496
f 487/487/487 496/496/496 495/495/495
f 488/488/488 481/481/481 489/489/489
f 488/488/488 489/489/489 496/496/496
f 489/489/489 490/490/490 498/498/498
f 489/489/489 498/498/498 497/497/497
f 490/490/490 491/491/491 499/499/499
f 490/490/490 499/499/499 498/498/498
f 491/491/491 492/492/492 500/500/500
f 491/491/491 500/500/500 499/499/499
f 492/492/492 493/493/493 501/501/501
f 492/492/492 501/501/501 500/500/500
f 493/493/493 494/494/494 502/502/502
f 493/493/493 502/502/502 501/501/501
f 494/494/494 495/495/495 503/503/503
f 494/494/494 503/503/503 502/502/502
f 495/495/495 496/496/496 504/504/504
f 495/495/495 504/504/504 503/503/503
f 496/496/496 489/489/489 497/497/497
f 496/496/496 497/497/497 504/504/504
f 497/497/497 498/498/498 506/506/506
f 497/497/497 506/506/506 505/505/505
f 498/498/498 499/499/499 507/507/507
f 498/498/498 507/507/507 506/506/506
f 499/499/499 500/500/500 508/508/508
f 499/499/499 508/508/508 507/507/507
f 500/500/500 501/501/501 509/509/509
f 500/500/500 509/509/509 508/508/508
f 501/501/501 502/502/502 510/510/510
f 501/501/501 510/510/510 509/509/509
f 502/502/502 503/503/503 511/511/511
f 502/502/502 511/511/511 510/510/510
f 503/503/503 504/504/504 512/512/512
f 503/503/503 512/512/512 511/511/511
f 504/504/504 497/497/497 505/505/505
f 504/504/504 505/505/505 512/512/512
f 505/505/505 506/506/506 514/514/514
f 505/505/505 514/514/514 513/513/513
f 506/506/506 507/507/507 515/515/515
f 506/506/506 515/515/515 514/514/514
f 507/507/507 508/508/508 516/516/516
f 507/507/507 516/516/516 515/515/515
f 508/508/508 509/509/509 517/517/517
f 508/508/508 517/517/517 516/516/516
f 509/509/509 510/510/510 518/518/518
f 509/509/509 518/518/518 517/517/517
f 510/510/510 511/511/511 519/519/519
f 510/510/510 519/519/519 518/518/518
f 511/511/511 512/512/512 520/520/520
f 511/511/511 520/520/520 519/519/519
f 512/512/512 505/505/505 513/513/513
f 512/512/512 513/513/513 520/520/520
f 513/513/513 514/514/514 522/522/522
f 513/513/513 522/522/522 521/521/521
f 514/514/514 515/515/515 523/523/523
f 514/514/514 523/523/523 522/522/522
f 515/515/515 516/516/516 524/524/524
f 515/515/515 524/524/524 523/523/523
f 516/516/516 517/517/517 525/525/525
f 516/516/516 525/525/525 524/524/524
f 517/517/517 518/518/518 526/526/526
f 517/517/517 526/526/526 525/525/525
f 518/518/518 519/519/519 527/527/527
f 518/518/518 527/527/527 526/526/526
f 519/519/519 520/520/520 528/528/528
f 519/519/519 528/528/528 527/527/527
f 520/520/520 513/513/513 521/521/521
f 520/520/520 521/521/521 528/528/528
f 521/521/521 522/522/522 530/530/530
f 521/521/521 530/530/530 529/529/529
f 522/522/522 523/523/523 531/531/531
f 522/522/522 531/531/531 530/530/530
f 523/523/523 524/524/524 532/532/532
f 523/523/523 532/532/532 531/531/531
f 524/524/524 525/525/525 533/533/533
f 524/524/524 533/533/533 532/532/532
f 525/525/525 526/526/526 534/534/534
f 525/525/525 534/534/534 533/533/533
f 526/526/526 527/527/527 535/535/535
f 526/526/526 535/535/535 534/534/534
f 527/527/527 528/528/528 536/536/536
f 527/527/527 536/536/536 535/535/535
f 528/528/528 521/521/521 529/529/529
f 528/528/528 529/529/529 536/536/536
f 529/529/529 530/530/530 538/538/538
f 529/529/529 538/538/538 537/537/537
f 530/530/530 531/531/531 539/539/539
f 530/530/530 539/539/539 538/538/538
f 531/531/531 532/532/532 540/540/540
f 531/531/531 540/540/540 539/539/539
f 532/532/532 533/533/533 541/541/541
f 532/532/532 541/541/541 540/540/540
f 533/533/533 534/534/534 542/542/542
f 533/533/533 542/542/542 541/541/541
f 534/534/534 535/535/535 543/543/543
f 534/534/534 543/543/543 542/542/542
f 535/535/535 536/536/536 544/544/544
f 535/535/535 544/544/544 543/543/543
f 536/536/536 529/529/529 537/537/537
f 536/536/536 537/537/537 544/544/544
f 537/537/537 538/538/538 546/546/546
f 537/537/537 546/546/546 545/545/545
f 538/538/538 539/539/539 547/547/547
f 538/538/538 547/547/547 546/546/546
f 539/539/539 540/540/540 548/548/548
f 539/539/539 548/548/548 547/547/547
f 540/540/540 541/541/541 549/549/549
f 540/540/540 549/549/549 548/548/548
f 541/541/541 542/542/542 550/550/550
f 541/541/541 550/550/550 549/549/549
f 542/542/542 543/543/543 551/551/551
f 542/542/542 551/551/551 550/550/550
f 543/543/543 544/544/544 552/552/552
f 543/543/543 552/552/552 551/551/551
f 544/544/544 537/537/537 545/545/545
f 544/544/544 545/545/545 552/552/552
f 545/545/545 546/546/546 554/554/554
f 545/545/545 554/554/554 553/553/553
f 546/546/546 547/547/547 555/555/555
f 546/546/546 555/555/555 554/554/554
f 547/547/547 548/548/548 556/556/556
f 547/547/547 556/556/556 555/555/555
f 548/548/548 549/549/549 557/557/557
f 548/548/548 557/557/557 556/556/556
f 549/549/549 550/550/550 558/558/558
f 549/549/549 558/558/558 557/557/557
f 550/550/550 551/551/551 559/559/559
f 550/550/550 559/559/559 558/558/558
f 551/551/551 552/552/552 560/560/560
f 551/551/551 560/560/560 559/559/559
f 552/552/552 545/545/545 553/553/553
f 552/552/552 553/553/553 560/560/560
f 553/553/553 554/554/554 562/562/562
f 553/553/553 562/562/562 561/561/561
f 554/554/554 555/555/555 563/563/563
f 554/554/554 563/563/563 562/562/562
f 555/555/555 556/556/556 564/564/564
f 555/555/555 564/564/564 563/563/563
f 556/556/556 557/557/557 565/565/565
f 556/556/556 565/565/565 564/564/564
f 557/557/557 558/558/558 566/566/566
f 557/557/557 566/566/566 565/565/565
f 558/558/558 559/559/559 567/567/567
f 558/558/558 567/567/567 566/566/566
f 559/559/559 560/560/560 568/568/568
f 559/559/559 568/568/568 567/567/567
f 560/560/560 553/553/553 561/561/561
f 560/560/560 561/561/561 568/568/568
f 561/561/561 562/562/562 570/570/570
f 561/561/561 570/570/570 569/569/569
f 562/562/562 563/563/563 571/571/571
f 562/562/562 571/571/571 570/570/570
f 563/563/563 564/564/564 572/572/572
f 563/563/563 572/572/572 571/571/571
f 564/564/564 565/565/565 573/573/573
f 564/564/564 573/573/573 572/572/572
f 565/565/565 566/566/566 574/574/574
f 565/565/565 574/574/574 573/573/573
f 566/566/566 567/567/567 575/575/575
f 566/566/566 575/575/575 574/574/574
f 567/567/567 568/568/568 576/576/576
f 567/567/567 576/576/576 575/575/575
f 568/568/568 561/561/561 569/569/569
f 568/568/568 569/569/569 576/576/576
f 569/569/569 570/570/570 578/578/578
f 569/569/569 578/578/578 577/577/577
f 570/570/570 571/571/571 579/579/579
f 570/570/570 579/579/579 578/578/578
f 571/571/571 572/572/572 580/580/580
f 571/571/571 580/580/580 579/579/579
f 572/572/572 573/573/573 581/581/581
f 572/572/572 581/581/581 580/580/580
f 573/573/573 574/574/574 582/582/582
f 573/573/573 582/582/582 581/581/581
f 574/574/574 575/575/575 583/583/583
f 574/574/574 583/583/583 582/582/582
f 575/575/575 576/576/576 584/584/584
f 575/575/575 584/584/584 583/583/583
f 576/576/576 569/569/569 577/577/577
f 576/576/576 577/577/577 584/584/584
f 577/577/577 578/578/578 586/586/586
f 577/577/577 586/586/586 585/585/585
f 578/578/578 579/579/579 587/587/587
f 578/578/578 587/587/587 586/586/586
f 579/579/579 580/580/580 588/588/588
f 579/579/579 588/588/588 587/587/587
f 580/580/580 581/581/581 589/589/589
f 580/580/580 589/589/589 588/588/588
f 581/581/581 582/582/582 590/590/590
f 581/581/581 590/590/590 589/589/589
f 582/582/582 583/583/583 591/591/591
f 582/582/582 591/591/591 590/590/590
f 583/583/583 584/584/584 592/592/592
f 583/583/583 592/592/592 591/591/591
f 584/584/584 577/577/577 585/585/585
f 584/584/584 585/585/585 592/592/592
f 585/585/585 586/586/586 594/594/594
f 585/585/585 594/594/594 593/593/593
f 586/586/586 587/587/587 595/595/595
f 586/586/586 595/595/595 594/594/594
f 587/587/587 588/588/588 596/596/596
f 587/587/587 596/596/596 595/595/595
f 588/588/588 589/589/589 597/597/597
f 588/588/588 597/597/597 596/596/596
f 589/589/589 590/590/590 598/598/598
f 589/589/589 598/598/598 597/597/597
f 590/590/590 591/591/591 599/599/599
f 590/590/590 599/599/599 598/598/598
f 591/591/591 592/592/592 600/600/600
f 591/591/591 600/600/600 599/599/599
f 592/592/592 585/585/585 593/593/593
f 592/592/592 593/593/593 600/600/600
f 593/593/593 594/594/594 602/602/602
f 593/593/593 602/602/602 601/601/601
f 594/594/594 595/595/595 603/603/603
f 594/594/594 603/603/603 602/602/602
f 595/595/595 596/596/596 604/604/604
f 595/595/595 604/604/604 603/603/603
f 596/596/596 597/597/597 605/605/605
f 596/596/596 605/605/605 604/604/604
f 597/597/597 598/598/598 606/606/606
f 597/597/597 606/606/606 605/605/605
f 598/598/598 599/599/599 607/607/607
f 598/598/598 607/607/607 606/606/606
f 599/599/599 600/600/600 608/608/608
f 599/599/599 608/608/608 607/607/607
f 600/600/600 593/593/593 601/601/601
f 600/600/600 601/601/601 608/608/608
f 601/601/601 602/602/602 610/610/610
f 601/601/601 610/610/610 609/609/609
f 602/602/602 603/603/603 611/611/611
f 602/602/602 611/611/611 610/610/610
f 603/603/603 604/604/604 612/612/612
f 603/603/603 612/612/612 611/611/611
f 604/604/604 605/605/605 613/613/613
f 604/604/604 613/613/613 612/612/612
f 605/605/605 606/606/606 614/614/614
f 605/605/605 614/614/614 613/613/613
f 606/606/606 607/607/607 615/615/615
f 606/606/606 615/615/615 614/614/614
f 607/607/607 608/608/608 616/616/616
f 607/607/607 616/616/616 615/615/615
f 608/608/608 601/601/601 609/609/609
f 608/608/608 609/609/609 616/616/616
f 609/609/609 610/610/610 618/618/618
f 609/609/609 618/618/618 617/617/617
f 610/610/610 611/611/611 619/619/619
f 610/610/610 619/619/619 618/618/618
f 611/611/611 612/612/612 620/620/620
f 611/611/611 620/620/620 619/619/619
f 612/612/612 613/613/613 621/621/621
f 612/612/612 621/621/621 620/620/620
f 613/613/613 614/614/614 622/622/622
f 613/613/613 622/622/622 621/621/621
f 614/614/614 615/615/615 623/623/623
f 614/614/614 623/623/623 622/622/622
f 615/615/615 616/616/616 624/624/624
f 615/615/615 624/624/624 623/623/623
f 616/616/616 609/609/609 617/617/617
f 616/616/616 617/617/617 624/624/624
f 617/617/617 618/618/618 626/626/626
f 617/617/617 626/626/626 625/625/625
f 618/618/618 619/619/619 627/627/627
f 618/618/618 627/627/627 626/626/626
f 619/619/619 620/620/620 628/628/628
f 619/619/619 628/628/628 627/627/627
f 620/620/620 621/621/621 629/629/629
f 620/620/620 629/629/629 628/628/628
f 621/621/621 622/622/622 630/630/630
f 621/621/621 630/630/630 629/629/629
f 622/622/622 623/623/623 631/631/631
f 622/622/622 631/631/631 630/630/630
f 623/623/623 624/624/624 632/632/632
f 623/623/623 632/632/632 631/631/631
f 624/624/624 617/617/617 625/625/625
f 624/624/624 625/625/625 632/632/632
f 625/625/625 626/626/626 634/634/634
f 625/625/625 634/634/634 633/633/633
f 626/626/626 627/627/627 635/635/635
f 626/626/626 635/635/635 634/634/634
f 627/627/627 628/628/628 636/636/636
f 627/627/627 636/636/636 635/635/635
f 628/628/628 629/629/629 637/637/637
f 628/628/628 637/637/637 636/636/636
f 629/629/629 630/630/630 638/638/638
f 629/629/629 638/638/638 637/637/637
f 630/630/630 631/631/631 639/639/639
f 630/630/630 639/639/639 638/638/638
f 631/631/631 632/632/632 640/640/640
f 631/631/631 640/640/640 639/639/639
f 632/632/632 625/625/625 633/633/633
f 632/632/632 633/633/633 640/640/640
f 633/633/633 634/634/634 642/642/642
f 633/633/633 642/642/642 641/641/641
f 634/634/634 635/635/635 643/643/643
f 634/634/634 643/643/643 642/642/642
f 635/635/635 636/636/636 644/644/644
f 635/635/635 644/644/644 643/643/643
f 636/636/636 637/637/637 645/645/645
f 636/636/636 645/645/645 644/644/644
f 637/637/637 638/638/638 646/646/646
f 637/637/637 646/646/646 645/645/645
f 638/638/638 639/639/639 647/647/647
f 638/638/638 647/647/647 646/646/646
f 639/639/639 640/640/640 648/648/648
f 639/639/639 648/648/648 647/647/647
f 640/640/640 633/633/633 641/641/641
f 640/640/640 641/641/641 648/648/648
f 641/641/641 642/642/642 650/650/650
f 641/641/641 650/650/650 649/649/649
f 642/642/642 643/643/643 651/651/651
f 642/642/642 651/651/651 650/650/650
f 643/643/643 644/644/644 652/652/652
f 643/643/643 652/652/652 651/651/651
f 644/644/644 645/645/645 653/653/653
f 644/644/644 653/653/653 652/652/652
f 645/645/645 646/646/646 654/654/654
f 645/645/645 654/654/654 653/653/653
f 646/646/646 647/647/647 655/655/655
f 646/646/646 655/655/655 654/654/654
f 647/647/647 648/648/648 656/656/656
f 647/647/647 656/656/656 655/655/655
f 648/648/648 641/641/641 649/649/649
f 648/648/648 649/649/649 656/656/656
f 649/649/649 650/650/650 658/658/658
f 649/649/649 658/658/658 657/657/657
f 650/650/650 651/651/651 659/659/659
f 650/650/650 659/659/659 658/658/658
f 651/651/651 652/652/652 660/660/660
f 651/651/651 660/660/660 659/659/659
f 652/652/652 653/653/653 661/661/661
f 652/652/652 661/661/661 660/660/660
f 653/653/653 654/654/654 662/662/662
f 653/653/653 662/662/662 661/661/661
f 654/654/654 655/655/655 663/663/663
f 654/654/654 663/663/663 662/662/662
f 655/655/655 656/656/656 664/664/664
f 655/655/655 664/664/664 663/663/663
f 656/656/656 649/649/649 657/657/657
f 656/656/656 657/657/657 664/664/664
f 657/657/657 658/658/658 666/666/666
f 657/657/657 666/666/666 665/665/665
f 658/658/658 659/659/659 667/667/667
f 658/658/658 667/667/667 666/666/666
f 659/659/659 660/660/660 668/668/668
f 659/659/659 668/668/668 667/667/667
f 660/660/660 661/661/661 669/669/669
f 660/660/660 669/669/669 668/668/668
f 661/661/661 662/662/662 670/670/670
f 661/661/661 670/670/670 669/669/669
f 662/662/662 663/663/663 671/671/671
f 662/662/662 671/671/671 670/670/670
f 663/663/663 664/664/664 672/672/672
f 663/663/663 672/672/672 671/671/671
f 664/664/664 657/657/657 665/665/665
f 664/664/664 665/665/665 672/672/672
f 665/665/665 666/666/666 674/674/674
f 665/665/665 674/674/674 673/673/673
f 666/666/666 667/667/667 675/675/675
f 666/666/666 675/675/675 674/674/674
f 667/667/667 668/668/668 676/676/676
f 667/667/667 676/676/676 675/675/675
f 668/668/668 669/669/669 677/677/677
f 668/668/668 677/677/677 676/676/676
f 669/669/669 670/670/670 678/678/678
f 669/669/669 678/678/678 677/677/677
f 670/670/670 671/671/671 679/679/679
f 670/670/670 679/679/679 678/678/678
f 671/671/671 672/672/672 680/680/680
f 671/671/671 680/680/680 679/679/679
f 672/672/672 665/665/665 673/673/673
f 672/672/672 673/673/673 680/680/680
f 673/673/673 674/674/674 682/682/682
f 673/673/673 682/682/682 681/681/681
f 674/674/674 675/675/675 683/683/683
f 674/674/674 683/683/683 682/682/682
f 675/675/675 676/676/676 684/684/684
f 675/675/675 684/684/684 683/683/683
f 676/676/676 677/677/677 685/685/685
f 676/676/676 685/685/685 684/684/684
f 677/677/677 678/678/678 686/686/686
f 677/677/677 686/686/686 685/685/685
f 678/678/678 679/679/679 687/687/687
f 678/678/678 687/687/687 686/686/686
f 679/679/679 680/680/680 688/688/688
f 679/679/679 688/688/688 687/687/687
f 680/680/680 673/673/673 681/681/681
f 680/680/680 681/681/681 688/688/688
f 681/681/681 682/682/682 690/690/690
f 681/681/681 690/690/690 689/689/689
f 682/682/682 683/683/683 691/691/691
f 682/682/682 691/691/691 690/690/690
f 683/683/683 684/684/684 692/692/692
f 683/683/683 692/692/692 691/691/691
f 684/684/684 685/685/685 693/693/693
f 684/684/684 693/693/693 692/692/692
f 685/685/685 686/686/686 694/694/694
f 685/685/685 694/694/694 693/693/693
f 686/686/686 687/687/687 695/695/695
f 686/686/686 695/695/695 694/694/694
f 687/687/687 688/688/688 696/696/696
f 687/687/687 696/696/696 695/695/695
f 688/688/688 681/681/681 689/689/689
f 688/688/688 689/689/689 696/696/696
f 689/689/689 690/690/690 698/698/698
f 689/689/689 698/698/698 697/697/697
f 690/690/690 691/691/691 699/699/699
f 690/690/690 699/699/699 698/698/698
f 691/691/691 692/692/692 700/700/700
f 691/691/691 700/700/700 699/699/699
f 692/692/692 693/693/693 701/701/701
f 692/692/692 701/701/701 700/700/700
f 693/693/693 694/694/694 702/702/702
f 693/693/693 702/702/702 701/701/701
f 694/694/694 695/695/695 703/703/703
f 694/694/694 703/703/703 702/702/702
f 695/695/695 696/696/696 704/704/704
f 695/695/695 704/704/704 703/703/703
f 696/696/696 689/689/689 697/697/697
f 696/696/696 697/697/697 704/704/704
f 697/697/697 698/698/698 706/706/706
f 697/697/697 706/706/706 705/705/705
f 698/698/698 699/699/699 707/707/707
f 698/698/698 707/707/707 706/706/706
f 699/699/699 700/700/700 708/708/708
f 699/699/699 708/708/708 707/707/707
f 700/700/700 701/701/701 709/709/709
f 700/700/700 709/709/709 708/708/708
f 701/701/701 702/702/702 710/710/710
f 701/701/701 710/710/710 709/709/709
f 702/702/702 703/703/703 711/711/711
f 702/702/702 711/711/711 710/710/710
f 703/703/703 704/704/704 712/712/712
f 703/703/703 712/712/712 711/711/711
f 704/704/704 697/697/697 705/705/705
f 704/704/704 705/705/705 712/712/712
f 705/705/705 706/706/706 714/714/714
f 705/705/705 714/714/714 713/713/713
f 706/706/706 707/707/707 715/715/715
f 706/706/706 715/715/715 714/714/714
f 707/707/707 708/708/708 716/716/716
f 707/707/707 716/716/716 715/715/715
f 708/708/708 709/709/709 717/717/717
f 708/708/708 717/717/717 716/716/716
f 709/709/709 710/710/710 718/718/718
f 709/709/709 718/718/718 717/717/717
f 710/710/710 711/711/711 719/719/719
f 710/710/710 719/719/719 718/718/718
f 711/711/711 712/712/712 720/720/720
f 711/711/711 720/720/720 719/719/719
f 712/712/712 705/705/705 713/713/713
f 712/712/712 713/713/713 720/720/720
f 713/713/713 714/714/714 722/722/722
f 713/713/713 722/722/722 721/721/721
f 714/714/714 715/715/715 723/723/723
f 714/714/714 723/723/723 722/722/722
f 715/715/715 716/716/716 724/724/724
f 715/715/715 724/724/724 723/723/723
f 716/716/716 717/717/717 725/725/725
f 716/716/716 725/725/725 724/724/724
f 717/717/717 718/718/718 726/726/726
f 717/717/717 726/726/726 725/725/725
f 718/718/718 719/719/719 727/727/727
f 718/718/718 727/727/727 726/726/726
f 719/719/719 720/720/720 728/728/728
f 719/719/719 728/728/728 727/727/727
f 720/720/720 713/713/713 721/721/721
f 720/720/720 721/721/721 728/728/728
f 721/721/721 722/722/722 730/730/730
f 721/721/721 730/730/730 729/729/729
f 722/722/722 723/723/723 731/731/731
f 722/722/722 731/731/731 730/730/730
f 723/723/723 724/724/724 732/732/732
f 723/723/723 732/732/732 731/731/731
f 724/724/724 725/725/725 733/733/733
f 724/724/724 733/733/733 732/732/732
f 725/725/725 726/726/726 734/734/734
f 725/725/725 734/734/734 733/733/733
f 726/726/726 727/727/727 735/735/735
f 726/726/726 735/735/735 734/734/734
f 727/727/727 728/728/728 736/736/736
f 727/727/727 736/736/736 735/735/735
f 728/728/728 721/721/721 729/729/729
f 728/728/728 729/729/729 736/736/736
f 729/729/729 730/730/730 738/738/738
f 729/729/729 738/738/738 737/737/737
f 730/730/730 731/731/731 739/739/739
f 730/730/730 739/739/739 738/738/738
f 731/731/731 732/732/732 740/740/740
f 731/731/731 740/740/740 739/739/739
f 732/732/732 733/733/733 741/741/741
f 732/732/732 741/741/741 740/740/740
f 733/733/733 734/734/734 742/742/742
f 733/733/733 742/742/742 741/741/741
f 734/734/734 735/735/735 743/743/743
f 734/734/734 743/743/743 742/742/742
f 735/735/735 736/736/736 744/744/744
f 735/735/735 744/744/744 743/743/743
f 736/736/736 729/729/729 737/737/737
f 736/736/736 737/737/737 744/744/744
f 737/737/737 738/738/738 746/746/746
f 737/737/737 746/746/746 745/745/745
f 738/738/738 739/739/739 747/747/747
f 738/738/738 747/747/747 746/746/746
f 739/739/739 740/740/740 748/748/748
f 739/739/739 748/748/748 747/747/747
f 740/740/740 741/741/741 749/749/749
f 740/740/740 749/749/749 748/748/748
f 741/741/741 742/742/742 750/750/750
f 741/741/741 750/750/750 749/749/749
f 742/742/742 743/743/743 751/751/751
f 742/742/742 751/751/751 750/750/750
f 743/743/743 744/744/744 752/752/752
f 743/743/743 752/752/752 751/751/751
f 744/744/744 737/737/737 745/745/745
f 744/744/744 745/745/745 752/752/752
f 745/745/745 746/746/746 754/754/754
f 745/745/745 754/754/754 753/753/753
f 746/746/746 747/747/747 755/755/755
f 746/746/746 755/755/755 754/754/754
f 747/747/747 748/748/748 756/756/756
f 747/747/747 756/756/756 755/755/755
f 748/748/748 749/749/749 757/757/757
f 748/748/748 757/757/757 756/756/756
f 749/749/749 750/750/750 758/758/758
f 749/749/749 758/758/758 757/757/757
f 750/750/750 751/751/751 759/759/759
f 750/750/750 759/759/759 758/758/758
f 751/751/751 752/752/752 760/760/760
f 751/751/751 760/760/760 759/759/759
f 752/752/752 745/745/745 753/753/753
f 752/752/752 753/753/753 760/760/760
f 753/753/753 754/754/754 762/762/762
f 753/753/753 762/762/762 761/761/761
f 754/754/754 755/755/755 763/763/763
f 754/754/754 763/763/763 762/762/762
f 755/755/755 756/756/756 764/764/764
f 755/755/755 764/764/764 763/763/763
f 756/756/756 757/757/757 765/765/765
f 756/756/756 765/765/765 764/764/764
f 757/757/757 758/758/758 766/766/766
f 757/757/757 766/766/766 765/765/765
f 758/758/758 759/759/759 767/767/767
f 758/758/758 767/767/767 766/766/766
f 759/759/759 760/760/760 768/768/768
f 759/759/759 768/768/768 767/767/767
f 760/760/760 753/753/753 761/761/761
f 760/760/760 761/761/761 768/768/768
f 761/761/761 762/762/762 770/770/770
f 761/761/761 770/770/770 769/769/769
f 762/762/762 763/763/763 771/771/771
f 762/762/762 771/771/771 770/770/770
f 763/763/763 764/764/764 772/772/772
f 763/763/763 772/772/772 771/771/771
f 764/764/764 765/765/765 773/773/773
f 764/764/764 773/773/773 772/772/772
f 765/765/765 766/766/766 774/774/774
f 765/765/765 774/774/774 773/773/773
f 766/766/766 767/767/767 775/775/775
f 766/766/766 775/775/775 774/774/774
f 767/767/767 768/768/768 776/776/776
f 767/767/767 776/776/776 775/775/775
f 768/768/768 761/761/761 769/769/769
f 768/768/768 769/769/769 776/776/776
f 769/769/769 770/770/770 778/778/778
f 769/769/769 778/778/778 777/777/777
f 770/770/770 771/771/771 779/779/779
f 770/770/770 779/779/779 778/778/778
f 771/771/771 772/772/772 780/780/780
f 771/771/771 780/780/780 779/779/779
f 772/772/772 773/773/773 781/781/781
f 772/772/772 781/781/781 780/780/780
f 773/773/773 774/774/774 782/782/782
f 773/773/773 782/782/782 781/781/781
f 774/774/774 775/775/775 783/783/783
f 774/774/774 783/783/783 782/782/782
f 775/775/775 776/776/776 784/784/784
f 775/775/775 784/784/784 783/783/783
f 776/776/776 769/769/769 777/777/777
f 776/776/776 777/777/777 784/784/784
f 777/777/777 778/778/778 786/786/786
f 777/777/777 786/786/786 785/785/785
f 778/778/778 779/779/779 787/787/787
f 778/778/778 787/787/787 786/786/786
f 779/779/779 780/780/780 788/788/788
f 779/779/779 788/788/788 787/787/787
f 780/780/780 781/781/781 789/789/789
f 780/780/780 789/789/789 788/788/788
f 781/781/781 782/782/782 790/790/790
f 781/781/781 790/790/790 789/789/789
f 782/782/782 783/783/783 791/791/791
f 782/782/782 791/791/791 790/790/790
f 783/783/783 784/784/784 792/792/792
f 783/783/783 792/792/792 791/791/791
f 784/784/784 777/777/777 785/785/785
f 784/784/784 785/785/785 792/792/792
f 785/785/785 786/786/786 794/794/794
f 785/785/785 794/794/794 793/793/793
f 786/786/786 787/787/787 795/795/795
f 786/786/786 795/795/795 794/794/794
f 787/787/787 788/788/788 796/796/796
f 787/787/787 796/796/796 795/795/795
f 788/788/788 789/789/789 797/797/797
f 788/788/788 797/797/797 796/796/796
f 789/789/789 790/790/790 798/798/798
f 789/789/789 798/798/798 797/797/797
f 790/790/790 791/791/791 799/799/799
f 790/790/790 799/799/799 798/798/798
f 791/791/791 792/792/792 800/800/800
f 791/791/791 800/800/800 799/799/799
f 792/792/792 785/785/785 793/793/793
f 792/792/792 793/793/793 800/800/800
f 793/793/793 794/794/794 802/802/802
f 793/793/793 802/802/802 801/801/801
f 794/794/794 795/795/795 803/803/803
f 794/794/794 803/803/803 802/802/802
f 795/795/795 796/796/796 804/804/804
f 795/795/795 804/804/804 803/803/803
f 796/796/796 797/797/797 805/805/805
f 796/796/796 805/805/805 804/804/804
f 797/797/797 798/798/798 806/806/806
f 797/797/797 806/806/806 805/805/805
f 798/798/798 799/799/799 807/807/807
f 798/798/798 807/807/807 806/806/806
f 799/799/799 800/800/800 808/808/808
f 799/799/799 808/808/808 807/807/807
f 800/800/800 793/793/793 801/801/801
f 800/800/800 801/801/801 808/808/808
f 1/1/1 3/3/3 2/2/2
f 801/801/801 802/802/802 803/803/803
f 1/1/1 4/4/4 3/3/3
f 801/801/801 803/803/803 804/804/804
f 1/1/1 5/5/5 4/4/4
f 801/801/801 804/804/804 805/805/805
f 1/1/1 6/6/6 5/5/5
f 801/801/801 805/805/805 806/806/806
f 1/1/1 7/7/7 6/6/6
f 801/801/801 806/806/806 807/807/807
f 1/1/1 8/8/8 7/7/7
f 801/801/801 807/807/807 808/808/808
f 809/809/809 810/810/810 816/816/816
f 809/809/809 816/816/816 815/815/815
f 810/810/810 811/811/811 817/817/817
f 810/810/810 817/817/817 816/816/816
f 811/811/811 812/812/812 818/818/818
f 811/811/811 818/818/818 817/817/817
f 812/812/812 813/813/813 819/819/819
f 812/812/812 819/819/819 818/818/818
f 813/813/813 814/814/814 820/820/820
f 813/813/813 820/820/820 819/819/819
f 814/814/814 809/809/809 815/815/815
f 814/814/814 815/815/815 820/820/820
f 815/815/815 816/816/816 822/822/822
f 815/815/815 822/822/822 821/821/821
f 816/816/816 817/817/817 823/823/823
f 816/816/816 823/823/823 822/822/822
f 817/817/817 818/818/818 824/824/824
f 817/817/817 824/824/824 823/823/823
f 818/818/818 819/819/819 825/825/825
f 818/818/818 825/825/825 824/824/824
f 819/819/819 820/820/820 826/826/826
f 819/819/819 826/826/826 825/825/825
f 820/820/820 815/815/815 821/821/821
f 820/820/820 821/821/821 826/826/826
f 821/821/821 822/822/822 828/828/828
f 821/821/821 828/828/828 827/827/827
f 822/822/822 823/823/823 829/829/829
f 822/822/822 829/829/829 828/828/828
f 823/823/823 824/824/824 830/830/830
f 823/823/823 830/830/830 829/829/829
f 824/824/824 825/825/825 831/831/831
f 824/824/824 831/831/831 830/830/830
f 825/825/825 826/826/826 832/832/832
f 825/825/825 832/832/832 831/831/831
f 826/826/826 821/821/821 827/827/827
f 826/826/826 827/827/827 832/832/832
f 827/827/827 828/828/828 834/834/834
f 827/827/827 834/834/834 833/833/833
f 828/828/828 829/829/829 835/835/835
f 828/828/828 835/835/835 834/834/834
f 829/829/829 830/830/830 836/836/836
f 829/829/829 836/836/836 835/835/835
f 830/830/830 831/831/831 837/837/837
f 830/830/830 837/837/837 836/836/836
f 831/831/831 832/832/832 838/838/838
f 831/831/831 838/838/838 837/837/837
f 832/832/832 827/827/827 833/833/833
f 832/832/832 833/833/833 838/838/838
f 833/833/833 834/834/834 840/840/840
f 833/833/833 840/840/840 839/839/839
f 834/834/834 835/835/835 841/841/841
f 834/834/834 841/841/841 840/840/840
f 835/835/835 836/836/836 842/842/842
f 835/835/835 842/842/842 841/841/841
f 836/836/836 837/837/837 843/843/843
f 836/836/836 843/843/843 842/842/842
f 837/837/837 838/838/838 844/844/844
f 837/837/837 844/844/844 843/843/843
f 838/838/838 833/833/833 839/839/839
f 838/838/838 839/839/839 844/844/844
f 839/839/839 840/840/840 846/846/846
f 839/839/839 846/846/846 845/845/845
f 840/840/840 841/841/841 847/847/847
f 840/840/840 847/847/847 846/846/846
f 841/841/841 842/842/842 848/848/848
f 841/841/841 848/848/848 847/847/847
f 842/842/842 843/843/843 849/849/849
f 842/842/842 849/849/849 848/848/848
f 843/843/843 844/844/844 850/850/850
f 843/843/843 850/850/850 849/849/849
f 844/844/844 839/839/839 845/845/845
f 844/844/844 845/845/845 850/850/850
f 845/845/845 846/846/846 852/852/852
f 845/845/845 852/852/852 851/851/851
f 846/846/846 847/847/847 853/853/853
f 846/846/846 853/853/853 852/852/852
f 847/847/847 848/848/848 854/854/854
f 847/847/847 854/854/854 853/853/853
f 848/848/848 849/849/849 855/855/855
f 848/848/848 855/855/855 854/854/854
f 849/849/849 850/850/850 856/856/856
f 849/849/849 856/856/856 855/855/855
f 850/850/850 845/845/845 851/851/851
f 850/850/850 851/851/851 856/856/856
f 851/851/851 852/852/852 858/858/858
f 851/851/851 858/858/858 857/857/857
f 852/852/852 853/853/853 859/859/859
f 852/852/852 859/859/859 858/858/858
f 853/853/853 854/854/854 860/860/860
f 853/853/853 860/860/860 859/859/859
f 854/854/854 855/855/855 861/861/861
f 854/854/854 861/861/861 860/860/860
f 855/855/855 856/856/856 862/862/862
f 855/855/855 862/862/862 861/861/861
f 856/856/856 851/851/851 857/857/857
f 856/856/856 857/857/857 862/862/862
f 857/857/857 858/858/858 864/864/864
f 857/857/857 864/864/864 863/863/863
f 858/858/858 859/859/859 865/865/865
f 858/858/858 865/865/865 864/864/864
f 859/859/859 860/860/860 866/866/866
f 859/859/859 866/866/866 865/865/865
f 860/860/860 861/861/861 867/867/867
f 860/860/860 867/867/867 866/866/866
f 861/861/861 862/862/862 868/868/868
f 861/861/861 868/868/868 867/867/867
f 862/862/862 857/857/857 863/863/863
f 862/862/862 863/863/863 868/868/868
f 863/863/863 864/864/864 870/870/870
f 863/863/863 870/870/870 869/869/869
f 864/864/864 865/865/865 871/871/871
f 864/864/864 871/871/871 870/870/870
f 865/865/865 866/866/866 872/872/872
f 865/865/865 872/872/872 871/871/871
f 866/866/866 867/867/867 873/873/873
f 866/866/866 873/873/873 872/872/872
f 867/867/867 868/868/868 874/874/874
f 867/867/867 874/874/874 873/873/873
f 868/868/868 863/863/863 869/869/869
f 868/868/868 869/869/869 874/874/874
f 869/869/869 870/870/870 876/876/876
f 869/869/869 876/876/876 875/875/875
f 870/870/870 871/871/871 877/877/877
f 870/870/870 877/877/877 876/876/876
f 871/871/871 872/872/872 878/878/878
f 871/871/871 878/878/878 877/877/877
f 872/872/872 873/873/873 879/879/879
f 872/872/872 879/879/879 878/878/878
f 873/873/873 874/874/874 880/880/880
f 873/873/873 880/880/880 879/879/879
f 874/874/874 869/869/869 875/875/875
f 874/874/874 875/875/875 880/880/880
f 875/875/875 876/876/876 882/882/882
f 875/875/875 882/882/882 881/881/881
f 876/876/876 877/877/877 883/883/883
f 876/876/876 883/883/883 882/882/882
f 877/877/877 878/878/878 884/884/884
f 877/877/877 884/884/884 883/883/883
f 878/878/878 879/879/879 885/885/885
f 878/878/878 885/885/885 884/884/884
f 879/879/879 880/880/880 886/886/886
f 879/879/879 886/886/886 885/885/885
f 880/880/880 875/875/875 881/881/881
f 880/880/880 881/881/881 886/886/886
f 881/881/881 882/882/882 888/888/888
f 881/881/881 888/888/888 887/887/887
f 882/882/882 883/883/883 889/889/889
f 882/882/882 889/889/889 888/888/888
f 883/883/883 884/884/884 890/890/890
f 883/883/883 890/890/890 889/889/889
f 884/884/884 885/885/885 891/891/891
f 884/884/884 891/891/891 890/890/890
f 885/885/885 886/886/886 892/892/892
f 885/885/885 892/892/892 891/891/891
f 886/886/886 881/881/881 887/887/887
f 886/886/886 887/887/887 892/892/892
f 887/887/887 888/888/888 894/894/894
f 887/887/887 894/894/894 893/893/893
f 888/888/888 889/889/889 895/895/895
f 888/888/888 895/895/895 894/894/894
f 889/889/889 890/890/890 896/896/896
f 889/889/889 896/896/896 895/895/895
f 890/890/890 891/891/891 897/897/897
f 890/890/890 897/897/897 896/896/896
f 891/891/891 892/892/892 898/898/898
f 891/891/891 898/898/898 897/897/897
f 892/892/892 887/887/887 893/893/893
f 892/892/892 893/893/893 898/898/898
f 893/893/893 894/894/894 900/900/900
f 893/893/893 900/900/900 899/899/899
f 894/894/894 895/895/895 901/901/901
f 894/894/894 901/901/901 900/900/900
f 895/895/895 896/896/896 902/902/902
f 895/895/895 902/902/902 901/901/901
f 896/896/896 897/897/897 903/903/903
f 896/896/896 903/903/903 902/902/902
f 897/897/897 898/898/898 904/904/904
f 897/897/897 904/904/904 903/903/903
f 898/898/898 893/893/893 899/899/899
f 898/898/898 899/899/899 904/904/904
f 899/899/899 900/900/900 906/906/906
f 899/899/899 906/906/906 905/905/905
f 900/900/900 901/901/901 907/907/907
f 900/900/900 907/907/907 906/906/906
f 901/901/901 902/902/902 908/908/908
f 901/901/901 908/908/908 907/907/907
f 902/902/902 903/903/903 909/909/909
f 902/902/902 909/909/909 908/908/908
f 903/903/903 904/904/904 910/910/910
f 903/903/903 910/910/910 909/909/909
f 904/904/904 899/899/899 905/905/905
f 904/904/904 905/905/905 910/910/910
f 905/905/905 906/906/906 912/912/912
f 905/905/905 912/912/912 911/911/911
f 906/906/906 907/907/907 913/913/913
f 906/906/906 913/913/913 912/912/912
f 907/907/907 908/908/908 914/914/914
f 907/907/907 914/914/914 913/913/913
f 908/908/908 909/909/909 915/915/915
f 908/908/908 915/915/915 914/914/914
f 909/909/909 910/910/910 916/916/916
f 909/909/909 916/916/916 915/915/915
f 910/910/910 905/905/905 911/911/911
f 910/910/910 911/911/911 916/916/916
f 911/911/911 912/912/912 918/918/918
f 911/911/911 918/918/918 917/917/917
f 912/912/912 913/913/913 919/919/919
f 912/912/912 919/919/919 918/918/918
f 913/913/913 914/914/914 920/920/920
f 913/913/913 920/920/920 919/919/919
f 914/914/914 915/915/915 921/921/921
f 914/914/914 921/921/921 920/920/920
f 915/915/915 916/916/916 922/922/922
f 915/915/915 922/922/922 921/921/921
f 916/916/916 911/911/911 917/917/917
f 916/916/916 917/917/917 922/922/922
f 917/917/917 918/918/918 924/924/924
f 917/917/917 924/924/924 923/923/923
f 918/918/918 919/919/919 925/925/925
f 918/918/918 925/925/925 924/924/924
f 919/919/919 920/920/920 926/926/926
f 919/919/919 926/926/926 925/925/925
f 920/920/920 921/921/921 927/927/927
f 920/920/920 927/927/927 926/926/926
f 921/921/921 922/922/922 928/928/928
f 921/921/921 928/928/928 927/927/927
f 922/922/922 917/917/917 923/923/923
f 922/922/922 923/923/923 928/928/928
f 923/923/923 924/924/924 930/930/930
f 923/923/923 930/930/930 929/929/929
f 924/924/924 925/925/925 931/931/931
f 924/924/924 931/931/931 930/930/930
f 925/925/925 926/926/926 932/932/932
f 925/925/925 932/932/932 931/931/931
f 926/926/926 927/927/927 933/933/933
f 926/926/926 933/933/933 932/932/932
f 927/927/927 928/928/928 934/934/934
f 927/927/927 934/934/934 933/933/933
f 928/928/928 923/923/923 929/929/929
f 928/928/928 929/929/929 934/934/934
f 929/929/929 930/930/930 936/936/936
f 929/929/929 936/936/936 935/935/935
f 930/930/930 931/931/931 937/937/937
f 930/930/930 937/937/937 936/936/936
f 931/931/931 932/932/932 938/938/938
f 931/931/931 938/938/938 937/937/937
f 932/932/932 933/933/933 939/939/939
f 932/932/932 939/939/939 938/938/938
f 933/933/933 934/934/934 940/940/940
f 933/933/933 940/940/940 939/939/939
f 934/934/934 929/929/929 935/935/935
f 934/934/934 935/935/935 940/940/940
f 935/935/935 936/936/936 942/942/942
f 935/935/935 942/942/942 941/941/941
f 936/936/936 937/937/937 943/943/943
f 936/936/936 943/943/943 942/942/942
f 937/937/937 938/938/938 944/944/944
f 937/937/937 944/944/944 943/943/943
f 938/938/938 939/939/939 945/945/945
f 938/938/938 945/945/945 944/944/944
f 939/939/939 940/940/940 946/946/946
f 939/939/939 946/946/946 945/945/945
f 940/940/940 935/935/935 941/941/941
f 940/940/940 941/941/941 946/946/946
f 941/941/941 942/942/942 948/948/948
f 941/941/941 948/948/948 947/947/947
f 942/942/942 943/943/943 949/949/949
f 942/942/942 949/949/949 948/948/948
f 943/943/943 944/944/944 950/950/950
f 943/943/943 950/950/950 949/949/949
f 944/944/944 945/945/945 951/951/951
f 944/944/944 951/951/951 950/950/950
f 945/945/945 946/946/946 952/952/952
f 945/945/945 952/952/952 951/951/951
f 946/946/946 941/941/941 947/947/947
f 946/946/946 947/947/947 952/952/952
f 947/947/947 948/948/948 954/954/954
f 947/947/947 954/954/954 953/953/953
f 948/948/948 949/949/949 955/955/955
f 948/948/948 955/955/955 954/954/954
f 949/949/949 950/950/950 956/956/956
f 949/949/949 956/956/956 955/955/955
f 950/950/950 951/951/951 957/957/957
f 950/950/950 957/957/957 956/956/956
f 951/951/951 952/952/952 958/958/958
f 951/951/951 958/958/958 957/957/957
f 952/952/952 947/947/947 953/953/953
f 952/952/952 953/953/953 958/958/958
f 953/953/953 954/954/954 960/960/960
f 953/953/953 960/960/960 959/959/959
f 954/954/954 955/955/955 961/961/961
f 954/954/954 961/961/961 960/960/960
f 955/955/955 956/956/956 962/962/962
f 955/955/955 962/962/962 961/961/961
f 956/956/956 957/957/957 963/963/963
f 956/956/956 963/963/963 962/962/962
f 957/957/957 958/958/958 964/964/964
f 957/957/957 964/964/964 963/963/963
f 958/958/958 953/953/953 959/959/959
f 958/958/958 959/959/959 964/964/964
f 959/959/959 960/960/960 966/966/966
f 959/959/959 966/966/966 965/965/965
f 960/960/960 961/961/961 967/967/967
f 960/960/960 967/967/967 966/966/966
f 961/961/961 962/962/962 968/968/968
f 961/961/961 968/968/968 967/967/967
f 962/962/962 963/963/963 969/969/969
f 962/962/962 969/969/969 968/968/968
f 963/963/963 964/964/964 970/970/970
f 963/963/963 970/970/970 969/969/969
f 964/964/964 959/959/959 965/965/965
f 964/964/964 965/965/965 970/970/970
f 965/965/965 966/966/966 972/972/972
f 965/965/965 972/972/972 971/971/971
f 966/966/966 967/967/967 973/973/973
f 966/966/966 973/973/973 972/972/972
f 967/967/967 968/968/968 974/974/974
f 967/967/967 974/974/974 973/973/973
f 968/968/968 969/969/969 975/975/975
f 968/968/968 975/975/975 974/974/974
f 969/969/969 970/970/970 976/976/976
f 969/969/969 976/976/976 975/975/975
f 970/970/970 965/965/965 971/971/971
f 970/970/970 971/971/971 976/976/976
f 971/971/971 972/972/972 978/978/978
f 971/971/971 978/978/978 977/977/977
f 972/972/972 973/973/973 979/979/979
f 972/972/972 979/979/979 978/978/978
f 973/973/973 974/974/974 980/980/980
f 973/973/973 980/980/980 979/979/979
f 974/974/974 975/975/975 981/981/981
f 974/974/974 981/981/981 980/980/980
f 975/975/975 976/976/976 982/982/982
f 975/975/975 982/982/982 981/981/981
f 976/976/976 971/971/971 977/977/977
f 976/976/976 977/977/977 982/982/982
f 977/977/977 978/978/978 984/984/984
f 977/977/977 984/984/984 983/983/983
f 978/978/978 979/979/979 985/985/985
f 978/978/978 985/985/985 984/984/984
f 979/979/979 980/980/980 986/986/986
f 979/979/979 986/986/986 985/985/985
f 980/980/980 981/981/981 987/987/987
f 980/980/980 987/987/987 986/986/986
f 981/981/981 982/982/982 988/988/988
f 981/981/981 988/988/988 987/987/987
f 982/982/982 977/977/977 983/983/983
f 982/982/982 983/983/983 988/988/988
f 983/983/983 984/984/984 990/990/990
f 983/983/983 990/990/990 989/989/989
f 984/984/984 985/985/985 991/991/991
f 984/984/984 991/991/991 990/990/990
f 985/985/985 986/986/986 992/992/992
f 985/985/985 992/992/992 991/991/991
f 986/986/986 987/987/987 993/993/993
f 986/986/986 993/993/993 992/992/992
f 987/987/987 988/988/988 994/994/994
f 987/987/987 994/994/994 993/993/993
f 988/988/988 983/983/983 989/989/989
f 988/988/988 989/989/989 994/994/994
f 989/989/989 990/990/990 996/996/996
f 989/989/989 996/996/996 995/995/995
f 990/990/990 991/991/991 997/997/997
f 990/990/990 997/997/997 996/996/996
f 991/991/991 992/992/992 998/998/998
f 991/991/991 998/998/998 997/997/997
f 992/992/992 993/993/993 999/999/999
f 992/992/992 999/999/999 998/998/998
f 993/993/993 994/994/994 1000/1000/1000
f 993/993/993 1000/1000/1000 999/999/999
f 994/994/994 989/989/989 995/995/995
f 994/994/994 995/995/995 1000/1000/1000
f 995/995/995 996/996/996 1002/1002/1002
f 995/995/995 1002/1002/1002 1001/1001/1001
f 996/996/996 997/997/997 1003/1003/1003
f 996/996/996 1003/1003/1003 1002/1002/1002
f 997/997/997 998/998/998 1004/1004/1004
f 997/997/997 1004/1004/1004 1003/1003/1003
f 998/998/998 999/999/999 1005/1005/1005
f 998/998/998 1005/1005/1005 1004/1004/1004
f 999/999/999 1000/1000/1000 1006/1006/1006
f 999/999/999 1006/1006/1006 1005/1005/1005
f 1000/1000/1000 995/995/995 1001/1001/1001
f 1000/1000/1000 1001/1001/1001 1006/1006/1006
f 809/809/809 811/811/811 810/810/810
f 1001/1001/1001 1002/1002/1002 1003/1003/1003
f 809/809/809 812/812/812 811/811/811
f 1001/1001/1001 1003/1003/1003 1004/1004/1004
f 809/809/809 813/813/813 812/812/812
f 1001/1001/1001 1004/1004/1004 1005/1005/1005
f 809/809/809 814/814/814 813/813/813
f 1001/1001/1001 1005/1005/1005 1006/1006/1006
f 1007/1007/1007 1008/1008/1008 1014/1014/1014
f 1007/1007/1007 1014/1014/1014 1013/1013/1013
f 1008/1008/1008 1009/1009/1009 1015/1015/1015
f 1008/1008/1008 1015/1015/1015 1014/1014/1014
f 1009/1009/1009 1010/1010/1010 1016/1016/1016
f 1009/1009/1009 1016/1016/1016 1015/1015/1015
f 1010/1010/1010 1011/1011/1011 1017/1017/1017
f 1010/1010/1010 1017/1017/1017 1016/1016/1016
f 1011/1011/1011 1012/1012/1012 1018/1018/1018
f 1011/1011/1011 1018/1018/1018 1017/1017/1017
f 1012/1012/1012 1007/1007/1007 1013/1013/1013
f 1012/1012/1012 1013/1013/1013 1018/1018/1018
f 1013/1013/1013 1014/1014/1014 1020/1020/1020
f 1013/1013/1013 1020/1020/1020 1019/1019/1019
f 1014/1014/1014 1015/1015/1015 1021/1021/1021
f 1014/1014/1014 1021/1021/1021 1020/1020/1020
f 1015/1015/1015 1016/1016/1016 1022/1022/1022
f 1015/1015/1015 1022/1022/1022 1021/1021/1021
f 1016/1016/1016 1017/1017/1017 1023/1023/1023
f 1016/1016/1016 1023/1023/1023 1022/1022/1022
f 1017/1017/1017 1018/1018/1018 1024/1024/1024
f 1017/1017/1017 1024/1024/1024 1023/1023/1023
f 1018/1018/1018 1013/1013/1013 1019/1019/1019
f 1018/1018/1018 1019/1019/1019 1024/1024/1024
f 1019/1019/1019 1020/1020/1020 1026/1026/1026
f 1019/1019/1019 1026/1026/1026 1025/1025/1025
f 1020/1020/1020 1021/1021/1021 1027/1027/1027
f 1020/1020/1020 1027/1027/1027 1026/1026/1026
f 1021/1021/1021 1022/1022/1022 1028/1028/1028
f 1021/1021/1021 1028/1028/1028 1027/1027/1027
f 1022/1022/1022 1023/1023/1023 1029/1029/1029
f 1022/1022/1022 1029/1029/1029 1028/1028/1028
f 1023/1023/1023 1024/1024/1024 1030/1030/1030
f 1023/1023/1023 1030/1030/1030 1029/1029/1029
f 1024/1024/1024 1019/1019/1019 1025/1025/1025
f 1024/1024/1024 1025/1025/1025 1030/1030/1030
f 1025/1025/1025 1026/1026/1026 1032/1032/1032
f 1025/1025/1025 1032/1032/1032 1031/1031/1031
f 1026/1026/1026 1027/1027/1027 1033/1033/1033
f 1026/1026/1026 1033/1033/1033 1032/1032/1032
f 1027/1027/1027 1028/1028/1028 1034/1034/1034
f 1027/1027/1027 1034/1034/1034 1033/1033/1033
f 1028/1028/1028 1029/1029/1029 1035/1035/1035
f 1028/1028/1028 1035/1035/1035 1034/1034/1034
f 1029/1029/1029 1030/1030/1030 1036/1036/1036
f 1029/1029/1029 1036/1036/1036 1035/1035/1035
f 1030/1030/1030 1025/1025/1025 1031/1031/1031
f 1030/1030/1030 1031/1031/1031 1036/1036/1036
f 1031/1031/1031 1032/1032/1032 1038/1038/1038
f 1031/1031/1031 1038/1038/1038 1037/1037/1037
f 1032/1032/1032 1033/1033/1033 1039/1039/1039
f 1032/1032/1032 1039/1039/1039 1038/1038/1038
f 1033/1033/1033 1034/1034/1034 1040/1040/1040
f 1033/1033/1033 1040/1040/1040 1039/1039/1039
f 1034/1034/1034 1035/1035/1035 1041/1041/1041
f 1034/1034/1034 1041/1041/1041 1040/1040/1040
f 1035/1035/1035 1036/1036/1036 1042/1042/1042
f 1035/1035/1035 1042/1042/1042 1041/1041/1041
f 1036/1036/1036 1031/1031/1031 1037/1037/1037
f 1036/1036/1036 1037/1037/1037 1042/1042/1042
f 1037/1037/1037 1038/1038/1038 1044/1044/1044
f 1037/1037/1037 1044/1044/1044 1043/1043/1043
f 1038/1038/1038 1039/1039/1039 1045/1045/1045
f 1038/1038/1038 1045/1045/1045 1044/1044/1044
f 1039/1039/1039 1040/1040/1040 1046/1046/1046
f 1039/1039/1039 1046/1046/1046 1045/1045/1045
f 1040/1040/1040 1041/1041/1041 1047/1047/1047
f 1040/1040/1040 1047/1047/1047 1046/1046/1046
f 1041/1041/1041 1042/1042/1042 1048/1048/1048
f 1041/1041/1041 1048/1048/1048 1047/1047/1047
f 1042/1042/1042 1037/1037/1037 1043/1043/1043
f 1042/1042/1042 1043/1043/1043 1048/1048/1048
f 1043/1043/1043 1044/1044/1044 1050/1050/1050
f 1043/1043/1043 1050/1050/1050 1049/1049/1049
f 1044/1044/1044 1045/1045/1045 1051/1051/1051
f 1044/1044/1044 1051/1051/1051 1050/1050/1050
f 1045/1045/1045 1046/1046/1046 1052/1052/1052
f 1045/1045/1045 1052/1052/1052 1051/1051/1051
f 1046/1046/1046 1047/1047/1047 1053/1053/1053
f 1046/1046/1046 1053/1053/1053 1052/1052/1052
f 1047/1047/1047 1048/1048/1048 1054/1054/1054
f 1047/1047/1047 1054/1054/1054 1053/1053/1053
f 1048/1048/1048 1043/1043/1043 1049/1049/1049
f 1048/1048/1048 1049/1049/1049 1054/1054/1054
f 1049/1049/1049 1050/1050/1050 1056/1056/1056
f 1049/1049/1049 1056/1056/1056 1055/1055/1055
f 1050/1050/1050 1051/1051/1051 1057/1057/1057
f 1050/1050/1050 1057/1057/1057 1056/1056/1056
f 1051/1051/1051 1052/1052/1052 1058/1058/1058
f 1051/1051/1051 1058/1058/1058 1057/1057/1057
f 1052/1052/1052 1053/1053/1053 1059/1059/1059
f 1052/1052/1052 1059/1059/1059 1058/1058/1058
f 1053/1053/1053 1054/1054/1054 1060/1060/1060
f 1053/1053/1053 1060/1060/1060 1059/1059/1059
f 1054/1054/1054 1049/1049/1049 1055/1055/1055
f 1054/1054/1054 1055/1055/1055 1060/1060/1060
f 1055/1055/1055 1056/1056/1056 1062/1062/1062
f 1055/1055/1055 1062/1062/1062 1061/1061/1061
f 1056/1056/1056 1057/1057/1057 1063/1063/1063
f 1056/1056/1056 1063/1063/1063 1062/1062/1062
f 1057/1057/1057 1058/1058/1058 1064/1064/1064
f 1057/1057/1057 1064/1064/1064 1063/1063/1063
f 1058/1058/1058 1059/1059/1059 1065/1065/1065
f 1058/1058/1058 1065/1065/1065 1064/1064/1064
f 1059/1059/1059 1060/1060/1060 1066/1066/1066
f 1059/1059/1059 1066/1066/1066 1065/1065/1065
f 1060/1060/1060 1055/1055/1055 1061/1061/1061
f 1060/1060/1060 1061/1061/1061 1066/1066/1066
f 1061/1061/1061 1062/1062/1062 1068/1068/1068
f 1061/1061/1061 1068/1068/1068 1067/1067/1067
f 1062/1062/1062 1063/1063/1063 1069/1069/1069
f 1062/1062/1062 1069/1069/1069 1068/1068/1068
f 1063/1063/1063 1064/1064/1064 1070/1070/1070
f 1063/1063/1063 1070/1070/1070 1069/1069/1069
f 1064/1064/1064 1065/1065/1065 1071/1071/1071
f 1064/1064/1064 1071/1071/1071 1070/1070/1070
f 1065/1065/1065 1066/1066/1066 1072/1072/1072
f 1065/1065/1065 1072/1072/1072 1071/1071/1071
f 1066/1066/1066 1061/1061/1061 1067/1067/1067
f 1066/1066/1066 1067/1067/1067 1072/1072/1072
f 1067/1067/1067 1068/1068/1068 1074/1074/1074
f 1067/1067/1067 1074/1074/1074 1073/1073/1073
f 1068/1068/1068 1069/1069/1069 1075/1075/1075
f 1068/1068/1068 1075/1075/1075 1074/1074/1074
f 1069/1069/1069 1070/1070/1070 1076/1076/1076
f 1069/1069/1069 1076/1076/1076 1075/1075/1075
f 1070/1070/1070 1071/1071/1071 1077/1077/1077
f 1070/1070/1070 1077/1077/1077 1076/1076/1076
f 1071/1071/1071 1072/1072/1072 1078/1078/1078
f 1071/1071/1071 1078/1078/1078 1077/1077/1077
f 1072/1072/1072 1067/1067/1067 1073/1073/1073
f 1072/1072/1072 1073/1073/1073 1078/1078/1078
f 1073/1073/1073 1074/1074/1074 1080/1080/1080
f 1073/1073/1073 1080/1080/1080 1079/1079/1079
f 1074/1074/1074 1075/1075/1075 1081/1081/1081
f 1074/1074/1074 1081/1081/1081 1080/1080/1080
f 1075/1075/1075 1076/1076/1076 1082/1082/1082
f 1075/1075/1075 1082/1082/1082 1081/1081/1081
f 1076/1076/1076 1077/1077/1077 1083/1083/1083
f 1076/1076/1076 1083/1083/1083 1082/1082/1082
f 1077/1077/1077 1078/1078/1078 1084/1084/1084
f 1077/1077/1077 1084/1084/1084 1083/1083/1083
f 1078/1078/1078 1073/1073/1073 1079/1079/1079
f 1078/1078/1078 1079/1079/1079 1084/1084/1084
f 1079/1079/1079 1080/1080/1080 1086/1086/1086
f 1079/1079/1079 1086/1086/1086 1085/1085/1085
f 1080/1080/1080 1081/1081/1081 1087/1087/1087
f 1080/1080/1080 1087/1087/1087 1086/1086/1086
f 1081/1081/1081 1082/1082/1082 1088/1088/1088
f 1081/1081/1081 1088/1088/1088 1087/1087/1087
f 1082/1082/1082 1083/1083/1083 1089/1089/1089
f 1082/1082/1082 1089/1089/1089 1088/1088/1088
f 1083/1083/1083 1084/1084/1084 1090/1090/1090
f 1083/1083/1083 1090/1090/1090 1089/1089/1089
f 1084/1084/1084 1079/1079/1079 1085/1085/1085
f 1084/1084/1084 1085/1085/1085 1090/1090/1090
f 1085/1085/1085 1086/1086/1086 1092/1092/1092
f 1085/1085/1085 1092/1092/1092 1091/1091/1091
f 1086/1086/1086 1087/1087/1087 1093/1093/1093
f 1086/1086/1086 1093/1093/1093 1092/1092/1092
f 1087/1087/1087 1088/1088/1088 1094/1094/1094
f 1087/1087/1087 1094/1094/1094 1093/1093/1093
f 1088/1088/1088 1089/1089/1089 1095/1095/1095
f 1088/1088/1088 1095/1095/1095 1094/1094/1094
f 1089/1089/1089 1090/1090/1090 1096/1096/1096
f 1089/1089/1089 1096/1096/1096 1095/1095/1095
f 1090/1090/1090 1085/1085/1085 1091/1091/1091
f 1090/1090/1090 1091/1091/1091 1096/1096/1096
f 1091/1091/1091 1092/1092/1092 1098/1098/1098
f 1091/1091/1091 1098/1098/1098 1097/1097/1097
f 1092/1092/1092 1093/1093/1093 1099/1099/1099
f 1092/1092/1092 1099/1099/1099 1098/1098/1098
f 1093/1093/1093 1094/1094/1094 1100/1100/1100
f 1093/1093/1093 1100/1100/1100 1099/1099/1099
f 1094/1094/1094 1095/1095/1095 1101/1101/1101
f 1094/1094/1094 1101/1101/1101 1100/1100/1100
f 1095/1095/1095 1096/1096/1096 1102/1102/1102
f 1095/1095/1095 1102/1102/1102 1101/1101/1101
f 1096/1096/1096 1091/1091/1091 1097/1097/1097
f 1096/1096/1096 1097/1097/1097 1102/1102/1102
f 1097/1097/1097 1098/1098/1098 1104/1104/1104
f 1097/1097/1097 1104/1104/1104 1103/1103/1103
f 1098/1098/1098 1099/1099/1099 1105/1105/1105
f 1098/1098/1098 1105/1105/1105 1104/1104/1104
f 1099/1099/1099 1100/1100/1100 1106/1106/1106
f 1099/1099/1099 1106/1106/1106 1105/1105/1105
f 1100/1100/1100 1101/1101/1101 1107/1107/1107
f 1100/1100/1100 1107/1107/1107 1106/1106/1106
f 1101/1101/1101 1102/1102/1102 1108/1108/1108
f 1101/1101/1101 1108/1108/1108 1107/1107/1107
f 1102/1102/1102 1097/1097/1097 1103/1103/1103
f 1102/1102/1102 1103/1103/1103 1108/1108/1108
f 1103/1103/1103 1104/1104/1104 1110/1110/1110
f 1103/1103/1103 1110/1110/1110 1109/1109/1109
f 1104/1104/1104 1105/1105/1105 1111/1111/1111
f 1104/1104/1104 1111/1111/1111 1110/1110/1110
f 1105/1105/1105 1106/1106/1106 1112/1112/1112
f 1105/1105/1105 1112/1112/1112 1111/1111/1111
f 1106/1106/1106 1107/1107/1107 1113/1113/1113
f 1106/1106/1106 1113/1113/1113 1112/1112/1112
f 1107/1107/1107 1108/1108/1108 1114/1114/1114
f 1107/1107/1107 1114/1114/1114 1113/1113/1113
f 1108/1108/1108 1103/1103/1103 1109/1109/1109
f 1108/1108/1108 1109/1109/1109 1114/1114/1114
f 1109/1109/1109 1110/1110/1110 1116/1116/1116
f 1109/1109/1109 1116/1116/1116 1115/1115/1115
f 1110/1110/1110 1111/1111/1111 1117/1117/1117
f 1110/1110/1110 1117/1117/1117 1116/1116/1116
f 1111/1111/1111 1112/1112/1112 1118/1118/1118
f 1111/1111/1111 1118/1118/1118 1117/1117/1117
f 1112/1112/1112 1113/1113/1113 1119/1119/1119
f 1112/1112/1112 1119/1119/1119 1118/1118/1118
f 1113/1113/1113 1114/1114/1114 1120/1120/1120
f 1113/1113/1113 1120/1120/1120 1119/1119/1119
f 1114/1114/1114 1109/1109/1109 1115/1115/1115
f 1114/1114/1114 1115/1115/1115 1120/1120/1120
f 1115/1115/1115 1116/1116/1116 1122/1122/1122
f 1115/1115/1115 1122/1122/1122 1121/1121/1121
f 1116/1116/1116 1117/1117/1117 1123/1123/1123
f 1116/1116/1116 1123/1123/1123 1122/1122/1122
f 1117/1117/1117 1118/1118/1118 1124/1124/1124
f 1117/1117/1117 1124/1124/1124 1123/1123/1123
f 1118/1118/1118 1119/1119/1119 1125/1125/1125
f 1118/1118/1118 1125/1125/1125 1124/1124/1124
f 1119/1119/1119 1120/1120/1120 1126/1126/1126
f 1119/1119/1119 1126/1126/1126 1125/1125/1125
f 1120/1120/1120 1115/1115/1115 1121/1121/1121
f 1120/1120/1120 1121/1121/1121 1126/1126/1126
f 1121/1121/1121 1122/1122/1122 1128/1128/1128
f 1121/1121/1121 1128/1128/1128 1127/1127/1127
f 1122/1122/1122 1123/1123/1123 1129/1129/1129
f 1122/1122/1122 1129/1129/1129 1128/1128/1128
f 1123/1123/1123 1124/1124/1124 1130/1130/1130
f 1123/1123/1123 1130/1130/1130 1129/1129/1129
f 1124/1124/1124 1125/1125/1125 1131/1131/1131
f 1124/1124/1124 1131/1131/1131 1130/1130/1130
f 1125/1125/1125 1126/1126/1126 1132/1132/1132
f 1125/1125/1125 1132/1132/1132 1131/1131/1131
f 1126/1126/1126 1121/1121/1121 1127/1127/1127
f 1126/1126/1126 1127/1127/1127 1132/1132/1132
f 1127/1127/1127 1128/1128/1128 1134/1134/1134
f 1127/1127/1127 1134/1134/1134 1133/1133/1133
f 1128/1128/1128 1129/1129/1129 1135/1135/1135
f 1128/1128/1128 1135/1135/1135 1134/1134/1134
f 1129/1129/1129 1130/1130/1130 1136/1136/1136
f 1129/1129/1129 1136/1136/1136 1135/1135/1135
f 1130/1130/1130 1131/1131/1131 1137/1137/1137
f 1130/1130/1130 1137/1137/1137 1136/1136/1136
f 1131/1131/1131 1132/1132/1132 1138/1138/1138
f 1131/1131/1131 1138/1138/1138 1137/1137/1137
f 1132/1132/1132 1127/1127/1127 1133/1133/1133
f 1132/1132/1132 1133/1133/1133 1138/1138/1138
f 1133/1133/1133 1134/1134/1134 1140/1140/1140
f 1133/1133/1133 1140/1140/1140 1139/1139/1139
f 1134/1134/1134 1135/1135/1135 1141/1141/1141
f 1134/1134/1134 1141/1141/1141 1140/1140/1140
f 1135/1135/1135 1136/1136/1136 1142/1142/1142
f 1135/1135/1135 1142/1142/1142 1141/1141/1141
f 1136/1136/1136 1137/1137/1137 1143/1143/1143
f 1136/1136/1136 1143/1143/1143 1142/1142/1142
f 1137/1137/1137 1138/1138/1138 1144/1144/1144
f 1137/1137/1137 1144/1144/1144 1143/1143/1143
f 1138/1138/1138 1133/1133/1133 1139/1139/1139
f 1138/1138/1138 1139/1139/1139 1144/1144/1144
f 1139/1139/1139 1140/1140/1140 1146/1146/1146
f 1139/1139/1139 1146/1146/1146 1145/1145/1145
f 1140/1140/1140 1141/1141/1141 1147/1147/1147
f 1140/1140/1140 1147/1147/1147 1146/1146/1146
f 1141/1141/1141 1142/1142/1142 1148/1148/1148
f 1141/1141/1141 1148/1148/1148 1147/1147/1147
f 1142/1142/1142 1143/1143/1143 1149/1149/1149
f 1142/1142/1142 1149/1149/1149 1148/1148/1148
f 1143/1143/1143 1144/1144/1144 1150/1150/1150
f 1143/1143/1143 1150/1150/1150 1149/1149/1149
f 1144/1144/1144 1139/1139/1139 1145/1145/1145
f 1144/1144/1144 1145/1145/1145 1150/1150/1150
f 1145/1145/1145 1146/1146/1146 1152/1152/1152
f 1145/1145/1145 1152/1152/1152 1151/1151/1151
f 1146/1146/1146 1147/1147/1147 1153/1153/1153
f 1146/1146/1146 1153/1153/1153 1152/1152/1152
f 1147/1147/1147 1148/1148/1148 1154/1154/1154
f 1147/1147/1147 1154/1154/1154 1153/1153/1153
f 1148/1148/1148 1149/1149/1149 1155/1155/1155
f 1148/1148/1148 1155/1155/1155 1154/1154/1154
f 1149/1149/1149 1150/1150/1150 1156/1156/1156
f 1149/1149/1149 1156/1156/1156 1155/1155/1155
f 1150/1150/1150 1145/1145/1145 1151/1151/1151
f 1150/1150/1150 1151/1151/1151 1156/1156/1156
f 1151/1151/1151 1152/1152/1152 1158/1158/1158
f 1151/1151/1151 1158/1158/1158 1157/1157/1157
f 1152/1152/1152 1153/1153/1153 1159/1159/1159
f 1152/1152/1152 1159/1159/1159 1158/1158/1158
f 1153/1153/1153 1154/1154/1154 1160/1160/1160
f 1153/1153/1153 1160/1160/1160 1159/1159/1159
f 1154/1154/1154 1155/1155/1155 1161/1161/1161
f 1154/1154/1154 1161/1161/1161 1160/1160/1160
f 1155/1155/1155 1156/1156/1156 1162/1162/1162
f 1155/1155/1155 1162/1162/1162 1161/1161/1161
f 1156/1156/1156 1151/1151/1151 1157/1157/1157
f 1156/1156/1156 1157/1157/1157 1162/1162/1162
f 1157/1157/1157 1158/1158/1158 1164/1164/1164
f 1157/1157/1157 1164/1164/1164 1163/1163/1163
f 1158/1158/1158 1159/1159/1159 1165/1165/1165
f 1158/1158/1158 1165/1165/1165 1164/1164/1164
f 1159/1159/1159 1160/1160/1160 1166/1166/1166
f 1159/1159/1159 1166/1166/1166 1165/1165/1165
f 1160/1160/1160 1161/1161/1161 1167/1167/1167
f 1160/1160/1160 1167/1167/1167 1166/1166/1166
f 1161/1161/1161 1162/1162/1162 1168/1168/1168
f 1161/1161/1161 1168/1168/1168 1167/1167/1167
f 1162/1162/1162 1157/1157/1157 1163/1163/1163
f 1162/1162/1162 1163/1163/1163 1168/1168/1168
f 1163/1163/1163 1164/1164/1164 1170/1170/1170
f 1163/1163/1163 1170/1170/1170 1169/1169/1169
f 1164/1164/1164 1165/1165/1165 1171/1171/1171
f 1164/1164/1164 1171/1171/1171 1170/1170/1170
f 1165/1165/1165 1166/1166/1166 1172/1172/1172
f 1165/1165/1165 1172/1172/1172 1171/1171/1171
f 1166/1166/1166 1167/1167/1167 1173/1173/1173
f 1166/1166/1166 1173/1173/1173 1172/1172/1172
f 1167/1167/1167 1168/1168/1168 1174/1174/1174
f 1167/1167/1167 1174/1174/1174 1173/1173/1173
f 1168/1168/1168 1163/1163/1163 1169/1169/1169
f 1168/1168/1168 1169/1169/1169 1174/1174/1174
f 1169/1169/1169 1170/1170/1170 1176/1176/1176
f 1169/1169/1169 1176/1176/1176 1175/1175/1175
f 1170/1170/1170 1171/1171/1171 1177/1177/1177
f 1170/1170/1170 1177/1177/1177 1176/1176/1176
f 1171/1171/1171 1172/1172/1172 1178/1178/1178
f 1171/1171/1171 1178/1178/1178 1177/1177/1177
f 1172/1172/1172 1173/1173/1173 1179/1179/1179
f 1172/1172/1172 1179/1179/1179 1178/1178/1178
f 1173/1173/1173 1174/1174/1174 1180/1180/1180
f 1173/1173/1173 1180/1180/1180 1179/1179/1179
f 1174/1174/1174 1169/1169/1169 1175/1175/1175
f 1174/1174/1174 1175/1175/1175 1180/1180/1180
f 1175/1175/1175 1176/1176/1176 1182/1182/1182
f 1175/1175/1175 1182/1182/1182 1181/1181/1181
f 1176/1176/1176 1177/1177/1177 1183/1183/1183
f 1176/1176/1176 1183/1183/1183 1182/1182/1182
f 1177/1177/1177 1178/1178/1178 1184/1184/1184
f 1177/1177/1177 1184/1184/1184 1183/1183/1183
f 1178/1178/1178 1179/1179/1179 1185/1185/1185
f 1178/1178/1178 1185/1185/1185 1184/1184/1184
f 1179/1179/1179 1180/1180/1180 1186/1186/1186
f 1179/1179/1179 1186/1186/1186 1185/1185/1185
f 1180/1180/1180 1175/1175/1175 1181/1181/1181
f 1180/1180/1180 1181/1181/1181 1186/1186/1186
f 1181/1181/1181 1182/1182/1182 1188/1188/1188
f 1181/1181/1181 1188/1188/1188 1187/1187/1187
f 1182/1182/1182 1183/1183/1183 1189/1189/1189
f 1182/1182/1182 1189/1189/1189 1188/1188/1188
f 1183/1183/1183 1184/1184/1184 1190/1190/1190
f 1183/1183/1183 1190/1190/1190 1189/1189/1189
f 1184/1184/1184 1185/1185/1185 1191/1191/1191
f 1184/1184/1184 1191/1191/1191 1190/1190/1190
f 1185/1185/1185 1186/1186/1186 1192/1192/1192
f 1185/1185/1185 1192/1192/1192 1191/1191/1191
f 1186/1186/1186 1181/1181/1181 1187/1187/1187
f 1186/1186/1186 1187/1187/1187 1192/1192/1192
f 1187/1187/1187 1188/1188/1188 1194/1194/1194
f 1187/1187/1187 1194/1194/1194 1193/1193/1193
f 1188/1188/1188 1189/1189/1189 1195/1195/1195
f 1188/1188/1188 1195/1195/1195 1194/1194/1194
f 1189/1189/1189 1190/1190/1190 1196/1196/1196
f 1189/1189/1189 1196/1196/1196 1195/1195/1195
f 1190/1190/1190 1191/1191/1191 1197/1197/1197
f 1190/1190/1190 1197/1197/1197 1196/1196/1196
f 1191/1191/1191 1192/1192/1192 1198/1198/1198
f 1191/1191/1191 1198/1198/1198 1197/1197/1197
f 1192/1192/1192 1187/1187/1187 1193/1193/1193
f 1192/1192/1192 1193/1193/1193 1198/1198/1198
f 1193/1193/1193 1194/1194/1194 1200/1200/1200
f 1193/1193/1193 1200/1200/1200 1199/1199/1199
f 1194/1194/1194 1195/1195/1195 1201/1201/1201
f 1194/1194/1194 1201/1201/1201 1200/1200/1200
f 1195/1195/1195 1196/1196/1196 1202/1202/1202
f 1195/1195/1195 1202/1202/1202 1201/1201/1201
f 1196/1196/1196 1197/1197/1197 1203/1203/1203
f 1196/1196/1196 1203/1203/1203 1202/1202/1202
f 1197/1197/1197 1198/1198/1198 1204/1204/1204
f 1197/1197/1197 1204/1204/1204 1203/1203/1203
f 1198/1198/1198 1193/1193/1193 1199/1199/1199
f 1198/1198/1198 1199/1199/1199 1204/1204/1204
f 1007/1007/1007 1009/1009/1009 1008/1008/1008
f 1199/1199/1199 1200/1200/1200 1201/1201/1201
f 1007/1007/1007 1010/1010/1010 1009/1009/1009
f 1199/1199/1199 1201/1201/1201 1202/1202/1202
f 1007/1007/1007 1011/1011/1011 1010/1010/1010
f 1199/1199/1199 1202/1202/1202 1203/1203/1203
f 1007/1007/1007 1012/1012/1012 1011/1011/1011
f 1199/1199/1199 1203/1203/1203 1204/1204/1204
