# Reference-led flame ribbon, Y up, longitudinal flow UVs
o flame_curl_05_v13
v -3.9783650 0.0704078 -5.9110993
v -3.9783386 0.0702883 -5.9110790
v -3.9782950 0.0700000 -5.9110831
v -3.9782552 0.0696787 -5.9111108
v -3.9782470 0.0695456 -5.9111441
v -3.9782753 0.0696787 -5.9111636
v -3.9783234 0.0700000 -5.9111579
v -3.9783587 0.0702883 -5.9111319
v -3.6879863 0.1410778 -6.0215540
v -3.6863750 0.1337327 -6.0202494
v -3.6836729 0.1160000 -6.0204340
v -3.6810459 0.0952560 -6.0221482
v -3.6804498 0.0866635 -6.0242394
v -3.6822339 0.0952560 -6.0254824
v -3.6853530 0.1160000 -6.0251493
v -3.6875630 0.1337327 -6.0235836
v -3.3943835 0.2007983 -6.1194352
v -3.3919551 0.1894345 -6.1172915
v -3.3877291 0.1620000 -6.1174009
v -3.3833333 0.1285818 -6.1199620
v -3.3821905 0.1147395 -6.1232118
v -3.3849701 0.1285818 -6.1252467
v -3.3900439 0.1620000 -6.1248747
v -3.3935919 0.1894345 -6.1225763
v -3.0989071 0.2556482 -6.2044827
v -3.0960171 0.2416924 -6.2017241
v -3.0907828 0.2080000 -6.2016499
v -3.0850243 0.1656914 -6.2046335
v -3.0833611 0.1481666 -6.2085973
v -3.0867674 0.1656914 -6.2112193
v -3.0932479 0.2080000 -6.2109637
v -3.0977601 0.2416924 -6.2083099
v -2.8028064 0.3106403 -6.2766201
v -2.7994928 0.2940507 -6.2732261
v -2.7932308 0.2540000 -6.2729003
v -2.7860355 0.2027308 -6.2761986
v -2.7837749 0.1814944 -6.2808238
v -2.7877734 0.2027308 -6.2840664
v -2.7956885 0.2540000 -6.2840271
v -2.8012307 0.2940507 -6.2810940
v -2.5076652 0.3728080 -6.3358447
v -2.5035725 0.3514830 -6.3313786
v -2.4954860 0.3000000 -6.3306673
v -2.4859067 0.2335958 -6.3345258
v -2.4826820 0.2060903 -6.3402955
v -2.4877008 0.2335958 -6.3445967
v -2.4980233 0.3000000 -6.3449097
v -2.5053666 0.3514830 -6.3414495
v -2.2140777 0.4424258 -6.3824737
v -2.2088845 0.4141833 -6.3764736
v -2.1981421 0.3460000 -6.3751591
v -2.1851895 0.2583975 -6.3797027
v -2.1805679 0.2221113 -6.3870404
v -2.1869845 0.2583975 -6.3928737
v -2.2006805 0.3460000 -6.3937857
v -2.2106795 0.4141833 -6.3896446
v -1.9211202 0.5101212 -6.4169853
v -1.9150368 0.4755243 -6.4095821
v -1.9018543 0.3920000 -6.4075294
v -1.8858690 0.2862446 -6.4123552
v -1.8798707 0.2424392 -6.4209071
v -1.8873731 0.2862446 -6.4281753
v -1.9039814 0.3920000 -6.4299023
v -1.9165409 0.4755243 -6.4254022
v -1.6276350 0.5656544 -6.4396442
v -1.6213550 0.5282653 -6.4316261
v -1.6071000 0.4380000 -6.4289384
v -1.5899016 0.3264400 -6.4333360
v -1.5831531 0.2802303 -6.4420623
v -1.5908078 0.3264400 -6.4500057
v -1.6083815 0.4380000 -6.4525129
v -1.6222612 0.5282653 -6.4482958
v -1.3340898 0.6096122 -6.4504372
v -1.3281902 0.5728213 -6.4425538
v -1.3141696 0.4840000 -6.4394501
v -1.2974938 0.3777161 -6.4429826
v -1.2906786 0.3336918 -6.4510436
v -1.2977163 0.3777161 -6.4589111
v -1.3144843 0.4840000 -6.4619764
v -1.3284127 0.5728213 -6.4584823
v -1.0427200 0.6537071 -6.4494081
v -1.0371747 0.6174741 -6.4416596
v -1.0233878 0.5300000 -6.4381482
v -1.0073418 0.4293203 -6.4408758
v -1.0005300 0.3876174 -6.4482997
v -1.0069426 0.4293203 -6.4560710
v -1.0228233 0.5300000 -6.4596374
v -1.0367755 0.6174741 -6.4568548
v -0.7554548 0.7074344 -6.4368748
v -0.7498339 0.6689382 -6.4286553
v -0.7352246 0.5760000 -6.4244336
v -0.7186783 0.4736172 -6.4265826
v -0.7113942 0.4312089 -6.4339436
v -0.7176391 0.4736172 -6.4422046
v -0.7337548 0.5760000 -6.4465265
v -0.7487946 0.6689382 -6.4442773
v -0.4719814 0.7662190 -6.4131624
v -0.4661022 0.7239783 -6.4041432
v -0.4501340 0.6220000 -6.3989598
v -0.4325987 0.5148272 -6.4005595
v -0.4246002 0.4704348 -6.4080944
v -0.4308240 0.5148272 -6.4171505
v -0.4476243 0.6220000 -6.4224229
v -0.4643276 0.7239783 -6.4207342
v -0.1905659 0.8168534 -6.3782751
v -0.1847907 0.7732553 -6.3689425
v -0.1683960 0.6680000 -6.3630079
v -0.1509699 0.5626468 -6.3639454
v -0.1427361 0.5190081 -6.3712081
v -0.1485178 0.5626468 -6.3805416
v -0.1649282 0.6680000 -6.3864785
v -0.1823386 0.7732553 -6.3855387
v 0.0890060 0.8557360 -6.3321586
v 0.0942260 0.8142225 -6.3232225
v 0.1097304 0.7140000 -6.3169984
v 0.1256844 0.6184606 -6.3172746
v 0.1334949 0.5788869 -6.3237470
v 0.1285866 0.6184606 -6.3326242
v 0.1138347 0.7140000 -6.3387060
v 0.0971282 0.8142225 -6.3385720
v 0.3640164 0.8974733 -6.2753347
v 0.3688037 0.8572083 -6.2665894
v 0.3837130 0.7600000 -6.2599797
v 0.3985959 0.6716056 -6.2597042
v 0.4061490 0.6349915 -6.2655975
v 0.4019477 0.6716056 -6.2742074
v 0.3884531 0.7600000 -6.2804902
v 0.3721554 0.8572083 -6.2810926
v 0.6311572 0.9604375 -6.2088827
v 0.6362140 0.9152038 -6.1989360
v 0.6527867 0.8060000 -6.1908481
v 0.6688990 0.7109696 -6.1899784
v 0.6773808 0.6716067 -6.1962147
v 0.6732635 0.7109696 -6.2059039
v 0.6589591 0.8060000 -6.2133702
v 0.6405785 0.9152038 -6.2148615
v 0.8901806 1.0441994 -6.1334322
v 0.8960526 0.9879055 -6.1208578
v 0.9164149 0.8520000 -6.1099451
v 0.9358081 0.7382689 -6.1082100
v 0.9464035 0.6911599 -6.1155454
v 0.9419942 0.7382689 -6.1276544
v 0.9251633 0.8520000 -6.1374436
v 0.9022386 0.9879055 -6.1403022
v 1.1443361 1.1264672 -6.0483514
v 1.1507815 1.0595507 -6.0331220
v 1.1746183 0.8980000 -6.0191176
v 1.1970286 0.7671442 -6.0163070
v 1.2097395 0.7129419 -6.0245713
v 1.2053049 0.7671442 -6.0390696
v 1.1863228 0.8980000 -6.0513089
v 1.1590577 1.0595507 -6.0558847
v 1.3967003 1.1855086 -5.9524397
v 1.4029042 1.1147724 -5.9359932
v 1.4276499 0.9440000 -5.9200737
v 1.4508305 0.8090249 -5.9163113
v 1.4644784 0.7531163 -5.9246053
v 1.4605988 0.8090249 -5.9400974
v 1.4414643 0.9440000 -5.9537125
v 1.4126724 1.1147724 -5.9597793
v 1.6466170 1.2226869 -5.8455486
v 1.6519567 1.1545345 -5.8293246
v 1.6752985 0.9900000 -5.8128916
v 1.6973223 0.8618917 -5.8084714
v 1.7107737 0.8088275 -5.8160576
v 1.7077730 0.8618917 -5.8312064
v 1.6900780 0.9900000 -5.8450438
v 1.6624073 1.1545345 -5.8520597
v 1.8905024 1.2582790 -5.7290509
v 1.8949394 1.1931750 -5.7131561
v 1.9166941 1.0360000 -5.6963962
v 1.9376196 0.9141497 -5.6913495
v 1.9508614 0.8636776 -5.6982117
v 1.9486626 0.9141497 -5.7129629
v 1.9323112 1.0360000 -5.7269621
v 1.9059823 1.1931750 -5.7347695
v 2.1259531 1.3057160 -5.6043062
v 2.1296897 1.2401911 -5.5878816
v 2.1509697 1.0820000 -5.5699331
v 2.1721062 0.9584853 -5.5639237
v 2.1859390 0.9073239 -5.5704246
v 2.1843651 0.9584853 -5.5856276
v 2.1683064 1.0820000 -5.6006270
v 2.1419487 1.2401911 -5.6095855
v 2.3540719 1.3556756 -5.4709651
v 2.3570665 1.2889910 -5.4537963
v 2.3780241 1.1280000 -5.4344244
v 2.3998031 0.9999155 -5.4272223
v 2.4145106 0.9468611 -5.4333839
v 2.4135310 0.9999155 -5.4492997
v 2.3974383 1.1280000 -5.4656466
v 2.3707944 1.2889910 -5.4758736
v 2.5772671 1.3891884 -5.3274828
v 2.5792694 1.3261612 -5.3108201
v 2.5983468 1.1740000 -5.2914659
v 2.6193557 1.0492520 -5.2834655
v 2.6339578 0.9975797 -5.2887975
v 2.6335993 1.0492520 -5.3043384
v 2.6184902 1.1740000 -5.3209847
v 2.5935129 1.3261612 -5.3316931
v 2.7954230 1.4033471 -5.1735090
v 2.7963696 1.3496460 -5.1589466
v 2.8119418 1.2200000 -5.1415720
v 2.8303310 1.1093622 -5.1335705
v 2.8434517 1.0635345 -5.1376218
v 2.8436179 1.1093622 -5.1513527
v 2.8307323 1.2200000 -5.1667198
v 2.8096565 1.3496460 -5.1767288
v 3.0051858 1.4182237 -5.0112204
v 3.0053001 1.3736384 -4.9988427
v 3.0176138 1.2660000 -4.9836943
v 3.0333686 1.1695920 -4.9759111
v 3.0448806 1.1296584 -4.9787903
v 3.0454062 1.1695920 -4.9906452
v 3.0346374 1.2660000 -5.0045315
v 3.0173377 1.3736384 -5.0135768
v 3.2031282 1.4566412 -4.8436885
v 3.2025665 1.4142768 -4.8316816
v 3.2136384 1.3120000 -4.8166172
v 3.2291153 1.2152919 -4.8079831
v 3.2406738 1.1752342 -4.8101737
v 3.2415433 1.2152919 -4.8219058
v 3.2312143 1.3120000 -4.8363070
v 3.2149945 1.4142768 -4.8456044
v 3.3889466 1.5204308 -4.6719748
v 3.3875385 1.4728559 -4.6582605
v 3.3992220 1.3580000 -4.6406163
v 3.4171710 1.2430044 -4.6293603
v 3.4308533 1.1953716 -4.6311038
v 3.4322539 1.2430044 -4.6448255
v 3.4205524 1.3580000 -4.6624872
v 3.4026214 1.4728559 -4.6737256
v 3.5651082 1.5898520 -4.4943480
v 3.5625977 1.5354172 -4.4784602
v 3.5750634 1.4040000 -4.4574781
v 3.5961826 1.2646861 -4.4426482
v 3.6126044 1.2069804 -4.4437021
v 3.6147091 1.2646861 -4.4600225
v 3.6012638 1.4040000 -4.4820492
v 3.5811242 1.5354172 -4.4958346
v 3.7336859 1.6455599 -4.3086316
v 3.7301106 1.5882818 -4.2917946
v 3.7422408 1.4500000 -4.2689297
v 3.7649246 1.2952740 -4.2511498
v 3.7829203 1.2311844 -4.2511511
v 3.7856862 1.2952740 -4.2689330
v 3.7716022 1.4500000 -4.2940790
v 3.7508723 1.5882818 -4.3095778
v 3.8941143 1.6879086 -4.1150378
v 3.8897265 1.6316998 -4.0984938
v 3.9006355 1.4960000 -4.0753374
v 3.9231240 1.3366882 -4.0557088
v 3.9413455 1.2706991 -4.0545307
v 3.9446261 1.3366882 -4.0724932
v 3.9310441 1.4960000 -4.0990740
v 3.9112286 1.6316998 -4.1152781
v 4.0441173 1.7331501 -3.9162268
v 4.0389313 1.6771636 -3.8998266
v 4.0487896 1.5420000 -3.8761034
v 4.0711284 1.3768904 -3.8544261
v 4.0896509 1.3084997 -3.8520208
v 4.0935069 1.3768904 -3.8702964
v 4.0804376 1.5420000 -3.8985474
v 4.0613098 1.6771636 -3.9156969
v 4.1823478 1.7923144 -3.7144662
v 4.1760177 1.7324721 -3.6971238
v 4.1854684 1.5880000 -3.6711252
v 4.2089265 1.4062253 -3.6458360
v 4.2288879 1.3309317 -3.6419343
v 4.2336594 1.4062253 -3.6617058
v 4.2204459 1.5880000 -3.6935685
v 4.2007506 1.7324721 -3.7129936
v 4.3096336 1.8567858 -3.5091004
v 4.3019794 1.7915334 -3.4904949
v 4.3110949 1.6340000 -3.4615116
v 4.3358143 1.4321314 -3.4319003
v 4.3574834 1.3485147 -3.4262351
v 4.3634088 1.4321314 -3.4478346
v 4.3501195 1.6340000 -3.4840460
v 4.3295739 1.7915334 -3.5064292
v 4.4276019 1.9066045 -3.2973739
v 4.4191627 1.8402336 -3.2788431
v 4.4272212 1.6800000 -3.2487789
v 4.4511007 1.4733051 -3.2169563
v 4.4727690 1.3876892 -3.2098527
v 4.4795330 1.4733051 -3.2316293
v 4.4674305 1.6800000 -3.2695298
v 4.4475950 1.8402336 -3.2935162
v 4.5364467 1.9328286 -3.0780323
v 4.5282420 1.8722499 -3.0615334
v 4.5344840 1.7260000 -3.0336095
v 4.5548189 1.5382451 -3.0033931
v 4.5740321 1.4604744 -2.9958095
v 4.5808688 1.5382451 -3.0153010
v 4.5713242 1.7260000 -3.0504497
v 4.5542919 1.8722499 -3.0734413
v 4.6344232 1.9496250 -2.8538193
v 4.6270143 1.8975999 -2.8400358
v 4.6314093 1.7720000 -2.8156766
v 4.6474133 1.6132245 -2.7890647
v 4.6632718 1.5474575 -2.7817354
v 4.6696949 1.6132245 -2.7979820
v 4.6629201 1.7720000 -2.8282875
v 4.6492958 1.8975999 -2.8489530
v 4.7195624 1.9817365 -2.6297597
v 4.7124458 1.9337792 -2.6174221
v 4.7155917 1.8180000 -2.5946494
v 4.7288717 1.6752369 -2.5698126
v 4.7427921 1.6161025 -2.5624298
v 4.7491986 1.6752369 -2.5768257
v 4.7443383 1.8180000 -2.6045674
v 4.7327727 1.9337792 -2.6244352
v 4.7915508 2.0395135 -2.4086536
v 4.7836466 1.9881068 -2.3958245
v 4.7860248 1.8640000 -2.3711023
v 4.7986102 1.7159223 -2.3444440
v 4.8127125 1.6545866 -2.3359906
v 4.8200709 1.7159223 -2.3506941
v 4.8163748 1.8640000 -2.3799412
v 4.8051073 1.9881068 -2.4020745
v 4.8516427 2.1088516 -2.1887460
v 4.8423905 2.0506093 -2.1746522
v 4.8439245 1.9100000 -2.1463220
v 4.8562990 1.7487046 -2.1163566
v 4.8713123 1.6818938 -2.1063035
v 4.8801697 1.7487046 -2.1220517
v 4.8776827 1.9100000 -2.1543763
v 4.8662612 2.0506093 -2.1803474
v 4.9009320 2.1684070 -1.9665913
v 4.8907288 2.1061944 -1.9519957
v 4.8910838 1.9560000 -1.9214269
v 4.9023288 1.7911489 -1.8899030
v 4.9173369 1.7228653 -1.8787790
v 4.9273165 1.7911489 -1.8945712
v 4.9264218 1.9560000 -1.9280287
v 4.9157165 2.1061944 -1.9566638
v 4.9392591 2.2152429 -1.7421091
v 4.9286746 2.1527855 -1.7279041
v 4.9276927 2.0020000 -1.6969443
v 4.9370813 1.8441451 -1.6659463
v 4.9511480 1.7787594 -1.6544875
v 4.9616528 1.8441451 -1.6692803
v 4.9624421 2.0020000 -1.7016593
v 4.9532461 2.1527855 -1.7312381
v 4.9659934 2.2683289 -1.5196724
v 4.9546713 2.2037961 -1.5054488
v 4.9522187 2.0480000 -1.4732236
v 4.9600640 1.8926701 -1.4419691
v 4.9736198 1.8283303 -1.4298986
v 4.9849453 1.8926701 -1.4440828
v 4.9874060 2.0480000 -1.4762129
v 4.9795526 2.2037961 -1.5075625
v 4.9813198 2.3439381 -1.3033441
v 4.9679900 2.2707329 -1.2877191
v 4.9635105 2.0940000 -1.2509497
v 4.9704419 1.9261741 -1.2164181
v 4.9847873 1.8566584 -1.2025092
v 4.9981434 1.9261741 -1.2173707
v 5.0026863 2.0940000 -1.2522969
v 4.9956915 2.2707329 -1.2886717
v 4.9860736 2.4314569 -1.0916979
v 4.9698976 2.3460912 -1.0740776
v 4.9626168 2.1400000 -1.0310226
v 4.9685620 1.9532801 -0.9918108
v 4.9841848 1.8759382 -0.9753551
v 5.0003335 1.9532801 -0.9912950
v 5.0075485 2.1400000 -1.0302931
v 5.0016691 2.3460912 -1.0735618
v 4.9804300 2.5001425 -0.8788953
v 4.9622386 2.4081323 -0.8605687
v 4.9520900 2.1860000 -0.8140568
v 4.9563476 1.9933410 -0.7728392
v 4.9720988 1.9135390 -0.7548271
v 4.9901168 1.9933410 -0.7705717
v 4.9998468 2.1860000 -0.8108499
v 4.9960078 2.4081323 -0.8583011
v 4.9635720 2.5313786 -0.6614346
v 4.9454414 2.4436926 -0.6446333
v 4.9334987 2.2320000 -0.6002969
v 4.9356257 2.0553552 -0.5618666
v 4.9496905 1.9821865 -0.5443847
v 4.9674542 2.0553552 -0.5580919
v 4.9785110 2.2320000 -0.5949586
v 4.9772699 2.4436926 -0.6408586
v 4.9350511 2.5392989 -0.4427766
v 4.9184699 2.4627662 -0.4287297
v 4.9059984 2.2780000 -0.3901097
v 4.9062400 2.1286806 -0.3571359
v 4.9177555 2.0668305 -0.3415277
v 4.9337993 2.1286806 -0.3524282
v 4.9449731 2.2780000 -0.3834520
v 4.9460291 2.4627662 -0.4240219
v 4.8958835 2.5551256 -0.2301792
v 4.8804936 2.4874305 -0.2183437
v 4.8675960 2.3240000 -0.1843344
v 4.8664062 2.1950303 -0.1554820
v 4.8759609 2.1416093 -0.1412792
v 4.8906631 2.1950303 -0.1500459
v 4.9019005 2.3240000 -0.1766467
v 4.9047506 2.4874305 -0.2129077
v 4.8475747 2.5934967 -0.0274001
v 4.8319449 2.5280360 -0.0165766
v 4.8176188 2.3700000 0.0160780
v 4.8150925 2.2470441 0.0438866
v 4.8237419 2.1961141 0.0581077
v 4.8385002 2.2470441 0.0504108
v 4.8507224 2.3700000 0.0253047
v 4.8553526 2.5280360 -0.0100523
v 4.7903054 2.6401693 0.1680783
v 4.7738354 2.5745117 0.1782511
v 4.7575615 2.4160000 0.2106790
v 4.7535797 2.2930960 0.2387155
v 4.7616595 2.2421874 0.2535880
v 4.7770678 2.2930960 0.2465841
v 4.7907788 2.4160000 0.2218068
v 4.7973236 2.5745117 0.1861197
v 4.7230448 2.6740055 0.3603036
v 4.7066849 2.6119105 0.3692139
v 4.6894551 2.4620000 0.3994829
v 4.6842039 2.3448247 0.4263735
v 4.6912520 2.2962891 0.4411395
v 4.7064706 2.3448247 0.4351311
v 4.7209450 2.4620000 0.4118679
v 4.7289516 2.6119105 0.3779715
v 4.6458065 2.6950792 0.5487589
v 4.6306569 2.6402849 0.5559328
v 4.6138025 2.5080000 0.5822056
v 4.6077062 2.4025433 0.6064826
v 4.6133492 2.3588617 0.6202470
v 4.6274260 2.4025433 0.6154358
v 4.6416905 2.5080000 0.5948674
v 4.6503768 2.6402849 0.5648861
v 4.5609826 2.7250855 0.7283688
v 4.5464656 2.6749757 0.7342403
v 4.5295230 2.5540000 0.7577868
v 4.5224253 2.4545352 0.7806832
v 4.5269845 2.4133355 0.7940489
v 4.5405298 2.4545352 0.7900546
v 4.5551266 2.5540000 0.7710400
v 4.5645701 2.6749757 0.7436117
v 4.4715010 2.7809674 0.8952626
v 4.4554456 2.7279633 0.9006813
v 4.4358930 2.6000000 0.9249936
v 4.4265325 2.4904048 0.9501341
v 4.4306116 2.4450089 0.9651994
v 4.4457409 2.4904048 0.9613645
v 4.4630580 2.6000000 0.9408759
v 4.4746541 2.7279633 0.9119117
v 4.3777438 2.8540827 1.0510996
v 4.3584955 2.7931367 1.0563508
v 4.3341305 2.6460000 1.0835233
v 4.3209121 2.5136653 1.1136643
v 4.3245928 2.4588504 1.1321532
v 4.3430165 2.5136653 1.1281594
v 4.3653909 2.6460000 1.1040224
v 4.3806000 2.7931367 1.0708459
v 4.2771695 2.9187424 1.2009812
v 4.2553766 2.8523311 1.2055707
v 4.2267784 2.6920000 1.2342211
v 4.2093128 2.5397134 1.2685292
v 4.2120255 2.4766342 1.2900181
v 4.2333275 2.5397134 1.2860997
v 4.2607403 2.6920000 1.2590694
v 4.2793913 2.8523311 1.2231411
v 4.1674684 2.9588767 1.3477809
v 4.1455009 2.8941834 1.3510999
v 4.1156616 2.7380000 1.3779766
v 4.0952835 2.5809027 1.4128470
v 4.0964502 2.5158309 1.4351044
v 4.1184783 2.5809027 1.4317108
v 4.1484641 2.7380000 1.4046541
v 4.1686958 2.8941834 1.3699638
v 4.0496620 2.9824474 1.4894544
v 4.0293336 2.9243235 1.4913773
v 4.0007674 2.7840000 1.5145150
v 3.9791201 2.6345769 1.5470626
v 3.9786495 2.5726838 1.5682053
v 3.9996311 2.6345769 1.5655581
v 4.0297743 2.7840000 1.5406715
v 4.0498446 2.9243235 1.5098728
v 3.9274490 3.0095725 1.6218198
v 3.9085978 2.9569769 1.6226006
v 3.8811875 2.8300000 1.6425573
v 3.8583519 2.6873392 1.6729267
v 3.8563905 2.6282471 1.6929915
v 3.8764522 2.6873392 1.6909982
v 3.9067852 2.8300000 1.6681142
v 3.9266981 2.9569769 1.6406721
v 3.8034955 3.0499328 1.7430582
v 3.7848810 2.9989891 1.7429073
v 3.7568532 2.8760000 1.7612311
v 3.7314617 2.7311023 1.7912493
v 3.7279492 2.6710837 1.8114240
v 3.7483734 2.7311023 1.8099373
v 3.7807700 2.8760000 1.7876599
v 3.8017927 2.9989891 1.7615953
v 3.6769976 3.0945117 1.8549200
v 3.6582717 3.0439842 1.8539137
v 3.6290438 2.9220000 1.8710415
v 3.6006053 2.7725779 1.9010336
v 3.5954450 2.7106853 1.9215576
v 3.6165857 2.7725779 1.9205907
v 3.6516434 2.9220000 1.8986994
v 3.6742520 3.0439842 1.8734708
v 3.5454439 3.1288514 1.9598841
v 3.5278178 3.0817391 1.9582035
v 3.4992681 2.9680000 1.9731582
v 3.4698350 2.8246228 2.0009109
v 3.4634439 2.7652340 2.0202816
v 3.4838385 2.8246228 2.0199231
v 3.5190719 2.9680000 2.0000454
v 3.5418213 3.0817391 1.9772156
v 3.4087084 3.1517040 2.0579286
v 3.3935365 3.1113715 2.0559109
v 3.3680130 3.0140000 2.0678126
v 3.3405247 2.8891049 2.0910080
v 3.3337384 2.8373717 2.1075635
v 3.3516295 2.8891049 2.1077810
v 3.3837175 3.0140000 2.0915331
v 3.4046413 3.1113715 2.0726838
v 3.2707610 3.1784191 2.1465102
v 3.2576835 3.1437350 2.1443271
v 3.2348253 3.0600000 2.1537596
v 3.2094711 2.9519820 2.1729006
v 3.2025783 2.9072395 2.1869191
v 3.2181848 2.9519820 2.1876034
v 3.2471484 3.0600000 2.1745524
v 3.2663972 3.1437350 2.1590299
v 3.1366512 3.2255003 2.2235016
v 3.1234516 3.1904994 2.2208925
v 3.0994856 3.1060000 2.2295703
v 3.0724796 2.9976130 2.2477817
v 3.0645659 2.9527176 2.2615287
v 3.0803803 2.9976130 2.2627585
v 3.1106588 3.1060000 2.2507507
v 3.1313523 3.1904994 2.2358693
v 3.0076800 3.2929723 2.2896344
v 2.9921231 3.2516825 2.2861201
v 2.9628074 3.1520000 2.2953227
v 2.9296712 3.0261969 2.3152228
v 2.9193598 2.9740876 2.3307918
v 2.9379133 3.0261969 2.3329096
v 2.9744635 3.1520000 2.3203357
v 3.0003652 3.2516825 2.3038070
v 2.8801572 3.3637630 2.3477786
v 2.8618867 3.3152121 2.3431659
v 2.8262059 3.1980000 2.3527115
v 2.7862056 3.0538108 2.3740065
v 2.7731279 2.9940856 2.3913937
v 2.7946335 3.0538108 2.3946881
v 2.8381248 3.1980000 2.3819597
v 2.8703146 3.3152121 2.3638475
v 2.7496140 3.4211876 2.4000749
v 2.7301015 3.3692905 2.3946447
v 2.6906847 3.2440000 2.4034112
v 2.6472802 3.0949480 2.4237609
v 2.6324870 3.0332086 2.4412514
v 2.6549709 3.0949480 2.4456371
v 2.7015610 3.2440000 2.4343488
v 2.7377921 3.3692905 2.4165209
v 2.6160600 3.4655218 2.4462759
v 2.5967338 3.4141127 2.4403951
v 2.5564398 3.2900000 2.4475721
v 2.5131985 3.1481085 2.4652650
v 2.4979233 3.0893351 2.4814473
v 2.5195621 3.1481085 2.4866396
v 2.5654393 3.2900000 2.4778003
v 2.6030974 3.4141127 2.4617696
v 2.4840556 3.5110077 2.4849878
v 2.4647721 3.4597491 2.4785987
v 2.4233720 3.3360000 2.4841590
v 2.3803342 3.2006754 2.4993383
v 2.3646424 3.1446222 2.5143181
v 2.3854886 3.2006754 2.5203234
v 2.4306614 3.3360000 2.5138364
v 2.4699265 3.4597491 2.4995838
v 2.3570479 3.5666630 2.5159259
v 2.3366696 3.5125765 2.5085861
v 2.2917202 3.3820000 2.5126620
v 2.2466429 3.2458301 2.5261339
v 2.2297310 3.1894267 2.5407423
v 2.2508913 3.2458301 2.5479296
v 2.2977284 3.3820000 2.5434858
v 2.3409179 3.5125765 2.5303818
v 2.2326056 3.6235874 2.5402761
v 2.2109767 3.5663012 2.5318079
v 2.1620645 3.4280000 2.5341055
v 2.1148536 3.2906529 2.5457746
v 2.0966670 3.2337619 2.5600281
v 2.1181580 3.2906529 2.5685164
v 2.1667376 3.4280000 2.5662672
v 2.2142811 3.5663012 2.5545496
v 2.1048561 3.6645386 2.5590067
v 2.0837378 3.6087311 2.5500105
v 2.0348629 3.4740000 2.5501553
v 1.9894796 3.3465505 2.5591038
v 1.9715548 3.2937592 2.5718666
v 1.9915888 3.3465505 2.5809674
v 2.0378458 3.4740000 2.5810751
v 2.0858471 3.6087311 2.5718741
v 1.9719050 3.6850566 2.5717066
v 1.9535746 3.6367126 2.5631988
v 1.9102234 3.5200000 2.5613966
v 1.8714452 3.4146418 2.5671534
v 1.8557565 3.3710010 2.5772993
v 1.8723474 3.4146418 2.5858909
v 1.9114994 3.5200000 2.5878953
v 1.9544768 3.6367126 2.5819362
v 1.8393575 3.7008479 2.5775626
v 1.8243645 3.6613519 2.5699682
v 1.7881691 3.5660000 2.5668243
v 1.7568799 3.4835722 2.5699722
v 1.7439199 3.4494295 2.5775682
v 1.7568808 3.4835722 2.5851627
v 1.7881703 3.5660000 2.5883069
v 1.8243654 3.6613519 2.5851587
v 1.7151536 3.7320207 2.5769036
v 1.7018124 3.6968675 2.5695157
v 1.6689566 3.6120000 2.5651415
v 1.6413723 3.5413832 2.5666096
v 1.6296783 3.5121328 2.5727937
v 1.6407250 3.5413832 2.5800711
v 1.6680412 3.6120000 2.5841790
v 1.7011651 3.6968675 2.5829773
v 1.6014365 3.7823809 2.5709815
v 1.5876423 3.7459506 2.5626151
v 1.5529943 3.6580000 2.5563556
v 1.5245522 3.5870807 2.5565230
v 1.5122136 3.5577049 2.5623659
v 1.5232062 3.5870807 2.5704618
v 1.5510908 3.6580000 2.5760682
v 1.5862963 3.7459506 2.5765540
v 1.4930475 3.8376293 2.5603745
v 1.4783023 3.7984902 2.5505596
v 1.4405167 3.7040000 2.5418792
v 1.4099335 3.6295462 2.5405994
v 1.3963595 3.5987065 2.5462887
v 1.4077461 3.6295462 2.5556144
v 1.4374233 3.7040000 2.5631135
v 1.4761149 3.7984902 2.5655745
v 1.3842553 3.8832992 2.5445143
v 1.3696718 3.8442568 2.5338372
v 1.3315145 3.7500000 2.5231271
v 1.3007616 3.6767160 2.5203466
v 1.2868016 3.6463608 2.5254357
v 1.2978120 3.6767160 2.5354133
v 1.3273431 3.7500000 2.5444346
v 1.3667222 3.8442568 2.5489039
v 1.2753681 3.9203137 2.5231322
v 1.2619420 3.8839031 2.5122930
v 1.2260248 3.7960000 2.5002998
v 1.1968815 3.7278285 2.4962111
v 1.1833587 3.6995909 2.5003889
v 1.1933777 3.7278285 2.5103859
v 1.2210697 3.7960000 2.5203460
v 1.2584382 3.8839031 2.5264679
v 1.1714280 3.9606868 2.4973822
v 1.1588407 3.9259242 2.4861432
v 1.1243428 3.8420000 2.4726930
v 1.0958299 3.7763264 2.4672193
v 1.0823172 3.7491234 2.4706198
v 1.0917204 3.7763264 2.4809025
v 1.1185311 3.8420000 2.4920440
v 1.1547312 3.9259242 2.4998264
v 1.0752420 4.0106947 2.4686626
v 1.0625449 3.9747582 2.4560797
v 1.0267974 3.8880000 2.4400243
v 0.9963430 3.8186934 2.4325343
v 0.9816183 3.7899857 2.4353643
v 0.9912491 3.8186934 2.4468566
v 1.0195936 3.8880000 2.4602791
v 1.0574510 3.9747582 2.4704020
v 0.9836753 4.0626560 2.4365517
v 0.9707814 4.0249735 2.4223096
v 0.9333593 3.9340000 2.4031378
v 0.9001231 3.8589836 2.3930770
v 0.8837495 3.8279109 2.3952105
v 0.8938298 3.8589836 2.4082885
v 0.9244593 3.9340000 2.4246501
v 0.9644881 4.0249735 2.4375211
v 0.8914621 4.1041083 2.3988942
v 0.8795230 4.0677578 2.3841214
v 0.8436446 3.9800000 2.3633050
v 0.8100869 3.9045643 2.3511300
v 0.7932646 3.8733178 2.3522373
v 0.8030320 3.9045643 2.3659783
v 0.8336675 3.9800000 2.3843037
v 0.8724681 4.0677578 2.3989697
v 0.7974249 4.1320780 2.3543649
v 0.7877317 4.1010085 2.3408471
v 0.7574047 4.0260000 2.3210220
v 0.7272841 3.9582537 2.3081653
v 0.7119390 3.9301922 2.3081458
v 0.7203584 3.9582537 2.3209749
v 0.7476104 4.0260000 2.3391375
v 0.7808061 4.1010085 2.3536567
v 0.7056805 4.1558150 2.3043900
v 0.6984943 4.1312661 2.2930118
v 0.6749280 4.0720000 2.2757136
v 0.6499264 4.0154520 2.2633253
v 0.6369953 3.9920291 2.2624070
v 0.6437094 4.0154520 2.2734966
v 0.6661358 4.0720000 2.2900980
v 0.6922772 4.1312661 2.3031830
v 0.6210530 4.1864072 2.2518992
v 0.6156283 4.1663712 2.2420602
v 0.5968286 4.1180000 2.2265963
v 0.5754566 4.0691206 2.2144217
v 0.5642416 4.0488742 2.2128125
v 0.5697533 4.0691206 2.2227113
v 0.5887629 4.1180000 2.2383196
v 0.6099250 4.1663712 2.2503498
v 0.5445265 4.2262146 2.1983373
v 0.5400402 4.2079924 2.1889129
v 0.5234435 4.1640000 2.1736248
v 0.5032203 4.1169456 2.1604721
v 0.4924553 4.0974550 2.1581159
v 0.4974546 4.1169456 2.1679364
v 0.5152896 4.1640000 2.1841810
v 0.5342745 4.2079924 2.1963773
v 0.4735574 4.2691155 2.1425385
v 0.4697588 4.2518010 2.1331668
v 0.4545695 4.2100000 2.1174883
v 0.4347819 4.1628447 2.1028632
v 0.4240926 4.1433123 2.0996828
v 0.4287632 4.1628447 2.1098101
v 0.4460578 4.2100000 2.1273126
v 0.4637402 4.2518010 2.1401136
v 0.4058893 4.3092024 2.0827261
v 0.4029177 4.2936198 2.0739570
v 0.3898661 4.2560000 2.0588310
v 0.3717801 4.2115252 2.0436805
v 0.3618542 4.1931031 2.0399086
v 0.3659028 4.2115252 2.0497249
v 0.3815544 4.2560000 2.0673791
v 0.3970404 4.2936198 2.0800014
v 0.3420181 4.3471880 2.0190870
v 0.3398927 4.3339527 2.0113942
v 0.3294148 4.3020000 1.9977114
v 0.3140779 4.2627546 1.9831619
v 0.3055105 4.2464986 1.9791604
v 0.3087311 4.2627546 1.9880509
v 0.3218532 4.3020000 2.0046255
v 0.3345458 4.3339527 2.0162833
v 0.2839534 4.3881949 1.9537660
v 0.2824295 4.3764221 1.9467441
v 0.2737228 4.3480000 1.9338630
v 0.2603711 4.3121065 1.9195038
v 0.2527581 4.2972390 1.9152424
v 0.2553434 4.3121065 1.9235751
v 0.2666126 4.3480000 1.9396206
v 0.2774018 4.3764221 1.9508153
v 0.2324710 4.4347928 1.8883136
v 0.2313046 4.4228449 1.8810453
v 0.2231645 4.3940000 1.8672937
v 0.2101958 4.3569689 1.8514347
v 0.2026186 4.3416300 1.8464378
v 0.2048715 4.3569689 1.8552303
v 0.2156348 4.3940000 1.8726615
v 0.2259803 4.4228449 1.8848409
v 0.1862845 4.4836009 1.8217003
v 0.1854501 4.4708305 1.8138220
v 0.1775706 4.4400000 1.7984519
v 0.1646249 4.4002304 1.7803563
v 0.1568332 4.3837573 1.7743726
v 0.1587598 4.4002304 1.7840061
v 0.1692761 4.4400000 1.8036134
v 0.1795850 4.4708305 1.8174717
v 0.1437606 4.5288382 1.7513496
v 0.1433506 4.5162912 1.7435408
v 0.1364890 4.4860000 1.7278409
v 0.1249213 4.4471815 1.7092108
v 0.1176977 4.4311024 1.7027996
v 0.1190495 4.4471815 1.7123629
v 0.1281851 4.4860000 1.7322987
v 0.1374788 4.5162912 1.7466930
v 0.1047788 4.5682241 1.6759993
v 0.1047829 4.5576143 1.6693701
v 0.0997842 4.5320000 1.6556472
v 0.0911424 4.4997294 1.6394261
v 0.0854883 4.4863625 1.6336521
v 0.0861340 4.4997294 1.6417076
v 0.0927012 4.5320000 1.6588738
v 0.0997744 4.5576143 1.6716516
v 0.0705737 4.6043651 1.5969003
v 0.0708355 4.5966429 1.5920783
v 0.0678224 4.5780000 1.5818134
v 0.0624431 4.5551215 1.5698513
v 0.0587050 4.5456449 1.5654666
v 0.0587978 4.5551215 1.5712278
v 0.0626670 4.5780000 1.5837600
v 0.0671902 4.5966429 1.5934547
v 0.0421506 4.6402433 1.5157837
v 0.0424741 4.6354858 1.5128279
v 0.0410251 4.6240000 1.5063661
v 0.0382969 4.6103765 1.4990068
v 0.0362431 4.6047335 1.4962377
v 0.0360669 4.6103765 1.4996808
v 0.0378715 4.6240000 1.5073193
v 0.0402441 4.6354858 1.5135019
v 0.0190307 4.6704946 1.4299121
v 0.0190425 4.6703498 1.4298226
v 0.0190046 4.6700000 1.4296243
v 0.0189320 4.6696015 1.4294061
v 0.0188744 4.6694364 1.4293231
v 0.0188656 4.6696015 1.4294238
v 0.0189107 4.6700000 1.4296492
v 0.0189761 4.6703498 1.4298403
v 0.1117514 0.7141023 -6.3278584
v 0.1117652 0.7140512 -6.3278464
v 0.1117982 0.7139430 -6.3278399
v 0.1118173 0.7138860 -6.3278453
v 0.1118017 0.7139430 -6.3278575
v 0.1117687 0.7140512 -6.3278641
v 0.2326779 0.7656712 -6.3038594
v 0.2343111 0.7595706 -6.3023890
v 0.2385114 0.7457858 -6.3015137
v 0.2410784 0.7381018 -6.3021087
v 0.2389627 0.7457858 -6.3036797
v 0.2347625 0.7595706 -6.3045550
v 0.3520924 0.8186381 -6.2779248
v 0.3555136 0.8057665 -6.2748503
v 0.3644527 0.7764017 -6.2728132
v 0.3699706 0.7599086 -6.2738506
v 0.3654470 0.7764017 -6.2771764
v 0.3565079 0.8057665 -6.2792135
v 0.4728785 0.8634176 -6.2493806
v 0.4770181 0.8478239 -6.2458034
v 0.4873411 0.8138282 -6.2432472
v 0.4935245 0.7954263 -6.2442681
v 0.4885320 0.8138282 -6.2480565
v 0.4782090 0.8478239 -6.2506127
v 0.5923547 0.9086841 -6.2188098
v 0.5972914 0.8900576 -6.2147002
v 0.6087027 0.8523252 -6.2116461
v 0.6151772 0.8332193 -6.2127015
v 0.6100955 0.8523252 -6.2168499
v 0.5986842 0.8900576 -6.2199041
v 0.7127427 0.9469300 -6.1855950
v 0.7175414 0.9286917 -6.1816333
v 0.7278760 0.8943262 -6.1786574
v 0.7334118 0.8781989 -6.1796431
v 0.7292480 0.8943262 -6.1834220
v 0.7189134 0.9286917 -6.1863980
v 0.8244922 1.0098669 -6.1525659
v 0.8323385 0.9795601 -6.1458790
v 0.8485762 0.9251724 -6.1408680
v 0.8569676 0.9010915 -6.1425440
v 0.8509800 0.9251724 -6.1486573
v 0.8347423 0.9795601 -6.1536683
v 0.9435930 1.0439648 -6.1149296
v 0.9506700 1.0158762 -6.1084430
v 0.9654622 0.9658895 -6.1035676
v 0.9731772 0.9439916 -6.1051788
v 0.9679321 0.9658895 -6.1110615
v 0.9531400 1.0158762 -6.1159369
v 1.0630259 1.0722446 -6.0746156
v 1.0686245 1.0491289 -6.0689050
v 1.0811701 1.0062867 -6.0645019
v 1.0881171 0.9865601 -6.0658094
v 1.0835109 1.0062867 -6.0711716
v 1.0709653 1.0491289 -6.0755747
v 1.1795053 1.1056817 -6.0327505
v 1.1843217 1.0847852 -6.0272003
v 1.1964633 1.0428153 -6.0226745
v 1.2037886 1.0217420 -6.0236988
v 1.1989211 1.0428153 -6.0292681
v 1.1867794 1.0847852 -6.0337939
v 1.2915232 1.1495858 -5.9900436
v 1.2968105 1.1254792 -5.9832995
v 1.3118510 1.0727645 -5.9773589
v 1.3216042 1.0441564 -5.9781624
v 1.3150325 1.0727645 -5.9854139
v 1.2999920 1.1254792 -5.9913545
v 1.4014482 1.1958546 -5.9457237
v 1.4075313 1.1671399 -5.9376062
v 1.4259742 1.1014870 -5.9299031
v 1.4383339 1.0645489 -5.9303176
v 1.4299407 1.1014870 -5.9394000
v 1.4114979 1.1671399 -5.9471030
v 1.5167395 1.2174843 -5.8965617
v 1.5211696 1.1962457 -5.8907240
v 1.5343627 1.1484614 -5.8849074
v 1.5431258 1.1219157 -5.8849285
v 1.5372305 1.1484614 -5.8914122
v 1.5240373 1.1962457 -5.8972287
v 1.6235050 1.2642399 -5.8485401
v 1.6290058 1.2376601 -5.8415374
v 1.6442440 1.1814061 -5.8344572
v 1.6539815 1.1517320 -5.8343796
v 1.6476426 1.1814061 -5.8417717
v 1.6324043 1.2376601 -5.8488519
v 1.7296175 1.3078364 -5.7983252
v 1.7358644 1.2772223 -5.7905204
v 1.7517918 1.2171836 -5.7827322
v 1.7614723 1.1877590 -5.7827489
v 1.7555409 1.2171836 -5.7903994
v 1.7396135 1.2772223 -5.7981876
v 1.8322360 1.3589251 -5.7473265
v 1.8399052 1.3202402 -5.7375732
v 1.8583460 1.2491294 -5.7280954
v 1.8691176 1.2167036 -5.7283708
v 1.8630715 1.2491294 -5.7372898
v 1.8446307 1.3202402 -5.7467676
v 1.9427114 1.3731108 -5.6895807
v 1.9481133 1.3444992 -5.6822694
v 1.9609850 1.2936272 -5.6753235
v 1.9684547 1.2713666 -5.6756891
v 1.9646597 1.2936272 -5.6821333
v 1.9517880 1.3444992 -5.6890791
v 2.0488445 1.3968642 -5.6312622
v 2.0529937 1.3732185 -5.6250017
v 2.0634796 1.3306608 -5.6190665
v 2.0698163 1.3117489 -5.6193918
v 2.0668335 1.3306608 -5.6249920
v 2.0563476 1.3732185 -5.6309272
v 2.1489347 1.4379200 -5.5735972
v 2.1533288 1.4102497 -5.5659040
v 2.1659936 1.3573617 -5.5583912
v 2.1742644 1.3321440 -5.5585716
v 2.1704576 1.3573617 -5.5659164
v 2.1577928 1.4102497 -5.5734292
v 2.2507885 1.4641240 -5.5121062
v 2.2542648 1.4395013 -5.5049435
v 2.2662006 1.3881116 -5.4975286
v 2.2746601 1.3613447 -5.4972763
v 2.2706858 1.3881116 -5.5047484
v 2.2587500 1.4395013 -5.5121633
v 2.3507101 1.4903526 -5.4489045
v 2.3534999 1.4683974 -5.4423950
v 2.3645771 1.4191230 -5.4351928
v 2.3728645 1.3918037 -5.4345001
v 2.3688688 1.4191230 -5.4417936
v 2.3577917 1.4683974 -5.4489959
v 2.4505991 1.5077313 -5.3827216
v 2.4524229 1.4924881 -5.3782858
v 2.4599924 1.4576256 -5.3731376
v 2.4657382 1.4380062 -5.3724252
v 2.4629643 1.4576256 -5.3775072
v 2.4553948 1.4924881 -5.3826554
v 2.5423762 1.5537511 -5.3191452
v 2.5451000 1.5305067 -5.3126771
v 2.5558025 1.4793589 -5.3050662
v 2.5637813 1.4514555 -5.3039234
v 2.5600825 1.4793589 -5.3110848
v 2.5493800 1.5305067 -5.3186957
v 2.6353854 1.5852717 -5.2518359
v 2.6381974 1.5608720 -5.2453655
v 2.6482571 1.5108733 -5.2378883
v 2.6555048 1.4852742 -5.2368815
v 2.6524514 1.5108733 -5.2435313
v 2.6423917 1.5608720 -5.2510085
v 2.7279047 1.6093085 -5.1818438
v 2.7303625 1.5870817 -5.1761530
v 2.7385252 1.5447904 -5.1698131
v 2.7442299 1.5247259 -5.1691641
v 2.7421894 1.5447904 -5.1745308
v 2.7340267 1.5870817 -5.1808707
v 2.8195896 1.6266263 -5.1093134
v 2.8213309 1.6095089 -5.1049975
v 2.8270335 1.5786354 -5.1003701
v 2.8309948 1.5648792 -5.1000587
v 2.8298743 1.5786354 -5.1038709
v 2.8241717 1.6095089 -5.1084982
v 2.9075135 1.6527658 -5.0366128
v 2.9089993 1.6359161 -5.0323422
v 2.9142771 1.6059838 -5.0278683
v 2.9180691 1.5929012 -5.0276650
v 2.9172475 1.6059838 -5.0313725
v 2.9119698 1.6359161 -5.0358464
v 2.9930369 1.6808547 -4.9627422
v 2.9942981 1.6628599 -4.9580795
v 2.9998467 1.6298096 -4.9531661
v 3.0041342 1.6147541 -4.9529152
v 3.0033665 1.6298096 -4.9571409
v 2.9978178 1.6628599 -4.9620543
v 3.0793658 1.6910062 -4.8847932
v 3.0798873 1.6803910 -4.8819620
v 3.0832412 1.6593539 -4.8788594
v 3.0860736 1.6489319 -4.8785879
v 3.0855828 1.6593539 -4.8813906
v 3.0822289 1.6803910 -4.8844933
v 3.1620126 1.7098481 -4.8067636
v 3.1622515 1.7018184 -4.8045848
v 3.1648733 1.6844527 -4.8020506
v 3.1672562 1.6751168 -4.8016953
v 3.1668201 1.6844527 -4.8040647
v 3.1641983 1.7018184 -4.8065988
v 3.2424392 1.7285929 -4.7273841
v 3.2425423 1.7227444 -4.7258186
v 3.2444432 1.7094103 -4.7238984
v 3.2462410 1.7019247 -4.7235437
v 3.2459045 1.7094103 -4.7253450
v 3.2440036 1.7227444 -4.7272652
v 3.3202573 1.7500419 -4.6470880
v 3.3203347 1.7445671 -4.6456895
v 3.3219977 1.7321763 -4.6439334
v 3.3235833 1.7252604 -4.6435758
v 3.3233126 1.7321763 -4.6451786
v 3.3216496 1.7445671 -4.6469347
v 3.3972472 1.7605199 -4.5639859
v 3.3972486 1.7604470 -4.5639682
v 3.3972689 1.7602911 -4.5639463
v 3.3972877 1.7602081 -4.5639421
v 3.3972849 1.7602911 -4.5639612
v 3.3972647 1.7604470 -4.5639831
v 4.7299512 1.8181008 -2.5996496
v 4.7299492 1.8180504 -2.5996260
v 4.7299650 1.8179350 -2.5995788
v 4.7299828 1.8178701 -2.5995552
v 4.7299828 1.8179350 -2.5995848
v 4.7299670 1.8180504 -2.5996320
v 4.7607673 1.8782004 -2.5075109
v 4.7605204 1.8704887 -2.5039307
v 4.7628109 1.8532156 -2.4968288
v 4.7653483 1.8436543 -2.4933070
v 4.7653500 1.8532156 -2.4976477
v 4.7630594 1.8704887 -2.5047496
v 4.7901783 1.9345991 -2.4136861
v 4.7898287 1.9210469 -2.4074572
v 4.7933734 1.8925735 -2.3956554
v 4.7972677 1.8776522 -2.3900826
v 4.7974468 1.8925735 -2.3968789
v 4.7939022 1.9210469 -2.4086807
v 4.8182809 1.9856688 -2.3175145
v 4.8178892 1.9688817 -2.3098599
v 4.8216851 1.9361969 -2.2962255
v 4.8258726 1.9202993 -2.2902456
v 4.8263676 1.9361969 -2.2975291
v 4.8225718 1.9688817 -2.3111635
v 4.8454560 2.0265954 -2.2170020
v 4.8450402 2.0115565 -2.2101766
v 4.8479994 1.9840480 -2.1986466
v 4.8513743 1.9715785 -2.1939420
v 4.8520665 1.9840480 -2.1996904
v 4.8491073 2.0115565 -2.2112205
v 4.8681776 2.0903562 -2.1260404
v 4.8671959 2.0655309 -2.1147948
v 4.8715545 2.0214340 -2.0962539
v 4.8768948 2.0021625 -2.0889587
v 4.8784255 2.0214340 -2.0978692
v 4.8740669 2.0655309 -2.1164100
v 4.8909664 2.1334409 -2.0264371
v 4.8895312 2.1090209 -2.0153783
v 4.8935011 2.0648981 -1.9967991
v 4.8989061 2.0451953 -1.9892788
v 4.9007657 2.0648981 -1.9983514
v 4.8967958 2.1090209 -2.0169305
v 4.9118329 2.1736554 -1.9257311
v 4.9099371 2.1509010 -1.9154320
v 4.9134884 2.1070610 -1.8969752
v 4.9189355 2.0859754 -1.8888176
v 4.9209665 2.1070610 -1.8984141
v 4.9174152 2.1509010 -1.9168709
v 4.9311322 2.2050801 -1.8215207
v 4.9293139 2.1881833 -1.8139005
v 4.9318740 2.1526136 -1.7989532
v 4.9362524 2.1339408 -1.7916262
v 4.9379429 2.1526136 -1.7999927
v 4.9353828 2.1881833 -1.8149399
v 4.9467945 2.2569777 -1.7261819
v 4.9441476 2.2354716 -1.7165753
v 4.9471983 2.1869818 -1.6962705
v 4.9528959 2.1599982 -1.6855723
v 4.9551982 2.1869818 -1.6974725
v 4.9521475 2.2354716 -1.7177773
v 4.9603594 2.3113567 -1.6321855
v 4.9569001 2.2837430 -1.6200431
v 4.9602967 2.2206833 -1.5937748
v 4.9671528 2.1852373 -1.5796491
v 4.9701903 2.2206833 -1.5950542
v 4.9667936 2.2837430 -1.6213224
v 4.9729142 2.3458615 -1.5303154
v 4.9700447 2.3217934 -1.5199307
v 4.9724062 2.2691531 -1.4981545
v 4.9776372 2.2405808 -1.4867630
v 4.9803046 2.2691531 -1.4990111
v 4.9779431 2.3217934 -1.5207872
v 4.9828530 2.3908903 -1.4332961
v 4.9798951 2.3647963 -1.4222534
v 4.9818023 2.3117296 -1.4004907
v 4.9866674 2.2847571 -1.3897705
v 4.9895937 2.3117296 -1.4011735
v 4.9876866 2.3647963 -1.4229362
v 4.9908262 2.4337209 -1.3359120
v 4.9877385 2.4063654 -1.3245539
v 4.9891418 2.3546524 -1.3035666
v 4.9936329 2.3302950 -1.2939375
v 4.9968020 2.3546524 -1.3040789
v 4.9953987 2.4063654 -1.3250661
v 4.9963947 2.4964385 -1.2471062
v 4.9917411 2.4575192 -1.2312555
v 4.9930345 2.3875629 -1.2032097
v 4.9989816 2.3565259 -1.1910147
v 5.0037809 2.3875629 -1.2037054
v 5.0024875 2.4575192 -1.2317511
v 5.0007363 2.5148746 -1.1412349
v 4.9968977 2.4861502 -1.1297753
v 4.9974101 2.4350697 -1.1095830
v 5.0017612 2.4127136 -1.1008502
v 5.0056637 2.4350697 -1.1097924
v 5.0051512 2.4861502 -1.1299848
v 5.0026796 2.5423380 -1.0398812
v 4.9990659 2.5188905 -1.0307418
v 4.9991439 2.4755715 -1.0138882
v 5.0028356 2.4557001 -1.0061740
v 5.0064557 2.4755715 -1.0139221
v 5.0063777 2.5188905 -1.0307756
v 5.0024902 2.5785273 -0.9428366
v 4.9984125 2.5555677 -0.9341255
v 4.9981291 2.5096644 -0.9165821
v 5.0019235 2.4867206 -0.9077499
v 5.0060011 2.5096644 -0.9164550
v 5.0062845 2.5555677 -0.9339983
v 5.0003468 2.6183761 -0.8480765
v 4.9954766 2.5936285 -0.8389711
v 4.9947296 2.5397098 -0.8187682
v 4.9988526 2.5105387 -0.8076706
v 5.0037841 2.5397098 -0.8184334
v 5.0045311 2.5936285 -0.8386363
v 4.9961575 2.6517666 -0.7518505
v 4.9913107 2.6279946 -0.7433866
v 4.9901586 2.5736861 -0.7234761
v 4.9938532 2.5431496 -0.7120297
v 4.9988435 2.5736861 -0.7229736
v 4.9999956 2.6279946 -0.7428840
v 4.9896295 2.6717489 -0.6518738
v 4.9863359 2.6551728 -0.6461627
v 4.9852811 2.6177991 -0.6327838
v 4.9875201 2.5970015 -0.6251160
v 4.9909329 2.6177991 -0.6323382
v 4.9919876 2.6551728 -0.6457172
v 4.9819560 2.7188711 -0.5626995
v 4.9775265 2.6954202 -0.5548807
v 4.9757906 2.6456040 -0.5375049
v 4.9784843 2.6192387 -0.5279478
v 4.9830154 2.6456040 -0.5367831
v 4.9847513 2.6954202 -0.5541590
v 4.9721426 2.7550510 -0.4706798
v 4.9675306 2.7296799 -0.4625085
v 4.9654798 2.6797353 -0.4455718
v 4.9680411 2.6551620 -0.4368064
v 4.9726204 2.6797353 -0.4447071
v 4.9746712 2.7296799 -0.4616439
v 4.9604421 2.7891121 -0.3790595
v 4.9556041 2.7623490 -0.3707664
v 4.9532935 2.7130215 -0.3545406
v 4.9558208 2.6904573 -0.3466079
v 4.9604621 2.7130215 -0.3535198
v 4.9627727 2.7623490 -0.3697456
v 4.9458118 2.8009112 -0.2815135
v 4.9425325 2.7833426 -0.2763082
v 4.9409019 2.7520840 -0.2663578
v 4.9425505 2.7383939 -0.2616127
v 4.9456275 2.7520840 -0.2655834
v 4.9472581 2.7833426 -0.2755338
v 4.9301488 2.8286275 -0.1905277
v 4.9267859 2.8117384 -0.1857831
v 4.9250561 2.7813967 -0.1764593
v 4.9266892 2.7679441 -0.1718802
v 4.9298561 2.7813967 -0.1755688
v 4.9315859 2.8117384 -0.1848926
v 4.9128968 2.8585831 -0.1015476
v 4.9090245 2.8406869 -0.0968278
v 4.9069340 2.8066168 -0.0867471
v 4.9087159 2.7904431 -0.0813863
v 4.9124825 2.8066168 -0.0855965
v 4.9145729 2.8406869 -0.0956771
v 4.8931322 2.8754420 -0.0101500
v 4.8901115 2.8625106 -0.0069755
v 4.8883600 2.8356425 0.0006584
v 4.8896292 2.8217060 0.0051177
v 4.8927155 2.8356425 0.0016577
v 4.8944670 2.8625106 -0.0059762
v 4.8718318 2.8947026 0.0789685
v 4.8694634 2.8849509 0.0811935
v 4.8679683 2.8631216 0.0871325
v 4.8688416 2.8510439 0.0908465
v 4.8713693 2.8631216 0.0879887
v 4.8728644 2.8849509 0.0820497
v 4.8488760 2.9135136 0.1666250
v 4.8472163 2.9065758 0.1681073
v 4.8460851 2.8906995 0.1722310
v 4.8466137 2.8817611 0.1748723
v 4.8484160 2.8906995 0.1728704
v 4.8495472 2.9065758 0.1687467
v 4.8249471 2.9404189 0.2506858
v 4.8229611 2.9316520 0.2524540
v 4.8215399 2.9123031 0.2572367
v 4.8221046 2.9017211 0.2602513
v 4.8242239 2.9123031 0.2580344
v 4.8256452 2.9316520 0.2532516
v 4.7986652 2.9557694 0.3360665
v 4.7975123 2.9503515 0.3370977
v 4.7966753 2.9392060 0.3397107
v 4.7969911 2.9334783 0.3412925
v 4.7981672 2.9392060 0.3401886
v 4.7990042 2.9503515 0.3375756
v 4.7705165 2.9659267 0.4209176
v 4.7705014 2.9658528 0.4209313
v 4.7704907 2.9657118 0.4209635
v 4.7704951 2.9656446 0.4209819
v 4.7705096 2.9657118 0.4209697
v 4.7705203 2.9658528 0.4209376
vt 1.0000000 0.0000000
vt 0.8535534 0.0000000
vt 0.5000000 0.0000000
vt 0.1464466 0.0000000
vt 0.0000000 0.0000000
vt 0.1464466 0.0000000
vt 0.5000000 0.0000000
vt 0.8535534 0.0000000
vt 1.0000000 0.0180000
vt 0.8535534 0.0180000
vt 0.5000000 0.0180000
vt 0.1464466 0.0180000
vt 0.0000000 0.0180000
vt 0.1464466 0.0180000
vt 0.5000000 0.0180000
vt 0.8535534 0.0180000
vt 1.0000000 0.0360000
vt 0.8535534 0.0360000
vt 0.5000000 0.0360000
vt 0.1464466 0.0360000
vt 0.0000000 0.0360000
vt 0.1464466 0.0360000
vt 0.5000000 0.0360000
vt 0.8535534 0.0360000
vt 1.0000000 0.0540000
vt 0.8535534 0.0540000
vt 0.5000000 0.0540000
vt 0.1464466 0.0540000
vt 0.0000000 0.0540000
vt 0.1464466 0.0540000
vt 0.5000000 0.0540000
vt 0.8535534 0.0540000
vt 1.0000000 0.0720000
vt 0.8535534 0.0720000
vt 0.5000000 0.0720000
vt 0.1464466 0.0720000
vt 0.0000000 0.0720000
vt 0.1464466 0.0720000
vt 0.5000000 0.0720000
vt 0.8535534 0.0720000
vt 1.0000000 0.0900000
vt 0.8535534 0.0900000
vt 0.5000000 0.0900000
vt 0.1464466 0.0900000
vt 0.0000000 0.0900000
vt 0.1464466 0.0900000
vt 0.5000000 0.0900000
vt 0.8535534 0.0900000
vt 1.0000000 0.1080000
vt 0.8535534 0.1080000
vt 0.5000000 0.1080000
vt 0.1464466 0.1080000
vt 0.0000000 0.1080000
vt 0.1464466 0.1080000
vt 0.5000000 0.1080000
vt 0.8535534 0.1080000
vt 1.0000000 0.1260000
vt 0.8535534 0.1260000
vt 0.5000000 0.1260000
vt 0.1464466 0.1260000
vt 0.0000000 0.1260000
vt 0.1464466 0.1260000
vt 0.5000000 0.1260000
vt 0.8535534 0.1260000
vt 1.0000000 0.1440000
vt 0.8535534 0.1440000
vt 0.5000000 0.1440000
vt 0.1464466 0.1440000
vt 0.0000000 0.1440000
vt 0.1464466 0.1440000
vt 0.5000000 0.1440000
vt 0.8535534 0.1440000
vt 1.0000000 0.1620000
vt 0.8535534 0.1620000
vt 0.5000000 0.1620000
vt 0.1464466 0.1620000
vt 0.0000000 0.1620000
vt 0.1464466 0.1620000
vt 0.5000000 0.1620000
vt 0.8535534 0.1620000
vt 1.0000000 0.1800000
vt 0.8535534 0.1800000
vt 0.5000000 0.1800000
vt 0.1464466 0.1800000
vt 0.0000000 0.1800000
vt 0.1464466 0.1800000
vt 0.5000000 0.1800000
vt 0.8535534 0.1800000
vt 1.0000000 0.1980000
vt 0.8535534 0.1980000
vt 0.5000000 0.1980000
vt 0.1464466 0.1980000
vt 0.0000000 0.1980000
vt 0.1464466 0.1980000
vt 0.5000000 0.1980000
vt 0.8535534 0.1980000
vt 1.0000000 0.2160000
vt 0.8535534 0.2160000
vt 0.5000000 0.2160000
vt 0.1464466 0.2160000
vt 0.0000000 0.2160000
vt 0.1464466 0.2160000
vt 0.5000000 0.2160000
vt 0.8535534 0.2160000
vt 1.0000000 0.2340000
vt 0.8535534 0.2340000
vt 0.5000000 0.2340000
vt 0.1464466 0.2340000
vt 0.0000000 0.2340000
vt 0.1464466 0.2340000
vt 0.5000000 0.2340000
vt 0.8535534 0.2340000
vt 1.0000000 0.2520000
vt 0.8535534 0.2520000
vt 0.5000000 0.2520000
vt 0.1464466 0.2520000
vt 0.0000000 0.2520000
vt 0.1464466 0.2520000
vt 0.5000000 0.2520000
vt 0.8535534 0.2520000
vt 1.0000000 0.2700000
vt 0.8535534 0.2700000
vt 0.5000000 0.2700000
vt 0.1464466 0.2700000
vt 0.0000000 0.2700000
vt 0.1464466 0.2700000
vt 0.5000000 0.2700000
vt 0.8535534 0.2700000
vt 1.0000000 0.2880000
vt 0.8535534 0.2880000
vt 0.5000000 0.2880000
vt 0.1464466 0.2880000
vt 0.0000000 0.2880000
vt 0.1464466 0.2880000
vt 0.5000000 0.2880000
vt 0.8535534 0.2880000
vt 1.0000000 0.3060000
vt 0.8535534 0.3060000
vt 0.5000000 0.3060000
vt 0.1464466 0.3060000
vt 0.0000000 0.3060000
vt 0.1464466 0.3060000
vt 0.5000000 0.3060000
vt 0.8535534 0.3060000
vt 1.0000000 0.3240000
vt 0.8535534 0.3240000
vt 0.5000000 0.3240000
vt 0.1464466 0.3240000
vt 0.0000000 0.3240000
vt 0.1464466 0.3240000
vt 0.5000000 0.3240000
vt 0.8535534 0.3240000
vt 1.0000000 0.3420000
vt 0.8535534 0.3420000
vt 0.5000000 0.3420000
vt 0.1464466 0.3420000
vt 0.0000000 0.3420000
vt 0.1464466 0.3420000
vt 0.5000000 0.3420000
vt 0.8535534 0.3420000
vt 1.0000000 0.3600000
vt 0.8535534 0.3600000
vt 0.5000000 0.3600000
vt 0.1464466 0.3600000
vt 0.0000000 0.3600000
vt 0.1464466 0.3600000
vt 0.5000000 0.3600000
vt 0.8535534 0.3600000
vt 1.0000000 0.3780000
vt 0.8535534 0.3780000
vt 0.5000000 0.3780000
vt 0.1464466 0.3780000
vt 0.0000000 0.3780000
vt 0.1464466 0.3780000
vt 0.5000000 0.3780000
vt 0.8535534 0.3780000
vt 1.0000000 0.3960000
vt 0.8535534 0.3960000
vt 0.5000000 0.3960000
vt 0.1464466 0.3960000
vt 0.0000000 0.3960000
vt 0.1464466 0.3960000
vt 0.5000000 0.3960000
vt 0.8535534 0.3960000
vt 1.0000000 0.4140000
vt 0.8535534 0.4140000
vt 0.5000000 0.4140000
vt 0.1464466 0.4140000
vt 0.0000000 0.4140000
vt 0.1464466 0.4140000
vt 0.5000000 0.4140000
vt 0.8535534 0.4140000
vt 1.0000000 0.4320000
vt 0.8535534 0.4320000
vt 0.5000000 0.4320000
vt 0.1464466 0.4320000
vt 0.0000000 0.4320000
vt 0.1464466 0.4320000
vt 0.5000000 0.4320000
vt 0.8535534 0.4320000
vt 1.0000000 0.4500000
vt 0.8535534 0.4500000
vt 0.5000000 0.4500000
vt 0.1464466 0.4500000
vt 0.0000000 0.4500000
vt 0.1464466 0.4500000
vt 0.5000000 0.4500000
vt 0.8535534 0.4500000
vt 1.0000000 0.4680000
vt 0.8535534 0.4680000
vt 0.5000000 0.4680000
vt 0.1464466 0.4680000
vt 0.0000000 0.4680000
vt 0.1464466 0.4680000
vt 0.5000000 0.4680000
vt 0.8535534 0.4680000
vt 1.0000000 0.4860000
vt 0.8535534 0.4860000
vt 0.5000000 0.4860000
vt 0.1464466 0.4860000
vt 0.0000000 0.4860000
vt 0.1464466 0.4860000
vt 0.5000000 0.4860000
vt 0.8535534 0.4860000
vt 1.0000000 0.5040000
vt 0.8535534 0.5040000
vt 0.5000000 0.5040000
vt 0.1464466 0.5040000
vt 0.0000000 0.5040000
vt 0.1464466 0.5040000
vt 0.5000000 0.5040000
vt 0.8535534 0.5040000
vt 1.0000000 0.5220000
vt 0.8535534 0.5220000
vt 0.5000000 0.5220000
vt 0.1464466 0.5220000
vt 0.0000000 0.5220000
vt 0.1464466 0.5220000
vt 0.5000000 0.5220000
vt 0.8535534 0.5220000
vt 1.0000000 0.5400000
vt 0.8535534 0.5400000
vt 0.5000000 0.5400000
vt 0.1464466 0.5400000
vt 0.0000000 0.5400000
vt 0.1464466 0.5400000
vt 0.5000000 0.5400000
vt 0.8535534 0.5400000
vt 1.0000000 0.5580000
vt 0.8535534 0.5580000
vt 0.5000000 0.5580000
vt 0.1464466 0.5580000
vt 0.0000000 0.5580000
vt 0.1464466 0.5580000
vt 0.5000000 0.5580000
vt 0.8535534 0.5580000
vt 1.0000000 0.5760000
vt 0.8535534 0.5760000
vt 0.5000000 0.5760000
vt 0.1464466 0.5760000
vt 0.0000000 0.5760000
vt 0.1464466 0.5760000
vt 0.5000000 0.5760000
vt 0.8535534 0.5760000
vt 1.0000000 0.5940000
vt 0.8535534 0.5940000
vt 0.5000000 0.5940000
vt 0.1464466 0.5940000
vt 0.0000000 0.5940000
vt 0.1464466 0.5940000
vt 0.5000000 0.5940000
vt 0.8535534 0.5940000
vt 1.0000000 0.6120000
vt 0.8535534 0.6120000
vt 0.5000000 0.6120000
vt 0.1464466 0.6120000
vt 0.0000000 0.6120000
vt 0.1464466 0.6120000
vt 0.5000000 0.6120000
vt 0.8535534 0.6120000
vt 1.0000000 0.6300000
vt 0.8535534 0.6300000
vt 0.5000000 0.6300000
vt 0.1464466 0.6300000
vt 0.0000000 0.6300000
vt 0.1464466 0.6300000
vt 0.5000000 0.6300000
vt 0.8535534 0.6300000
vt 1.0000000 0.6480000
vt 0.8535534 0.6480000
vt 0.5000000 0.6480000
vt 0.1464466 0.6480000
vt 0.0000000 0.6480000
vt 0.1464466 0.6480000
vt 0.5000000 0.6480000
vt 0.8535534 0.6480000
vt 1.0000000 0.6660000
vt 0.8535534 0.6660000
vt 0.5000000 0.6660000
vt 0.1464466 0.6660000
vt 0.0000000 0.6660000
vt 0.1464466 0.6660000
vt 0.5000000 0.6660000
vt 0.8535534 0.6660000
vt 1.0000000 0.6840000
vt 0.8535534 0.6840000
vt 0.5000000 0.6840000
vt 0.1464466 0.6840000
vt 0.0000000 0.6840000
vt 0.1464466 0.6840000
vt 0.5000000 0.6840000
vt 0.8535534 0.6840000
vt 1.0000000 0.7020000
vt 0.8535534 0.7020000
vt 0.5000000 0.7020000
vt 0.1464466 0.7020000
vt 0.0000000 0.7020000
vt 0.1464466 0.7020000
vt 0.5000000 0.7020000
vt 0.8535534 0.7020000
vt 1.0000000 0.7200000
vt 0.8535534 0.7200000
vt 0.5000000 0.7200000
vt 0.1464466 0.7200000
vt 0.0000000 0.7200000
vt 0.1464466 0.7200000
vt 0.5000000 0.7200000
vt 0.8535534 0.7200000
vt 1.0000000 0.7380000
vt 0.8535534 0.7380000
vt 0.5000000 0.7380000
vt 0.1464466 0.7380000
vt 0.0000000 0.7380000
vt 0.1464466 0.7380000
vt 0.5000000 0.7380000
vt 0.8535534 0.7380000
vt 1.0000000 0.7560000
vt 0.8535534 0.7560000
vt 0.5000000 0.7560000
vt 0.1464466 0.7560000
vt 0.0000000 0.7560000
vt 0.1464466 0.7560000
vt 0.5000000 0.7560000
vt 0.8535534 0.7560000
vt 1.0000000 0.7740000
vt 0.8535534 0.7740000
vt 0.5000000 0.7740000
vt 0.1464466 0.7740000
vt 0.0000000 0.7740000
vt 0.1464466 0.7740000
vt 0.5000000 0.7740000
vt 0.8535534 0.7740000
vt 1.0000000 0.7920000
vt 0.8535534 0.7920000
vt 0.5000000 0.7920000
vt 0.1464466 0.7920000
vt 0.0000000 0.7920000
vt 0.1464466 0.7920000
vt 0.5000000 0.7920000
vt 0.8535534 0.7920000
vt 1.0000000 0.8100000
vt 0.8535534 0.8100000
vt 0.5000000 0.8100000
vt 0.1464466 0.8100000
vt 0.0000000 0.8100000
vt 0.1464466 0.8100000
vt 0.5000000 0.8100000
vt 0.8535534 0.8100000
vt 1.0000000 0.8280000
vt 0.8535534 0.8280000
vt 0.5000000 0.8280000
vt 0.1464466 0.8280000
vt 0.0000000 0.8280000
vt 0.1464466 0.8280000
vt 0.5000000 0.8280000
vt 0.8535534 0.8280000
vt 1.0000000 0.8460000
vt 0.8535534 0.8460000
vt 0.5000000 0.8460000
vt 0.1464466 0.8460000
vt 0.0000000 0.8460000
vt 0.1464466 0.8460000
vt 0.5000000 0.8460000
vt 0.8535534 0.8460000
vt 1.0000000 0.8640000
vt 0.8535534 0.8640000
vt 0.5000000 0.8640000
vt 0.1464466 0.8640000
vt 0.0000000 0.8640000
vt 0.1464466 0.8640000
vt 0.5000000 0.8640000
vt 0.8535534 0.8640000
vt 1.0000000 0.8820000
vt 0.8535534 0.8820000
vt 0.5000000 0.8820000
vt 0.1464466 0.8820000
vt 0.0000000 0.8820000
vt 0.1464466 0.8820000
vt 0.5000000 0.8820000
vt 0.8535534 0.8820000
vt 1.0000000 0.9000000
vt 0.8535534 0.9000000
vt 0.5000000 0.9000000
vt 0.1464466 0.9000000
vt 0.0000000 0.9000000
vt 0.1464466 0.9000000
vt 0.5000000 0.9000000
vt 0.8535534 0.9000000
vt 1.0000000 0.9180000
vt 0.8535534 0.9180000
vt 0.5000000 0.9180000
vt 0.1464466 0.9180000
vt 0.0000000 0.9180000
vt 0.1464466 0.9180000
vt 0.5000000 0.9180000
vt 0.8535534 0.9180000
vt 1.0000000 0.9360000
vt 0.8535534 0.9360000
vt 0.5000000 0.9360000
vt 0.1464466 0.9360000
vt 0.0000000 0.9360000
vt 0.1464466 0.9360000
vt 0.5000000 0.9360000
vt 0.8535534 0.9360000
vt 1.0000000 0.9540000
vt 0.8535534 0.9540000
vt 0.5000000 0.9540000
vt 0.1464466 0.9540000
vt 0.0000000 0.9540000
vt 0.1464466 0.9540000
vt 0.5000000 0.9540000
vt 0.8535534 0.9540000
vt 1.0000000 0.9720000
vt 0.8535534 0.9720000
vt 0.5000000 0.9720000
vt 0.1464466 0.9720000
vt 0.0000000 0.9720000
vt 0.1464466 0.9720000
vt 0.5000000 0.9720000
vt 0.8535534 0.9720000
vt 1.0000000 0.9900000
vt 0.8535534 0.9900000
vt 0.5000000 0.9900000
vt 0.1464466 0.9900000
vt 0.0000000 0.9900000
vt 0.1464466 0.9900000
vt 0.5000000 0.9900000
vt 0.8535534 0.9900000
vt 1.0000000 1.0080000
vt 0.8535534 1.0080000
vt 0.5000000 1.0080000
vt 0.1464466 1.0080000
vt 0.0000000 1.0080000
vt 0.1464466 1.0080000
vt 0.5000000 1.0080000
vt 0.8535534 1.0080000
vt 1.0000000 1.0260000
vt 0.8535534 1.0260000
vt 0.5000000 1.0260000
vt 0.1464466 1.0260000
vt 0.0000000 1.0260000
vt 0.1464466 1.0260000
vt 0.5000000 1.0260000
vt 0.8535534 1.0260000
vt 1.0000000 1.0440000
vt 0.8535534 1.0440000
vt 0.5000000 1.0440000
vt 0.1464466 1.0440000
vt 0.0000000 1.0440000
vt 0.1464466 1.0440000
vt 0.5000000 1.0440000
vt 0.8535534 1.0440000
vt 1.0000000 1.0620000
vt 0.8535534 1.0620000
vt 0.5000000 1.0620000
vt 0.1464466 1.0620000
vt 0.0000000 1.0620000
vt 0.1464466 1.0620000
vt 0.5000000 1.0620000
vt 0.8535534 1.0620000
vt 1.0000000 1.0800000
vt 0.8535534 1.0800000
vt 0.5000000 1.0800000
vt 0.1464466 1.0800000
vt 0.0000000 1.0800000
vt 0.1464466 1.0800000
vt 0.5000000 1.0800000
vt 0.8535534 1.0800000
vt 1.0000000 1.0980000
vt 0.8535534 1.0980000
vt 0.5000000 1.0980000
vt 0.1464466 1.0980000
vt 0.0000000 1.0980000
vt 0.1464466 1.0980000
vt 0.5000000 1.0980000
vt 0.8535534 1.0980000
vt 1.0000000 1.1160000
vt 0.8535534 1.1160000
vt 0.5000000 1.1160000
vt 0.1464466 1.1160000
vt 0.0000000 1.1160000
vt 0.1464466 1.1160000
vt 0.5000000 1.1160000
vt 0.8535534 1.1160000
vt 1.0000000 1.1340000
vt 0.8535534 1.1340000
vt 0.5000000 1.1340000
vt 0.1464466 1.1340000
vt 0.0000000 1.1340000
vt 0.1464466 1.1340000
vt 0.5000000 1.1340000
vt 0.8535534 1.1340000
vt 1.0000000 1.1520000
vt 0.8535534 1.1520000
vt 0.5000000 1.1520000
vt 0.1464466 1.1520000
vt 0.0000000 1.1520000
vt 0.1464466 1.1520000
vt 0.5000000 1.1520000
vt 0.8535534 1.1520000
vt 1.0000000 1.1700000
vt 0.8535534 1.1700000
vt 0.5000000 1.1700000
vt 0.1464466 1.1700000
vt 0.0000000 1.1700000
vt 0.1464466 1.1700000
vt 0.5000000 1.1700000
vt 0.8535534 1.1700000
vt 1.0000000 1.1880000
vt 0.8535534 1.1880000
vt 0.5000000 1.1880000
vt 0.1464466 1.1880000
vt 0.0000000 1.1880000
vt 0.1464466 1.1880000
vt 0.5000000 1.1880000
vt 0.8535534 1.1880000
vt 1.0000000 1.2060000
vt 0.8535534 1.2060000
vt 0.5000000 1.2060000
vt 0.1464466 1.2060000
vt 0.0000000 1.2060000
vt 0.1464466 1.2060000
vt 0.5000000 1.2060000
vt 0.8535534 1.2060000
vt 1.0000000 1.2240000
vt 0.8535534 1.2240000
vt 0.5000000 1.2240000
vt 0.1464466 1.2240000
vt 0.0000000 1.2240000
vt 0.1464466 1.2240000
vt 0.5000000 1.2240000
vt 0.8535534 1.2240000
vt 1.0000000 1.2420000
vt 0.8535534 1.2420000
vt 0.5000000 1.2420000
vt 0.1464466 1.2420000
vt 0.0000000 1.2420000
vt 0.1464466 1.2420000
vt 0.5000000 1.2420000
vt 0.8535534 1.2420000
vt 1.0000000 1.2600000
vt 0.8535534 1.2600000
vt 0.5000000 1.2600000
vt 0.1464466 1.2600000
vt 0.0000000 1.2600000
vt 0.1464466 1.2600000
vt 0.5000000 1.2600000
vt 0.8535534 1.2600000
vt 1.0000000 1.2780000
vt 0.8535534 1.2780000
vt 0.5000000 1.2780000
vt 0.1464466 1.2780000
vt 0.0000000 1.2780000
vt 0.1464466 1.2780000
vt 0.5000000 1.2780000
vt 0.8535534 1.2780000
vt 1.0000000 1.2960000
vt 0.8535534 1.2960000
vt 0.5000000 1.2960000
vt 0.1464466 1.2960000
vt 0.0000000 1.2960000
vt 0.1464466 1.2960000
vt 0.5000000 1.2960000
vt 0.8535534 1.2960000
vt 1.0000000 1.3140000
vt 0.8535534 1.3140000
vt 0.5000000 1.3140000
vt 0.1464466 1.3140000
vt 0.0000000 1.3140000
vt 0.1464466 1.3140000
vt 0.5000000 1.3140000
vt 0.8535534 1.3140000
vt 1.0000000 1.3320000
vt 0.8535534 1.3320000
vt 0.5000000 1.3320000
vt 0.1464466 1.3320000
vt 0.0000000 1.3320000
vt 0.1464466 1.3320000
vt 0.5000000 1.3320000
vt 0.8535534 1.3320000
vt 1.0000000 1.3500000
vt 0.8535534 1.3500000
vt 0.5000000 1.3500000
vt 0.1464466 1.3500000
vt 0.0000000 1.3500000
vt 0.1464466 1.3500000
vt 0.5000000 1.3500000
vt 0.8535534 1.3500000
vt 1.0000000 1.3680000
vt 0.8535534 1.3680000
vt 0.5000000 1.3680000
vt 0.1464466 1.3680000
vt 0.0000000 1.3680000
vt 0.1464466 1.3680000
vt 0.5000000 1.3680000
vt 0.8535534 1.3680000
vt 1.0000000 1.3860000
vt 0.8535534 1.3860000
vt 0.5000000 1.3860000
vt 0.1464466 1.3860000
vt 0.0000000 1.3860000
vt 0.1464466 1.3860000
vt 0.5000000 1.3860000
vt 0.8535534 1.3860000
vt 1.0000000 1.4040000
vt 0.8535534 1.4040000
vt 0.5000000 1.4040000
vt 0.1464466 1.4040000
vt 0.0000000 1.4040000
vt 0.1464466 1.4040000
vt 0.5000000 1.4040000
vt 0.8535534 1.4040000
vt 1.0000000 1.4220000
vt 0.8535534 1.4220000
vt 0.5000000 1.4220000
vt 0.1464466 1.4220000
vt 0.0000000 1.4220000
vt 0.1464466 1.4220000
vt 0.5000000 1.4220000
vt 0.8535534 1.4220000
vt 1.0000000 1.4400000
vt 0.8535534 1.4400000
vt 0.5000000 1.4400000
vt 0.1464466 1.4400000
vt 0.0000000 1.4400000
vt 0.1464466 1.4400000
vt 0.5000000 1.4400000
vt 0.8535534 1.4400000
vt 1.0000000 1.4580000
vt 0.8535534 1.4580000
vt 0.5000000 1.4580000
vt 0.1464466 1.4580000
vt 0.0000000 1.4580000
vt 0.1464466 1.4580000
vt 0.5000000 1.4580000
vt 0.8535534 1.4580000
vt 1.0000000 1.4760000
vt 0.8535534 1.4760000
vt 0.5000000 1.4760000
vt 0.1464466 1.4760000
vt 0.0000000 1.4760000
vt 0.1464466 1.4760000
vt 0.5000000 1.4760000
vt 0.8535534 1.4760000
vt 1.0000000 1.4940000
vt 0.8535534 1.4940000
vt 0.5000000 1.4940000
vt 0.1464466 1.4940000
vt 0.0000000 1.4940000
vt 0.1464466 1.4940000
vt 0.5000000 1.4940000
vt 0.8535534 1.4940000
vt 1.0000000 1.5120000
vt 0.8535534 1.5120000
vt 0.5000000 1.5120000
vt 0.1464466 1.5120000
vt 0.0000000 1.5120000
vt 0.1464466 1.5120000
vt 0.5000000 1.5120000
vt 0.8535534 1.5120000
vt 1.0000000 1.5300000
vt 0.8535534 1.5300000
vt 0.5000000 1.5300000
vt 0.1464466 1.5300000
vt 0.0000000 1.5300000
vt 0.1464466 1.5300000
vt 0.5000000 1.5300000
vt 0.8535534 1.5300000
vt 1.0000000 1.5480000
vt 0.8535534 1.5480000
vt 0.5000000 1.5480000
vt 0.1464466 1.5480000
vt 0.0000000 1.5480000
vt 0.1464466 1.5480000
vt 0.5000000 1.5480000
vt 0.8535534 1.5480000
vt 1.0000000 1.5660000
vt 0.8535534 1.5660000
vt 0.5000000 1.5660000
vt 0.1464466 1.5660000
vt 0.0000000 1.5660000
vt 0.1464466 1.5660000
vt 0.5000000 1.5660000
vt 0.8535534 1.5660000
vt 1.0000000 1.5840000
vt 0.8535534 1.5840000
vt 0.5000000 1.5840000
vt 0.1464466 1.5840000
vt 0.0000000 1.5840000
vt 0.1464466 1.5840000
vt 0.5000000 1.5840000
vt 0.8535534 1.5840000
vt 1.0000000 1.6020000
vt 0.8535534 1.6020000
vt 0.5000000 1.6020000
vt 0.1464466 1.6020000
vt 0.0000000 1.6020000
vt 0.1464466 1.6020000
vt 0.5000000 1.6020000
vt 0.8535534 1.6020000
vt 1.0000000 1.6200000
vt 0.8535534 1.6200000
vt 0.5000000 1.6200000
vt 0.1464466 1.6200000
vt 0.0000000 1.6200000
vt 0.1464466 1.6200000
vt 0.5000000 1.6200000
vt 0.8535534 1.6200000
vt 1.0000000 1.6380000
vt 0.8535534 1.6380000
vt 0.5000000 1.6380000
vt 0.1464466 1.6380000
vt 0.0000000 1.6380000
vt 0.1464466 1.6380000
vt 0.5000000 1.6380000
vt 0.8535534 1.6380000
vt 1.0000000 1.6560000
vt 0.8535534 1.6560000
vt 0.5000000 1.6560000
vt 0.1464466 1.6560000
vt 0.0000000 1.6560000
vt 0.1464466 1.6560000
vt 0.5000000 1.6560000
vt 0.8535534 1.6560000
vt 1.0000000 1.6740000
vt 0.8535534 1.6740000
vt 0.5000000 1.6740000
vt 0.1464466 1.6740000
vt 0.0000000 1.6740000
vt 0.1464466 1.6740000
vt 0.5000000 1.6740000
vt 0.8535534 1.6740000
vt 1.0000000 1.6920000
vt 0.8535534 1.6920000
vt 0.5000000 1.6920000
vt 0.1464466 1.6920000
vt 0.0000000 1.6920000
vt 0.1464466 1.6920000
vt 0.5000000 1.6920000
vt 0.8535534 1.6920000
vt 1.0000000 1.7100000
vt 0.8535534 1.7100000
vt 0.5000000 1.7100000
vt 0.1464466 1.7100000
vt 0.0000000 1.7100000
vt 0.1464466 1.7100000
vt 0.5000000 1.7100000
vt 0.8535534 1.7100000
vt 1.0000000 1.7280000
vt 0.8535534 1.7280000
vt 0.5000000 1.7280000
vt 0.1464466 1.7280000
vt 0.0000000 1.7280000
vt 0.1464466 1.7280000
vt 0.5000000 1.7280000
vt 0.8535534 1.7280000
vt 1.0000000 1.7460000
vt 0.8535534 1.7460000
vt 0.5000000 1.7460000
vt 0.1464466 1.7460000
vt 0.0000000 1.7460000
vt 0.1464466 1.7460000
vt 0.5000000 1.7460000
vt 0.8535534 1.7460000
vt 1.0000000 1.7640000
vt 0.8535534 1.7640000
vt 0.5000000 1.7640000
vt 0.1464466 1.7640000
vt 0.0000000 1.7640000
vt 0.1464466 1.7640000
vt 0.5000000 1.7640000
vt 0.8535534 1.7640000
vt 1.0000000 1.7820000
vt 0.8535534 1.7820000
vt 0.5000000 1.7820000
vt 0.1464466 1.7820000
vt 0.0000000 1.7820000
vt 0.1464466 1.7820000
vt 0.5000000 1.7820000
vt 0.8535534 1.7820000
vt 1.0000000 1.8000000
vt 0.8535534 1.8000000
vt 0.5000000 1.8000000
vt 0.1464466 1.8000000
vt 0.0000000 1.8000000
vt 0.1464466 1.8000000
vt 0.5000000 1.8000000
vt 0.8535534 1.8000000
vt 1.0000000 0.1400000
vt 0.7500000 0.1400000
vt 0.2500000 0.1400000
vt 0.0000000 0.1400000
vt 0.2500000 0.1400000
vt 0.7500000 0.1400000
vt 1.0000000 0.1962500
vt 0.7500000 0.1962500
vt 0.2500000 0.1962500
vt 0.0000000 0.1962500
vt 0.2500000 0.1962500
vt 0.7500000 0.1962500
vt 1.0000000 0.2525000
vt 0.7500000 0.2525000
vt 0.2500000 0.2525000
vt 0.0000000 0.2525000
vt 0.2500000 0.2525000
vt 0.7500000 0.2525000
vt 1.0000000 0.3087500
vt 0.7500000 0.3087500
vt 0.2500000 0.3087500
vt 0.0000000 0.3087500
vt 0.2500000 0.3087500
vt 0.7500000 0.3087500
vt 1.0000000 0.3650000
vt 0.7500000 0.3650000
vt 0.2500000 0.3650000
vt 0.0000000 0.3650000
vt 0.2500000 0.3650000
vt 0.7500000 0.3650000
vt 1.0000000 0.4212500
vt 0.7500000 0.4212500
vt 0.2500000 0.4212500
vt 0.0000000 0.4212500
vt 0.2500000 0.4212500
vt 0.7500000 0.4212500
vt 1.0000000 0.4775000
vt 0.7500000 0.4775000
vt 0.2500000 0.4775000
vt 0.0000000 0.4775000
vt 0.2500000 0.4775000
vt 0.7500000 0.4775000
vt 1.0000000 0.5337500
vt 0.7500000 0.5337500
vt 0.2500000 0.5337500
vt 0.0000000 0.5337500
vt 0.2500000 0.5337500
vt 0.7500000 0.5337500
vt 1.0000000 0.5900000
vt 0.7500000 0.5900000
vt 0.2500000 0.5900000
vt 0.0000000 0.5900000
vt 0.2500000 0.5900000
vt 0.7500000 0.5900000
vt 1.0000000 0.6462500
vt 0.7500000 0.6462500
vt 0.2500000 0.6462500
vt 0.0000000 0.6462500
vt 0.2500000 0.6462500
vt 0.7500000 0.6462500
vt 1.0000000 0.7025000
vt 0.7500000 0.7025000
vt 0.2500000 0.7025000
vt 0.0000000 0.7025000
vt 0.2500000 0.7025000
vt 0.7500000 0.7025000
vt 1.0000000 0.7587500
vt 0.7500000 0.7587500
vt 0.2500000 0.7587500
vt 0.0000000 0.7587500
vt 0.2500000 0.7587500
vt 0.7500000 0.7587500
vt 1.0000000 0.8150000
vt 0.7500000 0.8150000
vt 0.2500000 0.8150000
vt 0.0000000 0.8150000
vt 0.2500000 0.8150000
vt 0.7500000 0.8150000
vt 1.0000000 0.8712500
vt 0.7500000 0.8712500
vt 0.2500000 0.8712500
vt 0.0000000 0.8712500
vt 0.2500000 0.8712500
vt 0.7500000 0.8712500
vt 1.0000000 0.9275000
vt 0.7500000 0.9275000
vt 0.2500000 0.9275000
vt 0.0000000 0.9275000
vt 0.2500000 0.9275000
vt 0.7500000 0.9275000
vt 1.0000000 0.9837500
vt 0.7500000 0.9837500
vt 0.2500000 0.9837500
vt 0.0000000 0.9837500
vt 0.2500000 0.9837500
vt 0.7500000 0.9837500
vt 1.0000000 1.0400000
vt 0.7500000 1.0400000
vt 0.2500000 1.0400000
vt 0.0000000 1.0400000
vt 0.2500000 1.0400000
vt 0.7500000 1.0400000
vt 1.0000000 1.0962500
vt 0.7500000 1.0962500
vt 0.2500000 1.0962500
vt 0.0000000 1.0962500
vt 0.2500000 1.0962500
vt 0.7500000 1.0962500
vt 1.0000000 1.1525000
vt 0.7500000 1.1525000
vt 0.2500000 1.1525000
vt 0.0000000 1.1525000
vt 0.2500000 1.1525000
vt 0.7500000 1.1525000
vt 1.0000000 1.2087500
vt 0.7500000 1.2087500
vt 0.2500000 1.2087500
vt 0.0000000 1.2087500
vt 0.2500000 1.2087500
vt 0.7500000 1.2087500
vt 1.0000000 1.2650000
vt 0.7500000 1.2650000
vt 0.2500000 1.2650000
vt 0.0000000 1.2650000
vt 0.2500000 1.2650000
vt 0.7500000 1.2650000
vt 1.0000000 1.3212500
vt 0.7500000 1.3212500
vt 0.2500000 1.3212500
vt 0.0000000 1.3212500
vt 0.2500000 1.3212500
vt 0.7500000 1.3212500
vt 1.0000000 1.3775000
vt 0.7500000 1.3775000
vt 0.2500000 1.3775000
vt 0.0000000 1.3775000
vt 0.2500000 1.3775000
vt 0.7500000 1.3775000
vt 1.0000000 1.4337500
vt 0.7500000 1.4337500
vt 0.2500000 1.4337500
vt 0.0000000 1.4337500
vt 0.2500000 1.4337500
vt 0.7500000 1.4337500
vt 1.0000000 1.4900000
vt 0.7500000 1.4900000
vt 0.2500000 1.4900000
vt 0.0000000 1.4900000
vt 0.2500000 1.4900000
vt 0.7500000 1.4900000
vt 1.0000000 1.5462500
vt 0.7500000 1.5462500
vt 0.2500000 1.5462500
vt 0.0000000 1.5462500
vt 0.2500000 1.5462500
vt 0.7500000 1.5462500
vt 1.0000000 1.6025000
vt 0.7500000 1.6025000
vt 0.2500000 1.6025000
vt 0.0000000 1.6025000
vt 0.2500000 1.6025000
vt 0.7500000 1.6025000
vt 1.0000000 1.6587500
vt 0.7500000 1.6587500
vt 0.2500000 1.6587500
vt 0.0000000 1.6587500
vt 0.2500000 1.6587500
vt 0.7500000 1.6587500
vt 1.0000000 1.7150000
vt 0.7500000 1.7150000
vt 0.2500000 1.7150000
vt 0.0000000 1.7150000
vt 0.2500000 1.7150000
vt 0.7500000 1.7150000
vt 1.0000000 1.7712500
vt 0.7500000 1.7712500
vt 0.2500000 1.7712500
vt 0.0000000 1.7712500
vt 0.2500000 1.7712500
vt 0.7500000 1.7712500
vt 1.0000000 1.8275000
vt 0.7500000 1.8275000
vt 0.2500000 1.8275000
vt 0.0000000 1.8275000
vt 0.2500000 1.8275000
vt 0.7500000 1.8275000
vt 1.0000000 1.8837500
vt 0.7500000 1.8837500
vt 0.2500000 1.8837500
vt 0.0000000 1.8837500
vt 0.2500000 1.8837500
vt 0.7500000 1.8837500
vt 1.0000000 1.9400000
vt 0.7500000 1.9400000
vt 0.2500000 1.9400000
vt 0.0000000 1.9400000
vt 0.2500000 1.9400000
vt 0.7500000 1.9400000
vt 1.0000000 0.3800000
vt 0.7500000 0.3800000
vt 0.2500000 0.3800000
vt 0.0000000 0.3800000
vt 0.2500000 0.3800000
vt 0.7500000 0.3800000
vt 1.0000000 0.4362500
vt 0.7500000 0.4362500
vt 0.2500000 0.4362500
vt 0.0000000 0.4362500
vt 0.2500000 0.4362500
vt 0.7500000 0.4362500
vt 1.0000000 0.4925000
vt 0.7500000 0.4925000
vt 0.2500000 0.4925000
vt 0.0000000 0.4925000
vt 0.2500000 0.4925000
vt 0.7500000 0.4925000
vt 1.0000000 0.5487500
vt 0.7500000 0.5487500
vt 0.2500000 0.5487500
vt 0.0000000 0.5487500
vt 0.2500000 0.5487500
vt 0.7500000 0.5487500
vt 1.0000000 0.6050000
vt 0.7500000 0.6050000
vt 0.2500000 0.6050000
vt 0.0000000 0.6050000
vt 0.2500000 0.6050000
vt 0.7500000 0.6050000
vt 1.0000000 0.6612500
vt 0.7500000 0.6612500
vt 0.2500000 0.6612500
vt 0.0000000 0.6612500
vt 0.2500000 0.6612500
vt 0.7500000 0.6612500
vt 1.0000000 0.7175000
vt 0.7500000 0.7175000
vt 0.2500000 0.7175000
vt 0.0000000 0.7175000
vt 0.2500000 0.7175000
vt 0.7500000 0.7175000
vt 1.0000000 0.7737500
vt 0.7500000 0.7737500
vt 0.2500000 0.7737500
vt 0.0000000 0.7737500
vt 0.2500000 0.7737500
vt 0.7500000 0.7737500
vt 1.0000000 0.8300000
vt 0.7500000 0.8300000
vt 0.2500000 0.8300000
vt 0.0000000 0.8300000
vt 0.2500000 0.8300000
vt 0.7500000 0.8300000
vt 1.0000000 0.8862500
vt 0.7500000 0.8862500
vt 0.2500000 0.8862500
vt 0.0000000 0.8862500
vt 0.2500000 0.8862500
vt 0.7500000 0.8862500
vt 1.0000000 0.9425000
vt 0.7500000 0.9425000
vt 0.2500000 0.9425000
vt 0.0000000 0.9425000
vt 0.2500000 0.9425000
vt 0.7500000 0.9425000
vt 1.0000000 0.9987500
vt 0.7500000 0.9987500
vt 0.2500000 0.9987500
vt 0.0000000 0.9987500
vt 0.2500000 0.9987500
vt 0.7500000 0.9987500
vt 1.0000000 1.0550000
vt 0.7500000 1.0550000
vt 0.2500000 1.0550000
vt 0.0000000 1.0550000
vt 0.2500000 1.0550000
vt 0.7500000 1.0550000
vt 1.0000000 1.1112500
vt 0.7500000 1.1112500
vt 0.2500000 1.1112500
vt 0.0000000 1.1112500
vt 0.2500000 1.1112500
vt 0.7500000 1.1112500
vt 1.0000000 1.1675000
vt 0.7500000 1.1675000
vt 0.2500000 1.1675000
vt 0.0000000 1.1675000
vt 0.2500000 1.1675000
vt 0.7500000 1.1675000
vt 1.0000000 1.2237500
vt 0.7500000 1.2237500
vt 0.2500000 1.2237500
vt 0.0000000 1.2237500
vt 0.2500000 1.2237500
vt 0.7500000 1.2237500
vt 1.0000000 1.2800000
vt 0.7500000 1.2800000
vt 0.2500000 1.2800000
vt 0.0000000 1.2800000
vt 0.2500000 1.2800000
vt 0.7500000 1.2800000
vt 1.0000000 1.3362500
vt 0.7500000 1.3362500
vt 0.2500000 1.3362500
vt 0.0000000 1.3362500
vt 0.2500000 1.3362500
vt 0.7500000 1.3362500
vt 1.0000000 1.3925000
vt 0.7500000 1.3925000
vt 0.2500000 1.3925000
vt 0.0000000 1.3925000
vt 0.2500000 1.3925000
vt 0.7500000 1.3925000
vt 1.0000000 1.4487500
vt 0.7500000 1.4487500
vt 0.2500000 1.4487500
vt 0.0000000 1.4487500
vt 0.2500000 1.4487500
vt 0.7500000 1.4487500
vt 1.0000000 1.5050000
vt 0.7500000 1.5050000
vt 0.2500000 1.5050000
vt 0.0000000 1.5050000
vt 0.2500000 1.5050000
vt 0.7500000 1.5050000
vt 1.0000000 1.5612500
vt 0.7500000 1.5612500
vt 0.2500000 1.5612500
vt 0.0000000 1.5612500
vt 0.2500000 1.5612500
vt 0.7500000 1.5612500
vt 1.0000000 1.6175000
vt 0.7500000 1.6175000
vt 0.2500000 1.6175000
vt 0.0000000 1.6175000
vt 0.2500000 1.6175000
vt 0.7500000 1.6175000
vt 1.0000000 1.6737500
vt 0.7500000 1.6737500
vt 0.2500000 1.6737500
vt 0.0000000 1.6737500
vt 0.2500000 1.6737500
vt 0.7500000 1.6737500
vt 1.0000000 1.7300000
vt 0.7500000 1.7300000
vt 0.2500000 1.7300000
vt 0.0000000 1.7300000
vt 0.2500000 1.7300000
vt 0.7500000 1.7300000
vt 1.0000000 1.7862500
vt 0.7500000 1.7862500
vt 0.2500000 1.7862500
vt 0.0000000 1.7862500
vt 0.2500000 1.7862500
vt 0.7500000 1.7862500
vt 1.0000000 1.8425000
vt 0.7500000 1.8425000
vt 0.2500000 1.8425000
vt 0.0000000 1.8425000
vt 0.2500000 1.8425000
vt 0.7500000 1.8425000
vt 1.0000000 1.8987500
vt 0.7500000 1.8987500
vt 0.2500000 1.8987500
vt 0.0000000 1.8987500
vt 0.2500000 1.8987500
vt 0.7500000 1.8987500
vt 1.0000000 1.9550000
vt 0.7500000 1.9550000
vt 0.2500000 1.9550000
vt 0.0000000 1.9550000
vt 0.2500000 1.9550000
vt 0.7500000 1.9550000
vt 1.0000000 2.0112500
vt 0.7500000 2.0112500
vt 0.2500000 2.0112500
vt 0.0000000 2.0112500
vt 0.2500000 2.0112500
vt 0.7500000 2.0112500
vt 1.0000000 2.0675000
vt 0.7500000 2.0675000
vt 0.2500000 2.0675000
vt 0.0000000 2.0675000
vt 0.2500000 2.0675000
vt 0.7500000 2.0675000
vt 1.0000000 2.1237500
vt 0.7500000 2.1237500
vt 0.2500000 2.1237500
vt 0.0000000 2.1237500
vt 0.2500000 2.1237500
vt 0.7500000 2.1237500
vt 1.0000000 2.1800000
vt 0.7500000 2.1800000
vt 0.2500000 2.1800000
vt 0.0000000 2.1800000
vt 0.2500000 2.1800000
vt 0.7500000 2.1800000
vn 0.2945741 0.2365502 0.9258888
vn 0.3415947 0.0434857 0.9388408
vn 0.3521372 -0.0317852 0.9354085
vn 0.3579014 -0.1919141 0.9138247
vn -0.3366634 -0.2091637 -0.9181004
vn -0.3569651 -0.0397482 -0.9332717
vn -0.3671643 0.0350382 -0.9294959
vn -0.3929203 0.2171184 -0.8935733
vn 0.1119504 0.6447454 0.7561551
vn 0.3101499 0.0776871 0.9475082
vn 0.3255490 -0.0099311 0.9454730
vn 0.3355225 -0.1047659 0.9361884
vn -0.2131982 -0.5819771 -0.7847606
vn -0.3250188 -0.0675935 -0.9432889
vn -0.3372284 0.0089331 -0.9413805
vn -0.3550319 0.1203013 -0.9270814
vn -0.0742978 0.9078189 0.4127284
vn 0.2730300 0.0904761 0.9577415
vn 0.2901156 -0.0037435 0.9569843
vn 0.3018004 -0.0886921 0.9492367
vn -0.0297527 -0.8705737 -0.4911376
vn -0.2841789 -0.0752788 -0.9558114
vn -0.2983597 0.0029585 -0.9544489
vn -0.3153025 0.1056169 -0.9430956
vn -0.1291745 0.9498588 0.2847494
vn 0.2338811 0.0935490 0.9677542
vn 0.2511881 -0.0023060 0.9679355
vn 0.2633861 -0.0836941 0.9610531
vn 0.0448452 -0.9323927 -0.3586542
vn -0.2436251 -0.0754709 -0.9669286
vn -0.2583392 0.0017038 -0.9660528
vn -0.2755032 0.1027857 -0.9557893
vn -0.1443432 0.9367127 0.3189583
vn 0.1920403 0.0921501 0.9770511
vn 0.2095802 -0.0026842 0.9777878
vn 0.2215076 -0.0824662 0.9716654
vn 0.0392454 -0.9208657 -0.3878998
vn -0.2048477 -0.0735165 -0.9760291
vn -0.2192023 0.0017582 -0.9756778
vn -0.2376584 0.1026095 -0.9659140
vn -0.1644453 0.9108474 0.3785695
vn 0.1489758 0.0893593 0.9847950
vn 0.1668484 -0.0034483 0.9859765
vn 0.1777364 -0.0822592 0.9806341
vn 0.0171715 -0.8977300 -0.4402113
vn -0.1672547 -0.0717120 -0.9833022
vn -0.1808329 0.0018626 -0.9835121
vn -0.2010089 0.1019808 -0.9742666
vn -0.1948207 0.9200003 0.3400653
vn 0.1084526 0.0883692 0.9901661
vn 0.1263035 -0.0030915 0.9919868
vn 0.1367126 -0.0803630 0.9873457
vn 0.0396222 -0.9223801 -0.3842460
vn -0.1275861 -0.0714585 -0.9892500
vn -0.1411276 0.0013158 -0.9899905
vn -0.1618873 0.0988890 -0.9818419
vn -0.2070997 0.9563944 0.2059597
vn 0.0722119 0.0892105 0.9933916
vn 0.0891832 -0.0015868 0.9960140
vn 0.1005525 -0.0768915 0.9919561
vn 0.1114230 -0.9704629 -0.2139784
vn -0.0839012 -0.0721777 -0.9938566
vn -0.0986588 0.0005669 -0.9951212
vn -0.1183459 0.0944333 -0.9884718
vn -0.1914160 0.9803244 0.0482075
vn 0.0377878 0.0901001 0.9952156
vn 0.0533160 0.0001147 0.9985777
vn 0.0663430 -0.0735843 0.9950799
vn 0.1877545 -0.9821706 -0.0094461
vn -0.0383401 -0.0730828 -0.9965887
vn -0.0548964 0.0000512 -0.9984921
vn -0.0729694 0.0901304 -0.9932532
vn -0.1782384 0.9835596 -0.0290107
vn 0.0004946 0.0889329 0.9960375
vn 0.0151357 0.0008677 0.9998851
vn 0.0292439 -0.0723002 0.9969541
vn 0.2165952 -0.9715785 0.0955077
vn 0.0046234 -0.0737222 -0.9972681
vn -0.0128738 -0.0001398 -0.9999171
vn -0.0302722 0.0867798 -0.9957675
vn -0.1975314 0.9800037 0.0239602
vn -0.0414440 0.0850142 0.9955174
vn -0.0266101 0.0002351 0.9996459
vn -0.0125782 -0.0737701 0.9971959
vn 0.2005176 -0.9786572 0.0449750
vn 0.0431433 -0.0738642 -0.9963346
vn 0.0262127 -0.0000060 -0.9996564
vn 0.0080891 0.0845964 -0.9963825
vn -0.2291510 0.9678852 0.1033829
vn -0.0840478 0.0807626 0.9931835
vn -0.0689172 -0.0006788 0.9976221
vn -0.0554450 -0.0761940 0.9955503
vn 0.1799378 -0.9828510 -0.0403277
vn 0.0806434 -0.0741995 -0.9939774
vn 0.0645686 0.0001672 -0.9979133
vn 0.0454807 0.0826657 -0.9955390
vn -0.2271014 0.9712673 0.0711666
vn -0.1226295 0.0788786 0.9893130
vn -0.1081112 -0.0004935 0.9941387
vn -0.0943271 -0.0770754 0.9925532
vn 0.1859991 -0.9825498 -0.0005377
vn 0.1214153 -0.0756400 -0.9897156
vn 0.1050453 0.0000834 -0.9944674
vn 0.0863094 0.0800610 -0.9930463
vn -0.1827014 0.9819318 -0.0492963
vn -0.1579709 0.0788756 0.9842885
vn -0.1447320 0.0005607 0.9894707
vn -0.1297326 -0.0767401 0.9885749
vn 0.2013436 -0.9706608 0.1314473
vn 0.1649264 -0.0780192 -0.9832153
vn 0.1472813 -0.0001399 -0.9890946
vn 0.1299016 0.0772588 -0.9885123
vn -0.1574938 0.9814040 -0.1097354
vn -0.1956177 0.0780434 0.9775699
vn -0.1829328 0.0009919 0.9831249
vn -0.1671002 -0.0778448 0.9828620
vn 0.1993795 -0.9610300 0.1914921
vn 0.2061745 -0.0804358 -0.9752037
vn 0.1879092 -0.0002614 -0.9821864
vn 0.1710836 0.0752544 -0.9823783
vn -0.2309699 0.9727424 0.0206162
vn -0.2397128 0.0741943 0.9680046
vn -0.2259140 -0.0004727 0.9741471
vn -0.2106567 -0.0828241 0.9740451
vn 0.1888623 -0.9806210 0.0520906
vn 0.2413064 -0.0817934 -0.9669959
vn 0.2244019 -0.0000179 -0.9744967
vn 0.2059966 0.0747996 -0.9756897
vn -0.3495571 0.9139505 0.2061659
vn -0.2864136 0.0694871 0.9555830
vn -0.2712067 -0.0028154 0.9625170
vn -0.2576893 -0.0899139 0.9620352
vn 0.1761224 -0.9714191 -0.1591409
vn 0.2733153 -0.0828503 -0.9583499
vn 0.2585316 0.0002560 -0.9660028
vn 0.2372078 0.0749336 -0.9685646
vn -0.3920258 0.8947118 0.2140247
vn -0.3277233 0.0680366 0.9423208
vn -0.3125322 -0.0035680 0.9499005
vn -0.2998060 -0.0940045 0.9493574
vn 0.1673415 -0.9671052 -0.1915836
vn 0.3092858 -0.0853807 -0.9471285
vn 0.2951423 0.0000570 -0.9554533
vn 0.2724717 0.0741094 -0.9593055
vn -0.3275668 0.9412631 0.0819986
vn -0.3610504 0.0701795 0.9299018
vn -0.3475893 -0.0023095 0.9376440
vn -0.3335423 -0.0941622 0.9380208
vn 0.1722040 -0.9829163 -0.0649717
vn 0.3520169 -0.0888419 -0.9317678
vn 0.3364592 -0.0001749 -0.9416980
vn 0.3151977 0.0731265 -0.9462045
vn -0.1975731 0.9775999 -0.0725487
vn -0.3909182 0.0737046 0.9174697
vn -0.3798392 -0.0003953 0.9250524
vn -0.3637409 -0.0930850 0.9268375
vn 0.1788068 -0.9795605 0.0921376
vn 0.3973622 -0.0921514 -0.9130232
vn 0.3795710 -0.0001839 -0.9251626
vn 0.3607325 0.0728882 -0.9298168
vn -0.1201367 0.9817661 -0.1473174
vn -0.4244612 0.0760701 0.9022450
vn -0.4145692 0.0005675 0.9100176
vn -0.3974613 -0.0936209 0.9128305
vn 0.1757186 -0.9709479 0.1624291
vn 0.4384799 -0.0947796 -0.8937294
vn 0.4197423 -0.0001818 -0.9076433
vn 0.4021507 0.0734007 -0.9126265
vn -0.1498399 0.9805286 -0.1269316
vn -0.4638526 0.0763509 0.8826161
vn -0.4535138 0.0000017 0.8912493
vn -0.4368521 -0.0966294 0.8943282
vn 0.1730834 -0.9776467 0.1193698
vn 0.4732068 -0.0963432 -0.8756673
vn 0.4555662 -0.0002231 -0.8902019
vn 0.4374132 0.0745990 -0.8961611
vn -0.1956319 0.9759352 -0.0963256
vn -0.5033687 0.0766385 0.8606663
vn -0.4927128 -0.0008089 0.8701916
vn -0.4768163 -0.0995150 0.8733516
vn 0.1744044 -0.9828003 0.0607179
vn 0.5066109 -0.0971686 -0.8566818
vn 0.4904681 -0.0002357 -0.8714591
vn 0.4714222 0.0762218 -0.8786076
vn -0.1418586 0.9805318 -0.1357702
vn -0.5369281 0.0795232 0.8398716
vn -0.5274646 -0.0002057 0.8495770
vn -0.5112513 -0.0990271 0.8537070
vn 0.1686720 -0.9806726 0.0991512
vn 0.5442147 -0.0978882 -0.8332156
vn 0.5282033 -0.0001889 -0.8491179
vn 0.5098621 0.0779178 -0.8567202
vn -0.0029630 0.9758328 -0.2184985
vn -0.5657140 0.0847685 0.8202329
vn -0.5583749 0.0016606 0.8295870
vn -0.5410240 -0.0955332 0.8355636
vn 0.1456027 -0.9649584 0.2183007
vn 0.5849103 -0.0984540 -0.8051005
vn 0.5678779 -0.0001440 -0.8231128
vn 0.5515066 0.0796202 -0.8303620
vn 0.0923137 0.9576363 -0.2727835
vn -0.5967667 0.0895070 0.7974071
vn -0.5905153 0.0030049 0.8070209
vn -0.5727023 -0.0923588 0.8145440
vn 0.1129791 -0.9463502 0.3027491
vn 0.6222642 -0.0983447 -0.7766052
vn 0.6049535 -0.0002790 -0.7962607
vn 0.5897553 0.0814349 -0.8034656
vn 0.0207187 0.9707604 -0.2391546
vn -0.6355688 0.0902344 0.7667529
vn -0.6279602 0.0018832 0.7782432
vn -0.6112766 -0.0929904 0.7859350
vn 0.1249772 -0.9649007 0.2309703
vn 0.6514955 -0.0962891 -0.7525172
vn 0.6362588 -0.0003174 -0.7714756
vn 0.6199304 0.0842642 -0.7801191
vn -0.2018357 0.9718302 -0.1216902
vn -0.6784001 0.0873336 0.7294835
vn -0.6686235 -0.0013640 0.7435998
vn -0.6545155 -0.0969184 0.7498109
vn 0.2051221 -0.9787082 0.0074348
vn 0.6754832 -0.0922744 -0.7315790
vn 0.6636019 0.0000129 -0.7480859
vn 0.6442017 0.0885116 -0.7597169
vn -0.3242418 0.9431368 -0.0732142
vn -0.7157642 0.0865387 0.6929594
vn -0.7054644 -0.0033552 0.7087374
vn -0.6938144 -0.0980824 0.7134434
vn 0.2478241 -0.9612511 -0.1207456
vn 0.7019454 -0.0890840 -0.7066376
vn 0.6921564 0.0000417 -0.7217476
vn 0.6705891 0.0918805 -0.7361170
vn -0.2723233 0.9554371 -0.1139294
vn -0.7444247 0.0901294 0.6615955
vn -0.7354265 -0.0026163 0.6775994
vn -0.7244975 -0.0941251 0.6828205
vn 0.2260228 -0.9716925 -0.0687562
vn 0.7340477 -0.0870420 -0.6734965
vn 0.7243957 -0.0001374 -0.6893844
vn 0.7034161 0.0936656 -0.7045797
vn -0.1557395 0.9748708 -0.1592864
vn -0.7686694 0.0952931 0.6325082
vn -0.7617189 -0.0007608 0.6479073
vn -0.7504434 -0.0883633 0.6550012
vn 0.1808474 -0.9818425 0.0572672
vn 0.7681040 -0.0848749 -0.6346752
vn 0.7577276 -0.0000716 -0.6525710
vn 0.7385127 0.0950220 -0.6675101
vn -0.1068283 0.9786680 -0.1754899
vn -0.7947446 0.0981801 0.5989505
vn -0.7890228 0.0000565 0.6143639
vn -0.7778797 -0.0844886 0.6227077
vn 0.1575751 -0.9803051 0.1190464
vn 0.7982743 -0.0823689 -0.5966352
vn 0.7879536 0.0000436 -0.6157347
vn 0.7695238 0.0963223 -0.6313122
vn -0.1663441 0.9706367 -0.1737642
vn -0.8241464 0.0973103 0.5579546
vn -0.8184017 -0.0008661 0.5746458
vn -0.8084942 -0.0835915 0.5825372
vn 0.1822359 -0.9809809 0.0668324
vn 0.8229148 -0.0798629 -0.5625239
vn 0.8138413 -0.0000445 -0.5810872
vn 0.7947507 0.0973710 -0.5990745
vn -0.2286487 0.9568773 -0.1791801
vn -0.8518482 0.0955555 0.5149988
vn -0.8461459 -0.0018618 0.5329481
vn -0.8376876 -0.0830519 0.5397980
vn 0.2072252 -0.9782265 0.0114249
vn 0.8460956 -0.0777312 -0.5273331
vn 0.8381875 -0.0002544 -0.5453822
vn 0.8185882 0.0975389 -0.5660385
vn -0.1813693 0.9644319 -0.1922921
vn -0.8732433 0.0963708 0.4776597
vn -0.8687580 -0.0009887 0.4952359
vn -0.8606010 -0.0798218 0.5029854
vn 0.1708595 -0.9818611 0.0821938
vn 0.8718219 -0.0758353 -0.4839170
vn 0.8639444 -0.0001504 -0.5035871
vn 0.8457763 0.0966934 -0.5247026
vn -0.0333510 0.9810851 -0.1906822
vn -0.8894593 0.0995019 0.4460511
vn -0.8871310 0.0015437 0.4615151
vn -0.8781975 -0.0743301 0.4724872
vn 0.0642172 -0.9623443 0.2641394
vn 0.8987895 -0.0739589 -0.4320966
vn 0.8902567 0.0004472 -0.4554590
vn 0.8749574 0.0952962 -0.4747296
vn 0.1090975 0.9774036 -0.1810525
vn -0.9055125 0.1016780 0.4119571
vn -0.9049710 0.0037666 0.4254566
vn -0.8954292 -0.0696518 0.4397217
vn -0.0601756 -0.9099139 0.4104091
vn 0.9221474 -0.0726947 -0.3799469
vn 0.9136038 0.0009338 -0.4066045
vn 0.9007646 0.0932901 -0.4241699
vn 0.1179465 0.9748563 -0.1890603
vn -0.9251293 0.0991201 0.3664846
vn -0.9247530 0.0036140 0.3805507
vn -0.9156639 -0.0689174 0.3959925
vn -0.0992643 -0.9055699 0.4124194
vn 0.9389225 -0.0723810 -0.3364307
vn 0.9317871 0.0007725 -0.3630045
vn 0.9199591 0.0908541 -0.3813408
vn -0.0533913 0.9750871 -0.2153010
vn -0.9462316 0.0915246 0.3102725
vn -0.9449867 0.0009523 0.3271074
vn -0.9372474 -0.0725848 0.3410260
vn 0.0211622 -0.9615270 0.2738940
vn 0.9508849 -0.0722804 -0.3009874
vn 0.9459202 0.0002641 -0.3243993
vn 0.9339590 0.0886653 -0.3462067
vn -0.2167016 0.9450408 -0.2448231
vn -0.9632926 0.0845173 0.2548021
vn -0.9618667 -0.0014286 0.2735150
vn -0.9554291 -0.0764921 0.2851389
vn 0.1555329 -0.9773450 0.1435490
vn 0.9621314 -0.0723448 -0.2628106
vn 0.9588337 -0.0001865 -0.2839682
vn 0.9470538 0.0861945 -0.3092888
vn -0.2021395 0.9440155 -0.2607188
vn -0.9746695 0.0820465 0.2080570
vn -0.9740615 -0.0013949 0.2262791
vn -0.9682323 -0.0769079 0.2379315
vn 0.1318287 -0.9781576 0.1607137
vn 0.9740083 -0.0728448 -0.2144795
vn 0.9716385 -0.0002937 -0.2364709
vn 0.9613491 0.0832134 -0.2624565
vn -0.0923234 0.9641277 -0.2488657
vn -0.9826853 0.0820271 0.1661360
vn -0.9831945 -0.0000403 0.1825611
vn -0.9776589 -0.0755221 0.1961621
vn 0.0227728 -0.9688908 0.2464385
vn 0.9844226 -0.0736026 -0.1596711
vn 0.9828838 -0.0000298 -0.1842268
vn 0.9745828 0.0805222 -0.2090564
vn -0.0526259 0.9672160 -0.2484428
vn -0.9896232 0.0804340 0.1190641
vn -0.9908715 0.0002823 0.1348094
vn -0.9858136 -0.0762020 0.1495485
vn -0.0198991 -0.9623271 0.2711653
vn 0.9913181 -0.0748609 -0.1080934
vn 0.9909900 0.0000204 -0.1339357
vn 0.9841963 0.0781531 -0.1589019
vn -0.1515385 0.9406323 -0.3037220
vn -0.9951628 0.0757591 0.0625422
vn -0.9968197 -0.0014272 0.0796774
vn -0.9923788 -0.0806841 0.0931365
vn 0.0684467 -0.9764302 0.2046928
vn 0.9949750 -0.0767510 -0.0642965
vn 0.9960430 -0.0005307 -0.0888708
vn 0.9902638 0.0757432 -0.1167925
vn -0.2367466 0.8974105 -0.3722976
vn -0.9974369 0.0713782 0.0049719
vn -0.9997248 -0.0033128 0.0232255
vn -0.9957050 -0.0858985 0.0345395
vn 0.1550469 -0.9782375 0.1378838
vn 0.9966465 -0.0791100 -0.0209124
vn 0.9990202 -0.0013044 -0.0442373
vn 0.9944372 0.0731880 -0.0757513
vn -0.1732670 0.9109229 -0.3744301
vn -0.9965624 0.0711365 -0.0424625
vn -0.9996639 -0.0029001 -0.0257625
vn -0.9960712 -0.0874608 -0.0138858
vn 0.1024721 -0.9807996 0.1659263
vn 0.9961604 -0.0813217 0.0324214
vn 0.9999714 -0.0013469 0.0074390
vn 0.9971470 0.0714594 -0.0243186
vn 0.0087040 0.9639865 -0.2658086
vn -0.9940584 0.0748581 -0.0790198
vn -0.9977913 -0.0001367 -0.0664273
vn -0.9950605 -0.0852852 -0.0508048
vn -0.0637130 -0.9616029 0.2669467
vn 0.9918864 -0.0829009 0.0963782
vn 0.9977613 -0.0002905 0.0668756
vn 0.9966952 0.0714155 0.0387114
vn 0.1899381 0.9751630 -0.1139331
vn -0.9901907 0.0792756 -0.1150556
vn -0.9943223 0.0028803 -0.1063716
vn -0.9927819 -0.0828101 -0.0867557
vn -0.2286896 -0.9120500 0.3403906
vn 0.9833532 -0.0846696 0.1607719
vn 0.9919223 0.0008860 0.1268441
vn 0.9920786 0.0721145 0.1028574
vn 0.2583070 0.9642962 -0.0583980
vn -0.9834399 0.0806749 -0.1622882
vn -0.9880618 0.0037821 -0.1540119
vn -0.9876059 -0.0837717 -0.1327289
vn -0.2886610 -0.8962674 0.3367189
vn 0.9728543 -0.0875403 0.2142224
vn 0.9837499 0.0010285 0.1795415
vn 0.9849336 0.0722699 0.1571080
vn 0.1950891 0.9716299 -0.1336992
vn -0.9720812 0.0782440 -0.2212150
vn -0.9776774 0.0020563 -0.2101018
vn -0.9778060 -0.0890898 -0.1896271
vn -0.2139626 -0.9331746 0.2887995
vn 0.9623855 -0.0907603 0.2560794
vn 0.9744608 0.0002580 0.2245575
vn 0.9770447 0.0720032 0.2004976
vn 0.1091645 0.9677117 -0.2271941
vn -0.9571407 0.0758547 -0.2795134
vn -0.9638837 0.0000342 -0.2663235
vn -0.9643437 -0.0948124 -0.2470865
vn -0.1097739 -0.9621086 0.2495929
vn 0.9502011 -0.0932451 0.2973605
vn 0.9631261 -0.0004024 0.2690502
vn 0.9673988 0.0721750 0.2427557
vn 0.1337588 0.9691448 -0.2070433
vn -0.9416105 0.0773024 -0.3277104
vn -0.9490216 0.0001696 -0.3152111
vn -0.9504776 -0.0963524 -0.2954801
vn -0.1217140 -0.9618519 0.2450033
vn 0.9332050 -0.0949194 0.3465814
vn 0.9478429 -0.0003187 0.3187378
vn 0.9534132 0.0732883 0.2926295
vn 0.2202602 0.9696993 -0.1056821
vn -0.9255921 0.0814753 -0.3696498
vn -0.9333532 0.0018271 -0.3589546
vn -0.9364952 -0.0946929 -0.3376536
vn -0.2127211 -0.9446004 0.2499596
vn 0.9114461 -0.0959602 0.4000720
vn 0.9285955 0.0001877 0.3710935
vn 0.9348937 0.0751392 0.3468830
vn 0.2488766 0.9657075 -0.0739555
vn -0.9053227 0.0840199 -0.4163309
vn -0.9140730 0.0022548 -0.4055435
vn -0.9185153 -0.0945809 -0.3839064
vn -0.2373468 -0.9411205 0.2407461
vn 0.8890492 -0.0965187 0.4475217
vn 0.9079779 0.0002257 0.4190180
vn 0.9153159 0.0769950 0.3953083
vn 0.1607456 0.9642078 -0.2108653
vn -0.8773865 0.0819923 -0.4727264
vn -0.8883397 -0.0003818 -0.4591866
vn -0.8926136 -0.0991825 -0.4397770
vn -0.0954978 -0.9677425 0.2331407
vn 0.8697618 -0.0962360 0.4839970
vn 0.8883886 -0.0005250 0.4590919
vn 0.8981554 0.0786765 0.4325817
vn 0.0622632 0.9206157 -0.3854737
vn -0.8445849 0.0788517 -0.5295836
vn -0.8578555 -0.0040264 -0.5138752
vn -0.8606366 -0.1048225 -0.4983140
vn 0.0908957 -0.9698089 0.2262933
vn 0.8506377 -0.0954312 0.5170187
vn 0.8682751 -0.0016395 0.4960803
vn 0.8815992 0.0801077 0.4651512
vn 0.0836650 0.9107265 -0.4044471
vn -0.8143167 0.0804475 -0.5748187
vn -0.8285628 -0.0048180 -0.5598754
vn -0.8308897 -0.1046951 -0.5464990
vn 0.1143115 -0.9695288 0.2166720
vn 0.8247666 -0.0942345 0.5575660
vn 0.8430597 -0.0021223 0.5378158
vn 0.8590304 0.0817614 0.5053532
vn 0.1616670 0.9496624 -0.2683377
vn -0.7896485 0.0873495 -0.6073098
vn -0.8032556 -0.0021662 -0.5956305
vn -0.8076050 -0.0983821 -0.5814595
vn -0.0208002 -0.9758667 0.2173740
vn 0.7893054 -0.0914851 0.6071470
vn 0.8104988 -0.0011544 0.5857391
vn 0.8270245 0.0848419 0.5557268
vn 0.2174494 0.9715452 -0.0938923
vn -0.7658654 0.0956251 -0.6358506
vn -0.7784248 0.0014396 -0.6277362
vn -0.7858724 -0.0904109 -0.6117438
vn -0.1992776 -0.9562206 0.2143144
vn 0.7484446 -0.0875743 0.6573898
vn 0.7734774 0.0004794 0.6338237
vn 0.7895998 0.0886572 0.6071837
vn 0.2375690 0.9711095 -0.0225238
vn -0.7351378 0.1004084 -0.6704406
vn -0.7481326 0.0030082 -0.6635425
vn -0.7576972 -0.0854592 -0.6469866
vn -0.2854452 -0.9372810 0.2000635
vn 0.7102228 -0.0842199 0.6989210
vn 0.7374892 0.0012488 0.6753577
vn 0.7543483 0.0914797 0.6500693
vn 0.2356427 0.9684746 -0.0808045
vn -0.6951163 0.1001446 -0.7118879
vn -0.7104231 0.0017739 -0.7037726
vn -0.7202873 -0.0847165 -0.6884833
vn -0.2418604 -0.9497011 0.1989254
vn 0.6776325 -0.0819614 0.7308191
vn 0.7046265 0.0007822 0.7095779
vn 0.7242195 0.0928761 0.6832862
vn 0.2329802 0.9604904 -0.1522448
vn -0.6527198 0.0988301 -0.7511254
vn -0.6703413 0.0002863 -0.7420529
vn -0.6798911 -0.0844459 -0.7284346
vn -0.1827261 -0.9613320 0.2060389
vn 0.6441233 -0.0798018 0.7607476
vn 0.6707429 0.0001886 0.7416899
vn 0.6934933 0.0936384 0.7143521
vn 0.2439083 0.9631608 -0.1132694
vn -0.6157676 0.1009313 -0.7814366
vn -0.6340162 0.0012767 -0.7733187
vn -0.6449467 -0.0805412 -0.7599716
vn -0.2499109 -0.9508521 0.1828244
vn 0.6022425 -0.0767187 0.7946183
vn 0.6307343 0.0006749 0.7759986
vn 0.6547247 0.0946066 0.7499235
vn 0.2564085 0.9665117 0.0104783
vn -0.5828087 0.1055013 -0.8057317
vn -0.6004570 0.0041132 -0.7996465
vn -0.6145421 -0.0740256 -0.7854032
vn -0.4091047 -0.9055748 0.1121058
vn 0.5535009 -0.0731126 0.8296332
vn 0.5855026 0.0020162 0.8106680
vn 0.6089931 0.0955388 0.7874006
vn 0.2687516 0.9595823 0.0835128
vn -0.5443694 0.1071723 -0.8319712
vn -0.5624224 0.0055572 -0.8268314
vn -0.5791751 -0.0697650 -0.8122125
vn -0.4977542 -0.8663997 0.0399041
vn 0.5076356 -0.0708143 0.8586567
vn 0.5416556 0.0026315 0.8405964
vn 0.5655101 0.0951141 0.8192385
vn 0.2809653 0.9592984 -0.0283728
vn -0.4930848 0.1010241 -0.8640958
vn -0.5141355 0.0029221 -0.8577040
vn -0.5309177 -0.0718920 -0.8443683
vn -0.4030041 -0.9118732 0.0779422
vn 0.4725217 -0.0706510 0.8784826
vn 0.5045175 0.0014976 0.8634002
vn 0.5319388 0.0929050 0.8416708
vn 0.2885245 0.9164309 -0.2773228
vn -0.4344955 0.0900797 -0.8961581
vn -0.4591932 -0.0022287 -0.8883336
vn -0.4727955 -0.0786375 -0.8776563
vn -0.1597081 -0.9592312 0.2331711
vn 0.4428088 -0.0715005 0.8937606
vn 0.4712497 -0.0007157 0.8819996
vn 0.5050713 0.0892489 0.8584507
vn 0.3182935 0.8680739 -0.3809685
vn -0.3826485 0.0835763 -0.9201061
vn -0.4086911 -0.0048711 -0.9126598
vn -0.4194029 -0.0822294 -0.9040683
vn -0.0559691 -0.9558210 0.2885718
vn 0.4048024 -0.0718715 0.9115753
vn 0.4328542 -0.0022657 0.9014611
vn 0.4716153 0.0848293 0.8777146
vn 0.3460920 0.8897737 -0.2975284
vn -0.3430356 0.0839656 -0.9355620
vn -0.3675151 -0.0032700 -0.9300118
vn -0.3791753 -0.0795940 -0.9218953
vn -0.1644433 -0.9627467 0.2146560
vn 0.3531959 -0.0703893 0.9328976
vn 0.3848367 -0.0017075 0.9229831
vn 0.4242915 0.0819292 0.9018117
vn 0.3376822 0.9298998 -0.1457981
vn -0.3085875 0.0868686 -0.9472210
vn -0.3301266 0.0000248 -0.9439366
vn -0.3450493 -0.0747130 -0.9356062
vn -0.3382357 -0.9363989 0.0935611
vn 0.2949961 -0.0678890 0.9530836
vn 0.3317868 0.0001463 0.9433544
vn 0.3698168 0.0806364 0.9255989
vn 0.3314873 0.9409281 -0.0690691
vn -0.2676617 0.0867458 -0.9596001
vn -0.2877076 0.0014757 -0.9577172
vn -0.3049685 -0.0728907 -0.9495689
vn -0.4149202 -0.9095238 0.0246507
vn 0.2420691 -0.0670138 0.9679420
vn 0.2820222 0.0010234 0.9594073
vn 0.3199985 0.0786148 0.9441508
vn 0.3665049 0.9235608 -0.1127371
vn -0.2168996 0.0821566 -0.9727306
vn -0.2377187 0.0000419 -0.9713340
vn -0.2549933 -0.0757871 -0.9639682
vn -0.3775717 -0.9248475 0.0457904
vn 0.1981587 -0.0686379 0.9777637
vn 0.2383496 0.0000499 0.9711794
vn 0.2788789 0.0747503 0.9574126
vn 0.4055091 0.9012052 -0.1529433
vn -0.1660195 0.0778725 -0.9830429
vn -0.1872864 -0.0014391 -0.9823043
vn -0.2040996 -0.0792528 -0.9757368
vn -0.3399973 -0.9377776 0.0705330
vn 0.1538879 -0.0705999 0.9855629
vn 0.1945283 -0.0010546 0.9808963
vn 0.2376999 0.0708232 0.9687532
vn 0.3828802 0.9216498 -0.0629626
vn -0.1252314 0.0788361 -0.9889904
vn -0.1443835 0.0002623 -0.9895218
vn -0.1633732 -0.0781982 -0.9834603
vn -0.4061897 -0.9137773 -0.0045891
vn 0.0992330 -0.0704969 0.9925639
vn 0.1432917 -0.0000638 0.9896805
vn 0.1856643 0.0696862 0.9801391
vn 0.2800917 0.9508298 0.1321790
vn -0.0921775 0.0841253 -0.9921826
vn -0.1076110 0.0046595 -0.9941822
vn -0.1312667 -0.0731968 -0.9886411
vn -0.5196099 -0.8390962 -0.1610064
vn 0.0364521 -0.0688553 0.9969605
vn 0.0859715 0.0027747 0.9962937
vn 0.1243863 0.0713768 0.9896633
vn 0.1884073 0.9376961 0.2919396
vn -0.0539957 0.0880455 -0.9946519
vn -0.0676527 0.0080240 -0.9976767
vn -0.0955489 -0.0697112 -0.9929807
vn -0.5646975 -0.7712586 -0.2937291
vn -0.0218198 -0.0690575 0.9973740
vn 0.0314147 0.0047080 0.9994953
vn 0.0663701 0.0726293 0.9951482
vn 0.2143999 0.9305541 0.2968194
vn -0.0001906 0.0851038 -0.9963721
vn -0.0167867 0.0068756 -0.9998355
vn -0.0464189 -0.0730529 -0.9962472
vn -0.5258450 -0.7943633 -0.3040955
vn -0.0652507 -0.0733267 0.9951711
vn -0.0133912 0.0035416 0.9999041
vn 0.0217687 0.0708395 0.9972502
vn 0.3577075 0.9269498 0.1131787
vn 0.0643622 0.0763954 -0.9949981
vn 0.0425939 0.0017487 -0.9990909
vn 0.0137015 -0.0831187 -0.9964455
vn -0.4404120 -0.8857975 -0.1462879
vn -0.0982261 -0.0794531 0.9919873
vn -0.0511319 0.0002306 0.9986919
vn -0.0118569 0.0668316 0.9976938
vn 0.4661906 0.8840110 -0.0345096
vn 0.1231717 0.0704477 -0.9898817
vn 0.0990877 -0.0022593 -0.9950761
vn 0.0711629 -0.0919994 -0.9932129
vn -0.3767464 -0.9263062 -0.0043492
vn -0.1364508 -0.0839363 0.9870845
vn -0.0918016 -0.0022029 0.9957749
vn -0.0482735 0.0636014 0.9968072
vn 0.4530815 0.8912075 0.0215943
vn 0.1689819 0.0718900 -0.9829939
vn 0.1460221 -0.0018131 -0.9892797
vn 0.1168916 -0.0936302 -0.9887213
vn -0.3882478 -0.9206688 -0.0404045
vn -0.1872512 -0.0855067 0.9785835
vn -0.1408216 -0.0019859 0.9900330
vn -0.0966006 0.0636004 0.9932891
vn 0.3667593 0.9178786 0.1516131
vn 0.2091273 0.0770402 -0.9748490
vn 0.1881583 0.0009505 -0.9821383
vn 0.1566347 -0.0913367 -0.9834242
vn -0.4228175 -0.8937510 -0.1497812
vn -0.2435827 -0.0853774 0.9661150
vn -0.1937948 -0.0003265 0.9810420
vn -0.1509780 0.0659246 0.9863364
vn 0.3348581 0.9199719 0.2037687
vn 0.2552356 0.0795300 -0.9636025
vn 0.2342333 0.0018213 -0.9721787
vn 0.2014682 -0.0917191 -0.9751914
vn -0.4276146 -0.8841574 -0.1881793
vn -0.2939398 -0.0861751 0.9519313
vn -0.2429084 0.0000793 0.9700492
vn -0.2000851 0.0673501 0.9774610
vn 0.4115181 0.8985709 0.1523917
vn 0.3099864 0.0772644 -0.9475962
vn 0.2869334 -0.0007351 -0.9579502
vn 0.2550433 -0.0971126 -0.9620406
vn -0.4051239 -0.9070854 -0.1143271
vn -0.3352920 -0.0885396 0.9379446
vn -0.2860128 -0.0016658 0.9582243
vn -0.2403120 0.0664431 0.9684191
vn 0.4808599 0.8691583 0.1154891
vn 0.3634637 0.0755739 -0.9285380
vn 0.3394449 -0.0033516 -0.9406200
vn 0.3092163 -0.1020456 -0.9455009
vn -0.3848656 -0.9218125 -0.0462619
vn -0.3768305 -0.0900775 0.9218920
vn -0.3292176 -0.0033710 0.9442481
vn -0.2801760 0.0654514 0.9577147
vn 0.4267276 0.8861395 0.1807218
vn 0.4065209 0.0802654 -0.9101089
vn 0.3842002 -0.0018835 -0.9232479
vn 0.3540163 -0.0997971 -0.9298994
vn -0.3949556 -0.9123983 -0.1074218
vn -0.4275496 -0.0880262 0.8996959
vn -0.3790414 -0.0022714 0.9253769
vn -0.3298816 0.0679803 0.9415715
vn 0.2601377 0.9193438 0.2951871
vn 0.4415588 0.0904739 -0.8926591
vn 0.4222567 0.0033690 -0.9064700
vn 0.3902673 -0.0909845 -0.9161950
vn -0.4155193 -0.8673006 -0.2741048
vn -0.4852258 -0.0825512 0.8704833
vn -0.4341918 0.0015211 0.9008191
vn -0.3880560 0.0742251 0.9186420
vn 0.1075453 0.9171605 0.3837324
vn 0.4792315 0.0999272 -0.8719815
vn 0.4613570 0.0082306 -0.8871764
vn 0.4275548 -0.0819621 -0.9002661
vn -0.4029330 -0.8061896 -0.4332474
vn -0.5395996 -0.0773236 0.8383635
vn -0.4873593 0.0049097 0.8731877
vn -0.4442870 0.0803182 0.8922769
vn 0.0794562 0.9040294 0.4200209
vn 0.5276122 0.1025359 -0.8432744
vn 0.5076830 0.0087648 -0.8614994
vn 0.4735674 -0.0786181 -0.8772417
vn -0.3688122 -0.7912685 -0.4877209
vn -0.5829764 -0.0755602 0.8089680
vn -0.5331112 0.0051726 0.8460294
vn -0.4907066 0.0829134 0.8673710
vn 0.1801578 0.9004194 0.3959648
vn 0.5832031 0.0983586 -0.8063496
vn 0.5595874 0.0051548 -0.8287553
vn 0.5268227 -0.0812120 -0.8460866
vn -0.3632036 -0.8339711 -0.4154218
vn -0.6179075 -0.0760958 0.7825598
vn -0.5730514 0.0029075 0.8195142
vn -0.5289090 0.0826739 0.8446421
vn 0.2831586 0.8895813 0.3584220
vn 0.6349613 0.0945704 -0.7667337
vn 0.6094742 0.0018877 -0.7928037
vn 0.5787546 -0.0835134 -0.8112143
vn -0.3768583 -0.8664137 -0.3275746
vn -0.6539204 -0.0754482 0.7527919
vn -0.6133039 0.0010738 0.7898463
vn -0.5675057 0.0825688 0.8192189
vn 0.2668629 0.8866612 0.3776454
vn 0.6781140 0.0963074 -0.7286194
vn 0.6530745 0.0022154 -0.7572904
vn 0.6237606 -0.0804651 -0.7774626
vn -0.3567642 -0.8589177 -0.3673959
vn -0.6954149 -0.0723029 0.7149618
vn -0.6569011 0.0014368 0.7539754
vn -0.6118234 0.0841970 0.7865005
vn 0.1803577 0.8867436 0.4256253
vn 0.7169990 0.1006532 -0.6897691
vn 0.6932072 0.0043965 -0.7207249
vn 0.6646550 -0.0746222 -0.7434146
vn -0.2937958 -0.8258373 -0.4813280
vn -0.7381210 -0.0683055 0.6712017
vn -0.7010572 0.0029014 0.7130991
vn -0.6582084 0.0864102 0.7478603
vn 0.1520865 0.8804871 0.4490125
vn 0.7574586 0.1013033 -0.6449761
vn 0.7344060 0.0046710 -0.6786943
vn 0.7068966 -0.0716964 -0.7036739
vn -0.2492186 -0.8125477 -0.5269310
vn -0.7761497 -0.0660356 0.6270813
vn -0.7416999 0.0031716 0.6707244
vn -0.7005471 0.0870156 0.7082811
vn 0.2483455 0.8693224 0.4273209
vn 0.7996353 0.0959522 -0.5927702
vn 0.7771137 0.0018216 -0.6293577
vn 0.7515774 -0.0738579 -0.6554971
vn -0.2960357 -0.8450937 -0.4451735
vn -0.8087326 -0.0657506 0.5844899
vn -0.7781734 0.0016168 0.6280475
vn -0.7375267 0.0855099 0.6698823
vn 0.3490714 0.8457483 0.4035578
vn 0.8379491 0.0903130 -0.5382239
vn 0.8170116 -0.0009335 -0.5766205
vn 0.7941240 -0.0765542 -0.6029151
vn -0.3582305 -0.8642390 -0.3532165
vn -0.8402219 -0.0652693 0.5383002
vn -0.8131684 0.0000294 0.5820284
vn -0.7735023 0.0831157 0.6283199
vn 0.3031565 0.8485307 0.4336956
vn 0.8690227 0.0902641 -0.4864688
vn 0.8508187 -0.0001520 -0.5254593
vn 0.8300988 -0.0741764 -0.5526606
vn -0.3046378 -0.8564731 -0.4167129
vn -0.8732459 -0.0628544 0.4832090
vn -0.8485047 0.0004891 0.5291877
vn -0.8121778 0.0816980 0.5776614
vn 0.1205302 0.8665912 0.4842439
vn 0.8946851 0.0946123 -0.4365629
vn 0.8796483 0.0035556 -0.4756115
vn 0.8603109 -0.0673957 -0.5052950
vn -0.1207044 -0.8042880 -0.5818516
vn -0.9054631 -0.0592002 0.4202759
vn -0.8826901 0.0028438 0.4699469
vn -0.8514517 0.0817566 0.5180211
vn -0.1058008 0.8508672 0.5146176
vn 0.9183166 0.0986666 -0.3833529
vn 0.9061054 0.0071954 -0.4229909
vn 0.8880102 -0.0605462 -0.4558201
vn 0.1186175 -0.7101479 -0.6939883
vn -0.9330559 -0.0571259 0.3551666
vn -0.9129452 0.0049112 0.4080527
vn -0.8870038 0.0814330 0.4545250
vn -0.3140876 0.7917324 0.5239359
vn 0.9409367 0.0998044 -0.3235385
vn 0.9309570 0.0089887 -0.3650182
vn 0.9145346 -0.0561356 -0.4005935
vn 0.3442795 -0.6197075 -0.7052902
vn -0.9546317 -0.0585267 0.2919811
vn -0.9381043 0.0051553 0.3463146
vn -0.9170286 0.0791645 0.3908856
vn -0.6722925 0.5715141 0.4705257
vn 0.9587630 0.1070177 -0.2632885
vn 0.9513718 0.0122817 -0.3078002
vn 0.9380223 -0.0485324 -0.3431599
vn 0.6855814 -0.4148507 -0.5982283
vn -0.9714567 -0.0646597 0.2282347
vn -0.9587053 0.0041340 0.2843714
vn -0.9432878 0.0730965 0.3238288
vn -0.9180220 0.2254552 0.3261986
vn 0.9641332 0.1768312 -0.1979342
vn 0.9646880 0.0244770 -0.2622556
vn 0.9550982 -0.0334773 -0.2943920
vn 0.9098557 -0.1539822 -0.3852949
vn -0.9829080 -0.1112431 0.1466864
vn -0.9718447 -0.0025483 0.2356086
vn -0.9618471 0.0560570 0.2677829
vn -0.2585516 0.1631709 0.9521168
vn -0.2036573 0.0007268 0.9790420
vn -0.1701019 -0.1306618 0.9767256
vn 0.2184551 -0.1396236 -0.9658067
vn 0.1881472 -0.0056470 -0.9821246
vn 0.1291375 0.1527871 -0.9797855
vn -0.3625207 0.4130649 0.8354377
vn -0.2263330 0.0274309 0.9736637
vn -0.1983752 -0.0712858 0.9775304
vn 0.2599013 -0.3611157 -0.8955706
vn 0.2068755 -0.0321166 -0.9778400
vn 0.1702499 0.0720725 -0.9827617
vn -0.4267433 0.7308803 0.5326388
vn -0.2422219 0.0396188 0.9694116
vn -0.2135922 -0.0531196 0.9754777
vn 0.3245333 -0.7285250 -0.6032657
vn 0.2298217 -0.0404846 -0.9723903
vn 0.1979941 0.0531811 -0.9787595
vn -0.4097451 0.8691527 0.2769160
vn -0.2573654 0.0434243 0.9653380
vn -0.2281116 -0.0463259 0.9725323
vn 0.3281920 -0.9394837 -0.0982868
vn 0.2523638 -0.0420677 -0.9667175
vn 0.2216782 0.0463410 -0.9740181
vn -0.3610159 0.9295483 0.0748824
vn -0.2728955 0.0442746 0.9610244
vn -0.2439007 -0.0439089 0.9688057
vn 0.2776423 -0.9322304 0.2320800
vn 0.2731507 -0.0429826 -0.9610105
vn 0.2431963 0.0432609 -0.9690119
vn -0.4853886 0.7433494 0.4602495
vn -0.2970185 0.0374483 0.9541371
vn -0.2669053 -0.0527722 0.9622768
vn 0.3309620 -0.9209695 -0.2056196
vn 0.2847346 -0.0423589 -0.9576701
vn 0.2531791 0.0447103 -0.9663857
vn -0.4543738 0.8451662 0.2814935
vn -0.3138533 0.0392334 0.9486606
vn -0.2848563 -0.0538122 0.9570586
vn 0.3240247 -0.9320176 -0.1623306
vn 0.3040375 -0.0454470 -0.9515754
vn 0.2731171 0.0452296 -0.9609169
vn -0.1453197 0.9162486 -0.3733239
vn -0.3230980 0.0490688 0.9450926
vn -0.2948912 -0.0474301 0.9543530
vn 0.2614588 -0.9207627 0.2895433
vn 0.3323896 -0.0507730 -0.9417745
vn 0.3008390 0.0456970 -0.9525795
vn -0.1276951 0.9091534 -0.3964015
vn -0.3419408 0.0512365 0.9383237
vn -0.3139345 -0.0491750 0.9481703
vn 0.2900452 -0.9453964 0.1486587
vn 0.3495730 -0.0526272 -0.9354299
vn 0.3178754 0.0486974 -0.9468811
vn -0.3204700 0.9439932 -0.0785863
vn -0.3663393 0.0475591 0.9292651
vn -0.3387554 -0.0545216 0.9392934
vn 0.3496677 -0.8951951 -0.2763300
vn 0.3603715 -0.0503947 -0.9314466
vn 0.3286534 0.0527989 -0.9429736
vn -0.4374486 0.8885590 0.1382088
vn -0.3882834 0.0447771 0.9204515
vn -0.3620022 -0.0555480 0.9305207
vn 0.3491979 -0.8328574 -0.4294291
vn 0.3735253 -0.0477025 -0.9263926
vn 0.3419367 0.0535561 -0.9381956
vn -0.2182384 0.9530617 -0.2098699
vn -0.3962088 0.0528731 0.9166368
vn -0.3695048 -0.0440176 0.9281857
vn 0.2690125 -0.9422539 0.1994739
vn 0.4022156 -0.0465927 -0.9143586
vn 0.3722783 0.0491417 -0.9268193
vn -0.2165250 0.9537563 -0.2084847
vn -0.4131066 0.0523269 0.9091781
vn -0.3855485 -0.0406550 0.9217915
vn 0.2031165 -0.8809344 0.4274321
vn 0.4229346 -0.0444911 -0.9050673
vn 0.3929541 0.0459894 -0.9184073
vn -0.4675183 0.8643063 0.1854759
vn -0.4377377 0.0424687 0.8980992
vn -0.4113668 -0.0466928 0.9102731
vn 0.3039565 -0.9525854 0.0138393
vn 0.4312471 -0.0423160 -0.9012410
vn 0.4025466 0.0448145 -0.9143019
vn -0.5053965 0.8351799 0.2169075
vn -0.4568170 0.0401140 0.8886558
vn -0.4303596 -0.0488321 0.9013357
vn 0.2909209 -0.9562415 0.0311010
vn 0.4476669 -0.0428656 -0.8931724
vn 0.4188556 0.0433497 -0.9070175
vn -0.2150895 0.9558163 -0.2003791
vn -0.4667165 0.0455913 0.8832311
vn -0.4418070 -0.0448861 0.8959865
vn 0.1813465 -0.9078706 0.3780006
vn 0.4730318 -0.0458126 -0.8798535
vn 0.4455797 0.0429735 -0.8942102
vn 0.1255995 0.8251350 -0.5507966
vn -0.4767060 0.0530281 0.8774619
vn -0.4530682 -0.0413288 0.8905173
vn 0.0677434 -0.7926609 0.6058873
vn 0.4984063 -0.0505624 -0.8654679
vn 0.4704703 0.0436341 -0.8813363
vn -0.2296988 0.9535829 -0.1947260
vn -0.5051051 0.0463480 0.8618125
vn -0.4808807 -0.0531663 0.8751726
vn 0.2958202 -0.9550867 0.0173136
vn 0.5038881 -0.0508246 -0.8622724
vn 0.4767663 0.0486058 -0.8776852
vn -0.2722335 0.9539936 -0.1256387
vn -0.5241401 0.0474191 0.8503109
vn -0.5012696 -0.0552363 0.8635264
vn 0.3399014 -0.9289345 -0.1467918
vn 0.5191984 -0.0512738 -0.8531143
vn 0.4927842 0.0518758 -0.8686039
vn -0.0750885 0.9437218 -0.3221039
vn -0.5363692 0.0537241 0.8422718
vn -0.5145616 -0.0490262 0.8560507
vn 0.2730275 -0.9588238 0.0781848
vn 0.5414678 -0.0516107 -0.8391358
vn 0.5158616 0.0518995 -0.8550984
vn 0.0604269 0.8991199 -0.4335112
vn -0.5493852 0.0586192 0.8335105
vn -0.5277211 -0.0422031 0.8483686
vn 0.0985546 -0.8938979 0.4373025
vn 0.5632132 -0.0505066 -0.8247666
vn 0.5384706 0.0492519 -0.8412037
vn -0.2677128 0.9571888 -0.1100881
vn -0.5732729 0.0504927 0.8178072
vn -0.5510846 -0.0453030 0.8332187
vn 0.2476039 -0.9584915 0.1413733
vn 0.5742300 -0.0458447 -0.8174094
vn 0.5498943 0.0489756 -0.8337971
vn -0.4809610 0.8640712 0.1485175
vn -0.5932970 0.0432113 0.8038230
vn -0.5727643 -0.0480689 0.8183095
vn 0.3334788 -0.9377494 -0.0970465
vn 0.5857477 -0.0425896 -0.8093737
vn 0.5630090 0.0476102 -0.8250783
vn -0.1659944 0.9659737 -0.1983447
vn -0.6034117 0.0481529 0.7959746
vn -0.5830934 -0.0416470 0.8113370
vn 0.0259532 -0.8800307 0.4742071
vn 0.6098608 -0.0443483 -0.7912667
vn 0.5881266 0.0432751 -0.8076103
vn 0.0968514 0.9008817 -0.4231218
vn -0.6167718 0.0503874 0.7855276
vn -0.5976858 -0.0398541 0.8007392
vn -0.1167632 -0.7727366 0.6238946
vn 0.6292497 -0.0472851 -0.7757634
vn 0.6084295 0.0413922 -0.7925277
vn 0.0772566 0.9092862 -0.4089377
vn -0.6349169 0.0491667 0.7710143
vn -0.6161151 -0.0438579 0.7864341
vn -0.0666889 -0.8488008 0.5244901
vn 0.6434842 -0.0497267 -0.7638425
vn 0.6232765 0.0427406 -0.7808327
vn -0.2318670 0.9640911 -0.1294836
vn -0.6558504 0.0452026 0.7535363
vn -0.6373170 -0.0528189 0.7687895
vn 0.2328651 -0.9687640 0.0852651
vn 0.6545593 -0.0495532 -0.7543849
vn 0.6349208 0.0479526 -0.7710876
vn 0.1357566 0.8981943 -0.4181114
vn -0.6678924 0.0526895 0.7423904
vn -0.6510424 -0.0487582 0.7574737
vn 0.0648502 -0.9492176 0.3078641
vn 0.6741936 -0.0548849 -0.7365125
vn 0.6555652 0.0479005 -0.7536178
vn 0.3811258 0.7244794 -0.5743454
vn -0.6805022 0.0609980 0.7302027
vn -0.6647403 -0.0429530 0.7458387
vn -0.1323905 -0.8437581 0.5201394
vn 0.6931881 -0.0594242 -0.7183028
vn 0.6747666 0.0464577 -0.7365676
vn 0.2355312 0.8478035 -0.4751360
vn -0.6995305 0.0589830 0.7121643
vn -0.6838046 -0.0443502 0.7283161
vn -0.0644380 -0.9087420 0.4123540
vn 0.7053671 -0.0553701 -0.7066763
vn 0.6881548 0.0483562 -0.7239507
vn 0.1414494 0.9067316 -0.3972781
vn -0.7160085 0.0572219 0.6957424
vn -0.7008289 -0.0429116 0.7120376
vn -0.0943851 -0.9024991 0.4202224
vn 0.7195714 -0.0518396 -0.6924808
vn 0.7035035 0.0473479 -0.7091128
vn 0.4980639 0.6135691 -0.6127522
vn -0.7286805 0.0661048 0.6816560
vn -0.7158994 -0.0333212 0.6974079
vn -0.5211416 -0.5098450 0.6844483
vn 0.7352107 -0.0576086 -0.6753862
vn 0.7216823 0.0371073 -0.6912291
vn 0.7128615 0.1661416 -0.6813409
vn -0.7342784 0.1539512 0.6611613
vn -0.7280030 -0.0013693 0.6855726
vn -0.6994972 -0.1271566 0.7032317
vn 0.7541079 -0.1174834 -0.6461571
vn 0.7386066 0.0044166 -0.6741222
vn -0.9628983 0.1402587 0.2305522
vn -0.9524826 -0.0005750 0.3045924
vn -0.9327422 -0.1208963 0.3396705
vn 0.9497217 -0.1311682 -0.2842949
vn 0.9456485 -0.0087479 -0.3250729
vn 0.9119130 0.1292560 -0.3894965
vn -0.9173100 0.3957881 0.0435217
vn -0.9591471 0.0259037 0.2817194
vn -0.9465901 -0.0632455 0.3161760
vn 0.8989604 -0.4087797 -0.1573829
vn 0.9531003 -0.0328968 -0.3008614
vn 0.9379209 0.0569554 -0.3421411
vn -0.7007627 0.6878181 -0.1893089
vn -0.9637989 0.0361507 0.2641682
vn -0.9523748 -0.0495539 0.3008764
vn 0.5519869 -0.8171653 0.1659859
vn 0.9606566 -0.0392292 -0.2749546
vn 0.9483878 0.0444172 -0.3139869
vn -0.2182332 0.8992460 -0.3791186
vn -0.9674223 0.0425203 0.2495720
vn -0.9569767 -0.0427309 0.2870011
vn -0.0674389 -0.8853975 0.4599165
vn 0.9678644 -0.0418548 -0.2479652
vn 0.9570458 0.0410064 -0.2870222
vn -0.5937989 0.7499623 -0.2914780
vn -0.9737782 0.0364403 0.2245622
vn -0.9631182 -0.0522954 0.2639479
vn 0.3225649 -0.8986349 0.2973333
vn 0.9712199 -0.0428509 -0.2342984
vn 0.9602874 0.0422427 -0.2757965
vn -0.5317898 0.7816078 -0.3260196
vn -0.9783935 0.0366249 0.2034815
vn -0.9686187 -0.0560939 0.2421389
vn 0.4241941 -0.8744848 0.2352352
vn 0.9754174 -0.0456730 -0.2155804
vn 0.9652385 0.0438497 -0.2576660
vn 0.0213019 0.9101777 -0.4136699
vn -0.9808275 0.0455930 0.1894695
vn -0.9723441 -0.0506417 0.2279966
vn 0.1632872 -0.9147977 0.3694353
vn 0.9810783 -0.0491080 -0.1872797
vn 0.9718886 0.0461111 -0.2308815
vn 0.2806899 0.8774651 -0.3889322
vn -0.9835456 0.0522595 0.1729367
vn -0.9762772 -0.0465888 0.2114529
vn 0.0254677 -0.9051190 0.4243949
vn 0.9854681 -0.0503523 -0.1622259
vn 0.9772597 0.0484116 -0.2064457
vn 0.0069700 0.9114016 -0.4114591
vn -0.9879211 0.0485892 0.1471428
vn -0.9813363 -0.0501688 0.1856399
vn 0.3459062 -0.8900540 0.2969052
vn 0.9877005 -0.0486159 -0.1486079
vn 0.9799261 0.0503612 -0.1928951
vn -0.4798723 0.7875610 -0.3866139
vn -0.9921504 0.0398468 0.1185322
vn -0.9863242 -0.0558825 0.1550539
vn 0.6110166 -0.7816764 0.1250630
vn 0.9891512 -0.0458351 -0.1395676
vn 0.9817151 0.0493003 -0.1838611
vn -0.1420650 0.9037762 -0.4037401
vn -0.9930028 0.0474861 0.1081225
vn -0.9883705 -0.0440070 0.1455582
vn 0.1022816 -0.9174296 0.3845275
vn 0.9932275 -0.0429242 -0.1079662
vn 0.9875430 0.0461821 -0.1504198
vn 0.0358423 0.9219995 -0.3855285
vn -0.9944328 0.0499818 0.0927646
vn -0.9906279 -0.0382402 0.1311264
vn -0.2965484 -0.8210765 0.4877423
vn 0.9959333 -0.0406553 -0.0803993
vn 0.9914553 0.0437297 -0.1228989
vn -0.1704430 0.8976335 -0.4064520
vn -0.9966653 0.0438274 0.0688284
vn -0.9934333 -0.0421312 0.1063734
vn -0.1590285 -0.8827893 0.4420327
vn 0.9969800 -0.0410426 -0.0659265
vn 0.9933824 0.0415293 -0.1070831
vn -0.4941266 0.7597247 -0.4226786
vn -0.9985177 0.0364359 0.0404341
vn -0.9956185 -0.0510688 0.0783312
vn 0.1837968 -0.9247657 0.3332074
vn 0.9975695 -0.0430708 -0.0547725
vn 0.9944704 0.0402044 -0.0970170
vn -0.0555708 0.9153253 -0.3988627
vn -0.9987030 0.0426441 0.0278169
vn -0.9968261 -0.0474536 0.0639202
vn -0.0622606 -0.9127921 0.4036512
vn 0.9986447 -0.0452276 -0.0257521
vn 0.9968809 0.0421538 -0.0667192
vn 0.5389930 0.8128889 -0.2206767
vn -0.9983196 0.0544251 0.0198992
vn -0.9976948 -0.0402594 0.0546284
vn -0.4128813 -0.7899224 0.4533781
vn 0.9987904 -0.0482980 0.0092251
vn 0.9984139 0.0453275 -0.0333941
vn 0.2715212 0.9061762 -0.3242235
vn -0.9987064 0.0496908 -0.0107877
vn -0.9984826 -0.0492225 0.0246899
vn 0.0178101 -0.9249809 0.3795960
vn 0.9985439 -0.0506677 0.0185189
vn 0.9985819 0.0480379 -0.0229462
vn -0.0352748 0.9182960 -0.3943199
vn -0.9981861 0.0462247 -0.0385714
vn -0.9984929 -0.0547260 -0.0041279
vn 0.3641063 -0.8885969 0.2789663
vn 0.9982681 -0.0501280 0.0307879
vn 0.9986579 0.0507791 -0.0101925
vn -0.0046479 0.9261575 -0.3771083
vn -0.9971621 0.0488689 -0.0572682
vn -0.9984404 -0.0505887 -0.0236136
vn 0.2668106 -0.9141601 0.3051613
vn 0.9974169 -0.0482143 0.0532435
vn 0.9986217 0.0508016 0.0131895
vn 0.3523538 0.9028582 -0.2463611
vn -0.9960871 0.0576516 -0.0669841
vn -0.9987024 -0.0389290 -0.0328334
vn -0.3670248 -0.8421667 0.3950292
vn 0.9952008 -0.0455572 0.0866024
vn 0.9976956 0.0483399 0.0476102
vn 0.0647116 0.9372836 -0.3425083
vn -0.9943057 0.0509941 -0.0935726
vn -0.9974414 -0.0408829 -0.0586458
vn -0.2668093 -0.8845957 0.3824962
vn 0.9938582 -0.0431293 0.1019104
vn 0.9969170 0.0459177 0.0636240
vn -0.3457868 0.8348470 -0.4283246
vn -0.9918540 0.0411143 -0.1205627
vn -0.9950071 -0.0469762 -0.0880579
vn 0.1381869 -0.9352760 0.3258269
vn 0.9928645 -0.0418135 0.1116768
vn 0.9961676 0.0438900 0.0756558
vn -0.0925977 0.9196418 -0.3816866
vn -0.9897236 0.0438473 -0.1361053
vn -0.9936490 -0.0438594 -0.1036245
vn -0.2379782 -0.9082997 0.3440319
vn 0.9894896 -0.0425883 0.1381904
vn 0.9938243 0.0422476 0.1026081
vn 0.4110814 0.8925552 -0.1853571
vn -0.9876800 0.0495695 -0.1484286
vn -0.9922124 -0.0398401 -0.1180144
vn -0.5382358 -0.7865440 0.3027388
vn 0.9849039 -0.0456569 0.1669721
vn 0.9903011 0.0419946 0.1324397
vn 0.5808328 0.8081674 -0.0974613
vn -0.9845214 0.0527435 -0.1671399
vn -0.9897226 -0.0406916 -0.1370891
vn -0.5751956 -0.7718192 0.2710079
vn 0.9806418 -0.0500221 0.1893133
vn 0.9870573 0.0430883 0.1544707
vn 0.0582247 0.9443712 -0.3236865
vn -0.9789971 0.0453623 -0.1987634
vn -0.9842393 -0.0533135 -0.1686141
vn 0.0991139 -0.9448746 0.3120711
vn 0.9791674 -0.0500444 0.1967910
vn 0.9853695 0.0482677 0.1634536
vn 0.3093659 0.9288438 -0.2038184
vn -0.9751542 0.0514346 -0.2154733
vn -0.9811076 -0.0501786 -0.1868419
vn -0.0443485 -0.9524083 0.3015818
vn 0.9738770 -0.0525251 0.2209180
vn 0.9807952 0.0498999 0.1885492
vn 0.5631510 0.8243149 -0.0580162
vn -0.9712262 0.0592162 -0.2306799
vn -0.9782126 -0.0434650 -0.2030049
vn -0.3768012 -0.8908605 0.2537487
vn 0.9675240 -0.0541713 0.2469064
vn 0.9753537 0.0490525 0.2151257
vn 0.5481102 0.8341620 -0.0612289
vn -0.9658030 0.0601796 -0.2521961
vn -0.9735617 -0.0408323 -0.2247451
vn -0.5131055 -0.8369255 0.1904692
vn 0.9626230 -0.0524969 0.2657085
vn 0.9706866 0.0473626 0.2356359
vn 0.2096007 0.9531338 -0.2181822
vn -0.9594748 0.0531206 -0.2767424
vn -0.9673421 -0.0430731 -0.2497878
vn -0.2808412 -0.9301950 0.2363588
vn 0.9587005 -0.0473839 0.2804427
vn 0.9664980 0.0475859 0.2522245
vn 0.2742400 0.9458063 -0.1739050
vn -0.9540880 0.0514006 -0.2950833
vn -0.9618126 -0.0408045 -0.2706502
vn -0.4693938 -0.8707457 0.1465310
vn 0.9529892 -0.0462475 0.2994541
vn 0.9605966 0.0441286 0.2744210
vn 0.8715589 0.4485013 0.1980699
vn -0.9489297 0.0684668 -0.3079687
vn -0.9578280 -0.0265943 -0.2861088
vn -0.9206428 -0.3638967 -0.1414075
vn 0.9429305 -0.0592763 0.3276712
vn 0.9526275 0.0312829 0.3025265
vn 0.9441401 0.1451276 0.2958673
vn -0.9358376 0.1334263 -0.3261983
vn -0.9519106 -0.0011667 -0.3063737
vn -0.9554074 -0.1294136 -0.2654220
vn 0.9268177 -0.1186529 0.3562730
vn 0.9465721 0.0053323 0.3224483
s 1
f 1/1/1 2/2/2 10/10/10
f 1/1/1 10/10/10 9/9/9
f 2/2/2 3/3/3 11/11/11
f 2/2/2 11/11/11 10/10/10
f 3/3/3 4/4/4 12/12/12
f 3/3/3 12/12/12 11/11/11
f 4/4/4 5/5/5 13/13/13
f 4/4/4 13/13/13 12/12/12
f 5/5/5 6/6/6 14/14/14
f 5/5/5 14/14/14 13/13/13
f 6/6/6 7/7/7 15/15/15
f 6/6/6 15/15/15 14/14/14
f 7/7/7 8/8/8 16/16/16
f 7/7/7 16/16/16 15/15/15
f 8/8/8 1/1/1 9/9/9
f 8/8/8 9/9/9 16/16/16
f 9/9/9 10/10/10 18/18/18
f 9/9/9 18/18/18 17/17/17
f 10/10/10 11/11/11 19/19/19
f 10/10/10 19/19/19 18/18/18
f 11/11/11 12/12/12 20/20/20
f 11/11/11 20/20/20 19/19/19
f 12/12/12 13/13/13 21/21/21
f 12/12/12 21/21/21 20/20/20
f 13/13/13 14/14/14 22/22/22
f 13/13/13 22/22/22 21/21/21
f 14/14/14 15/15/15 23/23/23
f 14/14/14 23/23/23 22/22/22
f 15/15/15 16/16/16 24/24/24
f 15/15/15 24/24/24 23/23/23
f 16/16/16 9/9/9 17/17/17
f 16/16/16 17/17/17 24/24/24
f 17/17/17 18/18/18 26/26/26
f 17/17/17 26/26/26 25/25/25
f 18/18/18 19/19/19 27/27/27
f 18/18/18 27/27/27 26/26/26
f 19/19/19 20/20/20 28/28/28
f 19/19/19 28/28/28 27/27/27
f 20/20/20 21/21/21 29/29/29
f 20/20/20 29/29/29 28/28/28
f 21/21/21 22/22/22 30/30/30
f 21/21/21 30/30/30 29/29/29
f 22/22/22 23/23/23 31/31/31
f 22/22/22 31/31/31 30/30/30
f 23/23/23 24/24/24 32/32/32
f 23/23/23 32/32/32 31/31/31
f 24/24/24 17/17/17 25/25/25
f 24/24/24 25/25/25 32/32/32
f 25/25/25 26/26/26 34/34/34
f 25/25/25 34/34/34 33/33/33
f 26/26/26 27/27/27 35/35/35
f 26/26/26 35/35/35 34/34/34
f 27/27/27 28/28/28 36/36/36
f 27/27/27 36/36/36 35/35/35
f 28/28/28 29/29/29 37/37/37
f 28/28/28 37/37/37 36/36/36
f 29/29/29 30/30/30 38/38/38
f 29/29/29 38/38/38 37/37/37
f 30/30/30 31/31/31 39/39/39
f 30/30/30 39/39/39 38/38/38
f 31/31/31 32/32/32 40/40/40
f 31/31/31 40/40/40 39/39/39
f 32/32/32 25/25/25 33/33/33
f 32/32/32 33/33/33 40/40/40
f 33/33/33 34/34/34 42/42/42
f 33/33/33 42/42/42 41/41/41
f 34/34/34 35/35/35 43/43/43
f 34/34/34 43/43/43 42/42/42
f 35/35/35 36/36/36 44/44/44
f 35/35/35 44/44/44 43/43/43
f 36/36/36 37/37/37 45/45/45
f 36/36/36 45/45/45 44/44/44
f 37/37/37 38/38/38 46/46/46
f 37/37/37 46/46/46 45/45/45
f 38/38/38 39/39/39 47/47/47
f 38/38/38 47/47/47 46/46/46
f 39/39/39 40/40/40 48/48/48
f 39/39/39 48/48/48 47/47/47
f 40/40/40 33/33/33 41/41/41
f 40/40/40 41/41/41 48/48/48
f 41/41/41 42/42/42 50/50/50
f 41/41/41 50/50/50 49/49/49
f 42/42/42 43/43/43 51/51/51
f 42/42/42 51/51/51 50/50/50
f 43/43/43 44/44/44 52/52/52
f 43/43/43 52/52/52 51/51/51
f 44/44/44 45/45/45 53/53/53
f 44/44/44 53/53/53 52/52/52
f 45/45/45 46/46/46 54/54/54
f 45/45/45 54/54/54 53/53/53
f 46/46/46 47/47/47 55/55/55
f 46/46/46 55/55/55 54/54/54
f 47/47/47 48/48/48 56/56/56
f 47/47/47 56/56/56 55/55/55
f 48/48/48 41/41/41 49/49/49
f 48/48/48 49/49/49 56/56/56
f 49/49/49 50/50/50 58/58/58
f 49/49/49 58/58/58 57/57/57
f 50/50/50 51/51/51 59/59/59
f 50/50/50 59/59/59 58/58/58
f 51/51/51 52/52/52 60/60/60
f 51/51/51 60/60/60 59/59/59
f 52/52/52 53/53/53 61/61/61
f 52/52/52 61/61/61 60/60/60
f 53/53/53 54/54/54 62/62/62
f 53/53/53 62/62/62 61/61/61
f 54/54/54 55/55/55 63/63/63
f 54/54/54 63/63/63 62/62/62
f 55/55/55 56/56/56 64/64/64
f 55/55/55 64/64/64 63/63/63
f 56/56/56 49/49/49 57/57/57
f 56/56/56 57/57/57 64/64/64
f 57/57/57 58/58/58 66/66/66
f 57/57/57 66/66/66 65/65/65
f 58/58/58 59/59/59 67/67/67
f 58/58/58 67/67/67 66/66/66
f 59/59/59 60/60/60 68/68/68
f 59/59/59 68/68/68 67/67/67
f 60/60/60 61/61/61 69/69/69
f 60/60/60 69/69/69 68/68/68
f 61/61/61 62/62/62 70/70/70
f 61/61/61 70/70/70 69/69/69
f 62/62/62 63/63/63 71/71/71
f 62/62/62 71/71/71 70/70/70
f 63/63/63 64/64/64 72/72/72
f 63/63/63 72/72/72 71/71/71
f 64/64/64 57/57/57 65/65/65
f 64/64/64 65/65/65 72/72/72
f 65/65/65 66/66/66 74/74/74
f 65/65/65 74/74/74 73/73/73
f 66/66/66 67/67/67 75/75/75
f 66/66/66 75/75/75 74/74/74
f 67/67/67 68/68/68 76/76/76
f 67/67/67 76/76/76 75/75/75
f 68/68/68 69/69/69 77/77/77
f 68/68/68 77/77/77 76/76/76
f 69/69/69 70/70/70 78/78/78
f 69/69/69 78/78/78 77/77/77
f 70/70/70 71/71/71 79/79/79
f 70/70/70 79/79/79 78/78/78
f 71/71/71 72/72/72 80/80/80
f 71/71/71 80/80/80 79/79/79
f 72/72/72 65/65/65 73/73/73
f 72/72/72 73/73/73 80/80/80
f 73/73/73 74/74/74 82/82/82
f 73/73/73 82/82/82 81/81/81
f 74/74/74 75/75/75 83/83/83
f 74/74/74 83/83/83 82/82/82
f 75/75/75 76/76/76 84/84/84
f 75/75/75 84/84/84 83/83/83
f 76/76/76 77/77/77 85/85/85
f 76/76/76 85/85/85 84/84/84
f 77/77/77 78/78/78 86/86/86
f 77/77/77 86/86/86 85/85/85
f 78/78/78 79/79/79 87/87/87
f 78/78/78 87/87/87 86/86/86
f 79/79/79 80/80/80 88/88/88
f 79/79/79 88/88/88 87/87/87
f 80/80/80 73/73/73 81/81/81
f 80/80/80 81/81/81 88/88/88
f 81/81/81 82/82/82 90/90/90
f 81/81/81 90/90/90 89/89/89
f 82/82/82 83/83/83 91/91/91
f 82/82/82 91/91/91 90/90/90
f 83/83/83 84/84/84 92/92/92
f 83/83/83 92/92/92 91/91/91
f 84/84/84 85/85/85 93/93/93
f 84/84/84 93/93/93 92/92/92
f 85/85/85 86/86/86 94/94/94
f 85/85/85 94/94/94 93/93/93
f 86/86/86 87/87/87 95/95/95
f 86/86/86 95/95/95 94/94/94
f 87/87/87 88/88/88 96/96/96
f 87/87/87 96/96/96 95/95/95
f 88/88/88 81/81/81 89/89/89
f 88/88/88 89/89/89 96/96/96
f 89/89/89 90/90/90 98/98/98
f 89/89/89 98/98/98 97/97/97
f 90/90/90 91/91/91 99/99/99
f 90/90/90 99/99/99 98/98/98
f 91/91/91 92/92/92 100/100/100
f 91/91/91 100/100/100 99/99/99
f 92/92/92 93/93/93 101/101/101
f 92/92/92 101/101/101 100/100/100
f 93/93/93 94/94/94 102/102/102
f 93/93/93 102/102/102 101/101/101
f 94/94/94 95/95/95 103/103/103
f 94/94/94 103/103/103 102/102/102
f 95/95/95 96/96/96 104/104/104
f 95/95/95 104/104/104 103/103/103
f 96/96/96 89/89/89 97/97/97
f 96/96/96 97/97/97 104/104/104
f 97/97/97 98/98/98 106/106/106
f 97/97/97 106/106/106 105/105/105
f 98/98/98 99/99/99 107/107/107
f 98/98/98 107/107/107 106/106/106
f 99/99/99 100/100/100 108/108/108
f 99/99/99 108/108/108 107/107/107
f 100/100/100 101/101/101 109/109/109
f 100/100/100 109/109/109 108/108/108
f 101/101/101 102/102/102 110/110/110
f 101/101/101 110/110/110 109/109/109
f 102/102/102 103/103/103 111/111/111
f 102/102/102 111/111/111 110/110/110
f 103/103/103 104/104/104 112/112/112
f 103/103/103 112/112/112 111/111/111
f 104/104/104 97/97/97 105/105/105
f 104/104/104 105/105/105 112/112/112
f 105/105/105 106/106/106 114/114/114
f 105/105/105 114/114/114 113/113/113
f 106/106/106 107/107/107 115/115/115
f 106/106/106 115/115/115 114/114/114
f 107/107/107 108/108/108 116/116/116
f 107/107/107 116/116/116 115/115/115
f 108/108/108 109/109/109 117/117/117
f 108/108/108 117/117/117 116/116/116
f 109/109/109 110/110/110 118/118/118
f 109/109/109 118/118/118 117/117/117
f 110/110/110 111/111/111 119/119/119
f 110/110/110 119/119/119 118/118/118
f 111/111/111 112/112/112 120/120/120
f 111/111/111 120/120/120 119/119/119
f 112/112/112 105/105/105 113/113/113
f 112/112/112 113/113/113 120/120/120
f 113/113/113 114/114/114 122/122/122
f 113/113/113 122/122/122 121/121/121
f 114/114/114 115/115/115 123/123/123
f 114/114/114 123/123/123 122/122/122
f 115/115/115 116/116/116 124/124/124
f 115/115/115 124/124/124 123/123/123
f 116/116/116 117/117/117 125/125/125
f 116/116/116 125/125/125 124/124/124
f 117/117/117 118/118/118 126/126/126
f 117/117/117 126/126/126 125/125/125
f 118/118/118 119/119/119 127/127/127
f 118/118/118 127/127/127 126/126/126
f 119/119/119 120/120/120 128/128/128
f 119/119/119 128/128/128 127/127/127
f 120/120/120 113/113/113 121/121/121
f 120/120/120 121/121/121 128/128/128
f 121/121/121 122/122/122 130/130/130
f 121/121/121 130/130/130 129/129/129
f 122/122/122 123/123/123 131/131/131
f 122/122/122 131/131/131 130/130/130
f 123/123/123 124/124/124 132/132/132
f 123/123/123 132/132/132 131/131/131
f 124/124/124 125/125/125 133/133/133
f 124/124/124 133/133/133 132/132/132
f 125/125/125 126/126/126 134/134/134
f 125/125/125 134/134/134 133/133/133
f 126/126/126 127/127/127 135/135/135
f 126/126/126 135/135/135 134/134/134
f 127/127/127 128/128/128 136/136/136
f 127/127/127 136/136/136 135/135/135
f 128/128/128 121/121/121 129/129/129
f 128/128/128 129/129/129 136/136/136
f 129/129/129 130/130/130 138/138/138
f 129/129/129 138/138/138 137/137/137
f 130/130/130 131/131/131 139/139/139
f 130/130/130 139/139/139 138/138/138
f 131/131/131 132/132/132 140/140/140
f 131/131/131 140/140/140 139/139/139
f 132/132/132 133/133/133 141/141/141
f 132/132/132 141/141/141 140/140/140
f 133/133/133 134/134/134 142/142/142
f 133/133/133 142/142/142 141/141/141
f 134/134/134 135/135/135 143/143/143
f 134/134/134 143/143/143 142/142/142
f 135/135/135 136/136/136 144/144/144
f 135/135/135 144/144/144 143/143/143
f 136/136/136 129/129/129 137/137/137
f 136/136/136 137/137/137 144/144/144
f 137/137/137 138/138/138 146/146/146
f 137/137/137 146/146/146 145/145/145
f 138/138/138 139/139/139 147/147/147
f 138/138/138 147/147/147 146/146/146
f 139/139/139 140/140/140 148/148/148
f 139/139/139 148/148/148 147/147/147
f 140/140/140 141/141/141 149/149/149
f 140/140/140 149/149/149 148/148/148
f 141/141/141 142/142/142 150/150/150
f 141/141/141 150/150/150 149/149/149
f 142/142/142 143/143/143 151/151/151
f 142/142/142 151/151/151 150/150/150
f 143/143/143 144/144/144 152/152/152
f 143/143/143 152/152/152 151/151/151
f 144/144/144 137/137/137 145/145/145
f 144/144/144 145/145/145 152/152/152
f 145/145/145 146/146/146 154/154/154
f 145/145/145 154/154/154 153/153/153
f 146/146/146 147/147/147 155/155/155
f 146/146/146 155/155/155 154/154/154
f 147/147/147 148/148/148 156/156/156
f 147/147/147 156/156/156 155/155/155
f 148/148/148 149/149/149 157/157/157
f 148/148/148 157/157/157 156/156/156
f 149/149/149 150/150/150 158/158/158
f 149/149/149 158/158/158 157/157/157
f 150/150/150 151/151/151 159/159/159
f 150/150/150 159/159/159 158/158/158
f 151/151/151 152/152/152 160/160/160
f 151/151/151 160/160/160 159/159/159
f 152/152/152 145/145/145 153/153/153
f 152/152/152 153/153/153 160/160/160
f 153/153/153 154/154/154 162/162/162
f 153/153/153 162/162/162 161/161/161
f 154/154/154 155/155/155 163/163/163
f 154/154/154 163/163/163 162/162/162
f 155/155/155 156/156/156 164/164/164
f 155/155/155 164/164/164 163/163/163
f 156/156/156 157/157/157 165/165/165
f 156/156/156 165/165/165 164/164/164
f 157/157/157 158/158/158 166/166/166
f 157/157/157 166/166/166 165/165/165
f 158/158/158 159/159/159 167/167/167
f 158/158/158 167/167/167 166/166/166
f 159/159/159 160/160/160 168/168/168
f 159/159/159 168/168/168 167/167/167
f 160/160/160 153/153/153 161/161/161
f 160/160/160 161/161/161 168/168/168
f 161/161/161 162/162/162 170/170/170
f 161/161/161 170/170/170 169/169/169
f 162/162/162 163/163/163 171/171/171
f 162/162/162 171/171/171 170/170/170
f 163/163/163 164/164/164 172/172/172
f 163/163/163 172/172/172 171/171/171
f 164/164/164 165/165/165 173/173/173
f 164/164/164 173/173/173 172/172/172
f 165/165/165 166/166/166 174/174/174
f 165/165/165 174/174/174 173/173/173
f 166/166/166 167/167/167 175/175/175
f 166/166/166 175/175/175 174/174/174
f 167/167/167 168/168/168 176/176/176
f 167/167/167 176/176/176 175/175/175
f 168/168/168 161/161/161 169/169/169
f 168/168/168 169/169/169 176/176/176
f 169/169/169 170/170/170 178/178/178
f 169/169/169 178/178/178 177/177/177
f 170/170/170 171/171/171 179/179/179
f 170/170/170 179/179/179 178/178/178
f 171/171/171 172/172/172 180/180/180
f 171/171/171 180/180/180 179/179/179
f 172/172/172 173/173/173 181/181/181
f 172/172/172 181/181/181 180/180/180
f 173/173/173 174/174/174 182/182/182
f 173/173/173 182/182/182 181/181/181
f 174/174/174 175/175/175 183/183/183
f 174/174/174 183/183/183 182/182/182
f 175/175/175 176/176/176 184/184/184
f 175/175/175 184/184/184 183/183/183
f 176/176/176 169/169/169 177/177/177
f 176/176/176 177/177/177 184/184/184
f 177/177/177 178/178/178 186/186/186
f 177/177/177 186/186/186 185/185/185
f 178/178/178 179/179/179 187/187/187
f 178/178/178 187/187/187 186/186/186
f 179/179/179 180/180/180 188/188/188
f 179/179/179 188/188/188 187/187/187
f 180/180/180 181/181/181 189/189/189
f 180/180/180 189/189/189 188/188/188
f 181/181/181 182/182/182 190/190/190
f 181/181/181 190/190/190 189/189/189
f 182/182/182 183/183/183 191/191/191
f 182/182/182 191/191/191 190/190/190
f 183/183/183 184/184/184 192/192/192
f 183/183/183 192/192/192 191/191/191
f 184/184/184 177/177/177 185/185/185
f 184/184/184 185/185/185 192/192/192
f 185/185/185 186/186/186 194/194/194
f 185/185/185 194/194/194 193/193/193
f 186/186/186 187/187/187 195/195/195
f 186/186/186 195/195/195 194/194/194
f 187/187/187 188/188/188 196/196/196
f 187/187/187 196/196/196 195/195/195
f 188/188/188 189/189/189 197/197/197
f 188/188/188 197/197/197 196/196/196
f 189/189/189 190/190/190 198/198/198
f 189/189/189 198/198/198 197/197/197
f 190/190/190 191/191/191 199/199/199
f 190/190/190 199/199/199 198/198/198
f 191/191/191 192/192/192 200/200/200
f 191/191/191 200/200/200 199/199/199
f 192/192/192 185/185/185 193/193/193
f 192/192/192 193/193/193 200/200/200
f 193/193/193 194/194/194 202/202/202
f 193/193/193 202/202/202 201/201/201
f 194/194/194 195/195/195 203/203/203
f 194/194/194 203/203/203 202/202/202
f 195/195/195 196/196/196 204/204/204
f 195/195/195 204/204/204 203/203/203
f 196/196/196 197/197/197 205/205/205
f 196/196/196 205/205/205 204/204/204
f 197/197/197 198/198/198 206/206/206
f 197/197/197 206/206/206 205/205/205
f 198/198/198 199/199/199 207/207/207
f 198/198/198 207/207/207 206/206/206
f 199/199/199 200/200/200 208/208/208
f 199/199/199 208/208/208 207/207/207
f 200/200/200 193/193/193 201/201/201
f 200/200/200 201/201/201 208/208/208
f 201/201/201 202/202/202 210/210/210
f 201/201/201 210/210/210 209/209/209
f 202/202/202 203/203/203 211/211/211
f 202/202/202 211/211/211 210/210/210
f 203/203/203 204/204/204 212/212/212
f 203/203/203 212/212/212 211/211/211
f 204/204/204 205/205/205 213/213/213
f 204/204/204 213/213/213 212/212/212
f 205/205/205 206/206/206 214/214/214
f 205/205/205 214/214/214 213/213/213
f 206/206/206 207/207/207 215/215/215
f 206/206/206 215/215/215 214/214/214
f 207/207/207 208/208/208 216/216/216
f 207/207/207 216/216/216 215/215/215
f 208/208/208 201/201/201 209/209/209
f 208/208/208 209/209/209 216/216/216
f 209/209/209 210/210/210 218/218/218
f 209/209/209 218/218/218 217/217/217
f 210/210/210 211/211/211 219/219/219
f 210/210/210 219/219/219 218/218/218
f 211/211/211 212/212/212 220/220/220
f 211/211/211 220/220/220 219/219/219
f 212/212/212 213/213/213 221/221/221
f 212/212/212 221/221/221 220/220/220
f 213/213/213 214/214/214 222/222/222
f 213/213/213 222/222/222 221/221/221
f 214/214/214 215/215/215 223/223/223
f 214/214/214 223/223/223 222/222/222
f 215/215/215 216/216/216 224/224/224
f 215/215/215 224/224/224 223/223/223
f 216/216/216 209/209/209 217/217/217
f 216/216/216 217/217/217 224/224/224
f 217/217/217 218/218/218 226/226/226
f 217/217/217 226/226/226 225/225/225
f 218/218/218 219/219/219 227/227/227
f 218/218/218 227/227/227 226/226/226
f 219/219/219 220/220/220 228/228/228
f 219/219/219 228/228/228 227/227/227
f 220/220/220 221/221/221 229/229/229
f 220/220/220 229/229/229 228/228/228
f 221/221/221 222/222/222 230/230/230
f 221/221/221 230/230/230 229/229/229
f 222/222/222 223/223/223 231/231/231
f 222/222/222 231/231/231 230/230/230
f 223/223/223 224/224/224 232/232/232
f 223/223/223 232/232/232 231/231/231
f 224/224/224 217/217/217 225/225/225
f 224/224/224 225/225/225 232/232/232
f 225/225/225 226/226/226 234/234/234
f 225/225/225 234/234/234 233/233/233
f 226/226/226 227/227/227 235/235/235
f 226/226/226 235/235/235 234/234/234
f 227/227/227 228/228/228 236/236/236
f 227/227/227 236/236/236 235/235/235
f 228/228/228 229/229/229 237/237/237
f 228/228/228 237/237/237 236/236/236
f 229/229/229 230/230/230 238/238/238
f 229/229/229 238/238/238 237/237/237
f 230/230/230 231/231/231 239/239/239
f 230/230/230 239/239/239 238/238/238
f 231/231/231 232/232/232 240/240/240
f 231/231/231 240/240/240 239/239/239
f 232/232/232 225/225/225 233/233/233
f 232/232/232 233/233/233 240/240/240
f 233/233/233 234/234/234 242/242/242
f 233/233/233 242/242/242 241/241/241
f 234/234/234 235/235/235 243/243/243
f 234/234/234 243/243/243 242/242/242
f 235/235/235 236/236/236 244/244/244
f 235/235/235 244/244/244 243/243/243
f 236/236/236 237/237/237 245/245/245
f 236/236/236 245/245/245 244/244/244
f 237/237/237 238/238/238 246/246/246
f 237/237/237 246/246/246 245/245/245
f 238/238/238 239/239/239 247/247/247
f 238/238/238 247/247/247 246/246/246
f 239/239/239 240/240/240 248/248/248
f 239/239/239 248/248/248 247/247/247
f 240/240/240 233/233/233 241/241/241
f 240/240/240 241/241/241 248/248/248
f 241/241/241 242/242/242 250/250/250
f 241/241/241 250/250/250 249/249/249
f 242/242/242 243/243/243 251/251/251
f 242/242/242 251/251/251 250/250/250
f 243/243/243 244/244/244 252/252/252
f 243/243/243 252/252/252 251/251/251
f 244/244/244 245/245/245 253/253/253
f 244/244/244 253/253/253 252/252/252
f 245/245/245 246/246/246 254/254/254
f 245/245/245 254/254/254 253/253/253
f 246/246/246 247/247/247 255/255/255
f 246/246/246 255/255/255 254/254/254
f 247/247/247 248/248/248 256/256/256
f 247/247/247 256/256/256 255/255/255
f 248/248/248 241/241/241 249/249/249
f 248/248/248 249/249/249 256/256/256
f 249/249/249 250/250/250 258/258/258
f 249/249/249 258/258/258 257/257/257
f 250/250/250 251/251/251 259/259/259
f 250/250/250 259/259/259 258/258/258
f 251/251/251 252/252/252 260/260/260
f 251/251/251 260/260/260 259/259/259
f 252/252/252 253/253/253 261/261/261
f 252/252/252 261/261/261 260/260/260
f 253/253/253 254/254/254 262/262/262
f 253/253/253 262/262/262 261/261/261
f 254/254/254 255/255/255 263/263/263
f 254/254/254 263/263/263 262/262/262
f 255/255/255 256/256/256 264/264/264
f 255/255/255 264/264/264 263/263/263
f 256/256/256 249/249/249 257/257/257
f 256/256/256 257/257/257 264/264/264
f 257/257/257 258/258/258 266/266/266
f 257/257/257 266/266/266 265/265/265
f 258/258/258 259/259/259 267/267/267
f 258/258/258 267/267/267 266/266/266
f 259/259/259 260/260/260 268/268/268
f 259/259/259 268/268/268 267/267/267
f 260/260/260 261/261/261 269/269/269
f 260/260/260 269/269/269 268/268/268
f 261/261/261 262/262/262 270/270/270
f 261/261/261 270/270/270 269/269/269
f 262/262/262 263/263/263 271/271/271
f 262/262/262 271/271/271 270/270/270
f 263/263/263 264/264/264 272/272/272
f 263/263/263 272/272/272 271/271/271
f 264/264/264 257/257/257 265/265/265
f 264/264/264 265/265/265 272/272/272
f 265/265/265 266/266/266 274/274/274
f 265/265/265 274/274/274 273/273/273
f 266/266/266 267/267/267 275/275/275
f 266/266/266 275/275/275 274/274/274
f 267/267/267 268/268/268 276/276/276
f 267/267/267 276/276/276 275/275/275
f 268/268/268 269/269/269 277/277/277
f 268/268/268 277/277/277 276/276/276
f 269/269/269 270/270/270 278/278/278
f 269/269/269 278/278/278 277/277/277
f 270/270/270 271/271/271 279/279/279
f 270/270/270 279/279/279 278/278/278
f 271/271/271 272/272/272 280/280/280
f 271/271/271 280/280/280 279/279/279
f 272/272/272 265/265/265 273/273/273
f 272/272/272 273/273/273 280/280/280
f 273/273/273 274/274/274 282/282/282
f 273/273/273 282/282/282 281/281/281
f 274/274/274 275/275/275 283/283/283
f 274/274/274 283/283/283 282/282/282
f 275/275/275 276/276/276 284/284/284
f 275/275/275 284/284/284 283/283/283
f 276/276/276 277/277/277 285/285/285
f 276/276/276 285/285/285 284/284/284
f 277/277/277 278/278/278 286/286/286
f 277/277/277 286/286/286 285/285/285
f 278/278/278 279/279/279 287/287/287
f 278/278/278 287/287/287 286/286/286
f 279/279/279 280/280/280 288/288/288
f 279/279/279 288/288/288 287/287/287
f 280/280/280 273/273/273 281/281/281
f 280/280/280 281/281/281 288/288/288
f 281/281/281 282/282/282 290/290/290
f 281/281/281 290/290/290 289/289/289
f 282/282/282 283/283/283 291/291/291
f 282/282/282 291/291/291 290/290/290
f 283/283/283 284/284/284 292/292/292
f 283/283/283 292/292/292 291/291/291
f 284/284/284 285/285/285 293/293/293
f 284/284/284 293/293/293 292/292/292
f 285/285/285 286/286/286 294/294/294
f 285/285/285 294/294/294 293/293/293
f 286/286/286 287/287/287 295/295/295
f 286/286/286 295/295/295 294/294/294
f 287/287/287 288/288/288 296/296/296
f 287/287/287 296/296/296 295/295/295
f 288/288/288 281/281/281 289/289/289
f 288/288/288 289/289/289 296/296/296
f 289/289/289 290/290/290 298/298/298
f 289/289/289 298/298/298 297/297/297
f 290/290/290 291/291/291 299/299/299
f 290/290/290 299/299/299 298/298/298
f 291/291/291 292/292/292 300/300/300
f 291/291/291 300/300/300 299/299/299
f 292/292/292 293/293/293 301/301/301
f 292/292/292 301/301/301 300/300/300
f 293/293/293 294/294/294 302/302/302
f 293/293/293 302/302/302 301/301/301
f 294/294/294 295/295/295 303/303/303
f 294/294/294 303/303/303 302/302/302
f 295/295/295 296/296/296 304/304/304
f 295/295/295 304/304/304 303/303/303
f 296/296/296 289/289/289 297/297/297
f 296/296/296 297/297/297 304/304/304
f 297/297/297 298/298/298 306/306/306
f 297/297/297 306/306/306 305/305/305
f 298/298/298 299/299/299 307/307/307
f 298/298/298 307/307/307 306/306/306
f 299/299/299 300/300/300 308/308/308
f 299/299/299 308/308/308 307/307/307
f 300/300/300 301/301/301 309/309/309
f 300/300/300 309/309/309 308/308/308
f 301/301/301 302/302/302 310/310/310
f 301/301/301 310/310/310 309/309/309
f 302/302/302 303/303/303 311/311/311
f 302/302/302 311/311/311 310/310/310
f 303/303/303 304/304/304 312/312/312
f 303/303/303 312/312/312 311/311/311
f 304/304/304 297/297/297 305/305/305
f 304/304/304 305/305/305 312/312/312
f 305/305/305 306/306/306 314/314/314
f 305/305/305 314/314/314 313/313/313
f 306/306/306 307/307/307 315/315/315
f 306/306/306 315/315/315 314/314/314
f 307/307/307 308/308/308 316/316/316
f 307/307/307 316/316/316 315/315/315
f 308/308/308 309/309/309 317/317/317
f 308/308/308 317/317/317 316/316/316
f 309/309/309 310/310/310 318/318/318
f 309/309/309 318/318/318 317/317/317
f 310/310/310 311/311/311 319/319/319
f 310/310/310 319/319/319 318/318/318
f 311/311/311 312/312/312 320/320/320
f 311/311/311 320/320/320 319/319/319
f 312/312/312 305/305/305 313/313/313
f 312/312/312 313/313/313 320/320/320
f 313/313/313 314/314/314 322/322/322
f 313/313/313 322/322/322 321/321/321
f 314/314/314 315/315/315 323/323/323
f 314/314/314 323/323/323 322/322/322
f 315/315/315 316/316/316 324/324/324
f 315/315/315 324/324/324 323/323/323
f 316/316/316 317/317/317 325/325/325
f 316/316/316 325/325/325 324/324/324
f 317/317/317 318/318/318 326/326/326
f 317/317/317 326/326/326 325/325/325
f 318/318/318 319/319/319 327/327/327
f 318/318/318 327/327/327 326/326/326
f 319/319/319 320/320/320 328/328/328
f 319/319/319 328/328/328 327/327/327
f 320/320/320 313/313/313 321/321/321
f 320/320/320 321/321/321 328/328/328
f 321/321/321 322/322/322 330/330/330
f 321/321/321 330/330/330 329/329/329
f 322/322/322 323/323/323 331/331/331
f 322/322/322 331/331/331 330/330/330
f 323/323/323 324/324/324 332/332/332
f 323/323/323 332/332/332 331/331/331
f 324/324/324 325/325/325 333/333/333
f 324/324/324 333/333/333 332/332/332
f 325/325/325 326/326/326 334/334/334
f 325/325/325 334/334/334 333/333/333
f 326/326/326 327/327/327 335/335/335
f 326/326/326 335/335/335 334/334/334
f 327/327/327 328/328/328 336/336/336
f 327/327/327 336/336/336 335/335/335
f 328/328/328 321/321/321 329/329/329
f 328/328/328 329/329/329 336/336/336
f 329/329/329 330/330/330 338/338/338
f 329/329/329 338/338/338 337/337/337
f 330/330/330 331/331/331 339/339/339
f 330/330/330 339/339/339 338/338/338
f 331/331/331 332/332/332 340/340/340
f 331/331/331 340/340/340 339/339/339
f 332/332/332 333/333/333 341/341/341
f 332/332/332 341/341/341 340/340/340
f 333/333/333 334/334/334 342/342/342
f 333/333/333 342/342/342 341/341/341
f 334/334/334 335/335/335 343/343/343
f 334/334/334 343/343/343 342/342/342
f 335/335/335 336/336/336 344/344/344
f 335/335/335 344/344/344 343/343/343
f 336/336/336 329/329/329 337/337/337
f 336/336/336 337/337/337 344/344/344
f 337/337/337 338/338/338 346/346/346
f 337/337/337 346/346/346 345/345/345
f 338/338/338 339/339/339 347/347/347
f 338/338/338 347/347/347 346/346/346
f 339/339/339 340/340/340 348/348/348
f 339/339/339 348/348/348 347/347/347
f 340/340/340 341/341/341 349/349/349
f 340/340/340 349/349/349 348/348/348
f 341/341/341 342/342/342 350/350/350
f 341/341/341 350/350/350 349/349/349
f 342/342/342 343/343/343 351/351/351
f 342/342/342 351/351/351 350/350/350
f 343/343/343 344/344/344 352/352/352
f 343/343/343 352/352/352 351/351/351
f 344/344/344 337/337/337 345/345/345
f 344/344/344 345/345/345 352/352/352
f 345/345/345 346/346/346 354/354/354
f 345/345/345 354/354/354 353/353/353
f 346/346/346 347/347/347 355/355/355
f 346/346/346 355/355/355 354/354/354
f 347/347/347 348/348/348 356/356/356
f 347/347/347 356/356/356 355/355/355
f 348/348/348 349/349/349 357/357/357
f 348/348/348 357/357/357 356/356/356
f 349/349/349 350/350/350 358/358/358
f 349/349/349 358/358/358 357/357/357
f 350/350/350 351/351/351 359/359/359
f 350/350/350 359/359/359 358/358/358
f 351/351/351 352/352/352 360/360/360
f 351/351/351 360/360/360 359/359/359
f 352/352/352 345/345/345 353/353/353
f 352/352/352 353/353/353 360/360/360
f 353/353/353 354/354/354 362/362/362
f 353/353/353 362/362/362 361/361/361
f 354/354/354 355/355/355 363/363/363
f 354/354/354 363/363/363 362/362/362
f 355/355/355 356/356/356 364/364/364
f 355/355/355 364/364/364 363/363/363
f 356/356/356 357/357/357 365/365/365
f 356/356/356 365/365/365 364/364/364
f 357/357/357 358/358/358 366/366/366
f 357/357/357 366/366/366 365/365/365
f 358/358/358 359/359/359 367/367/367
f 358/358/358 367/367/367 366/366/366
f 359/359/359 360/360/360 368/368/368
f 359/359/359 368/368/368 367/367/367
f 360/360/360 353/353/353 361/361/361
f 360/360/360 361/361/361 368/368/368
f 361/361/361 362/362/362 370/370/370
f 361/361/361 370/370/370 369/369/369
f 362/362/362 363/363/363 371/371/371
f 362/362/362 371/371/371 370/370/370
f 363/363/363 364/364/364 372/372/372
f 363/363/363 372/372/372 371/371/371
f 364/364/364 365/365/365 373/373/373
f 364/364/364 373/373/373 372/372/372
f 365/365/365 366/366/366 374/374/374
f 365/365/365 374/374/374 373/373/373
f 366/366/366 367/367/367 375/375/375
f 366/366/366 375/375/375 374/374/374
f 367/367/367 368/368/368 376/376/376
f 367/367/367 376/376/376 375/375/375
f 368/368/368 361/361/361 369/369/369
f 368/368/368 369/369/369 376/376/376
f 369/369/369 370/370/370 378/378/378
f 369/369/369 378/378/378 377/377/377
f 370/370/370 371/371/371 379/379/379
f 370/370/370 379/379/379 378/378/378
f 371/371/371 372/372/372 380/380/380
f 371/371/371 380/380/380 379/379/379
f 372/372/372 373/373/373 381/381/381
f 372/372/372 381/381/381 380/380/380
f 373/373/373 374/374/374 382/382/382
f 373/373/373 382/382/382 381/381/381
f 374/374/374 375/375/375 383/383/383
f 374/374/374 383/383/383 382/382/382
f 375/375/375 376/376/376 384/384/384
f 375/375/375 384/384/384 383/383/383
f 376/376/376 369/369/369 377/377/377
f 376/376/376 377/377/377 384/384/384
f 377/377/377 378/378/378 386/386/386
f 377/377/377 386/386/386 385/385/385
f 378/378/378 379/379/379 387/387/387
f 378/378/378 387/387/387 386/386/386
f 379/379/379 380/380/380 388/388/388
f 379/379/379 388/388/388 387/387/387
f 380/380/380 381/381/381 389/389/389
f 380/380/380 389/389/389 388/388/388
f 381/381/381 382/382/382 390/390/390
f 381/381/381 390/390/390 389/389/389
f 382/382/382 383/383/383 391/391/391
f 382/382/382 391/391/391 390/390/390
f 383/383/383 384/384/384 392/392/392
f 383/383/383 392/392/392 391/391/391
f 384/384/384 377/377/377 385/385/385
f 384/384/384 385/385/385 392/392/392
f 385/385/385 386/386/386 394/394/394
f 385/385/385 394/394/394 393/393/393
f 386/386/386 387/387/387 395/395/395
f 386/386/386 395/395/395 394/394/394
f 387/387/387 388/388/388 396/396/396
f 387/387/387 396/396/396 395/395/395
f 388/388/388 389/389/389 397/397/397
f 388/388/388 397/397/397 396/396/396
f 389/389/389 390/390/390 398/398/398
f 389/389/389 398/398/398 397/397/397
f 390/390/390 391/391/391 399/399/399
f 390/390/390 399/399/399 398/398/398
f 391/391/391 392/392/392 400/400/400
f 391/391/391 400/400/400 399/399/399
f 392/392/392 385/385/385 393/393/393
f 392/392/392 393/393/393 400/400/400
f 393/393/393 394/394/394 402/402/402
f 393/393/393 402/402/402 401/401/401
f 394/394/394 395/395/395 403/403/403
f 394/394/394 403/403/403 402/402/402
f 395/395/395 396/396/396 404/404/404
f 395/395/395 404/404/404 403/403/403
f 396/396/396 397/397/397 405/405/405
f 396/396/396 405/405/405 404/404/404
f 397/397/397 398/398/398 406/406/406
f 397/397/397 406/406/406 405/405/405
f 398/398/398 399/399/399 407/407/407
f 398/398/398 407/407/407 406/406/406
f 399/399/399 400/400/400 408/408/408
f 399/399/399 408/408/408 407/407/407
f 400/400/400 393/393/393 401/401/401
f 400/400/400 401/401/401 408/408/408
f 401/401/401 402/402/402 410/410/410
f 401/401/401 410/410/410 409/409/409
f 402/402/402 403/403/403 411/411/411
f 402/402/402 411/411/411 410/410/410
f 403/403/403 404/404/404 412/412/412
f 403/403/403 412/412/412 411/411/411
f 404/404/404 405/405/405 413/413/413
f 404/404/404 413/413/413 412/412/412
f 405/405/405 406/406/406 414/414/414
f 405/405/405 414/414/414 413/413/413
f 406/406/406 407/407/407 415/415/415
f 406/406/406 415/415/415 414/414/414
f 407/407/407 408/408/408 416/416/416
f 407/407/407 416/416/416 415/415/415
f 408/408/408 401/401/401 409/409/409
f 408/408/408 409/409/409 416/416/416
f 409/409/409 410/410/410 418/418/418
f 409/409/409 418/418/418 417/417/417
f 410/410/410 411/411/411 419/419/419
f 410/410/410 419/419/419 418/418/418
f 411/411/411 412/412/412 420/420/420
f 411/411/411 420/420/420 419/419/419
f 412/412/412 413/413/413 421/421/421
f 412/412/412 421/421/421 420/420/420
f 413/413/413 414/414/414 422/422/422
f 413/413/413 422/422/422 421/421/421
f 414/414/414 415/415/415 423/423/423
f 414/414/414 423/423/423 422/422/422
f 415/415/415 416/416/416 424/424/424
f 415/415/415 424/424/424 423/423/423
f 416/416/416 409/409/409 417/417/417
f 416/416/416 417/417/417 424/424/424
f 417/417/417 418/418/418 426/426/426
f 417/417/417 426/426/426 425/425/425
f 418/418/418 419/419/419 427/427/427
f 418/418/418 427/427/427 426/426/426
f 419/419/419 420/420/420 428/428/428
f 419/419/419 428/428/428 427/427/427
f 420/420/420 421/421/421 429/429/429
f 420/420/420 429/429/429 428/428/428
f 421/421/421 422/422/422 430/430/430
f 421/421/421 430/430/430 429/429/429
f 422/422/422 423/423/423 431/431/431
f 422/422/422 431/431/431 430/430/430
f 423/423/423 424/424/424 432/432/432
f 423/423/423 432/432/432 431/431/431
f 424/424/424 417/417/417 425/425/425
f 424/424/424 425/425/425 432/432/432
f 425/425/425 426/426/426 434/434/434
f 425/425/425 434/434/434 433/433/433
f 426/426/426 427/427/427 435/435/435
f 426/426/426 435/435/435 434/434/434
f 427/427/427 428/428/428 436/436/436
f 427/427/427 436/436/436 435/435/435
f 428/428/428 429/429/429 437/437/437
f 428/428/428 437/437/437 436/436/436
f 429/429/429 430/430/430 438/438/438
f 429/429/429 438/438/438 437/437/437
f 430/430/430 431/431/431 439/439/439
f 430/430/430 439/439/439 438/438/438
f 431/431/431 432/432/432 440/440/440
f 431/431/431 440/440/440 439/439/439
f 432/432/432 425/425/425 433/433/433
f 432/432/432 433/433/433 440/440/440
f 433/433/433 434/434/434 442/442/442
f 433/433/433 442/442/442 441/441/441
f 434/434/434 435/435/435 443/443/443
f 434/434/434 443/443/443 442/442/442
f 435/435/435 436/436/436 444/444/444
f 435/435/435 444/444/444 443/443/443
f 436/436/436 437/437/437 445/445/445
f 436/436/436 445/445/445 444/444/444
f 437/437/437 438/438/438 446/446/446
f 437/437/437 446/446/446 445/445/445
f 438/438/438 439/439/439 447/447/447
f 438/438/438 447/447/447 446/446/446
f 439/439/439 440/440/440 448/448/448
f 439/439/439 448/448/448 447/447/447
f 440/440/440 433/433/433 441/441/441
f 440/440/440 441/441/441 448/448/448
f 441/441/441 442/442/442 450/450/450
f 441/441/441 450/450/450 449/449/449
f 442/442/442 443/443/443 451/451/451
f 442/442/442 451/451/451 450/450/450
f 443/443/443 444/444/444 452/452/452
f 443/443/443 452/452/452 451/451/451
f 444/444/444 445/445/445 453/453/453
f 444/444/444 453/453/453 452/452/452
f 445/445/445 446/446/446 454/454/454
f 445/445/445 454/454/454 453/453/453
f 446/446/446 447/447/447 455/455/455
f 446/446/446 455/455/455 454/454/454
f 447/447/447 448/448/448 456/456/456
f 447/447/447 456/456/456 455/455/455
f 448/448/448 441/441/441 449/449/449
f 448/448/448 449/449/449 456/456/456
f 449/449/449 450/450/450 458/458/458
f 449/449/449 458/458/458 457/457/457
f 450/450/450 451/451/451 459/459/459
f 450/450/450 459/459/459 458/458/458
f 451/451/451 452/452/452 460/460/460
f 451/451/451 460/460/460 459/459/459
f 452/452/452 453/453/453 461/461/461
f 452/452/452 461/461/461 460/460/460
f 453/453/453 454/454/454 462/462/462
f 453/453/453 462/462/462 461/461/461
f 454/454/454 455/455/455 463/463/463
f 454/454/454 463/463/463 462/462/462
f 455/455/455 456/456/456 464/464/464
f 455/455/455 464/464/464 463/463/463
f 456/456/456 449/449/449 457/457/457
f 456/456/456 457/457/457 464/464/464
f 457/457/457 458/458/458 466/466/466
f 457/457/457 466/466/466 465/465/465
f 458/458/458 459/459/459 467/467/467
f 458/458/458 467/467/467 466/466/466
f 459/459/459 460/460/460 468/468/468
f 459/459/459 468/468/468 467/467/467
f 460/460/460 461/461/461 469/469/469
f 460/460/460 469/469/469 468/468/468
f 461/461/461 462/462/462 470/470/470
f 461/461/461 470/470/470 469/469/469
f 462/462/462 463/463/463 471/471/471
f 462/462/462 471/471/471 470/470/470
f 463/463/463 464/464/464 472/472/472
f 463/463/463 472/472/472 471/471/471
f 464/464/464 457/457/457 465/465/465
f 464/464/464 465/465/465 472/472/472
f 465/465/465 466/466/466 474/474/474
f 465/465/465 474/474/474 473/473/473
f 466/466/466 467/467/467 475/475/475
f 466/466/466 475/475/475 474/474/474
f 467/467/467 468/468/468 476/476/476
f 467/467/467 476/476/476 475/475/475
f 468/468/468 469/469/469 477/477/477
f 468/468/468 477/477/477 476/476/476
f 469/469/469 470/470/470 478/478/478
f 469/469/469 478/478/478 477/477/477
f 470/470/470 471/471/471 479/479/479
f 470/470/470 479/479/479 478/478/478
f 471/471/471 472/472/472 480/480/480
f 471/471/471 480/480/480 479/479/479
f 472/472/472 465/465/465 473/473/473
f 472/472/472 473/473/473 480/480/480
f 473/473/473 474/474/474 482/482/482
f 473/473/473 482/482/482 481/481/481
f 474/474/474 475/475/475 483/483/483
f 474/474/474 483/483/483 482/482/482
f 475/475/475 476/476/476 484/484/484
f 475/475/475 484/484/484 483/483/483
f 476/476/476 477/477/477 485/485/485
f 476/476/476 485/485/485 484/484/484
f 477/477/477 478/478/478 486/486/486
f 477/477/477 486/486/486 485/485/485
f 478/478/478 479/479/479 487/487/487
f 478/478/478 487/487/487 486/486/486
f 479/479/479 480/480/480 488/488/488
f 479/479/479 488/488/488 487/487/487
f 480/480/480 473/473/473 481/481/481
f 480/480/480 481/481/481 488/488/488
f 481/481/481 482/482/482 490/490/490
f 481/481/481 490/490/490 489/489/489
f 482/482/482 483/483/483 491/491/491
f 482/482/482 491/491/491 490/490/490
f 483/483/483 484/484/484 492/492/492
f 483/483/483 492/492/492 491/491/491
f 484/484/484 485/485/485 493/493/493
f 484/484/484 493/493/493 492/492/492
f 485/485/485 486/486/486 494/494/494
f 485/485/485 494/494/494 493/493/493
f 486/486/486 487/487/487 495/495/495
f 486/486/486 495/495/495 494/494/494
f 487/487/487 488/488/488 496/496/496
f 487/487/487 496/496/496 495/495/495
f 488/488/488 481/481/481 489/489/489
f 488/488/488 489/489/489 496/496/496
f 489/489/489 490/490/490 498/498/498
f 489/489/489 498/498/498 497/497/497
f 490/490/490 491/491/491 499/499/499
f 490/490/490 499/499/499 498/498/498
f 491/491/491 492/492/492 500/500/500
f 491/491/491 500/500/500 499/499/499
f 492/492/492 493/493/493 501/501/501
f 492/492/492 501/501/501 500/500/500
f 493/493/493 494/494/494 502/502/502
f 493/493/493 502/502/502 501/501/501
f 494/494/494 495/495/495 503/503/503
f 494/494/494 503/503/503 502/502/502
f 495/495/495 496/496/496 504/504/504
f 495/495/495 504/504/504 503/503/503
f 496/496/496 489/489/489 497/497/497
f 496/496/496 497/497/497 504/504/504
f 497/497/497 498/498/498 506/506/506
f 497/497/497 506/506/506 505/505/505
f 498/498/498 499/499/499 507/507/507
f 498/498/498 507/507/507 506/506/506
f 499/499/499 500/500/500 508/508/508
f 499/499/499 508/508/508 507/507/507
f 500/500/500 501/501/501 509/509/509
f 500/500/500 509/509/509 508/508/508
f 501/501/501 502/502/502 510/510/510
f 501/501/501 510/510/510 509/509/509
f 502/502/502 503/503/503 511/511/511
f 502/502/502 511/511/511 510/510/510
f 503/503/503 504/504/504 512/512/512
f 503/503/503 512/512/512 511/511/511
f 504/504/504 497/497/497 505/505/505
f 504/504/504 505/505/505 512/512/512
f 505/505/505 506/506/506 514/514/514
f 505/505/505 514/514/514 513/513/513
f 506/506/506 507/507/507 515/515/515
f 506/506/506 515/515/515 514/514/514
f 507/507/507 508/508/508 516/516/516
f 507/507/507 516/516/516 515/515/515
f 508/508/508 509/509/509 517/517/517
f 508/508/508 517/517/517 516/516/516
f 509/509/509 510/510/510 518/518/518
f 509/509/509 518/518/518 517/517/517
f 510/510/510 511/511/511 519/519/519
f 510/510/510 519/519/519 518/518/518
f 511/511/511 512/512/512 520/520/520
f 511/511/511 520/520/520 519/519/519
f 512/512/512 505/505/505 513/513/513
f 512/512/512 513/513/513 520/520/520
f 513/513/513 514/514/514 522/522/522
f 513/513/513 522/522/522 521/521/521
f 514/514/514 515/515/515 523/523/523
f 514/514/514 523/523/523 522/522/522
f 515/515/515 516/516/516 524/524/524
f 515/515/515 524/524/524 523/523/523
f 516/516/516 517/517/517 525/525/525
f 516/516/516 525/525/525 524/524/524
f 517/517/517 518/518/518 526/526/526
f 517/517/517 526/526/526 525/525/525
f 518/518/518 519/519/519 527/527/527
f 518/518/518 527/527/527 526/526/526
f 519/519/519 520/520/520 528/528/528
f 519/519/519 528/528/528 527/527/527
f 520/520/520 513/513/513 521/521/521
f 520/520/520 521/521/521 528/528/528
f 521/521/521 522/522/522 530/530/530
f 521/521/521 530/530/530 529/529/529
f 522/522/522 523/523/523 531/531/531
f 522/522/522 531/531/531 530/530/530
f 523/523/523 524/524/524 532/532/532
f 523/523/523 532/532/532 531/531/531
f 524/524/524 525/525/525 533/533/533
f 524/524/524 533/533/533 532/532/532
f 525/525/525 526/526/526 534/534/534
f 525/525/525 534/534/534 533/533/533
f 526/526/526 527/527/527 535/535/535
f 526/526/526 535/535/535 534/534/534
f 527/527/527 528/528/528 536/536/536
f 527/527/527 536/536/536 535/535/535
f 528/528/528 521/521/521 529/529/529
f 528/528/528 529/529/529 536/536/536
f 529/529/529 530/530/530 538/538/538
f 529/529/529 538/538/538 537/537/537
f 530/530/530 531/531/531 539/539/539
f 530/530/530 539/539/539 538/538/538
f 531/531/531 532/532/532 540/540/540
f 531/531/531 540/540/540 539/539/539
f 532/532/532 533/533/533 541/541/541
f 532/532/532 541/541/541 540/540/540
f 533/533/533 534/534/534 542/542/542
f 533/533/533 542/542/542 541/541/541
f 534/534/534 535/535/535 543/543/543
f 534/534/534 543/543/543 542/542/542
f 535/535/535 536/536/536 544/544/544
f 535/535/535 544/544/544 543/543/543
f 536/536/536 529/529/529 537/537/537
f 536/536/536 537/537/537 544/544/544
f 537/537/537 538/538/538 546/546/546
f 537/537/537 546/546/546 545/545/545
f 538/538/538 539/539/539 547/547/547
f 538/538/538 547/547/547 546/546/546
f 539/539/539 540/540/540 548/548/548
f 539/539/539 548/548/548 547/547/547
f 540/540/540 541/541/541 549/549/549
f 540/540/540 549/549/549 548/548/548
f 541/541/541 542/542/542 550/550/550
f 541/541/541 550/550/550 549/549/549
f 542/542/542 543/543/543 551/551/551
f 542/542/542 551/551/551 550/550/550
f 543/543/543 544/544/544 552/552/552
f 543/543/543 552/552/552 551/551/551
f 544/544/544 537/537/537 545/545/545
f 544/544/544 545/545/545 552/552/552
f 545/545/545 546/546/546 554/554/554
f 545/545/545 554/554/554 553/553/553
f 546/546/546 547/547/547 555/555/555
f 546/546/546 555/555/555 554/554/554
f 547/547/547 548/548/548 556/556/556
f 547/547/547 556/556/556 555/555/555
f 548/548/548 549/549/549 557/557/557
f 548/548/548 557/557/557 556/556/556
f 549/549/549 550/550/550 558/558/558
f 549/549/549 558/558/558 557/557/557
f 550/550/550 551/551/551 559/559/559
f 550/550/550 559/559/559 558/558/558
f 551/551/551 552/552/552 560/560/560
f 551/551/551 560/560/560 559/559/559
f 552/552/552 545/545/545 553/553/553
f 552/552/552 553/553/553 560/560/560
f 553/553/553 554/554/554 562/562/562
f 553/553/553 562/562/562 561/561/561
f 554/554/554 555/555/555 563/563/563
f 554/554/554 563/563/563 562/562/562
f 555/555/555 556/556/556 564/564/564
f 555/555/555 564/564/564 563/563/563
f 556/556/556 557/557/557 565/565/565
f 556/556/556 565/565/565 564/564/564
f 557/557/557 558/558/558 566/566/566
f 557/557/557 566/566/566 565/565/565
f 558/558/558 559/559/559 567/567/567
f 558/558/558 567/567/567 566/566/566
f 559/559/559 560/560/560 568/568/568
f 559/559/559 568/568/568 567/567/567
f 560/560/560 553/553/553 561/561/561
f 560/560/560 561/561/561 568/568/568
f 561/561/561 562/562/562 570/570/570
f 561/561/561 570/570/570 569/569/569
f 562/562/562 563/563/563 571/571/571
f 562/562/562 571/571/571 570/570/570
f 563/563/563 564/564/564 572/572/572
f 563/563/563 572/572/572 571/571/571
f 564/564/564 565/565/565 573/573/573
f 564/564/564 573/573/573 572/572/572
f 565/565/565 566/566/566 574/574/574
f 565/565/565 574/574/574 573/573/573
f 566/566/566 567/567/567 575/575/575
f 566/566/566 575/575/575 574/574/574
f 567/567/567 568/568/568 576/576/576
f 567/567/567 576/576/576 575/575/575
f 568/568/568 561/561/561 569/569/569
f 568/568/568 569/569/569 576/576/576
f 569/569/569 570/570/570 578/578/578
f 569/569/569 578/578/578 577/577/577
f 570/570/570 571/571/571 579/579/579
f 570/570/570 579/579/579 578/578/578
f 571/571/571 572/572/572 580/580/580
f 571/571/571 580/580/580 579/579/579
f 572/572/572 573/573/573 581/581/581
f 572/572/572 581/581/581 580/580/580
f 573/573/573 574/574/574 582/582/582
f 573/573/573 582/582/582 581/581/581
f 574/574/574 575/575/575 583/583/583
f 574/574/574 583/583/583 582/582/582
f 575/575/575 576/576/576 584/584/584
f 575/575/575 584/584/584 583/583/583
f 576/576/576 569/569/569 577/577/577
f 576/576/576 577/577/577 584/584/584
f 577/577/577 578/578/578 586/586/586
f 577/577/577 586/586/586 585/585/585
f 578/578/578 579/579/579 587/587/587
f 578/578/578 587/587/587 586/586/586
f 579/579/579 580/580/580 588/588/588
f 579/579/579 588/588/588 587/587/587
f 580/580/580 581/581/581 589/589/589
f 580/580/580 589/589/589 588/588/588
f 581/581/581 582/582/582 590/590/590
f 581/581/581 590/590/590 589/589/589
f 582/582/582 583/583/583 591/591/591
f 582/582/582 591/591/591 590/590/590
f 583/583/583 584/584/584 592/592/592
f 583/583/583 592/592/592 591/591/591
f 584/584/584 577/577/577 585/585/585
f 584/584/584 585/585/585 592/592/592
f 585/585/585 586/586/586 594/594/594
f 585/585/585 594/594/594 593/593/593
f 586/586/586 587/587/587 595/595/595
f 586/586/586 595/595/595 594/594/594
f 587/587/587 588/588/588 596/596/596
f 587/587/587 596/596/596 595/595/595
f 588/588/588 589/589/589 597/597/597
f 588/588/588 597/597/597 596/596/596
f 589/589/589 590/590/590 598/598/598
f 589/589/589 598/598/598 597/597/597
f 590/590/590 591/591/591 599/599/599
f 590/590/590 599/599/599 598/598/598
f 591/591/591 592/592/592 600/600/600
f 591/591/591 600/600/600 599/599/599
f 592/592/592 585/585/585 593/593/593
f 592/592/592 593/593/593 600/600/600
f 593/593/593 594/594/594 602/602/602
f 593/593/593 602/602/602 601/601/601
f 594/594/594 595/595/595 603/603/603
f 594/594/594 603/603/603 602/602/602
f 595/595/595 596/596/596 604/604/604
f 595/595/595 604/604/604 603/603/603
f 596/596/596 597/597/597 605/605/605
f 596/596/596 605/605/605 604/604/604
f 597/597/597 598/598/598 606/606/606
f 597/597/597 606/606/606 605/605/605
f 598/598/598 599/599/599 607/607/607
f 598/598/598 607/607/607 606/606/606
f 599/599/599 600/600/600 608/608/608
f 599/599/599 608/608/608 607/607/607
f 600/600/600 593/593/593 601/601/601
f 600/600/600 601/601/601 608/608/608
f 601/601/601 602/602/602 610/610/610
f 601/601/601 610/610/610 609/609/609
f 602/602/602 603/603/603 611/611/611
f 602/602/602 611/611/611 610/610/610
f 603/603/603 604/604/604 612/612/612
f 603/603/603 612/612/612 611/611/611
f 604/604/604 605/605/605 613/613/613
f 604/604/604 613/613/613 612/612/612
f 605/605/605 606/606/606 614/614/614
f 605/605/605 614/614/614 613/613/613
f 606/606/606 607/607/607 615/615/615
f 606/606/606 615/615/615 614/614/614
f 607/607/607 608/608/608 616/616/616
f 607/607/607 616/616/616 615/615/615
f 608/608/608 601/601/601 609/609/609
f 608/608/608 609/609/609 616/616/616
f 609/609/609 610/610/610 618/618/618
f 609/609/609 618/618/618 617/617/617
f 610/610/610 611/611/611 619/619/619
f 610/610/610 619/619/619 618/618/618
f 611/611/611 612/612/612 620/620/620
f 611/611/611 620/620/620 619/619/619
f 612/612/612 613/613/613 621/621/621
f 612/612/612 621/621/621 620/620/620
f 613/613/613 614/614/614 622/622/622
f 613/613/613 622/622/622 621/621/621
f 614/614/614 615/615/615 623/623/623
f 614/614/614 623/623/623 622/622/622
f 615/615/615 616/616/616 624/624/624
f 615/615/615 624/624/624 623/623/623
f 616/616/616 609/609/609 617/617/617
f 616/616/616 617/617/617 624/624/624
f 617/617/617 618/618/618 626/626/626
f 617/617/617 626/626/626 625/625/625
f 618/618/618 619/619/619 627/627/627
f 618/618/618 627/627/627 626/626/626
f 619/619/619 620/620/620 628/628/628
f 619/619/619 628/628/628 627/627/627
f 620/620/620 621/621/621 629/629/629
f 620/620/620 629/629/629 628/628/628
f 621/621/621 622/622/622 630/630/630
f 621/621/621 630/630/630 629/629/629
f 622/622/622 623/623/623 631/631/631
f 622/622/622 631/631/631 630/630/630
f 623/623/623 624/624/624 632/632/632
f 623/623/623 632/632/632 631/631/631
f 624/624/624 617/617/617 625/625/625
f 624/624/624 625/625/625 632/632/632
f 625/625/625 626/626/626 634/634/634
f 625/625/625 634/634/634 633/633/633
f 626/626/626 627/627/627 635/635/635
f 626/626/626 635/635/635 634/634/634
f 627/627/627 628/628/628 636/636/636
f 627/627/627 636/636/636 635/635/635
f 628/628/628 629/629/629 637/637/637
f 628/628/628 637/637/637 636/636/636
f 629/629/629 630/630/630 638/638/638
f 629/629/629 638/638/638 637/637/637
f 630/630/630 631/631/631 639/639/639
f 630/630/630 639/639/639 638/638/638
f 631/631/631 632/632/632 640/640/640
f 631/631/631 640/640/640 639/639/639
f 632/632/632 625/625/625 633/633/633
f 632/632/632 633/633/633 640/640/640
f 633/633/633 634/634/634 642/642/642
f 633/633/633 642/642/642 641/641/641
f 634/634/634 635/635/635 643/643/643
f 634/634/634 643/643/643 642/642/642
f 635/635/635 636/636/636 644/644/644
f 635/635/635 644/644/644 643/643/643
f 636/636/636 637/637/637 645/645/645
f 636/636/636 645/645/645 644/644/644
f 637/637/637 638/638/638 646/646/646
f 637/637/637 646/646/646 645/645/645
f 638/638/638 639/639/639 647/647/647
f 638/638/638 647/647/647 646/646/646
f 639/639/639 640/640/640 648/648/648
f 639/639/639 648/648/648 647/647/647
f 640/640/640 633/633/633 641/641/641
f 640/640/640 641/641/641 648/648/648
f 641/641/641 642/642/642 650/650/650
f 641/641/641 650/650/650 649/649/649
f 642/642/642 643/643/643 651/651/651
f 642/642/642 651/651/651 650/650/650
f 643/643/643 644/644/644 652/652/652
f 643/643/643 652/652/652 651/651/651
f 644/644/644 645/645/645 653/653/653
f 644/644/644 653/653/653 652/652/652
f 645/645/645 646/646/646 654/654/654
f 645/645/645 654/654/654 653/653/653
f 646/646/646 647/647/647 655/655/655
f 646/646/646 655/655/655 654/654/654
f 647/647/647 648/648/648 656/656/656
f 647/647/647 656/656/656 655/655/655
f 648/648/648 641/641/641 649/649/649
f 648/648/648 649/649/649 656/656/656
f 649/649/649 650/650/650 658/658/658
f 649/649/649 658/658/658 657/657/657
f 650/650/650 651/651/651 659/659/659
f 650/650/650 659/659/659 658/658/658
f 651/651/651 652/652/652 660/660/660
f 651/651/651 660/660/660 659/659/659
f 652/652/652 653/653/653 661/661/661
f 652/652/652 661/661/661 660/660/660
f 653/653/653 654/654/654 662/662/662
f 653/653/653 662/662/662 661/661/661
f 654/654/654 655/655/655 663/663/663
f 654/654/654 663/663/663 662/662/662
f 655/655/655 656/656/656 664/664/664
f 655/655/655 664/664/664 663/663/663
f 656/656/656 649/649/649 657/657/657
f 656/656/656 657/657/657 664/664/664
f 657/657/657 658/658/658 666/666/666
f 657/657/657 666/666/666 665/665/665
f 658/658/658 659/659/659 667/667/667
f 658/658/658 667/667/667 666/666/666
f 659/659/659 660/660/660 668/668/668
f 659/659/659 668/668/668 667/667/667
f 660/660/660 661/661/661 669/669/669
f 660/660/660 669/669/669 668/668/668
f 661/661/661 662/662/662 670/670/670
f 661/661/661 670/670/670 669/669/669
f 662/662/662 663/663/663 671/671/671
f 662/662/662 671/671/671 670/670/670
f 663/663/663 664/664/664 672/672/672
f 663/663/663 672/672/672 671/671/671
f 664/664/664 657/657/657 665/665/665
f 664/664/664 665/665/665 672/672/672
f 665/665/665 666/666/666 674/674/674
f 665/665/665 674/674/674 673/673/673
f 666/666/666 667/667/667 675/675/675
f 666/666/666 675/675/675 674/674/674
f 667/667/667 668/668/668 676/676/676
f 667/667/667 676/676/676 675/675/675
f 668/668/668 669/669/669 677/677/677
f 668/668/668 677/677/677 676/676/676
f 669/669/669 670/670/670 678/678/678
f 669/669/669 678/678/678 677/677/677
f 670/670/670 671/671/671 679/679/679
f 670/670/670 679/679/679 678/678/678
f 671/671/671 672/672/672 680/680/680
f 671/671/671 680/680/680 679/679/679
f 672/672/672 665/665/665 673/673/673
f 672/672/672 673/673/673 680/680/680
f 673/673/673 674/674/674 682/682/682
f 673/673/673 682/682/682 681/681/681
f 674/674/674 675/675/675 683/683/683
f 674/674/674 683/683/683 682/682/682
f 675/675/675 676/676/676 684/684/684
f 675/675/675 684/684/684 683/683/683
f 676/676/676 677/677/677 685/685/685
f 676/676/676 685/685/685 684/684/684
f 677/677/677 678/678/678 686/686/686
f 677/677/677 686/686/686 685/685/685
f 678/678/678 679/679/679 687/687/687
f 678/678/678 687/687/687 686/686/686
f 679/679/679 680/680/680 688/688/688
f 679/679/679 688/688/688 687/687/687
f 680/680/680 673/673/673 681/681/681
f 680/680/680 681/681/681 688/688/688
f 681/681/681 682/682/682 690/690/690
f 681/681/681 690/690/690 689/689/689
f 682/682/682 683/683/683 691/691/691
f 682/682/682 691/691/691 690/690/690
f 683/683/683 684/684/684 692/692/692
f 683/683/683 692/692/692 691/691/691
f 684/684/684 685/685/685 693/693/693
f 684/684/684 693/693/693 692/692/692
f 685/685/685 686/686/686 694/694/694
f 685/685/685 694/694/694 693/693/693
f 686/686/686 687/687/687 695/695/695
f 686/686/686 695/695/695 694/694/694
f 687/687/687 688/688/688 696/696/696
f 687/687/687 696/696/696 695/695/695
f 688/688/688 681/681/681 689/689/689
f 688/688/688 689/689/689 696/696/696
f 689/689/689 690/690/690 698/698/698
f 689/689/689 698/698/698 697/697/697
f 690/690/690 691/691/691 699/699/699
f 690/690/690 699/699/699 698/698/698
f 691/691/691 692/692/692 700/700/700
f 691/691/691 700/700/700 699/699/699
f 692/692/692 693/693/693 701/701/701
f 692/692/692 701/701/701 700/700/700
f 693/693/693 694/694/694 702/702/702
f 693/693/693 702/702/702 701/701/701
f 694/694/694 695/695/695 703/703/703
f 694/694/694 703/703/703 702/702/702
f 695/695/695 696/696/696 704/704/704
f 695/695/695 704/704/704 703/703/703
f 696/696/696 689/689/689 697/697/697
f 696/696/696 697/697/697 704/704/704
f 697/697/697 698/698/698 706/706/706
f 697/697/697 706/706/706 705/705/705
f 698/698/698 699/699/699 707/707/707
f 698/698/698 707/707/707 706/706/706
f 699/699/699 700/700/700 708/708/708
f 699/699/699 708/708/708 707/707/707
f 700/700/700 701/701/701 709/709/709
f 700/700/700 709/709/709 708/708/708
f 701/701/701 702/702/702 710/710/710
f 701/701/701 710/710/710 709/709/709
f 702/702/702 703/703/703 711/711/711
f 702/702/702 711/711/711 710/710/710
f 703/703/703 704/704/704 712/712/712
f 703/703/703 712/712/712 711/711/711
f 704/704/704 697/697/697 705/705/705
f 704/704/704 705/705/705 712/712/712
f 705/705/705 706/706/706 714/714/714
f 705/705/705 714/714/714 713/713/713
f 706/706/706 707/707/707 715/715/715
f 706/706/706 715/715/715 714/714/714
f 707/707/707 708/708/708 716/716/716
f 707/707/707 716/716/716 715/715/715
f 708/708/708 709/709/709 717/717/717
f 708/708/708 717/717/717 716/716/716
f 709/709/709 710/710/710 718/718/718
f 709/709/709 718/718/718 717/717/717
f 710/710/710 711/711/711 719/719/719
f 710/710/710 719/719/719 718/718/718
f 711/711/711 712/712/712 720/720/720
f 711/711/711 720/720/720 719/719/719
f 712/712/712 705/705/705 713/713/713
f 712/712/712 713/713/713 720/720/720
f 713/713/713 714/714/714 722/722/722
f 713/713/713 722/722/722 721/721/721
f 714/714/714 715/715/715 723/723/723
f 714/714/714 723/723/723 722/722/722
f 715/715/715 716/716/716 724/724/724
f 715/715/715 724/724/724 723/723/723
f 716/716/716 717/717/717 725/725/725
f 716/716/716 725/725/725 724/724/724
f 717/717/717 718/718/718 726/726/726
f 717/717/717 726/726/726 725/725/725
f 718/718/718 719/719/719 727/727/727
f 718/718/718 727/727/727 726/726/726
f 719/719/719 720/720/720 728/728/728
f 719/719/719 728/728/728 727/727/727
f 720/720/720 713/713/713 721/721/721
f 720/720/720 721/721/721 728/728/728
f 721/721/721 722/722/722 730/730/730
f 721/721/721 730/730/730 729/729/729
f 722/722/722 723/723/723 731/731/731
f 722/722/722 731/731/731 730/730/730
f 723/723/723 724/724/724 732/732/732
f 723/723/723 732/732/732 731/731/731
f 724/724/724 725/725/725 733/733/733
f 724/724/724 733/733/733 732/732/732
f 725/725/725 726/726/726 734/734/734
f 725/725/725 734/734/734 733/733/733
f 726/726/726 727/727/727 735/735/735
f 726/726/726 735/735/735 734/734/734
f 727/727/727 728/728/728 736/736/736
f 727/727/727 736/736/736 735/735/735
f 728/728/728 721/721/721 729/729/729
f 728/728/728 729/729/729 736/736/736
f 729/729/729 730/730/730 738/738/738
f 729/729/729 738/738/738 737/737/737
f 730/730/730 731/731/731 739/739/739
f 730/730/730 739/739/739 738/738/738
f 731/731/731 732/732/732 740/740/740
f 731/731/731 740/740/740 739/739/739
f 732/732/732 733/733/733 741/741/741
f 732/732/732 741/741/741 740/740/740
f 733/733/733 734/734/734 742/742/742
f 733/733/733 742/742/742 741/741/741
f 734/734/734 735/735/735 743/743/743
f 734/734/734 743/743/743 742/742/742
f 735/735/735 736/736/736 744/744/744
f 735/735/735 744/744/744 743/743/743
f 736/736/736 729/729/729 737/737/737
f 736/736/736 737/737/737 744/744/744
f 737/737/737 738/738/738 746/746/746
f 737/737/737 746/746/746 745/745/745
f 738/738/738 739/739/739 747/747/747
f 738/738/738 747/747/747 746/746/746
f 739/739/739 740/740/740 748/748/748
f 739/739/739 748/748/748 747/747/747
f 740/740/740 741/741/741 749/749/749
f 740/740/740 749/749/749 748/748/748
f 741/741/741 742/742/742 750/750/750
f 741/741/741 750/750/750 749/749/749
f 742/742/742 743/743/743 751/751/751
f 742/742/742 751/751/751 750/750/750
f 743/743/743 744/744/744 752/752/752
f 743/743/743 752/752/752 751/751/751
f 744/744/744 737/737/737 745/745/745
f 744/744/744 745/745/745 752/752/752
f 745/745/745 746/746/746 754/754/754
f 745/745/745 754/754/754 753/753/753
f 746/746/746 747/747/747 755/755/755
f 746/746/746 755/755/755 754/754/754
f 747/747/747 748/748/748 756/756/756
f 747/747/747 756/756/756 755/755/755
f 748/748/748 749/749/749 757/757/757
f 748/748/748 757/757/757 756/756/756
f 749/749/749 750/750/750 758/758/758
f 749/749/749 758/758/758 757/757/757
f 750/750/750 751/751/751 759/759/759
f 750/750/750 759/759/759 758/758/758
f 751/751/751 752/752/752 760/760/760
f 751/751/751 760/760/760 759/759/759
f 752/752/752 745/745/745 753/753/753
f 752/752/752 753/753/753 760/760/760
f 753/753/753 754/754/754 762/762/762
f 753/753/753 762/762/762 761/761/761
f 754/754/754 755/755/755 763/763/763
f 754/754/754 763/763/763 762/762/762
f 755/755/755 756/756/756 764/764/764
f 755/755/755 764/764/764 763/763/763
f 756/756/756 757/757/757 765/765/765
f 756/756/756 765/765/765 764/764/764
f 757/757/757 758/758/758 766/766/766
f 757/757/757 766/766/766 765/765/765
f 758/758/758 759/759/759 767/767/767
f 758/758/758 767/767/767 766/766/766
f 759/759/759 760/760/760 768/768/768
f 759/759/759 768/768/768 767/767/767
f 760/760/760 753/753/753 761/761/761
f 760/760/760 761/761/761 768/768/768
f 761/761/761 762/762/762 770/770/770
f 761/761/761 770/770/770 769/769/769
f 762/762/762 763/763/763 771/771/771
f 762/762/762 771/771/771 770/770/770
f 763/763/763 764/764/764 772/772/772
f 763/763/763 772/772/772 771/771/771
f 764/764/764 765/765/765 773/773/773
f 764/764/764 773/773/773 772/772/772
f 765/765/765 766/766/766 774/774/774
f 765/765/765 774/774/774 773/773/773
f 766/766/766 767/767/767 775/775/775
f 766/766/766 775/775/775 774/774/774
f 767/767/767 768/768/768 776/776/776
f 767/767/767 776/776/776 775/775/775
f 768/768/768 761/761/761 769/769/769
f 768/768/768 769/769/769 776/776/776
f 769/769/769 770/770/770 778/778/778
f 769/769/769 778/778/778 777/777/777
f 770/770/770 771/771/771 779/779/779
f 770/770/770 779/779/779 778/778/778
f 771/771/771 772/772/772 780/780/780
f 771/771/771 780/780/780 779/779/779
f 772/772/772 773/773/773 781/781/781
f 772/772/772 781/781/781 780/780/780
f 773/773/773 774/774/774 782/782/782
f 773/773/773 782/782/782 781/781/781
f 774/774/774 775/775/775 783/783/783
f 774/774/774 783/783/783 782/782/782
f 775/775/775 776/776/776 784/784/784
f 775/775/775 784/784/784 783/783/783
f 776/776/776 769/769/769 777/777/777
f 776/776/776 777/777/777 784/784/784
f 777/777/777 778/778/778 786/786/786
f 777/777/777 786/786/786 785/785/785
f 778/778/778 779/779/779 787/787/787
f 778/778/778 787/787/787 786/786/786
f 779/779/779 780/780/780 788/788/788
f 779/779/779 788/788/788 787/787/787
f 780/780/780 781/781/781 789/789/789
f 780/780/780 789/789/789 788/788/788
f 781/781/781 782/782/782 790/790/790
f 781/781/781 790/790/790 789/789/789
f 782/782/782 783/783/783 791/791/791
f 782/782/782 791/791/791 790/790/790
f 783/783/783 784/784/784 792/792/792
f 783/783/783 792/792/792 791/791/791
f 784/784/784 777/777/777 785/785/785
f 784/784/784 785/785/785 792/792/792
f 785/785/785 786/786/786 794/794/794
f 785/785/785 794/794/794 793/793/793
f 786/786/786 787/787/787 795/795/795
f 786/786/786 795/795/795 794/794/794
f 787/787/787 788/788/788 796/796/796
f 787/787/787 796/796/796 795/795/795
f 788/788/788 789/789/789 797/797/797
f 788/788/788 797/797/797 796/796/796
f 789/789/789 790/790/790 798/798/798
f 789/789/789 798/798/798 797/797/797
f 790/790/790 791/791/791 799/799/799
f 790/790/790 799/799/799 798/798/798
f 791/791/791 792/792/792 800/800/800
f 791/791/791 800/800/800 799/799/799
f 792/792/792 785/785/785 793/793/793
f 792/792/792 793/793/793 800/800/800
f 793/793/793 794/794/794 802/802/802
f 793/793/793 802/802/802 801/801/801
f 794/794/794 795/795/795 803/803/803
f 794/794/794 803/803/803 802/802/802
f 795/795/795 796/796/796 804/804/804
f 795/795/795 804/804/804 803/803/803
f 796/796/796 797/797/797 805/805/805
f 796/796/796 805/805/805 804/804/804
f 797/797/797 798/798/798 806/806/806
f 797/797/797 806/806/806 805/805/805
f 798/798/798 799/799/799 807/807/807
f 798/798/798 807/807/807 806/806/806
f 799/799/799 800/800/800 808/808/808
f 799/799/799 808/808/808 807/807/807
f 800/800/800 793/793/793 801/801/801
f 800/800/800 801/801/801 808/808/808
f 1/1/1 3/3/3 2/2/2
f 801/801/801 802/802/802 803/803/803
f 1/1/1 4/4/4 3/3/3
f 801/801/801 803/803/803 804/804/804
f 1/1/1 5/5/5 4/4/4
f 801/801/801 804/804/804 805/805/805
f 1/1/1 6/6/6 5/5/5
f 801/801/801 805/805/805 806/806/806
f 1/1/1 7/7/7 6/6/6
f 801/801/801 806/806/806 807/807/807
f 1/1/1 8/8/8 7/7/7
f 801/801/801 807/807/807 808/808/808
f 809/809/809 810/810/810 816/816/816
f 809/809/809 816/816/816 815/815/815
f 810/810/810 811/811/811 817/817/817
f 810/810/810 817/817/817 816/816/816
f 811/811/811 812/812/812 818/818/818
f 811/811/811 818/818/818 817/817/817
f 812/812/812 813/813/813 819/819/819
f 812/812/812 819/819/819 818/818/818
f 813/813/813 814/814/814 820/820/820
f 813/813/813 820/820/820 819/819/819
f 814/814/814 809/809/809 815/815/815
f 814/814/814 815/815/815 820/820/820
f 815/815/815 816/816/816 822/822/822
f 815/815/815 822/822/822 821/821/821
f 816/816/816 817/817/817 823/823/823
f 816/816/816 823/823/823 822/822/822
f 817/817/817 818/818/818 824/824/824
f 817/817/817 824/824/824 823/823/823
f 818/818/818 819/819/819 825/825/825
f 818/818/818 825/825/825 824/824/824
f 819/819/819 820/820/820 826/826/826
f 819/819/819 826/826/826 825/825/825
f 820/820/820 815/815/815 821/821/821
f 820/820/820 821/821/821 826/826/826
f 821/821/821 822/822/822 828/828/828
f 821/821/821 828/828/828 827/827/827
f 822/822/822 823/823/823 829/829/829
f 822/822/822 829/829/829 828/828/828
f 823/823/823 824/824/824 830/830/830
f 823/823/823 830/830/830 829/829/829
f 824/824/824 825/825/825 831/831/831
f 824/824/824 831/831/831 830/830/830
f 825/825/825 826/826/826 832/832/832
f 825/825/825 832/832/832 831/831/831
f 826/826/826 821/821/821 827/827/827
f 826/826/826 827/827/827 832/832/832
f 827/827/827 828/828/828 834/834/834
f 827/827/827 834/834/834 833/833/833
f 828/828/828 829/829/829 835/835/835
f 828/828/828 835/835/835 834/834/834
f 829/829/829 830/830/830 836/836/836
f 829/829/829 836/836/836 835/835/835
f 830/830/830 831/831/831 837/837/837
f 830/830/830 837/837/837 836/836/836
f 831/831/831 832/832/832 838/838/838
f 831/831/831 838/838/838 837/837/837
f 832/832/832 827/827/827 833/833/833
f 832/832/832 833/833/833 838/838/838
f 833/833/833 834/834/834 840/840/840
f 833/833/833 840/840/840 839/839/839
f 834/834/834 835/835/835 841/841/841
f 834/834/834 841/841/841 840/840/840
f 835/835/835 836/836/836 842/842/842
f 835/835/835 842/842/842 841/841/841
f 836/836/836 837/837/837 843/843/843
f 836/836/836 843/843/843 842/842/842
f 837/837/837 838/838/838 844/844/844
f 837/837/837 844/844/844 843/843/843
f 838/838/838 833/833/833 839/839/839
f 838/838/838 839/839/839 844/844/844
f 839/839/839 840/840/840 846/846/846
f 839/839/839 846/846/846 845/845/845
f 840/840/840 841/841/841 847/847/847
f 840/840/840 847/847/847 846/846/846
f 841/841/841 842/842/842 848/848/848
f 841/841/841 848/848/848 847/847/847
f 842/842/842 843/843/843 849/849/849
f 842/842/842 849/849/849 848/848/848
f 843/843/843 844/844/844 850/850/850
f 843/843/843 850/850/850 849/849/849
f 844/844/844 839/839/839 845/845/845
f 844/844/844 845/845/845 850/850/850
f 845/845/845 846/846/846 852/852/852
f 845/845/845 852/852/852 851/851/851
f 846/846/846 847/847/847 853/853/853
f 846/846/846 853/853/853 852/852/852
f 847/847/847 848/848/848 854/854/854
f 847/847/847 854/854/854 853/853/853
f 848/848/848 849/849/849 855/855/855
f 848/848/848 855/855/855 854/854/854
f 849/849/849 850/850/850 856/856/856
f 849/849/849 856/856/856 855/855/855
f 850/850/850 845/845/845 851/851/851
f 850/850/850 851/851/851 856/856/856
f 851/851/851 852/852/852 858/858/858
f 851/851/851 858/858/858 857/857/857
f 852/852/852 853/853/853 859/859/859
f 852/852/852 859/859/859 858/858/858
f 853/853/853 854/854/854 860/860/860
f 853/853/853 860/860/860 859/859/859
f 854/854/854 855/855/855 861/861/861
f 854/854/854 861/861/861 860/860/860
f 855/855/855 856/856/856 862/862/862
f 855/855/855 862/862/862 861/861/861
f 856/856/856 851/851/851 857/857/857
f 856/856/856 857/857/857 862/862/862
f 857/857/857 858/858/858 864/864/864
f 857/857/857 864/864/864 863/863/863
f 858/858/858 859/859/859 865/865/865
f 858/858/858 865/865/865 864/864/864
f 859/859/859 860/860/860 866/866/866
f 859/859/859 866/866/866 865/865/865
f 860/860/860 861/861/861 867/867/867
f 860/860/860 867/867/867 866/866/866
f 861/861/861 862/862/862 868/868/868
f 861/861/861 868/868/868 867/867/867
f 862/862/862 857/857/857 863/863/863
f 862/862/862 863/863/863 868/868/868
f 863/863/863 864/864/864 870/870/870
f 863/863/863 870/870/870 869/869/869
f 864/864/864 865/865/865 871/871/871
f 864/864/864 871/871/871 870/870/870
f 865/865/865 866/866/866 872/872/872
f 865/865/865 872/872/872 871/871/871
f 866/866/866 867/867/867 873/873/873
f 866/866/866 873/873/873 872/872/872
f 867/867/867 868/868/868 874/874/874
f 867/867/867 874/874/874 873/873/873
f 868/868/868 863/863/863 869/869/869
f 868/868/868 869/869/869 874/874/874
f 869/869/869 870/870/870 876/876/876
f 869/869/869 876/876/876 875/875/875
f 870/870/870 871/871/871 877/877/877
f 870/870/870 877/877/877 876/876/876
f 871/871/871 872/872/872 878/878/878
f 871/871/871 878/878/878 877/877/877
f 872/872/872 873/873/873 879/879/879
f 872/872/872 879/879/879 878/878/878
f 873/873/873 874/874/874 880/880/880
f 873/873/873 880/880/880 879/879/879
f 874/874/874 869/869/869 875/875/875
f 874/874/874 875/875/875 880/880/880
f 875/875/875 876/876/876 882/882/882
f 875/875/875 882/882/882 881/881/881
f 876/876/876 877/877/877 883/883/883
f 876/876/876 883/883/883 882/882/882
f 877/877/877 878/878/878 884/884/884
f 877/877/877 884/884/884 883/883/883
f 878/878/878 879/879/879 885/885/885
f 878/878/878 885/885/885 884/884/884
f 879/879/879 880/880/880 886/886/886
f 879/879/879 886/886/886 885/885/885
f 880/880/880 875/875/875 881/881/881
f 880/880/880 881/881/881 886/886/886
f 881/881/881 882/882/882 888/888/888
f 881/881/881 888/888/888 887/887/887
f 882/882/882 883/883/883 889/889/889
f 882/882/882 889/889/889 888/888/888
f 883/883/883 884/884/884 890/890/890
f 883/883/883 890/890/890 889/889/889
f 884/884/884 885/885/885 891/891/891
f 884/884/884 891/891/891 890/890/890
f 885/885/885 886/886/886 892/892/892
f 885/885/885 892/892/892 891/891/891
f 886/886/886 881/881/881 887/887/887
f 886/886/886 887/887/887 892/892/892
f 887/887/887 888/888/888 894/894/894
f 887/887/887 894/894/894 893/893/893
f 888/888/888 889/889/889 895/895/895
f 888/888/888 895/895/895 894/894/894
f 889/889/889 890/890/890 896/896/896
f 889/889/889 896/896/896 895/895/895
f 890/890/890 891/891/891 897/897/897
f 890/890/890 897/897/897 896/896/896
f 891/891/891 892/892/892 898/898/898
f 891/891/891 898/898/898 897/897/897
f 892/892/892 887/887/887 893/893/893
f 892/892/892 893/893/893 898/898/898
f 893/893/893 894/894/894 900/900/900
f 893/893/893 900/900/900 899/899/899
f 894/894/894 895/895/895 901/901/901
f 894/894/894 901/901/901 900/900/900
f 895/895/895 896/896/896 902/902/902
f 895/895/895 902/902/902 901/901/901
f 896/896/896 897/897/897 903/903/903
f 896/896/896 903/903/903 902/902/902
f 897/897/897 898/898/898 904/904/904
f 897/897/897 904/904/904 903/903/903
f 898/898/898 893/893/893 899/899/899
f 898/898/898 899/899/899 904/904/904
f 899/899/899 900/900/900 906/906/906
f 899/899/899 906/906/906 905/905/905
f 900/900/900 901/901/901 907/907/907
f 900/900/900 907/907/907 906/906/906
f 901/901/901 902/902/902 908/908/908
f 901/901/901 908/908/908 907/907/907
f 902/902/902 903/903/903 909/909/909
f 902/902/902 909/909/909 908/908/908
f 903/903/903 904/904/904 910/910/910
f 903/903/903 910/910/910 909/909/909
f 904/904/904 899/899/899 905/905/905
f 904/904/904 905/905/905 910/910/910
f 905/905/905 906/906/906 912/912/912
f 905/905/905 912/912/912 911/911/911
f 906/906/906 907/907/907 913/913/913
f 906/906/906 913/913/913 912/912/912
f 907/907/907 908/908/908 914/914/914
f 907/907/907 914/914/914 913/913/913
f 908/908/908 909/909/909 915/915/915
f 908/908/908 915/915/915 914/914/914
f 909/909/909 910/910/910 916/916/916
f 909/909/909 916/916/916 915/915/915
f 910/910/910 905/905/905 911/911/911
f 910/910/910 911/911/911 916/916/916
f 911/911/911 912/912/912 918/918/918
f 911/911/911 918/918/918 917/917/917
f 912/912/912 913/913/913 919/919/919
f 912/912/912 919/919/919 918/918/918
f 913/913/913 914/914/914 920/920/920
f 913/913/913 920/920/920 919/919/919
f 914/914/914 915/915/915 921/921/921
f 914/914/914 921/921/921 920/920/920
f 915/915/915 916/916/916 922/922/922
f 915/915/915 922/922/922 921/921/921
f 916/916/916 911/911/911 917/917/917
f 916/916/916 917/917/917 922/922/922
f 917/917/917 918/918/918 924/924/924
f 917/917/917 924/924/924 923/923/923
f 918/918/918 919/919/919 925/925/925
f 918/918/918 925/925/925 924/924/924
f 919/919/919 920/920/920 926/926/926
f 919/919/919 926/926/926 925/925/925
f 920/920/920 921/921/921 927/927/927
f 920/920/920 927/927/927 926/926/926
f 921/921/921 922/922/922 928/928/928
f 921/921/921 928/928/928 927/927/927
f 922/922/922 917/917/917 923/923/923
f 922/922/922 923/923/923 928/928/928
f 923/923/923 924/924/924 930/930/930
f 923/923/923 930/930/930 929/929/929
f 924/924/924 925/925/925 931/931/931
f 924/924/924 931/931/931 930/930/930
f 925/925/925 926/926/926 932/932/932
f 925/925/925 932/932/932 931/931/931
f 926/926/926 927/927/927 933/933/933
f 926/926/926 933/933/933 932/932/932
f 927/927/927 928/928/928 934/934/934
f 927/927/927 934/934/934 933/933/933
f 928/928/928 923/923/923 929/929/929
f 928/928/928 929/929/929 934/934/934
f 929/929/929 930/930/930 936/936/936
f 929/929/929 936/936/936 935/935/935
f 930/930/930 931/931/931 937/937/937
f 930/930/930 937/937/937 936/936/936
f 931/931/931 932/932/932 938/938/938
f 931/931/931 938/938/938 937/937/937
f 932/932/932 933/933/933 939/939/939
f 932/932/932 939/939/939 938/938/938
f 933/933/933 934/934/934 940/940/940
f 933/933/933 940/940/940 939/939/939
f 934/934/934 929/929/929 935/935/935
f 934/934/934 935/935/935 940/940/940
f 935/935/935 936/936/936 942/942/942
f 935/935/935 942/942/942 941/941/941
f 936/936/936 937/937/937 943/943/943
f 936/936/936 943/943/943 942/942/942
f 937/937/937 938/938/938 944/944/944
f 937/937/937 944/944/944 943/943/943
f 938/938/938 939/939/939 945/945/945
f 938/938/938 945/945/945 944/944/944
f 939/939/939 940/940/940 946/946/946
f 939/939/939 946/946/946 945/945/945
f 940/940/940 935/935/935 941/941/941
f 940/940/940 941/941/941 946/946/946
f 941/941/941 942/942/942 948/948/948
f 941/941/941 948/948/948 947/947/947
f 942/942/942 943/943/943 949/949/949
f 942/942/942 949/949/949 948/948/948
f 943/943/943 944/944/944 950/950/950
f 943/943/943 950/950/950 949/949/949
f 944/944/944 945/945/945 951/951/951
f 944/944/944 951/951/951 950/950/950
f 945/945/945 946/946/946 952/952/952
f 945/945/945 952/952/952 951/951/951
f 946/946/946 941/941/941 947/947/947
f 946/946/946 947/947/947 952/952/952
f 947/947/947 948/948/948 954/954/954
f 947/947/947 954/954/954 953/953/953
f 948/948/948 949/949/949 955/955/955
f 948/948/948 955/955/955 954/954/954
f 949/949/949 950/950/950 956/956/956
f 949/949/949 956/956/956 955/955/955
f 950/950/950 951/951/951 957/957/957
f 950/950/950 957/957/957 956/956/956
f 951/951/951 952/952/952 958/958/958
f 951/951/951 958/958/958 957/957/957
f 952/952/952 947/947/947 953/953/953
f 952/952/952 953/953/953 958/958/958
f 953/953/953 954/954/954 960/960/960
f 953/953/953 960/960/960 959/959/959
f 954/954/954 955/955/955 961/961/961
f 954/954/954 961/961/961 960/960/960
f 955/955/955 956/956/956 962/962/962
f 955/955/955 962/962/962 961/961/961
f 956/956/956 957/957/957 963/963/963
f 956/956/956 963/963/963 962/962/962
f 957/957/957 958/958/958 964/964/964
f 957/957/957 964/964/964 963/963/963
f 958/958/958 953/953/953 959/959/959
f 958/958/958 959/959/959 964/964/964
f 959/959/959 960/960/960 966/966/966
f 959/959/959 966/966/966 965/965/965
f 960/960/960 961/961/961 967/967/967
f 960/960/960 967/967/967 966/966/966
f 961/961/961 962/962/962 968/968/968
f 961/961/961 968/968/968 967/967/967
f 962/962/962 963/963/963 969/969/969
f 962/962/962 969/969/969 968/968/968
f 963/963/963 964/964/964 970/970/970
f 963/963/963 970/970/970 969/969/969
f 964/964/964 959/959/959 965/965/965
f 964/964/964 965/965/965 970/970/970
f 965/965/965 966/966/966 972/972/972
f 965/965/965 972/972/972 971/971/971
f 966/966/966 967/967/967 973/973/973
f 966/966/966 973/973/973 972/972/972
f 967/967/967 968/968/968 974/974/974
f 967/967/967 974/974/974 973/973/973
f 968/968/968 969/969/969 975/975/975
f 968/968/968 975/975/975 974/974/974
f 969/969/969 970/970/970 976/976/976
f 969/969/969 976/976/976 975/975/975
f 970/970/970 965/965/965 971/971/971
f 970/970/970 971/971/971 976/976/976
f 971/971/971 972/972/972 978/978/978
f 971/971/971 978/978/978 977/977/977
f 972/972/972 973/973/973 979/979/979
f 972/972/972 979/979/979 978/978/978
f 973/973/973 974/974/974 980/980/980
f 973/973/973 980/980/980 979/979/979
f 974/974/974 975/975/975 981/981/981
f 974/974/974 981/981/981 980/980/980
f 975/975/975 976/976/976 982/982/982
f 975/975/975 982/982/982 981/981/981
f 976/976/976 971/971/971 977/977/977
f 976/976/976 977/977/977 982/982/982
f 977/977/977 978/978/978 984/984/984
f 977/977/977 984/984/984 983/983/983
f 978/978/978 979/979/979 985/985/985
f 978/978/978 985/985/985 984/984/984
f 979/979/979 980/980/980 986/986/986
f 979/979/979 986/986/986 985/985/985
f 980/980/980 981/981/981 987/987/987
f 980/980/980 987/987/987 986/986/986
f 981/981/981 982/982/982 988/988/988
f 981/981/981 988/988/988 987/987/987
f 982/982/982 977/977/977 983/983/983
f 982/982/982 983/983/983 988/988/988
f 983/983/983 984/984/984 990/990/990
f 983/983/983 990/990/990 989/989/989
f 984/984/984 985/985/985 991/991/991
f 984/984/984 991/991/991 990/990/990
f 985/985/985 986/986/986 992/992/992
f 985/985/985 992/992/992 991/991/991
f 986/986/986 987/987/987 993/993/993
f 986/986/986 993/993/993 992/992/992
f 987/987/987 988/988/988 994/994/994
f 987/987/987 994/994/994 993/993/993
f 988/988/988 983/983/983 989/989/989
f 988/988/988 989/989/989 994/994/994
f 989/989/989 990/990/990 996/996/996
f 989/989/989 996/996/996 995/995/995
f 990/990/990 991/991/991 997/997/997
f 990/990/990 997/997/997 996/996/996
f 991/991/991 992/992/992 998/998/998
f 991/991/991 998/998/998 997/997/997
f 992/992/992 993/993/993 999/999/999
f 992/992/992 999/999/999 998/998/998
f 993/993/993 994/994/994 1000/1000/1000
f 993/993/993 1000/1000/1000 999/999/999
f 994/994/994 989/989/989 995/995/995
f 994/994/994 995/995/995 1000/1000/1000
f 995/995/995 996/996/996 1002/1002/1002
f 995/995/995 1002/1002/1002 1001/1001/1001
f 996/996/996 997/997/997 1003/1003/1003
f 996/996/996 1003/1003/1003 1002/1002/1002
f 997/997/997 998/998/998 1004/1004/1004
f 997/997/997 1004/1004/1004 1003/1003/1003
f 998/998/998 999/999/999 1005/1005/1005
f 998/998/998 1005/1005/1005 1004/1004/1004
f 999/999/999 1000/1000/1000 1006/1006/1006
f 999/999/999 1006/1006/1006 1005/1005/1005
f 1000/1000/1000 995/995/995 1001/1001/1001
f 1000/1000/1000 1001/1001/1001 1006/1006/1006
f 809/809/809 811/811/811 810/810/810
f 1001/1001/1001 1002/1002/1002 1003/1003/1003
f 809/809/809 812/812/812 811/811/811
f 1001/1001/1001 1003/1003/1003 1004/1004/1004
f 809/809/809 813/813/813 812/812/812
f 1001/1001/1001 1004/1004/1004 1005/1005/1005
f 809/809/809 814/814/814 813/813/813
f 1001/1001/1001 1005/1005/1005 1006/1006/1006
f 1007/1007/1007 1008/1008/1008 1014/1014/1014
f 1007/1007/1007 1014/1014/1014 1013/1013/1013
f 1008/1008/1008 1009/1009/1009 1015/1015/1015
f 1008/1008/1008 1015/1015/1015 1014/1014/1014
f 1009/1009/1009 1010/1010/1010 1016/1016/1016
f 1009/1009/1009 1016/1016/1016 1015/1015/1015
f 1010/1010/1010 1011/1011/1011 1017/1017/1017
f 1010/1010/1010 1017/1017/1017 1016/1016/1016
f 1011/1011/1011 1012/1012/1012 1018/1018/1018
f 1011/1011/1011 1018/1018/1018 1017/1017/1017
f 1012/1012/1012 1007/1007/1007 1013/1013/1013
f 1012/1012/1012 1013/1013/1013 1018/1018/1018
f 1013/1013/1013 1014/1014/1014 1020/1020/1020
f 1013/1013/1013 1020/1020/1020 1019/1019/1019
f 1014/1014/1014 1015/1015/1015 1021/1021/1021
f 1014/1014/1014 1021/1021/1021 1020/1020/1020
f 1015/1015/1015 1016/1016/1016 1022/1022/1022
f 1015/1015/1015 1022/1022/1022 1021/1021/1021
f 1016/1016/1016 1017/1017/1017 1023/1023/1023
f 1016/1016/1016 1023/1023/1023 1022/1022/1022
f 1017/1017/1017 1018/1018/1018 1024/1024/1024
f 1017/1017/1017 1024/1024/1024 1023/1023/1023
f 1018/1018/1018 1013/1013/1013 1019/1019/1019
f 1018/1018/1018 1019/1019/1019 1024/1024/1024
f 1019/1019/1019 1020/1020/1020 1026/1026/1026
f 1019/1019/1019 1026/1026/1026 1025/1025/1025
f 1020/1020/1020 1021/1021/1021 1027/1027/1027
f 1020/1020/1020 1027/1027/1027 1026/1026/1026
f 1021/1021/1021 1022/1022/1022 1028/1028/1028
f 1021/1021/1021 1028/1028/1028 1027/1027/1027
f 1022/1022/1022 1023/1023/1023 1029/1029/1029
f 1022/1022/1022 1029/1029/1029 1028/1028/1028
f 1023/1023/1023 1024/1024/1024 1030/1030/1030
f 1023/1023/1023 1030/1030/1030 1029/1029/1029
f 1024/1024/1024 1019/1019/1019 1025/1025/1025
f 1024/1024/1024 1025/1025/1025 1030/1030/1030
f 1025/1025/1025 1026/1026/1026 1032/1032/1032
f 1025/1025/1025 1032/1032/1032 1031/1031/1031
f 1026/1026/1026 1027/1027/1027 1033/1033/1033
f 1026/1026/1026 1033/1033/1033 1032/1032/1032
f 1027/1027/1027 1028/1028/1028 1034/1034/1034
f 1027/1027/1027 1034/1034/1034 1033/1033/1033
f 1028/1028/1028 1029/1029/1029 1035/1035/1035
f 1028/1028/1028 1035/1035/1035 1034/1034/1034
f 1029/1029/1029 1030/1030/1030 1036/1036/1036
f 1029/1029/1029 1036/1036/1036 1035/1035/1035
f 1030/1030/1030 1025/1025/1025 1031/1031/1031
f 1030/1030/1030 1031/1031/1031 1036/1036/1036
f 1031/1031/1031 1032/1032/1032 1038/1038/1038
f 1031/1031/1031 1038/1038/1038 1037/1037/1037
f 1032/1032/1032 1033/1033/1033 1039/1039/1039
f 1032/1032/1032 1039/1039/1039 1038/1038/1038
f 1033/1033/1033 1034/1034/1034 1040/1040/1040
f 1033/1033/1033 1040/1040/1040 1039/1039/1039
f 1034/1034/1034 1035/1035/1035 1041/1041/1041
f 1034/1034/1034 1041/1041/1041 1040/1040/1040
f 1035/1035/1035 1036/1036/1036 1042/1042/1042
f 1035/1035/1035 1042/1042/1042 1041/1041/1041
f 1036/1036/1036 1031/1031/1031 1037/1037/1037
f 1036/1036/1036 1037/1037/1037 1042/1042/1042
f 1037/1037/1037 1038/1038/1038 1044/1044/1044
f 1037/1037/1037 1044/1044/1044 1043/1043/1043
f 1038/1038/1038 1039/1039/1039 1045/1045/1045
f 1038/1038/1038 1045/1045/1045 1044/1044/1044
f 1039/1039/1039 1040/1040/1040 1046/1046/1046
f 1039/1039/1039 1046/1046/1046 1045/1045/1045
f 1040/1040/1040 1041/1041/1041 1047/1047/1047
f 1040/1040/1040 1047/1047/1047 1046/1046/1046
f 1041/1041/1041 1042/1042/1042 1048/1048/1048
f 1041/1041/1041 1048/1048/1048 1047/1047/1047
f 1042/1042/1042 1037/1037/1037 1043/1043/1043
f 1042/1042/1042 1043/1043/1043 1048/1048/1048
f 1043/1043/1043 1044/1044/1044 1050/1050/1050
f 1043/1043/1043 1050/1050/1050 1049/1049/1049
f 1044/1044/1044 1045/1045/1045 1051/1051/1051
f 1044/1044/1044 1051/1051/1051 1050/1050/1050
f 1045/1045/1045 1046/1046/1046 1052/1052/1052
f 1045/1045/1045 1052/1052/1052 1051/1051/1051
f 1046/1046/1046 1047/1047/1047 1053/1053/1053
f 1046/1046/1046 1053/1053/1053 1052/1052/1052
f 1047/1047/1047 1048/1048/1048 1054/1054/1054
f 1047/1047/1047 1054/1054/1054 1053/1053/1053
f 1048/1048/1048 1043/1043/1043 1049/1049/1049
f 1048/1048/1048 1049/1049/1049 1054/1054/1054
f 1049/1049/1049 1050/1050/1050 1056/1056/1056
f 1049/1049/1049 1056/1056/1056 1055/1055/1055
f 1050/1050/1050 1051/1051/1051 1057/1057/1057
f 1050/1050/1050 1057/1057/1057 1056/1056/1056
f 1051/1051/1051 1052/1052/1052 1058/1058/1058
f 1051/1051/1051 1058/1058/1058 1057/1057/1057
f 1052/1052/1052 1053/1053/1053 1059/1059/1059
f 1052/1052/1052 1059/1059/1059 1058/1058/1058
f 1053/1053/1053 1054/1054/1054 1060/1060/1060
f 1053/1053/1053 1060/1060/1060 1059/1059/1059
f 1054/1054/1054 1049/1049/1049 1055/1055/1055
f 1054/1054/1054 1055/1055/1055 1060/1060/1060
f 1055/1055/1055 1056/1056/1056 1062/1062/1062
f 1055/1055/1055 1062/1062/1062 1061/1061/1061
f 1056/1056/1056 1057/1057/1057 1063/1063/1063
f 1056/1056/1056 1063/1063/1063 1062/1062/1062
f 1057/1057/1057 1058/1058/1058 1064/1064/1064
f 1057/1057/1057 1064/1064/1064 1063/1063/1063
f 1058/1058/1058 1059/1059/1059 1065/1065/1065
f 1058/1058/1058 1065/1065/1065 1064/1064/1064
f 1059/1059/1059 1060/1060/1060 1066/1066/1066
f 1059/1059/1059 1066/1066/1066 1065/1065/1065
f 1060/1060/1060 1055/1055/1055 1061/1061/1061
f 1060/1060/1060 1061/1061/1061 1066/1066/1066
f 1061/1061/1061 1062/1062/1062 1068/1068/1068
f 1061/1061/1061 1068/1068/1068 1067/1067/1067
f 1062/1062/1062 1063/1063/1063 1069/1069/1069
f 1062/1062/1062 1069/1069/1069 1068/1068/1068
f 1063/1063/1063 1064/1064/1064 1070/1070/1070
f 1063/1063/1063 1070/1070/1070 1069/1069/1069
f 1064/1064/1064 1065/1065/1065 1071/1071/1071
f 1064/1064/1064 1071/1071/1071 1070/1070/1070
f 1065/1065/1065 1066/1066/1066 1072/1072/1072
f 1065/1065/1065 1072/1072/1072 1071/1071/1071
f 1066/1066/1066 1061/1061/1061 1067/1067/1067
f 1066/1066/1066 1067/1067/1067 1072/1072/1072
f 1067/1067/1067 1068/1068/1068 1074/1074/1074
f 1067/1067/1067 1074/1074/1074 1073/1073/1073
f 1068/1068/1068 1069/1069/1069 1075/1075/1075
f 1068/1068/1068 1075/1075/1075 1074/1074/1074
f 1069/1069/1069 1070/1070/1070 1076/1076/1076
f 1069/1069/1069 1076/1076/1076 1075/1075/1075
f 1070/1070/1070 1071/1071/1071 1077/1077/1077
f 1070/1070/1070 1077/1077/1077 1076/1076/1076
f 1071/1071/1071 1072/1072/1072 1078/1078/1078
f 1071/1071/1071 1078/1078/1078 1077/1077/1077
f 1072/1072/1072 1067/1067/1067 1073/1073/1073
f 1072/1072/1072 1073/1073/1073 1078/1078/1078
f 1073/1073/1073 1074/1074/1074 1080/1080/1080
f 1073/1073/1073 1080/1080/1080 1079/1079/1079
f 1074/1074/1074 1075/1075/1075 1081/1081/1081
f 1074/1074/1074 1081/1081/1081 1080/1080/1080
f 1075/1075/1075 1076/1076/1076 1082/1082/1082
f 1075/1075/1075 1082/1082/1082 1081/1081/1081
f 1076/1076/1076 1077/1077/1077 1083/1083/1083
f 1076/1076/1076 1083/1083/1083 1082/1082/1082
f 1077/1077/1077 1078/1078/1078 1084/1084/1084
f 1077/1077/1077 1084/1084/1084 1083/1083/1083
f 1078/1078/1078 1073/1073/1073 1079/1079/1079
f 1078/1078/1078 1079/1079/1079 1084/1084/1084
f 1079/1079/1079 1080/1080/1080 1086/1086/1086
f 1079/1079/1079 1086/1086/1086 1085/1085/1085
f 1080/1080/1080 1081/1081/1081 1087/1087/1087
f 1080/1080/1080 1087/1087/1087 1086/1086/1086
f 1081/1081/1081 1082/1082/1082 1088/1088/1088
f 1081/1081/1081 1088/1088/1088 1087/1087/1087
f 1082/1082/1082 1083/1083/1083 1089/1089/1089
f 1082/1082/1082 1089/1089/1089 1088/1088/1088
f 1083/1083/1083 1084/1084/1084 1090/1090/1090
f 1083/1083/1083 1090/1090/1090 1089/1089/1089
f 1084/1084/1084 1079/1079/1079 1085/1085/1085
f 1084/1084/1084 1085/1085/1085 1090/1090/1090
f 1085/1085/1085 1086/1086/1086 1092/1092/1092
f 1085/1085/1085 1092/1092/1092 1091/1091/1091
f 1086/1086/1086 1087/1087/1087 1093/1093/1093
f 1086/1086/1086 1093/1093/1093 1092/1092/1092
f 1087/1087/1087 1088/1088/1088 1094/1094/1094
f 1087/1087/1087 1094/1094/1094 1093/1093/1093
f 1088/1088/1088 1089/1089/1089 1095/1095/1095
f 1088/1088/1088 1095/1095/1095 1094/1094/1094
f 1089/1089/1089 1090/1090/1090 1096/1096/1096
f 1089/1089/1089 1096/1096/1096 1095/1095/1095
f 1090/1090/1090 1085/1085/1085 1091/1091/1091
f 1090/1090/1090 1091/1091/1091 1096/1096/1096
f 1091/1091/1091 1092/1092/1092 1098/1098/1098
f 1091/1091/1091 1098/1098/1098 1097/1097/1097
f 1092/1092/1092 1093/1093/1093 1099/1099/1099
f 1092/1092/1092 1099/1099/1099 1098/1098/1098
f 1093/1093/1093 1094/1094/1094 1100/1100/1100
f 1093/1093/1093 1100/1100/1100 1099/1099/1099
f 1094/1094/1094 1095/1095/1095 1101/1101/1101
f 1094/1094/1094 1101/1101/1101 1100/1100/1100
f 1095/1095/1095 1096/1096/1096 1102/1102/1102
f 1095/1095/1095 1102/1102/1102 1101/1101/1101
f 1096/1096/1096 1091/1091/1091 1097/1097/1097
f 1096/1096/1096 1097/1097/1097 1102/1102/1102
f 1097/1097/1097 1098/1098/1098 1104/1104/1104
f 1097/1097/1097 1104/1104/1104 1103/1103/1103
f 1098/1098/1098 1099/1099/1099 1105/1105/1105
f 1098/1098/1098 1105/1105/1105 1104/1104/1104
f 1099/1099/1099 1100/1100/1100 1106/1106/1106
f 1099/1099/1099 1106/1106/1106 1105/1105/1105
f 1100/1100/1100 1101/1101/1101 1107/1107/1107
f 1100/1100/1100 1107/1107/1107 1106/1106/1106
f 1101/1101/1101 1102/1102/1102 1108/1108/1108
f 1101/1101/1101 1108/1108/1108 1107/1107/1107
f 1102/1102/1102 1097/1097/1097 1103/1103/1103
f 1102/1102/1102 1103/1103/1103 1108/1108/1108
f 1103/1103/1103 1104/1104/1104 1110/1110/1110
f 1103/1103/1103 1110/1110/1110 1109/1109/1109
f 1104/1104/1104 1105/1105/1105 1111/1111/1111
f 1104/1104/1104 1111/1111/1111 1110/1110/1110
f 1105/1105/1105 1106/1106/1106 1112/1112/1112
f 1105/1105/1105 1112/1112/1112 1111/1111/1111
f 1106/1106/1106 1107/1107/1107 1113/1113/1113
f 1106/1106/1106 1113/1113/1113 1112/1112/1112
f 1107/1107/1107 1108/1108/1108 1114/1114/1114
f 1107/1107/1107 1114/1114/1114 1113/1113/1113
f 1108/1108/1108 1103/1103/1103 1109/1109/1109
f 1108/1108/1108 1109/1109/1109 1114/1114/1114
f 1109/1109/1109 1110/1110/1110 1116/1116/1116
f 1109/1109/1109 1116/1116/1116 1115/1115/1115
f 1110/1110/1110 1111/1111/1111 1117/1117/1117
f 1110/1110/1110 1117/1117/1117 1116/1116/1116
f 1111/1111/1111 1112/1112/1112 1118/1118/1118
f 1111/1111/1111 1118/1118/1118 1117/1117/1117
f 1112/1112/1112 1113/1113/1113 1119/1119/1119
f 1112/1112/1112 1119/1119/1119 1118/1118/1118
f 1113/1113/1113 1114/1114/1114 1120/1120/1120
f 1113/1113/1113 1120/1120/1120 1119/1119/1119
f 1114/1114/1114 1109/1109/1109 1115/1115/1115
f 1114/1114/1114 1115/1115/1115 1120/1120/1120
f 1115/1115/1115 1116/1116/1116 1122/1122/1122
f 1115/1115/1115 1122/1122/1122 1121/1121/1121
f 1116/1116/1116 1117/1117/1117 1123/1123/1123
f 1116/1116/1116 1123/1123/1123 1122/1122/1122
f 1117/1117/1117 1118/1118/1118 1124/1124/1124
f 1117/1117/1117 1124/1124/1124 1123/1123/1123
f 1118/1118/1118 1119/1119/1119 1125/1125/1125
f 1118/1118/1118 1125/1125/1125 1124/1124/1124
f 1119/1119/1119 1120/1120/1120 1126/1126/1126
f 1119/1119/1119 1126/1126/1126 1125/1125/1125
f 1120/1120/1120 1115/1115/1115 1121/1121/1121
f 1120/1120/1120 1121/1121/1121 1126/1126/1126
f 1121/1121/1121 1122/1122/1122 1128/1128/1128
f 1121/1121/1121 1128/1128/1128 1127/1127/1127
f 1122/1122/1122 1123/1123/1123 1129/1129/1129
f 1122/1122/1122 1129/1129/1129 1128/1128/1128
f 1123/1123/1123 1124/1124/1124 1130/1130/1130
f 1123/1123/1123 1130/1130/1130 1129/1129/1129
f 1124/1124/1124 1125/1125/1125 1131/1131/1131
f 1124/1124/1124 1131/1131/1131 1130/1130/1130
f 1125/1125/1125 1126/1126/1126 1132/1132/1132
f 1125/1125/1125 1132/1132/1132 1131/1131/1131
f 1126/1126/1126 1121/1121/1121 1127/1127/1127
f 1126/1126/1126 1127/1127/1127 1132/1132/1132
f 1127/1127/1127 1128/1128/1128 1134/1134/1134
f 1127/1127/1127 1134/1134/1134 1133/1133/1133
f 1128/1128/1128 1129/1129/1129 1135/1135/1135
f 1128/1128/1128 1135/1135/1135 1134/1134/1134
f 1129/1129/1129 1130/1130/1130 1136/1136/1136
f 1129/1129/1129 1136/1136/1136 1135/1135/1135
f 1130/1130/1130 1131/1131/1131 1137/1137/1137
f 1130/1130/1130 1137/1137/1137 1136/1136/1136
f 1131/1131/1131 1132/1132/1132 1138/1138/1138
f 1131/1131/1131 1138/1138/1138 1137/1137/1137
f 1132/1132/1132 1127/1127/1127 1133/1133/1133
f 1132/1132/1132 1133/1133/1133 1138/1138/1138
f 1133/1133/1133 1134/1134/1134 1140/1140/1140
f 1133/1133/1133 1140/1140/1140 1139/1139/1139
f 1134/1134/1134 1135/1135/1135 1141/1141/1141
f 1134/1134/1134 1141/1141/1141 1140/1140/1140
f 1135/1135/1135 1136/1136/1136 1142/1142/1142
f 1135/1135/1135 1142/1142/1142 1141/1141/1141
f 1136/1136/1136 1137/1137/1137 1143/1143/1143
f 1136/1136/1136 1143/1143/1143 1142/1142/1142
f 1137/1137/1137 1138/1138/1138 1144/1144/1144
f 1137/1137/1137 1144/1144/1144 1143/1143/1143
f 1138/1138/1138 1133/1133/1133 1139/1139/1139
f 1138/1138/1138 1139/1139/1139 1144/1144/1144
f 1139/1139/1139 1140/1140/1140 1146/1146/1146
f 1139/1139/1139 1146/1146/1146 1145/1145/1145
f 1140/1140/1140 1141/1141/1141 1147/1147/1147
f 1140/1140/1140 1147/1147/1147 1146/1146/1146
f 1141/1141/1141 1142/1142/1142 1148/1148/1148
f 1141/1141/1141 1148/1148/1148 1147/1147/1147
f 1142/1142/1142 1143/1143/1143 1149/1149/1149
f 1142/1142/1142 1149/1149/1149 1148/1148/1148
f 1143/1143/1143 1144/1144/1144 1150/1150/1150
f 1143/1143/1143 1150/1150/1150 1149/1149/1149
f 1144/1144/1144 1139/1139/1139 1145/1145/1145
f 1144/1144/1144 1145/1145/1145 1150/1150/1150
f 1145/1145/1145 1146/1146/1146 1152/1152/1152
f 1145/1145/1145 1152/1152/1152 1151/1151/1151
f 1146/1146/1146 1147/1147/1147 1153/1153/1153
f 1146/1146/1146 1153/1153/1153 1152/1152/1152
f 1147/1147/1147 1148/1148/1148 1154/1154/1154
f 1147/1147/1147 1154/1154/1154 1153/1153/1153
f 1148/1148/1148 1149/1149/1149 1155/1155/1155
f 1148/1148/1148 1155/1155/1155 1154/1154/1154
f 1149/1149/1149 1150/1150/1150 1156/1156/1156
f 1149/1149/1149 1156/1156/1156 1155/1155/1155
f 1150/1150/1150 1145/1145/1145 1151/1151/1151
f 1150/1150/1150 1151/1151/1151 1156/1156/1156
f 1151/1151/1151 1152/1152/1152 1158/1158/1158
f 1151/1151/1151 1158/1158/1158 1157/1157/1157
f 1152/1152/1152 1153/1153/1153 1159/1159/1159
f 1152/1152/1152 1159/1159/1159 1158/1158/1158
f 1153/1153/1153 1154/1154/1154 1160/1160/1160
f 1153/1153/1153 1160/1160/1160 1159/1159/1159
f 1154/1154/1154 1155/1155/1155 1161/1161/1161
f 1154/1154/1154 1161/1161/1161 1160/1160/1160
f 1155/1155/1155 1156/1156/1156 1162/1162/1162
f 1155/1155/1155 1162/1162/1162 1161/1161/1161
f 1156/1156/1156 1151/1151/1151 1157/1157/1157
f 1156/1156/1156 1157/1157/1157 1162/1162/1162
f 1157/1157/1157 1158/1158/1158 1164/1164/1164
f 1157/1157/1157 1164/1164/1164 1163/1163/1163
f 1158/1158/1158 1159/1159/1159 1165/1165/1165
f 1158/1158/1158 1165/1165/1165 1164/1164/1164
f 1159/1159/1159 1160/1160/1160 1166/1166/1166
f 1159/1159/1159 1166/1166/1166 1165/1165/1165
f 1160/1160/1160 1161/1161/1161 1167/1167/1167
f 1160/1160/1160 1167/1167/1167 1166/1166/1166
f 1161/1161/1161 1162/1162/1162 1168/1168/1168
f 1161/1161/1161 1168/1168/1168 1167/1167/1167
f 1162/1162/1162 1157/1157/1157 1163/1163/1163
f 1162/1162/1162 1163/1163/1163 1168/1168/1168
f 1163/1163/1163 1164/1164/1164 1170/1170/1170
f 1163/1163/1163 1170/1170/1170 1169/1169/1169
f 1164/1164/1164 1165/1165/1165 1171/1171/1171
f 1164/1164/1164 1171/1171/1171 1170/1170/1170
f 1165/1165/1165 1166/1166/1166 1172/1172/1172
f 1165/1165/1165 1172/1172/1172 1171/1171/1171
f 1166/1166/1166 1167/1167/1167 1173/1173/1173
f 1166/1166/1166 1173/1173/1173 1172/1172/1172
f 1167/1167/1167 1168/1168/1168 1174/1174/1174
f 1167/1167/1167 1174/1174/1174 1173/1173/1173
f 1168/1168/1168 1163/1163/1163 1169/1169/1169
f 1168/1168/1168 1169/1169/1169 1174/1174/1174
f 1169/1169/1169 1170/1170/1170 1176/1176/1176
f 1169/1169/1169 1176/1176/1176 1175/1175/1175
f 1170/1170/1170 1171/1171/1171 1177/1177/1177
f 1170/1170/1170 1177/1177/1177 1176/1176/1176
f 1171/1171/1171 1172/1172/1172 1178/1178/1178
f 1171/1171/1171 1178/1178/1178 1177/1177/1177
f 1172/1172/1172 1173/1173/1173 1179/1179/1179
f 1172/1172/1172 1179/1179/1179 1178/1178/1178
f 1173/1173/1173 1174/1174/1174 1180/1180/1180
f 1173/1173/1173 1180/1180/1180 1179/1179/1179
f 1174/1174/1174 1169/1169/1169 1175/1175/1175
f 1174/1174/1174 1175/1175/1175 1180/1180/1180
f 1175/1175/1175 1176/1176/1176 1182/1182/1182
f 1175/1175/1175 1182/1182/1182 1181/1181/1181
f 1176/1176/1176 1177/1177/1177 1183/1183/1183
f 1176/1176/1176 1183/1183/1183 1182/1182/1182
f 1177/1177/1177 1178/1178/1178 1184/1184/1184
f 1177/1177/1177 1184/1184/1184 1183/1183/1183
f 1178/1178/1178 1179/1179/1179 1185/1185/1185
f 1178/1178/1178 1185/1185/1185 1184/1184/1184
f 1179/1179/1179 1180/1180/1180 1186/1186/1186
f 1179/1179/1179 1186/1186/1186 1185/1185/1185
f 1180/1180/1180 1175/1175/1175 1181/1181/1181
f 1180/1180/1180 1181/1181/1181 1186/1186/1186
f 1181/1181/1181 1182/1182/1182 1188/1188/1188
f 1181/1181/1181 1188/1188/1188 1187/1187/1187
f 1182/1182/1182 1183/1183/1183 1189/1189/1189
f 1182/1182/1182 1189/1189/1189 1188/1188/1188
f 1183/1183/1183 1184/1184/1184 1190/1190/1190
f 1183/1183/1183 1190/1190/1190 1189/1189/1189
f 1184/1184/1184 1185/1185/1185 1191/1191/1191
f 1184/1184/1184 1191/1191/1191 1190/1190/1190
f 1185/1185/1185 1186/1186/1186 1192/1192/1192
f 1185/1185/1185 1192/1192/1192 1191/1191/1191
f 1186/1186/1186 1181/1181/1181 1187/1187/1187
f 1186/1186/1186 1187/1187/1187 1192/1192/1192
f 1187/1187/1187 1188/1188/1188 1194/1194/1194
f 1187/1187/1187 1194/1194/1194 1193/1193/1193
f 1188/1188/1188 1189/1189/1189 1195/1195/1195
f 1188/1188/1188 1195/1195/1195 1194/1194/1194
f 1189/1189/1189 1190/1190/1190 1196/1196/1196
f 1189/1189/1189 1196/1196/1196 1195/1195/1195
f 1190/1190/1190 1191/1191/1191 1197/1197/1197
f 1190/1190/1190 1197/1197/1197 1196/1196/1196
f 1191/1191/1191 1192/1192/1192 1198/1198/1198
f 1191/1191/1191 1198/1198/1198 1197/1197/1197
f 1192/1192/1192 1187/1187/1187 1193/1193/1193
f 1192/1192/1192 1193/1193/1193 1198/1198/1198
f 1193/1193/1193 1194/1194/1194 1200/1200/1200
f 1193/1193/1193 1200/1200/1200 1199/1199/1199
f 1194/1194/1194 1195/1195/1195 1201/1201/1201
f 1194/1194/1194 1201/1201/1201 1200/1200/1200
f 1195/1195/1195 1196/1196/1196 1202/1202/1202
f 1195/1195/1195 1202/1202/1202 1201/1201/1201
f 1196/1196/1196 1197/1197/1197 1203/1203/1203
f 1196/1196/1196 1203/1203/1203 1202/1202/1202
f 1197/1197/1197 1198/1198/1198 1204/1204/1204
f 1197/1197/1197 1204/1204/1204 1203/1203/1203
f 1198/1198/1198 1193/1193/1193 1199/1199/1199
f 1198/1198/1198 1199/1199/1199 1204/1204/1204
f 1007/1007/1007 1009/1009/1009 1008/1008/1008
f 1199/1199/1199 1200/1200/1200 1201/1201/1201
f 1007/1007/1007 1010/1010/1010 1009/1009/1009
f 1199/1199/1199 1201/1201/1201 1202/1202/1202
f 1007/1007/1007 1011/1011/1011 1010/1010/1010
f 1199/1199/1199 1202/1202/1202 1203/1203/1203
f 1007/1007/1007 1012/1012/1012 1011/1011/1011
f 1199/1199/1199 1203/1203/1203 1204/1204/1204
