# Reference-led flame ribbon, Y up, longitudinal flow UVs
o flame_curl_04_v13
v -6.8157288 0.0704770 0.3520808
v -6.8156922 0.0703373 0.3520491
v -6.8156618 0.0700000 0.3519608
v -6.8156580 0.0697120 0.3518809
v -6.8156804 0.0695926 0.3518430
v -6.8157158 0.0697120 0.3518692
v -6.8157436 0.0700000 0.3519442
v -6.8157500 0.0703373 0.3520374
v -6.7590221 0.1724559 0.0723316
v -6.7572227 0.1658787 0.0708795
v -6.7556758 0.1500000 0.0667403
v -6.7553877 0.1357668 0.0627810
v -6.7564270 0.1298712 0.0608785
v -6.7581848 0.1357668 0.0621473
v -6.7596315 0.1500000 0.0658440
v -6.7600198 0.1658787 0.0702458
v -6.6897422 0.2606550 -0.2056815
v -6.6871319 0.2516763 -0.2075570
v -6.6847295 0.2300000 -0.2131536
v -6.6840279 0.2094864 -0.2188809
v -6.6853526 0.2009894 -0.2216960
v -6.6879275 0.2094864 -0.2199498
v -6.6902444 0.2300000 -0.2146653
v -6.6910315 0.2516763 -0.2086259
v -6.6091776 0.3506489 -0.4772985
v -6.6055204 0.3387431 -0.4796332
v -6.6019530 0.3100000 -0.4869663
v -6.6005602 0.2811967 -0.4950181
v -6.6021629 0.2692660 -0.4990560
v -6.6058223 0.2811967 -0.4967147
v -6.6093948 0.3100000 -0.4893655
v -6.6107825 0.3387431 -0.4813298
v -6.5178128 0.4417148 -0.7422856
v -6.5129276 0.4265679 -0.7450518
v -6.5079114 0.3900000 -0.7542491
v -6.5054825 0.3512018 -0.7650826
v -6.5072839 0.3351311 -0.7706135
v -6.5122603 0.3512018 -0.7676018
v -6.5174968 0.3900000 -0.7578117
v -6.5197054 0.4265679 -0.7475709
v -6.4156784 0.5292634 -1.0014677
v -6.4098403 0.5119056 -1.0043963
v -6.4035575 0.4700000 -1.0147642
v -6.3999516 0.4230745 -1.0278218
v -6.4016937 0.4036373 -1.0345964
v -6.4077633 0.4230745 -1.0311194
v -6.4146049 0.4700000 -1.0194277
v -6.4176520 0.5119056 -1.0076939
v -6.3031667 0.6133999 -1.2544395
v -6.2966992 0.5948305 -1.2573126
v -6.2894234 0.5500000 -1.2682008
v -6.2846313 0.4973337 -1.2827724
v -6.2861001 0.4755186 -1.2904452
v -6.2929693 0.4973337 -1.2867246
v -6.3012151 0.5500000 -1.2737901
v -6.3050372 0.5948305 -1.2612647
v -6.1815183 0.7003710 -1.4992405
v -6.1741372 0.6797598 -1.5021461
v -6.1654680 0.6300000 -1.5139877
v -6.1590841 0.5691836 -1.5306821
v -6.1602301 0.5439926 -1.5395966
v -6.1682347 0.5691836 -1.5355092
v -6.1784090 0.6300000 -1.5208142
v -6.1832878 0.6797598 -1.5069731
v -6.0520858 0.7950830 -1.7343685
v -6.0429716 0.7701628 -1.7375532
v -6.0318017 0.7100000 -1.7515572
v -6.0228105 0.6342757 -1.7721377
v -6.0235737 0.6029096 -1.7832785
v -6.0336442 0.6342757 -1.7784533
v -6.0471229 0.7100000 -1.7604887
v -6.0538053 0.7701628 -1.7438687
v -5.9150492 0.8936796 -1.9606403
v -5.9037763 0.8633126 -1.9641461
v -5.8893616 0.7900000 -1.9808104
v -5.8769356 0.6960371 -2.0060436
v -5.8770907 0.6571164 -2.0198922
v -5.8897361 0.6960371 -2.0142440
v -5.9074643 0.7900000 -1.9924075
v -5.9165768 0.8633126 -1.9723465
v -5.7692642 0.9857578 -2.1804706
v -5.7565563 0.9518532 -2.1839993
v -5.7396030 0.8700000 -2.2021389
v -5.7242436 0.7644115 -2.2301013
v -5.7235671 0.7206753 -2.2456687
v -5.7379698 0.7644115 -2.2397219
v -5.7590148 0.8700000 -2.2157446
v -5.7702826 0.9518532 -2.1936200
v -5.6138461 1.0650467 -2.3951150
v -5.6011472 1.0313503 -2.3982722
v -5.5834777 0.9500000 -2.4158195
v -5.5669399 0.8455793 -2.4430371
v -5.5654697 0.8023269 -2.4584221
v -5.5799282 0.8455793 -2.4529621
v -5.6018459 0.9500000 -2.4298556
v -5.6141355 1.0313503 -2.4081972
v -5.4499108 1.1369936 -2.6029447
v -5.4380718 1.1056559 -2.6055839
v -5.4209032 1.0300000 -2.6214383
v -5.4045574 0.9343902 -2.6459202
v -5.4025143 0.8947873 -2.6599889
v -5.4159706 0.9343902 -2.6554032
v -5.4370439 1.0300000 -2.6348492
v -5.4494850 1.1056559 -2.6150668
v -5.2802221 1.2137940 -2.8009038
v -5.2687306 1.1833934 -2.8031976
v -5.2513836 1.1100000 -2.8181084
v -5.2348100 1.0195414 -2.8408201
v -5.2322512 0.9820722 -2.8541101
v -5.2452061 1.0195414 -2.8501933
v -5.2660859 1.1100000 -2.8313640
v -5.2791267 1.1833934 -2.8125707
v -5.1066710 1.3011734 -2.9876968
v -5.0943662 1.2686114 -2.9898837
v -5.0750647 1.1900000 -3.0053288
v -5.0567725 1.0962568 -3.0283627
v -5.0535055 1.0574271 -3.0421144
v -5.0671773 1.0962568 -3.0385281
v -5.0897794 1.1900000 -3.0197048
v -5.1047710 1.2686114 -3.0000491
v -4.9284194 1.3919486 -3.1650145
v -4.9149276 1.3562307 -3.1671248
v -4.8929827 1.2700000 -3.1834613
v -4.8725495 1.1711463 -3.2071865
v -4.8684878 1.1301998 -3.2216703
v -4.8831768 1.1711463 -3.2184283
v -4.9080119 1.2700000 -3.1993595
v -4.9255549 1.3562307 -3.1783666
v -4.7434022 1.4752195 -3.3351657
v -4.7295478 1.4385436 -3.3370346
v -4.7062379 1.3500000 -3.3531543
v -4.6850736 1.2528837 -3.3758756
v -4.6805062 1.2126569 -3.3900952
v -4.6952112 1.2528837 -3.3874835
v -4.7205746 1.3500000 -3.3695703
v -4.7396854 1.4385436 -3.3486425
v -4.5519509 1.5515679 -3.4978364
v -4.5384891 1.5159615 -3.4993513
v -4.5151209 1.4300000 -3.5143297
v -4.4945447 1.3400742 -3.5347965
v -4.4898042 1.3028258 -3.5479635
v -4.5036763 1.3400742 -3.5461177
v -4.5280350 1.4300000 -3.5303404
v -4.5476207 1.5159615 -3.5106725
v -4.3579871 1.6353173 -3.6500685
v -4.3440849 1.5986127 -3.6513033
v -4.3192517 1.5100000 -3.6660126
v -4.2981203 1.4217181 -3.6855158
v -4.2929833 1.3851506 -3.6984524
v -4.3068499 1.4217181 -3.6972441
v -4.3315972 1.5100000 -3.6825988
v -4.3528145 1.5986127 -3.6630315
v -4.1653877 1.7385819 -3.7897961
v -4.1488590 1.6950632 -3.7908437
v -4.1185538 1.5900000 -3.8073673
v -4.0936713 1.4903046 -3.8286955
v -4.0873405 1.4490094 -3.8433267
v -4.1032699 1.4903046 -3.8426902
v -4.1321283 1.5900000 -3.8271588
v -4.1584576 1.6950632 -3.8048383
v -3.9732000 1.8546432 -3.9187286
v -3.9525856 1.8005625 -3.9194689
v -3.9138830 1.6700000 -3.9387999
v -3.8832087 1.5517913 -3.9632248
v -3.8750862 1.5028276 -3.9806088
v -3.8942735 1.5517913 -3.9807685
v -3.9295309 1.6700000 -3.9636104
v -3.9636504 1.8005625 -3.9370126
v -3.7758343 1.9617109 -4.0408885
v -3.7520975 1.8997022 -4.0410359
v -3.7065626 1.7500000 -4.0617448
v -3.6716450 1.6202422 -4.0875637
v -3.6620573 1.5664948 -4.1066888
v -3.6834158 1.6202422 -4.1079168
v -3.7232090 1.7500000 -4.0905285
v -3.7638683 1.8997022 -4.0613890
v -3.5689768 2.0449853 -4.1583841
v -3.5447611 1.9820176 -4.1577568
v -3.4973869 1.8300000 -4.1772278
v -3.4620887 1.7032188 -4.2014373
v -3.4520604 1.6507043 -4.2201576
v -3.4731764 1.7032188 -4.2224226
v -3.5130673 1.8300000 -4.2069055
v -3.5558488 1.9820176 -4.1787421
v -3.3546015 2.1118840 -4.2694438
v -3.3317539 2.0527535 -4.2680601
v -3.2862443 1.9100000 -4.2848047
v -3.2530942 1.7946825 -4.3058511
v -3.2433600 1.7469164 -4.3228884
v -3.2627439 1.7946825 -4.3259362
v -3.2998910 1.9100000 -4.3132093
v -3.3414035 2.0527535 -4.2881452
v -3.1387613 2.1819838 -4.3709024
v -3.1169359 2.1257531 -4.3687657
v -3.0727320 1.9900000 -4.3831509
v -3.0410034 1.8829028 -4.4017404
v -3.0313764 1.8385416 -4.4175357
v -3.0494905 1.8829028 -4.4212841
v -3.0847345 1.9900000 -4.4107898
v -3.1254230 2.1257531 -4.3883094
v -2.9244646 2.2634304 -4.4618459
v -2.9023877 2.2067759 -4.4587982
v -2.8569689 2.0700000 -4.4716669
v -2.8245381 1.9635993 -4.4891254
v -2.8143686 1.9195267 -4.5047350
v -2.8324175 1.9635993 -4.5093518
v -2.8681121 2.0700000 -4.5002713
v -2.9102672 2.2067759 -4.4790246
v -2.7083849 2.3443494 -4.5440080
v -2.6861355 2.2874258 -4.5399777
v -2.6396717 2.1500000 -4.5511993
v -2.6063103 2.0434414 -4.5676043
v -2.5954950 1.9993034 -4.5830778
v -2.6135614 2.0434414 -4.5885558
v -2.6499263 2.1500000 -4.5808293
v -2.6933866 2.2874258 -4.5609293
v -2.4857576 2.4096000 -4.6189147
v -2.4651601 2.3569964 -4.6142326
v -2.4215137 2.2300000 -4.6229549
v -2.3896346 2.1307141 -4.6371639
v -2.3789484 2.0895885 -4.6513444
v -2.3957149 2.1307141 -4.6571897
v -2.4301125 2.2300000 -4.6512756
v -2.4712404 2.3569964 -4.6342584
v -2.2575797 2.4620900 -4.6857366
v -2.2401349 2.4175438 -4.6809097
v -2.2026268 2.3100000 -4.6868432
v -2.1744290 2.2242336 -4.6981224
v -2.1646575 2.1887079 -4.7100790
v -2.1790362 2.2242336 -4.7157092
v -2.2091423 2.3100000 -4.7117148
v -2.2447421 2.4175438 -4.6984965
v -2.0310429 2.5223359 -4.7424080
v -2.0158930 2.4835756 -4.7374174
v -1.9828303 2.3900000 -4.7412683
v -1.9569576 2.3130210 -4.7504379
v -1.9476958 2.2811352 -4.7608217
v -1.9604702 2.3130210 -4.7663372
v -1.9877979 2.3900000 -4.7637533
v -2.0194056 2.4835756 -4.7533167
v -1.8122729 2.6064928 -4.7881820
v -1.7967148 2.5665150 -4.7821840
v -1.7622296 2.4700000 -4.7847563
v -1.7338570 2.3872821 -4.7935196
v -1.7233784 2.3530192 -4.8042130
v -1.7369322 2.3872821 -4.8105724
v -1.7665787 2.4700000 -4.8088726
v -1.7997901 2.5665150 -4.7992368
v -1.5998604 2.7087212 -4.8242959
v -1.5818979 2.6622328 -4.8163021
v -1.5414191 2.5500000 -4.8176173
v -1.5061195 2.4489778 -4.8269131
v -1.4926935 2.4071330 -4.8393021
v -1.5090059 2.4489778 -4.8475269
v -1.5455011 2.5500000 -4.8467695
v -1.5847844 2.6622328 -4.8369159
v -1.3867500 2.8079359 -4.8522663
v -1.3668202 2.7558197 -4.8421459
v -1.3210995 2.6300000 -4.8416942
v -1.2786028 2.5103908 -4.8509531
v -1.2619918 2.4608471 -4.8647216
v -1.2809970 2.5103908 -4.8749344
v -1.3244854 2.6300000 -4.8756089
v -1.3692144 2.7558197 -4.8661271
v -1.1681483 2.8902558 -4.8722948
v -1.1482354 2.8374601 -4.8608727
v -1.1016591 2.7100000 -4.8584263
v -1.0553919 2.5816819 -4.8664072
v -1.0368479 2.5285308 -4.8801217
v -1.0568898 2.5816819 -4.8915361
v -1.1037775 2.7100000 -4.8939639
v -1.1497333 2.8374601 -4.8860016
v -0.9463444 2.9615587 -4.8836291
v -0.9277197 2.9113103 -4.8716725
v -0.8832285 2.7900000 -4.8674258
v -0.8360142 2.6607137 -4.8734329
v -0.8166532 2.6071615 -4.8861187
v -0.8364868 2.6607137 -4.8980521
v -0.8838969 2.7900000 -4.9022427
v -0.9281923 2.9113103 -4.8962917
v -0.7273582 3.0375170 -4.8859154
v -0.7095522 2.9884524 -4.8732315
v -0.6660343 2.8700000 -4.8671983
v -0.6168702 2.7368137 -4.8712330
v -0.5962862 2.6816461 -4.8830892
v -0.6163400 2.7368137 -4.8958215
v -0.6652845 2.8700000 -4.9019717
v -0.7090220 2.9884524 -4.8978200
v -0.5137799 3.1241023 -4.8795193
v -0.4957241 3.0731089 -4.8653650
v -0.4505043 2.9500000 -4.8571310
v -0.3964586 2.8048654 -4.8591287
v -0.3733972 2.7447486 -4.8706998
v -0.3948291 2.8048654 -4.8850662
v -0.4481998 2.9500000 -4.8938123
v -0.4940946 3.0731089 -4.8913025
v -0.3020666 3.2107121 -4.8645549
v -0.2838402 3.1577827 -4.8489541
v -0.2370002 3.0300000 -4.8383761
v -0.1782871 2.8733944 -4.8378969
v -0.1527920 2.8085262 -4.8489177
v -0.1754497 2.8733944 -4.8649828
v -0.2329875 3.0300000 -4.8766814
v -0.2810028 3.1577827 -4.8760400
v -0.0871593 3.2827989 -4.8402768
v -0.0702563 3.2321873 -4.8245960
v -0.0256409 3.1100000 -4.8125518
v 0.0324032 2.9559193 -4.8094509
v 0.0580232 2.8920970 -4.8188584
v 0.0362112 2.9559193 -4.8352633
v -0.0202555 3.1100000 -4.8490560
v -0.0664483 3.2321873 -4.8504084
v 0.1308913 3.3395136 -4.8059825
v 0.1450439 3.2957221 -4.7918481
v 0.1834294 3.1900000 -4.7797708
v 0.2346680 3.0543703 -4.7747004
v 0.2576389 2.9981906 -4.7817319
v 0.2388861 3.0543703 -4.7967465
v 0.1893946 3.1900000 -4.8109488
v 0.1492620 3.2957221 -4.8138943
v 0.3457096 3.3968847 -4.7623850
v 0.3573118 3.3597210 -4.7499824
v 0.3896470 3.2700000 -4.7383381
v 0.4334105 3.1542603 -4.7319954
v 0.4533295 3.1063193 -4.7369475
v 0.4377356 3.1542603 -4.7502937
v 0.3957636 3.2700000 -4.7642158
v 0.3616368 3.3597210 -4.7682807
v 0.5503295 3.4726319 -4.7114446
v 0.5611465 3.4367139 -4.6991235
v 0.5921121 3.3500000 -4.6865286
v 0.6341181 3.2387915 -4.6784832
v 0.6535269 3.1927274 -4.6822548
v 0.6389692 3.2387915 -4.6956339
v 0.5989727 3.3500000 -4.7107833
v 0.5659976 3.4367139 -4.7162742
v 0.7438225 3.5684485 -4.6544056
v 0.7555883 3.5278979 -4.6401688
v 0.7901646 3.4300000 -4.6244387
v 0.8366776 3.3064889 -4.6133243
v 0.8585000 3.2553290 -4.6164418
v 0.8428485 3.3064889 -4.6319649
v 0.7988917 3.4300000 -4.6508005
v 0.7617593 3.5278979 -4.6588095
v 0.9315453 3.6689922 -4.5903188
v 0.9445456 3.6224244 -4.5736314
v 0.9837407 3.5100000 -4.5538298
v 1.0355412 3.3717629 -4.5389412
v 1.0602325 3.3145033 -4.5412595
v 1.0433508 3.3717629 -4.5594266
v 0.9947851 3.5100000 -4.5828005
v 0.9523552 3.6224244 -4.5941168
v 1.1185644 3.7593024 -4.5172776
v 1.1318605 3.7097148 -4.4991667
v 1.1729725 3.5900000 -4.4762226
v 1.2259398 3.4476609 -4.4583629
v 1.2516127 3.3887021 -4.4595724
v 1.2349523 3.4476609 -4.4791425
v 1.1857180 3.5900000 -4.5056094
v 1.1408730 3.7097148 -4.5199463
v 1.3036206 3.8415326 -4.4353244
v 1.3165283 3.7912918 -4.4166296
v 1.3574632 3.6700000 -4.3914875
v 1.4085686 3.5314226 -4.3716329
v 1.4337854 3.4740220 -4.3716894
v 1.4183419 3.5314226 -4.3916239
v 1.3712847 3.6700000 -4.4197591
v 1.3263015 3.7912918 -4.4366207
v 1.4807653 3.9312975 -4.3472396
v 1.4937940 3.8781967 -4.3271017
v 1.5362040 3.7500000 -4.2985083
v 1.5872972 3.6099102 -4.2759411
v 1.6129989 3.5518831 -4.2748876
v 1.5982533 3.6099102 -4.2959649
v 1.5516982 3.7500000 -4.3268262
v 1.5047500 3.8781967 -4.3471255
v 1.6469868 4.0367118 -4.2553663
v 1.6611110 3.9761673 -4.2319464
v 1.7083753 3.8300000 -4.1970227
v 1.7631962 3.6776834 -4.1697721
v 1.7913572 3.6145918 -4.1674386
v 1.7763619 3.6776834 -4.1913890
v 1.7269944 3.8300000 -4.2275937
v 1.6742766 3.9761673 -4.2535633
v 1.8066792 4.1446194 -4.1578454
v 1.8218333 4.0759010 -4.1307045
v 1.8741023 3.9100000 -4.0884105
v 1.9324439 3.7453660 -4.0560251
v 1.9631062 3.6771723 -4.0522327
v 1.9481278 3.7453660 -4.0792551
v 1.8962827 3.9100000 -4.1212627
v 1.8375171 4.0759010 -4.1539345
v 1.9671090 4.2320241 -4.0495217
v 1.9817759 4.1611369 -4.0209057
v 2.0341253 3.9900000 -3.9745218
v 2.0904343 3.8282300 -3.9398226
v 2.1207751 3.7612227 -3.9348530
v 2.1073746 3.8282300 -3.9625240
v 2.0580825 3.9900000 -4.0066265
v 1.9987162 4.1611369 -4.0436071
v 2.1298606 4.2912860 -3.9276592
v 2.1423223 4.2264728 -3.9008926
v 2.1886087 4.0700000 -3.8559549
v 2.2367456 3.9288467 -3.8231705
v 2.2633954 3.8703791 -3.8177435
v 2.2529469 3.9288467 -3.8428531
v 2.2115207 4.0700000 -3.8837903
v 2.1585236 4.2264728 -3.9205752
v 2.2884351 4.3397824 -3.7959935
v 2.2982447 4.2841964 -3.7724924
v 2.3364620 4.1500000 -3.7317817
v 2.3750895 4.0340647 -3.7027972
v 2.3971101 3.9860428 -3.6974294
v 2.3896242 4.0340647 -3.7188229
v 2.3570171 4.1500000 -3.7544455
v 2.3127794 4.2841964 -3.7885182
v 2.4349340 4.4017393 -3.6615431
v 2.4429517 4.3514381 -3.6397623
v 2.4760786 4.2300000 -3.6009616
v 2.5088519 4.1290071 -3.5739218
v 2.5281309 4.0871745 -3.5684305
v 2.5226222 4.1290071 -3.5877046
v 2.4955527 4.2300000 -3.6204534
v 2.4567221 4.3514381 -3.6535451
v 2.5678310 4.4828987 -3.5272458
v 2.5749668 4.4322578 -3.5047854
v 2.6067283 4.3100000 -3.4637595
v 2.6377652 4.2114579 -3.4356285
v 2.6566414 4.1706404 -3.4294430
v 2.6522996 4.2114579 -3.4488266
v 2.6272831 4.3100000 -3.4824244
v 2.5895012 4.4322578 -3.5179835
v 2.6918447 4.5674675 -3.3893324
v 2.6981301 4.5154885 -3.3657239
v 2.7289723 4.3900000 -3.3216164
v 2.7590687 4.2911486 -3.2916435
v 2.7780249 4.2502030 -3.2845668
v 2.7747366 4.2911486 -3.3045319
v 2.7511300 4.3900000 -3.3398434
v 2.7137980 4.5154885 -3.3786123
v 2.8108847 4.6399653 -3.2430814
v 2.8158308 4.5901836 -3.2199398
v 2.8435604 4.4700000 -3.1758079
v 2.8709294 4.3765694 -3.1458203
v 2.8888059 4.3378692 -3.1382607
v 2.8867181 4.3765694 -3.1575572
v 2.8658890 4.4700000 -3.1924064
v 2.8316195 4.5901836 -3.2316767
v 2.9231580 4.7048447 -3.0900101
v 2.9266119 4.6594917 -3.0684511
v 2.9501124 4.5500000 -3.0265530
v 2.9739142 4.4650817 -2.9977905
v 2.9900535 4.4299073 -2.9900809
v 2.9890762 4.4650817 -3.0079404
v 2.9715547 4.5500000 -3.0409070
v 2.9417739 4.6594917 -3.0786010
v 3.0239546 4.7804459 -2.9372357
v 3.0262151 4.7363814 -2.9158423
v 3.0472242 4.6300000 -2.8735244
v 3.0694102 4.5467340 -2.8438466
v 3.0850416 4.5122441 -2.8354185
v 3.0849618 4.5467340 -2.8531771
v 3.0692176 4.6300000 -2.8867197
v 3.0417668 4.7363814 -2.9251728
v 3.1117809 4.8755860 -2.7893011
v 3.1129841 4.8270870 -2.7652898
v 3.1339779 4.7100000 -2.7169866
v 3.1574956 4.6164279 -2.6819859
v 3.1747297 4.5776691 -2.6714916
v 3.1755845 4.6164279 -2.6916512
v 3.1595594 4.7100000 -2.7306555
v 3.1310730 4.8270870 -2.7749551
v 3.1900486 4.9774596 -2.6423972
v 3.1898705 4.9225539 -2.6147294
v 3.2110900 4.7900000 -2.5581506
v 3.2367804 4.6806353 -2.5153319
v 3.2563892 4.6353349 -2.5018279
v 3.2584298 4.6806353 -2.5255491
v 3.2417069 4.7900000 -2.5726001
v 3.2115199 4.9225539 -2.6249466
v 3.2628688 5.0647840 -2.4882944
v 3.2610025 5.0077331 -2.4590973
v 3.2802660 4.8700000 -2.3984100
v 3.3059933 4.7515236 -2.3499832
v 3.3264954 4.7024491 -2.3339837
v 3.3297624 4.7515236 -2.3597838
v 3.3138805 4.8700000 -2.4122702
v 3.2847716 5.0077331 -2.4688979
v 3.3306444 5.1300302 -2.3235646
v 3.3273030 5.0773006 -2.2962265
v 3.3424109 4.9500000 -2.2384550
v 3.3652050 4.8349325 -2.1894796
v 3.3842459 4.7872699 -2.1726017
v 3.3883796 4.8349325 -2.1977081
v 3.3751848 4.9500000 -2.2500918
v 3.3504777 5.0773006 -2.3044550
v 3.3904364 5.1854711 -2.1533948
v 3.3861156 5.1399347 -2.1295431
v 3.3967346 5.0300000 -2.0782703
v 3.4153983 4.9250172 -2.0318620
v 3.4318483 4.8815319 -2.0152529
v 3.4364486 4.9250172 -2.0381724
v 3.4265043 5.0300000 -2.0871946
v 3.4071660 5.1399347 -2.1358535
v 3.4397178 5.2480910 -1.9859051
v 3.4345871 5.2076451 -1.9645639
v 3.4417815 5.1100000 -1.9178613
v 3.4572148 5.0112428 -1.8726346
v 3.4717181 4.9703362 -1.8558975
v 3.4767957 5.0112428 -1.8774543
v 3.4694732 5.1100000 -1.9246774
v 3.4541681 5.2076451 -1.9693836
v 3.4786423 5.3219914 -1.8239271
v 3.4725041 5.2833320 -1.8034396
v 3.4771726 5.1900000 -1.7577561
v 3.4905268 5.0900876 -1.7104718
v 3.5041303 5.0487025 -1.6924508
v 3.5100143 5.0900876 -1.7142496
v 3.5047321 5.1900000 -1.7630988
v 3.4919916 5.2833320 -1.8072174
v 3.5088033 5.3972896 -1.6635607
v 3.5017147 5.3600074 -1.6437743
v 3.5040286 5.2700000 -1.5987772
v 3.5152068 5.1683858 -1.5491996
v 3.5278840 5.1262958 -1.5298118
v 3.5346341 5.1683858 -1.5519711
v 3.5315030 5.2700000 -1.6026967
v 3.5211420 5.3600074 -1.6465458
v 3.5309409 5.4644135 -1.5005386
v 3.5235544 5.4309026 -1.4827754
v 3.5236212 5.3500000 -1.4415433
v 3.5317929 5.2542934 -1.3935131
v 3.5425920 5.2146504 -1.3743027
v 3.5496924 5.2542934 -1.3951652
v 3.5489350 5.3500000 -1.4438796
v 3.5414539 5.4309026 -1.4844275
v 3.5446172 5.5264603 -1.3366839
v 3.5375756 5.4982078 -1.3217603
v 3.5359006 5.4300000 -1.2863833
v 3.5409163 5.3461828 -1.2432111
v 3.5493417 5.3114646 -1.2255986
v 3.5562412 5.3461828 -1.2438629
v 3.5575732 5.4300000 -1.2873050
v 3.5529005 5.4982078 -1.3224120
v 3.5497368 5.5963237 -1.1791247
v 3.5427498 5.5710401 -1.1658395
v 3.5396728 5.5100000 -1.1336716
v 3.5422501 5.4328883 -1.0929897
v 3.5490301 5.4009476 -1.0760995
v 3.5560411 5.4328883 -1.0928951
v 3.5591762 5.5100000 -1.1335378
v 3.5565408 5.5710401 -1.1657449
v 3.5474480 5.6826574 -1.0332202
v 3.5392601 5.6555187 -1.0190521
v 3.5342328 5.5900000 -0.9840205
v 3.5347502 5.5058735 -0.9386485
v 3.5410702 5.4710272 -0.9195123
v 3.5494904 5.5058735 -0.9378217
v 3.5550785 5.5900000 -0.9828512
v 3.5540002 5.6555187 -1.0182253
v 3.5391231 5.7802323 -0.8970037
v 3.5286133 5.7479460 -0.8802675
v 3.5205408 5.6700000 -0.8380399
v 3.5183327 5.5694557 -0.7827050
v 3.5245842 5.5278089 -0.7590294
v 3.5356331 5.5694557 -0.7808820
v 3.5450072 5.6700000 -0.8354618
v 3.5459137 5.7479460 -0.8784445
v 3.5248921 5.8748930 -0.7632722
v 3.5121568 5.8383127 -0.7444481
v 3.5005887 5.7500000 -0.6960319
v 3.4948277 5.6368471 -0.6325936
v 3.5003851 5.5899777 -0.6050859
v 3.5140054 5.6368471 -0.6296225
v 3.5277101 5.7500000 -0.6918301
v 3.5313344 5.8383127 -0.7414770
v 3.5039033 5.9576248 -0.6271877
v 3.4900694 5.9202443 -0.6080904
v 3.4757110 5.8300000 -0.5580829
v 3.4665368 5.7163421 -0.4932750
v 3.4706232 5.6692634 -0.4648143
v 3.4855763 5.7163421 -0.4893727
v 3.5026369 5.8300000 -0.5525641
v 3.5091089 5.9202443 -0.6041880
v 3.4761325 6.0325824 -0.4911402
v 3.4620628 5.9966788 -0.4729260
v 3.4457647 5.9100000 -0.4244348
v 3.4339210 5.8036774 -0.3628707
v 3.4363339 5.7596371 -0.3354986
v 3.4515901 5.8036774 -0.3583526
v 3.4707525 5.9100000 -0.4180453
v 3.4797319 5.9966788 -0.4684079
v 3.4431859 6.1104916 -0.3614307
v 3.4285733 6.0752004 -0.3436510
v 3.4100100 5.9900000 -0.2955888
v 3.3955697 5.8889997 -0.2362883
v 3.3965118 5.8471641 -0.2095969
v 3.4122843 5.8889997 -0.2311502
v 3.4336481 5.9900000 -0.2883224
v 3.4452879 6.0752004 -0.3385128
v 3.4065517 6.1950493 -0.2405061
v 3.3905420 6.1584232 -0.2221842
v 3.3685456 6.0700000 -0.1719508
v 3.3508768 5.9693198 -0.1120962
v 3.3504566 5.9276167 -0.0848181
v 3.3675312 5.9693198 -0.1060956
v 3.3920985 6.0700000 -0.1634645
v 3.4071964 6.1584232 -0.2161836
v 3.3653580 6.2781019 -0.1238758
v 3.3480448 6.2405817 -0.1052490
v 3.3226106 6.1500000 -0.0534942
v 3.3019987 6.0513819 0.0057879
v 3.3002390 6.0105329 0.0331542
v 3.3183623 6.0513819 0.0125738
v 3.3457523 6.1500000 -0.0438975
v 3.3644085 6.2405817 -0.0984632
v 3.3170985 6.3495186 -0.0056832
v 3.3000381 6.3145124 0.0115469
v 3.2734974 6.2300000 0.0600409
v 3.2521296 6.1422736 0.1132902
v 3.2493457 6.1059361 0.1382035
v 3.2667765 6.1422736 0.1201870
v 3.2942111 6.2300000 0.0697945
v 3.3146849 6.3145124 0.0184437
v 3.2613002 6.4103161 0.1134591
v 3.2461656 6.3809342 0.1277757
v 3.2214365 6.3100000 0.1685885
v 3.2018556 6.2398832 0.2115048
v 3.1986365 6.2108399 0.2318699
v 3.2136648 6.2398832 0.2177542
v 3.2381371 6.3100000 0.1774266
v 3.2579747 6.3809342 0.1340252
v 3.2016646 6.4732198 0.2259261
v 3.1883842 6.4488453 0.2376591
v 3.1657528 6.3900000 0.2715496
v 3.1482342 6.3345883 0.3057003
v 3.1448839 6.3116361 0.3221510
v 3.1576645 6.3345883 0.3112650
v 3.1790893 6.3900000 0.2794193
v 3.1978146 6.4488453 0.2432238
v 3.1431866 6.5494757 0.3248982
v 3.1297619 6.5261978 0.3359374
v 3.1060446 6.4700000 0.3682734
v 3.0881452 6.4194871 0.3995740
v 3.0843318 6.3985639 0.4148939
v 3.0968382 6.4194871 0.4052590
v 3.1183383 6.4700000 0.3763132
v 3.1384549 6.5261978 0.3416224
v 3.0870019 6.6371656 0.4114585
v 3.0714084 6.6116354 0.4233453
v 3.0429938 6.5500000 0.4587025
v 3.0220840 6.4969252 0.4917159
v 3.0172466 6.4749409 0.5081491
v 3.0313154 6.4969252 0.4983757
v 3.0560490 6.5500000 0.4681209
v 3.0806398 6.6116354 0.4300051
v 3.0293445 6.7244384 0.4927081
v 3.0114456 6.6967780 0.5052980
v 2.9779499 6.6300000 0.5433988
v 2.9538520 6.5746187 0.5779166
v 2.9478949 6.5516790 0.5954062
v 2.9635683 6.5746187 0.5856225
v 2.9916908 6.6300000 0.5542966
v 3.0211618 6.6967780 0.5130040
v 2.9664094 6.8031570 0.5735339
v 2.9477007 6.7758720 0.5856106
v 2.9118757 6.7100000 0.6228917
v 2.8865534 6.6570208 0.6559123
v 2.8799341 6.6350760 0.6729555
v 2.8958953 6.6570208 0.6640377
v 2.9250871 6.7100000 0.6343828
v 2.9570426 6.7758720 0.5937360
v 2.8992899 6.8765810 0.6520148
v 2.8808661 6.8512220 0.6628588
v 2.8448762 6.7900000 0.6971242
v 2.8197075 6.7418424 0.7270694
v 2.8127986 6.7218949 0.7428222
v 2.8281966 6.7418424 0.7351549
v 2.8568815 6.7900000 0.7085589
v 2.8893551 6.8512220 0.6709444
v 2.8326187 6.9529919 0.7233357
v 2.8139117 6.9286841 0.7332982
v 2.7767260 6.8700000 0.7656647
v 2.7507709 6.8244064 0.7938714
v 2.7433242 6.8055210 0.8089993
v 2.7587480 6.8244064 0.8021866
v 2.7880072 6.8700000 0.7774241
v 2.8218887 6.9286841 0.7416133
v 2.7684498 7.0344069 0.7864979
v 2.7483054 7.0096847 0.7961128
v 2.7076414 6.9500000 0.8284187
v 2.6790250 6.9036963 0.8568261
v 2.6704726 6.8845167 0.8723595
v 2.6869941 6.9036963 0.8659196
v 2.7189113 6.9500000 0.8412788
v 2.7562744 7.0096847 0.8052063
v 2.7032283 7.1142881 0.8454500
v 2.6819443 7.0896007 0.8544474
v 2.6383844 7.0300000 0.8859544
v 2.6071376 6.9832919 0.9142609
v 2.5974356 6.9639448 0.9300390
v 2.6149618 6.9832919 0.9240463
v 2.6494495 7.0300000 0.8997932
v 2.6897685 7.0896007 0.8642329
v 2.6319570 7.1859431 0.9039812
v 2.6116854 7.1636999 0.9114563
v 2.5696741 7.1100000 0.9390213
v 2.5386118 7.0669921 0.9646481
v 2.5286154 7.0491777 0.9792058
v 2.5455406 7.0669921 0.9741667
v 2.5794729 7.1100000 0.9524826
v 2.6186141 7.1636999 0.9209749
v 2.5545315 7.2505597 0.9612467
v 2.5374629 7.2328222 0.9666275
v 2.5016751 7.1900000 0.9878232
v 2.4741106 7.1545631 1.0084692
v 2.4649377 7.1398846 1.0204198
v 2.4795299 7.1545631 1.0166746
v 2.5093392 7.1900000 0.9994274
v 2.5428823 7.2328222 0.9748328
v 2.4764696 7.3156585 1.0130770
v 2.4629011 7.3022855 1.0166340
v 2.4341340 7.2700000 1.0319120
v 2.4108369 7.2421252 1.0476849
v 2.4028398 7.2305791 1.0569897
v 2.4148273 7.2421252 1.0543757
v 2.4397772 7.2700000 1.0413742
v 2.4668914 7.3022855 1.0233248
v 2.4032735 7.3869755 1.0566920
v 2.3917073 7.3761456 1.0591137
v 2.3669177 7.3500000 1.0708169
v 2.3456532 7.3262665 1.0837544
v 2.3381432 7.3164357 1.0915393
v 2.3487868 7.3262665 1.0896112
v 2.3713493 7.3500000 1.0790996
v 2.3948409 7.3761456 1.0649704
v 2.3352901 7.4636241 1.0929975
v 2.3242411 7.4537758 1.0947309
v 2.3003002 7.4300000 1.1046618
v 2.2784428 7.4071917 1.1165202
v 2.2705216 7.3977442 1.1238122
v 2.2811766 7.4071917 1.1222663
v 2.3041663 7.4300000 1.1127880
v 2.3269749 7.4537758 1.1004770
v 2.2687863 7.5409735 1.1245690
v 2.2581188 7.5319015 1.1256850
v 2.2347443 7.5100000 1.1340710
v 2.2119878 7.4877466 1.1449683
v 2.2035473 7.4785290 1.1518398
v 2.2143671 7.4877466 1.1506601
v 2.2381091 7.5100000 1.1421205
v 2.2604980 7.5319015 1.1313768
v 2.2011700 7.6164479 1.1526341
v 2.1916478 7.6087015 1.1531342
v 2.1705380 7.5900000 1.1595423
v 2.1486470 7.5698910 1.1686680
v 2.1403576 7.5615616 1.1746022
v 2.1505257 7.5698910 1.1738688
v 2.1731950 7.5900000 1.1668974
v 2.1935266 7.6087015 1.1583350
v 2.1338118 7.6914283 1.1765791
v 2.1257701 7.6851521 1.1765830
v 2.1077220 7.6700000 1.1810726
v 2.0878682 7.6528252 1.1881410
v 2.0802103 7.6457111 1.1929246
v 2.0892344 7.6528252 1.1926212
v 2.1096541 7.6700000 1.1874085
v 2.1271363 7.6851521 1.1810632
v 2.0695979 7.7682481 1.1956786
v 2.0624822 7.7629034 1.1953109
v 2.0463040 7.7500000 1.1984478
v 2.0275536 7.7346836 1.2039944
v 2.0202013 7.7283394 1.2079589
v 2.0285541 7.7346836 1.2080190
v 2.0477190 7.7500000 1.2041396
v 2.0634828 7.7629034 1.1993356
v 2.0088512 7.8468108 1.2103070
v 2.0020633 7.8418871 1.2095992
v 1.9864189 7.8300000 1.2117661
v 1.9674875 7.8153543 1.2162276
v 1.9599536 7.8092879 1.2196811
v 1.9682305 7.8153543 1.2201035
v 1.9874697 7.8300000 1.2172474
v 2.0028063 7.8418871 1.2134750
v 1.9487001 7.9247080 1.2213076
v 1.9425734 7.9204001 1.2203405
v 1.9282516 7.9100000 1.2215155
v 1.9103477 7.8968388 1.2246492
v 1.9031261 7.8913873 1.2274011
v 1.9108170 7.8968388 1.2281590
v 1.9289152 7.9100000 1.2264791
v 1.9430427 7.9204001 1.2238503
v 1.8862002 7.9999156 1.2288233
v 1.8819565 7.9970114 1.2279189
v 1.8718908 7.9900000 1.2281592
v 1.8590408 7.9809901 1.2296149
v 1.8537925 7.9772581 1.2312218
v 1.8592202 7.9809901 1.2320385
v 1.8721444 7.9900000 1.2315868
v 1.8821359 7.9970114 1.2303426
v 1.8177392 8.0702801 1.2322133
v 1.8176179 8.0701980 1.2321842
v 1.8173282 8.0700000 1.2321825
v 1.8169558 8.0697446 1.2322128
v 1.8168028 8.0696388 1.2322537
v 1.8169588 8.0697446 1.2322812
v 1.8173323 8.0700000 1.2322793
v 1.8176209 8.0701980 1.2322527
v -5.0824597 1.1901170 -3.0124789
v -5.0824342 1.1900585 -3.0124912
v -5.0823993 1.1899500 -3.0125263
v -5.0823899 1.1899001 -3.0125491
v -5.0824126 1.1899500 -3.0125396
v -5.0824475 1.1900585 -3.0125045
v -4.9940714 1.2596821 -3.1013338
v -4.9917454 1.2545167 -3.1023438
v -4.9883617 1.2441377 -3.1056814
v -4.9873042 1.2389240 -3.1080090
v -4.9896460 1.2441377 -3.1069834
v -4.9930296 1.2545167 -3.1036458
v -4.9032422 1.3245371 -3.1894468
v -4.8995579 1.3165974 -3.1908783
v -4.8937615 1.2992294 -3.1963900
v -4.8916495 1.2898011 -3.2004700
v -4.8958307 1.2992294 -3.1985660
v -4.9016270 1.3165974 -3.1930544
v -4.8133993 1.3948437 -3.2735662
v -4.8070775 1.3813590 -3.2759059
v -4.7965575 1.3505259 -3.2855487
v -4.7923594 1.3331774 -3.2928519
v -4.7999995 1.3505259 -3.2893038
v -4.8105194 1.3813590 -3.2796609
v -4.7184734 1.4526437 -3.3592886
v -4.7124976 1.4398002 -3.3615417
v -4.7024338 1.4109101 -3.3704333
v -4.6983459 1.3948635 -3.3770719
v -4.7054376 1.4109101 -3.3738330
v -4.7155013 1.4398002 -3.3649413
v -4.6249743 1.5168082 -3.4407029
v -4.6178696 1.5013344 -3.4434939
v -4.6062416 1.4685969 -3.4533953
v -4.6017183 1.4513333 -3.4605057
v -4.6094587 1.4685969 -3.4571734
v -4.6210867 1.5013344 -3.4472720
v -4.5302484 1.5794494 -3.5202434
v -4.5223017 1.5619956 -3.5234323
v -4.5099251 1.5277785 -3.5335871
v -4.5054952 1.5110152 -3.5405529
v -4.5131921 1.5277785 -3.5375689
v -4.5255687 1.5619956 -3.5274141
v -4.4402116 1.6565408 -3.5932322
v -4.4280019 1.6297491 -3.5980445
v -4.4098888 1.5805128 -3.6123604
v -4.4039852 1.5580682 -3.6218640
v -4.4145956 1.5805128 -3.6183157
v -4.4327088 1.6297491 -3.6039998
v -4.3406535 1.7091983 -3.6709984
v -4.3295666 1.6851314 -3.6750932
v -4.3135763 1.6423424 -3.6872630
v -4.3086730 1.6236203 -3.6953381
v -4.3177625 1.6423424 -3.6927634
v -4.3337528 1.6851314 -3.6805936
v -4.2382380 1.7559160 -3.7479277
v -4.2295274 1.7373687 -3.7507882
v -4.2168685 1.7039811 -3.7600617
v -4.2129203 1.6891409 -3.7664747
v -4.2202254 1.7039811 -3.7646440
v -4.2328843 1.7373687 -3.7553705
v -4.1408898 1.8173543 -3.8182917
v -4.1309846 1.7967705 -3.8210325
v -4.1158625 1.7574122 -3.8316901
v -4.1106457 1.7386376 -3.8396070
v -4.1198558 1.7574122 -3.8373561
v -4.1349778 1.7967705 -3.8266984
v -4.0418667 1.8754327 -3.8871632
v -4.0314557 1.8542767 -3.8895158
v -4.0142773 1.8101033 -3.9011566
v -4.0075100 1.7870861 -3.9104448
v -4.0186448 1.8101033 -3.9076017
v -4.0358232 1.8542767 -3.8959609
v -3.9429369 1.9345956 -3.9533317
v -3.9317394 1.9120897 -3.9554849
v -3.9118763 1.8615671 -3.9684180
v -3.9032107 1.8335503 -3.9791980
v -3.9165748 1.8615671 -3.9756341
v -3.9364379 1.9120897 -3.9627010
v -3.8367640 1.9761662 -4.0214608
v -3.8291820 1.9608524 -4.0228584
v -3.8152781 1.9258304 -4.0315503
v -3.8089561 1.9061223 -4.0388446
v -3.8182826 1.9258304 -4.0363565
v -3.8321866 1.9608524 -4.0276646
v -3.7405570 2.0434164 -4.0807404
v -3.7302004 2.0221821 -4.0827485
v -3.7114956 1.9754711 -4.0939654
v -3.7031474 1.9499944 -4.1031742
v -3.7152028 1.9754711 -4.1001474
v -3.7339076 2.0221821 -4.0889305
v -3.6429119 2.1073006 -4.1385390
v -3.6305406 2.0815385 -4.1410703
v -3.6092508 2.0287676 -4.1533052
v -3.6003323 2.0017589 -4.1630088
v -3.6132065 2.0287676 -4.1601885
v -3.6344963 2.0815385 -4.1479536
v -3.5432851 2.1664275 -4.1950973
v -3.5298718 2.1382088 -4.1978437
v -3.5080796 2.0845343 -4.2098318
v -3.4997006 2.0590784 -4.2190737
v -3.5119923 2.0845343 -4.2169444
v -3.5337845 2.1382088 -4.2049563
v -3.4365134 2.2081011 -4.2530318
v -3.4259607 2.1858288 -4.2550314
v -3.4095683 2.1456649 -4.2636526
v -3.4037288 2.1277733 -4.2702742
v -3.4124937 2.1456649 -4.2692149
v -3.4288860 2.1858288 -4.2605937
v -3.3321362 2.2556860 -4.3070841
v -3.3228085 2.2360654 -4.3085587
v -3.3085237 2.2012094 -4.3157310
v -3.3035666 2.1859740 -4.3214287
v -3.3110972 2.2012094 -4.3208565
v -3.3253820 2.2360654 -4.3136842
v -3.2341890 2.3187692 -4.3555360
v -3.2221698 2.2936972 -4.3568892
v -3.2032355 2.2476357 -4.3659507
v -3.1963203 2.2266461 -4.3736591
v -3.2066613 2.2476357 -4.3731090
v -3.2255957 2.2936972 -4.3640475
v -3.1266449 2.3581970 -4.4061704
v -3.1174165 2.3391337 -4.4067216
v -3.1018497 2.3013379 -4.4138098
v -3.0955113 2.2826053 -4.4203467
v -3.1046035 2.3013379 -4.4198575
v -3.1201703 2.3391337 -4.4127694
v -3.0213661 2.4027144 -4.4532242
v -3.0135919 2.3867344 -4.4533269
v -2.9993405 2.3521620 -4.4594885
v -2.9928632 2.3335696 -4.4655474
v -3.0017143 2.3521620 -4.4649791
v -3.0159658 2.3867344 -4.4588175
v -2.9153117 2.4447844 -4.4981275
v -2.9094767 2.4327189 -4.4980586
v -2.8981381 2.4052069 -4.5027027
v -2.8926345 2.3897606 -4.5074156
v -2.8998629 2.4052069 -4.5069138
v -2.9112015 2.4327189 -4.5022698
v -2.8169413 2.5048127 -4.5375780
v -2.8086017 2.4872787 -4.5374708
v -2.7922704 2.4476023 -4.5437910
v -2.7842787 2.4254599 -4.5502183
v -2.7945151 2.4476023 -4.5495914
v -2.8108464 2.4872787 -4.5432713
v -2.7140397 2.5530422 -4.5765660
v -2.7058809 2.5355254 -4.5765404
v -2.6904970 2.4980637 -4.5821490
v -2.6832719 2.4781187 -4.5877830
v -2.6924278 2.4980637 -4.5874451
v -2.7078117 2.5355254 -4.5818365
v -2.6083576 2.5935570 -4.6142020
v -2.6019310 2.5794919 -4.6142147
v -2.5905190 2.5516085 -4.6181208
v -2.5855336 2.5377903 -4.6220142
v -2.5918592 2.5516085 -4.6220361
v -2.6032712 2.5794919 -4.6181300
v -2.5049718 2.6386107 -4.6486871
v -2.4989788 2.6252968 -4.6486497
v -2.4889283 2.6006318 -4.6518668
v -2.4848708 2.5892807 -4.6551212
v -2.4900640 2.6006318 -4.6554146
v -2.5001144 2.6252968 -4.6521975
v -2.4021415 2.6838631 -4.6807002
v -2.3963073 2.6707631 -4.6805200
v -2.3868464 2.6474188 -4.6833392
v -2.3832198 2.6371744 -4.6863385
v -2.3878966 2.6474188 -4.6868635
v -2.3973575 2.6707631 -4.6840444
v -2.2997474 2.7289228 -4.7103148
v -2.2938962 2.7156890 -4.7098923
v -2.2843516 2.6919858 -4.7125258
v -2.2806581 2.6815164 -4.7155819
v -2.2853961 2.6919858 -4.7163115
v -2.2949408 2.7156890 -4.7136780
v -2.1923021 2.7599652 -4.7389530
v -2.1893090 2.7531573 -4.7385721
v -2.1841658 2.7402893 -4.7398779
v -2.1820157 2.7342291 -4.7415645
v -2.1847100 2.7402893 -4.7420212
v -2.1898532 2.7531573 -4.7407155
v -2.0889411 2.7995987 -4.7641593
v -2.0867018 2.7944684 -4.7637420
v -2.0825124 2.7838981 -4.7647132
v -2.0805624 2.7784579 -4.7661018
v -2.0829245 2.7838981 -4.7664906
v -2.0871138 2.7944684 -4.7655194
v -1.9858358 2.8381981 -4.7869997
v -1.9843746 2.8348070 -4.7866605
v -1.9814096 2.8272549 -4.7872825
v -1.9799056 2.8230940 -4.7882437
v -1.9816690 2.8272549 -4.7885195
v -1.9846341 2.8348070 -4.7878975
v -1.8818423 2.8726990 -4.8076944
v -1.8818168 2.8726391 -4.8076883
v -1.8817632 2.8725019 -4.8076990
v -1.8817352 2.8724247 -4.8077157
v -1.8817675 2.8725019 -4.8077204
v -1.8818210 2.8726391 -4.8077097
v -0.0229965 3.1100774 -4.8308115
v -0.0229736 3.1100387 -4.8308001
v -0.0229227 3.1099572 -4.8307921
v -0.0228948 3.1099144 -4.8307955
v -0.0229203 3.1099572 -4.8308073
v -0.0229712 3.1100387 -4.8308153
v 0.0662812 3.1800445 -4.8168062
v 0.0690242 3.1753972 -4.8153808
v 0.0755651 3.1649166 -4.8142846
v 0.0793630 3.1590834 -4.8146139
v 0.0758799 3.1649166 -4.8161634
v 0.0693391 3.1753972 -4.8172595
v 0.1542875 3.2507216 -4.8013462
v 0.1599535 3.2410811 -4.7983466
v 0.1736933 3.2190676 -4.7957640
v 0.1817672 3.2066946 -4.7961810
v 0.1743958 3.2190676 -4.7995011
v 0.1606559 3.2410811 -4.8020837
v 0.2449519 3.3157304 -4.7836470
v 0.2519064 3.3038718 -4.7800083
v 0.2680688 3.2779433 -4.7766355
v 0.2772766 3.2638733 -4.7769013
v 0.2689436 3.2779433 -4.7808277
v 0.2527813 3.3038718 -4.7842005
v 0.3347926 3.3805528 -4.7642957
v 0.3430225 3.3664810 -4.7600323
v 0.3608058 3.3378742 -4.7559461
v 0.3703591 3.3233393 -4.7561234
v 0.3618413 3.3378742 -4.7604529
v 0.3440581 3.3664810 -4.7645391
v 0.4269758 3.4399767 -4.7424984
v 0.4349441 3.4262734 -4.7383178
v 0.4509758 3.4003767 -4.7342895
v 0.4590391 3.3881834 -4.7344419
v 0.4520055 3.4003767 -4.7383876
v 0.4359738 3.4262734 -4.7424158
v 0.5063907 3.5183634 -4.7221742
v 0.5196055 3.4954008 -4.7149419
v 0.5450099 3.4541329 -4.7080018
v 0.5571995 3.4358275 -4.7082939
v 0.5468515 3.4541329 -4.7147430
v 0.5214471 3.4954008 -4.7216831
v 0.5984103 3.5744936 -4.6966185
v 0.6104548 3.5532252 -4.6895427
v 0.6335746 3.5154012 -4.6827095
v 0.6446498 3.4988456 -4.6829521
v 0.6354859 3.5154012 -4.6891765
v 0.6123662 3.5532252 -4.6960097
v 0.6915642 3.6266912 -4.6685706
v 0.7014268 3.6088804 -4.6622097
v 0.7213738 3.5759654 -4.6558581
v 0.7314583 3.5608611 -4.6558674
v 0.7232359 3.5759654 -4.6617060
v 0.7032889 3.6088804 -4.6680576
v 0.7820122 3.6811172 -4.6391907
v 0.7904665 3.6654193 -4.6331537
v 0.8093032 3.6340206 -4.6267152
v 0.8196856 3.6183198 -4.6263136
v 0.8112296 3.6340206 -4.6323512
v 0.7923929 3.6654193 -4.6387897
v 0.8656929 3.7445684 -4.6100781
v 0.8752984 3.7262133 -4.6026021
v 0.8990200 3.6862081 -4.5939258
v 0.9131362 3.6645579 -4.5927254
v 0.9015768 3.6862081 -4.6009160
v 0.8778552 3.7262133 -4.6095924
v 0.9475530 3.8088367 -4.5797177
v 0.9586534 3.7871320 -4.5706600
v 0.9876716 3.7375422 -4.5593340
v 1.0055894 3.7096572 -4.5570657
v 0.9908725 3.7375422 -4.5675350
v 0.9618543 3.7871320 -4.5788610
v 1.0386172 3.8547680 -4.5435895
v 1.0467760 3.8385725 -4.5368733
v 1.0678246 3.8020642 -4.5281276
v 1.0807144 3.7817514 -4.5260980
v 1.0701818 3.8020642 -4.5338006
v 1.0491331 3.8385725 -4.5425463
v 1.1176486 3.9188370 -4.5102726
v 1.1276482 3.8987472 -4.5020861
v 1.1518422 3.8560862 -4.4914071
v 1.1660366 3.8335150 -4.4889146
v 1.1546297 3.8560862 -4.4977222
v 1.1304357 3.8987472 -4.5084012
v 1.1966875 3.9802945 -4.4749856
v 1.2079802 3.9572575 -4.4656964
v 1.2332273 3.9119244 -4.4538802
v 1.2471818 3.8896282 -4.4513532
v 1.2363018 3.9119244 -4.4604492
v 1.2110546 3.9572575 -4.4722655
v 1.2705921 4.0483600 -4.4401872
v 1.2848115 4.0186896 -4.4281647
v 1.3146611 3.9640181 -4.4133756
v 1.3302913 3.9390170 -4.4106089
v 1.3186212 3.9640181 -4.4213684
v 1.2887716 4.0186896 -4.4361575
v 1.3590112 4.0866501 -4.3959253
v 1.3691366 4.0648296 -4.3868904
v 1.3898794 4.0260087 -4.3760264
v 1.4004969 4.0090083 -4.3741973
v 1.3929469 4.0260087 -4.3818833
v 1.3722041 4.0648296 -4.3927473
v 1.4412162 4.1327573 -4.3522984
v 1.4493477 4.1144523 -4.3444408
v 1.4665162 4.0815613 -4.3349472
v 1.4755532 4.0669753 -4.3333112
v 1.4693629 4.0815613 -4.3400953
v 1.4521944 4.1144523 -4.3495889
v 1.5154940 4.1905344 -4.3107251
v 1.5243510 4.1694637 -4.3012673
v 1.5447765 4.1293352 -4.2893554
v 1.5563451 4.1102773 -4.2869015
v 1.5485126 4.1293352 -4.2957618
v 1.5280871 4.1694637 -4.3076737
v 1.5932363 4.2378802 -4.2648120
v 1.6007740 4.2187938 -4.2558801
v 1.6204290 4.1791205 -4.2438024
v 1.6325463 4.1585335 -4.2406566
v 1.6242652 4.1791205 -4.2500453
v 1.6046101 4.2187938 -4.2621230
v 1.6695876 4.2839513 -4.2172382
v 1.6759073 4.2670029 -4.2091212
v 1.6941714 4.2290540 -4.1973052
v 1.7061159 4.2080535 -4.1936062
v 1.6978460 4.2290540 -4.2029850
v 1.6795818 4.2670029 -4.2148010
v 1.7472425 4.3228176 -4.1661602
v 1.7514341 4.3111088 -4.1605723
v 1.7639364 4.2843162 -4.1520621
v 1.7722472 4.2692324 -4.1491400
v 1.7664807 4.2843162 -4.1558000
v 1.7539784 4.3111088 -4.1643101
v 1.8127723 4.3834715 -4.1208921
v 1.8190055 4.3655919 -4.1125431
v 1.8368182 4.3261421 -4.0997931
v 1.8483975 4.3045719 -4.0953921
v 1.8404978 4.3261421 -4.1049338
v 1.8226852 4.3655919 -4.1176839
v 1.8817610 4.4324666 -4.0708558
v 1.8881348 4.4137145 -4.0623090
v 1.9049480 4.3751526 -4.0496590
v 1.9153873 4.3553429 -4.0455558
v 1.9085524 4.3751526 -4.0544495
v 1.8917392 4.4137145 -4.0670995
v 1.9510427 4.4760594 -4.0180116
v 1.9567738 4.4585915 -4.0101761
v 1.9707807 4.4252519 -3.9991021
v 1.9790564 4.4093803 -3.9958637
v 1.9739960 4.4252519 -4.0031690
v 1.9599891 4.4585915 -4.0142429
v 2.0210184 4.5126331 -3.9618103
v 2.0251401 4.4994024 -3.9558989
v 2.0347962 4.4754978 -3.9478784
v 2.0403308 4.4648240 -3.9457693
v 2.0372420 4.4754978 -3.9508229
v 2.0275858 4.4994024 -3.9588434
v 2.0857741 4.5565840 -3.9071204
v 2.0896110 4.5433349 -3.9011537
v 2.0987287 4.5198066 -3.8931981
v 2.1040094 4.5095274 -3.8912093
v 2.1013234 4.5198066 -3.8961718
v 2.0922058 4.5433349 -3.9041274
v 2.1482250 4.6010758 -3.8517260
v 2.1519298 4.5869615 -3.8452582
v 2.1615197 4.5611055 -3.8364678
v 2.1674049 4.5493637 -3.8341453
v 2.1645801 4.5611055 -3.8398065
v 2.1549901 4.5869615 -3.8485969
v 2.2136414 4.6313614 -3.7906451
v 2.2156041 4.6229009 -3.7866863
v 2.2215181 4.6062016 -3.7809909
v 2.2254694 4.5979630 -3.7792543
v 2.2235853 4.6062016 -3.7831374
v 2.2176713 4.6229009 -3.7888328
v 2.2745378 4.6675786 -3.7307780
v 2.2758291 4.6612153 -3.7277606
v 2.2804547 4.6475024 -3.7230793
v 2.2837890 4.6401529 -3.7214153
v 2.2821651 4.6475024 -3.7247693
v 2.2775395 4.6612153 -3.7294506
v 2.3333197 4.7032381 -3.6699714
v 2.3341524 4.6986550 -3.6678110
v 2.3374972 4.6882180 -3.6642524
v 2.3400093 4.6823640 -3.6628543
v 2.3387692 4.6882180 -3.6654480
v 2.3354244 4.6986550 -3.6690066
v 2.3892438 4.7407945 -3.6091094
v 2.3899840 4.7364439 -3.6071119
v 2.3929788 4.7265818 -3.6037609
v 2.3952334 4.7210703 -3.6024073
v 2.3941406 4.7265818 -3.6047992
v 2.3911458 4.7364439 -3.6081502
v 2.4456576 4.7690268 -3.5444337
v 2.4456675 4.7689692 -3.5444080
v 2.4457040 4.7688456 -3.5443661
v 2.4457306 4.7687796 -3.5443499
v 2.4457181 4.7688456 -3.5443784
v 2.4456816 4.7689692 -3.5444203
vt 1.0000000 0.0000000
vt 0.8535534 0.0000000
vt 0.5000000 0.0000000
vt 0.1464466 0.0000000
vt 0.0000000 0.0000000
vt 0.1464466 0.0000000
vt 0.5000000 0.0000000
vt 0.8535534 0.0000000
vt 1.0000000 0.0180000
vt 0.8535534 0.0180000
vt 0.5000000 0.0180000
vt 0.1464466 0.0180000
vt 0.0000000 0.0180000
vt 0.1464466 0.0180000
vt 0.5000000 0.0180000
vt 0.8535534 0.0180000
vt 1.0000000 0.0360000
vt 0.8535534 0.0360000
vt 0.5000000 0.0360000
vt 0.1464466 0.0360000
vt 0.0000000 0.0360000
vt 0.1464466 0.0360000
vt 0.5000000 0.0360000
vt 0.8535534 0.0360000
vt 1.0000000 0.0540000
vt 0.8535534 0.0540000
vt 0.5000000 0.0540000
vt 0.1464466 0.0540000
vt 0.0000000 0.0540000
vt 0.1464466 0.0540000
vt 0.5000000 0.0540000
vt 0.8535534 0.0540000
vt 1.0000000 0.0720000
vt 0.8535534 0.0720000
vt 0.5000000 0.0720000
vt 0.1464466 0.0720000
vt 0.0000000 0.0720000
vt 0.1464466 0.0720000
vt 0.5000000 0.0720000
vt 0.8535534 0.0720000
vt 1.0000000 0.0900000
vt 0.8535534 0.0900000
vt 0.5000000 0.0900000
vt 0.1464466 0.0900000
vt 0.0000000 0.0900000
vt 0.1464466 0.0900000
vt 0.5000000 0.0900000
vt 0.8535534 0.0900000
vt 1.0000000 0.1080000
vt 0.8535534 0.1080000
vt 0.5000000 0.1080000
vt 0.1464466 0.1080000
vt 0.0000000 0.1080000
vt 0.1464466 0.1080000
vt 0.5000000 0.1080000
vt 0.8535534 0.1080000
vt 1.0000000 0.1260000
vt 0.8535534 0.1260000
vt 0.5000000 0.1260000
vt 0.1464466 0.1260000
vt 0.0000000 0.1260000
vt 0.1464466 0.1260000
vt 0.5000000 0.1260000
vt 0.8535534 0.1260000
vt 1.0000000 0.1440000
vt 0.8535534 0.1440000
vt 0.5000000 0.1440000
vt 0.1464466 0.1440000
vt 0.0000000 0.1440000
vt 0.1464466 0.1440000
vt 0.5000000 0.1440000
vt 0.8535534 0.1440000
vt 1.0000000 0.1620000
vt 0.8535534 0.1620000
vt 0.5000000 0.1620000
vt 0.1464466 0.1620000
vt 0.0000000 0.1620000
vt 0.1464466 0.1620000
vt 0.5000000 0.1620000
vt 0.8535534 0.1620000
vt 1.0000000 0.1800000
vt 0.8535534 0.1800000
vt 0.5000000 0.1800000
vt 0.1464466 0.1800000
vt 0.0000000 0.1800000
vt 0.1464466 0.1800000
vt 0.5000000 0.1800000
vt 0.8535534 0.1800000
vt 1.0000000 0.1980000
vt 0.8535534 0.1980000
vt 0.5000000 0.1980000
vt 0.1464466 0.1980000
vt 0.0000000 0.1980000
vt 0.1464466 0.1980000
vt 0.5000000 0.1980000
vt 0.8535534 0.1980000
vt 1.0000000 0.2160000
vt 0.8535534 0.2160000
vt 0.5000000 0.2160000
vt 0.1464466 0.2160000
vt 0.0000000 0.2160000
vt 0.1464466 0.2160000
vt 0.5000000 0.2160000
vt 0.8535534 0.2160000
vt 1.0000000 0.2340000
vt 0.8535534 0.2340000
vt 0.5000000 0.2340000
vt 0.1464466 0.2340000
vt 0.0000000 0.2340000
vt 0.1464466 0.2340000
vt 0.5000000 0.2340000
vt 0.8535534 0.2340000
vt 1.0000000 0.2520000
vt 0.8535534 0.2520000
vt 0.5000000 0.2520000
vt 0.1464466 0.2520000
vt 0.0000000 0.2520000
vt 0.1464466 0.2520000
vt 0.5000000 0.2520000
vt 0.8535534 0.2520000
vt 1.0000000 0.2700000
vt 0.8535534 0.2700000
vt 0.5000000 0.2700000
vt 0.1464466 0.2700000
vt 0.0000000 0.2700000
vt 0.1464466 0.2700000
vt 0.5000000 0.2700000
vt 0.8535534 0.2700000
vt 1.0000000 0.2880000
vt 0.8535534 0.2880000
vt 0.5000000 0.2880000
vt 0.1464466 0.2880000
vt 0.0000000 0.2880000
vt 0.1464466 0.2880000
vt 0.5000000 0.2880000
vt 0.8535534 0.2880000
vt 1.0000000 0.3060000
vt 0.8535534 0.3060000
vt 0.5000000 0.3060000
vt 0.1464466 0.3060000
vt 0.0000000 0.3060000
vt 0.1464466 0.3060000
vt 0.5000000 0.3060000
vt 0.8535534 0.3060000
vt 1.0000000 0.3240000
vt 0.8535534 0.3240000
vt 0.5000000 0.3240000
vt 0.1464466 0.3240000
vt 0.0000000 0.3240000
vt 0.1464466 0.3240000
vt 0.5000000 0.3240000
vt 0.8535534 0.3240000
vt 1.0000000 0.3420000
vt 0.8535534 0.3420000
vt 0.5000000 0.3420000
vt 0.1464466 0.3420000
vt 0.0000000 0.3420000
vt 0.1464466 0.3420000
vt 0.5000000 0.3420000
vt 0.8535534 0.3420000
vt 1.0000000 0.3600000
vt 0.8535534 0.3600000
vt 0.5000000 0.3600000
vt 0.1464466 0.3600000
vt 0.0000000 0.3600000
vt 0.1464466 0.3600000
vt 0.5000000 0.3600000
vt 0.8535534 0.3600000
vt 1.0000000 0.3780000
vt 0.8535534 0.3780000
vt 0.5000000 0.3780000
vt 0.1464466 0.3780000
vt 0.0000000 0.3780000
vt 0.1464466 0.3780000
vt 0.5000000 0.3780000
vt 0.8535534 0.3780000
vt 1.0000000 0.3960000
vt 0.8535534 0.3960000
vt 0.5000000 0.3960000
vt 0.1464466 0.3960000
vt 0.0000000 0.3960000
vt 0.1464466 0.3960000
vt 0.5000000 0.3960000
vt 0.8535534 0.3960000
vt 1.0000000 0.4140000
vt 0.8535534 0.4140000
vt 0.5000000 0.4140000
vt 0.1464466 0.4140000
vt 0.0000000 0.4140000
vt 0.1464466 0.4140000
vt 0.5000000 0.4140000
vt 0.8535534 0.4140000
vt 1.0000000 0.4320000
vt 0.8535534 0.4320000
vt 0.5000000 0.4320000
vt 0.1464466 0.4320000
vt 0.0000000 0.4320000
vt 0.1464466 0.4320000
vt 0.5000000 0.4320000
vt 0.8535534 0.4320000
vt 1.0000000 0.4500000
vt 0.8535534 0.4500000
vt 0.5000000 0.4500000
vt 0.1464466 0.4500000
vt 0.0000000 0.4500000
vt 0.1464466 0.4500000
vt 0.5000000 0.4500000
vt 0.8535534 0.4500000
vt 1.0000000 0.4680000
vt 0.8535534 0.4680000
vt 0.5000000 0.4680000
vt 0.1464466 0.4680000
vt 0.0000000 0.4680000
vt 0.1464466 0.4680000
vt 0.5000000 0.4680000
vt 0.8535534 0.4680000
vt 1.0000000 0.4860000
vt 0.8535534 0.4860000
vt 0.5000000 0.4860000
vt 0.1464466 0.4860000
vt 0.0000000 0.4860000
vt 0.1464466 0.4860000
vt 0.5000000 0.4860000
vt 0.8535534 0.4860000
vt 1.0000000 0.5040000
vt 0.8535534 0.5040000
vt 0.5000000 0.5040000
vt 0.1464466 0.5040000
vt 0.0000000 0.5040000
vt 0.1464466 0.5040000
vt 0.5000000 0.5040000
vt 0.8535534 0.5040000
vt 1.0000000 0.5220000
vt 0.8535534 0.5220000
vt 0.5000000 0.5220000
vt 0.1464466 0.5220000
vt 0.0000000 0.5220000
vt 0.1464466 0.5220000
vt 0.5000000 0.5220000
vt 0.8535534 0.5220000
vt 1.0000000 0.5400000
vt 0.8535534 0.5400000
vt 0.5000000 0.5400000
vt 0.1464466 0.5400000
vt 0.0000000 0.5400000
vt 0.1464466 0.5400000
vt 0.5000000 0.5400000
vt 0.8535534 0.5400000
vt 1.0000000 0.5580000
vt 0.8535534 0.5580000
vt 0.5000000 0.5580000
vt 0.1464466 0.5580000
vt 0.0000000 0.5580000
vt 0.1464466 0.5580000
vt 0.5000000 0.5580000
vt 0.8535534 0.5580000
vt 1.0000000 0.5760000
vt 0.8535534 0.5760000
vt 0.5000000 0.5760000
vt 0.1464466 0.5760000
vt 0.0000000 0.5760000
vt 0.1464466 0.5760000
vt 0.5000000 0.5760000
vt 0.8535534 0.5760000
vt 1.0000000 0.5940000
vt 0.8535534 0.5940000
vt 0.5000000 0.5940000
vt 0.1464466 0.5940000
vt 0.0000000 0.5940000
vt 0.1464466 0.5940000
vt 0.5000000 0.5940000
vt 0.8535534 0.5940000
vt 1.0000000 0.6120000
vt 0.8535534 0.6120000
vt 0.5000000 0.6120000
vt 0.1464466 0.6120000
vt 0.0000000 0.6120000
vt 0.1464466 0.6120000
vt 0.5000000 0.6120000
vt 0.8535534 0.6120000
vt 1.0000000 0.6300000
vt 0.8535534 0.6300000
vt 0.5000000 0.6300000
vt 0.1464466 0.6300000
vt 0.0000000 0.6300000
vt 0.1464466 0.6300000
vt 0.5000000 0.6300000
vt 0.8535534 0.6300000
vt 1.0000000 0.6480000
vt 0.8535534 0.6480000
vt 0.5000000 0.6480000
vt 0.1464466 0.6480000
vt 0.0000000 0.6480000
vt 0.1464466 0.6480000
vt 0.5000000 0.6480000
vt 0.8535534 0.6480000
vt 1.0000000 0.6660000
vt 0.8535534 0.6660000
vt 0.5000000 0.6660000
vt 0.1464466 0.6660000
vt 0.0000000 0.6660000
vt 0.1464466 0.6660000
vt 0.5000000 0.6660000
vt 0.8535534 0.6660000
vt 1.0000000 0.6840000
vt 0.8535534 0.6840000
vt 0.5000000 0.6840000
vt 0.1464466 0.6840000
vt 0.0000000 0.6840000
vt 0.1464466 0.6840000
vt 0.5000000 0.6840000
vt 0.8535534 0.6840000
vt 1.0000000 0.7020000
vt 0.8535534 0.7020000
vt 0.5000000 0.7020000
vt 0.1464466 0.7020000
vt 0.0000000 0.7020000
vt 0.1464466 0.7020000
vt 0.5000000 0.7020000
vt 0.8535534 0.7020000
vt 1.0000000 0.7200000
vt 0.8535534 0.7200000
vt 0.5000000 0.7200000
vt 0.1464466 0.7200000
vt 0.0000000 0.7200000
vt 0.1464466 0.7200000
vt 0.5000000 0.7200000
vt 0.8535534 0.7200000
vt 1.0000000 0.7380000
vt 0.8535534 0.7380000
vt 0.5000000 0.7380000
vt 0.1464466 0.7380000
vt 0.0000000 0.7380000
vt 0.1464466 0.7380000
vt 0.5000000 0.7380000
vt 0.8535534 0.7380000
vt 1.0000000 0.7560000
vt 0.8535534 0.7560000
vt 0.5000000 0.7560000
vt 0.1464466 0.7560000
vt 0.0000000 0.7560000
vt 0.1464466 0.7560000
vt 0.5000000 0.7560000
vt 0.8535534 0.7560000
vt 1.0000000 0.7740000
vt 0.8535534 0.7740000
vt 0.5000000 0.7740000
vt 0.1464466 0.7740000
vt 0.0000000 0.7740000
vt 0.1464466 0.7740000
vt 0.5000000 0.7740000
vt 0.8535534 0.7740000
vt 1.0000000 0.7920000
vt 0.8535534 0.7920000
vt 0.5000000 0.7920000
vt 0.1464466 0.7920000
vt 0.0000000 0.7920000
vt 0.1464466 0.7920000
vt 0.5000000 0.7920000
vt 0.8535534 0.7920000
vt 1.0000000 0.8100000
vt 0.8535534 0.8100000
vt 0.5000000 0.8100000
vt 0.1464466 0.8100000
vt 0.0000000 0.8100000
vt 0.1464466 0.8100000
vt 0.5000000 0.8100000
vt 0.8535534 0.8100000
vt 1.0000000 0.8280000
vt 0.8535534 0.8280000
vt 0.5000000 0.8280000
vt 0.1464466 0.8280000
vt 0.0000000 0.8280000
vt 0.1464466 0.8280000
vt 0.5000000 0.8280000
vt 0.8535534 0.8280000
vt 1.0000000 0.8460000
vt 0.8535534 0.8460000
vt 0.5000000 0.8460000
vt 0.1464466 0.8460000
vt 0.0000000 0.8460000
vt 0.1464466 0.8460000
vt 0.5000000 0.8460000
vt 0.8535534 0.8460000
vt 1.0000000 0.8640000
vt 0.8535534 0.8640000
vt 0.5000000 0.8640000
vt 0.1464466 0.8640000
vt 0.0000000 0.8640000
vt 0.1464466 0.8640000
vt 0.5000000 0.8640000
vt 0.8535534 0.8640000
vt 1.0000000 0.8820000
vt 0.8535534 0.8820000
vt 0.5000000 0.8820000
vt 0.1464466 0.8820000
vt 0.0000000 0.8820000
vt 0.1464466 0.8820000
vt 0.5000000 0.8820000
vt 0.8535534 0.8820000
vt 1.0000000 0.9000000
vt 0.8535534 0.9000000
vt 0.5000000 0.9000000
vt 0.1464466 0.9000000
vt 0.0000000 0.9000000
vt 0.1464466 0.9000000
vt 0.5000000 0.9000000
vt 0.8535534 0.9000000
vt 1.0000000 0.9180000
vt 0.8535534 0.9180000
vt 0.5000000 0.9180000
vt 0.1464466 0.9180000
vt 0.0000000 0.9180000
vt 0.1464466 0.9180000
vt 0.5000000 0.9180000
vt 0.8535534 0.9180000
vt 1.0000000 0.9360000
vt 0.8535534 0.9360000
vt 0.5000000 0.9360000
vt 0.1464466 0.9360000
vt 0.0000000 0.9360000
vt 0.1464466 0.9360000
vt 0.5000000 0.9360000
vt 0.8535534 0.9360000
vt 1.0000000 0.9540000
vt 0.8535534 0.9540000
vt 0.5000000 0.9540000
vt 0.1464466 0.9540000
vt 0.0000000 0.9540000
vt 0.1464466 0.9540000
vt 0.5000000 0.9540000
vt 0.8535534 0.9540000
vt 1.0000000 0.9720000
vt 0.8535534 0.9720000
vt 0.5000000 0.9720000
vt 0.1464466 0.9720000
vt 0.0000000 0.9720000
vt 0.1464466 0.9720000
vt 0.5000000 0.9720000
vt 0.8535534 0.9720000
vt 1.0000000 0.9900000
vt 0.8535534 0.9900000
vt 0.5000000 0.9900000
vt 0.1464466 0.9900000
vt 0.0000000 0.9900000
vt 0.1464466 0.9900000
vt 0.5000000 0.9900000
vt 0.8535534 0.9900000
vt 1.0000000 1.0080000
vt 0.8535534 1.0080000
vt 0.5000000 1.0080000
vt 0.1464466 1.0080000
vt 0.0000000 1.0080000
vt 0.1464466 1.0080000
vt 0.5000000 1.0080000
vt 0.8535534 1.0080000
vt 1.0000000 1.0260000
vt 0.8535534 1.0260000
vt 0.5000000 1.0260000
vt 0.1464466 1.0260000
vt 0.0000000 1.0260000
vt 0.1464466 1.0260000
vt 0.5000000 1.0260000
vt 0.8535534 1.0260000
vt 1.0000000 1.0440000
vt 0.8535534 1.0440000
vt 0.5000000 1.0440000
vt 0.1464466 1.0440000
vt 0.0000000 1.0440000
vt 0.1464466 1.0440000
vt 0.5000000 1.0440000
vt 0.8535534 1.0440000
vt 1.0000000 1.0620000
vt 0.8535534 1.0620000
vt 0.5000000 1.0620000
vt 0.1464466 1.0620000
vt 0.0000000 1.0620000
vt 0.1464466 1.0620000
vt 0.5000000 1.0620000
vt 0.8535534 1.0620000
vt 1.0000000 1.0800000
vt 0.8535534 1.0800000
vt 0.5000000 1.0800000
vt 0.1464466 1.0800000
vt 0.0000000 1.0800000
vt 0.1464466 1.0800000
vt 0.5000000 1.0800000
vt 0.8535534 1.0800000
vt 1.0000000 1.0980000
vt 0.8535534 1.0980000
vt 0.5000000 1.0980000
vt 0.1464466 1.0980000
vt 0.0000000 1.0980000
vt 0.1464466 1.0980000
vt 0.5000000 1.0980000
vt 0.8535534 1.0980000
vt 1.0000000 1.1160000
vt 0.8535534 1.1160000
vt 0.5000000 1.1160000
vt 0.1464466 1.1160000
vt 0.0000000 1.1160000
vt 0.1464466 1.1160000
vt 0.5000000 1.1160000
vt 0.8535534 1.1160000
vt 1.0000000 1.1340000
vt 0.8535534 1.1340000
vt 0.5000000 1.1340000
vt 0.1464466 1.1340000
vt 0.0000000 1.1340000
vt 0.1464466 1.1340000
vt 0.5000000 1.1340000
vt 0.8535534 1.1340000
vt 1.0000000 1.1520000
vt 0.8535534 1.1520000
vt 0.5000000 1.1520000
vt 0.1464466 1.1520000
vt 0.0000000 1.1520000
vt 0.1464466 1.1520000
vt 0.5000000 1.1520000
vt 0.8535534 1.1520000
vt 1.0000000 1.1700000
vt 0.8535534 1.1700000
vt 0.5000000 1.1700000
vt 0.1464466 1.1700000
vt 0.0000000 1.1700000
vt 0.1464466 1.1700000
vt 0.5000000 1.1700000
vt 0.8535534 1.1700000
vt 1.0000000 1.1880000
vt 0.8535534 1.1880000
vt 0.5000000 1.1880000
vt 0.1464466 1.1880000
vt 0.0000000 1.1880000
vt 0.1464466 1.1880000
vt 0.5000000 1.1880000
vt 0.8535534 1.1880000
vt 1.0000000 1.2060000
vt 0.8535534 1.2060000
vt 0.5000000 1.2060000
vt 0.1464466 1.2060000
vt 0.0000000 1.2060000
vt 0.1464466 1.2060000
vt 0.5000000 1.2060000
vt 0.8535534 1.2060000
vt 1.0000000 1.2240000
vt 0.8535534 1.2240000
vt 0.5000000 1.2240000
vt 0.1464466 1.2240000
vt 0.0000000 1.2240000
vt 0.1464466 1.2240000
vt 0.5000000 1.2240000
vt 0.8535534 1.2240000
vt 1.0000000 1.2420000
vt 0.8535534 1.2420000
vt 0.5000000 1.2420000
vt 0.1464466 1.2420000
vt 0.0000000 1.2420000
vt 0.1464466 1.2420000
vt 0.5000000 1.2420000
vt 0.8535534 1.2420000
vt 1.0000000 1.2600000
vt 0.8535534 1.2600000
vt 0.5000000 1.2600000
vt 0.1464466 1.2600000
vt 0.0000000 1.2600000
vt 0.1464466 1.2600000
vt 0.5000000 1.2600000
vt 0.8535534 1.2600000
vt 1.0000000 1.2780000
vt 0.8535534 1.2780000
vt 0.5000000 1.2780000
vt 0.1464466 1.2780000
vt 0.0000000 1.2780000
vt 0.1464466 1.2780000
vt 0.5000000 1.2780000
vt 0.8535534 1.2780000
vt 1.0000000 1.2960000
vt 0.8535534 1.2960000
vt 0.5000000 1.2960000
vt 0.1464466 1.2960000
vt 0.0000000 1.2960000
vt 0.1464466 1.2960000
vt 0.5000000 1.2960000
vt 0.8535534 1.2960000
vt 1.0000000 1.3140000
vt 0.8535534 1.3140000
vt 0.5000000 1.3140000
vt 0.1464466 1.3140000
vt 0.0000000 1.3140000
vt 0.1464466 1.3140000
vt 0.5000000 1.3140000
vt 0.8535534 1.3140000
vt 1.0000000 1.3320000
vt 0.8535534 1.3320000
vt 0.5000000 1.3320000
vt 0.1464466 1.3320000
vt 0.0000000 1.3320000
vt 0.1464466 1.3320000
vt 0.5000000 1.3320000
vt 0.8535534 1.3320000
vt 1.0000000 1.3500000
vt 0.8535534 1.3500000
vt 0.5000000 1.3500000
vt 0.1464466 1.3500000
vt 0.0000000 1.3500000
vt 0.1464466 1.3500000
vt 0.5000000 1.3500000
vt 0.8535534 1.3500000
vt 1.0000000 1.3680000
vt 0.8535534 1.3680000
vt 0.5000000 1.3680000
vt 0.1464466 1.3680000
vt 0.0000000 1.3680000
vt 0.1464466 1.3680000
vt 0.5000000 1.3680000
vt 0.8535534 1.3680000
vt 1.0000000 1.3860000
vt 0.8535534 1.3860000
vt 0.5000000 1.3860000
vt 0.1464466 1.3860000
vt 0.0000000 1.3860000
vt 0.1464466 1.3860000
vt 0.5000000 1.3860000
vt 0.8535534 1.3860000
vt 1.0000000 1.4040000
vt 0.8535534 1.4040000
vt 0.5000000 1.4040000
vt 0.1464466 1.4040000
vt 0.0000000 1.4040000
vt 0.1464466 1.4040000
vt 0.5000000 1.4040000
vt 0.8535534 1.4040000
vt 1.0000000 1.4220000
vt 0.8535534 1.4220000
vt 0.5000000 1.4220000
vt 0.1464466 1.4220000
vt 0.0000000 1.4220000
vt 0.1464466 1.4220000
vt 0.5000000 1.4220000
vt 0.8535534 1.4220000
vt 1.0000000 1.4400000
vt 0.8535534 1.4400000
vt 0.5000000 1.4400000
vt 0.1464466 1.4400000
vt 0.0000000 1.4400000
vt 0.1464466 1.4400000
vt 0.5000000 1.4400000
vt 0.8535534 1.4400000
vt 1.0000000 1.4580000
vt 0.8535534 1.4580000
vt 0.5000000 1.4580000
vt 0.1464466 1.4580000
vt 0.0000000 1.4580000
vt 0.1464466 1.4580000
vt 0.5000000 1.4580000
vt 0.8535534 1.4580000
vt 1.0000000 1.4760000
vt 0.8535534 1.4760000
vt 0.5000000 1.4760000
vt 0.1464466 1.4760000
vt 0.0000000 1.4760000
vt 0.1464466 1.4760000
vt 0.5000000 1.4760000
vt 0.8535534 1.4760000
vt 1.0000000 1.4940000
vt 0.8535534 1.4940000
vt 0.5000000 1.4940000
vt 0.1464466 1.4940000
vt 0.0000000 1.4940000
vt 0.1464466 1.4940000
vt 0.5000000 1.4940000
vt 0.8535534 1.4940000
vt 1.0000000 1.5120000
vt 0.8535534 1.5120000
vt 0.5000000 1.5120000
vt 0.1464466 1.5120000
vt 0.0000000 1.5120000
vt 0.1464466 1.5120000
vt 0.5000000 1.5120000
vt 0.8535534 1.5120000
vt 1.0000000 1.5300000
vt 0.8535534 1.5300000
vt 0.5000000 1.5300000
vt 0.1464466 1.5300000
vt 0.0000000 1.5300000
vt 0.1464466 1.5300000
vt 0.5000000 1.5300000
vt 0.8535534 1.5300000
vt 1.0000000 1.5480000
vt 0.8535534 1.5480000
vt 0.5000000 1.5480000
vt 0.1464466 1.5480000
vt 0.0000000 1.5480000
vt 0.1464466 1.5480000
vt 0.5000000 1.5480000
vt 0.8535534 1.5480000
vt 1.0000000 1.5660000
vt 0.8535534 1.5660000
vt 0.5000000 1.5660000
vt 0.1464466 1.5660000
vt 0.0000000 1.5660000
vt 0.1464466 1.5660000
vt 0.5000000 1.5660000
vt 0.8535534 1.5660000
vt 1.0000000 1.5840000
vt 0.8535534 1.5840000
vt 0.5000000 1.5840000
vt 0.1464466 1.5840000
vt 0.0000000 1.5840000
vt 0.1464466 1.5840000
vt 0.5000000 1.5840000
vt 0.8535534 1.5840000
vt 1.0000000 1.6020000
vt 0.8535534 1.6020000
vt 0.5000000 1.6020000
vt 0.1464466 1.6020000
vt 0.0000000 1.6020000
vt 0.1464466 1.6020000
vt 0.5000000 1.6020000
vt 0.8535534 1.6020000
vt 1.0000000 1.6200000
vt 0.8535534 1.6200000
vt 0.5000000 1.6200000
vt 0.1464466 1.6200000
vt 0.0000000 1.6200000
vt 0.1464466 1.6200000
vt 0.5000000 1.6200000
vt 0.8535534 1.6200000
vt 1.0000000 1.6380000
vt 0.8535534 1.6380000
vt 0.5000000 1.6380000
vt 0.1464466 1.6380000
vt 0.0000000 1.6380000
vt 0.1464466 1.6380000
vt 0.5000000 1.6380000
vt 0.8535534 1.6380000
vt 1.0000000 1.6560000
vt 0.8535534 1.6560000
vt 0.5000000 1.6560000
vt 0.1464466 1.6560000
vt 0.0000000 1.6560000
vt 0.1464466 1.6560000
vt 0.5000000 1.6560000
vt 0.8535534 1.6560000
vt 1.0000000 1.6740000
vt 0.8535534 1.6740000
vt 0.5000000 1.6740000
vt 0.1464466 1.6740000
vt 0.0000000 1.6740000
vt 0.1464466 1.6740000
vt 0.5000000 1.6740000
vt 0.8535534 1.6740000
vt 1.0000000 1.6920000
vt 0.8535534 1.6920000
vt 0.5000000 1.6920000
vt 0.1464466 1.6920000
vt 0.0000000 1.6920000
vt 0.1464466 1.6920000
vt 0.5000000 1.6920000
vt 0.8535534 1.6920000
vt 1.0000000 1.7100000
vt 0.8535534 1.7100000
vt 0.5000000 1.7100000
vt 0.1464466 1.7100000
vt 0.0000000 1.7100000
vt 0.1464466 1.7100000
vt 0.5000000 1.7100000
vt 0.8535534 1.7100000
vt 1.0000000 1.7280000
vt 0.8535534 1.7280000
vt 0.5000000 1.7280000
vt 0.1464466 1.7280000
vt 0.0000000 1.7280000
vt 0.1464466 1.7280000
vt 0.5000000 1.7280000
vt 0.8535534 1.7280000
vt 1.0000000 1.7460000
vt 0.8535534 1.7460000
vt 0.5000000 1.7460000
vt 0.1464466 1.7460000
vt 0.0000000 1.7460000
vt 0.1464466 1.7460000
vt 0.5000000 1.7460000
vt 0.8535534 1.7460000
vt 1.0000000 1.7640000
vt 0.8535534 1.7640000
vt 0.5000000 1.7640000
vt 0.1464466 1.7640000
vt 0.0000000 1.7640000
vt 0.1464466 1.7640000
vt 0.5000000 1.7640000
vt 0.8535534 1.7640000
vt 1.0000000 1.7820000
vt 0.8535534 1.7820000
vt 0.5000000 1.7820000
vt 0.1464466 1.7820000
vt 0.0000000 1.7820000
vt 0.1464466 1.7820000
vt 0.5000000 1.7820000
vt 0.8535534 1.7820000
vt 1.0000000 1.8000000
vt 0.8535534 1.8000000
vt 0.5000000 1.8000000
vt 0.1464466 1.8000000
vt 0.0000000 1.8000000
vt 0.1464466 1.8000000
vt 0.5000000 1.8000000
vt 0.8535534 1.8000000
vt 1.0000000 0.1400000
vt 0.7500000 0.1400000
vt 0.2500000 0.1400000
vt 0.0000000 0.1400000
vt 0.2500000 0.1400000
vt 0.7500000 0.1400000
vt 1.0000000 0.1962500
vt 0.7500000 0.1962500
vt 0.2500000 0.1962500
vt 0.0000000 0.1962500
vt 0.2500000 0.1962500
vt 0.7500000 0.1962500
vt 1.0000000 0.2525000
vt 0.7500000 0.2525000
vt 0.2500000 0.2525000
vt 0.0000000 0.2525000
vt 0.2500000 0.2525000
vt 0.7500000 0.2525000
vt 1.0000000 0.3087500
vt 0.7500000 0.3087500
vt 0.2500000 0.3087500
vt 0.0000000 0.3087500
vt 0.2500000 0.3087500
vt 0.7500000 0.3087500
vt 1.0000000 0.3650000
vt 0.7500000 0.3650000
vt 0.2500000 0.3650000
vt 0.0000000 0.3650000
vt 0.2500000 0.3650000
vt 0.7500000 0.3650000
vt 1.0000000 0.4212500
vt 0.7500000 0.4212500
vt 0.2500000 0.4212500
vt 0.0000000 0.4212500
vt 0.2500000 0.4212500
vt 0.7500000 0.4212500
vt 1.0000000 0.4775000
vt 0.7500000 0.4775000
vt 0.2500000 0.4775000
vt 0.0000000 0.4775000
vt 0.2500000 0.4775000
vt 0.7500000 0.4775000
vt 1.0000000 0.5337500
vt 0.7500000 0.5337500
vt 0.2500000 0.5337500
vt 0.0000000 0.5337500
vt 0.2500000 0.5337500
vt 0.7500000 0.5337500
vt 1.0000000 0.5900000
vt 0.7500000 0.5900000
vt 0.2500000 0.5900000
vt 0.0000000 0.5900000
vt 0.2500000 0.5900000
vt 0.7500000 0.5900000
vt 1.0000000 0.6462500
vt 0.7500000 0.6462500
vt 0.2500000 0.6462500
vt 0.0000000 0.6462500
vt 0.2500000 0.6462500
vt 0.7500000 0.6462500
vt 1.0000000 0.7025000
vt 0.7500000 0.7025000
vt 0.2500000 0.7025000
vt 0.0000000 0.7025000
vt 0.2500000 0.7025000
vt 0.7500000 0.7025000
vt 1.0000000 0.7587500
vt 0.7500000 0.7587500
vt 0.2500000 0.7587500
vt 0.0000000 0.7587500
vt 0.2500000 0.7587500
vt 0.7500000 0.7587500
vt 1.0000000 0.8150000
vt 0.7500000 0.8150000
vt 0.2500000 0.8150000
vt 0.0000000 0.8150000
vt 0.2500000 0.8150000
vt 0.7500000 0.8150000
vt 1.0000000 0.8712500
vt 0.7500000 0.8712500
vt 0.2500000 0.8712500
vt 0.0000000 0.8712500
vt 0.2500000 0.8712500
vt 0.7500000 0.8712500
vt 1.0000000 0.9275000
vt 0.7500000 0.9275000
vt 0.2500000 0.9275000
vt 0.0000000 0.9275000
vt 0.2500000 0.9275000
vt 0.7500000 0.9275000
vt 1.0000000 0.9837500
vt 0.7500000 0.9837500
vt 0.2500000 0.9837500
vt 0.0000000 0.9837500
vt 0.2500000 0.9837500
vt 0.7500000 0.9837500
vt 1.0000000 1.0400000
vt 0.7500000 1.0400000
vt 0.2500000 1.0400000
vt 0.0000000 1.0400000
vt 0.2500000 1.0400000
vt 0.7500000 1.0400000
vt 1.0000000 1.0962500
vt 0.7500000 1.0962500
vt 0.2500000 1.0962500
vt 0.0000000 1.0962500
vt 0.2500000 1.0962500
vt 0.7500000 1.0962500
vt 1.0000000 1.1525000
vt 0.7500000 1.1525000
vt 0.2500000 1.1525000
vt 0.0000000 1.1525000
vt 0.2500000 1.1525000
vt 0.7500000 1.1525000
vt 1.0000000 1.2087500
vt 0.7500000 1.2087500
vt 0.2500000 1.2087500
vt 0.0000000 1.2087500
vt 0.2500000 1.2087500
vt 0.7500000 1.2087500
vt 1.0000000 1.2650000
vt 0.7500000 1.2650000
vt 0.2500000 1.2650000
vt 0.0000000 1.2650000
vt 0.2500000 1.2650000
vt 0.7500000 1.2650000
vt 1.0000000 1.3212500
vt 0.7500000 1.3212500
vt 0.2500000 1.3212500
vt 0.0000000 1.3212500
vt 0.2500000 1.3212500
vt 0.7500000 1.3212500
vt 1.0000000 1.3775000
vt 0.7500000 1.3775000
vt 0.2500000 1.3775000
vt 0.0000000 1.3775000
vt 0.2500000 1.3775000
vt 0.7500000 1.3775000
vt 1.0000000 1.4337500
vt 0.7500000 1.4337500
vt 0.2500000 1.4337500
vt 0.0000000 1.4337500
vt 0.2500000 1.4337500
vt 0.7500000 1.4337500
vt 1.0000000 1.4900000
vt 0.7500000 1.4900000
vt 0.2500000 1.4900000
vt 0.0000000 1.4900000
vt 0.2500000 1.4900000
vt 0.7500000 1.4900000
vt 1.0000000 1.5462500
vt 0.7500000 1.5462500
vt 0.2500000 1.5462500
vt 0.0000000 1.5462500
vt 0.2500000 1.5462500
vt 0.7500000 1.5462500
vt 1.0000000 1.6025000
vt 0.7500000 1.6025000
vt 0.2500000 1.6025000
vt 0.0000000 1.6025000
vt 0.2500000 1.6025000
vt 0.7500000 1.6025000
vt 1.0000000 1.6587500
vt 0.7500000 1.6587500
vt 0.2500000 1.6587500
vt 0.0000000 1.6587500
vt 0.2500000 1.6587500
vt 0.7500000 1.6587500
vt 1.0000000 1.7150000
vt 0.7500000 1.7150000
vt 0.2500000 1.7150000
vt 0.0000000 1.7150000
vt 0.2500000 1.7150000
vt 0.7500000 1.7150000
vt 1.0000000 1.7712500
vt 0.7500000 1.7712500
vt 0.2500000 1.7712500
vt 0.0000000 1.7712500
vt 0.2500000 1.7712500
vt 0.7500000 1.7712500
vt 1.0000000 1.8275000
vt 0.7500000 1.8275000
vt 0.2500000 1.8275000
vt 0.0000000 1.8275000
vt 0.2500000 1.8275000
vt 0.7500000 1.8275000
vt 1.0000000 1.8837500
vt 0.7500000 1.8837500
vt 0.2500000 1.8837500
vt 0.0000000 1.8837500
vt 0.2500000 1.8837500
vt 0.7500000 1.8837500
vt 1.0000000 1.9400000
vt 0.7500000 1.9400000
vt 0.2500000 1.9400000
vt 0.0000000 1.9400000
vt 0.2500000 1.9400000
vt 0.7500000 1.9400000
vt 1.0000000 0.3800000
vt 0.7500000 0.3800000
vt 0.2500000 0.3800000
vt 0.0000000 0.3800000
vt 0.2500000 0.3800000
vt 0.7500000 0.3800000
vt 1.0000000 0.4362500
vt 0.7500000 0.4362500
vt 0.2500000 0.4362500
vt 0.0000000 0.4362500
vt 0.2500000 0.4362500
vt 0.7500000 0.4362500
vt 1.0000000 0.4925000
vt 0.7500000 0.4925000
vt 0.2500000 0.4925000
vt 0.0000000 0.4925000
vt 0.2500000 0.4925000
vt 0.7500000 0.4925000
vt 1.0000000 0.5487500
vt 0.7500000 0.5487500
vt 0.2500000 0.5487500
vt 0.0000000 0.5487500
vt 0.2500000 0.5487500
vt 0.7500000 0.5487500
vt 1.0000000 0.6050000
vt 0.7500000 0.6050000
vt 0.2500000 0.6050000
vt 0.0000000 0.6050000
vt 0.2500000 0.6050000
vt 0.7500000 0.6050000
vt 1.0000000 0.6612500
vt 0.7500000 0.6612500
vt 0.2500000 0.6612500
vt 0.0000000 0.6612500
vt 0.2500000 0.6612500
vt 0.7500000 0.6612500
vt 1.0000000 0.7175000
vt 0.7500000 0.7175000
vt 0.2500000 0.7175000
vt 0.0000000 0.7175000
vt 0.2500000 0.7175000
vt 0.7500000 0.7175000
vt 1.0000000 0.7737500
vt 0.7500000 0.7737500
vt 0.2500000 0.7737500
vt 0.0000000 0.7737500
vt 0.2500000 0.7737500
vt 0.7500000 0.7737500
vt 1.0000000 0.8300000
vt 0.7500000 0.8300000
vt 0.2500000 0.8300000
vt 0.0000000 0.8300000
vt 0.2500000 0.8300000
vt 0.7500000 0.8300000
vt 1.0000000 0.8862500
vt 0.7500000 0.8862500
vt 0.2500000 0.8862500
vt 0.0000000 0.8862500
vt 0.2500000 0.8862500
vt 0.7500000 0.8862500
vt 1.0000000 0.9425000
vt 0.7500000 0.9425000
vt 0.2500000 0.9425000
vt 0.0000000 0.9425000
vt 0.2500000 0.9425000
vt 0.7500000 0.9425000
vt 1.0000000 0.9987500
vt 0.7500000 0.9987500
vt 0.2500000 0.9987500
vt 0.0000000 0.9987500
vt 0.2500000 0.9987500
vt 0.7500000 0.9987500
vt 1.0000000 1.0550000
vt 0.7500000 1.0550000
vt 0.2500000 1.0550000
vt 0.0000000 1.0550000
vt 0.2500000 1.0550000
vt 0.7500000 1.0550000
vt 1.0000000 1.1112500
vt 0.7500000 1.1112500
vt 0.2500000 1.1112500
vt 0.0000000 1.1112500
vt 0.2500000 1.1112500
vt 0.7500000 1.1112500
vt 1.0000000 1.1675000
vt 0.7500000 1.1675000
vt 0.2500000 1.1675000
vt 0.0000000 1.1675000
vt 0.2500000 1.1675000
vt 0.7500000 1.1675000
vt 1.0000000 1.2237500
vt 0.7500000 1.2237500
vt 0.2500000 1.2237500
vt 0.0000000 1.2237500
vt 0.2500000 1.2237500
vt 0.7500000 1.2237500
vt 1.0000000 1.2800000
vt 0.7500000 1.2800000
vt 0.2500000 1.2800000
vt 0.0000000 1.2800000
vt 0.2500000 1.2800000
vt 0.7500000 1.2800000
vt 1.0000000 1.3362500
vt 0.7500000 1.3362500
vt 0.2500000 1.3362500
vt 0.0000000 1.3362500
vt 0.2500000 1.3362500
vt 0.7500000 1.3362500
vt 1.0000000 1.3925000
vt 0.7500000 1.3925000
vt 0.2500000 1.3925000
vt 0.0000000 1.3925000
vt 0.2500000 1.3925000
vt 0.7500000 1.3925000
vt 1.0000000 1.4487500
vt 0.7500000 1.4487500
vt 0.2500000 1.4487500
vt 0.0000000 1.4487500
vt 0.2500000 1.4487500
vt 0.7500000 1.4487500
vt 1.0000000 1.5050000
vt 0.7500000 1.5050000
vt 0.2500000 1.5050000
vt 0.0000000 1.5050000
vt 0.2500000 1.5050000
vt 0.7500000 1.5050000
vt 1.0000000 1.5612500
vt 0.7500000 1.5612500
vt 0.2500000 1.5612500
vt 0.0000000 1.5612500
vt 0.2500000 1.5612500
vt 0.7500000 1.5612500
vt 1.0000000 1.6175000
vt 0.7500000 1.6175000
vt 0.2500000 1.6175000
vt 0.0000000 1.6175000
vt 0.2500000 1.6175000
vt 0.7500000 1.6175000
vt 1.0000000 1.6737500
vt 0.7500000 1.6737500
vt 0.2500000 1.6737500
vt 0.0000000 1.6737500
vt 0.2500000 1.6737500
vt 0.7500000 1.6737500
vt 1.0000000 1.7300000
vt 0.7500000 1.7300000
vt 0.2500000 1.7300000
vt 0.0000000 1.7300000
vt 0.2500000 1.7300000
vt 0.7500000 1.7300000
vt 1.0000000 1.7862500
vt 0.7500000 1.7862500
vt 0.2500000 1.7862500
vt 0.0000000 1.7862500
vt 0.2500000 1.7862500
vt 0.7500000 1.7862500
vt 1.0000000 1.8425000
vt 0.7500000 1.8425000
vt 0.2500000 1.8425000
vt 0.0000000 1.8425000
vt 0.2500000 1.8425000
vt 0.7500000 1.8425000
vt 1.0000000 1.8987500
vt 0.7500000 1.8987500
vt 0.2500000 1.8987500
vt 0.0000000 1.8987500
vt 0.2500000 1.8987500
vt 0.7500000 1.8987500
vt 1.0000000 1.9550000
vt 0.7500000 1.9550000
vt 0.2500000 1.9550000
vt 0.0000000 1.9550000
vt 0.2500000 1.9550000
vt 0.7500000 1.9550000
vt 1.0000000 2.0112500
vt 0.7500000 2.0112500
vt 0.2500000 2.0112500
vt 0.0000000 2.0112500
vt 0.2500000 2.0112500
vt 0.7500000 2.0112500
vt 1.0000000 2.0675000
vt 0.7500000 2.0675000
vt 0.2500000 2.0675000
vt 0.0000000 2.0675000
vt 0.2500000 2.0675000
vt 0.7500000 2.0675000
vt 1.0000000 2.1237500
vt 0.7500000 2.1237500
vt 0.2500000 2.1237500
vt 0.0000000 2.1237500
vt 0.2500000 2.1237500
vt 0.7500000 2.1237500
vt 1.0000000 2.1800000
vt 0.7500000 2.1800000
vt 0.2500000 2.1800000
vt 0.0000000 2.1800000
vt 0.2500000 2.1800000
vt 0.7500000 2.1800000
vn 0.9412571 0.2074277 0.2664748
vn 0.9754848 0.0398967 0.2164203
vn 0.9798887 -0.0333969 0.1967303
vn 0.9654070 -0.2110978 0.1530589
vn -0.9408115 -0.2383692 -0.2409436
vn -0.9776073 -0.0476430 -0.2049734
vn -0.9823274 0.0261702 -0.1853323
vn -0.9746314 0.1812617 -0.1312932
vn 0.6879726 0.6182388 0.3800980
vn 0.9655243 0.0689264 0.2510218
vn 0.9735310 -0.0091389 0.2283722
vn 0.9731180 -0.1153933 0.1993131
vn -0.6833107 -0.6531637 -0.3262877
vn -0.9667535 -0.0782033 -0.2434582
vn -0.9753626 0.0066324 -0.2205079
vn -0.9767758 0.1008460 -0.1890477
vn 0.3039850 0.8661543 0.3966986
vn 0.9527104 0.0798497 0.2932010
vn 0.9632314 -0.0042284 0.2686400
vn 0.9652659 -0.1010990 0.2409165
vn -0.3651462 -0.8641583 -0.3462638
vn -0.9539333 -0.0852322 -0.2876574
vn -0.9648337 0.0024333 -0.2628497
vn -0.9682869 0.0928064 -0.2319643
vn 0.2331291 0.8838880 0.4054538
vn 0.9380952 0.0827299 0.3363529
vn 0.9501551 -0.0039618 0.3117524
vn 0.9534253 -0.0978802 0.2853063
vn -0.3234449 -0.8785321 -0.3515178
vn -0.9407386 -0.0839408 -0.3285800
vn -0.9525402 0.0019074 -0.3044069
vn -0.9574782 0.0942643 -0.2726714
vn 0.1176598 0.9147579 0.3864895
vn 0.9220787 0.0866561 0.3771759
vn 0.9356888 -0.0030056 0.3528136
vn 0.9402249 -0.0931790 0.3275589
vn -0.2249659 -0.9105948 -0.3467094
vn -0.9254943 -0.0829808 -0.3695599
vn -0.9383155 0.0011870 -0.3457784
vn -0.9446897 0.0947829 -0.3139706
vn -0.0029949 0.9384935 0.3452838
vn 0.9048112 0.0908365 0.4160114
vn 0.9199231 -0.0017579 0.3920950
vn 0.9257786 -0.0881411 0.3676481
vn -0.1005533 -0.9377228 -0.3325133
vn -0.9081750 -0.0817917 -0.4105220
vn -0.9221364 0.0006151 -0.3868644
vn -0.9298777 0.0950447 -0.3553786
vn -0.0366008 0.9400101 0.3391775
vn 0.8856244 0.0926615 0.4550640
vn 0.9020934 -0.0015071 0.4315382
vn 0.9090306 -0.0851669 0.4079337
vn -0.0654539 -0.9410760 -0.3318007
vn -0.8898260 -0.0795925 -0.4493047
vn -0.9046170 0.0004865 -0.4262252
vn -0.9139023 0.0960823 -0.3943992
vn 0.0144146 0.9206641 0.3900894
vn 0.8640279 0.0913312 0.4950904
vn 0.8817003 -0.0025823 0.4718028
vn 0.8891856 -0.0847070 0.4496373
vn -0.1412329 -0.9244824 -0.3540983
vn -0.8712462 -0.0768078 -0.4847996
vn -0.8863400 0.0005571 -0.4630346
vn -0.8975944 0.0975244 -0.4298992
vn 0.0359030 0.9015760 0.4311284
vn 0.8410438 0.0897605 0.5334682
vn 0.8597996 -0.0034637 0.5106199
vn 0.8675108 -0.0840793 0.4902608
vn -0.1841629 -0.9129349 -0.3641894
vn -0.8514057 -0.0747417 -0.5191551
vn -0.8668365 0.0003301 -0.4985925
vn -0.8801931 0.0975643 -0.4644796
vn -0.0286357 0.9144470 0.4036914
vn 0.8186050 0.0905966 0.5671667
vn 0.8381852 -0.0027005 0.5453791
vn 0.8465981 -0.0809056 0.5260475
vn -0.0952976 -0.9344089 -0.3432177
vn -0.8283480 -0.0735007 -0.5553713
vn -0.8448452 0.0000147 -0.5350108
vn -0.8596937 0.0957964 -0.5017468
vn -0.1384945 0.9414489 0.3073976
vn 0.7973010 0.0932825 0.5963300
vn 0.8172450 -0.0005596 0.5762902
vn 0.8271456 -0.0758709 0.5568427
vn 0.0994234 -0.9520151 -0.2894515
vn -0.8015997 -0.0723722 -0.5934646
vn -0.8199737 0.0001000 -0.5724011
vn -0.8354701 0.0934198 -0.5415371
vn -0.2299865 0.9521048 0.2015010
vn 0.7752946 0.0952016 0.6243837
vn 0.7953642 0.0014626 0.6061301
vn 0.8069906 -0.0714517 0.5862260
vn 0.2821387 -0.9339905 -0.2192245
vn -0.7732349 -0.0713749 -0.6300900
vn -0.7936039 0.0003876 -0.6084347
vn -0.8095028 0.0910025 -0.5800205
vn -0.2533340 0.9510578 0.1769491
vn 0.7499541 0.0935235 0.6548452
vn 0.7704048 0.0017953 0.6375525
vn 0.7832633 -0.0700526 0.6177307
vn 0.3319810 -0.9241583 -0.1889974
vn -0.7463193 -0.0707642 -0.6618157
vn -0.7677406 0.0004327 -0.6407606
vn -0.7846190 0.0886573 -0.6136065
vn -0.2042532 0.9437700 0.2599592
vn 0.7210282 0.0881788 0.6872721
vn 0.7421400 0.0003414 0.6702448
vn 0.7554258 -0.0719205 0.6512751
vn 0.2406763 -0.9423469 -0.2325020
vn -0.7213805 -0.0703735 -0.6889541
vn -0.7427601 0.0002241 -0.6695576
vn -0.7614094 0.0864777 -0.6424775
vn -0.1646496 0.9275996 0.3353348
vn 0.6915524 0.0832035 0.7175182
vn 0.7131044 -0.0009244 0.7010573
vn 0.7265698 -0.0739869 0.6830976
vn 0.1608710 -0.9482191 -0.2738634
vn -0.6952160 -0.0703288 -0.7153521
vn -0.7167466 -0.0000146 -0.6973338
vn -0.7370863 0.0839589 -0.6705630
vn -0.1967398 0.9324992 0.3028838
vn 0.6640721 0.0814399 0.7432198
vn 0.6855418 -0.0004968 0.7280331
vn 0.6999213 -0.0736512 0.7104123
vn 0.2162031 -0.9461337 -0.2410130
vn -0.6650661 -0.0707705 -0.7434236
vn -0.6879179 -0.0000163 -0.7257885
vn -0.7088963 0.0810649 -0.7006387
vn -0.2545419 0.9439757 0.2100436
vn 0.6372743 0.0812260 0.7663444
vn 0.6584108 0.0007214 0.7526584
vn 0.6743220 -0.0723564 0.7348839
vn 0.3236537 -0.9311979 -0.1676865
vn -0.6322692 -0.0716278 -0.7714305
vn -0.6571210 0.0001838 -0.7537851
vn -0.6781338 0.0783890 -0.7307460
vn -0.2648273 0.9422502 0.2050149
vn 0.6071689 0.0788755 0.7906482
vn 0.6285085 0.0006154 0.7778025
vn 0.6455673 -0.0736242 0.7601463
vn 0.3334767 -0.9299118 -0.1551043
vn -0.6010972 -0.0729312 -0.7958412
vn -0.6271406 0.0001230 -0.7789061
vn -0.6489874 0.0761012 -0.7569834
vn -0.2063466 0.9079706 0.3647061
vn 0.5718604 0.0730145 0.8170952
vn 0.5941945 -0.0017487 0.8043195
vn 0.6112086 -0.0792120 0.7874957
vn 0.1961561 -0.9465597 -0.2560225
vn -0.5737569 -0.0745444 -0.8156262
vn -0.5994983 -0.0004638 -0.8003759
vn -0.6238588 0.0739840 -0.7780273
vn -0.1722045 0.8474645 0.5021450
vn 0.5352621 0.0676677 0.8419712
vn 0.5584489 -0.0042575 0.8295280
vn 0.5747136 -0.0855444 0.8138713
vn 0.0727474 -0.9388382 -0.3365868
vn -0.5463003 -0.0767301 -0.8340674
vn -0.5718915 -0.0013820 -0.8203281
vn -0.5993412 0.0714152 -0.7973017
vn -0.2179977 0.8531526 0.4739278
vn 0.5030167 0.0668401 0.8616883
vn 0.5259963 -0.0042969 0.8504760
vn 0.5427828 -0.0877529 0.8352762
vn 0.1073132 -0.9463954 -0.3046633
vn -0.5129154 -0.0791424 -0.8547832
vn -0.5402774 -0.0017555 -0.8414851
vn -0.5690845 0.0691648 -0.8193650
vn -0.2823947 0.9092675 0.3057546
vn 0.4760377 0.0700159 0.8766333
vn 0.4976535 -0.0019340 0.8673737
vn 0.5168180 -0.0860488 0.8517598
vn 0.2487945 -0.9473140 -0.2017360
vn -0.4726374 -0.0809351 -0.8775326
vn -0.5037020 -0.0010072 -0.8638769
vn -0.5317116 0.0685864 -0.8441438
vn -0.3147224 0.9427677 0.1101770
vn 0.4494557 0.0739372 0.8902375
vn 0.4696754 0.0007577 0.8828388
vn 0.4916644 -0.0840038 0.8667234
vn 0.3757380 -0.9216148 -0.0971967
vn -0.4304133 -0.0825948 -0.8988451
vn -0.4655059 0.0000617 -0.8850448
vn -0.4921800 0.0690884 -0.8677474
vn -0.3237731 0.9455697 0.0326949
vn 0.4172157 0.0752570 0.9056862
vn 0.4375119 0.0016056 0.8992112
vn 0.4613374 -0.0850668 0.8831373
vn 0.4089117 -0.9108177 -0.0565886
vn -0.3926230 -0.0850117 -0.9157621
vn -0.4299154 0.0003186 -0.9028691
vn -0.4565137 0.0693502 -0.8870095
vn -0.3293293 0.9397928 0.0912784
vn 0.3788767 0.0737139 0.9225067
vn 0.4005775 0.0003879 0.9162628
vn 0.4250496 -0.0895386 0.9007306
vn 0.3628938 -0.9273320 -0.0914519
vn -0.3599967 -0.0878379 -0.9288094
vn -0.3973441 -0.0002421 -0.9176697
vn -0.4254950 0.0692020 -0.9023110
vn -0.3355303 0.9323778 0.1345029
vn 0.3406217 0.0729575 0.9373655
vn 0.3632787 -0.0006305 0.9316803
vn 0.3883435 -0.0934415 0.9167650
vn 0.3267685 -0.9372428 -0.1216486
vn -0.3262731 -0.0901543 -0.9409666
vn -0.3637096 -0.0006321 -0.9315122
vn -0.3934398 0.0694962 -0.9167199
vn -0.3353597 0.9411673 0.0416901
vn 0.3072049 0.0758610 0.9486149
vn 0.3295233 0.0004781 0.9441473
vn 0.3562944 -0.0932213 0.9297118
vn 0.3634146 -0.9286208 -0.0747876
vn -0.2864251 -0.0915415 -0.9537195
vn -0.3256570 -0.0001547 -0.9454880
vn -0.3553015 0.0709735 -0.9320534
vn -0.3195661 0.9399074 -0.1202148
vn 0.2758101 0.0809516 0.9577973
vn 0.2975274 0.0027924 0.9547092
vn 0.3265310 -0.0903831 0.9408551
vn 0.4280162 -0.9035465 0.0201466
vn -0.2431349 -0.0923428 -0.9655870
vn -0.2850228 0.0006804 -0.9585205
vn -0.3136022 0.0731829 -0.9467301
vn -0.3152481 0.9310510 -0.1837464
vn 0.2388252 0.0838405 0.9674365
vn 0.2616389 0.0035132 0.9651594
vn 0.2918717 -0.0896356 0.9522481
vn 0.4409020 -0.8953638 0.0626820
vn -0.2042428 -0.0930894 -0.9744841
vn -0.2469647 0.0007441 -0.9690242
vn -0.2757362 0.0750274 -0.9583008
vn -0.3460335 0.9378540 -0.0262809
vn 0.1922846 0.0813146 0.9779645
vn 0.2183455 0.0006860 0.9758713
vn 0.2478765 -0.0944222 0.9641793
vn 0.3643222 -0.9297808 -0.0526972
vn -0.1742693 -0.0930966 -0.9802873
vn -0.2142921 -0.0001776 -0.9767696
vn -0.2461290 0.0765324 -0.9662108
vn -0.3839886 0.8983512 0.2133491
vn 0.1425224 0.0769245 0.9867978
vn 0.1714887 -0.0036275 0.9851794
vn 0.1985456 -0.1012733 0.9748453
vn 0.2466979 -0.9396023 -0.2372500
vn -0.1470662 -0.0922439 -0.9848160
vn -0.1834246 -0.0014217 -0.9830328
vn -0.2202356 0.0779852 -0.9723243
vn -0.4089853 0.8775571 0.2502492
vn 0.0992142 0.0773192 0.9920576
vn 0.1290116 -0.0051242 0.9916298
vn 0.1541127 -0.1024425 0.9827283
vn 0.2112926 -0.9372660 -0.2772867
vn -0.1125088 -0.0911364 -0.9894624
vn -0.1476973 -0.0021037 -0.9890304
vn -0.1876484 0.0794892 -0.9790146
vn -0.3977904 0.9087599 0.1261671
vn 0.0641806 0.0830874 0.9944734
vn 0.0930484 -0.0031533 0.9956566
vn 0.1183614 -0.0972542 0.9881964
vn 0.2654454 -0.9453715 -0.1892391
vn -0.0685164 -0.0887906 -0.9936910
vn -0.1051930 -0.0014753 -0.9944507
vn -0.1451257 0.0821216 -0.9859993
vn -0.3572995 0.9339328 -0.0103258
vn 0.0309992 0.0900431 0.9954553
vn 0.0586296 -0.0003440 0.9982797
vn 0.0850475 -0.0905807 0.9922510
vn 0.3362999 -0.9387429 -0.0752606
vn -0.0214926 -0.0853932 -0.9961155
vn -0.0602488 -0.0002390 -0.9981834
vn -0.0992703 0.0854539 -0.9913844
vn -0.3454362 0.9370219 -0.0516126
vn -0.0082380 0.0935660 0.9955790
vn 0.0195902 0.0004657 0.9998080
vn 0.0460609 -0.0869601 0.9951464
vn 0.3577114 -0.9331773 -0.0349675
vn 0.0204998 -0.0824182 -0.9963870
vn -0.0184707 0.0002153 -0.9998294
vn -0.0582305 0.0879670 -0.9944199
vn -0.3783208 0.9256667 -0.0038158
vn -0.0539582 0.0929975 0.9942032
vn -0.0246623 -0.0009931 0.9996953
vn 0.0002352 -0.0868232 0.9962237
vn 0.3299980 -0.9402233 -0.0841516
vn 0.0567106 -0.0803214 -0.9951544
vn 0.0194649 -0.0003619 -0.9998105
vn -0.0230192 0.0891989 -0.9957478
vn -0.4026387 0.9151255 0.0206707
vn -0.0981880 0.0927430 0.9908369
vn -0.0681135 -0.0019119 0.9976757
vn -0.0448316 -0.0859143 0.9952934
vn 0.3145256 -0.9430034 -0.1087116
vn 0.0949114 -0.0780825 -0.9924187
vn 0.0587271 -0.0007736 -0.9982738
vn 0.0140452 0.0899599 -0.9958463
vn -0.3687038 0.9282641 -0.0488181
vn -0.1348595 0.0963712 0.9861671
vn -0.1058217 -0.0000143 0.9943851
vn -0.0820718 -0.0807768 0.9933475
vn 0.3572009 -0.9339710 -0.0102803
vn 0.1411701 -0.0745783 -0.9871723
vn 0.1037073 0.0001919 -0.9946078
vn 0.0597877 0.0913223 -0.9940250
vn -0.2861489 0.9427419 -0.1713374
vn -0.1671578 0.1022033 0.9806186
vn -0.1401816 0.0036120 0.9901192
vn -0.1142262 -0.0731675 0.9907567
vn 0.4175612 -0.8908205 0.1791128
vn 0.1922203 -0.0704357 -0.9788208
vn 0.1522530 0.0020885 -0.9883393
vn 0.1111185 0.0928907 -0.9894564
vn -0.2297302 0.9389085 -0.2562711
vn -0.2043207 0.1049945 0.9732570
vn -0.1782788 0.0057147 0.9839634
vn -0.1505730 -0.0679675 0.9862597
vn 0.4283759 -0.8445357 0.3213311
vn 0.2386344 -0.0678818 -0.9687341
vn 0.1978096 0.0030795 -0.9802356
vn 0.1585676 0.0929265 -0.9829654
vn -0.2772215 0.9362296 -0.2159221
vn -0.2521071 0.1002662 0.9624909
vn -0.2246226 0.0038397 0.9744383
vn -0.1972557 -0.0689371 0.9779253
vn 0.4023970 -0.8723928 0.2775022
vn 0.2743791 -0.0678480 -0.9592251
vn 0.2362740 0.0021139 -0.9716842
vn 0.1959944 0.0908852 -0.9763842
vn -0.4094505 0.9106554 -0.0552908
vn -0.3049618 0.0904211 0.9480624
vn -0.2755882 -0.0006531 0.9612756
vn -0.2508085 -0.0746029 0.9651578
vn 0.3718909 -0.9273042 0.0424742
vn 0.3045839 -0.0687887 -0.9499983
vn 0.2707086 0.0000953 -0.9626613
vn 0.2270373 0.0876616 -0.9699327
vn -0.4884108 0.8722284 0.0259311
vn -0.3518436 0.0838565 0.9322951
vn -0.3225172 -0.0032524 0.9465580
vn -0.3003308 -0.0781212 0.9506306
vn 0.3515060 -0.9322494 -0.0857594
vn 0.3402856 -0.0691185 -0.9377784
vn 0.3083232 -0.0012652 -0.9512808
vn 0.2626179 0.0840072 -0.9612360
vn -0.4684175 0.8829537 -0.0312690
vn -0.3896852 0.0832085 0.9171814
vn -0.3623599 -0.0022997 0.9320354
vn -0.3405046 -0.0764684 0.9371282
vn 0.3583919 -0.9335563 0.0052799
vn 0.3847597 -0.0681406 -0.9204981
vn 0.3518638 -0.0009716 -0.9360507
vn 0.3074961 0.0812451 -0.9480746
vn -0.4039011 0.9069247 -0.1197977
vn -0.4244770 0.0842974 0.9015061
vn -0.3997388 -0.0002175 0.9166291
vn -0.3769256 -0.0733771 0.9233325
vn 0.3645419 -0.9179163 0.1566491
vn 0.4318060 -0.0668123 -0.8994886
vn 0.3972479 0.0000995 -0.9177114
vn 0.3553746 0.0793265 -0.9313518
vn -0.3996243 0.9055253 -0.1425638
vn -0.4639158 0.0821306 0.8820639
vn -0.4406044 -0.0001353 0.8977014
vn -0.4176359 -0.0736929 0.9056211
vn 0.3594513 -0.9131721 0.1921235
vn 0.4734507 -0.0670870 -0.8782618
vn 0.4388543 0.0001172 -0.8985582
vn 0.3978336 0.0765742 -0.9142564
vn -0.4822021 0.8704141 -0.0992997
vn -0.5083984 0.0763426 0.8577312
vn -0.4853815 -0.0024696 0.8742990
vn -0.4638466 -0.0782398 0.8824539
vn 0.3552226 -0.9296673 0.0976501
vn 0.5089395 -0.0692246 -0.8580143
vn 0.4758987 -0.0013574 -0.8794990
vn 0.4336118 0.0723061 -0.8981941
vn -0.5350148 0.8397816 -0.0923365
vn -0.5500417 0.0721564 0.8320141
vn -0.5280599 -0.0041130 0.8491972
vn -0.5079947 -0.0822206 0.8574270
vn 0.3481119 -0.9360673 0.0509521
vn 0.5457094 -0.0712664 -0.8349385
vn 0.5134171 -0.0025998 -0.8581353
vn 0.4703466 0.0681894 -0.8798433
vn -0.4633321 0.8703138 -0.1669646
vn -0.5829290 0.0735518 0.8091872
vn -0.5637332 -0.0023249 0.8259537
vn -0.5430816 -0.0811138 0.8357529
vn 0.3378936 -0.9258026 0.1694623
vn 0.5894672 -0.0712664 -0.8046424
vn 0.5557915 -0.0016628 -0.8313200
vn 0.5150432 0.0668839 -0.8545508
vn -0.2713477 0.9229737 -0.2729285
vn -0.6097673 0.0789512 0.7886384
vn -0.5942629 0.0020262 0.8042683
vn -0.5713114 -0.0761987 0.8171885
vn 0.3063792 -0.8729694 0.3795474
vn 0.6371796 -0.0698091 -0.7675473
vn 0.6011244 0.0010890 -0.7991547
vn 0.5649983 0.0684308 -0.8222494
vn -0.0890819 0.9328348 -0.3491184
vn -0.6389493 0.0831698 0.7647396
vn -0.6258541 0.0055072 0.7799207
vn -0.6008302 -0.0726218 0.7960710
vn 0.2487771 -0.8124182 0.5273391
vn 0.6804105 -0.0698867 -0.7294912
vn 0.6433887 0.0031569 -0.7655332
vn 0.6114051 0.0699035 -0.7882242
vn -0.0645179 0.9259543 -0.3720835
vn -0.6762498 0.0817873 0.7321182
vn -0.6627848 0.0052533 0.7487915
vn -0.6371522 -0.0747781 0.7671019
vn 0.2137343 -0.8175259 0.5347607
vn 0.7137544 -0.0733789 -0.6965416
vn 0.6787249 0.0026645 -0.7343877
vn 0.6485221 0.0690109 -0.7580611
vn -0.2043427 0.9182145 -0.3393024
vn -0.7179921 0.0759281 0.6918976
vn -0.7029290 0.0018759 0.7112575
vn -0.6779295 -0.0821974 0.7305171
vn 0.2411918 -0.8754475 0.4188296
vn 0.7403287 -0.0784832 -0.6676480
vn 0.7090859 0.0004532 -0.7051219
vn 0.6785386 0.0664691 -0.7315513
vn -0.3116830 0.8973803 -0.3123495
vn -0.7552110 0.0720604 0.6515088
vn -0.7399702 -0.0006780 0.6726393
vn -0.7156874 -0.0886841 0.6927674
vn 0.2722667 -0.9056015 0.3252027
vn 0.7680488 -0.0823533 -0.6350740
vn 0.7396429 -0.0010469 -0.6729987
vn 0.7089102 0.0647319 -0.7023219
vn -0.2514230 0.9053641 -0.3422022
vn -0.7848592 0.0735924 0.6152887
vn -0.7710317 -0.0000223 0.6367968
vn -0.7467664 -0.0898528 0.6589889
vn 0.2467931 -0.8993964 0.3608037
vn 0.7997405 -0.0841952 -0.5944126
vn 0.7724525 -0.0006623 -0.6350722
vn 0.7433374 0.0653514 -0.6657167
vn -0.1251586 0.9165623 -0.3798010
vn -0.8112972 0.0773373 0.5794961
vn -0.7990185 0.0019126 0.6013034
vn -0.7746397 -0.0886620 0.6261569
vn 0.1936221 -0.8790085 0.4357231
vn 0.8311207 -0.0852317 -0.5495215
vn 0.8046493 0.0003936 -0.5937503
vn 0.7778146 0.0672604 -0.6248844
vn -0.1203434 0.9128905 -0.3900620
vn -0.8399755 0.0778238 0.5370145
vn -0.8280519 0.0015485 0.5606493
vn -0.8043135 -0.0909073 0.5872100
vn 0.1883351 -0.8843633 0.4271199
vn 0.8569001 -0.0871273 -0.5080661
vn 0.8325222 0.0000647 -0.5539917
vn 0.8067606 0.0681284 -0.5869377
vn -0.2838085 0.8814970 -0.3773802
vn -0.8706987 0.0737178 0.4862607
vn -0.8584433 -0.0021587 0.5129040
vn -0.8363806 -0.0983865 0.5392472
vn 0.2637390 -0.9135468 0.3096354
vn 0.8768406 -0.0897850 -0.4723233
vn 0.8557340 -0.0020690 -0.5174119
vn 0.8293441 0.0671403 -0.5546896
vn -0.3976493 0.8338036 -0.3829446
vn -0.8976155 0.0708075 0.4350549
vn -0.8860299 -0.0056185 0.4635941
vn -0.8661357 -0.1049153 0.4886734
vn 0.3187439 -0.9233412 0.2141104
vn 0.8958751 -0.0916272 -0.4347554
vn 0.8775820 -0.0041374 -0.4794088
vn 0.8505790 0.0659270 -0.5216981
vn -0.3250656 0.8498248 -0.4148858
vn -0.9171953 0.0744459 0.3914213
vn -0.9076367 -0.0049435 0.4197275
vn -0.8894485 -0.1038340 0.4450840
vn 0.2858771 -0.9246729 0.2515042
vn 0.9174667 -0.0906454 -0.3873478
vn 0.9007758 -0.0037982 -0.4342678
vn 0.8752100 0.0675190 -0.4790080
vn -0.1297368 0.8993655 -0.4175046
vn -0.9313054 0.0835257 0.3545330
vn -0.9244276 -0.0005702 0.3813572
vn -0.9073697 -0.0962482 0.4091657
vn 0.1913231 -0.9048060 0.3804229
vn 0.9397352 -0.0864680 -0.3307887
vn 0.9241454 -0.0009331 -0.3820398
vn 0.9016366 0.0725697 -0.4263625
vn 0.0452963 0.9187435 -0.3922481
vn -0.9443086 0.0924404 0.3158101
vn -0.9396604 0.0037874 0.3420876
vn -0.9237385 -0.0881166 0.3727500
vn 0.0880165 -0.8652938 0.4934771
vn 0.9583470 -0.0817425 -0.2736588
vn 0.9444546 0.0019977 -0.3286360
vn 0.9249071 0.0781028 -0.3720844
vn 0.0938955 0.9154339 -0.3913623
vn -0.9588170 0.0958747 0.2673539
vn -0.9552563 0.0046809 0.2957423
vn -0.9409103 -0.0846434 0.3279075
vn 0.0428399 -0.8528213 0.5204427
vn 0.9712685 -0.0792134 -0.2244162
vn 0.9600293 0.0026444 -0.2798869
vn 0.9424162 0.0811562 -0.3244463
vn 0.0282456 0.9059179 -0.4225103
vn -0.9729954 0.0940322 0.2108032
vn -0.9700475 0.0023197 0.2429043
vn -0.9576531 -0.0857629 0.2748549
vn 0.0785719 -0.8754328 0.4769108
vn 0.9801280 -0.0784053 -0.1822134
vn 0.9718839 0.0013169 -0.2354571
vn 0.9554958 0.0818863 -0.2834122
vn -0.0200933 0.8942451 -0.4471264
vn -0.9833995 0.0929455 0.1558414
vn -0.9816584 0.0005807 0.1906476
vn -0.9712518 -0.0858662 0.2220293
vn 0.1066605 -0.8880183 0.4472662
vn 0.9874854 -0.0767027 -0.1378015
vn 0.9818835 0.0004200 -0.1894852
vn 0.9670737 0.0826833 -0.2406904
vn 0.0412164 0.8981587 -0.4377352
vn -0.9894534 0.0965966 0.1079397
vn -0.9896168 0.0020983 0.1437158
vn -0.9810661 -0.0809623 0.1759388
vn 0.0352640 -0.8710352 0.4899532
vn 0.9936569 -0.0727749 -0.0857313
vn 0.9904013 0.0015009 -0.1382139
vn 0.9780399 0.0851094 -0.1902482
vn 0.1500643 0.9010881 -0.4068426
vn -0.9928196 0.1019831 0.0625191
vn -0.9950887 0.0050039 0.0988607
vn -0.9883592 -0.0739138 0.1329766
vn -0.0980589 -0.8290837 0.5504585
vn 0.9971976 -0.0682277 -0.0306919
vn 0.9963985 0.0033982 -0.0847256
vn 0.9867750 0.0878742 -0.1362105
vn 0.1782922 0.8944740 -0.4100343
vn -0.9946902 0.1023368 0.0108880
vn -0.9987797 0.0051638 0.0491169
vn -0.9939057 -0.0709466 0.0843690
vn -0.1527724 -0.8166361 0.5565663
vn 0.9976550 -0.0660187 0.0180562
vn 0.9993699 0.0035684 -0.0353142
vn 0.9922157 0.0883570 -0.0877555
vn 0.0398263 0.8740583 -0.4841859
vn -0.9943305 0.0942540 -0.0492238
vn -0.9999669 0.0006471 -0.0081098
vn -0.9968170 -0.0753786 0.0259612
vn -0.0022905 -0.8671055 0.4981193
vn 0.9961216 -0.0667720 0.0572998
vn 0.9999703 0.0010404 0.0076363
vn 0.9951134 0.0856453 -0.0491343
vn -0.1272680 0.8127615 -0.5685259
vn -0.9904580 0.0844300 -0.1089246
vn -0.9977858 -0.0048740 -0.0663300
vn -0.9959674 -0.0823098 -0.0356946
vn 0.2016578 -0.8876107 0.4141032
vn 0.9930894 -0.0680476 0.0956186
vn 0.9987910 -0.0023360 0.0491018
vn 0.9966439 0.0807549 -0.0134038
vn -0.1254214 0.7889859 -0.6014738
vn -0.9839360 0.0814747 -0.1588455
vn -0.9931040 -0.0061529 -0.1170755
vn -0.9925497 -0.0833584 -0.0888626
vn 0.2002454 -0.8908433 0.4077990
vn 0.9874745 -0.0667710 0.1429540
vn 0.9953736 -0.0034503 0.0960182
vn 0.9965701 0.0767032 0.0310583
vn -0.0036669 0.8219893 -0.5694912
vn -0.9762820 0.0851833 -0.1990410
vn -0.9871382 -0.0028518 -0.1598435
vn -0.9883073 -0.0777424 -0.1311669
vn 0.0291029 -0.8801205 0.4738576
vn 0.9779911 -0.0620607 0.1992031
vn 0.9888149 -0.0012690 0.1491426
vn 0.9934245 0.0758581 0.0857519
vn 0.1238089 0.8546333 -0.5042551
vn -0.9673137 0.0895414 -0.2372478
vn -0.9796276 0.0012694 -0.2008188
vn -0.9828318 -0.0710236 -0.1702860
vn -0.1646343 -0.8328814 0.5283977
vn 0.9650028 -0.0569082 0.2559905
vn 0.9792076 0.0018007 0.2028526
vn 0.9869035 0.0761673 0.1421971
vn 0.1754306 0.8566604 -0.4851361
vn -0.9555790 0.0887627 -0.2810516
vn -0.9692858 0.0023742 -0.2459256
vn -0.9743691 -0.0687513 -0.2141916
vn -0.2454094 -0.8076803 0.5361220
vn 0.9506810 -0.0550628 0.3052436
vn 0.9678820 0.0026563 0.2513909
vn 0.9785957 0.0741200 0.1919808
vn 0.1549203 0.8332844 -0.5306946
vn -0.9404595 0.0831377 -0.3295815
vn -0.9556024 0.0004424 -0.2946588
vn -0.9621496 -0.0712597 -0.2630402
vn -0.2126174 -0.8243735 0.5245972
vn 0.9359636 -0.0563880 0.3475522
vn 0.9555409 0.0010916 0.2948565
vn 0.9695324 0.0692601 0.2349680
vn 0.1576567 0.8152270 -0.5572695
vn -0.9236841 0.0790957 -0.3749020
vn -0.9401009 -0.0005958 -0.3408958
vn -0.9481286 -0.0729833 -0.3093956
vn -0.2091476 -0.8290242 0.5186291
vn 0.9186928 -0.0570889 0.3908253
vn 0.9409538 0.0000651 0.3385351
vn 0.9581251 0.0649221 0.2788932
vn 0.2476504 0.8353259 -0.4908155
vn -0.9072879 0.0808734 -0.4126598
vn -0.9246386 0.0021215 -0.3808398
vn -0.9349726 -0.0693982 -0.3478652
vn -0.3377120 -0.7871958 0.5160168
vn 0.8965447 -0.0547323 0.4395588
vn 0.9225752 0.0019370 0.3858125
vn 0.9420783 0.0643467 0.3291625
vn 0.3799851 0.8562411 -0.3499465
vn -0.8904042 0.0855757 -0.4470538
vn -0.9086791 0.0067848 -0.4174401
vn -0.9220999 -0.0628547 -0.3818129
vn -0.5196029 -0.7062967 0.4807887
vn 0.8704650 -0.0514367 0.4895354
vn 0.9009497 0.0053228 0.4338909
vn 0.9218678 0.0662753 0.3817949
vn 0.4676279 0.8454399 -0.2579837
vn -0.8696689 0.0862726 -0.4860380
vn -0.8895625 0.0088210 -0.4567283
vn -0.9061219 -0.0598782 -0.4187573
vn -0.6184574 -0.6607146 0.4254018
vn 0.8446038 -0.0517880 0.5328812
vn 0.8787574 0.0064979 0.4772245
vn 0.9011119 0.0662832 0.4284902
vn 0.4423653 0.8297347 -0.3403723
vn -0.8427493 0.0786511 -0.5325295
vn -0.8652056 0.0054342 -0.5013878
vn -0.8843984 -0.0650518 -0.4621772
vn -0.5569453 -0.7123273 0.4270852
vn 0.8221494 -0.0573210 0.5663785
vn 0.8580087 0.0035451 0.5136230
vn 0.8830204 0.0618736 0.4652383
vn 0.3093267 0.7795480 -0.5446301
vn -0.8119638 0.0676008 -0.5797801
vn -0.8369360 -0.0007289 -0.5473002
vn -0.8580962 -0.0755090 -0.5079068
vn -0.3603767 -0.7927459 0.4916123
vn 0.8004814 -0.0640618 0.5959242
vn 0.8373414 -0.0012444 0.5466789
vn 0.8663831 0.0549076 0.4963522
vn 0.2694039 0.7322586 -0.6254749
vn -0.7824025 0.0626688 -0.6196119
vn -0.8089592 -0.0037112 -0.5878531
vn -0.8322069 -0.0818797 -0.5483861
vn -0.2819184 -0.8094144 0.5151412
vn 0.7736638 -0.0674713 0.6299936
vn 0.8133425 -0.0036999 0.5817734
vn 0.8461633 0.0500125 0.5305718
vn 0.3620775 0.7539148 -0.5481901
vn -0.7555684 0.0655528 -0.6517816
vn -0.7831032 -0.0017487 -0.6218893
vn -0.8094475 -0.0806976 -0.5816207
vn -0.3820909 -0.7860275 0.4859704
vn 0.7399750 -0.0667310 0.6693160
vn 0.7846694 -0.0024346 0.6199097
vn 0.8199314 0.0498764 0.5702849
vn 0.4623834 0.7813545 -0.4191499
vn -0.7282199 0.0705166 -0.6817061
vn -0.7570041 0.0016432 -0.6534080
vn -0.7870549 -0.0772202 -0.6120307
vn -0.5035959 -0.7448081 0.4377808
vn 0.7030355 -0.0648749 0.7081895
vn 0.7534013 -0.0000330 0.6575610
vn 0.7905418 0.0519418 0.6102014
vn 0.5013850 0.7762719 -0.3821191
vn -0.6962504 0.0712807 -0.7142510
vn -0.7272962 0.0022081 -0.6863201
vn -0.7608829 -0.0777468 -0.6442148
vn -0.5364091 -0.7318414 0.4203255
vn 0.6678304 -0.0655876 0.7414181
vn 0.7226151 0.0001290 0.6912506
vn 0.7624434 0.0518887 0.6449711
vn 0.4944941 0.7443424 -0.4488095
vn -0.6596698 0.0678026 -0.7484909
vn -0.6935629 -0.0003599 -0.7203960
vn -0.7301763 -0.0828229 -0.6782205
vn -0.4914473 -0.7488445 0.4446476
vn 0.6349203 -0.0685618 0.7695294
vn 0.6926664 -0.0020899 0.7212551
vn 0.7364610 0.0489203 0.6747088
vn 0.5083421 0.7212079 -0.4705820
vn -0.6228905 0.0665885 -0.7794699
vn -0.6591624 -0.0018253 -0.7519984
vn -0.6986981 -0.0859399 -0.7102361
vn -0.4791696 -0.7518041 0.4529759
vn 0.5994136 -0.0697248 0.7973969
vn 0.6605243 -0.0032794 0.7507975
vn 0.7082817 0.0469771 0.7043651
vn 0.5687830 0.7418182 -0.3552347
vn -0.5888296 0.0719918 -0.8050446
vn -0.6269670 0.0011631 -0.7790450
vn -0.6700478 -0.0816996 -0.7378083
vn -0.5656586 -0.7188368 0.4041089
vn 0.5576475 -0.0662913 0.8274266
vn 0.6236633 -0.0007510 0.7816927
vn 0.6738875 0.0499847 0.7371412
vn 0.6270623 0.7629488 -0.1571690
vn -0.5550820 0.0810340 -0.8278390
vn -0.5956021 0.0068977 -0.8032500
vn -0.6427152 -0.0724661 -0.7626702
vn -0.6922149 -0.6542763 0.3045670
vn 0.5117801 -0.0601892 0.8570055
vn 0.5833181 0.0040306 0.8122338
vn 0.6347861 0.0565310 0.7706172
vn 0.6627144 0.7488131 -0.0094102
vn -0.5163780 0.0865799 -0.8519728
vn -0.5610064 0.0105608 -0.8277441
vn -0.6119268 -0.0651157 -0.7882294
vn -0.7732707 -0.6007624 0.2028223
vn 0.4676531 -0.0563133 0.8821165
vn 0.5432193 0.0069760 0.8395619
vn 0.5962873 0.0614320 0.8004171
vn 0.6900168 0.7237813 -0.0041730
vn -0.4701468 0.0839972 -0.8785821
vn -0.5205779 0.0090421 -0.8537663
vn -0.5747566 -0.0644348 -0.8157837
vn -0.7784893 -0.6026187 0.1755142
vn 0.4291336 -0.0570181 0.9014395
vn 0.5055737 0.0057773 0.8627641
vn 0.5620428 0.0615660 0.8248136
vn 0.7014419 0.7007178 -0.1302836
vn -0.4197706 0.0765386 -0.9043973
vn -0.4758557 0.0042882 -0.8795129
vn -0.5326531 -0.0684936 -0.8435575
vn -0.7249189 -0.6422528 0.2490058
vn 0.3934492 -0.0591540 0.9174413
vn 0.4685595 0.0023799 0.8834288
vn 0.5302722 0.0587905 0.8457867
vn 0.7060893 0.6754911 -0.2124845
vn -0.3704616 0.0724903 -0.9260148
vn -0.4309631 0.0014770 -0.9023683
vn -0.4896146 -0.0699476 -0.8691288
vn -0.6929868 -0.6553355 0.3005073
vn 0.3537985 -0.0583914 0.9334972
vn 0.4284353 0.0005943 0.9035723
vn 0.4952967 0.0572491 0.8668354
vn 0.7309851 0.6661186 -0.1481446
vn -0.3228407 0.0745004 -0.9435166
vn -0.3873938 0.0025669 -0.9219108
vn -0.4475309 -0.0655085 -0.8918659
vn -0.7390831 -0.6307958 0.2363320
vn 0.3079181 -0.0541472 0.9498708
vn 0.3839396 0.0016817 0.9233567
vn 0.4544087 0.0586140 0.8888628
vn 0.7538532 0.6560603 -0.0359202
vn -0.2737349 0.0778576 -0.9586487
vn -0.3426933 0.0047181 -0.9394355
vn -0.4043270 -0.0592917 -0.9126906
vn -0.7984417 -0.5903358 0.1182986
vn 0.2591425 -0.0492434 0.9645829
vn 0.3369178 0.0035380 0.9415274
vn 0.4102979 0.0606904 0.9099298
vn 0.7705451 0.6373855 -0.0001697
vn -0.2206220 0.0771761 -0.9723013
vn -0.2939928 0.0046140 -0.9557965
vn -0.3571844 -0.0562617 -0.9323379
vn -0.8177529 -0.5719708 0.0642617
vn 0.2110919 -0.0465228 0.9763585
vn 0.2892835 0.0036734 0.9572364
vn 0.3662982 0.0607016 0.9285155
vn 0.7867496 0.6151053 -0.0516774
vn -0.1646364 0.0728332 -0.9836616
vn -0.2413561 0.0025511 -0.9704333
vn -0.3058433 -0.0563547 -0.9504126
vn -0.8091931 -0.5786505 0.1018343
vn 0.1630872 -0.0453399 0.9855693
vn 0.2403893 0.0023186 0.9706738
vn 0.3217873 0.0587158 0.9449896
vn 0.8009743 0.5975521 -0.0370352
vn -0.1084806 0.0707923 -0.9915747
vn -0.1876650 0.0021588 -0.9822307
vn -0.2527803 -0.0542809 -0.9659998
vn -0.8214375 -0.5662340 0.0679667
vn 0.1109429 -0.0427207 0.9929082
vn 0.1879456 0.0021369 0.9821771
vn 0.2722046 0.0573278 0.9605301
vn 0.7921210 0.5846165 0.1754079
vn -0.0524126 0.0743930 -0.9958507
vn -0.1346993 0.0055133 -0.9908712
vn -0.1999729 -0.0464839 -0.9786982
vn -0.8440496 -0.4972041 -0.2009187
vn 0.0527805 -0.0377498 0.9978924
vn 0.1312178 0.0047271 0.9913423
vn 0.2147563 0.0583333 0.9749241
vn 0.5903210 0.4497598 0.6702516
vn 0.0052256 0.0865450 -0.9962342
vn -0.0848454 0.0128876 -0.9963108
vn -0.1469630 -0.0316052 -0.9886369
vn -0.6122719 -0.2797028 -0.7395198
vn -0.0101981 -0.0330816 0.9994006
vn 0.0724995 0.0095913 0.9973223
vn 0.1482999 0.0597803 0.9871340
vn 0.2388338 0.1869457 0.9528954
vn 0.0989795 0.1444573 -0.9845482
vn -0.0407446 0.0225874 -0.9989143
vn -0.1006410 -0.0184302 -0.9947521
vn -0.2460224 -0.0875397 -0.9653030
vn -0.1044924 -0.0523230 0.9931484
vn 0.0279261 0.0106420 0.9995533
vn 0.0886468 0.0523126 0.9946885
vn 0.6420856 0.1455464 0.7526901
vn 0.7032844 0.0014932 0.7109071
vn 0.7367863 -0.1423663 0.6609673
vn -0.6590642 -0.1548103 -0.7359810
vn -0.7114483 -0.0067959 -0.7027055
vn -0.7528882 0.1330504 -0.6445596
vn 0.4235506 0.4556232 0.7829511
vn 0.6850019 0.0301203 0.7279184
vn 0.7154060 -0.0698824 0.6952055
vn -0.5057648 -0.4224200 -0.7521724
vn -0.6927261 -0.0350090 -0.7203506
vn -0.7262539 0.0663095 -0.6842210
vn 0.2121433 0.6327282 0.7447484
vn 0.6688716 0.0353132 0.7425387
vn 0.6992421 -0.0600178 0.7123611
vn -0.4074758 -0.5508564 -0.7283686
vn -0.6792915 -0.0402949 -0.7327615
vn -0.7134311 0.0573922 -0.6983711
vn -0.0802156 0.8294331 0.5528166
vn 0.6569208 0.0426803 0.7527506
vn 0.6879029 -0.0484637 0.7241829
vn -0.0479884 -0.8187481 -0.5721439
vn -0.6622141 -0.0421554 -0.7481280
vn -0.6950849 0.0492504 -0.7172387
vn -0.2369343 0.8839556 0.4030938
vn 0.6445502 0.0455062 0.7632065
vn 0.6764153 -0.0422655 0.7353067
vn 0.3394444 -0.8968208 -0.2837077
vn -0.6454280 -0.0416501 -0.7626847
vn -0.6782871 0.0443826 -0.7334554
vn -0.1341733 0.8388461 0.5275745
vn 0.6306239 0.0412615 0.7749909
vn 0.6621143 -0.0434357 0.7481430
vn 0.3000634 -0.8998248 -0.3166661
vn -0.6330408 -0.0401916 -0.7730744
vn -0.6654983 0.0423418 -0.7451974
vn 0.0447637 0.6908721 0.7215899
vn 0.6139978 0.0352242 0.7885214
vn 0.6461466 -0.0496362 0.7615976
vn 0.0936932 -0.8703320 -0.4834706
vn -0.6224018 -0.0400967 -0.7816702
vn -0.6560407 0.0414180 -0.7535882
vn -0.1646389 0.8316996 0.5302544
vn 0.6015943 0.0382343 0.7978863
vn 0.6340094 -0.0479836 0.7718352
vn 0.2715365 -0.9021529 -0.3352433
vn -0.6049247 -0.0425446 -0.7951453
vn -0.6391612 0.0409639 -0.7679811
vn -0.5274116 0.8425491 -0.1093069
vn 0.5921503 0.0480150 0.8043958
vn 0.6254890 -0.0414148 0.7791331
vn 0.5899821 -0.8069926 0.0261566
vn -0.5813318 -0.0465756 -0.8123325
vn -0.6180982 0.0418584 -0.7849856
vn -0.4595785 0.8850322 0.0741991
vn 0.5739215 0.0459161 0.8176221
vn 0.6088509 -0.0480908 0.7918256
vn 0.3583142 -0.8972341 -0.2580346
vn -0.5700225 -0.0485791 -0.8201917
vn -0.6082760 0.0451296 -0.7924416
vn -0.3023419 0.8788239 0.3691312
vn 0.5547881 0.0428997 0.8308849
vn 0.5901115 -0.0543957 0.8054872
vn 0.0634552 -0.8501364 -0.5227251
vn -0.5598872 -0.0483262 -0.8271583
vn -0.5990089 0.0487366 -0.7992579
vn -0.3325278 0.8863635 0.3221567
vn 0.5392957 0.0451860 0.8409033
vn 0.5745756 -0.0520371 0.8167956
vn 0.0708144 -0.8528233 -0.5173758
vn -0.5444720 -0.0476423 -0.8374249
vn -0.5841185 0.0496822 -0.8101465
vn -0.4645856 0.8854530 -0.0115395
vn 0.5289250 0.0535346 0.8469784
vn 0.5651773 -0.0413403 0.8239330
vn 0.4687588 -0.8751695 -0.1197645
vn -0.5218239 -0.0456861 -0.8518289
vn -0.5611123 0.0476733 -0.8263657
vn -0.4047280 0.9012211 0.1549057
vn 0.5116656 0.0502487 0.8577140
vn 0.5486054 -0.0404693 0.8351014
vn 0.4752314 -0.8718154 -0.1187144
vn -0.5073590 -0.0428523 -0.8606686
vn -0.5465848 0.0455862 -0.8361621
vn -0.1496390 0.7632081 0.6285870
vn 0.4914395 0.0387254 0.8700503
vn 0.5265250 -0.0473342 0.8488409
vn 0.1373004 -0.8668549 -0.4792819
vn -0.5007782 -0.0405496 -0.8646253
vn -0.5388010 0.0433486 -0.8413171
vn -0.2548108 0.8356751 0.4865374
vn 0.4780378 0.0404448 0.8774076
vn 0.5136710 -0.0438478 0.8568661
vn 0.3840797 -0.8996208 -0.2077625
vn -0.4810256 -0.0404046 -0.8757750
vn -0.5190893 0.0407865 -0.8537463
vn -0.4363805 0.8986269 0.0451854
vn 0.4669242 0.0455126 0.8831254
vn 0.5025828 -0.0392038 0.8636397
vn 0.5909050 -0.7967464 0.1265955
vn -0.4578422 -0.0416531 -0.8880572
vn -0.4963609 0.0402951 -0.8671806
vn -0.4999657 0.8340128 -0.2333599
vn 0.4524004 0.0488711 0.8904748
vn 0.4887330 -0.0387055 0.8715744
vn 0.6233441 -0.7459512 0.2345185
vn -0.4375876 -0.0448958 -0.8980543
vn -0.4777224 0.0409398 -0.8775564
vn -0.3465377 0.8761166 0.3351586
vn 0.4276168 0.0407286 0.9030421
vn 0.4654746 -0.0519725 0.8835339
vn 0.2831006 -0.9009798 -0.3287696
vn -0.4308664 -0.0467209 -0.9012055
vn -0.4718298 0.0441095 -0.8805856
vn -0.4022724 0.9031518 0.1499792
vn 0.4114307 0.0449465 0.9103321
vn 0.4492155 -0.0513423 0.8919470
vn 0.2896888 -0.9030695 -0.3170895
vn -0.4114579 -0.0488589 -0.9101182
vn -0.4531547 0.0467652 -0.8902044
vn -0.4783139 0.8354190 -0.2707230
vn 0.3987047 0.0542471 0.9154735
vn 0.4367751 -0.0439737 0.8984953
vn 0.4648680 -0.8832564 -0.0612853
vn -0.3868606 -0.0502673 -0.9207671
vn -0.4298443 0.0481780 -0.9016168
vn -0.4718233 0.8496398 -0.2355739
vn 0.3798820 0.0555408 0.9233661
vn 0.4188066 -0.0418168 0.9071121
vn 0.4913101 -0.8708724 0.0139883
vn -0.3700369 -0.0486503 -0.9277423
vn -0.4125533 0.0480563 -0.9096650
vn -0.3673411 0.8953408 0.2518438
vn 0.3569435 0.0471816 0.9329337
vn 0.3955577 -0.0460745 0.9172847
vn 0.2782623 -0.8902836 -0.3605068
vn -0.3595655 -0.0444392 -0.9320611
vn -0.4012501 0.0483067 -0.9146938
vn -0.2946691 0.8466244 0.4431674
vn 0.3387706 0.0429243 0.9398894
vn 0.3757759 -0.0458178 0.9255772
vn 0.2588054 -0.8911437 -0.3726696
vn -0.3445463 -0.0416368 -0.9378455
vn -0.3842997 0.0457578 -0.9220737
vn -0.4328952 0.8969611 -0.0897920
vn 0.3266956 0.0497623 0.9438187
vn 0.3640159 -0.0368133 0.9306649
vn 0.5626083 -0.7664473 0.3098878
vn -0.3173317 -0.0418284 -0.9473917
vn -0.3564903 0.0416434 -0.9333705
vn -0.4473593 0.8700556 -0.2070578
vn 0.3087249 0.0490050 0.9498881
vn 0.3460059 -0.0366373 0.9375167
vn 0.5627925 -0.7093260 0.4244069
vn -0.2979326 -0.0429958 -0.9536181
vn -0.3369955 0.0398310 -0.9406633
vn -0.4167035 0.9087969 0.0211290
vn 0.2875560 0.0442484 0.9567411
vn 0.3248562 -0.0425519 0.9448057
vn 0.4955175 -0.8480557 0.1877869
vn -0.2829375 -0.0441400 -0.9581221
vn -0.3217456 0.0408069 -0.9459464
vn -0.4010656 0.9112653 0.0934987
vn 0.2670844 0.0432508 0.9627021
vn 0.3050625 -0.0473378 0.9511551
vn 0.4214219 -0.9065322 -0.0245557
vn -0.2648127 -0.0462387 -0.9631906
vn -0.3046735 0.0430798 -0.9514821
vn -0.4313973 0.7896318 -0.4363233
vn 0.2503048 0.0510949 0.9668179
vn 0.2881653 -0.0430742 0.9566114
vn 0.4870428 -0.8304711 0.2703832
vn -0.2394564 -0.0519571 -0.9695159
vn -0.2806842 0.0431119 -0.9588314
vn -0.3951689 0.6068385 -0.6896293
vn 0.2310591 0.0595567 0.9711152
vn 0.2700861 -0.0384174 0.9620694
vn 0.4965777 -0.7169922 0.4892165
vn -0.2148905 -0.0577965 -0.9749265
vn -0.2587080 0.0424988 -0.9650202
vn -0.4222061 0.7669910 -0.4831840
vn 0.2066011 0.0562890 0.9768048
vn 0.2466070 -0.0426436 0.9681769
vn 0.4560256 -0.8497181 0.2646126
vn -0.2006760 -0.0541185 -0.9781617
vn -0.2429619 0.0457990 -0.9689541
vn -0.3556294 0.5039672 -0.7871117
vn 0.1849221 0.0702619 0.9802383
vn 0.2254057 -0.0316380 0.9737511
vn 0.3927714 -0.4669361 0.7922761
vn -0.1767739 -0.0618066 -0.9823090
vn -0.2182070 0.0365077 -0.9752194
vn -0.2466571 0.1714401 -0.9538179
vn 0.1440258 0.1529883 0.9776764
vn 0.2018995 -0.0026840 0.9794026
vn 0.2569289 -0.1334295 0.9571751
vn -0.1356233 -0.1179877 -0.9837099
vn -0.1916518 0.0068867 -0.9814388
vn -0.2610921 0.1420108 0.9548109
vn -0.1656120 0.0004438 0.9861909
vn -0.0994497 -0.1185475 0.9879556
vn 0.2159562 -0.1306842 -0.9676180
vn 0.1516934 -0.0093568 -0.9883833
vn 0.0541622 0.1288705 -0.9901812
vn -0.4315587 0.3584426 0.8278139
vn -0.1949253 0.0227080 0.9805552
vn -0.1424447 -0.0663445 0.9875768
vn 0.3178669 -0.3364753 -0.8864226
vn 0.1774289 -0.0321481 -0.9836084
vn 0.1145485 0.0595621 -0.9916305
vn -0.5822660 0.6292391 0.5148053
vn -0.2148609 0.0339015 0.9760561
vn -0.1633942 -0.0494369 0.9853214
vn 0.4797809 -0.6541744 -0.5846932
vn 0.2031508 -0.0378108 -0.9784171
vn 0.1471062 0.0448829 -0.9881019
vn -0.6088571 0.7530430 0.2494382
vn -0.2321325 0.0381855 0.9719343
vn -0.1809706 -0.0422599 0.9825801
vn 0.5532512 -0.8294624 -0.0768451
vn 0.2273096 -0.0377244 -0.9730916
vn 0.1735721 0.0399956 -0.9840087
vn -0.5792544 0.8148450 0.0221805
vn -0.2490590 0.0398174 0.9676695
vn -0.1986249 -0.0390410 0.9792977
vn 0.5088928 -0.8127484 0.2836691
vn 0.2499424 -0.0376207 -0.9675296
vn 0.1975242 0.0378950 -0.9795653
vn -0.6453237 0.6317815 0.4294292
vn -0.2730578 0.0317762 0.9614727
vn -0.2211283 -0.0489955 0.9740132
vn 0.5478975 -0.8216278 -0.1572773
vn 0.2630748 -0.0392788 -0.9639755
vn 0.2087033 0.0365891 -0.9772943
vn -0.6457104 0.7241320 0.2422621
vn -0.2917137 0.0335120 0.9559184
vn -0.2406170 -0.0497981 0.9693419
vn 0.5448810 -0.8315533 -0.1078142
vn 0.2846097 -0.0416432 -0.9577386
vn 0.2301352 0.0373205 -0.9724428
vn -0.3884552 0.8206648 -0.4190607
vn -0.3050945 0.0449382 0.9512612
vn -0.2539880 -0.0420218 0.9662941
vn 0.4912663 -0.8018750 0.3400793
vn 0.3155815 -0.0435131 -0.9479003
vn 0.2589121 0.0408736 -0.9650357
vn -0.3558080 0.8113094 -0.4638726
vn -0.3260869 0.0471555 0.9441630
vn -0.2742992 -0.0435803 0.9606564
vn 0.5157141 -0.8262944 0.2264432
vn 0.3354652 -0.0456447 -0.9409461
vn 0.2776049 0.0435895 -0.9597059
vn -0.5390658 0.8268576 -0.1603573
vn -0.3516128 0.0421904 0.9351943
vn -0.2999498 -0.0504568 0.9526197
vn 0.5564173 -0.8069507 -0.1980663
vn 0.3479324 -0.0459468 -0.9363930
vn 0.2896156 0.0453481 -0.9560682
vn -0.6399866 0.7650051 0.0720022
vn -0.3750651 0.0382868 0.9262075
vn -0.3255416 -0.0532185 0.9440288
vn 0.5374636 -0.7610789 -0.3631690
vn 0.3622665 -0.0447745 -0.9309985
vn 0.3045682 0.0445355 -0.9514488
vn -0.4461567 0.8458005 -0.2925160
vn -0.3867749 0.0486728 0.9208888
vn -0.3379448 -0.0392458 0.9403473
vn 0.4947185 -0.8259110 0.2704155
vn 0.3923969 -0.0399505 -0.9189280
vn 0.3378715 0.0441849 -0.9401545
vn -0.4411119 0.8467462 -0.2973904
vn -0.4055455 0.0486980 0.9127767
vn -0.3568933 -0.0355822 0.9334672
vn 0.4173917 -0.7612311 0.4962977
vn 0.4145970 -0.0370789 -0.9092494
vn 0.3613401 0.0421279 -0.9314819
vn -0.6522621 0.7527888 0.0886738
vn -0.4296364 0.0376961 0.9022148
vn -0.3833580 -0.0429482 0.9226007
vn 0.5187172 -0.8461163 0.1225545
vn 0.4248882 -0.0380264 -0.9044468
vn 0.3740941 0.0379603 -0.9266135
vn -0.6898219 0.7097161 0.1429993
vn -0.4504170 0.0346122 0.8921472
vn -0.4045317 -0.0459200 0.9133704
vn 0.5099657 -0.8520654 0.1179812
vn 0.4430148 -0.0391369 -0.8956597
vn 0.3922980 0.0356470 -0.9191472
vn -0.4385582 0.8487949 -0.2953199
vn -0.4632581 0.0419062 0.8852321
vn -0.4189546 -0.0400738 0.9071224
vn 0.3905125 -0.7917172 0.4697700
vn 0.4708965 -0.0391962 -0.8813173
vn 0.4214606 0.0381022 -0.9060459
vn -0.0710178 0.7608626 -0.6450152
vn -0.4767341 0.0513545 0.8775462
vn -0.4328743 -0.0347955 0.9007825
vn 0.2464106 -0.6734412 0.6969640
vn 0.4994736 -0.0411245 -0.8653525
vn 0.4485546 0.0414368 -0.8927944
vn -0.4326475 0.8450836 -0.3140858
vn -0.5059519 0.0420777 0.8615348
vn -0.4605838 -0.0488293 0.8862721
vn 0.4971970 -0.8545883 0.1499131
vn 0.5074569 -0.0459051 -0.8604535
vn 0.4566967 0.0423256 -0.8886150
vn -0.4742117 0.8448955 -0.2475376
vn -0.5275231 0.0424248 0.8484807
vn -0.4833258 -0.0518001 0.8739067
vn 0.5364985 -0.8435540 -0.0242084
vn 0.5248072 -0.0470897 -0.8499176
vn 0.4743468 0.0448913 -0.8791927
vn -0.2836353 0.8530897 -0.4379372
vn -0.5433544 0.0497793 0.8380263
vn -0.5006412 -0.0450032 0.8644843
vn 0.4771005 -0.8574885 0.1925841
vn 0.5489609 -0.0456442 -0.8346008
vn 0.4995093 0.0470790 -0.8650284
vn -0.1210274 0.8201397 -0.5592166
vn -0.5591022 0.0561369 0.8271961
vn -0.5172356 -0.0367008 0.8550558
vn 0.2818011 -0.7807195 0.5577322
vn 0.5728009 -0.0427219 -0.8185805
vn 0.5255845 0.0466300 -0.8494625
vn -0.4514734 0.8552307 -0.2544645
vn -0.5837505 0.0467065 0.8105886
vn -0.5425922 -0.0416042 0.8389653
vn 0.4387979 -0.8547663 0.2771840
vn 0.5849341 -0.0407815 -0.8100549
vn 0.5394771 0.0443698 -0.8408304
vn -0.6462204 0.7630168 0.0143033
vn -0.6042899 0.0386032 0.7958288
vn -0.5663661 -0.0454112 0.8229018
vn 0.5174821 -0.8546067 0.0431251
vn 0.5976802 -0.0395266 -0.8007597
vn 0.5554094 0.0410540 -0.8305630
vn -0.3631189 0.8710873 -0.3306834
vn -0.6171609 0.0450915 0.7855439
vn -0.5801598 -0.0375503 0.8136366
vn 0.2025549 -0.7809606 0.5908232
vn 0.6237537 -0.0383065 -0.7806817
vn 0.5833098 0.0398298 -0.8112726
vn -0.0761717 0.8295336 -0.5532376
vn -0.6324756 0.0482668 0.7730750
vn -0.5970025 -0.0349118 0.8014794
vn 0.0276762 -0.6778580 0.7346717
vn 0.6455142 -0.0399835 -0.7627009
vn 0.6065190 0.0393659 -0.7940938
vn -0.0789567 0.8302301 -0.5518005
vn -0.6521312 0.0468747 0.7566555
vn -0.6166656 -0.0390861 0.7862543
vn 0.0742820 -0.7454261 0.6624365
vn 0.6621560 -0.0434741 -0.7481039
vn 0.6236295 0.0399959 -0.7806962
vn -0.4060911 0.8696269 -0.2807832
vn -0.6744428 0.0413933 0.7371659
vn -0.6388987 -0.0493660 0.7677053
vn 0.4010341 -0.8825758 0.2454212
vn 0.6746716 -0.0457083 -0.7367015
vn 0.6365431 0.0429415 -0.7700447
vn -0.0161350 0.8299918 -0.5575421
vn -0.6892382 0.0496547 0.7228314
vn -0.6553643 -0.0445732 0.7539966
vn 0.2232981 -0.8581391 0.4623150
vn 0.6967901 -0.0491929 -0.7155862
vn 0.6594573 0.0447735 -0.7504075
vn 0.2639417 0.6829943 -0.6810679
vn -0.7047602 0.0586000 0.7070213
vn -0.6719611 -0.0385489 0.7395825
vn 0.0061435 -0.7599615 0.6499390
vn 0.7179636 -0.0522777 -0.6941148
vn 0.6808874 0.0452332 -0.7309900
vn 0.1199757 0.7795655 -0.6147223
vn -0.7249733 0.0561448 0.6864848
vn -0.6928078 -0.0404041 0.7199895
vn 0.0645893 -0.8197378 0.5690854
vn 0.7310598 -0.0501081 -0.6804709
vn 0.6963675 0.0459443 -0.7162132
vn 0.0130596 0.8367414 -0.5474424
vn -0.7427153 0.0541563 0.6674138
vn -0.7120642 -0.0396149 0.7009959
vn 0.0413056 -0.8232954 0.5661082
vn 0.7458820 -0.0472289 -0.6644016
vn 0.7137099 0.0450171 -0.6989933
vn 0.4165904 0.5797338 -0.7002579
vn -0.7576187 0.0623575 0.6497118
vn -0.7300880 -0.0305496 0.6826699
vn -0.4563916 -0.4705722 0.7551613
vn 0.7631811 -0.0513454 -0.6441415
vn 0.7351912 0.0365272 -0.6768749
vn 0.7075735 0.1619430 -0.6878330
vn -0.7759744 0.1450169 0.6138679
vn -0.7471725 -0.0018827 0.6646275
vn -0.6999219 -0.1166227 0.7046336
vn 0.7907876 -0.1022814 -0.6034844
vn 0.7574784 0.0090356 -0.6527976
s 1
f 1/1/1 2/2/2 10/10/10
f 1/1/1 10/10/10 9/9/9
f 2/2/2 3/3/3 11/11/11
f 2/2/2 11/11/11 10/10/10
f 3/3/3 4/4/4 12/12/12
f 3/3/3 12/12/12 11/11/11
f 4/4/4 5/5/5 13/13/13
f 4/4/4 13/13/13 12/12/12
f 5/5/5 6/6/6 14/14/14
f 5/5/5 14/14/14 13/13/13
f 6/6/6 7/7/7 15/15/15
f 6/6/6 15/15/15 14/14/14
f 7/7/7 8/8/8 16/16/16
f 7/7/7 16/16/16 15/15/15
f 8/8/8 1/1/1 9/9/9
f 8/8/8 9/9/9 16/16/16
f 9/9/9 10/10/10 18/18/18
f 9/9/9 18/18/18 17/17/17
f 10/10/10 11/11/11 19/19/19
f 10/10/10 19/19/19 18/18/18
f 11/11/11 12/12/12 20/20/20
f 11/11/11 20/20/20 19/19/19
f 12/12/12 13/13/13 21/21/21
f 12/12/12 21/21/21 20/20/20
f 13/13/13 14/14/14 22/22/22
f 13/13/13 22/22/22 21/21/21
f 14/14/14 15/15/15 23/23/23
f 14/14/14 23/23/23 22/22/22
f 15/15/15 16/16/16 24/24/24
f 15/15/15 24/24/24 23/23/23
f 16/16/16 9/9/9 17/17/17
f 16/16/16 17/17/17 24/24/24
f 17/17/17 18/18/18 26/26/26
f 17/17/17 26/26/26 25/25/25
f 18/18/18 19/19/19 27/27/27
f 18/18/18 27/27/27 26/26/26
f 19/19/19 20/20/20 28/28/28
f 19/19/19 28/28/28 27/27/27
f 20/20/20 21/21/21 29/29/29
f 20/20/20 29/29/29 28/28/28
f 21/21/21 22/22/22 30/30/30
f 21/21/21 30/30/30 29/29/29
f 22/22/22 23/23/23 31/31/31
f 22/22/22 31/31/31 30/30/30
f 23/23/23 24/24/24 32/32/32
f 23/23/23 32/32/32 31/31/31
f 24/24/24 17/17/17 25/25/25
f 24/24/24 25/25/25 32/32/32
f 25/25/25 26/26/26 34/34/34
f 25/25/25 34/34/34 33/33/33
f 26/26/26 27/27/27 35/35/35
f 26/26/26 35/35/35 34/34/34
f 27/27/27 28/28/28 36/36/36
f 27/27/27 36/36/36 35/35/35
f 28/28/28 29/29/29 37/37/37
f 28/28/28 37/37/37 36/36/36
f 29/29/29 30/30/30 38/38/38
f 29/29/29 38/38/38 37/37/37
f 30/30/30 31/31/31 39/39/39
f 30/30/30 39/39/39 38/38/38
f 31/31/31 32/32/32 40/40/40
f 31/31/31 40/40/40 39/39/39
f 32/32/32 25/25/25 33/33/33
f 32/32/32 33/33/33 40/40/40
f 33/33/33 34/34/34 42/42/42
f 33/33/33 42/42/42 41/41/41
f 34/34/34 35/35/35 43/43/43
f 34/34/34 43/43/43 42/42/42
f 35/35/35 36/36/36 44/44/44
f 35/35/35 44/44/44 43/43/43
f 36/36/36 37/37/37 45/45/45
f 36/36/36 45/45/45 44/44/44
f 37/37/37 38/38/38 46/46/46
f 37/37/37 46/46/46 45/45/45
f 38/38/38 39/39/39 47/47/47
f 38/38/38 47/47/47 46/46/46
f 39/39/39 40/40/40 48/48/48
f 39/39/39 48/48/48 47/47/47
f 40/40/40 33/33/33 41/41/41
f 40/40/40 41/41/41 48/48/48
f 41/41/41 42/42/42 50/50/50
f 41/41/41 50/50/50 49/49/49
f 42/42/42 43/43/43 51/51/51
f 42/42/42 51/51/51 50/50/50
f 43/43/43 44/44/44 52/52/52
f 43/43/43 52/52/52 51/51/51
f 44/44/44 45/45/45 53/53/53
f 44/44/44 53/53/53 52/52/52
f 45/45/45 46/46/46 54/54/54
f 45/45/45 54/54/54 53/53/53
f 46/46/46 47/47/47 55/55/55
f 46/46/46 55/55/55 54/54/54
f 47/47/47 48/48/48 56/56/56
f 47/47/47 56/56/56 55/55/55
f 48/48/48 41/41/41 49/49/49
f 48/48/48 49/49/49 56/56/56
f 49/49/49 50/50/50 58/58/58
f 49/49/49 58/58/58 57/57/57
f 50/50/50 51/51/51 59/59/59
f 50/50/50 59/59/59 58/58/58
f 51/51/51 52/52/52 60/60/60
f 51/51/51 60/60/60 59/59/59
f 52/52/52 53/53/53 61/61/61
f 52/52/52 61/61/61 60/60/60
f 53/53/53 54/54/54 62/62/62
f 53/53/53 62/62/62 61/61/61
f 54/54/54 55/55/55 63/63/63
f 54/54/54 63/63/63 62/62/62
f 55/55/55 56/56/56 64/64/64
f 55/55/55 64/64/64 63/63/63
f 56/56/56 49/49/49 57/57/57
f 56/56/56 57/57/57 64/64/64
f 57/57/57 58/58/58 66/66/66
f 57/57/57 66/66/66 65/65/65
f 58/58/58 59/59/59 67/67/67
f 58/58/58 67/67/67 66/66/66
f 59/59/59 60/60/60 68/68/68
f 59/59/59 68/68/68 67/67/67
f 60/60/60 61/61/61 69/69/69
f 60/60/60 69/69/69 68/68/68
f 61/61/61 62/62/62 70/70/70
f 61/61/61 70/70/70 69/69/69
f 62/62/62 63/63/63 71/71/71
f 62/62/62 71/71/71 70/70/70
f 63/63/63 64/64/64 72/72/72
f 63/63/63 72/72/72 71/71/71
f 64/64/64 57/57/57 65/65/65
f 64/64/64 65/65/65 72/72/72
f 65/65/65 66/66/66 74/74/74
f 65/65/65 74/74/74 73/73/73
f 66/66/66 67/67/67 75/75/75
f 66/66/66 75/75/75 74/74/74
f 67/67/67 68/68/68 76/76/76
f 67/67/67 76/76/76 75/75/75
f 68/68/68 69/69/69 77/77/77
f 68/68/68 77/77/77 76/76/76
f 69/69/69 70/70/70 78/78/78
f 69/69/69 78/78/78 77/77/77
f 70/70/70 71/71/71 79/79/79
f 70/70/70 79/79/79 78/78/78
f 71/71/71 72/72/72 80/80/80
f 71/71/71 80/80/80 79/79/79
f 72/72/72 65/65/65 73/73/73
f 72/72/72 73/73/73 80/80/80
f 73/73/73 74/74/74 82/82/82
f 73/73/73 82/82/82 81/81/81
f 74/74/74 75/75/75 83/83/83
f 74/74/74 83/83/83 82/82/82
f 75/75/75 76/76/76 84/84/84
f 75/75/75 84/84/84 83/83/83
f 76/76/76 77/77/77 85/85/85
f 76/76/76 85/85/85 84/84/84
f 77/77/77 78/78/78 86/86/86
f 77/77/77 86/86/86 85/85/85
f 78/78/78 79/79/79 87/87/87
f 78/78/78 87/87/87 86/86/86
f 79/79/79 80/80/80 88/88/88
f 79/79/79 88/88/88 87/87/87
f 80/80/80 73/73/73 81/81/81
f 80/80/80 81/81/81 88/88/88
f 81/81/81 82/82/82 90/90/90
f 81/81/81 90/90/90 89/89/89
f 82/82/82 83/83/83 91/91/91
f 82/82/82 91/91/91 90/90/90
f 83/83/83 84/84/84 92/92/92
f 83/83/83 92/92/92 91/91/91
f 84/84/84 85/85/85 93/93/93
f 84/84/84 93/93/93 92/92/92
f 85/85/85 86/86/86 94/94/94
f 85/85/85 94/94/94 93/93/93
f 86/86/86 87/87/87 95/95/95
f 86/86/86 95/95/95 94/94/94
f 87/87/87 88/88/88 96/96/96
f 87/87/87 96/96/96 95/95/95
f 88/88/88 81/81/81 89/89/89
f 88/88/88 89/89/89 96/96/96
f 89/89/89 90/90/90 98/98/98
f 89/89/89 98/98/98 97/97/97
f 90/90/90 91/91/91 99/99/99
f 90/90/90 99/99/99 98/98/98
f 91/91/91 92/92/92 100/100/100
f 91/91/91 100/100/100 99/99/99
f 92/92/92 93/93/93 101/101/101
f 92/92/92 101/101/101 100/100/100
f 93/93/93 94/94/94 102/102/102
f 93/93/93 102/102/102 101/101/101
f 94/94/94 95/95/95 103/103/103
f 94/94/94 103/103/103 102/102/102
f 95/95/95 96/96/96 104/104/104
f 95/95/95 104/104/104 103/103/103
f 96/96/96 89/89/89 97/97/97
f 96/96/96 97/97/97 104/104/104
f 97/97/97 98/98/98 106/106/106
f 97/97/97 106/106/106 105/105/105
f 98/98/98 99/99/99 107/107/107
f 98/98/98 107/107/107 106/106/106
f 99/99/99 100/100/100 108/108/108
f 99/99/99 108/108/108 107/107/107
f 100/100/100 101/101/101 109/109/109
f 100/100/100 109/109/109 108/108/108
f 101/101/101 102/102/102 110/110/110
f 101/101/101 110/110/110 109/109/109
f 102/102/102 103/103/103 111/111/111
f 102/102/102 111/111/111 110/110/110
f 103/103/103 104/104/104 112/112/112
f 103/103/103 112/112/112 111/111/111
f 104/104/104 97/97/97 105/105/105
f 104/104/104 105/105/105 112/112/112
f 105/105/105 106/106/106 114/114/114
f 105/105/105 114/114/114 113/113/113
f 106/106/106 107/107/107 115/115/115
f 106/106/106 115/115/115 114/114/114
f 107/107/107 108/108/108 116/116/116
f 107/107/107 116/116/116 115/115/115
f 108/108/108 109/109/109 117/117/117
f 108/108/108 117/117/117 116/116/116
f 109/109/109 110/110/110 118/118/118
f 109/109/109 118/118/118 117/117/117
f 110/110/110 111/111/111 119/119/119
f 110/110/110 119/119/119 118/118/118
f 111/111/111 112/112/112 120/120/120
f 111/111/111 120/120/120 119/119/119
f 112/112/112 105/105/105 113/113/113
f 112/112/112 113/113/113 120/120/120
f 113/113/113 114/114/114 122/122/122
f 113/113/113 122/122/122 121/121/121
f 114/114/114 115/115/115 123/123/123
f 114/114/114 123/123/123 122/122/122
f 115/115/115 116/116/116 124/124/124
f 115/115/115 124/124/124 123/123/123
f 116/116/116 117/117/117 125/125/125
f 116/116/116 125/125/125 124/124/124
f 117/117/117 118/118/118 126/126/126
f 117/117/117 126/126/126 125/125/125
f 118/118/118 119/119/119 127/127/127
f 118/118/118 127/127/127 126/126/126
f 119/119/119 120/120/120 128/128/128
f 119/119/119 128/128/128 127/127/127
f 120/120/120 113/113/113 121/121/121
f 120/120/120 121/121/121 128/128/128
f 121/121/121 122/122/122 130/130/130
f 121/121/121 130/130/130 129/129/129
f 122/122/122 123/123/123 131/131/131
f 122/122/122 131/131/131 130/130/130
f 123/123/123 124/124/124 132/132/132
f 123/123/123 132/132/132 131/131/131
f 124/124/124 125/125/125 133/133/133
f 124/124/124 133/133/133 132/132/132
f 125/125/125 126/126/126 134/134/134
f 125/125/125 134/134/134 133/133/133
f 126/126/126 127/127/127 135/135/135
f 126/126/126 135/135/135 134/134/134
f 127/127/127 128/128/128 136/136/136
f 127/127/127 136/136/136 135/135/135
f 128/128/128 121/121/121 129/129/129
f 128/128/128 129/129/129 136/136/136
f 129/129/129 130/130/130 138/138/138
f 129/129/129 138/138/138 137/137/137
f 130/130/130 131/131/131 139/139/139
f 130/130/130 139/139/139 138/138/138
f 131/131/131 132/132/132 140/140/140
f 131/131/131 140/140/140 139/139/139
f 132/132/132 133/133/133 141/141/141
f 132/132/132 141/141/141 140/140/140
f 133/133/133 134/134/134 142/142/142
f 133/133/133 142/142/142 141/141/141
f 134/134/134 135/135/135 143/143/143
f 134/134/134 143/143/143 142/142/142
f 135/135/135 136/136/136 144/144/144
f 135/135/135 144/144/144 143/143/143
f 136/136/136 129/129/129 137/137/137
f 136/136/136 137/137/137 144/144/144
f 137/137/137 138/138/138 146/146/146
f 137/137/137 146/146/146 145/145/145
f 138/138/138 139/139/139 147/147/147
f 138/138/138 147/147/147 146/146/146
f 139/139/139 140/140/140 148/148/148
f 139/139/139 148/148/148 147/147/147
f 140/140/140 141/141/141 149/149/149
f 140/140/140 149/149/149 148/148/148
f 141/141/141 142/142/142 150/150/150
f 141/141/141 150/150/150 149/149/149
f 142/142/142 143/143/143 151/151/151
f 142/142/142 151/151/151 150/150/150
f 143/143/143 144/144/144 152/152/152
f 143/143/143 152/152/152 151/151/151
f 144/144/144 137/137/137 145/145/145
f 144/144/144 145/145/145 152/152/152
f 145/145/145 146/146/146 154/154/154
f 145/145/145 154/154/154 153/153/153
f 146/146/146 147/147/147 155/155/155
f 146/146/146 155/155/155 154/154/154
f 147/147/147 148/148/148 156/156/156
f 147/147/147 156/156/156 155/155/155
f 148/148/148 149/149/149 157/157/157
f 148/148/148 157/157/157 156/156/156
f 149/149/149 150/150/150 158/158/158
f 149/149/149 158/158/158 157/157/157
f 150/150/150 151/151/151 159/159/159
f 150/150/150 159/159/159 158/158/158
f 151/151/151 152/152/152 160/160/160
f 151/151/151 160/160/160 159/159/159
f 152/152/152 145/145/145 153/153/153
f 152/152/152 153/153/153 160/160/160
f 153/153/153 154/154/154 162/162/162
f 153/153/153 162/162/162 161/161/161
f 154/154/154 155/155/155 163/163/163
f 154/154/154 163/163/163 162/162/162
f 155/155/155 156/156/156 164/164/164
f 155/155/155 164/164/164 163/163/163
f 156/156/156 157/157/157 165/165/165
f 156/156/156 165/165/165 164/164/164
f 157/157/157 158/158/158 166/166/166
f 157/157/157 166/166/166 165/165/165
f 158/158/158 159/159/159 167/167/167
f 158/158/158 167/167/167 166/166/166
f 159/159/159 160/160/160 168/168/168
f 159/159/159 168/168/168 167/167/167
f 160/160/160 153/153/153 161/161/161
f 160/160/160 161/161/161 168/168/168
f 161/161/161 162/162/162 170/170/170
f 161/161/161 170/170/170 169/169/169
f 162/162/162 163/163/163 171/171/171
f 162/162/162 171/171/171 170/170/170
f 163/163/163 164/164/164 172/172/172
f 163/163/163 172/172/172 171/171/171
f 164/164/164 165/165/165 173/173/173
f 164/164/164 173/173/173 172/172/172
f 165/165/165 166/166/166 174/174/174
f 165/165/165 174/174/174 173/173/173
f 166/166/166 167/167/167 175/175/175
f 166/166/166 175/175/175 174/174/174
f 167/167/167 168/168/168 176/176/176
f 167/167/167 176/176/176 175/175/175
f 168/168/168 161/161/161 169/169/169
f 168/168/168 169/169/169 176/176/176
f 169/169/169 170/170/170 178/178/178
f 169/169/169 178/178/178 177/177/177
f 170/170/170 171/171/171 179/179/179
f 170/170/170 179/179/179 178/178/178
f 171/171/171 172/172/172 180/180/180
f 171/171/171 180/180/180 179/179/179
f 172/172/172 173/173/173 181/181/181
f 172/172/172 181/181/181 180/180/180
f 173/173/173 174/174/174 182/182/182
f 173/173/173 182/182/182 181/181/181
f 174/174/174 175/175/175 183/183/183
f 174/174/174 183/183/183 182/182/182
f 175/175/175 176/176/176 184/184/184
f 175/175/175 184/184/184 183/183/183
f 176/176/176 169/169/169 177/177/177
f 176/176/176 177/177/177 184/184/184
f 177/177/177 178/178/178 186/186/186
f 177/177/177 186/186/186 185/185/185
f 178/178/178 179/179/179 187/187/187
f 178/178/178 187/187/187 186/186/186
f 179/179/179 180/180/180 188/188/188
f 179/179/179 188/188/188 187/187/187
f 180/180/180 181/181/181 189/189/189
f 180/180/180 189/189/189 188/188/188
f 181/181/181 182/182/182 190/190/190
f 181/181/181 190/190/190 189/189/189
f 182/182/182 183/183/183 191/191/191
f 182/182/182 191/191/191 190/190/190
f 183/183/183 184/184/184 192/192/192
f 183/183/183 192/192/192 191/191/191
f 184/184/184 177/177/177 185/185/185
f 184/184/184 185/185/185 192/192/192
f 185/185/185 186/186/186 194/194/194
f 185/185/185 194/194/194 193/193/193
f 186/186/186 187/187/187 195/195/195
f 186/186/186 195/195/195 194/194/194
f 187/187/187 188/188/188 196/196/196
f 187/187/187 196/196/196 195/195/195
f 188/188/188 189/189/189 197/197/197
f 188/188/188 197/197/197 196/196/196
f 189/189/189 190/190/190 198/198/198
f 189/189/189 198/198/198 197/197/197
f 190/190/190 191/191/191 199/199/199
f 190/190/190 199/199/199 198/198/198
f 191/191/191 192/192/192 200/200/200
f 191/191/191 200/200/200 199/199/199
f 192/192/192 185/185/185 193/193/193
f 192/192/192 193/193/193 200/200/200
f 193/193/193 194/194/194 202/202/202
f 193/193/193 202/202/202 201/201/201
f 194/194/194 195/195/195 203/203/203
f 194/194/194 203/203/203 202/202/202
f 195/195/195 196/196/196 204/204/204
f 195/195/195 204/204/204 203/203/203
f 196/196/196 197/197/197 205/205/205
f 196/196/196 205/205/205 204/204/204
f 197/197/197 198/198/198 206/206/206
f 197/197/197 206/206/206 205/205/205
f 198/198/198 199/199/199 207/207/207
f 198/198/198 207/207/207 206/206/206
f 199/199/199 200/200/200 208/208/208
f 199/199/199 208/208/208 207/207/207
f 200/200/200 193/193/193 201/201/201
f 200/200/200 201/201/201 208/208/208
f 201/201/201 202/202/202 210/210/210
f 201/201/201 210/210/210 209/209/209
f 202/202/202 203/203/203 211/211/211
f 202/202/202 211/211/211 210/210/210
f 203/203/203 204/204/204 212/212/212
f 203/203/203 212/212/212 211/211/211
f 204/204/204 205/205/205 213/213/213
f 204/204/204 213/213/213 212/212/212
f 205/205/205 206/206/206 214/214/214
f 205/205/205 214/214/214 213/213/213
f 206/206/206 207/207/207 215/215/215
f 206/206/206 215/215/215 214/214/214
f 207/207/207 208/208/208 216/216/216
f 207/207/207 216/216/216 215/215/215
f 208/208/208 201/201/201 209/209/209
f 208/208/208 209/209/209 216/216/216
f 209/209/209 210/210/210 218/218/218
f 209/209/209 218/218/218 217/217/217
f 210/210/210 211/211/211 219/219/219
f 210/210/210 219/219/219 218/218/218
f 211/211/211 212/212/212 220/220/220
f 211/211/211 220/220/220 219/219/219
f 212/212/212 213/213/213 221/221/221
f 212/212/212 221/221/221 220/220/220
f 213/213/213 214/214/214 222/222/222
f 213/213/213 222/222/222 221/221/221
f 214/214/214 215/215/215 223/223/223
f 214/214/214 223/223/223 222/222/222
f 215/215/215 216/216/216 224/224/224
f 215/215/215 224/224/224 223/223/223
f 216/216/216 209/209/209 217/217/217
f 216/216/216 217/217/217 224/224/224
f 217/217/217 218/218/218 226/226/226
f 217/217/217 226/226/226 225/225/225
f 218/218/218 219/219/219 227/227/227
f 218/218/218 227/227/227 226/226/226
f 219/219/219 220/220/220 228/228/228
f 219/219/219 228/228/228 227/227/227
f 220/220/220 221/221/221 229/229/229
f 220/220/220 229/229/229 228/228/228
f 221/221/221 222/222/222 230/230/230
f 221/221/221 230/230/230 229/229/229
f 222/222/222 223/223/223 231/231/231
f 222/222/222 231/231/231 230/230/230
f 223/223/223 224/224/224 232/232/232
f 223/223/223 232/232/232 231/231/231
f 224/224/224 217/217/217 225/225/225
f 224/224/224 225/225/225 232/232/232
f 225/225/225 226/226/226 234/234/234
f 225/225/225 234/234/234 233/233/233
f 226/226/226 227/227/227 235/235/235
f 226/226/226 235/235/235 234/234/234
f 227/227/227 228/228/228 236/236/236
f 227/227/227 236/236/236 235/235/235
f 228/228/228 229/229/229 237/237/237
f 228/228/228 237/237/237 236/236/236
f 229/229/229 230/230/230 238/238/238
f 229/229/229 238/238/238 237/237/237
f 230/230/230 231/231/231 239/239/239
f 230/230/230 239/239/239 238/238/238
f 231/231/231 232/232/232 240/240/240
f 231/231/231 240/240/240 239/239/239
f 232/232/232 225/225/225 233/233/233
f 232/232/232 233/233/233 240/240/240
f 233/233/233 234/234/234 242/242/242
f 233/233/233 242/242/242 241/241/241
f 234/234/234 235/235/235 243/243/243
f 234/234/234 243/243/243 242/242/242
f 235/235/235 236/236/236 244/244/244
f 235/235/235 244/244/244 243/243/243
f 236/236/236 237/237/237 245/245/245
f 236/236/236 245/245/245 244/244/244
f 237/237/237 238/238/238 246/246/246
f 237/237/237 246/246/246 245/245/245
f 238/238/238 239/239/239 247/247/247
f 238/238/238 247/247/247 246/246/246
f 239/239/239 240/240/240 248/248/248
f 239/239/239 248/248/248 247/247/247
f 240/240/240 233/233/233 241/241/241
f 240/240/240 241/241/241 248/248/248
f 241/241/241 242/242/242 250/250/250
f 241/241/241 250/250/250 249/249/249
f 242/242/242 243/243/243 251/251/251
f 242/242/242 251/251/251 250/250/250
f 243/243/243 244/244/244 252/252/252
f 243/243/243 252/252/252 251/251/251
f 244/244/244 245/245/245 253/253/253
f 244/244/244 253/253/253 252/252/252
f 245/245/245 246/246/246 254/254/254
f 245/245/245 254/254/254 253/253/253
f 246/246/246 247/247/247 255/255/255
f 246/246/246 255/255/255 254/254/254
f 247/247/247 248/248/248 256/256/256
f 247/247/247 256/256/256 255/255/255
f 248/248/248 241/241/241 249/249/249
f 248/248/248 249/249/249 256/256/256
f 249/249/249 250/250/250 258/258/258
f 249/249/249 258/258/258 257/257/257
f 250/250/250 251/251/251 259/259/259
f 250/250/250 259/259/259 258/258/258
f 251/251/251 252/252/252 260/260/260
f 251/251/251 260/260/260 259/259/259
f 252/252/252 253/253/253 261/261/261
f 252/252/252 261/261/261 260/260/260
f 253/253/253 254/254/254 262/262/262
f 253/253/253 262/262/262 261/261/261
f 254/254/254 255/255/255 263/263/263
f 254/254/254 263/263/263 262/262/262
f 255/255/255 256/256/256 264/264/264
f 255/255/255 264/264/264 263/263/263
f 256/256/256 249/249/249 257/257/257
f 256/256/256 257/257/257 264/264/264
f 257/257/257 258/258/258 266/266/266
f 257/257/257 266/266/266 265/265/265
f 258/258/258 259/259/259 267/267/267
f 258/258/258 267/267/267 266/266/266
f 259/259/259 260/260/260 268/268/268
f 259/259/259 268/268/268 267/267/267
f 260/260/260 261/261/261 269/269/269
f 260/260/260 269/269/269 268/268/268
f 261/261/261 262/262/262 270/270/270
f 261/261/261 270/270/270 269/269/269
f 262/262/262 263/263/263 271/271/271
f 262/262/262 271/271/271 270/270/270
f 263/263/263 264/264/264 272/272/272
f 263/263/263 272/272/272 271/271/271
f 264/264/264 257/257/257 265/265/265
f 264/264/264 265/265/265 272/272/272
f 265/265/265 266/266/266 274/274/274
f 265/265/265 274/274/274 273/273/273
f 266/266/266 267/267/267 275/275/275
f 266/266/266 275/275/275 274/274/274
f 267/267/267 268/268/268 276/276/276
f 267/267/267 276/276/276 275/275/275
f 268/268/268 269/269/269 277/277/277
f 268/268/268 277/277/277 276/276/276
f 269/269/269 270/270/270 278/278/278
f 269/269/269 278/278/278 277/277/277
f 270/270/270 271/271/271 279/279/279
f 270/270/270 279/279/279 278/278/278
f 271/271/271 272/272/272 280/280/280
f 271/271/271 280/280/280 279/279/279
f 272/272/272 265/265/265 273/273/273
f 272/272/272 273/273/273 280/280/280
f 273/273/273 274/274/274 282/282/282
f 273/273/273 282/282/282 281/281/281
f 274/274/274 275/275/275 283/283/283
f 274/274/274 283/283/283 282/282/282
f 275/275/275 276/276/276 284/284/284
f 275/275/275 284/284/284 283/283/283
f 276/276/276 277/277/277 285/285/285
f 276/276/276 285/285/285 284/284/284
f 277/277/277 278/278/278 286/286/286
f 277/277/277 286/286/286 285/285/285
f 278/278/278 279/279/279 287/287/287
f 278/278/278 287/287/287 286/286/286
f 279/279/279 280/280/280 288/288/288
f 279/279/279 288/288/288 287/287/287
f 280/280/280 273/273/273 281/281/281
f 280/280/280 281/281/281 288/288/288
f 281/281/281 282/282/282 290/290/290
f 281/281/281 290/290/290 289/289/289
f 282/282/282 283/283/283 291/291/291
f 282/282/282 291/291/291 290/290/290
f 283/283/283 284/284/284 292/292/292
f 283/283/283 292/292/292 291/291/291
f 284/284/284 285/285/285 293/293/293
f 284/284/284 293/293/293 292/292/292
f 285/285/285 286/286/286 294/294/294
f 285/285/285 294/294/294 293/293/293
f 286/286/286 287/287/287 295/295/295
f 286/286/286 295/295/295 294/294/294
f 287/287/287 288/288/288 296/296/296
f 287/287/287 296/296/296 295/295/295
f 288/288/288 281/281/281 289/289/289
f 288/288/288 289/289/289 296/296/296
f 289/289/289 290/290/290 298/298/298
f 289/289/289 298/298/298 297/297/297
f 290/290/290 291/291/291 299/299/299
f 290/290/290 299/299/299 298/298/298
f 291/291/291 292/292/292 300/300/300
f 291/291/291 300/300/300 299/299/299
f 292/292/292 293/293/293 301/301/301
f 292/292/292 301/301/301 300/300/300
f 293/293/293 294/294/294 302/302/302
f 293/293/293 302/302/302 301/301/301
f 294/294/294 295/295/295 303/303/303
f 294/294/294 303/303/303 302/302/302
f 295/295/295 296/296/296 304/304/304
f 295/295/295 304/304/304 303/303/303
f 296/296/296 289/289/289 297/297/297
f 296/296/296 297/297/297 304/304/304
f 297/297/297 298/298/298 306/306/306
f 297/297/297 306/306/306 305/305/305
f 298/298/298 299/299/299 307/307/307
f 298/298/298 307/307/307 306/306/306
f 299/299/299 300/300/300 308/308/308
f 299/299/299 308/308/308 307/307/307
f 300/300/300 301/301/301 309/309/309
f 300/300/300 309/309/309 308/308/308
f 301/301/301 302/302/302 310/310/310
f 301/301/301 310/310/310 309/309/309
f 302/302/302 303/303/303 311/311/311
f 302/302/302 311/311/311 310/310/310
f 303/303/303 304/304/304 312/312/312
f 303/303/303 312/312/312 311/311/311
f 304/304/304 297/297/297 305/305/305
f 304/304/304 305/305/305 312/312/312
f 305/305/305 306/306/306 314/314/314
f 305/305/305 314/314/314 313/313/313
f 306/306/306 307/307/307 315/315/315
f 306/306/306 315/315/315 314/314/314
f 307/307/307 308/308/308 316/316/316
f 307/307/307 316/316/316 315/315/315
f 308/308/308 309/309/309 317/317/317
f 308/308/308 317/317/317 316/316/316
f 309/309/309 310/310/310 318/318/318
f 309/309/309 318/318/318 317/317/317
f 310/310/310 311/311/311 319/319/319
f 310/310/310 319/319/319 318/318/318
f 311/311/311 312/312/312 320/320/320
f 311/311/311 320/320/320 319/319/319
f 312/312/312 305/305/305 313/313/313
f 312/312/312 313/313/313 320/320/320
f 313/313/313 314/314/314 322/322/322
f 313/313/313 322/322/322 321/321/321
f 314/314/314 315/315/315 323/323/323
f 314/314/314 323/323/323 322/322/322
f 315/315/315 316/316/316 324/324/324
f 315/315/315 324/324/324 323/323/323
f 316/316/316 317/317/317 325/325/325
f 316/316/316 325/325/325 324/324/324
f 317/317/317 318/318/318 326/326/326
f 317/317/317 326/326/326 325/325/325
f 318/318/318 319/319/319 327/327/327
f 318/318/318 327/327/327 326/326/326
f 319/319/319 320/320/320 328/328/328
f 319/319/319 328/328/328 327/327/327
f 320/320/320 313/313/313 321/321/321
f 320/320/320 321/321/321 328/328/328
f 321/321/321 322/322/322 330/330/330
f 321/321/321 330/330/330 329/329/329
f 322/322/322 323/323/323 331/331/331
f 322/322/322 331/331/331 330/330/330
f 323/323/323 324/324/324 332/332/332
f 323/323/323 332/332/332 331/331/331
f 324/324/324 325/325/325 333/333/333
f 324/324/324 333/333/333 332/332/332
f 325/325/325 326/326/326 334/334/334
f 325/325/325 334/334/334 333/333/333
f 326/326/326 327/327/327 335/335/335
f 326/326/326 335/335/335 334/334/334
f 327/327/327 328/328/328 336/336/336
f 327/327/327 336/336/336 335/335/335
f 328/328/328 321/321/321 329/329/329
f 328/328/328 329/329/329 336/336/336
f 329/329/329 330/330/330 338/338/338
f 329/329/329 338/338/338 337/337/337
f 330/330/330 331/331/331 339/339/339
f 330/330/330 339/339/339 338/338/338
f 331/331/331 332/332/332 340/340/340
f 331/331/331 340/340/340 339/339/339
f 332/332/332 333/333/333 341/341/341
f 332/332/332 341/341/341 340/340/340
f 333/333/333 334/334/334 342/342/342
f 333/333/333 342/342/342 341/341/341
f 334/334/334 335/335/335 343/343/343
f 334/334/334 343/343/343 342/342/342
f 335/335/335 336/336/336 344/344/344
f 335/335/335 344/344/344 343/343/343
f 336/336/336 329/329/329 337/337/337
f 336/336/336 337/337/337 344/344/344
f 337/337/337 338/338/338 346/346/346
f 337/337/337 346/346/346 345/345/345
f 338/338/338 339/339/339 347/347/347
f 338/338/338 347/347/347 346/346/346
f 339/339/339 340/340/340 348/348/348
f 339/339/339 348/348/348 347/347/347
f 340/340/340 341/341/341 349/349/349
f 340/340/340 349/349/349 348/348/348
f 341/341/341 342/342/342 350/350/350
f 341/341/341 350/350/350 349/349/349
f 342/342/342 343/343/343 351/351/351
f 342/342/342 351/351/351 350/350/350
f 343/343/343 344/344/344 352/352/352
f 343/343/343 352/352/352 351/351/351
f 344/344/344 337/337/337 345/345/345
f 344/344/344 345/345/345 352/352/352
f 345/345/345 346/346/346 354/354/354
f 345/345/345 354/354/354 353/353/353
f 346/346/346 347/347/347 355/355/355
f 346/346/346 355/355/355 354/354/354
f 347/347/347 348/348/348 356/356/356
f 347/347/347 356/356/356 355/355/355
f 348/348/348 349/349/349 357/357/357
f 348/348/348 357/357/357 356/356/356
f 349/349/349 350/350/350 358/358/358
f 349/349/349 358/358/358 357/357/357
f 350/350/350 351/351/351 359/359/359
f 350/350/350 359/359/359 358/358/358
f 351/351/351 352/352/352 360/360/360
f 351/351/351 360/360/360 359/359/359
f 352/352/352 345/345/345 353/353/353
f 352/352/352 353/353/353 360/360/360
f 353/353/353 354/354/354 362/362/362
f 353/353/353 362/362/362 361/361/361
f 354/354/354 355/355/355 363/363/363
f 354/354/354 363/363/363 362/362/362
f 355/355/355 356/356/356 364/364/364
f 355/355/355 364/364/364 363/363/363
f 356/356/356 357/357/357 365/365/365
f 356/356/356 365/365/365 364/364/364
f 357/357/357 358/358/358 366/366/366
f 357/357/357 366/366/366 365/365/365
f 358/358/358 359/359/359 367/367/367
f 358/358/358 367/367/367 366/366/366
f 359/359/359 360/360/360 368/368/368
f 359/359/359 368/368/368 367/367/367
f 360/360/360 353/353/353 361/361/361
f 360/360/360 361/361/361 368/368/368
f 361/361/361 362/362/362 370/370/370
f 361/361/361 370/370/370 369/369/369
f 362/362/362 363/363/363 371/371/371
f 362/362/362 371/371/371 370/370/370
f 363/363/363 364/364/364 372/372/372
f 363/363/363 372/372/372 371/371/371
f 364/364/364 365/365/365 373/373/373
f 364/364/364 373/373/373 372/372/372
f 365/365/365 366/366/366 374/374/374
f 365/365/365 374/374/374 373/373/373
f 366/366/366 367/367/367 375/375/375
f 366/366/366 375/375/375 374/374/374
f 367/367/367 368/368/368 376/376/376
f 367/367/367 376/376/376 375/375/375
f 368/368/368 361/361/361 369/369/369
f 368/368/368 369/369/369 376/376/376
f 369/369/369 370/370/370 378/378/378
f 369/369/369 378/378/378 377/377/377
f 370/370/370 371/371/371 379/379/379
f 370/370/370 379/379/379 378/378/378
f 371/371/371 372/372/372 380/380/380
f 371/371/371 380/380/380 379/379/379
f 372/372/372 373/373/373 381/381/381
f 372/372/372 381/381/381 380/380/380
f 373/373/373 374/374/374 382/382/382
f 373/373/373 382/382/382 381/381/381
f 374/374/374 375/375/375 383/383/383
f 374/374/374 383/383/383 382/382/382
f 375/375/375 376/376/376 384/384/384
f 375/375/375 384/384/384 383/383/383
f 376/376/376 369/369/369 377/377/377
f 376/376/376 377/377/377 384/384/384
f 377/377/377 378/378/378 386/386/386
f 377/377/377 386/386/386 385/385/385
f 378/378/378 379/379/379 387/387/387
f 378/378/378 387/387/387 386/386/386
f 379/379/379 380/380/380 388/388/388
f 379/379/379 388/388/388 387/387/387
f 380/380/380 381/381/381 389/389/389
f 380/380/380 389/389/389 388/388/388
f 381/381/381 382/382/382 390/390/390
f 381/381/381 390/390/390 389/389/389
f 382/382/382 383/383/383 391/391/391
f 382/382/382 391/391/391 390/390/390
f 383/383/383 384/384/384 392/392/392
f 383/383/383 392/392/392 391/391/391
f 384/384/384 377/377/377 385/385/385
f 384/384/384 385/385/385 392/392/392
f 385/385/385 386/386/386 394/394/394
f 385/385/385 394/394/394 393/393/393
f 386/386/386 387/387/387 395/395/395
f 386/386/386 395/395/395 394/394/394
f 387/387/387 388/388/388 396/396/396
f 387/387/387 396/396/396 395/395/395
f 388/388/388 389/389/389 397/397/397
f 388/388/388 397/397/397 396/396/396
f 389/389/389 390/390/390 398/398/398
f 389/389/389 398/398/398 397/397/397
f 390/390/390 391/391/391 399/399/399
f 390/390/390 399/399/399 398/398/398
f 391/391/391 392/392/392 400/400/400
f 391/391/391 400/400/400 399/399/399
f 392/392/392 385/385/385 393/393/393
f 392/392/392 393/393/393 400/400/400
f 393/393/393 394/394/394 402/402/402
f 393/393/393 402/402/402 401/401/401
f 394/394/394 395/395/395 403/403/403
f 394/394/394 403/403/403 402/402/402
f 395/395/395 396/396/396 404/404/404
f 395/395/395 404/404/404 403/403/403
f 396/396/396 397/397/397 405/405/405
f 396/396/396 405/405/405 404/404/404
f 397/397/397 398/398/398 406/406/406
f 397/397/397 406/406/406 405/405/405
f 398/398/398 399/399/399 407/407/407
f 398/398/398 407/407/407 406/406/406
f 399/399/399 400/400/400 408/408/408
f 399/399/399 408/408/408 407/407/407
f 400/400/400 393/393/393 401/401/401
f 400/400/400 401/401/401 408/408/408
f 401/401/401 402/402/402 410/410/410
f 401/401/401 410/410/410 409/409/409
f 402/402/402 403/403/403 411/411/411
f 402/402/402 411/411/411 410/410/410
f 403/403/403 404/404/404 412/412/412
f 403/403/403 412/412/412 411/411/411
f 404/404/404 405/405/405 413/413/413
f 404/404/404 413/413/413 412/412/412
f 405/405/405 406/406/406 414/414/414
f 405/405/405 414/414/414 413/413/413
f 406/406/406 407/407/407 415/415/415
f 406/406/406 415/415/415 414/414/414
f 407/407/407 408/408/408 416/416/416
f 407/407/407 416/416/416 415/415/415
f 408/408/408 401/401/401 409/409/409
f 408/408/408 409/409/409 416/416/416
f 409/409/409 410/410/410 418/418/418
f 409/409/409 418/418/418 417/417/417
f 410/410/410 411/411/411 419/419/419
f 410/410/410 419/419/419 418/418/418
f 411/411/411 412/412/412 420/420/420
f 411/411/411 420/420/420 419/419/419
f 412/412/412 413/413/413 421/421/421
f 412/412/412 421/421/421 420/420/420
f 413/413/413 414/414/414 422/422/422
f 413/413/413 422/422/422 421/421/421
f 414/414/414 415/415/415 423/423/423
f 414/414/414 423/423/423 422/422/422
f 415/415/415 416/416/416 424/424/424
f 415/415/415 424/424/424 423/423/423
f 416/416/416 409/409/409 417/417/417
f 416/416/416 417/417/417 424/424/424
f 417/417/417 418/418/418 426/426/426
f 417/417/417 426/426/426 425/425/425
f 418/418/418 419/419/419 427/427/427
f 418/418/418 427/427/427 426/426/426
f 419/419/419 420/420/420 428/428/428
f 419/419/419 428/428/428 427/427/427
f 420/420/420 421/421/421 429/429/429
f 420/420/420 429/429/429 428/428/428
f 421/421/421 422/422/422 430/430/430
f 421/421/421 430/430/430 429/429/429
f 422/422/422 423/423/423 431/431/431
f 422/422/422 431/431/431 430/430/430
f 423/423/423 424/424/424 432/432/432
f 423/423/423 432/432/432 431/431/431
f 424/424/424 417/417/417 425/425/425
f 424/424/424 425/425/425 432/432/432
f 425/425/425 426/426/426 434/434/434
f 425/425/425 434/434/434 433/433/433
f 426/426/426 427/427/427 435/435/435
f 426/426/426 435/435/435 434/434/434
f 427/427/427 428/428/428 436/436/436
f 427/427/427 436/436/436 435/435/435
f 428/428/428 429/429/429 437/437/437
f 428/428/428 437/437/437 436/436/436
f 429/429/429 430/430/430 438/438/438
f 429/429/429 438/438/438 437/437/437
f 430/430/430 431/431/431 439/439/439
f 430/430/430 439/439/439 438/438/438
f 431/431/431 432/432/432 440/440/440
f 431/431/431 440/440/440 439/439/439
f 432/432/432 425/425/425 433/433/433
f 432/432/432 433/433/433 440/440/440
f 433/433/433 434/434/434 442/442/442
f 433/433/433 442/442/442 441/441/441
f 434/434/434 435/435/435 443/443/443
f 434/434/434 443/443/443 442/442/442
f 435/435/435 436/436/436 444/444/444
f 435/435/435 444/444/444 443/443/443
f 436/436/436 437/437/437 445/445/445
f 436/436/436 445/445/445 444/444/444
f 437/437/437 438/438/438 446/446/446
f 437/437/437 446/446/446 445/445/445
f 438/438/438 439/439/439 447/447/447
f 438/438/438 447/447/447 446/446/446
f 439/439/439 440/440/440 448/448/448
f 439/439/439 448/448/448 447/447/447
f 440/440/440 433/433/433 441/441/441
f 440/440/440 441/441/441 448/448/448
f 441/441/441 442/442/442 450/450/450
f 441/441/441 450/450/450 449/449/449
f 442/442/442 443/443/443 451/451/451
f 442/442/442 451/451/451 450/450/450
f 443/443/443 444/444/444 452/452/452
f 443/443/443 452/452/452 451/451/451
f 444/444/444 445/445/445 453/453/453
f 444/444/444 453/453/453 452/452/452
f 445/445/445 446/446/446 454/454/454
f 445/445/445 454/454/454 453/453/453
f 446/446/446 447/447/447 455/455/455
f 446/446/446 455/455/455 454/454/454
f 447/447/447 448/448/448 456/456/456
f 447/447/447 456/456/456 455/455/455
f 448/448/448 441/441/441 449/449/449
f 448/448/448 449/449/449 456/456/456
f 449/449/449 450/450/450 458/458/458
f 449/449/449 458/458/458 457/457/457
f 450/450/450 451/451/451 459/459/459
f 450/450/450 459/459/459 458/458/458
f 451/451/451 452/452/452 460/460/460
f 451/451/451 460/460/460 459/459/459
f 452/452/452 453/453/453 461/461/461
f 452/452/452 461/461/461 460/460/460
f 453/453/453 454/454/454 462/462/462
f 453/453/453 462/462/462 461/461/461
f 454/454/454 455/455/455 463/463/463
f 454/454/454 463/463/463 462/462/462
f 455/455/455 456/456/456 464/464/464
f 455/455/455 464/464/464 463/463/463
f 456/456/456 449/449/449 457/457/457
f 456/456/456 457/457/457 464/464/464
f 457/457/457 458/458/458 466/466/466
f 457/457/457 466/466/466 465/465/465
f 458/458/458 459/459/459 467/467/467
f 458/458/458 467/467/467 466/466/466
f 459/459/459 460/460/460 468/468/468
f 459/459/459 468/468/468 467/467/467
f 460/460/460 461/461/461 469/469/469
f 460/460/460 469/469/469 468/468/468
f 461/461/461 462/462/462 470/470/470
f 461/461/461 470/470/470 469/469/469
f 462/462/462 463/463/463 471/471/471
f 462/462/462 471/471/471 470/470/470
f 463/463/463 464/464/464 472/472/472
f 463/463/463 472/472/472 471/471/471
f 464/464/464 457/457/457 465/465/465
f 464/464/464 465/465/465 472/472/472
f 465/465/465 466/466/466 474/474/474
f 465/465/465 474/474/474 473/473/473
f 466/466/466 467/467/467 475/475/475
f 466/466/466 475/475/475 474/474/474
f 467/467/467 468/468/468 476/476/476
f 467/467/467 476/476/476 475/475/475
f 468/468/468 469/469/469 477/477/477
f 468/468/468 477/477/477 476/476/476
f 469/469/469 470/470/470 478/478/478
f 469/469/469 478/478/478 477/477/477
f 470/470/470 471/471/471 479/479/479
f 470/470/470 479/479/479 478/478/478
f 471/471/471 472/472/472 480/480/480
f 471/471/471 480/480/480 479/479/479
f 472/472/472 465/465/465 473/473/473
f 472/472/472 473/473/473 480/480/480
f 473/473/473 474/474/474 482/482/482
f 473/473/473 482/482/482 481/481/481
f 474/474/474 475/475/475 483/483/483
f 474/474/474 483/483/483 482/482/482
f 475/475/475 476/476/476 484/484/484
f 475/475/475 484/484/484 483/483/483
f 476/476/476 477/477/477 485/485/485
f 476/476/476 485/485/485 484/484/484
f 477/477/477 478/478/478 486/486/486
f 477/477/477 486/486/486 485/485/485
f 478/478/478 479/479/479 487/487/487
f 478/478/478 487/487/487 486/486/486
f 479/479/479 480/480/480 488/488/488
f 479/479/479 488/488/488 487/487/487
f 480/480/480 473/473/473 481/481/481
f 480/480/480 481/481/481 488/488/488
f 481/481/481 482/482/482 490/490/490
f 481/481/481 490/490/490 489/489/489
f 482/482/482 483/483/483 491/491/491
f 482/482/482 491/491/491 490/490/490
f 483/483/483 484/484/484 492/492/492
f 483/483/483 492/492/492 491/491/491
f 484/484/484 485/485/485 493/493/493
f 484/484/484 493/493/493 492/492/492
f 485/485/485 486/486/486 494/494/494
f 485/485/485 494/494/494 493/493/493
f 486/486/486 487/487/487 495/495/495
f 486/486/486 495/495/495 494/494/494
f 487/487/487 488/488/488 496/496/496
f 487/487/487 496/496/496 495/495/495
f 488/488/488 481/481/481 489/489/489
f 488/488/488 489/489/489 496/496/496
f 489/489/489 490/490/490 498/498/498
f 489/489/489 498/498/498 497/497/497
f 490/490/490 491/491/491 499/499/499
f 490/490/490 499/499/499 498/498/498
f 491/491/491 492/492/492 500/500/500
f 491/491/491 500/500/500 499/499/499
f 492/492/492 493/493/493 501/501/501
f 492/492/492 501/501/501 500/500/500
f 493/493/493 494/494/494 502/502/502
f 493/493/493 502/502/502 501/501/501
f 494/494/494 495/495/495 503/503/503
f 494/494/494 503/503/503 502/502/502
f 495/495/495 496/496/496 504/504/504
f 495/495/495 504/504/504 503/503/503
f 496/496/496 489/489/489 497/497/497
f 496/496/496 497/497/497 504/504/504
f 497/497/497 498/498/498 506/506/506
f 497/497/497 506/506/506 505/505/505
f 498/498/498 499/499/499 507/507/507
f 498/498/498 507/507/507 506/506/506
f 499/499/499 500/500/500 508/508/508
f 499/499/499 508/508/508 507/507/507
f 500/500/500 501/501/501 509/509/509
f 500/500/500 509/509/509 508/508/508
f 501/501/501 502/502/502 510/510/510
f 501/501/501 510/510/510 509/509/509
f 502/502/502 503/503/503 511/511/511
f 502/502/502 511/511/511 510/510/510
f 503/503/503 504/504/504 512/512/512
f 503/503/503 512/512/512 511/511/511
f 504/504/504 497/497/497 505/505/505
f 504/504/504 505/505/505 512/512/512
f 505/505/505 506/506/506 514/514/514
f 505/505/505 514/514/514 513/513/513
f 506/506/506 507/507/507 515/515/515
f 506/506/506 515/515/515 514/514/514
f 507/507/507 508/508/508 516/516/516
f 507/507/507 516/516/516 515/515/515
f 508/508/508 509/509/509 517/517/517
f 508/508/508 517/517/517 516/516/516
f 509/509/509 510/510/510 518/518/518
f 509/509/509 518/518/518 517/517/517
f 510/510/510 511/511/511 519/519/519
f 510/510/510 519/519/519 518/518/518
f 511/511/511 512/512/512 520/520/520
f 511/511/511 520/520/520 519/519/519
f 512/512/512 505/505/505 513/513/513
f 512/512/512 513/513/513 520/520/520
f 513/513/513 514/514/514 522/522/522
f 513/513/513 522/522/522 521/521/521
f 514/514/514 515/515/515 523/523/523
f 514/514/514 523/523/523 522/522/522
f 515/515/515 516/516/516 524/524/524
f 515/515/515 524/524/524 523/523/523
f 516/516/516 517/517/517 525/525/525
f 516/516/516 525/525/525 524/524/524
f 517/517/517 518/518/518 526/526/526
f 517/517/517 526/526/526 525/525/525
f 518/518/518 519/519/519 527/527/527
f 518/518/518 527/527/527 526/526/526
f 519/519/519 520/520/520 528/528/528
f 519/519/519 528/528/528 527/527/527
f 520/520/520 513/513/513 521/521/521
f 520/520/520 521/521/521 528/528/528
f 521/521/521 522/522/522 530/530/530
f 521/521/521 530/530/530 529/529/529
f 522/522/522 523/523/523 531/531/531
f 522/522/522 531/531/531 530/530/530
f 523/523/523 524/524/524 532/532/532
f 523/523/523 532/532/532 531/531/531
f 524/524/524 525/525/525 533/533/533
f 524/524/524 533/533/533 532/532/532
f 525/525/525 526/526/526 534/534/534
f 525/525/525 534/534/534 533/533/533
f 526/526/526 527/527/527 535/535/535
f 526/526/526 535/535/535 534/534/534
f 527/527/527 528/528/528 536/536/536
f 527/527/527 536/536/536 535/535/535
f 528/528/528 521/521/521 529/529/529
f 528/528/528 529/529/529 536/536/536
f 529/529/529 530/530/530 538/538/538
f 529/529/529 538/538/538 537/537/537
f 530/530/530 531/531/531 539/539/539
f 530/530/530 539/539/539 538/538/538
f 531/531/531 532/532/532 540/540/540
f 531/531/531 540/540/540 539/539/539
f 532/532/532 533/533/533 541/541/541
f 532/532/532 541/541/541 540/540/540
f 533/533/533 534/534/534 542/542/542
f 533/533/533 542/542/542 541/541/541
f 534/534/534 535/535/535 543/543/543
f 534/534/534 543/543/543 542/542/542
f 535/535/535 536/536/536 544/544/544
f 535/535/535 544/544/544 543/543/543
f 536/536/536 529/529/529 537/537/537
f 536/536/536 537/537/537 544/544/544
f 537/537/537 538/538/538 546/546/546
f 537/537/537 546/546/546 545/545/545
f 538/538/538 539/539/539 547/547/547
f 538/538/538 547/547/547 546/546/546
f 539/539/539 540/540/540 548/548/548
f 539/539/539 548/548/548 547/547/547
f 540/540/540 541/541/541 549/549/549
f 540/540/540 549/549/549 548/548/548
f 541/541/541 542/542/542 550/550/550
f 541/541/541 550/550/550 549/549/549
f 542/542/542 543/543/543 551/551/551
f 542/542/542 551/551/551 550/550/550
f 543/543/543 544/544/544 552/552/552
f 543/543/543 552/552/552 551/551/551
f 544/544/544 537/537/537 545/545/545
f 544/544/544 545/545/545 552/552/552
f 545/545/545 546/546/546 554/554/554
f 545/545/545 554/554/554 553/553/553
f 546/546/546 547/547/547 555/555/555
f 546/546/546 555/555/555 554/554/554
f 547/547/547 548/548/548 556/556/556
f 547/547/547 556/556/556 555/555/555
f 548/548/548 549/549/549 557/557/557
f 548/548/548 557/557/557 556/556/556
f 549/549/549 550/550/550 558/558/558
f 549/549/549 558/558/558 557/557/557
f 550/550/550 551/551/551 559/559/559
f 550/550/550 559/559/559 558/558/558
f 551/551/551 552/552/552 560/560/560
f 551/551/551 560/560/560 559/559/559
f 552/552/552 545/545/545 553/553/553
f 552/552/552 553/553/553 560/560/560
f 553/553/553 554/554/554 562/562/562
f 553/553/553 562/562/562 561/561/561
f 554/554/554 555/555/555 563/563/563
f 554/554/554 563/563/563 562/562/562
f 555/555/555 556/556/556 564/564/564
f 555/555/555 564/564/564 563/563/563
f 556/556/556 557/557/557 565/565/565
f 556/556/556 565/565/565 564/564/564
f 557/557/557 558/558/558 566/566/566
f 557/557/557 566/566/566 565/565/565
f 558/558/558 559/559/559 567/567/567
f 558/558/558 567/567/567 566/566/566
f 559/559/559 560/560/560 568/568/568
f 559/559/559 568/568/568 567/567/567
f 560/560/560 553/553/553 561/561/561
f 560/560/560 561/561/561 568/568/568
f 561/561/561 562/562/562 570/570/570
f 561/561/561 570/570/570 569/569/569
f 562/562/562 563/563/563 571/571/571
f 562/562/562 571/571/571 570/570/570
f 563/563/563 564/564/564 572/572/572
f 563/563/563 572/572/572 571/571/571
f 564/564/564 565/565/565 573/573/573
f 564/564/564 573/573/573 572/572/572
f 565/565/565 566/566/566 574/574/574
f 565/565/565 574/574/574 573/573/573
f 566/566/566 567/567/567 575/575/575
f 566/566/566 575/575/575 574/574/574
f 567/567/567 568/568/568 576/576/576
f 567/567/567 576/576/576 575/575/575
f 568/568/568 561/561/561 569/569/569
f 568/568/568 569/569/569 576/576/576
f 569/569/569 570/570/570 578/578/578
f 569/569/569 578/578/578 577/577/577
f 570/570/570 571/571/571 579/579/579
f 570/570/570 579/579/579 578/578/578
f 571/571/571 572/572/572 580/580/580
f 571/571/571 580/580/580 579/579/579
f 572/572/572 573/573/573 581/581/581
f 572/572/572 581/581/581 580/580/580
f 573/573/573 574/574/574 582/582/582
f 573/573/573 582/582/582 581/581/581
f 574/574/574 575/575/575 583/583/583
f 574/574/574 583/583/583 582/582/582
f 575/575/575 576/576/576 584/584/584
f 575/575/575 584/584/584 583/583/583
f 576/576/576 569/569/569 577/577/577
f 576/576/576 577/577/577 584/584/584
f 577/577/577 578/578/578 586/586/586
f 577/577/577 586/586/586 585/585/585
f 578/578/578 579/579/579 587/587/587
f 578/578/578 587/587/587 586/586/586
f 579/579/579 580/580/580 588/588/588
f 579/579/579 588/588/588 587/587/587
f 580/580/580 581/581/581 589/589/589
f 580/580/580 589/589/589 588/588/588
f 581/581/581 582/582/582 590/590/590
f 581/581/581 590/590/590 589/589/589
f 582/582/582 583/583/583 591/591/591
f 582/582/582 591/591/591 590/590/590
f 583/583/583 584/584/584 592/592/592
f 583/583/583 592/592/592 591/591/591
f 584/584/584 577/577/577 585/585/585
f 584/584/584 585/585/585 592/592/592
f 585/585/585 586/586/586 594/594/594
f 585/585/585 594/594/594 593/593/593
f 586/586/586 587/587/587 595/595/595
f 586/586/586 595/595/595 594/594/594
f 587/587/587 588/588/588 596/596/596
f 587/587/587 596/596/596 595/595/595
f 588/588/588 589/589/589 597/597/597
f 588/588/588 597/597/597 596/596/596
f 589/589/589 590/590/590 598/598/598
f 589/589/589 598/598/598 597/597/597
f 590/590/590 591/591/591 599/599/599
f 590/590/590 599/599/599 598/598/598
f 591/591/591 592/592/592 600/600/600
f 591/591/591 600/600/600 599/599/599
f 592/592/592 585/585/585 593/593/593
f 592/592/592 593/593/593 600/600/600
f 593/593/593 594/594/594 602/602/602
f 593/593/593 602/602/602 601/601/601
f 594/594/594 595/595/595 603/603/603
f 594/594/594 603/603/603 602/602/602
f 595/595/595 596/596/596 604/604/604
f 595/595/595 604/604/604 603/603/603
f 596/596/596 597/597/597 605/605/605
f 596/596/596 605/605/605 604/604/604
f 597/597/597 598/598/598 606/606/606
f 597/597/597 606/606/606 605/605/605
f 598/598/598 599/599/599 607/607/607
f 598/598/598 607/607/607 606/606/606
f 599/599/599 600/600/600 608/608/608
f 599/599/599 608/608/608 607/607/607
f 600/600/600 593/593/593 601/601/601
f 600/600/600 601/601/601 608/608/608
f 601/601/601 602/602/602 610/610/610
f 601/601/601 610/610/610 609/609/609
f 602/602/602 603/603/603 611/611/611
f 602/602/602 611/611/611 610/610/610
f 603/603/603 604/604/604 612/612/612
f 603/603/603 612/612/612 611/611/611
f 604/604/604 605/605/605 613/613/613
f 604/604/604 613/613/613 612/612/612
f 605/605/605 606/606/606 614/614/614
f 605/605/605 614/614/614 613/613/613
f 606/606/606 607/607/607 615/615/615
f 606/606/606 615/615/615 614/614/614
f 607/607/607 608/608/608 616/616/616
f 607/607/607 616/616/616 615/615/615
f 608/608/608 601/601/601 609/609/609
f 608/608/608 609/609/609 616/616/616
f 609/609/609 610/610/610 618/618/618
f 609/609/609 618/618/618 617/617/617
f 610/610/610 611/611/611 619/619/619
f 610/610/610 619/619/619 618/618/618
f 611/611/611 612/612/612 620/620/620
f 611/611/611 620/620/620 619/619/619
f 612/612/612 613/613/613 621/621/621
f 612/612/612 621/621/621 620/620/620
f 613/613/613 614/614/614 622/622/622
f 613/613/613 622/622/622 621/621/621
f 614/614/614 615/615/615 623/623/623
f 614/614/614 623/623/623 622/622/622
f 615/615/615 616/616/616 624/624/624
f 615/615/615 624/624/624 623/623/623
f 616/616/616 609/609/609 617/617/617
f 616/616/616 617/617/617 624/624/624
f 617/617/617 618/618/618 626/626/626
f 617/617/617 626/626/626 625/625/625
f 618/618/618 619/619/619 627/627/627
f 618/618/618 627/627/627 626/626/626
f 619/619/619 620/620/620 628/628/628
f 619/619/619 628/628/628 627/627/627
f 620/620/620 621/621/621 629/629/629
f 620/620/620 629/629/629 628/628/628
f 621/621/621 622/622/622 630/630/630
f 621/621/621 630/630/630 629/629/629
f 622/622/622 623/623/623 631/631/631
f 622/622/622 631/631/631 630/630/630
f 623/623/623 624/624/624 632/632/632
f 623/623/623 632/632/632 631/631/631
f 624/624/624 617/617/617 625/625/625
f 624/624/624 625/625/625 632/632/632
f 625/625/625 626/626/626 634/634/634
f 625/625/625 634/634/634 633/633/633
f 626/626/626 627/627/627 635/635/635
f 626/626/626 635/635/635 634/634/634
f 627/627/627 628/628/628 636/636/636
f 627/627/627 636/636/636 635/635/635
f 628/628/628 629/629/629 637/637/637
f 628/628/628 637/637/637 636/636/636
f 629/629/629 630/630/630 638/638/638
f 629/629/629 638/638/638 637/637/637
f 630/630/630 631/631/631 639/639/639
f 630/630/630 639/639/639 638/638/638
f 631/631/631 632/632/632 640/640/640
f 631/631/631 640/640/640 639/639/639
f 632/632/632 625/625/625 633/633/633
f 632/632/632 633/633/633 640/640/640
f 633/633/633 634/634/634 642/642/642
f 633/633/633 642/642/642 641/641/641
f 634/634/634 635/635/635 643/643/643
f 634/634/634 643/643/643 642/642/642
f 635/635/635 636/636/636 644/644/644
f 635/635/635 644/644/644 643/643/643
f 636/636/636 637/637/637 645/645/645
f 636/636/636 645/645/645 644/644/644
f 637/637/637 638/638/638 646/646/646
f 637/637/637 646/646/646 645/645/645
f 638/638/638 639/639/639 647/647/647
f 638/638/638 647/647/647 646/646/646
f 639/639/639 640/640/640 648/648/648
f 639/639/639 648/648/648 647/647/647
f 640/640/640 633/633/633 641/641/641
f 640/640/640 641/641/641 648/648/648
f 641/641/641 642/642/642 650/650/650
f 641/641/641 650/650/650 649/649/649
f 642/642/642 643/643/643 651/651/651
f 642/642/642 651/651/651 650/650/650
f 643/643/643 644/644/644 652/652/652
f 643/643/643 652/652/652 651/651/651
f 644/644/644 645/645/645 653/653/653
f 644/644/644 653/653/653 652/652/652
f 645/645/645 646/646/646 654/654/654
f 645/645/645 654/654/654 653/653/653
f 646/646/646 647/647/647 655/655/655
f 646/646/646 655/655/655 654/654/654
f 647/647/647 648/648/648 656/656/656
f 647/647/647 656/656/656 655/655/655
f 648/648/648 641/641/641 649/649/649
f 648/648/648 649/649/649 656/656/656
f 649/649/649 650/650/650 658/658/658
f 649/649/649 658/658/658 657/657/657
f 650/650/650 651/651/651 659/659/659
f 650/650/650 659/659/659 658/658/658
f 651/651/651 652/652/652 660/660/660
f 651/651/651 660/660/660 659/659/659
f 652/652/652 653/653/653 661/661/661
f 652/652/652 661/661/661 660/660/660
f 653/653/653 654/654/654 662/662/662
f 653/653/653 662/662/662 661/661/661
f 654/654/654 655/655/655 663/663/663
f 654/654/654 663/663/663 662/662/662
f 655/655/655 656/656/656 664/664/664
f 655/655/655 664/664/664 663/663/663
f 656/656/656 649/649/649 657/657/657
f 656/656/656 657/657/657 664/664/664
f 657/657/657 658/658/658 666/666/666
f 657/657/657 666/666/666 665/665/665
f 658/658/658 659/659/659 667/667/667
f 658/658/658 667/667/667 666/666/666
f 659/659/659 660/660/660 668/668/668
f 659/659/659 668/668/668 667/667/667
f 660/660/660 661/661/661 669/669/669
f 660/660/660 669/669/669 668/668/668
f 661/661/661 662/662/662 670/670/670
f 661/661/661 670/670/670 669/669/669
f 662/662/662 663/663/663 671/671/671
f 662/662/662 671/671/671 670/670/670
f 663/663/663 664/664/664 672/672/672
f 663/663/663 672/672/672 671/671/671
f 664/664/664 657/657/657 665/665/665
f 664/664/664 665/665/665 672/672/672
f 665/665/665 666/666/666 674/674/674
f 665/665/665 674/674/674 673/673/673
f 666/666/666 667/667/667 675/675/675
f 666/666/666 675/675/675 674/674/674
f 667/667/667 668/668/668 676/676/676
f 667/667/667 676/676/676 675/675/675
f 668/668/668 669/669/669 677/677/677
f 668/668/668 677/677/677 676/676/676
f 669/669/669 670/670/670 678/678/678
f 669/669/669 678/678/678 677/677/677
f 670/670/670 671/671/671 679/679/679
f 670/670/670 679/679/679 678/678/678
f 671/671/671 672/672/672 680/680/680
f 671/671/671 680/680/680 679/679/679
f 672/672/672 665/665/665 673/673/673
f 672/672/672 673/673/673 680/680/680
f 673/673/673 674/674/674 682/682/682
f 673/673/673 682/682/682 681/681/681
f 674/674/674 675/675/675 683/683/683
f 674/674/674 683/683/683 682/682/682
f 675/675/675 676/676/676 684/684/684
f 675/675/675 684/684/684 683/683/683
f 676/676/676 677/677/677 685/685/685
f 676/676/676 685/685/685 684/684/684
f 677/677/677 678/678/678 686/686/686
f 677/677/677 686/686/686 685/685/685
f 678/678/678 679/679/679 687/687/687
f 678/678/678 687/687/687 686/686/686
f 679/679/679 680/680/680 688/688/688
f 679/679/679 688/688/688 687/687/687
f 680/680/680 673/673/673 681/681/681
f 680/680/680 681/681/681 688/688/688
f 681/681/681 682/682/682 690/690/690
f 681/681/681 690/690/690 689/689/689
f 682/682/682 683/683/683 691/691/691
f 682/682/682 691/691/691 690/690/690
f 683/683/683 684/684/684 692/692/692
f 683/683/683 692/692/692 691/691/691
f 684/684/684 685/685/685 693/693/693
f 684/684/684 693/693/693 692/692/692
f 685/685/685 686/686/686 694/694/694
f 685/685/685 694/694/694 693/693/693
f 686/686/686 687/687/687 695/695/695
f 686/686/686 695/695/695 694/694/694
f 687/687/687 688/688/688 696/696/696
f 687/687/687 696/696/696 695/695/695
f 688/688/688 681/681/681 689/689/689
f 688/688/688 689/689/689 696/696/696
f 689/689/689 690/690/690 698/698/698
f 689/689/689 698/698/698 697/697/697
f 690/690/690 691/691/691 699/699/699
f 690/690/690 699/699/699 698/698/698
f 691/691/691 692/692/692 700/700/700
f 691/691/691 700/700/700 699/699/699
f 692/692/692 693/693/693 701/701/701
f 692/692/692 701/701/701 700/700/700
f 693/693/693 694/694/694 702/702/702
f 693/693/693 702/702/702 701/701/701
f 694/694/694 695/695/695 703/703/703
f 694/694/694 703/703/703 702/702/702
f 695/695/695 696/696/696 704/704/704
f 695/695/695 704/704/704 703/703/703
f 696/696/696 689/689/689 697/697/697
f 696/696/696 697/697/697 704/704/704
f 697/697/697 698/698/698 706/706/706
f 697/697/697 706/706/706 705/705/705
f 698/698/698 699/699/699 707/707/707
f 698/698/698 707/707/707 706/706/706
f 699/699/699 700/700/700 708/708/708
f 699/699/699 708/708/708 707/707/707
f 700/700/700 701/701/701 709/709/709
f 700/700/700 709/709/709 708/708/708
f 701/701/701 702/702/702 710/710/710
f 701/701/701 710/710/710 709/709/709
f 702/702/702 703/703/703 711/711/711
f 702/702/702 711/711/711 710/710/710
f 703/703/703 704/704/704 712/712/712
f 703/703/703 712/712/712 711/711/711
f 704/704/704 697/697/697 705/705/705
f 704/704/704 705/705/705 712/712/712
f 705/705/705 706/706/706 714/714/714
f 705/705/705 714/714/714 713/713/713
f 706/706/706 707/707/707 715/715/715
f 706/706/706 715/715/715 714/714/714
f 707/707/707 708/708/708 716/716/716
f 707/707/707 716/716/716 715/715/715
f 708/708/708 709/709/709 717/717/717
f 708/708/708 717/717/717 716/716/716
f 709/709/709 710/710/710 718/718/718
f 709/709/709 718/718/718 717/717/717
f 710/710/710 711/711/711 719/719/719
f 710/710/710 719/719/719 718/718/718
f 711/711/711 712/712/712 720/720/720
f 711/711/711 720/720/720 719/719/719
f 712/712/712 705/705/705 713/713/713
f 712/712/712 713/713/713 720/720/720
f 713/713/713 714/714/714 722/722/722
f 713/713/713 722/722/722 721/721/721
f 714/714/714 715/715/715 723/723/723
f 714/714/714 723/723/723 722/722/722
f 715/715/715 716/716/716 724/724/724
f 715/715/715 724/724/724 723/723/723
f 716/716/716 717/717/717 725/725/725
f 716/716/716 725/725/725 724/724/724
f 717/717/717 718/718/718 726/726/726
f 717/717/717 726/726/726 725/725/725
f 718/718/718 719/719/719 727/727/727
f 718/718/718 727/727/727 726/726/726
f 719/719/719 720/720/720 728/728/728
f 719/719/719 728/728/728 727/727/727
f 720/720/720 713/713/713 721/721/721
f 720/720/720 721/721/721 728/728/728
f 721/721/721 722/722/722 730/730/730
f 721/721/721 730/730/730 729/729/729
f 722/722/722 723/723/723 731/731/731
f 722/722/722 731/731/731 730/730/730
f 723/723/723 724/724/724 732/732/732
f 723/723/723 732/732/732 731/731/731
f 724/724/724 725/725/725 733/733/733
f 724/724/724 733/733/733 732/732/732
f 725/725/725 726/726/726 734/734/734
f 725/725/725 734/734/734 733/733/733
f 726/726/726 727/727/727 735/735/735
f 726/726/726 735/735/735 734/734/734
f 727/727/727 728/728/728 736/736/736
f 727/727/727 736/736/736 735/735/735
f 728/728/728 721/721/721 729/729/729
f 728/728/728 729/729/729 736/736/736
f 729/729/729 730/730/730 738/738/738
f 729/729/729 738/738/738 737/737/737
f 730/730/730 731/731/731 739/739/739
f 730/730/730 739/739/739 738/738/738
f 731/731/731 732/732/732 740/740/740
f 731/731/731 740/740/740 739/739/739
f 732/732/732 733/733/733 741/741/741
f 732/732/732 741/741/741 740/740/740
f 733/733/733 734/734/734 742/742/742
f 733/733/733 742/742/742 741/741/741
f 734/734/734 735/735/735 743/743/743
f 734/734/734 743/743/743 742/742/742
f 735/735/735 736/736/736 744/744/744
f 735/735/735 744/744/744 743/743/743
f 736/736/736 729/729/729 737/737/737
f 736/736/736 737/737/737 744/744/744
f 737/737/737 738/738/738 746/746/746
f 737/737/737 746/746/746 745/745/745
f 738/738/738 739/739/739 747/747/747
f 738/738/738 747/747/747 746/746/746
f 739/739/739 740/740/740 748/748/748
f 739/739/739 748/748/748 747/747/747
f 740/740/740 741/741/741 749/749/749
f 740/740/740 749/749/749 748/748/748
f 741/741/741 742/742/742 750/750/750
f 741/741/741 750/750/750 749/749/749
f 742/742/742 743/743/743 751/751/751
f 742/742/742 751/751/751 750/750/750
f 743/743/743 744/744/744 752/752/752
f 743/743/743 752/752/752 751/751/751
f 744/744/744 737/737/737 745/745/745
f 744/744/744 745/745/745 752/752/752
f 745/745/745 746/746/746 754/754/754
f 745/745/745 754/754/754 753/753/753
f 746/746/746 747/747/747 755/755/755
f 746/746/746 755/755/755 754/754/754
f 747/747/747 748/748/748 756/756/756
f 747/747/747 756/756/756 755/755/755
f 748/748/748 749/749/749 757/757/757
f 748/748/748 757/757/757 756/756/756
f 749/749/749 750/750/750 758/758/758
f 749/749/749 758/758/758 757/757/757
f 750/750/750 751/751/751 759/759/759
f 750/750/750 759/759/759 758/758/758
f 751/751/751 752/752/752 760/760/760
f 751/751/751 760/760/760 759/759/759
f 752/752/752 745/745/745 753/753/753
f 752/752/752 753/753/753 760/760/760
f 753/753/753 754/754/754 762/762/762
f 753/753/753 762/762/762 761/761/761
f 754/754/754 755/755/755 763/763/763
f 754/754/754 763/763/763 762/762/762
f 755/755/755 756/756/756 764/764/764
f 755/755/755 764/764/764 763/763/763
f 756/756/756 757/757/757 765/765/765
f 756/756/756 765/765/765 764/764/764
f 757/757/757 758/758/758 766/766/766
f 757/757/757 766/766/766 765/765/765
f 758/758/758 759/759/759 767/767/767
f 758/758/758 767/767/767 766/766/766
f 759/759/759 760/760/760 768/768/768
f 759/759/759 768/768/768 767/767/767
f 760/760/760 753/753/753 761/761/761
f 760/760/760 761/761/761 768/768/768
f 761/761/761 762/762/762 770/770/770
f 761/761/761 770/770/770 769/769/769
f 762/762/762 763/763/763 771/771/771
f 762/762/762 771/771/771 770/770/770
f 763/763/763 764/764/764 772/772/772
f 763/763/763 772/772/772 771/771/771
f 764/764/764 765/765/765 773/773/773
f 764/764/764 773/773/773 772/772/772
f 765/765/765 766/766/766 774/774/774
f 765/765/765 774/774/774 773/773/773
f 766/766/766 767/767/767 775/775/775
f 766/766/766 775/775/775 774/774/774
f 767/767/767 768/768/768 776/776/776
f 767/767/767 776/776/776 775/775/775
f 768/768/768 761/761/761 769/769/769
f 768/768/768 769/769/769 776/776/776
f 769/769/769 770/770/770 778/778/778
f 769/769/769 778/778/778 777/777/777
f 770/770/770 771/771/771 779/779/779
f 770/770/770 779/779/779 778/778/778
f 771/771/771 772/772/772 780/780/780
f 771/771/771 780/780/780 779/779/779
f 772/772/772 773/773/773 781/781/781
f 772/772/772 781/781/781 780/780/780
f 773/773/773 774/774/774 782/782/782
f 773/773/773 782/782/782 781/781/781
f 774/774/774 775/775/775 783/783/783
f 774/774/774 783/783/783 782/782/782
f 775/775/775 776/776/776 784/784/784
f 775/775/775 784/784/784 783/783/783
f 776/776/776 769/769/769 777/777/777
f 776/776/776 777/777/777 784/784/784
f 777/777/777 778/778/778 786/786/786
f 777/777/777 786/786/786 785/785/785
f 778/778/778 779/779/779 787/787/787
f 778/778/778 787/787/787 786/786/786
f 779/779/779 780/780/780 788/788/788
f 779/779/779 788/788/788 787/787/787
f 780/780/780 781/781/781 789/789/789
f 780/780/780 789/789/789 788/788/788
f 781/781/781 782/782/782 790/790/790
f 781/781/781 790/790/790 789/789/789
f 782/782/782 783/783/783 791/791/791
f 782/782/782 791/791/791 790/790/790
f 783/783/783 784/784/784 792/792/792
f 783/783/783 792/792/792 791/791/791
f 784/784/784 777/777/777 785/785/785
f 784/784/784 785/785/785 792/792/792
f 785/785/785 786/786/786 794/794/794
f 785/785/785 794/794/794 793/793/793
f 786/786/786 787/787/787 795/795/795
f 786/786/786 795/795/795 794/794/794
f 787/787/787 788/788/788 796/796/796
f 787/787/787 796/796/796 795/795/795
f 788/788/788 789/789/789 797/797/797
f 788/788/788 797/797/797 796/796/796
f 789/789/789 790/790/790 798/798/798
f 789/789/789 798/798/798 797/797/797
f 790/790/790 791/791/791 799/799/799
f 790/790/790 799/799/799 798/798/798
f 791/791/791 792/792/792 800/800/800
f 791/791/791 800/800/800 799/799/799
f 792/792/792 785/785/785 793/793/793
f 792/792/792 793/793/793 800/800/800
f 793/793/793 794/794/794 802/802/802
f 793/793/793 802/802/802 801/801/801
f 794/794/794 795/795/795 803/803/803
f 794/794/794 803/803/803 802/802/802
f 795/795/795 796/796/796 804/804/804
f 795/795/795 804/804/804 803/803/803
f 796/796/796 797/797/797 805/805/805
f 796/796/796 805/805/805 804/804/804
f 797/797/797 798/798/798 806/806/806
f 797/797/797 806/806/806 805/805/805
f 798/798/798 799/799/799 807/807/807
f 798/798/798 807/807/807 806/806/806
f 799/799/799 800/800/800 808/808/808
f 799/799/799 808/808/808 807/807/807
f 800/800/800 793/793/793 801/801/801
f 800/800/800 801/801/801 808/808/808
f 1/1/1 3/3/3 2/2/2
f 801/801/801 802/802/802 803/803/803
f 1/1/1 4/4/4 3/3/3
f 801/801/801 803/803/803 804/804/804
f 1/1/1 5/5/5 4/4/4
f 801/801/801 804/804/804 805/805/805
f 1/1/1 6/6/6 5/5/5
f 801/801/801 805/805/805 806/806/806
f 1/1/1 7/7/7 6/6/6
f 801/801/801 806/806/806 807/807/807
f 1/1/1 8/8/8 7/7/7
f 801/801/801 807/807/807 808/808/808
f 809/809/809 810/810/810 816/816/816
f 809/809/809 816/816/816 815/815/815
f 810/810/810 811/811/811 817/817/817
f 810/810/810 817/817/817 816/816/816
f 811/811/811 812/812/812 818/818/818
f 811/811/811 818/818/818 817/817/817
f 812/812/812 813/813/813 819/819/819
f 812/812/812 819/819/819 818/818/818
f 813/813/813 814/814/814 820/820/820
f 813/813/813 820/820/820 819/819/819
f 814/814/814 809/809/809 815/815/815
f 814/814/814 815/815/815 820/820/820
f 815/815/815 816/816/816 822/822/822
f 815/815/815 822/822/822 821/821/821
f 816/816/816 817/817/817 823/823/823
f 816/816/816 823/823/823 822/822/822
f 817/817/817 818/818/818 824/824/824
f 817/817/817 824/824/824 823/823/823
f 818/818/818 819/819/819 825/825/825
f 818/818/818 825/825/825 824/824/824
f 819/819/819 820/820/820 826/826/826
f 819/819/819 826/826/826 825/825/825
f 820/820/820 815/815/815 821/821/821
f 820/820/820 821/821/821 826/826/826
f 821/821/821 822/822/822 828/828/828
f 821/821/821 828/828/828 827/827/827
f 822/822/822 823/823/823 829/829/829
f 822/822/822 829/829/829 828/828/828
f 823/823/823 824/824/824 830/830/830
f 823/823/823 830/830/830 829/829/829
f 824/824/824 825/825/825 831/831/831
f 824/824/824 831/831/831 830/830/830
f 825/825/825 826/826/826 832/832/832
f 825/825/825 832/832/832 831/831/831
f 826/826/826 821/821/821 827/827/827
f 826/826/826 827/827/827 832/832/832
f 827/827/827 828/828/828 834/834/834
f 827/827/827 834/834/834 833/833/833
f 828/828/828 829/829/829 835/835/835
f 828/828/828 835/835/835 834/834/834
f 829/829/829 830/830/830 836/836/836
f 829/829/829 836/836/836 835/835/835
f 830/830/830 831/831/831 837/837/837
f 830/830/830 837/837/837 836/836/836
f 831/831/831 832/832/832 838/838/838
f 831/831/831 838/838/838 837/837/837
f 832/832/832 827/827/827 833/833/833
f 832/832/832 833/833/833 838/838/838
f 833/833/833 834/834/834 840/840/840
f 833/833/833 840/840/840 839/839/839
f 834/834/834 835/835/835 841/841/841
f 834/834/834 841/841/841 840/840/840
f 835/835/835 836/836/836 842/842/842
f 835/835/835 842/842/842 841/841/841
f 836/836/836 837/837/837 843/843/843
f 836/836/836 843/843/843 842/842/842
f 837/837/837 838/838/838 844/844/844
f 837/837/837 844/844/844 843/843/843
f 838/838/838 833/833/833 839/839/839
f 838/838/838 839/839/839 844/844/844
f 839/839/839 840/840/840 846/846/846
f 839/839/839 846/846/846 845/845/845
f 840/840/840 841/841/841 847/847/847
f 840/840/840 847/847/847 846/846/846
f 841/841/841 842/842/842 848/848/848
f 841/841/841 848/848/848 847/847/847
f 842/842/842 843/843/843 849/849/849
f 842/842/842 849/849/849 848/848/848
f 843/843/843 844/844/844 850/850/850
f 843/843/843 850/850/850 849/849/849
f 844/844/844 839/839/839 845/845/845
f 844/844/844 845/845/845 850/850/850
f 845/845/845 846/846/846 852/852/852
f 845/845/845 852/852/852 851/851/851
f 846/846/846 847/847/847 853/853/853
f 846/846/846 853/853/853 852/852/852
f 847/847/847 848/848/848 854/854/854
f 847/847/847 854/854/854 853/853/853
f 848/848/848 849/849/849 855/855/855
f 848/848/848 855/855/855 854/854/854
f 849/849/849 850/850/850 856/856/856
f 849/849/849 856/856/856 855/855/855
f 850/850/850 845/845/845 851/851/851
f 850/850/850 851/851/851 856/856/856
f 851/851/851 852/852/852 858/858/858
f 851/851/851 858/858/858 857/857/857
f 852/852/852 853/853/853 859/859/859
f 852/852/852 859/859/859 858/858/858
f 853/853/853 854/854/854 860/860/860
f 853/853/853 860/860/860 859/859/859
f 854/854/854 855/855/855 861/861/861
f 854/854/854 861/861/861 860/860/860
f 855/855/855 856/856/856 862/862/862
f 855/855/855 862/862/862 861/861/861
f 856/856/856 851/851/851 857/857/857
f 856/856/856 857/857/857 862/862/862
f 857/857/857 858/858/858 864/864/864
f 857/857/857 864/864/864 863/863/863
f 858/858/858 859/859/859 865/865/865
f 858/858/858 865/865/865 864/864/864
f 859/859/859 860/860/860 866/866/866
f 859/859/859 866/866/866 865/865/865
f 860/860/860 861/861/861 867/867/867
f 860/860/860 867/867/867 866/866/866
f 861/861/861 862/862/862 868/868/868
f 861/861/861 868/868/868 867/867/867
f 862/862/862 857/857/857 863/863/863
f 862/862/862 863/863/863 868/868/868
f 863/863/863 864/864/864 870/870/870
f 863/863/863 870/870/870 869/869/869
f 864/864/864 865/865/865 871/871/871
f 864/864/864 871/871/871 870/870/870
f 865/865/865 866/866/866 872/872/872
f 865/865/865 872/872/872 871/871/871
f 866/866/866 867/867/867 873/873/873
f 866/866/866 873/873/873 872/872/872
f 867/867/867 868/868/868 874/874/874
f 867/867/867 874/874/874 873/873/873
f 868/868/868 863/863/863 869/869/869
f 868/868/868 869/869/869 874/874/874
f 869/869/869 870/870/870 876/876/876
f 869/869/869 876/876/876 875/875/875
f 870/870/870 871/871/871 877/877/877
f 870/870/870 877/877/877 876/876/876
f 871/871/871 872/872/872 878/878/878
f 871/871/871 878/878/878 877/877/877
f 872/872/872 873/873/873 879/879/879
f 872/872/872 879/879/879 878/878/878
f 873/873/873 874/874/874 880/880/880
f 873/873/873 880/880/880 879/879/879
f 874/874/874 869/869/869 875/875/875
f 874/874/874 875/875/875 880/880/880
f 875/875/875 876/876/876 882/882/882
f 875/875/875 882/882/882 881/881/881
f 876/876/876 877/877/877 883/883/883
f 876/876/876 883/883/883 882/882/882
f 877/877/877 878/878/878 884/884/884
f 877/877/877 884/884/884 883/883/883
f 878/878/878 879/879/879 885/885/885
f 878/878/878 885/885/885 884/884/884
f 879/879/879 880/880/880 886/886/886
f 879/879/879 886/886/886 885/885/885
f 880/880/880 875/875/875 881/881/881
f 880/880/880 881/881/881 886/886/886
f 881/881/881 882/882/882 888/888/888
f 881/881/881 888/888/888 887/887/887
f 882/882/882 883/883/883 889/889/889
f 882/882/882 889/889/889 888/888/888
f 883/883/883 884/884/884 890/890/890
f 883/883/883 890/890/890 889/889/889
f 884/884/884 885/885/885 891/891/891
f 884/884/884 891/891/891 890/890/890
f 885/885/885 886/886/886 892/892/892
f 885/885/885 892/892/892 891/891/891
f 886/886/886 881/881/881 887/887/887
f 886/886/886 887/887/887 892/892/892
f 887/887/887 888/888/888 894/894/894
f 887/887/887 894/894/894 893/893/893
f 888/888/888 889/889/889 895/895/895
f 888/888/888 895/895/895 894/894/894
f 889/889/889 890/890/890 896/896/896
f 889/889/889 896/896/896 895/895/895
f 890/890/890 891/891/891 897/897/897
f 890/890/890 897/897/897 896/896/896
f 891/891/891 892/892/892 898/898/898
f 891/891/891 898/898/898 897/897/897
f 892/892/892 887/887/887 893/893/893
f 892/892/892 893/893/893 898/898/898
f 893/893/893 894/894/894 900/900/900
f 893/893/893 900/900/900 899/899/899
f 894/894/894 895/895/895 901/901/901
f 894/894/894 901/901/901 900/900/900
f 895/895/895 896/896/896 902/902/902
f 895/895/895 902/902/902 901/901/901
f 896/896/896 897/897/897 903/903/903
f 896/896/896 903/903/903 902/902/902
f 897/897/897 898/898/898 904/904/904
f 897/897/897 904/904/904 903/903/903
f 898/898/898 893/893/893 899/899/899
f 898/898/898 899/899/899 904/904/904
f 899/899/899 900/900/900 906/906/906
f 899/899/899 906/906/906 905/905/905
f 900/900/900 901/901/901 907/907/907
f 900/900/900 907/907/907 906/906/906
f 901/901/901 902/902/902 908/908/908
f 901/901/901 908/908/908 907/907/907
f 902/902/902 903/903/903 909/909/909
f 902/902/902 909/909/909 908/908/908
f 903/903/903 904/904/904 910/910/910
f 903/903/903 910/910/910 909/909/909
f 904/904/904 899/899/899 905/905/905
f 904/904/904 905/905/905 910/910/910
f 905/905/905 906/906/906 912/912/912
f 905/905/905 912/912/912 911/911/911
f 906/906/906 907/907/907 913/913/913
f 906/906/906 913/913/913 912/912/912
f 907/907/907 908/908/908 914/914/914
f 907/907/907 914/914/914 913/913/913
f 908/908/908 909/909/909 915/915/915
f 908/908/908 915/915/915 914/914/914
f 909/909/909 910/910/910 916/916/916
f 909/909/909 916/916/916 915/915/915
f 910/910/910 905/905/905 911/911/911
f 910/910/910 911/911/911 916/916/916
f 911/911/911 912/912/912 918/918/918
f 911/911/911 918/918/918 917/917/917
f 912/912/912 913/913/913 919/919/919
f 912/912/912 919/919/919 918/918/918
f 913/913/913 914/914/914 920/920/920
f 913/913/913 920/920/920 919/919/919
f 914/914/914 915/915/915 921/921/921
f 914/914/914 921/921/921 920/920/920
f 915/915/915 916/916/916 922/922/922
f 915/915/915 922/922/922 921/921/921
f 916/916/916 911/911/911 917/917/917
f 916/916/916 917/917/917 922/922/922
f 917/917/917 918/918/918 924/924/924
f 917/917/917 924/924/924 923/923/923
f 918/918/918 919/919/919 925/925/925
f 918/918/918 925/925/925 924/924/924
f 919/919/919 920/920/920 926/926/926
f 919/919/919 926/926/926 925/925/925
f 920/920/920 921/921/921 927/927/927
f 920/920/920 927/927/927 926/926/926
f 921/921/921 922/922/922 928/928/928
f 921/921/921 928/928/928 927/927/927
f 922/922/922 917/917/917 923/923/923
f 922/922/922 923/923/923 928/928/928
f 923/923/923 924/924/924 930/930/930
f 923/923/923 930/930/930 929/929/929
f 924/924/924 925/925/925 931/931/931
f 924/924/924 931/931/931 930/930/930
f 925/925/925 926/926/926 932/932/932
f 925/925/925 932/932/932 931/931/931
f 926/926/926 927/927/927 933/933/933
f 926/926/926 933/933/933 932/932/932
f 927/927/927 928/928/928 934/934/934
f 927/927/927 934/934/934 933/933/933
f 928/928/928 923/923/923 929/929/929
f 928/928/928 929/929/929 934/934/934
f 929/929/929 930/930/930 936/936/936
f 929/929/929 936/936/936 935/935/935
f 930/930/930 931/931/931 937/937/937
f 930/930/930 937/937/937 936/936/936
f 931/931/931 932/932/932 938/938/938
f 931/931/931 938/938/938 937/937/937
f 932/932/932 933/933/933 939/939/939
f 932/932/932 939/939/939 938/938/938
f 933/933/933 934/934/934 940/940/940
f 933/933/933 940/940/940 939/939/939
f 934/934/934 929/929/929 935/935/935
f 934/934/934 935/935/935 940/940/940
f 935/935/935 936/936/936 942/942/942
f 935/935/935 942/942/942 941/941/941
f 936/936/936 937/937/937 943/943/943
f 936/936/936 943/943/943 942/942/942
f 937/937/937 938/938/938 944/944/944
f 937/937/937 944/944/944 943/943/943
f 938/938/938 939/939/939 945/945/945
f 938/938/938 945/945/945 944/944/944
f 939/939/939 940/940/940 946/946/946
f 939/939/939 946/946/946 945/945/945
f 940/940/940 935/935/935 941/941/941
f 940/940/940 941/941/941 946/946/946
f 941/941/941 942/942/942 948/948/948
f 941/941/941 948/948/948 947/947/947
f 942/942/942 943/943/943 949/949/949
f 942/942/942 949/949/949 948/948/948
f 943/943/943 944/944/944 950/950/950
f 943/943/943 950/950/950 949/949/949
f 944/944/944 945/945/945 951/951/951
f 944/944/944 951/951/951 950/950/950
f 945/945/945 946/946/946 952/952/952
f 945/945/945 952/952/952 951/951/951
f 946/946/946 941/941/941 947/947/947
f 946/946/946 947/947/947 952/952/952
f 947/947/947 948/948/948 954/954/954
f 947/947/947 954/954/954 953/953/953
f 948/948/948 949/949/949 955/955/955
f 948/948/948 955/955/955 954/954/954
f 949/949/949 950/950/950 956/956/956
f 949/949/949 956/956/956 955/955/955
f 950/950/950 951/951/951 957/957/957
f 950/950/950 957/957/957 956/956/956
f 951/951/951 952/952/952 958/958/958
f 951/951/951 958/958/958 957/957/957
f 952/952/952 947/947/947 953/953/953
f 952/952/952 953/953/953 958/958/958
f 953/953/953 954/954/954 960/960/960
f 953/953/953 960/960/960 959/959/959
f 954/954/954 955/955/955 961/961/961
f 954/954/954 961/961/961 960/960/960
f 955/955/955 956/956/956 962/962/962
f 955/955/955 962/962/962 961/961/961
f 956/956/956 957/957/957 963/963/963
f 956/956/956 963/963/963 962/962/962
f 957/957/957 958/958/958 964/964/964
f 957/957/957 964/964/964 963/963/963
f 958/958/958 953/953/953 959/959/959
f 958/958/958 959/959/959 964/964/964
f 959/959/959 960/960/960 966/966/966
f 959/959/959 966/966/966 965/965/965
f 960/960/960 961/961/961 967/967/967
f 960/960/960 967/967/967 966/966/966
f 961/961/961 962/962/962 968/968/968
f 961/961/961 968/968/968 967/967/967
f 962/962/962 963/963/963 969/969/969
f 962/962/962 969/969/969 968/968/968
f 963/963/963 964/964/964 970/970/970
f 963/963/963 970/970/970 969/969/969
f 964/964/964 959/959/959 965/965/965
f 964/964/964 965/965/965 970/970/970
f 965/965/965 966/966/966 972/972/972
f 965/965/965 972/972/972 971/971/971
f 966/966/966 967/967/967 973/973/973
f 966/966/966 973/973/973 972/972/972
f 967/967/967 968/968/968 974/974/974
f 967/967/967 974/974/974 973/973/973
f 968/968/968 969/969/969 975/975/975
f 968/968/968 975/975/975 974/974/974
f 969/969/969 970/970/970 976/976/976
f 969/969/969 976/976/976 975/975/975
f 970/970/970 965/965/965 971/971/971
f 970/970/970 971/971/971 976/976/976
f 971/971/971 972/972/972 978/978/978
f 971/971/971 978/978/978 977/977/977
f 972/972/972 973/973/973 979/979/979
f 972/972/972 979/979/979 978/978/978
f 973/973/973 974/974/974 980/980/980
f 973/973/973 980/980/980 979/979/979
f 974/974/974 975/975/975 981/981/981
f 974/974/974 981/981/981 980/980/980
f 975/975/975 976/976/976 982/982/982
f 975/975/975 982/982/982 981/981/981
f 976/976/976 971/971/971 977/977/977
f 976/976/976 977/977/977 982/982/982
f 977/977/977 978/978/978 984/984/984
f 977/977/977 984/984/984 983/983/983
f 978/978/978 979/979/979 985/985/985
f 978/978/978 985/985/985 984/984/984
f 979/979/979 980/980/980 986/986/986
f 979/979/979 986/986/986 985/985/985
f 980/980/980 981/981/981 987/987/987
f 980/980/980 987/987/987 986/986/986
f 981/981/981 982/982/982 988/988/988
f 981/981/981 988/988/988 987/987/987
f 982/982/982 977/977/977 983/983/983
f 982/982/982 983/983/983 988/988/988
f 983/983/983 984/984/984 990/990/990
f 983/983/983 990/990/990 989/989/989
f 984/984/984 985/985/985 991/991/991
f 984/984/984 991/991/991 990/990/990
f 985/985/985 986/986/986 992/992/992
f 985/985/985 992/992/992 991/991/991
f 986/986/986 987/987/987 993/993/993
f 986/986/986 993/993/993 992/992/992
f 987/987/987 988/988/988 994/994/994
f 987/987/987 994/994/994 993/993/993
f 988/988/988 983/983/983 989/989/989
f 988/988/988 989/989/989 994/994/994
f 989/989/989 990/990/990 996/996/996
f 989/989/989 996/996/996 995/995/995
f 990/990/990 991/991/991 997/997/997
f 990/990/990 997/997/997 996/996/996
f 991/991/991 992/992/992 998/998/998
f 991/991/991 998/998/998 997/997/997
f 992/992/992 993/993/993 999/999/999
f 992/992/992 999/999/999 998/998/998
f 993/993/993 994/994/994 1000/1000/1000
f 993/993/993 1000/1000/1000 999/999/999
f 994/994/994 989/989/989 995/995/995
f 994/994/994 995/995/995 1000/1000/1000
f 995/995/995 996/996/996 1002/1002/1002
f 995/995/995 1002/1002/1002 1001/1001/1001
f 996/996/996 997/997/997 1003/1003/1003
f 996/996/996 1003/1003/1003 1002/1002/1002
f 997/997/997 998/998/998 1004/1004/1004
f 997/997/997 1004/1004/1004 1003/1003/1003
f 998/998/998 999/999/999 1005/1005/1005
f 998/998/998 1005/1005/1005 1004/1004/1004
f 999/999/999 1000/1000/1000 1006/1006/1006
f 999/999/999 1006/1006/1006 1005/1005/1005
f 1000/1000/1000 995/995/995 1001/1001/1001
f 1000/1000/1000 1001/1001/1001 1006/1006/1006
f 809/809/809 811/811/811 810/810/810
f 1001/1001/1001 1002/1002/1002 1003/1003/1003
f 809/809/809 812/812/812 811/811/811
f 1001/1001/1001 1003/1003/1003 1004/1004/1004
f 809/809/809 813/813/813 812/812/812
f 1001/1001/1001 1004/1004/1004 1005/1005/1005
f 809/809/809 814/814/814 813/813/813
f 1001/1001/1001 1005/1005/1005 1006/1006/1006
f 1007/1007/1007 1008/1008/1008 1014/1014/1014
f 1007/1007/1007 1014/1014/1014 1013/1013/1013
f 1008/1008/1008 1009/1009/1009 1015/1015/1015
f 1008/1008/1008 1015/1015/1015 1014/1014/1014
f 1009/1009/1009 1010/1010/1010 1016/1016/1016
f 1009/1009/1009 1016/1016/1016 1015/1015/1015
f 1010/1010/1010 1011/1011/1011 1017/1017/1017
f 1010/1010/1010 1017/1017/1017 1016/1016/1016
f 1011/1011/1011 1012/1012/1012 1018/1018/1018
f 1011/1011/1011 1018/1018/1018 1017/1017/1017
f 1012/1012/1012 1007/1007/1007 1013/1013/1013
f 1012/1012/1012 1013/1013/1013 1018/1018/1018
f 1013/1013/1013 1014/1014/1014 1020/1020/1020
f 1013/1013/1013 1020/1020/1020 1019/1019/1019
f 1014/1014/1014 1015/1015/1015 1021/1021/1021
f 1014/1014/1014 1021/1021/1021 1020/1020/1020
f 1015/1015/1015 1016/1016/1016 1022/1022/1022
f 1015/1015/1015 1022/1022/1022 1021/1021/1021
f 1016/1016/1016 1017/1017/1017 1023/1023/1023
f 1016/1016/1016 1023/1023/1023 1022/1022/1022
f 1017/1017/1017 1018/1018/1018 1024/1024/1024
f 1017/1017/1017 1024/1024/1024 1023/1023/1023
f 1018/1018/1018 1013/1013/1013 1019/1019/1019
f 1018/1018/1018 1019/1019/1019 1024/1024/1024
f 1019/1019/1019 1020/1020/1020 1026/1026/1026
f 1019/1019/1019 1026/1026/1026 1025/1025/1025
f 1020/1020/1020 1021/1021/1021 1027/1027/1027
f 1020/1020/1020 1027/1027/1027 1026/1026/1026
f 1021/1021/1021 1022/1022/1022 1028/1028/1028
f 1021/1021/1021 1028/1028/1028 1027/1027/1027
f 1022/1022/1022 1023/1023/1023 1029/1029/1029
f 1022/1022/1022 1029/1029/1029 1028/1028/1028
f 1023/1023/1023 1024/1024/1024 1030/1030/1030
f 1023/1023/1023 1030/1030/1030 1029/1029/1029
f 1024/1024/1024 1019/1019/1019 1025/1025/1025
f 1024/1024/1024 1025/1025/1025 1030/1030/1030
f 1025/1025/1025 1026/1026/1026 1032/1032/1032
f 1025/1025/1025 1032/1032/1032 1031/1031/1031
f 1026/1026/1026 1027/1027/1027 1033/1033/1033
f 1026/1026/1026 1033/1033/1033 1032/1032/1032
f 1027/1027/1027 1028/1028/1028 1034/1034/1034
f 1027/1027/1027 1034/1034/1034 1033/1033/1033
f 1028/1028/1028 1029/1029/1029 1035/1035/1035
f 1028/1028/1028 1035/1035/1035 1034/1034/1034
f 1029/1029/1029 1030/1030/1030 1036/1036/1036
f 1029/1029/1029 1036/1036/1036 1035/1035/1035
f 1030/1030/1030 1025/1025/1025 1031/1031/1031
f 1030/1030/1030 1031/1031/1031 1036/1036/1036
f 1031/1031/1031 1032/1032/1032 1038/1038/1038
f 1031/1031/1031 1038/1038/1038 1037/1037/1037
f 1032/1032/1032 1033/1033/1033 1039/1039/1039
f 1032/1032/1032 1039/1039/1039 1038/1038/1038
f 1033/1033/1033 1034/1034/1034 1040/1040/1040
f 1033/1033/1033 1040/1040/1040 1039/1039/1039
f 1034/1034/1034 1035/1035/1035 1041/1041/1041
f 1034/1034/1034 1041/1041/1041 1040/1040/1040
f 1035/1035/1035 1036/1036/1036 1042/1042/1042
f 1035/1035/1035 1042/1042/1042 1041/1041/1041
f 1036/1036/1036 1031/1031/1031 1037/1037/1037
f 1036/1036/1036 1037/1037/1037 1042/1042/1042
f 1037/1037/1037 1038/1038/1038 1044/1044/1044
f 1037/1037/1037 1044/1044/1044 1043/1043/1043
f 1038/1038/1038 1039/1039/1039 1045/1045/1045
f 1038/1038/1038 1045/1045/1045 1044/1044/1044
f 1039/1039/1039 1040/1040/1040 1046/1046/1046
f 1039/1039/1039 1046/1046/1046 1045/1045/1045
f 1040/1040/1040 1041/1041/1041 1047/1047/1047
f 1040/1040/1040 1047/1047/1047 1046/1046/1046
f 1041/1041/1041 1042/1042/1042 1048/1048/1048
f 1041/1041/1041 1048/1048/1048 1047/1047/1047
f 1042/1042/1042 1037/1037/1037 1043/1043/1043
f 1042/1042/1042 1043/1043/1043 1048/1048/1048
f 1043/1043/1043 1044/1044/1044 1050/1050/1050
f 1043/1043/1043 1050/1050/1050 1049/1049/1049
f 1044/1044/1044 1045/1045/1045 1051/1051/1051
f 1044/1044/1044 1051/1051/1051 1050/1050/1050
f 1045/1045/1045 1046/1046/1046 1052/1052/1052
f 1045/1045/1045 1052/1052/1052 1051/1051/1051
f 1046/1046/1046 1047/1047/1047 1053/1053/1053
f 1046/1046/1046 1053/1053/1053 1052/1052/1052
f 1047/1047/1047 1048/1048/1048 1054/1054/1054
f 1047/1047/1047 1054/1054/1054 1053/1053/1053
f 1048/1048/1048 1043/1043/1043 1049/1049/1049
f 1048/1048/1048 1049/1049/1049 1054/1054/1054
f 1049/1049/1049 1050/1050/1050 1056/1056/1056
f 1049/1049/1049 1056/1056/1056 1055/1055/1055
f 1050/1050/1050 1051/1051/1051 1057/1057/1057
f 1050/1050/1050 1057/1057/1057 1056/1056/1056
f 1051/1051/1051 1052/1052/1052 1058/1058/1058
f 1051/1051/1051 1058/1058/1058 1057/1057/1057
f 1052/1052/1052 1053/1053/1053 1059/1059/1059
f 1052/1052/1052 1059/1059/1059 1058/1058/1058
f 1053/1053/1053 1054/1054/1054 1060/1060/1060
f 1053/1053/1053 1060/1060/1060 1059/1059/1059
f 1054/1054/1054 1049/1049/1049 1055/1055/1055
f 1054/1054/1054 1055/1055/1055 1060/1060/1060
f 1055/1055/1055 1056/1056/1056 1062/1062/1062
f 1055/1055/1055 1062/1062/1062 1061/1061/1061
f 1056/1056/1056 1057/1057/1057 1063/1063/1063
f 1056/1056/1056 1063/1063/1063 1062/1062/1062
f 1057/1057/1057 1058/1058/1058 1064/1064/1064
f 1057/1057/1057 1064/1064/1064 1063/1063/1063
f 1058/1058/1058 1059/1059/1059 1065/1065/1065
f 1058/1058/1058 1065/1065/1065 1064/1064/1064
f 1059/1059/1059 1060/1060/1060 1066/1066/1066
f 1059/1059/1059 1066/1066/1066 1065/1065/1065
f 1060/1060/1060 1055/1055/1055 1061/1061/1061
f 1060/1060/1060 1061/1061/1061 1066/1066/1066
f 1061/1061/1061 1062/1062/1062 1068/1068/1068
f 1061/1061/1061 1068/1068/1068 1067/1067/1067
f 1062/1062/1062 1063/1063/1063 1069/1069/1069
f 1062/1062/1062 1069/1069/1069 1068/1068/1068
f 1063/1063/1063 1064/1064/1064 1070/1070/1070
f 1063/1063/1063 1070/1070/1070 1069/1069/1069
f 1064/1064/1064 1065/1065/1065 1071/1071/1071
f 1064/1064/1064 1071/1071/1071 1070/1070/1070
f 1065/1065/1065 1066/1066/1066 1072/1072/1072
f 1065/1065/1065 1072/1072/1072 1071/1071/1071
f 1066/1066/1066 1061/1061/1061 1067/1067/1067
f 1066/1066/1066 1067/1067/1067 1072/1072/1072
f 1067/1067/1067 1068/1068/1068 1074/1074/1074
f 1067/1067/1067 1074/1074/1074 1073/1073/1073
f 1068/1068/1068 1069/1069/1069 1075/1075/1075
f 1068/1068/1068 1075/1075/1075 1074/1074/1074
f 1069/1069/1069 1070/1070/1070 1076/1076/1076
f 1069/1069/1069 1076/1076/1076 1075/1075/1075
f 1070/1070/1070 1071/1071/1071 1077/1077/1077
f 1070/1070/1070 1077/1077/1077 1076/1076/1076
f 1071/1071/1071 1072/1072/1072 1078/1078/1078
f 1071/1071/1071 1078/1078/1078 1077/1077/1077
f 1072/1072/1072 1067/1067/1067 1073/1073/1073
f 1072/1072/1072 1073/1073/1073 1078/1078/1078
f 1073/1073/1073 1074/1074/1074 1080/1080/1080
f 1073/1073/1073 1080/1080/1080 1079/1079/1079
f 1074/1074/1074 1075/1075/1075 1081/1081/1081
f 1074/1074/1074 1081/1081/1081 1080/1080/1080
f 1075/1075/1075 1076/1076/1076 1082/1082/1082
f 1075/1075/1075 1082/1082/1082 1081/1081/1081
f 1076/1076/1076 1077/1077/1077 1083/1083/1083
f 1076/1076/1076 1083/1083/1083 1082/1082/1082
f 1077/1077/1077 1078/1078/1078 1084/1084/1084
f 1077/1077/1077 1084/1084/1084 1083/1083/1083
f 1078/1078/1078 1073/1073/1073 1079/1079/1079
f 1078/1078/1078 1079/1079/1079 1084/1084/1084
f 1079/1079/1079 1080/1080/1080 1086/1086/1086
f 1079/1079/1079 1086/1086/1086 1085/1085/1085
f 1080/1080/1080 1081/1081/1081 1087/1087/1087
f 1080/1080/1080 1087/1087/1087 1086/1086/1086
f 1081/1081/1081 1082/1082/1082 1088/1088/1088
f 1081/1081/1081 1088/1088/1088 1087/1087/1087
f 1082/1082/1082 1083/1083/1083 1089/1089/1089
f 1082/1082/1082 1089/1089/1089 1088/1088/1088
f 1083/1083/1083 1084/1084/1084 1090/1090/1090
f 1083/1083/1083 1090/1090/1090 1089/1089/1089
f 1084/1084/1084 1079/1079/1079 1085/1085/1085
f 1084/1084/1084 1085/1085/1085 1090/1090/1090
f 1085/1085/1085 1086/1086/1086 1092/1092/1092
f 1085/1085/1085 1092/1092/1092 1091/1091/1091
f 1086/1086/1086 1087/1087/1087 1093/1093/1093
f 1086/1086/1086 1093/1093/1093 1092/1092/1092
f 1087/1087/1087 1088/1088/1088 1094/1094/1094
f 1087/1087/1087 1094/1094/1094 1093/1093/1093
f 1088/1088/1088 1089/1089/1089 1095/1095/1095
f 1088/1088/1088 1095/1095/1095 1094/1094/1094
f 1089/1089/1089 1090/1090/1090 1096/1096/1096
f 1089/1089/1089 1096/1096/1096 1095/1095/1095
f 1090/1090/1090 1085/1085/1085 1091/1091/1091
f 1090/1090/1090 1091/1091/1091 1096/1096/1096
f 1091/1091/1091 1092/1092/1092 1098/1098/1098
f 1091/1091/1091 1098/1098/1098 1097/1097/1097
f 1092/1092/1092 1093/1093/1093 1099/1099/1099
f 1092/1092/1092 1099/1099/1099 1098/1098/1098
f 1093/1093/1093 1094/1094/1094 1100/1100/1100
f 1093/1093/1093 1100/1100/1100 1099/1099/1099
f 1094/1094/1094 1095/1095/1095 1101/1101/1101
f 1094/1094/1094 1101/1101/1101 1100/1100/1100
f 1095/1095/1095 1096/1096/1096 1102/1102/1102
f 1095/1095/1095 1102/1102/1102 1101/1101/1101
f 1096/1096/1096 1091/1091/1091 1097/1097/1097
f 1096/1096/1096 1097/1097/1097 1102/1102/1102
f 1097/1097/1097 1098/1098/1098 1104/1104/1104
f 1097/1097/1097 1104/1104/1104 1103/1103/1103
f 1098/1098/1098 1099/1099/1099 1105/1105/1105
f 1098/1098/1098 1105/1105/1105 1104/1104/1104
f 1099/1099/1099 1100/1100/1100 1106/1106/1106
f 1099/1099/1099 1106/1106/1106 1105/1105/1105
f 1100/1100/1100 1101/1101/1101 1107/1107/1107
f 1100/1100/1100 1107/1107/1107 1106/1106/1106
f 1101/1101/1101 1102/1102/1102 1108/1108/1108
f 1101/1101/1101 1108/1108/1108 1107/1107/1107
f 1102/1102/1102 1097/1097/1097 1103/1103/1103
f 1102/1102/1102 1103/1103/1103 1108/1108/1108
f 1103/1103/1103 1104/1104/1104 1110/1110/1110
f 1103/1103/1103 1110/1110/1110 1109/1109/1109
f 1104/1104/1104 1105/1105/1105 1111/1111/1111
f 1104/1104/1104 1111/1111/1111 1110/1110/1110
f 1105/1105/1105 1106/1106/1106 1112/1112/1112
f 1105/1105/1105 1112/1112/1112 1111/1111/1111
f 1106/1106/1106 1107/1107/1107 1113/1113/1113
f 1106/1106/1106 1113/1113/1113 1112/1112/1112
f 1107/1107/1107 1108/1108/1108 1114/1114/1114
f 1107/1107/1107 1114/1114/1114 1113/1113/1113
f 1108/1108/1108 1103/1103/1103 1109/1109/1109
f 1108/1108/1108 1109/1109/1109 1114/1114/1114
f 1109/1109/1109 1110/1110/1110 1116/1116/1116
f 1109/1109/1109 1116/1116/1116 1115/1115/1115
f 1110/1110/1110 1111/1111/1111 1117/1117/1117
f 1110/1110/1110 1117/1117/1117 1116/1116/1116
f 1111/1111/1111 1112/1112/1112 1118/1118/1118
f 1111/1111/1111 1118/1118/1118 1117/1117/1117
f 1112/1112/1112 1113/1113/1113 1119/1119/1119
f 1112/1112/1112 1119/1119/1119 1118/1118/1118
f 1113/1113/1113 1114/1114/1114 1120/1120/1120
f 1113/1113/1113 1120/1120/1120 1119/1119/1119
f 1114/1114/1114 1109/1109/1109 1115/1115/1115
f 1114/1114/1114 1115/1115/1115 1120/1120/1120
f 1115/1115/1115 1116/1116/1116 1122/1122/1122
f 1115/1115/1115 1122/1122/1122 1121/1121/1121
f 1116/1116/1116 1117/1117/1117 1123/1123/1123
f 1116/1116/1116 1123/1123/1123 1122/1122/1122
f 1117/1117/1117 1118/1118/1118 1124/1124/1124
f 1117/1117/1117 1124/1124/1124 1123/1123/1123
f 1118/1118/1118 1119/1119/1119 1125/1125/1125
f 1118/1118/1118 1125/1125/1125 1124/1124/1124
f 1119/1119/1119 1120/1120/1120 1126/1126/1126
f 1119/1119/1119 1126/1126/1126 1125/1125/1125
f 1120/1120/1120 1115/1115/1115 1121/1121/1121
f 1120/1120/1120 1121/1121/1121 1126/1126/1126
f 1121/1121/1121 1122/1122/1122 1128/1128/1128
f 1121/1121/1121 1128/1128/1128 1127/1127/1127
f 1122/1122/1122 1123/1123/1123 1129/1129/1129
f 1122/1122/1122 1129/1129/1129 1128/1128/1128
f 1123/1123/1123 1124/1124/1124 1130/1130/1130
f 1123/1123/1123 1130/1130/1130 1129/1129/1129
f 1124/1124/1124 1125/1125/1125 1131/1131/1131
f 1124/1124/1124 1131/1131/1131 1130/1130/1130
f 1125/1125/1125 1126/1126/1126 1132/1132/1132
f 1125/1125/1125 1132/1132/1132 1131/1131/1131
f 1126/1126/1126 1121/1121/1121 1127/1127/1127
f 1126/1126/1126 1127/1127/1127 1132/1132/1132
f 1127/1127/1127 1128/1128/1128 1134/1134/1134
f 1127/1127/1127 1134/1134/1134 1133/1133/1133
f 1128/1128/1128 1129/1129/1129 1135/1135/1135
f 1128/1128/1128 1135/1135/1135 1134/1134/1134
f 1129/1129/1129 1130/1130/1130 1136/1136/1136
f 1129/1129/1129 1136/1136/1136 1135/1135/1135
f 1130/1130/1130 1131/1131/1131 1137/1137/1137
f 1130/1130/1130 1137/1137/1137 1136/1136/1136
f 1131/1131/1131 1132/1132/1132 1138/1138/1138
f 1131/1131/1131 1138/1138/1138 1137/1137/1137
f 1132/1132/1132 1127/1127/1127 1133/1133/1133
f 1132/1132/1132 1133/1133/1133 1138/1138/1138
f 1133/1133/1133 1134/1134/1134 1140/1140/1140
f 1133/1133/1133 1140/1140/1140 1139/1139/1139
f 1134/1134/1134 1135/1135/1135 1141/1141/1141
f 1134/1134/1134 1141/1141/1141 1140/1140/1140
f 1135/1135/1135 1136/1136/1136 1142/1142/1142
f 1135/1135/1135 1142/1142/1142 1141/1141/1141
f 1136/1136/1136 1137/1137/1137 1143/1143/1143
f 1136/1136/1136 1143/1143/1143 1142/1142/1142
f 1137/1137/1137 1138/1138/1138 1144/1144/1144
f 1137/1137/1137 1144/1144/1144 1143/1143/1143
f 1138/1138/1138 1133/1133/1133 1139/1139/1139
f 1138/1138/1138 1139/1139/1139 1144/1144/1144
f 1139/1139/1139 1140/1140/1140 1146/1146/1146
f 1139/1139/1139 1146/1146/1146 1145/1145/1145
f 1140/1140/1140 1141/1141/1141 1147/1147/1147
f 1140/1140/1140 1147/1147/1147 1146/1146/1146
f 1141/1141/1141 1142/1142/1142 1148/1148/1148
f 1141/1141/1141 1148/1148/1148 1147/1147/1147
f 1142/1142/1142 1143/1143/1143 1149/1149/1149
f 1142/1142/1142 1149/1149/1149 1148/1148/1148
f 1143/1143/1143 1144/1144/1144 1150/1150/1150
f 1143/1143/1143 1150/1150/1150 1149/1149/1149
f 1144/1144/1144 1139/1139/1139 1145/1145/1145
f 1144/1144/1144 1145/1145/1145 1150/1150/1150
f 1145/1145/1145 1146/1146/1146 1152/1152/1152
f 1145/1145/1145 1152/1152/1152 1151/1151/1151
f 1146/1146/1146 1147/1147/1147 1153/1153/1153
f 1146/1146/1146 1153/1153/1153 1152/1152/1152
f 1147/1147/1147 1148/1148/1148 1154/1154/1154
f 1147/1147/1147 1154/1154/1154 1153/1153/1153
f 1148/1148/1148 1149/1149/1149 1155/1155/1155
f 1148/1148/1148 1155/1155/1155 1154/1154/1154
f 1149/1149/1149 1150/1150/1150 1156/1156/1156
f 1149/1149/1149 1156/1156/1156 1155/1155/1155
f 1150/1150/1150 1145/1145/1145 1151/1151/1151
f 1150/1150/1150 1151/1151/1151 1156/1156/1156
f 1151/1151/1151 1152/1152/1152 1158/1158/1158
f 1151/1151/1151 1158/1158/1158 1157/1157/1157
f 1152/1152/1152 1153/1153/1153 1159/1159/1159
f 1152/1152/1152 1159/1159/1159 1158/1158/1158
f 1153/1153/1153 1154/1154/1154 1160/1160/1160
f 1153/1153/1153 1160/1160/1160 1159/1159/1159
f 1154/1154/1154 1155/1155/1155 1161/1161/1161
f 1154/1154/1154 1161/1161/1161 1160/1160/1160
f 1155/1155/1155 1156/1156/1156 1162/1162/1162
f 1155/1155/1155 1162/1162/1162 1161/1161/1161
f 1156/1156/1156 1151/1151/1151 1157/1157/1157
f 1156/1156/1156 1157/1157/1157 1162/1162/1162
f 1157/1157/1157 1158/1158/1158 1164/1164/1164
f 1157/1157/1157 1164/1164/1164 1163/1163/1163
f 1158/1158/1158 1159/1159/1159 1165/1165/1165
f 1158/1158/1158 1165/1165/1165 1164/1164/1164
f 1159/1159/1159 1160/1160/1160 1166/1166/1166
f 1159/1159/1159 1166/1166/1166 1165/1165/1165
f 1160/1160/1160 1161/1161/1161 1167/1167/1167
f 1160/1160/1160 1167/1167/1167 1166/1166/1166
f 1161/1161/1161 1162/1162/1162 1168/1168/1168
f 1161/1161/1161 1168/1168/1168 1167/1167/1167
f 1162/1162/1162 1157/1157/1157 1163/1163/1163
f 1162/1162/1162 1163/1163/1163 1168/1168/1168
f 1163/1163/1163 1164/1164/1164 1170/1170/1170
f 1163/1163/1163 1170/1170/1170 1169/1169/1169
f 1164/1164/1164 1165/1165/1165 1171/1171/1171
f 1164/1164/1164 1171/1171/1171 1170/1170/1170
f 1165/1165/1165 1166/1166/1166 1172/1172/1172
f 1165/1165/1165 1172/1172/1172 1171/1171/1171
f 1166/1166/1166 1167/1167/1167 1173/1173/1173
f 1166/1166/1166 1173/1173/1173 1172/1172/1172
f 1167/1167/1167 1168/1168/1168 1174/1174/1174
f 1167/1167/1167 1174/1174/1174 1173/1173/1173
f 1168/1168/1168 1163/1163/1163 1169/1169/1169
f 1168/1168/1168 1169/1169/1169 1174/1174/1174
f 1169/1169/1169 1170/1170/1170 1176/1176/1176
f 1169/1169/1169 1176/1176/1176 1175/1175/1175
f 1170/1170/1170 1171/1171/1171 1177/1177/1177
f 1170/1170/1170 1177/1177/1177 1176/1176/1176
f 1171/1171/1171 1172/1172/1172 1178/1178/1178
f 1171/1171/1171 1178/1178/1178 1177/1177/1177
f 1172/1172/1172 1173/1173/1173 1179/1179/1179
f 1172/1172/1172 1179/1179/1179 1178/1178/1178
f 1173/1173/1173 1174/1174/1174 1180/1180/1180
f 1173/1173/1173 1180/1180/1180 1179/1179/1179
f 1174/1174/1174 1169/1169/1169 1175/1175/1175
f 1174/1174/1174 1175/1175/1175 1180/1180/1180
f 1175/1175/1175 1176/1176/1176 1182/1182/1182
f 1175/1175/1175 1182/1182/1182 1181/1181/1181
f 1176/1176/1176 1177/1177/1177 1183/1183/1183
f 1176/1176/1176 1183/1183/1183 1182/1182/1182
f 1177/1177/1177 1178/1178/1178 1184/1184/1184
f 1177/1177/1177 1184/1184/1184 1183/1183/1183
f 1178/1178/1178 1179/1179/1179 1185/1185/1185
f 1178/1178/1178 1185/1185/1185 1184/1184/1184
f 1179/1179/1179 1180/1180/1180 1186/1186/1186
f 1179/1179/1179 1186/1186/1186 1185/1185/1185
f 1180/1180/1180 1175/1175/1175 1181/1181/1181
f 1180/1180/1180 1181/1181/1181 1186/1186/1186
f 1181/1181/1181 1182/1182/1182 1188/1188/1188
f 1181/1181/1181 1188/1188/1188 1187/1187/1187
f 1182/1182/1182 1183/1183/1183 1189/1189/1189
f 1182/1182/1182 1189/1189/1189 1188/1188/1188
f 1183/1183/1183 1184/1184/1184 1190/1190/1190
f 1183/1183/1183 1190/1190/1190 1189/1189/1189
f 1184/1184/1184 1185/1185/1185 1191/1191/1191
f 1184/1184/1184 1191/1191/1191 1190/1190/1190
f 1185/1185/1185 1186/1186/1186 1192/1192/1192
f 1185/1185/1185 1192/1192/1192 1191/1191/1191
f 1186/1186/1186 1181/1181/1181 1187/1187/1187
f 1186/1186/1186 1187/1187/1187 1192/1192/1192
f 1187/1187/1187 1188/1188/1188 1194/1194/1194
f 1187/1187/1187 1194/1194/1194 1193/1193/1193
f 1188/1188/1188 1189/1189/1189 1195/1195/1195
f 1188/1188/1188 1195/1195/1195 1194/1194/1194
f 1189/1189/1189 1190/1190/1190 1196/1196/1196
f 1189/1189/1189 1196/1196/1196 1195/1195/1195
f 1190/1190/1190 1191/1191/1191 1197/1197/1197
f 1190/1190/1190 1197/1197/1197 1196/1196/1196
f 1191/1191/1191 1192/1192/1192 1198/1198/1198
f 1191/1191/1191 1198/1198/1198 1197/1197/1197
f 1192/1192/1192 1187/1187/1187 1193/1193/1193
f 1192/1192/1192 1193/1193/1193 1198/1198/1198
f 1193/1193/1193 1194/1194/1194 1200/1200/1200
f 1193/1193/1193 1200/1200/1200 1199/1199/1199
f 1194/1194/1194 1195/1195/1195 1201/1201/1201
f 1194/1194/1194 1201/1201/1201 1200/1200/1200
f 1195/1195/1195 1196/1196/1196 1202/1202/1202
f 1195/1195/1195 1202/1202/1202 1201/1201/1201
f 1196/1196/1196 1197/1197/1197 1203/1203/1203
f 1196/1196/1196 1203/1203/1203 1202/1202/1202
f 1197/1197/1197 1198/1198/1198 1204/1204/1204
f 1197/1197/1197 1204/1204/1204 1203/1203/1203
f 1198/1198/1198 1193/1193/1193 1199/1199/1199
f 1198/1198/1198 1199/1199/1199 1204/1204/1204
f 1007/1007/1007 1009/1009/1009 1008/1008/1008
f 1199/1199/1199 1200/1200/1200 1201/1201/1201
f 1007/1007/1007 1010/1010/1010 1009/1009/1009
f 1199/1199/1199 1201/1201/1201 1202/1202/1202
f 1007/1007/1007 1011/1011/1011 1010/1010/1010
f 1199/1199/1199 1202/1202/1202 1203/1203/1203
f 1007/1007/1007 1012/1012/1012 1011/1011/1011
f 1199/1199/1199 1203/1203/1203 1204/1204/1204
