# Reference-led flame ribbon, Y up, longitudinal flow UVs
o spiral_03_v13
v -2.6254804 0.0813016 -6.0008169
v -2.6253831 0.0809204 -6.0007485
v -2.6251988 0.0800000 -6.0007612
v -2.6250073 0.0789303 -6.0008555
v -2.6249489 0.0784873 -6.0009682
v -2.6250578 0.0789303 -6.0010333
v -2.6252704 0.0800000 -6.0010126
v -2.6254337 0.0809204 -6.0009263
v -2.3592928 0.1976811 -6.0768415
v -2.3547875 0.1798104 -6.0735000
v -2.3461121 0.1366667 -6.0738886
v -2.3367354 0.0850561 -6.0781996
v -2.3337632 0.0636783 -6.0834877
v -2.3389366 0.0850561 -6.0866552
v -2.3492252 0.1366667 -6.0858467
v -2.3569888 0.1798104 -6.0819557
v -2.0863345 0.2875071 -6.1420492
v -2.0795888 0.2599242 -6.1365544
v -2.0661222 0.1933333 -6.1365474
v -2.0509095 0.1116802 -6.1426521
v -2.0457759 0.0778583 -6.1506727
v -2.0537286 0.1116802 -6.1559110
v -2.0701090 0.1933333 -6.1552983
v -2.0824079 0.2599242 -6.1498132
v -1.8103423 0.3681371 -6.1951968
v -1.8021657 0.3335355 -6.1879196
v -1.7852123 0.2500000 -6.1871551
v -1.7653007 0.1454869 -6.1940330
v -1.7582073 0.1021962 -6.2038425
v -1.7680873 0.1454869 -6.2108372
v -1.7891532 0.2500000 -6.2109198
v -1.8049524 0.3335355 -6.2047238
v -1.5325503 0.4432409 -6.2359840
v -1.5234512 0.4032392 -6.2271745
v -1.5038218 0.3066667 -6.2254250
v -1.4799861 0.1839932 -6.2323801
v -1.4710814 0.1331802 -6.2433459
v -1.4823238 0.1839932 -6.2518987
v -1.5071277 0.3066667 -6.2530284
v -1.5257889 0.4032392 -6.2466930
v -1.2547727 0.5191736 -6.2642221
v -1.2448143 0.4735291 -6.2537723
v -1.2224244 0.3633333 -6.2507996
v -1.1944770 0.2219403 -6.2575087
v -1.1835851 0.1633733 -6.2695062
v -1.1961290 0.2219403 -6.2797640
v -1.2247607 0.3633333 -6.2822734
v -1.2464662 0.4735291 -6.2760276
v -0.9790525 0.6032098 -6.2799706
v -0.9678611 0.5495489 -6.2672812
v -0.9415978 0.4200000 -6.2626529
v -0.9080930 0.2529658 -6.2690163
v -0.8945276 0.1837779 -6.2824245
v -0.9088480 0.2529658 -6.2950231
v -0.9426655 0.4200000 -6.2994320
v -0.9686162 0.5495489 -6.2932879
v -0.7068092 0.6994405 -6.2835719
v -0.6938415 0.6341915 -6.2677227
v -0.6620341 0.4766667 -6.2607347
v -0.6207975 0.2736185 -6.2665539
v -0.6035094 0.1895132 -6.2819190
v -0.6202971 0.2736185 -6.2978294
v -0.6613264 0.4766667 -6.3049649
v -0.6933410 0.6341915 -6.2989982
v -0.4381445 0.8055574 -6.2754702
v -0.4230881 0.7258248 -6.2556703
v -0.3844420 0.5333333 -6.2454904
v -0.3338023 0.2865100 -6.2502196
v -0.3118753 0.1842724 -6.2677617
v -0.3315056 0.2865100 -6.2878409
v -0.3811940 0.5333333 -6.2986949
v -0.4207914 0.7258248 -6.2932916
v -0.1718207 0.9128767 -6.2559171
v -0.1549000 0.8183083 -6.2320034
v -0.1094013 0.5900000 -6.2180071
v -0.0494514 0.3001415 -6.2207958
v -0.0226939 0.1800782 -6.2400671
v -0.0448029 0.3001415 -6.2645323
v -0.1028272 0.5900000 -6.2798599
v -0.1502514 0.8183083 -6.2757399
v 0.0939575 1.0101241 -6.2247895
v 0.1119562 0.9036699 -6.1974660
v 0.1627103 0.6466667 -6.1795716
v 0.2296396 0.3249984 -6.1795909
v 0.2603870 0.1917590 -6.1995103
v 0.2369411 0.3249984 -6.2276612
v 0.1730361 0.6466667 -6.2475532
v 0.1192576 0.9036699 -6.2455363
v 0.3603216 1.0892567 -6.1816992
v 0.3783307 0.9762224 -6.1523263
v 0.4316445 0.7033333 -6.1310781
v 0.5017103 0.3679416 -6.1278908
v 0.5348067 0.2290177 -6.1471422
v 0.5115464 0.3679416 -6.1775552
v 0.4455549 0.7033333 -6.2013142
v 0.3881668 0.9762224 -6.2019907
v 0.6267687 1.1501313 -6.1263722
v 0.6438735 1.0358645 -6.0963684
v 0.6970988 0.7600000 -6.0726379
v 0.7665541 0.4282257 -6.0663167
v 0.8002652 0.2908003 -6.0838727
v 0.7784848 0.4282257 -6.1150219
v 0.7139714 0.7600000 -6.1415174
v 0.6558042 1.0358645 -6.1450735
v 0.8910605 1.2011102 -6.0590522
v 0.9068445 1.0885093 -6.0292190
v 0.9585492 0.8166667 -6.0036360
v 1.0253360 0.4977092 -5.9945226
v 1.0586328 0.3655927 -6.0099841
v 1.0389347 0.4977092 -6.0409634
v 0.9777806 0.8166667 -6.0693133
v 0.9204432 1.0885093 -6.0756598
v 1.1501493 1.2547846 -5.9806055
v 1.1647585 1.1430601 -5.9507664
v 1.2152372 0.8733333 -5.9232192
v 1.2796190 0.5653659 -5.9115015
v 1.3125865 0.4378016 -5.9250764
v 1.2948280 0.5653659 -5.9559921
v 1.2367461 0.8733333 -5.9861384
v 1.1799676 1.1430601 -5.9952570
v 1.4016561 1.3208618 -5.8921642
v 1.4155556 1.2063811 -5.8613622
v 1.4663482 0.9300000 -5.8309365
v 1.5301952 0.6235472 -5.8163899
v 1.5637809 0.4966103 -5.8285638
v 1.5474314 0.6235472 -5.8603269
v 1.4907239 0.9300000 -5.8930730
v 1.4327918 1.2063811 -5.9052993
v 1.6450337 1.4002502 -5.7944771
v 1.6586124 1.2791144 -5.7616536
v 1.7112781 0.9866667 -5.7271518
v 1.7764446 0.6722548 -5.7092872
v 1.8116735 0.5420211 -5.7204199
v 1.7963283 0.6722548 -5.7540285
v 1.7393979 0.9866667 -5.7904255
v 1.6784961 1.2791144 -5.8063948
v 1.8816588 1.4841117 -5.6874112
v 1.8949253 1.3550107 -5.6521861
v 1.9498016 1.0433333 -5.6129784
v 2.0166041 0.7187823 -5.5915281
v 2.0537387 0.5843489 -5.6016279
v 2.0394524 0.7187823 -5.6373613
v 1.9821140 1.0433333 -5.6777964
v 1.9177736 1.3550107 -5.6980193
v 2.1137078 1.5590076 -5.5700485
v 2.1262590 1.4245674 -5.5331111
v 2.1819932 1.1000000 -5.4897687
v 2.2487479 0.7728472 -5.4651409
v 2.2869331 0.6373361 -5.4739241
v 2.2741806 0.7728472 -5.5109731
v 2.2179605 1.1000000 -5.5545852
v 2.1516918 1.4245674 -5.5789434
v 2.3424362 1.6155919 -5.4414725
v 2.3537059 1.4811758 -5.4042812
v 2.4079096 1.1566667 -5.3584613
v 2.4718353 0.8400818 -5.3317500
v 2.5094964 0.7089480 -5.3388980
v 2.4988315 0.8400818 -5.3757179
v 2.4460879 1.1566667 -5.4206413
v 2.3807021 1.4811758 -5.4482491
v 2.5669166 1.6558011 -5.3018374
v 2.5765272 1.5262053 -5.2657225
v 2.6272148 1.2133333 -5.2191798
v 2.6861625 0.9178009 -5.1915861
v 2.7219643 0.7953874 -5.1969926
v 2.7136479 0.9178009 -5.2322323
v 2.6660850 1.2133333 -5.2766622
v 2.6040126 1.5262053 -5.3063688
v 2.7840780 1.6938608 -5.1529967
v 2.7920558 1.5697148 -5.1181487
v 2.8390026 1.2700000 -5.0713291
v 2.8929575 0.9956604 -5.0432739
v 2.9267746 0.8820252 -5.0471077
v 2.9206443 0.9956604 -5.0805848
v 2.8781577 1.2700000 -5.1240946
v 2.8197426 1.5697148 -5.1554596
v 2.9901246 1.7497629 -4.9981129
v 2.9968294 1.6258409 -4.9630726
v 3.0419818 1.3266667 -4.9141439
v 3.0934122 1.0609475 -4.8846340
v 3.1267134 0.9508830 -4.8871839
v 3.1223780 1.0609475 -4.9203000
v 3.0829456 1.3266667 -4.9645833
v 3.0257951 1.6258409 -4.9987387
v 3.1825448 1.8383630 -4.8402691
v 3.1883617 1.7050879 -4.8023084
v 3.2349714 1.3833333 -4.7473716
v 3.2877816 1.1055348 -4.7141063
v 3.3231457 0.9904669 -4.7155325
v 3.3203479 1.1055348 -4.7508146
v 3.2810272 1.3833333 -4.7992849
v 3.2209281 1.7050879 -4.8390167
v 3.3615109 1.9602054 -4.6808001
v 3.3665158 1.8078408 -4.6370900
v 3.4174434 1.4400000 -4.5716934
v 3.4750977 1.1305634 -4.5319826
v 3.5150689 1.0023906 -4.5321558
v 3.5139425 1.1305634 -4.5721116
v 3.4723783 1.4400000 -4.6284443
v 3.4053606 1.8078408 -4.6772189
v 3.5298027 2.0996390 -4.5183891
v 3.5336308 1.9230325 -4.4673721
v 3.5897796 1.4966667 -4.3886391
v 3.6536288 1.1462282 -4.3406930
v 3.6995056 1.0010718 -4.3392378
v 3.7005358 1.1462282 -4.3851260
v 3.6561160 1.4966667 -4.4514770
v 3.5805377 1.9230325 -4.5118051
v 3.6912676 2.2318204 -4.3496349
v 3.6932747 2.0330962 -4.2918504
v 3.7530465 1.5533333 -4.2000469
v 3.8217444 1.1667957 -4.1439208
v 3.8729511 1.0066865 -4.1404310
v 3.8766705 1.1667957 -4.1916216
v 3.8307237 1.5533333 -4.2675059
v 3.7482008 2.0330962 -4.3395511
v 3.8487205 2.3350383 -4.1709336
v 3.8483161 2.1226795 -4.1088090
v 3.9083694 1.6100000 -4.0073795
v 3.9786339 1.2035905 -3.9450014
v 4.0330177 1.0352502 -3.9392745
v 4.0396635 1.2035905 -3.9935537
v 3.9946783 1.6100000 -4.0760429
v 3.9093457 2.1226795 -4.1573614
v 4.0025118 2.4015197 -3.9806490
v 3.9994217 2.1862862 -3.9173424
v 4.0562395 1.6666667 -3.8112807
v 4.1244777 1.2597011 -3.7454875
v 4.1793677 1.0911304 -3.7376096
v 4.1887557 1.2597011 -3.7922616
v 4.1471422 1.6666667 -3.8774292
v 4.0636996 2.1862862 -3.9641164
v 4.1505566 2.4405679 -3.7802559
v 4.1448276 2.2304948 -3.7181831
v 4.1961609 1.7233333 -3.6116026
v 4.2600491 1.3291137 -3.5446867
v 4.3135044 1.1658225 -3.5348950
v 4.3252134 1.3291137 -3.5879633
v 4.2883172 1.7233333 -3.6728049
v 4.2099919 2.2304948 -3.7614597
v 4.2897110 2.4722289 -3.5736759
v 4.2814683 2.2694797 -3.5135510
v 4.3268714 1.7800000 -3.4078549
v 4.3860766 1.4005564 -3.3404266
v 4.4376494 1.2433857 -3.3288410
v 4.4513792 1.4005564 -3.3798848
v 4.4192232 1.7800000 -3.4636573
v 4.3467709 2.2694797 -3.5530093
v 4.4175835 2.5151710 -3.3651117
v 4.4067517 2.3164417 -3.3060347
v 4.4470404 1.8366667 -3.1997883
v 4.5027974 1.4638724 -3.1306211
v 4.5534127 1.3094560 -3.1170394
v 4.5692365 1.4638724 -3.1669992
v 4.5409996 1.8366667 -3.2512346
v 4.4731908 2.3164417 -3.3424127
v 4.5336759 2.5758186 -3.1566486
v 4.5199202 2.3759233 -3.0971595
v 4.5560542 1.8933333 -2.9877668
v 4.6099482 1.5155176 -2.9147623
v 4.6609947 1.3590212 -2.8986999
v 4.6792914 1.5155176 -2.9489888
v 4.6541204 1.8933333 -3.0361705
v 4.5892634 2.3759233 -3.1313861
v 4.6392498 2.6450076 -2.9471087
v 4.6222398 2.4414446 -2.8865542
v 4.6544150 1.9500000 -2.7727345
v 4.7071232 1.5603292 -2.6945063
v 4.7592931 1.3989222 -2.6755120
v 4.7803642 1.5603292 -2.7268782
v 4.7579935 1.9500000 -2.8185152
v 4.6954808 2.4414446 -2.9189261
v 4.7361467 2.7040036 -2.7329328
v 4.7159849 2.4997583 -2.6723064
v 4.7434862 2.0066667 -2.5558356
v 4.7941933 1.6086820 -2.4730181
v 4.8467500 1.4438313 -2.4510966
v 4.8703694 1.6086820 -2.5029125
v 4.8512155 2.0066667 -2.5981127
v 4.7921610 2.4997583 -2.7022008
v 4.8254094 2.7362835 -2.5106445
v 4.8028953 2.5391809 -2.4523770
v 4.8246878 2.0633333 -2.3379496
v 4.8714672 1.6705101 -2.2534090
v 4.9223847 1.5077974 -2.2292613
v 4.9476134 1.6705101 -2.2796519
v 4.9323748 2.0633333 -2.3750626
v 4.8790415 2.5391809 -2.4786198
v 4.9065873 2.7382228 -2.2794625
v 4.8830415 2.5571495 -2.2262657
v 4.8985866 2.1200000 -2.1194338
v 4.9394758 1.7492805 -2.0371021
v 4.9863974 1.5957234 -2.0119447
v 5.0118653 1.7492805 -2.0586985
v 5.0009608 2.1200000 -2.1499757
v 4.9554310 2.5571495 -2.2478621
v 4.9780870 2.7225774 -2.0424923
v 4.9547324 2.5626839 -1.9959186
v 4.9644143 2.1766667 -1.9002143
v 4.9985289 1.8390951 -1.8230177
v 5.0400246 1.6992684 -1.7979735
v 5.0645937 1.8390951 -1.8397522
v 5.0578441 2.1766667 -1.9238804
v 5.0207973 2.5626839 -2.0126531
v 5.0382358 2.7128441 -1.8057326
v 5.0154533 2.5723987 -1.7652759
v 5.0203306 2.2333333 -1.6801397
v 5.0483628 1.9266055 -1.6080676
v 5.0847770 1.7995546 -1.5834066
v 5.1082421 1.9266055 -1.6206026
v 5.1050127 2.2333333 -1.6978668
v 5.0753326 2.5723987 -1.7778109
v 5.0863148 2.7317068 -1.5753991
v 5.0632373 2.6023338 -1.5386445
v 5.0643290 2.2900000 -1.4593548
v 5.0881535 1.9970242 -1.3887700
v 5.1215517 1.8756696 -1.3634445
v 5.1449593 1.9970242 -1.3982138
v 5.1446645 2.2900000 -1.4727104
v 5.1200431 2.6023338 -1.5480883
v 5.1229168 2.7899198 -1.3550365
v 5.0976755 2.6600940 -1.3187662
v 5.0953066 2.3466667 -1.2384563
v 5.1169452 2.0413462 -1.1631896
v 5.1501683 1.9148784 -1.1350179
v 5.1755142 2.0413462 -1.1704439
v 5.1781356 2.3466667 -1.2487155
v 5.1562445 2.6600940 -1.3260206
v 5.1494841 2.8815084 -1.1440089
v 5.1200438 2.7414541 -1.1056487
v 5.1137058 2.4033333 -1.0183481
v 5.1342695 2.0610625 -0.9321887
v 5.1696022 1.9192893 -0.8986994
v 5.1990066 2.0610625 -0.9374979
v 5.2052579 2.4033333 -1.0258564
v 5.1847809 2.7414541 -1.1109578
v 5.1674144 2.9875540 -0.9381723
v 5.1325594 2.8330370 -0.8968122
v 5.1213561 2.4600000 -0.7999178
v 5.1405687 2.0677148 -0.6992805
v 5.1787412 1.9052250 -0.6588203
v 5.2135128 2.0677148 -0.7022382
v 5.2245146 2.4600000 -0.8041006
v 5.2055035 2.8330370 -0.8997699
v 5.1773583 3.0862291 -0.7323283
v 5.1372593 2.9194081 -0.6888297
v 5.1205903 2.5166667 -0.5837600
v 5.1371092 2.0772205 -0.4690908
v 5.1771461 1.8951959 -0.4215706
v 5.2172477 2.0772205 -0.4690361
v 5.2339233 2.5166667 -0.5836826
v 5.2173978 2.9194081 -0.6887750
v 5.1791409 3.1636292 -0.5231052
v 5.1351481 2.9907355 -0.4793307
v 5.1131169 2.5733333 -0.3701290
v 5.1253559 2.1017454 -0.2451983
v 5.1652926 1.9064072 -0.1919920
v 5.2095325 2.1017454 -0.2416777
v 5.2321606 2.5733333 -0.3651502
v 5.2193247 2.9907355 -0.4758101
v 5.1722897 3.2198446 -0.3107303
v 5.1260461 3.0470831 -0.2683923
v 5.0992766 2.6300000 -0.1591334
v 5.1061322 2.1434696 -0.0285205
v 5.1441272 1.9419421 0.0284997
v 5.1910049 2.1434696 -0.0214745
v 5.2193048 2.6300000 -0.1491688
v 5.2109188 3.0470831 -0.2613463
v 5.1567424 3.2674272 -0.0987922
v 5.1091258 3.0973264 -0.0585663
v 5.0780939 2.6866667 0.0489892
v 5.0790937 2.1938428 0.1828219
v 5.1142706 1.9897085 0.2425822
v 5.1630185 2.1938428 0.1932633
v 5.1967815 2.6866667 0.0637556
v 5.1930506 3.0973264 -0.0481248
v 5.1331987 3.3233884 0.1078238
v 5.0837348 3.1534942 0.1464828
v 5.0480866 2.7433333 0.2537325
v 5.0429373 2.2390543 0.3920192
v 5.0755024 2.0301750 0.4550648
v 5.1267056 2.2390543 0.4059379
v 5.1665528 2.7433333 0.2734164
v 5.1675030 3.1534942 0.1604014
v 5.1028309 3.3990776 0.3056898
v 5.0499676 3.2236119 0.3440068
v 5.0083647 2.8000000 0.4544388
v 4.9963568 2.2689011 0.6012591
v 5.0270137 2.0489127 0.6694994
v 5.0823771 2.2689011 0.6191855
v 5.1300159 2.8000000 0.4797906
v 5.1359879 3.2236119 0.3619333
v 5.0665068 3.4932253 0.4947968
v 5.0086496 3.3067816 0.5337767
v 4.9593837 2.8566667 0.6506033
v 4.9392564 2.2840504 0.8099167
v 4.9683699 2.0468650 0.8853177
v 5.0296699 2.2840504 0.8326374
v 5.0872477 2.8566667 0.6827352
v 5.0990631 3.3067816 0.5564974
v 5.0240435 3.5917617 0.6786595
v 4.9607899 3.3930547 0.7183494
v 4.9029163 2.9133333 0.8421475
v 4.8734579 2.2972706 1.0143660
v 4.9005373 2.0420891 1.0972902
v 4.9682917 2.2972706 1.0423443
v 5.0370316 2.9133333 0.8817147
v 5.0556238 3.3930547 0.7463277
v 4.9740580 3.6746081 0.8624632
v 4.9069091 3.4682332 0.9017706
v 4.8412507 2.9700000 1.0294380
v 4.8023126 2.3274506 1.2096252
v 4.8261362 2.0612979 1.2978353
v 4.8987661 2.3274506 1.2423962
v 4.9776565 2.9700000 1.0757832
v 5.0033625 3.4682332 0.9345416
v 4.9146645 3.7261085 1.0501765
v 4.8467373 3.5212467 1.0873197
v 4.7760661 3.0266667 1.2129844
v 4.7292358 2.3893944 1.3919646
v 4.7484922 2.1254275 1.4810096
v 4.8225553 2.3893944 1.4279580
v 4.9080399 3.0266667 1.2638867
v 4.9400569 3.5212467 1.1233130
v 4.8447383 3.7438173 1.2421343
v 4.7795323 3.5503660 1.2754668
v 4.7076170 3.0833333 1.3929678
v 4.6558855 2.4850469 1.5609844
v 4.6698752 2.2372285 1.6459172
v 4.7413914 2.4850469 1.5980137
v 4.8285407 3.0833333 1.4453352
v 4.8650382 3.5503660 1.3124962
v 4.7650324 3.7409750 1.4344119
v 4.7048343 3.5649535 1.4631851
v 4.6346844 3.1400000 1.5688936
v 4.5810646 2.6012862 1.7199225
v 4.5899956 2.3781437 1.7974934
v 4.6562457 2.6012862 1.7561663
v 4.7410066 3.1400000 1.6201501
v 4.7800154 3.5649535 1.4994290
v 4.6783836 3.7410309 1.6204191
v 4.6231371 3.5815903 1.6450966
v 4.5553177 3.1966667 1.7396183
v 4.5011398 2.7158476 1.8739657
v 4.5058534 2.5166859 1.9440889
v 4.5666973 2.7158476 1.9089107
v 4.6480299 3.1966667 1.7890379
v 4.6886945 3.5815903 1.6800416
v 4.5886818 3.7666457 1.7939676
v 4.5359500 3.6163000 1.8159486
v 4.4679527 3.2533333 1.9037843
v 4.4119270 2.8083151 2.0275055
v 4.4132868 2.6239825 2.0931543
v 4.4712355 2.8083151 2.0622745
v 4.5518275 3.2533333 1.9529550
v 4.5952584 3.6163000 1.8507175
v 4.4990139 3.8286869 1.9522184
v 4.4451088 3.6767671 1.9731369
v 4.3722924 3.3100000 2.0604409
v 4.3110741 2.8701409 2.1819063
v 4.3094603 2.6879453 2.2474628
v 4.3683962 2.8701409 2.2187084
v 4.4533581 3.3100000 2.1124869
v 4.5024309 3.6767671 2.0099390
v 4.4100088 3.9210866 2.0969008
v 4.3517316 3.7587008 2.1178786
v 4.2694853 3.3666667 2.2094833
v 4.1995507 2.9081324 2.3350318
v 4.1947924 2.7182013 2.4040019
v 4.2579979 2.9081324 2.3759917
v 4.3521422 3.3666667 2.2674093
v 4.4101789 3.7587008 2.1588385
v 4.3194761 4.0245994 2.2330864
v 4.2555507 3.8484926 2.2543246
v 4.1615405 3.4233333 2.3516245
v 4.0812760 2.9395544 2.4827188
v 4.0730145 2.7391666 2.5560846
v 4.1415954 2.9395544 2.5287452
v 4.2468450 3.4233333 2.4167156
v 4.3158701 3.8484926 2.3003509
v 4.2237912 4.1177602 2.3661577
v 4.1551942 3.9309645 2.3870519
v 4.0503409 3.4800000 2.4878790
v 3.9609847 2.9817820 2.6212343
v 3.9491374 2.7754133 2.6973417
v 4.0217392 2.9817820 2.6716186
v 4.1362608 3.4800000 2.5591331
v 4.2159487 3.9309645 2.4374361
v 4.1204154 4.1891886 2.4986793
v 4.0493873 3.9980693 2.5183403
v 3.9368215 3.5366667 2.6188411
v 3.8415275 3.0424867 2.7492295
v 3.8264571 2.8377906 2.8252059
v 3.9004384 3.0424867 2.8022645
v 4.0201340 3.5366667 2.6938440
v 4.1082982 3.9980693 2.5713753
v 4.0100806 4.2442743 2.6289866
v 3.9383448 4.0536181 2.6468259
v 3.8207524 3.5933333 2.7441911
v 3.7222345 3.1158958 2.8680944
v 3.7044545 2.9181347 2.9419075
v 3.7778278 3.1158958 2.9223917
v 3.8993732 3.5933333 2.8209791
v 3.9939381 4.0536181 2.7011232
v 3.8971268 4.3021040 2.7523473
v 3.8243405 4.1111072 2.7683643
v 3.7012083 3.6500000 2.8627546
v 3.5994086 3.1870407 2.9806512
v 3.5790250 2.9952767 3.0525664
v 3.6519980 3.1870407 3.0363732
v 3.7755810 3.6500000 2.9415574
v 3.8769300 4.1111072 2.8240862
v 3.7874329 4.3839251 2.8640284
v 3.7108399 4.1855607 2.8786421
v 3.5774082 3.7066667 2.9731291
v 3.4687653 3.2412887 3.0891272
v 3.4450877 3.0485229 3.1616993
v 3.5202454 3.2412887 3.1483335
v 3.6502121 3.7066667 3.0568593
v 3.7623200 4.1855607 2.9378483
v 3.6848700 4.4994645 2.9624372
v 3.6004926 4.2838567 2.9760051
v 3.4494241 3.7633333 3.0745411
v 3.3284327 3.2735379 3.1937032
v 3.3001191 3.0706579 3.2703088
v 3.3810690 3.2735379 3.2594835
v 3.5238631 3.7633333 3.1675685
v 3.6531290 4.2838567 3.0417854
v 3.5883210 4.6390349 3.0504277
v 3.4931508 4.3991451 3.0627970
v 3.3183577 3.8200000 3.1674346
v 3.1807203 3.2918444 3.2924690
v 3.1464776 3.0730752 3.3752329
v 3.2356886 3.2918444 3.3672443
v 3.3960947 3.8200000 3.2731828
v 3.5481191 4.3991451 3.1375723
v 3.4912668 4.7763884 3.1339548
v 3.3852741 4.5128660 3.1443665
v 3.1859135 3.8766667 3.2534103
v 3.0315352 3.3135874 3.3826799
v 2.9910045 3.0803523 3.4709808
v 3.0880637 3.3135874 3.4665875
v 3.2658568 3.8766667 3.3720737
v 3.4418026 4.5128660 3.2282741
v 3.3845888 4.8812488 3.2188676
v 3.2713779 4.6036108 3.2262837
v 3.0536424 3.9333333 3.3344972
v 2.8876803 3.3565053 3.4624236
v 2.8419583 3.1175753 3.5528200
v 2.9432598 3.3565053 3.5527334
v 3.1322437 3.9333333 3.4622145
v 3.3269575 4.6036108 3.3165934
v 3.2612993 4.9347990 3.3077558
v 3.1469260 4.6580738 3.3113844
v 2.9223026 3.9900000 3.4121254
v 2.7535112 3.4296530 3.5316499
v 2.7049268 3.1975496 3.6192583
v 2.8050095 3.4296530 3.6236308
v 2.9951323 3.9900000 3.5422060
v 3.1984243 4.6580738 3.4033652
v 3.1205645 4.9394955 3.3986978
v 3.0110508 4.6779920 3.3983490
v 2.7916841 4.0466667 3.4863672
v 2.6288151 3.5291039 3.5920156
v 2.5800016 3.3147223 3.6725838
v 2.6738378 3.5291039 3.6808758
v 2.8553557 4.0466667 3.6120345
v 3.0560734 4.6779920 3.4872092
v 2.9685617 4.9176518 3.4865618
v 2.8674076 4.6791434 3.4825858
v 2.6609572 4.1033333 3.5558857
v 2.5090878 3.6404103 3.6457871
v 2.4618210 3.4486612 3.7173633
v 2.5468451 3.6404103 3.7286859
v 2.7143541 4.1033333 3.6731223
v 2.9051649 4.6791434 3.5654846
v 2.8154495 4.8995695 3.5659431
v 2.7224766 4.6829546 3.5588094
v 2.5293030 4.1600000 3.6186436
v 2.3880341 3.7461402 3.6945841
v 2.3424763 3.5747139 3.7579576
v 2.4193169 3.7461402 3.7716406
v 2.5735436 4.1600000 3.7276178
v 2.7537594 4.6829546 3.6358659
v 2.6700363 4.9079119 3.6339024
v 2.5821710 4.7054508 3.6237490
v 2.3964459 4.2166667 3.6729942
v 2.2608990 3.8342925 3.7387443
v 2.2156890 3.6759079 3.7965303
v 2.2872995 3.8342925 3.8125018
v 2.4337820 4.2166667 3.7773031
v 2.6085716 4.7054508 3.6975065
v 2.5352085 4.9470407 3.6909295
v 2.4487110 4.7497164 3.6774440
v 2.2628056 4.2733333 3.7185499
v 2.1268186 3.9032552 3.7775907
v 2.0799839 3.7499638 3.8325583
v 2.1497365 3.9032552 3.8512534
v 2.2952163 4.2733333 3.8227247
v 2.4716289 4.7497164 3.7511067
v 2.4068377 5.0030313 3.7397945
v 2.3196675 4.8059050 3.7225420
v 2.1292360 4.3300000 3.7563380
v 1.9889715 3.9610755 3.8102755
v 1.9391629 3.8082620 3.8638684
v 2.0089876 3.9610755 3.8857226
v 2.1575431 4.3300000 3.8630363
v 2.3396836 4.8059050 3.7979891
v 2.2768660 5.0538612 3.7832877
v 2.1898191 4.8584444 3.7622443
v 1.9965676 4.3866667 3.7881547
v 1.8525340 4.0198557 3.8365410
v 1.7998728 3.8679176 3.8883590
v 1.8694323 4.0198557 3.9132545
v 2.0204655 4.3866667 3.8966439
v 2.2067174 4.8584444 3.8389578
v 2.1387593 5.0835342 3.8224369
v 2.0547628 4.8960237 3.7982813
v 1.8652586 4.4433333 3.8154842
v 1.7216179 4.0884809 3.8568701
v 1.6676213 3.9414962 3.9052940
v 1.7348993 4.0884809 3.9323898
v 1.8840412 4.4433333 3.9222852
v 2.0680441 4.8960237 3.8738010
v 1.9920644 5.0919325 3.8562901
v 1.9141095 4.9185595 3.8301270
v 1.7353577 4.5000000 3.8386053
v 1.5968696 4.1674989 3.8719648
v 1.5434195 4.0297725 3.9154577
v 1.6063177 4.1674989 3.9436065
v 1.7487194 4.5000000 3.9399221
v 1.9235576 4.9185595 3.9017687
v 1.8433095 5.0949843 3.8831810
v 1.7722991 4.9373147 3.8557634
v 1.6067561 4.5566667 3.8564062
v 1.4750209 4.2486802 3.8819677
v 1.4228946 4.1211081 3.9202394
v 1.4809121 4.2486802 3.9488023
v 1.6150876 4.5566667 3.9509245
v 1.7781904 4.9373147 3.9225980
v 1.7026614 5.1154587 3.9023879
v 1.6364715 4.9683896 3.8733100
v 1.4795190 4.6133333 3.8670290
v 1.3506371 4.3193423 3.8860277
v 1.2984304 4.1975673 3.9203735
v 1.3534810 4.3193423 3.9499471
v 1.4835410 4.6133333 3.9574246
v 1.6393155 4.9683896 3.9372294
v 1.5782725 5.1699520 3.9149256
v 1.5125847 5.0235195 3.8823747
v 1.3540488 4.6700000 3.8689897
v 1.2191515 4.3691506 3.8825937
v 1.1632953 4.2445348 3.9152354
v 1.2192001 4.3691506 3.9477936
v 1.3541176 4.6700000 3.9611962
v 1.5126333 5.0235195 3.9475746
v 1.4715968 5.2594621 3.9229212
v 1.4020190 5.1034099 3.8842959
v 1.2309671 4.7266667 3.8621427
v 1.0795990 4.3959124 3.8703454
v 1.0156261 4.2589094 3.9031922
v 1.0765228 4.3959124 3.9414419
v 1.2266167 4.7266667 3.9626883
v 1.3989427 5.1034099 3.9553924
v 1.3763581 5.3685646 3.9280840
v 1.3006294 5.1971543 3.8812458
v 1.1108054 4.7833333 3.8479433
v 0.9355886 4.4073872 3.8492205
v 0.8601125 4.2516652 3.8827934
v 0.9285899 4.4073872 3.9289954
v 1.1009077 4.7833333 3.9607621
v 1.2936307 5.1971543 3.9610207
v 1.2817137 5.4732295 3.9304189
v 1.2007890 5.2877609 3.8748991
v 0.9937319 4.8400000 3.8288511
v 0.7939358 4.4181074 3.8208567
v 0.7063364 4.2433538 3.8539914
v 0.7822482 4.4181074 3.9088454
v 0.9772032 4.8400000 3.9532858
v 1.1891014 5.2877609 3.9628878
v 1.1777790 5.5526857 3.9281453
v 1.0952734 5.3605422 3.8655777
v 0.8795201 4.8966667 3.8072012
v 0.6615899 4.4427072 3.7880495
v 0.5644578 4.2546710 3.8185038
v 0.6450226 4.4427072 3.8807245
v 0.8560905 4.8966667 3.9382634
v 1.0787062 5.3605422 3.9582527
v 1.0604458 5.5989285 3.9189170
v 0.9808420 5.4098381 3.8523759
v 0.7677949 4.9533333 3.7841608
v 0.5424197 4.4890898 3.7533992
v 0.4404231 4.2967938 3.7789428
v 0.5215532 4.4890898 3.8458285
v 0.7382852 4.9533333 3.9148755
v 0.9599755 5.4098381 3.9448052
v 0.9329585 5.6191887 3.9015204
v 0.8596091 5.4407615 3.8340825
v 0.6583959 5.0100000 3.7593352
v 0.4355655 4.5549624 3.7178797
v 0.3332703 4.3664796 3.7371847
v 0.4114334 4.5549624 3.8059417
v 0.6242679 5.0100000 3.8838737
v 0.8354770 5.4407615 3.9221446
v 0.8036118 5.6306826 3.8768692
v 0.7375757 5.4654862 3.8101978
v 0.5516029 5.0666667 3.7312104
v 0.3362811 4.6296203 3.6802331
v 0.2360956 4.4485897 3.6930713
v 0.3097335 4.6296203 3.7622047
v 0.5140588 5.0666667 3.8471358
v 0.7110281 5.4654862 3.8921694
v 0.6810522 5.6509476 3.8475604
v 0.6212469 5.4964130 3.7813283
v 0.4480510 5.1233333 3.6981560
v 0.2388494 4.7001301 3.6377251
v 0.1402605 4.5248335 3.6444748
v 0.2100362 4.7001301 3.7144510
v 0.4073030 5.1233333 3.8066628
v 0.5924338 5.4964130 3.8580543
v 0.5698328 5.6890010 3.8161973
v 0.5142324 5.5399181 3.7486968
v 0.3483682 5.1800000 3.6594075
v 0.1399654 4.7586346 3.5879951
v 0.0405394 4.5840994 3.5889308
v 0.1083325 4.7586346 3.6616667
v 0.3036325 5.1800000 3.7635949
v 0.4825995 5.5399181 3.8223684
v 0.4685511 5.7417000 3.7835303
v 0.4156421 5.5937791 3.7131246
v 0.2527688 5.2366667 3.6154882
v 0.0406550 4.8067572 3.5309660
v -0.0617607 4.6286828 3.5259192
v 0.0055152 4.8067572 3.6033040
v 0.2030736 5.2366667 3.7177895
v 0.3805023 5.5937791 3.7854625
v 0.3713733 5.7967395 3.7476660
v 0.3210480 5.6492952 3.6742317
v 0.1608890 5.2933333 3.5678659
v -0.0544118 4.8545502 3.4695457
v -0.1596071 4.6728003 3.4581964
v -0.0930748 4.8545502 3.5404661
v 0.1062113 5.2933333 3.6681624
v 0.2823850 5.6492952 3.7451520
v 0.2719112 5.8403315 3.7050185
v 0.2253854 5.6967168 3.6304945
v 0.0720136 5.3500000 3.5180853
v -0.1398447 4.9144291 3.4084143
v -0.2446021 4.7340097 3.3909497
v -0.1808931 4.9144291 3.4759220
v 0.0139623 5.3500000 3.6135557
v 0.1843369 5.6967168 3.6980022
v 0.1672339 5.8654132 3.6526292
v 0.1261555 5.7310495 3.5802717
v -0.0144065 5.4066667 3.4668977
v -0.2129677 4.9934202 3.3513404
v -0.3123588 4.8222480 3.3288715
v -0.2543578 4.9934202 3.4126529
v -0.0729409 5.4066667 3.5536066
v 0.0847654 5.7310495 3.6415841
v 0.0598359 5.8761677 3.5905737
v 0.0251699 5.7552513 3.5232424
v -0.0982560 5.4633333 3.4138877
v -0.2756906 5.0881560 3.2985210
v -0.3656450 4.9327525 3.2727696
v -0.3154253 5.0881560 3.3517184
v -0.1544494 5.4633333 3.4891203
v -0.0145649 5.7552513 3.5764398
v -0.0434510 5.8866053 3.5229521
v -0.0721137 5.7792291 3.4613290
v -0.1786052 5.5200000 3.3577881
v -0.3336511 5.1856297 3.2456850
v -0.4133208 5.0471290 3.2179854
v -0.3709448 5.1856297 3.2909155
v -0.2313464 5.5200000 3.4217538
v -0.1094074 5.7792291 3.5065595
v -0.1349550 5.9139408 3.4566114
v -0.1593051 5.8151555 3.3983547
v -0.2540513 5.5766667 3.2972729
v -0.3931184 5.2695071 3.1858321
v -0.4656169 5.1422774 3.1560591
v -0.4290783 5.2695071 3.2253945
v -0.3049063 5.5766667 3.3532226
v -0.1952650 5.8151555 3.4379171
v -0.2101452 5.9700983 3.3980035
v -0.2323762 5.8714621 3.3383890
v -0.3233960 5.6333333 3.2317592
v -0.4575116 5.3285917 3.1129087
v -0.5285348 5.2023636 3.0791262
v -0.4948610 5.3285917 3.1502010
v -0.3762160 5.6333333 3.2844984
v -0.2697256 5.8714621 3.3756813
v -0.2699388 6.0556463 3.3497598
v -0.2917431 5.9485510 3.2835831
v -0.3862829 5.6900000 3.1617708
v -0.5256062 5.3627436 3.0253982
v -0.6006712 5.2271895 2.9846312
v -0.5675057 5.3627436 3.0633506
v -0.4455378 5.6900000 3.2154437
v -0.3336427 5.9485510 3.3215356
v -0.3201168 6.1593038 3.3089599
v -0.3420054 6.0384452 3.2327724
v -0.4434129 5.7466667 3.0886941
v -0.5924214 5.3829415 2.9276326
v -0.6742586 5.2322815 2.8774269
v -0.6409853 5.3829415 2.9674870
v -0.5120926 5.7466667 3.1450568
v -0.3905693 6.0384452 3.2726269
v -0.3682364 6.2633752 3.2683248
v -0.3895101 6.1286321 3.1818462
v -0.4961870 5.8033333 3.0141061
v -0.6521236 5.4054857 2.8278501
v -0.7396281 5.2406918 2.7676987
v -0.7074414 5.4054857 2.8688878
v -0.5744180 5.8033333 3.0721422
v -0.4448278 6.1286321 3.2228839
v -0.4198166 6.3523927 3.2199664
v -0.4391245 6.2081742 3.1259083
v -0.5459557 5.8600000 2.9390816
v -0.7010969 5.4436317 2.7339673
v -0.7903016 5.2711664 2.6656780
v -0.7613149 5.4436317 2.7742168
v -0.6311168 5.8600000 2.9960030
v -0.4993424 6.2081742 3.1661578
v -0.4759334 6.4204745 3.1597260
v -0.4920263 6.2729126 3.0621077
v -0.5932996 5.9166667 2.8638568
v -0.7393760 5.5013159 2.6494999
v -0.8257387 5.3292719 2.5762104
v -0.8017976 5.5013159 2.6869203
v -0.6815771 5.9166667 2.9167773
v -0.5544479 6.2729126 3.0995281
v -0.5334772 6.4734641 3.0895472
v -0.5456928 6.3269792 2.9914283
v -0.6377556 5.9733333 2.7879878
v -0.7698050 5.5723135 2.5720737
v -0.8504197 5.4062057 2.4964903
v -0.8323767 5.5723135 2.6055133
v -0.7262453 5.9733333 2.8352787
v -0.6082645 6.3269792 3.0248679
v -0.5877099 6.5246463 3.0162599
v -0.5959478 6.3797678 2.9181788
v -0.6781549 6.0300000 2.7108453
v -0.7957581 5.6449925 2.4954381
v -0.8702843 5.4855172 2.4184143
v -0.8580770 5.6449925 2.5248934
v -0.7662871 6.0300000 2.7525014
v -0.6582667 6.3797678 2.9476341
v -0.6354042 6.5863512 2.9472196
v -0.6397165 6.4399970 2.8472635
v -0.7133794 6.0866667 2.6321147
v -0.8190529 5.7096731 2.4137585
v -0.8890241 5.5535172 2.3341510
v -0.8823049 5.7096731 2.4399251
v -0.8028313 6.0866667 2.6691200
v -0.7029685 6.4399970 2.8734302
v -0.6765968 6.6621277 2.8852682
v -0.6767823 6.5101763 2.7807706
v -0.7430931 6.1433333 2.5520111
v -0.8393424 5.7642985 2.3255531
v -0.9064914 5.6072972 2.2414934
v -0.9052053 5.7642985 2.3490730
v -0.8362374 6.1433333 2.5852733
v -0.7426453 6.5101763 2.8042905
v -0.7139909 6.7439801 2.8261445
v -0.7095557 6.5846520 2.7160336
v -0.7680122 6.2000000 2.4711265
v -0.8551235 5.8153164 2.2348667
v -0.9198549 5.6559752 2.1456718
v -0.9242876 5.8153164 2.2557910
v -0.8658251 6.2000000 2.5007179
v -0.7787198 6.5846520 2.7369578
v -0.7506213 6.8163916 2.7602115
v -0.7411693 6.6524520 2.6465910
v -0.7895462 6.2566667 2.3900605
v -0.8653932 5.8735494 2.1489851
v -0.9263005 5.7148570 2.0564905
v -0.9365894 5.8735494 2.1667588
v -0.8902328 6.2566667 2.4151963
v -0.8123655 6.6524520 2.6643647
v -0.7874971 6.8650116 2.6778007
v -0.7732511 6.7034288 2.5657397
v -0.8090056 6.3133333 2.3091002
v -0.8706676 5.9476651 2.0741084
v -0.9252649 5.7962004 1.9825290
v -0.9408151 5.9476651 2.0880081
v -0.9082092 6.3133333 2.3287574
v -0.8433986 6.7034288 2.5796394
v -0.8228358 6.8851431 2.5751556
v -0.8048382 6.7342612 2.4706870
v -0.8268318 6.3700000 2.2281492
v -0.8726843 6.0390288 2.0116000
v -0.9187846 5.9019360 1.9259085
v -0.9381278 6.0390288 2.0212716
v -0.9193830 6.3700000 2.2418269
v -0.8702818 6.7342612 2.4803586
v -0.8533071 6.8851772 2.4573861
v -0.8330408 6.7508826 2.3647785
v -0.8422915 6.4266667 2.1469233
v -0.8731269 6.1407101 1.9570054
v -0.9099974 6.0222630 1.8807078
v -0.9313048 6.1407101 1.9627246
v -0.9245675 6.4266667 2.1550114
v -0.8912187 6.7508826 2.3704977
v -0.8762851 6.8829323 2.3364927
v -0.8548741 6.7658925 2.2563146
v -0.8538162 6.4833333 2.0652529
v -0.8723905 6.2409502 1.9023216
v -0.9010570 6.1405518 1.8358710
v -0.9230233 6.2409502 1.9048270
v -0.9254218 6.4833333 2.0687962
v -0.9055069 6.7658925 2.2588200
v -0.8914588 6.8968709 2.2254459
v -0.8689596 6.7923459 2.1545022
v -0.8597963 6.5400000 1.9832788
v -0.8693058 6.3289586 1.8401004
v -0.8919484 6.2415424 1.7808146
v -0.9144604 6.3289586 1.8401502
v -0.9236545 6.5400000 1.9833491
v -0.9141142 6.7923459 2.1545519
v -0.9007043 6.9370620 2.1316962
v -0.8760059 6.8373625 2.0648417
v -0.8593895 6.5966667 1.9014171
v -0.8619940 6.3998419 1.7670177
v -0.8808885 6.3183144 1.7105094
v -0.9050050 6.3998419 1.7649941
v -0.9202163 6.5966667 1.8985553
v -0.9190169 6.8373625 2.0628181
v -0.9064319 7.0008355 2.0538464
v -0.8779085 6.8990545 1.9866176
v -0.8529006 6.6533333 1.8201395
v -0.8492064 6.4562000 1.6850223
v -0.8658408 6.3745447 1.6273262
v -0.8930598 6.4562000 1.6808488
v -0.9149187 6.6533333 1.8142374
v -0.9217620 6.8990545 1.9824441
v -0.9097198 7.0753344 1.9832948
v -0.8762638 6.9683305 1.9138931
v -0.8415448 6.7100000 1.7397358
v -0.8311860 6.5058909 1.5996833
v -0.8459702 6.4213461 1.5389351
v -0.8772368 6.5058909 1.5930767
v -0.9066705 6.7100000 1.7303926
v -0.9223146 6.9683305 1.9072864
v -0.9096385 7.1452392 1.9096871
v -0.8714007 7.0343579 1.8393055
v -0.8267555 6.7666667 1.6602300
v -0.8094551 6.5574803 1.5169128
v -0.8220342 6.4708324 1.4537549
v -0.8571241 6.5574803 1.5077535
v -0.8941697 6.7666667 1.6472768
v -0.9190697 7.0343579 1.8301462
v -0.9042278 7.2011257 1.8268281
v -0.8625464 7.0904729 1.7583348
v -0.8094405 6.8233333 1.5815048
v -0.7856904 6.6159132 1.4399843
v -0.7955370 6.5299970 1.3766125
v -0.8332122 6.6159132 1.4285116
v -0.8766465 6.8233333 1.5652799
v -0.9100683 7.0904729 1.7468621
v -0.8923297 7.2438080 1.7356333
v -0.8488518 7.1372511 1.6715568
v -0.7895990 6.8800000 1.5035365
v -0.7604690 6.6805605 1.3683757
v -0.7673376 6.5979500 1.3068704
v -0.8061813 6.6805605 1.3550497
v -0.8542459 6.8800000 1.4846908
v -0.8945640 7.1372511 1.6582308
v -0.8748330 7.2825469 1.6426686
v -0.8303863 7.1812409 1.5837290
v -0.7664846 6.9366667 1.4265634
v -0.7327481 6.7463743 1.2988029
v -0.7367517 6.6675526 1.2397222
v -0.7761500 6.7463743 1.2839300
v -0.8278642 6.9366667 1.4055299
v -0.8737883 7.1812409 1.5688561
v -0.8543160 7.3285925 1.5555292
v -0.8082936 7.2303974 1.5004997
v -0.7391814 6.9933333 1.3510516
v -0.7004586 6.8072577 1.2276125
v -0.7018142 6.7301827 1.1696084
v -0.7424543 6.8072577 1.2110173
v -0.7985723 6.9933333 1.3275825
v -0.8502893 7.2303974 1.4839046
v -0.8332535 7.3880530 1.4780528
v -0.7839718 7.2890396 1.4248611
v -0.7072389 7.0500000 1.2774668
v -0.6618768 6.8597390 1.1530909
v -0.6605851 6.7809304 1.0937116
v -0.7041205 6.8597390 1.1341125
v -0.7669805 7.0500000 1.2506274
v -0.8262155 7.2890396 1.4058828
v -0.8120204 7.4581727 1.4081846
v -0.7578944 7.3552190 1.3554440
v -0.6709998 7.1066667 1.2059970
v -0.6169352 6.9050508 1.0764742
v -0.6126740 6.8215388 1.0136617
v -0.6607122 6.9050508 1.0543543
v -0.7329099 7.1066667 1.1747148
v -0.8016714 7.3552190 1.3333241
v -0.7881276 7.5288882 1.3394919
v -0.7289668 7.4218197 1.2874933
v -0.6314541 7.1633333 1.1364182
v -0.5676433 6.9486447 1.0012587
v -0.5599816 6.8597177 0.9346951
v -0.6129572 6.9486447 0.9757194
v -0.6955377 7.1633333 1.1003003
v -0.7742808 7.4218197 1.2619540
v -0.7573239 7.5884421 1.2651045
v -0.6949451 7.4805279 1.2157389
v -0.5897294 7.2200000 1.0682137
v -0.5172960 6.9974981 0.9313364
v -0.5060901 6.9053347 0.8628985
v -0.5626760 6.9974981 0.9029902
v -0.6539065 7.2200000 1.0281261
v -0.7403252 7.4805279 1.1873928
v -0.7159550 7.6296870 1.1816016
v -0.6537042 7.5262897 1.1373718
v -0.5465255 7.2766667 1.0008959
v -0.4688537 7.0566454 0.8690331
v -0.4545370 6.9655096 0.8021133
v -0.5119617 7.0566454 0.8393373
v -0.6074893 7.2766667 0.9588998
v -0.6968122 7.5262897 1.1076761
v -0.6631378 7.6536181 1.0906778
v -0.6045594 7.5598089 1.0534614
v -0.5018079 7.3333333 0.9343454
v -0.4233762 7.1267040 0.8140758
v -0.4069061 7.0411153 0.7521355
v -0.4620456 7.1267040 0.7848082
v -0.5564947 7.3333333 0.8929548
v -0.6432287 7.5598089 1.0241938
v -0.6014105 7.6684773 0.9979354
v -0.5487972 7.5869132 0.9682071
v -0.4549095 7.3900000 0.8689603
v -0.3794038 7.2036273 0.7639494
v -0.3618520 7.1264291 0.7090712
v -0.4125356 7.2036273 0.7364727
v -0.5017650 7.3900000 0.8301025
v -0.5819291 7.5869132 0.9407305
v -0.5354710 7.6852939 0.9098215
v -0.4890805 7.6154016 0.8866738
v -0.4049492 7.4466667 0.8055157
v -0.3336812 7.2807765 0.7153452
v -0.3157032 7.2120626 0.6675263
v -0.3615464 7.2807765 0.6900707
v -0.4443566 7.4466667 0.7697723
v -0.5169457 7.6154016 0.8613993
v -0.4697699 7.7125114 0.8305943
v -0.4280859 7.6512446 0.8123944
v -0.3513130 7.5033333 0.7448091
v -0.2828689 7.3522203 0.6658601
v -0.2644020 7.2896273 0.6233636
v -0.3067301 7.3522203 0.6422134
v -0.3850579 7.5033333 0.7113676
v -0.4519471 7.6512446 0.7887477
v -0.4063701 7.7525332 0.7608917
v -0.3671891 7.6961415 0.7461008
v -0.2939341 7.5600000 0.6872953
v -0.2253099 7.4155381 0.6150366
v -0.2057227 7.3557001 0.5755390
v -0.2466462 7.4155381 0.5919397
v -0.3241082 7.5600000 0.6546314
v -0.3885254 7.6961415 0.7230039
v -0.3442584 7.8016983 0.6983651
v -0.3059468 7.7475038 0.6860575
v -0.2332483 7.6166667 0.6329259
v -0.1618510 7.4726740 0.5642640
v -0.1404762 7.4130303 0.5261231
v -0.1816449 7.4726740 0.5408455
v -0.2612411 7.6166667 0.5998072
v -0.3257407 7.7475038 0.6626390
v -0.2803992 7.8532672 0.6396645
v -0.2426305 7.8005658 0.6295607
v -0.1698949 7.6733333 0.5812837
v -0.0952307 7.5284341 0.5157230
v -0.0719444 7.4684148 0.4786736
v -0.1136768 7.5284341 0.4918385
v -0.1959816 7.6733333 0.5475059
v -0.2610766 7.8005658 0.6056763
v -0.2118145 7.9015149 0.5824798
v -0.1754486 7.8512793 0.5746250
v -0.1043644 7.7300000 0.5319277
v -0.0283750 7.5875092 0.4710720
v -0.0038210 7.5284876 0.4360338
v -0.0450859 7.5875092 0.4473379
v -0.1279973 7.7300000 0.4983625
v -0.1921595 7.8512793 0.5508909
v -0.1374528 7.9447074 0.5265570
v -0.1037247 7.8984184 0.5209453
v -0.0367955 7.7866667 0.4847379
v 0.0373971 7.6517201 0.4306553
v 0.0621236 7.5958234 0.3988677
v 0.0228995 7.6517201 0.4079958
v -0.0572982 7.7866667 0.4526924
v -0.1182224 7.8984184 0.4982857
v -0.0588022 7.9855650 0.4733575
v -0.0283570 7.9439063 0.4697536
v 0.0329898 7.8433333 0.4400532
v 0.1031739 7.7190457 0.3936258
v 0.1272106 7.6675641 0.3656966
v 0.0910196 7.7190457 0.3726261
v 0.0158011 7.8433333 0.4103552
v -0.0405113 7.9439063 0.4487539
v 0.0210312 8.0292464 0.4248185
v 0.0486821 7.9913910 0.4228372
v 0.1052732 7.9000000 0.3985243
v 0.1717506 7.7849643 0.3587853
v 0.1950763 7.7373149 0.3342354
v 0.1615863 7.7849643 0.3392557
v 0.0908986 7.9000000 0.3709053
v 0.0385178 7.9913910 0.4033076
v 0.0991937 8.0801438 0.3820764
v 0.1255029 8.0439782 0.3813961
v 0.1802066 7.9566667 0.3607744
v 0.2458360 7.8452881 0.3255236
v 0.2693703 7.7991536 0.3030609
v 0.2370237 7.8452881 0.3065445
v 0.1677442 7.9566667 0.3339339
v 0.1166906 8.0439782 0.3624169
v 0.1748181 8.1392665 0.3448842
v 0.2014442 8.1023815 0.3454013
v 0.2577026 8.0133333 0.3270766
v 0.3262594 7.8988063 0.2942415
v 0.3513335 7.8513676 0.2725334
v 0.3182368 7.8988063 0.2746685
v 0.2463569 8.0133333 0.2993962
v 0.1934216 8.1023815 0.3258283
v 0.2496440 8.2035532 0.3119477
v 0.2775564 8.1644364 0.3137527
v 0.3374989 8.0700000 0.2972421
v 0.4112928 7.9481793 0.2660466
v 0.4387758 7.8977195 0.2444811
v 0.4038487 7.9481793 0.2451783
v 0.3269714 8.0700000 0.2677299
v 0.2701123 8.1644364 0.2928845
v 0.3271974 8.2673707 0.2818472
v 0.3561440 8.2261594 0.2850449
v 0.4193373 8.1266667 0.2707847
v 0.4975156 7.9985917 0.2420155
v 0.5271269 7.9455413 0.2209944
v 0.4908254 7.9985917 0.2200353
v 0.4098760 8.1266667 0.2397000
v 0.3494539 8.2261594 0.2630647
v 0.4110185 8.3253007 0.2539216
v 0.4396295 8.2837194 0.2584298
v 0.5031369 8.1833333 0.2472603
v 0.5816950 8.0550050 0.2225757
v 0.6119295 8.0018497 0.2032163
v 0.5761293 8.0550050 0.2005225
v 0.4952657 8.1833333 0.2160723
v 0.4340638 8.2837194 0.2363766
v 0.5029666 8.3746731 0.2286032
v 0.5293987 8.3352283 0.2340731
v 0.5890685 8.2400000 0.2265846
v 0.6625302 8.1196609 0.2074193
v 0.6912429 8.0698148 0.1909089
v 0.6583871 8.1196609 0.1867250
v 0.5832092 8.2400000 0.1973184
v 0.5252556 8.3352283 0.2133789
v 0.6025877 8.4164905 0.2070960
v 0.6253177 8.3813949 0.2130058
v 0.6775253 8.2966667 0.2091543
v 0.7412303 8.1912674 0.1959425
v 0.7665130 8.1476097 0.1829648
v 0.7385630 8.1912674 0.1778234
v 0.6737532 8.2966667 0.1835301
v 0.6226504 8.3813949 0.1948867
v 0.7079240 8.4543015 0.1907305
v 0.7262379 8.4247286 0.1965720
v 0.7690697 8.3533333 0.1957323
v 0.8206864 8.2662357 0.1878379
v 0.8414944 8.2301587 0.1783785
v 0.8193046 8.2662357 0.1728955
v 0.7671155 8.3533333 0.1746005
v 0.7248561 8.4247286 0.1816296
v 0.8173299 8.4917178 0.1805226
v 0.8312638 8.4677832 0.1859289
v 0.8644971 8.4100000 0.1872202
v 0.9039400 8.3410995 0.1834198
v 0.9201095 8.3125600 0.1769741
v 0.9035339 8.3410995 0.1716589
v 0.8639228 8.4100000 0.1705878
v 0.8308577 8.4677832 0.1741681
v 0.9314533 8.5299479 0.1773403
v 0.9412684 8.5114133 0.1820262
v 0.9652264 8.4666667 0.1845610
v 0.9931867 8.4146638 0.1835759
v 1.0048768 8.3931235 0.1795319
v 0.9934487 8.4146638 0.1747978
v 0.9655969 8.4666667 0.1721468
v 0.9415304 8.5114133 0.1732481
v 1.0560670 8.5665252 0.1828875
v 1.0613364 8.5538746 0.1863766
v 1.0747376 8.5233333 0.1891779
v 1.0901810 8.4888210 0.1898631
v 1.0968594 8.4745255 0.1878182
v 1.0908606 8.4888210 0.1842409
v 1.0756986 8.5233333 0.1812268
v 1.0620160 8.5538746 0.1807544
v 1.2166564 8.5817446 0.2086918
v 1.2168367 8.5812336 0.2088332
v 1.2173079 8.5800000 0.2089576
v 1.2178403 8.5786471 0.2089998
v 1.2180758 8.5780867 0.2089275
v 1.2178764 8.5786471 0.2087829
v 1.2173588 8.5800000 0.2086508
v 1.2168727 8.5812336 0.2086163
v 2.8585003 1.2703298 -5.0977735
v 2.8585222 1.2701649 -5.0977194
v 2.8586086 1.2698084 -5.0976528
v 2.8586730 1.2696167 -5.0976403
v 2.8586445 1.2698084 -5.0976994
v 2.8585582 1.2701649 -5.0977660
v 3.0203104 1.3738170 -4.9732494
v 3.0227081 1.3548967 -4.9669598
v 3.0330344 1.3117622 -4.9586884
v 3.0409630 1.2875480 -4.9567066
v 3.0372980 1.3117622 -4.9640113
v 3.0269717 1.3548967 -4.9722827
v 3.1741191 1.4881031 -4.8462201
v 3.1793878 1.4450055 -4.8319973
v 3.2021440 1.3474567 -4.8123493
v 3.2196317 1.2930055 -4.8069241
v 3.2117145 1.3474567 -4.8234337
v 3.1889582 1.4450055 -4.8430817
v 3.3310358 1.5646047 -4.7069897
v 3.3369187 1.5161771 -4.6913061
v 3.3604048 1.4125542 -4.6694676
v 3.3780081 1.3573589 -4.6633127
v 3.3705913 1.4125542 -4.6804226
v 3.3471051 1.5161771 -4.7022611
v 3.4798054 1.6505059 -4.5651408
v 3.4867964 1.5919814 -4.5464301
v 3.5122806 1.4758943 -4.5209229
v 3.5307738 1.4183318 -4.5141263
v 3.5239940 1.4758943 -4.5326256
v 3.4985098 1.5919814 -4.5581329
v 3.6257543 1.7210578 -4.4155410
v 3.6326624 1.6600217 -4.3960108
v 3.6566365 1.5469004 -4.3701837
v 3.6737024 1.4948151 -4.3638869
v 3.6686913 1.5469004 -4.3813736
v 3.6447172 1.6600217 -4.4072007
v 3.7531365 1.8511465 -4.2757918
v 3.7626048 1.7577193 -4.2454373
v 3.7965550 1.5912076 -4.2060597
v 3.8210371 1.5181231 -4.1970365
v 3.8157166 1.5912076 -4.2225802
v 3.7817663 1.7577193 -4.2619579
v 3.8896773 1.9060530 -4.1146637
v 3.8970546 1.8176928 -4.0851695
v 3.9279771 1.6594652 -4.0465275
v 3.9515223 1.5895977 -4.0373796
v 3.9477590 1.6594652 -4.0623575
v 3.9168365 1.8176928 -4.1009996
v 4.0261202 1.9245254 -3.9404721
v 4.0300545 1.8592951 -3.9179572
v 4.0530462 1.7360669 -3.8869671
v 4.0721035 1.6780689 -3.8784920
v 4.0695187 1.7360669 -3.8991881
v 4.0465270 1.8592951 -3.9301782
v 4.1454977 1.9959612 -3.7758809
v 4.1479152 1.9272040 -3.7514087
v 4.1730250 1.7856310 -3.7148451
v 4.1957172 1.7128152 -3.7027539
v 4.1925799 1.7856310 -3.7282743
v 4.1674701 1.9272040 -3.7648378
v 4.2574255 2.0713546 -3.6092973
v 4.2585265 1.9968959 -3.5823717
v 4.2863418 1.8311467 -3.5385242
v 4.3130562 1.7398562 -3.5216023
v 4.3091306 1.8311467 -3.5529806
v 4.2813152 1.9968959 -3.5968281
v 4.3591901 2.1682641 -3.4458307
v 4.3596355 2.0771301 -3.4130443
v 4.3926006 1.8684504 -3.3566395
v 4.4251202 1.7509047 -3.3330212
v 4.4205026 1.8684504 -3.3729465
v 4.3875375 2.0771301 -3.4293513
v 4.4669299 2.1816871 -3.2571768
v 4.4671747 2.1153858 -3.2337805
v 4.4889345 1.9682179 -3.1932346
v 4.5104495 1.8873514 -3.1760849
v 4.5080513 1.9682179 -3.2034940
v 4.4862915 2.1153858 -3.2440399
v 4.5546320 2.2818660 -3.0901156
v 4.5549973 2.1967650 -3.0607082
v 4.5792581 2.0203376 -3.0112780
v 4.6031537 1.9290112 -2.9912552
v 4.6019323 2.0203376 -3.0224067
v 4.5776715 2.1967650 -3.0718369
v 4.6362065 2.3804526 -2.9209882
v 4.6363305 2.2770755 -2.8857934
v 4.6615658 2.0783224 -2.8292921
v 4.6866771 1.9829463 -2.8079857
v 4.6875689 2.0783224 -2.8409060
v 4.6623337 2.2770755 -2.8974072
v 4.7129697 2.4657921 -2.7466629
v 4.7120436 2.3504721 -2.7076820
v 4.7363710 2.1412230 -2.6474564
v 4.7616244 2.0472939 -2.6262116
v 4.7650374 2.1412230 -2.6590358
v 4.7407100 2.3504721 -2.7192614
v 4.7909982 2.4763533 -2.5493673
v 4.7888216 2.3861721 -2.5189079
v 4.8056990 2.2260818 -2.4723559
v 4.8247530 2.1561728 -2.4562632
v 4.8290667 2.2260818 -2.4808278
v 4.8121893 2.3861721 -2.5273798
v 4.8600696 2.4946373 -2.3530084
v 4.8568263 2.4254098 -2.3295585
v 4.8687428 2.2993009 -2.2925856
v 4.8839026 2.2424195 -2.2790627
v 4.8883124 2.2993009 -2.2988930
v 4.8763959 2.4254098 -2.3358659
v 4.9143907 2.5933322 -2.1794520
v 4.9078217 2.5045139 -2.1492913
v 4.9223257 2.3308207 -2.0980508
v 4.9433987 2.2459458 -2.0769709
v 4.9502970 2.3308207 -2.1059683
v 4.9357930 2.5045139 -2.1572088
v 4.9676007 2.6215224 -1.9846513
v 4.9602833 2.5480117 -1.9597787
v 4.9716691 2.3909416 -1.9132450
v 4.9903722 2.3073821 -1.8915837
v 4.9969612 2.3909416 -1.9194334
v 4.9855755 2.5480117 -1.9659671
v 5.0121117 2.6657126 -1.7943658
v 5.0044280 2.5991419 -1.7721593
v 5.0137191 2.4480190 -1.7272828
v 5.0306939 2.3634666 -1.7046129
v 5.0372721 2.4480190 -1.7321592
v 5.0279810 2.5991419 -1.7770356
v 5.0503392 2.6899647 -1.5982551
v 5.0443984 2.6399225 -1.5819482
v 5.0501474 2.5261123 -1.5481363
v 5.0618370 2.4623442 -1.5306313
v 5.0670845 2.5261123 -1.5510160
v 5.0613356 2.6399225 -1.5848279
v 5.0777515 2.7943810 -1.4263372
v 5.0692202 2.7203926 -1.4028555
v 5.0755575 2.5604290 -1.3553971
v 5.0904262 2.4744538 -1.3314204
v 5.0984827 2.5604290 -1.3584584
v 5.0921454 2.7203926 -1.4059168
v 5.1004011 2.8626581 -1.2443085
v 5.0913289 2.7823894 -1.2194599
v 5.0959707 2.6213519 -1.1718343
v 5.1096846 2.5405830 -1.1490572
v 5.1187423 2.6213519 -1.1740536
v 5.1141006 2.7823894 -1.2216793
v 5.1173838 2.8857157 -1.0498384
v 5.1099032 2.8213627 -1.0303665
v 5.1120882 2.7010493 -0.9949600
v 5.1217539 2.6450890 -0.9790255
v 5.1293870 2.7010493 -0.9960276
v 5.1272019 2.8213627 -1.0314340
v 5.1269309 2.9226342 -0.8606955
v 5.1198795 2.8668435 -0.8441905
v 5.1206434 2.7670779 -0.8150263
v 5.1284586 2.7231029 -0.8023671
v 5.1356005 2.7670779 -0.8154180
v 5.1348366 2.8668435 -0.8445823
v 5.1295938 2.9663037 -0.6750067
v 5.1222693 2.9152689 -0.6602784
v 5.1220268 2.8242312 -0.6338878
v 5.1291087 2.7842285 -0.6222255
v 5.1364038 2.8242312 -0.6337557
v 5.1366463 2.9152689 -0.6601463
v 5.1258490 3.0266991 -0.4958341
v 5.1166815 2.9716192 -0.4804038
v 5.1153662 2.8686760 -0.4508608
v 5.1232184 2.8208128 -0.4367479
v 5.1322937 2.8686760 -0.4501071
v 5.1336090 2.9716192 -0.4796502
v 5.1146659 3.0298845 -0.3022767
v 5.1087451 2.9989204 -0.2939110
v 5.1073197 2.9360182 -0.2760694
v 5.1118151 2.9040800 -0.2665934
v 5.1177580 2.9360182 -0.2752354
v 5.1191834 2.9989204 -0.2930771
v 5.0974651 3.0665783 -0.1205768
v 5.0924089 3.0425270 -0.1143391
v 5.0906958 2.9894786 -0.0994919
v 5.0940388 2.9604815 -0.0908824
v 5.0992547 2.9894786 -0.0985043
v 5.1009678 3.0425270 -0.1133515
v 5.0741523 3.1072071 0.0575730
v 5.0699138 3.0876483 0.0624486
v 5.0680484 3.0428721 0.0747946
v 5.0704213 3.0176548 0.0822649
v 5.0748955 3.0428721 0.0758292
v 5.0767610 3.0876483 0.0634832
v 5.0449380 3.1503282 0.2324049
v 5.0413791 3.1335602 0.2364457
v 5.0394757 3.0960521 0.2466181
v 5.0411312 3.0753121 0.2527496
v 5.0448917 3.0960521 0.2476315
v 5.0467951 3.1335602 0.2374592
v 5.0082261 3.1650506 0.4119849
v 5.0081788 3.1648156 0.4120410
v 5.0081516 3.1643228 0.4121735
v 5.0081717 3.1640650 0.4122498
v 5.0082202 3.1643228 0.4121876
v 5.0082474 3.1648156 0.4120551
v 5.1637041 2.4178125 -0.9670580
v 5.1636794 2.4176562 -0.9669935
v 5.1636875 2.4172987 -0.9668496
v 5.1637203 2.4170974 -0.9667701
v 5.1637441 2.4172987 -0.9668528
v 5.1637360 2.4176562 -0.9669967
v 5.1722568 2.5389830 -0.8208199
v 5.1682267 2.5121333 -0.8097802
v 5.1692116 2.4528658 -0.7858177
v 5.1742266 2.4204480 -0.7728948
v 5.1781642 2.4528658 -0.7861857
v 5.1771793 2.5121333 -0.8101482
v 5.1770926 2.6373225 -0.6666730
v 5.1708870 2.5951652 -0.6494374
v 5.1712685 2.5084235 -0.6141159
v 5.1778557 2.4638390 -0.5960300
v 5.1840506 2.5084235 -0.6142540
v 5.1836691 2.5951652 -0.6495755
v 5.1775921 2.7279804 -0.5107679
v 5.1695756 2.6742974 -0.4889338
v 5.1687610 2.5717854 -0.4469586
v 5.1759630 2.5229565 -0.4268176
v 5.1839409 2.5717854 -0.4466640
v 5.1847554 2.6742974 -0.4886392
v 5.1730237 2.7840779 -0.3421574
v 5.1654034 2.7360609 -0.3227473
v 5.1636346 2.6492812 -0.2870728
v 5.1694860 2.6105185 -0.2708084
v 5.1769177 2.6492812 -0.2864142
v 5.1786865 2.7360609 -0.3220887
v 5.1657008 2.9121577 -0.2047923
v 5.1519169 2.8336982 -0.1733548
v 5.1473360 2.6943722 -0.1159416
v 5.1565390 2.6335058 -0.0899659
v 5.1697445 2.6943722 -0.1141537
v 5.1743254 2.8336982 -0.1715669
v 5.1522444 2.9758485 -0.0427138
v 5.1369096 2.8989945 -0.0123217
v 5.1305203 2.7582629 0.0457186
v 5.1394659 2.6943852 0.0733669
v 5.1542116 2.7582629 0.0483266
v 5.1606009 2.8989945 -0.0097137
v 5.1328870 3.0189016 0.1259249
v 5.1180881 2.9537972 0.1512054
v 5.1106511 2.8253805 0.2041275
v 5.1180130 2.7620682 0.2317692
v 5.1327081 2.8253805 0.2072272
v 5.1401451 2.9537972 0.1543050
v 5.1087684 3.0667312 0.2904334
v 5.0946572 3.0107853 0.3116947
v 5.0861766 2.8902943 0.3612359
v 5.0918073 2.8257493 0.3895159
v 5.1065238 2.8902943 0.3647190
v 5.1150043 3.0107853 0.3151778
v 5.0831010 3.1543627 0.4362753
v 5.0652966 3.0874438 0.4612042
v 5.0526841 2.9350788 0.5236078
v 5.0578761 2.8496328 0.5610826
v 5.0772142 2.9350788 0.5285656
v 5.0898266 3.0874438 0.4661620
v 5.0561968 3.2681375 0.5690839
v 5.0318243 3.1769164 0.6025771
v 5.0121617 2.9700807 0.6868283
v 5.0168716 2.8544659 0.7375864
v 5.0435631 2.9700807 0.6941568
v 5.0632257 3.1769164 0.6099056
v 5.0172123 3.2967667 0.7339842
v 4.9979822 3.2235324 0.7605892
v 4.9811222 3.0662687 0.8241975
v 4.9834924 2.9822394 0.8612009
v 5.0038799 3.0662687 0.8302297
v 5.0207398 3.2235324 0.7666213
v 4.9801856 3.3826554 0.8729281
v 4.9582912 3.2984685 0.9031601
v 4.9383128 3.1308349 0.9703780
v 4.9402288 3.0473883 1.0073638
v 4.9620350 3.1308349 0.9774287
v 4.9820134 3.2984685 0.9102108
v 4.9385514 3.4588907 1.0129714
v 4.9146646 3.3682432 1.0449827
v 4.8926018 3.1997544 1.1118524
v 4.8944258 3.1219131 1.1467108
v 4.9166357 3.1997544 1.1197821
v 4.9386985 3.3682432 1.0529123
v 4.8994042 3.5766017 1.1338358
v 4.8670282 3.4583971 1.1745492
v 4.8369818 3.2475096 1.2572543
v 4.8393115 3.1548267 1.2992461
v 4.8680513 3.2475096 1.2685417
v 4.8980976 3.4583971 1.1858365
v 4.8403239 3.5798465 1.2964123
v 4.8144564 3.4909358 1.3259634
v 4.7900138 3.3319503 1.3874727
v 4.7914386 3.2618757 1.4194310
v 4.8144102 3.3319503 1.3971674
v 4.8388528 3.4909358 1.3356580
v 4.7787659 3.5967588 1.4498476
v 4.7578351 3.5299037 1.4710332
v 4.7371098 3.4040770 1.5189762
v 4.7373153 3.3451055 1.5457336
v 4.7569476 3.4040770 1.5275519
v 4.7776728 3.5299037 1.4796088
v 4.7235470 3.6738431 1.5767810
v 4.6982381 3.5985318 1.5993279
v 4.6711689 3.4441709 1.6571527
v 4.6694086 3.3651214 1.6924306
v 4.6953730 3.4441709 1.6684832
v 4.7224422 3.5985318 1.6106585
v 4.6618028 3.7306163 1.7078918
v 4.6356995 3.6565581 1.7288813
v 4.6051830 3.4921952 1.7893102
v 4.6007698 3.4018907 1.8287495
v 4.6298894 3.4921952 1.8017869
v 4.6604059 3.6565581 1.7413580
v 4.5974176 3.7892268 1.8346885
v 4.5709506 3.7150374 1.8549181
v 4.5377203 3.5451439 1.9161117
v 4.5309569 3.4494397 1.9570756
v 4.5616320 3.5451439 1.9290966
v 4.5948623 3.7150374 1.8679031
v 4.5206880 3.8012348 1.9741971
v 4.5025815 3.7497318 1.9879457
v 4.4790673 3.6350999 2.0283221
v 4.4736594 3.5719709 2.0549498
v 4.4941507 3.6350999 2.0371063
v 4.5176649 3.7497318 1.9967299
v 4.4603076 3.9056862 2.0773690
v 4.4342794 3.8301471 2.0972042
v 4.4005982 3.6729369 2.1512522
v 4.3929452 3.5912658 2.1854650
v 4.4202871 3.6729369 2.1635217
v 4.4539683 3.8301471 2.1094737
v 4.3904605 3.9749068 2.1893084
v 4.3623151 3.8924304 2.2104350
v 4.3268406 3.7332939 2.2637325
v 4.3195116 3.6566337 2.2959034
v 4.3463604 3.7332939 2.2767248
v 4.3818349 3.8924304 2.2234272
v 4.3128115 4.0193621 2.3056379
v 4.2861649 3.9417999 2.3247045
v 4.2535639 3.8007533 2.3706320
v 4.2476095 3.7372689 2.3974929
v 4.2710022 3.8007533 2.3830103
v 4.3036032 3.9417999 2.3370828
v 4.2244109 4.0284456 2.4289653
v 4.2048986 3.9729391 2.4417734
v 4.1813600 3.8744015 2.4729043
v 4.1773337 3.8313704 2.4912270
v 4.1938658 3.8744015 2.4823602
v 4.2174044 3.9729391 2.4512293
v 4.1409911 4.0684212 2.5379132
v 4.1229717 4.0189679 2.5483344
v 4.1008537 3.9291057 2.5758207
v 4.0967551 3.8886969 2.5928859
v 4.1125483 3.9291057 2.5852312
v 4.1346663 4.0189679 2.5577449
v 4.0615814 4.1320135 2.6355278
v 4.0403975 4.0762379 2.6459497
v 4.0129342 3.9676370 2.6780390
v 4.0066548 3.9148116 2.6997065
v 4.0270926 3.9676370 2.6901564
v 4.0545559 4.0762379 2.6580670
v 3.9673421 4.1440604 2.7439480
v 3.9528399 4.1071590 2.7499617
v 3.9324946 4.0286418 2.7723218
v 3.9266515 3.9870261 2.7886682
v 3.9423752 4.0286418 2.7813120
v 3.9627205 4.1071590 2.7589519
v 3.8769428 4.1778136 2.8414264
v 3.8652186 4.1483489 2.8457014
v 3.8475356 4.0815786 2.8639834
v 3.8415768 4.0442729 2.8779903
v 3.8553776 4.0815786 2.8715684
v 3.8730605 4.1483489 2.8532864
v 3.7850228 4.2113145 2.9344352
v 3.7761846 4.1888220 2.9374982
v 3.7623533 4.1375983 2.9509486
v 3.7573603 4.1088670 2.9613361
v 3.7678831 4.1375983 2.9566350
v 3.7817144 4.1888220 2.9431845
v 3.6979358 4.2670086 3.0173314
v 3.6875127 4.2397960 3.0209409
v 3.6712979 4.1807615 3.0357671
v 3.6655061 4.1489396 3.0469839
v 3.6771952 4.1807615 3.0422168
v 3.6934100 4.2397960 3.0273906
v 3.6013673 4.2918954 3.1035958
v 3.5949610 4.2747669 3.1058000
v 3.5853437 4.2402692 3.1140630
v 3.5821327 4.2229001 3.1201219
v 3.5886061 4.2402692 3.1178601
v 3.5982234 4.2747669 3.1095970
v 3.4996318 4.3019106 3.1885400
v 3.4995543 4.3017005 3.1885668
v 3.4994437 4.3013065 3.1886588
v 3.4994106 4.3011226 3.1887241
v 3.4994808 4.3013065 3.1887033
v 3.4995913 4.3017005 3.1886113
v 3.9198608 3.5653981 2.7201241
v 3.9197550 3.5651990 2.7201852
v 3.9195815 3.5647746 2.7203655
v 3.9195137 3.5645492 2.7204849
v 3.9196304 3.5647746 2.7204126
v 3.9198039 3.5651990 2.7202322
v 3.8623943 3.6908228 2.7804624
v 3.8473681 3.6623621 2.7893451
v 3.8239365 3.6061115 2.8130861
v 3.8155310 3.5783216 2.8279444
v 3.8302778 3.6061115 2.8193448
v 3.8537095 3.6623621 2.7956038
v 3.7934837 3.7882726 2.8500394
v 3.7705715 3.7455011 2.8632020
v 3.7364347 3.6664408 2.8960653
v 3.7252102 3.6301520 2.9157662
v 3.7453233 3.6664408 2.9052983
v 3.7794600 3.7455011 2.8724349
v 3.7064783 3.8454710 2.9333570
v 3.6861564 3.8084412 2.9443469
v 3.6567022 3.7425012 2.9712806
v 3.6475699 3.7135909 2.9872243
v 3.6642648 3.7425012 2.9795508
v 3.6937190 3.8084412 2.9526172
v 3.6430122 3.9562539 2.9919006
v 3.6100346 3.8980639 3.0081282
v 3.5619049 3.7937093 3.0499126
v 3.5467529 3.7475446 3.0754692
v 3.5741843 3.7937093 3.0640566
v 3.6223139 3.8980639 3.0222723
v 3.5619100 4.0288892 3.0629494
v 3.5263887 3.9684672 3.0783498
v 3.4719369 3.8539105 3.1232024
v 3.4530063 3.7997758 3.1526544
v 3.4855391 3.8539105 3.1397157
v 3.5399909 3.9684672 3.0948632
v 3.4783399 4.0974119 3.1324739
v 3.4413469 4.0366327 3.1463675
v 3.3798906 3.9109490 3.1943582
v 3.3554273 3.8460447 3.2284553
v 3.3944373 3.9109490 3.2129866
v 3.4558936 4.0366327 3.1649958
v 3.3782548 4.1338897 3.2107059
v 3.3499944 4.0885589 3.2201030
v 3.2991893 3.9873765 3.2576757
v 3.2766446 3.9315248 3.2858513
v 3.3101876 3.9873765 3.2725474
v 3.3609927 4.0885589 3.2349747
v 3.3054135 4.2254057 3.2651934
v 3.2691547 4.1677527 3.2765370
v 3.2012231 4.0357674 3.3240571
v 3.1695503 3.9614352 3.3602337
v 3.2143937 4.0357674 3.3428849
v 3.2823253 4.1677527 3.2953648
v 3.2455499 4.3407293 3.3087184
v 3.1939512 4.2585644 3.3247078
v 3.0981536 4.0766677 3.3880020
v 3.0539546 3.9769358 3.4353068
v 3.1148051 4.0766677 3.4132046
v 3.2106028 4.2585644 3.3499104
v 3.1552492 4.3974676 3.3698679
v 3.1065859 4.3197642 3.3848951
v 3.0202393 4.1592603 3.4386856
v 2.9825562 4.0764598 3.4774487
v 3.0339617 4.1592603 3.4607132
v 3.1203082 4.3197642 3.4069228
v 3.0710756 4.4655881 3.4238756
v 3.0213482 4.3863031 3.4387368
v 2.9380034 4.2343746 3.4875914
v 2.9043860 4.1617312 3.5215849
v 2.9504701 4.2343746 3.5088593
v 3.0338149 4.3863031 3.4600047
v 2.9790311 4.5191244 3.4792055
v 2.9323167 4.4451659 3.4920932
v 2.8575242 4.3112334 3.5332477
v 2.8294460 4.2512595 3.5615145
v 2.8683509 4.3112334 3.5529239
v 2.9431435 4.4451659 3.5117694
v 2.9295539 4.6474123 3.5091203
v 2.8615281 4.5409896 3.5254117
v 2.7543063 4.3520496 3.5806400
v 2.7151102 4.2695323 3.6195769
v 2.7695699 4.3520496 3.6102731
v 2.8767917 4.5409896 3.5550449
v 2.8153498 4.6605887 3.5696675
v 2.7622796 4.5788127 3.5798261
v 2.6763067 4.4294769 3.6211440
v 2.6434039 4.3619171 3.6523033
v 2.6882898 4.4294769 3.6460781
v 2.7742627 4.5788127 3.6047602
v 2.7085391 4.6867484 3.6220386
v 2.6662956 4.6226536 3.6278170
v 2.5929140 4.4967891 3.6605955
v 2.5617758 4.4350194 3.6875955
v 2.6026638 4.4967891 3.6824226
v 2.6760454 4.6226536 3.6496441
v 2.6164712 4.7374784 3.6640272
v 2.5770237 4.6782782 3.6674270
v 2.5021783 4.5512931 3.6983593
v 2.4667804 4.4835083 3.7258918
v 2.5112878 4.5512931 3.7204010
v 2.5861331 4.6782782 3.6894686
v 2.5427763 4.8178181 3.6957737
v 2.4962869 4.7481795 3.6982003
v 2.4021132 4.5898524 3.7340153
v 2.3544289 4.5011638 3.7674036
v 2.4122493 4.5898524 3.7606677
v 2.5064230 4.7481795 3.7248528
v 2.4650360 4.8894415 3.7269023
v 2.4144783 4.8131694 3.7288230
v 2.3106871 4.6399481 3.7649094
v 2.2574535 4.5429989 3.7990751
v 2.3204005 4.6399481 3.7928468
v 2.4241917 4.8131694 3.7567604
v 2.3538616 4.9036233 3.7662933
v 2.3179645 4.8488611 3.7674911
v 2.2468632 4.7308501 3.7899118
v 2.2116591 4.6676013 3.8111347
v 2.2526694 4.7308501 3.8083246
v 2.3237707 4.8488611 3.7859039
v 2.2884066 4.9917725 3.7883099
v 2.2424687 4.9209367 3.7894836
v 2.1568452 4.7793419 3.8137317
v 2.1171597 4.7085830 3.8368060
v 2.1630511 4.7793419 3.8356455
v 2.2486745 4.9209367 3.8113974
v 2.2103616 5.0568227 3.8119990
v 2.1615191 4.9808419 3.8123541
v 2.0757122 4.8391946 3.8339077
v 2.0387478 4.7735283 3.8551060
v 2.0813420 4.8391946 3.8563204
v 2.1671489 4.9808419 3.8347668
v 2.1354906 5.1248104 3.8326833
v 2.0823745 5.0415751 3.8314086
v 1.9923300 4.8929071 3.8511502
v 1.9554017 4.8274744 3.8721664
v 1.9977354 4.8929071 3.8758050
v 2.0877798 5.0415751 3.8560634
v 2.0163859 5.1172224 3.8595282
v 1.9825712 5.0638620 3.8572088
v 1.9249802 4.9685702 3.8679950
v 1.9012039 4.9266388 3.8811006
v 1.9281114 4.9685702 3.8847136
v 1.9857024 5.0638620 3.8739274
v 1.9251915 5.1529286 3.8770581
v 1.8964012 5.1071208 3.8734658
v 1.8447046 5.0212204 3.8814920
v 1.8217982 4.9811278 3.8931104
v 1.8471490 5.0212204 3.8972366
v 1.8988456 5.1071208 3.8892104
v 1.8489438 5.2105773 3.8895125
v 1.8179306 5.1606609 3.8837416
v 1.7570269 5.0588183 3.8912367
v 1.7271364 5.0068922 3.9045026
v 1.7593515 5.0588183 3.9101256
v 1.8202552 5.1606609 3.9026305
v 1.7581537 5.2407902 3.9009662
v 1.7330935 5.1997799 3.8949660
v 1.6792951 5.1090480 3.8998423
v 1.6505569 5.0593264 3.9107188
v 1.6807824 5.1090480 3.9162509
v 1.7345808 5.1997799 3.9113746
v 1.6708918 5.2734388 3.9088942
v 1.6505389 5.2394022 3.9033453
v 1.6048233 5.1614644 3.9059923
v 1.5794607 5.1175633 3.9141881
v 1.6055998 5.1614644 3.9194020
v 1.6513153 5.2394022 3.9167550
v 1.5815778 5.2987800 3.9137084
v 1.5674981 5.2746463 3.9096584
v 1.5363212 5.2207899 3.9104304
v 1.5192240 5.1910673 3.9152524
v 1.5365390 5.2207899 3.9192223
v 1.5677158 5.2746463 3.9184503
v 1.5158606 5.3613133 3.9153427
v 1.4967838 5.3277539 3.9096499
v 1.4568265 5.2576421 3.9092958
v 1.4359460 5.2210897 3.9146344
v 1.4567285 5.2576421 3.9203423
v 1.4966859 5.3277539 3.9206964
v 1.4323246 5.3888965 3.9143301
v 1.4178064 5.3626478 3.9097219
v 1.3893607 5.3118181 3.9084965
v 1.3754332 5.2872371 3.9118794
v 1.3890182 5.3118181 3.9164474
v 1.4174639 5.3626478 3.9176728
v 1.3467867 5.4082782 3.9099643
v 1.3384247 5.3926978 3.9070286
v 1.3228610 5.3642998 3.9058149
v 1.3156593 5.3514824 3.9075369
v 1.3225070 5.3642998 3.9103545
v 1.3380707 5.3926978 3.9115682
v 1.2581630 5.4167206 3.9017780
v 1.2580636 5.4165321 3.9017402
v 1.2578822 5.4161974 3.9017229
v 1.2578004 5.4160512 3.9017433
v 1.2578769 5.4161974 3.9017788
v 1.2580582 5.4165321 3.9017962
v 1.2602373 4.7129907 3.9136118
v 1.2600712 4.7127453 3.9135651
v 1.2597516 4.7122783 3.9135501
v 1.2595981 4.7120567 3.9135818
v 1.2597480 4.7122783 3.9136277
v 1.2600676 4.7127453 3.9136427
v 1.2172260 4.8252995 3.9121605
v 1.1979711 4.7969254 3.9065490
v 1.1627446 4.7457385 3.9043757
v 1.1467730 4.7229255 3.9078140
v 1.1622008 4.7457385 3.9131894
v 1.1974273 4.7969254 3.9153627
v 1.1388584 4.8837784 3.9073519
v 1.1187105 4.8541682 3.9006957
v 1.0821455 4.8015702 3.8973532
v 1.0657285 4.7785824 3.9006669
v 1.0812726 4.8015702 3.9069023
v 1.1178376 4.8541682 3.9102448
v 1.0766780 4.9634520 3.9022273
v 1.0484744 4.9219634 3.8914376
v 0.9950715 4.8457871 3.8849457
v 0.9698721 4.8110996 3.8892436
v 0.9933079 4.8457871 3.8994538
v 1.0467108 4.9219634 3.9059456
v 1.0067906 5.0299378 3.8945652
v 0.9751078 4.9830975 3.8805077
v 0.9096286 4.8903153 3.8705407
v 0.8758322 4.8443735 3.8746311
v 0.9068809 4.8903153 3.8885921
v 0.9723601 4.9830975 3.8985591
v 0.9441450 5.1045192 3.8863317
v 0.9063360 5.0481901 3.8673469
v 0.8199797 4.9264208 3.8515053
v 0.7714324 4.8609805 3.8546483
v 0.8157030 4.9264208 3.8748184
v 0.9020593 5.0481901 3.8906601
v 0.8474548 5.1290332 3.8692553
v 0.8201990 5.0881379 3.8544714
v 0.7538838 4.9949112 3.8401919
v 0.7148242 4.9425800 3.8406962
v 0.7502146 4.9949112 3.8572317
v 0.8165299 5.0881379 3.8715113
v 0.7904917 5.2072472 3.8582298
v 0.7556859 5.1548027 3.8387161
v 0.6711421 5.0360853 3.8177536
v 0.6214041 4.9698124 3.8163046
v 0.6660576 5.0360853 3.8382600
v 0.7506014 5.1548027 3.8592225
v 0.7472077 5.3024078 3.8497543
v 0.6991437 5.2297866 3.8223831
v 0.5885505 5.0743629 3.7912620
v 0.5260212 4.9915604 3.7875120
v 0.5813298 5.0743629 3.8169219
v 0.6919230 5.2297866 3.8480430
v 0.6915290 5.3779585 3.8369384
v 0.6367361 5.2947904 3.8049463
v 0.5196579 5.1297844 3.7679745
v 0.4573727 5.0479465 3.7629950
v 0.5112218 5.1297844 3.7946891
v 0.6283000 5.2947904 3.8316608
v 0.6140780 5.4204909 3.8151396
v 0.5635504 5.3430894 3.7842116
v 0.4622499 5.1996132 3.7486334
v 0.4114770 5.1335384 3.7439831
v 0.4540073 5.1996132 3.7721023
v 0.5553078 5.3430894 3.8076805
v 0.5274915 5.4473797 3.7867925
v 0.4863478 5.3833508 3.7597325
v 0.4063430 5.2692281 3.7287059
v 0.3674818 5.2191344 3.7247393
v 0.3988564 5.2692281 3.7480107
v 0.4788612 5.3833508 3.7790374
v 0.5006499 5.5572115 3.7800127
v 0.4427034 5.4648484 3.7381393
v 0.3278444 5.2994671 3.6892431
v 0.2709319 5.2264489 3.6822204
v 0.3154431 5.2994671 3.7183744
v 0.4303021 5.4648484 3.7672705
v 0.4135623 5.5778616 3.7458196
v 0.3672037 5.5015008 3.7084175
v 0.2682045 5.3572774 3.6623771
v 0.2155639 5.2894148 3.6537390
v 0.2560892 5.3572774 3.6884283
v 0.3550884 5.5015008 3.7344686
v 0.3350151 5.6074848 3.7116433
v 0.2970174 5.5423671 3.6773400
v 0.2062980 5.4083238 3.6314329
v 0.1535763 5.3393981 3.6198291
v 0.1941512 5.4083238 3.6554367
v 0.2848706 5.5423671 3.7013438
v 0.2525428 5.6275260 3.6714466
v 0.2248375 5.5781521 3.6440126
v 0.1516949 5.4682618 3.6038699
v 0.1062577 5.4077455 3.5911613
v 0.1413793 5.4682618 3.6226657
v 0.2145219 5.5781521 3.6628083
v 0.2160269 5.7136218 3.6540310
v 0.1795723 5.6466569 3.6158416
v 0.0794647 5.4933185 3.5564120
v 0.0158115 5.4069450 3.5351717
v 0.0649371 5.4933185 3.5808833
v 0.1650447 5.6466569 3.6403129
v 0.1720091 5.7862221 3.6312851
v 0.1303794 5.7080903 3.5864175
v 0.0196132 5.5346348 3.5154418
v -0.0495232 5.4393110 3.4893337
v 0.0030851 5.5346348 3.5412360
v 0.1138513 5.7080903 3.6122116
v 0.0969037 5.8066578 3.5857531
v 0.0637373 5.7431023 3.5491282
v -0.0183442 5.6113122 3.4924548
v -0.0672593 5.5430776 3.4724062
v -0.0311786 5.6113122 3.5110432
v 0.0509029 5.7431023 3.5677166
v 0.0470735 5.8636886 3.5542877
v 0.0127627 5.7960580 3.5149103
v -0.0659979 5.6660043 3.4563885
v -0.1104478 5.6035812 3.4372440
v -0.0792906 5.6660043 3.4742782
v -0.0005300 5.7960580 3.5328000
v -0.0038930 5.9155801 3.5195782
v -0.0377438 5.8460764 3.4782902
v -0.1117803 5.7199456 3.4191429
v -0.1519659 5.6633185 3.4012836
v -0.1256735 5.7199456 3.4365334
v -0.0516370 5.8460764 3.4956807
v -0.0373625 5.9947093 3.4971771
v -0.0766342 5.9093331 3.4449721
v -0.1625730 5.7577730 3.3711955
v -0.2092399 5.6915892 3.3496239
v -0.1808508 5.7577730 3.3924864
v -0.0949121 5.9093331 3.4662630
v -0.1219385 5.9785984 3.4268649
v -0.1449518 5.9245771 3.3926522
v -0.1986566 5.8261834 3.3431195
v -0.2293482 5.7818109 3.3277993
v -0.2116015 5.8261834 3.3571546
v -0.1578966 5.9245771 3.4066874
v -0.1787042 6.0060323 3.3762216
v -0.1960432 5.9611899 3.3467714
v -0.2419337 5.8735182 3.3012931
v -0.2704851 5.8306891 3.2852649
v -0.2542000 5.8735182 3.3136706
v -0.2083095 5.9611899 3.3591489
v -0.2246446 6.0487927 3.3323834
v -0.2398248 6.0050520 3.3028055
v -0.2865425 5.9116141 3.2530354
v -0.3180799 5.8619169 3.2328432
v -0.2999215 5.9116141 3.2655939
v -0.2532039 6.0050520 3.3153640
v -0.2658712 6.0963320 3.2903423
v -0.2801788 6.0508808 3.2591912
v -0.3292438 5.9477115 3.2029547
v -0.3640012 5.8899935 3.1778691
v -0.3438597 5.9477115 3.2157067
v -0.2947948 6.0508808 3.2719433
v -0.3120493 6.1280536 3.2388990
v -0.3236867 6.0883698 3.2117869
v -0.3643334 5.9981098 3.1616050
v -0.3933426 5.9475337 3.1385351
v -0.3768001 5.9981098 3.1717029
v -0.3361535 6.0883698 3.2218848
v -0.3609409 6.1464371 3.1790808
v -0.3686289 6.1187516 3.1603831
v -0.3940351 6.0588834 3.1265432
v -0.4117533 6.0267006 3.1114011
v -0.4021568 6.0588834 3.1326409
v -0.3767506 6.1187516 3.1664807
v -0.3893511 6.2071751 3.1426216
v -0.3990885 6.1698668 3.1177042
v -0.4288726 6.0950007 3.0748176
v -0.4489194 6.0574429 3.0568483
v -0.4390828 6.0950007 3.0819085
v -0.4092987 6.1698668 3.1247951
v -0.4271629 6.2389790 3.0892094
v -0.4350252 6.2060659 3.0673772
v -0.4578497 6.1445211 3.0317576
v -0.4728119 6.1158894 3.0179702
v -0.4665374 6.1445211 3.0373245
v -0.4437129 6.2060659 3.0729441
v -0.4642506 6.2646438 3.0317384
v -0.4696828 6.2387427 3.0145954
v -0.4855982 6.1924225 2.9875925
v -0.4960815 6.1720034 2.9777326
v -0.4925328 6.1924225 2.9916797
v -0.4766174 6.2387427 3.0186827
v -0.5033449 6.2741035 2.9643785
v -0.5052925 6.2628615 2.9569288
v -0.5116329 6.2428088 2.9451890
v -0.5160257 6.2339983 2.9408987
v -0.5148470 6.2428088 2.9469248
v -0.5085066 6.2628615 2.9586647
v -0.5366729 6.2898539 2.9004091
v -0.5366998 6.2896684 2.9002853
v -0.5368046 6.2893217 2.9000822
v -0.5368825 6.2891606 2.9000028
v -0.5368630 6.2893217 2.9001123
v -0.5367582 6.2896684 2.9003155
v -0.5883122 5.8604185 2.9678901
v -0.5883922 5.8602092 2.9676955
v -0.5885915 5.8598369 2.9673861
v -0.5887108 5.8596739 2.9672713
v -0.5886556 5.8598369 2.9674274
v -0.5884563 5.8602092 2.9677369
v -0.6049607 5.9628004 2.9431850
v -0.6116280 5.9441749 2.9255851
v -0.6291234 5.9107201 2.8973984
v -0.6399514 5.8958908 2.8868115
v -0.6352693 5.9107201 2.9012131
v -0.6177739 5.9441749 2.9293998
v -0.6336643 6.0404538 2.8979701
v -0.6413640 6.0157468 2.8739839
v -0.6647325 5.9687312 2.8333533
v -0.6804013 5.9464226 2.8167088
v -0.6738937 5.9687312 2.8386224
v -0.6505252 6.0157468 2.8792530
v -0.6603553 6.1192646 2.8535812
v -0.6686091 6.0878383 2.8223367
v -0.6992719 6.0225752 2.7646369
v -0.7216808 5.9887384 2.7381816
v -0.7122945 6.0225752 2.7715573
v -0.6816317 6.0878383 2.8292571
v -0.6798984 6.2111401 2.8208819
v -0.6897940 6.1663738 2.7756659
v -0.7340198 6.0661929 2.6852833
v -0.7683501 6.0107783 2.6401166
v -0.7537537 6.0661929 2.6949394
v -0.7095278 6.1663738 2.7853221
v -0.7172698 6.2583340 2.7475233
v -0.7242394 6.2224510 2.7110627
v -0.7580754 6.1403339 2.6356488
v -0.7849419 6.0940998 2.5966955
v -0.7737071 6.1403339 2.6426623
v -0.7398711 6.2224510 2.7180762
v -0.7380790 6.3404689 2.7058248
v -0.7460405 6.2958524 2.6605043
v -0.7836410 6.1973501 2.5686438
v -0.8132799 6.1434643 2.5221036
v -0.8017801 6.1973501 2.5760685
v -0.7641796 6.2958524 2.6679290
v -0.7558976 6.4280197 2.6694032
v -0.7651022 6.3717869 2.6123761
v -0.8056795 6.2560574 2.5030408
v -0.8370522 6.1965607 2.4507326
v -0.8267032 6.2560574 2.5108433
v -0.7861259 6.3717869 2.6201786
v -0.7668031 6.5350484 2.6518685
v -0.7779067 6.4572575 2.5730132
v -0.8252860 6.3086797 2.4311429
v -0.8615618 6.2378929 2.3681279
v -0.8526917 6.3086797 2.4402953
v -0.8053124 6.4572575 2.5821656
v -0.7956807 6.5815026 2.5765879
v -0.8034882 6.5122103 2.5062799
v -0.8393900 6.3869659 2.3856867
v -0.8674842 6.3310138 2.3354016
v -0.8635007 6.3869659 2.3928648
v -0.8275990 6.5122103 2.5134579
v -0.8246149 6.6148715 2.4883449
v -0.8285863 6.5603629 2.4329492
v -0.8531782 6.4635701 2.3391809
v -0.8737987 6.4212857 2.3008083
v -0.8729331 6.4635701 2.3443619
v -0.8483412 6.5603629 2.4381302
v -0.8359697 6.7091225 2.4591542
v -0.8376661 6.6386727 2.3874800
v -0.8662060 6.5096893 2.2620415
v -0.8930494 6.4511556 2.2082772
v -0.8939897 6.5096893 2.2683629
v -0.8654498 6.6386727 2.3938013
v -0.8552408 6.7609739 2.3890068
v -0.8532773 6.6954732 2.3224324
v -0.8776113 6.5663082 2.1966051
v -0.9039089 6.5026441 2.1373522
v -0.9062185 6.5663082 2.2021375
v -0.8818844 6.6954732 2.3279648
v -0.8712708 6.8156161 2.3218728
v -0.8662566 6.7533343 2.2588794
v -0.8871219 6.6192291 2.1283013
v -0.9130013 6.5474058 2.0607165
v -0.9165309 6.6192291 2.1330006
v -0.8956657 6.7533343 2.2635787
v -0.8889986 6.8356195 2.2215487
v -0.8840912 6.7935173 2.1793835
v -0.8958795 6.6976642 2.0862947
v -0.9125752 6.6439133 2.0353710
v -0.9160500 6.6976642 2.0888490
v -0.9042617 6.7935173 2.1819378
v -0.8950142 6.9326415 2.1965752
v -0.8867675 6.8718275 2.1365018
v -0.8992766 6.7339236 2.0032062
v -0.9200324 6.6568336 1.9299840
v -0.9268028 6.7339236 2.0057894
v -0.9142936 6.8718275 2.1390850
v -0.9021061 7.0165424 2.1592325
v -0.8913561 6.9431728 2.0878722
v -0.9006370 6.7855858 1.9365869
v -0.9206679 6.7013686 1.8566619
v -0.9307792 6.7855858 1.9384360
v -0.9214983 6.9431728 2.0897213
v -0.9095418 7.0700587 2.0932941
v -0.8981912 6.9988998 2.0251989
v -0.9021112 6.8571759 1.8903481
v -0.9173816 6.7866109 1.8235923
v -0.9287486 6.8571759 1.8911224
v -0.9248287 6.9988998 2.0259732
v -0.9146192 7.1101654 2.0156172
v -0.9033497 7.0474757 1.9566523
v -0.9030139 6.9309330 1.8469709
v -0.9139476 6.8770799 1.7962544
v -0.9251916 6.9309330 1.8469030
v -0.9255274 7.0474757 1.9565845
v -0.9170831 7.1627067 1.9507932
v -0.9043741 7.1018035 1.8945935
v -0.9008297 6.9931399 1.7936504
v -0.9099943 6.9453796 1.7489068
v -0.9222746 6.9931399 1.7928974
v -0.9258190 7.1018035 1.8938406
v -0.9197709 7.2541123 1.9226364
v -0.9003348 7.1750796 1.8512957
v -0.8916511 7.0337689 1.7219876
v -0.9024036 6.9714909 1.6640203
v -0.9208101 7.0337689 1.7200294
v -0.9294937 7.1750796 1.8493375
v -0.9147959 7.2585031 1.8161713
v -0.8991191 7.2043475 1.7685321
v -0.8900206 7.1024444 1.6768657
v -0.8965989 7.0546968 1.6328385
v -0.9117036 7.1024444 1.6747135
v -0.9208022 7.2043475 1.7663799
v -0.9086847 7.2924680 1.7386120
v -0.8938116 7.2478859 1.7005440
v -0.8832112 7.1565334 1.6199259
v -0.8874838 7.1097629 1.5773758
v -0.9026109 7.1565334 1.6173751
v -0.9132114 7.2478859 1.6979932
v -0.9003238 7.3302023 1.6662721
v -0.8865424 7.2927779 1.6353273
v -0.8747807 7.2097342 1.5635766
v -0.8768004 7.1641149 1.5227708
v -0.8917425 7.2097342 1.5607962
v -0.9035042 7.2927779 1.6325468
v -0.8953586 7.4030165 1.6254574
v -0.8767111 7.3546654 1.5867280
v -0.8583308 7.2439414 1.4932552
v -0.8585981 7.1815686 1.4385117
v -0.8795733 7.2439414 1.4890781
v -0.8979535 7.3546654 1.5825510
v -0.8841209 7.4460972 1.5606648
v -0.8666139 7.4011297 1.5257177
v -0.8476865 7.3010284 1.4433182
v -0.8462661 7.2458946 1.3958659
v -0.8656954 7.3010284 1.4391815
v -0.8846228 7.4011297 1.5215810
v -0.8673651 7.4721543 1.4839780
v -0.8542594 7.4385151 1.4586154
v -0.8394961 7.3684903 1.4025246
v -0.8378385 7.3321046 1.3717964
v -0.8515232 7.3684903 1.3993590
v -0.8662865 7.4385151 1.4554498
v -0.8552961 7.5292776 1.4340010
v -0.8401575 7.4908573 1.4059746
v -0.8230147 7.4167105 1.3482984
v -0.8210105 7.3809840 1.3186487
v -0.8355263 7.4167105 1.3445797
v -0.8526691 7.4908573 1.4022558
v -0.8387799 7.5731207 1.3751103
v -0.8237232 7.5359751 1.3490217
v -0.8068225 7.4684172 1.2980944
v -0.8049785 7.4380049 1.2732558
v -0.8183507 7.4684172 1.2942687
v -0.8352514 7.5359751 1.3451959
v -0.8196480 7.6129373 1.3149943
v -0.8050508 7.5784891 1.2918544
v -0.7886797 7.5173347 1.2472713
v -0.7869057 7.4906286 1.2258279
v -0.7994303 7.5173347 1.2433236
v -0.8158014 7.5784891 1.2879068
v -0.7898670 7.6207489 1.2342515
v -0.7825415 7.6044047 1.2238361
v -0.7741142 7.5747097 1.2029437
v -0.7730124 7.5613589 1.1924666
v -0.7794883 7.5747097 1.2007760
v -0.7879156 7.6044047 1.2216684
v -0.7651271 7.6534755 1.1739186
v -0.7597533 7.6421785 1.1671461
v -0.7531903 7.6201876 1.1522459
v -0.7520011 7.6094937 1.1441182
v -0.7571949 7.6201876 1.1504820
v -0.7637579 7.6421785 1.1653822
v -0.7347249 7.6728494 1.1071129
v -0.7346383 7.6726744 1.1070120
v -0.7345246 7.6723021 1.1067647
v -0.7344977 7.6721048 1.1066183
v -0.7345912 7.6723021 1.1067341
v -0.7347048 7.6726744 1.1069814
vt 1.0000000 0.0000000
vt 0.8535534 0.0000000
vt 0.5000000 0.0000000
vt 0.1464466 0.0000000
vt 0.0000000 0.0000000
vt 0.1464466 0.0000000
vt 0.5000000 0.0000000
vt 0.8535534 0.0000000
vt 1.0000000 0.0120000
vt 0.8535534 0.0120000
vt 0.5000000 0.0120000
vt 0.1464466 0.0120000
vt 0.0000000 0.0120000
vt 0.1464466 0.0120000
vt 0.5000000 0.0120000
vt 0.8535534 0.0120000
vt 1.0000000 0.0240000
vt 0.8535534 0.0240000
vt 0.5000000 0.0240000
vt 0.1464466 0.0240000
vt 0.0000000 0.0240000
vt 0.1464466 0.0240000
vt 0.5000000 0.0240000
vt 0.8535534 0.0240000
vt 1.0000000 0.0360000
vt 0.8535534 0.0360000
vt 0.5000000 0.0360000
vt 0.1464466 0.0360000
vt 0.0000000 0.0360000
vt 0.1464466 0.0360000
vt 0.5000000 0.0360000
vt 0.8535534 0.0360000
vt 1.0000000 0.0480000
vt 0.8535534 0.0480000
vt 0.5000000 0.0480000
vt 0.1464466 0.0480000
vt 0.0000000 0.0480000
vt 0.1464466 0.0480000
vt 0.5000000 0.0480000
vt 0.8535534 0.0480000
vt 1.0000000 0.0600000
vt 0.8535534 0.0600000
vt 0.5000000 0.0600000
vt 0.1464466 0.0600000
vt 0.0000000 0.0600000
vt 0.1464466 0.0600000
vt 0.5000000 0.0600000
vt 0.8535534 0.0600000
vt 1.0000000 0.0720000
vt 0.8535534 0.0720000
vt 0.5000000 0.0720000
vt 0.1464466 0.0720000
vt 0.0000000 0.0720000
vt 0.1464466 0.0720000
vt 0.5000000 0.0720000
vt 0.8535534 0.0720000
vt 1.0000000 0.0840000
vt 0.8535534 0.0840000
vt 0.5000000 0.0840000
vt 0.1464466 0.0840000
vt 0.0000000 0.0840000
vt 0.1464466 0.0840000
vt 0.5000000 0.0840000
vt 0.8535534 0.0840000
vt 1.0000000 0.0960000
vt 0.8535534 0.0960000
vt 0.5000000 0.0960000
vt 0.1464466 0.0960000
vt 0.0000000 0.0960000
vt 0.1464466 0.0960000
vt 0.5000000 0.0960000
vt 0.8535534 0.0960000
vt 1.0000000 0.1080000
vt 0.8535534 0.1080000
vt 0.5000000 0.1080000
vt 0.1464466 0.1080000
vt 0.0000000 0.1080000
vt 0.1464466 0.1080000
vt 0.5000000 0.1080000
vt 0.8535534 0.1080000
vt 1.0000000 0.1200000
vt 0.8535534 0.1200000
vt 0.5000000 0.1200000
vt 0.1464466 0.1200000
vt 0.0000000 0.1200000
vt 0.1464466 0.1200000
vt 0.5000000 0.1200000
vt 0.8535534 0.1200000
vt 1.0000000 0.1320000
vt 0.8535534 0.1320000
vt 0.5000000 0.1320000
vt 0.1464466 0.1320000
vt 0.0000000 0.1320000
vt 0.1464466 0.1320000
vt 0.5000000 0.1320000
vt 0.8535534 0.1320000
vt 1.0000000 0.1440000
vt 0.8535534 0.1440000
vt 0.5000000 0.1440000
vt 0.1464466 0.1440000
vt 0.0000000 0.1440000
vt 0.1464466 0.1440000
vt 0.5000000 0.1440000
vt 0.8535534 0.1440000
vt 1.0000000 0.1560000
vt 0.8535534 0.1560000
vt 0.5000000 0.1560000
vt 0.1464466 0.1560000
vt 0.0000000 0.1560000
vt 0.1464466 0.1560000
vt 0.5000000 0.1560000
vt 0.8535534 0.1560000
vt 1.0000000 0.1680000
vt 0.8535534 0.1680000
vt 0.5000000 0.1680000
vt 0.1464466 0.1680000
vt 0.0000000 0.1680000
vt 0.1464466 0.1680000
vt 0.5000000 0.1680000
vt 0.8535534 0.1680000
vt 1.0000000 0.1800000
vt 0.8535534 0.1800000
vt 0.5000000 0.1800000
vt 0.1464466 0.1800000
vt 0.0000000 0.1800000
vt 0.1464466 0.1800000
vt 0.5000000 0.1800000
vt 0.8535534 0.1800000
vt 1.0000000 0.1920000
vt 0.8535534 0.1920000
vt 0.5000000 0.1920000
vt 0.1464466 0.1920000
vt 0.0000000 0.1920000
vt 0.1464466 0.1920000
vt 0.5000000 0.1920000
vt 0.8535534 0.1920000
vt 1.0000000 0.2040000
vt 0.8535534 0.2040000
vt 0.5000000 0.2040000
vt 0.1464466 0.2040000
vt 0.0000000 0.2040000
vt 0.1464466 0.2040000
vt 0.5000000 0.2040000
vt 0.8535534 0.2040000
vt 1.0000000 0.2160000
vt 0.8535534 0.2160000
vt 0.5000000 0.2160000
vt 0.1464466 0.2160000
vt 0.0000000 0.2160000
vt 0.1464466 0.2160000
vt 0.5000000 0.2160000
vt 0.8535534 0.2160000
vt 1.0000000 0.2280000
vt 0.8535534 0.2280000
vt 0.5000000 0.2280000
vt 0.1464466 0.2280000
vt 0.0000000 0.2280000
vt 0.1464466 0.2280000
vt 0.5000000 0.2280000
vt 0.8535534 0.2280000
vt 1.0000000 0.2400000
vt 0.8535534 0.2400000
vt 0.5000000 0.2400000
vt 0.1464466 0.2400000
vt 0.0000000 0.2400000
vt 0.1464466 0.2400000
vt 0.5000000 0.2400000
vt 0.8535534 0.2400000
vt 1.0000000 0.2520000
vt 0.8535534 0.2520000
vt 0.5000000 0.2520000
vt 0.1464466 0.2520000
vt 0.0000000 0.2520000
vt 0.1464466 0.2520000
vt 0.5000000 0.2520000
vt 0.8535534 0.2520000
vt 1.0000000 0.2640000
vt 0.8535534 0.2640000
vt 0.5000000 0.2640000
vt 0.1464466 0.2640000
vt 0.0000000 0.2640000
vt 0.1464466 0.2640000
vt 0.5000000 0.2640000
vt 0.8535534 0.2640000
vt 1.0000000 0.2760000
vt 0.8535534 0.2760000
vt 0.5000000 0.2760000
vt 0.1464466 0.2760000
vt 0.0000000 0.2760000
vt 0.1464466 0.2760000
vt 0.5000000 0.2760000
vt 0.8535534 0.2760000
vt 1.0000000 0.2880000
vt 0.8535534 0.2880000
vt 0.5000000 0.2880000
vt 0.1464466 0.2880000
vt 0.0000000 0.2880000
vt 0.1464466 0.2880000
vt 0.5000000 0.2880000
vt 0.8535534 0.2880000
vt 1.0000000 0.3000000
vt 0.8535534 0.3000000
vt 0.5000000 0.3000000
vt 0.1464466 0.3000000
vt 0.0000000 0.3000000
vt 0.1464466 0.3000000
vt 0.5000000 0.3000000
vt 0.8535534 0.3000000
vt 1.0000000 0.3120000
vt 0.8535534 0.3120000
vt 0.5000000 0.3120000
vt 0.1464466 0.3120000
vt 0.0000000 0.3120000
vt 0.1464466 0.3120000
vt 0.5000000 0.3120000
vt 0.8535534 0.3120000
vt 1.0000000 0.3240000
vt 0.8535534 0.3240000
vt 0.5000000 0.3240000
vt 0.1464466 0.3240000
vt 0.0000000 0.3240000
vt 0.1464466 0.3240000
vt 0.5000000 0.3240000
vt 0.8535534 0.3240000
vt 1.0000000 0.3360000
vt 0.8535534 0.3360000
vt 0.5000000 0.3360000
vt 0.1464466 0.3360000
vt 0.0000000 0.3360000
vt 0.1464466 0.3360000
vt 0.5000000 0.3360000
vt 0.8535534 0.3360000
vt 1.0000000 0.3480000
vt 0.8535534 0.3480000
vt 0.5000000 0.3480000
vt 0.1464466 0.3480000
vt 0.0000000 0.3480000
vt 0.1464466 0.3480000
vt 0.5000000 0.3480000
vt 0.8535534 0.3480000
vt 1.0000000 0.3600000
vt 0.8535534 0.3600000
vt 0.5000000 0.3600000
vt 0.1464466 0.3600000
vt 0.0000000 0.3600000
vt 0.1464466 0.3600000
vt 0.5000000 0.3600000
vt 0.8535534 0.3600000
vt 1.0000000 0.3720000
vt 0.8535534 0.3720000
vt 0.5000000 0.3720000
vt 0.1464466 0.3720000
vt 0.0000000 0.3720000
vt 0.1464466 0.3720000
vt 0.5000000 0.3720000
vt 0.8535534 0.3720000
vt 1.0000000 0.3840000
vt 0.8535534 0.3840000
vt 0.5000000 0.3840000
vt 0.1464466 0.3840000
vt 0.0000000 0.3840000
vt 0.1464466 0.3840000
vt 0.5000000 0.3840000
vt 0.8535534 0.3840000
vt 1.0000000 0.3960000
vt 0.8535534 0.3960000
vt 0.5000000 0.3960000
vt 0.1464466 0.3960000
vt 0.0000000 0.3960000
vt 0.1464466 0.3960000
vt 0.5000000 0.3960000
vt 0.8535534 0.3960000
vt 1.0000000 0.4080000
vt 0.8535534 0.4080000
vt 0.5000000 0.4080000
vt 0.1464466 0.4080000
vt 0.0000000 0.4080000
vt 0.1464466 0.4080000
vt 0.5000000 0.4080000
vt 0.8535534 0.4080000
vt 1.0000000 0.4200000
vt 0.8535534 0.4200000
vt 0.5000000 0.4200000
vt 0.1464466 0.4200000
vt 0.0000000 0.4200000
vt 0.1464466 0.4200000
vt 0.5000000 0.4200000
vt 0.8535534 0.4200000
vt 1.0000000 0.4320000
vt 0.8535534 0.4320000
vt 0.5000000 0.4320000
vt 0.1464466 0.4320000
vt 0.0000000 0.4320000
vt 0.1464466 0.4320000
vt 0.5000000 0.4320000
vt 0.8535534 0.4320000
vt 1.0000000 0.4440000
vt 0.8535534 0.4440000
vt 0.5000000 0.4440000
vt 0.1464466 0.4440000
vt 0.0000000 0.4440000
vt 0.1464466 0.4440000
vt 0.5000000 0.4440000
vt 0.8535534 0.4440000
vt 1.0000000 0.4560000
vt 0.8535534 0.4560000
vt 0.5000000 0.4560000
vt 0.1464466 0.4560000
vt 0.0000000 0.4560000
vt 0.1464466 0.4560000
vt 0.5000000 0.4560000
vt 0.8535534 0.4560000
vt 1.0000000 0.4680000
vt 0.8535534 0.4680000
vt 0.5000000 0.4680000
vt 0.1464466 0.4680000
vt 0.0000000 0.4680000
vt 0.1464466 0.4680000
vt 0.5000000 0.4680000
vt 0.8535534 0.4680000
vt 1.0000000 0.4800000
vt 0.8535534 0.4800000
vt 0.5000000 0.4800000
vt 0.1464466 0.4800000
vt 0.0000000 0.4800000
vt 0.1464466 0.4800000
vt 0.5000000 0.4800000
vt 0.8535534 0.4800000
vt 1.0000000 0.4920000
vt 0.8535534 0.4920000
vt 0.5000000 0.4920000
vt 0.1464466 0.4920000
vt 0.0000000 0.4920000
vt 0.1464466 0.4920000
vt 0.5000000 0.4920000
vt 0.8535534 0.4920000
vt 1.0000000 0.5040000
vt 0.8535534 0.5040000
vt 0.5000000 0.5040000
vt 0.1464466 0.5040000
vt 0.0000000 0.5040000
vt 0.1464466 0.5040000
vt 0.5000000 0.5040000
vt 0.8535534 0.5040000
vt 1.0000000 0.5160000
vt 0.8535534 0.5160000
vt 0.5000000 0.5160000
vt 0.1464466 0.5160000
vt 0.0000000 0.5160000
vt 0.1464466 0.5160000
vt 0.5000000 0.5160000
vt 0.8535534 0.5160000
vt 1.0000000 0.5280000
vt 0.8535534 0.5280000
vt 0.5000000 0.5280000
vt 0.1464466 0.5280000
vt 0.0000000 0.5280000
vt 0.1464466 0.5280000
vt 0.5000000 0.5280000
vt 0.8535534 0.5280000
vt 1.0000000 0.5400000
vt 0.8535534 0.5400000
vt 0.5000000 0.5400000
vt 0.1464466 0.5400000
vt 0.0000000 0.5400000
vt 0.1464466 0.5400000
vt 0.5000000 0.5400000
vt 0.8535534 0.5400000
vt 1.0000000 0.5520000
vt 0.8535534 0.5520000
vt 0.5000000 0.5520000
vt 0.1464466 0.5520000
vt 0.0000000 0.5520000
vt 0.1464466 0.5520000
vt 0.5000000 0.5520000
vt 0.8535534 0.5520000
vt 1.0000000 0.5640000
vt 0.8535534 0.5640000
vt 0.5000000 0.5640000
vt 0.1464466 0.5640000
vt 0.0000000 0.5640000
vt 0.1464466 0.5640000
vt 0.5000000 0.5640000
vt 0.8535534 0.5640000
vt 1.0000000 0.5760000
vt 0.8535534 0.5760000
vt 0.5000000 0.5760000
vt 0.1464466 0.5760000
vt 0.0000000 0.5760000
vt 0.1464466 0.5760000
vt 0.5000000 0.5760000
vt 0.8535534 0.5760000
vt 1.0000000 0.5880000
vt 0.8535534 0.5880000
vt 0.5000000 0.5880000
vt 0.1464466 0.5880000
vt 0.0000000 0.5880000
vt 0.1464466 0.5880000
vt 0.5000000 0.5880000
vt 0.8535534 0.5880000
vt 1.0000000 0.6000000
vt 0.8535534 0.6000000
vt 0.5000000 0.6000000
vt 0.1464466 0.6000000
vt 0.0000000 0.6000000
vt 0.1464466 0.6000000
vt 0.5000000 0.6000000
vt 0.8535534 0.6000000
vt 1.0000000 0.6120000
vt 0.8535534 0.6120000
vt 0.5000000 0.6120000
vt 0.1464466 0.6120000
vt 0.0000000 0.6120000
vt 0.1464466 0.6120000
vt 0.5000000 0.6120000
vt 0.8535534 0.6120000
vt 1.0000000 0.6240000
vt 0.8535534 0.6240000
vt 0.5000000 0.6240000
vt 0.1464466 0.6240000
vt 0.0000000 0.6240000
vt 0.1464466 0.6240000
vt 0.5000000 0.6240000
vt 0.8535534 0.6240000
vt 1.0000000 0.6360000
vt 0.8535534 0.6360000
vt 0.5000000 0.6360000
vt 0.1464466 0.6360000
vt 0.0000000 0.6360000
vt 0.1464466 0.6360000
vt 0.5000000 0.6360000
vt 0.8535534 0.6360000
vt 1.0000000 0.6480000
vt 0.8535534 0.6480000
vt 0.5000000 0.6480000
vt 0.1464466 0.6480000
vt 0.0000000 0.6480000
vt 0.1464466 0.6480000
vt 0.5000000 0.6480000
vt 0.8535534 0.6480000
vt 1.0000000 0.6600000
vt 0.8535534 0.6600000
vt 0.5000000 0.6600000
vt 0.1464466 0.6600000
vt 0.0000000 0.6600000
vt 0.1464466 0.6600000
vt 0.5000000 0.6600000
vt 0.8535534 0.6600000
vt 1.0000000 0.6720000
vt 0.8535534 0.6720000
vt 0.5000000 0.6720000
vt 0.1464466 0.6720000
vt 0.0000000 0.6720000
vt 0.1464466 0.6720000
vt 0.5000000 0.6720000
vt 0.8535534 0.6720000
vt 1.0000000 0.6840000
vt 0.8535534 0.6840000
vt 0.5000000 0.6840000
vt 0.1464466 0.6840000
vt 0.0000000 0.6840000
vt 0.1464466 0.6840000
vt 0.5000000 0.6840000
vt 0.8535534 0.6840000
vt 1.0000000 0.6960000
vt 0.8535534 0.6960000
vt 0.5000000 0.6960000
vt 0.1464466 0.6960000
vt 0.0000000 0.6960000
vt 0.1464466 0.6960000
vt 0.5000000 0.6960000
vt 0.8535534 0.6960000
vt 1.0000000 0.7080000
vt 0.8535534 0.7080000
vt 0.5000000 0.7080000
vt 0.1464466 0.7080000
vt 0.0000000 0.7080000
vt 0.1464466 0.7080000
vt 0.5000000 0.7080000
vt 0.8535534 0.7080000
vt 1.0000000 0.7200000
vt 0.8535534 0.7200000
vt 0.5000000 0.7200000
vt 0.1464466 0.7200000
vt 0.0000000 0.7200000
vt 0.1464466 0.7200000
vt 0.5000000 0.7200000
vt 0.8535534 0.7200000
vt 1.0000000 0.7320000
vt 0.8535534 0.7320000
vt 0.5000000 0.7320000
vt 0.1464466 0.7320000
vt 0.0000000 0.7320000
vt 0.1464466 0.7320000
vt 0.5000000 0.7320000
vt 0.8535534 0.7320000
vt 1.0000000 0.7440000
vt 0.8535534 0.7440000
vt 0.5000000 0.7440000
vt 0.1464466 0.7440000
vt 0.0000000 0.7440000
vt 0.1464466 0.7440000
vt 0.5000000 0.7440000
vt 0.8535534 0.7440000
vt 1.0000000 0.7560000
vt 0.8535534 0.7560000
vt 0.5000000 0.7560000
vt 0.1464466 0.7560000
vt 0.0000000 0.7560000
vt 0.1464466 0.7560000
vt 0.5000000 0.7560000
vt 0.8535534 0.7560000
vt 1.0000000 0.7680000
vt 0.8535534 0.7680000
vt 0.5000000 0.7680000
vt 0.1464466 0.7680000
vt 0.0000000 0.7680000
vt 0.1464466 0.7680000
vt 0.5000000 0.7680000
vt 0.8535534 0.7680000
vt 1.0000000 0.7800000
vt 0.8535534 0.7800000
vt 0.5000000 0.7800000
vt 0.1464466 0.7800000
vt 0.0000000 0.7800000
vt 0.1464466 0.7800000
vt 0.5000000 0.7800000
vt 0.8535534 0.7800000
vt 1.0000000 0.7920000
vt 0.8535534 0.7920000
vt 0.5000000 0.7920000
vt 0.1464466 0.7920000
vt 0.0000000 0.7920000
vt 0.1464466 0.7920000
vt 0.5000000 0.7920000
vt 0.8535534 0.7920000
vt 1.0000000 0.8040000
vt 0.8535534 0.8040000
vt 0.5000000 0.8040000
vt 0.1464466 0.8040000
vt 0.0000000 0.8040000
vt 0.1464466 0.8040000
vt 0.5000000 0.8040000
vt 0.8535534 0.8040000
vt 1.0000000 0.8160000
vt 0.8535534 0.8160000
vt 0.5000000 0.8160000
vt 0.1464466 0.8160000
vt 0.0000000 0.8160000
vt 0.1464466 0.8160000
vt 0.5000000 0.8160000
vt 0.8535534 0.8160000
vt 1.0000000 0.8280000
vt 0.8535534 0.8280000
vt 0.5000000 0.8280000
vt 0.1464466 0.8280000
vt 0.0000000 0.8280000
vt 0.1464466 0.8280000
vt 0.5000000 0.8280000
vt 0.8535534 0.8280000
vt 1.0000000 0.8400000
vt 0.8535534 0.8400000
vt 0.5000000 0.8400000
vt 0.1464466 0.8400000
vt 0.0000000 0.8400000
vt 0.1464466 0.8400000
vt 0.5000000 0.8400000
vt 0.8535534 0.8400000
vt 1.0000000 0.8520000
vt 0.8535534 0.8520000
vt 0.5000000 0.8520000
vt 0.1464466 0.8520000
vt 0.0000000 0.8520000
vt 0.1464466 0.8520000
vt 0.5000000 0.8520000
vt 0.8535534 0.8520000
vt 1.0000000 0.8640000
vt 0.8535534 0.8640000
vt 0.5000000 0.8640000
vt 0.1464466 0.8640000
vt 0.0000000 0.8640000
vt 0.1464466 0.8640000
vt 0.5000000 0.8640000
vt 0.8535534 0.8640000
vt 1.0000000 0.8760000
vt 0.8535534 0.8760000
vt 0.5000000 0.8760000
vt 0.1464466 0.8760000
vt 0.0000000 0.8760000
vt 0.1464466 0.8760000
vt 0.5000000 0.8760000
vt 0.8535534 0.8760000
vt 1.0000000 0.8880000
vt 0.8535534 0.8880000
vt 0.5000000 0.8880000
vt 0.1464466 0.8880000
vt 0.0000000 0.8880000
vt 0.1464466 0.8880000
vt 0.5000000 0.8880000
vt 0.8535534 0.8880000
vt 1.0000000 0.9000000
vt 0.8535534 0.9000000
vt 0.5000000 0.9000000
vt 0.1464466 0.9000000
vt 0.0000000 0.9000000
vt 0.1464466 0.9000000
vt 0.5000000 0.9000000
vt 0.8535534 0.9000000
vt 1.0000000 0.9120000
vt 0.8535534 0.9120000
vt 0.5000000 0.9120000
vt 0.1464466 0.9120000
vt 0.0000000 0.9120000
vt 0.1464466 0.9120000
vt 0.5000000 0.9120000
vt 0.8535534 0.9120000
vt 1.0000000 0.9240000
vt 0.8535534 0.9240000
vt 0.5000000 0.9240000
vt 0.1464466 0.9240000
vt 0.0000000 0.9240000
vt 0.1464466 0.9240000
vt 0.5000000 0.9240000
vt 0.8535534 0.9240000
vt 1.0000000 0.9360000
vt 0.8535534 0.9360000
vt 0.5000000 0.9360000
vt 0.1464466 0.9360000
vt 0.0000000 0.9360000
vt 0.1464466 0.9360000
vt 0.5000000 0.9360000
vt 0.8535534 0.9360000
vt 1.0000000 0.9480000
vt 0.8535534 0.9480000
vt 0.5000000 0.9480000
vt 0.1464466 0.9480000
vt 0.0000000 0.9480000
vt 0.1464466 0.9480000
vt 0.5000000 0.9480000
vt 0.8535534 0.9480000
vt 1.0000000 0.9600000
vt 0.8535534 0.9600000
vt 0.5000000 0.9600000
vt 0.1464466 0.9600000
vt 0.0000000 0.9600000
vt 0.1464466 0.9600000
vt 0.5000000 0.9600000
vt 0.8535534 0.9600000
vt 1.0000000 0.9720000
vt 0.8535534 0.9720000
vt 0.5000000 0.9720000
vt 0.1464466 0.9720000
vt 0.0000000 0.9720000
vt 0.1464466 0.9720000
vt 0.5000000 0.9720000
vt 0.8535534 0.9720000
vt 1.0000000 0.9840000
vt 0.8535534 0.9840000
vt 0.5000000 0.9840000
vt 0.1464466 0.9840000
vt 0.0000000 0.9840000
vt 0.1464466 0.9840000
vt 0.5000000 0.9840000
vt 0.8535534 0.9840000
vt 1.0000000 0.9960000
vt 0.8535534 0.9960000
vt 0.5000000 0.9960000
vt 0.1464466 0.9960000
vt 0.0000000 0.9960000
vt 0.1464466 0.9960000
vt 0.5000000 0.9960000
vt 0.8535534 0.9960000
vt 1.0000000 1.0080000
vt 0.8535534 1.0080000
vt 0.5000000 1.0080000
vt 0.1464466 1.0080000
vt 0.0000000 1.0080000
vt 0.1464466 1.0080000
vt 0.5000000 1.0080000
vt 0.8535534 1.0080000
vt 1.0000000 1.0200000
vt 0.8535534 1.0200000
vt 0.5000000 1.0200000
vt 0.1464466 1.0200000
vt 0.0000000 1.0200000
vt 0.1464466 1.0200000
vt 0.5000000 1.0200000
vt 0.8535534 1.0200000
vt 1.0000000 1.0320000
vt 0.8535534 1.0320000
vt 0.5000000 1.0320000
vt 0.1464466 1.0320000
vt 0.0000000 1.0320000
vt 0.1464466 1.0320000
vt 0.5000000 1.0320000
vt 0.8535534 1.0320000
vt 1.0000000 1.0440000
vt 0.8535534 1.0440000
vt 0.5000000 1.0440000
vt 0.1464466 1.0440000
vt 0.0000000 1.0440000
vt 0.1464466 1.0440000
vt 0.5000000 1.0440000
vt 0.8535534 1.0440000
vt 1.0000000 1.0560000
vt 0.8535534 1.0560000
vt 0.5000000 1.0560000
vt 0.1464466 1.0560000
vt 0.0000000 1.0560000
vt 0.1464466 1.0560000
vt 0.5000000 1.0560000
vt 0.8535534 1.0560000
vt 1.0000000 1.0680000
vt 0.8535534 1.0680000
vt 0.5000000 1.0680000
vt 0.1464466 1.0680000
vt 0.0000000 1.0680000
vt 0.1464466 1.0680000
vt 0.5000000 1.0680000
vt 0.8535534 1.0680000
vt 1.0000000 1.0800000
vt 0.8535534 1.0800000
vt 0.5000000 1.0800000
vt 0.1464466 1.0800000
vt 0.0000000 1.0800000
vt 0.1464466 1.0800000
vt 0.5000000 1.0800000
vt 0.8535534 1.0800000
vt 1.0000000 1.0920000
vt 0.8535534 1.0920000
vt 0.5000000 1.0920000
vt 0.1464466 1.0920000
vt 0.0000000 1.0920000
vt 0.1464466 1.0920000
vt 0.5000000 1.0920000
vt 0.8535534 1.0920000
vt 1.0000000 1.1040000
vt 0.8535534 1.1040000
vt 0.5000000 1.1040000
vt 0.1464466 1.1040000
vt 0.0000000 1.1040000
vt 0.1464466 1.1040000
vt 0.5000000 1.1040000
vt 0.8535534 1.1040000
vt 1.0000000 1.1160000
vt 0.8535534 1.1160000
vt 0.5000000 1.1160000
vt 0.1464466 1.1160000
vt 0.0000000 1.1160000
vt 0.1464466 1.1160000
vt 0.5000000 1.1160000
vt 0.8535534 1.1160000
vt 1.0000000 1.1280000
vt 0.8535534 1.1280000
vt 0.5000000 1.1280000
vt 0.1464466 1.1280000
vt 0.0000000 1.1280000
vt 0.1464466 1.1280000
vt 0.5000000 1.1280000
vt 0.8535534 1.1280000
vt 1.0000000 1.1400000
vt 0.8535534 1.1400000
vt 0.5000000 1.1400000
vt 0.1464466 1.1400000
vt 0.0000000 1.1400000
vt 0.1464466 1.1400000
vt 0.5000000 1.1400000
vt 0.8535534 1.1400000
vt 1.0000000 1.1520000
vt 0.8535534 1.1520000
vt 0.5000000 1.1520000
vt 0.1464466 1.1520000
vt 0.0000000 1.1520000
vt 0.1464466 1.1520000
vt 0.5000000 1.1520000
vt 0.8535534 1.1520000
vt 1.0000000 1.1640000
vt 0.8535534 1.1640000
vt 0.5000000 1.1640000
vt 0.1464466 1.1640000
vt 0.0000000 1.1640000
vt 0.1464466 1.1640000
vt 0.5000000 1.1640000
vt 0.8535534 1.1640000
vt 1.0000000 1.1760000
vt 0.8535534 1.1760000
vt 0.5000000 1.1760000
vt 0.1464466 1.1760000
vt 0.0000000 1.1760000
vt 0.1464466 1.1760000
vt 0.5000000 1.1760000
vt 0.8535534 1.1760000
vt 1.0000000 1.1880000
vt 0.8535534 1.1880000
vt 0.5000000 1.1880000
vt 0.1464466 1.1880000
vt 0.0000000 1.1880000
vt 0.1464466 1.1880000
vt 0.5000000 1.1880000
vt 0.8535534 1.1880000
vt 1.0000000 1.2000000
vt 0.8535534 1.2000000
vt 0.5000000 1.2000000
vt 0.1464466 1.2000000
vt 0.0000000 1.2000000
vt 0.1464466 1.2000000
vt 0.5000000 1.2000000
vt 0.8535534 1.2000000
vt 1.0000000 1.2120000
vt 0.8535534 1.2120000
vt 0.5000000 1.2120000
vt 0.1464466 1.2120000
vt 0.0000000 1.2120000
vt 0.1464466 1.2120000
vt 0.5000000 1.2120000
vt 0.8535534 1.2120000
vt 1.0000000 1.2240000
vt 0.8535534 1.2240000
vt 0.5000000 1.2240000
vt 0.1464466 1.2240000
vt 0.0000000 1.2240000
vt 0.1464466 1.2240000
vt 0.5000000 1.2240000
vt 0.8535534 1.2240000
vt 1.0000000 1.2360000
vt 0.8535534 1.2360000
vt 0.5000000 1.2360000
vt 0.1464466 1.2360000
vt 0.0000000 1.2360000
vt 0.1464466 1.2360000
vt 0.5000000 1.2360000
vt 0.8535534 1.2360000
vt 1.0000000 1.2480000
vt 0.8535534 1.2480000
vt 0.5000000 1.2480000
vt 0.1464466 1.2480000
vt 0.0000000 1.2480000
vt 0.1464466 1.2480000
vt 0.5000000 1.2480000
vt 0.8535534 1.2480000
vt 1.0000000 1.2600000
vt 0.8535534 1.2600000
vt 0.5000000 1.2600000
vt 0.1464466 1.2600000
vt 0.0000000 1.2600000
vt 0.1464466 1.2600000
vt 0.5000000 1.2600000
vt 0.8535534 1.2600000
vt 1.0000000 1.2720000
vt 0.8535534 1.2720000
vt 0.5000000 1.2720000
vt 0.1464466 1.2720000
vt 0.0000000 1.2720000
vt 0.1464466 1.2720000
vt 0.5000000 1.2720000
vt 0.8535534 1.2720000
vt 1.0000000 1.2840000
vt 0.8535534 1.2840000
vt 0.5000000 1.2840000
vt 0.1464466 1.2840000
vt 0.0000000 1.2840000
vt 0.1464466 1.2840000
vt 0.5000000 1.2840000
vt 0.8535534 1.2840000
vt 1.0000000 1.2960000
vt 0.8535534 1.2960000
vt 0.5000000 1.2960000
vt 0.1464466 1.2960000
vt 0.0000000 1.2960000
vt 0.1464466 1.2960000
vt 0.5000000 1.2960000
vt 0.8535534 1.2960000
vt 1.0000000 1.3080000
vt 0.8535534 1.3080000
vt 0.5000000 1.3080000
vt 0.1464466 1.3080000
vt 0.0000000 1.3080000
vt 0.1464466 1.3080000
vt 0.5000000 1.3080000
vt 0.8535534 1.3080000
vt 1.0000000 1.3200000
vt 0.8535534 1.3200000
vt 0.5000000 1.3200000
vt 0.1464466 1.3200000
vt 0.0000000 1.3200000
vt 0.1464466 1.3200000
vt 0.5000000 1.3200000
vt 0.8535534 1.3200000
vt 1.0000000 1.3320000
vt 0.8535534 1.3320000
vt 0.5000000 1.3320000
vt 0.1464466 1.3320000
vt 0.0000000 1.3320000
vt 0.1464466 1.3320000
vt 0.5000000 1.3320000
vt 0.8535534 1.3320000
vt 1.0000000 1.3440000
vt 0.8535534 1.3440000
vt 0.5000000 1.3440000
vt 0.1464466 1.3440000
vt 0.0000000 1.3440000
vt 0.1464466 1.3440000
vt 0.5000000 1.3440000
vt 0.8535534 1.3440000
vt 1.0000000 1.3560000
vt 0.8535534 1.3560000
vt 0.5000000 1.3560000
vt 0.1464466 1.3560000
vt 0.0000000 1.3560000
vt 0.1464466 1.3560000
vt 0.5000000 1.3560000
vt 0.8535534 1.3560000
vt 1.0000000 1.3680000
vt 0.8535534 1.3680000
vt 0.5000000 1.3680000
vt 0.1464466 1.3680000
vt 0.0000000 1.3680000
vt 0.1464466 1.3680000
vt 0.5000000 1.3680000
vt 0.8535534 1.3680000
vt 1.0000000 1.3800000
vt 0.8535534 1.3800000
vt 0.5000000 1.3800000
vt 0.1464466 1.3800000
vt 0.0000000 1.3800000
vt 0.1464466 1.3800000
vt 0.5000000 1.3800000
vt 0.8535534 1.3800000
vt 1.0000000 1.3920000
vt 0.8535534 1.3920000
vt 0.5000000 1.3920000
vt 0.1464466 1.3920000
vt 0.0000000 1.3920000
vt 0.1464466 1.3920000
vt 0.5000000 1.3920000
vt 0.8535534 1.3920000
vt 1.0000000 1.4040000
vt 0.8535534 1.4040000
vt 0.5000000 1.4040000
vt 0.1464466 1.4040000
vt 0.0000000 1.4040000
vt 0.1464466 1.4040000
vt 0.5000000 1.4040000
vt 0.8535534 1.4040000
vt 1.0000000 1.4160000
vt 0.8535534 1.4160000
vt 0.5000000 1.4160000
vt 0.1464466 1.4160000
vt 0.0000000 1.4160000
vt 0.1464466 1.4160000
vt 0.5000000 1.4160000
vt 0.8535534 1.4160000
vt 1.0000000 1.4280000
vt 0.8535534 1.4280000
vt 0.5000000 1.4280000
vt 0.1464466 1.4280000
vt 0.0000000 1.4280000
vt 0.1464466 1.4280000
vt 0.5000000 1.4280000
vt 0.8535534 1.4280000
vt 1.0000000 1.4400000
vt 0.8535534 1.4400000
vt 0.5000000 1.4400000
vt 0.1464466 1.4400000
vt 0.0000000 1.4400000
vt 0.1464466 1.4400000
vt 0.5000000 1.4400000
vt 0.8535534 1.4400000
vt 1.0000000 1.4520000
vt 0.8535534 1.4520000
vt 0.5000000 1.4520000
vt 0.1464466 1.4520000
vt 0.0000000 1.4520000
vt 0.1464466 1.4520000
vt 0.5000000 1.4520000
vt 0.8535534 1.4520000
vt 1.0000000 1.4640000
vt 0.8535534 1.4640000
vt 0.5000000 1.4640000
vt 0.1464466 1.4640000
vt 0.0000000 1.4640000
vt 0.1464466 1.4640000
vt 0.5000000 1.4640000
vt 0.8535534 1.4640000
vt 1.0000000 1.4760000
vt 0.8535534 1.4760000
vt 0.5000000 1.4760000
vt 0.1464466 1.4760000
vt 0.0000000 1.4760000
vt 0.1464466 1.4760000
vt 0.5000000 1.4760000
vt 0.8535534 1.4760000
vt 1.0000000 1.4880000
vt 0.8535534 1.4880000
vt 0.5000000 1.4880000
vt 0.1464466 1.4880000
vt 0.0000000 1.4880000
vt 0.1464466 1.4880000
vt 0.5000000 1.4880000
vt 0.8535534 1.4880000
vt 1.0000000 1.5000000
vt 0.8535534 1.5000000
vt 0.5000000 1.5000000
vt 0.1464466 1.5000000
vt 0.0000000 1.5000000
vt 0.1464466 1.5000000
vt 0.5000000 1.5000000
vt 0.8535534 1.5000000
vt 1.0000000 1.5120000
vt 0.8535534 1.5120000
vt 0.5000000 1.5120000
vt 0.1464466 1.5120000
vt 0.0000000 1.5120000
vt 0.1464466 1.5120000
vt 0.5000000 1.5120000
vt 0.8535534 1.5120000
vt 1.0000000 1.5240000
vt 0.8535534 1.5240000
vt 0.5000000 1.5240000
vt 0.1464466 1.5240000
vt 0.0000000 1.5240000
vt 0.1464466 1.5240000
vt 0.5000000 1.5240000
vt 0.8535534 1.5240000
vt 1.0000000 1.5360000
vt 0.8535534 1.5360000
vt 0.5000000 1.5360000
vt 0.1464466 1.5360000
vt 0.0000000 1.5360000
vt 0.1464466 1.5360000
vt 0.5000000 1.5360000
vt 0.8535534 1.5360000
vt 1.0000000 1.5480000
vt 0.8535534 1.5480000
vt 0.5000000 1.5480000
vt 0.1464466 1.5480000
vt 0.0000000 1.5480000
vt 0.1464466 1.5480000
vt 0.5000000 1.5480000
vt 0.8535534 1.5480000
vt 1.0000000 1.5600000
vt 0.8535534 1.5600000
vt 0.5000000 1.5600000
vt 0.1464466 1.5600000
vt 0.0000000 1.5600000
vt 0.1464466 1.5600000
vt 0.5000000 1.5600000
vt 0.8535534 1.5600000
vt 1.0000000 1.5720000
vt 0.8535534 1.5720000
vt 0.5000000 1.5720000
vt 0.1464466 1.5720000
vt 0.0000000 1.5720000
vt 0.1464466 1.5720000
vt 0.5000000 1.5720000
vt 0.8535534 1.5720000
vt 1.0000000 1.5840000
vt 0.8535534 1.5840000
vt 0.5000000 1.5840000
vt 0.1464466 1.5840000
vt 0.0000000 1.5840000
vt 0.1464466 1.5840000
vt 0.5000000 1.5840000
vt 0.8535534 1.5840000
vt 1.0000000 1.5960000
vt 0.8535534 1.5960000
vt 0.5000000 1.5960000
vt 0.1464466 1.5960000
vt 0.0000000 1.5960000
vt 0.1464466 1.5960000
vt 0.5000000 1.5960000
vt 0.8535534 1.5960000
vt 1.0000000 1.6080000
vt 0.8535534 1.6080000
vt 0.5000000 1.6080000
vt 0.1464466 1.6080000
vt 0.0000000 1.6080000
vt 0.1464466 1.6080000
vt 0.5000000 1.6080000
vt 0.8535534 1.6080000
vt 1.0000000 1.6200000
vt 0.8535534 1.6200000
vt 0.5000000 1.6200000
vt 0.1464466 1.6200000
vt 0.0000000 1.6200000
vt 0.1464466 1.6200000
vt 0.5000000 1.6200000
vt 0.8535534 1.6200000
vt 1.0000000 1.6320000
vt 0.8535534 1.6320000
vt 0.5000000 1.6320000
vt 0.1464466 1.6320000
vt 0.0000000 1.6320000
vt 0.1464466 1.6320000
vt 0.5000000 1.6320000
vt 0.8535534 1.6320000
vt 1.0000000 1.6440000
vt 0.8535534 1.6440000
vt 0.5000000 1.6440000
vt 0.1464466 1.6440000
vt 0.0000000 1.6440000
vt 0.1464466 1.6440000
vt 0.5000000 1.6440000
vt 0.8535534 1.6440000
vt 1.0000000 1.6560000
vt 0.8535534 1.6560000
vt 0.5000000 1.6560000
vt 0.1464466 1.6560000
vt 0.0000000 1.6560000
vt 0.1464466 1.6560000
vt 0.5000000 1.6560000
vt 0.8535534 1.6560000
vt 1.0000000 1.6680000
vt 0.8535534 1.6680000
vt 0.5000000 1.6680000
vt 0.1464466 1.6680000
vt 0.0000000 1.6680000
vt 0.1464466 1.6680000
vt 0.5000000 1.6680000
vt 0.8535534 1.6680000
vt 1.0000000 1.6800000
vt 0.8535534 1.6800000
vt 0.5000000 1.6800000
vt 0.1464466 1.6800000
vt 0.0000000 1.6800000
vt 0.1464466 1.6800000
vt 0.5000000 1.6800000
vt 0.8535534 1.6800000
vt 1.0000000 1.6920000
vt 0.8535534 1.6920000
vt 0.5000000 1.6920000
vt 0.1464466 1.6920000
vt 0.0000000 1.6920000
vt 0.1464466 1.6920000
vt 0.5000000 1.6920000
vt 0.8535534 1.6920000
vt 1.0000000 1.7040000
vt 0.8535534 1.7040000
vt 0.5000000 1.7040000
vt 0.1464466 1.7040000
vt 0.0000000 1.7040000
vt 0.1464466 1.7040000
vt 0.5000000 1.7040000
vt 0.8535534 1.7040000
vt 1.0000000 1.7160000
vt 0.8535534 1.7160000
vt 0.5000000 1.7160000
vt 0.1464466 1.7160000
vt 0.0000000 1.7160000
vt 0.1464466 1.7160000
vt 0.5000000 1.7160000
vt 0.8535534 1.7160000
vt 1.0000000 1.7280000
vt 0.8535534 1.7280000
vt 0.5000000 1.7280000
vt 0.1464466 1.7280000
vt 0.0000000 1.7280000
vt 0.1464466 1.7280000
vt 0.5000000 1.7280000
vt 0.8535534 1.7280000
vt 1.0000000 1.7400000
vt 0.8535534 1.7400000
vt 0.5000000 1.7400000
vt 0.1464466 1.7400000
vt 0.0000000 1.7400000
vt 0.1464466 1.7400000
vt 0.5000000 1.7400000
vt 0.8535534 1.7400000
vt 1.0000000 1.7520000
vt 0.8535534 1.7520000
vt 0.5000000 1.7520000
vt 0.1464466 1.7520000
vt 0.0000000 1.7520000
vt 0.1464466 1.7520000
vt 0.5000000 1.7520000
vt 0.8535534 1.7520000
vt 1.0000000 1.7640000
vt 0.8535534 1.7640000
vt 0.5000000 1.7640000
vt 0.1464466 1.7640000
vt 0.0000000 1.7640000
vt 0.1464466 1.7640000
vt 0.5000000 1.7640000
vt 0.8535534 1.7640000
vt 1.0000000 1.7760000
vt 0.8535534 1.7760000
vt 0.5000000 1.7760000
vt 0.1464466 1.7760000
vt 0.0000000 1.7760000
vt 0.1464466 1.7760000
vt 0.5000000 1.7760000
vt 0.8535534 1.7760000
vt 1.0000000 1.7880000
vt 0.8535534 1.7880000
vt 0.5000000 1.7880000
vt 0.1464466 1.7880000
vt 0.0000000 1.7880000
vt 0.1464466 1.7880000
vt 0.5000000 1.7880000
vt 0.8535534 1.7880000
vt 1.0000000 1.8000000
vt 0.8535534 1.8000000
vt 0.5000000 1.8000000
vt 0.1464466 1.8000000
vt 0.0000000 1.8000000
vt 0.1464466 1.8000000
vt 0.5000000 1.8000000
vt 0.8535534 1.8000000
vt 1.0000000 0.1400000
vt 0.7500000 0.1400000
vt 0.2500000 0.1400000
vt 0.0000000 0.1400000
vt 0.2500000 0.1400000
vt 0.7500000 0.1400000
vt 1.0000000 0.1962500
vt 0.7500000 0.1962500
vt 0.2500000 0.1962500
vt 0.0000000 0.1962500
vt 0.2500000 0.1962500
vt 0.7500000 0.1962500
vt 1.0000000 0.2525000
vt 0.7500000 0.2525000
vt 0.2500000 0.2525000
vt 0.0000000 0.2525000
vt 0.2500000 0.2525000
vt 0.7500000 0.2525000
vt 1.0000000 0.3087500
vt 0.7500000 0.3087500
vt 0.2500000 0.3087500
vt 0.0000000 0.3087500
vt 0.2500000 0.3087500
vt 0.7500000 0.3087500
vt 1.0000000 0.3650000
vt 0.7500000 0.3650000
vt 0.2500000 0.3650000
vt 0.0000000 0.3650000
vt 0.2500000 0.3650000
vt 0.7500000 0.3650000
vt 1.0000000 0.4212500
vt 0.7500000 0.4212500
vt 0.2500000 0.4212500
vt 0.0000000 0.4212500
vt 0.2500000 0.4212500
vt 0.7500000 0.4212500
vt 1.0000000 0.4775000
vt 0.7500000 0.4775000
vt 0.2500000 0.4775000
vt 0.0000000 0.4775000
vt 0.2500000 0.4775000
vt 0.7500000 0.4775000
vt 1.0000000 0.5337500
vt 0.7500000 0.5337500
vt 0.2500000 0.5337500
vt 0.0000000 0.5337500
vt 0.2500000 0.5337500
vt 0.7500000 0.5337500
vt 1.0000000 0.5900000
vt 0.7500000 0.5900000
vt 0.2500000 0.5900000
vt 0.0000000 0.5900000
vt 0.2500000 0.5900000
vt 0.7500000 0.5900000
vt 1.0000000 0.6462500
vt 0.7500000 0.6462500
vt 0.2500000 0.6462500
vt 0.0000000 0.6462500
vt 0.2500000 0.6462500
vt 0.7500000 0.6462500
vt 1.0000000 0.7025000
vt 0.7500000 0.7025000
vt 0.2500000 0.7025000
vt 0.0000000 0.7025000
vt 0.2500000 0.7025000
vt 0.7500000 0.7025000
vt 1.0000000 0.7587500
vt 0.7500000 0.7587500
vt 0.2500000 0.7587500
vt 0.0000000 0.7587500
vt 0.2500000 0.7587500
vt 0.7500000 0.7587500
vt 1.0000000 0.8150000
vt 0.7500000 0.8150000
vt 0.2500000 0.8150000
vt 0.0000000 0.8150000
vt 0.2500000 0.8150000
vt 0.7500000 0.8150000
vt 1.0000000 0.8712500
vt 0.7500000 0.8712500
vt 0.2500000 0.8712500
vt 0.0000000 0.8712500
vt 0.2500000 0.8712500
vt 0.7500000 0.8712500
vt 1.0000000 0.9275000
vt 0.7500000 0.9275000
vt 0.2500000 0.9275000
vt 0.0000000 0.9275000
vt 0.2500000 0.9275000
vt 0.7500000 0.9275000
vt 1.0000000 0.9837500
vt 0.7500000 0.9837500
vt 0.2500000 0.9837500
vt 0.0000000 0.9837500
vt 0.2500000 0.9837500
vt 0.7500000 0.9837500
vt 1.0000000 1.0400000
vt 0.7500000 1.0400000
vt 0.2500000 1.0400000
vt 0.0000000 1.0400000
vt 0.2500000 1.0400000
vt 0.7500000 1.0400000
vt 1.0000000 1.0962500
vt 0.7500000 1.0962500
vt 0.2500000 1.0962500
vt 0.0000000 1.0962500
vt 0.2500000 1.0962500
vt 0.7500000 1.0962500
vt 1.0000000 1.1525000
vt 0.7500000 1.1525000
vt 0.2500000 1.1525000
vt 0.0000000 1.1525000
vt 0.2500000 1.1525000
vt 0.7500000 1.1525000
vt 1.0000000 1.2087500
vt 0.7500000 1.2087500
vt 0.2500000 1.2087500
vt 0.0000000 1.2087500
vt 0.2500000 1.2087500
vt 0.7500000 1.2087500
vt 1.0000000 1.2650000
vt 0.7500000 1.2650000
vt 0.2500000 1.2650000
vt 0.0000000 1.2650000
vt 0.2500000 1.2650000
vt 0.7500000 1.2650000
vt 1.0000000 1.3212500
vt 0.7500000 1.3212500
vt 0.2500000 1.3212500
vt 0.0000000 1.3212500
vt 0.2500000 1.3212500
vt 0.7500000 1.3212500
vt 1.0000000 1.3775000
vt 0.7500000 1.3775000
vt 0.2500000 1.3775000
vt 0.0000000 1.3775000
vt 0.2500000 1.3775000
vt 0.7500000 1.3775000
vt 1.0000000 1.4337500
vt 0.7500000 1.4337500
vt 0.2500000 1.4337500
vt 0.0000000 1.4337500
vt 0.2500000 1.4337500
vt 0.7500000 1.4337500
vt 1.0000000 1.4900000
vt 0.7500000 1.4900000
vt 0.2500000 1.4900000
vt 0.0000000 1.4900000
vt 0.2500000 1.4900000
vt 0.7500000 1.4900000
vt 1.0000000 1.5462500
vt 0.7500000 1.5462500
vt 0.2500000 1.5462500
vt 0.0000000 1.5462500
vt 0.2500000 1.5462500
vt 0.7500000 1.5462500
vt 1.0000000 1.6025000
vt 0.7500000 1.6025000
vt 0.2500000 1.6025000
vt 0.0000000 1.6025000
vt 0.2500000 1.6025000
vt 0.7500000 1.6025000
vt 1.0000000 1.6587500
vt 0.7500000 1.6587500
vt 0.2500000 1.6587500
vt 0.0000000 1.6587500
vt 0.2500000 1.6587500
vt 0.7500000 1.6587500
vt 1.0000000 1.7150000
vt 0.7500000 1.7150000
vt 0.2500000 1.7150000
vt 0.0000000 1.7150000
vt 0.2500000 1.7150000
vt 0.7500000 1.7150000
vt 1.0000000 1.7712500
vt 0.7500000 1.7712500
vt 0.2500000 1.7712500
vt 0.0000000 1.7712500
vt 0.2500000 1.7712500
vt 0.7500000 1.7712500
vt 1.0000000 1.8275000
vt 0.7500000 1.8275000
vt 0.2500000 1.8275000
vt 0.0000000 1.8275000
vt 0.2500000 1.8275000
vt 0.7500000 1.8275000
vt 1.0000000 1.8837500
vt 0.7500000 1.8837500
vt 0.2500000 1.8837500
vt 0.0000000 1.8837500
vt 0.2500000 1.8837500
vt 0.7500000 1.8837500
vt 1.0000000 1.9400000
vt 0.7500000 1.9400000
vt 0.2500000 1.9400000
vt 0.0000000 1.9400000
vt 0.2500000 1.9400000
vt 0.7500000 1.9400000
vt 1.0000000 0.2750000
vt 0.7500000 0.2750000
vt 0.2500000 0.2750000
vt 0.0000000 0.2750000
vt 0.2500000 0.2750000
vt 0.7500000 0.2750000
vt 1.0000000 0.3312500
vt 0.7500000 0.3312500
vt 0.2500000 0.3312500
vt 0.0000000 0.3312500
vt 0.2500000 0.3312500
vt 0.7500000 0.3312500
vt 1.0000000 0.3875000
vt 0.7500000 0.3875000
vt 0.2500000 0.3875000
vt 0.0000000 0.3875000
vt 0.2500000 0.3875000
vt 0.7500000 0.3875000
vt 1.0000000 0.4437500
vt 0.7500000 0.4437500
vt 0.2500000 0.4437500
vt 0.0000000 0.4437500
vt 0.2500000 0.4437500
vt 0.7500000 0.4437500
vt 1.0000000 0.5000000
vt 0.7500000 0.5000000
vt 0.2500000 0.5000000
vt 0.0000000 0.5000000
vt 0.2500000 0.5000000
vt 0.7500000 0.5000000
vt 1.0000000 0.5562500
vt 0.7500000 0.5562500
vt 0.2500000 0.5562500
vt 0.0000000 0.5562500
vt 0.2500000 0.5562500
vt 0.7500000 0.5562500
vt 1.0000000 0.6125000
vt 0.7500000 0.6125000
vt 0.2500000 0.6125000
vt 0.0000000 0.6125000
vt 0.2500000 0.6125000
vt 0.7500000 0.6125000
vt 1.0000000 0.6687500
vt 0.7500000 0.6687500
vt 0.2500000 0.6687500
vt 0.0000000 0.6687500
vt 0.2500000 0.6687500
vt 0.7500000 0.6687500
vt 1.0000000 0.7250000
vt 0.7500000 0.7250000
vt 0.2500000 0.7250000
vt 0.0000000 0.7250000
vt 0.2500000 0.7250000
vt 0.7500000 0.7250000
vt 1.0000000 0.7812500
vt 0.7500000 0.7812500
vt 0.2500000 0.7812500
vt 0.0000000 0.7812500
vt 0.2500000 0.7812500
vt 0.7500000 0.7812500
vt 1.0000000 0.8375000
vt 0.7500000 0.8375000
vt 0.2500000 0.8375000
vt 0.0000000 0.8375000
vt 0.2500000 0.8375000
vt 0.7500000 0.8375000
vt 1.0000000 0.8937500
vt 0.7500000 0.8937500
vt 0.2500000 0.8937500
vt 0.0000000 0.8937500
vt 0.2500000 0.8937500
vt 0.7500000 0.8937500
vt 1.0000000 0.9500000
vt 0.7500000 0.9500000
vt 0.2500000 0.9500000
vt 0.0000000 0.9500000
vt 0.2500000 0.9500000
vt 0.7500000 0.9500000
vt 1.0000000 1.0062500
vt 0.7500000 1.0062500
vt 0.2500000 1.0062500
vt 0.0000000 1.0062500
vt 0.2500000 1.0062500
vt 0.7500000 1.0062500
vt 1.0000000 1.0625000
vt 0.7500000 1.0625000
vt 0.2500000 1.0625000
vt 0.0000000 1.0625000
vt 0.2500000 1.0625000
vt 0.7500000 1.0625000
vt 1.0000000 1.1187500
vt 0.7500000 1.1187500
vt 0.2500000 1.1187500
vt 0.0000000 1.1187500
vt 0.2500000 1.1187500
vt 0.7500000 1.1187500
vt 1.0000000 1.1750000
vt 0.7500000 1.1750000
vt 0.2500000 1.1750000
vt 0.0000000 1.1750000
vt 0.2500000 1.1750000
vt 0.7500000 1.1750000
vt 1.0000000 1.2312500
vt 0.7500000 1.2312500
vt 0.2500000 1.2312500
vt 0.0000000 1.2312500
vt 0.2500000 1.2312500
vt 0.7500000 1.2312500
vt 1.0000000 1.2875000
vt 0.7500000 1.2875000
vt 0.2500000 1.2875000
vt 0.0000000 1.2875000
vt 0.2500000 1.2875000
vt 0.7500000 1.2875000
vt 1.0000000 1.3437500
vt 0.7500000 1.3437500
vt 0.2500000 1.3437500
vt 0.0000000 1.3437500
vt 0.2500000 1.3437500
vt 0.7500000 1.3437500
vt 1.0000000 1.4000000
vt 0.7500000 1.4000000
vt 0.2500000 1.4000000
vt 0.0000000 1.4000000
vt 0.2500000 1.4000000
vt 0.7500000 1.4000000
vt 1.0000000 1.4562500
vt 0.7500000 1.4562500
vt 0.2500000 1.4562500
vt 0.0000000 1.4562500
vt 0.2500000 1.4562500
vt 0.7500000 1.4562500
vt 1.0000000 1.5125000
vt 0.7500000 1.5125000
vt 0.2500000 1.5125000
vt 0.0000000 1.5125000
vt 0.2500000 1.5125000
vt 0.7500000 1.5125000
vt 1.0000000 1.5687500
vt 0.7500000 1.5687500
vt 0.2500000 1.5687500
vt 0.0000000 1.5687500
vt 0.2500000 1.5687500
vt 0.7500000 1.5687500
vt 1.0000000 1.6250000
vt 0.7500000 1.6250000
vt 0.2500000 1.6250000
vt 0.0000000 1.6250000
vt 0.2500000 1.6250000
vt 0.7500000 1.6250000
vt 1.0000000 1.6812500
vt 0.7500000 1.6812500
vt 0.2500000 1.6812500
vt 0.0000000 1.6812500
vt 0.2500000 1.6812500
vt 0.7500000 1.6812500
vt 1.0000000 1.7375000
vt 0.7500000 1.7375000
vt 0.2500000 1.7375000
vt 0.0000000 1.7375000
vt 0.2500000 1.7375000
vt 0.7500000 1.7375000
vt 1.0000000 1.7937500
vt 0.7500000 1.7937500
vt 0.2500000 1.7937500
vt 0.0000000 1.7937500
vt 0.2500000 1.7937500
vt 0.7500000 1.7937500
vt 1.0000000 1.8500000
vt 0.7500000 1.8500000
vt 0.2500000 1.8500000
vt 0.0000000 1.8500000
vt 0.2500000 1.8500000
vt 0.7500000 1.8500000
vt 1.0000000 1.9062500
vt 0.7500000 1.9062500
vt 0.2500000 1.9062500
vt 0.0000000 1.9062500
vt 0.2500000 1.9062500
vt 0.7500000 1.9062500
vt 1.0000000 1.9625000
vt 0.7500000 1.9625000
vt 0.2500000 1.9625000
vt 0.0000000 1.9625000
vt 0.2500000 1.9625000
vt 0.7500000 1.9625000
vt 1.0000000 2.0187500
vt 0.7500000 2.0187500
vt 0.2500000 2.0187500
vt 0.0000000 2.0187500
vt 0.2500000 2.0187500
vt 0.7500000 2.0187500
vt 1.0000000 2.0750000
vt 0.7500000 2.0750000
vt 0.2500000 2.0750000
vt 0.0000000 2.0750000
vt 0.2500000 2.0750000
vt 0.7500000 2.0750000
vt 1.0000000 0.4100000
vt 0.7500000 0.4100000
vt 0.2500000 0.4100000
vt 0.0000000 0.4100000
vt 0.2500000 0.4100000
vt 0.7500000 0.4100000
vt 1.0000000 0.4662500
vt 0.7500000 0.4662500
vt 0.2500000 0.4662500
vt 0.0000000 0.4662500
vt 0.2500000 0.4662500
vt 0.7500000 0.4662500
vt 1.0000000 0.5225000
vt 0.7500000 0.5225000
vt 0.2500000 0.5225000
vt 0.0000000 0.5225000
vt 0.2500000 0.5225000
vt 0.7500000 0.5225000
vt 1.0000000 0.5787500
vt 0.7500000 0.5787500
vt 0.2500000 0.5787500
vt 0.0000000 0.5787500
vt 0.2500000 0.5787500
vt 0.7500000 0.5787500
vt 1.0000000 0.6350000
vt 0.7500000 0.6350000
vt 0.2500000 0.6350000
vt 0.0000000 0.6350000
vt 0.2500000 0.6350000
vt 0.7500000 0.6350000
vt 1.0000000 0.6912500
vt 0.7500000 0.6912500
vt 0.2500000 0.6912500
vt 0.0000000 0.6912500
vt 0.2500000 0.6912500
vt 0.7500000 0.6912500
vt 1.0000000 0.7475000
vt 0.7500000 0.7475000
vt 0.2500000 0.7475000
vt 0.0000000 0.7475000
vt 0.2500000 0.7475000
vt 0.7500000 0.7475000
vt 1.0000000 0.8037500
vt 0.7500000 0.8037500
vt 0.2500000 0.8037500
vt 0.0000000 0.8037500
vt 0.2500000 0.8037500
vt 0.7500000 0.8037500
vt 1.0000000 0.8600000
vt 0.7500000 0.8600000
vt 0.2500000 0.8600000
vt 0.0000000 0.8600000
vt 0.2500000 0.8600000
vt 0.7500000 0.8600000
vt 1.0000000 0.9162500
vt 0.7500000 0.9162500
vt 0.2500000 0.9162500
vt 0.0000000 0.9162500
vt 0.2500000 0.9162500
vt 0.7500000 0.9162500
vt 1.0000000 0.9725000
vt 0.7500000 0.9725000
vt 0.2500000 0.9725000
vt 0.0000000 0.9725000
vt 0.2500000 0.9725000
vt 0.7500000 0.9725000
vt 1.0000000 1.0287500
vt 0.7500000 1.0287500
vt 0.2500000 1.0287500
vt 0.0000000 1.0287500
vt 0.2500000 1.0287500
vt 0.7500000 1.0287500
vt 1.0000000 1.0850000
vt 0.7500000 1.0850000
vt 0.2500000 1.0850000
vt 0.0000000 1.0850000
vt 0.2500000 1.0850000
vt 0.7500000 1.0850000
vt 1.0000000 1.1412500
vt 0.7500000 1.1412500
vt 0.2500000 1.1412500
vt 0.0000000 1.1412500
vt 0.2500000 1.1412500
vt 0.7500000 1.1412500
vt 1.0000000 1.1975000
vt 0.7500000 1.1975000
vt 0.2500000 1.1975000
vt 0.0000000 1.1975000
vt 0.2500000 1.1975000
vt 0.7500000 1.1975000
vt 1.0000000 1.2537500
vt 0.7500000 1.2537500
vt 0.2500000 1.2537500
vt 0.0000000 1.2537500
vt 0.2500000 1.2537500
vt 0.7500000 1.2537500
vt 1.0000000 1.3100000
vt 0.7500000 1.3100000
vt 0.2500000 1.3100000
vt 0.0000000 1.3100000
vt 0.2500000 1.3100000
vt 0.7500000 1.3100000
vt 1.0000000 1.3662500
vt 0.7500000 1.3662500
vt 0.2500000 1.3662500
vt 0.0000000 1.3662500
vt 0.2500000 1.3662500
vt 0.7500000 1.3662500
vt 1.0000000 1.4225000
vt 0.7500000 1.4225000
vt 0.2500000 1.4225000
vt 0.0000000 1.4225000
vt 0.2500000 1.4225000
vt 0.7500000 1.4225000
vt 1.0000000 1.4787500
vt 0.7500000 1.4787500
vt 0.2500000 1.4787500
vt 0.0000000 1.4787500
vt 0.2500000 1.4787500
vt 0.7500000 1.4787500
vt 1.0000000 1.5350000
vt 0.7500000 1.5350000
vt 0.2500000 1.5350000
vt 0.0000000 1.5350000
vt 0.2500000 1.5350000
vt 0.7500000 1.5350000
vt 1.0000000 1.5912500
vt 0.7500000 1.5912500
vt 0.2500000 1.5912500
vt 0.0000000 1.5912500
vt 0.2500000 1.5912500
vt 0.7500000 1.5912500
vt 1.0000000 1.6475000
vt 0.7500000 1.6475000
vt 0.2500000 1.6475000
vt 0.0000000 1.6475000
vt 0.2500000 1.6475000
vt 0.7500000 1.6475000
vt 1.0000000 1.7037500
vt 0.7500000 1.7037500
vt 0.2500000 1.7037500
vt 0.0000000 1.7037500
vt 0.2500000 1.7037500
vt 0.7500000 1.7037500
vt 1.0000000 1.7600000
vt 0.7500000 1.7600000
vt 0.2500000 1.7600000
vt 0.0000000 1.7600000
vt 0.2500000 1.7600000
vt 0.7500000 1.7600000
vt 1.0000000 1.8162500
vt 0.7500000 1.8162500
vt 0.2500000 1.8162500
vt 0.0000000 1.8162500
vt 0.2500000 1.8162500
vt 0.7500000 1.8162500
vt 1.0000000 1.8725000
vt 0.7500000 1.8725000
vt 0.2500000 1.8725000
vt 0.0000000 1.8725000
vt 0.2500000 1.8725000
vt 0.7500000 1.8725000
vt 1.0000000 1.9287500
vt 0.7500000 1.9287500
vt 0.2500000 1.9287500
vt 0.0000000 1.9287500
vt 0.2500000 1.9287500
vt 0.7500000 1.9287500
vt 1.0000000 1.9850000
vt 0.7500000 1.9850000
vt 0.2500000 1.9850000
vt 0.0000000 1.9850000
vt 0.2500000 1.9850000
vt 0.7500000 1.9850000
vt 1.0000000 2.0412500
vt 0.7500000 2.0412500
vt 0.2500000 2.0412500
vt 0.0000000 2.0412500
vt 0.2500000 2.0412500
vt 0.7500000 2.0412500
vt 1.0000000 2.0975000
vt 0.7500000 2.0975000
vt 0.2500000 2.0975000
vt 0.0000000 2.0975000
vt 0.2500000 2.0975000
vt 0.7500000 2.0975000
vt 1.0000000 2.1537500
vt 0.7500000 2.1537500
vt 0.2500000 2.1537500
vt 0.0000000 2.1537500
vt 0.2500000 2.1537500
vt 0.7500000 2.1537500
vt 1.0000000 2.2100000
vt 0.7500000 2.2100000
vt 0.2500000 2.2100000
vt 0.0000000 2.2100000
vt 0.2500000 2.2100000
vt 0.7500000 2.2100000
vt 1.0000000 0.5450000
vt 0.7500000 0.5450000
vt 0.2500000 0.5450000
vt 0.0000000 0.5450000
vt 0.2500000 0.5450000
vt 0.7500000 0.5450000
vt 1.0000000 0.6012500
vt 0.7500000 0.6012500
vt 0.2500000 0.6012500
vt 0.0000000 0.6012500
vt 0.2500000 0.6012500
vt 0.7500000 0.6012500
vt 1.0000000 0.6575000
vt 0.7500000 0.6575000
vt 0.2500000 0.6575000
vt 0.0000000 0.6575000
vt 0.2500000 0.6575000
vt 0.7500000 0.6575000
vt 1.0000000 0.7137500
vt 0.7500000 0.7137500
vt 0.2500000 0.7137500
vt 0.0000000 0.7137500
vt 0.2500000 0.7137500
vt 0.7500000 0.7137500
vt 1.0000000 0.7700000
vt 0.7500000 0.7700000
vt 0.2500000 0.7700000
vt 0.0000000 0.7700000
vt 0.2500000 0.7700000
vt 0.7500000 0.7700000
vt 1.0000000 0.8262500
vt 0.7500000 0.8262500
vt 0.2500000 0.8262500
vt 0.0000000 0.8262500
vt 0.2500000 0.8262500
vt 0.7500000 0.8262500
vt 1.0000000 0.8825000
vt 0.7500000 0.8825000
vt 0.2500000 0.8825000
vt 0.0000000 0.8825000
vt 0.2500000 0.8825000
vt 0.7500000 0.8825000
vt 1.0000000 0.9387500
vt 0.7500000 0.9387500
vt 0.2500000 0.9387500
vt 0.0000000 0.9387500
vt 0.2500000 0.9387500
vt 0.7500000 0.9387500
vt 1.0000000 0.9950000
vt 0.7500000 0.9950000
vt 0.2500000 0.9950000
vt 0.0000000 0.9950000
vt 0.2500000 0.9950000
vt 0.7500000 0.9950000
vt 1.0000000 1.0512500
vt 0.7500000 1.0512500
vt 0.2500000 1.0512500
vt 0.0000000 1.0512500
vt 0.2500000 1.0512500
vt 0.7500000 1.0512500
vt 1.0000000 1.1075000
vt 0.7500000 1.1075000
vt 0.2500000 1.1075000
vt 0.0000000 1.1075000
vt 0.2500000 1.1075000
vt 0.7500000 1.1075000
vt 1.0000000 1.1637500
vt 0.7500000 1.1637500
vt 0.2500000 1.1637500
vt 0.0000000 1.1637500
vt 0.2500000 1.1637500
vt 0.7500000 1.1637500
vt 1.0000000 1.2200000
vt 0.7500000 1.2200000
vt 0.2500000 1.2200000
vt 0.0000000 1.2200000
vt 0.2500000 1.2200000
vt 0.7500000 1.2200000
vt 1.0000000 1.2762500
vt 0.7500000 1.2762500
vt 0.2500000 1.2762500
vt 0.0000000 1.2762500
vt 0.2500000 1.2762500
vt 0.7500000 1.2762500
vt 1.0000000 1.3325000
vt 0.7500000 1.3325000
vt 0.2500000 1.3325000
vt 0.0000000 1.3325000
vt 0.2500000 1.3325000
vt 0.7500000 1.3325000
vt 1.0000000 1.3887500
vt 0.7500000 1.3887500
vt 0.2500000 1.3887500
vt 0.0000000 1.3887500
vt 0.2500000 1.3887500
vt 0.7500000 1.3887500
vt 1.0000000 1.4450000
vt 0.7500000 1.4450000
vt 0.2500000 1.4450000
vt 0.0000000 1.4450000
vt 0.2500000 1.4450000
vt 0.7500000 1.4450000
vt 1.0000000 1.5012500
vt 0.7500000 1.5012500
vt 0.2500000 1.5012500
vt 0.0000000 1.5012500
vt 0.2500000 1.5012500
vt 0.7500000 1.5012500
vt 1.0000000 1.5575000
vt 0.7500000 1.5575000
vt 0.2500000 1.5575000
vt 0.0000000 1.5575000
vt 0.2500000 1.5575000
vt 0.7500000 1.5575000
vt 1.0000000 1.6137500
vt 0.7500000 1.6137500
vt 0.2500000 1.6137500
vt 0.0000000 1.6137500
vt 0.2500000 1.6137500
vt 0.7500000 1.6137500
vt 1.0000000 1.6700000
vt 0.7500000 1.6700000
vt 0.2500000 1.6700000
vt 0.0000000 1.6700000
vt 0.2500000 1.6700000
vt 0.7500000 1.6700000
vt 1.0000000 1.7262500
vt 0.7500000 1.7262500
vt 0.2500000 1.7262500
vt 0.0000000 1.7262500
vt 0.2500000 1.7262500
vt 0.7500000 1.7262500
vt 1.0000000 1.7825000
vt 0.7500000 1.7825000
vt 0.2500000 1.7825000
vt 0.0000000 1.7825000
vt 0.2500000 1.7825000
vt 0.7500000 1.7825000
vt 1.0000000 1.8387500
vt 0.7500000 1.8387500
vt 0.2500000 1.8387500
vt 0.0000000 1.8387500
vt 0.2500000 1.8387500
vt 0.7500000 1.8387500
vt 1.0000000 1.8950000
vt 0.7500000 1.8950000
vt 0.2500000 1.8950000
vt 0.0000000 1.8950000
vt 0.2500000 1.8950000
vt 0.7500000 1.8950000
vt 1.0000000 1.9512500
vt 0.7500000 1.9512500
vt 0.2500000 1.9512500
vt 0.0000000 1.9512500
vt 0.2500000 1.9512500
vt 0.7500000 1.9512500
vt 1.0000000 2.0075000
vt 0.7500000 2.0075000
vt 0.2500000 2.0075000
vt 0.0000000 2.0075000
vt 0.2500000 2.0075000
vt 0.7500000 2.0075000
vt 1.0000000 2.0637500
vt 0.7500000 2.0637500
vt 0.2500000 2.0637500
vt 0.0000000 2.0637500
vt 0.2500000 2.0637500
vt 0.7500000 2.0637500
vt 1.0000000 2.1200000
vt 0.7500000 2.1200000
vt 0.2500000 2.1200000
vt 0.0000000 2.1200000
vt 0.2500000 2.1200000
vt 0.7500000 2.1200000
vt 1.0000000 2.1762500
vt 0.7500000 2.1762500
vt 0.2500000 2.1762500
vt 0.0000000 2.1762500
vt 0.2500000 2.1762500
vt 0.7500000 2.1762500
vt 1.0000000 2.2325000
vt 0.7500000 2.2325000
vt 0.2500000 2.2325000
vt 0.0000000 2.2325000
vt 0.2500000 2.2325000
vt 0.7500000 2.2325000
vt 1.0000000 2.2887500
vt 0.7500000 2.2887500
vt 0.2500000 2.2887500
vt 0.0000000 2.2887500
vt 0.2500000 2.2887500
vt 0.7500000 2.2887500
vt 1.0000000 2.3450000
vt 0.7500000 2.3450000
vt 0.2500000 2.3450000
vt 0.0000000 2.3450000
vt 0.2500000 2.3450000
vt 0.7500000 2.3450000
vt 1.0000000 0.6800000
vt 0.7500000 0.6800000
vt 0.2500000 0.6800000
vt 0.0000000 0.6800000
vt 0.2500000 0.6800000
vt 0.7500000 0.6800000
vt 1.0000000 0.7362500
vt 0.7500000 0.7362500
vt 0.2500000 0.7362500
vt 0.0000000 0.7362500
vt 0.2500000 0.7362500
vt 0.7500000 0.7362500
vt 1.0000000 0.7925000
vt 0.7500000 0.7925000
vt 0.2500000 0.7925000
vt 0.0000000 0.7925000
vt 0.2500000 0.7925000
vt 0.7500000 0.7925000
vt 1.0000000 0.8487500
vt 0.7500000 0.8487500
vt 0.2500000 0.8487500
vt 0.0000000 0.8487500
vt 0.2500000 0.8487500
vt 0.7500000 0.8487500
vt 1.0000000 0.9050000
vt 0.7500000 0.9050000
vt 0.2500000 0.9050000
vt 0.0000000 0.9050000
vt 0.2500000 0.9050000
vt 0.7500000 0.9050000
vt 1.0000000 0.9612500
vt 0.7500000 0.9612500
vt 0.2500000 0.9612500
vt 0.0000000 0.9612500
vt 0.2500000 0.9612500
vt 0.7500000 0.9612500
vt 1.0000000 1.0175000
vt 0.7500000 1.0175000
vt 0.2500000 1.0175000
vt 0.0000000 1.0175000
vt 0.2500000 1.0175000
vt 0.7500000 1.0175000
vt 1.0000000 1.0737500
vt 0.7500000 1.0737500
vt 0.2500000 1.0737500
vt 0.0000000 1.0737500
vt 0.2500000 1.0737500
vt 0.7500000 1.0737500
vt 1.0000000 1.1300000
vt 0.7500000 1.1300000
vt 0.2500000 1.1300000
vt 0.0000000 1.1300000
vt 0.2500000 1.1300000
vt 0.7500000 1.1300000
vt 1.0000000 1.1862500
vt 0.7500000 1.1862500
vt 0.2500000 1.1862500
vt 0.0000000 1.1862500
vt 0.2500000 1.1862500
vt 0.7500000 1.1862500
vt 1.0000000 1.2425000
vt 0.7500000 1.2425000
vt 0.2500000 1.2425000
vt 0.0000000 1.2425000
vt 0.2500000 1.2425000
vt 0.7500000 1.2425000
vt 1.0000000 1.2987500
vt 0.7500000 1.2987500
vt 0.2500000 1.2987500
vt 0.0000000 1.2987500
vt 0.2500000 1.2987500
vt 0.7500000 1.2987500
vt 1.0000000 1.3550000
vt 0.7500000 1.3550000
vt 0.2500000 1.3550000
vt 0.0000000 1.3550000
vt 0.2500000 1.3550000
vt 0.7500000 1.3550000
vt 1.0000000 1.4112500
vt 0.7500000 1.4112500
vt 0.2500000 1.4112500
vt 0.0000000 1.4112500
vt 0.2500000 1.4112500
vt 0.7500000 1.4112500
vt 1.0000000 1.4675000
vt 0.7500000 1.4675000
vt 0.2500000 1.4675000
vt 0.0000000 1.4675000
vt 0.2500000 1.4675000
vt 0.7500000 1.4675000
vt 1.0000000 1.5237500
vt 0.7500000 1.5237500
vt 0.2500000 1.5237500
vt 0.0000000 1.5237500
vt 0.2500000 1.5237500
vt 0.7500000 1.5237500
vt 1.0000000 1.5800000
vt 0.7500000 1.5800000
vt 0.2500000 1.5800000
vt 0.0000000 1.5800000
vt 0.2500000 1.5800000
vt 0.7500000 1.5800000
vt 1.0000000 1.6362500
vt 0.7500000 1.6362500
vt 0.2500000 1.6362500
vt 0.0000000 1.6362500
vt 0.2500000 1.6362500
vt 0.7500000 1.6362500
vt 1.0000000 1.6925000
vt 0.7500000 1.6925000
vt 0.2500000 1.6925000
vt 0.0000000 1.6925000
vt 0.2500000 1.6925000
vt 0.7500000 1.6925000
vt 1.0000000 1.7487500
vt 0.7500000 1.7487500
vt 0.2500000 1.7487500
vt 0.0000000 1.7487500
vt 0.2500000 1.7487500
vt 0.7500000 1.7487500
vt 1.0000000 1.8050000
vt 0.7500000 1.8050000
vt 0.2500000 1.8050000
vt 0.0000000 1.8050000
vt 0.2500000 1.8050000
vt 0.7500000 1.8050000
vt 1.0000000 1.8612500
vt 0.7500000 1.8612500
vt 0.2500000 1.8612500
vt 0.0000000 1.8612500
vt 0.2500000 1.8612500
vt 0.7500000 1.8612500
vt 1.0000000 1.9175000
vt 0.7500000 1.9175000
vt 0.2500000 1.9175000
vt 0.0000000 1.9175000
vt 0.2500000 1.9175000
vt 0.7500000 1.9175000
vt 1.0000000 1.9737500
vt 0.7500000 1.9737500
vt 0.2500000 1.9737500
vt 0.0000000 1.9737500
vt 0.2500000 1.9737500
vt 0.7500000 1.9737500
vt 1.0000000 2.0300000
vt 0.7500000 2.0300000
vt 0.2500000 2.0300000
vt 0.0000000 2.0300000
vt 0.2500000 2.0300000
vt 0.7500000 2.0300000
vt 1.0000000 2.0862500
vt 0.7500000 2.0862500
vt 0.2500000 2.0862500
vt 0.0000000 2.0862500
vt 0.2500000 2.0862500
vt 0.7500000 2.0862500
vt 1.0000000 2.1425000
vt 0.7500000 2.1425000
vt 0.2500000 2.1425000
vt 0.0000000 2.1425000
vt 0.2500000 2.1425000
vt 0.7500000 2.1425000
vt 1.0000000 2.1987500
vt 0.7500000 2.1987500
vt 0.2500000 2.1987500
vt 0.0000000 2.1987500
vt 0.2500000 2.1987500
vt 0.7500000 2.1987500
vt 1.0000000 2.2550000
vt 0.7500000 2.2550000
vt 0.2500000 2.2550000
vt 0.0000000 2.2550000
vt 0.2500000 2.2550000
vt 0.7500000 2.2550000
vt 1.0000000 2.3112500
vt 0.7500000 2.3112500
vt 0.2500000 2.3112500
vt 0.0000000 2.3112500
vt 0.2500000 2.3112500
vt 0.7500000 2.3112500
vt 1.0000000 2.3675000
vt 0.7500000 2.3675000
vt 0.2500000 2.3675000
vt 0.0000000 2.3675000
vt 0.2500000 2.3675000
vt 0.7500000 2.3675000
vt 1.0000000 2.4237500
vt 0.7500000 2.4237500
vt 0.2500000 2.4237500
vt 0.0000000 2.4237500
vt 0.2500000 2.4237500
vt 0.7500000 2.4237500
vt 1.0000000 2.4800000
vt 0.7500000 2.4800000
vt 0.2500000 2.4800000
vt 0.0000000 2.4800000
vt 0.2500000 2.4800000
vt 0.7500000 2.4800000
vn 0.1716491 0.2322960 0.9573793
vn 0.2450014 0.0421220 0.9686073
vn 0.2594422 -0.0323509 0.9652167
vn 0.2580765 -0.1910233 0.9470516
vn -0.2764703 -0.2141664 -0.9368548
vn -0.2856097 -0.0432729 -0.9573685
vn -0.2993680 0.0304867 -0.9536506
vn -0.3517528 0.2067285 -0.9129804
vn -0.0446169 0.6268839 0.7778341
vn 0.2110601 0.0754659 0.9745556
vn 0.2324830 -0.0114511 0.9725331
vn 0.2416338 -0.1055517 0.9646097
vn -0.1758976 -0.5908099 -0.7874032
vn -0.2482381 -0.0692937 -0.9662175
vn -0.2626033 0.0062795 -0.9648835
vn -0.2925025 0.1159920 -0.9492039
vn -0.2050347 0.8772586 0.4340254
vn 0.1731507 0.0882193 0.9809364
vn 0.1956613 -0.0050972 0.9806583
vn 0.2079848 -0.0901672 0.9739672
vn -0.0082598 -0.8726853 -0.4882131
vn -0.1993774 -0.0761204 -0.9769618
vn -0.2166164 0.0015373 -0.9762556
vn -0.2434328 0.1029238 -0.9644414
vn -0.2432106 0.9294301 0.2775037
vn 0.1322741 0.0920999 0.9869251
vn 0.1541997 -0.0032147 0.9880345
vn 0.1673196 -0.0852222 0.9822125
vn 0.0747700 -0.9396804 -0.3337817
vn -0.1519411 -0.0765852 -0.9854180
vn -0.1705469 0.0006051 -0.9853494
vn -0.1968667 0.1001970 -0.9752969
vn -0.2599589 0.9420959 0.2118411
vn 0.0890061 0.0932795 0.9916536
vn 0.1104236 -0.0025485 0.9938813
vn 0.1236841 -0.0827543 0.9888650
vn 0.1108902 -0.9578145 -0.2651317
vn -0.1059813 -0.0759280 -0.9914650
vn -0.1252456 0.0002894 -0.9921257
vn -0.1520165 0.0989554 -0.9834118
vn -0.2838938 0.9345381 0.2145761
vn 0.0424806 0.0922228 0.9948318
vn 0.0638623 -0.0029096 0.9979545
vn 0.0762581 -0.0822125 0.9936930
vn 0.1049507 -0.9568920 -0.2708191
vn -0.0626743 -0.0749819 -0.9952134
vn -0.0817008 0.0000808 -0.9966569
vn -0.1100833 0.0980876 -0.9890705
vn -0.3231273 0.9144103 0.2438085
vn -0.0064944 0.0898411 0.9959349
vn 0.0152262 -0.0038810 0.9998765
vn 0.0257115 -0.0828498 0.9962303
vn 0.0748097 -0.9479413 -0.3095332
vn -0.0215710 -0.0742597 -0.9970056
vn -0.0397865 -0.0002930 -0.9992082
vn -0.0707481 0.0968580 -0.9927806
vn -0.3671344 0.8955920 0.2512515
vn -0.0553013 0.0875432 0.9946245
vn -0.0333560 -0.0047306 0.9994323
vn -0.0251360 -0.0834423 0.9961955
vn 0.0477314 -0.9436363 -0.3275245
vn 0.0195857 -0.0739582 -0.9970690
vn 0.0019760 -0.0008580 -0.9999977
vn -0.0316439 0.0948635 -0.9949872
vn -0.3957613 0.8923081 0.2171619
vn -0.1008991 0.0863728 0.9911403
vn -0.0794381 -0.0048338 0.9968281
vn -0.0726973 -0.0829846 0.9938957
vn 0.0460625 -0.9532278 -0.2987224
vn 0.0635863 -0.0737947 -0.9952443
vn 0.0456280 -0.0013289 -0.9989576
vn 0.0104249 0.0924092 -0.9956665
vn -0.3911054 0.9080984 0.1496458
vn -0.1415133 0.0866058 0.9861407
vn -0.1216353 -0.0039659 0.9925669
vn -0.1148069 -0.0811699 0.9900661
vn 0.0809684 -0.9715419 -0.2225995
vn 0.1120361 -0.0733215 -0.9909954
vn 0.0924433 -0.0013546 -0.9957170
vn 0.0574120 0.0901640 -0.9942707
vn -0.3477181 0.9352075 0.0669254
vn -0.1776792 0.0878475 0.9801596
vn -0.1603819 -0.0023391 0.9870523
vn -0.1519649 -0.0783673 0.9852742
vn 0.1469586 -0.9829731 -0.1103042
vn 0.1642161 -0.0723986 -0.9837640
vn 0.1419925 -0.0008478 -0.9898674
vn 0.1087189 0.0884882 -0.9901263
vn -0.2802643 0.9598585 -0.0111192
vn -0.2121583 0.0892252 0.9731535
vn -0.1977575 -0.0005109 0.9802508
vn -0.1870478 -0.0754251 0.9794509
vn 0.2178754 -0.9758932 0.0127588
vn 0.2171644 -0.0713388 -0.9735247
vn 0.1921918 -0.0000707 -0.9813574
vn 0.1613843 0.0872148 -0.9830304
vn -0.2214027 0.9729196 -0.0663947
vn -0.2486159 0.0896832 0.9644413
vn -0.2364403 0.0008255 0.9716457
vn -0.2237906 -0.0733731 0.9718715
vn 0.2624702 -0.9587903 0.1087679
vn 0.2670871 -0.0706718 -0.9610775
vn 0.2403335 0.0005463 -0.9706902
vn 0.2115809 0.0859054 -0.9735778
vn -0.2034879 0.9751434 -0.0876814
vn -0.2895798 0.0884448 0.9530588
vn -0.2782476 0.0011538 0.9605087
vn -0.2648036 -0.0730028 0.9615351
vn 0.2690099 -0.9518962 0.1467216
vn 0.3114178 -0.0707542 -0.9476354
vn 0.2845313 0.0006867 -0.9586665
vn 0.2565975 0.0842268 -0.9628414
vn -0.2361944 0.9686462 -0.0770497
vn -0.3347695 0.0855365 0.9384098
vn -0.3230076 0.0004459 0.9463963
vn -0.3100894 -0.0744153 0.9477906
vn 0.2478442 -0.9612388 0.1208020
vn 0.3503446 -0.0715405 -0.9338847
vn 0.3247626 0.0003320 -0.9457955
vn 0.2962613 0.0821360 -0.9515687
vn -0.2948578 0.9539238 -0.0555713
vn -0.3810369 0.0819930 0.9209169
vn -0.3684873 -0.0007247 0.9296325
vn -0.3568566 -0.0767863 0.9309980
vn 0.2191470 -0.9736379 0.0632762
vn 0.3867496 -0.0726882 -0.9193156
vn 0.3628835 -0.0002572 -0.9318345
vn 0.3330892 0.0798318 -0.9395097
vn -0.3339874 0.9411631 -0.0516183
vn -0.4243236 0.0792762 0.9020337
vn -0.4116737 -0.0014906 0.9113301
vn -0.4010327 -0.0787534 0.9126723
vn 0.2021222 -0.9788528 0.0315257
vn 0.4243631 -0.0737917 -0.9024804
vn 0.4014909 -0.0006902 -0.9158627
vn 0.3708844 0.0776823 -0.9254244
vn -0.3206599 0.9442383 -0.0747752
vn -0.4622132 0.0782773 0.8833072
vn -0.4506567 -0.0012714 0.8926964
vn -0.4398451 -0.0793500 0.8945613
vn 0.2051958 -0.9767952 0.0613665
vn 0.4653601 -0.0745535 -0.8819760
vn 0.4422471 -0.0006489 -0.8968930
vn 0.4122728 0.0761104 -0.9078757
vn -0.2524463 0.9609782 -0.1131004
vn -0.4952434 0.0788339 0.8651701
vn -0.4857344 -0.0001326 0.8741064
vn -0.4735714 -0.0786384 0.8772378
vn 0.2206343 -0.9645913 0.1445138
vn 0.5090384 -0.0749778 -0.8574720
vn 0.4847767 -0.0001091 -0.8746380
vn 0.4568783 0.0752701 -0.8863389
vn -0.1615805 0.9755551 -0.1489428
vn -0.5265487 0.0798968 0.8463823
vn -0.5191598 0.0012665 0.8546763
vn -0.5052612 -0.0776247 0.8594682
vn 0.2301808 -0.9434572 0.2385482
vn 0.5521929 -0.0754707 -0.8302934
vn 0.5268342 0.0005801 -0.8499679
vn 0.5015119 0.0748324 -0.8619083
vn -0.1063991 0.9797160 -0.1698113
vn -0.5601920 0.0800086 0.8244899
vn -0.5538608 0.0019855 0.8326069
vn -0.5389101 -0.0777708 0.8387655
vn 0.2228384 -0.9306172 0.2903354
vn 0.5908811 -0.0766016 -0.8031138
vn 0.5655734 0.0008883 -0.8246975
vn 0.5420535 0.0742029 -0.8370615
vn -0.1408420 0.9753836 -0.1696772
vn -0.5987622 0.0779959 0.7971201
vn -0.5917635 0.0012540 0.8061106
vn -0.5772077 -0.0803441 0.8126353
vn 0.2057764 -0.9436045 0.2593581
vn 0.6226734 -0.0786477 -0.7785193
vn 0.5991456 0.0004457 -0.8006400
vn 0.5756894 0.0729433 -0.8144084
vn -0.2731560 0.9496040 -0.1537466
vn -0.6413721 0.0738546 0.7636670
vn -0.6324671 -0.0010086 0.7745866
vn -0.6198788 -0.0855958 0.7800152
vn 0.1913575 -0.9715619 0.1394623
vn 0.6482457 -0.0814215 -0.7570655
vn 0.6277840 -0.0007497 -0.7783872
vn 0.6024038 0.0709472 -0.7950322
vn -0.4279650 0.8911881 -0.1504317
vn -0.6837764 0.0691780 0.7264050
vn -0.6731205 -0.0038962 0.7395226
vn -0.6633720 -0.0920907 0.7426014
vn 0.1777661 -0.9840469 -0.0071295
vn 0.6712521 -0.0845456 -0.7363916
vn 0.6538519 -0.0023593 -0.7566188
vn 0.6253603 0.0683922 -0.7773333
vn -0.5130657 0.8389338 -0.1815313
vn -0.7211306 0.0661193 0.6896368
vn -0.7100470 -0.0060054 0.7041287
vn -0.7026517 -0.0973926 0.7048370
vn 0.1602158 -0.9828089 -0.0917474
vn 0.6961859 -0.0875203 -0.7125064
vn 0.6806363 -0.0037711 -0.7326118
vn 0.6495993 0.0659306 -0.7574127
vn -0.5046698 0.8325351 -0.2284593
vn -0.7507727 0.0659130 0.6572638
vn -0.7409631 -0.0063850 0.6715154
vn -0.7343588 -0.0998741 0.6713734
vn 0.1470071 -0.9855489 -0.0841565
vn 0.7258004 -0.0896388 -0.6820400
vn 0.7104310 -0.0042986 -0.7037538
vn 0.6789825 0.0646218 -0.7313049
vn -0.4144518 0.8728704 -0.2575403
vn -0.7730580 0.0684882 0.6306272
vn -0.7659542 -0.0049624 0.6428760
vn -0.7585072 -0.0994851 0.6440260
vn 0.1458571 -0.9893055 0.0005247
vn 0.7597659 -0.0904456 -0.6438753
vn 0.7432374 -0.0036301 -0.6690179
vn 0.7138004 0.0651179 -0.6973153
vn -0.2692990 0.9302202 -0.2493360
vn -0.7908640 0.0727318 0.6076547
vn -0.7870965 -0.0024372 0.6168251
vn -0.7779093 -0.0973598 0.6207884
vn 0.1512350 -0.9805363 0.1252059
vn 0.7949523 -0.0902201 -0.5999260
vn 0.7768728 -0.0021019 -0.6296541
vn 0.7509079 0.0670903 -0.6569903
vn -0.1250083 0.9684940 -0.2153889
vn -0.8082607 0.0769543 0.5837745
vn -0.8073285 0.0000499 0.5901023
vn -0.7965128 -0.0952035 0.5970793
vn 0.1509604 -0.9596514 0.2372344
vn 0.8272088 -0.0898599 -0.5546628
vn 0.8082983 -0.0005179 -0.5887729
vn 0.7858242 0.0694802 -0.6145346
vn -0.0424044 0.9808025 -0.1903374
vn -0.8285077 0.0795966 0.5542918
vn -0.8289802 0.0014174 0.5592762
vn -0.8174350 -0.0946012 0.5681995
vn 0.1415313 -0.9453264 0.2938143
vn 0.8536342 -0.0902727 -0.5129908
vn 0.8352933 0.0003291 -0.5498045
vn 0.8152301 0.0712043 -0.5747433
vn -0.0417549 0.9793581 -0.1977731
vn -0.8521999 0.0800149 0.5170618
vn -0.8525515 0.0011830 0.5226419
vn -0.8413947 -0.0962644 0.5317783
vn 0.1305262 -0.9502304 0.2828869
vn 0.8739223 -0.0917481 -0.4773281
vn 0.8574789 0.0001199 -0.5145191
vn 0.8384128 0.0717775 -0.5402888
vn -0.0938672 0.9679039 -0.2331329
vn -0.8769481 0.0789484 0.4740561
vn -0.8765029 -0.0002104 0.4813965
vn -0.8664442 -0.0995073 0.4892574
vn 0.1251177 -0.9661135 0.2257660
vn 0.8901837 -0.0937828 -0.4458449
vn 0.8762664 -0.0008171 -0.4818263
vn 0.8572241 0.0715286 -0.5099515
vn -0.1374453 0.9532075 -0.2692660
vn -0.8991675 0.0781950 0.4305617
vn -0.8983530 -0.0015711 0.4392714
vn -0.8893607 -0.1024481 0.4455805
vn 0.1231252 -0.9774827 0.1713701
vn 0.9055176 -0.0954237 -0.4134394
vn 0.8938870 -0.0016991 -0.4482892
vn 0.8748737 0.0714044 -0.4790589
vn -0.1230852 0.9538269 -0.2739785
vn -0.9165196 0.0794850 0.3920128
vn -0.9163376 -0.0016783 0.4004031
vn -0.9078115 -0.1031399 0.4064977
vn 0.1169768 -0.9788715 0.1677109
vn 0.9220832 -0.0957764 -0.3749525
vn 0.9119831 -0.0017287 -0.4102241
vn 0.8939555 0.0724684 -0.4422577
vn -0.0436125 0.9726603 -0.2281005
vn -0.9290002 0.0834036 0.3605587
vn -0.9303425 -0.0000520 0.3666918
vn -0.9216119 -0.1008187 0.3747895
vn 0.1001191 -0.9679879 0.2301642
vn 0.9398264 -0.0944629 -0.3283337
vn 0.9305919 -0.0005716 -0.3660580
vn 0.9147234 0.0752262 -0.3970166
vn 0.0689296 0.9873081 -0.1430781
vn -0.9385072 0.0890702 0.3335728
vn -0.9416855 0.0027622 0.3364830
vn -0.9324332 -0.0963069 0.3482718
vn 0.0683462 -0.9403802 0.3331875
vn 0.9567306 -0.0919380 -0.2760687
vn 0.9482522 0.0013800 -0.3175151
vn 0.9350607 0.0791820 -0.3455310
vn 0.1633599 0.9844140 -0.0651359
vn -0.9477273 0.0945362 0.3047553
vn -0.9522391 0.0054484 0.3053049
vn -0.9426793 -0.0915833 0.3208865
vn 0.0250583 -0.9051865 0.4242751
vn 0.9703950 -0.0893831 -0.2243753
vn 0.9631309 0.0031608 -0.2690148
vn 0.9522175 0.0830530 -0.2939116
vn 0.2010982 0.9787111 -0.0410378
vn -0.9586782 0.0975985 0.2672278
vn -0.9633617 0.0065124 0.2681264
vn -0.9541377 -0.0889287 0.2858548
vn -0.0122664 -0.8894784 0.4568126
vn 0.9796661 -0.0880379 -0.1802878
vn 0.9742324 0.0037631 -0.2255152
vn 0.9646873 0.0855485 -0.2491181
vn 0.1605448 0.9827230 -0.0920919
vn -0.9712951 0.0967909 0.2172953
vn -0.9750337 0.0049862 0.2220008
vn -0.9668398 -0.0899337 0.2390244
vn -0.0133008 -0.9133527 0.4069521
vn 0.9850712 -0.0883546 -0.1477437
vn 0.9818093 0.0027306 -0.1898502
vn 0.9727328 0.0861318 -0.2153422
vn 0.0417542 0.9765421 -0.2112396
vn -0.9832095 0.0924772 0.1573119
vn -0.9857823 0.0010865 0.1680238
vn -0.9789044 -0.0944883 0.1811577
vn 0.0448694 -0.9604532 0.2748023
vn 0.9881331 -0.0897559 -0.1246467
vn 0.9869660 0.0003977 -0.1609285
vn 0.9777595 0.0851598 -0.1916613
vn -0.0888964 0.9333325 -0.3478333
vn -0.9916090 0.0872966 0.0953461
vn -0.9937546 -0.0035394 0.1115317
vn -0.9878696 -0.1002065 0.1186271
vn 0.1311374 -0.9850503 0.1117088
vn 0.9904533 -0.0912345 -0.1033369
vn 0.9909947 -0.0023445 -0.1338807
vn 0.9815975 0.0834710 -0.1717525
vn -0.1462949 0.8866032 -0.4387854
vn -0.9956034 0.0845027 0.0404125
vn -0.9982131 -0.0067308 0.0593743
vn -0.9927421 -0.1037173 0.0608748
vn 0.1820079 -0.9832950 0.0019942
vn 0.9929346 -0.0917680 -0.0752302
vn 0.9947118 -0.0044067 -0.1026108
vn 0.9857622 0.0822156 -0.1466747
vn -0.1249185 0.8792670 -0.4596574
vn -0.9963204 0.0856667 -0.0026306
vn -0.9998487 -0.0072842 0.0157947
vn -0.9945564 -0.1031740 0.0145829
vn 0.1800047 -0.9835114 -0.0174274
vn 0.9952666 -0.0904223 -0.0356123
vn 0.9979834 -0.0049092 -0.0632861
vn 0.9904594 0.0826092 -0.1102995
vn -0.0620789 0.9084111 -0.4134434
vn -0.9953144 0.0901857 -0.0348676
vn -0.9997926 -0.0054490 -0.0196237
vn -0.9948775 -0.0990457 -0.0202167
vn 0.1385181 -0.9893848 0.0439379
vn 0.9961039 -0.0869768 0.0145590
vn 0.9998606 -0.0037194 -0.0162748
vn 0.9943974 0.0849973 -0.0628424
vn 0.0048926 0.9441708 -0.3294201
vn -0.9934281 0.0959395 -0.0624204
vn -0.9986804 -0.0025646 -0.0512926
vn -0.9944083 -0.0933505 -0.0493748
vn 0.0758612 -0.9862661 0.1467113
vn 0.9941867 -0.0823806 0.0693269
vn 0.9994126 -0.0016308 0.0342316
vn 0.9960330 0.0883975 -0.0102060
vn 0.0488508 0.9634843 -0.2632709
vn -0.9905663 0.1002876 -0.0933854
vn -0.9963676 -0.0003774 -0.0851551
vn -0.9927636 -0.0886244 -0.0810324
vn 0.0206341 -0.9733196 0.2285237
vn 0.9895984 -0.0783091 0.1206762
vn 0.9965928 0.0000723 0.0824790
vn 0.9950570 0.0911221 0.0394751
vn 0.0606874 0.9631715 -0.2619498
vn -0.9858661 0.1013091 -0.1334331
vn -0.9920992 -0.0001835 -0.1254554
vn -0.9888218 -0.0867870 -0.1212412
vn 0.0045622 -0.9702501 0.2420619
vn 0.9836997 -0.0761210 0.1629124
vn 0.9922488 0.0003702 0.1242664
vn 0.9925409 0.0918180 0.0801999
vn 0.0502170 0.9430738 -0.3287704
vn -0.9782599 0.0989187 -0.1822709
vn -0.9850576 -0.0020767 -0.1722128
vn -0.9813981 -0.0880990 -0.1705767
vn 0.0382381 -0.9819633 0.1851644
vn 0.9776364 -0.0759630 0.1961037
vn 0.9872238 -0.0008812 0.1593375
vn 0.9896775 0.0901938 0.1113715
vn 0.0406211 0.9073352 -0.4184408
vn -0.9676942 0.0951275 -0.2334923
vn -0.9752755 -0.0047618 -0.2209413
vn -0.9704891 -0.0908121 -0.2233923
vn 0.0929933 -0.9903719 0.1025465
vn 0.9710544 -0.0766323 0.2262317
vn 0.9814557 -0.0028109 0.1916685
vn 0.9865252 0.0872071 0.1384305
vn 0.0506932 0.8814514 -0.4695462
vn -0.9559402 0.0928906 -0.2784773
vn -0.9641665 -0.0062588 -0.2652240
vn -0.9582166 -0.0920828 -0.2708168
vn 0.1179424 -0.9911580 0.0607896
vn 0.9621773 -0.0762506 0.2615352
vn 0.9738385 -0.0039566 0.2272067
vn 0.9817884 0.0847182 0.1700420
vn 0.0787029 0.8927723 -0.4435802
vn -0.9455461 0.0942708 -0.3115375
vn -0.9537381 -0.0051030 -0.3005953
vn -0.9477309 -0.0897261 -0.3061950
vn 0.0770112 -0.9914973 0.1048926
vn 0.9487412 -0.0733252 0.3074304
vn 0.9627899 -0.0030881 0.2702334
vn 0.9734276 0.0845077 0.2128313
vn 0.1092822 0.9375527 -0.3302308
vn -0.9377046 0.0992989 -0.3329411
vn -0.9449959 -0.0011887 -0.3270799
vn -0.9406193 -0.0834701 -0.3290412
vn -0.0430842 -0.9703741 0.2377349
vn 0.9292320 -0.0676816 0.3632453
vn 0.9471858 0.0000114 0.3206854
vn 0.9597096 0.0870634 0.2671658
vn 0.1284497 0.9787129 -0.1600679
vn -0.9311349 0.1059575 -0.3489424
vn -0.9370332 0.0041376 -0.3492158
vn -0.9355080 -0.0750978 -0.3452318
vn -0.2124559 -0.8930125 0.3967255
vn 0.9044012 -0.0608010 0.4223290
vn 0.9274137 0.0042946 0.3740127
vn 0.9406957 0.0911058 0.3267893
vn 0.1365768 0.9905633 -0.0114532
vn -0.9227463 0.1110722 -0.3690558
vn -0.9274429 0.0086668 -0.3738643
vn -0.9289266 -0.0676723 -0.3640273
vn -0.3578426 -0.7936924 0.4919361
vn 0.8780216 -0.0552474 0.4754217
vn 0.9058449 0.0079137 0.4235356
vn 0.9192400 0.0942676 0.3822453
vn 0.1450630 0.9883675 0.0456778
vn -0.9090824 0.1117105 -0.4013601
vn -0.9134635 0.0103392 -0.4067893
vn -0.9170934 -0.0641754 -0.3934733
vn -0.4332473 -0.7484848 0.5020630
vn 0.8552847 -0.0533324 0.5154065
vn 0.8858485 0.0091676 0.4638840
vn 0.8998748 0.0944234 0.4258046
vn 0.1589266 0.9871391 -0.0172857
vn -0.8877119 0.1065866 -0.4478915
vn -0.8931965 0.0082520 -0.4495908
vn -0.8973411 -0.0661197 -0.4363566
vn -0.4185728 -0.7891076 0.4495620
vn 0.8392941 -0.0557384 0.5408129
vn 0.8696564 0.0074125 0.4936019
vn 0.8858765 0.0907713 0.4549543
vn 0.1744276 0.9666732 -0.1873980
vn -0.8589050 0.0971355 -0.5028388
vn -0.8668230 0.0032776 -0.4986052
vn -0.8694428 -0.0726312 -0.4886654
vn -0.2967845 -0.8867995 0.3542676
vn 0.8284279 -0.0610062 0.5567633
vn 0.8566721 0.0034380 0.5158499
vn 0.8768827 0.0841207 0.4732868
vn 0.1932153 0.9063171 -0.3758419
vn -0.8267446 0.0873010 -0.5557625
vn -0.8372930 -0.0021429 -0.5467503
vn -0.8369029 -0.0804523 -0.5414065
vn -0.1226945 -0.9606073 0.2493584
vn 0.8171359 -0.0663873 0.5726095
vn 0.8436133 -0.0009025 0.5369505
vn 0.8688324 0.0765265 0.4891564
vn 0.2211542 0.8501498 -0.4778452
vn -0.7971722 0.0811025 -0.5982799
vn -0.8090367 -0.0053856 -0.5877335
vn -0.8059912 -0.0856726 -0.5856947
vn -0.0237592 -0.9817225 0.1888289
vn 0.7996342 -0.0694226 0.5964610
vn 0.8264893 -0.0036428 0.5629406
vn 0.8563282 0.0705308 0.5115930
vn 0.2487826 0.8463757 -0.4709091
vn -0.7738824 0.0800912 -0.6282447
vn -0.7849853 -0.0052675 -0.6194921
vn -0.7814061 -0.0863253 -0.6180231
vn -0.0510657 -0.9797774 0.1934645
vn 0.7730370 -0.0690767 0.6305888
vn 0.8029231 -0.0037528 0.5960708
vn 0.8358559 0.0678561 0.5447389
vn 0.2589111 0.8869425 -0.3824894
vn -0.7558347 0.0829067 -0.6494924
vn -0.7645455 -0.0025648 -0.6445646
vn -0.7626623 -0.0833720 -0.6414011
vn -0.1696033 -0.9559587 0.2395364
vn 0.7385710 -0.0661854 0.6709190
vn 0.7734565 -0.0017202 0.6338470
vn 0.8077570 0.0682095 0.5855562
vn 0.2516328 0.9284322 -0.2733029
vn -0.7378636 0.0862812 -0.6694123
vn -0.7439690 0.0005445 -0.6682139
vn -0.7445604 -0.0798555 -0.6627616
vn -0.2960678 -0.9133138 0.2796459
vn 0.7013942 -0.0631339 0.7099720
vn 0.7415234 0.0006928 0.6709266
vn 0.7763818 0.0693891 0.6264315
vn 0.2545709 0.9397634 -0.2281192
vn -0.7136324 0.0867207 -0.6951318
vn -0.7185122 0.0016281 -0.6955124
vn -0.7204319 -0.0792665 -0.6889809
vn -0.3484012 -0.8935923 0.2830359
vn 0.6682703 -0.0625998 0.7412800
vn 0.7118272 0.0014234 0.7023532
vn 0.7481377 0.0686177 0.6599861
vn 0.2965755 0.9084466 -0.2945636
vn -0.6793259 0.0824577 -0.7291893
vn -0.6851355 -0.0006594 -0.7284154
vn -0.6857523 -0.0836958 -0.7230068
vn -0.2898956 -0.9236821 0.2505432
vn 0.6432296 -0.0658965 0.7628325
vn 0.6874661 -0.0006937 0.7262162
vn 0.7276690 0.0641295 0.6829240
vn 0.3746276 0.8214913 -0.4298909
vn -0.6365817 0.0748292 -0.7675704
vn -0.6446904 -0.0056142 -0.7644231
vn -0.6410699 -0.0923650 -0.7619043
vn -0.1433859 -0.9700530 0.1960551
vn 0.6241180 -0.0719876 0.7780068
vn 0.6675046 -0.0051332 0.7445880
vn 0.7143082 0.0562544 0.6975666
vn 0.4550632 0.7166962 -0.5284544
vn -0.5927447 0.0678328 -0.8025288
vn -0.6023610 -0.0106209 -0.7981532
vn -0.5932348 -0.1015729 -0.7985959
vn -0.0082679 -0.9893334 0.1454340
vn 0.6033669 -0.0779346 0.7936464
vn 0.6469746 -0.0097627 0.7624491
vn 0.7015515 0.0476591 0.7110233
vn 0.5091497 0.6718286 -0.5379710
vn -0.5570429 0.0657374 -0.8278779
vn -0.5651539 -0.0126154 -0.8248891
vn -0.5524311 -0.1067987 -0.8266885
vn 0.0211368 -0.9917432 0.1264858
vn 0.5725457 -0.0804898 0.8159123
vn 0.6196251 -0.0119243 0.7848073
vn 0.6805835 0.0422330 0.7314523
vn 0.5115116 0.7278911 -0.4566512
vn -0.5349687 0.0706723 -0.8419109
vn -0.5376539 -0.0098422 -0.8431082
vn -0.5256678 -0.1054271 -0.8441318
vn -0.0861175 -0.9851403 0.1486013
vn 0.5268542 -0.0778127 0.8463863
vn 0.5814022 -0.0099455 0.8135555
vn 0.6452039 0.0428043 0.7628104
vn 0.4194375 0.8648985 -0.2757222
vn -0.5246813 0.0815432 -0.8473843
vn -0.5191135 -0.0027813 -0.8547008
vn -0.5121913 -0.0979851 -0.8532637
vn -0.3062402 -0.9321080 0.1933692
vn 0.4676710 -0.0705486 0.8810827
vn 0.5326960 -0.0041404 0.8462965
vn 0.5949820 0.0493496 0.8022226
vn 0.2309321 0.9722951 -0.0362285
vn -0.5174983 0.0943843 -0.8504629
vn -0.5036386 0.0060003 -0.8638936
vn -0.5039818 -0.0878256 -0.8592375
vn -0.5336480 -0.8170558 0.2182649
vn 0.4028777 -0.0618093 0.9131644
vn 0.4786771 0.0032275 0.8779851
vn 0.5361175 0.0588956 0.8420863
vn 0.0671116 0.9885499 0.1351483
vn -0.5022705 0.1041455 -0.8584160
vn -0.4831698 0.0129907 -0.8754303
vn -0.4901742 -0.0796813 -0.8679747
vn -0.6702693 -0.7132949 0.2048157
vn 0.3438044 -0.0557985 0.9373820
vn 0.4272126 0.0090193 0.9041062
vn 0.4792435 0.0670644 0.8751160
vn 0.0158859 0.9816612 0.1899708
vn -0.4709223 0.1071418 -0.8756442
vn -0.4514741 0.0154277 -0.8921508
vn -0.4623878 -0.0774714 -0.8832869
vn -0.7079316 -0.6853920 0.1705009
vn 0.2993400 -0.0555964 0.9525254
vn 0.3848251 0.0108137 0.9229261
vn 0.4339743 0.0703587 0.8981737
vn 0.0797903 0.9859873 0.1465008
vn -0.4224084 0.1029018 -0.9005456
vn -0.4071922 0.0127107 -0.9132540
vn -0.4183874 -0.0823413 -0.9045286
vn -0.6603558 -0.7382329 0.1376314
vn 0.2706885 -0.0613624 0.9607093
vn 0.3529649 0.0081776 0.9356008
vn 0.4034241 0.0678532 0.9124938
vn 0.2233030 0.9740221 0.0376389
vn -0.3639067 0.0946939 -0.9266094
vn -0.3548289 0.0068443 -0.9349062
vn -0.3633428 -0.0918360 -0.9271182
vn -0.5447921 -0.8299656 0.1198278
vn 0.2502276 -0.0700997 0.9656460
vn 0.3269950 0.0029528 0.9450214
vn 0.3823330 0.0615869 0.9219699
vn 0.3562381 0.9326055 -0.0578049
vn -0.3074837 0.0879837 -0.9474770
vn -0.3027450 0.0014888 -0.9530704
vn -0.3079132 -0.1008960 -0.9460494
vn -0.4268209 -0.8971817 0.1135294
vn 0.2259320 -0.0773815 0.9710648
vn 0.2987989 -0.0017001 0.9543146
vn 0.3598929 0.0556186 0.9313343
vn 0.3957052 0.9157185 -0.0698355
vn -0.2626973 0.0870900 -0.9609399
vn -0.2582662 -0.0001943 -0.9660738
vn -0.2622202 -0.1048476 -0.9592953
vn -0.3902178 -0.9148753 0.1036016
vn 0.1888117 -0.0799278 0.9787552
vn 0.2616737 -0.0031148 0.9651514
vn 0.3261706 0.0538362 0.9437767
vn 0.3259464 0.9453838 -0.0029011
vn -0.2307890 0.0925982 -0.9685876
vn -0.2231223 0.0025413 -0.9747871
vn -0.2291873 -0.1023607 -0.9679853
vn -0.4501665 -0.8894872 0.0785024
vn 0.1378468 -0.0772631 0.9874354
vn 0.2142613 -0.0006764 0.9767761
vn 0.2782133 0.0575297 0.9587949
vn 0.1970382 0.9763590 0.0888762
vn -0.2042991 0.1011869 -0.9736648
vn -0.1925392 0.0076400 -0.9812595
vn -0.2028215 -0.0960949 -0.9744892
vn -0.5485506 -0.8352917 0.0371495
vn 0.0801746 -0.0719070 0.9941838
vn 0.1612710 0.0038065 0.9869028
vn 0.2218245 0.0644903 0.9729517
vn 0.1104127 0.9830938 0.1460675
vn -0.1713549 0.1074477 -0.9793327
vn -0.1580722 0.0113636 -0.9873622
vn -0.1720072 -0.0911877 -0.9808661
vn -0.6090750 -0.7930911 -0.0058512
vn 0.0273093 -0.0681414 0.9973018
vn 0.1109379 0.0070617 0.9938022
vn 0.1683755 0.0702713 0.9832149
vn 0.1427897 0.9796053 0.1413668
vn -0.1222884 0.1067247 -0.9867398
vn -0.1122984 0.0102594 -0.9936216
vn -0.1266044 -0.0926534 -0.9876167
vn -0.5857190 -0.8101741 -0.0234793
vn -0.0111558 -0.0696366 0.9975100
vn 0.0704786 0.0061422 0.9974944
vn 0.1285276 0.0706812 0.9891839
vn 0.3175263 0.9456454 0.0702269
vn -0.0557542 0.0979171 -0.9936316
vn -0.0531804 0.0031616 -0.9985799
vn -0.0628383 -0.1026225 -0.9927336
vn -0.4559152 -0.8899534 0.0111446
vn -0.0335889 -0.0770781 0.9964591
vn 0.0417984 0.0001467 0.9991261
vn 0.1062294 0.0639868 0.9922807
vn 0.5577669 0.8296249 -0.0248697
vn 0.0189358 0.0849946 -0.9962015
vn 0.0138296 -0.0076514 -0.9998751
vn 0.0135053 -0.1183627 -0.9928786
vn -0.2459404 -0.9652922 0.0878882
vn -0.0485425 -0.0873729 0.9949923
vn 0.0197098 -0.0089801 0.9997654
vn 0.0956137 0.0520601 0.9940562
vn 0.7175375 0.6937368 -0.0622030
vn 0.0867122 0.0751868 -0.9933921
vn 0.0780609 -0.0172987 -0.9967985
vn 0.0884687 -0.1329900 -0.9871611
vn -0.0696965 -0.9866042 0.1474940
vn -0.0701611 -0.0952251 0.9929802
vn -0.0057204 -0.0171636 0.9998363
vn 0.0828175 0.0401638 0.9957551
vn 0.7611579 0.6478236 -0.0310363
vn 0.1358672 0.0745129 -0.9879210
vn 0.1299241 -0.0211713 -0.9912979
vn 0.1480896 -0.1398016 -0.9790429
vn -0.0092207 -0.9873294 0.1584162
vn -0.1096385 -0.0959194 0.9893325
vn -0.0434699 -0.0203409 0.9988476
vn 0.0538902 0.0344253 0.9979533
vn 0.6965933 0.7166288 0.0346542
vn 0.1636717 0.0846643 -0.9828751
vn 0.1661751 -0.0174549 -0.9859418
vn 0.1868580 -0.1361391 -0.9729081
vn -0.0749988 -0.9898131 0.1210170
vn -0.1695969 -0.0875987 0.9816126
vn -0.0966166 -0.0166905 0.9951817
vn 0.0030082 0.0381181 0.9992687
vn 0.5151267 0.8510636 0.1016624
vn 0.1771017 0.1023693 -0.9788542
vn 0.1910025 -0.0078595 -0.9815581
vn 0.2094382 -0.1240119 -0.9699261
vn -0.2472125 -0.9683793 0.0335778
vn -0.2431239 -0.0723575 0.9672927
vn -0.1609263 -0.0076050 0.9869371
vn -0.0650403 0.0497887 0.9966398
vn 0.2824652 0.9488759 0.1408826
vn 0.1897782 0.1208181 -0.9743650
vn 0.2136789 0.0032039 -0.9768987
vn 0.2273205 -0.1089239 -0.9677091
vn -0.4459922 -0.8908699 -0.0862657
vn -0.3171338 -0.0556028 0.9467494
vn -0.2271160 0.0029611 0.9738632
vn -0.1377409 0.0641047 0.9883916
vn 0.1345515 0.9788353 0.1541990
vn 0.2153367 0.1329916 -0.9674417
vn 0.2439190 0.0107369 -0.9697362
vn 0.2530917 -0.0974988 -0.9625168
vn -0.5658747 -0.8031120 -0.1865391
vn -0.3792130 -0.0434393 0.9242892
vn -0.2857325 0.0104821 0.9582521
vn -0.2014970 0.0747205 0.9766349
vn 0.1246750 0.9785052 0.1642675
vn 0.2601028 0.1351948 -0.9560695
vn 0.2868193 0.0117224 -0.9579130
vn 0.2941717 -0.0942523 -0.9510938
vn -0.5814025 -0.7804598 -0.2298992
vn -0.4239590 -0.0393345 0.9048268
vn -0.3319727 0.0122172 0.9432099
vn -0.2486906 0.0775945 0.9654699
vn 0.2263268 0.9566432 0.1833304
vn 0.3195218 0.1289278 -0.9387670
vn 0.3400926 0.0067849 -0.9403675
vn 0.3489449 -0.0991017 -0.9318886
vn -0.5181094 -0.8293742 -0.2090482
vn -0.4551632 -0.0421174 0.8894114
vn -0.3677730 0.0086728 0.9298751
vn -0.2810347 0.0729385 0.9569219
vn 0.3589932 0.9092720 0.2105902
vn 0.3809782 0.1202754 -0.9167276
vn 0.3954920 -0.0000354 -0.9184694
vn 0.4077143 -0.1071625 -0.9067995
vn -0.4248814 -0.8922321 -0.1529630
vn -0.4832860 -0.0466040 0.8742212
vn -0.4003806 0.0033785 0.9163427
vn -0.3081850 0.0650899 0.9490971
vn 0.4243728 0.8737418 0.2376616
vn 0.4318942 0.1164363 -0.8943769
vn 0.4439954 -0.0035968 -0.8960218
vn 0.4587250 -0.1114894 -0.8815563
vn -0.3778651 -0.9164351 -0.1317750
vn -0.5190784 -0.0467676 0.8534462
vn -0.4379874 0.0008825 0.8989807
vn -0.3422317 0.0602321 0.9376831
vn 0.3781469 0.8910807 0.2509585
vn 0.4670739 0.1212275 -0.8758687
vn 0.4811989 -0.0007960 -0.8766111
vn 0.4954301 -0.1073757 -0.8619858
vn -0.4211586 -0.8842789 -0.2016835
vn -0.5667945 -0.0394511 0.8229141
vn -0.4846382 0.0039885 0.8747056
vn -0.3902187 0.0626810 0.9185861
vn 0.2392324 0.9414291 0.2376531
vn 0.4906509 0.1328126 -0.8611751
vn 0.5093286 0.0075701 -0.8605388
vn 0.5196666 -0.0951577 -0.8490534
vn -0.5191245 -0.7769414 -0.3561905
vn -0.6218374 -0.0262758 0.7827055
vn -0.5377987 0.0119989 0.8429879
vn -0.4496957 0.0720640 0.8902699
vn 0.0864672 0.9741681 0.2086142
vn 0.5134057 0.1447477 -0.8458503
vn 0.5356235 0.0171593 -0.8442825
vn 0.5400151 -0.0801277 -0.8378325
vn -0.5832505 -0.6273034 -0.5160516
vn -0.6742137 -0.0129549 0.7384227
vn -0.5901710 0.0209733 0.8070058
vn -0.5105782 0.0833537 0.8557816
vn 0.0091715 0.9799289 0.1991360
vn 0.5470533 0.1493757 -0.8236623
vn 0.5683928 0.0223022 -0.8224550
vn 0.5672620 -0.0699886 -0.8205580
vn -0.5799007 -0.5360828 -0.6134578
vn -0.7148244 -0.0063677 0.6992750
vn -0.6342089 0.0257833 0.7727317
vn -0.5615596 0.0896438 0.8225660
vn 0.0564215 0.9699813 0.2365437
vn 0.5973894 0.1416820 -0.7893365
vn 0.6123191 0.0189501 -0.7903836
vn 0.6086042 -0.0710422 -0.7902873
vn -0.5336147 -0.5693102 -0.6254129
vn -0.7400013 -0.0107851 0.6725189
vn -0.6661015 0.0228388 0.7455113
vn -0.5960661 0.0857875 0.7983393
vn 0.2446711 0.9134888 0.3250757
vn 0.6598305 0.1223701 -0.7413834
vn 0.6653494 0.0070153 -0.7464992
vn 0.6632286 -0.0848406 -0.7435925
vn -0.4560291 -0.7328693 -0.5049158
vn -0.7528329 -0.0250046 0.6577366
vn -0.6873074 0.0121448 0.7262651
vn -0.6145090 0.0708312 0.7857236
vn 0.4871832 0.7596968 0.4307125
vn 0.7215266 0.0989750 -0.6852761
vn 0.7194760 -0.0089324 -0.6944598
vn 0.7220580 -0.1064385 -0.6835957
vn -0.3396021 -0.9092980 -0.2405153
vn -0.7623113 -0.0421577 0.6458361
vn -0.7039349 -0.0022293 0.7102610
vn -0.6241486 0.0488336 0.7797781
vn 0.6232516 0.5905416 0.5126578
vn 0.7704662 0.0819680 -0.6321891
vn 0.7658966 -0.0218320 -0.6425930
vn 0.7733310 -0.1261610 -0.6213233
vn -0.2367221 -0.9712751 -0.0242355
vn -0.7788588 -0.0535669 0.6249077
vn -0.7239054 -0.0139884 0.6897574
vn -0.6367600 0.0278106 0.7705604
vn 0.6359602 0.5202624 0.5699839
vn 0.8023727 0.0780391 -0.5916991
vn 0.8003705 -0.0263459 -0.5989265
vn 0.8106298 -0.1357161 -0.5696143
vn -0.2016808 -0.9792839 0.0181085
vn -0.8075914 -0.0538058 0.5872828
vn -0.7523276 -0.0181810 0.6585383
vn -0.6619690 0.0155366 0.7493701
vn 0.5682662 0.5662609 0.5970109
vn 0.8199791 0.0871430 -0.5657211
vn 0.8240832 -0.0215384 -0.5660592
vn 0.8349872 -0.1328835 -0.5339836
vn -0.2306578 -0.9677345 -0.1014239
vn -0.8454844 -0.0430019 0.5322659
vn -0.7885151 -0.0138517 0.6148594
vn -0.7010581 0.0148329 0.7129499
vn 0.4412766 0.6897073 0.5740895
vn 0.8301803 0.1033603 -0.5478297
vn 0.8415981 -0.0108679 -0.5399949
vn 0.8515735 -0.1214673 -0.5099688
vn -0.2857209 -0.8985944 -0.3330041
vn -0.8842222 -0.0264438 0.4663173
vn -0.8270156 -0.0042515 0.5621629
vn -0.7471969 0.0224445 0.6642237
vn 0.2989424 0.8058907 0.5110515
vn 0.8414493 0.1179749 -0.5272997
vn 0.8584868 -0.0002888 -0.5128356
vn 0.8666094 -0.1088774 -0.4869639
vn -0.3096744 -0.7771131 -0.5479024
vn -0.9161192 -0.0119645 0.4007274
vn -0.8615028 0.0050269 0.5077280
vn -0.7907227 0.0312840 0.6113746
vn 0.2167694 0.8521721 0.4762497
vn 0.8599054 0.1240063 -0.4951618
vn 0.8787202 0.0048680 -0.4773124
vn 0.8848339 -0.1024519 -0.4545025
vn -0.2923043 -0.7039689 -0.6472913
vn -0.9383379 -0.0058172 0.3456706
vn -0.8884373 0.0090454 0.4589088
vn -0.8250141 0.0343860 0.5640650
vn 0.2229651 0.8248394 0.5195446
vn 0.8854997 0.1199091 -0.4489009
vn 0.9024697 0.0028100 -0.4307443
vn 0.9069688 -0.1055104 -0.4077685
vn -0.2601625 -0.7296947 -0.6323458
vn -0.9526387 -0.0092664 0.3039631
vn -0.9081070 0.0061797 0.4186925
vn -0.8490762 0.0286819 0.5274912
vn 0.2738375 0.7408275 0.6133414
vn 0.9124013 0.1104262 -0.3941193
vn 0.9263077 -0.0036709 -0.3767501
vn 0.9294669 -0.1152629 -0.3504365
vn -0.2291229 -0.8088414 -0.5415518
vn -0.9629031 -0.0178862 0.2692540
vn -0.9234509 -0.0009535 0.3837155
vn -0.8666547 0.0167651 0.4986267
vn 0.2968319 0.6627629 0.6874854
vn 0.9340299 0.1038027 -0.3417793
vn 0.9461676 -0.0088112 -0.3235571
vn 0.9479047 -0.1242366 -0.2933292
vn -0.2032555 -0.8613480 -0.4655823
vn -0.9728306 -0.0242511 0.2302443
vn -0.9380833 -0.0069655 0.3463397
vn -0.8837989 0.0056555 0.4678327
vn 0.2546854 0.6720019 0.6953767
vn 0.9475521 0.1065856 -0.3013047
vn 0.9602479 -0.0074009 -0.2790506
vn 0.9606691 -0.1248788 -0.2480325
vn -0.1787273 -0.8465803 -0.5013564
vn -0.9837667 -0.0225734 0.1780267
vn -0.9540833 -0.0069486 0.2994607
vn -0.9052627 0.0027133 0.4248437
vn 0.1426758 0.7882093 0.5986399
vn 0.9541604 0.1195940 -0.2743633
vn 0.9693320 0.0020639 -0.2457464
vn 0.9689469 -0.1141297 -0.2193542
vn -0.1384145 -0.7426695 -0.6551973
vn -0.9936968 -0.0121168 0.1114445
vn -0.9705689 0.0005743 0.2408228
vn -0.9310132 0.0111616 0.3648149
vn -0.0111827 0.9231482 0.3842816
vn 0.9574579 0.1374668 -0.2537266
vn 0.9755393 0.0164558 -0.2192081
vn 0.9746726 -0.0951028 -0.2024074
vn -0.0687958 -0.5650097 -0.8222111
vn -0.9992787 0.0023994 0.0378995
vn -0.9845675 0.0127853 0.1745378
vn -0.9562240 0.0281708 0.2912766
vn -0.1336636 0.9764911 0.1691127
vn 0.9619395 0.1516420 -0.2273260
vn 0.9812317 0.0296205 -0.1905437
vn 0.9797241 -0.0755955 -0.1855425
vn 0.0147802 -0.4120811 -0.9110273
vn -0.9994495 0.0132472 -0.0304175
vn -0.9937277 0.0240456 0.1092109
vn -0.9754985 0.0463041 0.2150782
vn -0.1942055 0.9783038 0.0721517
vn 0.9705510 0.1548063 -0.1845690
vn 0.9878664 0.0355987 -0.1511710
vn 0.9855622 -0.0641794 -0.1566787
vn 0.0904732 -0.3569176 -0.9297443
vn -0.9964618 0.0136764 -0.0829269
vn -0.9981538 0.0288273 0.0534606
vn -0.9871651 0.0574575 0.1490094
vn -0.2014228 0.9723468 0.1181969
vn 0.9820350 0.1443047 -0.1215868
vn 0.9947649 0.0316429 -0.0971676
vn 0.9918289 -0.0658955 -0.1092393
vn 0.1392390 -0.4142613 -0.8994443
vn -0.9932491 0.0014258 -0.1159922
vn -0.9996343 0.0245398 0.0113594
vn -0.9932624 0.0569762 0.1009136
vn -0.1515686 0.9403866 0.3044666
vn 0.9913364 0.1237491 -0.0440254
vn 0.9993145 0.0196068 -0.0314007
vn 0.9957890 -0.0798316 -0.0450698
vn 0.1336342 -0.5700876 -0.8106430
vn -0.9906429 -0.0196592 -0.1350564
vn -0.9997231 0.0129153 -0.0196698
vn -0.9965119 0.0456944 0.0698292
vn -0.0640952 0.8322433 0.5506930
vn 0.9941688 0.1021221 0.0346336
vn 0.9992846 0.0052419 0.0374539
vn 0.9947256 -0.0991957 0.0260999
vn 0.0699252 -0.7471186 -0.6610025
vn -0.9874320 -0.0411971 -0.1525807
vn -0.9988676 -0.0007106 -0.0475719
vn -0.9984807 0.0295306 0.0465209
vn -0.0176353 0.7109089 0.7030629
vn 0.9909112 0.0887469 0.1010888
vn 0.9950204 -0.0048185 0.0995552
vn 0.9891997 -0.1145901 0.0913947
vn 0.0134953 -0.8466751 -0.5319391
vn -0.9819490 -0.0552685 -0.1808910
vn -0.9966417 -0.0103013 -0.0812360
vn -0.9996944 0.0166804 0.0182445
vn -0.0424025 0.6863465 0.7260376
vn 0.9847790 0.0875516 0.1501499
vn 0.9887135 -0.0069122 0.1496588
vn 0.9825083 -0.1198254 0.1425460
vn 0.0200057 -0.8646974 -0.5018946
vn -0.9726149 -0.0587466 -0.2248759
vn -0.9920276 -0.0125387 -0.1253953
vn -0.9996371 0.0129392 -0.0236271
vn -0.1067618 0.7566696 0.6450217
vn 0.9778994 0.0958313 0.1858201
vn 0.9819138 -0.0020109 0.1893178
vn 0.9768570 -0.1152214 0.1802066
vn 0.0852712 -0.8279365 -0.5543013
vn -0.9583216 -0.0538957 -0.2805619
vn -0.9839062 -0.0082676 -0.1784945
vn -0.9967131 0.0184983 -0.0788724
vn -0.1698238 0.8453763 0.5064571
vn 0.9701595 0.1066995 0.2177285
vn 0.9743602 0.0054293 0.2249282
vn 0.9714742 -0.1062933 0.2119895
vn 0.1728820 -0.7639928 -0.6216324
vn -0.9398164 -0.0465676 -0.3384916
vn -0.9721694 -0.0015433 -0.2342741
vn -0.9897762 0.0285345 -0.1397458
vn -0.2089369 0.8897140 0.4058995
vn 0.9601054 0.1129523 0.2558114
vn 0.9645271 0.0101380 0.2637891
vn 0.9637265 -0.1002028 0.2473675
vn 0.2382205 -0.7225327 -0.6489973
vn -0.9201710 -0.0430752 -0.3891399
vn -0.9583481 0.0027819 -0.2855893
vn -0.9799010 0.0364283 -0.1961301
vn -0.2280480 0.8817642 0.4128995
vn 0.9459036 0.1107982 0.3049428
vn 0.9506692 0.0088826 0.3100794
vn 0.9508472 -0.1018963 0.2924154
vn 0.2512396 -0.7411748 -0.6225259
vn -0.9026413 -0.0467639 -0.4278456
vn -0.9445589 0.0017371 -0.3283375
vn -0.9697317 0.0375358 -0.2412707
vn -0.2381019 0.8237598 0.5145166
vn 0.9265455 0.1018855 0.3621226
vn 0.9319547 0.0022094 0.3625681
vn 0.9313924 -0.1113830 0.3465574
vn 0.2064868 -0.8083760 -0.5512634
vn -0.8877186 -0.0561166 -0.4569537
vn -0.9315918 -0.0041411 -0.3634825
vn -0.9608544 0.0316706 -0.2752375
vn -0.2517102 0.7392776 0.6245883
vn 0.9034987 0.0923995 0.4185123
vn 0.9096009 -0.0058366 0.4154422
vn 0.9068625 -0.1234806 0.4029305
vn 0.1389862 -0.8739618 -0.4656968
vn -0.8724919 -0.0657418 -0.4841858
vn -0.9180620 -0.0111326 -0.3962805
vn -0.9521389 0.0232562 -0.3047798
vn -0.2784841 0.6960520 0.6617841
vn 0.8805961 0.0891730 0.4654016
vn 0.8867989 -0.0101310 0.4620444
vn 0.8820302 -0.1308072 0.4526723
vn 0.1093685 -0.9034829 -0.4144359
vn -0.8526885 -0.0697593 -0.5177412
vn -0.9012655 -0.0145671 -0.4330222
vn -0.9404647 0.0188545 -0.3393679
vn -0.3091711 0.7384956 0.5991973
vn 0.8611925 0.0955221 0.4992224
vn 0.8666490 -0.0075605 0.4988610
vn 0.8620025 -0.1283536 0.4903846
vn 0.1543487 -0.8915021 -0.4259113
vn -0.8250855 -0.0651335 -0.5612411
vn -0.8787425 -0.0115848 -0.4771555
vn -0.9225399 0.0231780 -0.3852051
vn -0.3190483 0.8401411 0.4386013
vn 0.8454530 0.1096550 0.5226710
vn 0.8498373 0.0013338 0.5270435
vn 0.8483000 -0.1160995 0.5166314
vn 0.2727573 -0.8299332 -0.4866356
vn -0.7891432 -0.0531299 -0.6119071
vn -0.8496470 -0.0026656 -0.5273452
vn -0.8965224 0.0363476 -0.4415047
vn -0.2983461 0.9252134 0.2344563
vn 0.8302699 0.1258687 0.5429631
vn 0.8341587 0.0128194 0.5513755
vn 0.8378633 -0.0986139 0.5368988
vn 0.4234928 -0.7224544 -0.5465468
vn -0.7479796 -0.0386780 -0.6625938
vn -0.8156330 0.0087195 -0.5785039
vn -0.8635127 0.0540119 -0.5014266
vn -0.2747334 0.9582577 0.0791443
vn 0.8112252 0.1375085 0.5683354
vn 0.8159244 0.0219774 0.5777408
vn 0.8252864 -0.0826150 0.5586386
vn 0.5483725 -0.6183235 -0.5629953
vn -0.7076103 -0.0279403 -0.7060503
vn -0.7805382 0.0179534 -0.6248502
vn -0.8279482 0.0698501 -0.5564376
vn -0.2780493 0.9604148 0.0170902
vn 0.7846727 0.1401144 0.6038681
vn 0.7918878 0.0251607 0.6101480
vn 0.8058186 -0.0736794 0.5875608
vn 0.6182015 -0.5734184 -0.5376042
vn -0.6737834 -0.0251761 -0.7384999
vn -0.7484024 0.0216193 -0.6628925
vn -0.7954163 0.0789081 -0.6009047
vn -0.3131066 0.9485512 0.0470634
vn 0.7492513 0.1333253 0.6487270
vn 0.7607004 0.0216653 0.6487415
vn 0.7772748 -0.0737120 0.6248284
vn 0.6259256 -0.6042758 -0.4930192
vn -0.6483561 -0.0305919 -0.7607224
vn -0.7209902 0.0191169 -0.6926816
vn -0.7690947 0.0798586 -0.6341261
vn -0.3642577 0.9199689 0.1448226
vn 0.7070391 0.1210737 0.6967330
vn 0.7236982 0.0139388 0.6899758
vn 0.7408666 -0.0802812 0.6668370
vn 0.5717924 -0.6868855 -0.4485998
vn -0.6279866 -0.0403318 -0.7771784
vn -0.6967052 0.0127842 -0.7172436
vn -0.7477747 0.0751886 -0.6596815
vn -0.4091425 0.8772531 0.2510564
vn 0.6631610 0.1096776 0.7403974
vn 0.6845621 0.0062445 0.7289278
vn 0.7010277 -0.0879470 0.7076903
vn 0.4889751 -0.7679262 -0.4137544
vn -0.6062662 -0.0488410 -0.7937606
vn -0.6716708 0.0064824 -0.7408213
vn -0.7267599 0.0695730 -0.6833591
vn -0.4368697 0.8481456 0.2996562
vn 0.6227103 0.1041152 0.7754946
vn 0.6472745 0.0022203 0.7622537
vn 0.6632642 -0.0913616 0.7427877
vn 0.4453198 -0.8064205 -0.3890710
vn -0.5778223 -0.0522041 -0.8144913
vn -0.6421787 0.0033770 -0.7665475
vn -0.7008627 0.0672538 -0.7101186
vn -0.4467309 0.8519527 0.2731449
vn 0.5874044 0.1052599 0.8024191
vn 0.6135484 0.0028658 0.7896520
vn 0.6305623 -0.0884754 0.7710793
vn 0.4777908 -0.7978816 -0.3675606
vn -0.5411926 -0.0499659 -0.8394129
vn -0.6068064 0.0043063 -0.7948380
vn -0.6675538 0.0697504 -0.7412872
vn -0.4420626 0.8743545 0.2002122
vn 0.5549273 0.1101307 0.8245768
vn 0.5819253 0.0063929 0.8132171
vn 0.6015031 -0.0812972 0.7947231
vn 0.5615592 -0.7559625 -0.3364104
vn -0.4990592 -0.0447464 -0.8654118
vn -0.5670091 0.0076796 -0.8236757
vn -0.6282394 0.0753388 -0.7743638
vn -0.4361045 0.8906674 0.1285477
vn 0.5207552 0.1140927 0.8460478
vn 0.5489651 0.0096301 0.8357898
vn 0.5716063 -0.0741236 0.8171731
vn 0.6400659 -0.7110326 -0.2911156
vn -0.4565241 -0.0404936 -0.8887891
vn -0.5261368 0.0106829 -0.8503329
vn -0.5871931 0.0805030 -0.8054338
vn -0.4456764 0.8895451 0.1004094
vn 0.4809104 0.1134058 0.8694045
vn 0.5113781 0.0098925 0.8592989
vn 0.5362662 -0.0709385 0.8410626
vn 0.6686232 -0.7011491 -0.2476549
vn -0.4181733 -0.0402019 -0.9074772
vn -0.4874251 0.0109872 -0.8730957
vn -0.5489528 0.0822043 -0.8318012
vn -0.4756838 0.8690903 0.1356725
vn 0.4343347 0.1071952 0.8943504
vn 0.4679113 0.0064253 0.8837521
vn 0.4932789 -0.0733303 0.8667748
vn 0.6293226 -0.7416790 -0.2320891
vn -0.3851800 -0.0441736 -0.9217836
vn -0.4519950 0.0080480 -0.8919842
vn -0.5155884 0.0795328 -0.8531372
vn -0.5152348 0.8296833 0.2148459
vn 0.3837754 0.0981337 0.9181973
vn 0.4202118 0.0008460 0.9074256
vn 0.4441035 -0.0795970 0.8924329
vn 0.5350144 -0.8066523 -0.2511406
vn -0.3542798 -0.0499307 -0.9338055
vn -0.4180588 0.0033366 -0.9084138
vn -0.4852837 0.0739771 -0.8712216
vn -0.5492559 0.7881096 0.2778511
vn 0.3342074 0.0908758 0.9381082
vn 0.3720292 -0.0037963 0.9282133
vn 0.3934318 -0.0855503 0.9153647
vn 0.4464219 -0.8522115 -0.2728427
vn -0.3198062 -0.0539730 -0.9459444
vn -0.3819392 -0.0005966 -0.9241873
vn -0.4531064 0.0685131 -0.8888197
vn -0.5675660 0.7752317 0.2772808
vn 0.2895813 0.0888169 0.9530237
vn 0.3268383 -0.0050006 0.9450670
vn 0.3465043 -0.0871846 0.9339880
vn 0.4311456 -0.8635664 -0.2614699
vn -0.2774118 -0.0539758 -0.9592337
vn -0.3403186 -0.0016619 -0.9403087
vn -0.4139758 0.0660226 -0.9078905
vn -0.5596986 0.8016286 0.2100690
vn 0.2505438 0.0921926 0.9637055
vn 0.2856645 -0.0022595 0.9583270
vn 0.3056600 -0.0832007 0.9484986
vn 0.5013481 -0.8406079 -0.2050082
vn -0.2263630 -0.0499017 -0.9727639
vn -0.2920948 0.0006132 -0.9563892
vn -0.3657371 0.0676542 -0.9282561
vn -0.5205539 0.8481328 0.0984599
vn 0.2143040 0.0985782 0.9717799
vn 0.2466714 0.0029703 0.9690946
vn 0.2691080 -0.0752729 0.9601640
vn 0.6144208 -0.7818867 -0.1055473
vn -0.1694889 -0.0438640 -0.9845555
vn -0.2387392 0.0049599 -0.9710710
vn -0.3099507 0.0722488 -0.9480035
vn -0.4631990 0.8858676 -0.0261773
vn 0.1761959 0.1045328 0.9787890
vn 0.2063417 0.0083045 0.9784448
vn 0.2323954 -0.0666182 0.9703373
vn 0.7071468 -0.7067713 0.0204376
vn -0.1114475 -0.0389723 -0.9930058
vn -0.1832167 0.0092137 -0.9830294
vn -0.2504551 0.0772792 -0.9650389
vn -0.4120647 0.9007541 -0.1372763
vn 0.1320406 0.1073901 0.9854099
vn 0.1613189 0.0117596 0.9868323
vn 0.1909977 -0.0601411 0.9797464
vn 0.7445181 -0.6509162 0.1483271
vn -0.0560588 -0.0376488 -0.9977174
vn -0.1280956 0.0115699 -0.9916943
vn -0.1908732 0.0805028 -0.9783081
vn -0.3804340 0.8970728 -0.2247894
vn 0.0800425 0.1064927 0.9910865
vn 0.1098581 0.0127177 0.9938659
vn 0.1423861 -0.0570421 0.9881662
vn 0.7295144 -0.6318208 0.2619374
vn -0.0040185 -0.0403953 -0.9991757
vn -0.0738455 0.0115083 -0.9972033
vn -0.1323414 0.0811935 -0.9878732
vn -0.3587766 0.8839455 -0.2998660
vn 0.0210840 0.1034493 0.9944112
vn 0.0520347 0.0120959 0.9985720
vn 0.0864511 -0.0564487 0.9946556
vn 0.6787234 -0.6376619 0.3643102
vn 0.0478253 -0.0458718 -0.9978018
vn -0.0181642 0.0098449 -0.9997865
vn -0.0724849 0.0802355 -0.9941369
vn -0.3123181 0.8576687 -0.4084872
vn -0.0432280 0.1021399 0.9938304
vn -0.0120341 0.0120761 0.9998547
vn 0.0233528 -0.0559151 0.9981624
vn 0.5937572 -0.6280168 0.5030381
vn 0.1064685 -0.0529052 -0.9929076
vn 0.0439720 0.0074903 -0.9990047
vn -0.0055513 0.0786828 -0.9968842
vn -0.0992041 0.6429902 -0.7594222
vn -0.1168312 0.1087337 0.9871816
vn -0.0877171 0.0140432 0.9960464
vn -0.0547784 -0.0507858 0.9972062
vn 0.3368793 -0.4645955 0.8189404
vn 0.1869697 -0.0617308 -0.9804242
vn 0.1283738 0.0069147 -0.9917017
vn 0.0893807 0.0763083 -0.9930701
vn 0.1324666 0.2412313 -0.9613845
vn -0.1717445 0.1819094 0.9682008
vn -0.1468064 0.0247540 0.9888555
vn -0.1225272 -0.0366961 0.9917865
vn -0.0270280 -0.1686053 0.9853130
vn 0.2676378 -0.1165345 -0.9564464
vn 0.1907222 -0.0010598 -0.9816435
vn 0.1664725 0.0610194 -0.9841563
vn -0.6646437 0.1613473 0.7295312
vn -0.6234008 0.0013016 0.7819013
vn -0.5986396 -0.1295335 0.7904756
vn 0.6141091 -0.1435679 -0.7760530
vn 0.6006155 -0.0101219 -0.7994739
vn 0.5428891 0.1457637 -0.8270576
vn -0.7355372 0.3818691 0.5596080
vn -0.6528376 0.0247345 0.7570940
vn -0.6323685 -0.0746848 0.7710592
vn 0.6100903 -0.3608932 -0.7053693
vn 0.6229820 -0.0349384 -0.7814555
vn 0.5889516 0.0676353 -0.8053332
vn -0.6526049 0.7244224 0.2220791
vn -0.6727698 0.0389454 0.7388261
vn -0.6510407 -0.0539059 0.7571263
vn 0.5264880 -0.7706284 -0.3590853
vn 0.6575037 -0.0420300 -0.7522782
vn 0.6299516 0.0498467 -0.7750331
vn -0.4891696 0.8719496 -0.0204180
vn -0.6943384 0.0438984 0.7183085
vn -0.6717820 -0.0464764 0.7392895
vn 0.2795652 -0.9449947 0.1697892
vn 0.6910722 -0.0425043 -0.7215349
vn 0.6642156 0.0445899 -0.7462100
vn -0.4361219 0.8955715 -0.0880312
vn -0.7188983 0.0431265 0.6937762
vn -0.6971829 -0.0461938 0.7154035
vn 0.1925207 -0.9376642 0.2893469
vn 0.7180399 -0.0428967 -0.6946788
vn 0.6923412 0.0427566 -0.7203024
vn -0.6750531 0.7356910 0.0553356
vn -0.7509837 0.0366614 0.6593023
vn -0.7290908 -0.0555904 0.6821557
vn 0.3699459 -0.9289726 -0.0122486
vn 0.7365369 -0.0448274 -0.6749103
vn 0.7095325 0.0422076 -0.7034075
vn -0.5377531 0.8389870 -0.0832008
vn -0.7728523 0.0390611 0.6333826
vn -0.7534358 -0.0566474 0.6550768
vn 0.3424821 -0.9392442 0.0229437
vn 0.7617881 -0.0478183 -0.6460591
vn 0.7366193 0.0434585 -0.6749099
vn 0.1616499 0.9054504 -0.3924652
vn -0.7823582 0.0526413 0.6206001
vn -0.7655809 -0.0469167 0.6416266
vn 0.0778730 -0.9002883 0.4282718
vn 0.7968556 -0.0503344 -0.6020694
vn 0.7730864 0.0471655 -0.6325447
vn 0.0949362 0.9201627 -0.3798523
vn -0.8075723 0.0527300 0.5874065
vn -0.7915690 -0.0506071 0.6089807
vn 0.2316176 -0.9433248 0.2376796
vn 0.8152508 -0.0521181 -0.5767580
vn 0.7925440 0.0501398 -0.6077499
vn -0.3133649 0.9181043 -0.2426665
vn -0.8365917 0.0465010 0.5458499
vn -0.8217015 -0.0575825 0.5670016
vn 0.4512165 -0.8870130 -0.0980386
vn 0.8283547 -0.0510795 -0.5578704
vn 0.8062703 0.0516766 -0.5892858
vn -0.4404750 0.8714089 -0.2159357
vn -0.8583954 0.0445246 0.5110527
vn -0.8449462 -0.0571464 0.5317895
vn 0.4734684 -0.8679229 -0.1501251
vn 0.8461414 -0.0491361 -0.5306885
vn 0.8243827 0.0502715 -0.5637960
vn -0.0574534 0.9526337 -0.2986439
vn -0.8662911 0.0541498 0.4965959
vn -0.8527893 -0.0430275 0.5204796
vn 0.0824864 -0.9193955 0.3845880
vn 0.8749249 -0.0442259 -0.4822350
vn 0.8553260 0.0488293 -0.5157840
vn -0.0489395 0.9518658 -0.3025829
vn -0.8830515 0.0538136 0.4661805
vn -0.8687020 -0.0394778 0.4937594
vn -0.0927252 -0.8302531 0.5496197
vn 0.8948113 -0.0414530 -0.4445158
vn 0.8753839 0.0462708 -0.4812090
vn -0.5795867 0.7892426 -0.2029170
vn -0.9081374 0.0396330 0.4167922
vn -0.8949471 -0.0502607 0.4433324
vn 0.2829466 -0.9473489 0.1499045
vn 0.9008578 -0.0430494 -0.4319745
vn 0.8826688 0.0417626 -0.4681364
vn -0.4735771 0.8397366 -0.2656450
vn -0.9213129 0.0402914 0.3867287
vn -0.9089705 -0.0498927 0.4138639
vn 0.1514339 -0.9503927 0.2717013
vn 0.9171451 -0.0438652 -0.3961322
vn 0.9001177 0.0406487 -0.4337463
vn 0.0487637 0.9487735 -0.3121714
vn -0.9285136 0.0481982 0.3681569
vn -0.9180769 -0.0444322 0.3939042
vn -0.1087741 -0.8661888 0.4877348
vn 0.9361048 -0.0447501 -0.3488627
vn 0.9213580 0.0433319 -0.3862924
vn 0.4636424 0.8407515 -0.2795938
vn -0.9362808 0.0566008 0.3466622
vn -0.9277928 -0.0405591 0.3708847
vn -0.2662592 -0.7813430 0.5644547
vn 0.9515095 -0.0477491 -0.3038909
vn 0.9385500 0.0464892 -0.3419979
vn -0.0700459 0.9367291 -0.3429756
vn -0.9561663 0.0462909 0.2891422
vn -0.9476523 -0.0560213 0.3143512
vn 0.2827462 -0.9434425 0.1731207
vn 0.9544905 -0.0518395 -0.2937016
vn 0.9426619 0.0481704 -0.3302547
vn -0.1364705 0.9368026 -0.3221439
vn -0.9664672 0.0474132 0.2523748
vn -0.9594931 -0.0571337 0.2758780
vn 0.3552027 -0.9289869 0.1039921
vn 0.9637696 -0.0519829 -0.2616218
vn 0.9534292 0.0506053 -0.2973412
vn 0.2299590 0.9335842 -0.2748442
vn -0.9709785 0.0572762 0.2322071
vn -0.9655401 -0.0468027 0.2560115
vn 0.0732390 -0.9395649 0.3344455
vn 0.9760109 -0.0495542 -0.2120072
vn 0.9672175 0.0522581 -0.2485144
vn 0.2872990 0.9223444 -0.2583408
vn -0.9777789 0.0597847 0.2009336
vn -0.9729215 -0.0407641 0.2275126
vn -0.1930349 -0.8707360 0.4522791
vn 0.9840462 -0.0463586 -0.1717672
vn 0.9766796 0.0505612 -0.2086637
vn -0.1695672 0.9289990 -0.3289496
vn -0.9872813 0.0495945 0.1510500
vn -0.9825312 -0.0456153 0.1804211
vn 0.0750412 -0.9418660 0.3275017
vn 0.9879760 -0.0441041 -0.1481831
vn 0.9813518 0.0475811 -0.1862381
vn -0.4584074 0.8164918 -0.3510039
vn -0.9932816 0.0412165 0.1081334
vn -0.9894864 -0.0496498 0.1358368
vn 0.2749685 -0.9405457 0.1994146
vn 0.9913977 -0.0430649 -0.1235959
vn 0.9860155 0.0439997 -0.1607405
vn 0.1329886 0.9513543 -0.2779192
vn -0.9945251 0.0500836 0.0917138
vn -0.9919576 -0.0395916 0.1202189
vn -0.3784625 -0.8102169 0.4475654
vn 0.9967450 -0.0420084 -0.0688099
vn 0.9934112 0.0432012 -0.1061504
vn 0.4192725 0.8850680 -0.2021516
vn -0.9966436 0.0530280 0.0623665
vn -0.9951580 -0.0379572 0.0906627
vn -0.5403649 -0.7187423 0.4375103
vn 0.9986244 -0.0443465 -0.0279770
vn 0.9969222 0.0429207 -0.0656040
vn 0.2901603 0.9230786 -0.2524536
vn -0.9986026 0.0492362 0.0192025
vn -0.9978572 -0.0448991 0.0475923
vn -0.3288658 -0.8666627 0.3751573
vn 0.9988444 -0.0480266 -0.0017965
vn 0.9983272 0.0439585 -0.0375561
vn 0.0352420 0.9460595 -0.3220706
vn -0.9986376 0.0460071 -0.0246225
vn -0.9985775 -0.0532036 0.0035136
vn 0.0786619 -0.9538290 0.2898666
vn 0.9984257 -0.0503725 0.0246720
vn 0.9988286 0.0472015 -0.0106473
vn 0.4199798 0.8900918 -0.1770694
vn -0.9972281 0.0546259 -0.0505191
vn -0.9985735 -0.0476591 -0.0240762
vn -0.1959196 -0.9245439 0.3268548
vn 0.9962329 -0.0532530 0.0684406
vn 0.9982153 0.0489577 0.0341947
vn 0.6910570 0.7210592 -0.0501373
vn -0.9949324 0.0646665 -0.0769919
vn -0.9979295 -0.0398192 -0.0505097
vn -0.5218011 -0.7894257 0.3233121
vn 0.9920525 -0.0557315 0.1128088
vn 0.9958395 0.0486328 0.0770614
vn 0.4398303 0.8814128 -0.1722230
vn -0.9906216 0.0582253 -0.1236072
vn -0.9945237 -0.0436924 -0.0949404
vn -0.2987588 -0.9053042 0.3019396
vn 0.9892574 -0.0516710 0.1367474
vn 0.9934229 0.0495169 0.1032427
vn 0.3759509 0.9068804 -0.1903388
vn -0.9855348 0.0567699 -0.1596818
vn -0.9905584 -0.0414078 -0.1306886
vn -0.4231595 -0.8660750 0.2661768
vn 0.9842521 -0.0489299 0.1698635
vn 0.9893398 0.0471926 0.1377667
vn 0.8145529 0.5792204 0.0317375
vn -0.9800282 0.0671879 -0.1871646
vn -0.9865545 -0.0304243 -0.1605757
vn -0.8891984 -0.4558649 0.0389021
vn 0.9765712 -0.0543825 0.2082098
vn 0.9832193 0.0373943 0.1785540
vn 0.9685699 0.1669635 0.1843787
vn -0.9662487 0.1500425 -0.2094058
vn -0.9826633 -0.0012327 -0.1853948
vn -0.9832754 -0.1218481 -0.1353607
vn 0.9600046 -0.1074527 0.2585442
vn 0.9767873 0.0092938 0.2140097
vn -0.9902317 0.1301758 -0.0499547
vn -0.9995105 -0.0036246 0.0310735
vn -0.9900031 -0.1296000 0.0556572
vn 0.9884392 -0.1427448 -0.0511074
vn 0.9969464 -0.0148456 -0.0766647
vn 0.9811166 0.1165804 -0.1543351
vn -0.8808585 0.3996663 -0.2536830
vn -0.9996874 0.0243870 0.0055109
vn -0.9971046 -0.0658903 0.0379583
vn 0.8859949 -0.4608337 0.0514322
vn 0.9984367 -0.0373972 -0.0415400
vn 0.9949888 0.0504310 -0.0863371
vn -0.5941647 0.6826436 -0.4254011
vn -0.9992160 0.0352870 -0.0179531
vn -0.9984746 -0.0519614 0.0186675
vn 0.4155614 -0.8641117 0.2839361
vn 0.9991368 -0.0415340 -0.0007906
vn 0.9981656 0.0413217 -0.0442497
vn -0.1245679 0.8929508 -0.4325756
vn -0.9983741 0.0425188 -0.0379633
vn -0.9989998 -0.0447057 -0.0009437
vn -0.1522488 -0.8939056 0.4216077
vn 0.9982821 -0.0421922 0.0406531
vn 0.9991667 0.0407277 -0.0026578
vn -0.4518462 0.7287473 -0.5145506
vn -0.9961991 0.0349737 -0.0797758
vn -0.9975502 -0.0567675 -0.0408786
vn 0.2482336 -0.9120024 0.3265450
vn 0.9971819 -0.0461576 0.0591425
vn 0.9991496 0.0394428 0.0120148
vn -0.3776536 0.7583758 -0.5312663
vn -0.9930634 0.0348746 -0.1122892
vn -0.9951686 -0.0615532 -0.0764891
vn 0.3599548 -0.8905958 0.2779777
vn 0.9950480 -0.0496469 0.0861079
vn 0.9983952 0.0407726 0.0393011
vn 0.2436879 0.9165999 -0.3169555
vn -0.9910852 0.0495886 -0.1236575
vn -0.9946273 -0.0506391 -0.0902892
vn -0.0101755 -0.9176739 0.3972042
vn 0.9896783 -0.0494451 0.1345065
vn 0.9950428 0.0469111 0.0876880
vn 0.3596647 0.9017063 -0.2399311
vn -0.9872587 0.0550843 -0.1492846
vn -0.9920499 -0.0474272 -0.1165662
vn -0.0513086 -0.9096432 0.4122095
vn 0.9844962 -0.0490391 0.1684115
vn 0.9912764 0.0502402 0.1218480
vn 0.0566842 0.9028223 -0.4262615
vn -0.9802587 0.0477617 -0.1918638
vn -0.9857990 -0.0536062 -0.1591439
vn 0.2799582 -0.8996677 0.3349948
vn 0.9814302 -0.0489726 0.1854628
vn 0.9891358 0.0489759 0.1386063
vn -0.3021448 0.7293744 -0.6137764
vn -0.9707395 0.0362435 -0.2373841
vn -0.9764078 -0.0616692 -0.2069413
vn 0.5257507 -0.8225339 0.2168508
vn 0.9788813 -0.0494920 0.1983479
vn 0.9879141 0.0427687 0.1489850
vn 0.0343520 0.8990117 -0.4365752
vn -0.9686544 0.0488208 -0.2435676
vn -0.9766803 -0.0435853 -0.2102284
vn -0.1187350 -0.9071093 0.4038003
vn 0.9670029 -0.0409287 0.2514563
vn 0.9779927 0.0446445 0.2038068
vn 0.2008467 0.9294256 -0.3095619
vn -0.9634909 0.0536881 -0.2623030
vn -0.9734482 -0.0354519 -0.2261456
vn -0.5276743 -0.7377104 0.4211213
vn 0.9548691 -0.0357121 0.2948722
vn 0.9685029 0.0448420 0.2449312
vn -0.0759753 0.8434076 -0.5318754
vn -0.9513662 0.0416278 -0.3052367
vn -0.9618140 -0.0455247 -0.2698915
vn -0.2159078 -0.8944637 0.3915590
vn 0.9514023 -0.0407737 0.3052394
vn 0.9655140 0.0388574 0.2574351
vn -0.1893269 0.7379746 -0.6477259
vn -0.9385442 0.0349549 -0.3433844
vn -0.9497438 -0.0545811 -0.3082330
vn 0.0035125 -0.9347240 0.3553570
vn 0.9454473 -0.0456700 0.3225579
vn 0.9613777 0.0350378 0.2729932
vn 0.1701723 0.9140474 -0.3681830
vn -0.9334303 0.0447079 -0.3559621
vn -0.9446805 -0.0485059 -0.3243853
vn -0.2408425 -0.8926569 0.3809968
vn 0.9300195 -0.0447842 0.3647712
vn 0.9471351 0.0412068 0.3181778
vn 0.5510177 0.8260236 0.1185939
vn -0.9315220 0.0625911 -0.3582583
vn -0.9429598 -0.0363534 -0.3309158
vn -0.5755321 -0.7343072 0.3599386
vn 0.9085033 -0.0425779 0.4157030
vn 0.9279984 0.0502015 0.3691867
vn 0.3369499 0.9148261 -0.2226160
vn -0.9107744 0.0505203 -0.4098019
vn -0.9230813 -0.0521078 -0.3810586
vn -0.0267529 -0.9237785 0.3819915
vn 0.9070312 -0.0503096 0.4180471
vn 0.9259523 0.0480738 0.3745681
vn 0.1199890 0.8864219 -0.4470558
vn -0.8927413 0.0447629 -0.4483406
vn -0.9051090 -0.0588377 -0.4210888
vn 0.2539060 -0.9009613 0.3518529
vn 0.8996862 -0.0516365 0.4334725
vn 0.9194355 0.0472551 0.3903912
vn 0.2084638 0.9159421 -0.3429182
vn -0.8828401 0.0507936 -0.4669190
vn -0.8966383 -0.0503754 -0.4398887
vn 0.0354722 -0.9279797 0.3709386
vn 0.8818901 -0.0468345 0.4691231
vn 0.9033331 0.0486566 0.4261712
vn 0.3868909 0.9193889 -0.0709894
vn -0.8770973 0.0613951 -0.4763728
vn -0.8937722 -0.0350854 -0.4471468
vn -0.5586995 -0.7757887 0.2932691
vn 0.8569654 -0.0386300 0.5139241
vn 0.8804458 0.0504406 0.4714561
vn 0.2014541 0.9180958 -0.3413448
vn -0.8561113 0.0515794 -0.5142110
vn -0.8752853 -0.0396373 -0.4819799
vn -0.4620255 -0.8326211 0.3054089
vn 0.8463303 -0.0387071 0.5312502
vn 0.8715741 0.0452585 0.4881703
vn -0.0787290 0.7474662 -0.6596181
vn -0.8318278 0.0370602 -0.5537951
vn -0.8501334 -0.0507497 -0.5241161
vn 0.0027876 -0.9309809 0.3650573
vn 0.8421322 -0.0428763 0.5375639
vn 0.8672732 0.0379675 0.4963825
vn 0.2178961 0.9134319 -0.3437490
vn -0.8242368 0.0460329 -0.5643711
vn -0.8438555 -0.0418001 -0.5349398
vn -0.4964103 -0.8314539 0.2495219
vn 0.8153447 -0.0397831 0.5776075
vn 0.8425554 0.0408003 0.5370621
vn 0.4642325 0.8821387 0.0794947
vn -0.8151312 0.0545602 -0.5767012
vn -0.8344770 -0.0360489 -0.5498624
vn -0.6961239 -0.7051453 0.1348392
vn 0.7893035 -0.0399830 0.6127001
vn 0.8176951 0.0444936 0.5739295
vn 0.5233076 0.8349940 0.1701007
vn -0.7970453 0.0563130 -0.6012883
vn -0.8171123 -0.0387445 -0.5751750
vn -0.6465135 -0.7527671 0.1239432
vn 0.7715902 -0.0449173 0.6345321
vn 0.8005578 0.0460609 0.5974827
vn 0.2726764 0.9113543 -0.3083520
vn -0.7647590 0.0447988 -0.6427571
vn -0.7855016 -0.0552736 -0.6163864
vn -0.0439972 -0.9265966 0.3734741
vn 0.7673898 -0.0506861 0.6391744
vn 0.7955954 0.0460882 0.6040727
vn 0.3941541 0.9173231 -0.0562222
vn -0.7505589 0.0532237 -0.6586567
vn -0.7716985 -0.0489658 -0.6341007
vn -0.2387865 -0.9242949 0.2977583
vn 0.7416247 -0.0500670 0.6689440
vn 0.7703647 0.0497560 0.6356591
vn 0.5236264 0.8128203 0.2552226
vn -0.7385934 0.0649334 -0.6710167
vn -0.7611174 -0.0378166 -0.6475107
vn -0.5917192 -0.8001595 0.0980467
vn 0.7106800 -0.0476749 0.7018982
vn 0.7413995 0.0517373 0.6690665
vn 0.4847383 0.8660515 0.1224076
vn -0.7123405 0.0605709 -0.6992154
vn -0.7373602 -0.0381846 -0.6744196
vn -0.5883629 -0.8074296 0.0434351
vn 0.6942660 -0.0459975 0.7182471
vn 0.7245708 0.0490550 0.6874524
vn 0.3345922 0.9274834 -0.1668010
vn -0.6850813 0.0525433 -0.7265692
vn -0.7115262 -0.0409921 -0.7014628
vn -0.4667703 -0.8753550 0.1260125
vn 0.6778899 -0.0435704 0.7338712
vn 0.7080750 0.0464692 0.7046065
vn 0.4029828 0.9143625 -0.0393207
vn -0.6648120 0.0514597 -0.7452361
vn -0.6906709 -0.0379773 -0.7221713
vn -0.6011452 -0.7964843 -0.0650938
vn 0.6550759 -0.0426230 0.7543599
vn 0.6838742 0.0432310 0.7283181
vn 0.6417026 0.4512234 0.6201735
vn -0.6522720 0.0703275 -0.7547153
vn -0.6772373 -0.0222427 -0.7354283
vn -0.7760891 -0.3350037 -0.5342829
vn 0.6176003 -0.0503340 0.7848799
vn 0.6501321 0.0356033 0.7589866
vn 0.6423301 0.1488596 0.7518330
vn -0.6277896 0.1329874 -0.7669384
vn -0.6552872 0.0010178 -0.7553791
vn -0.6986082 -0.1201887 -0.7053376
vn 0.5736112 -0.1051907 0.8123454
vn 0.6272151 0.0123992 0.7787474
vn -0.6228247 0.0885757 -0.7773311
vn -0.6982366 -0.0107320 -0.7157867
vn -0.7200532 -0.1429887 -0.6790269
vn 0.6994610 -0.1578914 0.6970112
vn 0.7372356 -0.0226134 0.6752572
vn 0.7956882 0.0749642 0.6010496
vn -0.3763384 0.3054180 -0.8746938
vn -0.6807474 0.0152018 -0.7323605
vn -0.7116747 -0.0704151 -0.6989713
vn 0.5005241 -0.4982305 0.7079845
vn 0.7115498 -0.0413987 0.7014150
vn 0.7511664 0.0339573 0.6592389
vn 0.2313866 0.7818932 -0.5788811
vn -0.6732633 0.0365294 -0.7384999
vn -0.7082621 -0.0464704 -0.7044185
vn -0.3511976 -0.8543862 0.3829941
vn 0.6755759 -0.0407880 0.7361613
vn 0.7159438 0.0360224 0.6972280
vn 0.1826723 0.6844332 -0.7058201
vn -0.6482236 0.0313930 -0.7608026
vn -0.6853757 -0.0571346 -0.7259448
vn -0.1304017 -0.8594047 0.4943875
vn 0.6618848 -0.0467474 0.7481465
vn 0.7067582 0.0334233 0.7066652
vn 0.1919719 0.6505150 -0.7348313
vn -0.6231022 0.0280160 -0.7816385
vn -0.6587565 -0.0663279 -0.7494267
vn 0.0681205 -0.8293789 0.5545181
vn 0.6473180 -0.0519157 0.7604500
vn 0.6942999 0.0326777 0.7189435
vn 0.4232056 0.8158824 -0.3939961
vn -0.6105177 0.0401381 -0.7909849
vn -0.6449551 -0.0583931 -0.7619864
vn -0.1003358 -0.8680812 0.4861767
vn 0.6185140 -0.0499554 0.7841842
vn 0.6674249 0.0393690 0.7436357
vn 0.4952045 0.8666213 -0.0611564
vn -0.6007955 0.0547037 -0.7975288
vn -0.6365271 -0.0439522 -0.7700009
vn -0.4105456 -0.8411769 0.3519569
vn 0.5846217 -0.0419581 0.8102203
vn 0.6348885 0.0475232 0.7711408
vn 0.4681793 0.8462480 -0.2543076
vn -0.5735198 0.0491576 -0.8177155
vn -0.6105130 -0.0468790 -0.7906176
vn -0.2926586 -0.8553738 0.4274186
vn 0.5678962 -0.0415011 0.8220533
vn 0.6198220 0.0445612 0.7834762
vn 0.2868913 0.5419856 -0.7899019
vn -0.5297010 0.0242633 -0.8478373
vn -0.5641139 -0.0678379 -0.8229055
vn 0.1707693 -0.8149936 0.5537357
vn 0.5703171 -0.0512380 0.8198250
vn 0.6258734 0.0262627 0.7794824
vn 0.4101708 0.7138169 -0.5676489
vn -0.5242014 0.0382809 -0.8507335
vn -0.5618491 -0.0478738 -0.8258533
vn -0.3495048 -0.8662344 0.3570496
vn 0.5296508 -0.0382264 0.8473540
vn 0.5862059 0.0324246 0.8095130
vn 0.4690892 0.8548173 -0.2219067
vn -0.5174454 0.0516300 -0.8541572
vn -0.5578828 -0.0318174 -0.8293096
vn -0.7699738 -0.6354728 0.0575731
vn 0.4864047 -0.0258683 0.8733506
vn 0.5465817 0.0402323 0.8364388
vn 0.4874403 0.8507042 -0.1967340
vn -0.4927111 0.0482285 -0.8688555
vn -0.5334577 -0.0350964 -0.8450983
vn -0.7415230 -0.6693686 0.0457082
vn 0.4668065 -0.0297588 0.8838586
vn 0.5264723 0.0376686 0.8493574
vn 0.4605416 0.6041861 -0.6502774
vn -0.4457075 0.0277102 -0.8947497
vn -0.4874072 -0.0600367 -0.8711084
vn -0.3179776 -0.8863117 0.3366628
vn 0.4693143 -0.0479233 0.8817298
vn 0.5318360 0.0219260 0.8465635
vn 0.5104900 0.7836997 -0.3538571
vn -0.4311027 0.0375621 -0.9015207
vn -0.4693755 -0.0558875 -0.8812283
vn -0.3959255 -0.8677439 0.3004390
vn 0.4350990 -0.0454376 0.8992354
vn 0.4964839 0.0311797 0.8674858
vn 0.3818702 0.8505196 0.3616512
vn -0.4395415 0.0696569 -0.8955173
vn -0.4740358 -0.0314676 -0.8799431
vn -0.7408980 -0.6696054 0.0519501
vn 0.3761872 -0.0305644 0.9260394
vn 0.4397337 0.0530663 0.8965591
vn 0.4653771 0.8683372 0.1715073
vn -0.3982369 0.0594096 -0.9153567
vn -0.4351915 -0.0431486 -0.8993034
vn -0.5269356 -0.8190508 0.2269244
vn 0.3664139 -0.0396606 0.9296063
vn 0.4281638 0.0486577 0.9023903
vn 0.5439883 0.7869957 -0.2910576
vn -0.3492113 0.0410442 -0.9361447
vn -0.3857879 -0.0607388 -0.9205860
vn -0.1522030 -0.8754427 0.4587313
vn 0.3629632 -0.0489096 0.9305190
vn 0.4258616 0.0376839 0.9040032
vn 0.5547546 0.7127797 -0.4291765
vn -0.3187007 0.0372732 -0.9471223
vn -0.3553893 -0.0603952 -0.9327652
vn -0.1564149 -0.8879852 0.4324542
vn 0.3387595 -0.0465996 0.9397183
vn 0.4046821 0.0327465 0.9138709
vn 0.4557003 0.8871997 0.0722071
vn -0.3243586 0.0629762 -0.9438355
vn -0.3660454 -0.0280055 -0.9301755
vn -0.7695626 -0.6328346 -0.0854041
vn 0.2734626 -0.0229069 0.9616098
vn 0.3409146 0.0488363 0.9388249
vn 0.4864915 0.8734848 -0.0187179
vn -0.2921057 0.0575920 -0.9546504
vn -0.3381537 -0.0283798 -0.9406629
vn -0.7948576 -0.5792391 -0.1807857
vn 0.2458165 -0.0220178 0.9690663
vn 0.3160759 0.0446395 0.9476831
vn 0.5655972 0.6701029 -0.4806890
vn -0.2405545 0.0343511 -0.9700276
vn -0.2846376 -0.0495504 -0.9573537
vn -0.4976990 -0.8518485 0.1632479
vn 0.2489209 -0.0386485 0.9677524
vn 0.3164163 0.0275469 0.9482204
vn 0.5866592 0.7468822 -0.3130462
vn -0.2176270 0.0385978 -0.9752685
vn -0.2614948 -0.0476844 -0.9640263
vn -0.5887626 -0.8073216 0.0398793
vn 0.2140535 -0.0378364 0.9760889
vn 0.2841585 0.0292550 0.9583309
vn 0.3940971 0.8753536 0.2800778
vn -0.2126573 0.0579117 -0.9754092
vn -0.2530296 -0.0330476 -0.9668939
vn -0.7390550 -0.6405444 -0.2085681
vn 0.1602380 -0.0293894 0.9866408
vn 0.2288048 0.0441082 0.9724725
vn 0.2491293 0.7870089 0.5644038
vn -0.1970282 0.0722820 -0.9777296
vn -0.2358714 -0.0252848 -0.9714553
vn -0.7557421 -0.5686097 -0.3248645
vn 0.1165251 -0.0283778 0.9927823
vn 0.1857890 0.0533095 0.9811425
vn 0.5354269 0.8440135 0.0309716
vn -0.1281718 0.0454625 -0.9907094
vn -0.1699837 -0.0549688 -0.9839126
vn -0.4061739 -0.8743235 0.2656713
vn 0.1259614 -0.0478497 0.9908805
vn 0.1910318 0.0407649 0.9807370
vn 0.5048421 0.8607709 0.0648684
vn -0.0991965 0.0497045 -0.9938257
vn -0.1401592 -0.0516787 -0.9887794
vn -0.4251648 -0.8755112 0.2295975
vn 0.0914947 -0.0453291 0.9947733
vn 0.1562551 0.0442311 0.9867259
vn 0.3732524 0.8674055 0.3290749
vn -0.0832358 0.0639701 -0.9944746
vn -0.1254934 -0.0354699 -0.9914602
vn -0.6325121 -0.7608589 -0.1449902
vn 0.0404018 -0.0347282 0.9985798
vn 0.1059788 0.0516134 0.9930280
vn 0.3323966 0.8405068 0.4278562
vn -0.0549002 0.0673296 -0.9962192
vn -0.1004541 -0.0267188 -0.9945829
vn -0.6521834 -0.6036887 -0.4584940
vn 0.0012061 -0.0293089 0.9995697
vn 0.0657481 0.0514779 0.9965075
vn 0.5074258 0.8604241 0.0467912
vn -0.0049847 0.0512906 -0.9986713
vn -0.0533227 -0.0366716 -0.9979037
vn -0.6023394 -0.7490676 -0.2758349
vn -0.0148228 -0.0339811 0.9993125
vn 0.0480960 0.0430003 0.9979167
vn 0.5323261 0.8454004 -0.0438979
vn 0.0300228 0.0446246 -0.9985526
vn -0.0152526 -0.0394369 -0.9991056
vn -0.5542504 -0.8040230 -0.2152987
vn -0.0403051 -0.0360383 0.9985373
vn 0.0178036 0.0387483 0.9990904
vn 0.2089108 0.7232050 0.6582786
vn 0.0432289 0.0619391 -0.9971433
vn -0.0006704 -0.0236908 -0.9997191
vn -0.4717618 -0.4589487 -0.7528658
vn -0.0979415 -0.0307876 0.9947158
vn -0.0381103 0.0441870 0.9982961
vn 0.0246546 0.4157429 0.9091480
vn 0.0714365 0.0734723 -0.9947355
vn 0.0314302 -0.0159002 -0.9993795
vn -0.2666575 -0.3055641 -0.9140702
vn -0.1397616 -0.0404440 0.9893589
vn -0.0793641 0.0408640 0.9960078
vn -0.0770155 0.1481506 0.9859615
vn 0.1028431 0.1280048 -0.9864269
vn 0.0668953 0.0051651 -0.9977466
vn -0.0333551 -0.1188977 -0.9923461
vn -0.2084300 -0.0986692 0.9730474
vn -0.1149736 0.0213616 0.9931388
vn 0.1967821 0.0626694 -0.9784423
vn 0.0883391 -0.0178981 -0.9959296
vn 0.0348125 -0.1691578 -0.9849740
vn -0.0681288 -0.1881351 0.9797774
vn -0.0155292 -0.0323552 0.9993558
vn 0.0904759 0.0469536 0.9947912
vn 0.4879712 0.3511956 -0.7990906
vn 0.1057339 0.0162829 -0.9942611
vn 0.0518788 -0.0698719 -0.9962061
vn -0.3014219 -0.5947514 0.7452622
vn -0.0677559 -0.0451891 0.9966780
vn -0.0043476 0.0290479 0.9995686
vn 0.6939778 0.6184226 -0.3687115
vn 0.1308633 0.0277267 -0.9910126
vn 0.0759646 -0.0620702 -0.9951767
vn -0.4554469 -0.8105627 0.3681796
vn -0.1077746 -0.0487517 0.9929793
vn -0.0387544 0.0294722 0.9988140
vn 0.7311872 0.5995836 -0.3253688
vn 0.1669818 0.0248897 -0.9856458
vn 0.1159858 -0.0712119 -0.9906948
vn -0.3701141 -0.7955803 0.4796535
vn -0.1312446 -0.0543502 0.9898590
vn -0.0594975 0.0274665 0.9978505
vn 0.7532166 0.6341594 -0.1746614
vn 0.1985880 0.0267145 -0.9797189
vn 0.1534526 -0.0746587 -0.9853316
vn -0.3210845 -0.8146189 0.4830122
vn -0.1593166 -0.0568448 0.9855896
vn -0.0852451 0.0267273 0.9960015
vn 0.5187925 0.8285610 0.2105730
vn 0.2030820 0.0513742 -0.9778131
vn 0.1571596 -0.0470763 -0.9864505
vn -0.5584910 -0.8293885 0.0142297
vn -0.2175291 -0.0386273 0.9752892
vn -0.1446366 0.0421213 0.9885879
vn 0.5300232 0.8218063 0.2090690
vn 0.2316933 0.0531241 -0.9713372
vn 0.1845259 -0.0418494 -0.9819363
vn -0.6129633 -0.7822340 -0.1112921
vn -0.2540340 -0.0316796 0.9666763
vn -0.1789342 0.0429338 0.9829238
vn 0.8483215 0.4538435 -0.2727209
vn 0.2931310 0.0202349 -0.9558581
vn 0.2491173 -0.0702301 -0.9659235
vn -0.3640166 -0.8454330 0.3908132
vn -0.2488624 -0.0494528 0.9672755
vn -0.1697534 0.0150145 0.9853722
vn 0.8553998 0.4900504 -0.1677553
vn 0.3140584 0.0256919 -0.9490560
vn 0.2699278 -0.0608411 -0.9609565
vn -0.4815380 -0.8707395 0.0996688
vn -0.2892846 -0.0416120 0.9563382
vn -0.2077892 0.0145862 0.9780649
vn 0.6388086 0.7560433 0.1425558
vn 0.3178388 0.0470529 -0.9469765
vn 0.2734349 -0.0380662 -0.9611370
vn -0.6244683 -0.6440695 -0.4418301
vn -0.3471195 -0.0232840 0.9375318
vn -0.2653611 0.0300026 0.9636822
vn 0.2729590 0.8678884 0.4150459
vn 0.3284255 0.0637816 -0.9423739
vn 0.2857876 -0.0239922 -0.9579926
vn -0.5893831 -0.4643362 -0.6610745
vn -0.3945993 -0.0137244 0.9187508
vn -0.3145469 0.0427236 0.9482800
vn 0.7977694 0.5976560 0.0798205
vn 0.3969992 0.0300151 -0.9173281
vn 0.3524005 -0.0632415 -0.9337100
vn -0.5171028 -0.8527253 -0.0739201
vn -0.3809737 -0.0476106 0.9233592
vn -0.3004526 0.0145605 0.9536856
vn 0.7339469 0.6627507 0.1486051
vn 0.4272143 0.0312684 -0.9036095
vn 0.3888830 -0.0698085 -0.9186385
vn -0.4752242 -0.8786258 0.0466757
vn -0.4096867 -0.0508554 0.9108076
vn -0.3323808 0.0181875 0.9429699
vn 0.1409478 0.8784860 0.4565042
vn 0.4195216 0.0692728 -0.9050983
vn 0.3888617 -0.0406635 -0.9203983
vn -0.5905109 -0.7327182 -0.3382617
vn -0.4742254 -0.0283733 0.8799461
vn -0.3985250 0.0472953 0.9159372
vn 0.1035537 0.8731592 0.4763083
vn 0.4477641 0.0741597 -0.8910711
vn 0.4146535 -0.0340901 -0.9093406
vn -0.5814627 -0.6955877 -0.4219703
vn -0.5078251 -0.0236943 0.8611343
vn -0.4345473 0.0534315 0.8990627
vn 0.5770810 0.7557395 0.3095727
vn 0.5081453 0.0453075 -0.8600788
vn 0.4733053 -0.0594936 -0.8788872
vn -0.5135923 -0.8574401 0.0319273
vn -0.5104695 -0.0398167 0.8589736
vn -0.4366856 0.0337232 0.8989819
vn 0.8712357 0.4772962 0.1146154
vn 0.5562164 0.0228161 -0.8307242
vn 0.5233971 -0.0769931 -0.8486033
vn -0.4040174 -0.8821138 0.2421676
vn -0.5195413 -0.0503946 0.8529579
vn -0.4418658 0.0112917 0.8970101
vn 0.4445993 0.8197989 0.3609171
vn 0.5454766 0.0601264 -0.8359665
vn 0.5099818 -0.0319013 -0.8595934
vn -0.5148019 -0.5939782 -0.6181981
vn -0.5911490 -0.0133375 0.8064521
vn -0.5154593 0.0401488 0.8559730
vn 0.2658096 0.8672777 0.4209212
vn 0.5644902 0.0679004 -0.8226423
vn 0.5268387 -0.0200906 -0.8497278
vn -0.4131336 -0.3942622 -0.8209007
vn -0.6298467 -0.0035612 0.7767113
vn -0.5544369 0.0455214 0.8309799
vn 0.5896030 0.7328593 0.3395373
vn 0.6119457 0.0450874 -0.7896136
vn 0.5745031 -0.0415663 -0.8174463
vn -0.4491598 -0.6675224 -0.5938597
vn -0.6324870 -0.0258158 0.7741406
vn -0.5619553 0.0268611 0.8267313
vn 0.7633734 0.5760497 0.2922803
vn 0.6521565 0.0309669 -0.7574516
vn 0.6164531 -0.0609690 -0.7850276
vn -0.4665046 -0.8314573 -0.3017487
vn -0.6431349 -0.0425833 0.7645680
vn -0.5721185 0.0127702 0.8200716
vn 0.1713335 0.8634515 0.4744432
vn 0.6540205 0.0585850 -0.7542049
vn 0.6239482 -0.0392461 -0.7804796
vn -0.4200078 -0.6647368 -0.6178337
vn -0.6925620 -0.0263197 0.7208780
vn -0.6281790 0.0381574 0.7771327
vn -0.3195677 0.8105723 0.4907637
vn 0.6546102 0.0900915 -0.7505791
vn 0.6299905 -0.0165115 -0.7764273
vn -0.3145719 -0.4698600 -0.8247885
vn -0.7390392 -0.0119151 0.6735571
vn -0.6770887 0.0613408 0.7333405
vn 0.1747103 0.8373212 0.5180439
vn 0.7150129 0.0553848 -0.6969139
vn 0.6853270 -0.0496698 -0.7265396
vn -0.4768279 -0.8170535 -0.3241276
vn -0.7334614 -0.0388149 0.6786220
vn -0.6768569 0.0417425 0.7349301
vn 0.4193322 0.7798609 0.4647338
vn 0.7491223 0.0454240 -0.6608725
vn 0.7207843 -0.0589782 -0.6906458
vn -0.5036050 -0.8562306 -0.1151137
vn -0.7495253 -0.0432425 0.6605618
vn -0.6943871 0.0357167 0.7187148
vn 0.2799323 0.8292724 0.4836788
vn 0.7642528 0.0560120 -0.6424798
vn 0.7361046 -0.0429024 -0.6755067
vn -0.4075998 -0.7870366 -0.4630721
vn -0.7831639 -0.0301299 0.6210849
vn -0.7302972 0.0425252 0.6818046
vn -0.1142045 0.8493433 0.5153381
vn 0.7717997 0.0750846 -0.6314171
vn 0.7430005 -0.0174643 -0.6690629
vn -0.0607483 -0.4447213 -0.8936065
vn -0.8218625 -0.0108467 0.5695827
vn -0.7722663 0.0549306 0.6329198
vn 0.2349859 0.8323328 0.5019998
vn 0.8074828 0.0555083 -0.5872737
vn 0.7765726 -0.0303860 -0.6292945
vn -0.1016245 -0.5859268 -0.8039665
vn -0.8310315 -0.0218894 0.5557944
vn -0.7846402 0.0420206 0.6185257
vn 0.4858836 0.7540784 0.4419083
vn 0.8348449 0.0410439 -0.5489530
vn 0.8068001 -0.0418761 -0.5893386
vn -0.2474945 -0.7651597 -0.5943712
vn -0.8406007 -0.0325199 0.5406783
vn -0.7994741 0.0320296 0.5998460
vn -0.1294361 0.8206335 0.5566030
vn 0.8434679 0.0578804 -0.5340522
vn 0.8176055 -0.0271533 -0.5751382
vn 0.0955156 -0.5296871 -0.8427980
vn -0.8708172 -0.0243511 0.4910034
vn -0.8320808 0.0423287 0.5530369
vn -0.5202064 0.6543056 0.5488802
vn 0.8574903 0.0679203 -0.5099974
vn 0.8343152 -0.0202253 -0.5509165
vn 0.3037568 -0.4371169 -0.8465581
vn -0.8926426 -0.0265838 0.4499806
vn -0.8576204 0.0474221 0.5120922
vn -0.7734693 0.3739996 0.5117319
vn 0.8712686 0.0864075 -0.4831406
vn 0.8517564 -0.0087541 -0.5238649
vn 0.6022244 -0.2678460 -0.7520534
vn -0.9143957 -0.0374686 0.4030840
vn -0.8803615 0.0464130 0.4720269
vn -0.8603244 0.1537691 0.4860011
vn 0.8918378 0.1288886 -0.4336047
vn 0.8753448 0.0049849 -0.4834735
vn 0.8045923 -0.1258894 -0.5803301
vn -0.9350923 -0.1004318 0.3398762
vn -0.8954281 0.0241292 0.4445519
vn 0.9157116 0.0526764 -0.3983686
vn 0.8595445 -0.0183563 -0.5107312
vn 0.7978627 -0.1628696 -0.5804211
vn -0.8645019 -0.1856881 0.4670721
vn -0.8299085 -0.0359281 0.5567414
vn -0.7566333 0.0339180 0.6529591
vn 0.9689272 0.2436387 -0.0426651
vn 0.8763922 0.0056693 -0.4815648
vn 0.8374670 -0.0809623 -0.5404574
vn -0.8493676 -0.4894422 0.1975373
vn -0.8548331 -0.0495692 0.5165300
vn -0.8087630 0.0176817 0.5878689
vn 0.7711078 0.4796443 0.4187291
vn 0.8906955 0.0189578 -0.4542050
vn 0.8563000 -0.0702343 -0.5116809
vn -0.7339763 -0.6773637 -0.0495697
vn -0.8763612 -0.0508259 0.4789653
vn -0.8316213 0.0197552 0.5549917
vn 0.7945199 0.3901678 0.4653033
vn 0.9098956 0.0098964 -0.4147192
vn 0.8805499 -0.0860178 -0.4660825
vn -0.7119188 -0.6983818 0.0737184
vn -0.8867410 -0.0592219 0.4584573
vn -0.8419557 0.0085494 0.5394790
vn 0.4204179 0.6449850 0.6381560
vn 0.9138880 0.0380536 -0.4041790
vn 0.8875634 -0.0525131 -0.4576828
vn -0.4989099 -0.7627582 -0.4114472
vn -0.9131741 -0.0355824 0.4060134
vn -0.8733990 0.0272377 0.4862430
vn 0.2802374 0.6993174 0.6575882
vn 0.9231739 0.0485968 -0.3812981
vn 0.8986940 -0.0383524 -0.4368960
vn -0.2779635 -0.6549033 -0.7027361
vn -0.9318984 -0.0204790 0.3621407
vn -0.8944152 0.0343485 0.4459167
vn 0.6756504 0.4309499 0.5981461
vn 0.9418434 0.0234953 -0.3352299
vn 0.9194073 -0.0588840 -0.3888738
vn -0.4750780 -0.7767273 -0.4135162
vn -0.9354301 -0.0361254 0.3516611
vn -0.8996987 0.0107996 0.4363778
vn 0.7468758 0.2775634 0.6042640
vn 0.9548166 0.0121980 -0.2969453
vn 0.9343790 -0.0701225 -0.3493117
vn -0.4572392 -0.8107829 -0.3654633
vn -0.9434748 -0.0434981 0.3285777
vn -0.9080118 -0.0055291 0.4189081
vn 0.4435426 0.5488544 0.7085399
vn 0.9575682 0.0346819 -0.2861125
vn 0.9399192 -0.0480317 -0.3380012
vn -0.1760291 -0.6638552 -0.7268494
vn -0.9604648 -0.0260932 0.2771761
vn -0.9296625 0.0121507 0.3682118
vn -0.2414248 0.8160134 0.5252011
vn 0.9556924 0.0721418 -0.2853904
vn 0.9415727 -0.0160712 -0.3364262
vn 0.1718490 -0.3372346 -0.9256029
vn -0.9772470 -0.0001099 0.2121045
vn -0.9510338 0.0427370 0.3061181
vn 0.1892537 0.6522785 0.7339726
vn 0.9737637 0.0396115 -0.2240875
vn 0.9590206 -0.0536677 -0.2782073
vn -0.2197170 -0.7272076 -0.6503026
vn -0.9759367 -0.0364618 0.2149840
vn -0.9513718 0.0167575 0.3075887
vn 0.3358471 0.5535146 0.7621209
vn 0.9836982 0.0260405 -0.1779321
vn 0.9707958 -0.0754012 -0.2277503
vn -0.4118450 -0.8278006 -0.3809592
vn -0.9790084 -0.0510729 0.1973170
vn -0.9570531 0.0082501 0.2897951
vn -0.0194077 0.7523987 0.6584220
vn 0.9851536 0.0507905 -0.1639899
vn 0.9761477 -0.0580249 -0.2092098
vn -0.2991381 -0.7895625 -0.5358240
vn -0.9886599 -0.0349691 0.1460435
vn -0.9703826 0.0285244 0.2398831
vn -0.2765423 0.8329201 0.4793417
vn 0.9852050 0.0773560 -0.1529287
vn 0.9789595 -0.0263033 -0.2023524
vn 0.0323354 -0.5632569 -0.8256489
vn -0.9961408 -0.0091157 0.0872951
vn -0.9820817 0.0520957 0.1811123
vn 0.0290306 0.7250168 0.6881191
vn 0.9938648 0.0519697 -0.0976315
vn 0.9875970 -0.0456649 -0.1502225
vn -0.1758314 -0.7151677 -0.6764751
vn -0.9970823 -0.0213811 0.0732779
vn -0.9851326 0.0353557 0.1681184
vn 0.4861551 0.3289999 0.8095753
vn 0.9992508 0.0138527 -0.0361380
vn 0.9933104 -0.0788193 -0.0843919
vn -0.4406995 -0.8453717 -0.3018785
vn -0.9959202 -0.0475709 0.0766804
vn -0.9847755 -0.0021778 0.1738172
vn 0.1773296 0.6127020 0.7701626
vn 0.9984105 0.0445455 -0.0345266
vn 0.9954331 -0.0419652 -0.0857426
vn 0.0648760 -0.6272074 -0.7761456
vn -0.9998276 -0.0157538 0.0098250
vn -0.9938102 0.0219493 0.1089014
vn -0.1807435 0.8120513 0.5548913
vn 0.9974219 0.0669901 -0.0257276
vn 0.9967991 -0.0172938 -0.0780550
vn 0.3978118 -0.3228698 -0.8587787
vn -0.9989172 0.0039335 -0.0463571
vn -0.9977902 0.0404216 0.0527332
vn -0.2206722 0.8019355 0.5551605
vn 0.9980630 0.0613320 0.0104198
vn 0.9987937 -0.0235939 -0.0430629
vn 0.3929199 -0.4096820 -0.8232707
vn -0.9975469 -0.0072879 -0.0696207
vn -0.9990206 0.0359295 0.0258251
vn 0.2164362 0.4961415 0.8408323
vn 0.9967012 0.0255507 0.0770321
vn 0.9975764 -0.0654530 0.0236075
vn -0.1205969 -0.8078370 -0.5769366
vn -0.9971609 -0.0452766 -0.0601685
vn -0.9993967 0.0051160 0.0343527
vn -0.1733133 0.7758841 0.6066024
vn 0.9949318 0.0490770 0.0877625
vn 0.9980677 -0.0483754 0.0389966
vn 0.0624782 -0.7197005 -0.6914678
vn -0.9930172 -0.0312561 -0.1137538
vn -0.9993190 0.0287793 -0.0230917
vn -0.5388481 0.8244883 0.1728055
vn 0.9924325 0.0877711 0.0858718
vn 0.9989619 -0.0181548 0.0417801
vn 0.3648934 -0.4870181 -0.7935151
vn -0.9838542 -0.0085069 -0.1787693
vn -0.9943814 0.0592263 -0.0877378
vn -0.4136332 0.8195847 0.3964700
vn 0.9877020 0.0663525 0.1415702
vn 0.9951662 -0.0352154 0.0916744
vn 0.1605822 -0.6820275 -0.7134787
vn -0.9817707 -0.0244358 -0.1884919
vn -0.9935947 0.0479377 -0.1023302
vn -0.0660629 0.6942516 0.7166941
vn 0.9792761 0.0404031 0.1984590
vn 0.9871285 -0.0583957 0.1488866
vn -0.2302013 -0.8181277 -0.5269483
vn -0.9800765 -0.0394305 -0.1946669
vn -0.9935661 0.0303653 -0.1091068
vn -0.0149490 0.6717300 0.7406452
vn 0.9732141 0.0408899 0.2262350
vn 0.9829864 -0.0508735 0.1764923
vn -0.0559899 -0.8057901 -0.5895485
vn -0.9730523 -0.0331444 -0.2281898
vn -0.9891697 0.0288405 -0.1439148
vn -0.4270967 0.8363892 0.3435718
vn 0.9717196 0.0718782 0.2249324
vn 0.9848377 -0.0140668 0.1729070
vn 0.6595077 -0.3781186 -0.6496737
vn -0.9551783 -0.0030253 -0.2960155
vn -0.9758065 0.0519831 -0.2123664
vn -0.3572295 0.8174703 0.4518069
vn 0.9624109 0.0597764 0.2649378
vn 0.9773858 -0.0211920 0.2103994
vn 0.6760023 -0.4353221 -0.5945717
vn -0.9489882 -0.0118471 -0.3150890
vn -0.9710439 0.0432175 -0.2349597
vn -0.1201462 0.7324852 0.6700973
vn 0.9501655 0.0411838 0.3090136
vn 0.9658589 -0.0385461 0.2561849
vn 0.4036589 -0.6826507 -0.6091367
vn -0.9458382 -0.0288369 -0.3233551
vn -0.9680039 0.0301384 -0.2491189
vn -0.3418673 0.7977640 0.4966884
vn 0.9420538 0.0478262 0.3320349
vn 0.9592266 -0.0352468 0.2804318
vn 0.5159646 -0.6364609 -0.5733220
vn -0.9329690 -0.0284530 -0.3588304
vn -0.9577198 0.0350887 -0.2855548
vn -0.6830296 0.7278324 0.0610783
vn 0.9358788 0.0653389 0.3462104
vn 0.9544128 -0.0222493 0.2976595
vn 0.7452965 -0.4944626 -0.4472582
vn -0.9143207 -0.0238859 -0.4042859
vn -0.9416492 0.0475378 -0.3332221
vn -0.8101247 0.5687343 -0.1422648
vn 0.9258481 0.0783345 0.3696878
vn 0.9469494 -0.0147601 0.3210436
vn 0.8653899 -0.4071480 -0.2921144
vn -0.8966199 -0.0274429 -0.4419497
vn -0.9275780 0.0528521 -0.3698724
vn -0.8682294 0.4732644 -0.1489919
vn 0.9074491 0.0730185 0.4137685
vn 0.9323749 -0.0196391 0.3609591
vn 0.9146459 -0.3953083 -0.0845823
vn -0.8873365 -0.0411887 -0.4592792
vn -0.9187160 0.0445550 -0.3923975
vn -0.9144189 0.1723092 -0.3662617
vn 0.8834661 0.1486706 0.4442799
vn 0.9211045 0.0098587 0.3891906
vn 0.9570222 -0.1055947 0.2701077
vn -0.8409375 -0.0839658 -0.5345782
vn -0.9004716 0.0267244 -0.4340929
s 1
f 1/1/1 2/2/2 10/10/10
f 1/1/1 10/10/10 9/9/9
f 2/2/2 3/3/3 11/11/11
f 2/2/2 11/11/11 10/10/10
f 3/3/3 4/4/4 12/12/12
f 3/3/3 12/12/12 11/11/11
f 4/4/4 5/5/5 13/13/13
f 4/4/4 13/13/13 12/12/12
f 5/5/5 6/6/6 14/14/14
f 5/5/5 14/14/14 13/13/13
f 6/6/6 7/7/7 15/15/15
f 6/6/6 15/15/15 14/14/14
f 7/7/7 8/8/8 16/16/16
f 7/7/7 16/16/16 15/15/15
f 8/8/8 1/1/1 9/9/9
f 8/8/8 9/9/9 16/16/16
f 9/9/9 10/10/10 18/18/18
f 9/9/9 18/18/18 17/17/17
f 10/10/10 11/11/11 19/19/19
f 10/10/10 19/19/19 18/18/18
f 11/11/11 12/12/12 20/20/20
f 11/11/11 20/20/20 19/19/19
f 12/12/12 13/13/13 21/21/21
f 12/12/12 21/21/21 20/20/20
f 13/13/13 14/14/14 22/22/22
f 13/13/13 22/22/22 21/21/21
f 14/14/14 15/15/15 23/23/23
f 14/14/14 23/23/23 22/22/22
f 15/15/15 16/16/16 24/24/24
f 15/15/15 24/24/24 23/23/23
f 16/16/16 9/9/9 17/17/17
f 16/16/16 17/17/17 24/24/24
f 17/17/17 18/18/18 26/26/26
f 17/17/17 26/26/26 25/25/25
f 18/18/18 19/19/19 27/27/27
f 18/18/18 27/27/27 26/26/26
f 19/19/19 20/20/20 28/28/28
f 19/19/19 28/28/28 27/27/27
f 20/20/20 21/21/21 29/29/29
f 20/20/20 29/29/29 28/28/28
f 21/21/21 22/22/22 30/30/30
f 21/21/21 30/30/30 29/29/29
f 22/22/22 23/23/23 31/31/31
f 22/22/22 31/31/31 30/30/30
f 23/23/23 24/24/24 32/32/32
f 23/23/23 32/32/32 31/31/31
f 24/24/24 17/17/17 25/25/25
f 24/24/24 25/25/25 32/32/32
f 25/25/25 26/26/26 34/34/34
f 25/25/25 34/34/34 33/33/33
f 26/26/26 27/27/27 35/35/35
f 26/26/26 35/35/35 34/34/34
f 27/27/27 28/28/28 36/36/36
f 27/27/27 36/36/36 35/35/35
f 28/28/28 29/29/29 37/37/37
f 28/28/28 37/37/37 36/36/36
f 29/29/29 30/30/30 38/38/38
f 29/29/29 38/38/38 37/37/37
f 30/30/30 31/31/31 39/39/39
f 30/30/30 39/39/39 38/38/38
f 31/31/31 32/32/32 40/40/40
f 31/31/31 40/40/40 39/39/39
f 32/32/32 25/25/25 33/33/33
f 32/32/32 33/33/33 40/40/40
f 33/33/33 34/34/34 42/42/42
f 33/33/33 42/42/42 41/41/41
f 34/34/34 35/35/35 43/43/43
f 34/34/34 43/43/43 42/42/42
f 35/35/35 36/36/36 44/44/44
f 35/35/35 44/44/44 43/43/43
f 36/36/36 37/37/37 45/45/45
f 36/36/36 45/45/45 44/44/44
f 37/37/37 38/38/38 46/46/46
f 37/37/37 46/46/46 45/45/45
f 38/38/38 39/39/39 47/47/47
f 38/38/38 47/47/47 46/46/46
f 39/39/39 40/40/40 48/48/48
f 39/39/39 48/48/48 47/47/47
f 40/40/40 33/33/33 41/41/41
f 40/40/40 41/41/41 48/48/48
f 41/41/41 42/42/42 50/50/50
f 41/41/41 50/50/50 49/49/49
f 42/42/42 43/43/43 51/51/51
f 42/42/42 51/51/51 50/50/50
f 43/43/43 44/44/44 52/52/52
f 43/43/43 52/52/52 51/51/51
f 44/44/44 45/45/45 53/53/53
f 44/44/44 53/53/53 52/52/52
f 45/45/45 46/46/46 54/54/54
f 45/45/45 54/54/54 53/53/53
f 46/46/46 47/47/47 55/55/55
f 46/46/46 55/55/55 54/54/54
f 47/47/47 48/48/48 56/56/56
f 47/47/47 56/56/56 55/55/55
f 48/48/48 41/41/41 49/49/49
f 48/48/48 49/49/49 56/56/56
f 49/49/49 50/50/50 58/58/58
f 49/49/49 58/58/58 57/57/57
f 50/50/50 51/51/51 59/59/59
f 50/50/50 59/59/59 58/58/58
f 51/51/51 52/52/52 60/60/60
f 51/51/51 60/60/60 59/59/59
f 52/52/52 53/53/53 61/61/61
f 52/52/52 61/61/61 60/60/60
f 53/53/53 54/54/54 62/62/62
f 53/53/53 62/62/62 61/61/61
f 54/54/54 55/55/55 63/63/63
f 54/54/54 63/63/63 62/62/62
f 55/55/55 56/56/56 64/64/64
f 55/55/55 64/64/64 63/63/63
f 56/56/56 49/49/49 57/57/57
f 56/56/56 57/57/57 64/64/64
f 57/57/57 58/58/58 66/66/66
f 57/57/57 66/66/66 65/65/65
f 58/58/58 59/59/59 67/67/67
f 58/58/58 67/67/67 66/66/66
f 59/59/59 60/60/60 68/68/68
f 59/59/59 68/68/68 67/67/67
f 60/60/60 61/61/61 69/69/69
f 60/60/60 69/69/69 68/68/68
f 61/61/61 62/62/62 70/70/70
f 61/61/61 70/70/70 69/69/69
f 62/62/62 63/63/63 71/71/71
f 62/62/62 71/71/71 70/70/70
f 63/63/63 64/64/64 72/72/72
f 63/63/63 72/72/72 71/71/71
f 64/64/64 57/57/57 65/65/65
f 64/64/64 65/65/65 72/72/72
f 65/65/65 66/66/66 74/74/74
f 65/65/65 74/74/74 73/73/73
f 66/66/66 67/67/67 75/75/75
f 66/66/66 75/75/75 74/74/74
f 67/67/67 68/68/68 76/76/76
f 67/67/67 76/76/76 75/75/75
f 68/68/68 69/69/69 77/77/77
f 68/68/68 77/77/77 76/76/76
f 69/69/69 70/70/70 78/78/78
f 69/69/69 78/78/78 77/77/77
f 70/70/70 71/71/71 79/79/79
f 70/70/70 79/79/79 78/78/78
f 71/71/71 72/72/72 80/80/80
f 71/71/71 80/80/80 79/79/79
f 72/72/72 65/65/65 73/73/73
f 72/72/72 73/73/73 80/80/80
f 73/73/73 74/74/74 82/82/82
f 73/73/73 82/82/82 81/81/81
f 74/74/74 75/75/75 83/83/83
f 74/74/74 83/83/83 82/82/82
f 75/75/75 76/76/76 84/84/84
f 75/75/75 84/84/84 83/83/83
f 76/76/76 77/77/77 85/85/85
f 76/76/76 85/85/85 84/84/84
f 77/77/77 78/78/78 86/86/86
f 77/77/77 86/86/86 85/85/85
f 78/78/78 79/79/79 87/87/87
f 78/78/78 87/87/87 86/86/86
f 79/79/79 80/80/80 88/88/88
f 79/79/79 88/88/88 87/87/87
f 80/80/80 73/73/73 81/81/81
f 80/80/80 81/81/81 88/88/88
f 81/81/81 82/82/82 90/90/90
f 81/81/81 90/90/90 89/89/89
f 82/82/82 83/83/83 91/91/91
f 82/82/82 91/91/91 90/90/90
f 83/83/83 84/84/84 92/92/92
f 83/83/83 92/92/92 91/91/91
f 84/84/84 85/85/85 93/93/93
f 84/84/84 93/93/93 92/92/92
f 85/85/85 86/86/86 94/94/94
f 85/85/85 94/94/94 93/93/93
f 86/86/86 87/87/87 95/95/95
f 86/86/86 95/95/95 94/94/94
f 87/87/87 88/88/88 96/96/96
f 87/87/87 96/96/96 95/95/95
f 88/88/88 81/81/81 89/89/89
f 88/88/88 89/89/89 96/96/96
f 89/89/89 90/90/90 98/98/98
f 89/89/89 98/98/98 97/97/97
f 90/90/90 91/91/91 99/99/99
f 90/90/90 99/99/99 98/98/98
f 91/91/91 92/92/92 100/100/100
f 91/91/91 100/100/100 99/99/99
f 92/92/92 93/93/93 101/101/101
f 92/92/92 101/101/101 100/100/100
f 93/93/93 94/94/94 102/102/102
f 93/93/93 102/102/102 101/101/101
f 94/94/94 95/95/95 103/103/103
f 94/94/94 103/103/103 102/102/102
f 95/95/95 96/96/96 104/104/104
f 95/95/95 104/104/104 103/103/103
f 96/96/96 89/89/89 97/97/97
f 96/96/96 97/97/97 104/104/104
f 97/97/97 98/98/98 106/106/106
f 97/97/97 106/106/106 105/105/105
f 98/98/98 99/99/99 107/107/107
f 98/98/98 107/107/107 106/106/106
f 99/99/99 100/100/100 108/108/108
f 99/99/99 108/108/108 107/107/107
f 100/100/100 101/101/101 109/109/109
f 100/100/100 109/109/109 108/108/108
f 101/101/101 102/102/102 110/110/110
f 101/101/101 110/110/110 109/109/109
f 102/102/102 103/103/103 111/111/111
f 102/102/102 111/111/111 110/110/110
f 103/103/103 104/104/104 112/112/112
f 103/103/103 112/112/112 111/111/111
f 104/104/104 97/97/97 105/105/105
f 104/104/104 105/105/105 112/112/112
f 105/105/105 106/106/106 114/114/114
f 105/105/105 114/114/114 113/113/113
f 106/106/106 107/107/107 115/115/115
f 106/106/106 115/115/115 114/114/114
f 107/107/107 108/108/108 116/116/116
f 107/107/107 116/116/116 115/115/115
f 108/108/108 109/109/109 117/117/117
f 108/108/108 117/117/117 116/116/116
f 109/109/109 110/110/110 118/118/118
f 109/109/109 118/118/118 117/117/117
f 110/110/110 111/111/111 119/119/119
f 110/110/110 119/119/119 118/118/118
f 111/111/111 112/112/112 120/120/120
f 111/111/111 120/120/120 119/119/119
f 112/112/112 105/105/105 113/113/113
f 112/112/112 113/113/113 120/120/120
f 113/113/113 114/114/114 122/122/122
f 113/113/113 122/122/122 121/121/121
f 114/114/114 115/115/115 123/123/123
f 114/114/114 123/123/123 122/122/122
f 115/115/115 116/116/116 124/124/124
f 115/115/115 124/124/124 123/123/123
f 116/116/116 117/117/117 125/125/125
f 116/116/116 125/125/125 124/124/124
f 117/117/117 118/118/118 126/126/126
f 117/117/117 126/126/126 125/125/125
f 118/118/118 119/119/119 127/127/127
f 118/118/118 127/127/127 126/126/126
f 119/119/119 120/120/120 128/128/128
f 119/119/119 128/128/128 127/127/127
f 120/120/120 113/113/113 121/121/121
f 120/120/120 121/121/121 128/128/128
f 121/121/121 122/122/122 130/130/130
f 121/121/121 130/130/130 129/129/129
f 122/122/122 123/123/123 131/131/131
f 122/122/122 131/131/131 130/130/130
f 123/123/123 124/124/124 132/132/132
f 123/123/123 132/132/132 131/131/131
f 124/124/124 125/125/125 133/133/133
f 124/124/124 133/133/133 132/132/132
f 125/125/125 126/126/126 134/134/134
f 125/125/125 134/134/134 133/133/133
f 126/126/126 127/127/127 135/135/135
f 126/126/126 135/135/135 134/134/134
f 127/127/127 128/128/128 136/136/136
f 127/127/127 136/136/136 135/135/135
f 128/128/128 121/121/121 129/129/129
f 128/128/128 129/129/129 136/136/136
f 129/129/129 130/130/130 138/138/138
f 129/129/129 138/138/138 137/137/137
f 130/130/130 131/131/131 139/139/139
f 130/130/130 139/139/139 138/138/138
f 131/131/131 132/132/132 140/140/140
f 131/131/131 140/140/140 139/139/139
f 132/132/132 133/133/133 141/141/141
f 132/132/132 141/141/141 140/140/140
f 133/133/133 134/134/134 142/142/142
f 133/133/133 142/142/142 141/141/141
f 134/134/134 135/135/135 143/143/143
f 134/134/134 143/143/143 142/142/142
f 135/135/135 136/136/136 144/144/144
f 135/135/135 144/144/144 143/143/143
f 136/136/136 129/129/129 137/137/137
f 136/136/136 137/137/137 144/144/144
f 137/137/137 138/138/138 146/146/146
f 137/137/137 146/146/146 145/145/145
f 138/138/138 139/139/139 147/147/147
f 138/138/138 147/147/147 146/146/146
f 139/139/139 140/140/140 148/148/148
f 139/139/139 148/148/148 147/147/147
f 140/140/140 141/141/141 149/149/149
f 140/140/140 149/149/149 148/148/148
f 141/141/141 142/142/142 150/150/150
f 141/141/141 150/150/150 149/149/149
f 142/142/142 143/143/143 151/151/151
f 142/142/142 151/151/151 150/150/150
f 143/143/143 144/144/144 152/152/152
f 143/143/143 152/152/152 151/151/151
f 144/144/144 137/137/137 145/145/145
f 144/144/144 145/145/145 152/152/152
f 145/145/145 146/146/146 154/154/154
f 145/145/145 154/154/154 153/153/153
f 146/146/146 147/147/147 155/155/155
f 146/146/146 155/155/155 154/154/154
f 147/147/147 148/148/148 156/156/156
f 147/147/147 156/156/156 155/155/155
f 148/148/148 149/149/149 157/157/157
f 148/148/148 157/157/157 156/156/156
f 149/149/149 150/150/150 158/158/158
f 149/149/149 158/158/158 157/157/157
f 150/150/150 151/151/151 159/159/159
f 150/150/150 159/159/159 158/158/158
f 151/151/151 152/152/152 160/160/160
f 151/151/151 160/160/160 159/159/159
f 152/152/152 145/145/145 153/153/153
f 152/152/152 153/153/153 160/160/160
f 153/153/153 154/154/154 162/162/162
f 153/153/153 162/162/162 161/161/161
f 154/154/154 155/155/155 163/163/163
f 154/154/154 163/163/163 162/162/162
f 155/155/155 156/156/156 164/164/164
f 155/155/155 164/164/164 163/163/163
f 156/156/156 157/157/157 165/165/165
f 156/156/156 165/165/165 164/164/164
f 157/157/157 158/158/158 166/166/166
f 157/157/157 166/166/166 165/165/165
f 158/158/158 159/159/159 167/167/167
f 158/158/158 167/167/167 166/166/166
f 159/159/159 160/160/160 168/168/168
f 159/159/159 168/168/168 167/167/167
f 160/160/160 153/153/153 161/161/161
f 160/160/160 161/161/161 168/168/168
f 161/161/161 162/162/162 170/170/170
f 161/161/161 170/170/170 169/169/169
f 162/162/162 163/163/163 171/171/171
f 162/162/162 171/171/171 170/170/170
f 163/163/163 164/164/164 172/172/172
f 163/163/163 172/172/172 171/171/171
f 164/164/164 165/165/165 173/173/173
f 164/164/164 173/173/173 172/172/172
f 165/165/165 166/166/166 174/174/174
f 165/165/165 174/174/174 173/173/173
f 166/166/166 167/167/167 175/175/175
f 166/166/166 175/175/175 174/174/174
f 167/167/167 168/168/168 176/176/176
f 167/167/167 176/176/176 175/175/175
f 168/168/168 161/161/161 169/169/169
f 168/168/168 169/169/169 176/176/176
f 169/169/169 170/170/170 178/178/178
f 169/169/169 178/178/178 177/177/177
f 170/170/170 171/171/171 179/179/179
f 170/170/170 179/179/179 178/178/178
f 171/171/171 172/172/172 180/180/180
f 171/171/171 180/180/180 179/179/179
f 172/172/172 173/173/173 181/181/181
f 172/172/172 181/181/181 180/180/180
f 173/173/173 174/174/174 182/182/182
f 173/173/173 182/182/182 181/181/181
f 174/174/174 175/175/175 183/183/183
f 174/174/174 183/183/183 182/182/182
f 175/175/175 176/176/176 184/184/184
f 175/175/175 184/184/184 183/183/183
f 176/176/176 169/169/169 177/177/177
f 176/176/176 177/177/177 184/184/184
f 177/177/177 178/178/178 186/186/186
f 177/177/177 186/186/186 185/185/185
f 178/178/178 179/179/179 187/187/187
f 178/178/178 187/187/187 186/186/186
f 179/179/179 180/180/180 188/188/188
f 179/179/179 188/188/188 187/187/187
f 180/180/180 181/181/181 189/189/189
f 180/180/180 189/189/189 188/188/188
f 181/181/181 182/182/182 190/190/190
f 181/181/181 190/190/190 189/189/189
f 182/182/182 183/183/183 191/191/191
f 182/182/182 191/191/191 190/190/190
f 183/183/183 184/184/184 192/192/192
f 183/183/183 192/192/192 191/191/191
f 184/184/184 177/177/177 185/185/185
f 184/184/184 185/185/185 192/192/192
f 185/185/185 186/186/186 194/194/194
f 185/185/185 194/194/194 193/193/193
f 186/186/186 187/187/187 195/195/195
f 186/186/186 195/195/195 194/194/194
f 187/187/187 188/188/188 196/196/196
f 187/187/187 196/196/196 195/195/195
f 188/188/188 189/189/189 197/197/197
f 188/188/188 197/197/197 196/196/196
f 189/189/189 190/190/190 198/198/198
f 189/189/189 198/198/198 197/197/197
f 190/190/190 191/191/191 199/199/199
f 190/190/190 199/199/199 198/198/198
f 191/191/191 192/192/192 200/200/200
f 191/191/191 200/200/200 199/199/199
f 192/192/192 185/185/185 193/193/193
f 192/192/192 193/193/193 200/200/200
f 193/193/193 194/194/194 202/202/202
f 193/193/193 202/202/202 201/201/201
f 194/194/194 195/195/195 203/203/203
f 194/194/194 203/203/203 202/202/202
f 195/195/195 196/196/196 204/204/204
f 195/195/195 204/204/204 203/203/203
f 196/196/196 197/197/197 205/205/205
f 196/196/196 205/205/205 204/204/204
f 197/197/197 198/198/198 206/206/206
f 197/197/197 206/206/206 205/205/205
f 198/198/198 199/199/199 207/207/207
f 198/198/198 207/207/207 206/206/206
f 199/199/199 200/200/200 208/208/208
f 199/199/199 208/208/208 207/207/207
f 200/200/200 193/193/193 201/201/201
f 200/200/200 201/201/201 208/208/208
f 201/201/201 202/202/202 210/210/210
f 201/201/201 210/210/210 209/209/209
f 202/202/202 203/203/203 211/211/211
f 202/202/202 211/211/211 210/210/210
f 203/203/203 204/204/204 212/212/212
f 203/203/203 212/212/212 211/211/211
f 204/204/204 205/205/205 213/213/213
f 204/204/204 213/213/213 212/212/212
f 205/205/205 206/206/206 214/214/214
f 205/205/205 214/214/214 213/213/213
f 206/206/206 207/207/207 215/215/215
f 206/206/206 215/215/215 214/214/214
f 207/207/207 208/208/208 216/216/216
f 207/207/207 216/216/216 215/215/215
f 208/208/208 201/201/201 209/209/209
f 208/208/208 209/209/209 216/216/216
f 209/209/209 210/210/210 218/218/218
f 209/209/209 218/218/218 217/217/217
f 210/210/210 211/211/211 219/219/219
f 210/210/210 219/219/219 218/218/218
f 211/211/211 212/212/212 220/220/220
f 211/211/211 220/220/220 219/219/219
f 212/212/212 213/213/213 221/221/221
f 212/212/212 221/221/221 220/220/220
f 213/213/213 214/214/214 222/222/222
f 213/213/213 222/222/222 221/221/221
f 214/214/214 215/215/215 223/223/223
f 214/214/214 223/223/223 222/222/222
f 215/215/215 216/216/216 224/224/224
f 215/215/215 224/224/224 223/223/223
f 216/216/216 209/209/209 217/217/217
f 216/216/216 217/217/217 224/224/224
f 217/217/217 218/218/218 226/226/226
f 217/217/217 226/226/226 225/225/225
f 218/218/218 219/219/219 227/227/227
f 218/218/218 227/227/227 226/226/226
f 219/219/219 220/220/220 228/228/228
f 219/219/219 228/228/228 227/227/227
f 220/220/220 221/221/221 229/229/229
f 220/220/220 229/229/229 228/228/228
f 221/221/221 222/222/222 230/230/230
f 221/221/221 230/230/230 229/229/229
f 222/222/222 223/223/223 231/231/231
f 222/222/222 231/231/231 230/230/230
f 223/223/223 224/224/224 232/232/232
f 223/223/223 232/232/232 231/231/231
f 224/224/224 217/217/217 225/225/225
f 224/224/224 225/225/225 232/232/232
f 225/225/225 226/226/226 234/234/234
f 225/225/225 234/234/234 233/233/233
f 226/226/226 227/227/227 235/235/235
f 226/226/226 235/235/235 234/234/234
f 227/227/227 228/228/228 236/236/236
f 227/227/227 236/236/236 235/235/235
f 228/228/228 229/229/229 237/237/237
f 228/228/228 237/237/237 236/236/236
f 229/229/229 230/230/230 238/238/238
f 229/229/229 238/238/238 237/237/237
f 230/230/230 231/231/231 239/239/239
f 230/230/230 239/239/239 238/238/238
f 231/231/231 232/232/232 240/240/240
f 231/231/231 240/240/240 239/239/239
f 232/232/232 225/225/225 233/233/233
f 232/232/232 233/233/233 240/240/240
f 233/233/233 234/234/234 242/242/242
f 233/233/233 242/242/242 241/241/241
f 234/234/234 235/235/235 243/243/243
f 234/234/234 243/243/243 242/242/242
f 235/235/235 236/236/236 244/244/244
f 235/235/235 244/244/244 243/243/243
f 236/236/236 237/237/237 245/245/245
f 236/236/236 245/245/245 244/244/244
f 237/237/237 238/238/238 246/246/246
f 237/237/237 246/246/246 245/245/245
f 238/238/238 239/239/239 247/247/247
f 238/238/238 247/247/247 246/246/246
f 239/239/239 240/240/240 248/248/248
f 239/239/239 248/248/248 247/247/247
f 240/240/240 233/233/233 241/241/241
f 240/240/240 241/241/241 248/248/248
f 241/241/241 242/242/242 250/250/250
f 241/241/241 250/250/250 249/249/249
f 242/242/242 243/243/243 251/251/251
f 242/242/242 251/251/251 250/250/250
f 243/243/243 244/244/244 252/252/252
f 243/243/243 252/252/252 251/251/251
f 244/244/244 245/245/245 253/253/253
f 244/244/244 253/253/253 252/252/252
f 245/245/245 246/246/246 254/254/254
f 245/245/245 254/254/254 253/253/253
f 246/246/246 247/247/247 255/255/255
f 246/246/246 255/255/255 254/254/254
f 247/247/247 248/248/248 256/256/256
f 247/247/247 256/256/256 255/255/255
f 248/248/248 241/241/241 249/249/249
f 248/248/248 249/249/249 256/256/256
f 249/249/249 250/250/250 258/258/258
f 249/249/249 258/258/258 257/257/257
f 250/250/250 251/251/251 259/259/259
f 250/250/250 259/259/259 258/258/258
f 251/251/251 252/252/252 260/260/260
f 251/251/251 260/260/260 259/259/259
f 252/252/252 253/253/253 261/261/261
f 252/252/252 261/261/261 260/260/260
f 253/253/253 254/254/254 262/262/262
f 253/253/253 262/262/262 261/261/261
f 254/254/254 255/255/255 263/263/263
f 254/254/254 263/263/263 262/262/262
f 255/255/255 256/256/256 264/264/264
f 255/255/255 264/264/264 263/263/263
f 256/256/256 249/249/249 257/257/257
f 256/256/256 257/257/257 264/264/264
f 257/257/257 258/258/258 266/266/266
f 257/257/257 266/266/266 265/265/265
f 258/258/258 259/259/259 267/267/267
f 258/258/258 267/267/267 266/266/266
f 259/259/259 260/260/260 268/268/268
f 259/259/259 268/268/268 267/267/267
f 260/260/260 261/261/261 269/269/269
f 260/260/260 269/269/269 268/268/268
f 261/261/261 262/262/262 270/270/270
f 261/261/261 270/270/270 269/269/269
f 262/262/262 263/263/263 271/271/271
f 262/262/262 271/271/271 270/270/270
f 263/263/263 264/264/264 272/272/272
f 263/263/263 272/272/272 271/271/271
f 264/264/264 257/257/257 265/265/265
f 264/264/264 265/265/265 272/272/272
f 265/265/265 266/266/266 274/274/274
f 265/265/265 274/274/274 273/273/273
f 266/266/266 267/267/267 275/275/275
f 266/266/266 275/275/275 274/274/274
f 267/267/267 268/268/268 276/276/276
f 267/267/267 276/276/276 275/275/275
f 268/268/268 269/269/269 277/277/277
f 268/268/268 277/277/277 276/276/276
f 269/269/269 270/270/270 278/278/278
f 269/269/269 278/278/278 277/277/277
f 270/270/270 271/271/271 279/279/279
f 270/270/270 279/279/279 278/278/278
f 271/271/271 272/272/272 280/280/280
f 271/271/271 280/280/280 279/279/279
f 272/272/272 265/265/265 273/273/273
f 272/272/272 273/273/273 280/280/280
f 273/273/273 274/274/274 282/282/282
f 273/273/273 282/282/282 281/281/281
f 274/274/274 275/275/275 283/283/283
f 274/274/274 283/283/283 282/282/282
f 275/275/275 276/276/276 284/284/284
f 275/275/275 284/284/284 283/283/283
f 276/276/276 277/277/277 285/285/285
f 276/276/276 285/285/285 284/284/284
f 277/277/277 278/278/278 286/286/286
f 277/277/277 286/286/286 285/285/285
f 278/278/278 279/279/279 287/287/287
f 278/278/278 287/287/287 286/286/286
f 279/279/279 280/280/280 288/288/288
f 279/279/279 288/288/288 287/287/287
f 280/280/280 273/273/273 281/281/281
f 280/280/280 281/281/281 288/288/288
f 281/281/281 282/282/282 290/290/290
f 281/281/281 290/290/290 289/289/289
f 282/282/282 283/283/283 291/291/291
f 282/282/282 291/291/291 290/290/290
f 283/283/283 284/284/284 292/292/292
f 283/283/283 292/292/292 291/291/291
f 284/284/284 285/285/285 293/293/293
f 284/284/284 293/293/293 292/292/292
f 285/285/285 286/286/286 294/294/294
f 285/285/285 294/294/294 293/293/293
f 286/286/286 287/287/287 295/295/295
f 286/286/286 295/295/295 294/294/294
f 287/287/287 288/288/288 296/296/296
f 287/287/287 296/296/296 295/295/295
f 288/288/288 281/281/281 289/289/289
f 288/288/288 289/289/289 296/296/296
f 289/289/289 290/290/290 298/298/298
f 289/289/289 298/298/298 297/297/297
f 290/290/290 291/291/291 299/299/299
f 290/290/290 299/299/299 298/298/298
f 291/291/291 292/292/292 300/300/300
f 291/291/291 300/300/300 299/299/299
f 292/292/292 293/293/293 301/301/301
f 292/292/292 301/301/301 300/300/300
f 293/293/293 294/294/294 302/302/302
f 293/293/293 302/302/302 301/301/301
f 294/294/294 295/295/295 303/303/303
f 294/294/294 303/303/303 302/302/302
f 295/295/295 296/296/296 304/304/304
f 295/295/295 304/304/304 303/303/303
f 296/296/296 289/289/289 297/297/297
f 296/296/296 297/297/297 304/304/304
f 297/297/297 298/298/298 306/306/306
f 297/297/297 306/306/306 305/305/305
f 298/298/298 299/299/299 307/307/307
f 298/298/298 307/307/307 306/306/306
f 299/299/299 300/300/300 308/308/308
f 299/299/299 308/308/308 307/307/307
f 300/300/300 301/301/301 309/309/309
f 300/300/300 309/309/309 308/308/308
f 301/301/301 302/302/302 310/310/310
f 301/301/301 310/310/310 309/309/309
f 302/302/302 303/303/303 311/311/311
f 302/302/302 311/311/311 310/310/310
f 303/303/303 304/304/304 312/312/312
f 303/303/303 312/312/312 311/311/311
f 304/304/304 297/297/297 305/305/305
f 304/304/304 305/305/305 312/312/312
f 305/305/305 306/306/306 314/314/314
f 305/305/305 314/314/314 313/313/313
f 306/306/306 307/307/307 315/315/315
f 306/306/306 315/315/315 314/314/314
f 307/307/307 308/308/308 316/316/316
f 307/307/307 316/316/316 315/315/315
f 308/308/308 309/309/309 317/317/317
f 308/308/308 317/317/317 316/316/316
f 309/309/309 310/310/310 318/318/318
f 309/309/309 318/318/318 317/317/317
f 310/310/310 311/311/311 319/319/319
f 310/310/310 319/319/319 318/318/318
f 311/311/311 312/312/312 320/320/320
f 311/311/311 320/320/320 319/319/319
f 312/312/312 305/305/305 313/313/313
f 312/312/312 313/313/313 320/320/320
f 313/313/313 314/314/314 322/322/322
f 313/313/313 322/322/322 321/321/321
f 314/314/314 315/315/315 323/323/323
f 314/314/314 323/323/323 322/322/322
f 315/315/315 316/316/316 324/324/324
f 315/315/315 324/324/324 323/323/323
f 316/316/316 317/317/317 325/325/325
f 316/316/316 325/325/325 324/324/324
f 317/317/317 318/318/318 326/326/326
f 317/317/317 326/326/326 325/325/325
f 318/318/318 319/319/319 327/327/327
f 318/318/318 327/327/327 326/326/326
f 319/319/319 320/320/320 328/328/328
f 319/319/319 328/328/328 327/327/327
f 320/320/320 313/313/313 321/321/321
f 320/320/320 321/321/321 328/328/328
f 321/321/321 322/322/322 330/330/330
f 321/321/321 330/330/330 329/329/329
f 322/322/322 323/323/323 331/331/331
f 322/322/322 331/331/331 330/330/330
f 323/323/323 324/324/324 332/332/332
f 323/323/323 332/332/332 331/331/331
f 324/324/324 325/325/325 333/333/333
f 324/324/324 333/333/333 332/332/332
f 325/325/325 326/326/326 334/334/334
f 325/325/325 334/334/334 333/333/333
f 326/326/326 327/327/327 335/335/335
f 326/326/326 335/335/335 334/334/334
f 327/327/327 328/328/328 336/336/336
f 327/327/327 336/336/336 335/335/335
f 328/328/328 321/321/321 329/329/329
f 328/328/328 329/329/329 336/336/336
f 329/329/329 330/330/330 338/338/338
f 329/329/329 338/338/338 337/337/337
f 330/330/330 331/331/331 339/339/339
f 330/330/330 339/339/339 338/338/338
f 331/331/331 332/332/332 340/340/340
f 331/331/331 340/340/340 339/339/339
f 332/332/332 333/333/333 341/341/341
f 332/332/332 341/341/341 340/340/340
f 333/333/333 334/334/334 342/342/342
f 333/333/333 342/342/342 341/341/341
f 334/334/334 335/335/335 343/343/343
f 334/334/334 343/343/343 342/342/342
f 335/335/335 336/336/336 344/344/344
f 335/335/335 344/344/344 343/343/343
f 336/336/336 329/329/329 337/337/337
f 336/336/336 337/337/337 344/344/344
f 337/337/337 338/338/338 346/346/346
f 337/337/337 346/346/346 345/345/345
f 338/338/338 339/339/339 347/347/347
f 338/338/338 347/347/347 346/346/346
f 339/339/339 340/340/340 348/348/348
f 339/339/339 348/348/348 347/347/347
f 340/340/340 341/341/341 349/349/349
f 340/340/340 349/349/349 348/348/348
f 341/341/341 342/342/342 350/350/350
f 341/341/341 350/350/350 349/349/349
f 342/342/342 343/343/343 351/351/351
f 342/342/342 351/351/351 350/350/350
f 343/343/343 344/344/344 352/352/352
f 343/343/343 352/352/352 351/351/351
f 344/344/344 337/337/337 345/345/345
f 344/344/344 345/345/345 352/352/352
f 345/345/345 346/346/346 354/354/354
f 345/345/345 354/354/354 353/353/353
f 346/346/346 347/347/347 355/355/355
f 346/346/346 355/355/355 354/354/354
f 347/347/347 348/348/348 356/356/356
f 347/347/347 356/356/356 355/355/355
f 348/348/348 349/349/349 357/357/357
f 348/348/348 357/357/357 356/356/356
f 349/349/349 350/350/350 358/358/358
f 349/349/349 358/358/358 357/357/357
f 350/350/350 351/351/351 359/359/359
f 350/350/350 359/359/359 358/358/358
f 351/351/351 352/352/352 360/360/360
f 351/351/351 360/360/360 359/359/359
f 352/352/352 345/345/345 353/353/353
f 352/352/352 353/353/353 360/360/360
f 353/353/353 354/354/354 362/362/362
f 353/353/353 362/362/362 361/361/361
f 354/354/354 355/355/355 363/363/363
f 354/354/354 363/363/363 362/362/362
f 355/355/355 356/356/356 364/364/364
f 355/355/355 364/364/364 363/363/363
f 356/356/356 357/357/357 365/365/365
f 356/356/356 365/365/365 364/364/364
f 357/357/357 358/358/358 366/366/366
f 357/357/357 366/366/366 365/365/365
f 358/358/358 359/359/359 367/367/367
f 358/358/358 367/367/367 366/366/366
f 359/359/359 360/360/360 368/368/368
f 359/359/359 368/368/368 367/367/367
f 360/360/360 353/353/353 361/361/361
f 360/360/360 361/361/361 368/368/368
f 361/361/361 362/362/362 370/370/370
f 361/361/361 370/370/370 369/369/369
f 362/362/362 363/363/363 371/371/371
f 362/362/362 371/371/371 370/370/370
f 363/363/363 364/364/364 372/372/372
f 363/363/363 372/372/372 371/371/371
f 364/364/364 365/365/365 373/373/373
f 364/364/364 373/373/373 372/372/372
f 365/365/365 366/366/366 374/374/374
f 365/365/365 374/374/374 373/373/373
f 366/366/366 367/367/367 375/375/375
f 366/366/366 375/375/375 374/374/374
f 367/367/367 368/368/368 376/376/376
f 367/367/367 376/376/376 375/375/375
f 368/368/368 361/361/361 369/369/369
f 368/368/368 369/369/369 376/376/376
f 369/369/369 370/370/370 378/378/378
f 369/369/369 378/378/378 377/377/377
f 370/370/370 371/371/371 379/379/379
f 370/370/370 379/379/379 378/378/378
f 371/371/371 372/372/372 380/380/380
f 371/371/371 380/380/380 379/379/379
f 372/372/372 373/373/373 381/381/381
f 372/372/372 381/381/381 380/380/380
f 373/373/373 374/374/374 382/382/382
f 373/373/373 382/382/382 381/381/381
f 374/374/374 375/375/375 383/383/383
f 374/374/374 383/383/383 382/382/382
f 375/375/375 376/376/376 384/384/384
f 375/375/375 384/384/384 383/383/383
f 376/376/376 369/369/369 377/377/377
f 376/376/376 377/377/377 384/384/384
f 377/377/377 378/378/378 386/386/386
f 377/377/377 386/386/386 385/385/385
f 378/378/378 379/379/379 387/387/387
f 378/378/378 387/387/387 386/386/386
f 379/379/379 380/380/380 388/388/388
f 379/379/379 388/388/388 387/387/387
f 380/380/380 381/381/381 389/389/389
f 380/380/380 389/389/389 388/388/388
f 381/381/381 382/382/382 390/390/390
f 381/381/381 390/390/390 389/389/389
f 382/382/382 383/383/383 391/391/391
f 382/382/382 391/391/391 390/390/390
f 383/383/383 384/384/384 392/392/392
f 383/383/383 392/392/392 391/391/391
f 384/384/384 377/377/377 385/385/385
f 384/384/384 385/385/385 392/392/392
f 385/385/385 386/386/386 394/394/394
f 385/385/385 394/394/394 393/393/393
f 386/386/386 387/387/387 395/395/395
f 386/386/386 395/395/395 394/394/394
f 387/387/387 388/388/388 396/396/396
f 387/387/387 396/396/396 395/395/395
f 388/388/388 389/389/389 397/397/397
f 388/388/388 397/397/397 396/396/396
f 389/389/389 390/390/390 398/398/398
f 389/389/389 398/398/398 397/397/397
f 390/390/390 391/391/391 399/399/399
f 390/390/390 399/399/399 398/398/398
f 391/391/391 392/392/392 400/400/400
f 391/391/391 400/400/400 399/399/399
f 392/392/392 385/385/385 393/393/393
f 392/392/392 393/393/393 400/400/400
f 393/393/393 394/394/394 402/402/402
f 393/393/393 402/402/402 401/401/401
f 394/394/394 395/395/395 403/403/403
f 394/394/394 403/403/403 402/402/402
f 395/395/395 396/396/396 404/404/404
f 395/395/395 404/404/404 403/403/403
f 396/396/396 397/397/397 405/405/405
f 396/396/396 405/405/405 404/404/404
f 397/397/397 398/398/398 406/406/406
f 397/397/397 406/406/406 405/405/405
f 398/398/398 399/399/399 407/407/407
f 398/398/398 407/407/407 406/406/406
f 399/399/399 400/400/400 408/408/408
f 399/399/399 408/408/408 407/407/407
f 400/400/400 393/393/393 401/401/401
f 400/400/400 401/401/401 408/408/408
f 401/401/401 402/402/402 410/410/410
f 401/401/401 410/410/410 409/409/409
f 402/402/402 403/403/403 411/411/411
f 402/402/402 411/411/411 410/410/410
f 403/403/403 404/404/404 412/412/412
f 403/403/403 412/412/412 411/411/411
f 404/404/404 405/405/405 413/413/413
f 404/404/404 413/413/413 412/412/412
f 405/405/405 406/406/406 414/414/414
f 405/405/405 414/414/414 413/413/413
f 406/406/406 407/407/407 415/415/415
f 406/406/406 415/415/415 414/414/414
f 407/407/407 408/408/408 416/416/416
f 407/407/407 416/416/416 415/415/415
f 408/408/408 401/401/401 409/409/409
f 408/408/408 409/409/409 416/416/416
f 409/409/409 410/410/410 418/418/418
f 409/409/409 418/418/418 417/417/417
f 410/410/410 411/411/411 419/419/419
f 410/410/410 419/419/419 418/418/418
f 411/411/411 412/412/412 420/420/420
f 411/411/411 420/420/420 419/419/419
f 412/412/412 413/413/413 421/421/421
f 412/412/412 421/421/421 420/420/420
f 413/413/413 414/414/414 422/422/422
f 413/413/413 422/422/422 421/421/421
f 414/414/414 415/415/415 423/423/423
f 414/414/414 423/423/423 422/422/422
f 415/415/415 416/416/416 424/424/424
f 415/415/415 424/424/424 423/423/423
f 416/416/416 409/409/409 417/417/417
f 416/416/416 417/417/417 424/424/424
f 417/417/417 418/418/418 426/426/426
f 417/417/417 426/426/426 425/425/425
f 418/418/418 419/419/419 427/427/427
f 418/418/418 427/427/427 426/426/426
f 419/419/419 420/420/420 428/428/428
f 419/419/419 428/428/428 427/427/427
f 420/420/420 421/421/421 429/429/429
f 420/420/420 429/429/429 428/428/428
f 421/421/421 422/422/422 430/430/430
f 421/421/421 430/430/430 429/429/429
f 422/422/422 423/423/423 431/431/431
f 422/422/422 431/431/431 430/430/430
f 423/423/423 424/424/424 432/432/432
f 423/423/423 432/432/432 431/431/431
f 424/424/424 417/417/417 425/425/425
f 424/424/424 425/425/425 432/432/432
f 425/425/425 426/426/426 434/434/434
f 425/425/425 434/434/434 433/433/433
f 426/426/426 427/427/427 435/435/435
f 426/426/426 435/435/435 434/434/434
f 427/427/427 428/428/428 436/436/436
f 427/427/427 436/436/436 435/435/435
f 428/428/428 429/429/429 437/437/437
f 428/428/428 437/437/437 436/436/436
f 429/429/429 430/430/430 438/438/438
f 429/429/429 438/438/438 437/437/437
f 430/430/430 431/431/431 439/439/439
f 430/430/430 439/439/439 438/438/438
f 431/431/431 432/432/432 440/440/440
f 431/431/431 440/440/440 439/439/439
f 432/432/432 425/425/425 433/433/433
f 432/432/432 433/433/433 440/440/440
f 433/433/433 434/434/434 442/442/442
f 433/433/433 442/442/442 441/441/441
f 434/434/434 435/435/435 443/443/443
f 434/434/434 443/443/443 442/442/442
f 435/435/435 436/436/436 444/444/444
f 435/435/435 444/444/444 443/443/443
f 436/436/436 437/437/437 445/445/445
f 436/436/436 445/445/445 444/444/444
f 437/437/437 438/438/438 446/446/446
f 437/437/437 446/446/446 445/445/445
f 438/438/438 439/439/439 447/447/447
f 438/438/438 447/447/447 446/446/446
f 439/439/439 440/440/440 448/448/448
f 439/439/439 448/448/448 447/447/447
f 440/440/440 433/433/433 441/441/441
f 440/440/440 441/441/441 448/448/448
f 441/441/441 442/442/442 450/450/450
f 441/441/441 450/450/450 449/449/449
f 442/442/442 443/443/443 451/451/451
f 442/442/442 451/451/451 450/450/450
f 443/443/443 444/444/444 452/452/452
f 443/443/443 452/452/452 451/451/451
f 444/444/444 445/445/445 453/453/453
f 444/444/444 453/453/453 452/452/452
f 445/445/445 446/446/446 454/454/454
f 445/445/445 454/454/454 453/453/453
f 446/446/446 447/447/447 455/455/455
f 446/446/446 455/455/455 454/454/454
f 447/447/447 448/448/448 456/456/456
f 447/447/447 456/456/456 455/455/455
f 448/448/448 441/441/441 449/449/449
f 448/448/448 449/449/449 456/456/456
f 449/449/449 450/450/450 458/458/458
f 449/449/449 458/458/458 457/457/457
f 450/450/450 451/451/451 459/459/459
f 450/450/450 459/459/459 458/458/458
f 451/451/451 452/452/452 460/460/460
f 451/451/451 460/460/460 459/459/459
f 452/452/452 453/453/453 461/461/461
f 452/452/452 461/461/461 460/460/460
f 453/453/453 454/454/454 462/462/462
f 453/453/453 462/462/462 461/461/461
f 454/454/454 455/455/455 463/463/463
f 454/454/454 463/463/463 462/462/462
f 455/455/455 456/456/456 464/464/464
f 455/455/455 464/464/464 463/463/463
f 456/456/456 449/449/449 457/457/457
f 456/456/456 457/457/457 464/464/464
f 457/457/457 458/458/458 466/466/466
f 457/457/457 466/466/466 465/465/465
f 458/458/458 459/459/459 467/467/467
f 458/458/458 467/467/467 466/466/466
f 459/459/459 460/460/460 468/468/468
f 459/459/459 468/468/468 467/467/467
f 460/460/460 461/461/461 469/469/469
f 460/460/460 469/469/469 468/468/468
f 461/461/461 462/462/462 470/470/470
f 461/461/461 470/470/470 469/469/469
f 462/462/462 463/463/463 471/471/471
f 462/462/462 471/471/471 470/470/470
f 463/463/463 464/464/464 472/472/472
f 463/463/463 472/472/472 471/471/471
f 464/464/464 457/457/457 465/465/465
f 464/464/464 465/465/465 472/472/472
f 465/465/465 466/466/466 474/474/474
f 465/465/465 474/474/474 473/473/473
f 466/466/466 467/467/467 475/475/475
f 466/466/466 475/475/475 474/474/474
f 467/467/467 468/468/468 476/476/476
f 467/467/467 476/476/476 475/475/475
f 468/468/468 469/469/469 477/477/477
f 468/468/468 477/477/477 476/476/476
f 469/469/469 470/470/470 478/478/478
f 469/469/469 478/478/478 477/477/477
f 470/470/470 471/471/471 479/479/479
f 470/470/470 479/479/479 478/478/478
f 471/471/471 472/472/472 480/480/480
f 471/471/471 480/480/480 479/479/479
f 472/472/472 465/465/465 473/473/473
f 472/472/472 473/473/473 480/480/480
f 473/473/473 474/474/474 482/482/482
f 473/473/473 482/482/482 481/481/481
f 474/474/474 475/475/475 483/483/483
f 474/474/474 483/483/483 482/482/482
f 475/475/475 476/476/476 484/484/484
f 475/475/475 484/484/484 483/483/483
f 476/476/476 477/477/477 485/485/485
f 476/476/476 485/485/485 484/484/484
f 477/477/477 478/478/478 486/486/486
f 477/477/477 486/486/486 485/485/485
f 478/478/478 479/479/479 487/487/487
f 478/478/478 487/487/487 486/486/486
f 479/479/479 480/480/480 488/488/488
f 479/479/479 488/488/488 487/487/487
f 480/480/480 473/473/473 481/481/481
f 480/480/480 481/481/481 488/488/488
f 481/481/481 482/482/482 490/490/490
f 481/481/481 490/490/490 489/489/489
f 482/482/482 483/483/483 491/491/491
f 482/482/482 491/491/491 490/490/490
f 483/483/483 484/484/484 492/492/492
f 483/483/483 492/492/492 491/491/491
f 484/484/484 485/485/485 493/493/493
f 484/484/484 493/493/493 492/492/492
f 485/485/485 486/486/486 494/494/494
f 485/485/485 494/494/494 493/493/493
f 486/486/486 487/487/487 495/495/495
f 486/486/486 495/495/495 494/494/494
f 487/487/487 488/488/488 496/496/496
f 487/487/487 496/496/496 495/495/495
f 488/488/488 481/481/481 489/489/489
f 488/488/488 489/489/489 496/496/496
f 489/489/489 490/490/490 498/498/498
f 489/489/489 498/498/498 497/497/497
f 490/490/490 491/491/491 499/499/499
f 490/490/490 499/499/499 498/498/498
f 491/491/491 492/492/492 500/500/500
f 491/491/491 500/500/500 499/499/499
f 492/492/492 493/493/493 501/501/501
f 492/492/492 501/501/501 500/500/500
f 493/493/493 494/494/494 502/502/502
f 493/493/493 502/502/502 501/501/501
f 494/494/494 495/495/495 503/503/503
f 494/494/494 503/503/503 502/502/502
f 495/495/495 496/496/496 504/504/504
f 495/495/495 504/504/504 503/503/503
f 496/496/496 489/489/489 497/497/497
f 496/496/496 497/497/497 504/504/504
f 497/497/497 498/498/498 506/506/506
f 497/497/497 506/506/506 505/505/505
f 498/498/498 499/499/499 507/507/507
f 498/498/498 507/507/507 506/506/506
f 499/499/499 500/500/500 508/508/508
f 499/499/499 508/508/508 507/507/507
f 500/500/500 501/501/501 509/509/509
f 500/500/500 509/509/509 508/508/508
f 501/501/501 502/502/502 510/510/510
f 501/501/501 510/510/510 509/509/509
f 502/502/502 503/503/503 511/511/511
f 502/502/502 511/511/511 510/510/510
f 503/503/503 504/504/504 512/512/512
f 503/503/503 512/512/512 511/511/511
f 504/504/504 497/497/497 505/505/505
f 504/504/504 505/505/505 512/512/512
f 505/505/505 506/506/506 514/514/514
f 505/505/505 514/514/514 513/513/513
f 506/506/506 507/507/507 515/515/515
f 506/506/506 515/515/515 514/514/514
f 507/507/507 508/508/508 516/516/516
f 507/507/507 516/516/516 515/515/515
f 508/508/508 509/509/509 517/517/517
f 508/508/508 517/517/517 516/516/516
f 509/509/509 510/510/510 518/518/518
f 509/509/509 518/518/518 517/517/517
f 510/510/510 511/511/511 519/519/519
f 510/510/510 519/519/519 518/518/518
f 511/511/511 512/512/512 520/520/520
f 511/511/511 520/520/520 519/519/519
f 512/512/512 505/505/505 513/513/513
f 512/512/512 513/513/513 520/520/520
f 513/513/513 514/514/514 522/522/522
f 513/513/513 522/522/522 521/521/521
f 514/514/514 515/515/515 523/523/523
f 514/514/514 523/523/523 522/522/522
f 515/515/515 516/516/516 524/524/524
f 515/515/515 524/524/524 523/523/523
f 516/516/516 517/517/517 525/525/525
f 516/516/516 525/525/525 524/524/524
f 517/517/517 518/518/518 526/526/526
f 517/517/517 526/526/526 525/525/525
f 518/518/518 519/519/519 527/527/527
f 518/518/518 527/527/527 526/526/526
f 519/519/519 520/520/520 528/528/528
f 519/519/519 528/528/528 527/527/527
f 520/520/520 513/513/513 521/521/521
f 520/520/520 521/521/521 528/528/528
f 521/521/521 522/522/522 530/530/530
f 521/521/521 530/530/530 529/529/529
f 522/522/522 523/523/523 531/531/531
f 522/522/522 531/531/531 530/530/530
f 523/523/523 524/524/524 532/532/532
f 523/523/523 532/532/532 531/531/531
f 524/524/524 525/525/525 533/533/533
f 524/524/524 533/533/533 532/532/532
f 525/525/525 526/526/526 534/534/534
f 525/525/525 534/534/534 533/533/533
f 526/526/526 527/527/527 535/535/535
f 526/526/526 535/535/535 534/534/534
f 527/527/527 528/528/528 536/536/536
f 527/527/527 536/536/536 535/535/535
f 528/528/528 521/521/521 529/529/529
f 528/528/528 529/529/529 536/536/536
f 529/529/529 530/530/530 538/538/538
f 529/529/529 538/538/538 537/537/537
f 530/530/530 531/531/531 539/539/539
f 530/530/530 539/539/539 538/538/538
f 531/531/531 532/532/532 540/540/540
f 531/531/531 540/540/540 539/539/539
f 532/532/532 533/533/533 541/541/541
f 532/532/532 541/541/541 540/540/540
f 533/533/533 534/534/534 542/542/542
f 533/533/533 542/542/542 541/541/541
f 534/534/534 535/535/535 543/543/543
f 534/534/534 543/543/543 542/542/542
f 535/535/535 536/536/536 544/544/544
f 535/535/535 544/544/544 543/543/543
f 536/536/536 529/529/529 537/537/537
f 536/536/536 537/537/537 544/544/544
f 537/537/537 538/538/538 546/546/546
f 537/537/537 546/546/546 545/545/545
f 538/538/538 539/539/539 547/547/547
f 538/538/538 547/547/547 546/546/546
f 539/539/539 540/540/540 548/548/548
f 539/539/539 548/548/548 547/547/547
f 540/540/540 541/541/541 549/549/549
f 540/540/540 549/549/549 548/548/548
f 541/541/541 542/542/542 550/550/550
f 541/541/541 550/550/550 549/549/549
f 542/542/542 543/543/543 551/551/551
f 542/542/542 551/551/551 550/550/550
f 543/543/543 544/544/544 552/552/552
f 543/543/543 552/552/552 551/551/551
f 544/544/544 537/537/537 545/545/545
f 544/544/544 545/545/545 552/552/552
f 545/545/545 546/546/546 554/554/554
f 545/545/545 554/554/554 553/553/553
f 546/546/546 547/547/547 555/555/555
f 546/546/546 555/555/555 554/554/554
f 547/547/547 548/548/548 556/556/556
f 547/547/547 556/556/556 555/555/555
f 548/548/548 549/549/549 557/557/557
f 548/548/548 557/557/557 556/556/556
f 549/549/549 550/550/550 558/558/558
f 549/549/549 558/558/558 557/557/557
f 550/550/550 551/551/551 559/559/559
f 550/550/550 559/559/559 558/558/558
f 551/551/551 552/552/552 560/560/560
f 551/551/551 560/560/560 559/559/559
f 552/552/552 545/545/545 553/553/553
f 552/552/552 553/553/553 560/560/560
f 553/553/553 554/554/554 562/562/562
f 553/553/553 562/562/562 561/561/561
f 554/554/554 555/555/555 563/563/563
f 554/554/554 563/563/563 562/562/562
f 555/555/555 556/556/556 564/564/564
f 555/555/555 564/564/564 563/563/563
f 556/556/556 557/557/557 565/565/565
f 556/556/556 565/565/565 564/564/564
f 557/557/557 558/558/558 566/566/566
f 557/557/557 566/566/566 565/565/565
f 558/558/558 559/559/559 567/567/567
f 558/558/558 567/567/567 566/566/566
f 559/559/559 560/560/560 568/568/568
f 559/559/559 568/568/568 567/567/567
f 560/560/560 553/553/553 561/561/561
f 560/560/560 561/561/561 568/568/568
f 561/561/561 562/562/562 570/570/570
f 561/561/561 570/570/570 569/569/569
f 562/562/562 563/563/563 571/571/571
f 562/562/562 571/571/571 570/570/570
f 563/563/563 564/564/564 572/572/572
f 563/563/563 572/572/572 571/571/571
f 564/564/564 565/565/565 573/573/573
f 564/564/564 573/573/573 572/572/572
f 565/565/565 566/566/566 574/574/574
f 565/565/565 574/574/574 573/573/573
f 566/566/566 567/567/567 575/575/575
f 566/566/566 575/575/575 574/574/574
f 567/567/567 568/568/568 576/576/576
f 567/567/567 576/576/576 575/575/575
f 568/568/568 561/561/561 569/569/569
f 568/568/568 569/569/569 576/576/576
f 569/569/569 570/570/570 578/578/578
f 569/569/569 578/578/578 577/577/577
f 570/570/570 571/571/571 579/579/579
f 570/570/570 579/579/579 578/578/578
f 571/571/571 572/572/572 580/580/580
f 571/571/571 580/580/580 579/579/579
f 572/572/572 573/573/573 581/581/581
f 572/572/572 581/581/581 580/580/580
f 573/573/573 574/574/574 582/582/582
f 573/573/573 582/582/582 581/581/581
f 574/574/574 575/575/575 583/583/583
f 574/574/574 583/583/583 582/582/582
f 575/575/575 576/576/576 584/584/584
f 575/575/575 584/584/584 583/583/583
f 576/576/576 569/569/569 577/577/577
f 576/576/576 577/577/577 584/584/584
f 577/577/577 578/578/578 586/586/586
f 577/577/577 586/586/586 585/585/585
f 578/578/578 579/579/579 587/587/587
f 578/578/578 587/587/587 586/586/586
f 579/579/579 580/580/580 588/588/588
f 579/579/579 588/588/588 587/587/587
f 580/580/580 581/581/581 589/589/589
f 580/580/580 589/589/589 588/588/588
f 581/581/581 582/582/582 590/590/590
f 581/581/581 590/590/590 589/589/589
f 582/582/582 583/583/583 591/591/591
f 582/582/582 591/591/591 590/590/590
f 583/583/583 584/584/584 592/592/592
f 583/583/583 592/592/592 591/591/591
f 584/584/584 577/577/577 585/585/585
f 584/584/584 585/585/585 592/592/592
f 585/585/585 586/586/586 594/594/594
f 585/585/585 594/594/594 593/593/593
f 586/586/586 587/587/587 595/595/595
f 586/586/586 595/595/595 594/594/594
f 587/587/587 588/588/588 596/596/596
f 587/587/587 596/596/596 595/595/595
f 588/588/588 589/589/589 597/597/597
f 588/588/588 597/597/597 596/596/596
f 589/589/589 590/590/590 598/598/598
f 589/589/589 598/598/598 597/597/597
f 590/590/590 591/591/591 599/599/599
f 590/590/590 599/599/599 598/598/598
f 591/591/591 592/592/592 600/600/600
f 591/591/591 600/600/600 599/599/599
f 592/592/592 585/585/585 593/593/593
f 592/592/592 593/593/593 600/600/600
f 593/593/593 594/594/594 602/602/602
f 593/593/593 602/602/602 601/601/601
f 594/594/594 595/595/595 603/603/603
f 594/594/594 603/603/603 602/602/602
f 595/595/595 596/596/596 604/604/604
f 595/595/595 604/604/604 603/603/603
f 596/596/596 597/597/597 605/605/605
f 596/596/596 605/605/605 604/604/604
f 597/597/597 598/598/598 606/606/606
f 597/597/597 606/606/606 605/605/605
f 598/598/598 599/599/599 607/607/607
f 598/598/598 607/607/607 606/606/606
f 599/599/599 600/600/600 608/608/608
f 599/599/599 608/608/608 607/607/607
f 600/600/600 593/593/593 601/601/601
f 600/600/600 601/601/601 608/608/608
f 601/601/601 602/602/602 610/610/610
f 601/601/601 610/610/610 609/609/609
f 602/602/602 603/603/603 611/611/611
f 602/602/602 611/611/611 610/610/610
f 603/603/603 604/604/604 612/612/612
f 603/603/603 612/612/612 611/611/611
f 604/604/604 605/605/605 613/613/613
f 604/604/604 613/613/613 612/612/612
f 605/605/605 606/606/606 614/614/614
f 605/605/605 614/614/614 613/613/613
f 606/606/606 607/607/607 615/615/615
f 606/606/606 615/615/615 614/614/614
f 607/607/607 608/608/608 616/616/616
f 607/607/607 616/616/616 615/615/615
f 608/608/608 601/601/601 609/609/609
f 608/608/608 609/609/609 616/616/616
f 609/609/609 610/610/610 618/618/618
f 609/609/609 618/618/618 617/617/617
f 610/610/610 611/611/611 619/619/619
f 610/610/610 619/619/619 618/618/618
f 611/611/611 612/612/612 620/620/620
f 611/611/611 620/620/620 619/619/619
f 612/612/612 613/613/613 621/621/621
f 612/612/612 621/621/621 620/620/620
f 613/613/613 614/614/614 622/622/622
f 613/613/613 622/622/622 621/621/621
f 614/614/614 615/615/615 623/623/623
f 614/614/614 623/623/623 622/622/622
f 615/615/615 616/616/616 624/624/624
f 615/615/615 624/624/624 623/623/623
f 616/616/616 609/609/609 617/617/617
f 616/616/616 617/617/617 624/624/624
f 617/617/617 618/618/618 626/626/626
f 617/617/617 626/626/626 625/625/625
f 618/618/618 619/619/619 627/627/627
f 618/618/618 627/627/627 626/626/626
f 619/619/619 620/620/620 628/628/628
f 619/619/619 628/628/628 627/627/627
f 620/620/620 621/621/621 629/629/629
f 620/620/620 629/629/629 628/628/628
f 621/621/621 622/622/622 630/630/630
f 621/621/621 630/630/630 629/629/629
f 622/622/622 623/623/623 631/631/631
f 622/622/622 631/631/631 630/630/630
f 623/623/623 624/624/624 632/632/632
f 623/623/623 632/632/632 631/631/631
f 624/624/624 617/617/617 625/625/625
f 624/624/624 625/625/625 632/632/632
f 625/625/625 626/626/626 634/634/634
f 625/625/625 634/634/634 633/633/633
f 626/626/626 627/627/627 635/635/635
f 626/626/626 635/635/635 634/634/634
f 627/627/627 628/628/628 636/636/636
f 627/627/627 636/636/636 635/635/635
f 628/628/628 629/629/629 637/637/637
f 628/628/628 637/637/637 636/636/636
f 629/629/629 630/630/630 638/638/638
f 629/629/629 638/638/638 637/637/637
f 630/630/630 631/631/631 639/639/639
f 630/630/630 639/639/639 638/638/638
f 631/631/631 632/632/632 640/640/640
f 631/631/631 640/640/640 639/639/639
f 632/632/632 625/625/625 633/633/633
f 632/632/632 633/633/633 640/640/640
f 633/633/633 634/634/634 642/642/642
f 633/633/633 642/642/642 641/641/641
f 634/634/634 635/635/635 643/643/643
f 634/634/634 643/643/643 642/642/642
f 635/635/635 636/636/636 644/644/644
f 635/635/635 644/644/644 643/643/643
f 636/636/636 637/637/637 645/645/645
f 636/636/636 645/645/645 644/644/644
f 637/637/637 638/638/638 646/646/646
f 637/637/637 646/646/646 645/645/645
f 638/638/638 639/639/639 647/647/647
f 638/638/638 647/647/647 646/646/646
f 639/639/639 640/640/640 648/648/648
f 639/639/639 648/648/648 647/647/647
f 640/640/640 633/633/633 641/641/641
f 640/640/640 641/641/641 648/648/648
f 641/641/641 642/642/642 650/650/650
f 641/641/641 650/650/650 649/649/649
f 642/642/642 643/643/643 651/651/651
f 642/642/642 651/651/651 650/650/650
f 643/643/643 644/644/644 652/652/652
f 643/643/643 652/652/652 651/651/651
f 644/644/644 645/645/645 653/653/653
f 644/644/644 653/653/653 652/652/652
f 645/645/645 646/646/646 654/654/654
f 645/645/645 654/654/654 653/653/653
f 646/646/646 647/647/647 655/655/655
f 646/646/646 655/655/655 654/654/654
f 647/647/647 648/648/648 656/656/656
f 647/647/647 656/656/656 655/655/655
f 648/648/648 641/641/641 649/649/649
f 648/648/648 649/649/649 656/656/656
f 649/649/649 650/650/650 658/658/658
f 649/649/649 658/658/658 657/657/657
f 650/650/650 651/651/651 659/659/659
f 650/650/650 659/659/659 658/658/658
f 651/651/651 652/652/652 660/660/660
f 651/651/651 660/660/660 659/659/659
f 652/652/652 653/653/653 661/661/661
f 652/652/652 661/661/661 660/660/660
f 653/653/653 654/654/654 662/662/662
f 653/653/653 662/662/662 661/661/661
f 654/654/654 655/655/655 663/663/663
f 654/654/654 663/663/663 662/662/662
f 655/655/655 656/656/656 664/664/664
f 655/655/655 664/664/664 663/663/663
f 656/656/656 649/649/649 657/657/657
f 656/656/656 657/657/657 664/664/664
f 657/657/657 658/658/658 666/666/666
f 657/657/657 666/666/666 665/665/665
f 658/658/658 659/659/659 667/667/667
f 658/658/658 667/667/667 666/666/666
f 659/659/659 660/660/660 668/668/668
f 659/659/659 668/668/668 667/667/667
f 660/660/660 661/661/661 669/669/669
f 660/660/660 669/669/669 668/668/668
f 661/661/661 662/662/662 670/670/670
f 661/661/661 670/670/670 669/669/669
f 662/662/662 663/663/663 671/671/671
f 662/662/662 671/671/671 670/670/670
f 663/663/663 664/664/664 672/672/672
f 663/663/663 672/672/672 671/671/671
f 664/664/664 657/657/657 665/665/665
f 664/664/664 665/665/665 672/672/672
f 665/665/665 666/666/666 674/674/674
f 665/665/665 674/674/674 673/673/673
f 666/666/666 667/667/667 675/675/675
f 666/666/666 675/675/675 674/674/674
f 667/667/667 668/668/668 676/676/676
f 667/667/667 676/676/676 675/675/675
f 668/668/668 669/669/669 677/677/677
f 668/668/668 677/677/677 676/676/676
f 669/669/669 670/670/670 678/678/678
f 669/669/669 678/678/678 677/677/677
f 670/670/670 671/671/671 679/679/679
f 670/670/670 679/679/679 678/678/678
f 671/671/671 672/672/672 680/680/680
f 671/671/671 680/680/680 679/679/679
f 672/672/672 665/665/665 673/673/673
f 672/672/672 673/673/673 680/680/680
f 673/673/673 674/674/674 682/682/682
f 673/673/673 682/682/682 681/681/681
f 674/674/674 675/675/675 683/683/683
f 674/674/674 683/683/683 682/682/682
f 675/675/675 676/676/676 684/684/684
f 675/675/675 684/684/684 683/683/683
f 676/676/676 677/677/677 685/685/685
f 676/676/676 685/685/685 684/684/684
f 677/677/677 678/678/678 686/686/686
f 677/677/677 686/686/686 685/685/685
f 678/678/678 679/679/679 687/687/687
f 678/678/678 687/687/687 686/686/686
f 679/679/679 680/680/680 688/688/688
f 679/679/679 688/688/688 687/687/687
f 680/680/680 673/673/673 681/681/681
f 680/680/680 681/681/681 688/688/688
f 681/681/681 682/682/682 690/690/690
f 681/681/681 690/690/690 689/689/689
f 682/682/682 683/683/683 691/691/691
f 682/682/682 691/691/691 690/690/690
f 683/683/683 684/684/684 692/692/692
f 683/683/683 692/692/692 691/691/691
f 684/684/684 685/685/685 693/693/693
f 684/684/684 693/693/693 692/692/692
f 685/685/685 686/686/686 694/694/694
f 685/685/685 694/694/694 693/693/693
f 686/686/686 687/687/687 695/695/695
f 686/686/686 695/695/695 694/694/694
f 687/687/687 688/688/688 696/696/696
f 687/687/687 696/696/696 695/695/695
f 688/688/688 681/681/681 689/689/689
f 688/688/688 689/689/689 696/696/696
f 689/689/689 690/690/690 698/698/698
f 689/689/689 698/698/698 697/697/697
f 690/690/690 691/691/691 699/699/699
f 690/690/690 699/699/699 698/698/698
f 691/691/691 692/692/692 700/700/700
f 691/691/691 700/700/700 699/699/699
f 692/692/692 693/693/693 701/701/701
f 692/692/692 701/701/701 700/700/700
f 693/693/693 694/694/694 702/702/702
f 693/693/693 702/702/702 701/701/701
f 694/694/694 695/695/695 703/703/703
f 694/694/694 703/703/703 702/702/702
f 695/695/695 696/696/696 704/704/704
f 695/695/695 704/704/704 703/703/703
f 696/696/696 689/689/689 697/697/697
f 696/696/696 697/697/697 704/704/704
f 697/697/697 698/698/698 706/706/706
f 697/697/697 706/706/706 705/705/705
f 698/698/698 699/699/699 707/707/707
f 698/698/698 707/707/707 706/706/706
f 699/699/699 700/700/700 708/708/708
f 699/699/699 708/708/708 707/707/707
f 700/700/700 701/701/701 709/709/709
f 700/700/700 709/709/709 708/708/708
f 701/701/701 702/702/702 710/710/710
f 701/701/701 710/710/710 709/709/709
f 702/702/702 703/703/703 711/711/711
f 702/702/702 711/711/711 710/710/710
f 703/703/703 704/704/704 712/712/712
f 703/703/703 712/712/712 711/711/711
f 704/704/704 697/697/697 705/705/705
f 704/704/704 705/705/705 712/712/712
f 705/705/705 706/706/706 714/714/714
f 705/705/705 714/714/714 713/713/713
f 706/706/706 707/707/707 715/715/715
f 706/706/706 715/715/715 714/714/714
f 707/707/707 708/708/708 716/716/716
f 707/707/707 716/716/716 715/715/715
f 708/708/708 709/709/709 717/717/717
f 708/708/708 717/717/717 716/716/716
f 709/709/709 710/710/710 718/718/718
f 709/709/709 718/718/718 717/717/717
f 710/710/710 711/711/711 719/719/719
f 710/710/710 719/719/719 718/718/718
f 711/711/711 712/712/712 720/720/720
f 711/711/711 720/720/720 719/719/719
f 712/712/712 705/705/705 713/713/713
f 712/712/712 713/713/713 720/720/720
f 713/713/713 714/714/714 722/722/722
f 713/713/713 722/722/722 721/721/721
f 714/714/714 715/715/715 723/723/723
f 714/714/714 723/723/723 722/722/722
f 715/715/715 716/716/716 724/724/724
f 715/715/715 724/724/724 723/723/723
f 716/716/716 717/717/717 725/725/725
f 716/716/716 725/725/725 724/724/724
f 717/717/717 718/718/718 726/726/726
f 717/717/717 726/726/726 725/725/725
f 718/718/718 719/719/719 727/727/727
f 718/718/718 727/727/727 726/726/726
f 719/719/719 720/720/720 728/728/728
f 719/719/719 728/728/728 727/727/727
f 720/720/720 713/713/713 721/721/721
f 720/720/720 721/721/721 728/728/728
f 721/721/721 722/722/722 730/730/730
f 721/721/721 730/730/730 729/729/729
f 722/722/722 723/723/723 731/731/731
f 722/722/722 731/731/731 730/730/730
f 723/723/723 724/724/724 732/732/732
f 723/723/723 732/732/732 731/731/731
f 724/724/724 725/725/725 733/733/733
f 724/724/724 733/733/733 732/732/732
f 725/725/725 726/726/726 734/734/734
f 725/725/725 734/734/734 733/733/733
f 726/726/726 727/727/727 735/735/735
f 726/726/726 735/735/735 734/734/734
f 727/727/727 728/728/728 736/736/736
f 727/727/727 736/736/736 735/735/735
f 728/728/728 721/721/721 729/729/729
f 728/728/728 729/729/729 736/736/736
f 729/729/729 730/730/730 738/738/738
f 729/729/729 738/738/738 737/737/737
f 730/730/730 731/731/731 739/739/739
f 730/730/730 739/739/739 738/738/738
f 731/731/731 732/732/732 740/740/740
f 731/731/731 740/740/740 739/739/739
f 732/732/732 733/733/733 741/741/741
f 732/732/732 741/741/741 740/740/740
f 733/733/733 734/734/734 742/742/742
f 733/733/733 742/742/742 741/741/741
f 734/734/734 735/735/735 743/743/743
f 734/734/734 743/743/743 742/742/742
f 735/735/735 736/736/736 744/744/744
f 735/735/735 744/744/744 743/743/743
f 736/736/736 729/729/729 737/737/737
f 736/736/736 737/737/737 744/744/744
f 737/737/737 738/738/738 746/746/746
f 737/737/737 746/746/746 745/745/745
f 738/738/738 739/739/739 747/747/747
f 738/738/738 747/747/747 746/746/746
f 739/739/739 740/740/740 748/748/748
f 739/739/739 748/748/748 747/747/747
f 740/740/740 741/741/741 749/749/749
f 740/740/740 749/749/749 748/748/748
f 741/741/741 742/742/742 750/750/750
f 741/741/741 750/750/750 749/749/749
f 742/742/742 743/743/743 751/751/751
f 742/742/742 751/751/751 750/750/750
f 743/743/743 744/744/744 752/752/752
f 743/743/743 752/752/752 751/751/751
f 744/744/744 737/737/737 745/745/745
f 744/744/744 745/745/745 752/752/752
f 745/745/745 746/746/746 754/754/754
f 745/745/745 754/754/754 753/753/753
f 746/746/746 747/747/747 755/755/755
f 746/746/746 755/755/755 754/754/754
f 747/747/747 748/748/748 756/756/756
f 747/747/747 756/756/756 755/755/755
f 748/748/748 749/749/749 757/757/757
f 748/748/748 757/757/757 756/756/756
f 749/749/749 750/750/750 758/758/758
f 749/749/749 758/758/758 757/757/757
f 750/750/750 751/751/751 759/759/759
f 750/750/750 759/759/759 758/758/758
f 751/751/751 752/752/752 760/760/760
f 751/751/751 760/760/760 759/759/759
f 752/752/752 745/745/745 753/753/753
f 752/752/752 753/753/753 760/760/760
f 753/753/753 754/754/754 762/762/762
f 753/753/753 762/762/762 761/761/761
f 754/754/754 755/755/755 763/763/763
f 754/754/754 763/763/763 762/762/762
f 755/755/755 756/756/756 764/764/764
f 755/755/755 764/764/764 763/763/763
f 756/756/756 757/757/757 765/765/765
f 756/756/756 765/765/765 764/764/764
f 757/757/757 758/758/758 766/766/766
f 757/757/757 766/766/766 765/765/765
f 758/758/758 759/759/759 767/767/767
f 758/758/758 767/767/767 766/766/766
f 759/759/759 760/760/760 768/768/768
f 759/759/759 768/768/768 767/767/767
f 760/760/760 753/753/753 761/761/761
f 760/760/760 761/761/761 768/768/768
f 761/761/761 762/762/762 770/770/770
f 761/761/761 770/770/770 769/769/769
f 762/762/762 763/763/763 771/771/771
f 762/762/762 771/771/771 770/770/770
f 763/763/763 764/764/764 772/772/772
f 763/763/763 772/772/772 771/771/771
f 764/764/764 765/765/765 773/773/773
f 764/764/764 773/773/773 772/772/772
f 765/765/765 766/766/766 774/774/774
f 765/765/765 774/774/774 773/773/773
f 766/766/766 767/767/767 775/775/775
f 766/766/766 775/775/775 774/774/774
f 767/767/767 768/768/768 776/776/776
f 767/767/767 776/776/776 775/775/775
f 768/768/768 761/761/761 769/769/769
f 768/768/768 769/769/769 776/776/776
f 769/769/769 770/770/770 778/778/778
f 769/769/769 778/778/778 777/777/777
f 770/770/770 771/771/771 779/779/779
f 770/770/770 779/779/779 778/778/778
f 771/771/771 772/772/772 780/780/780
f 771/771/771 780/780/780 779/779/779
f 772/772/772 773/773/773 781/781/781
f 772/772/772 781/781/781 780/780/780
f 773/773/773 774/774/774 782/782/782
f 773/773/773 782/782/782 781/781/781
f 774/774/774 775/775/775 783/783/783
f 774/774/774 783/783/783 782/782/782
f 775/775/775 776/776/776 784/784/784
f 775/775/775 784/784/784 783/783/783
f 776/776/776 769/769/769 777/777/777
f 776/776/776 777/777/777 784/784/784
f 777/777/777 778/778/778 786/786/786
f 777/777/777 786/786/786 785/785/785
f 778/778/778 779/779/779 787/787/787
f 778/778/778 787/787/787 786/786/786
f 779/779/779 780/780/780 788/788/788
f 779/779/779 788/788/788 787/787/787
f 780/780/780 781/781/781 789/789/789
f 780/780/780 789/789/789 788/788/788
f 781/781/781 782/782/782 790/790/790
f 781/781/781 790/790/790 789/789/789
f 782/782/782 783/783/783 791/791/791
f 782/782/782 791/791/791 790/790/790
f 783/783/783 784/784/784 792/792/792
f 783/783/783 792/792/792 791/791/791
f 784/784/784 777/777/777 785/785/785
f 784/784/784 785/785/785 792/792/792
f 785/785/785 786/786/786 794/794/794
f 785/785/785 794/794/794 793/793/793
f 786/786/786 787/787/787 795/795/795
f 786/786/786 795/795/795 794/794/794
f 787/787/787 788/788/788 796/796/796
f 787/787/787 796/796/796 795/795/795
f 788/788/788 789/789/789 797/797/797
f 788/788/788 797/797/797 796/796/796
f 789/789/789 790/790/790 798/798/798
f 789/789/789 798/798/798 797/797/797
f 790/790/790 791/791/791 799/799/799
f 790/790/790 799/799/799 798/798/798
f 791/791/791 792/792/792 800/800/800
f 791/791/791 800/800/800 799/799/799
f 792/792/792 785/785/785 793/793/793
f 792/792/792 793/793/793 800/800/800
f 793/793/793 794/794/794 802/802/802
f 793/793/793 802/802/802 801/801/801
f 794/794/794 795/795/795 803/803/803
f 794/794/794 803/803/803 802/802/802
f 795/795/795 796/796/796 804/804/804
f 795/795/795 804/804/804 803/803/803
f 796/796/796 797/797/797 805/805/805
f 796/796/796 805/805/805 804/804/804
f 797/797/797 798/798/798 806/806/806
f 797/797/797 806/806/806 805/805/805
f 798/798/798 799/799/799 807/807/807
f 798/798/798 807/807/807 806/806/806
f 799/799/799 800/800/800 808/808/808
f 799/799/799 808/808/808 807/807/807
f 800/800/800 793/793/793 801/801/801
f 800/800/800 801/801/801 808/808/808
f 801/801/801 802/802/802 810/810/810
f 801/801/801 810/810/810 809/809/809
f 802/802/802 803/803/803 811/811/811
f 802/802/802 811/811/811 810/810/810
f 803/803/803 804/804/804 812/812/812
f 803/803/803 812/812/812 811/811/811
f 804/804/804 805/805/805 813/813/813
f 804/804/804 813/813/813 812/812/812
f 805/805/805 806/806/806 814/814/814
f 805/805/805 814/814/814 813/813/813
f 806/806/806 807/807/807 815/815/815
f 806/806/806 815/815/815 814/814/814
f 807/807/807 808/808/808 816/816/816
f 807/807/807 816/816/816 815/815/815
f 808/808/808 801/801/801 809/809/809
f 808/808/808 809/809/809 816/816/816
f 809/809/809 810/810/810 818/818/818
f 809/809/809 818/818/818 817/817/817
f 810/810/810 811/811/811 819/819/819
f 810/810/810 819/819/819 818/818/818
f 811/811/811 812/812/812 820/820/820
f 811/811/811 820/820/820 819/819/819
f 812/812/812 813/813/813 821/821/821
f 812/812/812 821/821/821 820/820/820
f 813/813/813 814/814/814 822/822/822
f 813/813/813 822/822/822 821/821/821
f 814/814/814 815/815/815 823/823/823
f 814/814/814 823/823/823 822/822/822
f 815/815/815 816/816/816 824/824/824
f 815/815/815 824/824/824 823/823/823
f 816/816/816 809/809/809 817/817/817
f 816/816/816 817/817/817 824/824/824
f 817/817/817 818/818/818 826/826/826
f 817/817/817 826/826/826 825/825/825
f 818/818/818 819/819/819 827/827/827
f 818/818/818 827/827/827 826/826/826
f 819/819/819 820/820/820 828/828/828
f 819/819/819 828/828/828 827/827/827
f 820/820/820 821/821/821 829/829/829
f 820/820/820 829/829/829 828/828/828
f 821/821/821 822/822/822 830/830/830
f 821/821/821 830/830/830 829/829/829
f 822/822/822 823/823/823 831/831/831
f 822/822/822 831/831/831 830/830/830
f 823/823/823 824/824/824 832/832/832
f 823/823/823 832/832/832 831/831/831
f 824/824/824 817/817/817 825/825/825
f 824/824/824 825/825/825 832/832/832
f 825/825/825 826/826/826 834/834/834
f 825/825/825 834/834/834 833/833/833
f 826/826/826 827/827/827 835/835/835
f 826/826/826 835/835/835 834/834/834
f 827/827/827 828/828/828 836/836/836
f 827/827/827 836/836/836 835/835/835
f 828/828/828 829/829/829 837/837/837
f 828/828/828 837/837/837 836/836/836
f 829/829/829 830/830/830 838/838/838
f 829/829/829 838/838/838 837/837/837
f 830/830/830 831/831/831 839/839/839
f 830/830/830 839/839/839 838/838/838
f 831/831/831 832/832/832 840/840/840
f 831/831/831 840/840/840 839/839/839
f 832/832/832 825/825/825 833/833/833
f 832/832/832 833/833/833 840/840/840
f 833/833/833 834/834/834 842/842/842
f 833/833/833 842/842/842 841/841/841
f 834/834/834 835/835/835 843/843/843
f 834/834/834 843/843/843 842/842/842
f 835/835/835 836/836/836 844/844/844
f 835/835/835 844/844/844 843/843/843
f 836/836/836 837/837/837 845/845/845
f 836/836/836 845/845/845 844/844/844
f 837/837/837 838/838/838 846/846/846
f 837/837/837 846/846/846 845/845/845
f 838/838/838 839/839/839 847/847/847
f 838/838/838 847/847/847 846/846/846
f 839/839/839 840/840/840 848/848/848
f 839/839/839 848/848/848 847/847/847
f 840/840/840 833/833/833 841/841/841
f 840/840/840 841/841/841 848/848/848
f 841/841/841 842/842/842 850/850/850
f 841/841/841 850/850/850 849/849/849
f 842/842/842 843/843/843 851/851/851
f 842/842/842 851/851/851 850/850/850
f 843/843/843 844/844/844 852/852/852
f 843/843/843 852/852/852 851/851/851
f 844/844/844 845/845/845 853/853/853
f 844/844/844 853/853/853 852/852/852
f 845/845/845 846/846/846 854/854/854
f 845/845/845 854/854/854 853/853/853
f 846/846/846 847/847/847 855/855/855
f 846/846/846 855/855/855 854/854/854
f 847/847/847 848/848/848 856/856/856
f 847/847/847 856/856/856 855/855/855
f 848/848/848 841/841/841 849/849/849
f 848/848/848 849/849/849 856/856/856
f 849/849/849 850/850/850 858/858/858
f 849/849/849 858/858/858 857/857/857
f 850/850/850 851/851/851 859/859/859
f 850/850/850 859/859/859 858/858/858
f 851/851/851 852/852/852 860/860/860
f 851/851/851 860/860/860 859/859/859
f 852/852/852 853/853/853 861/861/861
f 852/852/852 861/861/861 860/860/860
f 853/853/853 854/854/854 862/862/862
f 853/853/853 862/862/862 861/861/861
f 854/854/854 855/855/855 863/863/863
f 854/854/854 863/863/863 862/862/862
f 855/855/855 856/856/856 864/864/864
f 855/855/855 864/864/864 863/863/863
f 856/856/856 849/849/849 857/857/857
f 856/856/856 857/857/857 864/864/864
f 857/857/857 858/858/858 866/866/866
f 857/857/857 866/866/866 865/865/865
f 858/858/858 859/859/859 867/867/867
f 858/858/858 867/867/867 866/866/866
f 859/859/859 860/860/860 868/868/868
f 859/859/859 868/868/868 867/867/867
f 860/860/860 861/861/861 869/869/869
f 860/860/860 869/869/869 868/868/868
f 861/861/861 862/862/862 870/870/870
f 861/861/861 870/870/870 869/869/869
f 862/862/862 863/863/863 871/871/871
f 862/862/862 871/871/871 870/870/870
f 863/863/863 864/864/864 872/872/872
f 863/863/863 872/872/872 871/871/871
f 864/864/864 857/857/857 865/865/865
f 864/864/864 865/865/865 872/872/872
f 865/865/865 866/866/866 874/874/874
f 865/865/865 874/874/874 873/873/873
f 866/866/866 867/867/867 875/875/875
f 866/866/866 875/875/875 874/874/874
f 867/867/867 868/868/868 876/876/876
f 867/867/867 876/876/876 875/875/875
f 868/868/868 869/869/869 877/877/877
f 868/868/868 877/877/877 876/876/876
f 869/869/869 870/870/870 878/878/878
f 869/869/869 878/878/878 877/877/877
f 870/870/870 871/871/871 879/879/879
f 870/870/870 879/879/879 878/878/878
f 871/871/871 872/872/872 880/880/880
f 871/871/871 880/880/880 879/879/879
f 872/872/872 865/865/865 873/873/873
f 872/872/872 873/873/873 880/880/880
f 873/873/873 874/874/874 882/882/882
f 873/873/873 882/882/882 881/881/881
f 874/874/874 875/875/875 883/883/883
f 874/874/874 883/883/883 882/882/882
f 875/875/875 876/876/876 884/884/884
f 875/875/875 884/884/884 883/883/883
f 876/876/876 877/877/877 885/885/885
f 876/876/876 885/885/885 884/884/884
f 877/877/877 878/878/878 886/886/886
f 877/877/877 886/886/886 885/885/885
f 878/878/878 879/879/879 887/887/887
f 878/878/878 887/887/887 886/886/886
f 879/879/879 880/880/880 888/888/888
f 879/879/879 888/888/888 887/887/887
f 880/880/880 873/873/873 881/881/881
f 880/880/880 881/881/881 888/888/888
f 881/881/881 882/882/882 890/890/890
f 881/881/881 890/890/890 889/889/889
f 882/882/882 883/883/883 891/891/891
f 882/882/882 891/891/891 890/890/890
f 883/883/883 884/884/884 892/892/892
f 883/883/883 892/892/892 891/891/891
f 884/884/884 885/885/885 893/893/893
f 884/884/884 893/893/893 892/892/892
f 885/885/885 886/886/886 894/894/894
f 885/885/885 894/894/894 893/893/893
f 886/886/886 887/887/887 895/895/895
f 886/886/886 895/895/895 894/894/894
f 887/887/887 888/888/888 896/896/896
f 887/887/887 896/896/896 895/895/895
f 888/888/888 881/881/881 889/889/889
f 888/888/888 889/889/889 896/896/896
f 889/889/889 890/890/890 898/898/898
f 889/889/889 898/898/898 897/897/897
f 890/890/890 891/891/891 899/899/899
f 890/890/890 899/899/899 898/898/898
f 891/891/891 892/892/892 900/900/900
f 891/891/891 900/900/900 899/899/899
f 892/892/892 893/893/893 901/901/901
f 892/892/892 901/901/901 900/900/900
f 893/893/893 894/894/894 902/902/902
f 893/893/893 902/902/902 901/901/901
f 894/894/894 895/895/895 903/903/903
f 894/894/894 903/903/903 902/902/902
f 895/895/895 896/896/896 904/904/904
f 895/895/895 904/904/904 903/903/903
f 896/896/896 889/889/889 897/897/897
f 896/896/896 897/897/897 904/904/904
f 897/897/897 898/898/898 906/906/906
f 897/897/897 906/906/906 905/905/905
f 898/898/898 899/899/899 907/907/907
f 898/898/898 907/907/907 906/906/906
f 899/899/899 900/900/900 908/908/908
f 899/899/899 908/908/908 907/907/907
f 900/900/900 901/901/901 909/909/909
f 900/900/900 909/909/909 908/908/908
f 901/901/901 902/902/902 910/910/910
f 901/901/901 910/910/910 909/909/909
f 902/902/902 903/903/903 911/911/911
f 902/902/902 911/911/911 910/910/910
f 903/903/903 904/904/904 912/912/912
f 903/903/903 912/912/912 911/911/911
f 904/904/904 897/897/897 905/905/905
f 904/904/904 905/905/905 912/912/912
f 905/905/905 906/906/906 914/914/914
f 905/905/905 914/914/914 913/913/913
f 906/906/906 907/907/907 915/915/915
f 906/906/906 915/915/915 914/914/914
f 907/907/907 908/908/908 916/916/916
f 907/907/907 916/916/916 915/915/915
f 908/908/908 909/909/909 917/917/917
f 908/908/908 917/917/917 916/916/916
f 909/909/909 910/910/910 918/918/918
f 909/909/909 918/918/918 917/917/917
f 910/910/910 911/911/911 919/919/919
f 910/910/910 919/919/919 918/918/918
f 911/911/911 912/912/912 920/920/920
f 911/911/911 920/920/920 919/919/919
f 912/912/912 905/905/905 913/913/913
f 912/912/912 913/913/913 920/920/920
f 913/913/913 914/914/914 922/922/922
f 913/913/913 922/922/922 921/921/921
f 914/914/914 915/915/915 923/923/923
f 914/914/914 923/923/923 922/922/922
f 915/915/915 916/916/916 924/924/924
f 915/915/915 924/924/924 923/923/923
f 916/916/916 917/917/917 925/925/925
f 916/916/916 925/925/925 924/924/924
f 917/917/917 918/918/918 926/926/926
f 917/917/917 926/926/926 925/925/925
f 918/918/918 919/919/919 927/927/927
f 918/918/918 927/927/927 926/926/926
f 919/919/919 920/920/920 928/928/928
f 919/919/919 928/928/928 927/927/927
f 920/920/920 913/913/913 921/921/921
f 920/920/920 921/921/921 928/928/928
f 921/921/921 922/922/922 930/930/930
f 921/921/921 930/930/930 929/929/929
f 922/922/922 923/923/923 931/931/931
f 922/922/922 931/931/931 930/930/930
f 923/923/923 924/924/924 932/932/932
f 923/923/923 932/932/932 931/931/931
f 924/924/924 925/925/925 933/933/933
f 924/924/924 933/933/933 932/932/932
f 925/925/925 926/926/926 934/934/934
f 925/925/925 934/934/934 933/933/933
f 926/926/926 927/927/927 935/935/935
f 926/926/926 935/935/935 934/934/934
f 927/927/927 928/928/928 936/936/936
f 927/927/927 936/936/936 935/935/935
f 928/928/928 921/921/921 929/929/929
f 928/928/928 929/929/929 936/936/936
f 929/929/929 930/930/930 938/938/938
f 929/929/929 938/938/938 937/937/937
f 930/930/930 931/931/931 939/939/939
f 930/930/930 939/939/939 938/938/938
f 931/931/931 932/932/932 940/940/940
f 931/931/931 940/940/940 939/939/939
f 932/932/932 933/933/933 941/941/941
f 932/932/932 941/941/941 940/940/940
f 933/933/933 934/934/934 942/942/942
f 933/933/933 942/942/942 941/941/941
f 934/934/934 935/935/935 943/943/943
f 934/934/934 943/943/943 942/942/942
f 935/935/935 936/936/936 944/944/944
f 935/935/935 944/944/944 943/943/943
f 936/936/936 929/929/929 937/937/937
f 936/936/936 937/937/937 944/944/944
f 937/937/937 938/938/938 946/946/946
f 937/937/937 946/946/946 945/945/945
f 938/938/938 939/939/939 947/947/947
f 938/938/938 947/947/947 946/946/946
f 939/939/939 940/940/940 948/948/948
f 939/939/939 948/948/948 947/947/947
f 940/940/940 941/941/941 949/949/949
f 940/940/940 949/949/949 948/948/948
f 941/941/941 942/942/942 950/950/950
f 941/941/941 950/950/950 949/949/949
f 942/942/942 943/943/943 951/951/951
f 942/942/942 951/951/951 950/950/950
f 943/943/943 944/944/944 952/952/952
f 943/943/943 952/952/952 951/951/951
f 944/944/944 937/937/937 945/945/945
f 944/944/944 945/945/945 952/952/952
f 945/945/945 946/946/946 954/954/954
f 945/945/945 954/954/954 953/953/953
f 946/946/946 947/947/947 955/955/955
f 946/946/946 955/955/955 954/954/954
f 947/947/947 948/948/948 956/956/956
f 947/947/947 956/956/956 955/955/955
f 948/948/948 949/949/949 957/957/957
f 948/948/948 957/957/957 956/956/956
f 949/949/949 950/950/950 958/958/958
f 949/949/949 958/958/958 957/957/957
f 950/950/950 951/951/951 959/959/959
f 950/950/950 959/959/959 958/958/958
f 951/951/951 952/952/952 960/960/960
f 951/951/951 960/960/960 959/959/959
f 952/952/952 945/945/945 953/953/953
f 952/952/952 953/953/953 960/960/960
f 953/953/953 954/954/954 962/962/962
f 953/953/953 962/962/962 961/961/961
f 954/954/954 955/955/955 963/963/963
f 954/954/954 963/963/963 962/962/962
f 955/955/955 956/956/956 964/964/964
f 955/955/955 964/964/964 963/963/963
f 956/956/956 957/957/957 965/965/965
f 956/956/956 965/965/965 964/964/964
f 957/957/957 958/958/958 966/966/966
f 957/957/957 966/966/966 965/965/965
f 958/958/958 959/959/959 967/967/967
f 958/958/958 967/967/967 966/966/966
f 959/959/959 960/960/960 968/968/968
f 959/959/959 968/968/968 967/967/967
f 960/960/960 953/953/953 961/961/961
f 960/960/960 961/961/961 968/968/968
f 961/961/961 962/962/962 970/970/970
f 961/961/961 970/970/970 969/969/969
f 962/962/962 963/963/963 971/971/971
f 962/962/962 971/971/971 970/970/970
f 963/963/963 964/964/964 972/972/972
f 963/963/963 972/972/972 971/971/971
f 964/964/964 965/965/965 973/973/973
f 964/964/964 973/973/973 972/972/972
f 965/965/965 966/966/966 974/974/974
f 965/965/965 974/974/974 973/973/973
f 966/966/966 967/967/967 975/975/975
f 966/966/966 975/975/975 974/974/974
f 967/967/967 968/968/968 976/976/976
f 967/967/967 976/976/976 975/975/975
f 968/968/968 961/961/961 969/969/969
f 968/968/968 969/969/969 976/976/976
f 969/969/969 970/970/970 978/978/978
f 969/969/969 978/978/978 977/977/977
f 970/970/970 971/971/971 979/979/979
f 970/970/970 979/979/979 978/978/978
f 971/971/971 972/972/972 980/980/980
f 971/971/971 980/980/980 979/979/979
f 972/972/972 973/973/973 981/981/981
f 972/972/972 981/981/981 980/980/980
f 973/973/973 974/974/974 982/982/982
f 973/973/973 982/982/982 981/981/981
f 974/974/974 975/975/975 983/983/983
f 974/974/974 983/983/983 982/982/982
f 975/975/975 976/976/976 984/984/984
f 975/975/975 984/984/984 983/983/983
f 976/976/976 969/969/969 977/977/977
f 976/976/976 977/977/977 984/984/984
f 977/977/977 978/978/978 986/986/986
f 977/977/977 986/986/986 985/985/985
f 978/978/978 979/979/979 987/987/987
f 978/978/978 987/987/987 986/986/986
f 979/979/979 980/980/980 988/988/988
f 979/979/979 988/988/988 987/987/987
f 980/980/980 981/981/981 989/989/989
f 980/980/980 989/989/989 988/988/988
f 981/981/981 982/982/982 990/990/990
f 981/981/981 990/990/990 989/989/989
f 982/982/982 983/983/983 991/991/991
f 982/982/982 991/991/991 990/990/990
f 983/983/983 984/984/984 992/992/992
f 983/983/983 992/992/992 991/991/991
f 984/984/984 977/977/977 985/985/985
f 984/984/984 985/985/985 992/992/992
f 985/985/985 986/986/986 994/994/994
f 985/985/985 994/994/994 993/993/993
f 986/986/986 987/987/987 995/995/995
f 986/986/986 995/995/995 994/994/994
f 987/987/987 988/988/988 996/996/996
f 987/987/987 996/996/996 995/995/995
f 988/988/988 989/989/989 997/997/997
f 988/988/988 997/997/997 996/996/996
f 989/989/989 990/990/990 998/998/998
f 989/989/989 998/998/998 997/997/997
f 990/990/990 991/991/991 999/999/999
f 990/990/990 999/999/999 998/998/998
f 991/991/991 992/992/992 1000/1000/1000
f 991/991/991 1000/1000/1000 999/999/999
f 992/992/992 985/985/985 993/993/993
f 992/992/992 993/993/993 1000/1000/1000
f 993/993/993 994/994/994 1002/1002/1002
f 993/993/993 1002/1002/1002 1001/1001/1001
f 994/994/994 995/995/995 1003/1003/1003
f 994/994/994 1003/1003/1003 1002/1002/1002
f 995/995/995 996/996/996 1004/1004/1004
f 995/995/995 1004/1004/1004 1003/1003/1003
f 996/996/996 997/997/997 1005/1005/1005
f 996/996/996 1005/1005/1005 1004/1004/1004
f 997/997/997 998/998/998 1006/1006/1006
f 997/997/997 1006/1006/1006 1005/1005/1005
f 998/998/998 999/999/999 1007/1007/1007
f 998/998/998 1007/1007/1007 1006/1006/1006
f 999/999/999 1000/1000/1000 1008/1008/1008
f 999/999/999 1008/1008/1008 1007/1007/1007
f 1000/1000/1000 993/993/993 1001/1001/1001
f 1000/1000/1000 1001/1001/1001 1008/1008/1008
f 1001/1001/1001 1002/1002/1002 1010/1010/1010
f 1001/1001/1001 1010/1010/1010 1009/1009/1009
f 1002/1002/1002 1003/1003/1003 1011/1011/1011
f 1002/1002/1002 1011/1011/1011 1010/1010/1010
f 1003/1003/1003 1004/1004/1004 1012/1012/1012
f 1003/1003/1003 1012/1012/1012 1011/1011/1011
f 1004/1004/1004 1005/1005/1005 1013/1013/1013
f 1004/1004/1004 1013/1013/1013 1012/1012/1012
f 1005/1005/1005 1006/1006/1006 1014/1014/1014
f 1005/1005/1005 1014/1014/1014 1013/1013/1013
f 1006/1006/1006 1007/1007/1007 1015/1015/1015
f 1006/1006/1006 1015/1015/1015 1014/1014/1014
f 1007/1007/1007 1008/1008/1008 1016/1016/1016
f 1007/1007/1007 1016/1016/1016 1015/1015/1015
f 1008/1008/1008 1001/1001/1001 1009/1009/1009
f 1008/1008/1008 1009/1009/1009 1016/1016/1016
f 1009/1009/1009 1010/1010/1010 1018/1018/1018
f 1009/1009/1009 1018/1018/1018 1017/1017/1017
f 1010/1010/1010 1011/1011/1011 1019/1019/1019
f 1010/1010/1010 1019/1019/1019 1018/1018/1018
f 1011/1011/1011 1012/1012/1012 1020/1020/1020
f 1011/1011/1011 1020/1020/1020 1019/1019/1019
f 1012/1012/1012 1013/1013/1013 1021/1021/1021
f 1012/1012/1012 1021/1021/1021 1020/1020/1020
f 1013/1013/1013 1014/1014/1014 1022/1022/1022
f 1013/1013/1013 1022/1022/1022 1021/1021/1021
f 1014/1014/1014 1015/1015/1015 1023/1023/1023
f 1014/1014/1014 1023/1023/1023 1022/1022/1022
f 1015/1015/1015 1016/1016/1016 1024/1024/1024
f 1015/1015/1015 1024/1024/1024 1023/1023/1023
f 1016/1016/1016 1009/1009/1009 1017/1017/1017
f 1016/1016/1016 1017/1017/1017 1024/1024/1024
f 1017/1017/1017 1018/1018/1018 1026/1026/1026
f 1017/1017/1017 1026/1026/1026 1025/1025/1025
f 1018/1018/1018 1019/1019/1019 1027/1027/1027
f 1018/1018/1018 1027/1027/1027 1026/1026/1026
f 1019/1019/1019 1020/1020/1020 1028/1028/1028
f 1019/1019/1019 1028/1028/1028 1027/1027/1027
f 1020/1020/1020 1021/1021/1021 1029/1029/1029
f 1020/1020/1020 1029/1029/1029 1028/1028/1028
f 1021/1021/1021 1022/1022/1022 1030/1030/1030
f 1021/1021/1021 1030/1030/1030 1029/1029/1029
f 1022/1022/1022 1023/1023/1023 1031/1031/1031
f 1022/1022/1022 1031/1031/1031 1030/1030/1030
f 1023/1023/1023 1024/1024/1024 1032/1032/1032
f 1023/1023/1023 1032/1032/1032 1031/1031/1031
f 1024/1024/1024 1017/1017/1017 1025/1025/1025
f 1024/1024/1024 1025/1025/1025 1032/1032/1032
f 1025/1025/1025 1026/1026/1026 1034/1034/1034
f 1025/1025/1025 1034/1034/1034 1033/1033/1033
f 1026/1026/1026 1027/1027/1027 1035/1035/1035
f 1026/1026/1026 1035/1035/1035 1034/1034/1034
f 1027/1027/1027 1028/1028/1028 1036/1036/1036
f 1027/1027/1027 1036/1036/1036 1035/1035/1035
f 1028/1028/1028 1029/1029/1029 1037/1037/1037
f 1028/1028/1028 1037/1037/1037 1036/1036/1036
f 1029/1029/1029 1030/1030/1030 1038/1038/1038
f 1029/1029/1029 1038/1038/1038 1037/1037/1037
f 1030/1030/1030 1031/1031/1031 1039/1039/1039
f 1030/1030/1030 1039/1039/1039 1038/1038/1038
f 1031/1031/1031 1032/1032/1032 1040/1040/1040
f 1031/1031/1031 1040/1040/1040 1039/1039/1039
f 1032/1032/1032 1025/1025/1025 1033/1033/1033
f 1032/1032/1032 1033/1033/1033 1040/1040/1040
f 1033/1033/1033 1034/1034/1034 1042/1042/1042
f 1033/1033/1033 1042/1042/1042 1041/1041/1041
f 1034/1034/1034 1035/1035/1035 1043/1043/1043
f 1034/1034/1034 1043/1043/1043 1042/1042/1042
f 1035/1035/1035 1036/1036/1036 1044/1044/1044
f 1035/1035/1035 1044/1044/1044 1043/1043/1043
f 1036/1036/1036 1037/1037/1037 1045/1045/1045
f 1036/1036/1036 1045/1045/1045 1044/1044/1044
f 1037/1037/1037 1038/1038/1038 1046/1046/1046
f 1037/1037/1037 1046/1046/1046 1045/1045/1045
f 1038/1038/1038 1039/1039/1039 1047/1047/1047
f 1038/1038/1038 1047/1047/1047 1046/1046/1046
f 1039/1039/1039 1040/1040/1040 1048/1048/1048
f 1039/1039/1039 1048/1048/1048 1047/1047/1047
f 1040/1040/1040 1033/1033/1033 1041/1041/1041
f 1040/1040/1040 1041/1041/1041 1048/1048/1048
f 1041/1041/1041 1042/1042/1042 1050/1050/1050
f 1041/1041/1041 1050/1050/1050 1049/1049/1049
f 1042/1042/1042 1043/1043/1043 1051/1051/1051
f 1042/1042/1042 1051/1051/1051 1050/1050/1050
f 1043/1043/1043 1044/1044/1044 1052/1052/1052
f 1043/1043/1043 1052/1052/1052 1051/1051/1051
f 1044/1044/1044 1045/1045/1045 1053/1053/1053
f 1044/1044/1044 1053/1053/1053 1052/1052/1052
f 1045/1045/1045 1046/1046/1046 1054/1054/1054
f 1045/1045/1045 1054/1054/1054 1053/1053/1053
f 1046/1046/1046 1047/1047/1047 1055/1055/1055
f 1046/1046/1046 1055/1055/1055 1054/1054/1054
f 1047/1047/1047 1048/1048/1048 1056/1056/1056
f 1047/1047/1047 1056/1056/1056 1055/1055/1055
f 1048/1048/1048 1041/1041/1041 1049/1049/1049
f 1048/1048/1048 1049/1049/1049 1056/1056/1056
f 1049/1049/1049 1050/1050/1050 1058/1058/1058
f 1049/1049/1049 1058/1058/1058 1057/1057/1057
f 1050/1050/1050 1051/1051/1051 1059/1059/1059
f 1050/1050/1050 1059/1059/1059 1058/1058/1058
f 1051/1051/1051 1052/1052/1052 1060/1060/1060
f 1051/1051/1051 1060/1060/1060 1059/1059/1059
f 1052/1052/1052 1053/1053/1053 1061/1061/1061
f 1052/1052/1052 1061/1061/1061 1060/1060/1060
f 1053/1053/1053 1054/1054/1054 1062/1062/1062
f 1053/1053/1053 1062/1062/1062 1061/1061/1061
f 1054/1054/1054 1055/1055/1055 1063/1063/1063
f 1054/1054/1054 1063/1063/1063 1062/1062/1062
f 1055/1055/1055 1056/1056/1056 1064/1064/1064
f 1055/1055/1055 1064/1064/1064 1063/1063/1063
f 1056/1056/1056 1049/1049/1049 1057/1057/1057
f 1056/1056/1056 1057/1057/1057 1064/1064/1064
f 1057/1057/1057 1058/1058/1058 1066/1066/1066
f 1057/1057/1057 1066/1066/1066 1065/1065/1065
f 1058/1058/1058 1059/1059/1059 1067/1067/1067
f 1058/1058/1058 1067/1067/1067 1066/1066/1066
f 1059/1059/1059 1060/1060/1060 1068/1068/1068
f 1059/1059/1059 1068/1068/1068 1067/1067/1067
f 1060/1060/1060 1061/1061/1061 1069/1069/1069
f 1060/1060/1060 1069/1069/1069 1068/1068/1068
f 1061/1061/1061 1062/1062/1062 1070/1070/1070
f 1061/1061/1061 1070/1070/1070 1069/1069/1069
f 1062/1062/1062 1063/1063/1063 1071/1071/1071
f 1062/1062/1062 1071/1071/1071 1070/1070/1070
f 1063/1063/1063 1064/1064/1064 1072/1072/1072
f 1063/1063/1063 1072/1072/1072 1071/1071/1071
f 1064/1064/1064 1057/1057/1057 1065/1065/1065
f 1064/1064/1064 1065/1065/1065 1072/1072/1072
f 1065/1065/1065 1066/1066/1066 1074/1074/1074
f 1065/1065/1065 1074/1074/1074 1073/1073/1073
f 1066/1066/1066 1067/1067/1067 1075/1075/1075
f 1066/1066/1066 1075/1075/1075 1074/1074/1074
f 1067/1067/1067 1068/1068/1068 1076/1076/1076
f 1067/1067/1067 1076/1076/1076 1075/1075/1075
f 1068/1068/1068 1069/1069/1069 1077/1077/1077
f 1068/1068/1068 1077/1077/1077 1076/1076/1076
f 1069/1069/1069 1070/1070/1070 1078/1078/1078
f 1069/1069/1069 1078/1078/1078 1077/1077/1077
f 1070/1070/1070 1071/1071/1071 1079/1079/1079
f 1070/1070/1070 1079/1079/1079 1078/1078/1078
f 1071/1071/1071 1072/1072/1072 1080/1080/1080
f 1071/1071/1071 1080/1080/1080 1079/1079/1079
f 1072/1072/1072 1065/1065/1065 1073/1073/1073
f 1072/1072/1072 1073/1073/1073 1080/1080/1080
f 1073/1073/1073 1074/1074/1074 1082/1082/1082
f 1073/1073/1073 1082/1082/1082 1081/1081/1081
f 1074/1074/1074 1075/1075/1075 1083/1083/1083
f 1074/1074/1074 1083/1083/1083 1082/1082/1082
f 1075/1075/1075 1076/1076/1076 1084/1084/1084
f 1075/1075/1075 1084/1084/1084 1083/1083/1083
f 1076/1076/1076 1077/1077/1077 1085/1085/1085
f 1076/1076/1076 1085/1085/1085 1084/1084/1084
f 1077/1077/1077 1078/1078/1078 1086/1086/1086
f 1077/1077/1077 1086/1086/1086 1085/1085/1085
f 1078/1078/1078 1079/1079/1079 1087/1087/1087
f 1078/1078/1078 1087/1087/1087 1086/1086/1086
f 1079/1079/1079 1080/1080/1080 1088/1088/1088
f 1079/1079/1079 1088/1088/1088 1087/1087/1087
f 1080/1080/1080 1073/1073/1073 1081/1081/1081
f 1080/1080/1080 1081/1081/1081 1088/1088/1088
f 1081/1081/1081 1082/1082/1082 1090/1090/1090
f 1081/1081/1081 1090/1090/1090 1089/1089/1089
f 1082/1082/1082 1083/1083/1083 1091/1091/1091
f 1082/1082/1082 1091/1091/1091 1090/1090/1090
f 1083/1083/1083 1084/1084/1084 1092/1092/1092
f 1083/1083/1083 1092/1092/1092 1091/1091/1091
f 1084/1084/1084 1085/1085/1085 1093/1093/1093
f 1084/1084/1084 1093/1093/1093 1092/1092/1092
f 1085/1085/1085 1086/1086/1086 1094/1094/1094
f 1085/1085/1085 1094/1094/1094 1093/1093/1093
f 1086/1086/1086 1087/1087/1087 1095/1095/1095
f 1086/1086/1086 1095/1095/1095 1094/1094/1094
f 1087/1087/1087 1088/1088/1088 1096/1096/1096
f 1087/1087/1087 1096/1096/1096 1095/1095/1095
f 1088/1088/1088 1081/1081/1081 1089/1089/1089
f 1088/1088/1088 1089/1089/1089 1096/1096/1096
f 1089/1089/1089 1090/1090/1090 1098/1098/1098
f 1089/1089/1089 1098/1098/1098 1097/1097/1097
f 1090/1090/1090 1091/1091/1091 1099/1099/1099
f 1090/1090/1090 1099/1099/1099 1098/1098/1098
f 1091/1091/1091 1092/1092/1092 1100/1100/1100
f 1091/1091/1091 1100/1100/1100 1099/1099/1099
f 1092/1092/1092 1093/1093/1093 1101/1101/1101
f 1092/1092/1092 1101/1101/1101 1100/1100/1100
f 1093/1093/1093 1094/1094/1094 1102/1102/1102
f 1093/1093/1093 1102/1102/1102 1101/1101/1101
f 1094/1094/1094 1095/1095/1095 1103/1103/1103
f 1094/1094/1094 1103/1103/1103 1102/1102/1102
f 1095/1095/1095 1096/1096/1096 1104/1104/1104
f 1095/1095/1095 1104/1104/1104 1103/1103/1103
f 1096/1096/1096 1089/1089/1089 1097/1097/1097
f 1096/1096/1096 1097/1097/1097 1104/1104/1104
f 1097/1097/1097 1098/1098/1098 1106/1106/1106
f 1097/1097/1097 1106/1106/1106 1105/1105/1105
f 1098/1098/1098 1099/1099/1099 1107/1107/1107
f 1098/1098/1098 1107/1107/1107 1106/1106/1106
f 1099/1099/1099 1100/1100/1100 1108/1108/1108
f 1099/1099/1099 1108/1108/1108 1107/1107/1107
f 1100/1100/1100 1101/1101/1101 1109/1109/1109
f 1100/1100/1100 1109/1109/1109 1108/1108/1108
f 1101/1101/1101 1102/1102/1102 1110/1110/1110
f 1101/1101/1101 1110/1110/1110 1109/1109/1109
f 1102/1102/1102 1103/1103/1103 1111/1111/1111
f 1102/1102/1102 1111/1111/1111 1110/1110/1110
f 1103/1103/1103 1104/1104/1104 1112/1112/1112
f 1103/1103/1103 1112/1112/1112 1111/1111/1111
f 1104/1104/1104 1097/1097/1097 1105/1105/1105
f 1104/1104/1104 1105/1105/1105 1112/1112/1112
f 1105/1105/1105 1106/1106/1106 1114/1114/1114
f 1105/1105/1105 1114/1114/1114 1113/1113/1113
f 1106/1106/1106 1107/1107/1107 1115/1115/1115
f 1106/1106/1106 1115/1115/1115 1114/1114/1114
f 1107/1107/1107 1108/1108/1108 1116/1116/1116
f 1107/1107/1107 1116/1116/1116 1115/1115/1115
f 1108/1108/1108 1109/1109/1109 1117/1117/1117
f 1108/1108/1108 1117/1117/1117 1116/1116/1116
f 1109/1109/1109 1110/1110/1110 1118/1118/1118
f 1109/1109/1109 1118/1118/1118 1117/1117/1117
f 1110/1110/1110 1111/1111/1111 1119/1119/1119
f 1110/1110/1110 1119/1119/1119 1118/1118/1118
f 1111/1111/1111 1112/1112/1112 1120/1120/1120
f 1111/1111/1111 1120/1120/1120 1119/1119/1119
f 1112/1112/1112 1105/1105/1105 1113/1113/1113
f 1112/1112/1112 1113/1113/1113 1120/1120/1120
f 1113/1113/1113 1114/1114/1114 1122/1122/1122
f 1113/1113/1113 1122/1122/1122 1121/1121/1121
f 1114/1114/1114 1115/1115/1115 1123/1123/1123
f 1114/1114/1114 1123/1123/1123 1122/1122/1122
f 1115/1115/1115 1116/1116/1116 1124/1124/1124
f 1115/1115/1115 1124/1124/1124 1123/1123/1123
f 1116/1116/1116 1117/1117/1117 1125/1125/1125
f 1116/1116/1116 1125/1125/1125 1124/1124/1124
f 1117/1117/1117 1118/1118/1118 1126/1126/1126
f 1117/1117/1117 1126/1126/1126 1125/1125/1125
f 1118/1118/1118 1119/1119/1119 1127/1127/1127
f 1118/1118/1118 1127/1127/1127 1126/1126/1126
f 1119/1119/1119 1120/1120/1120 1128/1128/1128
f 1119/1119/1119 1128/1128/1128 1127/1127/1127
f 1120/1120/1120 1113/1113/1113 1121/1121/1121
f 1120/1120/1120 1121/1121/1121 1128/1128/1128
f 1121/1121/1121 1122/1122/1122 1130/1130/1130
f 1121/1121/1121 1130/1130/1130 1129/1129/1129
f 1122/1122/1122 1123/1123/1123 1131/1131/1131
f 1122/1122/1122 1131/1131/1131 1130/1130/1130
f 1123/1123/1123 1124/1124/1124 1132/1132/1132
f 1123/1123/1123 1132/1132/1132 1131/1131/1131
f 1124/1124/1124 1125/1125/1125 1133/1133/1133
f 1124/1124/1124 1133/1133/1133 1132/1132/1132
f 1125/1125/1125 1126/1126/1126 1134/1134/1134
f 1125/1125/1125 1134/1134/1134 1133/1133/1133
f 1126/1126/1126 1127/1127/1127 1135/1135/1135
f 1126/1126/1126 1135/1135/1135 1134/1134/1134
f 1127/1127/1127 1128/1128/1128 1136/1136/1136
f 1127/1127/1127 1136/1136/1136 1135/1135/1135
f 1128/1128/1128 1121/1121/1121 1129/1129/1129
f 1128/1128/1128 1129/1129/1129 1136/1136/1136
f 1129/1129/1129 1130/1130/1130 1138/1138/1138
f 1129/1129/1129 1138/1138/1138 1137/1137/1137
f 1130/1130/1130 1131/1131/1131 1139/1139/1139
f 1130/1130/1130 1139/1139/1139 1138/1138/1138
f 1131/1131/1131 1132/1132/1132 1140/1140/1140
f 1131/1131/1131 1140/1140/1140 1139/1139/1139
f 1132/1132/1132 1133/1133/1133 1141/1141/1141
f 1132/1132/1132 1141/1141/1141 1140/1140/1140
f 1133/1133/1133 1134/1134/1134 1142/1142/1142
f 1133/1133/1133 1142/1142/1142 1141/1141/1141
f 1134/1134/1134 1135/1135/1135 1143/1143/1143
f 1134/1134/1134 1143/1143/1143 1142/1142/1142
f 1135/1135/1135 1136/1136/1136 1144/1144/1144
f 1135/1135/1135 1144/1144/1144 1143/1143/1143
f 1136/1136/1136 1129/1129/1129 1137/1137/1137
f 1136/1136/1136 1137/1137/1137 1144/1144/1144
f 1137/1137/1137 1138/1138/1138 1146/1146/1146
f 1137/1137/1137 1146/1146/1146 1145/1145/1145
f 1138/1138/1138 1139/1139/1139 1147/1147/1147
f 1138/1138/1138 1147/1147/1147 1146/1146/1146
f 1139/1139/1139 1140/1140/1140 1148/1148/1148
f 1139/1139/1139 1148/1148/1148 1147/1147/1147
f 1140/1140/1140 1141/1141/1141 1149/1149/1149
f 1140/1140/1140 1149/1149/1149 1148/1148/1148
f 1141/1141/1141 1142/1142/1142 1150/1150/1150
f 1141/1141/1141 1150/1150/1150 1149/1149/1149
f 1142/1142/1142 1143/1143/1143 1151/1151/1151
f 1142/1142/1142 1151/1151/1151 1150/1150/1150
f 1143/1143/1143 1144/1144/1144 1152/1152/1152
f 1143/1143/1143 1152/1152/1152 1151/1151/1151
f 1144/1144/1144 1137/1137/1137 1145/1145/1145
f 1144/1144/1144 1145/1145/1145 1152/1152/1152
f 1145/1145/1145 1146/1146/1146 1154/1154/1154
f 1145/1145/1145 1154/1154/1154 1153/1153/1153
f 1146/1146/1146 1147/1147/1147 1155/1155/1155
f 1146/1146/1146 1155/1155/1155 1154/1154/1154
f 1147/1147/1147 1148/1148/1148 1156/1156/1156
f 1147/1147/1147 1156/1156/1156 1155/1155/1155
f 1148/1148/1148 1149/1149/1149 1157/1157/1157
f 1148/1148/1148 1157/1157/1157 1156/1156/1156
f 1149/1149/1149 1150/1150/1150 1158/1158/1158
f 1149/1149/1149 1158/1158/1158 1157/1157/1157
f 1150/1150/1150 1151/1151/1151 1159/1159/1159
f 1150/1150/1150 1159/1159/1159 1158/1158/1158
f 1151/1151/1151 1152/1152/1152 1160/1160/1160
f 1151/1151/1151 1160/1160/1160 1159/1159/1159
f 1152/1152/1152 1145/1145/1145 1153/1153/1153
f 1152/1152/1152 1153/1153/1153 1160/1160/1160
f 1153/1153/1153 1154/1154/1154 1162/1162/1162
f 1153/1153/1153 1162/1162/1162 1161/1161/1161
f 1154/1154/1154 1155/1155/1155 1163/1163/1163
f 1154/1154/1154 1163/1163/1163 1162/1162/1162
f 1155/1155/1155 1156/1156/1156 1164/1164/1164
f 1155/1155/1155 1164/1164/1164 1163/1163/1163
f 1156/1156/1156 1157/1157/1157 1165/1165/1165
f 1156/1156/1156 1165/1165/1165 1164/1164/1164
f 1157/1157/1157 1158/1158/1158 1166/1166/1166
f 1157/1157/1157 1166/1166/1166 1165/1165/1165
f 1158/1158/1158 1159/1159/1159 1167/1167/1167
f 1158/1158/1158 1167/1167/1167 1166/1166/1166
f 1159/1159/1159 1160/1160/1160 1168/1168/1168
f 1159/1159/1159 1168/1168/1168 1167/1167/1167
f 1160/1160/1160 1153/1153/1153 1161/1161/1161
f 1160/1160/1160 1161/1161/1161 1168/1168/1168
f 1161/1161/1161 1162/1162/1162 1170/1170/1170
f 1161/1161/1161 1170/1170/1170 1169/1169/1169
f 1162/1162/1162 1163/1163/1163 1171/1171/1171
f 1162/1162/1162 1171/1171/1171 1170/1170/1170
f 1163/1163/1163 1164/1164/1164 1172/1172/1172
f 1163/1163/1163 1172/1172/1172 1171/1171/1171
f 1164/1164/1164 1165/1165/1165 1173/1173/1173
f 1164/1164/1164 1173/1173/1173 1172/1172/1172
f 1165/1165/1165 1166/1166/1166 1174/1174/1174
f 1165/1165/1165 1174/1174/1174 1173/1173/1173
f 1166/1166/1166 1167/1167/1167 1175/1175/1175
f 1166/1166/1166 1175/1175/1175 1174/1174/1174
f 1167/1167/1167 1168/1168/1168 1176/1176/1176
f 1167/1167/1167 1176/1176/1176 1175/1175/1175
f 1168/1168/1168 1161/1161/1161 1169/1169/1169
f 1168/1168/1168 1169/1169/1169 1176/1176/1176
f 1169/1169/1169 1170/1170/1170 1178/1178/1178
f 1169/1169/1169 1178/1178/1178 1177/1177/1177
f 1170/1170/1170 1171/1171/1171 1179/1179/1179
f 1170/1170/1170 1179/1179/1179 1178/1178/1178
f 1171/1171/1171 1172/1172/1172 1180/1180/1180
f 1171/1171/1171 1180/1180/1180 1179/1179/1179
f 1172/1172/1172 1173/1173/1173 1181/1181/1181
f 1172/1172/1172 1181/1181/1181 1180/1180/1180
f 1173/1173/1173 1174/1174/1174 1182/1182/1182
f 1173/1173/1173 1182/1182/1182 1181/1181/1181
f 1174/1174/1174 1175/1175/1175 1183/1183/1183
f 1174/1174/1174 1183/1183/1183 1182/1182/1182
f 1175/1175/1175 1176/1176/1176 1184/1184/1184
f 1175/1175/1175 1184/1184/1184 1183/1183/1183
f 1176/1176/1176 1169/1169/1169 1177/1177/1177
f 1176/1176/1176 1177/1177/1177 1184/1184/1184
f 1177/1177/1177 1178/1178/1178 1186/1186/1186
f 1177/1177/1177 1186/1186/1186 1185/1185/1185
f 1178/1178/1178 1179/1179/1179 1187/1187/1187
f 1178/1178/1178 1187/1187/1187 1186/1186/1186
f 1179/1179/1179 1180/1180/1180 1188/1188/1188
f 1179/1179/1179 1188/1188/1188 1187/1187/1187
f 1180/1180/1180 1181/1181/1181 1189/1189/1189
f 1180/1180/1180 1189/1189/1189 1188/1188/1188
f 1181/1181/1181 1182/1182/1182 1190/1190/1190
f 1181/1181/1181 1190/1190/1190 1189/1189/1189
f 1182/1182/1182 1183/1183/1183 1191/1191/1191
f 1182/1182/1182 1191/1191/1191 1190/1190/1190
f 1183/1183/1183 1184/1184/1184 1192/1192/1192
f 1183/1183/1183 1192/1192/1192 1191/1191/1191
f 1184/1184/1184 1177/1177/1177 1185/1185/1185
f 1184/1184/1184 1185/1185/1185 1192/1192/1192
f 1185/1185/1185 1186/1186/1186 1194/1194/1194
f 1185/1185/1185 1194/1194/1194 1193/1193/1193
f 1186/1186/1186 1187/1187/1187 1195/1195/1195
f 1186/1186/1186 1195/1195/1195 1194/1194/1194
f 1187/1187/1187 1188/1188/1188 1196/1196/1196
f 1187/1187/1187 1196/1196/1196 1195/1195/1195
f 1188/1188/1188 1189/1189/1189 1197/1197/1197
f 1188/1188/1188 1197/1197/1197 1196/1196/1196
f 1189/1189/1189 1190/1190/1190 1198/1198/1198
f 1189/1189/1189 1198/1198/1198 1197/1197/1197
f 1190/1190/1190 1191/1191/1191 1199/1199/1199
f 1190/1190/1190 1199/1199/1199 1198/1198/1198
f 1191/1191/1191 1192/1192/1192 1200/1200/1200
f 1191/1191/1191 1200/1200/1200 1199/1199/1199
f 1192/1192/1192 1185/1185/1185 1193/1193/1193
f 1192/1192/1192 1193/1193/1193 1200/1200/1200
f 1193/1193/1193 1194/1194/1194 1202/1202/1202
f 1193/1193/1193 1202/1202/1202 1201/1201/1201
f 1194/1194/1194 1195/1195/1195 1203/1203/1203
f 1194/1194/1194 1203/1203/1203 1202/1202/1202
f 1195/1195/1195 1196/1196/1196 1204/1204/1204
f 1195/1195/1195 1204/1204/1204 1203/1203/1203
f 1196/1196/1196 1197/1197/1197 1205/1205/1205
f 1196/1196/1196 1205/1205/1205 1204/1204/1204
f 1197/1197/1197 1198/1198/1198 1206/1206/1206
f 1197/1197/1197 1206/1206/1206 1205/1205/1205
f 1198/1198/1198 1199/1199/1199 1207/1207/1207
f 1198/1198/1198 1207/1207/1207 1206/1206/1206
f 1199/1199/1199 1200/1200/1200 1208/1208/1208
f 1199/1199/1199 1208/1208/1208 1207/1207/1207
f 1200/1200/1200 1193/1193/1193 1201/1201/1201
f 1200/1200/1200 1201/1201/1201 1208/1208/1208
f 1/1/1 3/3/3 2/2/2
f 1201/1201/1201 1202/1202/1202 1203/1203/1203
f 1/1/1 4/4/4 3/3/3
f 1201/1201/1201 1203/1203/1203 1204/1204/1204
f 1/1/1 5/5/5 4/4/4
f 1201/1201/1201 1204/1204/1204 1205/1205/1205
f 1/1/1 6/6/6 5/5/5
f 1201/1201/1201 1205/1205/1205 1206/1206/1206
f 1/1/1 7/7/7 6/6/6
f 1201/1201/1201 1206/1206/1206 1207/1207/1207
f 1/1/1 8/8/8 7/7/7
f 1201/1201/1201 1207/1207/1207 1208/1208/1208
f 1209/1209/1209 1210/1210/1210 1216/1216/1216
f 1209/1209/1209 1216/1216/1216 1215/1215/1215
f 1210/1210/1210 1211/1211/1211 1217/1217/1217
f 1210/1210/1210 1217/1217/1217 1216/1216/1216
f 1211/1211/1211 1212/1212/1212 1218/1218/1218
f 1211/1211/1211 1218/1218/1218 1217/1217/1217
f 1212/1212/1212 1213/1213/1213 1219/1219/1219
f 1212/1212/1212 1219/1219/1219 1218/1218/1218
f 1213/1213/1213 1214/1214/1214 1220/1220/1220
f 1213/1213/1213 1220/1220/1220 1219/1219/1219
f 1214/1214/1214 1209/1209/1209 1215/1215/1215
f 1214/1214/1214 1215/1215/1215 1220/1220/1220
f 1215/1215/1215 1216/1216/1216 1222/1222/1222
f 1215/1215/1215 1222/1222/1222 1221/1221/1221
f 1216/1216/1216 1217/1217/1217 1223/1223/1223
f 1216/1216/1216 1223/1223/1223 1222/1222/1222
f 1217/1217/1217 1218/1218/1218 1224/1224/1224
f 1217/1217/1217 1224/1224/1224 1223/1223/1223
f 1218/1218/1218 1219/1219/1219 1225/1225/1225
f 1218/1218/1218 1225/1225/1225 1224/1224/1224
f 1219/1219/1219 1220/1220/1220 1226/1226/1226
f 1219/1219/1219 1226/1226/1226 1225/1225/1225
f 1220/1220/1220 1215/1215/1215 1221/1221/1221
f 1220/1220/1220 1221/1221/1221 1226/1226/1226
f 1221/1221/1221 1222/1222/1222 1228/1228/1228
f 1221/1221/1221 1228/1228/1228 1227/1227/1227
f 1222/1222/1222 1223/1223/1223 1229/1229/1229
f 1222/1222/1222 1229/1229/1229 1228/1228/1228
f 1223/1223/1223 1224/1224/1224 1230/1230/1230
f 1223/1223/1223 1230/1230/1230 1229/1229/1229
f 1224/1224/1224 1225/1225/1225 1231/1231/1231
f 1224/1224/1224 1231/1231/1231 1230/1230/1230
f 1225/1225/1225 1226/1226/1226 1232/1232/1232
f 1225/1225/1225 1232/1232/1232 1231/1231/1231
f 1226/1226/1226 1221/1221/1221 1227/1227/1227
f 1226/1226/1226 1227/1227/1227 1232/1232/1232
f 1227/1227/1227 1228/1228/1228 1234/1234/1234
f 1227/1227/1227 1234/1234/1234 1233/1233/1233
f 1228/1228/1228 1229/1229/1229 1235/1235/1235
f 1228/1228/1228 1235/1235/1235 1234/1234/1234
f 1229/1229/1229 1230/1230/1230 1236/1236/1236
f 1229/1229/1229 1236/1236/1236 1235/1235/1235
f 1230/1230/1230 1231/1231/1231 1237/1237/1237
f 1230/1230/1230 1237/1237/1237 1236/1236/1236
f 1231/1231/1231 1232/1232/1232 1238/1238/1238
f 1231/1231/1231 1238/1238/1238 1237/1237/1237
f 1232/1232/1232 1227/1227/1227 1233/1233/1233
f 1232/1232/1232 1233/1233/1233 1238/1238/1238
f 1233/1233/1233 1234/1234/1234 1240/1240/1240
f 1233/1233/1233 1240/1240/1240 1239/1239/1239
f 1234/1234/1234 1235/1235/1235 1241/1241/1241
f 1234/1234/1234 1241/1241/1241 1240/1240/1240
f 1235/1235/1235 1236/1236/1236 1242/1242/1242
f 1235/1235/1235 1242/1242/1242 1241/1241/1241
f 1236/1236/1236 1237/1237/1237 1243/1243/1243
f 1236/1236/1236 1243/1243/1243 1242/1242/1242
f 1237/1237/1237 1238/1238/1238 1244/1244/1244
f 1237/1237/1237 1244/1244/1244 1243/1243/1243
f 1238/1238/1238 1233/1233/1233 1239/1239/1239
f 1238/1238/1238 1239/1239/1239 1244/1244/1244
f 1239/1239/1239 1240/1240/1240 1246/1246/1246
f 1239/1239/1239 1246/1246/1246 1245/1245/1245
f 1240/1240/1240 1241/1241/1241 1247/1247/1247
f 1240/1240/1240 1247/1247/1247 1246/1246/1246
f 1241/1241/1241 1242/1242/1242 1248/1248/1248
f 1241/1241/1241 1248/1248/1248 1247/1247/1247
f 1242/1242/1242 1243/1243/1243 1249/1249/1249
f 1242/1242/1242 1249/1249/1249 1248/1248/1248
f 1243/1243/1243 1244/1244/1244 1250/1250/1250
f 1243/1243/1243 1250/1250/1250 1249/1249/1249
f 1244/1244/1244 1239/1239/1239 1245/1245/1245
f 1244/1244/1244 1245/1245/1245 1250/1250/1250
f 1245/1245/1245 1246/1246/1246 1252/1252/1252
f 1245/1245/1245 1252/1252/1252 1251/1251/1251
f 1246/1246/1246 1247/1247/1247 1253/1253/1253
f 1246/1246/1246 1253/1253/1253 1252/1252/1252
f 1247/1247/1247 1248/1248/1248 1254/1254/1254
f 1247/1247/1247 1254/1254/1254 1253/1253/1253
f 1248/1248/1248 1249/1249/1249 1255/1255/1255
f 1248/1248/1248 1255/1255/1255 1254/1254/1254
f 1249/1249/1249 1250/1250/1250 1256/1256/1256
f 1249/1249/1249 1256/1256/1256 1255/1255/1255
f 1250/1250/1250 1245/1245/1245 1251/1251/1251
f 1250/1250/1250 1251/1251/1251 1256/1256/1256
f 1251/1251/1251 1252/1252/1252 1258/1258/1258
f 1251/1251/1251 1258/1258/1258 1257/1257/1257
f 1252/1252/1252 1253/1253/1253 1259/1259/1259
f 1252/1252/1252 1259/1259/1259 1258/1258/1258
f 1253/1253/1253 1254/1254/1254 1260/1260/1260
f 1253/1253/1253 1260/1260/1260 1259/1259/1259
f 1254/1254/1254 1255/1255/1255 1261/1261/1261
f 1254/1254/1254 1261/1261/1261 1260/1260/1260
f 1255/1255/1255 1256/1256/1256 1262/1262/1262
f 1255/1255/1255 1262/1262/1262 1261/1261/1261
f 1256/1256/1256 1251/1251/1251 1257/1257/1257
f 1256/1256/1256 1257/1257/1257 1262/1262/1262
f 1257/1257/1257 1258/1258/1258 1264/1264/1264
f 1257/1257/1257 1264/1264/1264 1263/1263/1263
f 1258/1258/1258 1259/1259/1259 1265/1265/1265
f 1258/1258/1258 1265/1265/1265 1264/1264/1264
f 1259/1259/1259 1260/1260/1260 1266/1266/1266
f 1259/1259/1259 1266/1266/1266 1265/1265/1265
f 1260/1260/1260 1261/1261/1261 1267/1267/1267
f 1260/1260/1260 1267/1267/1267 1266/1266/1266
f 1261/1261/1261 1262/1262/1262 1268/1268/1268
f 1261/1261/1261 1268/1268/1268 1267/1267/1267
f 1262/1262/1262 1257/1257/1257 1263/1263/1263
f 1262/1262/1262 1263/1263/1263 1268/1268/1268
f 1263/1263/1263 1264/1264/1264 1270/1270/1270
f 1263/1263/1263 1270/1270/1270 1269/1269/1269
f 1264/1264/1264 1265/1265/1265 1271/1271/1271
f 1264/1264/1264 1271/1271/1271 1270/1270/1270
f 1265/1265/1265 1266/1266/1266 1272/1272/1272
f 1265/1265/1265 1272/1272/1272 1271/1271/1271
f 1266/1266/1266 1267/1267/1267 1273/1273/1273
f 1266/1266/1266 1273/1273/1273 1272/1272/1272
f 1267/1267/1267 1268/1268/1268 1274/1274/1274
f 1267/1267/1267 1274/1274/1274 1273/1273/1273
f 1268/1268/1268 1263/1263/1263 1269/1269/1269
f 1268/1268/1268 1269/1269/1269 1274/1274/1274
f 1269/1269/1269 1270/1270/1270 1276/1276/1276
f 1269/1269/1269 1276/1276/1276 1275/1275/1275
f 1270/1270/1270 1271/1271/1271 1277/1277/1277
f 1270/1270/1270 1277/1277/1277 1276/1276/1276
f 1271/1271/1271 1272/1272/1272 1278/1278/1278
f 1271/1271/1271 1278/1278/1278 1277/1277/1277
f 1272/1272/1272 1273/1273/1273 1279/1279/1279
f 1272/1272/1272 1279/1279/1279 1278/1278/1278
f 1273/1273/1273 1274/1274/1274 1280/1280/1280
f 1273/1273/1273 1280/1280/1280 1279/1279/1279
f 1274/1274/1274 1269/1269/1269 1275/1275/1275
f 1274/1274/1274 1275/1275/1275 1280/1280/1280
f 1275/1275/1275 1276/1276/1276 1282/1282/1282
f 1275/1275/1275 1282/1282/1282 1281/1281/1281
f 1276/1276/1276 1277/1277/1277 1283/1283/1283
f 1276/1276/1276 1283/1283/1283 1282/1282/1282
f 1277/1277/1277 1278/1278/1278 1284/1284/1284
f 1277/1277/1277 1284/1284/1284 1283/1283/1283
f 1278/1278/1278 1279/1279/1279 1285/1285/1285
f 1278/1278/1278 1285/1285/1285 1284/1284/1284
f 1279/1279/1279 1280/1280/1280 1286/1286/1286
f 1279/1279/1279 1286/1286/1286 1285/1285/1285
f 1280/1280/1280 1275/1275/1275 1281/1281/1281
f 1280/1280/1280 1281/1281/1281 1286/1286/1286
f 1281/1281/1281 1282/1282/1282 1288/1288/1288
f 1281/1281/1281 1288/1288/1288 1287/1287/1287
f 1282/1282/1282 1283/1283/1283 1289/1289/1289
f 1282/1282/1282 1289/1289/1289 1288/1288/1288
f 1283/1283/1283 1284/1284/1284 1290/1290/1290
f 1283/1283/1283 1290/1290/1290 1289/1289/1289
f 1284/1284/1284 1285/1285/1285 1291/1291/1291
f 1284/1284/1284 1291/1291/1291 1290/1290/1290
f 1285/1285/1285 1286/1286/1286 1292/1292/1292
f 1285/1285/1285 1292/1292/1292 1291/1291/1291
f 1286/1286/1286 1281/1281/1281 1287/1287/1287
f 1286/1286/1286 1287/1287/1287 1292/1292/1292
f 1287/1287/1287 1288/1288/1288 1294/1294/1294
f 1287/1287/1287 1294/1294/1294 1293/1293/1293
f 1288/1288/1288 1289/1289/1289 1295/1295/1295
f 1288/1288/1288 1295/1295/1295 1294/1294/1294
f 1289/1289/1289 1290/1290/1290 1296/1296/1296
f 1289/1289/1289 1296/1296/1296 1295/1295/1295
f 1290/1290/1290 1291/1291/1291 1297/1297/1297
f 1290/1290/1290 1297/1297/1297 1296/1296/1296
f 1291/1291/1291 1292/1292/1292 1298/1298/1298
f 1291/1291/1291 1298/1298/1298 1297/1297/1297
f 1292/1292/1292 1287/1287/1287 1293/1293/1293
f 1292/1292/1292 1293/1293/1293 1298/1298/1298
f 1293/1293/1293 1294/1294/1294 1300/1300/1300
f 1293/1293/1293 1300/1300/1300 1299/1299/1299
f 1294/1294/1294 1295/1295/1295 1301/1301/1301
f 1294/1294/1294 1301/1301/1301 1300/1300/1300
f 1295/1295/1295 1296/1296/1296 1302/1302/1302
f 1295/1295/1295 1302/1302/1302 1301/1301/1301
f 1296/1296/1296 1297/1297/1297 1303/1303/1303
f 1296/1296/1296 1303/1303/1303 1302/1302/1302
f 1297/1297/1297 1298/1298/1298 1304/1304/1304
f 1297/1297/1297 1304/1304/1304 1303/1303/1303
f 1298/1298/1298 1293/1293/1293 1299/1299/1299
f 1298/1298/1298 1299/1299/1299 1304/1304/1304
f 1299/1299/1299 1300/1300/1300 1306/1306/1306
f 1299/1299/1299 1306/1306/1306 1305/1305/1305
f 1300/1300/1300 1301/1301/1301 1307/1307/1307
f 1300/1300/1300 1307/1307/1307 1306/1306/1306
f 1301/1301/1301 1302/1302/1302 1308/1308/1308
f 1301/1301/1301 1308/1308/1308 1307/1307/1307
f 1302/1302/1302 1303/1303/1303 1309/1309/1309
f 1302/1302/1302 1309/1309/1309 1308/1308/1308
f 1303/1303/1303 1304/1304/1304 1310/1310/1310
f 1303/1303/1303 1310/1310/1310 1309/1309/1309
f 1304/1304/1304 1299/1299/1299 1305/1305/1305
f 1304/1304/1304 1305/1305/1305 1310/1310/1310
f 1305/1305/1305 1306/1306/1306 1312/1312/1312
f 1305/1305/1305 1312/1312/1312 1311/1311/1311
f 1306/1306/1306 1307/1307/1307 1313/1313/1313
f 1306/1306/1306 1313/1313/1313 1312/1312/1312
f 1307/1307/1307 1308/1308/1308 1314/1314/1314
f 1307/1307/1307 1314/1314/1314 1313/1313/1313
f 1308/1308/1308 1309/1309/1309 1315/1315/1315
f 1308/1308/1308 1315/1315/1315 1314/1314/1314
f 1309/1309/1309 1310/1310/1310 1316/1316/1316
f 1309/1309/1309 1316/1316/1316 1315/1315/1315
f 1310/1310/1310 1305/1305/1305 1311/1311/1311
f 1310/1310/1310 1311/1311/1311 1316/1316/1316
f 1311/1311/1311 1312/1312/1312 1318/1318/1318
f 1311/1311/1311 1318/1318/1318 1317/1317/1317
f 1312/1312/1312 1313/1313/1313 1319/1319/1319
f 1312/1312/1312 1319/1319/1319 1318/1318/1318
f 1313/1313/1313 1314/1314/1314 1320/1320/1320
f 1313/1313/1313 1320/1320/1320 1319/1319/1319
f 1314/1314/1314 1315/1315/1315 1321/1321/1321
f 1314/1314/1314 1321/1321/1321 1320/1320/1320
f 1315/1315/1315 1316/1316/1316 1322/1322/1322
f 1315/1315/1315 1322/1322/1322 1321/1321/1321
f 1316/1316/1316 1311/1311/1311 1317/1317/1317
f 1316/1316/1316 1317/1317/1317 1322/1322/1322
f 1317/1317/1317 1318/1318/1318 1324/1324/1324
f 1317/1317/1317 1324/1324/1324 1323/1323/1323
f 1318/1318/1318 1319/1319/1319 1325/1325/1325
f 1318/1318/1318 1325/1325/1325 1324/1324/1324
f 1319/1319/1319 1320/1320/1320 1326/1326/1326
f 1319/1319/1319 1326/1326/1326 1325/1325/1325
f 1320/1320/1320 1321/1321/1321 1327/1327/1327
f 1320/1320/1320 1327/1327/1327 1326/1326/1326
f 1321/1321/1321 1322/1322/1322 1328/1328/1328
f 1321/1321/1321 1328/1328/1328 1327/1327/1327
f 1322/1322/1322 1317/1317/1317 1323/1323/1323
f 1322/1322/1322 1323/1323/1323 1328/1328/1328
f 1323/1323/1323 1324/1324/1324 1330/1330/1330
f 1323/1323/1323 1330/1330/1330 1329/1329/1329
f 1324/1324/1324 1325/1325/1325 1331/1331/1331
f 1324/1324/1324 1331/1331/1331 1330/1330/1330
f 1325/1325/1325 1326/1326/1326 1332/1332/1332
f 1325/1325/1325 1332/1332/1332 1331/1331/1331
f 1326/1326/1326 1327/1327/1327 1333/1333/1333
f 1326/1326/1326 1333/1333/1333 1332/1332/1332
f 1327/1327/1327 1328/1328/1328 1334/1334/1334
f 1327/1327/1327 1334/1334/1334 1333/1333/1333
f 1328/1328/1328 1323/1323/1323 1329/1329/1329
f 1328/1328/1328 1329/1329/1329 1334/1334/1334
f 1329/1329/1329 1330/1330/1330 1336/1336/1336
f 1329/1329/1329 1336/1336/1336 1335/1335/1335
f 1330/1330/1330 1331/1331/1331 1337/1337/1337
f 1330/1330/1330 1337/1337/1337 1336/1336/1336
f 1331/1331/1331 1332/1332/1332 1338/1338/1338
f 1331/1331/1331 1338/1338/1338 1337/1337/1337
f 1332/1332/1332 1333/1333/1333 1339/1339/1339
f 1332/1332/1332 1339/1339/1339 1338/1338/1338
f 1333/1333/1333 1334/1334/1334 1340/1340/1340
f 1333/1333/1333 1340/1340/1340 1339/1339/1339
f 1334/1334/1334 1329/1329/1329 1335/1335/1335
f 1334/1334/1334 1335/1335/1335 1340/1340/1340
f 1335/1335/1335 1336/1336/1336 1342/1342/1342
f 1335/1335/1335 1342/1342/1342 1341/1341/1341
f 1336/1336/1336 1337/1337/1337 1343/1343/1343
f 1336/1336/1336 1343/1343/1343 1342/1342/1342
f 1337/1337/1337 1338/1338/1338 1344/1344/1344
f 1337/1337/1337 1344/1344/1344 1343/1343/1343
f 1338/1338/1338 1339/1339/1339 1345/1345/1345
f 1338/1338/1338 1345/1345/1345 1344/1344/1344
f 1339/1339/1339 1340/1340/1340 1346/1346/1346
f 1339/1339/1339 1346/1346/1346 1345/1345/1345
f 1340/1340/1340 1335/1335/1335 1341/1341/1341
f 1340/1340/1340 1341/1341/1341 1346/1346/1346
f 1341/1341/1341 1342/1342/1342 1348/1348/1348
f 1341/1341/1341 1348/1348/1348 1347/1347/1347
f 1342/1342/1342 1343/1343/1343 1349/1349/1349
f 1342/1342/1342 1349/1349/1349 1348/1348/1348
f 1343/1343/1343 1344/1344/1344 1350/1350/1350
f 1343/1343/1343 1350/1350/1350 1349/1349/1349
f 1344/1344/1344 1345/1345/1345 1351/1351/1351
f 1344/1344/1344 1351/1351/1351 1350/1350/1350
f 1345/1345/1345 1346/1346/1346 1352/1352/1352
f 1345/1345/1345 1352/1352/1352 1351/1351/1351
f 1346/1346/1346 1341/1341/1341 1347/1347/1347
f 1346/1346/1346 1347/1347/1347 1352/1352/1352
f 1347/1347/1347 1348/1348/1348 1354/1354/1354
f 1347/1347/1347 1354/1354/1354 1353/1353/1353
f 1348/1348/1348 1349/1349/1349 1355/1355/1355
f 1348/1348/1348 1355/1355/1355 1354/1354/1354
f 1349/1349/1349 1350/1350/1350 1356/1356/1356
f 1349/1349/1349 1356/1356/1356 1355/1355/1355
f 1350/1350/1350 1351/1351/1351 1357/1357/1357
f 1350/1350/1350 1357/1357/1357 1356/1356/1356
f 1351/1351/1351 1352/1352/1352 1358/1358/1358
f 1351/1351/1351 1358/1358/1358 1357/1357/1357
f 1352/1352/1352 1347/1347/1347 1353/1353/1353
f 1352/1352/1352 1353/1353/1353 1358/1358/1358
f 1353/1353/1353 1354/1354/1354 1360/1360/1360
f 1353/1353/1353 1360/1360/1360 1359/1359/1359
f 1354/1354/1354 1355/1355/1355 1361/1361/1361
f 1354/1354/1354 1361/1361/1361 1360/1360/1360
f 1355/1355/1355 1356/1356/1356 1362/1362/1362
f 1355/1355/1355 1362/1362/1362 1361/1361/1361
f 1356/1356/1356 1357/1357/1357 1363/1363/1363
f 1356/1356/1356 1363/1363/1363 1362/1362/1362
f 1357/1357/1357 1358/1358/1358 1364/1364/1364
f 1357/1357/1357 1364/1364/1364 1363/1363/1363
f 1358/1358/1358 1353/1353/1353 1359/1359/1359
f 1358/1358/1358 1359/1359/1359 1364/1364/1364
f 1359/1359/1359 1360/1360/1360 1366/1366/1366
f 1359/1359/1359 1366/1366/1366 1365/1365/1365
f 1360/1360/1360 1361/1361/1361 1367/1367/1367
f 1360/1360/1360 1367/1367/1367 1366/1366/1366
f 1361/1361/1361 1362/1362/1362 1368/1368/1368
f 1361/1361/1361 1368/1368/1368 1367/1367/1367
f 1362/1362/1362 1363/1363/1363 1369/1369/1369
f 1362/1362/1362 1369/1369/1369 1368/1368/1368
f 1363/1363/1363 1364/1364/1364 1370/1370/1370
f 1363/1363/1363 1370/1370/1370 1369/1369/1369
f 1364/1364/1364 1359/1359/1359 1365/1365/1365
f 1364/1364/1364 1365/1365/1365 1370/1370/1370
f 1365/1365/1365 1366/1366/1366 1372/1372/1372
f 1365/1365/1365 1372/1372/1372 1371/1371/1371
f 1366/1366/1366 1367/1367/1367 1373/1373/1373
f 1366/1366/1366 1373/1373/1373 1372/1372/1372
f 1367/1367/1367 1368/1368/1368 1374/1374/1374
f 1367/1367/1367 1374/1374/1374 1373/1373/1373
f 1368/1368/1368 1369/1369/1369 1375/1375/1375
f 1368/1368/1368 1375/1375/1375 1374/1374/1374
f 1369/1369/1369 1370/1370/1370 1376/1376/1376
f 1369/1369/1369 1376/1376/1376 1375/1375/1375
f 1370/1370/1370 1365/1365/1365 1371/1371/1371
f 1370/1370/1370 1371/1371/1371 1376/1376/1376
f 1371/1371/1371 1372/1372/1372 1378/1378/1378
f 1371/1371/1371 1378/1378/1378 1377/1377/1377
f 1372/1372/1372 1373/1373/1373 1379/1379/1379
f 1372/1372/1372 1379/1379/1379 1378/1378/1378
f 1373/1373/1373 1374/1374/1374 1380/1380/1380
f 1373/1373/1373 1380/1380/1380 1379/1379/1379
f 1374/1374/1374 1375/1375/1375 1381/1381/1381
f 1374/1374/1374 1381/1381/1381 1380/1380/1380
f 1375/1375/1375 1376/1376/1376 1382/1382/1382
f 1375/1375/1375 1382/1382/1382 1381/1381/1381
f 1376/1376/1376 1371/1371/1371 1377/1377/1377
f 1376/1376/1376 1377/1377/1377 1382/1382/1382
f 1377/1377/1377 1378/1378/1378 1384/1384/1384
f 1377/1377/1377 1384/1384/1384 1383/1383/1383
f 1378/1378/1378 1379/1379/1379 1385/1385/1385
f 1378/1378/1378 1385/1385/1385 1384/1384/1384
f 1379/1379/1379 1380/1380/1380 1386/1386/1386
f 1379/1379/1379 1386/1386/1386 1385/1385/1385
f 1380/1380/1380 1381/1381/1381 1387/1387/1387
f 1380/1380/1380 1387/1387/1387 1386/1386/1386
f 1381/1381/1381 1382/1382/1382 1388/1388/1388
f 1381/1381/1381 1388/1388/1388 1387/1387/1387
f 1382/1382/1382 1377/1377/1377 1383/1383/1383
f 1382/1382/1382 1383/1383/1383 1388/1388/1388
f 1383/1383/1383 1384/1384/1384 1390/1390/1390
f 1383/1383/1383 1390/1390/1390 1389/1389/1389
f 1384/1384/1384 1385/1385/1385 1391/1391/1391
f 1384/1384/1384 1391/1391/1391 1390/1390/1390
f 1385/1385/1385 1386/1386/1386 1392/1392/1392
f 1385/1385/1385 1392/1392/1392 1391/1391/1391
f 1386/1386/1386 1387/1387/1387 1393/1393/1393
f 1386/1386/1386 1393/1393/1393 1392/1392/1392
f 1387/1387/1387 1388/1388/1388 1394/1394/1394
f 1387/1387/1387 1394/1394/1394 1393/1393/1393
f 1388/1388/1388 1383/1383/1383 1389/1389/1389
f 1388/1388/1388 1389/1389/1389 1394/1394/1394
f 1389/1389/1389 1390/1390/1390 1396/1396/1396
f 1389/1389/1389 1396/1396/1396 1395/1395/1395
f 1390/1390/1390 1391/1391/1391 1397/1397/1397
f 1390/1390/1390 1397/1397/1397 1396/1396/1396
f 1391/1391/1391 1392/1392/1392 1398/1398/1398
f 1391/1391/1391 1398/1398/1398 1397/1397/1397
f 1392/1392/1392 1393/1393/1393 1399/1399/1399
f 1392/1392/1392 1399/1399/1399 1398/1398/1398
f 1393/1393/1393 1394/1394/1394 1400/1400/1400
f 1393/1393/1393 1400/1400/1400 1399/1399/1399
f 1394/1394/1394 1389/1389/1389 1395/1395/1395
f 1394/1394/1394 1395/1395/1395 1400/1400/1400
f 1395/1395/1395 1396/1396/1396 1402/1402/1402
f 1395/1395/1395 1402/1402/1402 1401/1401/1401
f 1396/1396/1396 1397/1397/1397 1403/1403/1403
f 1396/1396/1396 1403/1403/1403 1402/1402/1402
f 1397/1397/1397 1398/1398/1398 1404/1404/1404
f 1397/1397/1397 1404/1404/1404 1403/1403/1403
f 1398/1398/1398 1399/1399/1399 1405/1405/1405
f 1398/1398/1398 1405/1405/1405 1404/1404/1404
f 1399/1399/1399 1400/1400/1400 1406/1406/1406
f 1399/1399/1399 1406/1406/1406 1405/1405/1405
f 1400/1400/1400 1395/1395/1395 1401/1401/1401
f 1400/1400/1400 1401/1401/1401 1406/1406/1406
f 1209/1209/1209 1211/1211/1211 1210/1210/1210
f 1401/1401/1401 1402/1402/1402 1403/1403/1403
f 1209/1209/1209 1212/1212/1212 1211/1211/1211
f 1401/1401/1401 1403/1403/1403 1404/1404/1404
f 1209/1209/1209 1213/1213/1213 1212/1212/1212
f 1401/1401/1401 1404/1404/1404 1405/1405/1405
f 1209/1209/1209 1214/1214/1214 1213/1213/1213
f 1401/1401/1401 1405/1405/1405 1406/1406/1406
f 1407/1407/1407 1408/1408/1408 1414/1414/1414
f 1407/1407/1407 1414/1414/1414 1413/1413/1413
f 1408/1408/1408 1409/1409/1409 1415/1415/1415
f 1408/1408/1408 1415/1415/1415 1414/1414/1414
f 1409/1409/1409 1410/1410/1410 1416/1416/1416
f 1409/1409/1409 1416/1416/1416 1415/1415/1415
f 1410/1410/1410 1411/1411/1411 1417/1417/1417
f 1410/1410/1410 1417/1417/1417 1416/1416/1416
f 1411/1411/1411 1412/1412/1412 1418/1418/1418
f 1411/1411/1411 1418/1418/1418 1417/1417/1417
f 1412/1412/1412 1407/1407/1407 1413/1413/1413
f 1412/1412/1412 1413/1413/1413 1418/1418/1418
f 1413/1413/1413 1414/1414/1414 1420/1420/1420
f 1413/1413/1413 1420/1420/1420 1419/1419/1419
f 1414/1414/1414 1415/1415/1415 1421/1421/1421
f 1414/1414/1414 1421/1421/1421 1420/1420/1420
f 1415/1415/1415 1416/1416/1416 1422/1422/1422
f 1415/1415/1415 1422/1422/1422 1421/1421/1421
f 1416/1416/1416 1417/1417/1417 1423/1423/1423
f 1416/1416/1416 1423/1423/1423 1422/1422/1422
f 1417/1417/1417 1418/1418/1418 1424/1424/1424
f 1417/1417/1417 1424/1424/1424 1423/1423/1423
f 1418/1418/1418 1413/1413/1413 1419/1419/1419
f 1418/1418/1418 1419/1419/1419 1424/1424/1424
f 1419/1419/1419 1420/1420/1420 1426/1426/1426
f 1419/1419/1419 1426/1426/1426 1425/1425/1425
f 1420/1420/1420 1421/1421/1421 1427/1427/1427
f 1420/1420/1420 1427/1427/1427 1426/1426/1426
f 1421/1421/1421 1422/1422/1422 1428/1428/1428
f 1421/1421/1421 1428/1428/1428 1427/1427/1427
f 1422/1422/1422 1423/1423/1423 1429/1429/1429
f 1422/1422/1422 1429/1429/1429 1428/1428/1428
f 1423/1423/1423 1424/1424/1424 1430/1430/1430
f 1423/1423/1423 1430/1430/1430 1429/1429/1429
f 1424/1424/1424 1419/1419/1419 1425/1425/1425
f 1424/1424/1424 1425/1425/1425 1430/1430/1430
f 1425/1425/1425 1426/1426/1426 1432/1432/1432
f 1425/1425/1425 1432/1432/1432 1431/1431/1431
f 1426/1426/1426 1427/1427/1427 1433/1433/1433
f 1426/1426/1426 1433/1433/1433 1432/1432/1432
f 1427/1427/1427 1428/1428/1428 1434/1434/1434
f 1427/1427/1427 1434/1434/1434 1433/1433/1433
f 1428/1428/1428 1429/1429/1429 1435/1435/1435
f 1428/1428/1428 1435/1435/1435 1434/1434/1434
f 1429/1429/1429 1430/1430/1430 1436/1436/1436
f 1429/1429/1429 1436/1436/1436 1435/1435/1435
f 1430/1430/1430 1425/1425/1425 1431/1431/1431
f 1430/1430/1430 1431/1431/1431 1436/1436/1436
f 1431/1431/1431 1432/1432/1432 1438/1438/1438
f 1431/1431/1431 1438/1438/1438 1437/1437/1437
f 1432/1432/1432 1433/1433/1433 1439/1439/1439
f 1432/1432/1432 1439/1439/1439 1438/1438/1438
f 1433/1433/1433 1434/1434/1434 1440/1440/1440
f 1433/1433/1433 1440/1440/1440 1439/1439/1439
f 1434/1434/1434 1435/1435/1435 1441/1441/1441
f 1434/1434/1434 1441/1441/1441 1440/1440/1440
f 1435/1435/1435 1436/1436/1436 1442/1442/1442
f 1435/1435/1435 1442/1442/1442 1441/1441/1441
f 1436/1436/1436 1431/1431/1431 1437/1437/1437
f 1436/1436/1436 1437/1437/1437 1442/1442/1442
f 1437/1437/1437 1438/1438/1438 1444/1444/1444
f 1437/1437/1437 1444/1444/1444 1443/1443/1443
f 1438/1438/1438 1439/1439/1439 1445/1445/1445
f 1438/1438/1438 1445/1445/1445 1444/1444/1444
f 1439/1439/1439 1440/1440/1440 1446/1446/1446
f 1439/1439/1439 1446/1446/1446 1445/1445/1445
f 1440/1440/1440 1441/1441/1441 1447/1447/1447
f 1440/1440/1440 1447/1447/1447 1446/1446/1446
f 1441/1441/1441 1442/1442/1442 1448/1448/1448
f 1441/1441/1441 1448/1448/1448 1447/1447/1447
f 1442/1442/1442 1437/1437/1437 1443/1443/1443
f 1442/1442/1442 1443/1443/1443 1448/1448/1448
f 1443/1443/1443 1444/1444/1444 1450/1450/1450
f 1443/1443/1443 1450/1450/1450 1449/1449/1449
f 1444/1444/1444 1445/1445/1445 1451/1451/1451
f 1444/1444/1444 1451/1451/1451 1450/1450/1450
f 1445/1445/1445 1446/1446/1446 1452/1452/1452
f 1445/1445/1445 1452/1452/1452 1451/1451/1451
f 1446/1446/1446 1447/1447/1447 1453/1453/1453
f 1446/1446/1446 1453/1453/1453 1452/1452/1452
f 1447/1447/1447 1448/1448/1448 1454/1454/1454
f 1447/1447/1447 1454/1454/1454 1453/1453/1453
f 1448/1448/1448 1443/1443/1443 1449/1449/1449
f 1448/1448/1448 1449/1449/1449 1454/1454/1454
f 1449/1449/1449 1450/1450/1450 1456/1456/1456
f 1449/1449/1449 1456/1456/1456 1455/1455/1455
f 1450/1450/1450 1451/1451/1451 1457/1457/1457
f 1450/1450/1450 1457/1457/1457 1456/1456/1456
f 1451/1451/1451 1452/1452/1452 1458/1458/1458
f 1451/1451/1451 1458/1458/1458 1457/1457/1457
f 1452/1452/1452 1453/1453/1453 1459/1459/1459
f 1452/1452/1452 1459/1459/1459 1458/1458/1458
f 1453/1453/1453 1454/1454/1454 1460/1460/1460
f 1453/1453/1453 1460/1460/1460 1459/1459/1459
f 1454/1454/1454 1449/1449/1449 1455/1455/1455
f 1454/1454/1454 1455/1455/1455 1460/1460/1460
f 1455/1455/1455 1456/1456/1456 1462/1462/1462
f 1455/1455/1455 1462/1462/1462 1461/1461/1461
f 1456/1456/1456 1457/1457/1457 1463/1463/1463
f 1456/1456/1456 1463/1463/1463 1462/1462/1462
f 1457/1457/1457 1458/1458/1458 1464/1464/1464
f 1457/1457/1457 1464/1464/1464 1463/1463/1463
f 1458/1458/1458 1459/1459/1459 1465/1465/1465
f 1458/1458/1458 1465/1465/1465 1464/1464/1464
f 1459/1459/1459 1460/1460/1460 1466/1466/1466
f 1459/1459/1459 1466/1466/1466 1465/1465/1465
f 1460/1460/1460 1455/1455/1455 1461/1461/1461
f 1460/1460/1460 1461/1461/1461 1466/1466/1466
f 1461/1461/1461 1462/1462/1462 1468/1468/1468
f 1461/1461/1461 1468/1468/1468 1467/1467/1467
f 1462/1462/1462 1463/1463/1463 1469/1469/1469
f 1462/1462/1462 1469/1469/1469 1468/1468/1468
f 1463/1463/1463 1464/1464/1464 1470/1470/1470
f 1463/1463/1463 1470/1470/1470 1469/1469/1469
f 1464/1464/1464 1465/1465/1465 1471/1471/1471
f 1464/1464/1464 1471/1471/1471 1470/1470/1470
f 1465/1465/1465 1466/1466/1466 1472/1472/1472
f 1465/1465/1465 1472/1472/1472 1471/1471/1471
f 1466/1466/1466 1461/1461/1461 1467/1467/1467
f 1466/1466/1466 1467/1467/1467 1472/1472/1472
f 1467/1467/1467 1468/1468/1468 1474/1474/1474
f 1467/1467/1467 1474/1474/1474 1473/1473/1473
f 1468/1468/1468 1469/1469/1469 1475/1475/1475
f 1468/1468/1468 1475/1475/1475 1474/1474/1474
f 1469/1469/1469 1470/1470/1470 1476/1476/1476
f 1469/1469/1469 1476/1476/1476 1475/1475/1475
f 1470/1470/1470 1471/1471/1471 1477/1477/1477
f 1470/1470/1470 1477/1477/1477 1476/1476/1476
f 1471/1471/1471 1472/1472/1472 1478/1478/1478
f 1471/1471/1471 1478/1478/1478 1477/1477/1477
f 1472/1472/1472 1467/1467/1467 1473/1473/1473
f 1472/1472/1472 1473/1473/1473 1478/1478/1478
f 1473/1473/1473 1474/1474/1474 1480/1480/1480
f 1473/1473/1473 1480/1480/1480 1479/1479/1479
f 1474/1474/1474 1475/1475/1475 1481/1481/1481
f 1474/1474/1474 1481/1481/1481 1480/1480/1480
f 1475/1475/1475 1476/1476/1476 1482/1482/1482
f 1475/1475/1475 1482/1482/1482 1481/1481/1481
f 1476/1476/1476 1477/1477/1477 1483/1483/1483
f 1476/1476/1476 1483/1483/1483 1482/1482/1482
f 1477/1477/1477 1478/1478/1478 1484/1484/1484
f 1477/1477/1477 1484/1484/1484 1483/1483/1483
f 1478/1478/1478 1473/1473/1473 1479/1479/1479
f 1478/1478/1478 1479/1479/1479 1484/1484/1484
f 1479/1479/1479 1480/1480/1480 1486/1486/1486
f 1479/1479/1479 1486/1486/1486 1485/1485/1485
f 1480/1480/1480 1481/1481/1481 1487/1487/1487
f 1480/1480/1480 1487/1487/1487 1486/1486/1486
f 1481/1481/1481 1482/1482/1482 1488/1488/1488
f 1481/1481/1481 1488/1488/1488 1487/1487/1487
f 1482/1482/1482 1483/1483/1483 1489/1489/1489
f 1482/1482/1482 1489/1489/1489 1488/1488/1488
f 1483/1483/1483 1484/1484/1484 1490/1490/1490
f 1483/1483/1483 1490/1490/1490 1489/1489/1489
f 1484/1484/1484 1479/1479/1479 1485/1485/1485
f 1484/1484/1484 1485/1485/1485 1490/1490/1490
f 1485/1485/1485 1486/1486/1486 1492/1492/1492
f 1485/1485/1485 1492/1492/1492 1491/1491/1491
f 1486/1486/1486 1487/1487/1487 1493/1493/1493
f 1486/1486/1486 1493/1493/1493 1492/1492/1492
f 1487/1487/1487 1488/1488/1488 1494/1494/1494
f 1487/1487/1487 1494/1494/1494 1493/1493/1493
f 1488/1488/1488 1489/1489/1489 1495/1495/1495
f 1488/1488/1488 1495/1495/1495 1494/1494/1494
f 1489/1489/1489 1490/1490/1490 1496/1496/1496
f 1489/1489/1489 1496/1496/1496 1495/1495/1495
f 1490/1490/1490 1485/1485/1485 1491/1491/1491
f 1490/1490/1490 1491/1491/1491 1496/1496/1496
f 1491/1491/1491 1492/1492/1492 1498/1498/1498
f 1491/1491/1491 1498/1498/1498 1497/1497/1497
f 1492/1492/1492 1493/1493/1493 1499/1499/1499
f 1492/1492/1492 1499/1499/1499 1498/1498/1498
f 1493/1493/1493 1494/1494/1494 1500/1500/1500
f 1493/1493/1493 1500/1500/1500 1499/1499/1499
f 1494/1494/1494 1495/1495/1495 1501/1501/1501
f 1494/1494/1494 1501/1501/1501 1500/1500/1500
f 1495/1495/1495 1496/1496/1496 1502/1502/1502
f 1495/1495/1495 1502/1502/1502 1501/1501/1501
f 1496/1496/1496 1491/1491/1491 1497/1497/1497
f 1496/1496/1496 1497/1497/1497 1502/1502/1502
f 1497/1497/1497 1498/1498/1498 1504/1504/1504
f 1497/1497/1497 1504/1504/1504 1503/1503/1503
f 1498/1498/1498 1499/1499/1499 1505/1505/1505
f 1498/1498/1498 1505/1505/1505 1504/1504/1504
f 1499/1499/1499 1500/1500/1500 1506/1506/1506
f 1499/1499/1499 1506/1506/1506 1505/1505/1505
f 1500/1500/1500 1501/1501/1501 1507/1507/1507
f 1500/1500/1500 1507/1507/1507 1506/1506/1506
f 1501/1501/1501 1502/1502/1502 1508/1508/1508
f 1501/1501/1501 1508/1508/1508 1507/1507/1507
f 1502/1502/1502 1497/1497/1497 1503/1503/1503
f 1502/1502/1502 1503/1503/1503 1508/1508/1508
f 1503/1503/1503 1504/1504/1504 1510/1510/1510
f 1503/1503/1503 1510/1510/1510 1509/1509/1509
f 1504/1504/1504 1505/1505/1505 1511/1511/1511
f 1504/1504/1504 1511/1511/1511 1510/1510/1510
f 1505/1505/1505 1506/1506/1506 1512/1512/1512
f 1505/1505/1505 1512/1512/1512 1511/1511/1511
f 1506/1506/1506 1507/1507/1507 1513/1513/1513
f 1506/1506/1506 1513/1513/1513 1512/1512/1512
f 1507/1507/1507 1508/1508/1508 1514/1514/1514
f 1507/1507/1507 1514/1514/1514 1513/1513/1513
f 1508/1508/1508 1503/1503/1503 1509/1509/1509
f 1508/1508/1508 1509/1509/1509 1514/1514/1514
f 1509/1509/1509 1510/1510/1510 1516/1516/1516
f 1509/1509/1509 1516/1516/1516 1515/1515/1515
f 1510/1510/1510 1511/1511/1511 1517/1517/1517
f 1510/1510/1510 1517/1517/1517 1516/1516/1516
f 1511/1511/1511 1512/1512/1512 1518/1518/1518
f 1511/1511/1511 1518/1518/1518 1517/1517/1517
f 1512/1512/1512 1513/1513/1513 1519/1519/1519
f 1512/1512/1512 1519/1519/1519 1518/1518/1518
f 1513/1513/1513 1514/1514/1514 1520/1520/1520
f 1513/1513/1513 1520/1520/1520 1519/1519/1519
f 1514/1514/1514 1509/1509/1509 1515/1515/1515
f 1514/1514/1514 1515/1515/1515 1520/1520/1520
f 1515/1515/1515 1516/1516/1516 1522/1522/1522
f 1515/1515/1515 1522/1522/1522 1521/1521/1521
f 1516/1516/1516 1517/1517/1517 1523/1523/1523
f 1516/1516/1516 1523/1523/1523 1522/1522/1522
f 1517/1517/1517 1518/1518/1518 1524/1524/1524
f 1517/1517/1517 1524/1524/1524 1523/1523/1523
f 1518/1518/1518 1519/1519/1519 1525/1525/1525
f 1518/1518/1518 1525/1525/1525 1524/1524/1524
f 1519/1519/1519 1520/1520/1520 1526/1526/1526
f 1519/1519/1519 1526/1526/1526 1525/1525/1525
f 1520/1520/1520 1515/1515/1515 1521/1521/1521
f 1520/1520/1520 1521/1521/1521 1526/1526/1526
f 1521/1521/1521 1522/1522/1522 1528/1528/1528
f 1521/1521/1521 1528/1528/1528 1527/1527/1527
f 1522/1522/1522 1523/1523/1523 1529/1529/1529
f 1522/1522/1522 1529/1529/1529 1528/1528/1528
f 1523/1523/1523 1524/1524/1524 1530/1530/1530
f 1523/1523/1523 1530/1530/1530 1529/1529/1529
f 1524/1524/1524 1525/1525/1525 1531/1531/1531
f 1524/1524/1524 1531/1531/1531 1530/1530/1530
f 1525/1525/1525 1526/1526/1526 1532/1532/1532
f 1525/1525/1525 1532/1532/1532 1531/1531/1531
f 1526/1526/1526 1521/1521/1521 1527/1527/1527
f 1526/1526/1526 1527/1527/1527 1532/1532/1532
f 1527/1527/1527 1528/1528/1528 1534/1534/1534
f 1527/1527/1527 1534/1534/1534 1533/1533/1533
f 1528/1528/1528 1529/1529/1529 1535/1535/1535
f 1528/1528/1528 1535/1535/1535 1534/1534/1534
f 1529/1529/1529 1530/1530/1530 1536/1536/1536
f 1529/1529/1529 1536/1536/1536 1535/1535/1535
f 1530/1530/1530 1531/1531/1531 1537/1537/1537
f 1530/1530/1530 1537/1537/1537 1536/1536/1536
f 1531/1531/1531 1532/1532/1532 1538/1538/1538
f 1531/1531/1531 1538/1538/1538 1537/1537/1537
f 1532/1532/1532 1527/1527/1527 1533/1533/1533
f 1532/1532/1532 1533/1533/1533 1538/1538/1538
f 1533/1533/1533 1534/1534/1534 1540/1540/1540
f 1533/1533/1533 1540/1540/1540 1539/1539/1539
f 1534/1534/1534 1535/1535/1535 1541/1541/1541
f 1534/1534/1534 1541/1541/1541 1540/1540/1540
f 1535/1535/1535 1536/1536/1536 1542/1542/1542
f 1535/1535/1535 1542/1542/1542 1541/1541/1541
f 1536/1536/1536 1537/1537/1537 1543/1543/1543
f 1536/1536/1536 1543/1543/1543 1542/1542/1542
f 1537/1537/1537 1538/1538/1538 1544/1544/1544
f 1537/1537/1537 1544/1544/1544 1543/1543/1543
f 1538/1538/1538 1533/1533/1533 1539/1539/1539
f 1538/1538/1538 1539/1539/1539 1544/1544/1544
f 1539/1539/1539 1540/1540/1540 1546/1546/1546
f 1539/1539/1539 1546/1546/1546 1545/1545/1545
f 1540/1540/1540 1541/1541/1541 1547/1547/1547
f 1540/1540/1540 1547/1547/1547 1546/1546/1546
f 1541/1541/1541 1542/1542/1542 1548/1548/1548
f 1541/1541/1541 1548/1548/1548 1547/1547/1547
f 1542/1542/1542 1543/1543/1543 1549/1549/1549
f 1542/1542/1542 1549/1549/1549 1548/1548/1548
f 1543/1543/1543 1544/1544/1544 1550/1550/1550
f 1543/1543/1543 1550/1550/1550 1549/1549/1549
f 1544/1544/1544 1539/1539/1539 1545/1545/1545
f 1544/1544/1544 1545/1545/1545 1550/1550/1550
f 1545/1545/1545 1546/1546/1546 1552/1552/1552
f 1545/1545/1545 1552/1552/1552 1551/1551/1551
f 1546/1546/1546 1547/1547/1547 1553/1553/1553
f 1546/1546/1546 1553/1553/1553 1552/1552/1552
f 1547/1547/1547 1548/1548/1548 1554/1554/1554
f 1547/1547/1547 1554/1554/1554 1553/1553/1553
f 1548/1548/1548 1549/1549/1549 1555/1555/1555
f 1548/1548/1548 1555/1555/1555 1554/1554/1554
f 1549/1549/1549 1550/1550/1550 1556/1556/1556
f 1549/1549/1549 1556/1556/1556 1555/1555/1555
f 1550/1550/1550 1545/1545/1545 1551/1551/1551
f 1550/1550/1550 1551/1551/1551 1556/1556/1556
f 1551/1551/1551 1552/1552/1552 1558/1558/1558
f 1551/1551/1551 1558/1558/1558 1557/1557/1557
f 1552/1552/1552 1553/1553/1553 1559/1559/1559
f 1552/1552/1552 1559/1559/1559 1558/1558/1558
f 1553/1553/1553 1554/1554/1554 1560/1560/1560
f 1553/1553/1553 1560/1560/1560 1559/1559/1559
f 1554/1554/1554 1555/1555/1555 1561/1561/1561
f 1554/1554/1554 1561/1561/1561 1560/1560/1560
f 1555/1555/1555 1556/1556/1556 1562/1562/1562
f 1555/1555/1555 1562/1562/1562 1561/1561/1561
f 1556/1556/1556 1551/1551/1551 1557/1557/1557
f 1556/1556/1556 1557/1557/1557 1562/1562/1562
f 1557/1557/1557 1558/1558/1558 1564/1564/1564
f 1557/1557/1557 1564/1564/1564 1563/1563/1563
f 1558/1558/1558 1559/1559/1559 1565/1565/1565
f 1558/1558/1558 1565/1565/1565 1564/1564/1564
f 1559/1559/1559 1560/1560/1560 1566/1566/1566
f 1559/1559/1559 1566/1566/1566 1565/1565/1565
f 1560/1560/1560 1561/1561/1561 1567/1567/1567
f 1560/1560/1560 1567/1567/1567 1566/1566/1566
f 1561/1561/1561 1562/1562/1562 1568/1568/1568
f 1561/1561/1561 1568/1568/1568 1567/1567/1567
f 1562/1562/1562 1557/1557/1557 1563/1563/1563
f 1562/1562/1562 1563/1563/1563 1568/1568/1568
f 1563/1563/1563 1564/1564/1564 1570/1570/1570
f 1563/1563/1563 1570/1570/1570 1569/1569/1569
f 1564/1564/1564 1565/1565/1565 1571/1571/1571
f 1564/1564/1564 1571/1571/1571 1570/1570/1570
f 1565/1565/1565 1566/1566/1566 1572/1572/1572
f 1565/1565/1565 1572/1572/1572 1571/1571/1571
f 1566/1566/1566 1567/1567/1567 1573/1573/1573
f 1566/1566/1566 1573/1573/1573 1572/1572/1572
f 1567/1567/1567 1568/1568/1568 1574/1574/1574
f 1567/1567/1567 1574/1574/1574 1573/1573/1573
f 1568/1568/1568 1563/1563/1563 1569/1569/1569
f 1568/1568/1568 1569/1569/1569 1574/1574/1574
f 1569/1569/1569 1570/1570/1570 1576/1576/1576
f 1569/1569/1569 1576/1576/1576 1575/1575/1575
f 1570/1570/1570 1571/1571/1571 1577/1577/1577
f 1570/1570/1570 1577/1577/1577 1576/1576/1576
f 1571/1571/1571 1572/1572/1572 1578/1578/1578
f 1571/1571/1571 1578/1578/1578 1577/1577/1577
f 1572/1572/1572 1573/1573/1573 1579/1579/1579
f 1572/1572/1572 1579/1579/1579 1578/1578/1578
f 1573/1573/1573 1574/1574/1574 1580/1580/1580
f 1573/1573/1573 1580/1580/1580 1579/1579/1579
f 1574/1574/1574 1569/1569/1569 1575/1575/1575
f 1574/1574/1574 1575/1575/1575 1580/1580/1580
f 1575/1575/1575 1576/1576/1576 1582/1582/1582
f 1575/1575/1575 1582/1582/1582 1581/1581/1581
f 1576/1576/1576 1577/1577/1577 1583/1583/1583
f 1576/1576/1576 1583/1583/1583 1582/1582/1582
f 1577/1577/1577 1578/1578/1578 1584/1584/1584
f 1577/1577/1577 1584/1584/1584 1583/1583/1583
f 1578/1578/1578 1579/1579/1579 1585/1585/1585
f 1578/1578/1578 1585/1585/1585 1584/1584/1584
f 1579/1579/1579 1580/1580/1580 1586/1586/1586
f 1579/1579/1579 1586/1586/1586 1585/1585/1585
f 1580/1580/1580 1575/1575/1575 1581/1581/1581
f 1580/1580/1580 1581/1581/1581 1586/1586/1586
f 1581/1581/1581 1582/1582/1582 1588/1588/1588
f 1581/1581/1581 1588/1588/1588 1587/1587/1587
f 1582/1582/1582 1583/1583/1583 1589/1589/1589
f 1582/1582/1582 1589/1589/1589 1588/1588/1588
f 1583/1583/1583 1584/1584/1584 1590/1590/1590
f 1583/1583/1583 1590/1590/1590 1589/1589/1589
f 1584/1584/1584 1585/1585/1585 1591/1591/1591
f 1584/1584/1584 1591/1591/1591 1590/1590/1590
f 1585/1585/1585 1586/1586/1586 1592/1592/1592
f 1585/1585/1585 1592/1592/1592 1591/1591/1591
f 1586/1586/1586 1581/1581/1581 1587/1587/1587
f 1586/1586/1586 1587/1587/1587 1592/1592/1592
f 1587/1587/1587 1588/1588/1588 1594/1594/1594
f 1587/1587/1587 1594/1594/1594 1593/1593/1593
f 1588/1588/1588 1589/1589/1589 1595/1595/1595
f 1588/1588/1588 1595/1595/1595 1594/1594/1594
f 1589/1589/1589 1590/1590/1590 1596/1596/1596
f 1589/1589/1589 1596/1596/1596 1595/1595/1595
f 1590/1590/1590 1591/1591/1591 1597/1597/1597
f 1590/1590/1590 1597/1597/1597 1596/1596/1596
f 1591/1591/1591 1592/1592/1592 1598/1598/1598
f 1591/1591/1591 1598/1598/1598 1597/1597/1597
f 1592/1592/1592 1587/1587/1587 1593/1593/1593
f 1592/1592/1592 1593/1593/1593 1598/1598/1598
f 1593/1593/1593 1594/1594/1594 1600/1600/1600
f 1593/1593/1593 1600/1600/1600 1599/1599/1599
f 1594/1594/1594 1595/1595/1595 1601/1601/1601
f 1594/1594/1594 1601/1601/1601 1600/1600/1600
f 1595/1595/1595 1596/1596/1596 1602/1602/1602
f 1595/1595/1595 1602/1602/1602 1601/1601/1601
f 1596/1596/1596 1597/1597/1597 1603/1603/1603
f 1596/1596/1596 1603/1603/1603 1602/1602/1602
f 1597/1597/1597 1598/1598/1598 1604/1604/1604
f 1597/1597/1597 1604/1604/1604 1603/1603/1603
f 1598/1598/1598 1593/1593/1593 1599/1599/1599
f 1598/1598/1598 1599/1599/1599 1604/1604/1604
f 1407/1407/1407 1409/1409/1409 1408/1408/1408
f 1599/1599/1599 1600/1600/1600 1601/1601/1601
f 1407/1407/1407 1410/1410/1410 1409/1409/1409
f 1599/1599/1599 1601/1601/1601 1602/1602/1602
f 1407/1407/1407 1411/1411/1411 1410/1410/1410
f 1599/1599/1599 1602/1602/1602 1603/1603/1603
f 1407/1407/1407 1412/1412/1412 1411/1411/1411
f 1599/1599/1599 1603/1603/1603 1604/1604/1604
f 1605/1605/1605 1606/1606/1606 1612/1612/1612
f 1605/1605/1605 1612/1612/1612 1611/1611/1611
f 1606/1606/1606 1607/1607/1607 1613/1613/1613
f 1606/1606/1606 1613/1613/1613 1612/1612/1612
f 1607/1607/1607 1608/1608/1608 1614/1614/1614
f 1607/1607/1607 1614/1614/1614 1613/1613/1613
f 1608/1608/1608 1609/1609/1609 1615/1615/1615
f 1608/1608/1608 1615/1615/1615 1614/1614/1614
f 1609/1609/1609 1610/1610/1610 1616/1616/1616
f 1609/1609/1609 1616/1616/1616 1615/1615/1615
f 1610/1610/1610 1605/1605/1605 1611/1611/1611
f 1610/1610/1610 1611/1611/1611 1616/1616/1616
f 1611/1611/1611 1612/1612/1612 1618/1618/1618
f 1611/1611/1611 1618/1618/1618 1617/1617/1617
f 1612/1612/1612 1613/1613/1613 1619/1619/1619
f 1612/1612/1612 1619/1619/1619 1618/1618/1618
f 1613/1613/1613 1614/1614/1614 1620/1620/1620
f 1613/1613/1613 1620/1620/1620 1619/1619/1619
f 1614/1614/1614 1615/1615/1615 1621/1621/1621
f 1614/1614/1614 1621/1621/1621 1620/1620/1620
f 1615/1615/1615 1616/1616/1616 1622/1622/1622
f 1615/1615/1615 1622/1622/1622 1621/1621/1621
f 1616/1616/1616 1611/1611/1611 1617/1617/1617
f 1616/1616/1616 1617/1617/1617 1622/1622/1622
f 1617/1617/1617 1618/1618/1618 1624/1624/1624
f 1617/1617/1617 1624/1624/1624 1623/1623/1623
f 1618/1618/1618 1619/1619/1619 1625/1625/1625
f 1618/1618/1618 1625/1625/1625 1624/1624/1624
f 1619/1619/1619 1620/1620/1620 1626/1626/1626
f 1619/1619/1619 1626/1626/1626 1625/1625/1625
f 1620/1620/1620 1621/1621/1621 1627/1627/1627
f 1620/1620/1620 1627/1627/1627 1626/1626/1626
f 1621/1621/1621 1622/1622/1622 1628/1628/1628
f 1621/1621/1621 1628/1628/1628 1627/1627/1627
f 1622/1622/1622 1617/1617/1617 1623/1623/1623
f 1622/1622/1622 1623/1623/1623 1628/1628/1628
f 1623/1623/1623 1624/1624/1624 1630/1630/1630
f 1623/1623/1623 1630/1630/1630 1629/1629/1629
f 1624/1624/1624 1625/1625/1625 1631/1631/1631
f 1624/1624/1624 1631/1631/1631 1630/1630/1630
f 1625/1625/1625 1626/1626/1626 1632/1632/1632
f 1625/1625/1625 1632/1632/1632 1631/1631/1631
f 1626/1626/1626 1627/1627/1627 1633/1633/1633
f 1626/1626/1626 1633/1633/1633 1632/1632/1632
f 1627/1627/1627 1628/1628/1628 1634/1634/1634
f 1627/1627/1627 1634/1634/1634 1633/1633/1633
f 1628/1628/1628 1623/1623/1623 1629/1629/1629
f 1628/1628/1628 1629/1629/1629 1634/1634/1634
f 1629/1629/1629 1630/1630/1630 1636/1636/1636
f 1629/1629/1629 1636/1636/1636 1635/1635/1635
f 1630/1630/1630 1631/1631/1631 1637/1637/1637
f 1630/1630/1630 1637/1637/1637 1636/1636/1636
f 1631/1631/1631 1632/1632/1632 1638/1638/1638
f 1631/1631/1631 1638/1638/1638 1637/1637/1637
f 1632/1632/1632 1633/1633/1633 1639/1639/1639
f 1632/1632/1632 1639/1639/1639 1638/1638/1638
f 1633/1633/1633 1634/1634/1634 1640/1640/1640
f 1633/1633/1633 1640/1640/1640 1639/1639/1639
f 1634/1634/1634 1629/1629/1629 1635/1635/1635
f 1634/1634/1634 1635/1635/1635 1640/1640/1640
f 1635/1635/1635 1636/1636/1636 1642/1642/1642
f 1635/1635/1635 1642/1642/1642 1641/1641/1641
f 1636/1636/1636 1637/1637/1637 1643/1643/1643
f 1636/1636/1636 1643/1643/1643 1642/1642/1642
f 1637/1637/1637 1638/1638/1638 1644/1644/1644
f 1637/1637/1637 1644/1644/1644 1643/1643/1643
f 1638/1638/1638 1639/1639/1639 1645/1645/1645
f 1638/1638/1638 1645/1645/1645 1644/1644/1644
f 1639/1639/1639 1640/1640/1640 1646/1646/1646
f 1639/1639/1639 1646/1646/1646 1645/1645/1645
f 1640/1640/1640 1635/1635/1635 1641/1641/1641
f 1640/1640/1640 1641/1641/1641 1646/1646/1646
f 1641/1641/1641 1642/1642/1642 1648/1648/1648
f 1641/1641/1641 1648/1648/1648 1647/1647/1647
f 1642/1642/1642 1643/1643/1643 1649/1649/1649
f 1642/1642/1642 1649/1649/1649 1648/1648/1648
f 1643/1643/1643 1644/1644/1644 1650/1650/1650
f 1643/1643/1643 1650/1650/1650 1649/1649/1649
f 1644/1644/1644 1645/1645/1645 1651/1651/1651
f 1644/1644/1644 1651/1651/1651 1650/1650/1650
f 1645/1645/1645 1646/1646/1646 1652/1652/1652
f 1645/1645/1645 1652/1652/1652 1651/1651/1651
f 1646/1646/1646 1641/1641/1641 1647/1647/1647
f 1646/1646/1646 1647/1647/1647 1652/1652/1652
f 1647/1647/1647 1648/1648/1648 1654/1654/1654
f 1647/1647/1647 1654/1654/1654 1653/1653/1653
f 1648/1648/1648 1649/1649/1649 1655/1655/1655
f 1648/1648/1648 1655/1655/1655 1654/1654/1654
f 1649/1649/1649 1650/1650/1650 1656/1656/1656
f 1649/1649/1649 1656/1656/1656 1655/1655/1655
f 1650/1650/1650 1651/1651/1651 1657/1657/1657
f 1650/1650/1650 1657/1657/1657 1656/1656/1656
f 1651/1651/1651 1652/1652/1652 1658/1658/1658
f 1651/1651/1651 1658/1658/1658 1657/1657/1657
f 1652/1652/1652 1647/1647/1647 1653/1653/1653
f 1652/1652/1652 1653/1653/1653 1658/1658/1658
f 1653/1653/1653 1654/1654/1654 1660/1660/1660
f 1653/1653/1653 1660/1660/1660 1659/1659/1659
f 1654/1654/1654 1655/1655/1655 1661/1661/1661
f 1654/1654/1654 1661/1661/1661 1660/1660/1660
f 1655/1655/1655 1656/1656/1656 1662/1662/1662
f 1655/1655/1655 1662/1662/1662 1661/1661/1661
f 1656/1656/1656 1657/1657/1657 1663/1663/1663
f 1656/1656/1656 1663/1663/1663 1662/1662/1662
f 1657/1657/1657 1658/1658/1658 1664/1664/1664
f 1657/1657/1657 1664/1664/1664 1663/1663/1663
f 1658/1658/1658 1653/1653/1653 1659/1659/1659
f 1658/1658/1658 1659/1659/1659 1664/1664/1664
f 1659/1659/1659 1660/1660/1660 1666/1666/1666
f 1659/1659/1659 1666/1666/1666 1665/1665/1665
f 1660/1660/1660 1661/1661/1661 1667/1667/1667
f 1660/1660/1660 1667/1667/1667 1666/1666/1666
f 1661/1661/1661 1662/1662/1662 1668/1668/1668
f 1661/1661/1661 1668/1668/1668 1667/1667/1667
f 1662/1662/1662 1663/1663/1663 1669/1669/1669
f 1662/1662/1662 1669/1669/1669 1668/1668/1668
f 1663/1663/1663 1664/1664/1664 1670/1670/1670
f 1663/1663/1663 1670/1670/1670 1669/1669/1669
f 1664/1664/1664 1659/1659/1659 1665/1665/1665
f 1664/1664/1664 1665/1665/1665 1670/1670/1670
f 1665/1665/1665 1666/1666/1666 1672/1672/1672
f 1665/1665/1665 1672/1672/1672 1671/1671/1671
f 1666/1666/1666 1667/1667/1667 1673/1673/1673
f 1666/1666/1666 1673/1673/1673 1672/1672/1672
f 1667/1667/1667 1668/1668/1668 1674/1674/1674
f 1667/1667/1667 1674/1674/1674 1673/1673/1673
f 1668/1668/1668 1669/1669/1669 1675/1675/1675
f 1668/1668/1668 1675/1675/1675 1674/1674/1674
f 1669/1669/1669 1670/1670/1670 1676/1676/1676
f 1669/1669/1669 1676/1676/1676 1675/1675/1675
f 1670/1670/1670 1665/1665/1665 1671/1671/1671
f 1670/1670/1670 1671/1671/1671 1676/1676/1676
f 1671/1671/1671 1672/1672/1672 1678/1678/1678
f 1671/1671/1671 1678/1678/1678 1677/1677/1677
f 1672/1672/1672 1673/1673/1673 1679/1679/1679
f 1672/1672/1672 1679/1679/1679 1678/1678/1678
f 1673/1673/1673 1674/1674/1674 1680/1680/1680
f 1673/1673/1673 1680/1680/1680 1679/1679/1679
f 1674/1674/1674 1675/1675/1675 1681/1681/1681
f 1674/1674/1674 1681/1681/1681 1680/1680/1680
f 1675/1675/1675 1676/1676/1676 1682/1682/1682
f 1675/1675/1675 1682/1682/1682 1681/1681/1681
f 1676/1676/1676 1671/1671/1671 1677/1677/1677
f 1676/1676/1676 1677/1677/1677 1682/1682/1682
f 1677/1677/1677 1678/1678/1678 1684/1684/1684
f 1677/1677/1677 1684/1684/1684 1683/1683/1683
f 1678/1678/1678 1679/1679/1679 1685/1685/1685
f 1678/1678/1678 1685/1685/1685 1684/1684/1684
f 1679/1679/1679 1680/1680/1680 1686/1686/1686
f 1679/1679/1679 1686/1686/1686 1685/1685/1685
f 1680/1680/1680 1681/1681/1681 1687/1687/1687
f 1680/1680/1680 1687/1687/1687 1686/1686/1686
f 1681/1681/1681 1682/1682/1682 1688/1688/1688
f 1681/1681/1681 1688/1688/1688 1687/1687/1687
f 1682/1682/1682 1677/1677/1677 1683/1683/1683
f 1682/1682/1682 1683/1683/1683 1688/1688/1688
f 1683/1683/1683 1684/1684/1684 1690/1690/1690
f 1683/1683/1683 1690/1690/1690 1689/1689/1689
f 1684/1684/1684 1685/1685/1685 1691/1691/1691
f 1684/1684/1684 1691/1691/1691 1690/1690/1690
f 1685/1685/1685 1686/1686/1686 1692/1692/1692
f 1685/1685/1685 1692/1692/1692 1691/1691/1691
f 1686/1686/1686 1687/1687/1687 1693/1693/1693
f 1686/1686/1686 1693/1693/1693 1692/1692/1692
f 1687/1687/1687 1688/1688/1688 1694/1694/1694
f 1687/1687/1687 1694/1694/1694 1693/1693/1693
f 1688/1688/1688 1683/1683/1683 1689/1689/1689
f 1688/1688/1688 1689/1689/1689 1694/1694/1694
f 1689/1689/1689 1690/1690/1690 1696/1696/1696
f 1689/1689/1689 1696/1696/1696 1695/1695/1695
f 1690/1690/1690 1691/1691/1691 1697/1697/1697
f 1690/1690/1690 1697/1697/1697 1696/1696/1696
f 1691/1691/1691 1692/1692/1692 1698/1698/1698
f 1691/1691/1691 1698/1698/1698 1697/1697/1697
f 1692/1692/1692 1693/1693/1693 1699/1699/1699
f 1692/1692/1692 1699/1699/1699 1698/1698/1698
f 1693/1693/1693 1694/1694/1694 1700/1700/1700
f 1693/1693/1693 1700/1700/1700 1699/1699/1699
f 1694/1694/1694 1689/1689/1689 1695/1695/1695
f 1694/1694/1694 1695/1695/1695 1700/1700/1700
f 1695/1695/1695 1696/1696/1696 1702/1702/1702
f 1695/1695/1695 1702/1702/1702 1701/1701/1701
f 1696/1696/1696 1697/1697/1697 1703/1703/1703
f 1696/1696/1696 1703/1703/1703 1702/1702/1702
f 1697/1697/1697 1698/1698/1698 1704/1704/1704
f 1697/1697/1697 1704/1704/1704 1703/1703/1703
f 1698/1698/1698 1699/1699/1699 1705/1705/1705
f 1698/1698/1698 1705/1705/1705 1704/1704/1704
f 1699/1699/1699 1700/1700/1700 1706/1706/1706
f 1699/1699/1699 1706/1706/1706 1705/1705/1705
f 1700/1700/1700 1695/1695/1695 1701/1701/1701
f 1700/1700/1700 1701/1701/1701 1706/1706/1706
f 1701/1701/1701 1702/1702/1702 1708/1708/1708
f 1701/1701/1701 1708/1708/1708 1707/1707/1707
f 1702/1702/1702 1703/1703/1703 1709/1709/1709
f 1702/1702/1702 1709/1709/1709 1708/1708/1708
f 1703/1703/1703 1704/1704/1704 1710/1710/1710
f 1703/1703/1703 1710/1710/1710 1709/1709/1709
f 1704/1704/1704 1705/1705/1705 1711/1711/1711
f 1704/1704/1704 1711/1711/1711 1710/1710/1710
f 1705/1705/1705 1706/1706/1706 1712/1712/1712
f 1705/1705/1705 1712/1712/1712 1711/1711/1711
f 1706/1706/1706 1701/1701/1701 1707/1707/1707
f 1706/1706/1706 1707/1707/1707 1712/1712/1712
f 1707/1707/1707 1708/1708/1708 1714/1714/1714
f 1707/1707/1707 1714/1714/1714 1713/1713/1713
f 1708/1708/1708 1709/1709/1709 1715/1715/1715
f 1708/1708/1708 1715/1715/1715 1714/1714/1714
f 1709/1709/1709 1710/1710/1710 1716/1716/1716
f 1709/1709/1709 1716/1716/1716 1715/1715/1715
f 1710/1710/1710 1711/1711/1711 1717/1717/1717
f 1710/1710/1710 1717/1717/1717 1716/1716/1716
f 1711/1711/1711 1712/1712/1712 1718/1718/1718
f 1711/1711/1711 1718/1718/1718 1717/1717/1717
f 1712/1712/1712 1707/1707/1707 1713/1713/1713
f 1712/1712/1712 1713/1713/1713 1718/1718/1718
f 1713/1713/1713 1714/1714/1714 1720/1720/1720
f 1713/1713/1713 1720/1720/1720 1719/1719/1719
f 1714/1714/1714 1715/1715/1715 1721/1721/1721
f 1714/1714/1714 1721/1721/1721 1720/1720/1720
f 1715/1715/1715 1716/1716/1716 1722/1722/1722
f 1715/1715/1715 1722/1722/1722 1721/1721/1721
f 1716/1716/1716 1717/1717/1717 1723/1723/1723
f 1716/1716/1716 1723/1723/1723 1722/1722/1722
f 1717/1717/1717 1718/1718/1718 1724/1724/1724
f 1717/1717/1717 1724/1724/1724 1723/1723/1723
f 1718/1718/1718 1713/1713/1713 1719/1719/1719
f 1718/1718/1718 1719/1719/1719 1724/1724/1724
f 1719/1719/1719 1720/1720/1720 1726/1726/1726
f 1719/1719/1719 1726/1726/1726 1725/1725/1725
f 1720/1720/1720 1721/1721/1721 1727/1727/1727
f 1720/1720/1720 1727/1727/1727 1726/1726/1726
f 1721/1721/1721 1722/1722/1722 1728/1728/1728
f 1721/1721/1721 1728/1728/1728 1727/1727/1727
f 1722/1722/1722 1723/1723/1723 1729/1729/1729
f 1722/1722/1722 1729/1729/1729 1728/1728/1728
f 1723/1723/1723 1724/1724/1724 1730/1730/1730
f 1723/1723/1723 1730/1730/1730 1729/1729/1729
f 1724/1724/1724 1719/1719/1719 1725/1725/1725
f 1724/1724/1724 1725/1725/1725 1730/1730/1730
f 1725/1725/1725 1726/1726/1726 1732/1732/1732
f 1725/1725/1725 1732/1732/1732 1731/1731/1731
f 1726/1726/1726 1727/1727/1727 1733/1733/1733
f 1726/1726/1726 1733/1733/1733 1732/1732/1732
f 1727/1727/1727 1728/1728/1728 1734/1734/1734
f 1727/1727/1727 1734/1734/1734 1733/1733/1733
f 1728/1728/1728 1729/1729/1729 1735/1735/1735
f 1728/1728/1728 1735/1735/1735 1734/1734/1734
f 1729/1729/1729 1730/1730/1730 1736/1736/1736
f 1729/1729/1729 1736/1736/1736 1735/1735/1735
f 1730/1730/1730 1725/1725/1725 1731/1731/1731
f 1730/1730/1730 1731/1731/1731 1736/1736/1736
f 1731/1731/1731 1732/1732/1732 1738/1738/1738
f 1731/1731/1731 1738/1738/1738 1737/1737/1737
f 1732/1732/1732 1733/1733/1733 1739/1739/1739
f 1732/1732/1732 1739/1739/1739 1738/1738/1738
f 1733/1733/1733 1734/1734/1734 1740/1740/1740
f 1733/1733/1733 1740/1740/1740 1739/1739/1739
f 1734/1734/1734 1735/1735/1735 1741/1741/1741
f 1734/1734/1734 1741/1741/1741 1740/1740/1740
f 1735/1735/1735 1736/1736/1736 1742/1742/1742
f 1735/1735/1735 1742/1742/1742 1741/1741/1741
f 1736/1736/1736 1731/1731/1731 1737/1737/1737
f 1736/1736/1736 1737/1737/1737 1742/1742/1742
f 1737/1737/1737 1738/1738/1738 1744/1744/1744
f 1737/1737/1737 1744/1744/1744 1743/1743/1743
f 1738/1738/1738 1739/1739/1739 1745/1745/1745
f 1738/1738/1738 1745/1745/1745 1744/1744/1744
f 1739/1739/1739 1740/1740/1740 1746/1746/1746
f 1739/1739/1739 1746/1746/1746 1745/1745/1745
f 1740/1740/1740 1741/1741/1741 1747/1747/1747
f 1740/1740/1740 1747/1747/1747 1746/1746/1746
f 1741/1741/1741 1742/1742/1742 1748/1748/1748
f 1741/1741/1741 1748/1748/1748 1747/1747/1747
f 1742/1742/1742 1737/1737/1737 1743/1743/1743
f 1742/1742/1742 1743/1743/1743 1748/1748/1748
f 1743/1743/1743 1744/1744/1744 1750/1750/1750
f 1743/1743/1743 1750/1750/1750 1749/1749/1749
f 1744/1744/1744 1745/1745/1745 1751/1751/1751
f 1744/1744/1744 1751/1751/1751 1750/1750/1750
f 1745/1745/1745 1746/1746/1746 1752/1752/1752
f 1745/1745/1745 1752/1752/1752 1751/1751/1751
f 1746/1746/1746 1747/1747/1747 1753/1753/1753
f 1746/1746/1746 1753/1753/1753 1752/1752/1752
f 1747/1747/1747 1748/1748/1748 1754/1754/1754
f 1747/1747/1747 1754/1754/1754 1753/1753/1753
f 1748/1748/1748 1743/1743/1743 1749/1749/1749
f 1748/1748/1748 1749/1749/1749 1754/1754/1754
f 1749/1749/1749 1750/1750/1750 1756/1756/1756
f 1749/1749/1749 1756/1756/1756 1755/1755/1755
f 1750/1750/1750 1751/1751/1751 1757/1757/1757
f 1750/1750/1750 1757/1757/1757 1756/1756/1756
f 1751/1751/1751 1752/1752/1752 1758/1758/1758
f 1751/1751/1751 1758/1758/1758 1757/1757/1757
f 1752/1752/1752 1753/1753/1753 1759/1759/1759
f 1752/1752/1752 1759/1759/1759 1758/1758/1758
f 1753/1753/1753 1754/1754/1754 1760/1760/1760
f 1753/1753/1753 1760/1760/1760 1759/1759/1759
f 1754/1754/1754 1749/1749/1749 1755/1755/1755
f 1754/1754/1754 1755/1755/1755 1760/1760/1760
f 1755/1755/1755 1756/1756/1756 1762/1762/1762
f 1755/1755/1755 1762/1762/1762 1761/1761/1761
f 1756/1756/1756 1757/1757/1757 1763/1763/1763
f 1756/1756/1756 1763/1763/1763 1762/1762/1762
f 1757/1757/1757 1758/1758/1758 1764/1764/1764
f 1757/1757/1757 1764/1764/1764 1763/1763/1763
f 1758/1758/1758 1759/1759/1759 1765/1765/1765
f 1758/1758/1758 1765/1765/1765 1764/1764/1764
f 1759/1759/1759 1760/1760/1760 1766/1766/1766
f 1759/1759/1759 1766/1766/1766 1765/1765/1765
f 1760/1760/1760 1755/1755/1755 1761/1761/1761
f 1760/1760/1760 1761/1761/1761 1766/1766/1766
f 1761/1761/1761 1762/1762/1762 1768/1768/1768
f 1761/1761/1761 1768/1768/1768 1767/1767/1767
f 1762/1762/1762 1763/1763/1763 1769/1769/1769
f 1762/1762/1762 1769/1769/1769 1768/1768/1768
f 1763/1763/1763 1764/1764/1764 1770/1770/1770
f 1763/1763/1763 1770/1770/1770 1769/1769/1769
f 1764/1764/1764 1765/1765/1765 1771/1771/1771
f 1764/1764/1764 1771/1771/1771 1770/1770/1770
f 1765/1765/1765 1766/1766/1766 1772/1772/1772
f 1765/1765/1765 1772/1772/1772 1771/1771/1771
f 1766/1766/1766 1761/1761/1761 1767/1767/1767
f 1766/1766/1766 1767/1767/1767 1772/1772/1772
f 1767/1767/1767 1768/1768/1768 1774/1774/1774
f 1767/1767/1767 1774/1774/1774 1773/1773/1773
f 1768/1768/1768 1769/1769/1769 1775/1775/1775
f 1768/1768/1768 1775/1775/1775 1774/1774/1774
f 1769/1769/1769 1770/1770/1770 1776/1776/1776
f 1769/1769/1769 1776/1776/1776 1775/1775/1775
f 1770/1770/1770 1771/1771/1771 1777/1777/1777
f 1770/1770/1770 1777/1777/1777 1776/1776/1776
f 1771/1771/1771 1772/1772/1772 1778/1778/1778
f 1771/1771/1771 1778/1778/1778 1777/1777/1777
f 1772/1772/1772 1767/1767/1767 1773/1773/1773
f 1772/1772/1772 1773/1773/1773 1778/1778/1778
f 1773/1773/1773 1774/1774/1774 1780/1780/1780
f 1773/1773/1773 1780/1780/1780 1779/1779/1779
f 1774/1774/1774 1775/1775/1775 1781/1781/1781
f 1774/1774/1774 1781/1781/1781 1780/1780/1780
f 1775/1775/1775 1776/1776/1776 1782/1782/1782
f 1775/1775/1775 1782/1782/1782 1781/1781/1781
f 1776/1776/1776 1777/1777/1777 1783/1783/1783
f 1776/1776/1776 1783/1783/1783 1782/1782/1782
f 1777/1777/1777 1778/1778/1778 1784/1784/1784
f 1777/1777/1777 1784/1784/1784 1783/1783/1783
f 1778/1778/1778 1773/1773/1773 1779/1779/1779
f 1778/1778/1778 1779/1779/1779 1784/1784/1784
f 1779/1779/1779 1780/1780/1780 1786/1786/1786
f 1779/1779/1779 1786/1786/1786 1785/1785/1785
f 1780/1780/1780 1781/1781/1781 1787/1787/1787
f 1780/1780/1780 1787/1787/1787 1786/1786/1786
f 1781/1781/1781 1782/1782/1782 1788/1788/1788
f 1781/1781/1781 1788/1788/1788 1787/1787/1787
f 1782/1782/1782 1783/1783/1783 1789/1789/1789
f 1782/1782/1782 1789/1789/1789 1788/1788/1788
f 1783/1783/1783 1784/1784/1784 1790/1790/1790
f 1783/1783/1783 1790/1790/1790 1789/1789/1789
f 1784/1784/1784 1779/1779/1779 1785/1785/1785
f 1784/1784/1784 1785/1785/1785 1790/1790/1790
f 1785/1785/1785 1786/1786/1786 1792/1792/1792
f 1785/1785/1785 1792/1792/1792 1791/1791/1791
f 1786/1786/1786 1787/1787/1787 1793/1793/1793
f 1786/1786/1786 1793/1793/1793 1792/1792/1792
f 1787/1787/1787 1788/1788/1788 1794/1794/1794
f 1787/1787/1787 1794/1794/1794 1793/1793/1793
f 1788/1788/1788 1789/1789/1789 1795/1795/1795
f 1788/1788/1788 1795/1795/1795 1794/1794/1794
f 1789/1789/1789 1790/1790/1790 1796/1796/1796
f 1789/1789/1789 1796/1796/1796 1795/1795/1795
f 1790/1790/1790 1785/1785/1785 1791/1791/1791
f 1790/1790/1790 1791/1791/1791 1796/1796/1796
f 1791/1791/1791 1792/1792/1792 1798/1798/1798
f 1791/1791/1791 1798/1798/1798 1797/1797/1797
f 1792/1792/1792 1793/1793/1793 1799/1799/1799
f 1792/1792/1792 1799/1799/1799 1798/1798/1798
f 1793/1793/1793 1794/1794/1794 1800/1800/1800
f 1793/1793/1793 1800/1800/1800 1799/1799/1799
f 1794/1794/1794 1795/1795/1795 1801/1801/1801
f 1794/1794/1794 1801/1801/1801 1800/1800/1800
f 1795/1795/1795 1796/1796/1796 1802/1802/1802
f 1795/1795/1795 1802/1802/1802 1801/1801/1801
f 1796/1796/1796 1791/1791/1791 1797/1797/1797
f 1796/1796/1796 1797/1797/1797 1802/1802/1802
f 1605/1605/1605 1607/1607/1607 1606/1606/1606
f 1797/1797/1797 1798/1798/1798 1799/1799/1799
f 1605/1605/1605 1608/1608/1608 1607/1607/1607
f 1797/1797/1797 1799/1799/1799 1800/1800/1800
f 1605/1605/1605 1609/1609/1609 1608/1608/1608
f 1797/1797/1797 1800/1800/1800 1801/1801/1801
f 1605/1605/1605 1610/1610/1610 1609/1609/1609
f 1797/1797/1797 1801/1801/1801 1802/1802/1802
f 1803/1803/1803 1804/1804/1804 1810/1810/1810
f 1803/1803/1803 1810/1810/1810 1809/1809/1809
f 1804/1804/1804 1805/1805/1805 1811/1811/1811
f 1804/1804/1804 1811/1811/1811 1810/1810/1810
f 1805/1805/1805 1806/1806/1806 1812/1812/1812
f 1805/1805/1805 1812/1812/1812 1811/1811/1811
f 1806/1806/1806 1807/1807/1807 1813/1813/1813
f 1806/1806/1806 1813/1813/1813 1812/1812/1812
f 1807/1807/1807 1808/1808/1808 1814/1814/1814
f 1807/1807/1807 1814/1814/1814 1813/1813/1813
f 1808/1808/1808 1803/1803/1803 1809/1809/1809
f 1808/1808/1808 1809/1809/1809 1814/1814/1814
f 1809/1809/1809 1810/1810/1810 1816/1816/1816
f 1809/1809/1809 1816/1816/1816 1815/1815/1815
f 1810/1810/1810 1811/1811/1811 1817/1817/1817
f 1810/1810/1810 1817/1817/1817 1816/1816/1816
f 1811/1811/1811 1812/1812/1812 1818/1818/1818
f 1811/1811/1811 1818/1818/1818 1817/1817/1817
f 1812/1812/1812 1813/1813/1813 1819/1819/1819
f 1812/1812/1812 1819/1819/1819 1818/1818/1818
f 1813/1813/1813 1814/1814/1814 1820/1820/1820
f 1813/1813/1813 1820/1820/1820 1819/1819/1819
f 1814/1814/1814 1809/1809/1809 1815/1815/1815
f 1814/1814/1814 1815/1815/1815 1820/1820/1820
f 1815/1815/1815 1816/1816/1816 1822/1822/1822
f 1815/1815/1815 1822/1822/1822 1821/1821/1821
f 1816/1816/1816 1817/1817/1817 1823/1823/1823
f 1816/1816/1816 1823/1823/1823 1822/1822/1822
f 1817/1817/1817 1818/1818/1818 1824/1824/1824
f 1817/1817/1817 1824/1824/1824 1823/1823/1823
f 1818/1818/1818 1819/1819/1819 1825/1825/1825
f 1818/1818/1818 1825/1825/1825 1824/1824/1824
f 1819/1819/1819 1820/1820/1820 1826/1826/1826
f 1819/1819/1819 1826/1826/1826 1825/1825/1825
f 1820/1820/1820 1815/1815/1815 1821/1821/1821
f 1820/1820/1820 1821/1821/1821 1826/1826/1826
f 1821/1821/1821 1822/1822/1822 1828/1828/1828
f 1821/1821/1821 1828/1828/1828 1827/1827/1827
f 1822/1822/1822 1823/1823/1823 1829/1829/1829
f 1822/1822/1822 1829/1829/1829 1828/1828/1828
f 1823/1823/1823 1824/1824/1824 1830/1830/1830
f 1823/1823/1823 1830/1830/1830 1829/1829/1829
f 1824/1824/1824 1825/1825/1825 1831/1831/1831
f 1824/1824/1824 1831/1831/1831 1830/1830/1830
f 1825/1825/1825 1826/1826/1826 1832/1832/1832
f 1825/1825/1825 1832/1832/1832 1831/1831/1831
f 1826/1826/1826 1821/1821/1821 1827/1827/1827
f 1826/1826/1826 1827/1827/1827 1832/1832/1832
f 1827/1827/1827 1828/1828/1828 1834/1834/1834
f 1827/1827/1827 1834/1834/1834 1833/1833/1833
f 1828/1828/1828 1829/1829/1829 1835/1835/1835
f 1828/1828/1828 1835/1835/1835 1834/1834/1834
f 1829/1829/1829 1830/1830/1830 1836/1836/1836
f 1829/1829/1829 1836/1836/1836 1835/1835/1835
f 1830/1830/1830 1831/1831/1831 1837/1837/1837
f 1830/1830/1830 1837/1837/1837 1836/1836/1836
f 1831/1831/1831 1832/1832/1832 1838/1838/1838
f 1831/1831/1831 1838/1838/1838 1837/1837/1837
f 1832/1832/1832 1827/1827/1827 1833/1833/1833
f 1832/1832/1832 1833/1833/1833 1838/1838/1838
f 1833/1833/1833 1834/1834/1834 1840/1840/1840
f 1833/1833/1833 1840/1840/1840 1839/1839/1839
f 1834/1834/1834 1835/1835/1835 1841/1841/1841
f 1834/1834/1834 1841/1841/1841 1840/1840/1840
f 1835/1835/1835 1836/1836/1836 1842/1842/1842
f 1835/1835/1835 1842/1842/1842 1841/1841/1841
f 1836/1836/1836 1837/1837/1837 1843/1843/1843
f 1836/1836/1836 1843/1843/1843 1842/1842/1842
f 1837/1837/1837 1838/1838/1838 1844/1844/1844
f 1837/1837/1837 1844/1844/1844 1843/1843/1843
f 1838/1838/1838 1833/1833/1833 1839/1839/1839
f 1838/1838/1838 1839/1839/1839 1844/1844/1844
f 1839/1839/1839 1840/1840/1840 1846/1846/1846
f 1839/1839/1839 1846/1846/1846 1845/1845/1845
f 1840/1840/1840 1841/1841/1841 1847/1847/1847
f 1840/1840/1840 1847/1847/1847 1846/1846/1846
f 1841/1841/1841 1842/1842/1842 1848/1848/1848
f 1841/1841/1841 1848/1848/1848 1847/1847/1847
f 1842/1842/1842 1843/1843/1843 1849/1849/1849
f 1842/1842/1842 1849/1849/1849 1848/1848/1848
f 1843/1843/1843 1844/1844/1844 1850/1850/1850
f 1843/1843/1843 1850/1850/1850 1849/1849/1849
f 1844/1844/1844 1839/1839/1839 1845/1845/1845
f 1844/1844/1844 1845/1845/1845 1850/1850/1850
f 1845/1845/1845 1846/1846/1846 1852/1852/1852
f 1845/1845/1845 1852/1852/1852 1851/1851/1851
f 1846/1846/1846 1847/1847/1847 1853/1853/1853
f 1846/1846/1846 1853/1853/1853 1852/1852/1852
f 1847/1847/1847 1848/1848/1848 1854/1854/1854
f 1847/1847/1847 1854/1854/1854 1853/1853/1853
f 1848/1848/1848 1849/1849/1849 1855/1855/1855
f 1848/1848/1848 1855/1855/1855 1854/1854/1854
f 1849/1849/1849 1850/1850/1850 1856/1856/1856
f 1849/1849/1849 1856/1856/1856 1855/1855/1855
f 1850/1850/1850 1845/1845/1845 1851/1851/1851
f 1850/1850/1850 1851/1851/1851 1856/1856/1856
f 1851/1851/1851 1852/1852/1852 1858/1858/1858
f 1851/1851/1851 1858/1858/1858 1857/1857/1857
f 1852/1852/1852 1853/1853/1853 1859/1859/1859
f 1852/1852/1852 1859/1859/1859 1858/1858/1858
f 1853/1853/1853 1854/1854/1854 1860/1860/1860
f 1853/1853/1853 1860/1860/1860 1859/1859/1859
f 1854/1854/1854 1855/1855/1855 1861/1861/1861
f 1854/1854/1854 1861/1861/1861 1860/1860/1860
f 1855/1855/1855 1856/1856/1856 1862/1862/1862
f 1855/1855/1855 1862/1862/1862 1861/1861/1861
f 1856/1856/1856 1851/1851/1851 1857/1857/1857
f 1856/1856/1856 1857/1857/1857 1862/1862/1862
f 1857/1857/1857 1858/1858/1858 1864/1864/1864
f 1857/1857/1857 1864/1864/1864 1863/1863/1863
f 1858/1858/1858 1859/1859/1859 1865/1865/1865
f 1858/1858/1858 1865/1865/1865 1864/1864/1864
f 1859/1859/1859 1860/1860/1860 1866/1866/1866
f 1859/1859/1859 1866/1866/1866 1865/1865/1865
f 1860/1860/1860 1861/1861/1861 1867/1867/1867
f 1860/1860/1860 1867/1867/1867 1866/1866/1866
f 1861/1861/1861 1862/1862/1862 1868/1868/1868
f 1861/1861/1861 1868/1868/1868 1867/1867/1867
f 1862/1862/1862 1857/1857/1857 1863/1863/1863
f 1862/1862/1862 1863/1863/1863 1868/1868/1868
f 1863/1863/1863 1864/1864/1864 1870/1870/1870
f 1863/1863/1863 1870/1870/1870 1869/1869/1869
f 1864/1864/1864 1865/1865/1865 1871/1871/1871
f 1864/1864/1864 1871/1871/1871 1870/1870/1870
f 1865/1865/1865 1866/1866/1866 1872/1872/1872
f 1865/1865/1865 1872/1872/1872 1871/1871/1871
f 1866/1866/1866 1867/1867/1867 1873/1873/1873
f 1866/1866/1866 1873/1873/1873 1872/1872/1872
f 1867/1867/1867 1868/1868/1868 1874/1874/1874
f 1867/1867/1867 1874/1874/1874 1873/1873/1873
f 1868/1868/1868 1863/1863/1863 1869/1869/1869
f 1868/1868/1868 1869/1869/1869 1874/1874/1874
f 1869/1869/1869 1870/1870/1870 1876/1876/1876
f 1869/1869/1869 1876/1876/1876 1875/1875/1875
f 1870/1870/1870 1871/1871/1871 1877/1877/1877
f 1870/1870/1870 1877/1877/1877 1876/1876/1876
f 1871/1871/1871 1872/1872/1872 1878/1878/1878
f 1871/1871/1871 1878/1878/1878 1877/1877/1877
f 1872/1872/1872 1873/1873/1873 1879/1879/1879
f 1872/1872/1872 1879/1879/1879 1878/1878/1878
f 1873/1873/1873 1874/1874/1874 1880/1880/1880
f 1873/1873/1873 1880/1880/1880 1879/1879/1879
f 1874/1874/1874 1869/1869/1869 1875/1875/1875
f 1874/1874/1874 1875/1875/1875 1880/1880/1880
f 1875/1875/1875 1876/1876/1876 1882/1882/1882
f 1875/1875/1875 1882/1882/1882 1881/1881/1881
f 1876/1876/1876 1877/1877/1877 1883/1883/1883
f 1876/1876/1876 1883/1883/1883 1882/1882/1882
f 1877/1877/1877 1878/1878/1878 1884/1884/1884
f 1877/1877/1877 1884/1884/1884 1883/1883/1883
f 1878/1878/1878 1879/1879/1879 1885/1885/1885
f 1878/1878/1878 1885/1885/1885 1884/1884/1884
f 1879/1879/1879 1880/1880/1880 1886/1886/1886
f 1879/1879/1879 1886/1886/1886 1885/1885/1885
f 1880/1880/1880 1875/1875/1875 1881/1881/1881
f 1880/1880/1880 1881/1881/1881 1886/1886/1886
f 1881/1881/1881 1882/1882/1882 1888/1888/1888
f 1881/1881/1881 1888/1888/1888 1887/1887/1887
f 1882/1882/1882 1883/1883/1883 1889/1889/1889
f 1882/1882/1882 1889/1889/1889 1888/1888/1888
f 1883/1883/1883 1884/1884/1884 1890/1890/1890
f 1883/1883/1883 1890/1890/1890 1889/1889/1889
f 1884/1884/1884 1885/1885/1885 1891/1891/1891
f 1884/1884/1884 1891/1891/1891 1890/1890/1890
f 1885/1885/1885 1886/1886/1886 1892/1892/1892
f 1885/1885/1885 1892/1892/1892 1891/1891/1891
f 1886/1886/1886 1881/1881/1881 1887/1887/1887
f 1886/1886/1886 1887/1887/1887 1892/1892/1892
f 1887/1887/1887 1888/1888/1888 1894/1894/1894
f 1887/1887/1887 1894/1894/1894 1893/1893/1893
f 1888/1888/1888 1889/1889/1889 1895/1895/1895
f 1888/1888/1888 1895/1895/1895 1894/1894/1894
f 1889/1889/1889 1890/1890/1890 1896/1896/1896
f 1889/1889/1889 1896/1896/1896 1895/1895/1895
f 1890/1890/1890 1891/1891/1891 1897/1897/1897
f 1890/1890/1890 1897/1897/1897 1896/1896/1896
f 1891/1891/1891 1892/1892/1892 1898/1898/1898
f 1891/1891/1891 1898/1898/1898 1897/1897/1897
f 1892/1892/1892 1887/1887/1887 1893/1893/1893
f 1892/1892/1892 1893/1893/1893 1898/1898/1898
f 1893/1893/1893 1894/1894/1894 1900/1900/1900
f 1893/1893/1893 1900/1900/1900 1899/1899/1899
f 1894/1894/1894 1895/1895/1895 1901/1901/1901
f 1894/1894/1894 1901/1901/1901 1900/1900/1900
f 1895/1895/1895 1896/1896/1896 1902/1902/1902
f 1895/1895/1895 1902/1902/1902 1901/1901/1901
f 1896/1896/1896 1897/1897/1897 1903/1903/1903
f 1896/1896/1896 1903/1903/1903 1902/1902/1902
f 1897/1897/1897 1898/1898/1898 1904/1904/1904
f 1897/1897/1897 1904/1904/1904 1903/1903/1903
f 1898/1898/1898 1893/1893/1893 1899/1899/1899
f 1898/1898/1898 1899/1899/1899 1904/1904/1904
f 1899/1899/1899 1900/1900/1900 1906/1906/1906
f 1899/1899/1899 1906/1906/1906 1905/1905/1905
f 1900/1900/1900 1901/1901/1901 1907/1907/1907
f 1900/1900/1900 1907/1907/1907 1906/1906/1906
f 1901/1901/1901 1902/1902/1902 1908/1908/1908
f 1901/1901/1901 1908/1908/1908 1907/1907/1907
f 1902/1902/1902 1903/1903/1903 1909/1909/1909
f 1902/1902/1902 1909/1909/1909 1908/1908/1908
f 1903/1903/1903 1904/1904/1904 1910/1910/1910
f 1903/1903/1903 1910/1910/1910 1909/1909/1909
f 1904/1904/1904 1899/1899/1899 1905/1905/1905
f 1904/1904/1904 1905/1905/1905 1910/1910/1910
f 1905/1905/1905 1906/1906/1906 1912/1912/1912
f 1905/1905/1905 1912/1912/1912 1911/1911/1911
f 1906/1906/1906 1907/1907/1907 1913/1913/1913
f 1906/1906/1906 1913/1913/1913 1912/1912/1912
f 1907/1907/1907 1908/1908/1908 1914/1914/1914
f 1907/1907/1907 1914/1914/1914 1913/1913/1913
f 1908/1908/1908 1909/1909/1909 1915/1915/1915
f 1908/1908/1908 1915/1915/1915 1914/1914/1914
f 1909/1909/1909 1910/1910/1910 1916/1916/1916
f 1909/1909/1909 1916/1916/1916 1915/1915/1915
f 1910/1910/1910 1905/1905/1905 1911/1911/1911
f 1910/1910/1910 1911/1911/1911 1916/1916/1916
f 1911/1911/1911 1912/1912/1912 1918/1918/1918
f 1911/1911/1911 1918/1918/1918 1917/1917/1917
f 1912/1912/1912 1913/1913/1913 1919/1919/1919
f 1912/1912/1912 1919/1919/1919 1918/1918/1918
f 1913/1913/1913 1914/1914/1914 1920/1920/1920
f 1913/1913/1913 1920/1920/1920 1919/1919/1919
f 1914/1914/1914 1915/1915/1915 1921/1921/1921
f 1914/1914/1914 1921/1921/1921 1920/1920/1920
f 1915/1915/1915 1916/1916/1916 1922/1922/1922
f 1915/1915/1915 1922/1922/1922 1921/1921/1921
f 1916/1916/1916 1911/1911/1911 1917/1917/1917
f 1916/1916/1916 1917/1917/1917 1922/1922/1922
f 1917/1917/1917 1918/1918/1918 1924/1924/1924
f 1917/1917/1917 1924/1924/1924 1923/1923/1923
f 1918/1918/1918 1919/1919/1919 1925/1925/1925
f 1918/1918/1918 1925/1925/1925 1924/1924/1924
f 1919/1919/1919 1920/1920/1920 1926/1926/1926
f 1919/1919/1919 1926/1926/1926 1925/1925/1925
f 1920/1920/1920 1921/1921/1921 1927/1927/1927
f 1920/1920/1920 1927/1927/1927 1926/1926/1926
f 1921/1921/1921 1922/1922/1922 1928/1928/1928
f 1921/1921/1921 1928/1928/1928 1927/1927/1927
f 1922/1922/1922 1917/1917/1917 1923/1923/1923
f 1922/1922/1922 1923/1923/1923 1928/1928/1928
f 1923/1923/1923 1924/1924/1924 1930/1930/1930
f 1923/1923/1923 1930/1930/1930 1929/1929/1929
f 1924/1924/1924 1925/1925/1925 1931/1931/1931
f 1924/1924/1924 1931/1931/1931 1930/1930/1930
f 1925/1925/1925 1926/1926/1926 1932/1932/1932
f 1925/1925/1925 1932/1932/1932 1931/1931/1931
f 1926/1926/1926 1927/1927/1927 1933/1933/1933
f 1926/1926/1926 1933/1933/1933 1932/1932/1932
f 1927/1927/1927 1928/1928/1928 1934/1934/1934
f 1927/1927/1927 1934/1934/1934 1933/1933/1933
f 1928/1928/1928 1923/1923/1923 1929/1929/1929
f 1928/1928/1928 1929/1929/1929 1934/1934/1934
f 1929/1929/1929 1930/1930/1930 1936/1936/1936
f 1929/1929/1929 1936/1936/1936 1935/1935/1935
f 1930/1930/1930 1931/1931/1931 1937/1937/1937
f 1930/1930/1930 1937/1937/1937 1936/1936/1936
f 1931/1931/1931 1932/1932/1932 1938/1938/1938
f 1931/1931/1931 1938/1938/1938 1937/1937/1937
f 1932/1932/1932 1933/1933/1933 1939/1939/1939
f 1932/1932/1932 1939/1939/1939 1938/1938/1938
f 1933/1933/1933 1934/1934/1934 1940/1940/1940
f 1933/1933/1933 1940/1940/1940 1939/1939/1939
f 1934/1934/1934 1929/1929/1929 1935/1935/1935
f 1934/1934/1934 1935/1935/1935 1940/1940/1940
f 1935/1935/1935 1936/1936/1936 1942/1942/1942
f 1935/1935/1935 1942/1942/1942 1941/1941/1941
f 1936/1936/1936 1937/1937/1937 1943/1943/1943
f 1936/1936/1936 1943/1943/1943 1942/1942/1942
f 1937/1937/1937 1938/1938/1938 1944/1944/1944
f 1937/1937/1937 1944/1944/1944 1943/1943/1943
f 1938/1938/1938 1939/1939/1939 1945/1945/1945
f 1938/1938/1938 1945/1945/1945 1944/1944/1944
f 1939/1939/1939 1940/1940/1940 1946/1946/1946
f 1939/1939/1939 1946/1946/1946 1945/1945/1945
f 1940/1940/1940 1935/1935/1935 1941/1941/1941
f 1940/1940/1940 1941/1941/1941 1946/1946/1946
f 1941/1941/1941 1942/1942/1942 1948/1948/1948
f 1941/1941/1941 1948/1948/1948 1947/1947/1947
f 1942/1942/1942 1943/1943/1943 1949/1949/1949
f 1942/1942/1942 1949/1949/1949 1948/1948/1948
f 1943/1943/1943 1944/1944/1944 1950/1950/1950
f 1943/1943/1943 1950/1950/1950 1949/1949/1949
f 1944/1944/1944 1945/1945/1945 1951/1951/1951
f 1944/1944/1944 1951/1951/1951 1950/1950/1950
f 1945/1945/1945 1946/1946/1946 1952/1952/1952
f 1945/1945/1945 1952/1952/1952 1951/1951/1951
f 1946/1946/1946 1941/1941/1941 1947/1947/1947
f 1946/1946/1946 1947/1947/1947 1952/1952/1952
f 1947/1947/1947 1948/1948/1948 1954/1954/1954
f 1947/1947/1947 1954/1954/1954 1953/1953/1953
f 1948/1948/1948 1949/1949/1949 1955/1955/1955
f 1948/1948/1948 1955/1955/1955 1954/1954/1954
f 1949/1949/1949 1950/1950/1950 1956/1956/1956
f 1949/1949/1949 1956/1956/1956 1955/1955/1955
f 1950/1950/1950 1951/1951/1951 1957/1957/1957
f 1950/1950/1950 1957/1957/1957 1956/1956/1956
f 1951/1951/1951 1952/1952/1952 1958/1958/1958
f 1951/1951/1951 1958/1958/1958 1957/1957/1957
f 1952/1952/1952 1947/1947/1947 1953/1953/1953
f 1952/1952/1952 1953/1953/1953 1958/1958/1958
f 1953/1953/1953 1954/1954/1954 1960/1960/1960
f 1953/1953/1953 1960/1960/1960 1959/1959/1959
f 1954/1954/1954 1955/1955/1955 1961/1961/1961
f 1954/1954/1954 1961/1961/1961 1960/1960/1960
f 1955/1955/1955 1956/1956/1956 1962/1962/1962
f 1955/1955/1955 1962/1962/1962 1961/1961/1961
f 1956/1956/1956 1957/1957/1957 1963/1963/1963
f 1956/1956/1956 1963/1963/1963 1962/1962/1962
f 1957/1957/1957 1958/1958/1958 1964/1964/1964
f 1957/1957/1957 1964/1964/1964 1963/1963/1963
f 1958/1958/1958 1953/1953/1953 1959/1959/1959
f 1958/1958/1958 1959/1959/1959 1964/1964/1964
f 1959/1959/1959 1960/1960/1960 1966/1966/1966
f 1959/1959/1959 1966/1966/1966 1965/1965/1965
f 1960/1960/1960 1961/1961/1961 1967/1967/1967
f 1960/1960/1960 1967/1967/1967 1966/1966/1966
f 1961/1961/1961 1962/1962/1962 1968/1968/1968
f 1961/1961/1961 1968/1968/1968 1967/1967/1967
f 1962/1962/1962 1963/1963/1963 1969/1969/1969
f 1962/1962/1962 1969/1969/1969 1968/1968/1968
f 1963/1963/1963 1964/1964/1964 1970/1970/1970
f 1963/1963/1963 1970/1970/1970 1969/1969/1969
f 1964/1964/1964 1959/1959/1959 1965/1965/1965
f 1964/1964/1964 1965/1965/1965 1970/1970/1970
f 1965/1965/1965 1966/1966/1966 1972/1972/1972
f 1965/1965/1965 1972/1972/1972 1971/1971/1971
f 1966/1966/1966 1967/1967/1967 1973/1973/1973
f 1966/1966/1966 1973/1973/1973 1972/1972/1972
f 1967/1967/1967 1968/1968/1968 1974/1974/1974
f 1967/1967/1967 1974/1974/1974 1973/1973/1973
f 1968/1968/1968 1969/1969/1969 1975/1975/1975
f 1968/1968/1968 1975/1975/1975 1974/1974/1974
f 1969/1969/1969 1970/1970/1970 1976/1976/1976
f 1969/1969/1969 1976/1976/1976 1975/1975/1975
f 1970/1970/1970 1965/1965/1965 1971/1971/1971
f 1970/1970/1970 1971/1971/1971 1976/1976/1976
f 1971/1971/1971 1972/1972/1972 1978/1978/1978
f 1971/1971/1971 1978/1978/1978 1977/1977/1977
f 1972/1972/1972 1973/1973/1973 1979/1979/1979
f 1972/1972/1972 1979/1979/1979 1978/1978/1978
f 1973/1973/1973 1974/1974/1974 1980/1980/1980
f 1973/1973/1973 1980/1980/1980 1979/1979/1979
f 1974/1974/1974 1975/1975/1975 1981/1981/1981
f 1974/1974/1974 1981/1981/1981 1980/1980/1980
f 1975/1975/1975 1976/1976/1976 1982/1982/1982
f 1975/1975/1975 1982/1982/1982 1981/1981/1981
f 1976/1976/1976 1971/1971/1971 1977/1977/1977
f 1976/1976/1976 1977/1977/1977 1982/1982/1982
f 1977/1977/1977 1978/1978/1978 1984/1984/1984
f 1977/1977/1977 1984/1984/1984 1983/1983/1983
f 1978/1978/1978 1979/1979/1979 1985/1985/1985
f 1978/1978/1978 1985/1985/1985 1984/1984/1984
f 1979/1979/1979 1980/1980/1980 1986/1986/1986
f 1979/1979/1979 1986/1986/1986 1985/1985/1985
f 1980/1980/1980 1981/1981/1981 1987/1987/1987
f 1980/1980/1980 1987/1987/1987 1986/1986/1986
f 1981/1981/1981 1982/1982/1982 1988/1988/1988
f 1981/1981/1981 1988/1988/1988 1987/1987/1987
f 1982/1982/1982 1977/1977/1977 1983/1983/1983
f 1982/1982/1982 1983/1983/1983 1988/1988/1988
f 1983/1983/1983 1984/1984/1984 1990/1990/1990
f 1983/1983/1983 1990/1990/1990 1989/1989/1989
f 1984/1984/1984 1985/1985/1985 1991/1991/1991
f 1984/1984/1984 1991/1991/1991 1990/1990/1990
f 1985/1985/1985 1986/1986/1986 1992/1992/1992
f 1985/1985/1985 1992/1992/1992 1991/1991/1991
f 1986/1986/1986 1987/1987/1987 1993/1993/1993
f 1986/1986/1986 1993/1993/1993 1992/1992/1992
f 1987/1987/1987 1988/1988/1988 1994/1994/1994
f 1987/1987/1987 1994/1994/1994 1993/1993/1993
f 1988/1988/1988 1983/1983/1983 1989/1989/1989
f 1988/1988/1988 1989/1989/1989 1994/1994/1994
f 1989/1989/1989 1990/1990/1990 1996/1996/1996
f 1989/1989/1989 1996/1996/1996 1995/1995/1995
f 1990/1990/1990 1991/1991/1991 1997/1997/1997
f 1990/1990/1990 1997/1997/1997 1996/1996/1996
f 1991/1991/1991 1992/1992/1992 1998/1998/1998
f 1991/1991/1991 1998/1998/1998 1997/1997/1997
f 1992/1992/1992 1993/1993/1993 1999/1999/1999
f 1992/1992/1992 1999/1999/1999 1998/1998/1998
f 1993/1993/1993 1994/1994/1994 2000/2000/2000
f 1993/1993/1993 2000/2000/2000 1999/1999/1999
f 1994/1994/1994 1989/1989/1989 1995/1995/1995
f 1994/1994/1994 1995/1995/1995 2000/2000/2000
f 1803/1803/1803 1805/1805/1805 1804/1804/1804
f 1995/1995/1995 1996/1996/1996 1997/1997/1997
f 1803/1803/1803 1806/1806/1806 1805/1805/1805
f 1995/1995/1995 1997/1997/1997 1998/1998/1998
f 1803/1803/1803 1807/1807/1807 1806/1806/1806
f 1995/1995/1995 1998/1998/1998 1999/1999/1999
f 1803/1803/1803 1808/1808/1808 1807/1807/1807
f 1995/1995/1995 1999/1999/1999 2000/2000/2000
f 2001/2001/2001 2002/2002/2002 2008/2008/2008
f 2001/2001/2001 2008/2008/2008 2007/2007/2007
f 2002/2002/2002 2003/2003/2003 2009/2009/2009
f 2002/2002/2002 2009/2009/2009 2008/2008/2008
f 2003/2003/2003 2004/2004/2004 2010/2010/2010
f 2003/2003/2003 2010/2010/2010 2009/2009/2009
f 2004/2004/2004 2005/2005/2005 2011/2011/2011
f 2004/2004/2004 2011/2011/2011 2010/2010/2010
f 2005/2005/2005 2006/2006/2006 2012/2012/2012
f 2005/2005/2005 2012/2012/2012 2011/2011/2011
f 2006/2006/2006 2001/2001/2001 2007/2007/2007
f 2006/2006/2006 2007/2007/2007 2012/2012/2012
f 2007/2007/2007 2008/2008/2008 2014/2014/2014
f 2007/2007/2007 2014/2014/2014 2013/2013/2013
f 2008/2008/2008 2009/2009/2009 2015/2015/2015
f 2008/2008/2008 2015/2015/2015 2014/2014/2014
f 2009/2009/2009 2010/2010/2010 2016/2016/2016
f 2009/2009/2009 2016/2016/2016 2015/2015/2015
f 2010/2010/2010 2011/2011/2011 2017/2017/2017
f 2010/2010/2010 2017/2017/2017 2016/2016/2016
f 2011/2011/2011 2012/2012/2012 2018/2018/2018
f 2011/2011/2011 2018/2018/2018 2017/2017/2017
f 2012/2012/2012 2007/2007/2007 2013/2013/2013
f 2012/2012/2012 2013/2013/2013 2018/2018/2018
f 2013/2013/2013 2014/2014/2014 2020/2020/2020
f 2013/2013/2013 2020/2020/2020 2019/2019/2019
f 2014/2014/2014 2015/2015/2015 2021/2021/2021
f 2014/2014/2014 2021/2021/2021 2020/2020/2020
f 2015/2015/2015 2016/2016/2016 2022/2022/2022
f 2015/2015/2015 2022/2022/2022 2021/2021/2021
f 2016/2016/2016 2017/2017/2017 2023/2023/2023
f 2016/2016/2016 2023/2023/2023 2022/2022/2022
f 2017/2017/2017 2018/2018/2018 2024/2024/2024
f 2017/2017/2017 2024/2024/2024 2023/2023/2023
f 2018/2018/2018 2013/2013/2013 2019/2019/2019
f 2018/2018/2018 2019/2019/2019 2024/2024/2024
f 2019/2019/2019 2020/2020/2020 2026/2026/2026
f 2019/2019/2019 2026/2026/2026 2025/2025/2025
f 2020/2020/2020 2021/2021/2021 2027/2027/2027
f 2020/2020/2020 2027/2027/2027 2026/2026/2026
f 2021/2021/2021 2022/2022/2022 2028/2028/2028
f 2021/2021/2021 2028/2028/2028 2027/2027/2027
f 2022/2022/2022 2023/2023/2023 2029/2029/2029
f 2022/2022/2022 2029/2029/2029 2028/2028/2028
f 2023/2023/2023 2024/2024/2024 2030/2030/2030
f 2023/2023/2023 2030/2030/2030 2029/2029/2029
f 2024/2024/2024 2019/2019/2019 2025/2025/2025
f 2024/2024/2024 2025/2025/2025 2030/2030/2030
f 2025/2025/2025 2026/2026/2026 2032/2032/2032
f 2025/2025/2025 2032/2032/2032 2031/2031/2031
f 2026/2026/2026 2027/2027/2027 2033/2033/2033
f 2026/2026/2026 2033/2033/2033 2032/2032/2032
f 2027/2027/2027 2028/2028/2028 2034/2034/2034
f 2027/2027/2027 2034/2034/2034 2033/2033/2033
f 2028/2028/2028 2029/2029/2029 2035/2035/2035
f 2028/2028/2028 2035/2035/2035 2034/2034/2034
f 2029/2029/2029 2030/2030/2030 2036/2036/2036
f 2029/2029/2029 2036/2036/2036 2035/2035/2035
f 2030/2030/2030 2025/2025/2025 2031/2031/2031
f 2030/2030/2030 2031/2031/2031 2036/2036/2036
f 2031/2031/2031 2032/2032/2032 2038/2038/2038
f 2031/2031/2031 2038/2038/2038 2037/2037/2037
f 2032/2032/2032 2033/2033/2033 2039/2039/2039
f 2032/2032/2032 2039/2039/2039 2038/2038/2038
f 2033/2033/2033 2034/2034/2034 2040/2040/2040
f 2033/2033/2033 2040/2040/2040 2039/2039/2039
f 2034/2034/2034 2035/2035/2035 2041/2041/2041
f 2034/2034/2034 2041/2041/2041 2040/2040/2040
f 2035/2035/2035 2036/2036/2036 2042/2042/2042
f 2035/2035/2035 2042/2042/2042 2041/2041/2041
f 2036/2036/2036 2031/2031/2031 2037/2037/2037
f 2036/2036/2036 2037/2037/2037 2042/2042/2042
f 2037/2037/2037 2038/2038/2038 2044/2044/2044
f 2037/2037/2037 2044/2044/2044 2043/2043/2043
f 2038/2038/2038 2039/2039/2039 2045/2045/2045
f 2038/2038/2038 2045/2045/2045 2044/2044/2044
f 2039/2039/2039 2040/2040/2040 2046/2046/2046
f 2039/2039/2039 2046/2046/2046 2045/2045/2045
f 2040/2040/2040 2041/2041/2041 2047/2047/2047
f 2040/2040/2040 2047/2047/2047 2046/2046/2046
f 2041/2041/2041 2042/2042/2042 2048/2048/2048
f 2041/2041/2041 2048/2048/2048 2047/2047/2047
f 2042/2042/2042 2037/2037/2037 2043/2043/2043
f 2042/2042/2042 2043/2043/2043 2048/2048/2048
f 2043/2043/2043 2044/2044/2044 2050/2050/2050
f 2043/2043/2043 2050/2050/2050 2049/2049/2049
f 2044/2044/2044 2045/2045/2045 2051/2051/2051
f 2044/2044/2044 2051/2051/2051 2050/2050/2050
f 2045/2045/2045 2046/2046/2046 2052/2052/2052
f 2045/2045/2045 2052/2052/2052 2051/2051/2051
f 2046/2046/2046 2047/2047/2047 2053/2053/2053
f 2046/2046/2046 2053/2053/2053 2052/2052/2052
f 2047/2047/2047 2048/2048/2048 2054/2054/2054
f 2047/2047/2047 2054/2054/2054 2053/2053/2053
f 2048/2048/2048 2043/2043/2043 2049/2049/2049
f 2048/2048/2048 2049/2049/2049 2054/2054/2054
f 2049/2049/2049 2050/2050/2050 2056/2056/2056
f 2049/2049/2049 2056/2056/2056 2055/2055/2055
f 2050/2050/2050 2051/2051/2051 2057/2057/2057
f 2050/2050/2050 2057/2057/2057 2056/2056/2056
f 2051/2051/2051 2052/2052/2052 2058/2058/2058
f 2051/2051/2051 2058/2058/2058 2057/2057/2057
f 2052/2052/2052 2053/2053/2053 2059/2059/2059
f 2052/2052/2052 2059/2059/2059 2058/2058/2058
f 2053/2053/2053 2054/2054/2054 2060/2060/2060
f 2053/2053/2053 2060/2060/2060 2059/2059/2059
f 2054/2054/2054 2049/2049/2049 2055/2055/2055
f 2054/2054/2054 2055/2055/2055 2060/2060/2060
f 2055/2055/2055 2056/2056/2056 2062/2062/2062
f 2055/2055/2055 2062/2062/2062 2061/2061/2061
f 2056/2056/2056 2057/2057/2057 2063/2063/2063
f 2056/2056/2056 2063/2063/2063 2062/2062/2062
f 2057/2057/2057 2058/2058/2058 2064/2064/2064
f 2057/2057/2057 2064/2064/2064 2063/2063/2063
f 2058/2058/2058 2059/2059/2059 2065/2065/2065
f 2058/2058/2058 2065/2065/2065 2064/2064/2064
f 2059/2059/2059 2060/2060/2060 2066/2066/2066
f 2059/2059/2059 2066/2066/2066 2065/2065/2065
f 2060/2060/2060 2055/2055/2055 2061/2061/2061
f 2060/2060/2060 2061/2061/2061 2066/2066/2066
f 2061/2061/2061 2062/2062/2062 2068/2068/2068
f 2061/2061/2061 2068/2068/2068 2067/2067/2067
f 2062/2062/2062 2063/2063/2063 2069/2069/2069
f 2062/2062/2062 2069/2069/2069 2068/2068/2068
f 2063/2063/2063 2064/2064/2064 2070/2070/2070
f 2063/2063/2063 2070/2070/2070 2069/2069/2069
f 2064/2064/2064 2065/2065/2065 2071/2071/2071
f 2064/2064/2064 2071/2071/2071 2070/2070/2070
f 2065/2065/2065 2066/2066/2066 2072/2072/2072
f 2065/2065/2065 2072/2072/2072 2071/2071/2071
f 2066/2066/2066 2061/2061/2061 2067/2067/2067
f 2066/2066/2066 2067/2067/2067 2072/2072/2072
f 2067/2067/2067 2068/2068/2068 2074/2074/2074
f 2067/2067/2067 2074/2074/2074 2073/2073/2073
f 2068/2068/2068 2069/2069/2069 2075/2075/2075
f 2068/2068/2068 2075/2075/2075 2074/2074/2074
f 2069/2069/2069 2070/2070/2070 2076/2076/2076
f 2069/2069/2069 2076/2076/2076 2075/2075/2075
f 2070/2070/2070 2071/2071/2071 2077/2077/2077
f 2070/2070/2070 2077/2077/2077 2076/2076/2076
f 2071/2071/2071 2072/2072/2072 2078/2078/2078
f 2071/2071/2071 2078/2078/2078 2077/2077/2077
f 2072/2072/2072 2067/2067/2067 2073/2073/2073
f 2072/2072/2072 2073/2073/2073 2078/2078/2078
f 2073/2073/2073 2074/2074/2074 2080/2080/2080
f 2073/2073/2073 2080/2080/2080 2079/2079/2079
f 2074/2074/2074 2075/2075/2075 2081/2081/2081
f 2074/2074/2074 2081/2081/2081 2080/2080/2080
f 2075/2075/2075 2076/2076/2076 2082/2082/2082
f 2075/2075/2075 2082/2082/2082 2081/2081/2081
f 2076/2076/2076 2077/2077/2077 2083/2083/2083
f 2076/2076/2076 2083/2083/2083 2082/2082/2082
f 2077/2077/2077 2078/2078/2078 2084/2084/2084
f 2077/2077/2077 2084/2084/2084 2083/2083/2083
f 2078/2078/2078 2073/2073/2073 2079/2079/2079
f 2078/2078/2078 2079/2079/2079 2084/2084/2084
f 2079/2079/2079 2080/2080/2080 2086/2086/2086
f 2079/2079/2079 2086/2086/2086 2085/2085/2085
f 2080/2080/2080 2081/2081/2081 2087/2087/2087
f 2080/2080/2080 2087/2087/2087 2086/2086/2086
f 2081/2081/2081 2082/2082/2082 2088/2088/2088
f 2081/2081/2081 2088/2088/2088 2087/2087/2087
f 2082/2082/2082 2083/2083/2083 2089/2089/2089
f 2082/2082/2082 2089/2089/2089 2088/2088/2088
f 2083/2083/2083 2084/2084/2084 2090/2090/2090
f 2083/2083/2083 2090/2090/2090 2089/2089/2089
f 2084/2084/2084 2079/2079/2079 2085/2085/2085
f 2084/2084/2084 2085/2085/2085 2090/2090/2090
f 2085/2085/2085 2086/2086/2086 2092/2092/2092
f 2085/2085/2085 2092/2092/2092 2091/2091/2091
f 2086/2086/2086 2087/2087/2087 2093/2093/2093
f 2086/2086/2086 2093/2093/2093 2092/2092/2092
f 2087/2087/2087 2088/2088/2088 2094/2094/2094
f 2087/2087/2087 2094/2094/2094 2093/2093/2093
f 2088/2088/2088 2089/2089/2089 2095/2095/2095
f 2088/2088/2088 2095/2095/2095 2094/2094/2094
f 2089/2089/2089 2090/2090/2090 2096/2096/2096
f 2089/2089/2089 2096/2096/2096 2095/2095/2095
f 2090/2090/2090 2085/2085/2085 2091/2091/2091
f 2090/2090/2090 2091/2091/2091 2096/2096/2096
f 2091/2091/2091 2092/2092/2092 2098/2098/2098
f 2091/2091/2091 2098/2098/2098 2097/2097/2097
f 2092/2092/2092 2093/2093/2093 2099/2099/2099
f 2092/2092/2092 2099/2099/2099 2098/2098/2098
f 2093/2093/2093 2094/2094/2094 2100/2100/2100
f 2093/2093/2093 2100/2100/2100 2099/2099/2099
f 2094/2094/2094 2095/2095/2095 2101/2101/2101
f 2094/2094/2094 2101/2101/2101 2100/2100/2100
f 2095/2095/2095 2096/2096/2096 2102/2102/2102
f 2095/2095/2095 2102/2102/2102 2101/2101/2101
f 2096/2096/2096 2091/2091/2091 2097/2097/2097
f 2096/2096/2096 2097/2097/2097 2102/2102/2102
f 2097/2097/2097 2098/2098/2098 2104/2104/2104
f 2097/2097/2097 2104/2104/2104 2103/2103/2103
f 2098/2098/2098 2099/2099/2099 2105/2105/2105
f 2098/2098/2098 2105/2105/2105 2104/2104/2104
f 2099/2099/2099 2100/2100/2100 2106/2106/2106
f 2099/2099/2099 2106/2106/2106 2105/2105/2105
f 2100/2100/2100 2101/2101/2101 2107/2107/2107
f 2100/2100/2100 2107/2107/2107 2106/2106/2106
f 2101/2101/2101 2102/2102/2102 2108/2108/2108
f 2101/2101/2101 2108/2108/2108 2107/2107/2107
f 2102/2102/2102 2097/2097/2097 2103/2103/2103
f 2102/2102/2102 2103/2103/2103 2108/2108/2108
f 2103/2103/2103 2104/2104/2104 2110/2110/2110
f 2103/2103/2103 2110/2110/2110 2109/2109/2109
f 2104/2104/2104 2105/2105/2105 2111/2111/2111
f 2104/2104/2104 2111/2111/2111 2110/2110/2110
f 2105/2105/2105 2106/2106/2106 2112/2112/2112
f 2105/2105/2105 2112/2112/2112 2111/2111/2111
f 2106/2106/2106 2107/2107/2107 2113/2113/2113
f 2106/2106/2106 2113/2113/2113 2112/2112/2112
f 2107/2107/2107 2108/2108/2108 2114/2114/2114
f 2107/2107/2107 2114/2114/2114 2113/2113/2113
f 2108/2108/2108 2103/2103/2103 2109/2109/2109
f 2108/2108/2108 2109/2109/2109 2114/2114/2114
f 2109/2109/2109 2110/2110/2110 2116/2116/2116
f 2109/2109/2109 2116/2116/2116 2115/2115/2115
f 2110/2110/2110 2111/2111/2111 2117/2117/2117
f 2110/2110/2110 2117/2117/2117 2116/2116/2116
f 2111/2111/2111 2112/2112/2112 2118/2118/2118
f 2111/2111/2111 2118/2118/2118 2117/2117/2117
f 2112/2112/2112 2113/2113/2113 2119/2119/2119
f 2112/2112/2112 2119/2119/2119 2118/2118/2118
f 2113/2113/2113 2114/2114/2114 2120/2120/2120
f 2113/2113/2113 2120/2120/2120 2119/2119/2119
f 2114/2114/2114 2109/2109/2109 2115/2115/2115
f 2114/2114/2114 2115/2115/2115 2120/2120/2120
f 2115/2115/2115 2116/2116/2116 2122/2122/2122
f 2115/2115/2115 2122/2122/2122 2121/2121/2121
f 2116/2116/2116 2117/2117/2117 2123/2123/2123
f 2116/2116/2116 2123/2123/2123 2122/2122/2122
f 2117/2117/2117 2118/2118/2118 2124/2124/2124
f 2117/2117/2117 2124/2124/2124 2123/2123/2123
f 2118/2118/2118 2119/2119/2119 2125/2125/2125
f 2118/2118/2118 2125/2125/2125 2124/2124/2124
f 2119/2119/2119 2120/2120/2120 2126/2126/2126
f 2119/2119/2119 2126/2126/2126 2125/2125/2125
f 2120/2120/2120 2115/2115/2115 2121/2121/2121
f 2120/2120/2120 2121/2121/2121 2126/2126/2126
f 2121/2121/2121 2122/2122/2122 2128/2128/2128
f 2121/2121/2121 2128/2128/2128 2127/2127/2127
f 2122/2122/2122 2123/2123/2123 2129/2129/2129
f 2122/2122/2122 2129/2129/2129 2128/2128/2128
f 2123/2123/2123 2124/2124/2124 2130/2130/2130
f 2123/2123/2123 2130/2130/2130 2129/2129/2129
f 2124/2124/2124 2125/2125/2125 2131/2131/2131
f 2124/2124/2124 2131/2131/2131 2130/2130/2130
f 2125/2125/2125 2126/2126/2126 2132/2132/2132
f 2125/2125/2125 2132/2132/2132 2131/2131/2131
f 2126/2126/2126 2121/2121/2121 2127/2127/2127
f 2126/2126/2126 2127/2127/2127 2132/2132/2132
f 2127/2127/2127 2128/2128/2128 2134/2134/2134
f 2127/2127/2127 2134/2134/2134 2133/2133/2133
f 2128/2128/2128 2129/2129/2129 2135/2135/2135
f 2128/2128/2128 2135/2135/2135 2134/2134/2134
f 2129/2129/2129 2130/2130/2130 2136/2136/2136
f 2129/2129/2129 2136/2136/2136 2135/2135/2135
f 2130/2130/2130 2131/2131/2131 2137/2137/2137
f 2130/2130/2130 2137/2137/2137 2136/2136/2136
f 2131/2131/2131 2132/2132/2132 2138/2138/2138
f 2131/2131/2131 2138/2138/2138 2137/2137/2137
f 2132/2132/2132 2127/2127/2127 2133/2133/2133
f 2132/2132/2132 2133/2133/2133 2138/2138/2138
f 2133/2133/2133 2134/2134/2134 2140/2140/2140
f 2133/2133/2133 2140/2140/2140 2139/2139/2139
f 2134/2134/2134 2135/2135/2135 2141/2141/2141
f 2134/2134/2134 2141/2141/2141 2140/2140/2140
f 2135/2135/2135 2136/2136/2136 2142/2142/2142
f 2135/2135/2135 2142/2142/2142 2141/2141/2141
f 2136/2136/2136 2137/2137/2137 2143/2143/2143
f 2136/2136/2136 2143/2143/2143 2142/2142/2142
f 2137/2137/2137 2138/2138/2138 2144/2144/2144
f 2137/2137/2137 2144/2144/2144 2143/2143/2143
f 2138/2138/2138 2133/2133/2133 2139/2139/2139
f 2138/2138/2138 2139/2139/2139 2144/2144/2144
f 2139/2139/2139 2140/2140/2140 2146/2146/2146
f 2139/2139/2139 2146/2146/2146 2145/2145/2145
f 2140/2140/2140 2141/2141/2141 2147/2147/2147
f 2140/2140/2140 2147/2147/2147 2146/2146/2146
f 2141/2141/2141 2142/2142/2142 2148/2148/2148
f 2141/2141/2141 2148/2148/2148 2147/2147/2147
f 2142/2142/2142 2143/2143/2143 2149/2149/2149
f 2142/2142/2142 2149/2149/2149 2148/2148/2148
f 2143/2143/2143 2144/2144/2144 2150/2150/2150
f 2143/2143/2143 2150/2150/2150 2149/2149/2149
f 2144/2144/2144 2139/2139/2139 2145/2145/2145
f 2144/2144/2144 2145/2145/2145 2150/2150/2150
f 2145/2145/2145 2146/2146/2146 2152/2152/2152
f 2145/2145/2145 2152/2152/2152 2151/2151/2151
f 2146/2146/2146 2147/2147/2147 2153/2153/2153
f 2146/2146/2146 2153/2153/2153 2152/2152/2152
f 2147/2147/2147 2148/2148/2148 2154/2154/2154
f 2147/2147/2147 2154/2154/2154 2153/2153/2153
f 2148/2148/2148 2149/2149/2149 2155/2155/2155
f 2148/2148/2148 2155/2155/2155 2154/2154/2154
f 2149/2149/2149 2150/2150/2150 2156/2156/2156
f 2149/2149/2149 2156/2156/2156 2155/2155/2155
f 2150/2150/2150 2145/2145/2145 2151/2151/2151
f 2150/2150/2150 2151/2151/2151 2156/2156/2156
f 2151/2151/2151 2152/2152/2152 2158/2158/2158
f 2151/2151/2151 2158/2158/2158 2157/2157/2157
f 2152/2152/2152 2153/2153/2153 2159/2159/2159
f 2152/2152/2152 2159/2159/2159 2158/2158/2158
f 2153/2153/2153 2154/2154/2154 2160/2160/2160
f 2153/2153/2153 2160/2160/2160 2159/2159/2159
f 2154/2154/2154 2155/2155/2155 2161/2161/2161
f 2154/2154/2154 2161/2161/2161 2160/2160/2160
f 2155/2155/2155 2156/2156/2156 2162/2162/2162
f 2155/2155/2155 2162/2162/2162 2161/2161/2161
f 2156/2156/2156 2151/2151/2151 2157/2157/2157
f 2156/2156/2156 2157/2157/2157 2162/2162/2162
f 2157/2157/2157 2158/2158/2158 2164/2164/2164
f 2157/2157/2157 2164/2164/2164 2163/2163/2163
f 2158/2158/2158 2159/2159/2159 2165/2165/2165
f 2158/2158/2158 2165/2165/2165 2164/2164/2164
f 2159/2159/2159 2160/2160/2160 2166/2166/2166
f 2159/2159/2159 2166/2166/2166 2165/2165/2165
f 2160/2160/2160 2161/2161/2161 2167/2167/2167
f 2160/2160/2160 2167/2167/2167 2166/2166/2166
f 2161/2161/2161 2162/2162/2162 2168/2168/2168
f 2161/2161/2161 2168/2168/2168 2167/2167/2167
f 2162/2162/2162 2157/2157/2157 2163/2163/2163
f 2162/2162/2162 2163/2163/2163 2168/2168/2168
f 2163/2163/2163 2164/2164/2164 2170/2170/2170
f 2163/2163/2163 2170/2170/2170 2169/2169/2169
f 2164/2164/2164 2165/2165/2165 2171/2171/2171
f 2164/2164/2164 2171/2171/2171 2170/2170/2170
f 2165/2165/2165 2166/2166/2166 2172/2172/2172
f 2165/2165/2165 2172/2172/2172 2171/2171/2171
f 2166/2166/2166 2167/2167/2167 2173/2173/2173
f 2166/2166/2166 2173/2173/2173 2172/2172/2172
f 2167/2167/2167 2168/2168/2168 2174/2174/2174
f 2167/2167/2167 2174/2174/2174 2173/2173/2173
f 2168/2168/2168 2163/2163/2163 2169/2169/2169
f 2168/2168/2168 2169/2169/2169 2174/2174/2174
f 2169/2169/2169 2170/2170/2170 2176/2176/2176
f 2169/2169/2169 2176/2176/2176 2175/2175/2175
f 2170/2170/2170 2171/2171/2171 2177/2177/2177
f 2170/2170/2170 2177/2177/2177 2176/2176/2176
f 2171/2171/2171 2172/2172/2172 2178/2178/2178
f 2171/2171/2171 2178/2178/2178 2177/2177/2177
f 2172/2172/2172 2173/2173/2173 2179/2179/2179
f 2172/2172/2172 2179/2179/2179 2178/2178/2178
f 2173/2173/2173 2174/2174/2174 2180/2180/2180
f 2173/2173/2173 2180/2180/2180 2179/2179/2179
f 2174/2174/2174 2169/2169/2169 2175/2175/2175
f 2174/2174/2174 2175/2175/2175 2180/2180/2180
f 2175/2175/2175 2176/2176/2176 2182/2182/2182
f 2175/2175/2175 2182/2182/2182 2181/2181/2181
f 2176/2176/2176 2177/2177/2177 2183/2183/2183
f 2176/2176/2176 2183/2183/2183 2182/2182/2182
f 2177/2177/2177 2178/2178/2178 2184/2184/2184
f 2177/2177/2177 2184/2184/2184 2183/2183/2183
f 2178/2178/2178 2179/2179/2179 2185/2185/2185
f 2178/2178/2178 2185/2185/2185 2184/2184/2184
f 2179/2179/2179 2180/2180/2180 2186/2186/2186
f 2179/2179/2179 2186/2186/2186 2185/2185/2185
f 2180/2180/2180 2175/2175/2175 2181/2181/2181
f 2180/2180/2180 2181/2181/2181 2186/2186/2186
f 2181/2181/2181 2182/2182/2182 2188/2188/2188
f 2181/2181/2181 2188/2188/2188 2187/2187/2187
f 2182/2182/2182 2183/2183/2183 2189/2189/2189
f 2182/2182/2182 2189/2189/2189 2188/2188/2188
f 2183/2183/2183 2184/2184/2184 2190/2190/2190
f 2183/2183/2183 2190/2190/2190 2189/2189/2189
f 2184/2184/2184 2185/2185/2185 2191/2191/2191
f 2184/2184/2184 2191/2191/2191 2190/2190/2190
f 2185/2185/2185 2186/2186/2186 2192/2192/2192
f 2185/2185/2185 2192/2192/2192 2191/2191/2191
f 2186/2186/2186 2181/2181/2181 2187/2187/2187
f 2186/2186/2186 2187/2187/2187 2192/2192/2192
f 2187/2187/2187 2188/2188/2188 2194/2194/2194
f 2187/2187/2187 2194/2194/2194 2193/2193/2193
f 2188/2188/2188 2189/2189/2189 2195/2195/2195
f 2188/2188/2188 2195/2195/2195 2194/2194/2194
f 2189/2189/2189 2190/2190/2190 2196/2196/2196
f 2189/2189/2189 2196/2196/2196 2195/2195/2195
f 2190/2190/2190 2191/2191/2191 2197/2197/2197
f 2190/2190/2190 2197/2197/2197 2196/2196/2196
f 2191/2191/2191 2192/2192/2192 2198/2198/2198
f 2191/2191/2191 2198/2198/2198 2197/2197/2197
f 2192/2192/2192 2187/2187/2187 2193/2193/2193
f 2192/2192/2192 2193/2193/2193 2198/2198/2198
f 2001/2001/2001 2003/2003/2003 2002/2002/2002
f 2193/2193/2193 2194/2194/2194 2195/2195/2195
f 2001/2001/2001 2004/2004/2004 2003/2003/2003
f 2193/2193/2193 2195/2195/2195 2196/2196/2196
f 2001/2001/2001 2005/2005/2005 2004/2004/2004
f 2193/2193/2193 2196/2196/2196 2197/2197/2197
f 2001/2001/2001 2006/2006/2006 2005/2005/2005
f 2193/2193/2193 2197/2197/2197 2198/2198/2198
